t_seconds,phase,depth,rss_mb,batch_id
0.0004,data_load,1,103.281,
0.1003,data_load,1,109.625,
0.1007,batch_build,1,109.625,
0.1312,batch_build,1,110.371,
0.1372,preflight,1,110.371,
0.5259,preflight,1,128.602,
0.5575,preflight.pyqubo_express,2,129.891,
0.6229,preflight.pyqubo_express,2,130.406,
0.6231,preflight.pyqubo_compile,2,130.406,
0.6700,preflight.pyqubo_compile,2,187.789,
0.6776,preflight.to_qubo,2,187.789,
0.7258,preflight.to_qubo,2,198.016,
0.7626,preflight,1,194.688,
0.8606,solve,1,195.406,
1.0516,solve,1,195.406,
1.2970,solve.pyqubo_express,2,196.438,
1.3785,solve.pyqubo_express,2,196.695,
1.3788,solve.pyqubo_compile,2,196.695,
1.4285,solve.pyqubo_compile,2,254.336,
1.4373,solve.to_qubo,2,254.336,
1.4857,solve.to_qubo,2,261.812,
1.4876,solve,1,261.812,
1.4892,solve,1,261.812,
1.4903,solve.va_model_build,2,261.812,
2.2026,solve.va_model_build,2,262.844,
2.2140,solve.va_model_build,2,326.008,
2.2142,solve.va_sample,2,326.008,
2.7029,solve.va_sample,2,326.523,
3.2032,solve.va_sample,2,326.523,
3.7035,solve.va_sample,2,326.523,
4.2037,solve.va_sample,2,326.523,
4.7040,solve.va_sample,2,326.523,
5.2042,solve.va_sample,2,326.523,
5.7045,solve.va_sample,2,326.523,
6.2047,solve.va_sample,2,326.523,
6.7050,solve.va_sample,2,326.523,
7.2052,solve.va_sample,2,326.523,
7.7054,solve.va_sample,2,326.523,
8.2057,solve.va_sample,2,326.523,
8.7059,solve.va_sample,2,326.523,
9.2062,solve.va_sample,2,326.523,
9.7064,solve.va_sample,2,326.523,
10.2067,solve.va_sample,2,326.523,
10.7069,solve.va_sample,2,326.523,
11.2072,solve.va_sample,2,326.523,
11.7074,solve.va_sample,2,326.523,
12.2076,solve.va_sample,2,326.523,
12.7079,solve.va_sample,2,326.523,
13.2082,solve.va_sample,2,326.523,
13.7084,solve.va_sample,2,326.523,
14.2087,solve.va_sample,2,326.523,
14.7089,solve.va_sample,2,326.523,
15.2092,solve.va_sample,2,326.523,
15.7094,solve.va_sample,2,326.523,
16.2097,solve.va_sample,2,326.523,
16.7099,solve.va_sample,2,326.523,
17.2102,solve.va_sample,2,326.523,
17.7104,solve.va_sample,2,326.523,
18.2107,solve.va_sample,2,326.523,
18.7109,solve.va_sample,2,326.523,
19.2112,solve.va_sample,2,326.523,
19.7114,solve.va_sample,2,326.523,
20.2116,solve.va_sample,2,326.523,
20.7119,solve.va_sample,2,326.523,
21.2121,solve.va_sample,2,326.523,
21.7124,solve.va_sample,2,326.523,
22.2126,solve.va_sample,2,326.523,
22.7128,solve.va_sample,2,326.523,
23.2131,solve.va_sample,2,326.523,
23.7134,solve.va_sample,2,326.523,
24.2136,solve.va_sample,2,326.523,
24.7139,solve.va_sample,2,326.523,
25.2141,solve.va_sample,2,326.523,
25.7144,solve.va_sample,2,326.523,
26.2146,solve.va_sample,2,326.523,
26.7148,solve.va_sample,2,326.523,
27.2151,solve.va_sample,2,326.523,
27.7153,solve.va_sample,2,326.523,
28.2156,solve.va_sample,2,326.523,
28.7159,solve.va_sample,2,326.523,
29.2161,solve.va_sample,2,326.523,
29.7164,solve.va_sample,2,326.523,
30.2166,solve.va_sample,2,326.523,
30.7169,solve.va_sample,2,326.523,
31.2171,solve.va_sample,2,326.523,
31.7174,solve.va_sample,2,326.523,
32.2177,solve.va_sample,2,326.523,
32.7179,solve.va_sample,2,326.523,
33.2182,solve.va_sample,2,326.523,
33.7185,solve.va_sample,2,326.523,
34.2187,solve.va_sample,2,326.523,
34.7190,solve.va_sample,2,326.523,
35.2192,solve.va_sample,2,326.523,
35.7195,solve.va_sample,2,326.523,
36.2197,solve.va_sample,2,326.523,
36.7200,solve.va_sample,2,326.523,
37.2202,solve.va_sample,2,326.523,
37.7204,solve.va_sample,2,326.523,
38.2207,solve.va_sample,2,326.523,
38.7209,solve.va_sample,2,326.523,
39.2212,solve.va_sample,2,326.523,
39.7214,solve.va_sample,2,326.523,
40.2217,solve.va_sample,2,326.523,
40.7219,solve.va_sample,2,326.523,
41.2222,solve.va_sample,2,326.523,
41.7224,solve.va_sample,2,326.523,
42.2227,solve.va_sample,2,326.523,
42.7229,solve.va_sample,2,326.523,
43.2232,solve.va_sample,2,326.523,
43.7234,solve.va_sample,2,326.523,
44.2237,solve.va_sample,2,326.523,
44.7239,solve.va_sample,2,326.523,
45.2242,solve.va_sample,2,326.523,
45.7244,solve.va_sample,2,326.523,
46.2247,solve.va_sample,2,326.523,
46.7249,solve.va_sample,2,326.523,
47.2252,solve.va_sample,2,326.523,
47.7255,solve.va_sample,2,326.523,
48.2257,solve.va_sample,2,326.523,
48.7260,solve.va_sample,2,326.523,
49.2262,solve.va_sample,2,326.523,
49.7264,solve.va_sample,2,326.523,
50.2267,solve.va_sample,2,326.523,
50.7269,solve.va_sample,2,326.523,
51.2272,solve.va_sample,2,326.523,
51.7274,solve.va_sample,2,326.523,
52.2277,solve.va_sample,2,326.523,
52.7280,solve.va_sample,2,326.523,
53.2282,solve.va_sample,2,326.523,
53.7285,solve.va_sample,2,326.523,
54.2287,solve.va_sample,2,326.523,
54.7290,solve.va_sample,2,326.523,
55.2292,solve.va_sample,2,326.523,
55.7295,solve.va_sample,2,326.523,
56.2297,solve.va_sample,2,326.523,
56.7300,solve.va_sample,2,326.523,
57.2302,solve.va_sample,2,326.523,
57.7305,solve.va_sample,2,326.523,
58.2307,solve.va_sample,2,326.523,
58.7309,solve.va_sample,2,326.523,
59.2312,solve.va_sample,2,326.523,
59.7315,solve.va_sample,2,326.523,
60.2317,solve.va_sample,2,326.523,
60.7320,solve.va_sample,2,326.523,
61.2322,solve.va_sample,2,326.523,
61.7325,solve.va_sample,2,326.523,
62.2327,solve.va_sample,2,326.523,
62.7330,solve.va_sample,2,326.523,
63.2333,solve.va_sample,2,326.523,
63.7336,solve.va_sample,2,326.523,
64.2338,solve.va_sample,2,326.523,
64.7341,solve.va_sample,2,326.523,
65.2343,solve.va_sample,2,326.523,
65.7346,solve.va_sample,2,326.523,
66.2348,solve.va_sample,2,326.523,
66.7351,solve.va_sample,2,326.523,
67.2353,solve.va_sample,2,326.523,
67.7356,solve.va_sample,2,326.523,
68.2358,solve.va_sample,2,326.523,
68.7361,solve.va_sample,2,326.523,
69.2363,solve.va_sample,2,326.523,
69.7366,solve.va_sample,2,326.523,
70.2368,solve.va_sample,2,326.523,
70.7371,solve.va_sample,2,326.523,
71.2373,solve.va_sample,2,326.523,
71.7376,solve.va_sample,2,326.523,
72.2378,solve.va_sample,2,326.523,
72.7381,solve.va_sample,2,326.523,
73.2384,solve.va_sample,2,326.523,
73.7386,solve.va_sample,2,326.523,
74.2389,solve.va_sample,2,326.523,
74.7391,solve.va_sample,2,326.523,
75.2394,solve.va_sample,2,326.523,
75.7396,solve.va_sample,2,326.523,
76.2399,solve.va_sample,2,326.523,
76.7401,solve.va_sample,2,326.523,
77.2404,solve.va_sample,2,326.523,
77.7406,solve.va_sample,2,326.523,
78.2408,solve.va_sample,2,326.523,
78.7411,solve.va_sample,2,326.523,
79.2413,solve.va_sample,2,326.523,
79.7416,solve.va_sample,2,326.523,
80.2418,solve.va_sample,2,326.523,
80.7421,solve.va_sample,2,326.523,
81.2423,solve.va_sample,2,326.523,
81.7426,solve.va_sample,2,326.523,
82.2428,solve.va_sample,2,326.523,
82.7431,solve.va_sample,2,326.523,
83.2434,solve.va_sample,2,326.523,
83.7436,solve.va_sample,2,326.523,
84.2439,solve.va_sample,2,326.523,
84.7441,solve.va_sample,2,326.523,
85.2444,solve.va_sample,2,326.523,
85.7446,solve.va_sample,2,326.523,
86.2449,solve.va_sample,2,326.523,
86.7451,solve.va_sample,2,326.523,
87.2454,solve.va_sample,2,326.523,
87.7456,solve.va_sample,2,326.523,
88.2459,solve.va_sample,2,326.523,
88.7461,solve.va_sample,2,326.523,
89.2464,solve.va_sample,2,326.523,
89.7466,solve.va_sample,2,326.523,
90.2469,solve.va_sample,2,326.523,
90.7471,solve.va_sample,2,326.523,
91.2473,solve.va_sample,2,326.523,
91.7476,solve.va_sample,2,326.523,
92.2478,solve.va_sample,2,326.523,
92.7481,solve.va_sample,2,326.523,
93.2484,solve.va_sample,2,326.523,
93.7486,solve.va_sample,2,326.523,
94.2489,solve.va_sample,2,326.523,
94.7491,solve.va_sample,2,326.523,
95.2494,solve.va_sample,2,326.523,
95.7496,solve.va_sample,2,326.523,
96.2499,solve.va_sample,2,326.523,
96.7501,solve.va_sample,2,326.523,
97.2503,solve.va_sample,2,326.523,
97.7505,solve.va_sample,2,326.523,
98.2508,solve.va_sample,2,326.523,
98.7510,solve.va_sample,2,326.523,
99.2513,solve.va_sample,2,326.523,
99.7515,solve.va_sample,2,326.523,
100.2517,solve.va_sample,2,326.523,
100.7520,solve.va_sample,2,326.523,
101.2522,solve.va_sample,2,326.523,
101.7524,solve.va_sample,2,326.523,
102.2527,solve.va_sample,2,326.523,
102.7529,solve.va_sample,2,326.523,
103.2532,solve.va_sample,2,326.523,
103.7535,solve.va_sample,2,326.523,
104.2537,solve.va_sample,2,326.523,
104.7540,solve.va_sample,2,326.523,
105.2542,solve.va_sample,2,326.523,
105.7545,solve.va_sample,2,326.523,
106.2547,solve.va_sample,2,326.523,
106.7550,solve.va_sample,2,326.523,
107.2552,solve.va_sample,2,326.523,
107.7554,solve.va_sample,2,326.523,
108.2557,solve.va_sample,2,326.523,
108.7559,solve.va_sample,2,326.523,
109.2561,solve.va_sample,2,326.523,
109.7564,solve.va_sample,2,326.523,
110.2566,solve.va_sample,2,326.523,
110.7569,solve.va_sample,2,326.523,
111.2571,solve.va_sample,2,326.523,
111.7573,solve.va_sample,2,326.523,
112.2576,solve.va_sample,2,326.523,
112.7578,solve.va_sample,2,326.523,
113.2581,solve.va_sample,2,326.523,
113.7583,solve.va_sample,2,326.523,
114.2586,solve.va_sample,2,326.523,
114.7588,solve.va_sample,2,326.523,
115.2591,solve.va_sample,2,326.523,
115.7593,solve.va_sample,2,326.523,
116.2596,solve.va_sample,2,326.523,
116.7598,solve.va_sample,2,326.523,
117.2601,solve.va_sample,2,326.523,
117.7603,solve.va_sample,2,326.523,
118.2606,solve.va_sample,2,326.523,
118.7608,solve.va_sample,2,326.523,
119.2610,solve.va_sample,2,326.523,
119.7613,solve.va_sample,2,326.523,
120.2615,solve.va_sample,2,326.523,
120.7618,solve.va_sample,2,326.523,
121.2620,solve.va_sample,2,326.523,
121.7622,solve.va_sample,2,326.523,
122.2625,solve.va_sample,2,326.523,
122.7627,solve.va_sample,2,326.523,
123.2630,solve.va_sample,2,326.523,
123.7633,solve.va_sample,2,326.523,
124.2635,solve.va_sample,2,326.523,
124.7638,solve.va_sample,2,326.523,
125.2640,solve.va_sample,2,326.523,
125.7643,solve.va_sample,2,326.523,
126.2645,solve.va_sample,2,326.523,
126.7648,solve.va_sample,2,326.523,
127.2650,solve.va_sample,2,326.523,
127.7653,solve.va_sample,2,326.523,
128.2655,solve.va_sample,2,326.523,
128.7658,solve.va_sample,2,326.523,
129.2660,solve.va_sample,2,326.523,
129.7663,solve.va_sample,2,326.523,
130.2665,solve.va_sample,2,326.523,
130.7668,solve.va_sample,2,326.523,
131.2670,solve.va_sample,2,326.523,
131.7673,solve.va_sample,2,326.523,
132.2676,solve.va_sample,2,326.523,
132.7679,solve.va_sample,2,326.523,
133.2682,solve.va_sample,2,326.523,
133.7684,solve.va_sample,2,326.523,
134.2687,solve.va_sample,2,326.523,
134.7689,solve.va_sample,2,326.523,
135.2692,solve.va_sample,2,326.523,
135.7694,solve.va_sample,2,326.523,
136.2697,solve.va_sample,2,326.523,
136.7699,solve.va_sample,2,326.523,
137.2701,solve.va_sample,2,326.523,
137.7704,solve.va_sample,2,326.523,
138.2706,solve.va_sample,2,326.523,
138.7709,solve.va_sample,2,326.523,
139.2711,solve.va_sample,2,326.523,
139.7713,solve.va_sample,2,326.523,
140.2716,solve.va_sample,2,326.523,
140.7718,solve.va_sample,2,326.523,
141.2720,solve.va_sample,2,326.523,
141.7723,solve.va_sample,2,326.523,
142.2725,solve.va_sample,2,326.523,
142.7727,solve.va_sample,2,326.523,
143.2730,solve.va_sample,2,326.523,
143.7733,solve.va_sample,2,326.523,
144.2735,solve.va_sample,2,326.523,
144.7738,solve.va_sample,2,326.523,
145.2740,solve.va_sample,2,326.523,
145.7743,solve.va_sample,2,326.523,
146.2745,solve.va_sample,2,326.523,
146.7748,solve.va_sample,2,326.523,
147.2750,solve.va_sample,2,326.523,
147.7753,solve.va_sample,2,326.523,
148.2755,solve.va_sample,2,326.523,
148.7757,solve.va_sample,2,326.523,
149.2760,solve.va_sample,2,326.523,
149.7762,solve.va_sample,2,326.523,
150.2765,solve.va_sample,2,326.523,
150.7767,solve.va_sample,2,326.523,
151.2769,solve.va_sample,2,326.523,
151.7772,solve.va_sample,2,326.523,
152.2774,solve.va_sample,2,326.523,
152.7777,solve.va_sample,2,326.523,
153.2780,solve.va_sample,2,326.523,
153.7782,solve.va_sample,2,326.523,
154.2785,solve.va_sample,2,326.523,
154.7787,solve.va_sample,2,326.523,
155.2790,solve.va_sample,2,326.523,
155.7793,solve.va_sample,2,326.523,
156.2795,solve.va_sample,2,326.523,
156.7798,solve.va_sample,2,326.523,
157.2801,solve.va_sample,2,326.523,
157.7803,solve.va_sample,2,326.523,
158.2806,solve.va_sample,2,326.523,
158.7809,solve.va_sample,2,326.523,
159.2811,solve.va_sample,2,326.523,
159.7814,solve.va_sample,2,326.523,
160.2817,solve.va_sample,2,326.523,
160.7819,solve.va_sample,2,326.523,
161.2822,solve.va_sample,2,326.523,
161.7824,solve.va_sample,2,326.523,
162.2827,solve.va_sample,2,326.523,
162.7829,solve.va_sample,2,326.523,
163.2832,solve.va_sample,2,326.523,
163.7835,solve.va_sample,2,326.523,
164.2837,solve.va_sample,2,326.523,
164.7840,solve.va_sample,2,326.523,
165.2843,solve.va_sample,2,326.523,
165.7846,solve.va_sample,2,326.523,
166.2848,solve.va_sample,2,326.523,
166.7851,solve.va_sample,2,326.523,
167.2853,solve.va_sample,2,326.523,
167.7856,solve.va_sample,2,326.523,
168.2859,solve.va_sample,2,326.523,
168.7861,solve.va_sample,2,326.523,
169.2864,solve.va_sample,2,326.523,
169.7867,solve.va_sample,2,326.523,
170.2869,solve.va_sample,2,326.523,
170.7872,solve.va_sample,2,326.523,
171.2874,solve.va_sample,2,326.523,
171.7877,solve.va_sample,2,326.523,
172.2879,solve.va_sample,2,326.523,
172.7882,solve.va_sample,2,326.523,
173.2885,solve.va_sample,2,326.523,
173.7887,solve.va_sample,2,326.523,
174.2890,solve.va_sample,2,326.523,
174.7893,solve.va_sample,2,326.523,
175.2895,solve.va_sample,2,326.523,
175.7898,solve.va_sample,2,326.523,
176.2900,solve.va_sample,2,326.523,
176.7903,solve.va_sample,2,326.523,
177.2905,solve.va_sample,2,326.523,
177.7907,solve.va_sample,2,326.523,
178.2910,solve.va_sample,2,326.523,
178.7912,solve.va_sample,2,326.523,
179.2914,solve.va_sample,2,326.523,
179.7917,solve.va_sample,2,326.523,
180.2919,solve.va_sample,2,326.523,
180.7922,solve.va_sample,2,326.523,
181.2924,solve.va_sample,2,326.523,
181.7927,solve.va_sample,2,326.523,
182.2929,solve.va_sample,2,326.523,
182.7932,solve.va_sample,2,326.523,
183.2935,solve.va_sample,2,326.523,
183.7937,solve.va_sample,2,326.523,
184.2940,solve.va_sample,2,326.523,
184.7942,solve.va_sample,2,326.523,
185.2945,solve.va_sample,2,326.523,
185.7947,solve.va_sample,2,326.523,
186.2950,solve.va_sample,2,326.523,
186.7952,solve.va_sample,2,326.523,
187.2955,solve.va_sample,2,326.523,
187.7957,solve.va_sample,2,326.523,
188.2960,solve.va_sample,2,326.523,
188.7962,solve.va_sample,2,326.523,
189.2965,solve.va_sample,2,326.523,
189.7968,solve.va_sample,2,326.523,
190.2970,solve.va_sample,2,326.523,
190.7973,solve.va_sample,2,326.523,
191.2975,solve.va_sample,2,326.523,
191.7977,solve.va_sample,2,326.523,
192.2980,solve.va_sample,2,326.523,
192.7983,solve.va_sample,2,326.523,
193.2985,solve.va_sample,2,326.523,
193.7988,solve.va_sample,2,326.523,
194.2991,solve.va_sample,2,326.523,
194.7993,solve.va_sample,2,326.523,
195.2995,solve.va_sample,2,326.523,
195.7998,solve.va_sample,2,326.523,
196.3000,solve.va_sample,2,326.523,
196.8003,solve.va_sample,2,326.523,
197.3006,solve.va_sample,2,326.523,
197.8008,solve.va_sample,2,326.523,
198.3011,solve.va_sample,2,326.523,
198.8013,solve.va_sample,2,326.523,
199.3016,solve.va_sample,2,326.523,
199.8019,solve.va_sample,2,326.523,
200.3021,solve.va_sample,2,326.523,
200.8024,solve.va_sample,2,326.523,
201.3027,solve.va_sample,2,326.523,
201.8029,solve.va_sample,2,326.523,
202.3032,solve.va_sample,2,326.523,
202.8034,solve.va_sample,2,326.523,
203.3037,solve.va_sample,2,326.523,
203.8040,solve.va_sample,2,326.523,
204.3043,solve.va_sample,2,326.523,
204.8045,solve.va_sample,2,326.523,
205.3047,solve.va_sample,2,326.523,
205.8050,solve.va_sample,2,326.523,
206.3052,solve.va_sample,2,326.523,
206.8055,solve.va_sample,2,326.523,
207.3057,solve.va_sample,2,326.523,
207.8060,solve.va_sample,2,326.523,
208.3062,solve.va_sample,2,326.523,
208.8065,solve.va_sample,2,326.523,
209.3067,solve.va_sample,2,326.523,
209.8070,solve.va_sample,2,326.523,
210.3072,solve.va_sample,2,326.523,
210.8075,solve.va_sample,2,326.523,
211.3077,solve.va_sample,2,326.523,
211.8080,solve.va_sample,2,326.523,
212.3082,solve.va_sample,2,326.523,
212.8085,solve.va_sample,2,326.523,
213.3088,solve.va_sample,2,326.523,
213.8090,solve.va_sample,2,326.523,
214.3093,solve.va_sample,2,326.523,
214.8095,solve.va_sample,2,326.523,
215.3098,solve.va_sample,2,326.523,
215.8100,solve.va_sample,2,326.523,
216.3102,solve.va_sample,2,326.523,
216.8105,solve.va_sample,2,326.523,
217.3107,solve.va_sample,2,326.523,
217.8110,solve.va_sample,2,326.523,
218.3113,solve.va_sample,2,326.523,
218.8115,solve.va_sample,2,326.523,
219.3118,solve.va_sample,2,326.523,
219.8120,solve.va_sample,2,326.523,
220.3123,solve.va_sample,2,326.523,
220.8125,solve.va_sample,2,326.523,
221.3128,solve.va_sample,2,326.523,
221.8130,solve.va_sample,2,326.523,
222.3132,solve.va_sample,2,326.523,
222.8135,solve.va_sample,2,326.523,
223.3138,solve.va_sample,2,326.523,
223.8140,solve.va_sample,2,326.523,
224.3143,solve.va_sample,2,326.523,
224.8145,solve.va_sample,2,326.523,
225.3148,solve.va_sample,2,326.523,
225.8150,solve.va_sample,2,326.523,
226.3153,solve.va_sample,2,326.523,
226.8156,solve.va_sample,2,326.523,
227.3158,solve.va_sample,2,326.523,
227.8161,solve.va_sample,2,326.523,
228.3163,solve.va_sample,2,326.523,
228.8166,solve.va_sample,2,326.523,
229.3168,solve.va_sample,2,326.523,
229.8171,solve.va_sample,2,326.523,
230.3173,solve.va_sample,2,326.523,
230.8176,solve.va_sample,2,326.523,
231.3179,solve.va_sample,2,326.523,
231.8181,solve.va_sample,2,326.523,
232.3184,solve.va_sample,2,326.523,
232.8186,solve.va_sample,2,326.523,
233.3189,solve.va_sample,2,326.523,
233.8192,solve.va_sample,2,326.523,
234.3194,solve.va_sample,2,326.523,
234.8197,solve.va_sample,2,326.523,
235.3200,solve.va_sample,2,326.523,
235.8202,solve.va_sample,2,326.523,
236.3204,solve.va_sample,2,326.523,
236.8207,solve.va_sample,2,326.523,
237.3210,solve.va_sample,2,326.523,
237.8212,solve.va_sample,2,326.523,
238.3215,solve.va_sample,2,326.523,
238.8217,solve.va_sample,2,326.523,
239.3220,solve.va_sample,2,326.523,
239.8222,solve.va_sample,2,326.523,
240.3225,solve.va_sample,2,326.523,
240.8227,solve.va_sample,2,326.523,
241.3230,solve.va_sample,2,326.523,
241.8233,solve.va_sample,2,326.523,
242.3235,solve.va_sample,2,326.523,
242.8238,solve.va_sample,2,326.523,
243.3241,solve.va_sample,2,326.523,
243.8244,solve.va_sample,2,326.523,
244.3246,solve.va_sample,2,326.523,
244.8249,solve.va_sample,2,326.523,
245.3251,solve.va_sample,2,326.523,
245.8254,solve.va_sample,2,326.523,
246.3256,solve.va_sample,2,326.523,
246.8259,solve.va_sample,2,326.523,
247.3262,solve.va_sample,2,326.523,
247.8264,solve.va_sample,2,326.523,
248.3267,solve.va_sample,2,326.523,
248.8269,solve.va_sample,2,326.523,
249.3271,solve.va_sample,2,326.523,
249.8274,solve.va_sample,2,326.523,
250.3277,solve.va_sample,2,326.523,
250.8279,solve.va_sample,2,326.523,
251.3281,solve.va_sample,2,326.777,
251.8284,solve.va_sample,2,326.777,
252.3286,solve.va_sample,2,326.777,
252.8289,solve.va_sample,2,326.777,
253.3292,solve.va_sample,2,326.777,
253.8295,solve.va_sample,2,326.777,
254.3297,solve.va_sample,2,326.777,
254.8300,solve.va_sample,2,326.777,
255.3302,solve.va_sample,2,326.777,
255.8304,solve.va_sample,2,326.777,
256.3307,solve.va_sample,2,326.777,
256.8309,solve.va_sample,2,326.777,
257.3311,solve.va_sample,2,326.777,
257.8314,solve.va_sample,2,326.777,
258.3316,solve.va_sample,2,326.777,
258.8319,solve.va_sample,2,326.777,
259.3321,solve.va_sample,2,326.777,
259.8324,solve.va_sample,2,326.777,
260.3326,solve.va_sample,2,326.777,
260.8328,solve.va_sample,2,326.777,
261.3331,solve.va_sample,2,326.777,
261.8333,solve.va_sample,2,326.777,
262.3336,solve.va_sample,2,326.777,
262.8338,solve.va_sample,2,326.777,
263.3341,solve.va_sample,2,326.777,
263.8344,solve.va_sample,2,326.777,
264.3346,solve.va_sample,2,326.777,
264.8349,solve.va_sample,2,326.777,
265.3351,solve.va_sample,2,326.777,
265.8354,solve.va_sample,2,326.777,
266.3356,solve.va_sample,2,326.777,
266.8359,solve.va_sample,2,326.777,
267.3361,solve.va_sample,2,326.777,
267.8364,solve.va_sample,2,326.777,
268.3366,solve.va_sample,2,326.777,
268.8369,solve.va_sample,2,326.777,
269.3371,solve.va_sample,2,326.777,
269.8374,solve.va_sample,2,326.777,
270.3376,solve.va_sample,2,326.777,
270.8379,solve.va_sample,2,326.777,
271.3381,solve.va_sample,2,326.777,
271.8383,solve.va_sample,2,326.777,
272.3386,solve.va_sample,2,326.777,
272.8389,solve.va_sample,2,326.777,
273.3392,solve.va_sample,2,326.777,
273.8394,solve.va_sample,2,326.777,
274.3397,solve.va_sample,2,326.777,
274.8399,solve.va_sample,2,326.777,
275.3402,solve.va_sample,2,326.777,
275.8405,solve.va_sample,2,326.777,
276.3408,solve.va_sample,2,326.777,
276.8410,solve.va_sample,2,326.777,
277.3413,solve.va_sample,2,326.777,
277.8415,solve.va_sample,2,326.777,
278.3418,solve.va_sample,2,326.777,
278.8420,solve.va_sample,2,326.777,
279.3423,solve.va_sample,2,326.777,
279.8425,solve.va_sample,2,326.777,
280.3428,solve.va_sample,2,326.777,
280.8430,solve.va_sample,2,326.777,
281.3433,solve.va_sample,2,326.777,
281.8436,solve.va_sample,2,326.777,
282.3438,solve.va_sample,2,326.777,
282.8441,solve.va_sample,2,326.777,
283.3444,solve.va_sample,2,326.777,
283.8446,solve.va_sample,2,326.777,
284.3449,solve.va_sample,2,326.777,
284.8451,solve.va_sample,2,326.777,
285.3454,solve.va_sample,2,326.777,
285.8457,solve.va_sample,2,326.777,
286.3459,solve.va_sample,2,326.777,
286.8462,solve.va_sample,2,326.777,
287.3464,solve.va_sample,2,326.777,
287.8467,solve.va_sample,2,326.777,
288.3469,solve.va_sample,2,326.777,
288.8472,solve.va_sample,2,326.777,
289.3474,solve.va_sample,2,326.777,
289.8477,solve.va_sample,2,326.777,
290.3479,solve.va_sample,2,326.777,
290.8482,solve.va_sample,2,326.777,
291.3484,solve.va_sample,2,326.777,
291.8487,solve.va_sample,2,326.777,
292.3489,solve.va_sample,2,326.777,
292.8492,solve.va_sample,2,326.777,
293.3495,solve.va_sample,2,326.777,
293.8497,solve.va_sample,2,326.777,
294.3500,solve.va_sample,2,326.777,
294.8502,solve.va_sample,2,326.777,
295.3505,solve.va_sample,2,326.777,
295.8507,solve.va_sample,2,326.777,
296.3510,solve.va_sample,2,326.777,
296.8512,solve.va_sample,2,326.777,
297.3515,solve.va_sample,2,326.777,
297.8517,solve.va_sample,2,326.777,
298.3520,solve.va_sample,2,326.777,
298.8522,solve.va_sample,2,326.777,
299.3525,solve.va_sample,2,326.777,
299.8527,solve.va_sample,2,326.777,
300.3530,solve.va_sample,2,326.777,
300.8532,solve.va_sample,2,326.777,
301.3535,solve.va_sample,2,326.777,
301.8537,solve.va_sample,2,326.777,
302.3540,solve.va_sample,2,326.777,
302.8542,solve.va_sample,2,326.777,
303.3545,solve.va_sample,2,326.777,
303.8548,solve.va_sample,2,326.777,
304.3551,solve.va_sample,2,326.777,
304.8553,solve.va_sample,2,326.777,
305.3555,solve.va_sample,2,326.777,
305.8558,solve.va_sample,2,326.777,
306.3561,solve.va_sample,2,326.777,
306.8563,solve.va_sample,2,326.777,
307.3565,solve.va_sample,2,326.777,
307.8568,solve.va_sample,2,326.777,
308.3570,solve.va_sample,2,326.777,
308.8573,solve.va_sample,2,326.777,
309.3575,solve.va_sample,2,326.777,
309.8578,solve.va_sample,2,326.777,
310.3580,solve.va_sample,2,326.777,
310.8582,solve.va_sample,2,326.777,
311.3585,solve.va_sample,2,326.777,
311.8587,solve.va_sample,2,326.777,
312.3589,solve.va_sample,2,326.777,
312.8592,solve.va_sample,2,326.777,
313.3595,solve.va_sample,2,326.777,
313.8598,solve.va_sample,2,326.777,
314.3600,solve.va_sample,2,326.777,
314.8603,solve.va_sample,2,326.777,
315.3605,solve.va_sample,2,326.777,
315.8607,solve.va_sample,2,326.777,
316.3610,solve.va_sample,2,326.777,
316.8612,solve.va_sample,2,326.777,
317.3615,solve.va_sample,2,326.777,
317.8617,solve.va_sample,2,326.777,
318.3620,solve.va_sample,2,326.777,
318.8622,solve.va_sample,2,326.777,
319.3625,solve.va_sample,2,326.777,
319.8627,solve.va_sample,2,326.777,
320.3630,solve.va_sample,2,326.777,
320.8632,solve.va_sample,2,326.777,
321.3634,solve.va_sample,2,326.777,
321.8637,solve.va_sample,2,326.777,
322.3639,solve.va_sample,2,326.777,
322.8642,solve.va_sample,2,326.777,
323.3644,solve.va_sample,2,326.777,
323.8647,solve.va_sample,2,326.777,
324.3649,solve.va_sample,2,326.777,
324.8652,solve.va_sample,2,326.777,
325.3654,solve.va_sample,2,326.777,
325.8657,solve.va_sample,2,326.777,
326.3659,solve.va_sample,2,326.777,
326.8662,solve.va_sample,2,326.777,
327.3664,solve.va_sample,2,326.777,
327.8667,solve.va_sample,2,326.777,
328.3669,solve.va_sample,2,326.777,
328.8672,solve.va_sample,2,326.777,
329.3674,solve.va_sample,2,326.777,
329.8676,solve.va_sample,2,326.777,
330.3679,solve.va_sample,2,326.777,
330.8681,solve.va_sample,2,326.777,
331.3684,solve.va_sample,2,326.777,
331.8686,solve.va_sample,2,326.777,
332.3689,solve.va_sample,2,326.777,
332.8691,solve.va_sample,2,326.777,
333.3694,solve.va_sample,2,326.777,
333.8696,solve.va_sample,2,326.777,
334.3699,solve.va_sample,2,326.777,
334.8701,solve.va_sample,2,326.777,
335.3704,solve.va_sample,2,326.777,
335.8706,solve.va_sample,2,326.777,
336.3709,solve.va_sample,2,326.777,
336.8711,solve.va_sample,2,326.777,
337.3713,solve.va_sample,2,326.777,
337.8716,solve.va_sample,2,326.777,
338.3718,solve.va_sample,2,326.777,
338.8721,solve.va_sample,2,326.777,
339.3723,solve.va_sample,2,326.777,
339.8725,solve.va_sample,2,326.777,
340.3728,solve.va_sample,2,326.777,
340.8730,solve.va_sample,2,326.777,
341.3733,solve.va_sample,2,326.777,
341.8735,solve.va_sample,2,326.777,
342.3737,solve.va_sample,2,326.777,
342.8740,solve.va_sample,2,326.777,
343.3743,solve.va_sample,2,326.777,
343.8745,solve.va_sample,2,326.777,
344.3749,solve.va_sample,2,326.777,
344.8752,solve.va_sample,2,326.777,
345.3754,solve.va_sample,2,326.777,
345.8757,solve.va_sample,2,326.777,
346.3759,solve.va_sample,2,326.777,
346.8762,solve.va_sample,2,326.777,
347.3764,solve.va_sample,2,326.777,
347.8767,solve.va_sample,2,326.777,
348.3769,solve.va_sample,2,326.777,
348.8772,solve.va_sample,2,326.777,
349.3774,solve.va_sample,2,326.777,
349.8776,solve.va_sample,2,326.777,
350.3779,solve.va_sample,2,326.777,
350.8781,solve.va_sample,2,326.777,
351.3784,solve.va_sample,2,326.777,
351.8786,solve.va_sample,2,326.777,
352.3789,solve.va_sample,2,326.777,
352.8791,solve.va_sample,2,326.777,
353.3794,solve.va_sample,2,326.777,
353.8797,solve.va_sample,2,326.777,
354.3799,solve.va_sample,2,326.777,
354.8801,solve.va_sample,2,326.777,
355.3804,solve.va_sample,2,326.777,
355.8806,solve.va_sample,2,326.777,
356.3809,solve.va_sample,2,326.777,
356.8811,solve.va_sample,2,326.777,
357.3814,solve.va_sample,2,326.777,
357.8816,solve.va_sample,2,326.777,
358.3819,solve.va_sample,2,326.777,
358.8821,solve.va_sample,2,326.777,
359.3824,solve.va_sample,2,326.777,
359.8826,solve.va_sample,2,326.777,
360.3828,solve.va_sample,2,326.777,
360.8831,solve.va_sample,2,326.777,
361.3834,solve.va_sample,2,326.777,
361.8836,solve.va_sample,2,326.777,
362.3838,solve.va_sample,2,326.777,
362.8841,solve.va_sample,2,326.777,
363.3844,solve.va_sample,2,326.777,
363.8846,solve.va_sample,2,326.777,
364.3849,solve.va_sample,2,326.777,
364.8851,solve.va_sample,2,326.777,
365.3854,solve.va_sample,2,326.777,
365.8856,solve.va_sample,2,326.777,
366.3859,solve.va_sample,2,326.777,
366.8861,solve.va_sample,2,326.777,
367.3863,solve.va_sample,2,326.777,
367.8866,solve.va_sample,2,326.777,
368.3869,solve.va_sample,2,326.777,
368.8871,solve.va_sample,2,326.777,
369.3873,solve.va_sample,2,326.777,
369.8876,solve.va_sample,2,326.777,
370.3878,solve.va_sample,2,326.777,
370.8881,solve.va_sample,2,326.777,
371.3883,solve.va_sample,2,326.777,
371.8886,solve.va_sample,2,326.777,
372.3888,solve.va_sample,2,326.777,
372.8891,solve.va_sample,2,326.777,
373.3894,solve.va_sample,2,326.777,
373.8896,solve.va_sample,2,326.777,
374.3899,solve.va_sample,2,326.777,
374.8902,solve.va_sample,2,326.777,
375.3904,solve.va_sample,2,326.777,
375.8907,solve.va_sample,2,326.777,
376.3909,solve.va_sample,2,326.777,
376.8911,solve.va_sample,2,326.777,
377.3914,solve.va_sample,2,326.777,
377.8916,solve.va_sample,2,326.777,
378.3919,solve.va_sample,2,326.777,
378.8921,solve.va_sample,2,326.777,
379.3923,solve.va_sample,2,326.777,
379.8926,solve.va_sample,2,326.777,
380.3928,solve.va_sample,2,326.777,
380.8931,solve.va_sample,2,326.777,
381.3933,solve.va_sample,2,326.777,
381.8935,solve.va_sample,2,326.777,
382.3938,solve.va_sample,2,326.777,
382.8940,solve.va_sample,2,326.777,
383.3943,solve.va_sample,2,326.777,
383.8946,solve.va_sample,2,326.777,
384.3948,solve.va_sample,2,326.777,
384.8951,solve.va_sample,2,326.777,
385.3953,solve.va_sample,2,326.777,
385.8955,solve.va_sample,2,326.777,
386.3958,solve.va_sample,2,326.777,
386.8960,solve.va_sample,2,326.777,
387.3963,solve.va_sample,2,326.777,
387.8965,solve.va_sample,2,326.777,
388.3967,solve.va_sample,2,326.777,
388.8970,solve.va_sample,2,326.777,
389.3972,solve.va_sample,2,326.777,
389.8975,solve.va_sample,2,326.777,
390.3977,solve.va_sample,2,326.777,
390.8980,solve.va_sample,2,326.777,
391.3982,solve.va_sample,2,326.777,
391.8985,solve.va_sample,2,326.777,
392.3987,solve.va_sample,2,326.777,
392.8990,solve.va_sample,2,326.777,
393.3992,solve.va_sample,2,326.777,
393.8995,solve.va_sample,2,326.777,
394.3997,solve.va_sample,2,326.777,
394.9000,solve.va_sample,2,326.777,
395.4002,solve.va_sample,2,326.777,
395.9004,solve.va_sample,2,326.777,
396.4007,solve.va_sample,2,326.777,
396.9009,solve.va_sample,2,326.777,
397.4012,solve.va_sample,2,326.777,
397.9014,solve.va_sample,2,326.777,
398.4016,solve.va_sample,2,326.777,
398.9019,solve.va_sample,2,326.777,
399.4021,solve.va_sample,2,326.777,
399.9023,solve.va_sample,2,326.777,
400.4026,solve.va_sample,2,326.777,
400.9028,solve.va_sample,2,326.777,
401.4031,solve.va_sample,2,326.777,
401.9033,solve.va_sample,2,326.777,
402.4036,solve.va_sample,2,326.777,
402.9038,solve.va_sample,2,326.777,
403.4041,solve.va_sample,2,326.777,
403.9044,solve.va_sample,2,326.777,
404.4046,solve.va_sample,2,326.777,
404.9049,solve.va_sample,2,326.777,
405.4051,solve.va_sample,2,326.777,
405.9054,solve.va_sample,2,326.777,
406.4056,solve.va_sample,2,326.777,
406.9058,solve.va_sample,2,326.777,
407.4061,solve.va_sample,2,326.777,
407.9063,solve.va_sample,2,326.777,
408.4066,solve.va_sample,2,326.777,
408.9068,solve.va_sample,2,326.777,
409.4071,solve.va_sample,2,326.777,
409.9073,solve.va_sample,2,326.777,
410.4075,solve.va_sample,2,326.777,
410.9078,solve.va_sample,2,326.777,
411.4080,solve.va_sample,2,326.777,
411.9083,solve.va_sample,2,326.777,
412.4085,solve.va_sample,2,326.777,
412.9088,solve.va_sample,2,326.777,
413.4090,solve.va_sample,2,326.777,
413.9093,solve.va_sample,2,326.777,
414.4095,solve.va_sample,2,326.777,
414.9098,solve.va_sample,2,326.777,
415.4100,solve.va_sample,2,326.777,
415.9103,solve.va_sample,2,326.777,
416.4105,solve.va_sample,2,326.777,
416.9107,solve.va_sample,2,326.777,
417.4110,solve.va_sample,2,326.777,
417.9113,solve.va_sample,2,326.777,
418.4116,solve.va_sample,2,326.777,
418.9118,solve.va_sample,2,326.777,
419.4121,solve.va_sample,2,326.777,
419.9123,solve.va_sample,2,326.777,
420.4126,solve.va_sample,2,326.777,
420.9128,solve.va_sample,2,326.777,
421.4131,solve.va_sample,2,326.777,
421.9133,solve.va_sample,2,326.777,
422.4135,solve.va_sample,2,326.777,
422.9138,solve.va_sample,2,326.777,
423.4141,solve.va_sample,2,326.777,
423.9144,solve.va_sample,2,326.777,
424.4146,solve.va_sample,2,326.777,
424.9149,solve.va_sample,2,326.777,
425.4151,solve.va_sample,2,326.777,
425.9153,solve.va_sample,2,326.777,
426.4156,solve.va_sample,2,326.777,
426.9158,solve.va_sample,2,326.777,
427.4161,solve.va_sample,2,326.777,
427.9163,solve.va_sample,2,326.777,
428.4166,solve.va_sample,2,326.777,
428.9168,solve.va_sample,2,326.777,
429.4170,solve.va_sample,2,326.777,
429.9173,solve.va_sample,2,326.777,
430.4175,solve.va_sample,2,326.777,
430.9178,solve.va_sample,2,326.777,
431.4180,solve.va_sample,2,326.777,
431.9183,solve.va_sample,2,326.777,
432.4185,solve.va_sample,2,326.777,
432.9188,solve.va_sample,2,326.777,
433.4191,solve.va_sample,2,326.777,
433.9193,solve.va_sample,2,326.777,
434.4196,solve.va_sample,2,326.777,
434.9198,solve.va_sample,2,326.777,
435.4201,solve.va_sample,2,326.777,
435.9203,solve.va_sample,2,326.777,
436.4205,solve.va_sample,2,326.777,
436.9208,solve.va_sample,2,326.777,
437.4210,solve.va_sample,2,326.777,
437.9212,solve.va_sample,2,326.777,
438.4215,solve.va_sample,2,326.777,
438.9217,solve.va_sample,2,326.777,
439.4220,solve.va_sample,2,326.777,
439.9222,solve.va_sample,2,326.777,
440.4224,solve.va_sample,2,326.777,
440.9227,solve.va_sample,2,326.777,
441.4230,solve.va_sample,2,326.777,
441.9232,solve.va_sample,2,326.777,
442.4234,solve.va_sample,2,326.777,
442.9237,solve.va_sample,2,326.777,
443.4239,solve.va_sample,2,326.777,
443.9242,solve.va_sample,2,326.777,
444.4244,solve.va_sample,2,326.777,
444.9247,solve.va_sample,2,326.777,
445.4249,solve.va_sample,2,326.777,
445.9252,solve.va_sample,2,326.777,
446.4255,solve.va_sample,2,326.777,
446.9257,solve.va_sample,2,326.777,
447.4260,solve.va_sample,2,326.777,
447.9262,solve.va_sample,2,326.777,
448.4264,solve.va_sample,2,326.777,
448.9267,solve.va_sample,2,326.777,
449.4270,solve.va_sample,2,326.777,
449.9272,solve.va_sample,2,326.777,
450.4274,solve.va_sample,2,326.777,
450.9277,solve.va_sample,2,326.777,
451.4279,solve.va_sample,2,326.777,
451.9282,solve.va_sample,2,326.777,
452.4284,solve.va_sample,2,326.777,
452.9286,solve.va_sample,2,326.777,
453.4289,solve.va_sample,2,326.777,
453.9292,solve.va_sample,2,326.777,
454.4294,solve.va_sample,2,326.777,
454.9297,solve.va_sample,2,326.777,
455.4300,solve.va_sample,2,326.777,
455.9302,solve.va_sample,2,326.777,
456.4305,solve.va_sample,2,326.777,
456.9307,solve.va_sample,2,326.777,
457.4309,solve.va_sample,2,326.777,
457.9312,solve.va_sample,2,326.777,
458.4315,solve.va_sample,2,326.777,
458.9317,solve.va_sample,2,326.777,
459.4320,solve.va_sample,2,326.777,
459.9322,solve.va_sample,2,326.777,
460.4325,solve.va_sample,2,326.777,
460.9328,solve.va_sample,2,326.777,
461.4331,solve.va_sample,2,326.777,
461.9333,solve.va_sample,2,326.777,
462.4336,solve.va_sample,2,326.777,
462.9338,solve.va_sample,2,326.777,
463.4341,solve.va_sample,2,326.777,
463.9343,solve.va_sample,2,326.777,
464.4346,solve.va_sample,2,326.777,
464.9348,solve.va_sample,2,326.777,
465.4351,solve.va_sample,2,326.777,
465.9354,solve.va_sample,2,326.777,
466.4356,solve.va_sample,2,326.777,
466.9359,solve.va_sample,2,326.777,
467.4361,solve.va_sample,2,326.777,
467.9364,solve.va_sample,2,326.777,
468.4366,solve.va_sample,2,326.777,
468.9369,solve.va_sample,2,326.777,
469.4372,solve.va_sample,2,326.777,
469.9374,solve.va_sample,2,326.777,
470.4377,solve.va_sample,2,326.777,
470.9379,solve.va_sample,2,326.777,
471.4382,solve.va_sample,2,326.777,
471.9385,solve.va_sample,2,326.777,
472.4387,solve.va_sample,2,326.777,
472.9390,solve.va_sample,2,326.777,
473.4393,solve.va_sample,2,326.777,
473.9396,solve.va_sample,2,326.777,
474.4399,solve.va_sample,2,326.777,
474.9401,solve.va_sample,2,326.777,
475.4404,solve.va_sample,2,326.777,
475.9406,solve.va_sample,2,326.777,
476.4409,solve.va_sample,2,326.777,
476.9411,solve.va_sample,2,326.777,
477.4414,solve.va_sample,2,326.777,
477.9416,solve.va_sample,2,326.777,
478.4419,solve.va_sample,2,326.777,
478.9421,solve.va_sample,2,326.777,
479.4423,solve.va_sample,2,326.777,
479.9426,solve.va_sample,2,326.777,
480.4428,solve.va_sample,2,326.777,
480.9431,solve.va_sample,2,326.777,
481.4433,solve.va_sample,2,326.777,
481.9435,solve.va_sample,2,326.777,
482.4438,solve.va_sample,2,326.777,
482.9440,solve.va_sample,2,326.777,
483.4443,solve.va_sample,2,326.777,
483.9446,solve.va_sample,2,326.777,
484.4448,solve.va_sample,2,326.777,
484.9451,solve.va_sample,2,326.777,
485.4454,solve.va_sample,2,326.777,
485.9456,solve.va_sample,2,326.777,
486.4459,solve.va_sample,2,326.777,
486.9462,solve.va_sample,2,326.777,
487.4464,solve.va_sample,2,326.777,
487.9467,solve.va_sample,2,326.777,
488.4470,solve.va_sample,2,326.777,
488.9473,solve.va_sample,2,326.777,
489.4475,solve.va_sample,2,326.777,
489.9478,solve.va_sample,2,326.777,
490.4481,solve.va_sample,2,326.777,
490.9483,solve.va_sample,2,326.777,
491.4486,solve.va_sample,2,326.777,
491.9489,solve.va_sample,2,326.777,
492.4491,solve.va_sample,2,326.777,
492.9494,solve.va_sample,2,326.777,
493.4497,solve.va_sample,2,326.777,
493.9500,solve.va_sample,2,326.777,
494.4503,solve.va_sample,2,326.777,
494.9505,solve.va_sample,2,326.777,
495.4508,solve.va_sample,2,326.777,
495.9511,solve.va_sample,2,326.777,
496.4513,solve.va_sample,2,326.777,
496.9516,solve.va_sample,2,326.777,
497.4519,solve.va_sample,2,326.777,
497.9522,solve.va_sample,2,326.777,
498.4524,solve.va_sample,2,326.777,
498.9527,solve.va_sample,2,326.777,
499.4530,solve.va_sample,2,326.777,
499.9533,solve.va_sample,2,326.777,
500.4535,solve.va_sample,2,326.777,
500.9538,solve.va_sample,2,326.777,
501.4540,solve.va_sample,2,326.777,
501.9543,solve.va_sample,2,326.777,
502.4546,solve.va_sample,2,326.777,
502.9549,solve.va_sample,2,326.777,
503.4551,solve.va_sample,2,326.777,
503.9554,solve.va_sample,2,326.777,
504.4557,solve.va_sample,2,326.777,
504.9560,solve.va_sample,2,326.777,
505.4562,solve.va_sample,2,326.777,
505.9565,solve.va_sample,2,326.777,
506.4568,solve.va_sample,2,326.777,
506.9571,solve.va_sample,2,326.777,
507.4573,solve.va_sample,2,326.777,
507.9576,solve.va_sample,2,326.777,
508.4579,solve.va_sample,2,326.777,
508.9581,solve.va_sample,2,326.777,
509.4584,solve.va_sample,2,326.777,
509.9587,solve.va_sample,2,326.777,
510.4589,solve.va_sample,2,326.777,
510.9592,solve.va_sample,2,326.777,
511.4595,solve.va_sample,2,326.777,
511.9597,solve.va_sample,2,326.777,
512.4600,solve.va_sample,2,326.777,
512.9603,solve.va_sample,2,326.777,
513.4606,solve.va_sample,2,326.777,
513.9608,solve.va_sample,2,326.777,
514.4611,solve.va_sample,2,326.777,
514.9614,solve.va_sample,2,326.777,
515.4617,solve.va_sample,2,326.777,
515.9619,solve.va_sample,2,326.777,
516.4622,solve.va_sample,2,326.777,
516.9625,solve.va_sample,2,326.777,
517.4628,solve.va_sample,2,326.777,
517.9630,solve.va_sample,2,326.777,
518.4633,solve.va_sample,2,326.777,
518.9636,solve.va_sample,2,326.777,
519.4639,solve.va_sample,2,326.777,
519.9641,solve.va_sample,2,326.777,
520.4644,solve.va_sample,2,326.777,
520.9647,solve.va_sample,2,326.777,
521.4649,solve.va_sample,2,326.777,
521.9652,solve.va_sample,2,326.777,
522.4655,solve.va_sample,2,326.777,
522.9658,solve.va_sample,2,326.777,
523.4660,solve.va_sample,2,326.777,
523.9663,solve.va_sample,2,326.777,
524.4666,solve.va_sample,2,326.777,
524.9669,solve.va_sample,2,326.777,
525.4671,solve.va_sample,2,326.777,
525.9674,solve.va_sample,2,326.777,
526.4677,solve.va_sample,2,326.777,
526.9680,solve.va_sample,2,326.777,
527.4682,solve.va_sample,2,326.777,
527.9685,solve.va_sample,2,326.777,
528.4688,solve.va_sample,2,326.777,
528.9691,solve.va_sample,2,326.777,
529.4693,solve.va_sample,2,326.777,
529.9696,solve.va_sample,2,326.777,
530.4698,solve.va_sample,2,326.777,
530.9701,solve.va_sample,2,326.777,
531.4704,solve.va_sample,2,326.777,
531.9707,solve.va_sample,2,326.777,
532.4710,solve.va_sample,2,326.777,
532.9713,solve.va_sample,2,326.777,
533.4716,solve.va_sample,2,326.777,
533.9719,solve.va_sample,2,326.777,
534.4721,solve.va_sample,2,326.777,
534.9724,solve.va_sample,2,326.777,
535.4727,solve.va_sample,2,326.777,
535.9729,solve.va_sample,2,326.777,
536.4732,solve.va_sample,2,326.777,
536.9735,solve.va_sample,2,326.777,
537.4738,solve.va_sample,2,326.777,
537.9740,solve.va_sample,2,326.777,
538.4743,solve.va_sample,2,326.777,
538.9746,solve.va_sample,2,326.777,
539.4748,solve.va_sample,2,326.777,
539.9751,solve.va_sample,2,326.777,
540.4754,solve.va_sample,2,326.777,
540.9757,solve.va_sample,2,326.777,
541.4760,solve.va_sample,2,326.777,
541.9762,solve.va_sample,2,326.777,
542.4765,solve.va_sample,2,326.777,
542.9768,solve.va_sample,2,326.777,
543.4771,solve.va_sample,2,326.777,
543.9773,solve.va_sample,2,326.777,
544.4776,solve.va_sample,2,326.777,
544.9779,solve.va_sample,2,326.777,
545.4781,solve.va_sample,2,326.777,
545.9784,solve.va_sample,2,326.777,
546.4787,solve.va_sample,2,326.777,
546.9790,solve.va_sample,2,326.777,
547.4793,solve.va_sample,2,326.777,
547.9795,solve.va_sample,2,326.777,
548.4798,solve.va_sample,2,326.777,
548.9801,solve.va_sample,2,326.777,
549.4803,solve.va_sample,2,326.777,
549.9806,solve.va_sample,2,326.777,
550.4809,solve.va_sample,2,326.777,
550.9811,solve.va_sample,2,326.777,
551.4814,solve.va_sample,2,326.777,
551.9817,solve.va_sample,2,326.777,
552.4820,solve.va_sample,2,326.777,
552.9822,solve.va_sample,2,326.777,
553.4825,solve.va_sample,2,326.777,
553.9828,solve.va_sample,2,326.777,
554.4831,solve.va_sample,2,326.777,
554.9833,solve.va_sample,2,326.777,
555.4836,solve.va_sample,2,326.777,
555.9839,solve.va_sample,2,326.777,
556.4842,solve.va_sample,2,326.777,
556.9844,solve.va_sample,2,326.777,
557.4847,solve.va_sample,2,326.777,
557.9850,solve.va_sample,2,326.777,
558.4853,solve.va_sample,2,326.777,
558.9855,solve.va_sample,2,326.777,
559.4858,solve.va_sample,2,326.777,
559.9861,solve.va_sample,2,326.777,
560.4864,solve.va_sample,2,326.777,
560.9866,solve.va_sample,2,326.777,
561.4869,solve.va_sample,2,326.777,
561.9872,solve.va_sample,2,326.777,
562.4875,solve.va_sample,2,326.777,
562.9877,solve.va_sample,2,326.777,
563.4880,solve.va_sample,2,326.777,
563.9883,solve.va_sample,2,326.777,
564.4885,solve.va_sample,2,326.777,
564.9888,solve.va_sample,2,326.777,
565.4891,solve.va_sample,2,326.777,
565.9893,solve.va_sample,2,326.777,
566.4896,solve.va_sample,2,326.777,
566.9898,solve.va_sample,2,326.777,
567.4901,solve.va_sample,2,326.777,
567.9904,solve.va_sample,2,326.777,
568.4906,solve.va_sample,2,326.777,
568.9909,solve.va_sample,2,326.777,
569.4912,solve.va_sample,2,326.777,
569.9914,solve.va_sample,2,326.777,
570.4917,solve.va_sample,2,326.777,
570.9919,solve.va_sample,2,326.777,
571.4922,solve.va_sample,2,326.777,
571.9925,solve.va_sample,2,326.777,
572.4927,solve.va_sample,2,326.777,
572.9930,solve.va_sample,2,326.777,
573.4933,solve.va_sample,2,326.777,
573.9936,solve.va_sample,2,326.777,
574.4938,solve.va_sample,2,326.777,
574.9941,solve.va_sample,2,326.777,
575.4943,solve.va_sample,2,326.777,
575.9946,solve.va_sample,2,326.777,
576.4949,solve.va_sample,2,326.777,
576.9951,solve.va_sample,2,326.777,
577.4954,solve.va_sample,2,326.777,
577.9956,solve.va_sample,2,326.777,
578.4959,solve.va_sample,2,326.777,
578.9961,solve.va_sample,2,326.777,
579.4963,solve.va_sample,2,326.777,
579.9966,solve.va_sample,2,326.777,
580.4968,solve.va_sample,2,326.777,
580.9971,solve.va_sample,2,326.777,
581.4973,solve.va_sample,2,326.777,
581.9975,solve.va_sample,2,326.777,
582.4978,solve.va_sample,2,326.777,
582.9980,solve.va_sample,2,326.777,
583.4982,solve.va_sample,2,326.777,
583.9984,solve.va_sample,2,326.777,
584.4987,solve.va_sample,2,326.777,
584.9989,solve.va_sample,2,326.777,
585.4991,solve.va_sample,2,326.777,
585.9994,solve.va_sample,2,326.777,
586.4996,solve.va_sample,2,326.777,
586.9998,solve.va_sample,2,326.777,
587.5000,solve.va_sample,2,326.777,
588.0002,solve.va_sample,2,326.777,
588.5005,solve.va_sample,2,326.777,
589.0007,solve.va_sample,2,326.777,
589.5010,solve.va_sample,2,326.777,
590.0012,solve.va_sample,2,326.777,
590.5014,solve.va_sample,2,326.777,
591.0017,solve.va_sample,2,326.777,
591.5019,solve.va_sample,2,326.777,
592.0021,solve.va_sample,2,326.777,
592.5023,solve.va_sample,2,326.777,
593.0026,solve.va_sample,2,326.777,
593.5028,solve.va_sample,2,326.777,
594.0031,solve.va_sample,2,326.777,
594.5034,solve.va_sample,2,326.777,
595.0036,solve.va_sample,2,326.777,
595.5038,solve.va_sample,2,326.777,
596.0041,solve.va_sample,2,326.777,
596.5044,solve.va_sample,2,326.777,
597.0046,solve.va_sample,2,326.777,
597.5049,solve.va_sample,2,326.777,
598.0052,solve.va_sample,2,326.777,
598.5055,solve.va_sample,2,327.035,
599.0057,solve.va_sample,2,327.035,
599.5060,solve.va_sample,2,327.035,
600.0062,solve.va_sample,2,327.035,
600.5065,solve.va_sample,2,327.035,
601.0067,solve.va_sample,2,327.035,
601.5070,solve.va_sample,2,327.035,
602.0072,solve.va_sample,2,327.035,
602.5075,solve.va_sample,2,327.035,
603.0078,solve.va_sample,2,327.035,
603.5080,solve.va_sample,2,327.035,
604.0083,solve.va_sample,2,327.035,
604.5086,solve.va_sample,2,327.035,
605.0088,solve.va_sample,2,327.035,
605.5091,solve.va_sample,2,327.035,
606.0093,solve.va_sample,2,327.035,
606.5096,solve.va_sample,2,327.035,
607.0099,solve.va_sample,2,327.035,
607.5101,solve.va_sample,2,327.035,
608.0104,solve.va_sample,2,327.035,
608.5107,solve.va_sample,2,327.035,
609.0109,solve.va_sample,2,327.035,
609.5112,solve.va_sample,2,327.035,
610.0114,solve.va_sample,2,327.035,
610.5117,solve.va_sample,2,327.035,
611.0120,solve.va_sample,2,327.035,
611.5122,solve.va_sample,2,327.035,
612.0125,solve.va_sample,2,327.035,
612.5127,solve.va_sample,2,327.035,
613.0130,solve.va_sample,2,327.035,
613.5133,solve.va_sample,2,327.035,
614.0136,solve.va_sample,2,327.035,
614.5138,solve.va_sample,2,327.035,
615.0141,solve.va_sample,2,327.035,
615.5143,solve.va_sample,2,327.035,
616.0146,solve.va_sample,2,327.035,
616.5148,solve.va_sample,2,327.035,
617.0151,solve.va_sample,2,327.035,
617.5154,solve.va_sample,2,327.035,
618.0157,solve.va_sample,2,327.035,
618.5159,solve.va_sample,2,327.035,
619.0162,solve.va_sample,2,327.035,
619.5164,solve.va_sample,2,327.035,
620.0167,solve.va_sample,2,327.035,
620.5169,solve.va_sample,2,327.035,
621.0172,solve.va_sample,2,327.035,
621.5175,solve.va_sample,2,327.035,
622.0178,solve.va_sample,2,327.035,
622.5180,solve.va_sample,2,327.035,
623.0183,solve.va_sample,2,327.035,
623.5186,solve.va_sample,2,327.035,
624.0188,solve.va_sample,2,327.035,
624.5191,solve.va_sample,2,327.035,
625.0194,solve.va_sample,2,327.035,
625.5196,solve.va_sample,2,327.035,
626.0199,solve.va_sample,2,327.035,
626.5201,solve.va_sample,2,327.035,
627.0204,solve.va_sample,2,327.035,
627.5207,solve.va_sample,2,327.035,
628.0209,solve.va_sample,2,327.035,
628.5212,solve.va_sample,2,327.035,
629.0214,solve.va_sample,2,327.035,
629.5217,solve.va_sample,2,327.035,
630.0220,solve.va_sample,2,327.035,
630.5222,solve.va_sample,2,327.035,
631.0225,solve.va_sample,2,327.035,
631.5228,solve.va_sample,2,327.035,
632.0230,solve.va_sample,2,327.035,
632.5233,solve.va_sample,2,327.035,
633.0236,solve.va_sample,2,327.035,
633.5238,solve.va_sample,2,327.035,
634.0241,solve.va_sample,2,327.035,
634.5243,solve.va_sample,2,327.035,
635.0246,solve.va_sample,2,327.035,
635.5249,solve.va_sample,2,327.035,
636.0251,solve.va_sample,2,327.035,
636.5254,solve.va_sample,2,327.035,
637.0256,solve.va_sample,2,327.035,
637.5259,solve.va_sample,2,327.035,
638.0262,solve.va_sample,2,327.035,
638.5264,solve.va_sample,2,327.035,
639.0267,solve.va_sample,2,327.035,
639.5270,solve.va_sample,2,327.035,
640.0272,solve.va_sample,2,327.035,
640.5275,solve.va_sample,2,327.035,
641.0277,solve.va_sample,2,327.035,
641.5280,solve.va_sample,2,327.035,
642.0283,solve.va_sample,2,327.035,
642.5285,solve.va_sample,2,327.035,
643.0288,solve.va_sample,2,327.035,
643.5290,solve.va_sample,2,327.035,
644.0293,solve.va_sample,2,327.035,
644.5296,solve.va_sample,2,327.035,
645.0298,solve.va_sample,2,327.035,
645.5301,solve.va_sample,2,327.035,
646.0304,solve.va_sample,2,327.035,
646.5306,solve.va_sample,2,327.035,
647.0309,solve.va_sample,2,327.035,
647.5312,solve.va_sample,2,327.035,
648.0314,solve.va_sample,2,327.035,
648.5317,solve.va_sample,2,327.035,
649.0319,solve.va_sample,2,327.035,
649.5322,solve.va_sample,2,327.035,
650.0325,solve.va_sample,2,327.035,
650.5327,solve.va_sample,2,327.035,
651.0330,solve.va_sample,2,327.035,
651.5333,solve.va_sample,2,327.035,
652.0335,solve.va_sample,2,327.035,
652.5338,solve.va_sample,2,327.035,
653.0340,solve.va_sample,2,327.035,
653.5343,solve.va_sample,2,327.035,
654.0345,solve.va_sample,2,327.035,
654.5348,solve.va_sample,2,327.035,
655.0350,solve.va_sample,2,327.035,
655.5353,solve.va_sample,2,327.035,
656.0356,solve.va_sample,2,327.035,
656.5359,solve.va_sample,2,327.035,
657.0361,solve.va_sample,2,327.035,
657.5364,solve.va_sample,2,327.035,
658.0366,solve.va_sample,2,327.035,
658.5369,solve.va_sample,2,327.035,
659.0371,solve.va_sample,2,327.035,
659.5374,solve.va_sample,2,327.035,
660.0377,solve.va_sample,2,327.035,
660.5379,solve.va_sample,2,327.035,
661.0382,solve.va_sample,2,327.035,
661.5384,solve.va_sample,2,327.035,
662.0387,solve.va_sample,2,327.035,
662.5390,solve.va_sample,2,327.035,
663.0392,solve.va_sample,2,327.035,
663.5395,solve.va_sample,2,327.035,
664.0398,solve.va_sample,2,327.035,
664.5400,solve.va_sample,2,327.035,
665.0403,solve.va_sample,2,327.035,
665.5405,solve.va_sample,2,327.035,
666.0408,solve.va_sample,2,327.035,
666.5411,solve.va_sample,2,327.035,
667.0413,solve.va_sample,2,327.035,
667.5416,solve.va_sample,2,327.035,
668.0418,solve.va_sample,2,327.035,
668.5420,solve.va_sample,2,327.035,
669.0423,solve.va_sample,2,327.035,
669.5425,solve.va_sample,2,327.035,
670.0427,solve.va_sample,2,327.035,
670.5430,solve.va_sample,2,327.035,
671.0432,solve.va_sample,2,327.035,
671.5434,solve.va_sample,2,327.035,
672.0437,solve.va_sample,2,327.035,
672.5439,solve.va_sample,2,327.035,
673.0442,solve.va_sample,2,327.035,
673.5444,solve.va_sample,2,327.035,
674.0447,solve.va_sample,2,327.035,
674.5450,solve.va_sample,2,327.035,
675.0452,solve.va_sample,2,327.035,
675.5454,solve.va_sample,2,327.035,
676.0457,solve.va_sample,2,327.035,
676.5459,solve.va_sample,2,327.035,
677.0461,solve.va_sample,2,327.035,
677.5463,solve.va_sample,2,327.035,
678.0466,solve.va_sample,2,327.035,
678.5468,solve.va_sample,2,327.035,
679.0470,solve.va_sample,2,327.035,
679.5473,solve.va_sample,2,327.035,
680.0475,solve.va_sample,2,327.035,
680.5477,solve.va_sample,2,327.035,
681.0480,solve.va_sample,2,327.035,
681.5482,solve.va_sample,2,327.035,
682.0485,solve.va_sample,2,327.035,
682.5487,solve.va_sample,2,327.035,
683.0490,solve.va_sample,2,327.035,
683.5492,solve.va_sample,2,327.035,
684.0495,solve.va_sample,2,327.035,
684.5497,solve.va_sample,2,327.035,
685.0500,solve.va_sample,2,327.035,
685.5502,solve.va_sample,2,327.035,
686.0504,solve.va_sample,2,327.035,
686.5507,solve.va_sample,2,327.035,
687.0509,solve.va_sample,2,327.035,
687.5512,solve.va_sample,2,327.035,
688.0514,solve.va_sample,2,327.035,
688.5517,solve.va_sample,2,327.035,
689.0520,solve.va_sample,2,327.035,
689.5523,solve.va_sample,2,327.035,
690.0525,solve.va_sample,2,327.035,
690.5528,solve.va_sample,2,327.035,
691.0531,solve.va_sample,2,327.035,
691.5534,solve.va_sample,2,327.035,
692.0537,solve.va_sample,2,327.035,
692.5539,solve.va_sample,2,327.035,
693.0542,solve.va_sample,2,327.035,
693.5544,solve.va_sample,2,327.035,
694.0547,solve.va_sample,2,327.035,
694.5550,solve.va_sample,2,327.035,
695.0552,solve.va_sample,2,327.035,
695.5554,solve.va_sample,2,327.035,
696.0557,solve.va_sample,2,327.035,
696.5559,solve.va_sample,2,327.035,
697.0562,solve.va_sample,2,327.035,
697.5564,solve.va_sample,2,327.035,
698.0566,solve.va_sample,2,327.035,
698.5569,solve.va_sample,2,327.035,
699.0571,solve.va_sample,2,327.035,
699.5574,solve.va_sample,2,327.035,
700.0576,solve.va_sample,2,327.035,
700.5578,solve.va_sample,2,327.035,
701.0581,solve.va_sample,2,327.035,
701.5583,solve.va_sample,2,327.035,
702.0585,solve.va_sample,2,327.035,
702.5588,solve.va_sample,2,327.035,
703.0591,solve.va_sample,2,327.035,
703.5593,solve.va_sample,2,327.035,
704.0596,solve.va_sample,2,327.035,
704.5599,solve.va_sample,2,327.035,
705.0601,solve.va_sample,2,327.035,
705.5603,solve.va_sample,2,327.035,
706.0606,solve.va_sample,2,327.035,
706.5608,solve.va_sample,2,327.035,
707.0611,solve.va_sample,2,327.035,
707.5613,solve.va_sample,2,327.035,
708.0616,solve.va_sample,2,327.035,
708.5618,solve.va_sample,2,327.035,
709.0621,solve.va_sample,2,327.035,
709.5623,solve.va_sample,2,327.035,
710.0625,solve.va_sample,2,327.035,
710.5628,solve.va_sample,2,327.035,
711.0630,solve.va_sample,2,327.035,
711.5633,solve.va_sample,2,327.035,
712.0635,solve.va_sample,2,327.035,
712.5637,solve.va_sample,2,327.035,
713.0640,solve.va_sample,2,327.035,
713.5643,solve.va_sample,2,327.035,
714.0645,solve.va_sample,2,327.035,
714.5648,solve.va_sample,2,327.035,
715.0650,solve.va_sample,2,327.035,
715.5653,solve.va_sample,2,327.035,
716.0655,solve.va_sample,2,327.035,
716.5658,solve.va_sample,2,327.035,
717.0660,solve.va_sample,2,327.035,
717.5663,solve.va_sample,2,327.035,
718.0665,solve.va_sample,2,327.035,
718.5668,solve.va_sample,2,327.035,
719.0670,solve.va_sample,2,327.035,
719.5672,solve.va_sample,2,327.035,
720.0675,solve.va_sample,2,327.035,
720.5677,solve.va_sample,2,327.035,
721.0680,solve.va_sample,2,327.035,
721.5682,solve.va_sample,2,327.035,
722.0684,solve.va_sample,2,327.035,
722.5687,solve.va_sample,2,327.035,
723.0689,solve.va_sample,2,327.035,
723.5692,solve.va_sample,2,327.035,
724.0695,solve.va_sample,2,327.035,
724.5697,solve.va_sample,2,327.035,
725.0700,solve.va_sample,2,327.035,
725.5702,solve.va_sample,2,327.035,
726.0704,solve.va_sample,2,327.035,
726.5707,solve.va_sample,2,327.035,
727.0710,solve.va_sample,2,327.035,
727.5712,solve.va_sample,2,327.035,
728.0714,solve.va_sample,2,327.035,
728.5717,solve.va_sample,2,327.035,
729.0719,solve.va_sample,2,327.035,
729.5722,solve.va_sample,2,327.035,
730.0724,solve.va_sample,2,327.035,
730.5727,solve.va_sample,2,327.035,
731.0729,solve.va_sample,2,327.035,
731.5732,solve.va_sample,2,327.035,
732.0734,solve.va_sample,2,327.035,
732.5737,solve.va_sample,2,327.035,
733.0739,solve.va_sample,2,327.035,
733.5742,solve.va_sample,2,327.035,
734.0745,solve.va_sample,2,327.035,
734.5747,solve.va_sample,2,327.035,
735.0749,solve.va_sample,2,327.035,
735.5752,solve.va_sample,2,327.035,
736.0754,solve.va_sample,2,327.035,
736.5757,solve.va_sample,2,327.035,
737.0759,solve.va_sample,2,327.035,
737.5761,solve.va_sample,2,327.035,
738.0764,solve.va_sample,2,327.035,
738.5766,solve.va_sample,2,327.035,
739.0769,solve.va_sample,2,327.035,
739.5771,solve.va_sample,2,327.035,
740.0773,solve.va_sample,2,327.035,
740.5776,solve.va_sample,2,327.035,
741.0778,solve.va_sample,2,327.035,
741.5780,solve.va_sample,2,327.035,
742.0783,solve.va_sample,2,327.035,
742.5785,solve.va_sample,2,327.035,
743.0788,solve.va_sample,2,327.035,
743.5790,solve.va_sample,2,327.035,
744.0793,solve.va_sample,2,327.035,
744.5795,solve.va_sample,2,327.035,
745.0798,solve.va_sample,2,327.035,
745.5800,solve.va_sample,2,327.035,
746.0802,solve.va_sample,2,327.035,
746.5805,solve.va_sample,2,327.035,
747.0807,solve.va_sample,2,327.035,
747.5810,solve.va_sample,2,327.035,
748.0812,solve.va_sample,2,327.035,
748.5814,solve.va_sample,2,327.035,
749.0817,solve.va_sample,2,327.035,
749.5819,solve.va_sample,2,327.035,
750.0821,solve.va_sample,2,327.035,
750.5824,solve.va_sample,2,327.035,
751.0826,solve.va_sample,2,327.035,
751.5828,solve.va_sample,2,327.035,
752.0831,solve.va_sample,2,327.035,
752.5833,solve.va_sample,2,327.035,
753.0835,solve.va_sample,2,327.035,
753.5838,solve.va_sample,2,327.035,
754.0840,solve.va_sample,2,327.035,
754.5843,solve.va_sample,2,327.035,
755.0846,solve.va_sample,2,327.035,
755.5848,solve.va_sample,2,327.035,
756.0850,solve.va_sample,2,327.035,
756.5853,solve.va_sample,2,327.035,
757.0855,solve.va_sample,2,327.035,
757.5857,solve.va_sample,2,327.035,
758.0860,solve.va_sample,2,327.035,
758.5862,solve.va_sample,2,327.035,
759.0864,solve.va_sample,2,327.035,
759.5867,solve.va_sample,2,327.035,
760.0870,solve.va_sample,2,327.035,
760.5872,solve.va_sample,2,327.035,
761.0874,solve.va_sample,2,327.035,
761.5877,solve.va_sample,2,327.035,
762.0879,solve.va_sample,2,327.035,
762.5882,solve.va_sample,2,327.035,
763.0884,solve.va_sample,2,327.035,
763.5887,solve.va_sample,2,327.035,
764.0890,solve.va_sample,2,327.035,
764.5892,solve.va_sample,2,327.035,
765.0894,solve.va_sample,2,327.035,
765.5897,solve.va_sample,2,327.035,
766.0899,solve.va_sample,2,327.035,
766.5902,solve.va_sample,2,327.035,
767.0904,solve.va_sample,2,327.035,
767.5907,solve.va_sample,2,327.035,
768.0909,solve.va_sample,2,327.035,
768.5911,solve.va_sample,2,327.035,
769.0913,solve.va_sample,2,327.035,
769.5916,solve.va_sample,2,327.035,
770.0918,solve.va_sample,2,327.035,
770.5921,solve.va_sample,2,327.035,
771.0923,solve.va_sample,2,327.035,
771.5925,solve.va_sample,2,327.035,
772.0928,solve.va_sample,2,327.035,
772.5930,solve.va_sample,2,327.035,
773.0932,solve.va_sample,2,327.035,
773.5935,solve.va_sample,2,327.035,
774.0938,solve.va_sample,2,327.035,
774.5940,solve.va_sample,2,327.035,
775.0942,solve.va_sample,2,327.035,
775.5945,solve.va_sample,2,327.035,
776.0947,solve.va_sample,2,327.035,
776.5949,solve.va_sample,2,327.035,
777.0952,solve.va_sample,2,327.035,
777.5954,solve.va_sample,2,327.035,
778.0956,solve.va_sample,2,327.035,
778.5959,solve.va_sample,2,327.035,
779.0961,solve.va_sample,2,327.035,
779.5963,solve.va_sample,2,327.035,
780.0965,solve.va_sample,2,327.035,
780.5968,solve.va_sample,2,327.035,
781.0970,solve.va_sample,2,327.035,
781.5972,solve.va_sample,2,327.035,
782.0975,solve.va_sample,2,327.035,
782.5977,solve.va_sample,2,327.035,
783.0979,solve.va_sample,2,327.035,
783.5982,solve.va_sample,2,327.035,
784.0985,solve.va_sample,2,327.035,
784.5987,solve.va_sample,2,327.035,
785.0990,solve.va_sample,2,327.035,
785.5992,solve.va_sample,2,327.035,
786.0994,solve.va_sample,2,327.035,
786.5997,solve.va_sample,2,327.035,
787.0999,solve.va_sample,2,327.035,
787.6001,solve.va_sample,2,327.035,
788.1004,solve.va_sample,2,327.035,
788.6007,solve.va_sample,2,327.035,
789.1009,solve.va_sample,2,327.035,
789.6011,solve.va_sample,2,327.035,
790.1014,solve.va_sample,2,327.035,
790.6016,solve.va_sample,2,327.035,
791.1019,solve.va_sample,2,327.035,
791.6021,solve.va_sample,2,327.035,
792.1023,solve.va_sample,2,327.035,
792.6026,solve.va_sample,2,327.035,
793.1028,solve.va_sample,2,327.035,
793.6031,solve.va_sample,2,327.035,
794.1034,solve.va_sample,2,327.035,
794.6036,solve.va_sample,2,327.035,
795.1039,solve.va_sample,2,327.035,
795.6041,solve.va_sample,2,327.035,
796.1044,solve.va_sample,2,327.035,
796.6046,solve.va_sample,2,327.035,
797.1049,solve.va_sample,2,327.035,
797.6051,solve.va_sample,2,327.035,
798.1054,solve.va_sample,2,327.035,
798.6056,solve.va_sample,2,327.035,
799.1059,solve.va_sample,2,327.035,
799.6061,solve.va_sample,2,327.035,
800.1064,solve.va_sample,2,327.035,
800.6066,solve.va_sample,2,327.035,
801.1068,solve.va_sample,2,327.035,
801.6071,solve.va_sample,2,327.035,
802.1074,solve.va_sample,2,327.035,
802.6076,solve.va_sample,2,327.035,
803.1079,solve.va_sample,2,327.035,
803.6082,solve.va_sample,2,327.035,
804.1084,solve.va_sample,2,327.035,
804.6087,solve.va_sample,2,327.035,
805.1089,solve.va_sample,2,327.035,
805.6092,solve.va_sample,2,327.035,
806.1094,solve.va_sample,2,327.035,
806.6097,solve.va_sample,2,327.035,
807.1099,solve.va_sample,2,327.035,
807.6101,solve.va_sample,2,327.035,
808.1104,solve.va_sample,2,327.035,
808.6106,solve.va_sample,2,327.035,
809.1109,solve.va_sample,2,327.035,
809.6111,solve.va_sample,2,327.035,
810.1113,solve.va_sample,2,327.035,
810.6116,solve.va_sample,2,327.035,
811.1118,solve.va_sample,2,327.035,
811.6121,solve.va_sample,2,327.035,
812.1124,solve.va_sample,2,327.035,
812.6126,solve.va_sample,2,327.035,
813.1128,solve.va_sample,2,327.035,
813.6131,solve.va_sample,2,327.035,
814.1133,solve.va_sample,2,327.035,
814.6136,solve.va_sample,2,327.035,
815.1138,solve.va_sample,2,327.035,
815.6141,solve.va_sample,2,327.035,
816.1143,solve.va_sample,2,327.035,
816.6145,solve.va_sample,2,327.035,
817.1148,solve.va_sample,2,327.035,
817.6150,solve.va_sample,2,327.035,
818.1153,solve.va_sample,2,327.035,
818.6155,solve.va_sample,2,327.035,
819.1157,solve.va_sample,2,327.035,
819.6159,solve.va_sample,2,327.035,
820.1162,solve.va_sample,2,327.035,
820.6164,solve.va_sample,2,327.035,
821.1167,solve.va_sample,2,327.035,
821.6169,solve.va_sample,2,327.035,
822.1171,solve.va_sample,2,327.035,
822.6174,solve.va_sample,2,327.035,
823.1176,solve.va_sample,2,327.035,
823.6179,solve.va_sample,2,327.035,
824.1182,solve.va_sample,2,327.035,
824.6184,solve.va_sample,2,327.035,
825.1186,solve.va_sample,2,327.035,
825.6189,solve.va_sample,2,327.035,
826.1191,solve.va_sample,2,327.035,
826.6193,solve.va_sample,2,327.035,
827.1196,solve.va_sample,2,327.035,
827.6198,solve.va_sample,2,327.035,
828.1200,solve.va_sample,2,327.035,
828.6203,solve.va_sample,2,327.035,
829.1205,solve.va_sample,2,327.035,
829.6207,solve.va_sample,2,327.035,
830.1210,solve.va_sample,2,327.035,
830.6212,solve.va_sample,2,327.035,
831.1214,solve.va_sample,2,327.035,
831.6217,solve.va_sample,2,327.035,
832.1219,solve.va_sample,2,327.035,
832.6221,solve.va_sample,2,327.035,
833.1223,solve.va_sample,2,327.035,
833.6226,solve.va_sample,2,327.035,
834.1228,solve.va_sample,2,327.035,
834.6231,solve.va_sample,2,327.035,
835.1233,solve.va_sample,2,327.035,
835.6236,solve.va_sample,2,327.035,
836.1238,solve.va_sample,2,327.035,
836.6240,solve.va_sample,2,327.035,
837.1243,solve.va_sample,2,327.035,
837.6245,solve.va_sample,2,327.035,
838.1248,solve.va_sample,2,327.035,
838.6250,solve.va_sample,2,327.035,
839.1252,solve.va_sample,2,327.035,
839.6255,solve.va_sample,2,327.035,
840.1257,solve.va_sample,2,327.035,
840.6259,solve.va_sample,2,327.035,
841.1262,solve.va_sample,2,327.035,
841.6264,solve.va_sample,2,327.035,
842.1266,solve.va_sample,2,327.035,
842.6269,solve.va_sample,2,327.035,
843.1271,solve.va_sample,2,327.035,
843.6274,solve.va_sample,2,327.035,
844.1276,solve.va_sample,2,327.035,
844.6279,solve.va_sample,2,327.035,
845.1281,solve.va_sample,2,327.035,
845.6284,solve.va_sample,2,327.035,
846.1286,solve.va_sample,2,327.035,
846.6289,solve.va_sample,2,327.035,
847.1291,solve.va_sample,2,327.035,
847.6293,solve.va_sample,2,327.035,
848.1296,solve.va_sample,2,327.035,
848.6298,solve.va_sample,2,327.035,
849.1300,solve.va_sample,2,327.035,
849.6302,solve.va_sample,2,327.035,
850.1305,solve.va_sample,2,327.035,
850.6307,solve.va_sample,2,327.035,
851.1309,solve.va_sample,2,327.035,
851.6311,solve.va_sample,2,327.035,
852.1314,solve.va_sample,2,327.035,
852.6317,solve.va_sample,2,327.035,
853.1319,solve.va_sample,2,327.035,
853.6322,solve.va_sample,2,327.035,
854.1324,solve.va_sample,2,327.035,
854.6327,solve.va_sample,2,327.035,
855.1329,solve.va_sample,2,327.035,
855.6332,solve.va_sample,2,327.035,
856.1334,solve.va_sample,2,327.035,
856.6336,solve.va_sample,2,327.035,
857.1339,solve.va_sample,2,327.035,
857.6341,solve.va_sample,2,327.035,
858.1343,solve.va_sample,2,327.035,
858.6346,solve.va_sample,2,327.035,
859.1348,solve.va_sample,2,327.035,
859.6351,solve.va_sample,2,327.035,
860.1353,solve.va_sample,2,327.035,
860.6355,solve.va_sample,2,327.035,
861.1358,solve.va_sample,2,327.035,
861.6360,solve.va_sample,2,327.035,
862.1363,solve.va_sample,2,327.035,
862.6366,solve.va_sample,2,327.035,
863.1368,solve.va_sample,2,327.035,
863.6371,solve.va_sample,2,327.035,
864.1374,solve.va_sample,2,327.035,
864.6376,solve.va_sample,2,327.035,
865.1378,solve.va_sample,2,327.035,
865.6381,solve.va_sample,2,327.035,
866.1383,solve.va_sample,2,327.035,
866.6385,solve.va_sample,2,327.035,
867.1388,solve.va_sample,2,327.035,
867.6390,solve.va_sample,2,327.035,
868.1393,solve.va_sample,2,327.035,
868.6395,solve.va_sample,2,327.035,
869.1398,solve.va_sample,2,327.035,
869.6400,solve.va_sample,2,327.035,
870.1403,solve.va_sample,2,327.035,
870.6405,solve.va_sample,2,327.035,
871.1408,solve.va_sample,2,327.035,
871.6410,solve.va_sample,2,327.035,
872.1413,solve.va_sample,2,327.035,
872.6415,solve.va_sample,2,327.035,
873.1417,solve.va_sample,2,327.035,
873.6420,solve.va_sample,2,327.035,
874.1423,solve.va_sample,2,327.035,
874.6426,solve.va_sample,2,327.035,
875.1429,solve.va_sample,2,327.035,
875.6431,solve.va_sample,2,327.035,
876.1434,solve.va_sample,2,327.035,
876.6436,solve.va_sample,2,327.035,
877.1439,solve.va_sample,2,327.035,
877.6441,solve.va_sample,2,327.035,
878.1444,solve.va_sample,2,327.035,
878.6446,solve.va_sample,2,327.035,
879.1449,solve.va_sample,2,327.035,
879.6452,solve.va_sample,2,327.035,
880.1454,solve.va_sample,2,327.035,
880.6457,solve.va_sample,2,327.035,
881.1459,solve.va_sample,2,327.035,
881.6462,solve.va_sample,2,327.035,
882.1464,solve.va_sample,2,327.035,
882.6467,solve.va_sample,2,327.035,
883.1469,solve.va_sample,2,327.035,
883.6472,solve.va_sample,2,327.035,
884.1474,solve.va_sample,2,327.035,
884.6477,solve.va_sample,2,327.035,
885.1479,solve.va_sample,2,327.035,
885.6482,solve.va_sample,2,327.035,
886.1484,solve.va_sample,2,327.035,
886.6486,solve.va_sample,2,327.035,
887.1489,solve.va_sample,2,327.035,
887.6491,solve.va_sample,2,327.035,
888.1494,solve.va_sample,2,327.035,
888.6496,solve.va_sample,2,327.035,
889.1499,solve.va_sample,2,327.035,
889.6501,solve.va_sample,2,327.035,
890.1503,solve.va_sample,2,327.035,
890.6506,solve.va_sample,2,327.035,
891.1508,solve.va_sample,2,327.035,
891.6510,solve.va_sample,2,327.035,
892.1513,solve.va_sample,2,327.035,
892.6515,solve.va_sample,2,327.035,
893.1518,solve.va_sample,2,327.035,
893.6520,solve.va_sample,2,327.035,
894.1523,solve.va_sample,2,327.035,
894.6525,solve.va_sample,2,327.035,
895.1528,solve.va_sample,2,327.035,
895.6530,solve.va_sample,2,327.035,
896.1532,solve.va_sample,2,327.035,
896.6535,solve.va_sample,2,327.035,
897.1537,solve.va_sample,2,327.035,
897.6540,solve.va_sample,2,327.035,
898.1542,solve.va_sample,2,327.035,
898.6544,solve.va_sample,2,327.035,
899.1547,solve.va_sample,2,327.035,
899.6549,solve.va_sample,2,327.035,
900.1552,solve.va_sample,2,327.035,
900.6554,solve.va_sample,2,327.035,
901.1556,solve.va_sample,2,327.035,
901.6559,solve.va_sample,2,327.035,
902.1561,solve.va_sample,2,327.035,
902.6564,solve.va_sample,2,327.035,
903.1566,solve.va_sample,2,327.035,
903.6569,solve.va_sample,2,327.035,
904.1572,solve.va_sample,2,327.035,
904.6574,solve.va_sample,2,327.035,
905.1577,solve.va_sample,2,327.035,
905.6579,solve.va_sample,2,327.035,
906.1582,solve.va_sample,2,327.035,
906.6584,solve.va_sample,2,327.035,
907.1586,solve.va_sample,2,327.035,
907.6589,solve.va_sample,2,327.035,
908.1591,solve.va_sample,2,327.035,
908.6593,solve.va_sample,2,327.035,
909.1595,solve.va_sample,2,327.035,
909.6598,solve.va_sample,2,327.035,
910.1600,solve.va_sample,2,327.035,
910.6602,solve.va_sample,2,327.035,
911.1605,solve.va_sample,2,327.035,
911.6607,solve.va_sample,2,327.035,
912.1609,solve.va_sample,2,327.035,
912.6612,solve.va_sample,2,327.035,
913.1615,solve.va_sample,2,327.035,
913.6617,solve.va_sample,2,327.035,
914.1620,solve.va_sample,2,327.035,
914.6622,solve.va_sample,2,327.035,
915.1625,solve.va_sample,2,327.035,
915.6627,solve.va_sample,2,327.035,
916.1630,solve.va_sample,2,327.035,
916.6632,solve.va_sample,2,327.035,
917.1635,solve.va_sample,2,327.035,
917.6637,solve.va_sample,2,327.035,
918.1640,solve.va_sample,2,327.035,
918.6642,solve.va_sample,2,327.035,
919.1645,solve.va_sample,2,327.035,
919.6647,solve.va_sample,2,327.035,
920.1649,solve.va_sample,2,327.035,
920.6652,solve.va_sample,2,327.035,
921.1654,solve.va_sample,2,327.035,
921.6656,solve.va_sample,2,327.035,
922.1659,solve.va_sample,2,327.035,
922.6661,solve.va_sample,2,327.035,
923.1664,solve.va_sample,2,327.035,
923.6667,solve.va_sample,2,327.035,
924.1669,solve.va_sample,2,327.035,
924.6672,solve.va_sample,2,327.035,
925.1674,solve.va_sample,2,327.035,
925.6676,solve.va_sample,2,327.035,
926.1679,solve.va_sample,2,327.035,
926.6681,solve.va_sample,2,327.035,
927.1683,solve.va_sample,2,327.035,
927.6686,solve.va_sample,2,327.035,
928.1688,solve.va_sample,2,327.035,
928.6690,solve.va_sample,2,327.035,
929.1693,solve.va_sample,2,327.035,
929.6695,solve.va_sample,2,327.035,
930.1697,solve.va_sample,2,327.035,
930.6700,solve.va_sample,2,327.035,
931.1702,solve.va_sample,2,327.035,
931.6705,solve.va_sample,2,327.035,
932.1707,solve.va_sample,2,327.035,
932.6709,solve.va_sample,2,327.035,
933.1712,solve.va_sample,2,327.035,
933.6714,solve.va_sample,2,327.035,
934.1717,solve.va_sample,2,327.035,
934.6720,solve.va_sample,2,327.035,
935.1722,solve.va_sample,2,327.035,
935.6724,solve.va_sample,2,327.035,
936.1727,solve.va_sample,2,327.035,
936.6729,solve.va_sample,2,327.035,
937.1732,solve.va_sample,2,327.035,
937.6734,solve.va_sample,2,327.035,
938.1736,solve.va_sample,2,327.035,
938.6739,solve.va_sample,2,327.035,
939.1741,solve.va_sample,2,327.035,
939.6743,solve.va_sample,2,327.035,
940.1746,solve.va_sample,2,327.035,
940.6748,solve.va_sample,2,327.035,
941.1751,solve.va_sample,2,327.035,
941.6753,solve.va_sample,2,327.035,
942.1755,solve.va_sample,2,327.035,
942.6758,solve.va_sample,2,327.035,
943.1760,solve.va_sample,2,327.035,
943.6763,solve.va_sample,2,327.035,
944.1766,solve.va_sample,2,327.293,
944.6768,solve.va_sample,2,327.293,
945.1771,solve.va_sample,2,327.293,
945.6773,solve.va_sample,2,327.293,
946.1776,solve.va_sample,2,327.293,
946.6778,solve.va_sample,2,327.293,
947.1781,solve.va_sample,2,327.293,
947.6783,solve.va_sample,2,327.293,
948.1785,solve.va_sample,2,327.293,
948.6788,solve.va_sample,2,327.293,
949.1790,solve.va_sample,2,327.293,
949.6792,solve.va_sample,2,327.293,
950.1795,solve.va_sample,2,327.293,
950.6797,solve.va_sample,2,327.293,
951.1799,solve.va_sample,2,327.293,
951.6802,solve.va_sample,2,327.293,
952.1804,solve.va_sample,2,327.293,
952.6807,solve.va_sample,2,327.293,
953.1809,solve.va_sample,2,327.293,
953.6812,solve.va_sample,2,327.293,
954.1814,solve.va_sample,2,327.293,
954.6817,solve.va_sample,2,327.293,
955.1819,solve.va_sample,2,327.293,
955.6822,solve.va_sample,2,327.293,
956.1824,solve.va_sample,2,327.293,
956.6826,solve.va_sample,2,327.293,
957.1829,solve.va_sample,2,327.293,
957.6831,solve.va_sample,2,327.293,
958.1833,solve.va_sample,2,327.293,
958.6836,solve.va_sample,2,327.293,
959.1838,solve.va_sample,2,327.293,
959.6841,solve.va_sample,2,327.293,
960.1843,solve.va_sample,2,327.293,
960.6846,solve.va_sample,2,327.293,
961.1848,solve.va_sample,2,327.293,
961.6850,solve.va_sample,2,327.293,
962.1853,solve.va_sample,2,327.293,
962.6855,solve.va_sample,2,327.293,
963.1857,solve.va_sample,2,327.293,
963.6860,solve.va_sample,2,327.293,
964.1863,solve.va_sample,2,327.293,
964.6865,solve.va_sample,2,327.293,
965.1867,solve.va_sample,2,327.293,
965.6870,solve.va_sample,2,327.293,
966.1872,solve.va_sample,2,327.293,
966.6875,solve.va_sample,2,327.293,
967.1877,solve.va_sample,2,327.293,
967.6879,solve.va_sample,2,327.293,
968.1882,solve.va_sample,2,327.293,
968.6884,solve.va_sample,2,327.293,
969.1887,solve.va_sample,2,327.293,
969.6889,solve.va_sample,2,327.293,
970.1891,solve.va_sample,2,327.293,
970.6894,solve.va_sample,2,327.293,
971.1896,solve.va_sample,2,327.293,
971.6898,solve.va_sample,2,327.293,
972.1901,solve.va_sample,2,327.293,
972.6903,solve.va_sample,2,327.293,
973.1906,solve.va_sample,2,327.293,
973.6909,solve.va_sample,2,327.293,
974.1911,solve.va_sample,2,327.293,
974.6914,solve.va_sample,2,327.293,
975.1916,solve.va_sample,2,327.293,
975.6919,solve.va_sample,2,327.293,
976.1921,solve.va_sample,2,327.293,
976.6923,solve.va_sample,2,327.293,
977.1926,solve.va_sample,2,327.293,
977.6928,solve.va_sample,2,327.293,
978.1931,solve.va_sample,2,327.293,
978.6933,solve.va_sample,2,327.293,
979.1936,solve.va_sample,2,327.293,
979.6938,solve.va_sample,2,327.293,
980.1941,solve.va_sample,2,327.293,
980.6943,solve.va_sample,2,327.293,
981.1945,solve.va_sample,2,327.293,
981.6948,solve.va_sample,2,327.293,
982.1950,solve.va_sample,2,327.293,
982.6953,solve.va_sample,2,327.293,
983.1955,solve.va_sample,2,327.293,
983.6957,solve.va_sample,2,327.293,
984.1960,solve.va_sample,2,327.293,
984.6962,solve.va_sample,2,327.293,
985.1964,solve.va_sample,2,327.293,
985.6967,solve.va_sample,2,327.293,
986.1969,solve.va_sample,2,327.293,
986.6971,solve.va_sample,2,327.293,
987.1974,solve.va_sample,2,327.293,
987.6976,solve.va_sample,2,327.293,
988.1979,solve.va_sample,2,327.293,
988.6981,solve.va_sample,2,327.293,
989.1983,solve.va_sample,2,327.293,
989.6986,solve.va_sample,2,327.293,
990.1988,solve.va_sample,2,327.293,
990.6990,solve.va_sample,2,327.293,
991.1993,solve.va_sample,2,327.293,
991.6995,solve.va_sample,2,327.293,
992.1997,solve.va_sample,2,327.293,
992.6999,solve.va_sample,2,327.293,
993.2002,solve.va_sample,2,327.293,
993.7004,solve.va_sample,2,327.293,
994.2007,solve.va_sample,2,327.293,
994.7009,solve.va_sample,2,327.293,
995.2012,solve.va_sample,2,327.293,
995.7014,solve.va_sample,2,327.293,
996.2017,solve.va_sample,2,327.293,
996.7019,solve.va_sample,2,327.293,
997.2022,solve.va_sample,2,327.293,
997.7024,solve.va_sample,2,327.293,
998.2027,solve.va_sample,2,327.293,
998.7029,solve.va_sample,2,327.293,
999.2031,solve.va_sample,2,327.293,
999.7034,solve.va_sample,2,327.293,
1000.2036,solve.va_sample,2,327.293,
1000.7038,solve.va_sample,2,327.293,
1001.2041,solve.va_sample,2,327.293,
1001.7043,solve.va_sample,2,327.293,
1002.2046,solve.va_sample,2,327.293,
1002.7048,solve.va_sample,2,327.293,
1003.2051,solve.va_sample,2,327.293,
1003.7053,solve.va_sample,2,327.293,
1004.2056,solve.va_sample,2,327.293,
1004.7058,solve.va_sample,2,327.293,
1005.2061,solve.va_sample,2,327.293,
1005.7063,solve.va_sample,2,327.293,
1006.2066,solve.va_sample,2,327.293,
1006.7068,solve.va_sample,2,327.293,
1007.2070,solve.va_sample,2,327.293,
1007.7073,solve.va_sample,2,327.293,
1008.2075,solve.va_sample,2,327.293,
1008.7077,solve.va_sample,2,327.293,
1009.2079,solve.va_sample,2,327.293,
1009.7082,solve.va_sample,2,327.293,
1010.2084,solve.va_sample,2,327.293,
1010.7086,solve.va_sample,2,327.293,
1011.2089,solve.va_sample,2,327.293,
1011.7091,solve.va_sample,2,327.293,
1012.2093,solve.va_sample,2,327.293,
1012.7096,solve.va_sample,2,327.293,
1013.2098,solve.va_sample,2,327.293,
1013.7101,solve.va_sample,2,327.293,
1014.2103,solve.va_sample,2,327.293,
1014.7106,solve.va_sample,2,327.293,
1015.2108,solve.va_sample,2,327.293,
1015.7110,solve.va_sample,2,327.293,
1016.2113,solve.va_sample,2,327.293,
1016.7116,solve.va_sample,2,327.293,
1017.2118,solve.va_sample,2,327.293,
1017.7120,solve.va_sample,2,327.293,
1018.2123,solve.va_sample,2,327.293,
1018.7125,solve.va_sample,2,327.293,
1019.2127,solve.va_sample,2,327.293,
1019.7130,solve.va_sample,2,327.293,
1020.2132,solve.va_sample,2,327.293,
1020.7135,solve.va_sample,2,327.293,
1021.2137,solve.va_sample,2,327.293,
1021.7140,solve.va_sample,2,327.293,
1022.2142,solve.va_sample,2,327.293,
1022.7144,solve.va_sample,2,327.293,
1023.2147,solve.va_sample,2,327.293,
1023.7149,solve.va_sample,2,327.293,
1024.2152,solve.va_sample,2,327.293,
1024.7154,solve.va_sample,2,327.293,
1025.2157,solve.va_sample,2,327.293,
1025.7159,solve.va_sample,2,327.293,
1026.2162,solve.va_sample,2,327.293,
1026.7164,solve.va_sample,2,327.293,
1027.2166,solve.va_sample,2,327.293,
1027.7169,solve.va_sample,2,327.293,
1028.2171,solve.va_sample,2,327.293,
1028.7173,solve.va_sample,2,327.293,
1029.2176,solve.va_sample,2,327.293,
1029.7178,solve.va_sample,2,327.293,
1030.2181,solve.va_sample,2,327.293,
1030.7183,solve.va_sample,2,327.293,
1031.2186,solve.va_sample,2,327.293,
1031.7188,solve.va_sample,2,327.293,
1032.2191,solve.va_sample,2,327.293,
1032.7193,solve.va_sample,2,327.293,
1033.2195,solve.va_sample,2,327.293,
1033.7198,solve.va_sample,2,327.293,
1034.2201,solve.va_sample,2,327.293,
1034.7203,solve.va_sample,2,327.293,
1035.2206,solve.va_sample,2,327.293,
1035.7208,solve.va_sample,2,327.293,
1036.2210,solve.va_sample,2,327.293,
1036.7213,solve.va_sample,2,327.293,
1037.2215,solve.va_sample,2,327.293,
1037.7217,solve.va_sample,2,327.293,
1038.2220,solve.va_sample,2,327.293,
1038.7222,solve.va_sample,2,327.293,
1039.2224,solve.va_sample,2,327.293,
1039.7227,solve.va_sample,2,327.293,
1040.2229,solve.va_sample,2,327.293,
1040.7231,solve.va_sample,2,327.293,
1041.2234,solve.va_sample,2,327.293,
1041.7236,solve.va_sample,2,327.293,
1042.2239,solve.va_sample,2,327.293,
1042.7241,solve.va_sample,2,327.293,
1043.2243,solve.va_sample,2,327.293,
1043.7246,solve.va_sample,2,327.293,
1044.2249,solve.va_sample,2,327.293,
1044.7251,solve.va_sample,2,327.293,
1045.2254,solve.va_sample,2,327.293,
1045.7256,solve.va_sample,2,327.293,
1046.2259,solve.va_sample,2,327.293,
1046.7261,solve.va_sample,2,327.293,
1047.2263,solve.va_sample,2,327.293,
1047.7266,solve.va_sample,2,327.293,
1048.2268,solve.va_sample,2,327.293,
1048.7270,solve.va_sample,2,327.293,
1049.2273,solve.va_sample,2,327.293,
1049.7275,solve.va_sample,2,327.293,
1050.2277,solve.va_sample,2,327.293,
1050.7280,solve.va_sample,2,327.293,
1051.2282,solve.va_sample,2,327.293,
1051.7284,solve.va_sample,2,327.293,
1052.2287,solve.va_sample,2,327.293,
1052.7289,solve.va_sample,2,327.293,
1053.2291,solve.va_sample,2,327.293,
1053.7294,solve.va_sample,2,327.293,
1054.2297,solve.va_sample,2,327.293,
1054.7299,solve.va_sample,2,327.293,
1055.2302,solve.va_sample,2,327.293,
1055.7304,solve.va_sample,2,327.293,
1056.2307,solve.va_sample,2,327.293,
1056.7309,solve.va_sample,2,327.293,
1057.2311,solve.va_sample,2,327.293,
1057.7314,solve.va_sample,2,327.293,
1058.2316,solve.va_sample,2,327.293,
1058.7319,solve.va_sample,2,327.293,
1059.2321,solve.va_sample,2,327.293,
1059.7324,solve.va_sample,2,327.293,
1060.2326,solve.va_sample,2,327.293,
1060.7329,solve.va_sample,2,327.293,
1061.2331,solve.va_sample,2,327.293,
1061.7334,solve.va_sample,2,327.293,
1062.2336,solve.va_sample,2,327.293,
1062.7339,solve.va_sample,2,327.293,
1063.2341,solve.va_sample,2,327.293,
1063.7343,solve.va_sample,2,327.293,
1064.2346,solve.va_sample,2,327.293,
1064.7348,solve.va_sample,2,327.293,
1065.2351,solve.va_sample,2,327.293,
1065.7353,solve.va_sample,2,327.293,
1066.2355,solve.va_sample,2,327.293,
1066.7358,solve.va_sample,2,327.293,
1067.2360,solve.va_sample,2,327.293,
1067.7362,solve.va_sample,2,327.293,
1068.2365,solve.va_sample,2,327.293,
1068.7367,solve.va_sample,2,327.293,
1069.2370,solve.va_sample,2,327.293,
1069.7372,solve.va_sample,2,327.293,
1070.2374,solve.va_sample,2,327.293,
1070.7377,solve.va_sample,2,327.293,
1071.2379,solve.va_sample,2,327.293,
1071.7381,solve.va_sample,2,327.293,
1072.2384,solve.va_sample,2,327.293,
1072.7386,solve.va_sample,2,327.293,
1073.2389,solve.va_sample,2,327.293,
1073.7391,solve.va_sample,2,327.293,
1074.2393,solve.va_sample,2,327.293,
1074.7396,solve.va_sample,2,327.293,
1075.2398,solve.va_sample,2,327.293,
1075.7401,solve.va_sample,2,327.293,
1076.2403,solve.va_sample,2,327.293,
1076.7405,solve.va_sample,2,327.293,
1077.2408,solve.va_sample,2,327.293,
1077.7410,solve.va_sample,2,327.293,
1078.2412,solve.va_sample,2,327.293,
1078.7415,solve.va_sample,2,327.293,
1079.2417,solve.va_sample,2,327.293,
1079.7419,solve.va_sample,2,327.293,
1080.2422,solve.va_sample,2,327.293,
1080.7424,solve.va_sample,2,327.293,
1081.2426,solve.va_sample,2,327.293,
1081.7429,solve.va_sample,2,327.293,
1082.2431,solve.va_sample,2,327.293,
1082.7433,solve.va_sample,2,327.293,
1083.2436,solve.va_sample,2,327.293,
1083.7439,solve.va_sample,2,327.293,
1084.2441,solve.va_sample,2,327.293,
1084.7444,solve.va_sample,2,327.293,
1085.2446,solve.va_sample,2,327.293,
1085.7449,solve.va_sample,2,327.293,
1086.2451,solve.va_sample,2,327.293,
1086.7454,solve.va_sample,2,327.293,
1087.2457,solve.va_sample,2,327.293,
1087.7459,solve.va_sample,2,327.293,
1088.2461,solve.va_sample,2,327.293,
1088.7464,solve.va_sample,2,327.293,
1089.2466,solve.va_sample,2,327.293,
1089.7468,solve.va_sample,2,327.293,
1090.2471,solve.va_sample,2,327.293,
1090.7473,solve.va_sample,2,327.293,
1091.2475,solve.va_sample,2,327.293,
1091.7478,solve.va_sample,2,327.293,
1092.2480,solve.va_sample,2,327.293,
1092.7483,solve.va_sample,2,327.293,
1093.2486,solve.va_sample,2,327.293,
1093.7489,solve.va_sample,2,327.293,
1094.2491,solve.va_sample,2,327.293,
1094.7494,solve.va_sample,2,327.293,
1095.2496,solve.va_sample,2,327.293,
1095.7499,solve.va_sample,2,327.293,
1096.2501,solve.va_sample,2,327.293,
1096.7504,solve.va_sample,2,327.293,
1097.2506,solve.va_sample,2,327.293,
1097.7509,solve.va_sample,2,327.293,
1098.2511,solve.va_sample,2,327.293,
1098.7514,solve.va_sample,2,327.293,
1099.2516,solve.va_sample,2,327.293,
1099.7519,solve.va_sample,2,327.293,
1100.2521,solve.va_sample,2,327.293,
1100.7523,solve.va_sample,2,327.293,
1101.2526,solve.va_sample,2,327.293,
1101.7529,solve.va_sample,2,327.293,
1102.2532,solve.va_sample,2,327.293,
1102.7534,solve.va_sample,2,327.293,
1103.2536,solve.va_sample,2,327.293,
1103.7539,solve.va_sample,2,327.293,
1104.2541,solve.va_sample,2,327.293,
1104.7544,solve.va_sample,2,327.293,
1105.2546,solve.va_sample,2,327.293,
1105.7548,solve.va_sample,2,327.293,
1106.2551,solve.va_sample,2,327.293,
1106.7553,solve.va_sample,2,327.293,
1107.2556,solve.va_sample,2,327.293,
1107.7558,solve.va_sample,2,327.293,
1108.2561,solve.va_sample,2,327.293,
1108.7563,solve.va_sample,2,327.293,
1109.2565,solve.va_sample,2,327.293,
1109.7568,solve.va_sample,2,327.293,
1110.2570,solve.va_sample,2,327.293,
1110.7572,solve.va_sample,2,327.293,
1111.2575,solve.va_sample,2,327.293,
1111.7577,solve.va_sample,2,327.293,
1112.2580,solve.va_sample,2,327.293,
1112.7582,solve.va_sample,2,327.293,
1113.2584,solve.va_sample,2,327.293,
1113.7586,solve.va_sample,2,327.293,
1114.2589,solve.va_sample,2,327.293,
1114.7591,solve.va_sample,2,327.293,
1115.2594,solve.va_sample,2,327.293,
1115.7596,solve.va_sample,2,327.293,
1116.2599,solve.va_sample,2,327.293,
1116.7601,solve.va_sample,2,327.293,
1117.2603,solve.va_sample,2,327.293,
1117.7606,solve.va_sample,2,327.293,
1118.2608,solve.va_sample,2,327.293,
1118.7610,solve.va_sample,2,327.293,
1119.2613,solve.va_sample,2,327.293,
1119.7615,solve.va_sample,2,327.293,
1120.2618,solve.va_sample,2,327.293,
1120.7620,solve.va_sample,2,327.293,
1121.2623,solve.va_sample,2,327.293,
1121.7625,solve.va_sample,2,327.293,
1122.2627,solve.va_sample,2,327.293,
1122.7630,solve.va_sample,2,327.293,
1123.2632,solve.va_sample,2,327.293,
1123.7634,solve.va_sample,2,327.293,
1124.2637,solve.va_sample,2,327.293,
1124.7639,solve.va_sample,2,327.293,
1125.2641,solve.va_sample,2,327.293,
1125.7644,solve.va_sample,2,327.293,
1126.2646,solve.va_sample,2,327.293,
1126.7649,solve.va_sample,2,327.293,
1127.2651,solve.va_sample,2,327.293,
1127.7654,solve.va_sample,2,327.293,
1128.2656,solve.va_sample,2,327.293,
1128.7659,solve.va_sample,2,327.293,
1129.2661,solve.va_sample,2,327.293,
1129.7664,solve.va_sample,2,327.293,
1130.2666,solve.va_sample,2,327.293,
1130.7669,solve.va_sample,2,327.293,
1131.2671,solve.va_sample,2,327.293,
1131.7674,solve.va_sample,2,327.293,
1132.2676,solve.va_sample,2,327.293,
1132.7679,solve.va_sample,2,327.293,
1133.2681,solve.va_sample,2,327.293,
1133.7683,solve.va_sample,2,327.293,
1134.2686,solve.va_sample,2,327.293,
1134.7688,solve.va_sample,2,327.293,
1135.2691,solve.va_sample,2,327.293,
1135.7693,solve.va_sample,2,327.293,
1136.2695,solve.va_sample,2,327.293,
1136.7698,solve.va_sample,2,327.293,
1137.2700,solve.va_sample,2,327.293,
1137.7703,solve.va_sample,2,327.293,
1138.2705,solve.va_sample,2,327.293,
1138.7707,solve.va_sample,2,327.293,
1139.2710,solve.va_sample,2,327.293,
1139.7712,solve.va_sample,2,327.293,
1140.2715,solve.va_sample,2,327.293,
1140.7717,solve.va_sample,2,327.293,
1141.2719,solve.va_sample,2,327.293,
1141.7722,solve.va_sample,2,327.293,
1142.2724,solve.va_sample,2,327.293,
1142.7727,solve.va_sample,2,327.293,
1143.2729,solve.va_sample,2,327.293,
1143.7731,solve.va_sample,2,327.293,
1144.2734,solve.va_sample,2,327.293,
1144.7737,solve.va_sample,2,327.293,
1145.2739,solve.va_sample,2,327.293,
1145.7741,solve.va_sample,2,327.293,
1146.2744,solve.va_sample,2,327.293,
1146.7746,solve.va_sample,2,327.293,
1147.2749,solve.va_sample,2,327.293,
1147.7751,solve.va_sample,2,327.293,
1148.2754,solve.va_sample,2,327.293,
1148.7756,solve.va_sample,2,327.293,
1149.2758,solve.va_sample,2,327.293,
1149.7761,solve.va_sample,2,327.293,
1150.2763,solve.va_sample,2,327.293,
1150.7765,solve.va_sample,2,327.293,
1151.2767,solve.va_sample,2,327.293,
1151.7770,solve.va_sample,2,327.293,
1152.2772,solve.va_sample,2,327.293,
1152.7775,solve.va_sample,2,327.293,
1153.2777,solve.va_sample,2,327.293,
1153.7780,solve.va_sample,2,327.293,
1154.2782,solve.va_sample,2,327.293,
1154.7785,solve.va_sample,2,327.293,
1155.2787,solve.va_sample,2,327.293,
1155.7790,solve.va_sample,2,327.293,
1156.2792,solve.va_sample,2,327.293,
1156.7794,solve.va_sample,2,327.293,
1157.2797,solve.va_sample,2,327.293,
1157.7799,solve.va_sample,2,327.293,
1158.2802,solve.va_sample,2,327.293,
1158.7804,solve.va_sample,2,327.293,
1159.2807,solve.va_sample,2,327.293,
1159.7809,solve.va_sample,2,327.293,
1160.2812,solve.va_sample,2,327.293,
1160.7814,solve.va_sample,2,327.293,
1161.2817,solve.va_sample,2,327.293,
1161.7819,solve.va_sample,2,327.293,
1162.2822,solve.va_sample,2,327.293,
1162.7824,solve.va_sample,2,327.293,
1163.2827,solve.va_sample,2,327.293,
1163.7829,solve.va_sample,2,327.293,
1164.2832,solve.va_sample,2,327.293,
1164.7834,solve.va_sample,2,327.293,
1165.2837,solve.va_sample,2,327.293,
1165.7839,solve.va_sample,2,327.293,
1166.2842,solve.va_sample,2,327.293,
1166.7844,solve.va_sample,2,327.293,
1167.2847,solve.va_sample,2,327.293,
1167.7849,solve.va_sample,2,327.293,
1168.2851,solve.va_sample,2,327.293,
1168.7854,solve.va_sample,2,327.293,
1169.2856,solve.va_sample,2,327.293,
1169.7859,solve.va_sample,2,327.293,
1170.2861,solve.va_sample,2,327.293,
1170.7863,solve.va_sample,2,327.293,
1171.2866,solve.va_sample,2,327.293,
1171.7869,solve.va_sample,2,327.293,
1172.2871,solve.va_sample,2,327.293,
1172.7874,solve.va_sample,2,327.293,
1173.2877,solve.va_sample,2,327.293,
1173.7879,solve.va_sample,2,327.293,
1174.2882,solve.va_sample,2,327.293,
1174.7884,solve.va_sample,2,327.293,
1175.2887,solve.va_sample,2,327.293,
1175.7889,solve.va_sample,2,327.293,
1176.2892,solve.va_sample,2,327.293,
1176.7894,solve.va_sample,2,327.293,
1177.2896,solve.va_sample,2,327.293,
1177.7899,solve.va_sample,2,327.293,
1178.2901,solve.va_sample,2,327.293,
1178.7904,solve.va_sample,2,327.293,
1179.2906,solve.va_sample,2,327.293,
1179.7909,solve.va_sample,2,327.293,
1180.2911,solve.va_sample,2,327.293,
1180.7914,solve.va_sample,2,327.293,
1181.2916,solve.va_sample,2,327.293,
1181.7919,solve.va_sample,2,327.293,
1182.2921,solve.va_sample,2,327.293,
1182.7924,solve.va_sample,2,327.293,
1183.2926,solve.va_sample,2,327.293,
1183.7929,solve.va_sample,2,327.293,
1184.2931,solve.va_sample,2,327.293,
1184.7934,solve.va_sample,2,327.293,
1185.2936,solve.va_sample,2,327.293,
1185.7938,solve.va_sample,2,327.293,
1186.2941,solve.va_sample,2,327.293,
1186.7944,solve.va_sample,2,327.293,
1187.2946,solve.va_sample,2,327.293,
1187.7949,solve.va_sample,2,327.293,
1188.2951,solve.va_sample,2,327.293,
1188.7954,solve.va_sample,2,327.293,
1189.2956,solve.va_sample,2,327.293,
1189.7959,solve.va_sample,2,327.293,
1190.2961,solve.va_sample,2,327.293,
1190.7964,solve.va_sample,2,327.293,
1191.2966,solve.va_sample,2,327.293,
1191.7969,solve.va_sample,2,327.293,
1192.2971,solve.va_sample,2,327.293,
1192.7974,solve.va_sample,2,327.293,
1193.2976,solve.va_sample,2,327.293,
1193.7978,solve.va_sample,2,327.293,
1194.2981,solve.va_sample,2,327.293,
1194.7983,solve.va_sample,2,327.293,
1195.2986,solve.va_sample,2,327.293,
1195.7988,solve.va_sample,2,327.293,
1196.2991,solve.va_sample,2,327.293,
1196.7993,solve.va_sample,2,327.293,
1197.2995,solve.va_sample,2,327.293,
1197.7998,solve.va_sample,2,327.293,
1198.3000,solve.va_sample,2,327.293,
1198.8003,solve.va_sample,2,327.293,
1199.3005,solve.va_sample,2,327.293,
1199.8008,solve.va_sample,2,327.293,
1200.3010,solve.va_sample,2,327.293,
1200.8013,solve.va_sample,2,327.293,
1201.3015,solve.va_sample,2,327.293,
1201.8018,solve.va_sample,2,327.293,
1202.3020,solve.va_sample,2,327.293,
1202.8023,solve.va_sample,2,327.293,
1203.3025,solve.va_sample,2,327.293,
1203.8027,solve.va_sample,2,327.293,
1204.3030,solve.va_sample,2,327.293,
1204.8032,solve.va_sample,2,327.293,
1205.3035,solve.va_sample,2,327.293,
1205.8037,solve.va_sample,2,327.293,
1206.3040,solve.va_sample,2,327.293,
1206.8043,solve.va_sample,2,327.293,
1207.3045,solve.va_sample,2,327.293,
1207.8048,solve.va_sample,2,327.293,
1208.3050,solve.va_sample,2,327.293,
1208.8053,solve.va_sample,2,327.293,
1209.3055,solve.va_sample,2,327.293,
1209.8058,solve.va_sample,2,327.293,
1210.3061,solve.va_sample,2,327.293,
1210.8063,solve.va_sample,2,327.293,
1211.3066,solve.va_sample,2,327.293,
1211.8068,solve.va_sample,2,327.293,
1212.3071,solve.va_sample,2,327.293,
1212.8074,solve.va_sample,2,327.293,
1213.3076,solve.va_sample,2,327.293,
1213.8079,solve.va_sample,2,327.293,
1214.3081,solve.va_sample,2,327.293,
1214.8084,solve.va_sample,2,327.293,
1215.3086,solve.va_sample,2,327.293,
1215.8088,solve.va_sample,2,327.293,
1216.3091,solve.va_sample,2,327.293,
1216.8093,solve.va_sample,2,327.293,
1217.3096,solve.va_sample,2,327.293,
1217.8098,solve.va_sample,2,327.293,
1218.3100,solve.va_sample,2,327.293,
1218.8103,solve.va_sample,2,327.293,
1219.3105,solve.va_sample,2,327.293,
1219.8107,solve.va_sample,2,327.293,
1220.3110,solve.va_sample,2,327.293,
1220.8112,solve.va_sample,2,327.293,
1221.3115,solve.va_sample,2,327.293,
1221.8117,solve.va_sample,2,327.293,
1222.3120,solve.va_sample,2,327.293,
1222.8122,solve.va_sample,2,327.293,
1223.3125,solve.va_sample,2,327.293,
1223.8127,solve.va_sample,2,327.293,
1224.3130,solve.va_sample,2,327.293,
1224.8132,solve.va_sample,2,327.293,
1225.3135,solve.va_sample,2,327.293,
1225.8137,solve.va_sample,2,327.293,
1226.3140,solve.va_sample,2,327.293,
1226.8142,solve.va_sample,2,327.293,
1227.3145,solve.va_sample,2,327.293,
1227.8147,solve.va_sample,2,327.293,
1228.3150,solve.va_sample,2,327.293,
1228.8153,solve.va_sample,2,327.293,
1229.3155,solve.va_sample,2,327.293,
1229.8157,solve.va_sample,2,327.293,
1230.3160,solve.va_sample,2,327.293,
1230.8162,solve.va_sample,2,327.293,
1231.3165,solve.va_sample,2,327.293,
1231.8167,solve.va_sample,2,327.293,
1232.3170,solve.va_sample,2,327.293,
1232.8172,solve.va_sample,2,327.293,
1233.3174,solve.va_sample,2,327.293,
1233.8177,solve.va_sample,2,327.293,
1234.3179,solve.va_sample,2,327.293,
1234.8182,solve.va_sample,2,327.293,
1235.3184,solve.va_sample,2,327.293,
1235.8186,solve.va_sample,2,327.293,
1236.3189,solve.va_sample,2,327.293,
1236.8191,solve.va_sample,2,327.293,
1237.3193,solve.va_sample,2,327.293,
1237.8195,solve.va_sample,2,327.293,
1238.3198,solve.va_sample,2,327.293,
1238.8200,solve.va_sample,2,327.293,
1239.3203,solve.va_sample,2,327.293,
1239.8205,solve.va_sample,2,327.293,
1240.3207,solve.va_sample,2,327.293,
1240.8210,solve.va_sample,2,327.293,
1241.3212,solve.va_sample,2,327.293,
1241.8214,solve.va_sample,2,327.293,
1242.3217,solve.va_sample,2,327.293,
1242.8219,solve.va_sample,2,327.293,
1243.3222,solve.va_sample,2,327.293,
1243.8224,solve.va_sample,2,327.293,
1244.3227,solve.va_sample,2,327.293,
1244.8229,solve.va_sample,2,327.293,
1245.3231,solve.va_sample,2,327.293,
1245.8234,solve.va_sample,2,327.293,
1246.3236,solve.va_sample,2,327.293,
1246.8239,solve.va_sample,2,327.293,
1247.3241,solve.va_sample,2,327.293,
1247.8243,solve.va_sample,2,327.293,
1248.3246,solve.va_sample,2,327.293,
1248.8248,solve.va_sample,2,327.293,
1249.3250,solve.va_sample,2,327.293,
1249.8253,solve.va_sample,2,327.293,
1250.3255,solve.va_sample,2,327.293,
1250.8257,solve.va_sample,2,327.293,
1251.3260,solve.va_sample,2,327.293,
1251.8262,solve.va_sample,2,327.293,
1252.3264,solve.va_sample,2,327.293,
1252.8267,solve.va_sample,2,327.293,
1253.3269,solve.va_sample,2,327.293,
1253.8271,solve.va_sample,2,327.293,
1254.3274,solve.va_sample,2,327.293,
1254.8276,solve.va_sample,2,327.293,
1255.3279,solve.va_sample,2,327.293,
1255.8281,solve.va_sample,2,327.293,
1256.3283,solve.va_sample,2,327.293,
1256.8286,solve.va_sample,2,327.293,
1257.3288,solve.va_sample,2,327.293,
1257.8291,solve.va_sample,2,327.293,
1258.3293,solve.va_sample,2,327.293,
1258.8296,solve.va_sample,2,327.293,
1259.3299,solve.va_sample,2,327.293,
1259.8301,solve.va_sample,2,327.293,
1260.3303,solve.va_sample,2,327.293,
1260.8306,solve.va_sample,2,327.293,
1261.3308,solve.va_sample,2,327.293,
1261.8311,solve.va_sample,2,327.293,
1262.3313,solve.va_sample,2,327.293,
1262.8315,solve.va_sample,2,327.293,
1263.3318,solve.va_sample,2,327.293,
1263.8320,solve.va_sample,2,327.293,
1264.3322,solve.va_sample,2,327.293,
1264.8325,solve.va_sample,2,327.293,
1265.3327,solve.va_sample,2,327.293,
1265.8329,solve.va_sample,2,327.293,
1266.3332,solve.va_sample,2,327.293,
1266.8334,solve.va_sample,2,327.293,
1267.3336,solve.va_sample,2,327.293,
1267.8339,solve.va_sample,2,327.293,
1268.3341,solve.va_sample,2,327.293,
1268.8344,solve.va_sample,2,327.293,
1269.3346,solve.va_sample,2,327.293,
1269.8348,solve.va_sample,2,327.293,
1270.3351,solve.va_sample,2,327.293,
1270.8353,solve.va_sample,2,327.293,
1271.3356,solve.va_sample,2,327.293,
1271.8358,solve.va_sample,2,327.293,
1272.3361,solve.va_sample,2,327.293,
1272.8364,solve.va_sample,2,327.293,
1273.3366,solve.va_sample,2,327.293,
1273.8368,solve.va_sample,2,327.293,
1274.3371,solve.va_sample,2,327.293,
1274.8373,solve.va_sample,2,327.293,
1275.3376,solve.va_sample,2,327.293,
1275.8378,solve.va_sample,2,327.293,
1276.3380,solve.va_sample,2,327.293,
1276.8383,solve.va_sample,2,327.293,
1277.3385,solve.va_sample,2,327.293,
1277.8388,solve.va_sample,2,327.293,
1278.3390,solve.va_sample,2,327.293,
1278.8392,solve.va_sample,2,327.293,
1279.3395,solve.va_sample,2,327.293,
1279.8397,solve.va_sample,2,327.293,
1280.3399,solve.va_sample,2,327.293,
1280.8402,solve.va_sample,2,327.293,
1281.3404,solve.va_sample,2,327.293,
1281.8406,solve.va_sample,2,327.293,
1282.3409,solve.va_sample,2,327.293,
1282.8412,solve.va_sample,2,327.293,
1283.3414,solve.va_sample,2,327.293,
1283.8416,solve.va_sample,2,327.293,
1284.3419,solve.va_sample,2,327.293,
1284.8421,solve.va_sample,2,327.293,
1285.3424,solve.va_sample,2,327.293,
1285.8426,solve.va_sample,2,327.293,
1286.3429,solve.va_sample,2,327.293,
1286.8431,solve.va_sample,2,327.293,
1287.3433,solve.va_sample,2,327.293,
1287.8436,solve.va_sample,2,327.293,
1288.3438,solve.va_sample,2,327.293,
1288.8441,solve.va_sample,2,327.293,
1289.3443,solve.va_sample,2,327.293,
1289.8446,solve.va_sample,2,327.293,
1290.3448,solve.va_sample,2,327.293,
1290.8450,solve.va_sample,2,327.293,
1291.3453,solve.va_sample,2,327.293,
1291.8455,solve.va_sample,2,327.293,
1292.3457,solve.va_sample,2,327.293,
1292.8460,solve.va_sample,2,327.293,
1293.3462,solve.va_sample,2,327.293,
1293.8464,solve.va_sample,2,327.293,
1294.3467,solve.va_sample,2,327.293,
1294.8469,solve.va_sample,2,327.293,
1295.3472,solve.va_sample,2,327.551,
1295.8474,solve.va_sample,2,327.551,
1296.3477,solve.va_sample,2,327.551,
1296.8479,solve.va_sample,2,327.551,
1297.3481,solve.va_sample,2,327.551,
1297.8484,solve.va_sample,2,327.551,
1298.3486,solve.va_sample,2,327.551,
1298.8489,solve.va_sample,2,327.551,
1299.3491,solve.va_sample,2,327.551,
1299.8493,solve.va_sample,2,327.551,
1300.3496,solve.va_sample,2,327.551,
1300.8498,solve.va_sample,2,327.551,
1301.3501,solve.va_sample,2,327.551,
1301.8503,solve.va_sample,2,327.551,
1302.3506,solve.va_sample,2,327.551,
1302.8508,solve.va_sample,2,327.551,
1303.3511,solve.va_sample,2,327.551,
1303.8513,solve.va_sample,2,327.551,
1304.3515,solve.va_sample,2,327.551,
1304.8518,solve.va_sample,2,327.551,
1305.3520,solve.va_sample,2,327.551,
1305.8523,solve.va_sample,2,327.551,
1306.3525,solve.va_sample,2,327.551,
1306.8528,solve.va_sample,2,327.551,
1307.3530,solve.va_sample,2,327.551,
1307.8532,solve.va_sample,2,327.551,
1308.3535,solve.va_sample,2,327.551,
1308.8537,solve.va_sample,2,327.551,
1309.3540,solve.va_sample,2,327.551,
1309.8542,solve.va_sample,2,327.551,
1310.3544,solve.va_sample,2,327.551,
1310.8547,solve.va_sample,2,327.551,
1311.3549,solve.va_sample,2,327.551,
1311.8552,solve.va_sample,2,327.551,
1312.3554,solve.va_sample,2,327.551,
1312.8557,solve.va_sample,2,327.551,
1313.3559,solve.va_sample,2,327.551,
1313.8562,solve.va_sample,2,327.551,
1314.3564,solve.va_sample,2,327.551,
1314.8567,solve.va_sample,2,327.551,
1315.3569,solve.va_sample,2,327.551,
1315.8572,solve.va_sample,2,327.551,
1316.3574,solve.va_sample,2,327.551,
1316.8577,solve.va_sample,2,327.551,
1317.3579,solve.va_sample,2,327.551,
1317.8582,solve.va_sample,2,327.551,
1318.3584,solve.va_sample,2,327.551,
1318.8587,solve.va_sample,2,327.551,
1319.3589,solve.va_sample,2,327.551,
1319.8591,solve.va_sample,2,327.551,
1320.3594,solve.va_sample,2,327.551,
1320.8596,solve.va_sample,2,327.551,
1321.3599,solve.va_sample,2,327.551,
1321.8601,solve.va_sample,2,327.551,
1322.3604,solve.va_sample,2,327.551,
1322.8606,solve.va_sample,2,327.551,
1323.3609,solve.va_sample,2,327.551,
1323.8611,solve.va_sample,2,327.551,
1324.3613,solve.va_sample,2,327.551,
1324.8616,solve.va_sample,2,327.551,
1325.3618,solve.va_sample,2,327.551,
1325.8621,solve.va_sample,2,327.551,
1326.3623,solve.va_sample,2,327.551,
1326.8626,solve.va_sample,2,327.551,
1327.3628,solve.va_sample,2,327.551,
1327.8630,solve.va_sample,2,327.551,
1328.3633,solve.va_sample,2,327.551,
1328.8635,solve.va_sample,2,327.551,
1329.3638,solve.va_sample,2,327.551,
1329.8640,solve.va_sample,2,327.551,
1330.3643,solve.va_sample,2,327.551,
1330.8645,solve.va_sample,2,327.551,
1331.3648,solve.va_sample,2,327.551,
1331.8650,solve.va_sample,2,327.551,
1332.3652,solve.va_sample,2,327.551,
1332.8655,solve.va_sample,2,327.551,
1333.3657,solve.va_sample,2,327.551,
1333.8660,solve.va_sample,2,327.551,
1334.3662,solve.va_sample,2,327.551,
1334.8665,solve.va_sample,2,327.551,
1335.3667,solve.va_sample,2,327.551,
1335.8670,solve.va_sample,2,327.551,
1336.3672,solve.va_sample,2,327.551,
1336.8674,solve.va_sample,2,327.551,
1337.3677,solve.va_sample,2,327.551,
1337.8679,solve.va_sample,2,327.551,
1338.3682,solve.va_sample,2,327.551,
1338.8684,solve.va_sample,2,327.551,
1339.3686,solve.va_sample,2,327.551,
1339.8689,solve.va_sample,2,327.551,
1340.3691,solve.va_sample,2,327.551,
1340.8694,solve.va_sample,2,327.551,
1341.3696,solve.va_sample,2,327.551,
1341.8699,solve.va_sample,2,327.551,
1342.3701,solve.va_sample,2,327.551,
1342.8703,solve.va_sample,2,327.551,
1343.3706,solve.va_sample,2,327.551,
1343.8709,solve.va_sample,2,327.551,
1344.3711,solve.va_sample,2,327.551,
1344.8713,solve.va_sample,2,327.551,
1345.3716,solve.va_sample,2,327.551,
1345.8718,solve.va_sample,2,327.551,
1346.3720,solve.va_sample,2,327.551,
1346.8723,solve.va_sample,2,327.551,
1347.3725,solve.va_sample,2,327.551,
1347.8728,solve.va_sample,2,327.551,
1348.3730,solve.va_sample,2,327.551,
1348.8733,solve.va_sample,2,327.551,
1349.3735,solve.va_sample,2,327.551,
1349.8738,solve.va_sample,2,327.551,
1350.3740,solve.va_sample,2,327.551,
1350.8742,solve.va_sample,2,327.551,
1351.3745,solve.va_sample,2,327.551,
1351.8747,solve.va_sample,2,327.551,
1352.3750,solve.va_sample,2,327.551,
1352.8752,solve.va_sample,2,327.551,
1353.3754,solve.va_sample,2,327.551,
1353.8757,solve.va_sample,2,327.551,
1354.3759,solve.va_sample,2,327.551,
1354.8762,solve.va_sample,2,327.551,
1355.3764,solve.va_sample,2,327.551,
1355.8767,solve.va_sample,2,327.551,
1356.3769,solve.va_sample,2,327.551,
1356.8772,solve.va_sample,2,327.551,
1357.3775,solve.va_sample,2,327.551,
1357.8777,solve.va_sample,2,327.551,
1358.3780,solve.va_sample,2,327.551,
1358.8782,solve.va_sample,2,327.551,
1359.3784,solve.va_sample,2,327.551,
1359.8787,solve.va_sample,2,327.551,
1360.3789,solve.va_sample,2,327.551,
1360.8792,solve.va_sample,2,327.551,
1361.3794,solve.va_sample,2,327.551,
1361.8797,solve.va_sample,2,327.551,
1362.3799,solve.va_sample,2,327.551,
1362.8801,solve.va_sample,2,327.551,
1363.3804,solve.va_sample,2,327.551,
1363.8806,solve.va_sample,2,327.551,
1364.3809,solve.va_sample,2,327.551,
1364.8811,solve.va_sample,2,327.551,
1365.3814,solve.va_sample,2,327.551,
1365.8816,solve.va_sample,2,327.551,
1366.3818,solve.va_sample,2,327.551,
1366.8821,solve.va_sample,2,327.551,
1367.3823,solve.va_sample,2,327.551,
1367.8826,solve.va_sample,2,327.551,
1368.3828,solve.va_sample,2,327.551,
1368.8830,solve.va_sample,2,327.551,
1369.3833,solve.va_sample,2,327.551,
1369.8835,solve.va_sample,2,327.551,
1370.3837,solve.va_sample,2,327.551,
1370.8840,solve.va_sample,2,327.551,
1371.3843,solve.va_sample,2,327.551,
1371.8845,solve.va_sample,2,327.551,
1372.3847,solve.va_sample,2,327.551,
1372.8850,solve.va_sample,2,327.551,
1373.3852,solve.va_sample,2,327.551,
1373.8855,solve.va_sample,2,327.551,
1374.3857,solve.va_sample,2,327.551,
1374.8860,solve.va_sample,2,327.551,
1375.3862,solve.va_sample,2,327.551,
1375.8864,solve.va_sample,2,327.551,
1376.3867,solve.va_sample,2,327.551,
1376.8869,solve.va_sample,2,327.551,
1377.3872,solve.va_sample,2,327.551,
1377.8874,solve.va_sample,2,327.551,
1378.3877,solve.va_sample,2,327.551,
1378.8879,solve.va_sample,2,327.551,
1379.3881,solve.va_sample,2,327.551,
1379.8884,solve.va_sample,2,327.551,
1380.3886,solve.va_sample,2,327.551,
1380.8889,solve.va_sample,2,327.551,
1381.3891,solve.va_sample,2,327.551,
1381.8894,solve.va_sample,2,327.551,
1382.3896,solve.va_sample,2,327.551,
1382.8899,solve.va_sample,2,327.551,
1383.3901,solve.va_sample,2,327.551,
1383.8903,solve.va_sample,2,327.551,
1384.3906,solve.va_sample,2,327.551,
1384.8908,solve.va_sample,2,327.551,
1385.3911,solve.va_sample,2,327.551,
1385.8913,solve.va_sample,2,327.551,
1386.3916,solve.va_sample,2,327.551,
1386.8918,solve.va_sample,2,327.551,
1387.3921,solve.va_sample,2,327.551,
1387.8923,solve.va_sample,2,327.551,
1388.3926,solve.va_sample,2,327.551,
1388.8928,solve.va_sample,2,327.551,
1389.3930,solve.va_sample,2,327.551,
1389.8933,solve.va_sample,2,327.551,
1390.3935,solve.va_sample,2,327.551,
1390.8938,solve.va_sample,2,327.551,
1391.3940,solve.va_sample,2,327.551,
1391.8942,solve.va_sample,2,327.551,
1392.3945,solve.va_sample,2,327.551,
1392.8948,solve.va_sample,2,327.551,
1393.3950,solve.va_sample,2,327.551,
1393.8953,solve.va_sample,2,327.551,
1394.3955,solve.va_sample,2,327.551,
1394.8958,solve.va_sample,2,327.551,
1395.3960,solve.va_sample,2,327.551,
1395.8962,solve.va_sample,2,327.551,
1396.3965,solve.va_sample,2,327.551,
1396.8967,solve.va_sample,2,327.551,
1397.3970,solve.va_sample,2,327.551,
1397.8972,solve.va_sample,2,327.551,
1398.3974,solve.va_sample,2,327.551,
1398.8977,solve.va_sample,2,327.551,
1399.3980,solve.va_sample,2,327.551,
1399.8982,solve.va_sample,2,327.551,
1400.3985,solve.va_sample,2,327.551,
1400.8987,solve.va_sample,2,327.551,
1401.3990,solve.va_sample,2,327.551,
1401.8992,solve.va_sample,2,327.551,
1402.3994,solve.va_sample,2,327.551,
1402.8997,solve.va_sample,2,327.551,
1403.3999,solve.va_sample,2,327.551,
1403.9002,solve.va_sample,2,327.551,
1404.4004,solve.va_sample,2,327.551,
1404.9007,solve.va_sample,2,327.551,
1405.4009,solve.va_sample,2,327.551,
1405.9012,solve.va_sample,2,327.551,
1406.4014,solve.va_sample,2,327.551,
1406.9017,solve.va_sample,2,327.551,
1407.4019,solve.va_sample,2,327.551,
1407.9022,solve.va_sample,2,327.551,
1408.4024,solve.va_sample,2,327.551,
1408.9027,solve.va_sample,2,327.551,
1409.4029,solve.va_sample,2,327.551,
1409.9032,solve.va_sample,2,327.551,
1410.4034,solve.va_sample,2,327.551,
1410.9037,solve.va_sample,2,327.551,
1411.4039,solve.va_sample,2,327.551,
1411.9042,solve.va_sample,2,327.551,
1412.4044,solve.va_sample,2,327.551,
1412.9047,solve.va_sample,2,327.551,
1413.4050,solve.va_sample,2,327.551,
1413.9052,solve.va_sample,2,327.551,
1414.4055,solve.va_sample,2,327.551,
1414.9057,solve.va_sample,2,327.551,
1415.4060,solve.va_sample,2,327.551,
1415.9062,solve.va_sample,2,327.551,
1416.4064,solve.va_sample,2,327.551,
1416.9067,solve.va_sample,2,327.551,
1417.4069,solve.va_sample,2,327.551,
1417.9072,solve.va_sample,2,327.551,
1418.4074,solve.va_sample,2,327.551,
1418.9077,solve.va_sample,2,327.551,
1419.4079,solve.va_sample,2,327.551,
1419.9082,solve.va_sample,2,327.551,
1420.4084,solve.va_sample,2,327.551,
1420.9086,solve.va_sample,2,327.551,
1421.4089,solve.va_sample,2,327.551,
1421.9091,solve.va_sample,2,327.551,
1422.4094,solve.va_sample,2,327.551,
1422.9096,solve.va_sample,2,327.551,
1423.4099,solve.va_sample,2,327.551,
1423.9102,solve.va_sample,2,327.551,
1424.4104,solve.va_sample,2,327.551,
1424.9107,solve.va_sample,2,327.551,
1425.4110,solve.va_sample,2,327.551,
1425.9112,solve.va_sample,2,327.551,
1426.4115,solve.va_sample,2,327.551,
1426.9117,solve.va_sample,2,327.551,
1427.4120,solve.va_sample,2,327.551,
1427.9122,solve.va_sample,2,327.551,
1428.4124,solve.va_sample,2,327.551,
1428.9127,solve.va_sample,2,327.551,
1429.4130,solve.va_sample,2,327.551,
1429.9132,solve.va_sample,2,327.551,
1430.4135,solve.va_sample,2,327.551,
1430.9137,solve.va_sample,2,327.551,
1431.4139,solve.va_sample,2,327.551,
1431.9142,solve.va_sample,2,327.551,
1432.4145,solve.va_sample,2,327.551,
1432.9147,solve.va_sample,2,327.551,
1433.4150,solve.va_sample,2,327.551,
1433.9152,solve.va_sample,2,327.551,
1434.4155,solve.va_sample,2,327.551,
1434.9157,solve.va_sample,2,327.551,
1435.4160,solve.va_sample,2,327.551,
1435.9163,solve.va_sample,2,327.551,
1436.4166,solve.va_sample,2,327.551,
1436.9168,solve.va_sample,2,327.551,
1437.4171,solve.va_sample,2,327.551,
1437.9173,solve.va_sample,2,327.551,
1438.4176,solve.va_sample,2,327.551,
1438.9179,solve.va_sample,2,327.551,
1439.4181,solve.va_sample,2,327.551,
1439.9184,solve.va_sample,2,327.551,
1440.4187,solve.va_sample,2,327.551,
1440.9189,solve.va_sample,2,327.551,
1441.4192,solve.va_sample,2,327.551,
1441.9195,solve.va_sample,2,327.551,
1442.4197,solve.va_sample,2,327.551,
1442.9200,solve.va_sample,2,327.551,
1443.4203,solve.va_sample,2,327.551,
1443.9205,solve.va_sample,2,327.551,
1444.4208,solve.va_sample,2,327.551,
1444.9210,solve.va_sample,2,327.551,
1445.4213,solve.va_sample,2,327.551,
1445.9215,solve.va_sample,2,327.551,
1446.4218,solve.va_sample,2,327.551,
1446.9220,solve.va_sample,2,327.551,
1447.4223,solve.va_sample,2,327.551,
1447.9226,solve.va_sample,2,327.551,
1448.4228,solve.va_sample,2,327.551,
1448.9231,solve.va_sample,2,327.551,
1449.4234,solve.va_sample,2,327.551,
1449.9236,solve.va_sample,2,327.551,
1450.4239,solve.va_sample,2,327.551,
1450.9241,solve.va_sample,2,327.551,
1451.4244,solve.va_sample,2,327.551,
1451.9246,solve.va_sample,2,327.551,
1452.4249,solve.va_sample,2,327.551,
1452.9252,solve.va_sample,2,327.551,
1453.4255,solve.va_sample,2,327.551,
1453.9257,solve.va_sample,2,327.551,
1454.4260,solve.va_sample,2,327.551,
1454.9262,solve.va_sample,2,327.551,
1455.4265,solve.va_sample,2,327.551,
1455.9267,solve.va_sample,2,327.551,
1456.4270,solve.va_sample,2,327.551,
1456.9273,solve.va_sample,2,327.551,
1457.4275,solve.va_sample,2,327.551,
1457.9278,solve.va_sample,2,327.551,
1458.4280,solve.va_sample,2,327.551,
1458.9283,solve.va_sample,2,327.551,
1459.4285,solve.va_sample,2,327.551,
1459.9287,solve.va_sample,2,327.551,
1460.4290,solve.va_sample,2,327.551,
1460.9292,solve.va_sample,2,327.551,
1461.4295,solve.va_sample,2,327.551,
1461.9297,solve.va_sample,2,327.551,
1462.4300,solve.va_sample,2,327.551,
1462.9303,solve.va_sample,2,327.551,
1463.4305,solve.va_sample,2,327.551,
1463.9308,solve.va_sample,2,327.551,
1464.4310,solve.va_sample,2,327.551,
1464.9313,solve.va_sample,2,327.551,
1465.4315,solve.va_sample,2,327.551,
1465.9317,solve.va_sample,2,327.551,
1466.4320,solve.va_sample,2,327.551,
1466.9322,solve.va_sample,2,327.551,
1467.4325,solve.va_sample,2,327.551,
1467.9327,solve.va_sample,2,327.551,
1468.4330,solve.va_sample,2,327.551,
1468.9332,solve.va_sample,2,327.551,
1469.4335,solve.va_sample,2,327.551,
1469.9337,solve.va_sample,2,327.551,
1470.4339,solve.va_sample,2,327.551,
1470.9342,solve.va_sample,2,327.551,
1471.4344,solve.va_sample,2,327.551,
1471.9347,solve.va_sample,2,327.551,
1472.4349,solve.va_sample,2,327.551,
1472.9352,solve.va_sample,2,327.551,
1473.4354,solve.va_sample,2,327.551,
1473.9357,solve.va_sample,2,327.551,
1474.4359,solve.va_sample,2,327.551,
1474.9362,solve.va_sample,2,327.551,
1475.4364,solve.va_sample,2,327.551,
1475.9367,solve.va_sample,2,327.551,
1476.4369,solve.va_sample,2,327.551,
1476.9372,solve.va_sample,2,327.551,
1477.4374,solve.va_sample,2,327.551,
1477.9377,solve.va_sample,2,327.551,
1478.4379,solve.va_sample,2,327.551,
1478.9382,solve.va_sample,2,327.551,
1479.4384,solve.va_sample,2,327.551,
1479.9387,solve.va_sample,2,327.551,
1480.4389,solve.va_sample,2,327.551,
1480.9392,solve.va_sample,2,327.551,
1481.4394,solve.va_sample,2,327.551,
1481.9397,solve.va_sample,2,327.551,
1482.4399,solve.va_sample,2,327.551,
1482.9402,solve.va_sample,2,327.551,
1483.4404,solve.va_sample,2,327.551,
1483.9407,solve.va_sample,2,327.551,
1484.4409,solve.va_sample,2,327.551,
1484.9412,solve.va_sample,2,327.551,
1485.4415,solve.va_sample,2,327.551,
1485.9417,solve.va_sample,2,327.551,
1486.4420,solve.va_sample,2,327.551,
1486.9422,solve.va_sample,2,327.551,
1487.4425,solve.va_sample,2,327.551,
1487.9427,solve.va_sample,2,327.551,
1488.4430,solve.va_sample,2,327.551,
1488.9432,solve.va_sample,2,327.551,
1489.4435,solve.va_sample,2,327.551,
1489.9437,solve.va_sample,2,327.551,
1490.4440,solve.va_sample,2,327.551,
1490.9442,solve.va_sample,2,327.551,
1491.4445,solve.va_sample,2,327.551,
1491.9447,solve.va_sample,2,327.551,
1492.4450,solve.va_sample,2,327.551,
1492.9452,solve.va_sample,2,327.551,
1493.4455,solve.va_sample,2,327.551,
1493.9457,solve.va_sample,2,327.551,
1494.4460,solve.va_sample,2,327.551,
1494.9462,solve.va_sample,2,327.551,
1495.4465,solve.va_sample,2,327.551,
1495.9467,solve.va_sample,2,327.551,
1496.4470,solve.va_sample,2,327.551,
1496.9472,solve.va_sample,2,327.551,
1497.4475,solve.va_sample,2,327.551,
1497.9477,solve.va_sample,2,327.551,
1498.4480,solve.va_sample,2,327.551,
1498.9482,solve.va_sample,2,327.551,
1499.4485,solve.va_sample,2,327.551,
1499.9487,solve.va_sample,2,327.551,
1500.4490,solve.va_sample,2,327.551,
1500.9492,solve.va_sample,2,327.551,
1501.4495,solve.va_sample,2,327.551,
1501.9497,solve.va_sample,2,327.551,
1502.4500,solve.va_sample,2,327.551,
1502.9502,solve.va_sample,2,327.551,
1503.4505,solve.va_sample,2,327.551,
1503.9507,solve.va_sample,2,327.551,
1504.4510,solve.va_sample,2,327.551,
1504.9512,solve.va_sample,2,327.551,
1505.4515,solve.va_sample,2,327.551,
1505.9517,solve.va_sample,2,327.551,
1506.4520,solve.va_sample,2,327.551,
1506.9522,solve.va_sample,2,327.551,
1507.4525,solve.va_sample,2,327.551,
1507.9527,solve.va_sample,2,327.551,
1508.4530,solve.va_sample,2,327.551,
1508.9532,solve.va_sample,2,327.551,
1509.4534,solve.va_sample,2,327.551,
1509.9537,solve.va_sample,2,327.551,
1510.4539,solve.va_sample,2,327.551,
1510.9542,solve.va_sample,2,327.551,
1511.4544,solve.va_sample,2,327.551,
1511.9546,solve.va_sample,2,327.551,
1512.4549,solve.va_sample,2,327.551,
1512.9552,solve.va_sample,2,327.551,
1513.4555,solve.va_sample,2,327.551,
1513.9557,solve.va_sample,2,327.551,
1514.4560,solve.va_sample,2,327.551,
1514.9562,solve.va_sample,2,327.551,
1515.4565,solve.va_sample,2,327.551,
1515.9567,solve.va_sample,2,327.551,
1516.4570,solve.va_sample,2,327.551,
1516.9572,solve.va_sample,2,327.551,
1517.4574,solve.va_sample,2,327.551,
1517.9577,solve.va_sample,2,327.551,
1518.4579,solve.va_sample,2,327.551,
1518.9582,solve.va_sample,2,327.551,
1519.4584,solve.va_sample,2,327.551,
1519.9587,solve.va_sample,2,327.551,
1520.4589,solve.va_sample,2,327.551,
1520.9592,solve.va_sample,2,327.551,
1521.4594,solve.va_sample,2,327.551,
1521.9597,solve.va_sample,2,327.551,
1522.4599,solve.va_sample,2,327.551,
1522.9602,solve.va_sample,2,327.551,
1523.4604,solve.va_sample,2,327.551,
1523.9607,solve.va_sample,2,327.551,
1524.4609,solve.va_sample,2,327.551,
1524.9612,solve.va_sample,2,327.551,
1525.4614,solve.va_sample,2,327.551,
1525.9617,solve.va_sample,2,327.551,
1526.4619,solve.va_sample,2,327.551,
1526.9622,solve.va_sample,2,327.551,
1527.4624,solve.va_sample,2,327.551,
1527.9627,solve.va_sample,2,327.551,
1528.4630,solve.va_sample,2,327.551,
1528.9632,solve.va_sample,2,327.551,
1529.4635,solve.va_sample,2,327.551,
1529.9637,solve.va_sample,2,327.551,
1530.4640,solve.va_sample,2,327.551,
1530.9642,solve.va_sample,2,327.551,
1531.4644,solve.va_sample,2,327.551,
1531.9647,solve.va_sample,2,327.551,
1532.4649,solve.va_sample,2,327.551,
1532.9652,solve.va_sample,2,327.551,
1533.4654,solve.va_sample,2,327.551,
1533.9657,solve.va_sample,2,327.551,
1534.4659,solve.va_sample,2,327.551,
1534.9662,solve.va_sample,2,327.551,
1535.4664,solve.va_sample,2,327.551,
1535.9667,solve.va_sample,2,327.551,
1536.4669,solve.va_sample,2,327.551,
1536.9672,solve.va_sample,2,327.551,
1537.4674,solve.va_sample,2,327.551,
1537.9677,solve.va_sample,2,327.551,
1538.4679,solve.va_sample,2,327.551,
1538.9682,solve.va_sample,2,327.551,
1539.4684,solve.va_sample,2,327.551,
1539.9687,solve.va_sample,2,327.551,
1540.4689,solve.va_sample,2,327.551,
1540.9691,solve.va_sample,2,327.551,
1541.4694,solve.va_sample,2,327.551,
1541.9696,solve.va_sample,2,327.551,
1542.4699,solve.va_sample,2,327.551,
1542.9702,solve.va_sample,2,327.551,
1543.4704,solve.va_sample,2,327.551,
1543.9707,solve.va_sample,2,327.551,
1544.4709,solve.va_sample,2,327.551,
1544.9712,solve.va_sample,2,327.551,
1545.4714,solve.va_sample,2,327.551,
1545.9717,solve.va_sample,2,327.551,
1546.4719,solve.va_sample,2,327.551,
1546.9722,solve.va_sample,2,327.551,
1547.4724,solve.va_sample,2,327.551,
1547.9727,solve.va_sample,2,327.551,
1548.4730,solve.va_sample,2,327.551,
1548.9732,solve.va_sample,2,327.551,
1549.4734,solve.va_sample,2,327.551,
1549.9737,solve.va_sample,2,327.551,
1550.4739,solve.va_sample,2,327.551,
1550.9742,solve.va_sample,2,327.551,
1551.4744,solve.va_sample,2,327.551,
1551.9747,solve.va_sample,2,327.551,
1552.4749,solve.va_sample,2,327.551,
1552.9752,solve.va_sample,2,327.551,
1553.4754,solve.va_sample,2,327.551,
1553.9757,solve.va_sample,2,327.551,
1554.4759,solve.va_sample,2,327.551,
1554.9761,solve.va_sample,2,327.551,
1555.4764,solve.va_sample,2,327.551,
1555.9767,solve.va_sample,2,327.551,
1556.4769,solve.va_sample,2,327.551,
1556.9772,solve.va_sample,2,327.551,
1557.4774,solve.va_sample,2,327.551,
1557.9777,solve.va_sample,2,327.551,
1558.4779,solve.va_sample,2,327.551,
1558.9782,solve.va_sample,2,327.551,
1559.4784,solve.va_sample,2,327.551,
1559.9787,solve.va_sample,2,327.551,
1560.4789,solve.va_sample,2,327.551,
1560.9792,solve.va_sample,2,327.551,
1561.4794,solve.va_sample,2,327.551,
1561.9796,solve.va_sample,2,327.551,
1562.4799,solve.va_sample,2,327.551,
1562.9801,solve.va_sample,2,327.551,
1563.4804,solve.va_sample,2,327.551,
1563.9806,solve.va_sample,2,327.551,
1564.4809,solve.va_sample,2,327.551,
1564.9811,solve.va_sample,2,327.551,
1565.4813,solve.va_sample,2,327.551,
1565.9816,solve.va_sample,2,327.551,
1566.4818,solve.va_sample,2,327.551,
1566.9821,solve.va_sample,2,327.551,
1567.4823,solve.va_sample,2,327.551,
1567.9825,solve.va_sample,2,327.551,
1568.4828,solve.va_sample,2,327.551,
1568.9830,solve.va_sample,2,327.551,
1569.4833,solve.va_sample,2,327.551,
1569.9835,solve.va_sample,2,327.551,
1570.4837,solve.va_sample,2,327.551,
1570.9840,solve.va_sample,2,327.551,
1571.4843,solve.va_sample,2,327.551,
1571.9845,solve.va_sample,2,327.551,
1572.4848,solve.va_sample,2,327.551,
1572.9851,solve.va_sample,2,327.551,
1573.4853,solve.va_sample,2,327.551,
1573.9856,solve.va_sample,2,327.551,
1574.4858,solve.va_sample,2,327.551,
1574.9861,solve.va_sample,2,327.551,
1575.4863,solve.va_sample,2,327.551,
1575.9866,solve.va_sample,2,327.551,
1576.4868,solve.va_sample,2,327.551,
1576.9870,solve.va_sample,2,327.551,
1577.4873,solve.va_sample,2,327.551,
1577.9875,solve.va_sample,2,327.551,
1578.4878,solve.va_sample,2,327.551,
1578.9880,solve.va_sample,2,327.551,
1579.4883,solve.va_sample,2,327.551,
1579.9885,solve.va_sample,2,327.551,
1580.4887,solve.va_sample,2,327.551,
1580.9890,solve.va_sample,2,327.551,
1581.4892,solve.va_sample,2,327.551,
1581.9895,solve.va_sample,2,327.551,
1582.4897,solve.va_sample,2,327.551,
1582.9900,solve.va_sample,2,327.551,
1583.4902,solve.va_sample,2,327.551,
1583.9904,solve.va_sample,2,327.551,
1584.4907,solve.va_sample,2,327.551,
1584.9909,solve.va_sample,2,327.551,
1585.4912,solve.va_sample,2,327.551,
1585.9915,solve.va_sample,2,327.551,
1586.4917,solve.va_sample,2,327.551,
1586.9920,solve.va_sample,2,327.551,
1587.4922,solve.va_sample,2,327.551,
1587.9925,solve.va_sample,2,327.551,
1588.4927,solve.va_sample,2,327.551,
1588.9929,solve.va_sample,2,327.551,
1589.4932,solve.va_sample,2,327.551,
1589.9934,solve.va_sample,2,327.551,
1590.4937,solve.va_sample,2,327.551,
1590.9939,solve.va_sample,2,327.551,
1591.4942,solve.va_sample,2,327.551,
1591.9944,solve.va_sample,2,327.551,
1592.4947,solve.va_sample,2,327.551,
1592.9949,solve.va_sample,2,327.551,
1593.4951,solve.va_sample,2,327.551,
1593.9954,solve.va_sample,2,327.551,
1594.4956,solve.va_sample,2,327.551,
1594.9959,solve.va_sample,2,327.551,
1595.4961,solve.va_sample,2,327.551,
1595.9963,solve.va_sample,2,327.551,
1596.4966,solve.va_sample,2,327.551,
1596.9969,solve.va_sample,2,327.551,
1597.4971,solve.va_sample,2,327.551,
1597.9973,solve.va_sample,2,327.551,
1598.4976,solve.va_sample,2,327.551,
1598.9978,solve.va_sample,2,327.551,
1599.4981,solve.va_sample,2,327.551,
1599.9984,solve.va_sample,2,327.551,
1600.4986,solve.va_sample,2,329.871,
1600.9989,solve.va_sample,2,330.902,
1601.5200,solve.va_sample,2,331.934,
1602.0450,solve.va_sample,2,337.090,
1602.5694,solve.va_sample,2,342.246,
1603.1021,solve.va_sample,2,347.402,
1603.6351,solve.va_sample,2,352.559,
1603.7064,solve.va_sample,2,353.332,
1603.7092,solve.sample_eval,2,353.332,
1604.1607,solve.sample_eval,2,357.973,
1604.6964,solve.sample_eval,2,373.184,
1605.2372,solve.sample_eval,2,384.527,
1605.7628,solve.sample_eval,2,396.387,
1606.3036,solve.sample_eval,2,407.215,
1606.8292,solve.sample_eval,2,426.551,
1607.3548,solve.sample_eval,2,436.605,
1607.8905,solve.sample_eval,2,447.691,
1608.4262,solve.sample_eval,2,458.777,
1608.9569,solve.sample_eval,2,470.379,
1609.4876,solve.sample_eval,2,481.207,
1610.0132,solve.sample_eval,2,492.293,
1610.5388,solve.sample_eval,2,525.551,
1610.6072,solve.sample_eval,2,526.066,
1610.6082,solve,1,526.066,
1611.0746,(unmarked),0,535.500,
1611.5844,(unmarked),0,507.531,
1611.6262,(unmarked),0,507.844,
