zip_id,hub_id,part_id
Z00001,H003,P0012
Z00001,H003,P0016
Z00001,H003,P0040
Z00001,H003,P0044
Z00001,H003,P0050
Z00001,H003,P0064
Z00001,H003,P0070
Z00001,H003,P0088
Z00001,H003,P0103
Z00001,H003,P0111
Z00001,H003,P0120
Z00001,H003,P0146
Z00001,H003,P0148
Z00002,H016,P0002
Z00002,H016,P0005
Z00002,H016,P0014
Z00002,H016,P0019
Z00002,H016,P0023
Z00002,H016,P0024
Z00002,H016,P0025
Z00002,H016,P0026
Z00002,H016,P0030
Z00002,H016,P0040
Z00002,H016,P0050
Z00002,H016,P0063
Z00002,H016,P0064
Z00002,H016,P0067
Z00002,H016,P0093
Z00002,H016,P0104
Z00002,H016,P0110
Z00002,H016,P0111
Z00002,H016,P0123
Z00002,H016,P0148
Z00003,H003,P0002
Z00003,H003,P0009
Z00003,H003,P0010
Z00003,H003,P0012
Z00003,H003,P0020
Z00003,H003,P0022
Z00003,H003,P0027
Z00003,H003,P0045
Z00003,H003,P0049
Z00003,H003,P0063
Z00003,H003,P0073
Z00003,H003,P0078
Z00003,H003,P0146
Z00003,H003,P0148
Z00004,H015,P0040
Z00004,H015,P0078
Z00004,H015,P0091
Z00004,H015,P0133
Z00004,H015,P0143
Z00004,H015,P0147
Z00004,H015,P0148
Z00004,H015,P0149
Z00005,H002,P0005
Z00005,H002,P0009
Z00005,H002,P0022
Z00005,H002,P0039
Z00005,H002,P0044
Z00005,H002,P0056
Z00005,H002,P0060
Z00005,H002,P0064
Z00005,H002,P0067
Z00005,H002,P0107
Z00005,H002,P0142
Z00005,H002,P0146
Z00006,H002,P0010
Z00006,H002,P0013
Z00006,H002,P0051
Z00006,H002,P0080
Z00006,H002,P0086
Z00006,H002,P0089
Z00006,H002,P0099
Z00006,H002,P0100
Z00006,H002,P0101
Z00006,H002,P0108
Z00006,H002,P0115
Z00006,H002,P0116
Z00006,H002,P0124
Z00006,H002,P0134
Z00006,H002,P0137
Z00006,H002,P0147
Z00006,H002,P0149
Z00007,H004,P0013
Z00007,H004,P0015
Z00007,H004,P0022
Z00007,H004,P0039
Z00007,H004,P0040
Z00007,H004,P0041
Z00007,H004,P0045
Z00007,H004,P0051
Z00007,H004,P0052
Z00007,H004,P0058
Z00007,H004,P0062
Z00007,H004,P0064
Z00007,H004,P0065
Z00007,H004,P0076
Z00007,H004,P0084
Z00007,H004,P0087
Z00007,H004,P0099
Z00007,H004,P0117
Z00007,H004,P0129
Z00008,H017,P0005
Z00008,H017,P0010
Z00008,H017,P0018
Z00008,H017,P0049
Z00008,H017,P0060
Z00008,H017,P0071
Z00008,H017,P0085
Z00008,H017,P0087
Z00008,H017,P0107
Z00008,H017,P0115
Z00008,H017,P0127
Z00008,H017,P0139
Z00008,H017,P0146
Z00009,H007,P0005
Z00009,H007,P0011
Z00009,H007,P0016
Z00009,H007,P0018
Z00009,H007,P0031
Z00009,H007,P0032
Z00009,H007,P0037
Z00009,H007,P0060
Z00009,H007,P0062
Z00009,H007,P0068
Z00009,H007,P0093
Z00009,H007,P0099
Z00009,H007,P0104
Z00009,H007,P0125
Z00009,H007,P0134
Z00010,H014,P0001
Z00010,H014,P0005
Z00010,H014,P0010
Z00010,H014,P0013
Z00010,H014,P0020
Z00010,H014,P0032
Z00010,H014,P0037
Z00010,H014,P0045
Z00010,H014,P0047
Z00010,H014,P0061
Z00010,H014,P0085
Z00010,H014,P0099
Z00010,H014,P0106
Z00010,H014,P0115
Z00010,H014,P0118
Z00010,H014,P0127
Z00010,H014,P0133
Z00010,H014,P0146
Z00011,H007,P0004
Z00011,H007,P0010
Z00011,H007,P0018
Z00011,H007,P0068
Z00011,H007,P0076
Z00011,H007,P0079
Z00011,H007,P0103
Z00011,H007,P0108
Z00011,H007,P0115
Z00011,H007,P0134
Z00011,H007,P0147
Z00012,H006,P0013
Z00012,H006,P0023
Z00012,H006,P0052
Z00012,H006,P0059
Z00012,H006,P0092
Z00012,H006,P0124
Z00012,H006,P0132
Z00012,H006,P0137
Z00012,H006,P0138
Z00013,H008,P0010
Z00013,H008,P0015
Z00013,H008,P0022
Z00013,H008,P0023
Z00013,H008,P0025
Z00013,H008,P0045
Z00013,H008,P0050
Z00013,H008,P0055
Z00013,H008,P0067
Z00013,H008,P0093
Z00013,H008,P0103
Z00013,H008,P0110
Z00013,H008,P0115
Z00013,H008,P0131
Z00013,H008,P0145
Z00013,H008,P0147
Z00013,H008,P0150
Z00014,H015,P0006
Z00014,H015,P0012
Z00014,H015,P0033
Z00014,H015,P0039
Z00014,H015,P0044
Z00014,H015,P0045
Z00014,H015,P0054
Z00014,H015,P0076
Z00014,H015,P0078
Z00014,H015,P0093
Z00014,H015,P0095
Z00014,H015,P0107
Z00014,H015,P0115
Z00014,H015,P0135
Z00014,H015,P0149
Z00015,H010,P0009
Z00015,H010,P0012
Z00015,H010,P0018
Z00015,H010,P0020
Z00015,H010,P0023
Z00015,H010,P0030
Z00015,H010,P0066
Z00015,H010,P0070
Z00015,H010,P0080
Z00015,H010,P0087
Z00015,H010,P0093
Z00015,H010,P0099
Z00015,H010,P0115
Z00015,H017,P0029
Z00015,H017,P0045
Z00015,H017,P0047
Z00015,H017,P0054
Z00015,H017,P0063
Z00015,H017,P0067
Z00015,H017,P0073
Z00015,H017,P0086
Z00015,H017,P0107
Z00015,H017,P0108
Z00015,H017,P0110
Z00015,H017,P0123
Z00015,H017,P0133
Z00016,H004,P0002
Z00016,H004,P0005
Z00016,H004,P0006
Z00016,H004,P0007
Z00016,H004,P0011
Z00016,H004,P0013
Z00016,H004,P0030
Z00016,H004,P0050
Z00016,H004,P0051
Z00016,H004,P0071
Z00016,H004,P0082
Z00016,H004,P0090
Z00016,H004,P0099
Z00016,H004,P0105
Z00016,H004,P0111
Z00016,H004,P0115
Z00016,H004,P0124
Z00016,H004,P0131
Z00016,H004,P0149
Z00017,H016,P0006
Z00017,H016,P0023
Z00017,H016,P0027
Z00017,H016,P0028
Z00017,H016,P0029
Z00017,H016,P0045
Z00017,H016,P0068
Z00017,H016,P0081
Z00017,H016,P0082
Z00017,H016,P0097
Z00017,H016,P0098
Z00017,H016,P0099
Z00017,H016,P0149
Z00018,H012,P0010
Z00018,H012,P0018
Z00018,H012,P0022
Z00018,H012,P0046
Z00018,H012,P0049
Z00018,H012,P0050
Z00018,H012,P0063
Z00018,H012,P0086
Z00018,H012,P0095
Z00018,H012,P0097
Z00018,H012,P0100
Z00018,H012,P0104
Z00018,H012,P0112
Z00018,H012,P0113
Z00018,H012,P0120
Z00018,H012,P0141
Z00018,H012,P0142
Z00018,H012,P0143
Z00018,H012,P0149
Z00019,H002,P0034
Z00019,H002,P0038
Z00019,H002,P0039
Z00019,H002,P0051
Z00019,H002,P0060
Z00019,H002,P0087
Z00019,H002,P0095
Z00019,H002,P0108
Z00019,H002,P0115
Z00019,H002,P0120
Z00019,H002,P0132
Z00019,H002,P0133
Z00020,H011,P0006
Z00020,H011,P0028
Z00020,H011,P0039
Z00020,H011,P0056
Z00020,H011,P0060
Z00020,H011,P0087
Z00020,H011,P0109
Z00020,H011,P0111
Z00020,H011,P0113
Z00020,H011,P0130
Z00020,H011,P0137
Z00021,H006,P0002
Z00021,H006,P0010
Z00021,H006,P0016
Z00021,H006,P0027
Z00021,H006,P0054
Z00021,H006,P0060
Z00021,H006,P0064
Z00021,H006,P0066
Z00021,H006,P0085
Z00021,H006,P0095
Z00021,H006,P0099
Z00021,H006,P0110
Z00021,H006,P0112
Z00021,H006,P0118
Z00021,H006,P0144
Z00022,H016,P0003
Z00022,H016,P0004
Z00022,H016,P0016
Z00022,H016,P0019
Z00022,H016,P0040
Z00022,H016,P0046
Z00022,H016,P0063
Z00022,H016,P0071
Z00022,H016,P0075
Z00022,H016,P0087
Z00022,H016,P0104
Z00022,H016,P0124
Z00022,H016,P0129
Z00022,H016,P0132
Z00022,H016,P0136
Z00022,H016,P0141
Z00023,H017,P0002
Z00023,H017,P0003
Z00023,H017,P0021
Z00023,H017,P0023
Z00023,H017,P0025
Z00023,H017,P0035
Z00023,H017,P0036
Z00023,H017,P0040
Z00023,H017,P0042
Z00023,H017,P0045
Z00023,H017,P0048
Z00023,H017,P0052
Z00023,H017,P0073
Z00023,H017,P0074
Z00023,H017,P0095
Z00023,H017,P0100
Z00023,H017,P0115
Z00023,H017,P0117
Z00023,H017,P0139
Z00023,H017,P0143
Z00023,H017,P0144
Z00024,H002,P0004
Z00024,H002,P0006
Z00024,H002,P0022
Z00024,H002,P0027
Z00024,H002,P0028
Z00024,H002,P0029
Z00024,H002,P0039
Z00024,H002,P0044
Z00024,H002,P0046
Z00024,H002,P0054
Z00024,H002,P0058
Z00024,H002,P0060
Z00024,H002,P0063
Z00024,H002,P0064
Z00024,H002,P0070
Z00024,H002,P0073
Z00024,H002,P0077
Z00024,H002,P0082
Z00024,H002,P0083
Z00024,H002,P0085
Z00024,H002,P0096
Z00024,H002,P0099
Z00024,H002,P0113
Z00024,H002,P0135
Z00024,H002,P0137
Z00024,H002,P0146
Z00025,H014,P0002
Z00025,H014,P0004
Z00025,H014,P0039
Z00025,H014,P0054
Z00025,H014,P0063
Z00025,H014,P0070
Z00025,H014,P0085
Z00025,H014,P0089
Z00025,H014,P0090
Z00025,H014,P0125
Z00025,H014,P0134
Z00025,H014,P0137
Z00025,H014,P0148
Z00025,H014,P0149
Z00026,H006,P0013
Z00026,H006,P0021
Z00026,H006,P0029
Z00026,H006,P0039
Z00026,H006,P0045
Z00026,H006,P0047
Z00026,H006,P0050
Z00026,H006,P0054
Z00026,H006,P0070
Z00026,H006,P0071
Z00026,H006,P0077
Z00026,H006,P0080
Z00026,H006,P0086
Z00026,H006,P0117
Z00026,H006,P0138
Z00026,H006,P0143
Z00026,H006,P0147
Z00027,H005,P0002
Z00027,H005,P0004
Z00027,H005,P0005
Z00027,H005,P0007
Z00027,H005,P0013
Z00027,H005,P0017
Z00027,H005,P0027
Z00027,H005,P0030
Z00027,H005,P0043
Z00027,H005,P0045
Z00027,H005,P0049
Z00027,H005,P0054
Z00027,H005,P0073
Z00027,H005,P0077
Z00027,H005,P0078
Z00027,H005,P0082
Z00027,H005,P0083
Z00027,H005,P0099
Z00027,H005,P0101
Z00027,H005,P0104
Z00027,H005,P0106
Z00027,H005,P0132
Z00027,H005,P0135
Z00027,H005,P0144
Z00028,H006,P0004
Z00028,H006,P0018
Z00028,H006,P0022
Z00028,H006,P0029
Z00028,H006,P0042
Z00028,H006,P0052
Z00028,H006,P0063
Z00028,H006,P0074
Z00028,H006,P0077
Z00028,H006,P0080
Z00028,H006,P0082
Z00028,H006,P0085
Z00028,H006,P0089
Z00028,H006,P0097
Z00028,H006,P0111
Z00028,H006,P0124
Z00028,H006,P0131
Z00028,H006,P0138
Z00029,H003,P0010
Z00029,H003,P0016
Z00029,H003,P0028
Z00029,H003,P0074
Z00029,H003,P0088
Z00029,H003,P0111
Z00029,H003,P0147
Z00030,H008,P0005
Z00030,H008,P0007
Z00030,H008,P0012
Z00030,H008,P0016
Z00030,H008,P0030
Z00030,H008,P0073
Z00030,H008,P0081
Z00030,H008,P0085
Z00030,H008,P0095
Z00030,H008,P0098
Z00030,H008,P0101
Z00030,H008,P0111
Z00030,H008,P0115
Z00030,H008,P0131
Z00030,H008,P0142
Z00031,H014,P0001
Z00031,H014,P0026
Z00031,H014,P0031
Z00031,H014,P0045
Z00031,H014,P0054
Z00031,H014,P0137
Z00032,H010,P0005
Z00032,H010,P0017
Z00032,H010,P0022
Z00032,H010,P0026
Z00032,H010,P0038
Z00032,H010,P0050
Z00032,H010,P0051
Z00032,H010,P0060
Z00032,H010,P0066
Z00032,H010,P0079
Z00032,H010,P0081
Z00032,H010,P0133
Z00032,H010,P0138
Z00032,H010,P0146
Z00033,H009,P0001
Z00033,H009,P0005
Z00033,H009,P0006
Z00033,H009,P0010
Z00033,H009,P0011
Z00033,H009,P0018
Z00033,H009,P0022
Z00033,H009,P0027
Z00033,H009,P0041
Z00033,H009,P0045
Z00033,H009,P0050
Z00033,H009,P0052
Z00033,H009,P0061
Z00033,H009,P0063
Z00033,H009,P0066
Z00033,H009,P0067
Z00033,H009,P0095
Z00033,H009,P0099
Z00033,H009,P0101
Z00033,H009,P0111
Z00033,H009,P0130
Z00033,H009,P0134
Z00033,H009,P0139
Z00033,H009,P0147
Z00034,H020,P0003
Z00034,H020,P0004
Z00034,H020,P0007
Z00034,H020,P0044
Z00034,H020,P0049
Z00034,H020,P0054
Z00034,H020,P0060
Z00034,H020,P0082
Z00034,H020,P0087
Z00034,H020,P0098
Z00034,H020,P0105
Z00034,H020,P0113
Z00034,H020,P0115
Z00035,H012,P0004
Z00035,H012,P0005
Z00035,H012,P0010
Z00035,H012,P0012
Z00035,H012,P0014
Z00035,H012,P0017
Z00035,H012,P0022
Z00035,H012,P0026
Z00035,H012,P0028
Z00035,H012,P0034
Z00035,H012,P0043
Z00035,H012,P0044
Z00035,H012,P0045
Z00035,H012,P0066
Z00035,H012,P0073
Z00035,H012,P0077
Z00035,H012,P0080
Z00035,H012,P0090
Z00035,H012,P0093
Z00035,H012,P0097
Z00035,H012,P0101
Z00035,H012,P0103
Z00035,H012,P0104
Z00035,H012,P0116
Z00035,H012,P0118
Z00035,H012,P0120
Z00035,H012,P0123
Z00035,H012,P0124
Z00035,H012,P0131
Z00035,H012,P0135
Z00036,H004,P0005
Z00036,H004,P0015
Z00036,H004,P0020
Z00036,H004,P0025
Z00036,H004,P0027
Z00036,H004,P0055
Z00036,H004,P0065
Z00036,H004,P0077
Z00036,H004,P0078
Z00036,H004,P0079
Z00036,H004,P0086
Z00036,H004,P0103
Z00036,H004,P0110
Z00036,H004,P0124
Z00036,H004,P0129
Z00036,H004,P0137
Z00036,H004,P0139
Z00036,H004,P0143
Z00036,H004,P0147
Z00036,H004,P0150
Z00037,H007,P0006
Z00037,H007,P0010
Z00037,H007,P0011
Z00037,H007,P0019
Z00037,H007,P0027
Z00037,H007,P0045
Z00037,H007,P0052
Z00037,H007,P0063
Z00037,H007,P0106
Z00037,H007,P0120
Z00037,H007,P0126
Z00037,H007,P0142
Z00038,H007,P0025
Z00038,H007,P0030
Z00038,H007,P0032
Z00038,H007,P0037
Z00038,H007,P0040
Z00038,H007,P0043
Z00038,H007,P0047
Z00038,H007,P0055
Z00038,H007,P0065
Z00038,H007,P0078
Z00038,H007,P0097
Z00038,H007,P0101
Z00038,H007,P0110
Z00038,H007,P0123
Z00038,H007,P0131
Z00038,H007,P0141
Z00038,H007,P0142
Z00038,H007,P0147
Z00038,H007,P0150
Z00039,H020,P0010
Z00039,H020,P0013
Z00039,H020,P0032
Z00039,H020,P0040
Z00039,H020,P0045
Z00039,H020,P0050
Z00039,H020,P0052
Z00039,H020,P0055
Z00039,H020,P0069
Z00039,H020,P0075
Z00039,H020,P0095
Z00039,H020,P0098
Z00039,H020,P0115
Z00039,H020,P0119
Z00039,H020,P0132
Z00039,H020,P0135
Z00040,H007,P0007
Z00040,H007,P0027
Z00040,H007,P0050
Z00040,H007,P0076
Z00040,H007,P0077
Z00040,H007,P0086
Z00040,H007,P0091
Z00040,H007,P0099
Z00040,H007,P0104
Z00040,H007,P0108
Z00040,H007,P0112
Z00040,H007,P0133
Z00040,H007,P0150
Z00041,H018,P0007
Z00041,H018,P0009
Z00041,H018,P0022
Z00041,H018,P0028
Z00041,H018,P0045
Z00041,H018,P0054
Z00041,H018,P0076
Z00041,H018,P0085
Z00041,H018,P0091
Z00041,H018,P0095
Z00041,H018,P0110
Z00041,H018,P0111
Z00041,H018,P0145
Z00041,H018,P0150
Z00042,H005,P0003
Z00042,H005,P0005
Z00042,H005,P0006
Z00042,H005,P0011
Z00042,H005,P0017
Z00042,H005,P0063
Z00042,H005,P0085
Z00042,H005,P0100
Z00042,H005,P0104
Z00042,H005,P0106
Z00042,H005,P0107
Z00042,H005,P0112
Z00042,H005,P0113
Z00042,H005,P0115
Z00042,H005,P0117
Z00042,H005,P0131
Z00042,H005,P0132
Z00042,H005,P0148
Z00043,H019,P0003
Z00043,H019,P0008
Z00043,H019,P0010
Z00043,H019,P0026
Z00043,H019,P0028
Z00043,H019,P0044
Z00043,H019,P0076
Z00043,H019,P0101
Z00043,H019,P0104
Z00043,H019,P0124
Z00044,H005,P0004
Z00044,H005,P0025
Z00044,H005,P0064
Z00044,H005,P0069
Z00044,H005,P0071
Z00044,H005,P0078
Z00044,H005,P0084
Z00044,H005,P0089
Z00044,H005,P0101
Z00044,H005,P0103
Z00044,H005,P0104
Z00044,H005,P0106
Z00044,H005,P0115
Z00044,H005,P0133
Z00044,H005,P0134
Z00044,H005,P0144
Z00045,H013,P0004
Z00045,H013,P0014
Z00045,H013,P0061
Z00045,H013,P0076
Z00045,H013,P0085
Z00045,H013,P0097
Z00045,H013,P0135
Z00045,H013,P0141
Z00046,H018,P0045
Z00046,H018,P0058
Z00046,H018,P0076
Z00046,H018,P0086
Z00046,H018,P0095
Z00046,H018,P0110
Z00046,H018,P0111
Z00046,H018,P0124
Z00047,H005,P0004
Z00047,H005,P0013
Z00047,H005,P0021
Z00047,H005,P0022
Z00047,H005,P0024
Z00047,H005,P0025
Z00047,H005,P0040
Z00047,H005,P0042
Z00047,H005,P0050
Z00047,H005,P0056
Z00047,H005,P0067
Z00047,H005,P0094
Z00047,H005,P0095
Z00047,H005,P0099
Z00047,H005,P0110
Z00047,H005,P0115
Z00047,H005,P0123
Z00047,H005,P0124
Z00047,H005,P0138
Z00047,H005,P0141
Z00047,H005,P0146
Z00048,H004,P0001
Z00048,H004,P0011
Z00048,H004,P0029
Z00048,H004,P0049
Z00048,H004,P0058
Z00048,H004,P0077
Z00048,H004,P0093
Z00048,H004,P0104
Z00048,H004,P0120
Z00049,H019,P0002
Z00049,H019,P0004
Z00049,H019,P0007
Z00049,H019,P0024
Z00049,H019,P0030
Z00049,H019,P0045
Z00049,H019,P0052
Z00049,H019,P0057
Z00049,H019,P0070
Z00049,H019,P0078
Z00049,H019,P0102
Z00049,H019,P0104
Z00049,H019,P0115
Z00049,H019,P0119
Z00049,H019,P0130
Z00049,H019,P0131
Z00049,H019,P0133
Z00049,H019,P0139
Z00050,H004,P0030
Z00050,H004,P0040
Z00050,H004,P0042
Z00050,H004,P0045
Z00050,H004,P0071
Z00050,H004,P0087
Z00050,H004,P0092
Z00050,H004,P0104
Z00050,H004,P0111
Z00050,H004,P0112
Z00050,H004,P0118
Z00050,H004,P0127
Z00050,H004,P0130
Z00050,H004,P0135
Z00050,H004,P0141
Z00050,H004,P0145
Z00050,H004,P0150
Z00051,H002,P0002
Z00051,H002,P0006
Z00051,H002,P0010
Z00051,H002,P0025
Z00051,H002,P0026
Z00051,H002,P0053
Z00051,H002,P0063
Z00051,H002,P0068
Z00051,H002,P0074
Z00051,H002,P0075
Z00051,H002,P0103
Z00051,H002,P0131
Z00051,H002,P0142
Z00051,H002,P0146
Z00052,H015,P0010
Z00052,H015,P0013
Z00052,H015,P0021
Z00052,H015,P0029
Z00052,H015,P0045
Z00052,H015,P0050
Z00052,H015,P0051
Z00052,H015,P0052
Z00052,H015,P0055
Z00052,H015,P0059
Z00052,H015,P0062
Z00052,H015,P0067
Z00052,H015,P0076
Z00052,H015,P0077
Z00052,H015,P0113
Z00052,H015,P0129
Z00052,H015,P0132
Z00052,H015,P0134
Z00052,H015,P0135
Z00053,H013,P0006
Z00053,H013,P0010
Z00053,H013,P0017
Z00053,H013,P0027
Z00053,H013,P0066
Z00053,H013,P0077
Z00053,H013,P0078
Z00053,H013,P0085
Z00053,H013,P0086
Z00053,H013,P0089
Z00053,H013,P0101
Z00053,H013,P0115
Z00053,H013,P0120
Z00053,H013,P0130
Z00053,H013,P0134
Z00053,H013,P0145
Z00053,H013,P0147
Z00054,H006,P0010
Z00054,H006,P0029
Z00054,H006,P0039
Z00054,H006,P0040
Z00054,H006,P0050
Z00054,H006,P0052
Z00054,H006,P0054
Z00054,H006,P0060
Z00054,H006,P0063
Z00054,H006,P0067
Z00054,H006,P0076
Z00054,H006,P0077
Z00054,H006,P0093
Z00054,H006,P0100
Z00054,H006,P0101
Z00054,H006,P0104
Z00054,H006,P0109
Z00054,H006,P0112
Z00054,H006,P0127
Z00054,H006,P0131
Z00054,H006,P0143
Z00054,H006,P0146
Z00055,H016,P0007
Z00055,H016,P0013
Z00055,H016,P0040
Z00055,H016,P0055
Z00055,H016,P0060
Z00055,H016,P0064
Z00055,H016,P0077
Z00055,H016,P0085
Z00055,H016,P0087
Z00055,H016,P0100
Z00055,H016,P0116
Z00055,H016,P0120
Z00055,H016,P0131
Z00055,H016,P0143
Z00055,H016,P0146
Z00055,H016,P0147
Z00056,H005,P0004
Z00056,H005,P0006
Z00056,H005,P0010
Z00056,H005,P0018
Z00056,H005,P0019
Z00056,H005,P0022
Z00056,H005,P0030
Z00056,H005,P0050
Z00056,H005,P0052
Z00056,H005,P0054
Z00056,H005,P0058
Z00056,H005,P0060
Z00056,H005,P0061
Z00056,H005,P0067
Z00056,H005,P0073
Z00056,H005,P0082
Z00056,H005,P0084
Z00056,H005,P0087
Z00056,H005,P0108
Z00056,H005,P0126
Z00056,H005,P0137
Z00056,H005,P0149
Z00057,H004,P0009
Z00057,H004,P0017
Z00057,H004,P0025
Z00057,H004,P0029
Z00057,H004,P0039
Z00057,H004,P0040
Z00057,H004,P0045
Z00057,H004,P0069
Z00057,H004,P0090
Z00057,H004,P0092
Z00057,H004,P0095
Z00057,H004,P0109
Z00057,H004,P0112
Z00058,H016,P0010
Z00058,H016,P0039
Z00058,H016,P0060
Z00058,H016,P0064
Z00058,H016,P0065
Z00058,H016,P0071
Z00058,H016,P0082
Z00058,H016,P0086
Z00058,H016,P0090
Z00058,H016,P0099
Z00058,H016,P0109
Z00058,H016,P0127
Z00058,H016,P0143
Z00058,H016,P0147
Z00059,H019,P0005
Z00059,H019,P0035
Z00059,H019,P0060
Z00059,H019,P0063
Z00059,H019,P0085
Z00059,H019,P0105
Z00059,H019,P0108
Z00059,H019,P0115
Z00059,H019,P0121
Z00059,H019,P0133
Z00059,H019,P0143
Z00060,H020,P0004
Z00060,H020,P0005
Z00060,H020,P0030
Z00060,H020,P0039
Z00060,H020,P0073
Z00060,H020,P0083
Z00060,H020,P0085
Z00061,H001,P0030
Z00061,H001,P0064
Z00061,H001,P0075
Z00061,H001,P0104
Z00061,H001,P0138
Z00061,H001,P0149
Z00062,H002,P0013
Z00062,H002,P0032
Z00062,H002,P0033
Z00062,H002,P0050
Z00062,H002,P0075
Z00062,H002,P0092
Z00062,H002,P0098
Z00062,H002,P0099
Z00062,H002,P0115
Z00062,H002,P0139
Z00062,H002,P0146
Z00062,H002,P0150
Z00063,H016,P0001
Z00063,H016,P0002
Z00063,H016,P0006
Z00063,H016,P0009
Z00063,H016,P0025
Z00063,H016,P0027
Z00063,H016,P0049
Z00063,H016,P0050
Z00063,H016,P0054
Z00063,H016,P0071
Z00063,H016,P0091
Z00063,H016,P0093
Z00063,H016,P0095
Z00063,H016,P0099
Z00063,H016,P0104
Z00063,H016,P0110
Z00063,H016,P0118
Z00063,H016,P0129
Z00063,H016,P0134
Z00063,H016,P0137
Z00064,H010,P0004
Z00064,H010,P0006
Z00064,H010,P0014
Z00064,H010,P0015
Z00064,H010,P0029
Z00064,H010,P0052
Z00064,H010,P0062
Z00064,H010,P0066
Z00064,H010,P0069
Z00064,H010,P0070
Z00064,H010,P0101
Z00064,H010,P0111
Z00064,H010,P0114
Z00064,H010,P0142
Z00064,H010,P0145
Z00064,H010,P0146
Z00064,H010,P0150
Z00065,H011,P0004
Z00065,H011,P0013
Z00065,H011,P0017
Z00065,H011,P0023
Z00065,H011,P0064
Z00065,H011,P0089
Z00065,H011,P0094
Z00065,H011,P0100
Z00065,H011,P0103
Z00065,H011,P0124
Z00065,H011,P0131
Z00065,H011,P0136
Z00066,H001,P0007
Z00066,H001,P0013
Z00066,H001,P0029
Z00066,H001,P0045
Z00066,H001,P0055
Z00066,H001,P0066
Z00066,H001,P0069
Z00066,H001,P0078
Z00066,H001,P0093
Z00066,H001,P0095
Z00066,H001,P0103
Z00066,H001,P0107
Z00067,H012,P0002
Z00067,H012,P0007
Z00067,H012,P0009
Z00067,H012,P0010
Z00067,H012,P0025
Z00067,H012,P0030
Z00067,H012,P0032
Z00067,H012,P0035
Z00067,H012,P0063
Z00067,H012,P0069
Z00067,H012,P0071
Z00067,H012,P0100
Z00067,H012,P0113
Z00067,H012,P0115
Z00067,H012,P0141
Z00067,H012,P0150
Z00068,H008,P0005
Z00068,H008,P0006
Z00068,H008,P0013
Z00068,H008,P0022
Z00068,H008,P0030
Z00068,H008,P0040
Z00068,H008,P0054
Z00068,H008,P0064
Z00068,H008,P0071
Z00068,H008,P0085
Z00068,H008,P0090
Z00068,H008,P0092
Z00068,H008,P0102
Z00068,H008,P0147
Z00069,H019,P0009
Z00069,H019,P0011
Z00069,H019,P0022
Z00069,H019,P0040
Z00069,H019,P0052
Z00069,H019,P0054
Z00069,H019,P0057
Z00069,H019,P0060
Z00069,H019,P0061
Z00069,H019,P0063
Z00069,H019,P0070
Z00069,H019,P0083
Z00069,H019,P0093
Z00069,H019,P0118
Z00069,H019,P0124
Z00069,H019,P0125
Z00069,H019,P0130
Z00069,H019,P0134
Z00069,H019,P0149
Z00070,H007,P0002
Z00070,H007,P0004
Z00070,H007,P0005
Z00070,H007,P0007
Z00070,H007,P0010
Z00070,H007,P0013
Z00070,H007,P0025
Z00070,H007,P0044
Z00070,H007,P0045
Z00070,H007,P0046
Z00070,H007,P0049
Z00070,H007,P0085
Z00070,H007,P0087
Z00070,H007,P0090
Z00070,H007,P0095
Z00070,H007,P0097
Z00070,H007,P0105
Z00070,H007,P0106
Z00070,H007,P0146
Z00070,H007,P0147
Z00070,H007,P0150
Z00071,H014,P0002
Z00071,H014,P0019
Z00071,H014,P0029
Z00071,H014,P0037
Z00071,H014,P0039
Z00071,H014,P0043
Z00071,H014,P0045
Z00071,H014,P0051
Z00071,H014,P0070
Z00071,H014,P0091
Z00071,H014,P0098
Z00071,H014,P0104
Z00071,H014,P0109
Z00071,H014,P0131
Z00071,H014,P0135
Z00071,H014,P0141
Z00071,H014,P0146
Z00072,H003,P0002
Z00072,H003,P0034
Z00072,H003,P0054
Z00072,H003,P0060
Z00072,H003,P0064
Z00072,H003,P0085
Z00072,H003,P0090
Z00072,H003,P0092
Z00072,H003,P0105
Z00072,H003,P0107
Z00072,H003,P0111
Z00072,H003,P0118
Z00072,H003,P0133
Z00072,H003,P0135
Z00072,H003,P0138
Z00072,H003,P0142
Z00072,H003,P0143
Z00073,H016,P0017
Z00073,H016,P0018
Z00073,H016,P0025
Z00073,H016,P0079
Z00073,H016,P0113
Z00074,H019,P0004
Z00074,H019,P0013
Z00074,H019,P0038
Z00074,H019,P0050
Z00074,H019,P0059
Z00074,H019,P0067
Z00074,H019,P0068
Z00074,H019,P0073
Z00074,H019,P0080
Z00074,H019,P0104
Z00074,H019,P0109
Z00074,H019,P0112
Z00074,H019,P0123
Z00074,H019,P0124
Z00074,H019,P0138
Z00074,H019,P0147
Z00074,H019,P0148
Z00075,H007,P0003
Z00075,H007,P0010
Z00075,H007,P0022
Z00075,H007,P0045
Z00075,H007,P0048
Z00075,H007,P0054
Z00075,H007,P0064
Z00075,H007,P0065
Z00075,H007,P0068
Z00075,H007,P0073
Z00075,H007,P0080
Z00075,H007,P0082
Z00075,H007,P0099
Z00075,H007,P0113
Z00075,H007,P0134
Z00075,H007,P0144
Z00075,H007,P0149
Z00076,H020,P0003
Z00076,H020,P0005
Z00076,H020,P0006
Z00076,H020,P0018
Z00076,H020,P0043
Z00076,H020,P0049
Z00076,H020,P0054
Z00076,H020,P0085
Z00076,H020,P0091
Z00076,H020,P0094
Z00076,H020,P0099
Z00076,H020,P0104
Z00076,H020,P0110
Z00076,H020,P0111
Z00076,H020,P0138
Z00076,H020,P0149
Z00076,H020,P0150
Z00077,H001,P0005
Z00077,H001,P0018
Z00077,H001,P0020
Z00077,H001,P0039
Z00077,H001,P0041
Z00077,H001,P0066
Z00077,H001,P0076
Z00077,H001,P0085
Z00077,H001,P0092
Z00077,H001,P0094
Z00077,H001,P0099
Z00077,H001,P0105
Z00077,H001,P0143
Z00078,H013,P0004
Z00078,H013,P0007
Z00078,H013,P0039
Z00078,H013,P0064
Z00078,H013,P0071
Z00078,H013,P0075
Z00078,H013,P0082
Z00078,H013,P0085
Z00078,H013,P0093
Z00078,H013,P0095
Z00078,H013,P0113
Z00078,H013,P0119
Z00078,H013,P0121
Z00078,H013,P0125
Z00078,H013,P0132
Z00078,H013,P0135
Z00079,H003,P0004
Z00079,H003,P0022
Z00079,H003,P0035
Z00079,H003,P0054
Z00079,H003,P0065
Z00079,H003,P0073
Z00079,H003,P0077
Z00079,H003,P0089
Z00079,H003,P0090
Z00079,H003,P0093
Z00079,H003,P0103
Z00079,H003,P0115
Z00079,H003,P0119
Z00079,H003,P0127
Z00079,H003,P0132
Z00079,H003,P0135
Z00079,H003,P0141
Z00080,H018,P0024
Z00080,H018,P0025
Z00080,H018,P0040
Z00080,H018,P0045
Z00080,H018,P0050
Z00080,H018,P0071
Z00080,H018,P0099
Z00080,H018,P0100
Z00080,H018,P0103
Z00080,H018,P0116
Z00080,H018,P0132
Z00080,H018,P0150
Z00081,H015,P0006
Z00081,H015,P0013
Z00081,H015,P0019
Z00081,H015,P0054
Z00081,H015,P0074
Z00081,H015,P0099
Z00081,H015,P0105
Z00081,H015,P0112
Z00081,H015,P0127
Z00082,H006,P0004
Z00082,H006,P0024
Z00082,H006,P0036
Z00082,H006,P0050
Z00082,H006,P0054
Z00082,H006,P0056
Z00082,H006,P0068
Z00082,H006,P0077
Z00082,H006,P0079
Z00082,H006,P0093
Z00082,H006,P0104
Z00082,H006,P0110
Z00082,H006,P0111
Z00082,H006,P0115
Z00082,H006,P0119
Z00082,H006,P0129
Z00082,H006,P0131
Z00082,H006,P0139
Z00083,H020,P0017
Z00083,H020,P0023
Z00083,H020,P0036
Z00083,H020,P0045
Z00083,H020,P0085
Z00083,H020,P0086
Z00083,H020,P0091
Z00083,H020,P0093
Z00083,H020,P0094
Z00083,H020,P0095
Z00083,H020,P0107
Z00083,H020,P0108
Z00083,H020,P0128
Z00083,H020,P0135
Z00083,H020,P0138
Z00084,H020,P0004
Z00084,H020,P0022
Z00084,H020,P0032
Z00084,H020,P0043
Z00084,H020,P0046
Z00084,H020,P0056
Z00084,H020,P0077
Z00084,H020,P0083
Z00084,H020,P0086
Z00084,H020,P0104
Z00084,H020,P0112
Z00084,H020,P0132
Z00084,H020,P0134
Z00084,H020,P0137
Z00084,H020,P0145
Z00085,H001,P0009
Z00085,H001,P0013
Z00085,H001,P0022
Z00085,H001,P0054
Z00085,H001,P0059
Z00085,H001,P0064
Z00085,H001,P0076
Z00085,H001,P0106
Z00085,H001,P0112
Z00085,H001,P0113
Z00085,H001,P0115
Z00085,H001,P0135
Z00085,H001,P0150
Z00086,H014,P0017
Z00086,H014,P0019
Z00086,H014,P0033
Z00086,H014,P0060
Z00086,H014,P0064
Z00086,H014,P0094
Z00086,H014,P0138
Z00087,H014,P0009
Z00087,H014,P0014
Z00087,H014,P0015
Z00087,H014,P0022
Z00087,H014,P0024
Z00087,H014,P0029
Z00087,H014,P0035
Z00087,H014,P0037
Z00087,H014,P0058
Z00087,H014,P0085
Z00087,H014,P0099
Z00087,H014,P0131
Z00087,H014,P0132
Z00087,H014,P0142
Z00087,H014,P0145
Z00087,H014,P0147
Z00088,H018,P0002
Z00088,H018,P0009
Z00088,H018,P0012
Z00088,H018,P0027
Z00088,H018,P0059
Z00088,H018,P0077
Z00088,H018,P0089
Z00088,H018,P0101
Z00088,H018,P0104
Z00088,H018,P0110
Z00088,H018,P0112
Z00088,H018,P0113
Z00088,H018,P0118
Z00088,H018,P0130
Z00088,H018,P0135
Z00089,H019,P0022
Z00089,H019,P0023
Z00089,H019,P0024
Z00089,H019,P0032
Z00089,H019,P0039
Z00089,H019,P0060
Z00089,H019,P0063
Z00089,H019,P0068
Z00089,H019,P0092
Z00089,H019,P0095
Z00089,H019,P0113
Z00089,H019,P0117
Z00089,H019,P0147
Z00089,H019,P0150
Z00090,H001,P0010
Z00090,H001,P0013
Z00090,H001,P0020
Z00090,H001,P0025
Z00090,H001,P0047
Z00090,H001,P0073
Z00090,H001,P0091
Z00090,H001,P0114
Z00090,H001,P0132
Z00090,H001,P0134
Z00090,H001,P0138
Z00091,H008,P0011
Z00091,H008,P0015
Z00091,H008,P0029
Z00091,H008,P0032
Z00091,H008,P0045
Z00091,H008,P0054
Z00091,H008,P0064
Z00091,H008,P0067
Z00091,H008,P0068
Z00091,H008,P0085
Z00091,H008,P0102
Z00091,H008,P0128
Z00092,H011,P0005
Z00092,H011,P0007
Z00092,H011,P0019
Z00092,H011,P0021
Z00092,H011,P0053
Z00092,H011,P0065
Z00092,H011,P0076
Z00092,H011,P0088
Z00092,H011,P0089
Z00092,H011,P0091
Z00092,H011,P0093
Z00092,H011,P0100
Z00092,H011,P0102
Z00092,H011,P0110
Z00092,H011,P0112
Z00092,H011,P0129
Z00093,H002,P0005
Z00093,H002,P0010
Z00093,H002,P0020
Z00093,H002,P0040
Z00093,H002,P0054
Z00093,H002,P0058
Z00093,H002,P0073
Z00093,H002,P0077
Z00093,H002,P0100
Z00093,H002,P0105
Z00093,H002,P0116
Z00093,H002,P0123
Z00093,H002,P0130
Z00093,H002,P0132
Z00093,H002,P0133
Z00093,H002,P0147
Z00094,H010,P0004
Z00094,H010,P0011
Z00094,H010,P0016
Z00094,H010,P0017
Z00094,H010,P0020
Z00094,H010,P0025
Z00094,H010,P0040
Z00094,H010,P0063
Z00094,H010,P0076
Z00094,H010,P0087
Z00094,H010,P0091
Z00094,H010,P0093
Z00094,H010,P0120
Z00094,H010,P0134
Z00094,H010,P0139
Z00094,H010,P0150
Z00095,H010,P0005
Z00095,H010,P0019
Z00095,H010,P0039
Z00095,H010,P0040
Z00095,H010,P0060
Z00095,H010,P0068
Z00095,H010,P0076
Z00095,H010,P0077
Z00095,H010,P0085
Z00095,H010,P0092
Z00095,H010,P0093
Z00095,H010,P0121
Z00095,H010,P0123
Z00095,H010,P0132
Z00095,H010,P0146
Z00095,H010,P0147
Z00096,H010,P0004
Z00096,H010,P0064
Z00096,H010,P0068
Z00096,H010,P0113
Z00096,H010,P0147
Z00096,H017,P0007
Z00096,H017,P0018
Z00096,H017,P0020
Z00096,H017,P0060
Z00096,H017,P0065
Z00096,H017,P0077
Z00096,H017,P0089
Z00096,H017,P0095
Z00096,H017,P0104
Z00096,H017,P0108
Z00096,H017,P0117
Z00096,H017,P0129
Z00096,H017,P0133
Z00096,H017,P0145
Z00097,H011,P0003
Z00097,H011,P0009
Z00097,H011,P0022
Z00097,H011,P0023
Z00097,H011,P0025
Z00097,H011,P0029
Z00097,H011,P0032
Z00097,H011,P0041
Z00097,H011,P0075
Z00097,H011,P0077
Z00097,H011,P0088
Z00097,H011,P0113
Z00097,H011,P0115
Z00097,H011,P0118
Z00097,H011,P0134
Z00097,H011,P0139
Z00097,H011,P0147
Z00098,H018,P0022
Z00098,H018,P0025
Z00098,H018,P0038
Z00098,H018,P0049
Z00098,H018,P0063
Z00098,H018,P0093
Z00098,H018,P0099
Z00098,H018,P0101
Z00098,H018,P0109
Z00098,H018,P0118
Z00098,H018,P0138
Z00099,H010,P0004
Z00099,H010,P0006
Z00099,H010,P0032
Z00099,H010,P0049
Z00099,H010,P0071
Z00099,H010,P0099
Z00099,H010,P0113
Z00099,H010,P0122
Z00099,H010,P0130
Z00099,H010,P0135
Z00100,H013,P0009
Z00100,H013,P0020
Z00100,H013,P0025
Z00100,H013,P0060
Z00100,H013,P0065
Z00100,H013,P0069
Z00100,H013,P0079
Z00100,H013,P0084
Z00100,H013,P0086
Z00100,H013,P0089
Z00100,H013,P0092
Z00100,H013,P0097
Z00100,H013,P0098
Z00100,H013,P0110
Z00100,H013,P0115
Z00100,H013,P0129
Z00100,H013,P0147
Z00101,H016,P0002
Z00101,H016,P0004
Z00101,H016,P0010
Z00101,H016,P0013
Z00101,H016,P0025
Z00101,H016,P0032
Z00101,H016,P0038
Z00101,H016,P0040
Z00101,H016,P0043
Z00101,H016,P0044
Z00101,H016,P0049
Z00101,H016,P0050
Z00101,H016,P0052
Z00101,H016,P0054
Z00101,H016,P0063
Z00101,H016,P0078
Z00101,H016,P0095
Z00101,H016,P0097
Z00101,H016,P0099
Z00101,H016,P0101
Z00101,H016,P0104
Z00101,H016,P0105
Z00101,H016,P0108
Z00101,H016,P0111
Z00101,H016,P0119
Z00101,H016,P0125
Z00101,H016,P0138
Z00101,H016,P0143
Z00101,H016,P0144
Z00101,H016,P0146
Z00102,H008,P0002
Z00102,H008,P0006
Z00102,H008,P0010
Z00102,H008,P0011
Z00102,H008,P0022
Z00102,H008,P0042
Z00102,H008,P0050
Z00102,H008,P0054
Z00102,H008,P0073
Z00102,H008,P0093
Z00102,H008,P0103
Z00102,H008,P0115
Z00102,H008,P0145
Z00103,H019,P0016
Z00103,H019,P0017
Z00103,H019,P0022
Z00103,H019,P0052
Z00103,H019,P0070
Z00103,H019,P0079
Z00103,H019,P0083
Z00103,H019,P0086
Z00103,H019,P0094
Z00103,H019,P0095
Z00103,H019,P0108
Z00103,H019,P0118
Z00103,H019,P0148
Z00103,H019,P0149
Z00104,H005,P0002
Z00104,H005,P0005
Z00104,H005,P0018
Z00104,H005,P0035
Z00104,H005,P0045
Z00104,H005,P0047
Z00104,H005,P0052
Z00104,H005,P0054
Z00104,H005,P0067
Z00104,H005,P0078
Z00104,H005,P0089
Z00104,H005,P0110
Z00104,H005,P0115
Z00104,H005,P0134
Z00104,H005,P0135
Z00104,H005,P0139
Z00104,H005,P0142
Z00104,H005,P0149
Z00105,H012,P0006
Z00105,H012,P0016
Z00105,H012,P0029
Z00105,H012,P0042
Z00105,H012,P0045
Z00105,H012,P0051
Z00105,H012,P0052
Z00105,H012,P0065
Z00105,H012,P0080
Z00105,H012,P0095
Z00105,H012,P0110
Z00105,H012,P0131
Z00105,H012,P0134
Z00105,H012,P0146
Z00106,H011,P0005
Z00106,H011,P0007
Z00106,H011,P0009
Z00106,H011,P0010
Z00106,H011,P0015
Z00106,H011,P0038
Z00106,H011,P0044
Z00106,H011,P0060
Z00106,H011,P0071
Z00106,H011,P0085
Z00106,H011,P0091
Z00106,H011,P0101
Z00106,H011,P0104
Z00107,H017,P0018
Z00107,H017,P0030
Z00107,H017,P0038
Z00107,H017,P0039
Z00107,H017,P0051
Z00107,H017,P0079
Z00107,H017,P0085
Z00107,H017,P0123
Z00107,H017,P0124
Z00107,H017,P0138
Z00107,H017,P0146
Z00107,H017,P0149
Z00108,H007,P0013
Z00108,H007,P0022
Z00108,H007,P0027
Z00108,H007,P0031
Z00108,H007,P0037
Z00108,H007,P0043
Z00108,H007,P0046
Z00108,H007,P0050
Z00108,H007,P0054
Z00108,H007,P0058
Z00108,H007,P0068
Z00108,H007,P0094
Z00108,H007,P0108
Z00108,H007,P0111
Z00108,H007,P0134
Z00108,H007,P0150
Z00109,H018,P0002
Z00109,H018,P0005
Z00109,H018,P0017
Z00109,H018,P0018
Z00109,H018,P0027
Z00109,H018,P0034
Z00109,H018,P0050
Z00109,H018,P0054
Z00109,H018,P0064
Z00109,H018,P0086
Z00109,H018,P0089
Z00109,H018,P0096
Z00109,H018,P0104
Z00109,H018,P0112
Z00109,H018,P0115
Z00109,H018,P0127
Z00109,H018,P0137
Z00109,H018,P0138
Z00109,H018,P0142
Z00109,H018,P0146
Z00109,H018,P0149
Z00110,H009,P0002
Z00110,H009,P0005
Z00110,H009,P0016
Z00110,H009,P0030
Z00110,H009,P0050
Z00110,H009,P0064
Z00110,H009,P0069
Z00110,H009,P0075
Z00110,H009,P0076
Z00110,H009,P0085
Z00110,H009,P0095
Z00110,H009,P0104
Z00110,H009,P0120
Z00110,H009,P0127
Z00110,H009,P0139
Z00110,H009,P0142
Z00110,H009,P0147
Z00111,H006,P0005
Z00111,H006,P0007
Z00111,H006,P0022
Z00111,H006,P0028
Z00111,H006,P0029
Z00111,H006,P0039
Z00111,H006,P0045
Z00111,H006,P0051
Z00111,H006,P0054
Z00111,H006,P0074
Z00111,H006,P0098
Z00111,H006,P0115
Z00111,H006,P0130
Z00111,H006,P0134
Z00112,H010,P0006
Z00112,H010,P0030
Z00112,H010,P0040
Z00112,H010,P0046
Z00112,H010,P0052
Z00112,H010,P0059
Z00112,H010,P0068
Z00112,H010,P0069
Z00112,H010,P0071
Z00112,H010,P0085
Z00112,H010,P0096
Z00112,H010,P0111
Z00112,H010,P0124
Z00112,H010,P0125
Z00112,H010,P0141
Z00112,H010,P0145
Z00113,H010,P0006
Z00113,H010,P0014
Z00113,H010,P0018
Z00113,H010,P0026
Z00113,H010,P0040
Z00113,H010,P0041
Z00113,H010,P0071
Z00113,H010,P0120
Z00113,H010,P0131
Z00113,H010,P0132
Z00113,H010,P0134
Z00114,H014,P0013
Z00114,H014,P0019
Z00114,H014,P0025
Z00114,H014,P0035
Z00114,H014,P0045
Z00114,H014,P0050
Z00114,H014,P0054
Z00114,H014,P0057
Z00114,H014,P0083
Z00114,H014,P0118
Z00114,H014,P0122
Z00115,H019,P0004
Z00115,H019,P0011
Z00115,H019,P0013
Z00115,H019,P0025
Z00115,H019,P0029
Z00115,H019,P0049
Z00115,H019,P0054
Z00115,H019,P0085
Z00115,H019,P0098
Z00115,H019,P0101
Z00115,H019,P0105
Z00115,H019,P0108
Z00115,H019,P0130
Z00115,H019,P0143
Z00115,H019,P0150
Z00116,H001,P0007
Z00116,H001,P0011
Z00116,H001,P0015
Z00116,H001,P0018
Z00116,H001,P0059
Z00116,H001,P0071
Z00116,H001,P0076
Z00116,H001,P0095
Z00116,H001,P0112
Z00116,H001,P0123
Z00116,H001,P0134
Z00116,H001,P0137
Z00116,H001,P0147
Z00117,H004,P0014
Z00117,H004,P0020
Z00117,H004,P0024
Z00117,H004,P0028
Z00117,H004,P0045
Z00117,H004,P0050
Z00117,H004,P0051
Z00117,H004,P0091
Z00117,H004,P0092
Z00117,H004,P0093
Z00117,H004,P0131
Z00117,H004,P0145
Z00118,H003,P0011
Z00118,H003,P0013
Z00118,H003,P0044
Z00118,H003,P0073
Z00119,H020,P0003
Z00119,H020,P0006
Z00119,H020,P0011
Z00119,H020,P0014
Z00119,H020,P0015
Z00119,H020,P0033
Z00119,H020,P0043
Z00119,H020,P0045
Z00119,H020,P0071
Z00119,H020,P0089
Z00119,H020,P0097
Z00119,H020,P0115
Z00120,H007,P0006
Z00120,H007,P0018
Z00120,H007,P0022
Z00120,H007,P0040
Z00120,H007,P0042
Z00120,H007,P0043
Z00120,H007,P0045
Z00120,H007,P0065
Z00120,H007,P0080
Z00120,H007,P0097
Z00120,H007,P0115
Z00120,H007,P0118
Z00120,H007,P0134
Z00120,H007,P0138
Z00120,H007,P0146
Z00120,H007,P0147
Z00120,H007,P0150
Z00121,H016,P0006
Z00121,H016,P0011
Z00121,H016,P0023
Z00121,H016,P0026
Z00121,H016,P0033
Z00121,H016,P0045
Z00121,H016,P0071
Z00121,H016,P0078
Z00121,H016,P0101
Z00121,H016,P0114
Z00121,H016,P0115
Z00121,H016,P0116
Z00122,H004,P0006
Z00122,H004,P0013
Z00122,H004,P0016
Z00122,H004,P0023
Z00122,H004,P0066
Z00122,H004,P0078
Z00122,H004,P0085
Z00122,H004,P0095
Z00122,H004,P0117
Z00122,H004,P0122
Z00122,H004,P0147
Z00122,H004,P0148
Z00123,H005,P0008
Z00123,H005,P0010
Z00123,H005,P0045
Z00123,H005,P0054
Z00123,H005,P0056
Z00123,H005,P0062
Z00123,H005,P0071
Z00123,H005,P0086
Z00123,H005,P0110
Z00123,H005,P0113
Z00123,H005,P0115
Z00123,H005,P0117
Z00123,H005,P0123
Z00123,H005,P0130
Z00123,H005,P0141
Z00123,H005,P0142
Z00123,H005,P0149
Z00124,H007,P0001
Z00124,H007,P0003
Z00124,H007,P0032
Z00124,H007,P0040
Z00124,H007,P0041
Z00124,H007,P0042
Z00124,H007,P0054
Z00124,H007,P0057
Z00124,H007,P0063
Z00124,H007,P0071
Z00124,H007,P0073
Z00124,H007,P0078
Z00124,H007,P0082
Z00124,H007,P0083
Z00124,H007,P0092
Z00124,H007,P0094
Z00124,H007,P0095
Z00124,H007,P0104
Z00124,H007,P0118
Z00124,H007,P0119
Z00124,H007,P0121
Z00124,H007,P0126
Z00124,H007,P0147
Z00124,H007,P0149
Z00125,H019,P0013
Z00125,H019,P0039
Z00125,H019,P0040
Z00125,H019,P0045
Z00125,H019,P0051
Z00125,H019,P0060
Z00125,H019,P0068
Z00125,H019,P0071
Z00125,H019,P0082
Z00125,H019,P0091
Z00125,H019,P0094
Z00125,H019,P0095
Z00125,H019,P0104
Z00125,H019,P0108
Z00125,H019,P0115
Z00125,H019,P0133
Z00125,H019,P0134
Z00125,H019,P0139
Z00125,H019,P0149
Z00126,H018,P0010
Z00126,H018,P0011
Z00126,H018,P0013
Z00126,H018,P0024
Z00126,H018,P0040
Z00126,H018,P0045
Z00126,H018,P0048
Z00126,H018,P0054
Z00126,H018,P0063
Z00126,H018,P0064
Z00126,H018,P0071
Z00126,H018,P0094
Z00126,H018,P0142
Z00127,H001,P0010
Z00127,H001,P0013
Z00127,H001,P0023
Z00127,H001,P0027
Z00127,H001,P0039
Z00127,H001,P0042
Z00127,H001,P0045
Z00127,H001,P0068
Z00127,H001,P0076
Z00127,H001,P0086
Z00127,H001,P0090
Z00127,H001,P0091
Z00127,H001,P0094
Z00127,H001,P0109
Z00127,H001,P0111
Z00127,H001,P0117
Z00127,H001,P0134
Z00127,H001,P0144
Z00127,H001,P0148
Z00128,H014,P0005
Z00128,H014,P0006
Z00128,H014,P0016
Z00128,H014,P0018
Z00128,H014,P0022
Z00128,H014,P0050
Z00128,H014,P0062
Z00128,H014,P0063
Z00128,H014,P0073
Z00128,H014,P0076
Z00128,H014,P0093
Z00128,H014,P0110
Z00128,H014,P0111
Z00128,H014,P0134
Z00128,H014,P0135
Z00128,H014,P0143
Z00128,H014,P0147
Z00129,H007,P0025
Z00129,H007,P0030
Z00129,H007,P0054
Z00129,H007,P0059
Z00129,H007,P0091
Z00129,H007,P0100
Z00129,H007,P0107
Z00129,H007,P0113
Z00129,H007,P0126
Z00129,H007,P0146
Z00129,H007,P0150
Z00130,H016,P0005
Z00130,H016,P0010
Z00130,H016,P0017
Z00130,H016,P0045
Z00130,H016,P0056
Z00130,H016,P0099
Z00130,H016,P0104
Z00130,H016,P0105
Z00130,H016,P0112
Z00130,H016,P0115
Z00130,H016,P0125
Z00130,H016,P0139
Z00130,H016,P0147
Z00131,H010,P0022
Z00131,H010,P0076
Z00131,H010,P0078
Z00131,H017,P0044
Z00131,H017,P0106
Z00132,H001,P0002
Z00132,H001,P0006
Z00132,H001,P0010
Z00132,H001,P0013
Z00132,H001,P0019
Z00132,H001,P0020
Z00132,H001,P0022
Z00132,H001,P0030
Z00132,H001,P0040
Z00132,H001,P0054
Z00132,H001,P0056
Z00132,H001,P0064
Z00132,H001,P0065
Z00132,H001,P0076
Z00132,H001,P0086
Z00132,H001,P0093
Z00132,H001,P0099
Z00132,H001,P0100
Z00132,H001,P0101
Z00132,H001,P0103
Z00132,H001,P0104
Z00132,H001,P0115
Z00132,H001,P0129
Z00132,H001,P0131
Z00132,H001,P0132
Z00132,H001,P0135
Z00133,H001,P0004
Z00133,H001,P0013
Z00133,H001,P0016
Z00133,H001,P0025
Z00133,H001,P0049
Z00133,H001,P0070
Z00133,H001,P0082
Z00133,H001,P0086
Z00133,H001,P0093
Z00133,H001,P0098
Z00133,H001,P0100
Z00133,H001,P0118
Z00133,H001,P0127
Z00133,H001,P0143
Z00133,H001,P0144
Z00133,H001,P0150
Z00134,H005,P0005
Z00134,H005,P0045
Z00134,H005,P0111
Z00134,H005,P0122
Z00134,H005,P0130
Z00134,H005,P0134
Z00135,H012,P0002
Z00135,H012,P0029
Z00135,H012,P0063
Z00135,H012,P0064
Z00135,H012,P0084
Z00135,H012,P0085
Z00135,H012,P0092
Z00135,H012,P0108
Z00135,H012,P0118
Z00135,H012,P0130
Z00135,H012,P0142
Z00135,H012,P0143
Z00136,H011,P0003
Z00136,H011,P0005
Z00136,H011,P0022
Z00136,H011,P0030
Z00136,H011,P0035
Z00136,H011,P0052
Z00136,H011,P0131
Z00136,H011,P0132
Z00137,H009,P0029
Z00137,H009,P0037
Z00137,H009,P0054
Z00137,H009,P0068
Z00137,H009,P0071
Z00137,H009,P0073
Z00137,H009,P0085
Z00137,H009,P0093
Z00137,H009,P0105
Z00137,H009,P0125
Z00137,H009,P0130
Z00137,H009,P0146
Z00138,H009,P0008
Z00138,H009,P0035
Z00138,H009,P0038
Z00138,H009,P0050
Z00138,H009,P0054
Z00138,H009,P0077
Z00138,H009,P0098
Z00138,H009,P0101
Z00138,H009,P0124
Z00138,H009,P0134
Z00138,H009,P0144
Z00139,H020,P0006
Z00139,H020,P0013
Z00139,H020,P0027
Z00139,H020,P0050
Z00139,H020,P0052
Z00139,H020,P0062
Z00139,H020,P0065
Z00139,H020,P0066
Z00139,H020,P0073
Z00139,H020,P0080
Z00139,H020,P0082
Z00139,H020,P0086
Z00139,H020,P0100
Z00139,H020,P0101
Z00139,H020,P0113
Z00139,H020,P0114
Z00139,H020,P0115
Z00139,H020,P0124
Z00139,H020,P0131
Z00139,H020,P0146
Z00139,H020,P0147
Z00140,H010,P0015
Z00140,H010,P0054
Z00140,H010,P0056
Z00140,H010,P0057
Z00140,H010,P0118
Z00140,H010,P0134
Z00140,H010,P0148
Z00140,H017,P0009
Z00140,H017,P0013
Z00140,H017,P0024
Z00140,H017,P0030
Z00140,H017,P0045
Z00140,H017,P0052
Z00140,H017,P0065
Z00140,H017,P0077
Z00140,H017,P0091
Z00140,H017,P0100
Z00140,H017,P0101
Z00140,H017,P0113
Z00140,H017,P0133
Z00140,H017,P0143
Z00140,H017,P0149
Z00141,H011,P0015
Z00141,H011,P0017
Z00141,H011,P0025
Z00141,H011,P0045
Z00141,H011,P0054
Z00141,H011,P0078
Z00141,H011,P0085
Z00141,H011,P0090
Z00141,H011,P0120
Z00141,H011,P0126
Z00141,H011,P0134
Z00141,H011,P0137
Z00141,H011,P0147
Z00142,H015,P0003
Z00142,H015,P0011
Z00142,H015,P0013
Z00142,H015,P0019
Z00142,H015,P0054
Z00142,H015,P0060
Z00142,H015,P0063
Z00142,H015,P0072
Z00142,H015,P0078
Z00142,H015,P0080
Z00142,H015,P0082
Z00142,H015,P0083
Z00142,H015,P0090
Z00142,H015,P0091
Z00142,H015,P0092
Z00142,H015,P0095
Z00142,H015,P0104
Z00142,H015,P0107
Z00142,H015,P0119
Z00142,H015,P0129
Z00142,H015,P0139
Z00142,H015,P0147
Z00142,H015,P0148
Z00143,H010,P0002
Z00143,H010,P0092
Z00143,H010,P0113
Z00143,H010,P0142
Z00143,H017,P0044
Z00143,H017,P0050
Z00143,H017,P0054
Z00143,H017,P0077
Z00143,H017,P0099
Z00143,H017,P0120
Z00144,H014,P0006
Z00144,H014,P0016
Z00144,H014,P0050
Z00144,H014,P0060
Z00144,H014,P0073
Z00144,H014,P0134
Z00145,H003,P0006
Z00145,H003,P0017
Z00145,H003,P0030
Z00145,H003,P0042
Z00145,H003,P0060
Z00145,H003,P0066
Z00145,H003,P0085
Z00145,H003,P0087
Z00145,H003,P0099
Z00145,H003,P0101
Z00145,H003,P0113
Z00145,H003,P0114
Z00145,H003,P0119
Z00145,H003,P0139
Z00145,H003,P0148
Z00146,H015,P0019
Z00146,H015,P0029
Z00146,H015,P0030
Z00146,H015,P0054
Z00146,H015,P0076
Z00146,H015,P0091
Z00146,H015,P0093
Z00146,H015,P0097
Z00146,H015,P0099
Z00146,H015,P0100
Z00146,H015,P0111
Z00146,H015,P0148
Z00146,H015,P0149
Z00147,H020,P0025
Z00147,H020,P0035
Z00147,H020,P0038
Z00147,H020,P0060
Z00147,H020,P0071
Z00147,H020,P0080
Z00147,H020,P0085
Z00147,H020,P0091
Z00147,H020,P0107
Z00147,H020,P0118
Z00147,H020,P0127
Z00147,H020,P0138
Z00148,H009,P0002
Z00148,H009,P0018
Z00148,H009,P0049
Z00148,H009,P0050
Z00148,H009,P0058
Z00148,H009,P0067
Z00148,H009,P0073
Z00148,H009,P0087
Z00148,H009,P0103
Z00148,H009,P0119
Z00148,H009,P0131
Z00148,H009,P0137
Z00148,H009,P0143
Z00149,H016,P0013
Z00149,H016,P0023
Z00149,H016,P0025
Z00149,H016,P0054
Z00149,H016,P0058
Z00149,H016,P0063
Z00149,H016,P0095
Z00149,H016,P0098
Z00149,H016,P0131
Z00149,H016,P0139
Z00149,H016,P0146
Z00150,H013,P0030
Z00150,H013,P0050
Z00150,H013,P0052
Z00150,H013,P0058
Z00150,H013,P0070
Z00150,H013,P0072
Z00150,H013,P0077
Z00150,H013,P0095
Z00150,H013,P0103
Z00150,H013,P0123
Z00150,H013,P0129
Z00151,H018,P0010
Z00151,H018,P0013
Z00151,H018,P0029
Z00151,H018,P0050
Z00151,H018,P0068
Z00151,H018,P0106
Z00152,H020,P0029
Z00152,H020,P0071
Z00152,H020,P0077
Z00152,H020,P0121
Z00152,H020,P0147
Z00152,H020,P0150
Z00153,H011,P0003
Z00153,H011,P0010
Z00153,H011,P0035
Z00153,H011,P0060
Z00153,H011,P0076
Z00153,H011,P0078
Z00153,H011,P0089
Z00153,H011,P0103
Z00153,H011,P0106
Z00153,H011,P0116
Z00153,H011,P0130
Z00153,H011,P0133
Z00154,H013,P0007
Z00154,H013,P0013
Z00154,H013,P0016
Z00154,H013,P0018
Z00154,H013,P0024
Z00154,H013,P0035
Z00154,H013,P0039
Z00154,H013,P0068
Z00154,H013,P0073
Z00154,H013,P0075
Z00154,H013,P0087
Z00154,H013,P0089
Z00154,H013,P0092
Z00154,H013,P0093
Z00154,H013,P0106
Z00154,H013,P0108
Z00154,H013,P0109
Z00154,H013,P0114
Z00154,H013,P0124
Z00154,H013,P0125
Z00154,H013,P0127
Z00154,H013,P0130
Z00154,H013,P0133
Z00154,H013,P0136
Z00154,H013,P0142
Z00154,H013,P0143
Z00155,H005,P0005
Z00155,H005,P0013
Z00155,H005,P0015
Z00155,H005,P0028
Z00155,H005,P0060
Z00155,H005,P0061
Z00155,H005,P0063
Z00155,H005,P0066
Z00155,H005,P0067
Z00155,H005,P0073
Z00155,H005,P0087
Z00155,H005,P0088
Z00155,H005,P0097
Z00155,H005,P0098
Z00155,H005,P0100
Z00155,H005,P0105
Z00155,H005,P0125
Z00155,H005,P0126
Z00155,H005,P0131
Z00155,H005,P0134
Z00155,H005,P0136
Z00156,H005,P0002
Z00156,H005,P0005
Z00156,H005,P0006
Z00156,H005,P0012
Z00156,H005,P0013
Z00156,H005,P0016
Z00156,H005,P0023
Z00156,H005,P0028
Z00156,H005,P0044
Z00156,H005,P0047
Z00156,H005,P0050
Z00156,H005,P0051
Z00156,H005,P0082
Z00156,H005,P0085
Z00156,H005,P0090
Z00156,H005,P0101
Z00156,H005,P0103
Z00156,H005,P0111
Z00156,H005,P0117
Z00156,H005,P0132
Z00156,H005,P0147
Z00157,H020,P0007
Z00157,H020,P0010
Z00157,H020,P0015
Z00157,H020,P0018
Z00157,H020,P0022
Z00157,H020,P0029
Z00157,H020,P0051
Z00157,H020,P0052
Z00157,H020,P0058
Z00157,H020,P0064
Z00157,H020,P0065
Z00157,H020,P0103
Z00157,H020,P0113
Z00157,H020,P0115
Z00157,H020,P0148
Z00158,H013,P0002
Z00158,H013,P0018
Z00158,H013,P0024
Z00158,H013,P0028
Z00158,H013,P0029
Z00158,H013,P0030
Z00158,H013,P0035
Z00158,H013,P0039
Z00158,H013,P0040
Z00158,H013,P0044
Z00158,H013,P0045
Z00158,H013,P0052
Z00158,H013,P0056
Z00158,H013,P0061
Z00158,H013,P0064
Z00158,H013,P0067
Z00158,H013,P0078
Z00158,H013,P0085
Z00158,H013,P0086
Z00158,H013,P0093
Z00158,H013,P0095
Z00158,H013,P0099
Z00158,H013,P0111
Z00158,H013,P0125
Z00158,H013,P0134
Z00158,H013,P0135
Z00159,H006,P0012
Z00159,H006,P0029
Z00159,H006,P0030
Z00159,H006,P0045
Z00159,H006,P0064
Z00159,H006,P0074
Z00159,H006,P0077
Z00159,H006,P0113
Z00159,H006,P0147
Z00160,H001,P0015
Z00160,H001,P0018
Z00160,H001,P0019
Z00160,H001,P0024
Z00160,H001,P0037
Z00160,H001,P0050
Z00160,H001,P0051
Z00160,H001,P0052
Z00160,H001,P0054
Z00160,H001,P0063
Z00160,H001,P0076
Z00160,H001,P0083
Z00160,H001,P0090
Z00160,H001,P0091
Z00160,H001,P0093
Z00160,H001,P0111
Z00160,H001,P0145
Z00160,H001,P0148
Z00161,H004,P0068
Z00161,H004,P0077
Z00161,H004,P0101
Z00161,H004,P0103
Z00161,H004,P0131
Z00161,H004,P0136
Z00162,H010,P0004
Z00162,H010,P0017
Z00162,H010,P0025
Z00162,H010,P0030
Z00162,H010,P0044
Z00162,H010,P0050
Z00162,H010,P0056
Z00162,H010,P0066
Z00162,H010,P0068
Z00162,H010,P0080
Z00162,H010,P0085
Z00162,H010,P0086
Z00162,H010,P0111
Z00162,H010,P0133
Z00162,H010,P0143
Z00162,H010,P0147
Z00162,H010,P0150
Z00163,H002,P0002
Z00163,H002,P0004
Z00163,H002,P0011
Z00163,H002,P0030
Z00163,H002,P0059
Z00163,H002,P0060
Z00163,H002,P0064
Z00163,H002,P0078
Z00163,H002,P0092
Z00163,H002,P0132
Z00163,H002,P0141
Z00163,H002,P0146
Z00163,H002,P0148
Z00163,H002,P0150
Z00164,H018,P0012
Z00164,H018,P0023
Z00164,H018,P0024
Z00164,H018,P0029
Z00164,H018,P0060
Z00164,H018,P0062
Z00164,H018,P0075
Z00164,H018,P0086
Z00164,H018,P0087
Z00164,H018,P0104
Z00164,H018,P0108
Z00164,H018,P0117
Z00164,H018,P0125
Z00164,H018,P0133
Z00164,H018,P0138
Z00164,H018,P0146
Z00165,H009,P0004
Z00165,H009,P0011
Z00165,H009,P0014
Z00165,H009,P0019
Z00165,H009,P0030
Z00165,H009,P0044
Z00165,H009,P0047
Z00165,H009,P0062
Z00165,H009,P0075
Z00165,H009,P0090
Z00165,H009,P0095
Z00165,H009,P0100
Z00165,H009,P0109
Z00165,H009,P0111
Z00165,H009,P0117
Z00165,H009,P0132
Z00166,H006,P0006
Z00166,H006,P0022
Z00166,H006,P0040
Z00166,H006,P0045
Z00166,H006,P0052
Z00166,H006,P0076
Z00166,H006,P0080
Z00166,H006,P0112
Z00167,H008,P0006
Z00167,H008,P0013
Z00167,H008,P0037
Z00167,H008,P0060
Z00167,H008,P0103
Z00167,H008,P0111
Z00167,H008,P0118
Z00167,H008,P0142
Z00167,H008,P0150
Z00168,H009,P0012
Z00168,H009,P0013
Z00168,H009,P0018
Z00168,H009,P0030
Z00168,H009,P0041
Z00168,H009,P0049
Z00168,H009,P0052
Z00168,H009,P0064
Z00168,H009,P0080
Z00168,H009,P0082
Z00168,H009,P0097
Z00168,H009,P0106
Z00169,H008,P0018
Z00169,H008,P0032
Z00169,H008,P0040
Z00169,H008,P0045
Z00169,H008,P0051
Z00169,H008,P0060
Z00169,H008,P0064
Z00169,H008,P0070
Z00169,H008,P0077
Z00169,H008,P0080
Z00169,H008,P0089
Z00169,H008,P0101
Z00169,H008,P0107
Z00169,H008,P0111
Z00169,H008,P0129
Z00169,H008,P0131
Z00169,H008,P0144
Z00169,H008,P0147
Z00170,H007,P0009
Z00170,H007,P0013
Z00170,H007,P0014
Z00170,H007,P0025
Z00170,H007,P0029
Z00170,H007,P0040
Z00170,H007,P0050
Z00170,H007,P0053
Z00170,H007,P0054
Z00170,H007,P0064
Z00170,H007,P0065
Z00170,H007,P0073
Z00170,H007,P0089
Z00170,H007,P0091
Z00170,H007,P0095
Z00170,H007,P0099
Z00170,H007,P0104
Z00170,H007,P0115
Z00170,H007,P0147
Z00170,H007,P0149
Z00171,H015,P0030
Z00171,H015,P0052
Z00171,H015,P0056
Z00171,H015,P0065
Z00171,H015,P0099
Z00171,H015,P0105
Z00171,H015,P0150
Z00172,H008,P0006
Z00172,H008,P0015
Z00172,H008,P0018
Z00172,H008,P0022
Z00172,H008,P0032
Z00172,H008,P0037
Z00172,H008,P0040
Z00172,H008,P0044
Z00172,H008,P0045
Z00172,H008,P0056
Z00172,H008,P0060
Z00172,H008,P0071
Z00172,H008,P0073
Z00172,H008,P0076
Z00172,H008,P0093
Z00172,H008,P0099
Z00172,H008,P0108
Z00172,H008,P0118
Z00172,H008,P0125
Z00172,H008,P0143
Z00173,H006,P0012
Z00173,H006,P0013
Z00173,H006,P0043
Z00173,H006,P0045
Z00173,H006,P0054
Z00173,H006,P0055
Z00173,H006,P0070
Z00173,H006,P0087
Z00173,H006,P0091
Z00173,H006,P0097
Z00173,H006,P0099
Z00173,H006,P0101
Z00173,H006,P0113
Z00173,H006,P0114
Z00173,H006,P0132
Z00173,H006,P0139
Z00174,H015,P0002
Z00174,H015,P0007
Z00174,H015,P0025
Z00174,H015,P0044
Z00174,H015,P0064
Z00174,H015,P0074
Z00174,H015,P0076
Z00174,H015,P0078
Z00174,H015,P0085
Z00174,H015,P0091
Z00174,H015,P0111
Z00174,H015,P0137
Z00175,H007,P0003
Z00175,H007,P0007
Z00175,H007,P0013
Z00175,H007,P0017
Z00175,H007,P0020
Z00175,H007,P0024
Z00175,H007,P0043
Z00175,H007,P0062
Z00175,H007,P0092
Z00175,H007,P0097
Z00175,H007,P0111
Z00175,H007,P0112
Z00175,H007,P0121
Z00175,H007,P0123
Z00175,H007,P0134
Z00175,H007,P0137
Z00175,H007,P0138
Z00175,H007,P0149
Z00176,H001,P0047
Z00176,H001,P0051
Z00176,H001,P0054
Z00176,H001,P0060
Z00176,H001,P0073
Z00176,H001,P0078
Z00176,H001,P0085
Z00176,H001,P0093
Z00176,H001,P0095
Z00176,H001,P0104
Z00176,H001,P0110
Z00176,H001,P0115
Z00176,H001,P0117
Z00176,H001,P0125
Z00176,H001,P0132
Z00177,H008,P0006
Z00177,H008,P0015
Z00177,H008,P0021
Z00177,H008,P0023
Z00177,H008,P0024
Z00177,H008,P0025
Z00177,H008,P0033
Z00177,H008,P0052
Z00177,H008,P0054
Z00177,H008,P0055
Z00177,H008,P0068
Z00177,H008,P0086
Z00177,H008,P0089
Z00177,H008,P0099
Z00177,H008,P0109
Z00177,H008,P0123
Z00177,H008,P0134
Z00177,H008,P0145
Z00177,H008,P0147
Z00178,H005,P0022
Z00178,H005,P0025
Z00178,H005,P0063
Z00178,H005,P0064
Z00178,H005,P0078
Z00178,H005,P0085
Z00178,H005,P0091
Z00178,H005,P0093
Z00178,H005,P0104
Z00178,H005,P0137
Z00178,H005,P0138
Z00179,H011,P0002
Z00179,H011,P0009
Z00179,H011,P0020
Z00179,H011,P0033
Z00179,H011,P0036
Z00179,H011,P0045
Z00179,H011,P0054
Z00179,H011,P0055
Z00179,H011,P0057
Z00179,H011,P0060
Z00179,H011,P0076
Z00179,H011,P0090
Z00179,H011,P0098
Z00179,H011,P0099
Z00179,H011,P0103
Z00179,H011,P0110
Z00179,H011,P0111
Z00179,H011,P0124
Z00179,H011,P0138
Z00179,H011,P0143
Z00179,H011,P0146
Z00180,H016,P0048
Z00180,H016,P0063
Z00180,H016,P0086
Z00180,H016,P0109
Z00180,H016,P0134
Z00180,H016,P0140
Z00180,H016,P0150
Z00181,H005,P0007
Z00181,H005,P0011
Z00181,H005,P0040
Z00181,H005,P0056
Z00181,H005,P0070
Z00181,H005,P0078
Z00181,H005,P0093
Z00181,H005,P0100
Z00181,H005,P0102
Z00181,H005,P0113
Z00181,H005,P0130
Z00181,H005,P0133
Z00181,H005,P0147
Z00182,H003,P0006
Z00182,H003,P0029
Z00182,H003,P0033
Z00182,H003,P0060
Z00182,H003,P0090
Z00182,H003,P0095
Z00182,H003,P0119
Z00182,H003,P0120
Z00182,H003,P0147
Z00183,H005,P0005
Z00183,H005,P0026
Z00183,H005,P0033
Z00183,H005,P0076
Z00183,H005,P0085
Z00183,H005,P0104
Z00183,H005,P0134
Z00183,H005,P0147
Z00184,H002,P0013
Z00184,H002,P0026
Z00184,H002,P0028
Z00184,H002,P0037
Z00184,H002,P0050
Z00184,H002,P0062
Z00184,H002,P0087
Z00184,H002,P0093
Z00184,H002,P0095
Z00184,H002,P0110
Z00184,H002,P0119
Z00184,H002,P0120
Z00184,H002,P0142
Z00184,H002,P0147
Z00185,H019,P0005
Z00185,H019,P0013
Z00185,H019,P0025
Z00185,H019,P0029
Z00185,H019,P0061
Z00185,H019,P0065
Z00185,H019,P0071
Z00185,H019,P0077
Z00185,H019,P0083
Z00185,H019,P0085
Z00185,H019,P0092
Z00185,H019,P0098
Z00185,H019,P0099
Z00185,H019,P0100
Z00185,H019,P0109
Z00185,H019,P0110
Z00185,H019,P0112
Z00185,H019,P0131
Z00185,H019,P0134
Z00186,H005,P0002
Z00186,H005,P0003
Z00186,H005,P0007
Z00186,H005,P0009
Z00186,H005,P0017
Z00186,H005,P0045
Z00186,H005,P0051
Z00186,H005,P0052
Z00186,H005,P0063
Z00186,H005,P0065
Z00186,H005,P0076
Z00186,H005,P0091
Z00186,H005,P0092
Z00186,H005,P0095
Z00186,H005,P0105
Z00186,H005,P0146
Z00186,H005,P0148
Z00187,H019,P0002
Z00187,H019,P0004
Z00187,H019,P0009
Z00187,H019,P0013
Z00187,H019,P0029
Z00187,H019,P0036
Z00187,H019,P0045
Z00187,H019,P0057
Z00187,H019,P0069
Z00187,H019,P0074
Z00187,H019,P0095
Z00187,H019,P0109
Z00187,H019,P0118
Z00187,H019,P0138
Z00188,H019,P0006
Z00188,H019,P0016
Z00188,H019,P0017
Z00188,H019,P0033
Z00188,H019,P0037
Z00188,H019,P0040
Z00188,H019,P0052
Z00188,H019,P0055
Z00188,H019,P0062
Z00188,H019,P0066
Z00188,H019,P0078
Z00188,H019,P0085
Z00188,H019,P0095
Z00188,H019,P0104
Z00188,H019,P0115
Z00188,H019,P0125
Z00188,H019,P0135
Z00188,H019,P0147
Z00188,H019,P0149
Z00189,H013,P0012
Z00189,H013,P0028
Z00189,H013,P0050
Z00189,H013,P0059
Z00189,H013,P0066
Z00189,H013,P0070
Z00189,H013,P0074
Z00189,H013,P0078
Z00189,H013,P0085
Z00189,H013,P0104
Z00189,H013,P0120
Z00190,H015,P0004
Z00190,H015,P0006
Z00190,H015,P0016
Z00190,H015,P0027
Z00190,H015,P0044
Z00190,H015,P0056
Z00190,H015,P0076
Z00190,H015,P0077
Z00190,H015,P0093
Z00190,H015,P0094
Z00190,H015,P0102
Z00190,H015,P0125
Z00190,H015,P0131
Z00190,H015,P0133
Z00190,H015,P0145
Z00191,H005,P0005
Z00191,H005,P0028
Z00191,H005,P0040
Z00191,H005,P0045
Z00191,H005,P0052
Z00191,H005,P0066
Z00191,H005,P0068
Z00191,H005,P0080
Z00191,H005,P0090
Z00191,H005,P0099
Z00191,H005,P0100
Z00191,H005,P0104
Z00191,H005,P0115
Z00191,H005,P0121
Z00191,H005,P0130
Z00191,H005,P0148
Z00192,H009,P0004
Z00192,H009,P0013
Z00192,H009,P0037
Z00192,H009,P0045
Z00192,H009,P0054
Z00192,H009,P0062
Z00192,H009,P0069
Z00192,H009,P0082
Z00192,H009,P0085
Z00192,H009,P0091
Z00192,H009,P0095
Z00192,H009,P0098
Z00192,H009,P0099
Z00192,H009,P0104
Z00192,H009,P0105
Z00192,H009,P0107
Z00192,H009,P0112
Z00192,H009,P0117
Z00192,H009,P0122
Z00192,H009,P0127
Z00192,H009,P0129
Z00192,H009,P0143
Z00192,H009,P0145
Z00193,H016,P0010
Z00193,H016,P0011
Z00193,H016,P0025
Z00193,H016,P0056
Z00193,H016,P0061
Z00193,H016,P0064
Z00193,H016,P0073
Z00193,H016,P0075
Z00193,H016,P0091
Z00193,H016,P0092
Z00193,H016,P0093
Z00193,H016,P0106
Z00193,H016,P0112
Z00193,H016,P0115
Z00193,H016,P0147
Z00194,H002,P0006
Z00194,H002,P0016
Z00194,H002,P0039
Z00194,H002,P0044
Z00194,H002,P0075
Z00194,H002,P0095
Z00194,H002,P0112
Z00194,H002,P0116
Z00194,H002,P0121
Z00194,H002,P0125
Z00194,H002,P0138
Z00194,H002,P0146
Z00195,H002,P0006
Z00195,H002,P0013
Z00195,H002,P0022
Z00195,H002,P0025
Z00195,H002,P0058
Z00195,H002,P0060
Z00195,H002,P0064
Z00195,H002,P0073
Z00195,H002,P0080
Z00195,H002,P0085
Z00195,H002,P0113
Z00195,H002,P0127
Z00195,H002,P0138
Z00196,H010,P0004
Z00196,H010,P0009
Z00196,H010,P0028
Z00196,H010,P0045
Z00196,H010,P0054
Z00196,H010,P0060
Z00196,H010,P0078
Z00196,H010,P0085
Z00196,H010,P0086
Z00196,H010,P0104
Z00196,H010,P0105
Z00196,H010,P0110
Z00196,H010,P0128
Z00196,H010,P0131
Z00196,H010,P0149
Z00196,H010,P0150
Z00197,H009,P0023
Z00197,H009,P0069
Z00197,H009,P0085
Z00197,H009,P0087
Z00197,H009,P0094
Z00197,H009,P0118
Z00197,H009,P0130
Z00197,H009,P0132
Z00197,H009,P0145
Z00197,H009,P0146
Z00197,H009,P0150
Z00198,H006,P0007
Z00198,H006,P0017
Z00198,H006,P0029
Z00198,H006,P0035
Z00198,H006,P0040
Z00198,H006,P0044
Z00198,H006,P0046
Z00198,H006,P0050
Z00198,H006,P0058
Z00198,H006,P0071
Z00198,H006,P0090
Z00198,H006,P0138
Z00198,H006,P0146
Z00198,H006,P0149
Z00199,H010,P0006
Z00199,H010,P0022
Z00199,H010,P0032
Z00199,H010,P0034
Z00199,H010,P0041
Z00199,H010,P0089
Z00199,H010,P0095
Z00199,H010,P0103
Z00199,H010,P0138
Z00199,H017,P0045
Z00199,H017,P0049
Z00199,H017,P0085
Z00199,H017,P0107
Z00199,H017,P0146
Z00200,H020,P0006
Z00200,H020,P0010
Z00200,H020,P0025
Z00200,H020,P0034
Z00200,H020,P0039
Z00200,H020,P0047
Z00200,H020,P0052
Z00200,H020,P0054
Z00200,H020,P0061
Z00200,H020,P0062
Z00200,H020,P0090
Z00200,H020,P0091
Z00200,H020,P0094
Z00200,H020,P0099
Z00200,H020,P0104
Z00200,H020,P0126
Z00200,H020,P0133
Z00201,H012,P0004
Z00201,H012,P0018
Z00201,H012,P0024
Z00201,H012,P0038
Z00201,H012,P0051
Z00201,H012,P0052
Z00201,H012,P0060
Z00201,H012,P0069
Z00201,H012,P0076
Z00201,H012,P0095
Z00201,H012,P0097
Z00201,H012,P0104
Z00201,H012,P0109
Z00201,H012,P0112
Z00201,H012,P0123
Z00201,H012,P0132
Z00201,H012,P0149
Z00202,H018,P0009
Z00202,H018,P0010
Z00202,H018,P0017
Z00202,H018,P0018
Z00202,H018,P0022
Z00202,H018,P0028
Z00202,H018,P0030
Z00202,H018,P0054
Z00202,H018,P0069
Z00202,H018,P0091
Z00202,H018,P0092
Z00202,H018,P0100
Z00202,H018,P0135
Z00202,H018,P0137
Z00203,H001,P0004
Z00203,H001,P0019
Z00203,H001,P0022
Z00203,H001,P0025
Z00203,H001,P0027
Z00203,H001,P0033
Z00203,H001,P0045
Z00203,H001,P0060
Z00203,H001,P0063
Z00203,H001,P0067
Z00203,H001,P0077
Z00203,H001,P0078
Z00203,H001,P0085
Z00203,H001,P0086
Z00203,H001,P0093
Z00203,H001,P0115
Z00203,H001,P0131
Z00204,H007,P0013
Z00204,H007,P0016
Z00204,H007,P0020
Z00204,H007,P0022
Z00204,H007,P0023
Z00204,H007,P0027
Z00204,H007,P0060
Z00204,H007,P0064
Z00204,H007,P0071
Z00204,H007,P0075
Z00204,H007,P0086
Z00204,H007,P0091
Z00204,H007,P0095
Z00204,H007,P0120
Z00204,H007,P0128
Z00204,H007,P0132
Z00204,H007,P0133
Z00204,H007,P0134
Z00204,H007,P0138
Z00205,H009,P0004
Z00205,H009,P0006
Z00205,H009,P0030
Z00205,H009,P0033
Z00205,H009,P0050
Z00205,H009,P0052
Z00205,H009,P0053
Z00205,H009,P0064
Z00205,H009,P0071
Z00205,H009,P0075
Z00205,H009,P0091
Z00205,H009,P0108
Z00205,H009,P0125
Z00205,H009,P0135
Z00205,H009,P0150
Z00206,H006,P0009
Z00206,H006,P0013
Z00206,H006,P0025
Z00206,H006,P0027
Z00206,H006,P0037
Z00206,H006,P0050
Z00206,H006,P0068
Z00206,H006,P0073
Z00206,H006,P0093
Z00206,H006,P0099
Z00206,H006,P0143
Z00206,H006,P0148
Z00207,H010,P0011
Z00207,H010,P0017
Z00207,H010,P0022
Z00207,H010,P0046
Z00207,H010,P0060
Z00207,H010,P0089
Z00207,H010,P0104
Z00207,H010,P0130
Z00207,H017,P0005
Z00207,H017,P0014
Z00207,H017,P0027
Z00207,H017,P0039
Z00207,H017,P0050
Z00207,H017,P0063
Z00207,H017,P0078
Z00207,H017,P0080
Z00207,H017,P0106
Z00207,H017,P0112
Z00207,H017,P0127
Z00208,H011,P0011
Z00208,H011,P0046
Z00208,H011,P0047
Z00208,H011,P0051
Z00208,H011,P0060
Z00208,H011,P0097
Z00208,H011,P0135
Z00209,H002,P0005
Z00209,H002,P0008
Z00209,H002,P0013
Z00209,H002,P0014
Z00209,H002,P0015
Z00209,H002,P0044
Z00209,H002,P0060
Z00209,H002,P0062
Z00209,H002,P0085
Z00209,H002,P0089
Z00209,H002,P0091
Z00209,H002,P0110
Z00209,H002,P0112
Z00209,H002,P0114
Z00209,H002,P0134
Z00209,H002,P0143
Z00210,H003,P0018
Z00210,H003,P0025
Z00210,H003,P0044
Z00210,H003,P0052
Z00210,H003,P0061
Z00210,H003,P0065
Z00210,H003,P0078
Z00210,H003,P0080
Z00210,H003,P0092
Z00210,H003,P0095
Z00210,H003,P0099
Z00210,H003,P0104
Z00210,H003,P0118
Z00211,H005,P0002
Z00211,H005,P0003
Z00211,H005,P0005
Z00211,H005,P0016
Z00211,H005,P0036
Z00211,H005,P0052
Z00211,H005,P0054
Z00211,H005,P0058
Z00211,H005,P0062
Z00211,H005,P0067
Z00211,H005,P0073
Z00211,H005,P0087
Z00211,H005,P0089
Z00211,H005,P0092
Z00211,H005,P0094
Z00211,H005,P0103
Z00211,H005,P0110
Z00211,H005,P0114
Z00211,H005,P0134
Z00211,H005,P0142
Z00211,H005,P0143
Z00211,H005,P0145
Z00211,H005,P0147
Z00212,H001,P0002
Z00212,H001,P0004
Z00212,H001,P0018
Z00212,H001,P0049
Z00212,H001,P0050
Z00212,H001,P0079
Z00212,H001,P0129
Z00212,H001,P0131
Z00213,H014,P0006
Z00213,H014,P0007
Z00213,H014,P0029
Z00213,H014,P0051
Z00213,H014,P0054
Z00213,H014,P0063
Z00213,H014,P0071
Z00213,H014,P0085
Z00213,H014,P0086
Z00213,H014,P0087
Z00213,H014,P0093
Z00213,H014,P0112
Z00213,H014,P0113
Z00213,H014,P0117
Z00213,H014,P0120
Z00213,H014,P0134
Z00213,H014,P0146
Z00214,H014,P0029
Z00214,H014,P0035
Z00214,H014,P0038
Z00214,H014,P0040
Z00214,H014,P0045
Z00214,H014,P0048
Z00214,H014,P0060
Z00214,H014,P0062
Z00214,H014,P0070
Z00214,H014,P0074
Z00214,H014,P0086
Z00214,H014,P0095
Z00214,H014,P0099
Z00214,H014,P0103
Z00214,H014,P0134
Z00214,H014,P0139
Z00215,H014,P0002
Z00215,H014,P0010
Z00215,H014,P0020
Z00215,H014,P0032
Z00215,H014,P0033
Z00215,H014,P0039
Z00215,H014,P0049
Z00215,H014,P0079
Z00215,H014,P0085
Z00215,H014,P0100
Z00215,H014,P0101
Z00215,H014,P0102
Z00215,H014,P0103
Z00215,H014,P0106
Z00215,H014,P0110
Z00215,H014,P0124
Z00215,H014,P0135
Z00215,H014,P0142
Z00215,H014,P0143
Z00215,H014,P0146
Z00216,H010,P0006
Z00216,H010,P0010
Z00216,H010,P0020
Z00216,H010,P0040
Z00216,H010,P0047
Z00216,H010,P0068
Z00216,H010,P0111
Z00216,H017,P0035
Z00216,H017,P0045
Z00216,H017,P0049
Z00216,H017,P0050
Z00216,H017,P0073
Z00216,H017,P0083
Z00216,H017,P0100
Z00216,H017,P0124
Z00216,H017,P0142
Z00217,H006,P0013
Z00217,H006,P0033
Z00217,H006,P0037
Z00217,H006,P0045
Z00217,H006,P0052
Z00217,H006,P0054
Z00217,H006,P0059
Z00217,H006,P0066
Z00217,H006,P0071
Z00217,H006,P0083
Z00217,H006,P0086
Z00217,H006,P0090
Z00217,H006,P0095
Z00217,H006,P0098
Z00217,H006,P0099
Z00217,H006,P0110
Z00217,H006,P0115
Z00217,H006,P0134
Z00217,H006,P0145
Z00218,H007,P0002
Z00218,H007,P0006
Z00218,H007,P0013
Z00218,H007,P0017
Z00218,H007,P0018
Z00218,H007,P0030
Z00218,H007,P0050
Z00218,H007,P0051
Z00218,H007,P0071
Z00218,H007,P0073
Z00218,H007,P0077
Z00218,H007,P0095
Z00218,H007,P0100
Z00218,H007,P0115
Z00218,H007,P0132
Z00218,H007,P0141
Z00218,H007,P0146
Z00219,H005,P0004
Z00219,H005,P0010
Z00219,H005,P0022
Z00219,H005,P0039
Z00219,H005,P0050
Z00219,H005,P0054
Z00219,H005,P0060
Z00219,H005,P0063
Z00219,H005,P0076
Z00219,H005,P0078
Z00219,H005,P0085
Z00219,H005,P0087
Z00219,H005,P0092
Z00219,H005,P0093
Z00219,H005,P0100
Z00219,H005,P0105
Z00219,H005,P0112
Z00219,H005,P0138
Z00219,H005,P0139
Z00220,H006,P0001
Z00220,H006,P0004
Z00220,H006,P0029
Z00220,H006,P0050
Z00220,H006,P0093
Z00220,H006,P0099
Z00220,H006,P0108
Z00220,H006,P0119
Z00221,H016,P0003
Z00221,H016,P0011
Z00221,H016,P0012
Z00221,H016,P0013
Z00221,H016,P0018
Z00221,H016,P0025
Z00221,H016,P0026
Z00221,H016,P0030
Z00221,H016,P0031
Z00221,H016,P0036
Z00221,H016,P0060
Z00221,H016,P0067
Z00221,H016,P0068
Z00221,H016,P0142
Z00222,H020,P0012
Z00222,H020,P0013
Z00222,H020,P0015
Z00222,H020,P0017
Z00222,H020,P0019
Z00222,H020,P0022
Z00222,H020,P0027
Z00222,H020,P0032
Z00222,H020,P0039
Z00222,H020,P0044
Z00222,H020,P0046
Z00222,H020,P0050
Z00222,H020,P0054
Z00222,H020,P0058
Z00222,H020,P0071
Z00222,H020,P0076
Z00222,H020,P0103
Z00222,H020,P0108
Z00222,H020,P0113
Z00222,H020,P0115
Z00222,H020,P0135
Z00222,H020,P0143
Z00223,H015,P0002
Z00223,H015,P0006
Z00223,H015,P0011
Z00223,H015,P0013
Z00223,H015,P0017
Z00223,H015,P0022
Z00223,H015,P0054
Z00223,H015,P0071
Z00223,H015,P0075
Z00223,H015,P0076
Z00223,H015,P0119
Z00223,H015,P0124
Z00223,H015,P0133
Z00223,H015,P0134
Z00223,H015,P0138
Z00224,H020,P0002
Z00224,H020,P0011
Z00224,H020,P0017
Z00224,H020,P0020
Z00224,H020,P0037
Z00224,H020,P0039
Z00224,H020,P0040
Z00224,H020,P0060
Z00224,H020,P0077
Z00224,H020,P0083
Z00224,H020,P0093
Z00224,H020,P0105
Z00224,H020,P0114
Z00225,H010,P0004
Z00225,H010,P0011
Z00225,H010,P0017
Z00225,H010,P0033
Z00225,H010,P0038
Z00225,H010,P0047
Z00225,H010,P0054
Z00225,H010,P0077
Z00225,H010,P0083
Z00225,H010,P0085
Z00225,H010,P0092
Z00225,H010,P0099
Z00225,H010,P0104
Z00225,H010,P0134
Z00225,H010,P0140
Z00225,H010,P0141
Z00225,H010,P0143
Z00225,H010,P0147
Z00226,H012,P0001
Z00226,H012,P0058
Z00226,H012,P0076
Z00227,H003,P0038
Z00227,H003,P0054
Z00227,H003,P0105
Z00228,H005,P0004
Z00228,H005,P0009
Z00228,H005,P0023
Z00228,H005,P0029
Z00228,H005,P0073
Z00228,H005,P0086
Z00228,H005,P0093
Z00228,H005,P0099
Z00228,H005,P0113
Z00228,H005,P0131
Z00228,H005,P0134
Z00228,H005,P0145
Z00228,H005,P0150
Z00229,H009,P0002
Z00229,H009,P0022
Z00229,H009,P0045
Z00229,H009,P0050
Z00229,H009,P0054
Z00229,H009,P0060
Z00229,H009,P0093
Z00229,H009,P0097
Z00229,H009,P0099
Z00229,H009,P0126
Z00229,H009,P0129
Z00229,H009,P0146
Z00230,H016,P0002
Z00230,H016,P0004
Z00230,H016,P0005
Z00230,H016,P0013
Z00230,H016,P0015
Z00230,H016,P0025
Z00230,H016,P0039
Z00230,H016,P0045
Z00230,H016,P0059
Z00230,H016,P0062
Z00230,H016,P0071
Z00230,H016,P0077
Z00230,H016,P0078
Z00230,H016,P0095
Z00230,H016,P0099
Z00230,H016,P0103
Z00230,H016,P0106
Z00230,H016,P0108
Z00230,H016,P0109
Z00230,H016,P0114
Z00230,H016,P0120
Z00230,H016,P0121
Z00230,H016,P0131
Z00230,H016,P0137
Z00230,H016,P0145
Z00231,H017,P0005
Z00231,H017,P0009
Z00231,H017,P0013
Z00231,H017,P0023
Z00231,H017,P0027
Z00231,H017,P0037
Z00231,H017,P0040
Z00231,H017,P0052
Z00231,H017,P0061
Z00231,H017,P0062
Z00231,H017,P0071
Z00231,H017,P0089
Z00231,H017,P0092
Z00231,H017,P0095
Z00231,H017,P0098
Z00231,H017,P0103
Z00231,H017,P0111
Z00231,H017,P0124
Z00231,H017,P0133
Z00231,H017,P0147
Z00232,H014,P0009
Z00232,H014,P0025
Z00232,H014,P0027
Z00232,H014,P0066
Z00232,H014,P0093
Z00232,H014,P0097
Z00232,H014,P0103
Z00232,H014,P0132
Z00232,H014,P0134
Z00232,H014,P0135
Z00232,H014,P0150
Z00233,H005,P0002
Z00233,H005,P0005
Z00233,H005,P0020
Z00233,H005,P0023
Z00233,H005,P0037
Z00233,H005,P0040
Z00233,H005,P0051
Z00233,H005,P0060
Z00233,H005,P0064
Z00233,H005,P0069
Z00233,H005,P0078
Z00233,H005,P0103
Z00233,H005,P0112
Z00233,H005,P0115
Z00233,H005,P0118
Z00233,H005,P0129
Z00233,H005,P0132
Z00233,H005,P0136
Z00233,H005,P0147
Z00234,H005,P0006
Z00234,H005,P0010
Z00234,H005,P0011
Z00234,H005,P0035
Z00234,H005,P0044
Z00234,H005,P0045
Z00234,H005,P0050
Z00234,H005,P0062
Z00234,H005,P0063
Z00234,H005,P0076
Z00234,H005,P0085
Z00234,H005,P0088
Z00234,H005,P0115
Z00234,H005,P0118
Z00234,H005,P0135
Z00235,H018,P0010
Z00235,H018,P0022
Z00235,H018,P0025
Z00235,H018,P0027
Z00235,H018,P0067
Z00235,H018,P0071
Z00235,H018,P0092
Z00235,H018,P0096
Z00235,H018,P0103
Z00235,H018,P0104
Z00235,H018,P0110
Z00235,H018,P0135
Z00235,H018,P0137
Z00235,H018,P0146
Z00235,H018,P0147
Z00235,H018,P0149
Z00236,H010,P0002
Z00236,H010,P0004
Z00236,H010,P0010
Z00236,H010,P0018
Z00236,H010,P0023
Z00236,H010,P0025
Z00236,H010,P0036
Z00236,H010,P0050
Z00236,H010,P0063
Z00236,H010,P0064
Z00236,H010,P0080
Z00236,H010,P0091
Z00236,H010,P0098
Z00236,H010,P0099
Z00236,H010,P0123
Z00236,H010,P0135
Z00236,H010,P0144
Z00236,H010,P0146
Z00237,H011,P0001
Z00237,H011,P0013
Z00237,H011,P0023
Z00237,H011,P0032
Z00237,H011,P0052
Z00237,H011,P0071
Z00237,H011,P0076
Z00237,H011,P0082
Z00237,H011,P0089
Z00237,H011,P0095
Z00237,H011,P0099
Z00237,H011,P0104
Z00237,H011,P0105
Z00238,H015,P0002
Z00238,H015,P0006
Z00238,H015,P0013
Z00238,H015,P0042
Z00238,H015,P0044
Z00238,H015,P0048
Z00238,H015,P0058
Z00238,H015,P0066
Z00238,H015,P0080
Z00238,H015,P0087
Z00238,H015,P0093
Z00238,H015,P0131
Z00238,H015,P0134
Z00238,H015,P0147
Z00239,H015,P0002
Z00239,H015,P0006
Z00239,H015,P0017
Z00239,H015,P0029
Z00239,H015,P0039
Z00239,H015,P0040
Z00239,H015,P0044
Z00239,H015,P0063
Z00239,H015,P0074
Z00239,H015,P0079
Z00239,H015,P0091
Z00239,H015,P0092
Z00239,H015,P0100
Z00239,H015,P0112
Z00239,H015,P0126
Z00239,H015,P0129
Z00239,H015,P0134
Z00239,H015,P0135
Z00239,H015,P0146
Z00240,H004,P0008
Z00240,H004,P0009
Z00240,H004,P0010
Z00240,H004,P0046
Z00240,H004,P0066
Z00240,H004,P0089
Z00240,H004,P0095
Z00240,H004,P0103
Z00240,H004,P0136
Z00241,H017,P0007
Z00241,H017,P0018
Z00241,H017,P0020
Z00241,H017,P0032
Z00241,H017,P0034
Z00241,H017,P0038
Z00241,H017,P0054
Z00241,H017,P0064
Z00241,H017,P0071
Z00241,H017,P0072
Z00241,H017,P0077
Z00241,H017,P0090
Z00241,H017,P0095
Z00241,H017,P0104
Z00241,H017,P0110
Z00241,H017,P0131
Z00241,H017,P0147
Z00242,H010,P0030
Z00242,H010,P0054
Z00242,H010,P0082
Z00242,H010,P0095
Z00242,H010,P0118
Z00242,H010,P0123
Z00243,H005,P0002
Z00243,H005,P0006
Z00243,H005,P0017
Z00243,H005,P0027
Z00243,H005,P0033
Z00243,H005,P0057
Z00243,H005,P0063
Z00243,H005,P0064
Z00243,H005,P0093
Z00243,H005,P0114
Z00244,H020,P0013
Z00244,H020,P0025
Z00244,H020,P0032
Z00244,H020,P0033
Z00244,H020,P0035
Z00244,H020,P0044
Z00244,H020,P0045
Z00244,H020,P0050
Z00244,H020,P0075
Z00244,H020,P0090
Z00244,H020,P0095
Z00244,H020,P0099
Z00244,H020,P0107
Z00244,H020,P0110
Z00244,H020,P0115
Z00244,H020,P0131
Z00244,H020,P0138
Z00244,H020,P0145
Z00245,H012,P0004
Z00245,H012,P0007
Z00245,H012,P0038
Z00245,H012,P0040
Z00245,H012,P0047
Z00245,H012,P0060
Z00245,H012,P0071
Z00245,H012,P0087
Z00245,H012,P0089
Z00245,H012,P0103
Z00245,H012,P0124
Z00245,H012,P0138
Z00246,H010,P0005
Z00246,H010,P0007
Z00246,H010,P0012
Z00246,H010,P0016
Z00246,H010,P0018
Z00246,H010,P0025
Z00246,H010,P0050
Z00246,H010,P0054
Z00246,H010,P0057
Z00246,H010,P0075
Z00246,H010,P0077
Z00246,H010,P0089
Z00246,H010,P0101
Z00246,H010,P0115
Z00246,H010,P0118
Z00246,H010,P0134
Z00246,H010,P0138
Z00246,H010,P0143
Z00247,H002,P0012
Z00247,H002,P0051
Z00247,H002,P0052
Z00247,H002,P0054
Z00247,H002,P0058
Z00247,H002,P0071
Z00247,H002,P0095
Z00247,H002,P0102
Z00247,H002,P0108
Z00247,H002,P0124
Z00248,H019,P0001
Z00248,H019,P0004
Z00248,H019,P0010
Z00248,H019,P0039
Z00248,H019,P0045
Z00248,H019,P0060
Z00248,H019,P0071
Z00248,H019,P0075
Z00248,H019,P0086
Z00248,H019,P0087
Z00248,H019,P0094
Z00248,H019,P0095
Z00248,H019,P0101
Z00248,H019,P0104
Z00248,H019,P0112
Z00248,H019,P0116
Z00248,H019,P0119
Z00248,H019,P0127
Z00248,H019,P0134
Z00248,H019,P0142
Z00249,H007,P0014
Z00249,H007,P0038
Z00249,H007,P0064
Z00249,H007,P0076
Z00249,H007,P0085
Z00249,H007,P0093
Z00250,H010,P0005
Z00250,H010,P0013
Z00250,H010,P0016
Z00250,H010,P0045
Z00250,H010,P0073
Z00250,H010,P0085
Z00250,H010,P0087
Z00250,H010,P0092
Z00250,H010,P0107
Z00250,H010,P0112
Z00250,H010,P0125
Z00250,H010,P0131
Z00250,H010,P0132
Z00250,H010,P0141
Z00250,H010,P0142
Z00250,H017,P0091
Z00250,H017,P0137
Z00251,H006,P0003
Z00251,H006,P0005
Z00251,H006,P0007
Z00251,H006,P0032
Z00251,H006,P0049
Z00251,H006,P0050
Z00251,H006,P0068
Z00251,H006,P0086
Z00251,H006,P0089
Z00251,H006,P0108
Z00251,H006,P0126
Z00251,H006,P0133
Z00251,H006,P0142
Z00251,H006,P0148
Z00252,H014,P0007
Z00252,H014,P0010
Z00252,H014,P0013
Z00252,H014,P0069
Z00252,H014,P0076
Z00252,H014,P0104
Z00252,H014,P0113
Z00252,H014,P0115
Z00252,H014,P0140
Z00252,H014,P0146
Z00252,H014,P0149
Z00252,H014,P0150
Z00253,H002,P0004
Z00253,H002,P0007
Z00253,H002,P0025
Z00253,H002,P0027
Z00253,H002,P0045
Z00253,H002,P0054
Z00253,H002,P0063
Z00253,H002,P0078
Z00253,H002,P0087
Z00253,H002,P0091
Z00253,H002,P0097
Z00253,H002,P0099
Z00253,H002,P0103
Z00253,H002,P0105
Z00253,H002,P0110
Z00253,H002,P0115
Z00253,H002,P0120
Z00253,H002,P0131
Z00253,H002,P0132
Z00253,H002,P0134
Z00253,H002,P0139
Z00253,H002,P0147
Z00254,H012,P0002
Z00254,H012,P0013
Z00254,H012,P0015
Z00254,H012,P0017
Z00254,H012,P0022
Z00254,H012,P0025
Z00254,H012,P0045
Z00254,H012,P0062
Z00254,H012,P0069
Z00254,H012,P0071
Z00254,H012,P0078
Z00254,H012,P0085
Z00254,H012,P0093
Z00254,H012,P0099
Z00254,H012,P0135
Z00254,H012,P0145
Z00254,H012,P0148
Z00254,H012,P0149
Z00255,H013,P0001
Z00255,H013,P0006
Z00255,H013,P0032
Z00255,H013,P0045
Z00255,H013,P0052
Z00255,H013,P0060
Z00255,H013,P0062
Z00255,H013,P0073
Z00255,H013,P0074
Z00255,H013,P0084
Z00255,H013,P0088
Z00255,H013,P0106
Z00255,H013,P0113
Z00255,H013,P0115
Z00255,H013,P0134
Z00255,H013,P0135
Z00255,H013,P0136
Z00255,H013,P0142
Z00255,H013,P0143
Z00255,H013,P0149
Z00255,H013,P0150
Z00256,H002,P0002
Z00256,H002,P0004
Z00256,H002,P0010
Z00256,H002,P0021
Z00256,H002,P0029
Z00256,H002,P0037
Z00256,H002,P0045
Z00256,H002,P0054
Z00256,H002,P0055
Z00256,H002,P0060
Z00256,H002,P0063
Z00256,H002,P0087
Z00256,H002,P0099
Z00256,H002,P0118
Z00256,H002,P0143
Z00256,H002,P0145
Z00257,H011,P0003
Z00257,H011,P0022
Z00257,H011,P0040
Z00257,H011,P0042
Z00257,H011,P0045
Z00257,H011,P0060
Z00257,H011,P0064
Z00257,H011,P0065
Z00257,H011,P0070
Z00257,H011,P0091
Z00257,H011,P0116
Z00257,H011,P0125
Z00257,H011,P0130
Z00257,H011,P0132
Z00257,H011,P0147
Z00257,H011,P0150
Z00258,H016,P0009
Z00258,H016,P0027
Z00258,H016,P0035
Z00258,H016,P0067
Z00258,H016,P0071
Z00258,H016,P0104
Z00258,H016,P0109
Z00258,H016,P0113
Z00258,H016,P0134
Z00258,H016,P0147
Z00259,H007,P0006
Z00259,H007,P0013
Z00259,H007,P0019
Z00259,H007,P0055
Z00259,H007,P0063
Z00259,H007,P0066
Z00259,H007,P0092
Z00259,H007,P0095
Z00259,H007,P0110
Z00259,H007,P0113
Z00259,H007,P0115
Z00259,H007,P0131
Z00259,H007,P0144
Z00260,H013,P0013
Z00260,H013,P0017
Z00260,H013,P0023
Z00260,H013,P0028
Z00260,H013,P0048
Z00260,H013,P0051
Z00260,H013,P0054
Z00260,H013,P0055
Z00260,H013,P0064
Z00260,H013,P0077
Z00260,H013,P0085
Z00260,H013,P0089
Z00260,H013,P0091
Z00260,H013,P0131
Z00260,H013,P0148
Z00261,H010,P0042
Z00261,H010,P0047
Z00261,H010,P0051
Z00261,H010,P0060
Z00261,H010,P0068
Z00261,H010,P0086
Z00261,H010,P0095
Z00261,H010,P0101
Z00261,H010,P0103
Z00261,H010,P0113
Z00261,H010,P0119
Z00261,H010,P0134
Z00261,H010,P0138
Z00261,H017,P0076
Z00262,H005,P0005
Z00262,H005,P0016
Z00262,H005,P0022
Z00262,H005,P0035
Z00262,H005,P0041
Z00262,H005,P0043
Z00262,H005,P0047
Z00262,H005,P0052
Z00262,H005,P0054
Z00262,H005,P0058
Z00262,H005,P0066
Z00262,H005,P0075
Z00262,H005,P0085
Z00262,H005,P0093
Z00262,H005,P0106
Z00262,H005,P0124
Z00262,H005,P0130
Z00262,H005,P0137
Z00262,H005,P0150
Z00263,H013,P0003
Z00263,H013,P0017
Z00263,H013,P0027
Z00263,H013,P0028
Z00263,H013,P0032
Z00263,H013,P0039
Z00263,H013,P0062
Z00263,H013,P0064
Z00263,H013,P0071
Z00263,H013,P0077
Z00263,H013,P0092
Z00263,H013,P0138
Z00263,H013,P0141
Z00264,H015,P0009
Z00264,H015,P0010
Z00264,H015,P0013
Z00264,H015,P0015
Z00264,H015,P0018
Z00264,H015,P0025
Z00264,H015,P0039
Z00264,H015,P0044
Z00264,H015,P0052
Z00264,H015,P0065
Z00264,H015,P0067
Z00264,H015,P0072
Z00264,H015,P0077
Z00264,H015,P0080
Z00264,H015,P0084
Z00264,H015,P0087
Z00264,H015,P0092
Z00264,H015,P0120
Z00264,H015,P0130
Z00264,H015,P0145
Z00264,H015,P0146
Z00265,H005,P0002
Z00265,H005,P0007
Z00265,H005,P0010
Z00265,H005,P0013
Z00265,H005,P0015
Z00265,H005,P0023
Z00265,H005,P0037
Z00265,H005,P0058
Z00265,H005,P0059
Z00265,H005,P0071
Z00265,H005,P0085
Z00265,H005,P0104
Z00265,H005,P0130
Z00265,H005,P0147
Z00265,H005,P0148
Z00265,H005,P0150
Z00266,H019,P0002
Z00266,H019,P0003
Z00266,H019,P0013
Z00266,H019,P0018
Z00266,H019,P0036
Z00266,H019,P0050
Z00266,H019,P0058
Z00266,H019,P0063
Z00266,H019,P0085
Z00266,H019,P0090
Z00266,H019,P0095
Z00266,H019,P0097
Z00266,H019,P0100
Z00266,H019,P0104
Z00266,H019,P0114
Z00266,H019,P0115
Z00266,H019,P0123
Z00266,H019,P0144
Z00267,H018,P0010
Z00267,H018,P0013
Z00267,H018,P0022
Z00267,H018,P0030
Z00267,H018,P0038
Z00267,H018,P0042
Z00267,H018,P0047
Z00267,H018,P0068
Z00267,H018,P0086
Z00267,H018,P0101
Z00267,H018,P0106
Z00267,H018,P0113
Z00267,H018,P0131
Z00267,H018,P0143
Z00267,H018,P0147
Z00268,H014,P0001
Z00268,H014,P0003
Z00268,H014,P0013
Z00268,H014,P0040
Z00268,H014,P0043
Z00268,H014,P0045
Z00268,H014,P0093
Z00268,H014,P0117
Z00269,H002,P0022
Z00269,H002,P0045
Z00269,H002,P0054
Z00269,H002,P0060
Z00269,H002,P0061
Z00269,H002,P0085
Z00269,H002,P0093
Z00269,H002,P0100
Z00269,H002,P0101
Z00269,H002,P0106
Z00269,H002,P0118
Z00269,H002,P0124
Z00269,H002,P0139
Z00269,H002,P0143
Z00269,H002,P0144
Z00270,H010,P0027
Z00270,H010,P0033
Z00270,H010,P0049
Z00270,H010,P0062
Z00270,H010,P0115
Z00271,H004,P0003
Z00271,H004,P0023
Z00271,H004,P0030
Z00271,H004,P0039
Z00271,H004,P0049
Z00271,H004,P0054
Z00271,H004,P0066
Z00271,H004,P0073
Z00271,H004,P0077
Z00271,H004,P0087
Z00271,H004,P0091
Z00271,H004,P0103
Z00271,H004,P0105
Z00271,H004,P0108
Z00271,H004,P0134
Z00271,H004,P0138
Z00272,H005,P0007
Z00272,H005,P0017
Z00272,H005,P0018
Z00272,H005,P0025
Z00272,H005,P0035
Z00272,H005,P0045
Z00272,H005,P0051
Z00272,H005,P0053
Z00272,H005,P0060
Z00272,H005,P0064
Z00272,H005,P0087
Z00272,H005,P0098
Z00272,H005,P0103
Z00272,H005,P0104
Z00272,H005,P0109
Z00272,H005,P0114
Z00272,H005,P0115
Z00272,H005,P0122
Z00273,H013,P0030
Z00273,H013,P0068
Z00273,H013,P0069
Z00273,H013,P0098
Z00273,H013,P0133
Z00273,H013,P0137
Z00273,H013,P0142
Z00273,H013,P0146
Z00273,H013,P0150
Z00274,H017,P0023
Z00274,H017,P0044
Z00274,H017,P0049
Z00274,H017,P0054
Z00274,H017,P0055
Z00274,H017,P0067
Z00274,H017,P0071
Z00274,H017,P0085
Z00274,H017,P0091
Z00274,H017,P0092
Z00274,H017,P0096
Z00274,H017,P0103
Z00274,H017,P0109
Z00274,H017,P0115
Z00274,H017,P0118
Z00274,H017,P0127
Z00274,H017,P0147
Z00275,H001,P0003
Z00275,H001,P0013
Z00275,H001,P0018
Z00275,H001,P0023
Z00275,H001,P0027
Z00275,H001,P0029
Z00275,H001,P0052
Z00275,H001,P0059
Z00275,H001,P0060
Z00275,H001,P0062
Z00275,H001,P0071
Z00275,H001,P0078
Z00275,H001,P0088
Z00275,H001,P0095
Z00275,H001,P0100
Z00275,H001,P0104
Z00275,H001,P0115
Z00275,H001,P0133
Z00275,H001,P0135
Z00275,H001,P0142
Z00275,H001,P0147
Z00276,H013,P0005
Z00276,H013,P0011
Z00276,H013,P0030
Z00276,H013,P0044
Z00276,H013,P0047
Z00276,H013,P0048
Z00276,H013,P0104
Z00276,H013,P0126
Z00277,H003,P0030
Z00277,H003,P0040
Z00277,H003,P0045
Z00277,H003,P0054
Z00277,H003,P0057
Z00277,H003,P0071
Z00277,H003,P0085
Z00277,H003,P0086
Z00277,H003,P0092
Z00277,H003,P0104
Z00277,H003,P0133
Z00277,H003,P0150
Z00278,H016,P0002
Z00278,H016,P0005
Z00278,H016,P0020
Z00278,H016,P0034
Z00278,H016,P0038
Z00278,H016,P0045
Z00278,H016,P0052
Z00278,H016,P0060
Z00278,H016,P0061
Z00278,H016,P0065
Z00278,H016,P0066
Z00278,H016,P0076
Z00278,H016,P0086
Z00278,H016,P0090
Z00278,H016,P0091
Z00278,H016,P0099
Z00278,H016,P0103
Z00278,H016,P0105
Z00278,H016,P0131
Z00278,H016,P0136
Z00278,H016,P0139
Z00278,H016,P0145
Z00278,H016,P0147
Z00279,H016,P0005
Z00279,H016,P0033
Z00279,H016,P0056
Z00279,H016,P0073
Z00279,H016,P0077
Z00279,H016,P0086
Z00279,H016,P0095
Z00279,H016,P0107
Z00279,H016,P0109
Z00279,H016,P0131
Z00279,H016,P0145
Z00279,H016,P0147
Z00280,H008,P0006
Z00280,H008,P0013
Z00280,H008,P0015
Z00280,H008,P0023
Z00280,H008,P0053
Z00280,H008,P0057
Z00280,H008,P0063
Z00280,H008,P0085
Z00280,H008,P0092
Z00280,H008,P0095
Z00280,H008,P0103
Z00280,H008,P0116
Z00280,H008,P0124
Z00280,H008,P0126
Z00280,H008,P0147
Z00281,H010,P0007
Z00281,H010,P0013
Z00281,H010,P0016
Z00281,H010,P0022
Z00281,H010,P0027
Z00281,H010,P0028
Z00281,H010,P0034
Z00281,H010,P0045
Z00281,H010,P0052
Z00281,H010,P0105
Z00281,H010,P0117
Z00281,H010,P0133
Z00281,H010,P0134
Z00281,H010,P0137
Z00281,H010,P0138
Z00281,H010,P0143
Z00281,H010,P0144
Z00281,H010,P0146
Z00282,H006,P0018
Z00282,H006,P0023
Z00282,H006,P0025
Z00282,H006,P0051
Z00282,H006,P0054
Z00282,H006,P0062
Z00282,H006,P0073
Z00282,H006,P0076
Z00282,H006,P0085
Z00282,H006,P0092
Z00282,H006,P0099
Z00282,H006,P0100
Z00282,H006,P0127
Z00282,H006,P0130
Z00283,H020,P0010
Z00283,H020,P0019
Z00283,H020,P0030
Z00283,H020,P0040
Z00283,H020,P0047
Z00283,H020,P0054
Z00283,H020,P0060
Z00283,H020,P0062
Z00283,H020,P0064
Z00283,H020,P0090
Z00283,H020,P0095
Z00283,H020,P0118
Z00283,H020,P0142
Z00284,H005,P0003
Z00284,H005,P0006
Z00284,H005,P0013
Z00284,H005,P0032
Z00284,H005,P0049
Z00284,H005,P0050
Z00284,H005,P0054
Z00284,H005,P0060
Z00284,H005,P0065
Z00284,H005,P0068
Z00284,H005,P0074
Z00284,H005,P0087
Z00284,H005,P0095
Z00284,H005,P0099
Z00284,H005,P0110
Z00284,H005,P0120
Z00284,H005,P0124
Z00284,H005,P0125
Z00284,H005,P0130
Z00284,H005,P0131
Z00284,H005,P0135
Z00284,H005,P0141
Z00284,H005,P0142
Z00285,H003,P0025
Z00285,H003,P0027
Z00285,H003,P0029
Z00285,H003,P0045
Z00285,H003,P0047
Z00285,H003,P0055
Z00285,H003,P0076
Z00285,H003,P0087
Z00285,H003,P0089
Z00285,H003,P0104
Z00285,H003,P0109
Z00285,H003,P0127
Z00285,H003,P0134
Z00286,H006,P0002
Z00286,H006,P0004
Z00286,H006,P0010
Z00286,H006,P0024
Z00286,H006,P0025
Z00286,H006,P0050
Z00286,H006,P0052
Z00286,H006,P0056
Z00286,H006,P0063
Z00286,H006,P0065
Z00286,H006,P0076
Z00286,H006,P0079
Z00286,H006,P0094
Z00286,H006,P0115
Z00286,H006,P0132
Z00286,H006,P0145
Z00286,H006,P0147
Z00287,H010,P0013
Z00287,H010,P0023
Z00287,H010,P0024
Z00287,H010,P0045
Z00287,H010,P0129
Z00287,H010,P0134
Z00287,H017,P0027
Z00287,H017,P0029
Z00287,H017,P0039
Z00287,H017,P0049
Z00287,H017,P0054
Z00287,H017,P0066
Z00287,H017,P0076
Z00287,H017,P0079
Z00287,H017,P0088
Z00287,H017,P0109
Z00287,H017,P0125
Z00287,H017,P0130
Z00287,H017,P0135
Z00288,H008,P0007
Z00288,H008,P0010
Z00288,H008,P0025
Z00288,H008,P0028
Z00288,H008,P0040
Z00288,H008,P0043
Z00288,H008,P0047
Z00288,H008,P0060
Z00288,H008,P0063
Z00288,H008,P0072
Z00288,H008,P0091
Z00288,H008,P0099
Z00288,H008,P0119
Z00288,H008,P0130
Z00288,H008,P0131
Z00289,H002,P0004
Z00289,H002,P0011
Z00289,H002,P0013
Z00289,H002,P0020
Z00289,H002,P0029
Z00289,H002,P0052
Z00289,H002,P0110
Z00289,H002,P0118
Z00289,H002,P0143
Z00289,H002,P0147
Z00290,H011,P0001
Z00290,H011,P0025
Z00290,H011,P0038
Z00290,H011,P0044
Z00290,H011,P0052
Z00290,H011,P0054
Z00290,H011,P0058
Z00290,H011,P0060
Z00290,H011,P0065
Z00290,H011,P0077
Z00290,H011,P0084
Z00290,H011,P0086
Z00290,H011,P0094
Z00290,H011,P0102
Z00290,H011,P0115
Z00290,H011,P0120
Z00290,H011,P0131
Z00290,H011,P0150
Z00291,H012,P0004
Z00291,H012,P0010
Z00291,H012,P0013
Z00291,H012,P0022
Z00291,H012,P0025
Z00291,H012,P0038
Z00291,H012,P0039
Z00291,H012,P0045
Z00291,H012,P0049
Z00291,H012,P0054
Z00291,H012,P0062
Z00291,H012,P0067
Z00291,H012,P0076
Z00291,H012,P0085
Z00291,H012,P0090
Z00291,H012,P0099
Z00291,H012,P0102
Z00291,H012,P0133
Z00291,H012,P0138
Z00291,H012,P0148
Z00291,H012,P0149
Z00292,H019,P0006
Z00292,H019,P0022
Z00292,H019,P0025
Z00292,H019,P0030
Z00292,H019,P0035
Z00292,H019,P0044
Z00292,H019,P0071
Z00292,H019,P0080
Z00292,H019,P0087
Z00292,H019,P0110
Z00292,H019,P0116
Z00292,H019,P0139
Z00292,H019,P0147
Z00293,H016,P0006
Z00293,H016,P0025
Z00293,H016,P0032
Z00293,H016,P0050
Z00293,H016,P0059
Z00293,H016,P0068
Z00293,H016,P0111
Z00293,H016,P0127
Z00293,H016,P0130
Z00293,H016,P0146
Z00294,H008,P0025
Z00294,H008,P0026
Z00294,H008,P0039
Z00294,H008,P0040
Z00294,H008,P0045
Z00294,H008,P0050
Z00294,H008,P0054
Z00294,H008,P0056
Z00294,H008,P0082
Z00294,H008,P0088
Z00294,H008,P0094
Z00294,H008,P0097
Z00294,H008,P0098
Z00294,H008,P0104
Z00294,H008,P0109
Z00294,H008,P0114
Z00294,H008,P0115
Z00294,H008,P0123
Z00294,H008,P0129
Z00294,H008,P0137
Z00294,H008,P0138
Z00294,H008,P0141
Z00294,H008,P0149
Z00295,H015,P0013
Z00295,H015,P0016
Z00295,H015,P0034
Z00295,H015,P0046
Z00295,H015,P0052
Z00295,H015,P0057
Z00295,H015,P0058
Z00295,H015,P0059
Z00295,H015,P0065
Z00295,H015,P0083
Z00295,H015,P0087
Z00295,H015,P0092
Z00295,H015,P0095
Z00295,H015,P0097
Z00295,H015,P0101
Z00295,H015,P0134
Z00295,H015,P0145
Z00295,H015,P0146
Z00296,H018,P0010
Z00296,H018,P0039
Z00296,H018,P0045
Z00296,H018,P0047
Z00296,H018,P0050
Z00296,H018,P0063
Z00296,H018,P0070
Z00296,H018,P0087
Z00296,H018,P0093
Z00296,H018,P0098
Z00296,H018,P0099
Z00296,H018,P0104
Z00296,H018,P0105
Z00296,H018,P0115
Z00296,H018,P0139
Z00296,H018,P0143
Z00296,H018,P0146
Z00297,H014,P0016
Z00297,H014,P0022
Z00297,H014,P0043
Z00297,H014,P0044
Z00297,H014,P0050
Z00297,H014,P0087
Z00297,H014,P0101
Z00297,H014,P0105
Z00297,H014,P0115
Z00298,H010,P0005
Z00298,H010,P0040
Z00298,H010,P0075
Z00298,H010,P0085
Z00298,H010,P0090
Z00298,H010,P0133
Z00298,H010,P0145
Z00298,H010,P0150
Z00298,H017,P0018
Z00298,H017,P0021
Z00298,H017,P0044
Z00298,H017,P0100
Z00298,H017,P0124
Z00299,H004,P0004
Z00299,H004,P0009
Z00299,H004,P0010
Z00299,H004,P0013
Z00299,H004,P0023
Z00299,H004,P0025
Z00299,H004,P0042
Z00299,H004,P0057
Z00299,H004,P0060
Z00299,H004,P0065
Z00299,H004,P0074
Z00299,H004,P0075
Z00299,H004,P0080
Z00299,H004,P0085
Z00299,H004,P0089
Z00299,H004,P0103
Z00299,H004,P0104
Z00299,H004,P0105
Z00299,H004,P0110
Z00299,H004,P0115
Z00299,H004,P0125
Z00299,H004,P0133
Z00299,H004,P0134
Z00299,H004,P0143
Z00299,H004,P0144
Z00300,H016,P0004
Z00300,H016,P0006
Z00300,H016,P0007
Z00300,H016,P0018
Z00300,H016,P0044
Z00300,H016,P0050
Z00300,H016,P0052
Z00300,H016,P0057
Z00300,H016,P0077
Z00300,H016,P0083
Z00300,H016,P0095
Z00300,H016,P0100
Z00300,H016,P0104
Z00300,H016,P0117
Z00300,H016,P0131
Z00301,H007,P0015
Z00301,H007,P0018
Z00301,H007,P0021
Z00301,H007,P0022
Z00301,H007,P0045
Z00301,H007,P0056
Z00301,H007,P0063
Z00301,H007,P0065
Z00301,H007,P0093
Z00301,H007,P0105
Z00301,H007,P0110
Z00301,H007,P0122
Z00301,H007,P0131
Z00302,H010,P0025
Z00302,H010,P0070
Z00302,H010,P0091
Z00302,H010,P0139
Z00302,H017,P0003
Z00302,H017,P0044
Z00302,H017,P0045
Z00302,H017,P0065
Z00302,H017,P0089
Z00302,H017,P0099
Z00302,H017,P0101
Z00302,H017,P0116
Z00303,H011,P0011
Z00303,H011,P0024
Z00303,H011,P0028
Z00303,H011,P0054
Z00303,H011,P0063
Z00303,H011,P0064
Z00303,H011,P0069
Z00303,H011,P0089
Z00303,H011,P0099
Z00303,H011,P0108
Z00303,H011,P0114
Z00303,H011,P0125
Z00303,H011,P0130
Z00303,H011,P0134
Z00303,H011,P0146
Z00304,H013,P0003
Z00304,H013,P0060
Z00304,H013,P0064
Z00304,H013,P0067
Z00304,H013,P0068
Z00304,H013,P0070
Z00304,H013,P0089
Z00304,H013,P0115
Z00304,H013,P0129
Z00304,H013,P0139
Z00305,H016,P0004
Z00305,H016,P0005
Z00305,H016,P0022
Z00305,H016,P0023
Z00305,H016,P0025
Z00305,H016,P0026
Z00305,H016,P0050
Z00305,H016,P0055
Z00305,H016,P0069
Z00305,H016,P0071
Z00305,H016,P0078
Z00305,H016,P0104
Z00305,H016,P0105
Z00305,H016,P0111
Z00305,H016,P0118
Z00305,H016,P0120
Z00305,H016,P0138
Z00306,H002,P0007
Z00306,H002,P0014
Z00306,H002,P0017
Z00306,H002,P0018
Z00306,H002,P0037
Z00306,H002,P0038
Z00306,H002,P0061
Z00306,H002,P0070
Z00306,H002,P0071
Z00306,H002,P0086
Z00306,H002,P0098
Z00306,H002,P0101
Z00306,H002,P0125
Z00306,H002,P0134
Z00306,H002,P0135
Z00306,H002,P0140
Z00306,H002,P0145
Z00307,H017,P0007
Z00307,H017,P0018
Z00307,H017,P0042
Z00307,H017,P0050
Z00307,H017,P0060
Z00307,H017,P0085
Z00307,H017,P0108
Z00307,H017,P0149
Z00308,H002,P0006
Z00308,H002,P0010
Z00308,H002,P0030
Z00308,H002,P0045
Z00308,H002,P0050
Z00308,H002,P0054
Z00308,H002,P0065
Z00308,H002,P0085
Z00308,H002,P0087
Z00308,H002,P0090
Z00308,H002,P0096
Z00308,H002,P0098
Z00308,H002,P0100
Z00308,H002,P0105
Z00308,H002,P0113
Z00308,H002,P0138
Z00308,H002,P0142
Z00308,H002,P0147
Z00309,H014,P0003
Z00309,H014,P0006
Z00309,H014,P0010
Z00309,H014,P0013
Z00309,H014,P0039
Z00309,H014,P0050
Z00309,H014,P0058
Z00309,H014,P0059
Z00309,H014,P0064
Z00309,H014,P0144
Z00309,H014,P0145
Z00309,H014,P0149
Z00310,H002,P0002
Z00310,H002,P0009
Z00310,H002,P0022
Z00310,H002,P0047
Z00310,H002,P0050
Z00310,H002,P0060
Z00310,H002,P0064
Z00310,H002,P0075
Z00310,H002,P0076
Z00310,H002,P0077
Z00310,H002,P0085
Z00310,H002,P0086
Z00310,H002,P0095
Z00310,H002,P0103
Z00310,H002,P0104
Z00310,H002,P0105
Z00310,H002,P0111
Z00310,H002,P0115
Z00310,H002,P0120
Z00310,H002,P0146
Z00310,H002,P0149
Z00311,H010,P0004
Z00311,H010,P0005
Z00311,H010,P0045
Z00311,H010,P0047
Z00311,H010,P0060
Z00311,H010,P0061
Z00311,H010,P0086
Z00311,H010,P0091
Z00311,H010,P0092
Z00311,H010,P0095
Z00311,H010,P0100
Z00311,H010,P0131
Z00311,H010,P0141
Z00311,H010,P0148
Z00312,H002,P0001
Z00312,H002,P0004
Z00312,H002,P0005
Z00312,H002,P0006
Z00312,H002,P0021
Z00312,H002,P0025
Z00312,H002,P0045
Z00312,H002,P0046
Z00312,H002,P0047
Z00312,H002,P0050
Z00312,H002,P0052
Z00312,H002,P0065
Z00312,H002,P0095
Z00312,H002,P0099
Z00312,H002,P0108
Z00312,H002,P0109
Z00312,H002,P0111
Z00312,H002,P0115
Z00312,H002,P0123
Z00312,H002,P0124
Z00312,H002,P0128
Z00312,H002,P0130
Z00313,H006,P0004
Z00313,H006,P0009
Z00313,H006,P0013
Z00313,H006,P0025
Z00313,H006,P0033
Z00313,H006,P0042
Z00313,H006,P0045
Z00313,H006,P0058
Z00313,H006,P0060
Z00313,H006,P0066
Z00313,H006,P0085
Z00313,H006,P0107
Z00313,H006,P0114
Z00313,H006,P0120
Z00313,H006,P0131
Z00313,H006,P0143
Z00313,H006,P0150
Z00314,H014,P0010
Z00314,H014,P0025
Z00314,H014,P0029
Z00314,H014,P0044
Z00314,H014,P0045
Z00314,H014,P0047
Z00314,H014,P0059
Z00314,H014,P0060
Z00314,H014,P0064
Z00314,H014,P0069
Z00314,H014,P0085
Z00314,H014,P0093
Z00314,H014,P0139
Z00315,H005,P0017
Z00315,H005,P0043
Z00315,H005,P0093
Z00315,H005,P0094
Z00315,H005,P0099
Z00315,H005,P0110
Z00315,H005,P0115
Z00315,H005,P0138
Z00316,H004,P0027
Z00316,H004,P0051
Z00316,H004,P0083
Z00316,H004,P0092
Z00316,H004,P0095
Z00316,H004,P0105
Z00316,H004,P0112
Z00316,H004,P0137
Z00317,H007,P0002
Z00317,H007,P0005
Z00317,H007,P0013
Z00317,H007,P0020
Z00317,H007,P0029
Z00317,H007,P0038
Z00317,H007,P0050
Z00317,H007,P0060
Z00317,H007,P0068
Z00317,H007,P0103
Z00317,H007,P0133
Z00317,H007,P0134
Z00318,H005,P0030
Z00318,H005,P0046
Z00318,H005,P0050
Z00318,H005,P0057
Z00318,H005,P0076
Z00318,H005,P0085
Z00318,H005,P0090
Z00318,H005,P0107
Z00318,H005,P0142
Z00318,H018,P0004
Z00318,H018,P0010
Z00318,H018,P0014
Z00318,H018,P0025
Z00318,H018,P0040
Z00318,H018,P0054
Z00318,H018,P0073
Z00318,H018,P0095
Z00318,H018,P0099
Z00318,H018,P0100
Z00318,H018,P0109
Z00319,H015,P0029
Z00319,H015,P0035
Z00319,H015,P0039
Z00319,H015,P0080
Z00319,H015,P0086
Z00319,H015,P0095
Z00319,H015,P0099
Z00319,H015,P0113
Z00319,H015,P0123
Z00319,H015,P0127
Z00319,H015,P0147
Z00320,H008,P0001
Z00320,H008,P0023
Z00320,H008,P0025
Z00320,H008,P0033
Z00320,H008,P0042
Z00320,H008,P0043
Z00320,H008,P0045
Z00320,H008,P0049
Z00320,H008,P0054
Z00320,H008,P0061
Z00320,H008,P0066
Z00320,H008,P0070
Z00320,H008,P0077
Z00320,H008,P0098
Z00320,H008,P0100
Z00320,H008,P0118
Z00320,H008,P0124
Z00320,H008,P0131
Z00320,H008,P0134
Z00320,H008,P0142
Z00320,H008,P0146
Z00321,H005,P0003
Z00321,H005,P0004
Z00321,H005,P0012
Z00321,H005,P0022
Z00321,H005,P0030
Z00321,H005,P0044
Z00321,H005,P0061
Z00321,H005,P0105
Z00321,H005,P0118
Z00321,H005,P0130
Z00321,H005,P0131
Z00321,H005,P0135
Z00322,H001,P0010
Z00322,H001,P0014
Z00322,H001,P0018
Z00322,H001,P0021
Z00322,H001,P0025
Z00322,H001,P0027
Z00322,H001,P0028
Z00322,H001,P0030
Z00322,H001,P0040
Z00322,H001,P0051
Z00322,H001,P0052
Z00322,H001,P0070
Z00322,H001,P0086
Z00322,H001,P0091
Z00322,H001,P0093
Z00322,H001,P0099
Z00322,H001,P0101
Z00322,H001,P0107
Z00322,H001,P0110
Z00322,H001,P0137
Z00322,H001,P0142
Z00322,H001,P0145
Z00322,H001,P0149
Z00323,H010,P0002
Z00323,H010,P0010
Z00323,H010,P0020
Z00323,H010,P0025
Z00323,H010,P0037
Z00323,H010,P0045
Z00323,H010,P0049
Z00323,H010,P0053
Z00323,H010,P0063
Z00323,H010,P0064
Z00323,H010,P0080
Z00323,H010,P0087
Z00323,H010,P0125
Z00323,H010,P0130
Z00323,H010,P0131
Z00323,H010,P0132
Z00323,H010,P0144
Z00323,H010,P0147
Z00323,H010,P0148
Z00324,H019,P0010
Z00324,H019,P0030
Z00324,H019,P0045
Z00324,H019,P0052
Z00324,H019,P0058
Z00324,H019,P0060
Z00324,H019,P0077
Z00324,H019,P0086
Z00324,H019,P0087
Z00324,H019,P0103
Z00324,H019,P0107
Z00324,H019,P0108
Z00324,H019,P0120
Z00324,H019,P0123
Z00324,H019,P0133
Z00324,H019,P0137
Z00324,H019,P0143
Z00324,H019,P0148
Z00325,H020,P0002
Z00325,H020,P0004
Z00325,H020,P0031
Z00325,H020,P0039
Z00325,H020,P0045
Z00325,H020,P0054
Z00325,H020,P0063
Z00325,H020,P0066
Z00325,H020,P0073
Z00325,H020,P0085
Z00325,H020,P0088
Z00325,H020,P0092
Z00325,H020,P0104
Z00325,H020,P0139
Z00325,H020,P0150
Z00326,H018,P0049
Z00326,H018,P0051
Z00326,H018,P0052
Z00326,H018,P0054
Z00326,H018,P0072
Z00326,H018,P0092
Z00326,H018,P0097
Z00326,H018,P0099
Z00326,H018,P0111
Z00326,H018,P0112
Z00326,H018,P0147
Z00327,H011,P0010
Z00327,H011,P0023
Z00327,H011,P0025
Z00327,H011,P0030
Z00327,H011,P0033
Z00327,H011,P0038
Z00327,H011,P0045
Z00327,H011,P0050
Z00327,H011,P0051
Z00327,H011,P0060
Z00327,H011,P0062
Z00327,H011,P0066
Z00327,H011,P0087
Z00327,H011,P0129
Z00327,H011,P0131
Z00327,H011,P0132
Z00327,H011,P0134
Z00327,H011,P0138
Z00327,H011,P0149
Z00328,H018,P0002
Z00328,H018,P0006
Z00328,H018,P0012
Z00328,H018,P0013
Z00328,H018,P0060
Z00328,H018,P0063
Z00328,H018,P0068
Z00328,H018,P0082
Z00328,H018,P0086
Z00328,H018,P0092
Z00328,H018,P0117
Z00328,H018,P0140
Z00329,H020,P0018
Z00329,H020,P0039
Z00329,H020,P0050
Z00329,H020,P0056
Z00329,H020,P0059
Z00329,H020,P0071
Z00329,H020,P0085
Z00329,H020,P0091
Z00329,H020,P0099
Z00329,H020,P0120
Z00329,H020,P0145
Z00330,H015,P0006
Z00330,H015,P0007
Z00330,H015,P0010
Z00330,H015,P0022
Z00330,H015,P0023
Z00330,H015,P0029
Z00330,H015,P0049
Z00330,H015,P0060
Z00330,H015,P0076
Z00330,H015,P0078
Z00330,H015,P0086
Z00330,H015,P0092
Z00330,H015,P0093
Z00330,H015,P0095
Z00330,H015,P0101
Z00330,H015,P0109
Z00330,H015,P0120
Z00330,H015,P0130
Z00330,H015,P0144
Z00330,H015,P0146
Z00331,H016,P0004
Z00331,H016,P0006
Z00331,H016,P0007
Z00331,H016,P0010
Z00331,H016,P0013
Z00331,H016,P0029
Z00331,H016,P0063
Z00331,H016,P0065
Z00331,H016,P0066
Z00331,H016,P0077
Z00331,H016,P0087
Z00331,H016,P0092
Z00331,H016,P0095
Z00331,H016,P0100
Z00331,H016,P0130
Z00332,H019,P0004
Z00332,H019,P0018
Z00332,H019,P0022
Z00332,H019,P0039
Z00332,H019,P0045
Z00332,H019,P0054
Z00332,H019,P0059
Z00332,H019,P0062
Z00332,H019,P0073
Z00332,H019,P0078
Z00332,H019,P0080
Z00332,H019,P0087
Z00332,H019,P0090
Z00332,H019,P0093
Z00332,H019,P0098
Z00332,H019,P0099
Z00332,H019,P0105
Z00332,H019,P0108
Z00332,H019,P0130
Z00332,H019,P0134
Z00332,H019,P0137
Z00332,H019,P0146
Z00332,H019,P0149
Z00332,H019,P0150
Z00333,H014,P0041
Z00333,H014,P0045
Z00333,H014,P0056
Z00333,H014,P0064
Z00333,H014,P0076
Z00333,H014,P0077
Z00333,H014,P0082
Z00333,H014,P0093
Z00333,H014,P0124
Z00333,H014,P0129
Z00333,H014,P0137
Z00334,H016,P0010
Z00334,H016,P0027
Z00334,H016,P0039
Z00334,H016,P0060
Z00334,H016,P0061
Z00334,H016,P0065
Z00334,H016,P0066
Z00334,H016,P0068
Z00334,H016,P0071
Z00334,H016,P0075
Z00334,H016,P0089
Z00334,H016,P0114
Z00334,H016,P0130
Z00334,H016,P0134
Z00334,H016,P0135
Z00334,H016,P0148
Z00335,H010,P0004
Z00335,H010,P0016
Z00335,H010,P0071
Z00335,H010,P0080
Z00335,H010,P0125
Z00336,H020,P0010
Z00336,H020,P0011
Z00336,H020,P0015
Z00336,H020,P0020
Z00336,H020,P0022
Z00336,H020,P0033
Z00336,H020,P0044
Z00336,H020,P0051
Z00336,H020,P0058
Z00336,H020,P0061
Z00336,H020,P0082
Z00336,H020,P0093
Z00336,H020,P0100
Z00336,H020,P0104
Z00336,H020,P0108
Z00336,H020,P0115
Z00336,H020,P0118
Z00336,H020,P0123
Z00336,H020,P0131
Z00336,H020,P0134
Z00337,H014,P0002
Z00337,H014,P0038
Z00337,H014,P0056
Z00337,H014,P0066
Z00337,H014,P0069
Z00337,H014,P0107
Z00337,H014,P0110
Z00337,H014,P0127
Z00337,H014,P0143
Z00337,H014,P0146
Z00337,H014,P0147
Z00338,H013,P0006
Z00338,H013,P0016
Z00338,H013,P0018
Z00338,H013,P0021
Z00338,H013,P0029
Z00338,H013,P0033
Z00338,H013,P0037
Z00338,H013,P0042
Z00338,H013,P0048
Z00338,H013,P0049
Z00338,H013,P0051
Z00338,H013,P0054
Z00338,H013,P0061
Z00338,H013,P0072
Z00338,H013,P0075
Z00338,H013,P0082
Z00338,H013,P0086
Z00338,H013,P0089
Z00338,H013,P0090
Z00338,H013,P0092
Z00338,H013,P0105
Z00338,H013,P0109
Z00338,H013,P0113
Z00338,H013,P0134
Z00339,H012,P0010
Z00339,H012,P0015
Z00339,H012,P0024
Z00339,H012,P0054
Z00339,H012,P0060
Z00339,H012,P0062
Z00339,H012,P0064
Z00339,H012,P0097
Z00339,H012,P0108
Z00339,H012,P0150
Z00340,H006,P0004
Z00340,H006,P0011
Z00340,H006,P0013
Z00340,H006,P0016
Z00340,H006,P0043
Z00340,H006,P0045
Z00340,H006,P0069
Z00340,H006,P0073
Z00340,H006,P0077
Z00340,H006,P0136
Z00341,H012,P0004
Z00341,H012,P0005
Z00341,H012,P0010
Z00341,H012,P0019
Z00341,H012,P0023
Z00341,H012,P0024
Z00341,H012,P0032
Z00341,H012,P0039
Z00341,H012,P0064
Z00341,H012,P0066
Z00341,H012,P0073
Z00341,H012,P0074
Z00341,H012,P0086
Z00341,H012,P0106
Z00341,H012,P0131
Z00341,H012,P0147
Z00342,H018,P0009
Z00342,H018,P0015
Z00342,H018,P0030
Z00342,H018,P0043
Z00342,H018,P0051
Z00342,H018,P0052
Z00342,H018,P0060
Z00342,H018,P0068
Z00342,H018,P0071
Z00342,H018,P0077
Z00342,H018,P0087
Z00342,H018,P0091
Z00342,H018,P0093
Z00342,H018,P0103
Z00342,H018,P0111
Z00342,H018,P0120
Z00343,H014,P0007
Z00343,H014,P0011
Z00343,H014,P0013
Z00343,H014,P0020
Z00343,H014,P0029
Z00343,H014,P0036
Z00343,H014,P0037
Z00343,H014,P0047
Z00343,H014,P0050
Z00343,H014,P0054
Z00343,H014,P0060
Z00343,H014,P0076
Z00343,H014,P0077
Z00343,H014,P0091
Z00343,H014,P0108
Z00343,H014,P0115
Z00343,H014,P0124
Z00343,H014,P0129
Z00343,H014,P0136
Z00343,H014,P0141
Z00343,H014,P0142
Z00343,H014,P0150
Z00344,H008,P0004
Z00344,H008,P0006
Z00344,H008,P0022
Z00344,H008,P0039
Z00344,H008,P0050
Z00344,H008,P0054
Z00344,H008,P0056
Z00344,H008,P0063
Z00344,H008,P0066
Z00344,H008,P0095
Z00344,H008,P0115
Z00344,H008,P0133
Z00344,H008,P0143
Z00345,H006,P0006
Z00345,H006,P0020
Z00345,H006,P0025
Z00345,H006,P0033
Z00345,H006,P0045
Z00345,H006,P0047
Z00345,H006,P0051
Z00345,H006,P0054
Z00345,H006,P0060
Z00345,H006,P0108
Z00345,H006,P0113
Z00345,H006,P0123
Z00345,H006,P0149
Z00345,H006,P0150
Z00346,H020,P0011
Z00346,H020,P0013
Z00346,H020,P0028
Z00346,H020,P0084
Z00346,H020,P0087
Z00346,H020,P0090
Z00346,H020,P0104
Z00346,H020,P0109
Z00346,H020,P0112
Z00346,H020,P0123
Z00346,H020,P0137
Z00346,H020,P0143
Z00346,H020,P0146
Z00347,H013,P0010
Z00347,H013,P0018
Z00347,H013,P0030
Z00347,H013,P0063
Z00347,H013,P0098
Z00347,H013,P0118
Z00347,H013,P0138
Z00347,H013,P0147
Z00348,H019,P0005
Z00348,H019,P0012
Z00348,H019,P0034
Z00348,H019,P0040
Z00348,H019,P0043
Z00348,H019,P0044
Z00348,H019,P0045
Z00348,H019,P0054
Z00348,H019,P0064
Z00348,H019,P0071
Z00348,H019,P0087
Z00348,H019,P0099
Z00348,H019,P0110
Z00348,H019,P0127
Z00348,H019,P0129
Z00348,H019,P0136
Z00349,H011,P0005
Z00349,H011,P0007
Z00349,H011,P0011
Z00349,H011,P0043
Z00349,H011,P0093
Z00349,H011,P0095
Z00349,H011,P0096
Z00349,H011,P0099
Z00349,H011,P0113
Z00349,H011,P0119
Z00350,H011,P0003
Z00350,H011,P0004
Z00350,H011,P0010
Z00350,H011,P0022
Z00350,H011,P0037
Z00350,H011,P0045
Z00350,H011,P0064
Z00350,H011,P0073
Z00350,H011,P0095
Z00350,H011,P0097
Z00350,H011,P0109
Z00350,H011,P0134
Z00350,H011,P0139
Z00351,H020,P0003
Z00351,H020,P0013
Z00351,H020,P0016
Z00351,H020,P0035
Z00351,H020,P0050
Z00351,H020,P0054
Z00351,H020,P0055
Z00351,H020,P0060
Z00351,H020,P0065
Z00351,H020,P0080
Z00351,H020,P0085
Z00351,H020,P0090
Z00351,H020,P0105
Z00351,H020,P0108
Z00351,H020,P0113
Z00351,H020,P0115
Z00351,H020,P0146
Z00351,H020,P0147
Z00352,H013,P0006
Z00352,H013,P0010
Z00352,H013,P0040
Z00352,H013,P0060
Z00352,H013,P0064
Z00352,H013,P0076
Z00352,H013,P0078
Z00352,H013,P0087
Z00352,H013,P0089
Z00352,H013,P0115
Z00352,H013,P0144
Z00352,H013,P0148
Z00353,H006,P0002
Z00353,H006,P0029
Z00353,H006,P0040
Z00353,H006,P0044
Z00353,H006,P0049
Z00353,H006,P0077
Z00353,H006,P0095
Z00353,H006,P0099
Z00353,H006,P0104
Z00353,H006,P0113
Z00353,H006,P0116
Z00353,H006,P0131
Z00353,H006,P0149
Z00354,H007,P0003
Z00354,H007,P0007
Z00354,H007,P0015
Z00354,H007,P0023
Z00354,H007,P0025
Z00354,H007,P0027
Z00354,H007,P0037
Z00354,H007,P0054
Z00354,H007,P0060
Z00354,H007,P0062
Z00354,H007,P0071
Z00354,H007,P0074
Z00354,H007,P0076
Z00354,H007,P0085
Z00354,H007,P0091
Z00354,H007,P0094
Z00354,H007,P0100
Z00354,H007,P0114
Z00354,H007,P0124
Z00354,H007,P0136
Z00354,H007,P0149
Z00355,H001,P0002
Z00355,H001,P0006
Z00355,H001,P0009
Z00355,H001,P0051
Z00355,H001,P0065
Z00355,H001,P0071
Z00355,H001,P0094
Z00355,H001,P0100
Z00355,H001,P0115
Z00355,H001,P0122
Z00355,H001,P0134
Z00355,H001,P0146
Z00356,H020,P0010
Z00356,H020,P0015
Z00356,H020,P0022
Z00356,H020,P0028
Z00356,H020,P0033
Z00356,H020,P0035
Z00356,H020,P0040
Z00356,H020,P0041
Z00356,H020,P0044
Z00356,H020,P0060
Z00356,H020,P0073
Z00356,H020,P0089
Z00356,H020,P0090
Z00356,H020,P0095
Z00356,H020,P0099
Z00356,H020,P0107
Z00356,H020,P0110
Z00356,H020,P0112
Z00356,H020,P0127
Z00356,H020,P0129
Z00356,H020,P0132
Z00356,H020,P0134
Z00356,H020,P0137
Z00356,H020,P0143
Z00356,H020,P0149
Z00357,H002,P0002
Z00357,H002,P0005
Z00357,H002,P0013
Z00357,H002,P0017
Z00357,H002,P0029
Z00357,H002,P0043
Z00357,H002,P0055
Z00357,H002,P0060
Z00357,H002,P0073
Z00357,H002,P0085
Z00357,H002,P0095
Z00357,H002,P0100
Z00357,H002,P0104
Z00357,H002,P0131
Z00357,H002,P0146
Z00357,H002,P0149
Z00357,H002,P0150
Z00358,H008,P0004
Z00358,H008,P0011
Z00358,H008,P0013
Z00358,H008,P0029
Z00358,H008,P0033
Z00358,H008,P0063
Z00358,H008,P0071
Z00358,H008,P0073
Z00358,H008,P0077
Z00358,H008,P0087
Z00358,H008,P0090
Z00358,H008,P0093
Z00358,H008,P0095
Z00358,H008,P0105
Z00358,H008,P0131
Z00358,H008,P0132
Z00358,H008,P0149
Z00358,H008,P0150
Z00359,H009,P0002
Z00359,H009,P0009
Z00359,H009,P0013
Z00359,H009,P0023
Z00359,H009,P0027
Z00359,H009,P0028
Z00359,H009,P0059
Z00359,H009,P0060
Z00359,H009,P0071
Z00359,H009,P0094
Z00359,H009,P0099
Z00359,H009,P0105
Z00359,H009,P0112
Z00359,H009,P0133
Z00360,H001,P0002
Z00360,H001,P0013
Z00360,H001,P0045
Z00360,H001,P0050
Z00360,H001,P0061
Z00360,H001,P0064
Z00360,H001,P0076
Z00360,H001,P0086
Z00360,H001,P0087
Z00360,H001,P0106
Z00360,H001,P0118
Z00360,H001,P0147
Z00360,H001,P0150
Z00361,H010,P0005
Z00361,H010,P0016
Z00361,H010,P0025
Z00361,H010,P0035
Z00361,H010,P0044
Z00361,H010,P0046
Z00361,H010,P0064
Z00361,H010,P0071
Z00361,H010,P0075
Z00361,H010,P0077
Z00361,H010,P0101
Z00361,H010,P0104
Z00361,H010,P0114
Z00361,H010,P0116
Z00361,H010,P0129
Z00361,H010,P0138
Z00361,H010,P0146
Z00361,H010,P0148
Z00362,H013,P0025
Z00362,H013,P0028
Z00362,H013,P0036
Z00362,H013,P0054
Z00362,H013,P0055
Z00362,H013,P0060
Z00362,H013,P0083
Z00362,H013,P0089
Z00362,H013,P0099
Z00362,H013,P0104
Z00362,H013,P0120
Z00362,H013,P0129
Z00362,H013,P0133
Z00362,H013,P0146
Z00362,H013,P0147
Z00363,H015,P0002
Z00363,H015,P0006
Z00363,H015,P0007
Z00363,H015,P0010
Z00363,H015,P0039
Z00363,H015,P0046
Z00363,H015,P0069
Z00363,H015,P0072
Z00363,H015,P0076
Z00363,H015,P0090
Z00363,H015,P0095
Z00363,H015,P0100
Z00363,H015,P0120
Z00363,H015,P0132
Z00363,H015,P0134
Z00363,H015,P0145
Z00364,H014,P0003
Z00364,H014,P0010
Z00364,H014,P0026
Z00364,H014,P0053
Z00364,H014,P0062
Z00364,H014,P0115
Z00364,H014,P0123
Z00364,H014,P0134
Z00364,H014,P0146
Z00365,H015,P0001
Z00365,H015,P0016
Z00365,H015,P0025
Z00365,H015,P0028
Z00365,H015,P0033
Z00365,H015,P0042
Z00365,H015,P0045
Z00365,H015,P0064
Z00365,H015,P0065
Z00365,H015,P0084
Z00365,H015,P0093
Z00365,H015,P0096
Z00365,H015,P0097
Z00365,H015,P0111
Z00365,H015,P0113
Z00365,H015,P0115
Z00365,H015,P0123
Z00365,H015,P0136
Z00365,H015,P0137
Z00365,H015,P0139
Z00365,H015,P0143
Z00365,H015,P0144
Z00366,H009,P0004
Z00366,H009,P0005
Z00366,H009,P0007
Z00366,H009,P0008
Z00366,H009,P0009
Z00366,H009,P0046
Z00366,H009,P0049
Z00366,H009,P0051
Z00366,H009,P0054
Z00366,H009,P0060
Z00366,H009,P0065
Z00366,H009,P0085
Z00366,H009,P0090
Z00366,H009,P0092
Z00366,H009,P0115
Z00366,H009,P0131
Z00366,H009,P0135
Z00366,H009,P0136
Z00366,H009,P0143
Z00367,H017,P0007
Z00367,H017,P0017
Z00367,H017,P0027
Z00367,H017,P0044
Z00367,H017,P0045
Z00367,H017,P0049
Z00367,H017,P0054
Z00367,H017,P0071
Z00367,H017,P0073
Z00367,H017,P0076
Z00367,H017,P0085
Z00367,H017,P0089
Z00367,H017,P0099
Z00367,H017,P0103
Z00367,H017,P0133
Z00367,H017,P0141
Z00367,H017,P0144
Z00368,H019,P0001
Z00368,H019,P0002
Z00368,H019,P0004
Z00368,H019,P0017
Z00368,H019,P0022
Z00368,H019,P0028
Z00368,H019,P0037
Z00368,H019,P0045
Z00368,H019,P0072
Z00368,H019,P0097
Z00368,H019,P0099
Z00368,H019,P0104
Z00368,H019,P0105
Z00368,H019,P0115
Z00368,H019,P0117
Z00368,H019,P0138
Z00368,H019,P0145
Z00368,H019,P0150
Z00369,H005,P0024
Z00369,H005,P0039
Z00369,H005,P0100
Z00369,H005,P0103
Z00369,H005,P0113
Z00369,H005,P0136
Z00369,H005,P0138
Z00370,H009,P0006
Z00370,H009,P0037
Z00370,H009,P0040
Z00370,H009,P0041
Z00370,H009,P0044
Z00370,H009,P0054
Z00370,H009,P0058
Z00370,H009,P0063
Z00370,H009,P0073
Z00370,H009,P0078
Z00370,H009,P0099
Z00370,H009,P0105
Z00370,H009,P0107
Z00370,H009,P0116
Z00370,H009,P0129
Z00370,H009,P0131
Z00370,H009,P0134
Z00370,H009,P0138
Z00370,H009,P0144
Z00371,H010,P0015
Z00371,H010,P0021
Z00371,H010,P0028
Z00371,H010,P0029
Z00371,H010,P0046
Z00371,H010,P0085
Z00371,H010,P0141
Z00371,H010,P0149
Z00372,H019,P0007
Z00372,H019,P0022
Z00372,H019,P0056
Z00372,H019,P0063
Z00372,H019,P0075
Z00372,H019,P0090
Z00372,H019,P0100
Z00372,H019,P0115
Z00372,H019,P0133
Z00372,H019,P0137
Z00372,H019,P0141
Z00373,H018,P0010
Z00373,H018,P0015
Z00373,H018,P0045
Z00373,H018,P0065
Z00373,H018,P0109
Z00373,H018,P0113
Z00373,H018,P0126
Z00373,H018,P0127
Z00374,H002,P0006
Z00374,H002,P0022
Z00374,H002,P0023
Z00374,H002,P0025
Z00374,H002,P0029
Z00374,H002,P0035
Z00374,H002,P0050
Z00374,H002,P0064
Z00374,H002,P0065
Z00374,H002,P0095
Z00374,H002,P0099
Z00374,H002,P0107
Z00374,H002,P0132
Z00374,H002,P0135
Z00374,H002,P0142
Z00375,H001,P0003
Z00375,H001,P0054
Z00375,H001,P0073
Z00375,H001,P0080
Z00375,H001,P0091
Z00375,H001,P0093
Z00375,H001,P0100
Z00375,H001,P0107
Z00375,H001,P0114
Z00375,H001,P0120
Z00375,H001,P0142
Z00375,H001,P0147
Z00376,H005,P0004
Z00376,H005,P0005
Z00376,H005,P0006
Z00376,H005,P0033
Z00376,H005,P0046
Z00376,H005,P0047
Z00376,H005,P0049
Z00376,H005,P0054
Z00376,H005,P0063
Z00376,H005,P0073
Z00376,H005,P0075
Z00376,H005,P0097
Z00376,H005,P0101
Z00376,H005,P0104
Z00376,H005,P0109
Z00376,H005,P0113
Z00376,H005,P0135
Z00376,H005,P0141
Z00376,H005,P0142
Z00376,H005,P0146
Z00376,H005,P0150
Z00377,H002,P0003
Z00377,H002,P0018
Z00377,H002,P0021
Z00377,H002,P0027
Z00377,H002,P0044
Z00377,H002,P0064
Z00377,H002,P0076
Z00377,H002,P0077
Z00377,H002,P0085
Z00377,H002,P0086
Z00377,H002,P0087
Z00377,H002,P0088
Z00377,H002,P0101
Z00377,H002,P0110
Z00377,H002,P0113
Z00377,H002,P0115
Z00377,H002,P0124
Z00377,H002,P0137
Z00377,H002,P0142
Z00377,H002,P0145
Z00377,H002,P0146
Z00378,H015,P0003
Z00378,H015,P0013
Z00378,H015,P0015
Z00378,H015,P0025
Z00378,H015,P0037
Z00378,H015,P0051
Z00378,H015,P0060
Z00378,H015,P0065
Z00378,H015,P0068
Z00378,H015,P0078
Z00378,H015,P0087
Z00378,H015,P0091
Z00378,H015,P0103
Z00378,H015,P0111
Z00378,H015,P0138
Z00378,H015,P0150
Z00379,H018,P0007
Z00379,H018,P0010
Z00379,H018,P0013
Z00379,H018,P0029
Z00379,H018,P0034
Z00379,H018,P0037
Z00379,H018,P0040
Z00379,H018,P0049
Z00379,H018,P0067
Z00379,H018,P0069
Z00379,H018,P0070
Z00379,H018,P0073
Z00379,H018,P0076
Z00379,H018,P0077
Z00379,H018,P0080
Z00379,H018,P0086
Z00379,H018,P0089
Z00379,H018,P0094
Z00379,H018,P0098
Z00379,H018,P0103
Z00379,H018,P0115
Z00379,H018,P0119
Z00379,H018,P0130
Z00379,H018,P0134
Z00379,H018,P0146
Z00380,H002,P0004
Z00380,H002,P0005
Z00380,H002,P0010
Z00380,H002,P0028
Z00380,H002,P0045
Z00380,H002,P0050
Z00380,H002,P0051
Z00380,H002,P0064
Z00380,H002,P0071
Z00380,H002,P0083
Z00380,H002,P0091
Z00380,H002,P0096
Z00380,H002,P0108
Z00380,H002,P0112
Z00380,H002,P0115
Z00380,H002,P0117
Z00380,H002,P0132
Z00380,H002,P0145
Z00380,H002,P0147
Z00381,H006,P0004
Z00381,H006,P0013
Z00381,H006,P0015
Z00381,H006,P0039
Z00381,H006,P0045
Z00381,H006,P0051
Z00381,H006,P0059
Z00381,H006,P0063
Z00381,H006,P0080
Z00381,H006,P0087
Z00381,H006,P0095
Z00381,H006,P0107
Z00381,H006,P0122
Z00381,H006,P0140
Z00382,H017,P0036
Z00382,H017,P0039
Z00382,H017,P0050
Z00382,H017,P0052
Z00382,H017,P0066
Z00382,H017,P0073
Z00382,H017,P0076
Z00382,H017,P0087
Z00382,H017,P0090
Z00382,H017,P0106
Z00382,H017,P0109
Z00382,H017,P0126
Z00382,H017,P0132
Z00382,H017,P0146
Z00382,H017,P0150
Z00383,H012,P0011
Z00383,H012,P0022
Z00383,H012,P0023
Z00383,H012,P0030
Z00383,H012,P0045
Z00383,H012,P0093
Z00383,H012,P0110
Z00383,H012,P0115
Z00383,H012,P0135
Z00383,H012,P0147
Z00384,H001,P0005
Z00384,H001,P0007
Z00384,H001,P0018
Z00384,H001,P0022
Z00384,H001,P0028
Z00384,H001,P0030
Z00384,H001,P0037
Z00384,H001,P0045
Z00384,H001,P0047
Z00384,H001,P0051
Z00384,H001,P0064
Z00384,H001,P0071
Z00384,H001,P0073
Z00384,H001,P0076
Z00384,H001,P0078
Z00384,H001,P0090
Z00384,H001,P0099
Z00384,H001,P0104
Z00384,H001,P0111
Z00384,H001,P0112
Z00384,H001,P0113
Z00384,H001,P0115
Z00384,H001,P0118
Z00384,H001,P0130
Z00384,H001,P0141
Z00385,H012,P0007
Z00385,H012,P0026
Z00385,H012,P0027
Z00385,H012,P0037
Z00385,H012,P0039
Z00385,H012,P0054
Z00385,H012,P0060
Z00385,H012,P0089
Z00385,H012,P0093
Z00385,H012,P0094
Z00385,H012,P0103
Z00385,H012,P0134
Z00385,H012,P0136
Z00385,H012,P0142
Z00385,H012,P0146
Z00386,H008,P0004
Z00386,H008,P0010
Z00386,H008,P0033
Z00386,H008,P0051
Z00386,H008,P0054
Z00386,H008,P0086
Z00386,H008,P0087
Z00386,H008,P0098
Z00386,H008,P0110
Z00386,H008,P0114
Z00386,H008,P0134
Z00386,H008,P0148
Z00386,H008,P0150
Z00387,H015,P0004
Z00387,H015,P0007
Z00387,H015,P0015
Z00387,H015,P0033
Z00387,H015,P0047
Z00387,H015,P0051
Z00387,H015,P0052
Z00387,H015,P0065
Z00387,H015,P0066
Z00387,H015,P0083
Z00387,H015,P0095
Z00387,H015,P0113
Z00387,H015,P0120
Z00387,H015,P0138
Z00388,H012,P0011
Z00388,H012,P0060
Z00388,H012,P0064
Z00388,H012,P0086
Z00388,H012,P0099
Z00388,H012,P0104
Z00388,H012,P0118
Z00389,H011,P0005
Z00389,H011,P0007
Z00389,H011,P0010
Z00389,H011,P0013
Z00389,H011,P0025
Z00389,H011,P0028
Z00389,H011,P0041
Z00389,H011,P0045
Z00389,H011,P0050
Z00389,H011,P0060
Z00389,H011,P0061
Z00389,H011,P0063
Z00389,H011,P0078
Z00389,H011,P0091
Z00389,H011,P0097
Z00389,H011,P0100
Z00389,H011,P0104
Z00389,H011,P0108
Z00389,H011,P0112
Z00389,H011,P0115
Z00389,H011,P0118
Z00389,H011,P0131
Z00389,H011,P0133
Z00389,H011,P0138
Z00389,H011,P0146
Z00389,H011,P0147
Z00390,H013,P0003
Z00390,H013,P0004
Z00390,H013,P0005
Z00390,H013,P0006
Z00390,H013,P0010
Z00390,H013,P0011
Z00390,H013,P0014
Z00390,H013,P0030
Z00390,H013,P0035
Z00390,H013,P0037
Z00390,H013,P0058
Z00390,H013,P0071
Z00390,H013,P0086
Z00390,H013,P0090
Z00390,H013,P0093
Z00390,H013,P0095
Z00390,H013,P0101
Z00390,H013,P0107
Z00390,H013,P0109
Z00390,H013,P0113
Z00390,H013,P0122
Z00390,H013,P0123
Z00390,H013,P0139
Z00390,H013,P0140
Z00390,H013,P0147
Z00391,H012,P0006
Z00391,H012,P0019
Z00391,H012,P0031
Z00391,H012,P0049
Z00391,H012,P0063
Z00391,H012,P0064
Z00391,H012,P0073
Z00391,H012,P0087
Z00391,H012,P0101
Z00391,H012,P0107
Z00391,H012,P0113
Z00391,H012,P0131
Z00391,H012,P0134
Z00391,H012,P0138
Z00391,H012,P0139
Z00391,H012,P0148
Z00392,H010,P0014
Z00392,H010,P0037
Z00392,H010,P0047
Z00392,H010,P0063
Z00392,H010,P0064
Z00392,H010,P0066
Z00392,H010,P0085
Z00392,H010,P0115
Z00392,H010,P0133
Z00392,H010,P0135
Z00392,H010,P0147
Z00392,H017,P0094
Z00392,H017,P0104
Z00392,H017,P0113
Z00392,H017,P0146
Z00393,H013,P0022
Z00393,H013,P0049
Z00393,H013,P0060
Z00393,H013,P0069
Z00393,H013,P0071
Z00393,H013,P0073
Z00393,H013,P0090
Z00393,H013,P0093
Z00393,H013,P0097
Z00393,H013,P0110
Z00393,H013,P0115
Z00393,H013,P0132
Z00393,H013,P0134
Z00393,H013,P0143
Z00393,H013,P0147
Z00393,H013,P0150
Z00394,H005,P0011
Z00394,H005,P0044
Z00394,H005,P0045
Z00394,H005,P0049
Z00394,H005,P0052
Z00394,H005,P0064
Z00394,H005,P0085
Z00394,H005,P0086
Z00394,H005,P0090
Z00394,H005,P0108
Z00394,H005,P0127
Z00394,H005,P0134
Z00394,H005,P0141
Z00395,H001,P0008
Z00395,H001,P0012
Z00395,H001,P0026
Z00395,H001,P0038
Z00395,H001,P0058
Z00395,H001,P0076
Z00395,H001,P0086
Z00395,H001,P0087
Z00395,H001,P0132
Z00395,H001,P0134
Z00395,H001,P0137
Z00395,H001,P0143
Z00395,H001,P0149
Z00396,H016,P0005
Z00396,H016,P0029
Z00396,H016,P0040
Z00396,H016,P0058
Z00396,H016,P0092
Z00396,H016,P0094
Z00396,H016,P0103
Z00396,H016,P0106
Z00396,H016,P0110
Z00396,H016,P0112
Z00396,H016,P0125
Z00397,H010,P0017
Z00397,H010,P0022
Z00397,H010,P0046
Z00397,H010,P0050
Z00397,H010,P0060
Z00397,H010,P0065
Z00397,H010,P0077
Z00397,H010,P0078
Z00397,H010,P0085
Z00397,H010,P0086
Z00397,H010,P0101
Z00397,H010,P0103
Z00397,H010,P0104
Z00397,H010,P0111
Z00397,H010,P0131
Z00397,H010,P0132
Z00397,H010,P0134
Z00397,H010,P0137
Z00397,H010,P0149
Z00397,H017,P0076
Z00397,H017,P0084
Z00397,H017,P0097
Z00397,H017,P0113
Z00397,H017,P0127
Z00398,H016,P0018
Z00398,H016,P0024
Z00398,H016,P0050
Z00398,H016,P0054
Z00398,H016,P0087
Z00398,H016,P0092
Z00398,H016,P0109
Z00398,H016,P0138
Z00398,H016,P0147
Z00398,H016,P0148
Z00399,H014,P0001
Z00399,H014,P0012
Z00399,H014,P0017
Z00399,H014,P0020
Z00399,H014,P0022
Z00399,H014,P0038
Z00399,H014,P0048
Z00399,H014,P0064
Z00399,H014,P0083
Z00399,H014,P0099
Z00399,H014,P0112
Z00399,H014,P0113
Z00400,H012,P0004
Z00400,H012,P0010
Z00400,H012,P0056
Z00400,H012,P0067
Z00400,H012,P0068
Z00400,H012,P0069
Z00400,H012,P0070
Z00400,H012,P0099
Z00400,H012,P0138
Z00400,H012,P0146
