t_seconds,phase,depth,rss_mb,batch_id
0.0004,data_load,1,103.281,
0.0568,data_load,1,109.816,
0.0572,batch_build,1,109.816,
0.0877,batch_build,1,110.324,
0.0936,preflight,1,110.324,
0.5158,preflight.pyqubo_express,2,129.891,
0.5159,preflight.pyqubo_express,2,129.891,
0.5959,preflight.pyqubo_express,2,130.406,
0.5961,preflight.pyqubo_compile,2,130.406,
0.6430,preflight.pyqubo_compile,2,187.793,
0.6504,preflight.to_qubo,2,187.793,
0.6978,preflight.to_qubo,2,198.020,
0.7343,preflight,1,194.684,
0.7965,solve,1,194.422,
1.0415,solve,1,194.422,
1.2118,solve.pyqubo_express,2,195.453,
1.2918,solve.pyqubo_express,2,195.711,
1.2920,solve.pyqubo_compile,2,195.711,
1.3417,solve.pyqubo_compile,2,253.344,
1.3503,solve.to_qubo,2,253.344,
1.3986,solve.to_qubo,2,261.852,
1.4005,solve,1,261.852,
1.4018,solve,1,261.852,
1.4028,solve.va_model_build,2,261.852,
2.0992,solve.va_model_build,2,262.883,
2.1106,solve.va_model_build,2,325.789,
2.1108,solve.va_sample,2,325.789,
2.5995,solve.va_sample,2,326.305,
3.0998,solve.va_sample,2,326.305,
3.6000,solve.va_sample,2,326.305,
4.1003,solve.va_sample,2,326.305,
4.6005,solve.va_sample,2,326.305,
5.1008,solve.va_sample,2,326.305,
5.6010,solve.va_sample,2,326.305,
6.1013,solve.va_sample,2,326.305,
6.6015,solve.va_sample,2,326.305,
7.1017,solve.va_sample,2,326.305,
7.6020,solve.va_sample,2,326.305,
8.1022,solve.va_sample,2,326.305,
8.6024,solve.va_sample,2,326.305,
9.1027,solve.va_sample,2,326.305,
9.6029,solve.va_sample,2,326.305,
10.1032,solve.va_sample,2,326.305,
10.6034,solve.va_sample,2,326.305,
11.1037,solve.va_sample,2,326.305,
11.6039,solve.va_sample,2,326.305,
12.1041,solve.va_sample,2,326.305,
12.6044,solve.va_sample,2,326.305,
13.1046,solve.va_sample,2,326.305,
13.6048,solve.va_sample,2,326.305,
14.1051,solve.va_sample,2,326.305,
14.6053,solve.va_sample,2,326.305,
15.1055,solve.va_sample,2,326.305,
15.6058,solve.va_sample,2,326.305,
16.1060,solve.va_sample,2,326.305,
16.6063,solve.va_sample,2,326.305,
17.1066,solve.va_sample,2,326.305,
17.6068,solve.va_sample,2,326.305,
18.1070,solve.va_sample,2,326.305,
18.6073,solve.va_sample,2,326.305,
19.1075,solve.va_sample,2,326.305,
19.6078,solve.va_sample,2,326.305,
20.1080,solve.va_sample,2,326.305,
20.6082,solve.va_sample,2,326.305,
21.1085,solve.va_sample,2,326.305,
21.6087,solve.va_sample,2,326.305,
22.1089,solve.va_sample,2,326.305,
22.6092,solve.va_sample,2,326.305,
23.1094,solve.va_sample,2,326.305,
23.6097,solve.va_sample,2,326.305,
24.1099,solve.va_sample,2,326.305,
24.6101,solve.va_sample,2,326.305,
25.1104,solve.va_sample,2,326.305,
25.6106,solve.va_sample,2,326.305,
26.1109,solve.va_sample,2,326.305,
26.6111,solve.va_sample,2,326.305,
27.1113,solve.va_sample,2,326.305,
27.6116,solve.va_sample,2,326.305,
28.1118,solve.va_sample,2,326.305,
28.6120,solve.va_sample,2,326.305,
29.1123,solve.va_sample,2,326.305,
29.6125,solve.va_sample,2,326.305,
30.1127,solve.va_sample,2,326.305,
30.6130,solve.va_sample,2,326.305,
31.1132,solve.va_sample,2,326.305,
31.6135,solve.va_sample,2,326.305,
32.1137,solve.va_sample,2,326.305,
32.6140,solve.va_sample,2,326.305,
33.1142,solve.va_sample,2,326.305,
33.6145,solve.va_sample,2,326.305,
34.1147,solve.va_sample,2,326.305,
34.6149,solve.va_sample,2,326.305,
35.1152,solve.va_sample,2,326.305,
35.6154,solve.va_sample,2,326.305,
36.1157,solve.va_sample,2,326.305,
36.6159,solve.va_sample,2,326.305,
37.1161,solve.va_sample,2,326.305,
37.6164,solve.va_sample,2,326.305,
38.1166,solve.va_sample,2,326.305,
38.6169,solve.va_sample,2,326.305,
39.1171,solve.va_sample,2,326.305,
39.6173,solve.va_sample,2,326.305,
40.1176,solve.va_sample,2,326.305,
40.6178,solve.va_sample,2,326.305,
41.1181,solve.va_sample,2,326.305,
41.6183,solve.va_sample,2,326.305,
42.1186,solve.va_sample,2,326.305,
42.6188,solve.va_sample,2,326.305,
43.1190,solve.va_sample,2,326.305,
43.6193,solve.va_sample,2,326.305,
44.1195,solve.va_sample,2,326.305,
44.6198,solve.va_sample,2,326.305,
45.1200,solve.va_sample,2,326.305,
45.6203,solve.va_sample,2,326.305,
46.1206,solve.va_sample,2,326.305,
46.6208,solve.va_sample,2,326.305,
47.1211,solve.va_sample,2,326.305,
47.6213,solve.va_sample,2,326.305,
48.1215,solve.va_sample,2,326.305,
48.6218,solve.va_sample,2,326.305,
49.1220,solve.va_sample,2,326.305,
49.6223,solve.va_sample,2,326.305,
50.1225,solve.va_sample,2,326.305,
50.6227,solve.va_sample,2,326.305,
51.1230,solve.va_sample,2,326.305,
51.6232,solve.va_sample,2,326.305,
52.1235,solve.va_sample,2,326.305,
52.6237,solve.va_sample,2,326.305,
53.1239,solve.va_sample,2,326.305,
53.6242,solve.va_sample,2,326.305,
54.1244,solve.va_sample,2,326.305,
54.6247,solve.va_sample,2,326.305,
55.1249,solve.va_sample,2,326.305,
55.6251,solve.va_sample,2,326.305,
56.1254,solve.va_sample,2,326.305,
56.6256,solve.va_sample,2,326.305,
57.1258,solve.va_sample,2,326.305,
57.6261,solve.va_sample,2,326.305,
58.1263,solve.va_sample,2,326.305,
58.6266,solve.va_sample,2,326.305,
59.1268,solve.va_sample,2,326.305,
59.6271,solve.va_sample,2,326.305,
60.1273,solve.va_sample,2,326.305,
60.6276,solve.va_sample,2,326.305,
61.1278,solve.va_sample,2,326.305,
61.6281,solve.va_sample,2,326.305,
62.1283,solve.va_sample,2,326.305,
62.6286,solve.va_sample,2,326.305,
63.1288,solve.va_sample,2,326.305,
63.6290,solve.va_sample,2,326.305,
64.1293,solve.va_sample,2,326.305,
64.6295,solve.va_sample,2,326.305,
65.1298,solve.va_sample,2,326.305,
65.6300,solve.va_sample,2,326.305,
66.1302,solve.va_sample,2,326.305,
66.6305,solve.va_sample,2,326.305,
67.1307,solve.va_sample,2,326.305,
67.6309,solve.va_sample,2,326.305,
68.1312,solve.va_sample,2,326.305,
68.6314,solve.va_sample,2,326.305,
69.1316,solve.va_sample,2,326.305,
69.6319,solve.va_sample,2,326.305,
70.1321,solve.va_sample,2,326.305,
70.6324,solve.va_sample,2,326.305,
71.1326,solve.va_sample,2,326.305,
71.6328,solve.va_sample,2,326.305,
72.1331,solve.va_sample,2,326.305,
72.6334,solve.va_sample,2,326.305,
73.1337,solve.va_sample,2,326.305,
73.6339,solve.va_sample,2,326.305,
74.1342,solve.va_sample,2,326.305,
74.6344,solve.va_sample,2,326.305,
75.1347,solve.va_sample,2,326.305,
75.6349,solve.va_sample,2,326.305,
76.1352,solve.va_sample,2,326.305,
76.6354,solve.va_sample,2,326.305,
77.1356,solve.va_sample,2,326.305,
77.6359,solve.va_sample,2,326.305,
78.1361,solve.va_sample,2,326.305,
78.6363,solve.va_sample,2,326.305,
79.1366,solve.va_sample,2,326.305,
79.6368,solve.va_sample,2,326.305,
80.1370,solve.va_sample,2,326.305,
80.6373,solve.va_sample,2,326.305,
81.1375,solve.va_sample,2,326.305,
81.6378,solve.va_sample,2,326.305,
82.1380,solve.va_sample,2,326.305,
82.6382,solve.va_sample,2,326.305,
83.1385,solve.va_sample,2,326.305,
83.6387,solve.va_sample,2,326.305,
84.1390,solve.va_sample,2,326.305,
84.6392,solve.va_sample,2,326.305,
85.1394,solve.va_sample,2,326.305,
85.6397,solve.va_sample,2,326.305,
86.1399,solve.va_sample,2,326.305,
86.6401,solve.va_sample,2,326.305,
87.1403,solve.va_sample,2,326.305,
87.6406,solve.va_sample,2,326.305,
88.1409,solve.va_sample,2,326.305,
88.6411,solve.va_sample,2,326.305,
89.1414,solve.va_sample,2,326.305,
89.6416,solve.va_sample,2,326.305,
90.1418,solve.va_sample,2,326.305,
90.6421,solve.va_sample,2,326.305,
91.1423,solve.va_sample,2,326.305,
91.6425,solve.va_sample,2,326.305,
92.1428,solve.va_sample,2,326.305,
92.6430,solve.va_sample,2,326.305,
93.1433,solve.va_sample,2,326.305,
93.6435,solve.va_sample,2,326.305,
94.1437,solve.va_sample,2,326.305,
94.6440,solve.va_sample,2,326.305,
95.1442,solve.va_sample,2,326.305,
95.6444,solve.va_sample,2,326.305,
96.1447,solve.va_sample,2,326.305,
96.6449,solve.va_sample,2,326.305,
97.1451,solve.va_sample,2,326.305,
97.6454,solve.va_sample,2,326.305,
98.1456,solve.va_sample,2,326.305,
98.6459,solve.va_sample,2,326.305,
99.1461,solve.va_sample,2,326.305,
99.6463,solve.va_sample,2,326.305,
100.1466,solve.va_sample,2,326.305,
100.6468,solve.va_sample,2,326.305,
101.1470,solve.va_sample,2,326.305,
101.6473,solve.va_sample,2,326.305,
102.1475,solve.va_sample,2,326.305,
102.6478,solve.va_sample,2,326.305,
103.1480,solve.va_sample,2,326.305,
103.6483,solve.va_sample,2,326.305,
104.1485,solve.va_sample,2,326.305,
104.6488,solve.va_sample,2,326.305,
105.1490,solve.va_sample,2,326.305,
105.6493,solve.va_sample,2,326.305,
106.1495,solve.va_sample,2,326.305,
106.6497,solve.va_sample,2,326.305,
107.1500,solve.va_sample,2,326.305,
107.6502,solve.va_sample,2,326.305,
108.1504,solve.va_sample,2,326.305,
108.6507,solve.va_sample,2,326.305,
109.1509,solve.va_sample,2,326.305,
109.6511,solve.va_sample,2,326.305,
110.1513,solve.va_sample,2,326.305,
110.6516,solve.va_sample,2,326.305,
111.1518,solve.va_sample,2,326.305,
111.6521,solve.va_sample,2,326.305,
112.1523,solve.va_sample,2,326.305,
112.6525,solve.va_sample,2,326.305,
113.1528,solve.va_sample,2,326.305,
113.6530,solve.va_sample,2,326.305,
114.1532,solve.va_sample,2,326.305,
114.6535,solve.va_sample,2,326.305,
115.1537,solve.va_sample,2,326.305,
115.6539,solve.va_sample,2,326.305,
116.1542,solve.va_sample,2,326.305,
116.6544,solve.va_sample,2,326.305,
117.1547,solve.va_sample,2,326.305,
117.6549,solve.va_sample,2,326.305,
118.1551,solve.va_sample,2,326.305,
118.6553,solve.va_sample,2,326.305,
119.1556,solve.va_sample,2,326.305,
119.6558,solve.va_sample,2,326.305,
120.1560,solve.va_sample,2,326.305,
120.6563,solve.va_sample,2,326.305,
121.1565,solve.va_sample,2,326.305,
121.6568,solve.va_sample,2,326.305,
122.1570,solve.va_sample,2,326.305,
122.6573,solve.va_sample,2,326.305,
123.1575,solve.va_sample,2,326.305,
123.6578,solve.va_sample,2,326.305,
124.1580,solve.va_sample,2,326.305,
124.6583,solve.va_sample,2,326.305,
125.1585,solve.va_sample,2,326.305,
125.6587,solve.va_sample,2,326.305,
126.1590,solve.va_sample,2,326.305,
126.6592,solve.va_sample,2,326.305,
127.1594,solve.va_sample,2,326.305,
127.6597,solve.va_sample,2,326.305,
128.1599,solve.va_sample,2,326.305,
128.6602,solve.va_sample,2,326.305,
129.1604,solve.va_sample,2,326.305,
129.6607,solve.va_sample,2,326.305,
130.1609,solve.va_sample,2,326.305,
130.6612,solve.va_sample,2,326.305,
131.1614,solve.va_sample,2,326.305,
131.6617,solve.va_sample,2,326.305,
132.1619,solve.va_sample,2,326.305,
132.6622,solve.va_sample,2,326.305,
133.1624,solve.va_sample,2,326.305,
133.6626,solve.va_sample,2,326.305,
134.1629,solve.va_sample,2,326.305,
134.6631,solve.va_sample,2,326.305,
135.1633,solve.va_sample,2,326.305,
135.6636,solve.va_sample,2,326.305,
136.1638,solve.va_sample,2,326.305,
136.6641,solve.va_sample,2,326.305,
137.1643,solve.va_sample,2,326.305,
137.6645,solve.va_sample,2,326.305,
138.1648,solve.va_sample,2,326.305,
138.6650,solve.va_sample,2,326.305,
139.1653,solve.va_sample,2,326.305,
139.6655,solve.va_sample,2,326.305,
140.1657,solve.va_sample,2,326.305,
140.6660,solve.va_sample,2,326.305,
141.1662,solve.va_sample,2,326.305,
141.6664,solve.va_sample,2,326.305,
142.1667,solve.va_sample,2,326.305,
142.6669,solve.va_sample,2,326.305,
143.1671,solve.va_sample,2,326.305,
143.6674,solve.va_sample,2,326.305,
144.1676,solve.va_sample,2,326.305,
144.6679,solve.va_sample,2,326.305,
145.1682,solve.va_sample,2,326.305,
145.6685,solve.va_sample,2,326.305,
146.1687,solve.va_sample,2,326.305,
146.6690,solve.va_sample,2,326.305,
147.1692,solve.va_sample,2,326.305,
147.6695,solve.va_sample,2,326.305,
148.1697,solve.va_sample,2,326.305,
148.6699,solve.va_sample,2,326.305,
149.1702,solve.va_sample,2,326.305,
149.6704,solve.va_sample,2,326.305,
150.1707,solve.va_sample,2,326.305,
150.6709,solve.va_sample,2,326.305,
151.1712,solve.va_sample,2,326.305,
151.6714,solve.va_sample,2,326.305,
152.1717,solve.va_sample,2,326.305,
152.6719,solve.va_sample,2,326.305,
153.1721,solve.va_sample,2,326.305,
153.6724,solve.va_sample,2,326.305,
154.1726,solve.va_sample,2,326.305,
154.6729,solve.va_sample,2,326.305,
155.1731,solve.va_sample,2,326.305,
155.6734,solve.va_sample,2,326.305,
156.1736,solve.va_sample,2,326.305,
156.6739,solve.va_sample,2,326.305,
157.1741,solve.va_sample,2,326.305,
157.6744,solve.va_sample,2,326.305,
158.1746,solve.va_sample,2,326.305,
158.6749,solve.va_sample,2,326.305,
159.1752,solve.va_sample,2,326.305,
159.6754,solve.va_sample,2,326.305,
160.1757,solve.va_sample,2,326.305,
160.6759,solve.va_sample,2,326.305,
161.1762,solve.va_sample,2,326.305,
161.6764,solve.va_sample,2,326.305,
162.1767,solve.va_sample,2,326.305,
162.6769,solve.va_sample,2,326.305,
163.1772,solve.va_sample,2,326.305,
163.6775,solve.va_sample,2,326.305,
164.1777,solve.va_sample,2,326.305,
164.6780,solve.va_sample,2,326.305,
165.1783,solve.va_sample,2,326.305,
165.6786,solve.va_sample,2,326.305,
166.1788,solve.va_sample,2,326.305,
166.6790,solve.va_sample,2,326.305,
167.1793,solve.va_sample,2,326.305,
167.6795,solve.va_sample,2,326.305,
168.1798,solve.va_sample,2,326.305,
168.6801,solve.va_sample,2,326.305,
169.1803,solve.va_sample,2,326.305,
169.6806,solve.va_sample,2,326.305,
170.1808,solve.va_sample,2,326.305,
170.6810,solve.va_sample,2,326.305,
171.1813,solve.va_sample,2,326.305,
171.6816,solve.va_sample,2,326.305,
172.1818,solve.va_sample,2,326.305,
172.6820,solve.va_sample,2,326.305,
173.1823,solve.va_sample,2,326.305,
173.6825,solve.va_sample,2,326.305,
174.1828,solve.va_sample,2,326.305,
174.6830,solve.va_sample,2,326.305,
175.1833,solve.va_sample,2,326.305,
175.6835,solve.va_sample,2,326.305,
176.1838,solve.va_sample,2,326.305,
176.6840,solve.va_sample,2,326.305,
177.1842,solve.va_sample,2,326.305,
177.6845,solve.va_sample,2,326.305,
178.1847,solve.va_sample,2,326.305,
178.6850,solve.va_sample,2,326.305,
179.1852,solve.va_sample,2,326.305,
179.6854,solve.va_sample,2,326.305,
180.1857,solve.va_sample,2,326.305,
180.6859,solve.va_sample,2,326.305,
181.1862,solve.va_sample,2,326.305,
181.6864,solve.va_sample,2,326.305,
182.1867,solve.va_sample,2,326.305,
182.6870,solve.va_sample,2,326.305,
183.1872,solve.va_sample,2,326.305,
183.6875,solve.va_sample,2,326.305,
184.1877,solve.va_sample,2,326.305,
184.6880,solve.va_sample,2,326.305,
185.1883,solve.va_sample,2,326.305,
185.6885,solve.va_sample,2,326.305,
186.1888,solve.va_sample,2,326.305,
186.6890,solve.va_sample,2,326.305,
187.1892,solve.va_sample,2,326.305,
187.6895,solve.va_sample,2,326.305,
188.1898,solve.va_sample,2,326.305,
188.6900,solve.va_sample,2,326.305,
189.1903,solve.va_sample,2,326.305,
189.6906,solve.va_sample,2,326.305,
190.1908,solve.va_sample,2,326.305,
190.6910,solve.va_sample,2,326.305,
191.1913,solve.va_sample,2,326.305,
191.6915,solve.va_sample,2,326.305,
192.1918,solve.va_sample,2,326.305,
192.6920,solve.va_sample,2,326.305,
193.1923,solve.va_sample,2,326.305,
193.6925,solve.va_sample,2,326.305,
194.1928,solve.va_sample,2,326.305,
194.6930,solve.va_sample,2,326.305,
195.1933,solve.va_sample,2,326.305,
195.6935,solve.va_sample,2,326.305,
196.1937,solve.va_sample,2,326.305,
196.6940,solve.va_sample,2,326.305,
197.1942,solve.va_sample,2,326.305,
197.6945,solve.va_sample,2,326.305,
198.1948,solve.va_sample,2,326.305,
198.6950,solve.va_sample,2,326.305,
199.1952,solve.va_sample,2,326.305,
199.6955,solve.va_sample,2,326.305,
200.1957,solve.va_sample,2,326.305,
200.6960,solve.va_sample,2,326.305,
201.1963,solve.va_sample,2,326.305,
201.6965,solve.va_sample,2,326.305,
202.1968,solve.va_sample,2,326.305,
202.6970,solve.va_sample,2,326.305,
203.1972,solve.va_sample,2,326.305,
203.6975,solve.va_sample,2,326.305,
204.1977,solve.va_sample,2,326.305,
204.6980,solve.va_sample,2,326.305,
205.1982,solve.va_sample,2,326.305,
205.6985,solve.va_sample,2,326.305,
206.1987,solve.va_sample,2,326.305,
206.6990,solve.va_sample,2,326.305,
207.1992,solve.va_sample,2,326.305,
207.6995,solve.va_sample,2,326.305,
208.1997,solve.va_sample,2,326.305,
208.7000,solve.va_sample,2,326.305,
209.2002,solve.va_sample,2,326.305,
209.7005,solve.va_sample,2,326.305,
210.2007,solve.va_sample,2,326.305,
210.7010,solve.va_sample,2,326.305,
211.2012,solve.va_sample,2,326.305,
211.7015,solve.va_sample,2,326.305,
212.2017,solve.va_sample,2,326.305,
212.7020,solve.va_sample,2,326.305,
213.2022,solve.va_sample,2,326.305,
213.7025,solve.va_sample,2,326.305,
214.2028,solve.va_sample,2,326.305,
214.7030,solve.va_sample,2,326.305,
215.2033,solve.va_sample,2,326.305,
215.7035,solve.va_sample,2,326.305,
216.2038,solve.va_sample,2,326.305,
216.7041,solve.va_sample,2,326.305,
217.2043,solve.va_sample,2,326.305,
217.7046,solve.va_sample,2,326.305,
218.2048,solve.va_sample,2,326.305,
218.7051,solve.va_sample,2,326.305,
219.2053,solve.va_sample,2,326.305,
219.7055,solve.va_sample,2,326.305,
220.2058,solve.va_sample,2,326.305,
220.7060,solve.va_sample,2,326.305,
221.2063,solve.va_sample,2,326.305,
221.7065,solve.va_sample,2,326.305,
222.2067,solve.va_sample,2,326.305,
222.7070,solve.va_sample,2,326.305,
223.2072,solve.va_sample,2,326.305,
223.7075,solve.va_sample,2,326.305,
224.2077,solve.va_sample,2,326.305,
224.7080,solve.va_sample,2,326.305,
225.2082,solve.va_sample,2,326.305,
225.7085,solve.va_sample,2,326.305,
226.2088,solve.va_sample,2,326.305,
226.7090,solve.va_sample,2,326.305,
227.2092,solve.va_sample,2,326.305,
227.7095,solve.va_sample,2,326.305,
228.2097,solve.va_sample,2,326.305,
228.7100,solve.va_sample,2,326.305,
229.2102,solve.va_sample,2,326.305,
229.7105,solve.va_sample,2,326.305,
230.2107,solve.va_sample,2,326.305,
230.7110,solve.va_sample,2,326.305,
231.2112,solve.va_sample,2,326.305,
231.7115,solve.va_sample,2,326.305,
232.2117,solve.va_sample,2,326.305,
232.7119,solve.va_sample,2,326.305,
233.2122,solve.va_sample,2,326.305,
233.7124,solve.va_sample,2,326.305,
234.2127,solve.va_sample,2,326.305,
234.7129,solve.va_sample,2,326.305,
235.2132,solve.va_sample,2,326.305,
235.7134,solve.va_sample,2,326.305,
236.2137,solve.va_sample,2,326.305,
236.7139,solve.va_sample,2,326.305,
237.2142,solve.va_sample,2,326.305,
237.7144,solve.va_sample,2,326.305,
238.2147,solve.va_sample,2,326.305,
238.7149,solve.va_sample,2,326.305,
239.2152,solve.va_sample,2,326.305,
239.7154,solve.va_sample,2,326.305,
240.2156,solve.va_sample,2,326.305,
240.7159,solve.va_sample,2,326.305,
241.2162,solve.va_sample,2,326.305,
241.7165,solve.va_sample,2,326.305,
242.2167,solve.va_sample,2,326.305,
242.7170,solve.va_sample,2,326.305,
243.2173,solve.va_sample,2,326.305,
243.7175,solve.va_sample,2,326.305,
244.2178,solve.va_sample,2,326.305,
244.7181,solve.va_sample,2,326.305,
245.2183,solve.va_sample,2,326.305,
245.7186,solve.va_sample,2,326.305,
246.2189,solve.va_sample,2,326.305,
246.7191,solve.va_sample,2,326.305,
247.2194,solve.va_sample,2,326.305,
247.7196,solve.va_sample,2,326.305,
248.2199,solve.va_sample,2,326.305,
248.7201,solve.va_sample,2,326.305,
249.2204,solve.va_sample,2,326.305,
249.7207,solve.va_sample,2,326.559,
250.2209,solve.va_sample,2,326.559,
250.7212,solve.va_sample,2,326.559,
251.2214,solve.va_sample,2,326.559,
251.7217,solve.va_sample,2,326.559,
252.2219,solve.va_sample,2,326.559,
252.7221,solve.va_sample,2,326.559,
253.2224,solve.va_sample,2,326.559,
253.7226,solve.va_sample,2,326.559,
254.2229,solve.va_sample,2,326.559,
254.7231,solve.va_sample,2,326.559,
255.2233,solve.va_sample,2,326.559,
255.7236,solve.va_sample,2,326.559,
256.2238,solve.va_sample,2,326.559,
256.7241,solve.va_sample,2,326.559,
257.2243,solve.va_sample,2,326.559,
257.7246,solve.va_sample,2,326.559,
258.2249,solve.va_sample,2,326.559,
258.7251,solve.va_sample,2,326.559,
259.2254,solve.va_sample,2,326.559,
259.7256,solve.va_sample,2,326.559,
260.2258,solve.va_sample,2,326.559,
260.7261,solve.va_sample,2,326.559,
261.2263,solve.va_sample,2,326.559,
261.7266,solve.va_sample,2,326.559,
262.2269,solve.va_sample,2,326.559,
262.7271,solve.va_sample,2,326.559,
263.2274,solve.va_sample,2,326.559,
263.7276,solve.va_sample,2,326.559,
264.2278,solve.va_sample,2,326.559,
264.7281,solve.va_sample,2,326.559,
265.2283,solve.va_sample,2,326.559,
265.7286,solve.va_sample,2,326.559,
266.2288,solve.va_sample,2,326.559,
266.7291,solve.va_sample,2,326.559,
267.2293,solve.va_sample,2,326.559,
267.7296,solve.va_sample,2,326.559,
268.2298,solve.va_sample,2,326.559,
268.7301,solve.va_sample,2,326.559,
269.2303,solve.va_sample,2,326.559,
269.7306,solve.va_sample,2,326.559,
270.2308,solve.va_sample,2,326.559,
270.7311,solve.va_sample,2,326.559,
271.2313,solve.va_sample,2,326.559,
271.7316,solve.va_sample,2,326.559,
272.2318,solve.va_sample,2,326.559,
272.7321,solve.va_sample,2,326.559,
273.2324,solve.va_sample,2,326.559,
273.7326,solve.va_sample,2,326.559,
274.2329,solve.va_sample,2,326.559,
274.7331,solve.va_sample,2,326.559,
275.2333,solve.va_sample,2,326.559,
275.7336,solve.va_sample,2,326.559,
276.2338,solve.va_sample,2,326.559,
276.7341,solve.va_sample,2,326.559,
277.2343,solve.va_sample,2,326.559,
277.7346,solve.va_sample,2,326.559,
278.2348,solve.va_sample,2,326.559,
278.7351,solve.va_sample,2,326.559,
279.2353,solve.va_sample,2,326.559,
279.7356,solve.va_sample,2,326.559,
280.2358,solve.va_sample,2,326.559,
280.7361,solve.va_sample,2,326.559,
281.2363,solve.va_sample,2,326.559,
281.7366,solve.va_sample,2,326.559,
282.2368,solve.va_sample,2,326.559,
282.7370,solve.va_sample,2,326.559,
283.2373,solve.va_sample,2,326.559,
283.7375,solve.va_sample,2,326.559,
284.2378,solve.va_sample,2,326.559,
284.7380,solve.va_sample,2,326.559,
285.2383,solve.va_sample,2,326.559,
285.7386,solve.va_sample,2,326.559,
286.2388,solve.va_sample,2,326.559,
286.7391,solve.va_sample,2,326.559,
287.2393,solve.va_sample,2,326.559,
287.7396,solve.va_sample,2,326.559,
288.2399,solve.va_sample,2,326.559,
288.7401,solve.va_sample,2,326.559,
289.2403,solve.va_sample,2,326.559,
289.7406,solve.va_sample,2,326.559,
290.2408,solve.va_sample,2,326.559,
290.7411,solve.va_sample,2,326.559,
291.2413,solve.va_sample,2,326.559,
291.7416,solve.va_sample,2,326.559,
292.2418,solve.va_sample,2,326.559,
292.7421,solve.va_sample,2,326.559,
293.2423,solve.va_sample,2,326.559,
293.7425,solve.va_sample,2,326.559,
294.2428,solve.va_sample,2,326.559,
294.7430,solve.va_sample,2,326.559,
295.2433,solve.va_sample,2,326.559,
295.7435,solve.va_sample,2,326.559,
296.2438,solve.va_sample,2,326.559,
296.7440,solve.va_sample,2,326.559,
297.2443,solve.va_sample,2,326.559,
297.7445,solve.va_sample,2,326.559,
298.2448,solve.va_sample,2,326.559,
298.7450,solve.va_sample,2,326.559,
299.2452,solve.va_sample,2,326.559,
299.7455,solve.va_sample,2,326.559,
300.2457,solve.va_sample,2,326.559,
300.7460,solve.va_sample,2,326.559,
301.2463,solve.va_sample,2,326.559,
301.7466,solve.va_sample,2,326.559,
302.2468,solve.va_sample,2,326.559,
302.7471,solve.va_sample,2,326.559,
303.2473,solve.va_sample,2,326.559,
303.7476,solve.va_sample,2,326.559,
304.2478,solve.va_sample,2,326.559,
304.7480,solve.va_sample,2,326.559,
305.2483,solve.va_sample,2,326.559,
305.7485,solve.va_sample,2,326.559,
306.2488,solve.va_sample,2,326.559,
306.7490,solve.va_sample,2,326.559,
307.2493,solve.va_sample,2,326.559,
307.7495,solve.va_sample,2,326.559,
308.2498,solve.va_sample,2,326.559,
308.7500,solve.va_sample,2,326.559,
309.2503,solve.va_sample,2,326.559,
309.7505,solve.va_sample,2,326.559,
310.2508,solve.va_sample,2,326.559,
310.7510,solve.va_sample,2,326.559,
311.2513,solve.va_sample,2,326.559,
311.7515,solve.va_sample,2,326.559,
312.2518,solve.va_sample,2,326.559,
312.7520,solve.va_sample,2,326.559,
313.2523,solve.va_sample,2,326.559,
313.7525,solve.va_sample,2,326.559,
314.2528,solve.va_sample,2,326.559,
314.7530,solve.va_sample,2,326.559,
315.2533,solve.va_sample,2,326.559,
315.7536,solve.va_sample,2,326.559,
316.2538,solve.va_sample,2,326.559,
316.7541,solve.va_sample,2,326.559,
317.2543,solve.va_sample,2,326.559,
317.7546,solve.va_sample,2,326.559,
318.2548,solve.va_sample,2,326.559,
318.7550,solve.va_sample,2,326.559,
319.2553,solve.va_sample,2,326.559,
319.7555,solve.va_sample,2,326.559,
320.2558,solve.va_sample,2,326.559,
320.7560,solve.va_sample,2,326.559,
321.2563,solve.va_sample,2,326.559,
321.7566,solve.va_sample,2,326.559,
322.2568,solve.va_sample,2,326.559,
322.7570,solve.va_sample,2,326.559,
323.2573,solve.va_sample,2,326.559,
323.7576,solve.va_sample,2,326.559,
324.2578,solve.va_sample,2,326.559,
324.7581,solve.va_sample,2,326.559,
325.2583,solve.va_sample,2,326.559,
325.7586,solve.va_sample,2,326.559,
326.2589,solve.va_sample,2,326.559,
326.7591,solve.va_sample,2,326.559,
327.2594,solve.va_sample,2,326.559,
327.7596,solve.va_sample,2,326.559,
328.2599,solve.va_sample,2,326.559,
328.7602,solve.va_sample,2,326.559,
329.2604,solve.va_sample,2,326.559,
329.7607,solve.va_sample,2,326.559,
330.2609,solve.va_sample,2,326.559,
330.7612,solve.va_sample,2,326.559,
331.2614,solve.va_sample,2,326.559,
331.7617,solve.va_sample,2,326.559,
332.2619,solve.va_sample,2,326.559,
332.7622,solve.va_sample,2,326.559,
333.2624,solve.va_sample,2,326.559,
333.7626,solve.va_sample,2,326.559,
334.2629,solve.va_sample,2,326.559,
334.7631,solve.va_sample,2,326.559,
335.2634,solve.va_sample,2,326.559,
335.7636,solve.va_sample,2,326.559,
336.2639,solve.va_sample,2,326.559,
336.7641,solve.va_sample,2,326.559,
337.2643,solve.va_sample,2,326.559,
337.7646,solve.va_sample,2,326.559,
338.2648,solve.va_sample,2,326.559,
338.7651,solve.va_sample,2,326.559,
339.2653,solve.va_sample,2,326.559,
339.7656,solve.va_sample,2,326.559,
340.2658,solve.va_sample,2,326.559,
340.7660,solve.va_sample,2,326.559,
341.2663,solve.va_sample,2,326.559,
341.7665,solve.va_sample,2,326.559,
342.2668,solve.va_sample,2,326.559,
342.7670,solve.va_sample,2,326.559,
343.2673,solve.va_sample,2,326.559,
343.7675,solve.va_sample,2,326.559,
344.2679,solve.va_sample,2,326.559,
344.7682,solve.va_sample,2,326.559,
345.2684,solve.va_sample,2,326.559,
345.7687,solve.va_sample,2,326.559,
346.2690,solve.va_sample,2,326.559,
346.7692,solve.va_sample,2,326.559,
347.2695,solve.va_sample,2,326.559,
347.7697,solve.va_sample,2,326.559,
348.2700,solve.va_sample,2,326.559,
348.7702,solve.va_sample,2,326.559,
349.2705,solve.va_sample,2,326.559,
349.7707,solve.va_sample,2,326.559,
350.2710,solve.va_sample,2,326.559,
350.7712,solve.va_sample,2,326.559,
351.2715,solve.va_sample,2,326.559,
351.7717,solve.va_sample,2,326.559,
352.2720,solve.va_sample,2,326.559,
352.7722,solve.va_sample,2,326.559,
353.2725,solve.va_sample,2,326.559,
353.7727,solve.va_sample,2,326.559,
354.2729,solve.va_sample,2,326.559,
354.7732,solve.va_sample,2,326.559,
355.2734,solve.va_sample,2,326.559,
355.7737,solve.va_sample,2,326.559,
356.2739,solve.va_sample,2,326.559,
356.7742,solve.va_sample,2,326.559,
357.2744,solve.va_sample,2,326.559,
357.7747,solve.va_sample,2,326.559,
358.2749,solve.va_sample,2,326.559,
358.7752,solve.va_sample,2,326.559,
359.2754,solve.va_sample,2,326.559,
359.7757,solve.va_sample,2,326.559,
360.2759,solve.va_sample,2,326.559,
360.7762,solve.va_sample,2,326.559,
361.2764,solve.va_sample,2,326.559,
361.7767,solve.va_sample,2,326.559,
362.2769,solve.va_sample,2,326.559,
362.7772,solve.va_sample,2,326.559,
363.2774,solve.va_sample,2,326.559,
363.7777,solve.va_sample,2,326.559,
364.2779,solve.va_sample,2,326.559,
364.7782,solve.va_sample,2,326.559,
365.2784,solve.va_sample,2,326.559,
365.7787,solve.va_sample,2,326.559,
366.2789,solve.va_sample,2,326.559,
366.7791,solve.va_sample,2,326.559,
367.2794,solve.va_sample,2,326.559,
367.7797,solve.va_sample,2,326.559,
368.2799,solve.va_sample,2,326.559,
368.7802,solve.va_sample,2,326.559,
369.2804,solve.va_sample,2,326.559,
369.7807,solve.va_sample,2,326.559,
370.2809,solve.va_sample,2,326.559,
370.7812,solve.va_sample,2,326.559,
371.2814,solve.va_sample,2,326.559,
371.7817,solve.va_sample,2,326.559,
372.2819,solve.va_sample,2,326.559,
372.7822,solve.va_sample,2,326.559,
373.2824,solve.va_sample,2,326.559,
373.7827,solve.va_sample,2,326.559,
374.2829,solve.va_sample,2,326.559,
374.7832,solve.va_sample,2,326.559,
375.2834,solve.va_sample,2,326.559,
375.7837,solve.va_sample,2,326.559,
376.2839,solve.va_sample,2,326.559,
376.7842,solve.va_sample,2,326.559,
377.2844,solve.va_sample,2,326.559,
377.7847,solve.va_sample,2,326.559,
378.2849,solve.va_sample,2,326.559,
378.7851,solve.va_sample,2,326.559,
379.2854,solve.va_sample,2,326.559,
379.7856,solve.va_sample,2,326.559,
380.2859,solve.va_sample,2,326.559,
380.7861,solve.va_sample,2,326.559,
381.2863,solve.va_sample,2,326.559,
381.7866,solve.va_sample,2,326.559,
382.2869,solve.va_sample,2,326.559,
382.7871,solve.va_sample,2,326.559,
383.2873,solve.va_sample,2,326.559,
383.7876,solve.va_sample,2,326.559,
384.2878,solve.va_sample,2,326.559,
384.7881,solve.va_sample,2,326.559,
385.2883,solve.va_sample,2,326.559,
385.7886,solve.va_sample,2,326.559,
386.2888,solve.va_sample,2,326.559,
386.7891,solve.va_sample,2,326.559,
387.2894,solve.va_sample,2,326.559,
387.7896,solve.va_sample,2,326.559,
388.2899,solve.va_sample,2,326.559,
388.7901,solve.va_sample,2,326.559,
389.2903,solve.va_sample,2,326.559,
389.7906,solve.va_sample,2,326.559,
390.2908,solve.va_sample,2,326.559,
390.7911,solve.va_sample,2,326.559,
391.2913,solve.va_sample,2,326.559,
391.7916,solve.va_sample,2,326.559,
392.2918,solve.va_sample,2,326.559,
392.7921,solve.va_sample,2,326.559,
393.2923,solve.va_sample,2,326.559,
393.7926,solve.va_sample,2,326.559,
394.2928,solve.va_sample,2,326.559,
394.7930,solve.va_sample,2,326.559,
395.2933,solve.va_sample,2,326.559,
395.7935,solve.va_sample,2,326.559,
396.2938,solve.va_sample,2,326.559,
396.7940,solve.va_sample,2,326.559,
397.2943,solve.va_sample,2,326.559,
397.7946,solve.va_sample,2,326.559,
398.2948,solve.va_sample,2,326.559,
398.7950,solve.va_sample,2,326.559,
399.2953,solve.va_sample,2,326.559,
399.7955,solve.va_sample,2,326.559,
400.2958,solve.va_sample,2,326.559,
400.7960,solve.va_sample,2,326.559,
401.2963,solve.va_sample,2,326.559,
401.7966,solve.va_sample,2,326.559,
402.2969,solve.va_sample,2,326.559,
402.7971,solve.va_sample,2,326.559,
403.2973,solve.va_sample,2,326.559,
403.7976,solve.va_sample,2,326.559,
404.2978,solve.va_sample,2,326.559,
404.7981,solve.va_sample,2,326.559,
405.2983,solve.va_sample,2,326.559,
405.7986,solve.va_sample,2,326.559,
406.2989,solve.va_sample,2,326.559,
406.7991,solve.va_sample,2,326.559,
407.2994,solve.va_sample,2,326.559,
407.7997,solve.va_sample,2,326.559,
408.2999,solve.va_sample,2,326.559,
408.8002,solve.va_sample,2,326.559,
409.3004,solve.va_sample,2,326.559,
409.8007,solve.va_sample,2,326.559,
410.3010,solve.va_sample,2,326.559,
410.8013,solve.va_sample,2,326.559,
411.3015,solve.va_sample,2,326.559,
411.8018,solve.va_sample,2,326.559,
412.3020,solve.va_sample,2,326.559,
412.8023,solve.va_sample,2,326.559,
413.3025,solve.va_sample,2,326.559,
413.8028,solve.va_sample,2,326.559,
414.3031,solve.va_sample,2,326.559,
414.8033,solve.va_sample,2,326.559,
415.3036,solve.va_sample,2,326.559,
415.8038,solve.va_sample,2,326.559,
416.3041,solve.va_sample,2,326.559,
416.8043,solve.va_sample,2,326.559,
417.3046,solve.va_sample,2,326.559,
417.8048,solve.va_sample,2,326.559,
418.3051,solve.va_sample,2,326.559,
418.8053,solve.va_sample,2,326.559,
419.3056,solve.va_sample,2,326.559,
419.8059,solve.va_sample,2,326.559,
420.3061,solve.va_sample,2,326.559,
420.8064,solve.va_sample,2,326.559,
421.3067,solve.va_sample,2,326.559,
421.8069,solve.va_sample,2,326.559,
422.3072,solve.va_sample,2,326.559,
422.8075,solve.va_sample,2,326.559,
423.3077,solve.va_sample,2,326.559,
423.8080,solve.va_sample,2,326.559,
424.3083,solve.va_sample,2,326.559,
424.8085,solve.va_sample,2,326.559,
425.3088,solve.va_sample,2,326.559,
425.8091,solve.va_sample,2,326.559,
426.3093,solve.va_sample,2,326.559,
426.8096,solve.va_sample,2,326.559,
427.3099,solve.va_sample,2,326.559,
427.8101,solve.va_sample,2,326.559,
428.3104,solve.va_sample,2,326.559,
428.8107,solve.va_sample,2,326.559,
429.3109,solve.va_sample,2,326.559,
429.8112,solve.va_sample,2,326.559,
430.3115,solve.va_sample,2,326.559,
430.8117,solve.va_sample,2,326.559,
431.3120,solve.va_sample,2,326.559,
431.8122,solve.va_sample,2,326.559,
432.3125,solve.va_sample,2,326.559,
432.8127,solve.va_sample,2,326.559,
433.3129,solve.va_sample,2,326.559,
433.8132,solve.va_sample,2,326.559,
434.3135,solve.va_sample,2,326.559,
434.8137,solve.va_sample,2,326.559,
435.3140,solve.va_sample,2,326.559,
435.8142,solve.va_sample,2,326.559,
436.3144,solve.va_sample,2,326.559,
436.8147,solve.va_sample,2,326.559,
437.3149,solve.va_sample,2,326.559,
437.8152,solve.va_sample,2,326.559,
438.3154,solve.va_sample,2,326.559,
438.8156,solve.va_sample,2,326.559,
439.3159,solve.va_sample,2,326.559,
439.8161,solve.va_sample,2,326.559,
440.3164,solve.va_sample,2,326.559,
440.8166,solve.va_sample,2,326.559,
441.3169,solve.va_sample,2,326.559,
441.8171,solve.va_sample,2,326.559,
442.3174,solve.va_sample,2,326.559,
442.8176,solve.va_sample,2,326.559,
443.3179,solve.va_sample,2,326.559,
443.8182,solve.va_sample,2,326.559,
444.3184,solve.va_sample,2,326.559,
444.8187,solve.va_sample,2,326.559,
445.3189,solve.va_sample,2,326.559,
445.8192,solve.va_sample,2,326.559,
446.3194,solve.va_sample,2,326.559,
446.8197,solve.va_sample,2,326.559,
447.3199,solve.va_sample,2,326.559,
447.8201,solve.va_sample,2,326.559,
448.3204,solve.va_sample,2,326.559,
448.8206,solve.va_sample,2,326.559,
449.3209,solve.va_sample,2,326.559,
449.8211,solve.va_sample,2,326.559,
450.3214,solve.va_sample,2,326.559,
450.8216,solve.va_sample,2,326.559,
451.3218,solve.va_sample,2,326.559,
451.8221,solve.va_sample,2,326.559,
452.3223,solve.va_sample,2,326.559,
452.8226,solve.va_sample,2,326.559,
453.3229,solve.va_sample,2,326.559,
453.8231,solve.va_sample,2,326.559,
454.3234,solve.va_sample,2,326.559,
454.8236,solve.va_sample,2,326.559,
455.3239,solve.va_sample,2,326.559,
455.8242,solve.va_sample,2,326.559,
456.3244,solve.va_sample,2,326.559,
456.8247,solve.va_sample,2,326.559,
457.3250,solve.va_sample,2,326.559,
457.8252,solve.va_sample,2,326.559,
458.3255,solve.va_sample,2,326.559,
458.8257,solve.va_sample,2,326.559,
459.3260,solve.va_sample,2,326.559,
459.8262,solve.va_sample,2,326.559,
460.3265,solve.va_sample,2,326.559,
460.8268,solve.va_sample,2,326.559,
461.3270,solve.va_sample,2,326.559,
461.8273,solve.va_sample,2,326.559,
462.3275,solve.va_sample,2,326.559,
462.8278,solve.va_sample,2,326.559,
463.3281,solve.va_sample,2,326.559,
463.8283,solve.va_sample,2,326.559,
464.3286,solve.va_sample,2,326.559,
464.8288,solve.va_sample,2,326.559,
465.3291,solve.va_sample,2,326.559,
465.8294,solve.va_sample,2,326.559,
466.3296,solve.va_sample,2,326.559,
466.8299,solve.va_sample,2,326.559,
467.3302,solve.va_sample,2,326.559,
467.8304,solve.va_sample,2,326.559,
468.3307,solve.va_sample,2,326.559,
468.8310,solve.va_sample,2,326.559,
469.3312,solve.va_sample,2,326.559,
469.8315,solve.va_sample,2,326.559,
470.3317,solve.va_sample,2,326.559,
470.8319,solve.va_sample,2,326.559,
471.3322,solve.va_sample,2,326.559,
471.8325,solve.va_sample,2,326.559,
472.3327,solve.va_sample,2,326.559,
472.8330,solve.va_sample,2,326.559,
473.3333,solve.va_sample,2,326.559,
473.8335,solve.va_sample,2,326.559,
474.3338,solve.va_sample,2,326.559,
474.8340,solve.va_sample,2,326.559,
475.3342,solve.va_sample,2,326.559,
475.8345,solve.va_sample,2,326.559,
476.3348,solve.va_sample,2,326.559,
476.8350,solve.va_sample,2,326.559,
477.3353,solve.va_sample,2,326.559,
477.8355,solve.va_sample,2,326.559,
478.3358,solve.va_sample,2,326.559,
478.8360,solve.va_sample,2,326.559,
479.3363,solve.va_sample,2,326.559,
479.8365,solve.va_sample,2,326.559,
480.3368,solve.va_sample,2,326.559,
480.8370,solve.va_sample,2,326.559,
481.3373,solve.va_sample,2,326.559,
481.8375,solve.va_sample,2,326.559,
482.3378,solve.va_sample,2,326.559,
482.8380,solve.va_sample,2,326.559,
483.3383,solve.va_sample,2,326.559,
483.8385,solve.va_sample,2,326.559,
484.3388,solve.va_sample,2,326.559,
484.8390,solve.va_sample,2,326.559,
485.3393,solve.va_sample,2,326.559,
485.8395,solve.va_sample,2,326.559,
486.3397,solve.va_sample,2,326.559,
486.8400,solve.va_sample,2,326.559,
487.3403,solve.va_sample,2,326.559,
487.8405,solve.va_sample,2,326.559,
488.3408,solve.va_sample,2,326.559,
488.8410,solve.va_sample,2,326.559,
489.3413,solve.va_sample,2,326.559,
489.8415,solve.va_sample,2,326.559,
490.3417,solve.va_sample,2,326.559,
490.8420,solve.va_sample,2,326.559,
491.3422,solve.va_sample,2,326.559,
491.8425,solve.va_sample,2,326.559,
492.3427,solve.va_sample,2,326.559,
492.8429,solve.va_sample,2,326.559,
493.3432,solve.va_sample,2,326.559,
493.8434,solve.va_sample,2,326.559,
494.3437,solve.va_sample,2,326.559,
494.8439,solve.va_sample,2,326.559,
495.3441,solve.va_sample,2,326.559,
495.8444,solve.va_sample,2,326.559,
496.3446,solve.va_sample,2,326.559,
496.8448,solve.va_sample,2,326.559,
497.3451,solve.va_sample,2,326.559,
497.8453,solve.va_sample,2,326.559,
498.3456,solve.va_sample,2,326.559,
498.8458,solve.va_sample,2,326.559,
499.3460,solve.va_sample,2,326.559,
499.8463,solve.va_sample,2,326.559,
500.3465,solve.va_sample,2,326.559,
500.8468,solve.va_sample,2,326.559,
501.3471,solve.va_sample,2,326.559,
501.8473,solve.va_sample,2,326.559,
502.3476,solve.va_sample,2,326.559,
502.8478,solve.va_sample,2,326.559,
503.3480,solve.va_sample,2,326.559,
503.8483,solve.va_sample,2,326.559,
504.3485,solve.va_sample,2,326.559,
504.8488,solve.va_sample,2,326.559,
505.3490,solve.va_sample,2,326.559,
505.8493,solve.va_sample,2,326.559,
506.3495,solve.va_sample,2,326.559,
506.8497,solve.va_sample,2,326.559,
507.3500,solve.va_sample,2,326.559,
507.8502,solve.va_sample,2,326.559,
508.3505,solve.va_sample,2,326.559,
508.8507,solve.va_sample,2,326.559,
509.3510,solve.va_sample,2,326.559,
509.8512,solve.va_sample,2,326.559,
510.3514,solve.va_sample,2,326.559,
510.8517,solve.va_sample,2,326.559,
511.3519,solve.va_sample,2,326.559,
511.8521,solve.va_sample,2,326.559,
512.3524,solve.va_sample,2,326.559,
512.8526,solve.va_sample,2,326.559,
513.3528,solve.va_sample,2,326.559,
513.8531,solve.va_sample,2,326.559,
514.3533,solve.va_sample,2,326.559,
514.8535,solve.va_sample,2,326.559,
515.3538,solve.va_sample,2,326.559,
515.8540,solve.va_sample,2,326.559,
516.3543,solve.va_sample,2,326.559,
516.8545,solve.va_sample,2,326.559,
517.3548,solve.va_sample,2,326.559,
517.8550,solve.va_sample,2,326.559,
518.3553,solve.va_sample,2,326.559,
518.8555,solve.va_sample,2,326.559,
519.3557,solve.va_sample,2,326.559,
519.8560,solve.va_sample,2,326.559,
520.3562,solve.va_sample,2,326.559,
520.8565,solve.va_sample,2,326.559,
521.3567,solve.va_sample,2,326.559,
521.8570,solve.va_sample,2,326.559,
522.3572,solve.va_sample,2,326.559,
522.8574,solve.va_sample,2,326.559,
523.3577,solve.va_sample,2,326.559,
523.8579,solve.va_sample,2,326.559,
524.3581,solve.va_sample,2,326.559,
524.8584,solve.va_sample,2,326.559,
525.3586,solve.va_sample,2,326.559,
525.8589,solve.va_sample,2,326.559,
526.3592,solve.va_sample,2,326.559,
526.8594,solve.va_sample,2,326.559,
527.3597,solve.va_sample,2,326.559,
527.8599,solve.va_sample,2,326.559,
528.3602,solve.va_sample,2,326.559,
528.8604,solve.va_sample,2,326.559,
529.3607,solve.va_sample,2,326.559,
529.8609,solve.va_sample,2,326.559,
530.3612,solve.va_sample,2,326.559,
530.8614,solve.va_sample,2,326.559,
531.3617,solve.va_sample,2,326.559,
531.8619,solve.va_sample,2,326.559,
532.3622,solve.va_sample,2,326.559,
532.8624,solve.va_sample,2,326.559,
533.3627,solve.va_sample,2,326.559,
533.8629,solve.va_sample,2,326.559,
534.3632,solve.va_sample,2,326.559,
534.8634,solve.va_sample,2,326.559,
535.3637,solve.va_sample,2,326.559,
535.8639,solve.va_sample,2,326.559,
536.3642,solve.va_sample,2,326.559,
536.8644,solve.va_sample,2,326.559,
537.3647,solve.va_sample,2,326.559,
537.8649,solve.va_sample,2,326.559,
538.3652,solve.va_sample,2,326.559,
538.8654,solve.va_sample,2,326.559,
539.3657,solve.va_sample,2,326.559,
539.8659,solve.va_sample,2,326.559,
540.3662,solve.va_sample,2,326.559,
540.8664,solve.va_sample,2,326.559,
541.3667,solve.va_sample,2,326.559,
541.8669,solve.va_sample,2,326.559,
542.3672,solve.va_sample,2,326.559,
542.8674,solve.va_sample,2,326.559,
543.3677,solve.va_sample,2,326.559,
543.8680,solve.va_sample,2,326.559,
544.3682,solve.va_sample,2,326.559,
544.8684,solve.va_sample,2,326.559,
545.3687,solve.va_sample,2,326.559,
545.8689,solve.va_sample,2,326.559,
546.3691,solve.va_sample,2,326.559,
546.8694,solve.va_sample,2,326.559,
547.3696,solve.va_sample,2,326.559,
547.8699,solve.va_sample,2,326.559,
548.3701,solve.va_sample,2,326.559,
548.8704,solve.va_sample,2,326.559,
549.3706,solve.va_sample,2,326.559,
549.8708,solve.va_sample,2,326.559,
550.3711,solve.va_sample,2,326.559,
550.8713,solve.va_sample,2,326.559,
551.3716,solve.va_sample,2,326.559,
551.8718,solve.va_sample,2,326.559,
552.3720,solve.va_sample,2,326.559,
552.8723,solve.va_sample,2,326.559,
553.3725,solve.va_sample,2,326.559,
553.8728,solve.va_sample,2,326.559,
554.3730,solve.va_sample,2,326.559,
554.8733,solve.va_sample,2,326.559,
555.3735,solve.va_sample,2,326.559,
555.8738,solve.va_sample,2,326.559,
556.3740,solve.va_sample,2,326.559,
556.8742,solve.va_sample,2,326.559,
557.3744,solve.va_sample,2,326.559,
557.8747,solve.va_sample,2,326.559,
558.3750,solve.va_sample,2,326.559,
558.8752,solve.va_sample,2,326.559,
559.3754,solve.va_sample,2,326.559,
559.8757,solve.va_sample,2,326.559,
560.3759,solve.va_sample,2,326.559,
560.8762,solve.va_sample,2,326.559,
561.3764,solve.va_sample,2,326.559,
561.8767,solve.va_sample,2,326.559,
562.3769,solve.va_sample,2,326.559,
562.8771,solve.va_sample,2,326.559,
563.3774,solve.va_sample,2,326.559,
563.8776,solve.va_sample,2,326.559,
564.3779,solve.va_sample,2,326.559,
564.8781,solve.va_sample,2,326.559,
565.3784,solve.va_sample,2,326.559,
565.8786,solve.va_sample,2,326.559,
566.3789,solve.va_sample,2,326.559,
566.8791,solve.va_sample,2,326.559,
567.3794,solve.va_sample,2,326.559,
567.8796,solve.va_sample,2,326.559,
568.3799,solve.va_sample,2,326.559,
568.8801,solve.va_sample,2,326.559,
569.3804,solve.va_sample,2,326.559,
569.8806,solve.va_sample,2,326.559,
570.3808,solve.va_sample,2,326.559,
570.8811,solve.va_sample,2,326.559,
571.3813,solve.va_sample,2,326.559,
571.8816,solve.va_sample,2,326.559,
572.3819,solve.va_sample,2,326.559,
572.8821,solve.va_sample,2,326.559,
573.3823,solve.va_sample,2,326.559,
573.8826,solve.va_sample,2,326.559,
574.3828,solve.va_sample,2,326.559,
574.8831,solve.va_sample,2,326.559,
575.3833,solve.va_sample,2,326.559,
575.8836,solve.va_sample,2,326.559,
576.3838,solve.va_sample,2,326.559,
576.8841,solve.va_sample,2,326.559,
577.3843,solve.va_sample,2,326.559,
577.8846,solve.va_sample,2,326.559,
578.3848,solve.va_sample,2,326.559,
578.8851,solve.va_sample,2,326.559,
579.3854,solve.va_sample,2,326.559,
579.8856,solve.va_sample,2,326.559,
580.3859,solve.va_sample,2,326.559,
580.8862,solve.va_sample,2,326.559,
581.3864,solve.va_sample,2,326.559,
581.8867,solve.va_sample,2,326.559,
582.3869,solve.va_sample,2,326.559,
582.8872,solve.va_sample,2,326.559,
583.3874,solve.va_sample,2,326.559,
583.8877,solve.va_sample,2,326.559,
584.3880,solve.va_sample,2,326.559,
584.8882,solve.va_sample,2,326.559,
585.3885,solve.va_sample,2,326.559,
585.8887,solve.va_sample,2,326.559,
586.3890,solve.va_sample,2,326.559,
586.8893,solve.va_sample,2,326.559,
587.3895,solve.va_sample,2,326.559,
587.8897,solve.va_sample,2,326.559,
588.3900,solve.va_sample,2,326.559,
588.8902,solve.va_sample,2,326.559,
589.3904,solve.va_sample,2,326.559,
589.8907,solve.va_sample,2,326.559,
590.3909,solve.va_sample,2,326.559,
590.8912,solve.va_sample,2,326.559,
591.3914,solve.va_sample,2,326.559,
591.8917,solve.va_sample,2,326.559,
592.3919,solve.va_sample,2,326.559,
592.8922,solve.va_sample,2,326.559,
593.3924,solve.va_sample,2,326.559,
593.8927,solve.va_sample,2,326.559,
594.3929,solve.va_sample,2,326.559,
594.8932,solve.va_sample,2,326.559,
595.3934,solve.va_sample,2,326.559,
595.8937,solve.va_sample,2,326.559,
596.3939,solve.va_sample,2,326.559,
596.8942,solve.va_sample,2,326.559,
597.3944,solve.va_sample,2,326.559,
597.8947,solve.va_sample,2,326.559,
598.3949,solve.va_sample,2,326.559,
598.8952,solve.va_sample,2,326.559,
599.3954,solve.va_sample,2,326.559,
599.8957,solve.va_sample,2,326.559,
600.3959,solve.va_sample,2,326.559,
600.8962,solve.va_sample,2,326.816,
601.3964,solve.va_sample,2,326.816,
601.8967,solve.va_sample,2,326.816,
602.3969,solve.va_sample,2,326.816,
602.8972,solve.va_sample,2,326.816,
603.3974,solve.va_sample,2,326.816,
603.8977,solve.va_sample,2,326.816,
604.3979,solve.va_sample,2,326.816,
604.8981,solve.va_sample,2,326.816,
605.3984,solve.va_sample,2,326.816,
605.8986,solve.va_sample,2,326.816,
606.3989,solve.va_sample,2,326.816,
606.8991,solve.va_sample,2,326.816,
607.3994,solve.va_sample,2,326.816,
607.8996,solve.va_sample,2,326.816,
608.3999,solve.va_sample,2,326.816,
608.9001,solve.va_sample,2,326.816,
609.4004,solve.va_sample,2,326.816,
609.9006,solve.va_sample,2,326.816,
610.4008,solve.va_sample,2,326.816,
610.9011,solve.va_sample,2,326.816,
611.4013,solve.va_sample,2,326.816,
611.9016,solve.va_sample,2,326.816,
612.4018,solve.va_sample,2,326.816,
612.9021,solve.va_sample,2,326.816,
613.4023,solve.va_sample,2,326.816,
613.9025,solve.va_sample,2,326.816,
614.4028,solve.va_sample,2,326.816,
614.9030,solve.va_sample,2,326.816,
615.4033,solve.va_sample,2,326.816,
615.9036,solve.va_sample,2,326.816,
616.4038,solve.va_sample,2,326.816,
616.9040,solve.va_sample,2,326.816,
617.4043,solve.va_sample,2,326.816,
617.9045,solve.va_sample,2,326.816,
618.4048,solve.va_sample,2,326.816,
618.9050,solve.va_sample,2,326.816,
619.4052,solve.va_sample,2,326.816,
619.9055,solve.va_sample,2,326.816,
620.4057,solve.va_sample,2,326.816,
620.9060,solve.va_sample,2,326.816,
621.4062,solve.va_sample,2,326.816,
621.9064,solve.va_sample,2,326.816,
622.4067,solve.va_sample,2,326.816,
622.9069,solve.va_sample,2,326.816,
623.4071,solve.va_sample,2,326.816,
623.9074,solve.va_sample,2,326.816,
624.4076,solve.va_sample,2,326.816,
624.9079,solve.va_sample,2,326.816,
625.4081,solve.va_sample,2,326.816,
625.9083,solve.va_sample,2,326.816,
626.4086,solve.va_sample,2,326.816,
626.9088,solve.va_sample,2,326.816,
627.4091,solve.va_sample,2,326.816,
627.9093,solve.va_sample,2,326.816,
628.4095,solve.va_sample,2,326.816,
628.9098,solve.va_sample,2,326.816,
629.4100,solve.va_sample,2,326.816,
629.9103,solve.va_sample,2,326.816,
630.4105,solve.va_sample,2,326.816,
630.9108,solve.va_sample,2,326.816,
631.4110,solve.va_sample,2,326.816,
631.9113,solve.va_sample,2,326.816,
632.4115,solve.va_sample,2,326.816,
632.9118,solve.va_sample,2,326.816,
633.4120,solve.va_sample,2,326.816,
633.9122,solve.va_sample,2,326.816,
634.4125,solve.va_sample,2,326.816,
634.9127,solve.va_sample,2,326.816,
635.4130,solve.va_sample,2,326.816,
635.9132,solve.va_sample,2,326.816,
636.4134,solve.va_sample,2,326.816,
636.9137,solve.va_sample,2,326.816,
637.4139,solve.va_sample,2,326.816,
637.9142,solve.va_sample,2,326.816,
638.4144,solve.va_sample,2,326.816,
638.9147,solve.va_sample,2,326.816,
639.4149,solve.va_sample,2,326.816,
639.9152,solve.va_sample,2,326.816,
640.4154,solve.va_sample,2,326.816,
640.9157,solve.va_sample,2,326.816,
641.4159,solve.va_sample,2,326.816,
641.9162,solve.va_sample,2,326.816,
642.4164,solve.va_sample,2,326.816,
642.9167,solve.va_sample,2,326.816,
643.4170,solve.va_sample,2,326.816,
643.9172,solve.va_sample,2,326.816,
644.4174,solve.va_sample,2,326.816,
644.9177,solve.va_sample,2,326.816,
645.4180,solve.va_sample,2,326.816,
645.9182,solve.va_sample,2,326.816,
646.4185,solve.va_sample,2,326.816,
646.9187,solve.va_sample,2,326.816,
647.4190,solve.va_sample,2,326.816,
647.9192,solve.va_sample,2,326.816,
648.4194,solve.va_sample,2,326.816,
648.9197,solve.va_sample,2,326.816,
649.4199,solve.va_sample,2,326.816,
649.9201,solve.va_sample,2,326.816,
650.4204,solve.va_sample,2,326.816,
650.9206,solve.va_sample,2,326.816,
651.4209,solve.va_sample,2,326.816,
651.9211,solve.va_sample,2,326.816,
652.4214,solve.va_sample,2,326.816,
652.9216,solve.va_sample,2,326.816,
653.4219,solve.va_sample,2,326.816,
653.9221,solve.va_sample,2,326.816,
654.4224,solve.va_sample,2,326.816,
654.9226,solve.va_sample,2,326.816,
655.4229,solve.va_sample,2,326.816,
655.9231,solve.va_sample,2,326.816,
656.4234,solve.va_sample,2,326.816,
656.9236,solve.va_sample,2,326.816,
657.4239,solve.va_sample,2,326.816,
657.9242,solve.va_sample,2,326.816,
658.4244,solve.va_sample,2,326.816,
658.9247,solve.va_sample,2,326.816,
659.4249,solve.va_sample,2,326.816,
659.9252,solve.va_sample,2,326.816,
660.4254,solve.va_sample,2,326.816,
660.9257,solve.va_sample,2,326.816,
661.4259,solve.va_sample,2,326.816,
661.9262,solve.va_sample,2,326.816,
662.4265,solve.va_sample,2,326.816,
662.9268,solve.va_sample,2,326.816,
663.4270,solve.va_sample,2,326.816,
663.9273,solve.va_sample,2,326.816,
664.4275,solve.va_sample,2,326.816,
664.9278,solve.va_sample,2,326.816,
665.4281,solve.va_sample,2,326.816,
665.9283,solve.va_sample,2,326.816,
666.4286,solve.va_sample,2,326.816,
666.9288,solve.va_sample,2,326.816,
667.4291,solve.va_sample,2,326.816,
667.9293,solve.va_sample,2,326.816,
668.4296,solve.va_sample,2,326.816,
668.9299,solve.va_sample,2,326.816,
669.4301,solve.va_sample,2,326.816,
669.9303,solve.va_sample,2,326.816,
670.4306,solve.va_sample,2,326.816,
670.9308,solve.va_sample,2,326.816,
671.4311,solve.va_sample,2,326.816,
671.9314,solve.va_sample,2,326.816,
672.4316,solve.va_sample,2,326.816,
672.9319,solve.va_sample,2,326.816,
673.4321,solve.va_sample,2,326.816,
673.9323,solve.va_sample,2,326.816,
674.4326,solve.va_sample,2,326.816,
674.9329,solve.va_sample,2,326.816,
675.4331,solve.va_sample,2,326.816,
675.9333,solve.va_sample,2,326.816,
676.4336,solve.va_sample,2,326.816,
676.9338,solve.va_sample,2,326.816,
677.4341,solve.va_sample,2,326.816,
677.9343,solve.va_sample,2,326.816,
678.4346,solve.va_sample,2,326.816,
678.9349,solve.va_sample,2,326.816,
679.4351,solve.va_sample,2,326.816,
679.9354,solve.va_sample,2,326.816,
680.4357,solve.va_sample,2,326.816,
680.9359,solve.va_sample,2,326.816,
681.4362,solve.va_sample,2,326.816,
681.9364,solve.va_sample,2,326.816,
682.4367,solve.va_sample,2,326.816,
682.9370,solve.va_sample,2,326.816,
683.4372,solve.va_sample,2,326.816,
683.9375,solve.va_sample,2,326.816,
684.4378,solve.va_sample,2,326.816,
684.9380,solve.va_sample,2,326.816,
685.4383,solve.va_sample,2,326.816,
685.9386,solve.va_sample,2,326.816,
686.4388,solve.va_sample,2,326.816,
686.9391,solve.va_sample,2,326.816,
687.4393,solve.va_sample,2,326.816,
687.9396,solve.va_sample,2,326.816,
688.4398,solve.va_sample,2,326.816,
688.9401,solve.va_sample,2,326.816,
689.4403,solve.va_sample,2,326.816,
689.9406,solve.va_sample,2,326.816,
690.4408,solve.va_sample,2,326.816,
690.9411,solve.va_sample,2,326.816,
691.4413,solve.va_sample,2,326.816,
691.9416,solve.va_sample,2,326.816,
692.4419,solve.va_sample,2,326.816,
692.9421,solve.va_sample,2,326.816,
693.4424,solve.va_sample,2,326.816,
693.9426,solve.va_sample,2,326.816,
694.4429,solve.va_sample,2,326.816,
694.9432,solve.va_sample,2,326.816,
695.4434,solve.va_sample,2,326.816,
695.9437,solve.va_sample,2,326.816,
696.4440,solve.va_sample,2,326.816,
696.9442,solve.va_sample,2,326.816,
697.4445,solve.va_sample,2,326.816,
697.9447,solve.va_sample,2,326.816,
698.4450,solve.va_sample,2,326.816,
698.9453,solve.va_sample,2,326.816,
699.4456,solve.va_sample,2,326.816,
699.9458,solve.va_sample,2,326.816,
700.4461,solve.va_sample,2,326.816,
700.9463,solve.va_sample,2,326.816,
701.4466,solve.va_sample,2,326.816,
701.9468,solve.va_sample,2,326.816,
702.4471,solve.va_sample,2,326.816,
702.9473,solve.va_sample,2,326.816,
703.4476,solve.va_sample,2,326.816,
703.9478,solve.va_sample,2,326.816,
704.4481,solve.va_sample,2,326.816,
704.9484,solve.va_sample,2,326.816,
705.4486,solve.va_sample,2,326.816,
705.9489,solve.va_sample,2,326.816,
706.4491,solve.va_sample,2,326.816,
706.9494,solve.va_sample,2,326.816,
707.4497,solve.va_sample,2,326.816,
707.9499,solve.va_sample,2,326.816,
708.4502,solve.va_sample,2,326.816,
708.9504,solve.va_sample,2,326.816,
709.4507,solve.va_sample,2,326.816,
709.9509,solve.va_sample,2,326.816,
710.4512,solve.va_sample,2,326.816,
710.9514,solve.va_sample,2,326.816,
711.4517,solve.va_sample,2,326.816,
711.9520,solve.va_sample,2,326.816,
712.4522,solve.va_sample,2,326.816,
712.9525,solve.va_sample,2,326.816,
713.4527,solve.va_sample,2,326.816,
713.9530,solve.va_sample,2,326.816,
714.4532,solve.va_sample,2,326.816,
714.9535,solve.va_sample,2,326.816,
715.4537,solve.va_sample,2,326.816,
715.9539,solve.va_sample,2,326.816,
716.4542,solve.va_sample,2,326.816,
716.9544,solve.va_sample,2,326.816,
717.4547,solve.va_sample,2,326.816,
717.9549,solve.va_sample,2,326.816,
718.4552,solve.va_sample,2,326.816,
718.9554,solve.va_sample,2,326.816,
719.4557,solve.va_sample,2,326.816,
719.9559,solve.va_sample,2,326.816,
720.4562,solve.va_sample,2,326.816,
720.9564,solve.va_sample,2,326.816,
721.4567,solve.va_sample,2,326.816,
721.9569,solve.va_sample,2,326.816,
722.4572,solve.va_sample,2,326.816,
722.9574,solve.va_sample,2,326.816,
723.4577,solve.va_sample,2,326.816,
723.9579,solve.va_sample,2,326.816,
724.4582,solve.va_sample,2,326.816,
724.9585,solve.va_sample,2,326.816,
725.4587,solve.va_sample,2,326.816,
725.9590,solve.va_sample,2,326.816,
726.4592,solve.va_sample,2,326.816,
726.9595,solve.va_sample,2,326.816,
727.4597,solve.va_sample,2,326.816,
727.9600,solve.va_sample,2,326.816,
728.4602,solve.va_sample,2,326.816,
728.9605,solve.va_sample,2,326.816,
729.4607,solve.va_sample,2,326.816,
729.9610,solve.va_sample,2,326.816,
730.4612,solve.va_sample,2,326.816,
730.9614,solve.va_sample,2,326.816,
731.4617,solve.va_sample,2,326.816,
731.9619,solve.va_sample,2,326.816,
732.4622,solve.va_sample,2,326.816,
732.9625,solve.va_sample,2,326.816,
733.4627,solve.va_sample,2,326.816,
733.9630,solve.va_sample,2,326.816,
734.4632,solve.va_sample,2,326.816,
734.9635,solve.va_sample,2,326.816,
735.4637,solve.va_sample,2,326.816,
735.9639,solve.va_sample,2,326.816,
736.4642,solve.va_sample,2,326.816,
736.9644,solve.va_sample,2,326.816,
737.4647,solve.va_sample,2,326.816,
737.9650,solve.va_sample,2,326.816,
738.4652,solve.va_sample,2,326.816,
738.9655,solve.va_sample,2,326.816,
739.4657,solve.va_sample,2,326.816,
739.9660,solve.va_sample,2,326.816,
740.4662,solve.va_sample,2,326.816,
740.9665,solve.va_sample,2,326.816,
741.4667,solve.va_sample,2,326.816,
741.9670,solve.va_sample,2,326.816,
742.4672,solve.va_sample,2,326.816,
742.9675,solve.va_sample,2,326.816,
743.4678,solve.va_sample,2,326.816,
743.9680,solve.va_sample,2,326.816,
744.4682,solve.va_sample,2,326.816,
744.9685,solve.va_sample,2,326.816,
745.4687,solve.va_sample,2,326.816,
745.9689,solve.va_sample,2,326.816,
746.4692,solve.va_sample,2,326.816,
746.9694,solve.va_sample,2,326.816,
747.4697,solve.va_sample,2,326.816,
747.9699,solve.va_sample,2,326.816,
748.4702,solve.va_sample,2,326.816,
748.9705,solve.va_sample,2,326.816,
749.4707,solve.va_sample,2,326.816,
749.9709,solve.va_sample,2,326.816,
750.4712,solve.va_sample,2,326.816,
750.9714,solve.va_sample,2,326.816,
751.4717,solve.va_sample,2,326.816,
751.9720,solve.va_sample,2,326.816,
752.4722,solve.va_sample,2,326.816,
752.9725,solve.va_sample,2,326.816,
753.4727,solve.va_sample,2,326.816,
753.9729,solve.va_sample,2,326.816,
754.4732,solve.va_sample,2,326.816,
754.9734,solve.va_sample,2,326.816,
755.4737,solve.va_sample,2,326.816,
755.9740,solve.va_sample,2,326.816,
756.4742,solve.va_sample,2,326.816,
756.9745,solve.va_sample,2,326.816,
757.4747,solve.va_sample,2,326.816,
757.9750,solve.va_sample,2,326.816,
758.4752,solve.va_sample,2,326.816,
758.9755,solve.va_sample,2,326.816,
759.4757,solve.va_sample,2,326.816,
759.9759,solve.va_sample,2,326.816,
760.4762,solve.va_sample,2,326.816,
760.9764,solve.va_sample,2,326.816,
761.4767,solve.va_sample,2,326.816,
761.9769,solve.va_sample,2,326.816,
762.4772,solve.va_sample,2,326.816,
762.9775,solve.va_sample,2,326.816,
763.4777,solve.va_sample,2,326.816,
763.9779,solve.va_sample,2,326.816,
764.4782,solve.va_sample,2,326.816,
764.9784,solve.va_sample,2,326.816,
765.4787,solve.va_sample,2,326.816,
765.9790,solve.va_sample,2,326.816,
766.4793,solve.va_sample,2,326.816,
766.9796,solve.va_sample,2,326.816,
767.4799,solve.va_sample,2,326.816,
767.9801,solve.va_sample,2,326.816,
768.4804,solve.va_sample,2,326.816,
768.9806,solve.va_sample,2,326.816,
769.4809,solve.va_sample,2,326.816,
769.9812,solve.va_sample,2,326.816,
770.4814,solve.va_sample,2,326.816,
770.9817,solve.va_sample,2,326.816,
771.4820,solve.va_sample,2,326.816,
771.9822,solve.va_sample,2,326.816,
772.4824,solve.va_sample,2,326.816,
772.9827,solve.va_sample,2,326.816,
773.4829,solve.va_sample,2,326.816,
773.9832,solve.va_sample,2,326.816,
774.4834,solve.va_sample,2,326.816,
774.9837,solve.va_sample,2,326.816,
775.4839,solve.va_sample,2,326.816,
775.9842,solve.va_sample,2,326.816,
776.4844,solve.va_sample,2,326.816,
776.9847,solve.va_sample,2,326.816,
777.4849,solve.va_sample,2,326.816,
777.9852,solve.va_sample,2,326.816,
778.4854,solve.va_sample,2,326.816,
778.9857,solve.va_sample,2,326.816,
779.4859,solve.va_sample,2,326.816,
779.9862,solve.va_sample,2,326.816,
780.4864,solve.va_sample,2,326.816,
780.9867,solve.va_sample,2,326.816,
781.4869,solve.va_sample,2,326.816,
781.9872,solve.va_sample,2,326.816,
782.4875,solve.va_sample,2,326.816,
782.9877,solve.va_sample,2,326.816,
783.4880,solve.va_sample,2,326.816,
783.9883,solve.va_sample,2,326.816,
784.4885,solve.va_sample,2,326.816,
784.9888,solve.va_sample,2,326.816,
785.4890,solve.va_sample,2,326.816,
785.9893,solve.va_sample,2,326.816,
786.4895,solve.va_sample,2,326.816,
786.9898,solve.va_sample,2,326.816,
787.4900,solve.va_sample,2,326.816,
787.9903,solve.va_sample,2,326.816,
788.4905,solve.va_sample,2,326.816,
788.9908,solve.va_sample,2,326.816,
789.4910,solve.va_sample,2,326.816,
789.9912,solve.va_sample,2,326.816,
790.4915,solve.va_sample,2,326.816,
790.9917,solve.va_sample,2,326.816,
791.4920,solve.va_sample,2,326.816,
791.9922,solve.va_sample,2,326.816,
792.4925,solve.va_sample,2,326.816,
792.9927,solve.va_sample,2,326.816,
793.4930,solve.va_sample,2,326.816,
793.9932,solve.va_sample,2,326.816,
794.4935,solve.va_sample,2,326.816,
794.9937,solve.va_sample,2,326.816,
795.4940,solve.va_sample,2,326.816,
795.9942,solve.va_sample,2,326.816,
796.4944,solve.va_sample,2,326.816,
796.9947,solve.va_sample,2,326.816,
797.4949,solve.va_sample,2,326.816,
797.9952,solve.va_sample,2,326.816,
798.4954,solve.va_sample,2,326.816,
798.9956,solve.va_sample,2,326.816,
799.4959,solve.va_sample,2,326.816,
799.9961,solve.va_sample,2,326.816,
800.4964,solve.va_sample,2,326.816,
800.9966,solve.va_sample,2,326.816,
801.4968,solve.va_sample,2,326.816,
801.9971,solve.va_sample,2,326.816,
802.4973,solve.va_sample,2,326.816,
802.9976,solve.va_sample,2,326.816,
803.4978,solve.va_sample,2,326.816,
803.9980,solve.va_sample,2,326.816,
804.4983,solve.va_sample,2,326.816,
804.9985,solve.va_sample,2,326.816,
805.4987,solve.va_sample,2,326.816,
805.9990,solve.va_sample,2,326.816,
806.4992,solve.va_sample,2,326.816,
806.9995,solve.va_sample,2,326.816,
807.4997,solve.va_sample,2,326.816,
808.0000,solve.va_sample,2,326.816,
808.5002,solve.va_sample,2,326.816,
809.0004,solve.va_sample,2,326.816,
809.5007,solve.va_sample,2,326.816,
810.0009,solve.va_sample,2,326.816,
810.5012,solve.va_sample,2,326.816,
811.0014,solve.va_sample,2,326.816,
811.5016,solve.va_sample,2,326.816,
812.0019,solve.va_sample,2,326.816,
812.5021,solve.va_sample,2,326.816,
813.0024,solve.va_sample,2,326.816,
813.5026,solve.va_sample,2,326.816,
814.0029,solve.va_sample,2,326.816,
814.5031,solve.va_sample,2,326.816,
815.0033,solve.va_sample,2,326.816,
815.5036,solve.va_sample,2,326.816,
816.0038,solve.va_sample,2,326.816,
816.5041,solve.va_sample,2,326.816,
817.0043,solve.va_sample,2,326.816,
817.5046,solve.va_sample,2,326.816,
818.0048,solve.va_sample,2,326.816,
818.5050,solve.va_sample,2,326.816,
819.0053,solve.va_sample,2,326.816,
819.5055,solve.va_sample,2,326.816,
820.0058,solve.va_sample,2,326.816,
820.5060,solve.va_sample,2,326.816,
821.0062,solve.va_sample,2,326.816,
821.5065,solve.va_sample,2,326.816,
822.0067,solve.va_sample,2,326.816,
822.5070,solve.va_sample,2,326.816,
823.0072,solve.va_sample,2,326.816,
823.5075,solve.va_sample,2,326.816,
824.0077,solve.va_sample,2,326.816,
824.5080,solve.va_sample,2,326.816,
825.0082,solve.va_sample,2,326.816,
825.5085,solve.va_sample,2,326.816,
826.0087,solve.va_sample,2,326.816,
826.5090,solve.va_sample,2,326.816,
827.0092,solve.va_sample,2,326.816,
827.5095,solve.va_sample,2,326.816,
828.0097,solve.va_sample,2,326.816,
828.5099,solve.va_sample,2,326.816,
829.0102,solve.va_sample,2,326.816,
829.5104,solve.va_sample,2,326.816,
830.0107,solve.va_sample,2,326.816,
830.5109,solve.va_sample,2,326.816,
831.0112,solve.va_sample,2,326.816,
831.5114,solve.va_sample,2,326.816,
832.0116,solve.va_sample,2,326.816,
832.5119,solve.va_sample,2,326.816,
833.0121,solve.va_sample,2,326.816,
833.5123,solve.va_sample,2,326.816,
834.0126,solve.va_sample,2,326.816,
834.5128,solve.va_sample,2,326.816,
835.0131,solve.va_sample,2,326.816,
835.5133,solve.va_sample,2,326.816,
836.0136,solve.va_sample,2,326.816,
836.5138,solve.va_sample,2,326.816,
837.0141,solve.va_sample,2,326.816,
837.5143,solve.va_sample,2,326.816,
838.0145,solve.va_sample,2,326.816,
838.5148,solve.va_sample,2,326.816,
839.0150,solve.va_sample,2,326.816,
839.5153,solve.va_sample,2,326.816,
840.0155,solve.va_sample,2,326.816,
840.5158,solve.va_sample,2,326.816,
841.0160,solve.va_sample,2,326.816,
841.5162,solve.va_sample,2,326.816,
842.0165,solve.va_sample,2,326.816,
842.5168,solve.va_sample,2,326.816,
843.0171,solve.va_sample,2,326.816,
843.5173,solve.va_sample,2,326.816,
844.0176,solve.va_sample,2,326.816,
844.5178,solve.va_sample,2,326.816,
845.0181,solve.va_sample,2,326.816,
845.5183,solve.va_sample,2,326.816,
846.0186,solve.va_sample,2,326.816,
846.5188,solve.va_sample,2,326.816,
847.0191,solve.va_sample,2,326.816,
847.5193,solve.va_sample,2,326.816,
848.0196,solve.va_sample,2,326.816,
848.5199,solve.va_sample,2,326.816,
849.0201,solve.va_sample,2,326.816,
849.5204,solve.va_sample,2,326.816,
850.0206,solve.va_sample,2,326.816,
850.5209,solve.va_sample,2,326.816,
851.0211,solve.va_sample,2,326.816,
851.5214,solve.va_sample,2,326.816,
852.0216,solve.va_sample,2,326.816,
852.5219,solve.va_sample,2,326.816,
853.0221,solve.va_sample,2,326.816,
853.5224,solve.va_sample,2,326.816,
854.0226,solve.va_sample,2,326.816,
854.5229,solve.va_sample,2,326.816,
855.0231,solve.va_sample,2,326.816,
855.5234,solve.va_sample,2,326.816,
856.0236,solve.va_sample,2,326.816,
856.5239,solve.va_sample,2,326.816,
857.0241,solve.va_sample,2,326.816,
857.5244,solve.va_sample,2,326.816,
858.0246,solve.va_sample,2,326.816,
858.5248,solve.va_sample,2,326.816,
859.0251,solve.va_sample,2,326.816,
859.5253,solve.va_sample,2,326.816,
860.0256,solve.va_sample,2,326.816,
860.5258,solve.va_sample,2,326.816,
861.0261,solve.va_sample,2,326.816,
861.5263,solve.va_sample,2,326.816,
862.0265,solve.va_sample,2,326.816,
862.5268,solve.va_sample,2,326.816,
863.0270,solve.va_sample,2,326.816,
863.5272,solve.va_sample,2,326.816,
864.0275,solve.va_sample,2,326.816,
864.5277,solve.va_sample,2,326.816,
865.0280,solve.va_sample,2,326.816,
865.5283,solve.va_sample,2,326.816,
866.0285,solve.va_sample,2,326.816,
866.5288,solve.va_sample,2,326.816,
867.0291,solve.va_sample,2,326.816,
867.5293,solve.va_sample,2,326.816,
868.0296,solve.va_sample,2,326.816,
868.5298,solve.va_sample,2,326.816,
869.0301,solve.va_sample,2,326.816,
869.5303,solve.va_sample,2,326.816,
870.0306,solve.va_sample,2,326.816,
870.5308,solve.va_sample,2,326.816,
871.0311,solve.va_sample,2,326.816,
871.5313,solve.va_sample,2,326.816,
872.0316,solve.va_sample,2,326.816,
872.5318,solve.va_sample,2,326.816,
873.0320,solve.va_sample,2,326.816,
873.5323,solve.va_sample,2,326.816,
874.0326,solve.va_sample,2,326.816,
874.5328,solve.va_sample,2,326.816,
875.0331,solve.va_sample,2,326.816,
875.5334,solve.va_sample,2,326.816,
876.0336,solve.va_sample,2,326.816,
876.5339,solve.va_sample,2,326.816,
877.0341,solve.va_sample,2,326.816,
877.5344,solve.va_sample,2,326.816,
878.0347,solve.va_sample,2,326.816,
878.5349,solve.va_sample,2,326.816,
879.0352,solve.va_sample,2,326.816,
879.5354,solve.va_sample,2,326.816,
880.0357,solve.va_sample,2,326.816,
880.5359,solve.va_sample,2,326.816,
881.0361,solve.va_sample,2,326.816,
881.5364,solve.va_sample,2,326.816,
882.0367,solve.va_sample,2,326.816,
882.5369,solve.va_sample,2,326.816,
883.0372,solve.va_sample,2,326.816,
883.5374,solve.va_sample,2,326.816,
884.0377,solve.va_sample,2,326.816,
884.5380,solve.va_sample,2,326.816,
885.0382,solve.va_sample,2,326.816,
885.5385,solve.va_sample,2,326.816,
886.0388,solve.va_sample,2,326.816,
886.5391,solve.va_sample,2,326.816,
887.0393,solve.va_sample,2,326.816,
887.5395,solve.va_sample,2,326.816,
888.0398,solve.va_sample,2,326.816,
888.5400,solve.va_sample,2,326.816,
889.0403,solve.va_sample,2,326.816,
889.5405,solve.va_sample,2,326.816,
890.0408,solve.va_sample,2,326.816,
890.5410,solve.va_sample,2,326.816,
891.0412,solve.va_sample,2,326.816,
891.5415,solve.va_sample,2,326.816,
892.0417,solve.va_sample,2,326.816,
892.5420,solve.va_sample,2,326.816,
893.0422,solve.va_sample,2,326.816,
893.5424,solve.va_sample,2,326.816,
894.0427,solve.va_sample,2,326.816,
894.5429,solve.va_sample,2,326.816,
895.0432,solve.va_sample,2,326.816,
895.5434,solve.va_sample,2,326.816,
896.0437,solve.va_sample,2,326.816,
896.5439,solve.va_sample,2,326.816,
897.0442,solve.va_sample,2,326.816,
897.5444,solve.va_sample,2,326.816,
898.0447,solve.va_sample,2,326.816,
898.5449,solve.va_sample,2,326.816,
899.0451,solve.va_sample,2,326.816,
899.5454,solve.va_sample,2,326.816,
900.0456,solve.va_sample,2,326.816,
900.5459,solve.va_sample,2,326.816,
901.0461,solve.va_sample,2,326.816,
901.5464,solve.va_sample,2,326.816,
902.0466,solve.va_sample,2,326.816,
902.5469,solve.va_sample,2,326.816,
903.0471,solve.va_sample,2,326.816,
903.5474,solve.va_sample,2,326.816,
904.0476,solve.va_sample,2,326.816,
904.5479,solve.va_sample,2,326.816,
905.0481,solve.va_sample,2,326.816,
905.5483,solve.va_sample,2,326.816,
906.0486,solve.va_sample,2,326.816,
906.5488,solve.va_sample,2,326.816,
907.0491,solve.va_sample,2,326.816,
907.5493,solve.va_sample,2,326.816,
908.0495,solve.va_sample,2,326.816,
908.5498,solve.va_sample,2,326.816,
909.0500,solve.va_sample,2,326.816,
909.5503,solve.va_sample,2,326.816,
910.0505,solve.va_sample,2,326.816,
910.5507,solve.va_sample,2,326.816,
911.0510,solve.va_sample,2,326.816,
911.5512,solve.va_sample,2,326.816,
912.0515,solve.va_sample,2,326.816,
912.5517,solve.va_sample,2,326.816,
913.0520,solve.va_sample,2,326.816,
913.5522,solve.va_sample,2,326.816,
914.0524,solve.va_sample,2,326.816,
914.5527,solve.va_sample,2,326.816,
915.0529,solve.va_sample,2,326.816,
915.5531,solve.va_sample,2,326.816,
916.0534,solve.va_sample,2,326.816,
916.5536,solve.va_sample,2,326.816,
917.0538,solve.va_sample,2,326.816,
917.5541,solve.va_sample,2,326.816,
918.0543,solve.va_sample,2,326.816,
918.5546,solve.va_sample,2,326.816,
919.0548,solve.va_sample,2,326.816,
919.5550,solve.va_sample,2,326.816,
920.0553,solve.va_sample,2,326.816,
920.5555,solve.va_sample,2,326.816,
921.0558,solve.va_sample,2,326.816,
921.5560,solve.va_sample,2,326.816,
922.0563,solve.va_sample,2,326.816,
922.5566,solve.va_sample,2,326.816,
923.0568,solve.va_sample,2,326.816,
923.5570,solve.va_sample,2,326.816,
924.0573,solve.va_sample,2,326.816,
924.5575,solve.va_sample,2,326.816,
925.0578,solve.va_sample,2,326.816,
925.5580,solve.va_sample,2,326.816,
926.0583,solve.va_sample,2,326.816,
926.5585,solve.va_sample,2,326.816,
927.0588,solve.va_sample,2,326.816,
927.5591,solve.va_sample,2,326.816,
928.0593,solve.va_sample,2,326.816,
928.5596,solve.va_sample,2,326.816,
929.0598,solve.va_sample,2,326.816,
929.5601,solve.va_sample,2,326.816,
930.0603,solve.va_sample,2,326.816,
930.5606,solve.va_sample,2,326.816,
931.0608,solve.va_sample,2,326.816,
931.5611,solve.va_sample,2,326.816,
932.0613,solve.va_sample,2,326.816,
932.5616,solve.va_sample,2,326.816,
933.0618,solve.va_sample,2,326.816,
933.5620,solve.va_sample,2,326.816,
934.0623,solve.va_sample,2,326.816,
934.5625,solve.va_sample,2,326.816,
935.0628,solve.va_sample,2,326.816,
935.5630,solve.va_sample,2,326.816,
936.0633,solve.va_sample,2,326.816,
936.5635,solve.va_sample,2,326.816,
937.0638,solve.va_sample,2,326.816,
937.5640,solve.va_sample,2,326.816,
938.0643,solve.va_sample,2,326.816,
938.5645,solve.va_sample,2,326.816,
939.0648,solve.va_sample,2,326.816,
939.5650,solve.va_sample,2,326.816,
940.0653,solve.va_sample,2,326.816,
940.5655,solve.va_sample,2,326.816,
941.0658,solve.va_sample,2,326.816,
941.5660,solve.va_sample,2,326.816,
942.0663,solve.va_sample,2,326.816,
942.5665,solve.va_sample,2,326.816,
943.0668,solve.va_sample,2,326.816,
943.5670,solve.va_sample,2,326.816,
944.0673,solve.va_sample,2,326.816,
944.5675,solve.va_sample,2,326.816,
945.0678,solve.va_sample,2,326.816,
945.5680,solve.va_sample,2,326.816,
946.0683,solve.va_sample,2,326.816,
946.5686,solve.va_sample,2,327.074,
947.0688,solve.va_sample,2,327.074,
947.5691,solve.va_sample,2,327.074,
948.0693,solve.va_sample,2,327.074,
948.5696,solve.va_sample,2,327.074,
949.0698,solve.va_sample,2,327.074,
949.5701,solve.va_sample,2,327.074,
950.0703,solve.va_sample,2,327.074,
950.5706,solve.va_sample,2,327.074,
951.0708,solve.va_sample,2,327.074,
951.5710,solve.va_sample,2,327.074,
952.0713,solve.va_sample,2,327.074,
952.5716,solve.va_sample,2,327.074,
953.0718,solve.va_sample,2,327.074,
953.5720,solve.va_sample,2,327.074,
954.0723,solve.va_sample,2,327.074,
954.5725,solve.va_sample,2,327.074,
955.0728,solve.va_sample,2,327.074,
955.5730,solve.va_sample,2,327.074,
956.0733,solve.va_sample,2,327.074,
956.5735,solve.va_sample,2,327.074,
957.0737,solve.va_sample,2,327.074,
957.5740,solve.va_sample,2,327.074,
958.0742,solve.va_sample,2,327.074,
958.5745,solve.va_sample,2,327.074,
959.0747,solve.va_sample,2,327.074,
959.5749,solve.va_sample,2,327.074,
960.0752,solve.va_sample,2,327.074,
960.5754,solve.va_sample,2,327.074,
961.0757,solve.va_sample,2,327.074,
961.5759,solve.va_sample,2,327.074,
962.0762,solve.va_sample,2,327.074,
962.5764,solve.va_sample,2,327.074,
963.0767,solve.va_sample,2,327.074,
963.5769,solve.va_sample,2,327.074,
964.0772,solve.va_sample,2,327.074,
964.5774,solve.va_sample,2,327.074,
965.0777,solve.va_sample,2,327.074,
965.5779,solve.va_sample,2,327.074,
966.0782,solve.va_sample,2,327.074,
966.5784,solve.va_sample,2,327.074,
967.0787,solve.va_sample,2,327.074,
967.5789,solve.va_sample,2,327.074,
968.0792,solve.va_sample,2,327.074,
968.5794,solve.va_sample,2,327.074,
969.0796,solve.va_sample,2,327.074,
969.5799,solve.va_sample,2,327.074,
970.0801,solve.va_sample,2,327.074,
970.5804,solve.va_sample,2,327.074,
971.0806,solve.va_sample,2,327.074,
971.5809,solve.va_sample,2,327.074,
972.0812,solve.va_sample,2,327.074,
972.5814,solve.va_sample,2,327.074,
973.0816,solve.va_sample,2,327.074,
973.5819,solve.va_sample,2,327.074,
974.0821,solve.va_sample,2,327.074,
974.5824,solve.va_sample,2,327.074,
975.0826,solve.va_sample,2,327.074,
975.5829,solve.va_sample,2,327.074,
976.0831,solve.va_sample,2,327.074,
976.5834,solve.va_sample,2,327.074,
977.0836,solve.va_sample,2,327.074,
977.5839,solve.va_sample,2,327.074,
978.0841,solve.va_sample,2,327.074,
978.5844,solve.va_sample,2,327.074,
979.0846,solve.va_sample,2,327.074,
979.5848,solve.va_sample,2,327.074,
980.0851,solve.va_sample,2,327.074,
980.5853,solve.va_sample,2,327.074,
981.0856,solve.va_sample,2,327.074,
981.5858,solve.va_sample,2,327.074,
982.0861,solve.va_sample,2,327.074,
982.5863,solve.va_sample,2,327.074,
983.0866,solve.va_sample,2,327.074,
983.5868,solve.va_sample,2,327.074,
984.0871,solve.va_sample,2,327.074,
984.5873,solve.va_sample,2,327.074,
985.0876,solve.va_sample,2,327.074,
985.5878,solve.va_sample,2,327.074,
986.0881,solve.va_sample,2,327.074,
986.5883,solve.va_sample,2,327.074,
987.0885,solve.va_sample,2,327.074,
987.5888,solve.va_sample,2,327.074,
988.0890,solve.va_sample,2,327.074,
988.5893,solve.va_sample,2,327.074,
989.0895,solve.va_sample,2,327.074,
989.5898,solve.va_sample,2,327.074,
990.0900,solve.va_sample,2,327.074,
990.5903,solve.va_sample,2,327.074,
991.0905,solve.va_sample,2,327.074,
991.5907,solve.va_sample,2,327.074,
992.0910,solve.va_sample,2,327.074,
992.5912,solve.va_sample,2,327.074,
993.0915,solve.va_sample,2,327.074,
993.5917,solve.va_sample,2,327.074,
994.0919,solve.va_sample,2,327.074,
994.5922,solve.va_sample,2,327.074,
995.0924,solve.va_sample,2,327.074,
995.5927,solve.va_sample,2,327.074,
996.0929,solve.va_sample,2,327.074,
996.5931,solve.va_sample,2,327.074,
997.0934,solve.va_sample,2,327.074,
997.5936,solve.va_sample,2,327.074,
998.0939,solve.va_sample,2,327.074,
998.5942,solve.va_sample,2,327.074,
999.0944,solve.va_sample,2,327.074,
999.5947,solve.va_sample,2,327.074,
1000.0949,solve.va_sample,2,327.074,
1000.5951,solve.va_sample,2,327.074,
1001.0954,solve.va_sample,2,327.074,
1001.5956,solve.va_sample,2,327.074,
1002.0959,solve.va_sample,2,327.074,
1002.5961,solve.va_sample,2,327.074,
1003.0964,solve.va_sample,2,327.074,
1003.5966,solve.va_sample,2,327.074,
1004.0969,solve.va_sample,2,327.074,
1004.5971,solve.va_sample,2,327.074,
1005.0974,solve.va_sample,2,327.074,
1005.5977,solve.va_sample,2,327.074,
1006.0979,solve.va_sample,2,327.074,
1006.5981,solve.va_sample,2,327.074,
1007.0984,solve.va_sample,2,327.074,
1007.5986,solve.va_sample,2,327.074,
1008.0989,solve.va_sample,2,327.074,
1008.5991,solve.va_sample,2,327.074,
1009.0994,solve.va_sample,2,327.074,
1009.5996,solve.va_sample,2,327.074,
1010.0999,solve.va_sample,2,327.074,
1010.6001,solve.va_sample,2,327.074,
1011.1004,solve.va_sample,2,327.074,
1011.6006,solve.va_sample,2,327.074,
1012.1009,solve.va_sample,2,327.074,
1012.6012,solve.va_sample,2,327.074,
1013.1014,solve.va_sample,2,327.074,
1013.6016,solve.va_sample,2,327.074,
1014.1019,solve.va_sample,2,327.074,
1014.6022,solve.va_sample,2,327.074,
1015.1024,solve.va_sample,2,327.074,
1015.6026,solve.va_sample,2,327.074,
1016.1029,solve.va_sample,2,327.074,
1016.6032,solve.va_sample,2,327.074,
1017.1034,solve.va_sample,2,327.074,
1017.6036,solve.va_sample,2,327.074,
1018.1039,solve.va_sample,2,327.074,
1018.6041,solve.va_sample,2,327.074,
1019.1044,solve.va_sample,2,327.074,
1019.6046,solve.va_sample,2,327.074,
1020.1049,solve.va_sample,2,327.074,
1020.6051,solve.va_sample,2,327.074,
1021.1054,solve.va_sample,2,327.074,
1021.6056,solve.va_sample,2,327.074,
1022.1059,solve.va_sample,2,327.074,
1022.6061,solve.va_sample,2,327.074,
1023.1064,solve.va_sample,2,327.074,
1023.6066,solve.va_sample,2,327.074,
1024.1069,solve.va_sample,2,327.074,
1024.6071,solve.va_sample,2,327.074,
1025.1074,solve.va_sample,2,327.074,
1025.6076,solve.va_sample,2,327.074,
1026.1079,solve.va_sample,2,327.074,
1026.6082,solve.va_sample,2,327.074,
1027.1084,solve.va_sample,2,327.074,
1027.6087,solve.va_sample,2,327.074,
1028.1089,solve.va_sample,2,327.074,
1028.6091,solve.va_sample,2,327.074,
1029.1094,solve.va_sample,2,327.074,
1029.6096,solve.va_sample,2,327.074,
1030.1099,solve.va_sample,2,327.074,
1030.6101,solve.va_sample,2,327.074,
1031.1104,solve.va_sample,2,327.074,
1031.6107,solve.va_sample,2,327.074,
1032.1109,solve.va_sample,2,327.074,
1032.6111,solve.va_sample,2,327.074,
1033.1114,solve.va_sample,2,327.074,
1033.6116,solve.va_sample,2,327.074,
1034.1119,solve.va_sample,2,327.074,
1034.6122,solve.va_sample,2,327.074,
1035.1124,solve.va_sample,2,327.074,
1035.6127,solve.va_sample,2,327.074,
1036.1129,solve.va_sample,2,327.074,
1036.6132,solve.va_sample,2,327.074,
1037.1134,solve.va_sample,2,327.074,
1037.6137,solve.va_sample,2,327.074,
1038.1139,solve.va_sample,2,327.074,
1038.6142,solve.va_sample,2,327.074,
1039.1144,solve.va_sample,2,327.074,
1039.6147,solve.va_sample,2,327.074,
1040.1149,solve.va_sample,2,327.074,
1040.6152,solve.va_sample,2,327.074,
1041.1154,solve.va_sample,2,327.074,
1041.6157,solve.va_sample,2,327.074,
1042.1159,solve.va_sample,2,327.074,
1042.6161,solve.va_sample,2,327.074,
1043.1164,solve.va_sample,2,327.074,
1043.6166,solve.va_sample,2,327.074,
1044.1169,solve.va_sample,2,327.074,
1044.6171,solve.va_sample,2,327.074,
1045.1174,solve.va_sample,2,327.074,
1045.6176,solve.va_sample,2,327.074,
1046.1179,solve.va_sample,2,327.074,
1046.6181,solve.va_sample,2,327.074,
1047.1184,solve.va_sample,2,327.074,
1047.6186,solve.va_sample,2,327.074,
1048.1188,solve.va_sample,2,327.074,
1048.6191,solve.va_sample,2,327.074,
1049.1193,solve.va_sample,2,327.074,
1049.6196,solve.va_sample,2,327.074,
1050.1198,solve.va_sample,2,327.074,
1050.6200,solve.va_sample,2,327.074,
1051.1203,solve.va_sample,2,327.074,
1051.6205,solve.va_sample,2,327.074,
1052.1208,solve.va_sample,2,327.074,
1052.6210,solve.va_sample,2,327.074,
1053.1213,solve.va_sample,2,327.074,
1053.6215,solve.va_sample,2,327.074,
1054.1217,solve.va_sample,2,327.074,
1054.6220,solve.va_sample,2,327.074,
1055.1223,solve.va_sample,2,327.074,
1055.6225,solve.va_sample,2,327.074,
1056.1228,solve.va_sample,2,327.074,
1056.6230,solve.va_sample,2,327.074,
1057.1232,solve.va_sample,2,327.074,
1057.6235,solve.va_sample,2,327.074,
1058.1237,solve.va_sample,2,327.074,
1058.6240,solve.va_sample,2,327.074,
1059.1242,solve.va_sample,2,327.074,
1059.6245,solve.va_sample,2,327.074,
1060.1247,solve.va_sample,2,327.074,
1060.6250,solve.va_sample,2,327.074,
1061.1252,solve.va_sample,2,327.074,
1061.6255,solve.va_sample,2,327.074,
1062.1257,solve.va_sample,2,327.074,
1062.6260,solve.va_sample,2,327.074,
1063.1262,solve.va_sample,2,327.074,
1063.6265,solve.va_sample,2,327.074,
1064.1267,solve.va_sample,2,327.074,
1064.6270,solve.va_sample,2,327.074,
1065.1272,solve.va_sample,2,327.074,
1065.6275,solve.va_sample,2,327.074,
1066.1278,solve.va_sample,2,327.074,
1066.6280,solve.va_sample,2,327.074,
1067.1283,solve.va_sample,2,327.074,
1067.6286,solve.va_sample,2,327.074,
1068.1288,solve.va_sample,2,327.074,
1068.6290,solve.va_sample,2,327.074,
1069.1293,solve.va_sample,2,327.074,
1069.6295,solve.va_sample,2,327.074,
1070.1299,solve.va_sample,2,327.074,
1070.6301,solve.va_sample,2,327.074,
1071.1304,solve.va_sample,2,327.074,
1071.6306,solve.va_sample,2,327.074,
1072.1308,solve.va_sample,2,327.074,
1072.6311,solve.va_sample,2,327.074,
1073.1313,solve.va_sample,2,327.074,
1073.6316,solve.va_sample,2,327.074,
1074.1318,solve.va_sample,2,327.074,
1074.6321,solve.va_sample,2,327.074,
1075.1323,solve.va_sample,2,327.074,
1075.6326,solve.va_sample,2,327.074,
1076.1328,solve.va_sample,2,327.074,
1076.6331,solve.va_sample,2,327.074,
1077.1333,solve.va_sample,2,327.074,
1077.6336,solve.va_sample,2,327.074,
1078.1338,solve.va_sample,2,327.074,
1078.6341,solve.va_sample,2,327.074,
1079.1343,solve.va_sample,2,327.074,
1079.6346,solve.va_sample,2,327.074,
1080.1349,solve.va_sample,2,327.074,
1080.6351,solve.va_sample,2,327.074,
1081.1353,solve.va_sample,2,327.074,
1081.6356,solve.va_sample,2,327.074,
1082.1358,solve.va_sample,2,327.074,
1082.6361,solve.va_sample,2,327.074,
1083.1364,solve.va_sample,2,327.074,
1083.6366,solve.va_sample,2,327.074,
1084.1368,solve.va_sample,2,327.074,
1084.6371,solve.va_sample,2,327.074,
1085.1373,solve.va_sample,2,327.074,
1085.6375,solve.va_sample,2,327.074,
1086.1378,solve.va_sample,2,327.074,
1086.6380,solve.va_sample,2,327.074,
1087.1383,solve.va_sample,2,327.074,
1087.6385,solve.va_sample,2,327.074,
1088.1387,solve.va_sample,2,327.074,
1088.6390,solve.va_sample,2,327.074,
1089.1392,solve.va_sample,2,327.074,
1089.6395,solve.va_sample,2,327.074,
1090.1398,solve.va_sample,2,327.074,
1090.6400,solve.va_sample,2,327.074,
1091.1403,solve.va_sample,2,327.074,
1091.6405,solve.va_sample,2,327.074,
1092.1408,solve.va_sample,2,327.074,
1092.6410,solve.va_sample,2,327.074,
1093.1413,solve.va_sample,2,327.074,
1093.6415,solve.va_sample,2,327.074,
1094.1418,solve.va_sample,2,327.074,
1094.6420,solve.va_sample,2,327.074,
1095.1423,solve.va_sample,2,327.074,
1095.6426,solve.va_sample,2,327.074,
1096.1428,solve.va_sample,2,327.074,
1096.6431,solve.va_sample,2,327.074,
1097.1433,solve.va_sample,2,327.074,
1097.6436,solve.va_sample,2,327.074,
1098.1438,solve.va_sample,2,327.074,
1098.6441,solve.va_sample,2,327.074,
1099.1443,solve.va_sample,2,327.074,
1099.6445,solve.va_sample,2,327.074,
1100.1448,solve.va_sample,2,327.074,
1100.6450,solve.va_sample,2,327.074,
1101.1452,solve.va_sample,2,327.074,
1101.6455,solve.va_sample,2,327.074,
1102.1457,solve.va_sample,2,327.074,
1102.6459,solve.va_sample,2,327.074,
1103.1462,solve.va_sample,2,327.074,
1103.6464,solve.va_sample,2,327.074,
1104.1466,solve.va_sample,2,327.074,
1104.6469,solve.va_sample,2,327.074,
1105.1471,solve.va_sample,2,327.074,
1105.6474,solve.va_sample,2,327.074,
1106.1476,solve.va_sample,2,327.074,
1106.6478,solve.va_sample,2,327.074,
1107.1481,solve.va_sample,2,327.074,
1107.6483,solve.va_sample,2,327.074,
1108.1486,solve.va_sample,2,327.074,
1108.6488,solve.va_sample,2,327.074,
1109.1490,solve.va_sample,2,327.074,
1109.6493,solve.va_sample,2,327.074,
1110.1495,solve.va_sample,2,327.074,
1110.6498,solve.va_sample,2,327.074,
1111.1500,solve.va_sample,2,327.074,
1111.6503,solve.va_sample,2,327.074,
1112.1505,solve.va_sample,2,327.074,
1112.6508,solve.va_sample,2,327.074,
1113.1510,solve.va_sample,2,327.074,
1113.6513,solve.va_sample,2,327.074,
1114.1515,solve.va_sample,2,327.074,
1114.6518,solve.va_sample,2,327.074,
1115.1520,solve.va_sample,2,327.074,
1115.6522,solve.va_sample,2,327.074,
1116.1525,solve.va_sample,2,327.074,
1116.6527,solve.va_sample,2,327.074,
1117.1529,solve.va_sample,2,327.074,
1117.6532,solve.va_sample,2,327.074,
1118.1534,solve.va_sample,2,327.074,
1118.6536,solve.va_sample,2,327.074,
1119.1539,solve.va_sample,2,327.074,
1119.6541,solve.va_sample,2,327.074,
1120.1543,solve.va_sample,2,327.074,
1120.6546,solve.va_sample,2,327.074,
1121.1548,solve.va_sample,2,327.074,
1121.6550,solve.va_sample,2,327.074,
1122.1553,solve.va_sample,2,327.074,
1122.6555,solve.va_sample,2,327.074,
1123.1557,solve.va_sample,2,327.074,
1123.6560,solve.va_sample,2,327.074,
1124.1562,solve.va_sample,2,327.074,
1124.6564,solve.va_sample,2,327.074,
1125.1567,solve.va_sample,2,327.074,
1125.6570,solve.va_sample,2,327.074,
1126.1572,solve.va_sample,2,327.074,
1126.6575,solve.va_sample,2,327.074,
1127.1577,solve.va_sample,2,327.074,
1127.6579,solve.va_sample,2,327.074,
1128.1582,solve.va_sample,2,327.074,
1128.6584,solve.va_sample,2,327.074,
1129.1586,solve.va_sample,2,327.074,
1129.6589,solve.va_sample,2,327.074,
1130.1591,solve.va_sample,2,327.074,
1130.6594,solve.va_sample,2,327.074,
1131.1596,solve.va_sample,2,327.074,
1131.6599,solve.va_sample,2,327.074,
1132.1601,solve.va_sample,2,327.074,
1132.6603,solve.va_sample,2,327.074,
1133.1606,solve.va_sample,2,327.074,
1133.6608,solve.va_sample,2,327.074,
1134.1611,solve.va_sample,2,327.074,
1134.6613,solve.va_sample,2,327.074,
1135.1616,solve.va_sample,2,327.074,
1135.6618,solve.va_sample,2,327.074,
1136.1620,solve.va_sample,2,327.074,
1136.6623,solve.va_sample,2,327.074,
1137.1625,solve.va_sample,2,327.074,
1137.6628,solve.va_sample,2,327.074,
1138.1630,solve.va_sample,2,327.074,
1138.6632,solve.va_sample,2,327.074,
1139.1634,solve.va_sample,2,327.074,
1139.6637,solve.va_sample,2,327.074,
1140.1640,solve.va_sample,2,327.074,
1140.6642,solve.va_sample,2,327.074,
1141.1645,solve.va_sample,2,327.074,
1141.6647,solve.va_sample,2,327.074,
1142.1649,solve.va_sample,2,327.074,
1142.6652,solve.va_sample,2,327.074,
1143.1655,solve.va_sample,2,327.074,
1143.6657,solve.va_sample,2,327.074,
1144.1660,solve.va_sample,2,327.074,
1144.6662,solve.va_sample,2,327.074,
1145.1664,solve.va_sample,2,327.074,
1145.6667,solve.va_sample,2,327.074,
1146.1669,solve.va_sample,2,327.074,
1146.6672,solve.va_sample,2,327.074,
1147.1674,solve.va_sample,2,327.074,
1147.6677,solve.va_sample,2,327.074,
1148.1679,solve.va_sample,2,327.074,
1148.6681,solve.va_sample,2,327.074,
1149.1684,solve.va_sample,2,327.074,
1149.6686,solve.va_sample,2,327.074,
1150.1689,solve.va_sample,2,327.074,
1150.6691,solve.va_sample,2,327.074,
1151.1693,solve.va_sample,2,327.074,
1151.6696,solve.va_sample,2,327.074,
1152.1698,solve.va_sample,2,327.074,
1152.6701,solve.va_sample,2,327.074,
1153.1703,solve.va_sample,2,327.074,
1153.6706,solve.va_sample,2,327.074,
1154.1708,solve.va_sample,2,327.074,
1154.6711,solve.va_sample,2,327.074,
1155.1713,solve.va_sample,2,327.074,
1155.6716,solve.va_sample,2,327.074,
1156.1718,solve.va_sample,2,327.074,
1156.6720,solve.va_sample,2,327.074,
1157.1723,solve.va_sample,2,327.074,
1157.6725,solve.va_sample,2,327.074,
1158.1728,solve.va_sample,2,327.074,
1158.6730,solve.va_sample,2,327.074,
1159.1732,solve.va_sample,2,327.074,
1159.6735,solve.va_sample,2,327.074,
1160.1737,solve.va_sample,2,327.074,
1160.6739,solve.va_sample,2,327.074,
1161.1742,solve.va_sample,2,327.074,
1161.6744,solve.va_sample,2,327.074,
1162.1747,solve.va_sample,2,327.074,
1162.6749,solve.va_sample,2,327.074,
1163.1751,solve.va_sample,2,327.074,
1163.6754,solve.va_sample,2,327.074,
1164.1756,solve.va_sample,2,327.074,
1164.6759,solve.va_sample,2,327.074,
1165.1761,solve.va_sample,2,327.074,
1165.6763,solve.va_sample,2,327.074,
1166.1766,solve.va_sample,2,327.074,
1166.6768,solve.va_sample,2,327.074,
1167.1771,solve.va_sample,2,327.074,
1167.6773,solve.va_sample,2,327.074,
1168.1776,solve.va_sample,2,327.074,
1168.6778,solve.va_sample,2,327.074,
1169.1781,solve.va_sample,2,327.074,
1169.6783,solve.va_sample,2,327.074,
1170.1786,solve.va_sample,2,327.074,
1170.6788,solve.va_sample,2,327.074,
1171.1790,solve.va_sample,2,327.074,
1171.6793,solve.va_sample,2,327.074,
1172.1795,solve.va_sample,2,327.074,
1172.6798,solve.va_sample,2,327.074,
1173.1800,solve.va_sample,2,327.074,
1173.6803,solve.va_sample,2,327.074,
1174.1805,solve.va_sample,2,327.074,
1174.6808,solve.va_sample,2,327.074,
1175.1810,solve.va_sample,2,327.074,
1175.6813,solve.va_sample,2,327.074,
1176.1815,solve.va_sample,2,327.074,
1176.6818,solve.va_sample,2,327.074,
1177.1820,solve.va_sample,2,327.074,
1177.6823,solve.va_sample,2,327.074,
1178.1825,solve.va_sample,2,327.074,
1178.6828,solve.va_sample,2,327.074,
1179.1830,solve.va_sample,2,327.074,
1179.6833,solve.va_sample,2,327.074,
1180.1836,solve.va_sample,2,327.074,
1180.6838,solve.va_sample,2,327.074,
1181.1841,solve.va_sample,2,327.074,
1181.6843,solve.va_sample,2,327.074,
1182.1846,solve.va_sample,2,327.074,
1182.6848,solve.va_sample,2,327.074,
1183.1850,solve.va_sample,2,327.074,
1183.6853,solve.va_sample,2,327.074,
1184.1855,solve.va_sample,2,327.074,
1184.6857,solve.va_sample,2,327.074,
1185.1860,solve.va_sample,2,327.074,
1185.6863,solve.va_sample,2,327.074,
1186.1865,solve.va_sample,2,327.074,
1186.6868,solve.va_sample,2,327.074,
1187.1870,solve.va_sample,2,327.074,
1187.6873,solve.va_sample,2,327.074,
1188.1876,solve.va_sample,2,327.074,
1188.6878,solve.va_sample,2,327.074,
1189.1881,solve.va_sample,2,327.074,
1189.6883,solve.va_sample,2,327.074,
1190.1886,solve.va_sample,2,327.074,
1190.6888,solve.va_sample,2,327.074,
1191.1891,solve.va_sample,2,327.074,
1191.6893,solve.va_sample,2,327.074,
1192.1896,solve.va_sample,2,327.074,
1192.6899,solve.va_sample,2,327.074,
1193.1901,solve.va_sample,2,327.074,
1193.6904,solve.va_sample,2,327.074,
1194.1906,solve.va_sample,2,327.074,
1194.6909,solve.va_sample,2,327.074,
1195.1911,solve.va_sample,2,327.074,
1195.6914,solve.va_sample,2,327.074,
1196.1916,solve.va_sample,2,327.074,
1196.6919,solve.va_sample,2,327.074,
1197.1921,solve.va_sample,2,327.074,
1197.6923,solve.va_sample,2,327.074,
1198.1926,solve.va_sample,2,327.074,
1198.6928,solve.va_sample,2,327.074,
1199.1930,solve.va_sample,2,327.074,
1199.6933,solve.va_sample,2,327.074,
1200.1935,solve.va_sample,2,327.074,
1200.6937,solve.va_sample,2,327.074,
1201.1940,solve.va_sample,2,327.074,
1201.6942,solve.va_sample,2,327.074,
1202.1944,solve.va_sample,2,327.074,
1202.6947,solve.va_sample,2,327.074,
1203.1950,solve.va_sample,2,327.074,
1203.6952,solve.va_sample,2,327.074,
1204.1955,solve.va_sample,2,327.074,
1204.6957,solve.va_sample,2,327.074,
1205.1959,solve.va_sample,2,327.074,
1205.6962,solve.va_sample,2,327.074,
1206.1964,solve.va_sample,2,327.074,
1206.6967,solve.va_sample,2,327.074,
1207.1970,solve.va_sample,2,327.074,
1207.6972,solve.va_sample,2,327.074,
1208.1974,solve.va_sample,2,327.074,
1208.6977,solve.va_sample,2,327.074,
1209.1979,solve.va_sample,2,327.074,
1209.6981,solve.va_sample,2,327.074,
1210.1984,solve.va_sample,2,327.074,
1210.6987,solve.va_sample,2,327.074,
1211.1989,solve.va_sample,2,327.074,
1211.6991,solve.va_sample,2,327.074,
1212.1994,solve.va_sample,2,327.074,
1212.6996,solve.va_sample,2,327.074,
1213.1998,solve.va_sample,2,327.074,
1213.7000,solve.va_sample,2,327.074,
1214.2003,solve.va_sample,2,327.074,
1214.7005,solve.va_sample,2,327.074,
1215.2007,solve.va_sample,2,327.074,
1215.7010,solve.va_sample,2,327.074,
1216.2012,solve.va_sample,2,327.074,
1216.7015,solve.va_sample,2,327.074,
1217.2017,solve.va_sample,2,327.074,
1217.7019,solve.va_sample,2,327.074,
1218.2022,solve.va_sample,2,327.074,
1218.7024,solve.va_sample,2,327.074,
1219.2027,solve.va_sample,2,327.074,
1219.7029,solve.va_sample,2,327.074,
1220.2031,solve.va_sample,2,327.074,
1220.7034,solve.va_sample,2,327.074,
1221.2036,solve.va_sample,2,327.074,
1221.7038,solve.va_sample,2,327.074,
1222.2041,solve.va_sample,2,327.074,
1222.7043,solve.va_sample,2,327.074,
1223.2045,solve.va_sample,2,327.074,
1223.7048,solve.va_sample,2,327.074,
1224.2050,solve.va_sample,2,327.074,
1224.7052,solve.va_sample,2,327.074,
1225.2055,solve.va_sample,2,327.074,
1225.7058,solve.va_sample,2,327.074,
1226.2060,solve.va_sample,2,327.074,
1226.7062,solve.va_sample,2,327.074,
1227.2065,solve.va_sample,2,327.074,
1227.7067,solve.va_sample,2,327.074,
1228.2069,solve.va_sample,2,327.074,
1228.7072,solve.va_sample,2,327.074,
1229.2074,solve.va_sample,2,327.074,
1229.7076,solve.va_sample,2,327.074,
1230.2078,solve.va_sample,2,327.074,
1230.7081,solve.va_sample,2,327.074,
1231.2083,solve.va_sample,2,327.074,
1231.7085,solve.va_sample,2,327.074,
1232.2088,solve.va_sample,2,327.074,
1232.7090,solve.va_sample,2,327.074,
1233.2092,solve.va_sample,2,327.074,
1233.7094,solve.va_sample,2,327.074,
1234.2097,solve.va_sample,2,327.074,
1234.7099,solve.va_sample,2,327.074,
1235.2101,solve.va_sample,2,327.074,
1235.7103,solve.va_sample,2,327.074,
1236.2106,solve.va_sample,2,327.074,
1236.7108,solve.va_sample,2,327.074,
1237.2111,solve.va_sample,2,327.074,
1237.7113,solve.va_sample,2,327.074,
1238.2115,solve.va_sample,2,327.074,
1238.7117,solve.va_sample,2,327.074,
1239.2120,solve.va_sample,2,327.074,
1239.7122,solve.va_sample,2,327.074,
1240.2124,solve.va_sample,2,327.074,
1240.7127,solve.va_sample,2,327.074,
1241.2129,solve.va_sample,2,327.074,
1241.7131,solve.va_sample,2,327.074,
1242.2133,solve.va_sample,2,327.074,
1242.7136,solve.va_sample,2,327.074,
1243.2138,solve.va_sample,2,327.074,
1243.7140,solve.va_sample,2,327.074,
1244.2143,solve.va_sample,2,327.074,
1244.7145,solve.va_sample,2,327.074,
1245.2147,solve.va_sample,2,327.074,
1245.7150,solve.va_sample,2,327.074,
1246.2153,solve.va_sample,2,327.074,
1246.7155,solve.va_sample,2,327.074,
1247.2157,solve.va_sample,2,327.074,
1247.7160,solve.va_sample,2,327.074,
1248.2162,solve.va_sample,2,327.074,
1248.7165,solve.va_sample,2,327.074,
1249.2167,solve.va_sample,2,327.074,
1249.7169,solve.va_sample,2,327.074,
1250.2171,solve.va_sample,2,327.074,
1250.7174,solve.va_sample,2,327.074,
1251.2176,solve.va_sample,2,327.074,
1251.7179,solve.va_sample,2,327.074,
1252.2181,solve.va_sample,2,327.074,
1252.7183,solve.va_sample,2,327.074,
1253.2186,solve.va_sample,2,327.074,
1253.7188,solve.va_sample,2,327.074,
1254.2191,solve.va_sample,2,327.074,
1254.7193,solve.va_sample,2,327.074,
1255.2196,solve.va_sample,2,327.074,
1255.7198,solve.va_sample,2,327.074,
1256.2200,solve.va_sample,2,327.074,
1256.7203,solve.va_sample,2,327.074,
1257.2205,solve.va_sample,2,327.074,
1257.7207,solve.va_sample,2,327.074,
1258.2210,solve.va_sample,2,327.074,
1258.7212,solve.va_sample,2,327.074,
1259.2215,solve.va_sample,2,327.074,
1259.7217,solve.va_sample,2,327.074,
1260.2219,solve.va_sample,2,327.074,
1260.7222,solve.va_sample,2,327.074,
1261.2224,solve.va_sample,2,327.074,
1261.7227,solve.va_sample,2,327.074,
1262.2229,solve.va_sample,2,327.074,
1262.7232,solve.va_sample,2,327.074,
1263.2234,solve.va_sample,2,327.074,
1263.7237,solve.va_sample,2,327.074,
1264.2239,solve.va_sample,2,327.074,
1264.7241,solve.va_sample,2,327.074,
1265.2244,solve.va_sample,2,327.074,
1265.7246,solve.va_sample,2,327.074,
1266.2249,solve.va_sample,2,327.074,
1266.7251,solve.va_sample,2,327.074,
1267.2253,solve.va_sample,2,327.074,
1267.7256,solve.va_sample,2,327.074,
1268.2259,solve.va_sample,2,327.074,
1268.7261,solve.va_sample,2,327.074,
1269.2264,solve.va_sample,2,327.074,
1269.7266,solve.va_sample,2,327.074,
1270.2269,solve.va_sample,2,327.074,
1270.7271,solve.va_sample,2,327.074,
1271.2273,solve.va_sample,2,327.074,
1271.7276,solve.va_sample,2,327.074,
1272.2278,solve.va_sample,2,327.074,
1272.7281,solve.va_sample,2,327.074,
1273.2283,solve.va_sample,2,327.074,
1273.7286,solve.va_sample,2,327.074,
1274.2288,solve.va_sample,2,327.074,
1274.7290,solve.va_sample,2,327.074,
1275.2293,solve.va_sample,2,327.074,
1275.7295,solve.va_sample,2,327.074,
1276.2297,solve.va_sample,2,327.074,
1276.7300,solve.va_sample,2,327.074,
1277.2302,solve.va_sample,2,327.074,
1277.7305,solve.va_sample,2,327.074,
1278.2307,solve.va_sample,2,327.074,
1278.7309,solve.va_sample,2,327.074,
1279.2312,solve.va_sample,2,327.074,
1279.7314,solve.va_sample,2,327.074,
1280.2316,solve.va_sample,2,327.074,
1280.7319,solve.va_sample,2,327.074,
1281.2321,solve.va_sample,2,327.074,
1281.7324,solve.va_sample,2,327.074,
1282.2326,solve.va_sample,2,327.074,
1282.7329,solve.va_sample,2,327.074,
1283.2331,solve.va_sample,2,327.074,
1283.7333,solve.va_sample,2,327.074,
1284.2336,solve.va_sample,2,327.074,
1284.7338,solve.va_sample,2,327.074,
1285.2341,solve.va_sample,2,327.074,
1285.7343,solve.va_sample,2,327.074,
1286.2346,solve.va_sample,2,327.074,
1286.7348,solve.va_sample,2,327.074,
1287.2350,solve.va_sample,2,327.074,
1287.7353,solve.va_sample,2,327.074,
1288.2355,solve.va_sample,2,327.074,
1288.7357,solve.va_sample,2,327.074,
1289.2360,solve.va_sample,2,327.074,
1289.7362,solve.va_sample,2,327.074,
1290.2365,solve.va_sample,2,327.074,
1290.7367,solve.va_sample,2,327.074,
1291.2369,solve.va_sample,2,327.074,
1291.7372,solve.va_sample,2,327.074,
1292.2374,solve.va_sample,2,327.074,
1292.7377,solve.va_sample,2,327.074,
1293.2379,solve.va_sample,2,327.074,
1293.7381,solve.va_sample,2,327.074,
1294.2384,solve.va_sample,2,327.074,
1294.7386,solve.va_sample,2,327.074,
1295.2389,solve.va_sample,2,327.332,
1295.7391,solve.va_sample,2,327.332,
1296.2394,solve.va_sample,2,327.332,
1296.7396,solve.va_sample,2,327.332,
1297.2399,solve.va_sample,2,327.332,
1297.7401,solve.va_sample,2,327.332,
1298.2404,solve.va_sample,2,327.332,
1298.7406,solve.va_sample,2,327.332,
1299.2408,solve.va_sample,2,327.332,
1299.7411,solve.va_sample,2,327.332,
1300.2413,solve.va_sample,2,327.332,
1300.7416,solve.va_sample,2,327.332,
1301.2418,solve.va_sample,2,327.332,
1301.7421,solve.va_sample,2,327.332,
1302.2423,solve.va_sample,2,327.332,
1302.7426,solve.va_sample,2,327.332,
1303.2428,solve.va_sample,2,327.332,
1303.7431,solve.va_sample,2,327.332,
1304.2433,solve.va_sample,2,327.332,
1304.7436,solve.va_sample,2,327.332,
1305.2438,solve.va_sample,2,327.332,
1305.7441,solve.va_sample,2,327.332,
1306.2444,solve.va_sample,2,327.332,
1306.7447,solve.va_sample,2,327.332,
1307.2449,solve.va_sample,2,327.332,
1307.7452,solve.va_sample,2,327.332,
1308.2454,solve.va_sample,2,327.332,
1308.7457,solve.va_sample,2,327.332,
1309.2459,solve.va_sample,2,327.332,
1309.7462,solve.va_sample,2,327.332,
1310.2465,solve.va_sample,2,327.332,
1310.7467,solve.va_sample,2,327.332,
1311.2469,solve.va_sample,2,327.332,
1311.7472,solve.va_sample,2,327.332,
1312.2474,solve.va_sample,2,327.332,
1312.7477,solve.va_sample,2,327.332,
1313.2479,solve.va_sample,2,327.332,
1313.7481,solve.va_sample,2,327.332,
1314.2484,solve.va_sample,2,327.332,
1314.7487,solve.va_sample,2,327.332,
1315.2489,solve.va_sample,2,327.332,
1315.7492,solve.va_sample,2,327.332,
1316.2494,solve.va_sample,2,327.332,
1316.7497,solve.va_sample,2,327.332,
1317.2499,solve.va_sample,2,327.332,
1317.7502,solve.va_sample,2,327.332,
1318.2504,solve.va_sample,2,327.332,
1318.7507,solve.va_sample,2,327.332,
1319.2509,solve.va_sample,2,327.332,
1319.7512,solve.va_sample,2,327.332,
1320.2514,solve.va_sample,2,327.332,
1320.7517,solve.va_sample,2,327.332,
1321.2520,solve.va_sample,2,327.332,
1321.7522,solve.va_sample,2,327.332,
1322.2525,solve.va_sample,2,327.332,
1322.7527,solve.va_sample,2,327.332,
1323.2530,solve.va_sample,2,327.332,
1323.7533,solve.va_sample,2,327.332,
1324.2536,solve.va_sample,2,327.332,
1324.7538,solve.va_sample,2,327.332,
1325.2541,solve.va_sample,2,327.332,
1325.7543,solve.va_sample,2,327.332,
1326.2546,solve.va_sample,2,327.332,
1326.7548,solve.va_sample,2,327.332,
1327.2551,solve.va_sample,2,327.332,
1327.7554,solve.va_sample,2,327.332,
1328.2556,solve.va_sample,2,327.332,
1328.7559,solve.va_sample,2,327.332,
1329.2561,solve.va_sample,2,327.332,
1329.7563,solve.va_sample,2,327.332,
1330.2566,solve.va_sample,2,327.332,
1330.7568,solve.va_sample,2,327.332,
1331.2571,solve.va_sample,2,327.332,
1331.7573,solve.va_sample,2,327.332,
1332.2576,solve.va_sample,2,327.332,
1332.7578,solve.va_sample,2,327.332,
1333.2581,solve.va_sample,2,327.332,
1333.7583,solve.va_sample,2,327.332,
1334.2585,solve.va_sample,2,327.332,
1334.7588,solve.va_sample,2,327.332,
1335.2590,solve.va_sample,2,327.332,
1335.7593,solve.va_sample,2,327.332,
1336.2595,solve.va_sample,2,327.332,
1336.7598,solve.va_sample,2,327.332,
1337.2600,solve.va_sample,2,327.332,
1337.7603,solve.va_sample,2,327.332,
1338.2605,solve.va_sample,2,327.332,
1338.7608,solve.va_sample,2,327.332,
1339.2611,solve.va_sample,2,327.332,
1339.7613,solve.va_sample,2,327.332,
1340.2616,solve.va_sample,2,327.332,
1340.7618,solve.va_sample,2,327.332,
1341.2620,solve.va_sample,2,327.332,
1341.7623,solve.va_sample,2,327.332,
1342.2625,solve.va_sample,2,327.332,
1342.7628,solve.va_sample,2,327.332,
1343.2630,solve.va_sample,2,327.332,
1343.7632,solve.va_sample,2,327.332,
1344.2634,solve.va_sample,2,327.332,
1344.7637,solve.va_sample,2,327.332,
1345.2639,solve.va_sample,2,327.332,
1345.7642,solve.va_sample,2,327.332,
1346.2644,solve.va_sample,2,327.332,
1346.7647,solve.va_sample,2,327.332,
1347.2649,solve.va_sample,2,327.332,
1347.7652,solve.va_sample,2,327.332,
1348.2654,solve.va_sample,2,327.332,
1348.7657,solve.va_sample,2,327.332,
1349.2659,solve.va_sample,2,327.332,
1349.7662,solve.va_sample,2,327.332,
1350.2664,solve.va_sample,2,327.332,
1350.7667,solve.va_sample,2,327.332,
1351.2669,solve.va_sample,2,327.332,
1351.7672,solve.va_sample,2,327.332,
1352.2674,solve.va_sample,2,327.332,
1352.7677,solve.va_sample,2,327.332,
1353.2679,solve.va_sample,2,327.332,
1353.7682,solve.va_sample,2,327.332,
1354.2684,solve.va_sample,2,327.332,
1354.7687,solve.va_sample,2,327.332,
1355.2689,solve.va_sample,2,327.332,
1355.7691,solve.va_sample,2,327.332,
1356.2694,solve.va_sample,2,327.332,
1356.7696,solve.va_sample,2,327.332,
1357.2698,solve.va_sample,2,327.332,
1357.7701,solve.va_sample,2,327.332,
1358.2703,solve.va_sample,2,327.332,
1358.7706,solve.va_sample,2,327.332,
1359.2708,solve.va_sample,2,327.332,
1359.7711,solve.va_sample,2,327.332,
1360.2713,solve.va_sample,2,327.332,
1360.7716,solve.va_sample,2,327.332,
1361.2718,solve.va_sample,2,327.332,
1361.7721,solve.va_sample,2,327.332,
1362.2723,solve.va_sample,2,327.332,
1362.7725,solve.va_sample,2,327.332,
1363.2728,solve.va_sample,2,327.332,
1363.7730,solve.va_sample,2,327.332,
1364.2732,solve.va_sample,2,327.332,
1364.7735,solve.va_sample,2,327.332,
1365.2737,solve.va_sample,2,327.332,
1365.7740,solve.va_sample,2,327.332,
1366.2742,solve.va_sample,2,327.332,
1366.7745,solve.va_sample,2,327.332,
1367.2748,solve.va_sample,2,327.332,
1367.7750,solve.va_sample,2,327.332,
1368.2753,solve.va_sample,2,327.332,
1368.7755,solve.va_sample,2,327.332,
1369.2758,solve.va_sample,2,327.332,
1369.7760,solve.va_sample,2,327.332,
1370.2762,solve.va_sample,2,327.332,
1370.7765,solve.va_sample,2,327.332,
1371.2767,solve.va_sample,2,327.332,
1371.7770,solve.va_sample,2,327.332,
1372.2772,solve.va_sample,2,327.332,
1372.7774,solve.va_sample,2,327.332,
1373.2777,solve.va_sample,2,327.332,
1373.7779,solve.va_sample,2,327.332,
1374.2782,solve.va_sample,2,327.332,
1374.7784,solve.va_sample,2,327.332,
1375.2787,solve.va_sample,2,327.332,
1375.7789,solve.va_sample,2,327.332,
1376.2792,solve.va_sample,2,327.332,
1376.7794,solve.va_sample,2,327.332,
1377.2797,solve.va_sample,2,327.332,
1377.7799,solve.va_sample,2,327.332,
1378.2802,solve.va_sample,2,327.332,
1378.7805,solve.va_sample,2,327.332,
1379.2807,solve.va_sample,2,327.332,
1379.7809,solve.va_sample,2,327.332,
1380.2812,solve.va_sample,2,327.332,
1380.7814,solve.va_sample,2,327.332,
1381.2817,solve.va_sample,2,327.332,
1381.7819,solve.va_sample,2,327.332,
1382.2822,solve.va_sample,2,327.332,
1382.7824,solve.va_sample,2,327.332,
1383.2827,solve.va_sample,2,327.332,
1383.7829,solve.va_sample,2,327.332,
1384.2832,solve.va_sample,2,327.332,
1384.7834,solve.va_sample,2,327.332,
1385.2836,solve.va_sample,2,327.332,
1385.7839,solve.va_sample,2,327.332,
1386.2841,solve.va_sample,2,327.332,
1386.7843,solve.va_sample,2,327.332,
1387.2846,solve.va_sample,2,327.332,
1387.7848,solve.va_sample,2,327.332,
1388.2851,solve.va_sample,2,327.332,
1388.7853,solve.va_sample,2,327.332,
1389.2856,solve.va_sample,2,327.332,
1389.7858,solve.va_sample,2,327.332,
1390.2861,solve.va_sample,2,327.332,
1390.7863,solve.va_sample,2,327.332,
1391.2866,solve.va_sample,2,327.332,
1391.7868,solve.va_sample,2,327.332,
1392.2871,solve.va_sample,2,327.332,
1392.7873,solve.va_sample,2,327.332,
1393.2876,solve.va_sample,2,327.332,
1393.7878,solve.va_sample,2,327.332,
1394.2881,solve.va_sample,2,327.332,
1394.7883,solve.va_sample,2,327.332,
1395.2886,solve.va_sample,2,327.332,
1395.7888,solve.va_sample,2,327.332,
1396.2891,solve.va_sample,2,327.332,
1396.7893,solve.va_sample,2,327.332,
1397.2896,solve.va_sample,2,327.332,
1397.7898,solve.va_sample,2,327.332,
1398.2900,solve.va_sample,2,327.332,
1398.7903,solve.va_sample,2,327.332,
1399.2905,solve.va_sample,2,327.332,
1399.7908,solve.va_sample,2,327.332,
1400.2910,solve.va_sample,2,327.332,
1400.7912,solve.va_sample,2,327.332,
1401.2915,solve.va_sample,2,327.332,
1401.7918,solve.va_sample,2,327.332,
1402.2920,solve.va_sample,2,327.332,
1402.7923,solve.va_sample,2,327.332,
1403.2925,solve.va_sample,2,327.332,
1403.7928,solve.va_sample,2,327.332,
1404.2930,solve.va_sample,2,327.332,
1404.7933,solve.va_sample,2,327.332,
1405.2935,solve.va_sample,2,327.332,
1405.7937,solve.va_sample,2,327.332,
1406.2940,solve.va_sample,2,327.332,
1406.7942,solve.va_sample,2,327.332,
1407.2945,solve.va_sample,2,327.332,
1407.7947,solve.va_sample,2,327.332,
1408.2950,solve.va_sample,2,327.332,
1408.7952,solve.va_sample,2,327.332,
1409.2955,solve.va_sample,2,327.332,
1409.7957,solve.va_sample,2,327.332,
1410.2960,solve.va_sample,2,327.332,
1410.7962,solve.va_sample,2,327.332,
1411.2965,solve.va_sample,2,327.332,
1411.7967,solve.va_sample,2,327.332,
1412.2969,solve.va_sample,2,327.332,
1412.7972,solve.va_sample,2,327.332,
1413.2974,solve.va_sample,2,327.332,
1413.7977,solve.va_sample,2,327.332,
1414.2979,solve.va_sample,2,327.332,
1414.7981,solve.va_sample,2,327.332,
1415.2984,solve.va_sample,2,327.332,
1415.7986,solve.va_sample,2,327.332,
1416.2988,solve.va_sample,2,327.332,
1416.7991,solve.va_sample,2,327.332,
1417.2993,solve.va_sample,2,327.332,
1417.7995,solve.va_sample,2,327.332,
1418.2998,solve.va_sample,2,327.332,
1418.8000,solve.va_sample,2,327.332,
1419.3003,solve.va_sample,2,327.332,
1419.8005,solve.va_sample,2,327.332,
1420.3007,solve.va_sample,2,327.332,
1420.8010,solve.va_sample,2,327.332,
1421.3012,solve.va_sample,2,327.332,
1421.8014,solve.va_sample,2,327.332,
1422.3017,solve.va_sample,2,327.332,
1422.8019,solve.va_sample,2,327.332,
1423.3021,solve.va_sample,2,327.332,
1423.8024,solve.va_sample,2,327.332,
1424.3026,solve.va_sample,2,327.332,
1424.8029,solve.va_sample,2,327.332,
1425.3031,solve.va_sample,2,327.332,
1425.8034,solve.va_sample,2,327.332,
1426.3037,solve.va_sample,2,327.332,
1426.8039,solve.va_sample,2,327.332,
1427.3042,solve.va_sample,2,327.332,
1427.8044,solve.va_sample,2,327.332,
1428.3047,solve.va_sample,2,327.332,
1428.8049,solve.va_sample,2,327.332,
1429.3051,solve.va_sample,2,327.332,
1429.8054,solve.va_sample,2,327.332,
1430.3056,solve.va_sample,2,327.332,
1430.8059,solve.va_sample,2,327.332,
1431.3061,solve.va_sample,2,327.332,
1431.8063,solve.va_sample,2,327.332,
1432.3066,solve.va_sample,2,327.332,
1432.8068,solve.va_sample,2,327.332,
1433.3071,solve.va_sample,2,327.332,
1433.8073,solve.va_sample,2,327.332,
1434.3075,solve.va_sample,2,327.332,
1434.8078,solve.va_sample,2,327.332,
1435.3080,solve.va_sample,2,327.332,
1435.8083,solve.va_sample,2,327.332,
1436.3085,solve.va_sample,2,327.332,
1436.8088,solve.va_sample,2,327.332,
1437.3090,solve.va_sample,2,327.332,
1437.8093,solve.va_sample,2,327.332,
1438.3095,solve.va_sample,2,327.332,
1438.8098,solve.va_sample,2,327.332,
1439.3100,solve.va_sample,2,327.332,
1439.8103,solve.va_sample,2,327.332,
1440.3105,solve.va_sample,2,327.332,
1440.8108,solve.va_sample,2,327.332,
1441.3110,solve.va_sample,2,327.332,
1441.8113,solve.va_sample,2,327.332,
1442.3115,solve.va_sample,2,327.332,
1442.8118,solve.va_sample,2,327.332,
1443.3120,solve.va_sample,2,327.332,
1443.8122,solve.va_sample,2,327.332,
1444.3125,solve.va_sample,2,327.332,
1444.8127,solve.va_sample,2,327.332,
1445.3129,solve.va_sample,2,327.332,
1445.8132,solve.va_sample,2,327.332,
1446.3134,solve.va_sample,2,327.332,
1446.8137,solve.va_sample,2,327.332,
1447.3139,solve.va_sample,2,327.332,
1447.8142,solve.va_sample,2,327.332,
1448.3144,solve.va_sample,2,327.332,
1448.8147,solve.va_sample,2,327.332,
1449.3149,solve.va_sample,2,327.332,
1449.8151,solve.va_sample,2,327.332,
1450.3153,solve.va_sample,2,327.332,
1450.8156,solve.va_sample,2,327.332,
1451.3158,solve.va_sample,2,327.332,
1451.8160,solve.va_sample,2,327.332,
1452.3163,solve.va_sample,2,327.332,
1452.8166,solve.va_sample,2,327.332,
1453.3168,solve.va_sample,2,327.332,
1453.8170,solve.va_sample,2,327.332,
1454.3173,solve.va_sample,2,327.332,
1454.8175,solve.va_sample,2,327.332,
1455.3178,solve.va_sample,2,327.332,
1455.8180,solve.va_sample,2,327.332,
1456.3182,solve.va_sample,2,327.332,
1456.8185,solve.va_sample,2,327.332,
1457.3187,solve.va_sample,2,327.332,
1457.8190,solve.va_sample,2,327.332,
1458.3192,solve.va_sample,2,327.332,
1458.8194,solve.va_sample,2,327.332,
1459.3196,solve.va_sample,2,327.332,
1459.8199,solve.va_sample,2,327.332,
1460.3201,solve.va_sample,2,327.332,
1460.8203,solve.va_sample,2,327.332,
1461.3206,solve.va_sample,2,327.332,
1461.8208,solve.va_sample,2,327.332,
1462.3210,solve.va_sample,2,327.332,
1462.8213,solve.va_sample,2,327.332,
1463.3215,solve.va_sample,2,327.332,
1463.8218,solve.va_sample,2,327.332,
1464.3220,solve.va_sample,2,327.332,
1464.8222,solve.va_sample,2,327.332,
1465.3225,solve.va_sample,2,327.332,
1465.8227,solve.va_sample,2,327.332,
1466.3230,solve.va_sample,2,327.332,
1466.8232,solve.va_sample,2,327.332,
1467.3235,solve.va_sample,2,327.332,
1467.8237,solve.va_sample,2,327.332,
1468.3240,solve.va_sample,2,327.332,
1468.8242,solve.va_sample,2,327.332,
1469.3244,solve.va_sample,2,327.332,
1469.8247,solve.va_sample,2,327.332,
1470.3249,solve.va_sample,2,327.332,
1470.8251,solve.va_sample,2,327.332,
1471.3254,solve.va_sample,2,327.332,
1471.8256,solve.va_sample,2,327.332,
1472.3258,solve.va_sample,2,327.332,
1472.8261,solve.va_sample,2,327.332,
1473.3263,solve.va_sample,2,327.332,
1473.8266,solve.va_sample,2,327.332,
1474.3268,solve.va_sample,2,327.332,
1474.8270,solve.va_sample,2,327.332,
1475.3273,solve.va_sample,2,327.332,
1475.8276,solve.va_sample,2,327.332,
1476.3278,solve.va_sample,2,327.332,
1476.8280,solve.va_sample,2,327.332,
1477.3283,solve.va_sample,2,327.332,
1477.8285,solve.va_sample,2,327.332,
1478.3287,solve.va_sample,2,327.332,
1478.8290,solve.va_sample,2,327.332,
1479.3292,solve.va_sample,2,327.332,
1479.8294,solve.va_sample,2,327.332,
1480.3297,solve.va_sample,2,327.332,
1480.8299,solve.va_sample,2,327.332,
1481.3302,solve.va_sample,2,327.332,
1481.8304,solve.va_sample,2,327.332,
1482.3307,solve.va_sample,2,327.332,
1482.8309,solve.va_sample,2,327.332,
1483.3311,solve.va_sample,2,327.332,
1483.8314,solve.va_sample,2,327.332,
1484.3316,solve.va_sample,2,327.332,
1484.8319,solve.va_sample,2,327.332,
1485.3321,solve.va_sample,2,327.332,
1485.8324,solve.va_sample,2,327.332,
1486.3326,solve.va_sample,2,327.332,
1486.8329,solve.va_sample,2,327.332,
1487.3331,solve.va_sample,2,327.332,
1487.8333,solve.va_sample,2,327.332,
1488.3336,solve.va_sample,2,327.332,
1488.8338,solve.va_sample,2,327.332,
1489.3341,solve.va_sample,2,327.332,
1489.8343,solve.va_sample,2,327.332,
1490.3345,solve.va_sample,2,327.332,
1490.8348,solve.va_sample,2,327.332,
1491.3350,solve.va_sample,2,327.332,
1491.8352,solve.va_sample,2,327.332,
1492.3355,solve.va_sample,2,327.332,
1492.8357,solve.va_sample,2,327.332,
1493.3359,solve.va_sample,2,327.332,
1493.8362,solve.va_sample,2,327.332,
1494.3364,solve.va_sample,2,327.332,
1494.8366,solve.va_sample,2,327.332,
1495.3369,solve.va_sample,2,327.332,
1495.8371,solve.va_sample,2,327.332,
1496.3374,solve.va_sample,2,327.332,
1496.8376,solve.va_sample,2,327.332,
1497.3379,solve.va_sample,2,327.332,
1497.8381,solve.va_sample,2,327.332,
1498.3384,solve.va_sample,2,327.332,
1498.8386,solve.va_sample,2,327.332,
1499.3388,solve.va_sample,2,327.332,
1499.8391,solve.va_sample,2,327.332,
1500.3393,solve.va_sample,2,327.332,
1500.8395,solve.va_sample,2,327.332,
1501.3398,solve.va_sample,2,327.332,
1501.8400,solve.va_sample,2,327.332,
1502.3402,solve.va_sample,2,327.332,
1502.8404,solve.va_sample,2,327.332,
1503.3407,solve.va_sample,2,327.332,
1503.8409,solve.va_sample,2,327.332,
1504.3411,solve.va_sample,2,327.332,
1504.8414,solve.va_sample,2,327.332,
1505.3416,solve.va_sample,2,327.332,
1505.8418,solve.va_sample,2,327.332,
1506.3421,solve.va_sample,2,327.332,
1506.8423,solve.va_sample,2,327.332,
1507.3425,solve.va_sample,2,327.332,
1507.8428,solve.va_sample,2,327.332,
1508.3430,solve.va_sample,2,327.332,
1508.8432,solve.va_sample,2,327.332,
1509.3435,solve.va_sample,2,327.332,
1509.8437,solve.va_sample,2,327.332,
1510.3440,solve.va_sample,2,327.332,
1510.8442,solve.va_sample,2,327.332,
1511.3444,solve.va_sample,2,327.332,
1511.8447,solve.va_sample,2,327.332,
1512.3449,solve.va_sample,2,327.332,
1512.8451,solve.va_sample,2,327.332,
1513.3454,solve.va_sample,2,327.332,
1513.8456,solve.va_sample,2,327.332,
1514.3458,solve.va_sample,2,327.332,
1514.8461,solve.va_sample,2,327.332,
1515.3463,solve.va_sample,2,327.332,
1515.8466,solve.va_sample,2,327.332,
1516.3468,solve.va_sample,2,327.332,
1516.8470,solve.va_sample,2,327.332,
1517.3473,solve.va_sample,2,327.332,
1517.8475,solve.va_sample,2,327.332,
1518.3477,solve.va_sample,2,327.332,
1518.8480,solve.va_sample,2,327.332,
1519.3482,solve.va_sample,2,327.332,
1519.8484,solve.va_sample,2,327.332,
1520.3487,solve.va_sample,2,327.332,
1520.8489,solve.va_sample,2,327.332,
1521.3491,solve.va_sample,2,327.332,
1521.8493,solve.va_sample,2,327.332,
1522.3496,solve.va_sample,2,327.332,
1522.8498,solve.va_sample,2,327.332,
1523.3501,solve.va_sample,2,327.332,
1523.8503,solve.va_sample,2,327.332,
1524.3506,solve.va_sample,2,327.332,
1524.8508,solve.va_sample,2,327.332,
1525.3510,solve.va_sample,2,327.332,
1525.8513,solve.va_sample,2,327.332,
1526.3515,solve.va_sample,2,327.332,
1526.8517,solve.va_sample,2,327.332,
1527.3519,solve.va_sample,2,327.332,
1527.8522,solve.va_sample,2,327.332,
1528.3524,solve.va_sample,2,327.332,
1528.8526,solve.va_sample,2,327.332,
1529.3529,solve.va_sample,2,327.332,
1529.8531,solve.va_sample,2,327.332,
1530.3533,solve.va_sample,2,327.332,
1530.8536,solve.va_sample,2,327.332,
1531.3538,solve.va_sample,2,327.332,
1531.8540,solve.va_sample,2,327.332,
1532.3543,solve.va_sample,2,327.332,
1532.8545,solve.va_sample,2,327.332,
1533.3548,solve.va_sample,2,327.332,
1533.8550,solve.va_sample,2,327.332,
1534.3552,solve.va_sample,2,327.332,
1534.8554,solve.va_sample,2,327.332,
1535.3557,solve.va_sample,2,327.332,
1535.8559,solve.va_sample,2,327.332,
1536.3561,solve.va_sample,2,327.332,
1536.8564,solve.va_sample,2,327.332,
1537.3566,solve.va_sample,2,327.332,
1537.8568,solve.va_sample,2,327.332,
1538.3571,solve.va_sample,2,327.332,
1538.8574,solve.va_sample,2,327.332,
1539.3576,solve.va_sample,2,327.332,
1539.8578,solve.va_sample,2,327.332,
1540.3581,solve.va_sample,2,327.332,
1540.8583,solve.va_sample,2,327.332,
1541.3586,solve.va_sample,2,327.332,
1541.8588,solve.va_sample,2,327.332,
1542.3590,solve.va_sample,2,327.332,
1542.8593,solve.va_sample,2,327.332,
1543.3595,solve.va_sample,2,327.332,
1543.8597,solve.va_sample,2,327.332,
1544.3600,solve.va_sample,2,327.332,
1544.8602,solve.va_sample,2,327.332,
1545.3604,solve.va_sample,2,327.332,
1545.8607,solve.va_sample,2,327.332,
1546.3610,solve.va_sample,2,327.332,
1546.8612,solve.va_sample,2,327.332,
1547.3615,solve.va_sample,2,327.332,
1547.8617,solve.va_sample,2,327.332,
1548.3620,solve.va_sample,2,327.332,
1548.8622,solve.va_sample,2,327.332,
1549.3625,solve.va_sample,2,327.332,
1549.8627,solve.va_sample,2,327.332,
1550.3630,solve.va_sample,2,327.332,
1550.8633,solve.va_sample,2,327.332,
1551.3635,solve.va_sample,2,327.332,
1551.8638,solve.va_sample,2,327.332,
1552.3641,solve.va_sample,2,327.332,
1552.8643,solve.va_sample,2,327.332,
1553.3646,solve.va_sample,2,327.332,
1553.8648,solve.va_sample,2,327.332,
1554.3650,solve.va_sample,2,327.332,
1554.8653,solve.va_sample,2,327.332,
1555.3655,solve.va_sample,2,327.332,
1555.8658,solve.va_sample,2,327.332,
1556.3660,solve.va_sample,2,327.332,
1556.8662,solve.va_sample,2,327.332,
1557.3665,solve.va_sample,2,327.332,
1557.8667,solve.va_sample,2,327.332,
1558.3670,solve.va_sample,2,327.332,
1558.8672,solve.va_sample,2,327.332,
1559.3675,solve.va_sample,2,327.332,
1559.8677,solve.va_sample,2,327.332,
1560.3679,solve.va_sample,2,327.332,
1560.8682,solve.va_sample,2,327.332,
1561.3684,solve.va_sample,2,327.332,
1561.8686,solve.va_sample,2,327.332,
1562.3689,solve.va_sample,2,327.332,
1562.8691,solve.va_sample,2,327.332,
1563.3693,solve.va_sample,2,327.332,
1563.8696,solve.va_sample,2,327.332,
1564.3698,solve.va_sample,2,327.332,
1564.8701,solve.va_sample,2,327.332,
1565.3703,solve.va_sample,2,327.332,
1565.8705,solve.va_sample,2,327.332,
1566.3708,solve.va_sample,2,327.332,
1566.8711,solve.va_sample,2,327.332,
1567.3713,solve.va_sample,2,327.332,
1567.8716,solve.va_sample,2,327.332,
1568.3718,solve.va_sample,2,327.332,
1568.8721,solve.va_sample,2,327.332,
1569.3723,solve.va_sample,2,327.332,
1569.8726,solve.va_sample,2,327.332,
1570.3728,solve.va_sample,2,327.332,
1570.8730,solve.va_sample,2,327.332,
1571.3733,solve.va_sample,2,327.332,
1571.8735,solve.va_sample,2,327.332,
1572.3738,solve.va_sample,2,327.332,
1572.8740,solve.va_sample,2,327.332,
1573.3743,solve.va_sample,2,327.332,
1573.8745,solve.va_sample,2,327.332,
1574.3748,solve.va_sample,2,327.332,
1574.8750,solve.va_sample,2,327.332,
1575.3752,solve.va_sample,2,327.332,
1575.8755,solve.va_sample,2,327.332,
1576.3757,solve.va_sample,2,327.332,
1576.8760,solve.va_sample,2,327.332,
1577.3762,solve.va_sample,2,327.332,
1577.8764,solve.va_sample,2,327.332,
1578.3767,solve.va_sample,2,327.332,
1578.8769,solve.va_sample,2,327.332,
1579.3771,solve.va_sample,2,327.332,
1579.8774,solve.va_sample,2,327.332,
1580.3776,solve.va_sample,2,327.332,
1580.8779,solve.va_sample,2,327.332,
1581.3781,solve.va_sample,2,327.332,
1581.8784,solve.va_sample,2,327.332,
1582.3786,solve.va_sample,2,327.332,
1582.8789,solve.va_sample,2,327.332,
1583.3791,solve.va_sample,2,327.332,
1583.8794,solve.va_sample,2,327.332,
1584.3796,solve.va_sample,2,327.332,
1584.8798,solve.va_sample,2,327.332,
1585.3801,solve.va_sample,2,327.332,
1585.8803,solve.va_sample,2,327.332,
1586.3806,solve.va_sample,2,327.332,
1586.8808,solve.va_sample,2,327.332,
1587.3810,solve.va_sample,2,327.332,
1587.8813,solve.va_sample,2,327.332,
1588.3815,solve.va_sample,2,327.332,
1588.8818,solve.va_sample,2,327.332,
1589.3820,solve.va_sample,2,327.332,
1589.8822,solve.va_sample,2,327.332,
1590.3825,solve.va_sample,2,327.332,
1590.8827,solve.va_sample,2,327.332,
1591.3829,solve.va_sample,2,327.332,
1591.8832,solve.va_sample,2,327.332,
1592.3834,solve.va_sample,2,327.332,
1592.8837,solve.va_sample,2,327.332,
1593.3839,solve.va_sample,2,327.332,
1593.8842,solve.va_sample,2,327.332,
1594.3844,solve.va_sample,2,327.332,
1594.8846,solve.va_sample,2,327.332,
1595.4108,solve.va_sample,2,331.199,
1595.9469,solve.va_sample,2,336.098,
1596.4759,solve.va_sample,2,341.512,
1597.0098,solve.va_sample,2,346.668,
1597.5441,solve.va_sample,2,351.824,
1597.6611,solve.va_sample,2,353.113,
1597.6641,solve.sample_eval,2,353.113,
1598.0697,solve.sample_eval,2,357.238,
1598.6003,solve.sample_eval,2,372.449,
1599.1364,solve.sample_eval,2,383.020,
1599.6629,solve.sample_eval,2,394.621,
1600.1941,solve.sample_eval,2,405.449,
1600.7299,solve.sample_eval,2,425.559,
1601.2554,solve.sample_eval,2,435.355,
1601.7912,solve.sample_eval,2,446.957,
1602.3218,solve.sample_eval,2,457.527,
1602.8525,solve.sample_eval,2,469.129,
1603.3791,solve.sample_eval,2,480.215,
1603.9151,solve.sample_eval,2,491.043,
1604.4407,solve.sample_eval,2,525.332,
1604.5180,solve.sample_eval,2,525.848,
1604.5194,solve,1,525.848,
1604.9528,(unmarked),0,531.430,
1605.3005,(unmarked),0,503.570,
