t_seconds,phase,depth,rss_mb,batch_id
0.0005,data_load,1,103.281,
0.0655,data_load,1,109.625,
0.0659,batch_build,1,109.625,
0.0970,batch_build,1,110.371,
0.1026,preflight,1,110.371,
0.5260,preflight,1,129.891,
0.5279,preflight.pyqubo_express,2,129.891,
0.5933,preflight.pyqubo_express,2,130.406,
0.5936,preflight.pyqubo_compile,2,130.406,
0.6401,preflight.pyqubo_compile,2,187.789,
0.6477,preflight.to_qubo,2,187.789,
0.6959,preflight.to_qubo,2,198.016,
0.7330,preflight,1,194.688,
0.8028,solve,1,195.406,
1.0516,solve,1,195.406,
1.2395,solve.pyqubo_express,2,196.438,
1.3227,solve.pyqubo_express,2,196.695,
1.3229,solve.pyqubo_compile,2,196.695,
1.3726,solve.pyqubo_compile,2,254.340,
1.3813,solve.to_qubo,2,254.340,
1.4299,solve.to_qubo,2,261.816,
1.4319,solve,1,261.816,
1.4330,solve,1,261.816,
1.4336,solve.va_model_build,2,261.816,
2.1590,solve.va_model_build,2,262.848,
2.1705,solve.va_model_build,2,326.012,
2.1707,solve.va_sample,2,326.012,
2.6593,solve.va_sample,2,326.270,
3.1596,solve.va_sample,2,326.270,
3.6598,solve.va_sample,2,326.270,
4.1600,solve.va_sample,2,326.270,
4.6603,solve.va_sample,2,326.270,
5.1605,solve.va_sample,2,326.270,
5.6607,solve.va_sample,2,326.270,
6.1610,solve.va_sample,2,326.270,
6.6612,solve.va_sample,2,326.270,
7.1614,solve.va_sample,2,326.270,
7.6616,solve.va_sample,2,326.270,
8.1618,solve.va_sample,2,326.270,
8.6621,solve.va_sample,2,326.270,
9.1623,solve.va_sample,2,326.270,
9.6626,solve.va_sample,2,326.270,
10.1628,solve.va_sample,2,326.270,
10.6630,solve.va_sample,2,326.270,
11.1633,solve.va_sample,2,326.270,
11.6635,solve.va_sample,2,326.270,
12.1637,solve.va_sample,2,326.270,
12.6640,solve.va_sample,2,326.270,
13.1642,solve.va_sample,2,326.270,
13.6644,solve.va_sample,2,326.270,
14.1646,solve.va_sample,2,326.270,
14.6649,solve.va_sample,2,326.270,
15.1651,solve.va_sample,2,326.270,
15.6653,solve.va_sample,2,326.270,
16.1655,solve.va_sample,2,326.270,
16.6658,solve.va_sample,2,326.270,
17.1660,solve.va_sample,2,326.270,
17.6662,solve.va_sample,2,326.270,
18.1664,solve.va_sample,2,326.270,
18.6667,solve.va_sample,2,326.270,
19.1669,solve.va_sample,2,326.270,
19.6671,solve.va_sample,2,326.270,
20.1674,solve.va_sample,2,326.270,
20.6676,solve.va_sample,2,326.270,
21.1679,solve.va_sample,2,326.270,
21.6681,solve.va_sample,2,326.270,
22.1684,solve.va_sample,2,326.270,
22.6686,solve.va_sample,2,326.270,
23.1688,solve.va_sample,2,326.270,
23.6691,solve.va_sample,2,326.270,
24.1693,solve.va_sample,2,326.270,
24.6695,solve.va_sample,2,326.270,
25.1698,solve.va_sample,2,326.270,
25.6700,solve.va_sample,2,326.270,
26.1702,solve.va_sample,2,326.270,
26.6705,solve.va_sample,2,326.270,
27.1707,solve.va_sample,2,326.270,
27.6710,solve.va_sample,2,326.270,
28.1712,solve.va_sample,2,326.270,
28.6715,solve.va_sample,2,326.270,
29.1717,solve.va_sample,2,326.270,
29.6720,solve.va_sample,2,326.270,
30.1722,solve.va_sample,2,326.270,
30.6725,solve.va_sample,2,326.270,
31.1727,solve.va_sample,2,326.270,
31.6729,solve.va_sample,2,326.270,
32.1731,solve.va_sample,2,326.270,
32.6734,solve.va_sample,2,326.270,
33.1736,solve.va_sample,2,326.270,
33.6738,solve.va_sample,2,326.270,
34.1740,solve.va_sample,2,326.270,
34.6743,solve.va_sample,2,326.270,
35.1745,solve.va_sample,2,326.270,
35.6747,solve.va_sample,2,326.270,
36.1749,solve.va_sample,2,326.270,
36.6752,solve.va_sample,2,326.270,
37.1754,solve.va_sample,2,326.270,
37.6756,solve.va_sample,2,326.270,
38.1759,solve.va_sample,2,326.270,
38.6761,solve.va_sample,2,326.270,
39.1763,solve.va_sample,2,326.270,
39.6766,solve.va_sample,2,326.270,
40.1768,solve.va_sample,2,326.270,
40.6770,solve.va_sample,2,326.270,
41.1772,solve.va_sample,2,326.270,
41.6775,solve.va_sample,2,326.270,
42.1777,solve.va_sample,2,326.270,
42.6779,solve.va_sample,2,326.270,
43.1782,solve.va_sample,2,326.270,
43.6784,solve.va_sample,2,326.270,
44.1787,solve.va_sample,2,326.270,
44.6789,solve.va_sample,2,326.270,
45.1791,solve.va_sample,2,326.270,
45.6793,solve.va_sample,2,326.270,
46.1796,solve.va_sample,2,326.270,
46.6798,solve.va_sample,2,326.270,
47.1800,solve.va_sample,2,326.270,
47.6803,solve.va_sample,2,326.270,
48.1805,solve.va_sample,2,326.270,
48.6807,solve.va_sample,2,326.270,
49.1809,solve.va_sample,2,326.270,
49.6812,solve.va_sample,2,326.270,
50.1814,solve.va_sample,2,326.270,
50.6816,solve.va_sample,2,326.270,
51.1819,solve.va_sample,2,326.270,
51.6821,solve.va_sample,2,326.270,
52.1823,solve.va_sample,2,326.270,
52.6826,solve.va_sample,2,326.270,
53.1828,solve.va_sample,2,326.270,
53.6830,solve.va_sample,2,326.270,
54.1832,solve.va_sample,2,326.270,
54.6835,solve.va_sample,2,326.270,
55.1837,solve.va_sample,2,326.270,
55.6839,solve.va_sample,2,326.270,
56.1842,solve.va_sample,2,326.270,
56.6844,solve.va_sample,2,326.270,
57.1846,solve.va_sample,2,326.270,
57.6848,solve.va_sample,2,326.270,
58.1851,solve.va_sample,2,326.270,
58.6853,solve.va_sample,2,326.270,
59.1855,solve.va_sample,2,326.270,
59.6857,solve.va_sample,2,326.270,
60.1860,solve.va_sample,2,326.270,
60.6862,solve.va_sample,2,326.270,
61.1864,solve.va_sample,2,326.270,
61.6866,solve.va_sample,2,326.270,
62.1868,solve.va_sample,2,326.270,
62.6871,solve.va_sample,2,326.270,
63.1873,solve.va_sample,2,326.270,
63.6875,solve.va_sample,2,326.270,
64.1877,solve.va_sample,2,326.270,
64.6880,solve.va_sample,2,326.270,
65.1882,solve.va_sample,2,326.270,
65.6884,solve.va_sample,2,326.270,
66.1887,solve.va_sample,2,326.270,
66.6889,solve.va_sample,2,326.270,
67.1891,solve.va_sample,2,326.270,
67.6893,solve.va_sample,2,326.270,
68.1896,solve.va_sample,2,326.270,
68.6898,solve.va_sample,2,326.270,
69.1900,solve.va_sample,2,326.270,
69.6903,solve.va_sample,2,326.270,
70.1905,solve.va_sample,2,326.270,
70.6908,solve.va_sample,2,326.270,
71.1910,solve.va_sample,2,326.270,
71.6912,solve.va_sample,2,326.270,
72.1915,solve.va_sample,2,326.270,
72.6917,solve.va_sample,2,326.270,
73.1920,solve.va_sample,2,326.270,
73.6922,solve.va_sample,2,326.270,
74.1925,solve.va_sample,2,326.270,
74.6927,solve.va_sample,2,326.270,
75.1930,solve.va_sample,2,326.270,
75.6932,solve.va_sample,2,326.270,
76.1934,solve.va_sample,2,326.270,
76.6937,solve.va_sample,2,326.270,
77.1939,solve.va_sample,2,326.270,
77.6941,solve.va_sample,2,326.270,
78.1944,solve.va_sample,2,326.270,
78.6946,solve.va_sample,2,326.270,
79.1948,solve.va_sample,2,326.270,
79.6951,solve.va_sample,2,326.270,
80.1953,solve.va_sample,2,326.270,
80.6955,solve.va_sample,2,326.270,
81.1958,solve.va_sample,2,326.270,
81.6960,solve.va_sample,2,326.270,
82.1963,solve.va_sample,2,326.270,
82.6965,solve.va_sample,2,326.270,
83.1968,solve.va_sample,2,326.270,
83.6970,solve.va_sample,2,326.270,
84.1973,solve.va_sample,2,326.270,
84.6975,solve.va_sample,2,326.270,
85.1978,solve.va_sample,2,326.270,
85.6980,solve.va_sample,2,326.270,
86.1983,solve.va_sample,2,326.270,
86.6985,solve.va_sample,2,326.270,
87.1988,solve.va_sample,2,326.270,
87.6990,solve.va_sample,2,326.270,
88.1992,solve.va_sample,2,326.270,
88.6995,solve.va_sample,2,326.270,
89.1997,solve.va_sample,2,326.270,
89.7000,solve.va_sample,2,326.270,
90.2002,solve.va_sample,2,326.270,
90.7004,solve.va_sample,2,326.270,
91.2007,solve.va_sample,2,326.270,
91.7009,solve.va_sample,2,326.270,
92.2011,solve.va_sample,2,326.270,
92.7013,solve.va_sample,2,326.270,
93.2016,solve.va_sample,2,326.270,
93.7018,solve.va_sample,2,326.270,
94.2021,solve.va_sample,2,326.270,
94.7023,solve.va_sample,2,326.270,
95.2025,solve.va_sample,2,326.270,
95.7028,solve.va_sample,2,326.270,
96.2030,solve.va_sample,2,326.270,
96.7032,solve.va_sample,2,326.270,
97.2035,solve.va_sample,2,326.270,
97.7037,solve.va_sample,2,326.270,
98.2039,solve.va_sample,2,326.270,
98.7042,solve.va_sample,2,326.270,
99.2044,solve.va_sample,2,326.270,
99.7046,solve.va_sample,2,326.270,
100.2048,solve.va_sample,2,326.270,
100.7051,solve.va_sample,2,326.270,
101.2053,solve.va_sample,2,326.270,
101.7055,solve.va_sample,2,326.270,
102.2058,solve.va_sample,2,326.270,
102.7060,solve.va_sample,2,326.270,
103.2062,solve.va_sample,2,326.270,
103.7065,solve.va_sample,2,326.270,
104.2067,solve.va_sample,2,326.270,
104.7069,solve.va_sample,2,326.270,
105.2071,solve.va_sample,2,326.270,
105.7074,solve.va_sample,2,326.270,
106.2076,solve.va_sample,2,326.270,
106.7078,solve.va_sample,2,326.270,
107.2080,solve.va_sample,2,326.270,
107.7082,solve.va_sample,2,326.270,
108.2085,solve.va_sample,2,326.270,
108.7087,solve.va_sample,2,326.270,
109.2089,solve.va_sample,2,326.270,
109.7092,solve.va_sample,2,326.270,
110.2094,solve.va_sample,2,326.270,
110.7097,solve.va_sample,2,326.270,
111.2099,solve.va_sample,2,326.270,
111.7101,solve.va_sample,2,326.270,
112.2103,solve.va_sample,2,326.270,
112.7106,solve.va_sample,2,326.270,
113.2108,solve.va_sample,2,326.270,
113.7110,solve.va_sample,2,326.270,
114.2113,solve.va_sample,2,326.270,
114.7115,solve.va_sample,2,326.270,
115.2117,solve.va_sample,2,326.270,
115.7119,solve.va_sample,2,326.270,
116.2122,solve.va_sample,2,326.270,
116.7124,solve.va_sample,2,326.270,
117.2126,solve.va_sample,2,326.270,
117.7128,solve.va_sample,2,326.270,
118.2130,solve.va_sample,2,326.270,
118.7133,solve.va_sample,2,326.270,
119.2135,solve.va_sample,2,326.270,
119.7137,solve.va_sample,2,326.270,
120.2140,solve.va_sample,2,326.270,
120.7142,solve.va_sample,2,326.270,
121.2144,solve.va_sample,2,326.270,
121.7147,solve.va_sample,2,326.270,
122.2149,solve.va_sample,2,326.270,
122.7151,solve.va_sample,2,326.270,
123.2153,solve.va_sample,2,326.270,
123.7156,solve.va_sample,2,326.270,
124.2158,solve.va_sample,2,326.270,
124.7160,solve.va_sample,2,326.270,
125.2162,solve.va_sample,2,326.270,
125.7165,solve.va_sample,2,326.270,
126.2167,solve.va_sample,2,326.270,
126.7169,solve.va_sample,2,326.270,
127.2171,solve.va_sample,2,326.270,
127.7174,solve.va_sample,2,326.270,
128.2176,solve.va_sample,2,326.270,
128.7178,solve.va_sample,2,326.270,
129.2180,solve.va_sample,2,326.270,
129.7183,solve.va_sample,2,326.270,
130.2186,solve.va_sample,2,326.270,
130.7188,solve.va_sample,2,326.270,
131.2190,solve.va_sample,2,326.270,
131.7193,solve.va_sample,2,326.270,
132.2195,solve.va_sample,2,326.270,
132.7197,solve.va_sample,2,326.270,
133.2200,solve.va_sample,2,326.270,
133.7202,solve.va_sample,2,326.270,
134.2204,solve.va_sample,2,326.270,
134.7206,solve.va_sample,2,326.270,
135.2209,solve.va_sample,2,326.270,
135.7211,solve.va_sample,2,326.270,
136.2213,solve.va_sample,2,326.270,
136.7216,solve.va_sample,2,326.270,
137.2218,solve.va_sample,2,326.270,
137.7220,solve.va_sample,2,326.270,
138.2222,solve.va_sample,2,326.270,
138.7225,solve.va_sample,2,326.270,
139.2227,solve.va_sample,2,326.270,
139.7229,solve.va_sample,2,326.270,
140.2231,solve.va_sample,2,326.270,
140.7233,solve.va_sample,2,326.270,
141.2236,solve.va_sample,2,326.270,
141.7239,solve.va_sample,2,326.270,
142.2241,solve.va_sample,2,326.270,
142.7243,solve.va_sample,2,326.270,
143.2246,solve.va_sample,2,326.270,
143.7248,solve.va_sample,2,326.270,
144.2250,solve.va_sample,2,326.270,
144.7252,solve.va_sample,2,326.270,
145.2255,solve.va_sample,2,326.270,
145.7257,solve.va_sample,2,326.270,
146.2259,solve.va_sample,2,326.270,
146.7261,solve.va_sample,2,326.270,
147.2264,solve.va_sample,2,326.270,
147.7266,solve.va_sample,2,326.270,
148.2268,solve.va_sample,2,326.270,
148.7271,solve.va_sample,2,326.270,
149.2273,solve.va_sample,2,326.270,
149.7276,solve.va_sample,2,326.270,
150.2279,solve.va_sample,2,326.270,
150.7281,solve.va_sample,2,326.270,
151.2284,solve.va_sample,2,326.270,
151.7286,solve.va_sample,2,326.270,
152.2288,solve.va_sample,2,326.270,
152.7291,solve.va_sample,2,326.270,
153.2293,solve.va_sample,2,326.270,
153.7295,solve.va_sample,2,326.270,
154.2298,solve.va_sample,2,326.270,
154.7300,solve.va_sample,2,326.270,
155.2302,solve.va_sample,2,326.270,
155.7305,solve.va_sample,2,326.270,
156.2307,solve.va_sample,2,326.270,
156.7310,solve.va_sample,2,326.270,
157.2312,solve.va_sample,2,326.270,
157.7314,solve.va_sample,2,326.270,
158.2317,solve.va_sample,2,326.270,
158.7319,solve.va_sample,2,326.270,
159.2321,solve.va_sample,2,326.270,
159.7323,solve.va_sample,2,326.270,
160.2326,solve.va_sample,2,326.270,
160.7328,solve.va_sample,2,326.270,
161.2330,solve.va_sample,2,326.270,
161.7333,solve.va_sample,2,326.270,
162.2335,solve.va_sample,2,326.270,
162.7337,solve.va_sample,2,326.270,
163.2339,solve.va_sample,2,326.270,
163.7342,solve.va_sample,2,326.270,
164.2344,solve.va_sample,2,326.270,
164.7347,solve.va_sample,2,326.270,
165.2349,solve.va_sample,2,326.270,
165.7351,solve.va_sample,2,326.270,
166.2354,solve.va_sample,2,326.270,
166.7356,solve.va_sample,2,326.270,
167.2358,solve.va_sample,2,326.270,
167.7360,solve.va_sample,2,326.270,
168.2362,solve.va_sample,2,326.270,
168.7365,solve.va_sample,2,326.270,
169.2367,solve.va_sample,2,326.270,
169.7369,solve.va_sample,2,326.270,
170.2371,solve.va_sample,2,326.270,
170.7374,solve.va_sample,2,326.270,
171.2376,solve.va_sample,2,326.270,
171.7378,solve.va_sample,2,326.270,
172.2380,solve.va_sample,2,326.270,
172.7383,solve.va_sample,2,326.270,
173.2385,solve.va_sample,2,326.270,
173.7387,solve.va_sample,2,326.270,
174.2389,solve.va_sample,2,326.270,
174.7392,solve.va_sample,2,326.270,
175.2394,solve.va_sample,2,326.270,
175.7396,solve.va_sample,2,326.270,
176.2398,solve.va_sample,2,326.270,
176.7401,solve.va_sample,2,326.270,
177.2403,solve.va_sample,2,326.270,
177.7405,solve.va_sample,2,326.270,
178.2408,solve.va_sample,2,326.270,
178.7410,solve.va_sample,2,326.270,
179.2412,solve.va_sample,2,326.270,
179.7414,solve.va_sample,2,326.270,
180.2416,solve.va_sample,2,326.270,
180.7419,solve.va_sample,2,326.270,
181.2421,solve.va_sample,2,326.270,
181.7423,solve.va_sample,2,326.270,
182.2425,solve.va_sample,2,326.270,
182.7428,solve.va_sample,2,326.270,
183.2430,solve.va_sample,2,326.270,
183.7432,solve.va_sample,2,326.270,
184.2434,solve.va_sample,2,326.270,
184.7436,solve.va_sample,2,326.270,
185.2439,solve.va_sample,2,326.270,
185.7441,solve.va_sample,2,326.270,
186.2443,solve.va_sample,2,326.270,
186.7445,solve.va_sample,2,326.270,
187.2448,solve.va_sample,2,326.270,
187.7450,solve.va_sample,2,326.270,
188.2452,solve.va_sample,2,326.270,
188.7454,solve.va_sample,2,326.270,
189.2457,solve.va_sample,2,326.270,
189.7459,solve.va_sample,2,326.270,
190.2462,solve.va_sample,2,326.270,
190.7464,solve.va_sample,2,326.270,
191.2467,solve.va_sample,2,326.270,
191.7469,solve.va_sample,2,326.270,
192.2472,solve.va_sample,2,326.270,
192.7474,solve.va_sample,2,326.270,
193.2476,solve.va_sample,2,326.270,
193.7478,solve.va_sample,2,326.270,
194.2480,solve.va_sample,2,326.270,
194.7483,solve.va_sample,2,326.270,
195.2485,solve.va_sample,2,326.270,
195.7487,solve.va_sample,2,326.270,
196.2490,solve.va_sample,2,326.270,
196.7492,solve.va_sample,2,326.270,
197.2494,solve.va_sample,2,326.270,
197.7496,solve.va_sample,2,326.270,
198.2498,solve.va_sample,2,326.270,
198.7501,solve.va_sample,2,326.270,
199.2503,solve.va_sample,2,326.270,
199.7505,solve.va_sample,2,326.270,
200.2507,solve.va_sample,2,326.270,
200.7510,solve.va_sample,2,326.270,
201.2512,solve.va_sample,2,326.270,
201.7515,solve.va_sample,2,326.270,
202.2517,solve.va_sample,2,326.270,
202.7520,solve.va_sample,2,326.270,
203.2522,solve.va_sample,2,326.270,
203.7524,solve.va_sample,2,326.270,
204.2527,solve.va_sample,2,326.270,
204.7529,solve.va_sample,2,326.270,
205.2531,solve.va_sample,2,326.270,
205.7533,solve.va_sample,2,326.270,
206.2536,solve.va_sample,2,326.270,
206.7538,solve.va_sample,2,326.270,
207.2541,solve.va_sample,2,326.270,
207.7543,solve.va_sample,2,326.270,
208.2546,solve.va_sample,2,326.270,
208.7548,solve.va_sample,2,326.270,
209.2551,solve.va_sample,2,326.270,
209.7553,solve.va_sample,2,326.270,
210.2555,solve.va_sample,2,326.270,
210.7558,solve.va_sample,2,326.270,
211.2560,solve.va_sample,2,326.270,
211.7562,solve.va_sample,2,326.270,
212.2565,solve.va_sample,2,326.270,
212.7567,solve.va_sample,2,326.270,
213.2569,solve.va_sample,2,326.270,
213.7571,solve.va_sample,2,326.270,
214.2574,solve.va_sample,2,326.270,
214.7576,solve.va_sample,2,326.270,
215.2578,solve.va_sample,2,326.270,
215.7580,solve.va_sample,2,326.270,
216.2583,solve.va_sample,2,326.270,
216.7585,solve.va_sample,2,326.270,
217.2588,solve.va_sample,2,326.270,
217.7590,solve.va_sample,2,326.270,
218.2592,solve.va_sample,2,326.270,
218.7595,solve.va_sample,2,326.270,
219.2597,solve.va_sample,2,326.270,
219.7599,solve.va_sample,2,326.270,
220.2602,solve.va_sample,2,326.270,
220.7604,solve.va_sample,2,326.270,
221.2606,solve.va_sample,2,326.270,
221.7608,solve.va_sample,2,326.270,
222.2611,solve.va_sample,2,326.270,
222.7613,solve.va_sample,2,326.270,
223.2615,solve.va_sample,2,326.270,
223.7617,solve.va_sample,2,326.270,
224.2620,solve.va_sample,2,326.270,
224.7622,solve.va_sample,2,326.270,
225.2624,solve.va_sample,2,326.270,
225.7626,solve.va_sample,2,326.270,
226.2629,solve.va_sample,2,326.270,
226.7631,solve.va_sample,2,326.270,
227.2633,solve.va_sample,2,326.270,
227.7636,solve.va_sample,2,326.270,
228.2638,solve.va_sample,2,326.270,
228.7640,solve.va_sample,2,326.270,
229.2642,solve.va_sample,2,326.270,
229.7645,solve.va_sample,2,326.270,
230.2647,solve.va_sample,2,326.270,
230.7650,solve.va_sample,2,326.270,
231.2652,solve.va_sample,2,326.270,
231.7654,solve.va_sample,2,326.270,
232.2657,solve.va_sample,2,326.270,
232.7659,solve.va_sample,2,326.270,
233.2661,solve.va_sample,2,326.270,
233.7664,solve.va_sample,2,326.270,
234.2666,solve.va_sample,2,326.270,
234.7668,solve.va_sample,2,326.270,
235.2671,solve.va_sample,2,326.270,
235.7673,solve.va_sample,2,326.270,
236.2675,solve.va_sample,2,326.270,
236.7678,solve.va_sample,2,326.270,
237.2680,solve.va_sample,2,326.270,
237.7682,solve.va_sample,2,326.270,
238.2685,solve.va_sample,2,326.270,
238.7687,solve.va_sample,2,326.270,
239.2689,solve.va_sample,2,326.270,
239.7691,solve.va_sample,2,326.270,
240.2694,solve.va_sample,2,326.270,
240.7696,solve.va_sample,2,326.270,
241.2698,solve.va_sample,2,326.270,
241.7701,solve.va_sample,2,326.270,
242.2703,solve.va_sample,2,326.270,
242.7705,solve.va_sample,2,326.270,
243.2707,solve.va_sample,2,326.270,
243.7710,solve.va_sample,2,326.270,
244.2712,solve.va_sample,2,326.270,
244.7714,solve.va_sample,2,326.270,
245.2717,solve.va_sample,2,326.270,
245.7719,solve.va_sample,2,326.270,
246.2721,solve.va_sample,2,326.270,
246.7723,solve.va_sample,2,326.270,
247.2725,solve.va_sample,2,326.270,
247.7728,solve.va_sample,2,326.270,
248.2730,solve.va_sample,2,326.270,
248.7732,solve.va_sample,2,326.270,
249.2734,solve.va_sample,2,326.270,
249.7737,solve.va_sample,2,326.270,
250.2740,solve.va_sample,2,326.523,
250.7742,solve.va_sample,2,326.523,
251.2745,solve.va_sample,2,326.523,
251.7747,solve.va_sample,2,326.523,
252.2749,solve.va_sample,2,326.523,
252.7752,solve.va_sample,2,326.523,
253.2754,solve.va_sample,2,326.523,
253.7756,solve.va_sample,2,326.523,
254.2758,solve.va_sample,2,326.523,
254.7761,solve.va_sample,2,326.523,
255.2763,solve.va_sample,2,326.523,
255.7765,solve.va_sample,2,326.523,
256.2768,solve.va_sample,2,326.523,
256.7770,solve.va_sample,2,326.523,
257.2772,solve.va_sample,2,326.523,
257.7774,solve.va_sample,2,326.523,
258.2777,solve.va_sample,2,326.523,
258.7779,solve.va_sample,2,326.523,
259.2781,solve.va_sample,2,326.523,
259.7784,solve.va_sample,2,326.523,
260.2786,solve.va_sample,2,326.523,
260.7788,solve.va_sample,2,326.523,
261.2791,solve.va_sample,2,326.523,
261.7793,solve.va_sample,2,326.523,
262.2796,solve.va_sample,2,326.523,
262.7798,solve.va_sample,2,326.523,
263.2800,solve.va_sample,2,326.523,
263.7803,solve.va_sample,2,326.523,
264.2805,solve.va_sample,2,326.523,
264.7808,solve.va_sample,2,326.523,
265.2810,solve.va_sample,2,326.523,
265.7812,solve.va_sample,2,326.523,
266.2814,solve.va_sample,2,326.523,
266.7817,solve.va_sample,2,326.523,
267.2819,solve.va_sample,2,326.523,
267.7821,solve.va_sample,2,326.523,
268.2824,solve.va_sample,2,326.523,
268.7826,solve.va_sample,2,326.523,
269.2829,solve.va_sample,2,326.523,
269.7831,solve.va_sample,2,326.523,
270.2833,solve.va_sample,2,326.523,
270.7836,solve.va_sample,2,326.523,
271.2838,solve.va_sample,2,326.523,
271.7840,solve.va_sample,2,326.523,
272.2843,solve.va_sample,2,326.523,
272.7845,solve.va_sample,2,326.523,
273.2847,solve.va_sample,2,326.523,
273.7849,solve.va_sample,2,326.523,
274.2852,solve.va_sample,2,326.523,
274.7854,solve.va_sample,2,326.523,
275.2856,solve.va_sample,2,326.523,
275.7859,solve.va_sample,2,326.523,
276.2862,solve.va_sample,2,326.523,
276.7864,solve.va_sample,2,326.523,
277.2866,solve.va_sample,2,326.523,
277.7869,solve.va_sample,2,326.523,
278.2871,solve.va_sample,2,326.523,
278.7873,solve.va_sample,2,326.523,
279.2875,solve.va_sample,2,326.523,
279.7878,solve.va_sample,2,326.523,
280.2880,solve.va_sample,2,326.523,
280.7882,solve.va_sample,2,326.523,
281.2885,solve.va_sample,2,326.523,
281.7887,solve.va_sample,2,326.523,
282.2889,solve.va_sample,2,326.523,
282.7892,solve.va_sample,2,326.523,
283.2894,solve.va_sample,2,326.523,
283.7896,solve.va_sample,2,326.523,
284.2898,solve.va_sample,2,326.523,
284.7901,solve.va_sample,2,326.523,
285.2903,solve.va_sample,2,326.523,
285.7906,solve.va_sample,2,326.523,
286.2908,solve.va_sample,2,326.523,
286.7910,solve.va_sample,2,326.523,
287.2912,solve.va_sample,2,326.523,
287.7915,solve.va_sample,2,326.523,
288.2917,solve.va_sample,2,326.523,
288.7919,solve.va_sample,2,326.523,
289.2922,solve.va_sample,2,326.523,
289.7924,solve.va_sample,2,326.523,
290.2926,solve.va_sample,2,326.523,
290.7928,solve.va_sample,2,326.523,
291.2930,solve.va_sample,2,326.523,
291.7933,solve.va_sample,2,326.523,
292.2935,solve.va_sample,2,326.523,
292.7937,solve.va_sample,2,326.523,
293.2939,solve.va_sample,2,326.523,
293.7942,solve.va_sample,2,326.523,
294.2944,solve.va_sample,2,326.523,
294.7946,solve.va_sample,2,326.523,
295.2948,solve.va_sample,2,326.523,
295.7950,solve.va_sample,2,326.523,
296.2953,solve.va_sample,2,326.523,
296.7955,solve.va_sample,2,326.523,
297.2957,solve.va_sample,2,326.523,
297.7960,solve.va_sample,2,326.523,
298.2962,solve.va_sample,2,326.523,
298.7964,solve.va_sample,2,326.523,
299.2966,solve.va_sample,2,326.523,
299.7969,solve.va_sample,2,326.523,
300.2971,solve.va_sample,2,326.523,
300.7973,solve.va_sample,2,326.523,
301.2975,solve.va_sample,2,326.523,
301.7978,solve.va_sample,2,326.523,
302.2980,solve.va_sample,2,326.523,
302.7982,solve.va_sample,2,326.523,
303.2985,solve.va_sample,2,326.523,
303.7987,solve.va_sample,2,326.523,
304.2989,solve.va_sample,2,326.523,
304.7991,solve.va_sample,2,326.523,
305.2993,solve.va_sample,2,326.523,
305.7996,solve.va_sample,2,326.523,
306.2998,solve.va_sample,2,326.523,
306.8000,solve.va_sample,2,326.523,
307.3002,solve.va_sample,2,326.523,
307.8005,solve.va_sample,2,326.523,
308.3007,solve.va_sample,2,326.523,
308.8009,solve.va_sample,2,326.523,
309.3011,solve.va_sample,2,326.523,
309.8014,solve.va_sample,2,326.523,
310.3016,solve.va_sample,2,326.523,
310.8019,solve.va_sample,2,326.523,
311.3021,solve.va_sample,2,326.523,
311.8024,solve.va_sample,2,326.523,
312.3026,solve.va_sample,2,326.523,
312.8028,solve.va_sample,2,326.523,
313.3030,solve.va_sample,2,326.523,
313.8033,solve.va_sample,2,326.523,
314.3035,solve.va_sample,2,326.523,
314.8037,solve.va_sample,2,326.523,
315.3039,solve.va_sample,2,326.523,
315.8042,solve.va_sample,2,326.523,
316.3044,solve.va_sample,2,326.523,
316.8046,solve.va_sample,2,326.523,
317.3048,solve.va_sample,2,326.523,
317.8051,solve.va_sample,2,326.523,
318.3053,solve.va_sample,2,326.523,
318.8055,solve.va_sample,2,326.523,
319.3058,solve.va_sample,2,326.523,
319.8060,solve.va_sample,2,326.523,
320.3062,solve.va_sample,2,326.523,
320.8064,solve.va_sample,2,326.523,
321.3067,solve.va_sample,2,326.523,
321.8069,solve.va_sample,2,326.523,
322.3072,solve.va_sample,2,326.523,
322.8074,solve.va_sample,2,326.523,
323.3077,solve.va_sample,2,326.523,
323.8079,solve.va_sample,2,326.523,
324.3081,solve.va_sample,2,326.523,
324.8083,solve.va_sample,2,326.523,
325.3086,solve.va_sample,2,326.523,
325.8088,solve.va_sample,2,326.523,
326.3091,solve.va_sample,2,326.523,
326.8093,solve.va_sample,2,326.523,
327.3096,solve.va_sample,2,326.523,
327.8098,solve.va_sample,2,326.523,
328.3100,solve.va_sample,2,326.523,
328.8103,solve.va_sample,2,326.523,
329.3105,solve.va_sample,2,326.523,
329.8108,solve.va_sample,2,326.523,
330.3110,solve.va_sample,2,326.523,
330.8113,solve.va_sample,2,326.523,
331.3115,solve.va_sample,2,326.523,
331.8117,solve.va_sample,2,326.523,
332.3119,solve.va_sample,2,326.523,
332.8122,solve.va_sample,2,326.523,
333.3124,solve.va_sample,2,326.523,
333.8126,solve.va_sample,2,326.523,
334.3128,solve.va_sample,2,326.523,
334.8131,solve.va_sample,2,326.523,
335.3133,solve.va_sample,2,326.523,
335.8135,solve.va_sample,2,326.523,
336.3138,solve.va_sample,2,326.523,
336.8140,solve.va_sample,2,326.523,
337.3143,solve.va_sample,2,326.523,
337.8145,solve.va_sample,2,326.523,
338.3147,solve.va_sample,2,326.523,
338.8150,solve.va_sample,2,326.523,
339.3152,solve.va_sample,2,326.523,
339.8154,solve.va_sample,2,326.523,
340.3156,solve.va_sample,2,326.523,
340.8159,solve.va_sample,2,326.523,
341.3161,solve.va_sample,2,326.523,
341.8163,solve.va_sample,2,326.523,
342.3166,solve.va_sample,2,326.523,
342.8168,solve.va_sample,2,326.523,
343.3170,solve.va_sample,2,326.523,
343.8173,solve.va_sample,2,326.523,
344.3177,solve.va_sample,2,326.523,
344.8179,solve.va_sample,2,326.523,
345.3182,solve.va_sample,2,326.523,
345.8184,solve.va_sample,2,326.523,
346.3186,solve.va_sample,2,326.523,
346.8189,solve.va_sample,2,326.523,
347.3191,solve.va_sample,2,326.523,
347.8194,solve.va_sample,2,326.523,
348.3196,solve.va_sample,2,326.523,
348.8198,solve.va_sample,2,326.523,
349.3201,solve.va_sample,2,326.523,
349.8204,solve.va_sample,2,326.523,
350.3206,solve.va_sample,2,326.523,
350.8208,solve.va_sample,2,326.523,
351.3211,solve.va_sample,2,326.523,
351.8213,solve.va_sample,2,326.523,
352.3215,solve.va_sample,2,326.523,
352.8218,solve.va_sample,2,326.523,
353.3220,solve.va_sample,2,326.523,
353.8222,solve.va_sample,2,326.523,
354.3225,solve.va_sample,2,326.523,
354.8227,solve.va_sample,2,326.523,
355.3229,solve.va_sample,2,326.523,
355.8231,solve.va_sample,2,326.523,
356.3233,solve.va_sample,2,326.523,
356.8236,solve.va_sample,2,326.523,
357.3238,solve.va_sample,2,326.523,
357.8240,solve.va_sample,2,326.523,
358.3243,solve.va_sample,2,326.523,
358.8245,solve.va_sample,2,326.523,
359.3247,solve.va_sample,2,326.523,
359.8250,solve.va_sample,2,326.523,
360.3252,solve.va_sample,2,326.523,
360.8254,solve.va_sample,2,326.523,
361.3257,solve.va_sample,2,326.523,
361.8259,solve.va_sample,2,326.523,
362.3261,solve.va_sample,2,326.523,
362.8263,solve.va_sample,2,326.523,
363.3266,solve.va_sample,2,326.523,
363.8268,solve.va_sample,2,326.523,
364.3270,solve.va_sample,2,326.523,
364.8272,solve.va_sample,2,326.523,
365.3275,solve.va_sample,2,326.523,
365.8277,solve.va_sample,2,326.523,
366.3279,solve.va_sample,2,326.523,
366.8281,solve.va_sample,2,326.523,
367.3284,solve.va_sample,2,326.523,
367.8286,solve.va_sample,2,326.523,
368.3288,solve.va_sample,2,326.523,
368.8291,solve.va_sample,2,326.523,
369.3293,solve.va_sample,2,326.523,
369.8296,solve.va_sample,2,326.523,
370.3298,solve.va_sample,2,326.523,
370.8301,solve.va_sample,2,326.523,
371.3303,solve.va_sample,2,326.523,
371.8306,solve.va_sample,2,326.523,
372.3308,solve.va_sample,2,326.523,
372.8310,solve.va_sample,2,326.523,
373.3313,solve.va_sample,2,326.523,
373.8315,solve.va_sample,2,326.523,
374.3317,solve.va_sample,2,326.523,
374.8320,solve.va_sample,2,326.523,
375.3322,solve.va_sample,2,326.523,
375.8324,solve.va_sample,2,326.523,
376.3327,solve.va_sample,2,326.523,
376.8329,solve.va_sample,2,326.523,
377.3331,solve.va_sample,2,326.523,
377.8334,solve.va_sample,2,326.523,
378.3336,solve.va_sample,2,326.523,
378.8338,solve.va_sample,2,326.523,
379.3341,solve.va_sample,2,326.523,
379.8343,solve.va_sample,2,326.523,
380.3345,solve.va_sample,2,326.523,
380.8348,solve.va_sample,2,326.523,
381.3350,solve.va_sample,2,326.523,
381.8353,solve.va_sample,2,326.523,
382.3355,solve.va_sample,2,326.523,
382.8358,solve.va_sample,2,326.523,
383.3361,solve.va_sample,2,326.523,
383.8363,solve.va_sample,2,326.523,
384.3366,solve.va_sample,2,326.523,
384.8368,solve.va_sample,2,326.523,
385.3370,solve.va_sample,2,326.523,
385.8372,solve.va_sample,2,326.523,
386.3375,solve.va_sample,2,326.523,
386.8377,solve.va_sample,2,326.523,
387.3379,solve.va_sample,2,326.523,
387.8382,solve.va_sample,2,326.523,
388.3384,solve.va_sample,2,326.523,
388.8387,solve.va_sample,2,326.523,
389.3389,solve.va_sample,2,326.523,
389.8392,solve.va_sample,2,326.523,
390.3395,solve.va_sample,2,326.523,
390.8397,solve.va_sample,2,326.523,
391.3399,solve.va_sample,2,326.523,
391.8402,solve.va_sample,2,326.523,
392.3405,solve.va_sample,2,326.523,
392.8407,solve.va_sample,2,326.523,
393.3409,solve.va_sample,2,326.523,
393.8412,solve.va_sample,2,326.523,
394.3414,solve.va_sample,2,326.523,
394.8416,solve.va_sample,2,326.523,
395.3418,solve.va_sample,2,326.523,
395.8421,solve.va_sample,2,326.523,
396.3424,solve.va_sample,2,326.523,
396.8426,solve.va_sample,2,326.523,
397.3428,solve.va_sample,2,326.523,
397.8431,solve.va_sample,2,326.523,
398.3433,solve.va_sample,2,326.523,
398.8436,solve.va_sample,2,326.523,
399.3438,solve.va_sample,2,326.523,
399.8441,solve.va_sample,2,326.523,
400.3443,solve.va_sample,2,326.523,
400.8445,solve.va_sample,2,326.523,
401.3448,solve.va_sample,2,326.523,
401.8450,solve.va_sample,2,326.523,
402.3452,solve.va_sample,2,326.523,
402.8455,solve.va_sample,2,326.523,
403.3457,solve.va_sample,2,326.523,
403.8460,solve.va_sample,2,326.523,
404.3463,solve.va_sample,2,326.523,
404.8465,solve.va_sample,2,326.523,
405.3468,solve.va_sample,2,326.523,
405.8470,solve.va_sample,2,326.523,
406.3473,solve.va_sample,2,326.523,
406.8475,solve.va_sample,2,326.523,
407.3477,solve.va_sample,2,326.523,
407.8480,solve.va_sample,2,326.523,
408.3482,solve.va_sample,2,326.523,
408.8485,solve.va_sample,2,326.523,
409.3487,solve.va_sample,2,326.523,
409.8489,solve.va_sample,2,326.523,
410.3492,solve.va_sample,2,326.523,
410.8494,solve.va_sample,2,326.523,
411.3496,solve.va_sample,2,326.523,
411.8498,solve.va_sample,2,326.523,
412.3501,solve.va_sample,2,326.523,
412.8503,solve.va_sample,2,326.523,
413.3505,solve.va_sample,2,326.523,
413.8508,solve.va_sample,2,326.523,
414.3510,solve.va_sample,2,326.523,
414.8513,solve.va_sample,2,326.523,
415.3515,solve.va_sample,2,326.523,
415.8517,solve.va_sample,2,326.523,
416.3520,solve.va_sample,2,326.523,
416.8522,solve.va_sample,2,326.523,
417.3525,solve.va_sample,2,326.523,
417.8527,solve.va_sample,2,326.523,
418.3529,solve.va_sample,2,326.523,
418.8532,solve.va_sample,2,326.523,
419.3534,solve.va_sample,2,326.523,
419.8536,solve.va_sample,2,326.523,
420.3539,solve.va_sample,2,326.523,
420.8541,solve.va_sample,2,326.523,
421.3543,solve.va_sample,2,326.523,
421.8546,solve.va_sample,2,326.523,
422.3548,solve.va_sample,2,326.523,
422.8550,solve.va_sample,2,326.523,
423.3553,solve.va_sample,2,326.523,
423.8555,solve.va_sample,2,326.523,
424.3557,solve.va_sample,2,326.523,
424.8560,solve.va_sample,2,326.523,
425.3563,solve.va_sample,2,326.523,
425.8565,solve.va_sample,2,326.523,
426.3567,solve.va_sample,2,326.523,
426.8570,solve.va_sample,2,326.523,
427.3572,solve.va_sample,2,326.523,
427.8574,solve.va_sample,2,326.523,
428.3577,solve.va_sample,2,326.523,
428.8579,solve.va_sample,2,326.523,
429.3581,solve.va_sample,2,326.523,
429.8584,solve.va_sample,2,326.523,
430.3586,solve.va_sample,2,326.523,
430.8588,solve.va_sample,2,326.523,
431.3591,solve.va_sample,2,326.523,
431.8594,solve.va_sample,2,326.523,
432.3596,solve.va_sample,2,326.523,
432.8599,solve.va_sample,2,326.523,
433.3601,solve.va_sample,2,326.523,
433.8604,solve.va_sample,2,326.523,
434.3606,solve.va_sample,2,326.523,
434.8609,solve.va_sample,2,326.523,
435.3612,solve.va_sample,2,326.523,
435.8614,solve.va_sample,2,326.523,
436.3616,solve.va_sample,2,326.523,
436.8619,solve.va_sample,2,326.523,
437.3621,solve.va_sample,2,326.523,
437.8624,solve.va_sample,2,326.523,
438.3626,solve.va_sample,2,326.523,
438.8629,solve.va_sample,2,326.523,
439.3631,solve.va_sample,2,326.523,
439.8634,solve.va_sample,2,326.523,
440.3636,solve.va_sample,2,326.523,
440.8639,solve.va_sample,2,326.523,
441.3641,solve.va_sample,2,326.523,
441.8644,solve.va_sample,2,326.523,
442.3646,solve.va_sample,2,326.523,
442.8649,solve.va_sample,2,326.523,
443.3651,solve.va_sample,2,326.523,
443.8654,solve.va_sample,2,326.523,
444.3656,solve.va_sample,2,326.523,
444.8659,solve.va_sample,2,326.523,
445.3661,solve.va_sample,2,326.523,
445.8664,solve.va_sample,2,326.523,
446.3666,solve.va_sample,2,326.523,
446.8669,solve.va_sample,2,326.523,
447.3671,solve.va_sample,2,326.523,
447.8674,solve.va_sample,2,326.523,
448.3676,solve.va_sample,2,326.523,
448.8679,solve.va_sample,2,326.523,
449.3682,solve.va_sample,2,326.523,
449.8684,solve.va_sample,2,326.523,
450.3687,solve.va_sample,2,326.523,
450.8689,solve.va_sample,2,326.523,
451.3692,solve.va_sample,2,326.523,
451.8694,solve.va_sample,2,326.523,
452.3696,solve.va_sample,2,326.523,
452.8699,solve.va_sample,2,326.523,
453.3701,solve.va_sample,2,326.523,
453.8704,solve.va_sample,2,326.523,
454.3706,solve.va_sample,2,326.523,
454.8709,solve.va_sample,2,326.523,
455.3711,solve.va_sample,2,326.523,
455.8714,solve.va_sample,2,326.523,
456.3716,solve.va_sample,2,326.523,
456.8719,solve.va_sample,2,326.523,
457.3721,solve.va_sample,2,326.523,
457.8724,solve.va_sample,2,326.523,
458.3726,solve.va_sample,2,326.523,
458.8729,solve.va_sample,2,326.523,
459.3731,solve.va_sample,2,326.523,
459.8734,solve.va_sample,2,326.523,
460.3736,solve.va_sample,2,326.523,
460.8739,solve.va_sample,2,326.523,
461.3741,solve.va_sample,2,326.523,
461.8744,solve.va_sample,2,326.523,
462.3746,solve.va_sample,2,326.523,
462.8749,solve.va_sample,2,326.523,
463.3751,solve.va_sample,2,326.523,
463.8754,solve.va_sample,2,326.523,
464.3756,solve.va_sample,2,326.523,
464.8759,solve.va_sample,2,326.523,
465.3762,solve.va_sample,2,326.523,
465.8764,solve.va_sample,2,326.523,
466.3767,solve.va_sample,2,326.523,
466.8770,solve.va_sample,2,326.523,
467.3772,solve.va_sample,2,326.523,
467.8775,solve.va_sample,2,326.523,
468.3777,solve.va_sample,2,326.523,
468.8780,solve.va_sample,2,326.523,
469.3782,solve.va_sample,2,326.523,
469.8785,solve.va_sample,2,326.523,
470.3787,solve.va_sample,2,326.523,
470.8790,solve.va_sample,2,326.523,
471.3792,solve.va_sample,2,326.523,
471.8795,solve.va_sample,2,326.523,
472.3797,solve.va_sample,2,326.523,
472.8800,solve.va_sample,2,326.523,
473.3802,solve.va_sample,2,326.523,
473.8805,solve.va_sample,2,326.523,
474.3807,solve.va_sample,2,326.523,
474.8810,solve.va_sample,2,326.523,
475.3813,solve.va_sample,2,326.523,
475.8816,solve.va_sample,2,326.523,
476.3818,solve.va_sample,2,326.523,
476.8821,solve.va_sample,2,326.523,
477.3823,solve.va_sample,2,326.523,
477.8826,solve.va_sample,2,326.523,
478.3828,solve.va_sample,2,326.523,
478.8831,solve.va_sample,2,326.523,
479.3833,solve.va_sample,2,326.523,
479.8836,solve.va_sample,2,326.523,
480.3838,solve.va_sample,2,326.523,
480.8841,solve.va_sample,2,326.523,
481.3843,solve.va_sample,2,326.523,
481.8846,solve.va_sample,2,326.523,
482.3848,solve.va_sample,2,326.523,
482.8851,solve.va_sample,2,326.523,
483.3853,solve.va_sample,2,326.523,
483.8856,solve.va_sample,2,326.523,
484.3858,solve.va_sample,2,326.523,
484.8861,solve.va_sample,2,326.523,
485.3863,solve.va_sample,2,326.523,
485.8866,solve.va_sample,2,326.523,
486.3868,solve.va_sample,2,326.523,
486.8871,solve.va_sample,2,326.523,
487.3873,solve.va_sample,2,326.523,
487.8876,solve.va_sample,2,326.523,
488.3878,solve.va_sample,2,326.523,
488.8881,solve.va_sample,2,326.523,
489.3883,solve.va_sample,2,326.523,
489.8886,solve.va_sample,2,326.523,
490.3888,solve.va_sample,2,326.523,
490.8890,solve.va_sample,2,326.523,
491.3893,solve.va_sample,2,326.523,
491.8895,solve.va_sample,2,326.523,
492.3898,solve.va_sample,2,326.523,
492.8900,solve.va_sample,2,326.523,
493.3902,solve.va_sample,2,326.523,
493.8905,solve.va_sample,2,326.523,
494.3907,solve.va_sample,2,326.523,
494.8910,solve.va_sample,2,326.523,
495.3912,solve.va_sample,2,326.523,
495.8915,solve.va_sample,2,326.523,
496.3917,solve.va_sample,2,326.523,
496.8919,solve.va_sample,2,326.523,
497.3922,solve.va_sample,2,326.523,
497.8924,solve.va_sample,2,326.523,
498.3926,solve.va_sample,2,326.523,
498.8929,solve.va_sample,2,326.523,
499.3931,solve.va_sample,2,326.523,
499.8933,solve.va_sample,2,326.523,
500.3936,solve.va_sample,2,326.523,
500.8938,solve.va_sample,2,326.523,
501.3941,solve.va_sample,2,326.523,
501.8943,solve.va_sample,2,326.523,
502.3945,solve.va_sample,2,326.523,
502.8948,solve.va_sample,2,326.523,
503.3950,solve.va_sample,2,326.523,
503.8952,solve.va_sample,2,326.523,
504.3955,solve.va_sample,2,326.523,
504.8958,solve.va_sample,2,326.523,
505.3960,solve.va_sample,2,326.523,
505.8962,solve.va_sample,2,326.523,
506.3965,solve.va_sample,2,326.523,
506.8967,solve.va_sample,2,326.523,
507.3970,solve.va_sample,2,326.523,
507.8972,solve.va_sample,2,326.523,
508.3974,solve.va_sample,2,326.523,
508.8977,solve.va_sample,2,326.523,
509.3979,solve.va_sample,2,326.523,
509.8981,solve.va_sample,2,326.523,
510.3984,solve.va_sample,2,326.523,
510.8986,solve.va_sample,2,326.523,
511.3988,solve.va_sample,2,326.523,
511.8991,solve.va_sample,2,326.523,
512.3993,solve.va_sample,2,326.523,
512.8996,solve.va_sample,2,326.523,
513.3998,solve.va_sample,2,326.523,
513.9000,solve.va_sample,2,326.523,
514.4003,solve.va_sample,2,326.523,
514.9005,solve.va_sample,2,326.523,
515.4008,solve.va_sample,2,326.523,
515.9011,solve.va_sample,2,326.523,
516.4013,solve.va_sample,2,326.523,
516.9015,solve.va_sample,2,326.523,
517.4018,solve.va_sample,2,326.523,
517.9020,solve.va_sample,2,326.523,
518.4022,solve.va_sample,2,326.523,
518.9025,solve.va_sample,2,326.523,
519.4027,solve.va_sample,2,326.523,
519.9030,solve.va_sample,2,326.523,
520.4032,solve.va_sample,2,326.523,
520.9034,solve.va_sample,2,326.523,
521.4036,solve.va_sample,2,326.523,
521.9039,solve.va_sample,2,326.523,
522.4041,solve.va_sample,2,326.523,
522.9043,solve.va_sample,2,326.523,
523.4046,solve.va_sample,2,326.523,
523.9048,solve.va_sample,2,326.523,
524.4051,solve.va_sample,2,326.523,
524.9053,solve.va_sample,2,326.523,
525.4056,solve.va_sample,2,326.523,
525.9058,solve.va_sample,2,326.523,
526.4060,solve.va_sample,2,326.523,
526.9063,solve.va_sample,2,326.523,
527.4065,solve.va_sample,2,326.523,
527.9067,solve.va_sample,2,326.523,
528.4070,solve.va_sample,2,326.523,
528.9072,solve.va_sample,2,326.523,
529.4074,solve.va_sample,2,326.523,
529.9077,solve.va_sample,2,326.523,
530.4079,solve.va_sample,2,326.523,
530.9082,solve.va_sample,2,326.523,
531.4084,solve.va_sample,2,326.523,
531.9086,solve.va_sample,2,326.523,
532.4089,solve.va_sample,2,326.523,
532.9091,solve.va_sample,2,326.523,
533.4093,solve.va_sample,2,326.523,
533.9096,solve.va_sample,2,326.523,
534.4098,solve.va_sample,2,326.523,
534.9101,solve.va_sample,2,326.523,
535.4103,solve.va_sample,2,326.523,
535.9106,solve.va_sample,2,326.523,
536.4108,solve.va_sample,2,326.523,
536.9110,solve.va_sample,2,326.523,
537.4113,solve.va_sample,2,326.523,
537.9115,solve.va_sample,2,326.523,
538.4117,solve.va_sample,2,326.523,
538.9119,solve.va_sample,2,326.523,
539.4122,solve.va_sample,2,326.523,
539.9124,solve.va_sample,2,326.523,
540.4127,solve.va_sample,2,326.523,
540.9129,solve.va_sample,2,326.523,
541.4131,solve.va_sample,2,326.523,
541.9134,solve.va_sample,2,326.523,
542.4136,solve.va_sample,2,326.523,
542.9138,solve.va_sample,2,326.523,
543.4141,solve.va_sample,2,326.523,
543.9143,solve.va_sample,2,326.523,
544.4145,solve.va_sample,2,326.523,
544.9148,solve.va_sample,2,326.523,
545.4150,solve.va_sample,2,326.523,
545.9153,solve.va_sample,2,326.523,
546.4155,solve.va_sample,2,326.523,
546.9158,solve.va_sample,2,326.523,
547.4160,solve.va_sample,2,326.523,
547.9162,solve.va_sample,2,326.523,
548.4165,solve.va_sample,2,326.523,
548.9167,solve.va_sample,2,326.523,
549.4169,solve.va_sample,2,326.523,
549.9172,solve.va_sample,2,326.523,
550.4174,solve.va_sample,2,326.523,
550.9176,solve.va_sample,2,326.523,
551.4179,solve.va_sample,2,326.523,
551.9181,solve.va_sample,2,326.523,
552.4183,solve.va_sample,2,326.523,
552.9186,solve.va_sample,2,326.523,
553.4188,solve.va_sample,2,326.523,
553.9190,solve.va_sample,2,326.523,
554.4193,solve.va_sample,2,326.523,
554.9196,solve.va_sample,2,326.523,
555.4198,solve.va_sample,2,326.523,
555.9201,solve.va_sample,2,326.523,
556.4203,solve.va_sample,2,326.523,
556.9205,solve.va_sample,2,326.523,
557.4208,solve.va_sample,2,326.523,
557.9210,solve.va_sample,2,326.523,
558.4213,solve.va_sample,2,326.523,
558.9215,solve.va_sample,2,326.523,
559.4217,solve.va_sample,2,326.523,
559.9220,solve.va_sample,2,326.523,
560.4222,solve.va_sample,2,326.523,
560.9224,solve.va_sample,2,326.523,
561.4227,solve.va_sample,2,326.523,
561.9230,solve.va_sample,2,326.523,
562.4232,solve.va_sample,2,326.523,
562.9235,solve.va_sample,2,326.523,
563.4237,solve.va_sample,2,326.523,
563.9239,solve.va_sample,2,326.523,
564.4242,solve.va_sample,2,326.523,
564.9245,solve.va_sample,2,326.523,
565.4247,solve.va_sample,2,326.523,
565.9249,solve.va_sample,2,326.523,
566.4252,solve.va_sample,2,326.523,
566.9254,solve.va_sample,2,326.523,
567.4256,solve.va_sample,2,326.523,
567.9259,solve.va_sample,2,326.523,
568.4261,solve.va_sample,2,326.523,
568.9263,solve.va_sample,2,326.523,
569.4266,solve.va_sample,2,326.523,
569.9268,solve.va_sample,2,326.523,
570.4270,solve.va_sample,2,326.523,
570.9273,solve.va_sample,2,326.523,
571.4275,solve.va_sample,2,326.523,
571.9277,solve.va_sample,2,326.523,
572.4280,solve.va_sample,2,326.523,
572.9282,solve.va_sample,2,326.523,
573.4284,solve.va_sample,2,326.523,
573.9287,solve.va_sample,2,326.523,
574.4289,solve.va_sample,2,326.523,
574.9291,solve.va_sample,2,326.523,
575.4294,solve.va_sample,2,326.523,
575.9296,solve.va_sample,2,326.523,
576.4299,solve.va_sample,2,326.523,
576.9301,solve.va_sample,2,326.523,
577.4303,solve.va_sample,2,326.523,
577.9306,solve.va_sample,2,326.523,
578.4308,solve.va_sample,2,326.523,
578.9310,solve.va_sample,2,326.523,
579.4312,solve.va_sample,2,326.523,
579.9315,solve.va_sample,2,326.523,
580.4317,solve.va_sample,2,326.523,
580.9319,solve.va_sample,2,326.523,
581.4322,solve.va_sample,2,326.523,
581.9324,solve.va_sample,2,326.523,
582.4327,solve.va_sample,2,326.523,
582.9329,solve.va_sample,2,326.523,
583.4331,solve.va_sample,2,326.523,
583.9334,solve.va_sample,2,326.523,
584.4336,solve.va_sample,2,326.523,
584.9339,solve.va_sample,2,326.523,
585.4341,solve.va_sample,2,326.523,
585.9343,solve.va_sample,2,326.523,
586.4346,solve.va_sample,2,326.523,
586.9348,solve.va_sample,2,326.523,
587.4351,solve.va_sample,2,326.523,
587.9353,solve.va_sample,2,326.523,
588.4355,solve.va_sample,2,326.523,
588.9358,solve.va_sample,2,326.523,
589.4360,solve.va_sample,2,326.523,
589.9362,solve.va_sample,2,326.523,
590.4365,solve.va_sample,2,326.523,
590.9367,solve.va_sample,2,326.523,
591.4369,solve.va_sample,2,326.523,
591.9372,solve.va_sample,2,326.523,
592.4374,solve.va_sample,2,326.523,
592.9376,solve.va_sample,2,326.523,
593.4379,solve.va_sample,2,326.523,
593.9381,solve.va_sample,2,326.523,
594.4383,solve.va_sample,2,326.523,
594.9386,solve.va_sample,2,326.523,
595.4388,solve.va_sample,2,326.523,
595.9390,solve.va_sample,2,326.523,
596.4393,solve.va_sample,2,326.523,
596.9395,solve.va_sample,2,326.523,
597.4398,solve.va_sample,2,326.523,
597.9400,solve.va_sample,2,326.523,
598.4402,solve.va_sample,2,326.523,
598.9405,solve.va_sample,2,326.781,
599.4407,solve.va_sample,2,326.781,
599.9410,solve.va_sample,2,326.781,
600.4412,solve.va_sample,2,326.781,
600.9414,solve.va_sample,2,326.781,
601.4417,solve.va_sample,2,326.781,
601.9419,solve.va_sample,2,326.781,
602.4421,solve.va_sample,2,326.781,
602.9424,solve.va_sample,2,326.781,
603.4426,solve.va_sample,2,326.781,
603.9428,solve.va_sample,2,326.781,
604.4431,solve.va_sample,2,326.781,
604.9433,solve.va_sample,2,326.781,
605.4436,solve.va_sample,2,326.781,
605.9438,solve.va_sample,2,326.781,
606.4441,solve.va_sample,2,326.781,
606.9443,solve.va_sample,2,326.781,
607.4446,solve.va_sample,2,326.781,
607.9448,solve.va_sample,2,326.781,
608.4450,solve.va_sample,2,326.781,
608.9453,solve.va_sample,2,326.781,
609.4455,solve.va_sample,2,326.781,
609.9458,solve.va_sample,2,326.781,
610.4460,solve.va_sample,2,326.781,
610.9462,solve.va_sample,2,326.781,
611.4465,solve.va_sample,2,326.781,
611.9467,solve.va_sample,2,326.781,
612.4470,solve.va_sample,2,326.781,
612.9472,solve.va_sample,2,326.781,
613.4474,solve.va_sample,2,326.781,
613.9477,solve.va_sample,2,326.781,
614.4479,solve.va_sample,2,326.781,
614.9482,solve.va_sample,2,326.781,
615.4485,solve.va_sample,2,326.781,
615.9487,solve.va_sample,2,326.781,
616.4489,solve.va_sample,2,326.781,
616.9492,solve.va_sample,2,326.781,
617.4494,solve.va_sample,2,326.781,
617.9496,solve.va_sample,2,326.781,
618.4499,solve.va_sample,2,326.781,
618.9501,solve.va_sample,2,326.781,
619.4503,solve.va_sample,2,326.781,
619.9505,solve.va_sample,2,326.781,
620.4508,solve.va_sample,2,326.781,
620.9510,solve.va_sample,2,326.781,
621.4512,solve.va_sample,2,326.781,
621.9515,solve.va_sample,2,326.781,
622.4517,solve.va_sample,2,326.781,
622.9520,solve.va_sample,2,326.781,
623.4522,solve.va_sample,2,326.781,
623.9524,solve.va_sample,2,326.781,
624.4527,solve.va_sample,2,326.781,
624.9529,solve.va_sample,2,326.781,
625.4532,solve.va_sample,2,326.781,
625.9534,solve.va_sample,2,326.781,
626.4537,solve.va_sample,2,326.781,
626.9539,solve.va_sample,2,326.781,
627.4541,solve.va_sample,2,326.781,
627.9544,solve.va_sample,2,326.781,
628.4546,solve.va_sample,2,326.781,
628.9549,solve.va_sample,2,326.781,
629.4551,solve.va_sample,2,326.781,
629.9554,solve.va_sample,2,326.781,
630.4556,solve.va_sample,2,326.781,
630.9559,solve.va_sample,2,326.781,
631.4561,solve.va_sample,2,326.781,
631.9564,solve.va_sample,2,326.781,
632.4566,solve.va_sample,2,326.781,
632.9569,solve.va_sample,2,326.781,
633.4571,solve.va_sample,2,326.781,
633.9574,solve.va_sample,2,326.781,
634.4576,solve.va_sample,2,326.781,
634.9579,solve.va_sample,2,326.781,
635.4582,solve.va_sample,2,326.781,
635.9584,solve.va_sample,2,326.781,
636.4587,solve.va_sample,2,326.781,
636.9590,solve.va_sample,2,326.781,
637.4592,solve.va_sample,2,326.781,
637.9595,solve.va_sample,2,326.781,
638.4597,solve.va_sample,2,326.781,
638.9600,solve.va_sample,2,326.781,
639.4603,solve.va_sample,2,326.781,
639.9605,solve.va_sample,2,326.781,
640.4608,solve.va_sample,2,326.781,
640.9610,solve.va_sample,2,326.781,
641.4613,solve.va_sample,2,326.781,
641.9615,solve.va_sample,2,326.781,
642.4618,solve.va_sample,2,326.781,
642.9620,solve.va_sample,2,326.781,
643.4623,solve.va_sample,2,326.781,
643.9626,solve.va_sample,2,326.781,
644.4628,solve.va_sample,2,326.781,
644.9631,solve.va_sample,2,326.781,
645.4634,solve.va_sample,2,326.781,
645.9636,solve.va_sample,2,326.781,
646.4639,solve.va_sample,2,326.781,
646.9641,solve.va_sample,2,326.781,
647.4644,solve.va_sample,2,326.781,
647.9646,solve.va_sample,2,326.781,
648.4649,solve.va_sample,2,326.781,
648.9652,solve.va_sample,2,326.781,
649.4654,solve.va_sample,2,326.781,
649.9657,solve.va_sample,2,326.781,
650.4659,solve.va_sample,2,326.781,
650.9662,solve.va_sample,2,326.781,
651.4664,solve.va_sample,2,326.781,
651.9667,solve.va_sample,2,326.781,
652.4669,solve.va_sample,2,326.781,
652.9672,solve.va_sample,2,326.781,
653.4675,solve.va_sample,2,326.781,
653.9677,solve.va_sample,2,326.781,
654.4680,solve.va_sample,2,326.781,
654.9683,solve.va_sample,2,326.781,
655.4685,solve.va_sample,2,326.781,
655.9688,solve.va_sample,2,326.781,
656.4691,solve.va_sample,2,326.781,
656.9693,solve.va_sample,2,326.781,
657.4696,solve.va_sample,2,326.781,
657.9698,solve.va_sample,2,326.781,
658.4701,solve.va_sample,2,326.781,
658.9703,solve.va_sample,2,326.781,
659.4706,solve.va_sample,2,326.781,
659.9708,solve.va_sample,2,326.781,
660.4711,solve.va_sample,2,326.781,
660.9713,solve.va_sample,2,326.781,
661.4716,solve.va_sample,2,326.781,
661.9718,solve.va_sample,2,326.781,
662.4721,solve.va_sample,2,326.781,
662.9723,solve.va_sample,2,326.781,
663.4726,solve.va_sample,2,326.781,
663.9729,solve.va_sample,2,326.781,
664.4731,solve.va_sample,2,326.781,
664.9734,solve.va_sample,2,326.781,
665.4736,solve.va_sample,2,326.781,
665.9739,solve.va_sample,2,326.781,
666.4741,solve.va_sample,2,326.781,
666.9744,solve.va_sample,2,326.781,
667.4746,solve.va_sample,2,326.781,
667.9749,solve.va_sample,2,326.781,
668.4751,solve.va_sample,2,326.781,
668.9754,solve.va_sample,2,326.781,
669.4756,solve.va_sample,2,326.781,
669.9759,solve.va_sample,2,326.781,
670.4761,solve.va_sample,2,326.781,
670.9764,solve.va_sample,2,326.781,
671.4766,solve.va_sample,2,326.781,
671.9769,solve.va_sample,2,326.781,
672.4771,solve.va_sample,2,326.781,
672.9774,solve.va_sample,2,326.781,
673.4776,solve.va_sample,2,326.781,
673.9779,solve.va_sample,2,326.781,
674.4781,solve.va_sample,2,326.781,
674.9784,solve.va_sample,2,326.781,
675.4786,solve.va_sample,2,326.781,
675.9789,solve.va_sample,2,326.781,
676.4792,solve.va_sample,2,326.781,
676.9794,solve.va_sample,2,326.781,
677.4797,solve.va_sample,2,326.781,
677.9799,solve.va_sample,2,326.781,
678.4802,solve.va_sample,2,326.781,
678.9805,solve.va_sample,2,326.781,
679.4807,solve.va_sample,2,326.781,
679.9810,solve.va_sample,2,326.781,
680.4812,solve.va_sample,2,326.781,
680.9815,solve.va_sample,2,326.781,
681.4818,solve.va_sample,2,326.781,
681.9820,solve.va_sample,2,326.781,
682.4823,solve.va_sample,2,326.781,
682.9826,solve.va_sample,2,326.781,
683.4828,solve.va_sample,2,326.781,
683.9831,solve.va_sample,2,326.781,
684.4833,solve.va_sample,2,326.781,
684.9836,solve.va_sample,2,326.781,
685.4839,solve.va_sample,2,326.781,
685.9841,solve.va_sample,2,326.781,
686.4844,solve.va_sample,2,326.781,
686.9846,solve.va_sample,2,326.781,
687.4849,solve.va_sample,2,326.781,
687.9852,solve.va_sample,2,326.781,
688.4854,solve.va_sample,2,326.781,
688.9858,solve.va_sample,2,326.781,
689.4860,solve.va_sample,2,326.781,
689.9863,solve.va_sample,2,326.781,
690.4866,solve.va_sample,2,326.781,
690.9868,solve.va_sample,2,326.781,
691.4871,solve.va_sample,2,326.781,
691.9873,solve.va_sample,2,326.781,
692.4876,solve.va_sample,2,326.781,
692.9879,solve.va_sample,2,326.781,
693.4881,solve.va_sample,2,326.781,
693.9884,solve.va_sample,2,326.781,
694.4886,solve.va_sample,2,326.781,
694.9889,solve.va_sample,2,326.781,
695.4892,solve.va_sample,2,326.781,
695.9894,solve.va_sample,2,326.781,
696.4897,solve.va_sample,2,326.781,
696.9900,solve.va_sample,2,326.781,
697.4902,solve.va_sample,2,326.781,
697.9905,solve.va_sample,2,326.781,
698.4907,solve.va_sample,2,326.781,
698.9910,solve.va_sample,2,326.781,
699.4913,solve.va_sample,2,326.781,
699.9915,solve.va_sample,2,326.781,
700.4918,solve.va_sample,2,326.781,
700.9920,solve.va_sample,2,326.781,
701.4923,solve.va_sample,2,326.781,
701.9926,solve.va_sample,2,326.781,
702.4928,solve.va_sample,2,326.781,
702.9931,solve.va_sample,2,326.781,
703.4934,solve.va_sample,2,326.781,
703.9936,solve.va_sample,2,326.781,
704.4939,solve.va_sample,2,326.781,
704.9941,solve.va_sample,2,326.781,
705.4944,solve.va_sample,2,326.781,
705.9946,solve.va_sample,2,326.781,
706.4949,solve.va_sample,2,326.781,
706.9951,solve.va_sample,2,326.781,
707.4954,solve.va_sample,2,326.781,
707.9956,solve.va_sample,2,326.781,
708.4959,solve.va_sample,2,326.781,
708.9961,solve.va_sample,2,326.781,
709.4964,solve.va_sample,2,326.781,
709.9966,solve.va_sample,2,326.781,
710.4969,solve.va_sample,2,326.781,
710.9971,solve.va_sample,2,326.781,
711.4974,solve.va_sample,2,326.781,
711.9976,solve.va_sample,2,326.781,
712.4979,solve.va_sample,2,326.781,
712.9981,solve.va_sample,2,326.781,
713.4984,solve.va_sample,2,326.781,
713.9986,solve.va_sample,2,326.781,
714.4989,solve.va_sample,2,326.781,
714.9991,solve.va_sample,2,326.781,
715.4994,solve.va_sample,2,326.781,
715.9996,solve.va_sample,2,326.781,
716.4999,solve.va_sample,2,326.781,
717.0001,solve.va_sample,2,326.781,
717.5004,solve.va_sample,2,326.781,
718.0006,solve.va_sample,2,326.781,
718.5009,solve.va_sample,2,326.781,
719.0011,solve.va_sample,2,326.781,
719.5014,solve.va_sample,2,326.781,
720.0016,solve.va_sample,2,326.781,
720.5019,solve.va_sample,2,326.781,
721.0021,solve.va_sample,2,326.781,
721.5024,solve.va_sample,2,326.781,
722.0026,solve.va_sample,2,326.781,
722.5029,solve.va_sample,2,326.781,
723.0031,solve.va_sample,2,326.781,
723.5034,solve.va_sample,2,326.781,
724.0036,solve.va_sample,2,326.781,
724.5039,solve.va_sample,2,326.781,
725.0041,solve.va_sample,2,326.781,
725.5044,solve.va_sample,2,326.781,
726.0046,solve.va_sample,2,326.781,
726.5049,solve.va_sample,2,326.781,
727.0051,solve.va_sample,2,326.781,
727.5054,solve.va_sample,2,326.781,
728.0056,solve.va_sample,2,326.781,
728.5059,solve.va_sample,2,326.781,
729.0061,solve.va_sample,2,326.781,
729.5064,solve.va_sample,2,326.781,
730.0066,solve.va_sample,2,326.781,
730.5069,solve.va_sample,2,326.781,
731.0071,solve.va_sample,2,326.781,
731.5074,solve.va_sample,2,326.781,
732.0076,solve.va_sample,2,326.781,
732.5079,solve.va_sample,2,326.781,
733.0081,solve.va_sample,2,326.781,
733.5084,solve.va_sample,2,326.781,
734.0086,solve.va_sample,2,326.781,
734.5089,solve.va_sample,2,326.781,
735.0092,solve.va_sample,2,326.781,
735.5094,solve.va_sample,2,326.781,
736.0097,solve.va_sample,2,326.781,
736.5099,solve.va_sample,2,326.781,
737.0102,solve.va_sample,2,326.781,
737.5105,solve.va_sample,2,326.781,
738.0107,solve.va_sample,2,326.781,
738.5110,solve.va_sample,2,326.781,
739.0113,solve.va_sample,2,326.781,
739.5115,solve.va_sample,2,326.781,
740.0118,solve.va_sample,2,326.781,
740.5120,solve.va_sample,2,326.781,
741.0123,solve.va_sample,2,326.781,
741.5125,solve.va_sample,2,326.781,
742.0128,solve.va_sample,2,326.781,
742.5131,solve.va_sample,2,326.781,
743.0133,solve.va_sample,2,326.781,
743.5136,solve.va_sample,2,326.781,
744.0139,solve.va_sample,2,326.781,
744.5141,solve.va_sample,2,326.781,
745.0144,solve.va_sample,2,326.781,
745.5147,solve.va_sample,2,326.781,
746.0150,solve.va_sample,2,326.781,
746.5152,solve.va_sample,2,326.781,
747.0155,solve.va_sample,2,326.781,
747.5158,solve.va_sample,2,326.781,
748.0160,solve.va_sample,2,326.781,
748.5163,solve.va_sample,2,326.781,
749.0165,solve.va_sample,2,326.781,
749.5168,solve.va_sample,2,326.781,
750.0170,solve.va_sample,2,326.781,
750.5173,solve.va_sample,2,326.781,
751.0175,solve.va_sample,2,326.781,
751.5178,solve.va_sample,2,326.781,
752.0181,solve.va_sample,2,326.781,
752.5183,solve.va_sample,2,326.781,
753.0186,solve.va_sample,2,326.781,
753.5188,solve.va_sample,2,326.781,
754.0191,solve.va_sample,2,326.781,
754.5193,solve.va_sample,2,326.781,
755.0196,solve.va_sample,2,326.781,
755.5199,solve.va_sample,2,326.781,
756.0201,solve.va_sample,2,326.781,
756.5204,solve.va_sample,2,326.781,
757.0206,solve.va_sample,2,326.781,
757.5209,solve.va_sample,2,326.781,
758.0211,solve.va_sample,2,326.781,
758.5214,solve.va_sample,2,326.781,
759.0216,solve.va_sample,2,326.781,
759.5219,solve.va_sample,2,326.781,
760.0221,solve.va_sample,2,326.781,
760.5224,solve.va_sample,2,326.781,
761.0226,solve.va_sample,2,326.781,
761.5229,solve.va_sample,2,326.781,
762.0231,solve.va_sample,2,326.781,
762.5234,solve.va_sample,2,326.781,
763.0236,solve.va_sample,2,326.781,
763.5239,solve.va_sample,2,326.781,
764.0241,solve.va_sample,2,326.781,
764.5244,solve.va_sample,2,326.781,
765.0246,solve.va_sample,2,326.781,
765.5249,solve.va_sample,2,326.781,
766.0252,solve.va_sample,2,326.781,
766.5254,solve.va_sample,2,326.781,
767.0257,solve.va_sample,2,326.781,
767.5259,solve.va_sample,2,326.781,
768.0262,solve.va_sample,2,326.781,
768.5265,solve.va_sample,2,326.781,
769.0267,solve.va_sample,2,326.781,
769.5270,solve.va_sample,2,326.781,
770.0272,solve.va_sample,2,326.781,
770.5275,solve.va_sample,2,326.781,
771.0277,solve.va_sample,2,326.781,
771.5280,solve.va_sample,2,326.781,
772.0282,solve.va_sample,2,326.781,
772.5285,solve.va_sample,2,326.781,
773.0288,solve.va_sample,2,326.781,
773.5290,solve.va_sample,2,326.781,
774.0293,solve.va_sample,2,326.781,
774.5295,solve.va_sample,2,326.781,
775.0298,solve.va_sample,2,326.781,
775.5301,solve.va_sample,2,326.781,
776.0303,solve.va_sample,2,326.781,
776.5306,solve.va_sample,2,326.781,
777.0308,solve.va_sample,2,326.781,
777.5311,solve.va_sample,2,326.781,
778.0313,solve.va_sample,2,326.781,
778.5316,solve.va_sample,2,326.781,
779.0318,solve.va_sample,2,326.781,
779.5321,solve.va_sample,2,326.781,
780.0324,solve.va_sample,2,326.781,
780.5326,solve.va_sample,2,326.781,
781.0329,solve.va_sample,2,326.781,
781.5331,solve.va_sample,2,326.781,
782.0334,solve.va_sample,2,326.781,
782.5337,solve.va_sample,2,326.781,
783.0339,solve.va_sample,2,326.781,
783.5342,solve.va_sample,2,326.781,
784.0344,solve.va_sample,2,326.781,
784.5347,solve.va_sample,2,326.781,
785.0350,solve.va_sample,2,326.781,
785.5352,solve.va_sample,2,326.781,
786.0355,solve.va_sample,2,326.781,
786.5358,solve.va_sample,2,326.781,
787.0360,solve.va_sample,2,326.781,
787.5363,solve.va_sample,2,326.781,
788.0365,solve.va_sample,2,326.781,
788.5368,solve.va_sample,2,326.781,
789.0370,solve.va_sample,2,326.781,
789.5372,solve.va_sample,2,326.781,
790.0375,solve.va_sample,2,326.781,
790.5378,solve.va_sample,2,326.781,
791.0380,solve.va_sample,2,326.781,
791.5383,solve.va_sample,2,326.781,
792.0385,solve.va_sample,2,326.781,
792.5388,solve.va_sample,2,326.781,
793.0390,solve.va_sample,2,326.781,
793.5393,solve.va_sample,2,326.781,
794.0395,solve.va_sample,2,326.781,
794.5398,solve.va_sample,2,326.781,
795.0401,solve.va_sample,2,326.781,
795.5403,solve.va_sample,2,326.781,
796.0406,solve.va_sample,2,326.781,
796.5408,solve.va_sample,2,326.781,
797.0410,solve.va_sample,2,326.781,
797.5413,solve.va_sample,2,326.781,
798.0415,solve.va_sample,2,326.781,
798.5417,solve.va_sample,2,326.781,
799.0420,solve.va_sample,2,326.781,
799.5422,solve.va_sample,2,326.781,
800.0425,solve.va_sample,2,326.781,
800.5427,solve.va_sample,2,326.781,
801.0430,solve.va_sample,2,326.781,
801.5432,solve.va_sample,2,326.781,
802.0435,solve.va_sample,2,326.781,
802.5437,solve.va_sample,2,326.781,
803.0439,solve.va_sample,2,326.781,
803.5442,solve.va_sample,2,326.781,
804.0444,solve.va_sample,2,326.781,
804.5446,solve.va_sample,2,326.781,
805.0449,solve.va_sample,2,326.781,
805.5451,solve.va_sample,2,326.781,
806.0454,solve.va_sample,2,326.781,
806.5457,solve.va_sample,2,326.781,
807.0460,solve.va_sample,2,326.781,
807.5462,solve.va_sample,2,326.781,
808.0465,solve.va_sample,2,326.781,
808.5468,solve.va_sample,2,326.781,
809.0470,solve.va_sample,2,326.781,
809.5473,solve.va_sample,2,326.781,
810.0475,solve.va_sample,2,326.781,
810.5478,solve.va_sample,2,326.781,
811.0480,solve.va_sample,2,326.781,
811.5483,solve.va_sample,2,326.781,
812.0486,solve.va_sample,2,326.781,
812.5488,solve.va_sample,2,326.781,
813.0490,solve.va_sample,2,326.781,
813.5493,solve.va_sample,2,326.781,
814.0495,solve.va_sample,2,326.781,
814.5498,solve.va_sample,2,326.781,
815.0500,solve.va_sample,2,326.781,
815.5503,solve.va_sample,2,326.781,
816.0505,solve.va_sample,2,326.781,
816.5507,solve.va_sample,2,326.781,
817.0510,solve.va_sample,2,326.781,
817.5512,solve.va_sample,2,326.781,
818.0514,solve.va_sample,2,326.781,
818.5517,solve.va_sample,2,326.781,
819.0519,solve.va_sample,2,326.781,
819.5521,solve.va_sample,2,326.781,
820.0524,solve.va_sample,2,326.781,
820.5526,solve.va_sample,2,326.781,
821.0528,solve.va_sample,2,326.781,
821.5530,solve.va_sample,2,326.781,
822.0533,solve.va_sample,2,326.781,
822.5535,solve.va_sample,2,326.781,
823.0537,solve.va_sample,2,326.781,
823.5540,solve.va_sample,2,326.781,
824.0542,solve.va_sample,2,326.781,
824.5545,solve.va_sample,2,326.781,
825.0547,solve.va_sample,2,326.781,
825.5550,solve.va_sample,2,326.781,
826.0552,solve.va_sample,2,326.781,
826.5555,solve.va_sample,2,326.781,
827.0557,solve.va_sample,2,326.781,
827.5560,solve.va_sample,2,326.781,
828.0562,solve.va_sample,2,326.781,
828.5565,solve.va_sample,2,326.781,
829.0568,solve.va_sample,2,326.781,
829.5570,solve.va_sample,2,326.781,
830.0573,solve.va_sample,2,326.781,
830.5576,solve.va_sample,2,326.781,
831.0578,solve.va_sample,2,326.781,
831.5581,solve.va_sample,2,326.781,
832.0583,solve.va_sample,2,326.781,
832.5586,solve.va_sample,2,326.781,
833.0588,solve.va_sample,2,326.781,
833.5591,solve.va_sample,2,326.781,
834.0593,solve.va_sample,2,326.781,
834.5596,solve.va_sample,2,326.781,
835.0598,solve.va_sample,2,326.781,
835.5601,solve.va_sample,2,326.781,
836.0603,solve.va_sample,2,326.781,
836.5606,solve.va_sample,2,326.781,
837.0609,solve.va_sample,2,326.781,
837.5611,solve.va_sample,2,326.781,
838.0614,solve.va_sample,2,326.781,
838.5617,solve.va_sample,2,326.781,
839.0619,solve.va_sample,2,326.781,
839.5622,solve.va_sample,2,326.781,
840.0625,solve.va_sample,2,326.781,
840.5627,solve.va_sample,2,326.781,
841.0630,solve.va_sample,2,326.781,
841.5632,solve.va_sample,2,326.781,
842.0635,solve.va_sample,2,326.781,
842.5637,solve.va_sample,2,326.781,
843.0640,solve.va_sample,2,326.781,
843.5642,solve.va_sample,2,326.781,
844.0645,solve.va_sample,2,326.781,
844.5648,solve.va_sample,2,326.781,
845.0650,solve.va_sample,2,326.781,
845.5653,solve.va_sample,2,326.781,
846.0655,solve.va_sample,2,326.781,
846.5658,solve.va_sample,2,326.781,
847.0660,solve.va_sample,2,326.781,
847.5663,solve.va_sample,2,326.781,
848.0665,solve.va_sample,2,326.781,
848.5668,solve.va_sample,2,326.781,
849.0670,solve.va_sample,2,326.781,
849.5673,solve.va_sample,2,326.781,
850.0675,solve.va_sample,2,326.781,
850.5678,solve.va_sample,2,326.781,
851.0680,solve.va_sample,2,326.781,
851.5683,solve.va_sample,2,326.781,
852.0686,solve.va_sample,2,326.781,
852.5688,solve.va_sample,2,326.781,
853.0690,solve.va_sample,2,326.781,
853.5693,solve.va_sample,2,326.781,
854.0696,solve.va_sample,2,326.781,
854.5698,solve.va_sample,2,326.781,
855.0701,solve.va_sample,2,326.781,
855.5703,solve.va_sample,2,326.781,
856.0706,solve.va_sample,2,326.781,
856.5708,solve.va_sample,2,326.781,
857.0711,solve.va_sample,2,326.781,
857.5713,solve.va_sample,2,326.781,
858.0716,solve.va_sample,2,326.781,
858.5718,solve.va_sample,2,326.781,
859.0721,solve.va_sample,2,326.781,
859.5724,solve.va_sample,2,326.781,
860.0726,solve.va_sample,2,326.781,
860.5728,solve.va_sample,2,326.781,
861.0731,solve.va_sample,2,326.781,
861.5733,solve.va_sample,2,326.781,
862.0735,solve.va_sample,2,326.781,
862.5738,solve.va_sample,2,326.781,
863.0740,solve.va_sample,2,326.781,
863.5742,solve.va_sample,2,326.781,
864.0745,solve.va_sample,2,326.781,
864.5747,solve.va_sample,2,326.781,
865.0749,solve.va_sample,2,326.781,
865.5752,solve.va_sample,2,326.781,
866.0754,solve.va_sample,2,326.781,
866.5756,solve.va_sample,2,326.781,
867.0758,solve.va_sample,2,326.781,
867.5760,solve.va_sample,2,326.781,
868.0763,solve.va_sample,2,326.781,
868.5766,solve.va_sample,2,326.781,
869.0768,solve.va_sample,2,326.781,
869.5770,solve.va_sample,2,326.781,
870.0773,solve.va_sample,2,326.781,
870.5775,solve.va_sample,2,326.781,
871.0778,solve.va_sample,2,326.781,
871.5780,solve.va_sample,2,326.781,
872.0782,solve.va_sample,2,326.781,
872.5785,solve.va_sample,2,326.781,
873.0787,solve.va_sample,2,326.781,
873.5789,solve.va_sample,2,326.781,
874.0792,solve.va_sample,2,326.781,
874.5794,solve.va_sample,2,326.781,
875.0796,solve.va_sample,2,326.781,
875.5798,solve.va_sample,2,326.781,
876.0801,solve.va_sample,2,326.781,
876.5803,solve.va_sample,2,326.781,
877.0805,solve.va_sample,2,326.781,
877.5808,solve.va_sample,2,326.781,
878.0810,solve.va_sample,2,326.781,
878.5812,solve.va_sample,2,326.781,
879.0815,solve.va_sample,2,326.781,
879.5818,solve.va_sample,2,326.781,
880.0820,solve.va_sample,2,326.781,
880.5823,solve.va_sample,2,326.781,
881.0825,solve.va_sample,2,326.781,
881.5827,solve.va_sample,2,326.781,
882.0830,solve.va_sample,2,326.781,
882.5832,solve.va_sample,2,326.781,
883.0835,solve.va_sample,2,326.781,
883.5837,solve.va_sample,2,326.781,
884.0840,solve.va_sample,2,326.781,
884.5843,solve.va_sample,2,326.781,
885.0846,solve.va_sample,2,326.781,
885.5848,solve.va_sample,2,326.781,
886.0851,solve.va_sample,2,326.781,
886.5853,solve.va_sample,2,326.781,
887.0856,solve.va_sample,2,326.781,
887.5859,solve.va_sample,2,326.781,
888.0862,solve.va_sample,2,326.781,
888.5864,solve.va_sample,2,326.781,
889.0866,solve.va_sample,2,326.781,
889.5869,solve.va_sample,2,326.781,
890.0871,solve.va_sample,2,326.781,
890.5873,solve.va_sample,2,326.781,
891.0876,solve.va_sample,2,326.781,
891.5878,solve.va_sample,2,326.781,
892.0881,solve.va_sample,2,326.781,
892.5883,solve.va_sample,2,326.781,
893.0885,solve.va_sample,2,326.781,
893.5888,solve.va_sample,2,326.781,
894.0890,solve.va_sample,2,326.781,
894.5892,solve.va_sample,2,326.781,
895.0895,solve.va_sample,2,326.781,
895.5897,solve.va_sample,2,326.781,
896.0899,solve.va_sample,2,326.781,
896.5902,solve.va_sample,2,326.781,
897.0904,solve.va_sample,2,326.781,
897.5907,solve.va_sample,2,326.781,
898.0909,solve.va_sample,2,326.781,
898.5911,solve.va_sample,2,326.781,
899.0914,solve.va_sample,2,326.781,
899.5916,solve.va_sample,2,326.781,
900.0919,solve.va_sample,2,326.781,
900.5921,solve.va_sample,2,326.781,
901.0923,solve.va_sample,2,326.781,
901.5926,solve.va_sample,2,326.781,
902.0928,solve.va_sample,2,326.781,
902.5930,solve.va_sample,2,326.781,
903.0933,solve.va_sample,2,326.781,
903.5935,solve.va_sample,2,326.781,
904.0937,solve.va_sample,2,326.781,
904.5940,solve.va_sample,2,326.781,
905.0942,solve.va_sample,2,326.781,
905.5944,solve.va_sample,2,326.781,
906.0947,solve.va_sample,2,326.781,
906.5949,solve.va_sample,2,326.781,
907.0951,solve.va_sample,2,326.781,
907.5954,solve.va_sample,2,326.781,
908.0956,solve.va_sample,2,326.781,
908.5958,solve.va_sample,2,326.781,
909.0961,solve.va_sample,2,326.781,
909.5963,solve.va_sample,2,326.781,
910.0965,solve.va_sample,2,326.781,
910.5968,solve.va_sample,2,326.781,
911.0970,solve.va_sample,2,326.781,
911.5973,solve.va_sample,2,326.781,
912.0975,solve.va_sample,2,326.781,
912.5978,solve.va_sample,2,326.781,
913.0980,solve.va_sample,2,326.781,
913.5982,solve.va_sample,2,326.781,
914.0985,solve.va_sample,2,326.781,
914.5988,solve.va_sample,2,326.781,
915.0990,solve.va_sample,2,326.781,
915.5992,solve.va_sample,2,326.781,
916.0995,solve.va_sample,2,326.781,
916.5997,solve.va_sample,2,326.781,
917.0999,solve.va_sample,2,326.781,
917.6002,solve.va_sample,2,326.781,
918.1004,solve.va_sample,2,326.781,
918.6007,solve.va_sample,2,326.781,
919.1009,solve.va_sample,2,326.781,
919.6011,solve.va_sample,2,326.781,
920.1014,solve.va_sample,2,326.781,
920.6016,solve.va_sample,2,326.781,
921.1018,solve.va_sample,2,326.781,
921.6021,solve.va_sample,2,326.781,
922.1023,solve.va_sample,2,326.781,
922.6026,solve.va_sample,2,326.781,
923.1028,solve.va_sample,2,326.781,
923.6030,solve.va_sample,2,326.781,
924.1033,solve.va_sample,2,326.781,
924.6035,solve.va_sample,2,326.781,
925.1037,solve.va_sample,2,326.781,
925.6040,solve.va_sample,2,326.781,
926.1042,solve.va_sample,2,326.781,
926.6045,solve.va_sample,2,326.781,
927.1047,solve.va_sample,2,326.781,
927.6049,solve.va_sample,2,326.781,
928.1052,solve.va_sample,2,326.781,
928.6055,solve.va_sample,2,326.781,
929.1057,solve.va_sample,2,326.781,
929.6060,solve.va_sample,2,326.781,
930.1062,solve.va_sample,2,326.781,
930.6064,solve.va_sample,2,326.781,
931.1067,solve.va_sample,2,326.781,
931.6069,solve.va_sample,2,326.781,
932.1071,solve.va_sample,2,326.781,
932.6074,solve.va_sample,2,326.781,
933.1076,solve.va_sample,2,326.781,
933.6078,solve.va_sample,2,326.781,
934.1081,solve.va_sample,2,326.781,
934.6083,solve.va_sample,2,326.781,
935.1086,solve.va_sample,2,326.781,
935.6088,solve.va_sample,2,326.781,
936.1090,solve.va_sample,2,326.781,
936.6092,solve.va_sample,2,326.781,
937.1095,solve.va_sample,2,326.781,
937.6097,solve.va_sample,2,326.781,
938.1099,solve.va_sample,2,326.781,
938.6102,solve.va_sample,2,326.781,
939.1104,solve.va_sample,2,326.781,
939.6106,solve.va_sample,2,326.781,
940.1109,solve.va_sample,2,326.781,
940.6111,solve.va_sample,2,326.781,
941.1113,solve.va_sample,2,326.781,
941.6116,solve.va_sample,2,326.781,
942.1118,solve.va_sample,2,326.781,
942.6121,solve.va_sample,2,326.781,
943.1123,solve.va_sample,2,326.781,
943.6125,solve.va_sample,2,326.781,
944.1128,solve.va_sample,2,327.039,
944.6131,solve.va_sample,2,327.039,
945.1133,solve.va_sample,2,327.039,
945.6136,solve.va_sample,2,327.039,
946.1138,solve.va_sample,2,327.039,
946.6140,solve.va_sample,2,327.039,
947.1143,solve.va_sample,2,327.039,
947.6145,solve.va_sample,2,327.039,
948.1147,solve.va_sample,2,327.039,
948.6150,solve.va_sample,2,327.039,
949.1152,solve.va_sample,2,327.039,
949.6154,solve.va_sample,2,327.039,
950.1157,solve.va_sample,2,327.039,
950.6159,solve.va_sample,2,327.039,
951.1161,solve.va_sample,2,327.039,
951.6164,solve.va_sample,2,327.039,
952.1166,solve.va_sample,2,327.039,
952.6168,solve.va_sample,2,327.039,
953.1171,solve.va_sample,2,327.039,
953.6173,solve.va_sample,2,327.039,
954.1176,solve.va_sample,2,327.039,
954.6178,solve.va_sample,2,327.039,
955.1180,solve.va_sample,2,327.039,
955.6183,solve.va_sample,2,327.039,
956.1185,solve.va_sample,2,327.039,
956.6187,solve.va_sample,2,327.039,
957.1190,solve.va_sample,2,327.039,
957.6192,solve.va_sample,2,327.039,
958.1195,solve.va_sample,2,327.039,
958.6197,solve.va_sample,2,327.039,
959.1200,solve.va_sample,2,327.039,
959.6202,solve.va_sample,2,327.039,
960.1204,solve.va_sample,2,327.039,
960.6207,solve.va_sample,2,327.039,
961.1209,solve.va_sample,2,327.039,
961.6211,solve.va_sample,2,327.039,
962.1214,solve.va_sample,2,327.039,
962.6216,solve.va_sample,2,327.039,
963.1218,solve.va_sample,2,327.039,
963.6221,solve.va_sample,2,327.039,
964.1223,solve.va_sample,2,327.039,
964.6225,solve.va_sample,2,327.039,
965.1228,solve.va_sample,2,327.039,
965.6230,solve.va_sample,2,327.039,
966.1232,solve.va_sample,2,327.039,
966.6235,solve.va_sample,2,327.039,
967.1237,solve.va_sample,2,327.039,
967.6240,solve.va_sample,2,327.039,
968.1242,solve.va_sample,2,327.039,
968.6244,solve.va_sample,2,327.039,
969.1247,solve.va_sample,2,327.039,
969.6249,solve.va_sample,2,327.039,
970.1252,solve.va_sample,2,327.039,
970.6254,solve.va_sample,2,327.039,
971.1257,solve.va_sample,2,327.039,
971.6260,solve.va_sample,2,327.039,
972.1263,solve.va_sample,2,327.039,
972.6265,solve.va_sample,2,327.039,
973.1268,solve.va_sample,2,327.039,
973.6270,solve.va_sample,2,327.039,
974.1272,solve.va_sample,2,327.039,
974.6275,solve.va_sample,2,327.039,
975.1277,solve.va_sample,2,327.039,
975.6279,solve.va_sample,2,327.039,
976.1282,solve.va_sample,2,327.039,
976.6284,solve.va_sample,2,327.039,
977.1286,solve.va_sample,2,327.039,
977.6289,solve.va_sample,2,327.039,
978.1291,solve.va_sample,2,327.039,
978.6294,solve.va_sample,2,327.039,
979.1296,solve.va_sample,2,327.039,
979.6298,solve.va_sample,2,327.039,
980.1300,solve.va_sample,2,327.039,
980.6303,solve.va_sample,2,327.039,
981.1305,solve.va_sample,2,327.039,
981.6307,solve.va_sample,2,327.039,
982.1310,solve.va_sample,2,327.039,
982.6312,solve.va_sample,2,327.039,
983.1314,solve.va_sample,2,327.039,
983.6317,solve.va_sample,2,327.039,
984.1319,solve.va_sample,2,327.039,
984.6321,solve.va_sample,2,327.039,
985.1324,solve.va_sample,2,327.039,
985.6326,solve.va_sample,2,327.039,
986.1329,solve.va_sample,2,327.039,
986.6332,solve.va_sample,2,327.039,
987.1335,solve.va_sample,2,327.039,
987.6338,solve.va_sample,2,327.039,
988.1340,solve.va_sample,2,327.039,
988.6343,solve.va_sample,2,327.039,
989.1345,solve.va_sample,2,327.039,
989.6348,solve.va_sample,2,327.039,
990.1351,solve.va_sample,2,327.039,
990.6353,solve.va_sample,2,327.039,
991.1355,solve.va_sample,2,327.039,
991.6358,solve.va_sample,2,327.039,
992.1360,solve.va_sample,2,327.039,
992.6363,solve.va_sample,2,327.039,
993.1366,solve.va_sample,2,327.039,
993.6368,solve.va_sample,2,327.039,
994.1370,solve.va_sample,2,327.039,
994.6373,solve.va_sample,2,327.039,
995.1375,solve.va_sample,2,327.039,
995.6378,solve.va_sample,2,327.039,
996.1381,solve.va_sample,2,327.039,
996.6383,solve.va_sample,2,327.039,
997.1386,solve.va_sample,2,327.039,
997.6388,solve.va_sample,2,327.039,
998.1391,solve.va_sample,2,327.039,
998.6393,solve.va_sample,2,327.039,
999.1396,solve.va_sample,2,327.039,
999.6399,solve.va_sample,2,327.039,
1000.1401,solve.va_sample,2,327.039,
1000.6404,solve.va_sample,2,327.039,
1001.1406,solve.va_sample,2,327.039,
1001.6408,solve.va_sample,2,327.039,
1002.1411,solve.va_sample,2,327.039,
1002.6413,solve.va_sample,2,327.039,
1003.1416,solve.va_sample,2,327.039,
1003.6418,solve.va_sample,2,327.039,
1004.1421,solve.va_sample,2,327.039,
1004.6424,solve.va_sample,2,327.039,
1005.1426,solve.va_sample,2,327.039,
1005.6428,solve.va_sample,2,327.039,
1006.1431,solve.va_sample,2,327.039,
1006.6434,solve.va_sample,2,327.039,
1007.1436,solve.va_sample,2,327.039,
1007.6439,solve.va_sample,2,327.039,
1008.1441,solve.va_sample,2,327.039,
1008.6443,solve.va_sample,2,327.039,
1009.1446,solve.va_sample,2,327.039,
1009.6448,solve.va_sample,2,327.039,
1010.1451,solve.va_sample,2,327.039,
1010.6453,solve.va_sample,2,327.039,
1011.1456,solve.va_sample,2,327.039,
1011.6458,solve.va_sample,2,327.039,
1012.1461,solve.va_sample,2,327.039,
1012.6464,solve.va_sample,2,327.039,
1013.1466,solve.va_sample,2,327.039,
1013.6469,solve.va_sample,2,327.039,
1014.1471,solve.va_sample,2,327.039,
1014.6474,solve.va_sample,2,327.039,
1015.1476,solve.va_sample,2,327.039,
1015.6479,solve.va_sample,2,327.039,
1016.1481,solve.va_sample,2,327.039,
1016.6484,solve.va_sample,2,327.039,
1017.1486,solve.va_sample,2,327.039,
1017.6489,solve.va_sample,2,327.039,
1018.1491,solve.va_sample,2,327.039,
1018.6494,solve.va_sample,2,327.039,
1019.1496,solve.va_sample,2,327.039,
1019.6499,solve.va_sample,2,327.039,
1020.1501,solve.va_sample,2,327.039,
1020.6504,solve.va_sample,2,327.039,
1021.1506,solve.va_sample,2,327.039,
1021.6509,solve.va_sample,2,327.039,
1022.1511,solve.va_sample,2,327.039,
1022.6514,solve.va_sample,2,327.039,
1023.1516,solve.va_sample,2,327.039,
1023.6519,solve.va_sample,2,327.039,
1024.1521,solve.va_sample,2,327.039,
1024.6524,solve.va_sample,2,327.039,
1025.1526,solve.va_sample,2,327.039,
1025.6529,solve.va_sample,2,327.039,
1026.1531,solve.va_sample,2,327.039,
1026.6534,solve.va_sample,2,327.039,
1027.1536,solve.va_sample,2,327.039,
1027.6539,solve.va_sample,2,327.039,
1028.1541,solve.va_sample,2,327.039,
1028.6544,solve.va_sample,2,327.039,
1029.1546,solve.va_sample,2,327.039,
1029.6549,solve.va_sample,2,327.039,
1030.1551,solve.va_sample,2,327.039,
1030.6554,solve.va_sample,2,327.039,
1031.1556,solve.va_sample,2,327.039,
1031.6558,solve.va_sample,2,327.039,
1032.1561,solve.va_sample,2,327.039,
1032.6564,solve.va_sample,2,327.039,
1033.1566,solve.va_sample,2,327.039,
1033.6569,solve.va_sample,2,327.039,
1034.1571,solve.va_sample,2,327.039,
1034.6574,solve.va_sample,2,327.039,
1035.1576,solve.va_sample,2,327.039,
1035.6579,solve.va_sample,2,327.039,
1036.1581,solve.va_sample,2,327.039,
1036.6583,solve.va_sample,2,327.039,
1037.1586,solve.va_sample,2,327.039,
1037.6588,solve.va_sample,2,327.039,
1038.1591,solve.va_sample,2,327.039,
1038.6593,solve.va_sample,2,327.039,
1039.1596,solve.va_sample,2,327.039,
1039.6598,solve.va_sample,2,327.039,
1040.1601,solve.va_sample,2,327.039,
1040.6603,solve.va_sample,2,327.039,
1041.1605,solve.va_sample,2,327.039,
1041.6608,solve.va_sample,2,327.039,
1042.1610,solve.va_sample,2,327.039,
1042.6612,solve.va_sample,2,327.039,
1043.1615,solve.va_sample,2,327.039,
1043.6617,solve.va_sample,2,327.039,
1044.1619,solve.va_sample,2,327.039,
1044.6622,solve.va_sample,2,327.039,
1045.1624,solve.va_sample,2,327.039,
1045.6626,solve.va_sample,2,327.039,
1046.1628,solve.va_sample,2,327.039,
1046.6631,solve.va_sample,2,327.039,
1047.1633,solve.va_sample,2,327.039,
1047.6635,solve.va_sample,2,327.039,
1048.1637,solve.va_sample,2,327.039,
1048.6640,solve.va_sample,2,327.039,
1049.1643,solve.va_sample,2,327.039,
1049.6645,solve.va_sample,2,327.039,
1050.1647,solve.va_sample,2,327.039,
1050.6650,solve.va_sample,2,327.039,
1051.1652,solve.va_sample,2,327.039,
1051.6654,solve.va_sample,2,327.039,
1052.1657,solve.va_sample,2,327.039,
1052.6659,solve.va_sample,2,327.039,
1053.1661,solve.va_sample,2,327.039,
1053.6663,solve.va_sample,2,327.039,
1054.1666,solve.va_sample,2,327.039,
1054.6668,solve.va_sample,2,327.039,
1055.1670,solve.va_sample,2,327.039,
1055.6672,solve.va_sample,2,327.039,
1056.1675,solve.va_sample,2,327.039,
1056.6677,solve.va_sample,2,327.039,
1057.1679,solve.va_sample,2,327.039,
1057.6682,solve.va_sample,2,327.039,
1058.1684,solve.va_sample,2,327.039,
1058.6686,solve.va_sample,2,327.039,
1059.1689,solve.va_sample,2,327.039,
1059.6691,solve.va_sample,2,327.039,
1060.1694,solve.va_sample,2,327.039,
1060.6696,solve.va_sample,2,327.039,
1061.1698,solve.va_sample,2,327.039,
1061.6700,solve.va_sample,2,327.039,
1062.1703,solve.va_sample,2,327.039,
1062.6705,solve.va_sample,2,327.039,
1063.1708,solve.va_sample,2,327.039,
1063.6710,solve.va_sample,2,327.039,
1064.1712,solve.va_sample,2,327.039,
1064.6715,solve.va_sample,2,327.039,
1065.1717,solve.va_sample,2,327.039,
1065.6720,solve.va_sample,2,327.039,
1066.1722,solve.va_sample,2,327.039,
1066.6725,solve.va_sample,2,327.039,
1067.1727,solve.va_sample,2,327.039,
1067.6729,solve.va_sample,2,327.039,
1068.1732,solve.va_sample,2,327.039,
1068.6734,solve.va_sample,2,327.039,
1069.1736,solve.va_sample,2,327.039,
1069.6738,solve.va_sample,2,327.039,
1070.1741,solve.va_sample,2,327.039,
1070.6743,solve.va_sample,2,327.039,
1071.1745,solve.va_sample,2,327.039,
1071.6748,solve.va_sample,2,327.039,
1072.1750,solve.va_sample,2,327.039,
1072.6752,solve.va_sample,2,327.039,
1073.1755,solve.va_sample,2,327.039,
1073.6757,solve.va_sample,2,327.039,
1074.1759,solve.va_sample,2,327.039,
1074.6762,solve.va_sample,2,327.039,
1075.1764,solve.va_sample,2,327.039,
1075.6766,solve.va_sample,2,327.039,
1076.1768,solve.va_sample,2,327.039,
1076.6771,solve.va_sample,2,327.039,
1077.1773,solve.va_sample,2,327.039,
1077.6775,solve.va_sample,2,327.039,
1078.1778,solve.va_sample,2,327.039,
1078.6780,solve.va_sample,2,327.039,
1079.1782,solve.va_sample,2,327.039,
1079.6785,solve.va_sample,2,327.039,
1080.1787,solve.va_sample,2,327.039,
1080.6789,solve.va_sample,2,327.039,
1081.1791,solve.va_sample,2,327.039,
1081.6794,solve.va_sample,2,327.039,
1082.1796,solve.va_sample,2,327.039,
1082.6798,solve.va_sample,2,327.039,
1083.1800,solve.va_sample,2,327.039,
1083.6803,solve.va_sample,2,327.039,
1084.1805,solve.va_sample,2,327.039,
1084.6807,solve.va_sample,2,327.039,
1085.1810,solve.va_sample,2,327.039,
1085.6812,solve.va_sample,2,327.039,
1086.1814,solve.va_sample,2,327.039,
1086.6817,solve.va_sample,2,327.039,
1087.1819,solve.va_sample,2,327.039,
1087.6821,solve.va_sample,2,327.039,
1088.1824,solve.va_sample,2,327.039,
1088.6826,solve.va_sample,2,327.039,
1089.1828,solve.va_sample,2,327.039,
1089.6831,solve.va_sample,2,327.039,
1090.1833,solve.va_sample,2,327.039,
1090.6836,solve.va_sample,2,327.039,
1091.1838,solve.va_sample,2,327.039,
1091.6840,solve.va_sample,2,327.039,
1092.1843,solve.va_sample,2,327.039,
1092.6845,solve.va_sample,2,327.039,
1093.1847,solve.va_sample,2,327.039,
1093.6850,solve.va_sample,2,327.039,
1094.1852,solve.va_sample,2,327.039,
1094.6855,solve.va_sample,2,327.039,
1095.1857,solve.va_sample,2,327.039,
1095.6859,solve.va_sample,2,327.039,
1096.1861,solve.va_sample,2,327.039,
1096.6864,solve.va_sample,2,327.039,
1097.1866,solve.va_sample,2,327.039,
1097.6868,solve.va_sample,2,327.039,
1098.1870,solve.va_sample,2,327.039,
1098.6873,solve.va_sample,2,327.039,
1099.1875,solve.va_sample,2,327.039,
1099.6877,solve.va_sample,2,327.039,
1100.1880,solve.va_sample,2,327.039,
1100.6882,solve.va_sample,2,327.039,
1101.1885,solve.va_sample,2,327.039,
1101.6887,solve.va_sample,2,327.039,
1102.1889,solve.va_sample,2,327.039,
1102.6892,solve.va_sample,2,327.039,
1103.1894,solve.va_sample,2,327.039,
1103.6896,solve.va_sample,2,327.039,
1104.1898,solve.va_sample,2,327.039,
1104.6901,solve.va_sample,2,327.039,
1105.1903,solve.va_sample,2,327.039,
1105.6905,solve.va_sample,2,327.039,
1106.1908,solve.va_sample,2,327.039,
1106.6910,solve.va_sample,2,327.039,
1107.1912,solve.va_sample,2,327.039,
1107.6914,solve.va_sample,2,327.039,
1108.1917,solve.va_sample,2,327.039,
1108.6919,solve.va_sample,2,327.039,
1109.1922,solve.va_sample,2,327.039,
1109.6924,solve.va_sample,2,327.039,
1110.1926,solve.va_sample,2,327.039,
1110.6929,solve.va_sample,2,327.039,
1111.1931,solve.va_sample,2,327.039,
1111.6933,solve.va_sample,2,327.039,
1112.1935,solve.va_sample,2,327.039,
1112.6938,solve.va_sample,2,327.039,
1113.1940,solve.va_sample,2,327.039,
1113.6942,solve.va_sample,2,327.039,
1114.1945,solve.va_sample,2,327.039,
1114.6947,solve.va_sample,2,327.039,
1115.1949,solve.va_sample,2,327.039,
1115.6952,solve.va_sample,2,327.039,
1116.1954,solve.va_sample,2,327.039,
1116.6957,solve.va_sample,2,327.039,
1117.1959,solve.va_sample,2,327.039,
1117.6961,solve.va_sample,2,327.039,
1118.1963,solve.va_sample,2,327.039,
1118.6966,solve.va_sample,2,327.039,
1119.1968,solve.va_sample,2,327.039,
1119.6970,solve.va_sample,2,327.039,
1120.1973,solve.va_sample,2,327.039,
1120.6975,solve.va_sample,2,327.039,
1121.1977,solve.va_sample,2,327.039,
1121.6980,solve.va_sample,2,327.039,
1122.1982,solve.va_sample,2,327.039,
1122.6984,solve.va_sample,2,327.039,
1123.1986,solve.va_sample,2,327.039,
1123.6989,solve.va_sample,2,327.039,
1124.1991,solve.va_sample,2,327.039,
1124.6994,solve.va_sample,2,327.039,
1125.1996,solve.va_sample,2,327.039,
1125.6998,solve.va_sample,2,327.039,
1126.2001,solve.va_sample,2,327.039,
1126.7003,solve.va_sample,2,327.039,
1127.2006,solve.va_sample,2,327.039,
1127.7008,solve.va_sample,2,327.039,
1128.2010,solve.va_sample,2,327.039,
1128.7012,solve.va_sample,2,327.039,
1129.2015,solve.va_sample,2,327.039,
1129.7018,solve.va_sample,2,327.039,
1130.2020,solve.va_sample,2,327.039,
1130.7022,solve.va_sample,2,327.039,
1131.2025,solve.va_sample,2,327.039,
1131.7027,solve.va_sample,2,327.039,
1132.2029,solve.va_sample,2,327.039,
1132.7031,solve.va_sample,2,327.039,
1133.2033,solve.va_sample,2,327.039,
1133.7036,solve.va_sample,2,327.039,
1134.2038,solve.va_sample,2,327.039,
1134.7040,solve.va_sample,2,327.039,
1135.2043,solve.va_sample,2,327.039,
1135.7045,solve.va_sample,2,327.039,
1136.2047,solve.va_sample,2,327.039,
1136.7049,solve.va_sample,2,327.039,
1137.2052,solve.va_sample,2,327.039,
1137.7054,solve.va_sample,2,327.039,
1138.2056,solve.va_sample,2,327.039,
1138.7058,solve.va_sample,2,327.039,
1139.2060,solve.va_sample,2,327.039,
1139.7063,solve.va_sample,2,327.039,
1140.2065,solve.va_sample,2,327.039,
1140.7067,solve.va_sample,2,327.039,
1141.2070,solve.va_sample,2,327.039,
1141.7072,solve.va_sample,2,327.039,
1142.2074,solve.va_sample,2,327.039,
1142.7076,solve.va_sample,2,327.039,
1143.2079,solve.va_sample,2,327.039,
1143.7081,solve.va_sample,2,327.039,
1144.2083,solve.va_sample,2,327.039,
1144.7086,solve.va_sample,2,327.039,
1145.2088,solve.va_sample,2,327.039,
1145.7090,solve.va_sample,2,327.039,
1146.2093,solve.va_sample,2,327.039,
1146.7095,solve.va_sample,2,327.039,
1147.2097,solve.va_sample,2,327.039,
1147.7100,solve.va_sample,2,327.039,
1148.2102,solve.va_sample,2,327.039,
1148.7104,solve.va_sample,2,327.039,
1149.2107,solve.va_sample,2,327.039,
1149.7109,solve.va_sample,2,327.039,
1150.2112,solve.va_sample,2,327.039,
1150.7114,solve.va_sample,2,327.039,
1151.2117,solve.va_sample,2,327.039,
1151.7119,solve.va_sample,2,327.039,
1152.2121,solve.va_sample,2,327.039,
1152.7124,solve.va_sample,2,327.039,
1153.2126,solve.va_sample,2,327.039,
1153.7128,solve.va_sample,2,327.039,
1154.2130,solve.va_sample,2,327.039,
1154.7133,solve.va_sample,2,327.039,
1155.2135,solve.va_sample,2,327.039,
1155.7137,solve.va_sample,2,327.039,
1156.2140,solve.va_sample,2,327.039,
1156.7142,solve.va_sample,2,327.039,
1157.2144,solve.va_sample,2,327.039,
1157.7147,solve.va_sample,2,327.039,
1158.2150,solve.va_sample,2,327.039,
1158.7152,solve.va_sample,2,327.039,
1159.2155,solve.va_sample,2,327.039,
1159.7157,solve.va_sample,2,327.039,
1160.2160,solve.va_sample,2,327.039,
1160.7162,solve.va_sample,2,327.039,
1161.2165,solve.va_sample,2,327.039,
1161.7168,solve.va_sample,2,327.039,
1162.2170,solve.va_sample,2,327.039,
1162.7173,solve.va_sample,2,327.039,
1163.2175,solve.va_sample,2,327.039,
1163.7178,solve.va_sample,2,327.039,
1164.2180,solve.va_sample,2,327.039,
1164.7183,solve.va_sample,2,327.039,
1165.2185,solve.va_sample,2,327.039,
1165.7188,solve.va_sample,2,327.039,
1166.2190,solve.va_sample,2,327.039,
1166.7193,solve.va_sample,2,327.039,
1167.2195,solve.va_sample,2,327.039,
1167.7198,solve.va_sample,2,327.039,
1168.2200,solve.va_sample,2,327.039,
1168.7203,solve.va_sample,2,327.039,
1169.2205,solve.va_sample,2,327.039,
1169.7208,solve.va_sample,2,327.039,
1170.2210,solve.va_sample,2,327.039,
1170.7213,solve.va_sample,2,327.039,
1171.2215,solve.va_sample,2,327.039,
1171.7218,solve.va_sample,2,327.039,
1172.2220,solve.va_sample,2,327.039,
1172.7223,solve.va_sample,2,327.039,
1173.2225,solve.va_sample,2,327.039,
1173.7228,solve.va_sample,2,327.039,
1174.2230,solve.va_sample,2,327.039,
1174.7233,solve.va_sample,2,327.039,
1175.2235,solve.va_sample,2,327.039,
1175.7237,solve.va_sample,2,327.039,
1176.2240,solve.va_sample,2,327.039,
1176.7243,solve.va_sample,2,327.039,
1177.2245,solve.va_sample,2,327.039,
1177.7248,solve.va_sample,2,327.039,
1178.2250,solve.va_sample,2,327.039,
1178.7253,solve.va_sample,2,327.039,
1179.2255,solve.va_sample,2,327.039,
1179.7258,solve.va_sample,2,327.039,
1180.2260,solve.va_sample,2,327.039,
1180.7262,solve.va_sample,2,327.039,
1181.2265,solve.va_sample,2,327.039,
1181.7267,solve.va_sample,2,327.039,
1182.2270,solve.va_sample,2,327.039,
1182.7272,solve.va_sample,2,327.039,
1183.2275,solve.va_sample,2,327.039,
1183.7277,solve.va_sample,2,327.039,
1184.2280,solve.va_sample,2,327.039,
1184.7282,solve.va_sample,2,327.039,
1185.2285,solve.va_sample,2,327.039,
1185.7288,solve.va_sample,2,327.039,
1186.2290,solve.va_sample,2,327.039,
1186.7293,solve.va_sample,2,327.039,
1187.2295,solve.va_sample,2,327.039,
1187.7298,solve.va_sample,2,327.039,
1188.2300,solve.va_sample,2,327.039,
1188.7302,solve.va_sample,2,327.039,
1189.2305,solve.va_sample,2,327.039,
1189.7307,solve.va_sample,2,327.039,
1190.2310,solve.va_sample,2,327.039,
1190.7313,solve.va_sample,2,327.039,
1191.2315,solve.va_sample,2,327.039,
1191.7318,solve.va_sample,2,327.039,
1192.2320,solve.va_sample,2,327.039,
1192.7322,solve.va_sample,2,327.039,
1193.2325,solve.va_sample,2,327.039,
1193.7327,solve.va_sample,2,327.039,
1194.2330,solve.va_sample,2,327.039,
1194.7332,solve.va_sample,2,327.039,
1195.2335,solve.va_sample,2,327.039,
1195.7337,solve.va_sample,2,327.039,
1196.2340,solve.va_sample,2,327.039,
1196.7342,solve.va_sample,2,327.039,
1197.2345,solve.va_sample,2,327.039,
1197.7347,solve.va_sample,2,327.039,
1198.2350,solve.va_sample,2,327.039,
1198.7352,solve.va_sample,2,327.039,
1199.2355,solve.va_sample,2,327.039,
1199.7358,solve.va_sample,2,327.039,
1200.2360,solve.va_sample,2,327.039,
1200.7363,solve.va_sample,2,327.039,
1201.2365,solve.va_sample,2,327.039,
1201.7368,solve.va_sample,2,327.039,
1202.2370,solve.va_sample,2,327.039,
1202.7373,solve.va_sample,2,327.039,
1203.2375,solve.va_sample,2,327.039,
1203.7378,solve.va_sample,2,327.039,
1204.2380,solve.va_sample,2,327.039,
1204.7383,solve.va_sample,2,327.039,
1205.2385,solve.va_sample,2,327.039,
1205.7388,solve.va_sample,2,327.039,
1206.2390,solve.va_sample,2,327.039,
1206.7393,solve.va_sample,2,327.039,
1207.2395,solve.va_sample,2,327.039,
1207.7398,solve.va_sample,2,327.039,
1208.2400,solve.va_sample,2,327.039,
1208.7403,solve.va_sample,2,327.039,
1209.2405,solve.va_sample,2,327.039,
1209.7408,solve.va_sample,2,327.039,
1210.2411,solve.va_sample,2,327.039,
1210.7413,solve.va_sample,2,327.039,
1211.2416,solve.va_sample,2,327.039,
1211.7418,solve.va_sample,2,327.039,
1212.2421,solve.va_sample,2,327.039,
1212.7423,solve.va_sample,2,327.039,
1213.2426,solve.va_sample,2,327.039,
1213.7428,solve.va_sample,2,327.039,
1214.2431,solve.va_sample,2,327.039,
1214.7433,solve.va_sample,2,327.039,
1215.2436,solve.va_sample,2,327.039,
1215.7438,solve.va_sample,2,327.039,
1216.2441,solve.va_sample,2,327.039,
1216.7443,solve.va_sample,2,327.039,
1217.2446,solve.va_sample,2,327.039,
1217.7449,solve.va_sample,2,327.039,
1218.2451,solve.va_sample,2,327.039,
1218.7453,solve.va_sample,2,327.039,
1219.2456,solve.va_sample,2,327.039,
1219.7458,solve.va_sample,2,327.039,
1220.2461,solve.va_sample,2,327.039,
1220.7463,solve.va_sample,2,327.039,
1221.2466,solve.va_sample,2,327.039,
1221.7469,solve.va_sample,2,327.039,
1222.2471,solve.va_sample,2,327.039,
1222.7474,solve.va_sample,2,327.039,
1223.2476,solve.va_sample,2,327.039,
1223.7479,solve.va_sample,2,327.039,
1224.2481,solve.va_sample,2,327.039,
1224.7484,solve.va_sample,2,327.039,
1225.2486,solve.va_sample,2,327.039,
1225.7489,solve.va_sample,2,327.039,
1226.2491,solve.va_sample,2,327.039,
1226.7494,solve.va_sample,2,327.039,
1227.2496,solve.va_sample,2,327.039,
1227.7498,solve.va_sample,2,327.039,
1228.2501,solve.va_sample,2,327.039,
1228.7504,solve.va_sample,2,327.039,
1229.2506,solve.va_sample,2,327.039,
1229.7509,solve.va_sample,2,327.039,
1230.2512,solve.va_sample,2,327.039,
1230.7514,solve.va_sample,2,327.039,
1231.2517,solve.va_sample,2,327.039,
1231.7520,solve.va_sample,2,327.039,
1232.2522,solve.va_sample,2,327.039,
1232.7525,solve.va_sample,2,327.039,
1233.2527,solve.va_sample,2,327.039,
1233.7530,solve.va_sample,2,327.039,
1234.2532,solve.va_sample,2,327.039,
1234.7535,solve.va_sample,2,327.039,
1235.2537,solve.va_sample,2,327.039,
1235.7540,solve.va_sample,2,327.039,
1236.2542,solve.va_sample,2,327.039,
1236.7545,solve.va_sample,2,327.039,
1237.2548,solve.va_sample,2,327.039,
1237.7550,solve.va_sample,2,327.039,
1238.2553,solve.va_sample,2,327.039,
1238.7556,solve.va_sample,2,327.039,
1239.2558,solve.va_sample,2,327.039,
1239.7561,solve.va_sample,2,327.039,
1240.2563,solve.va_sample,2,327.039,
1240.7566,solve.va_sample,2,327.039,
1241.2569,solve.va_sample,2,327.039,
1241.7571,solve.va_sample,2,327.039,
1242.2574,solve.va_sample,2,327.039,
1242.7576,solve.va_sample,2,327.039,
1243.2579,solve.va_sample,2,327.039,
1243.7581,solve.va_sample,2,327.039,
1244.2584,solve.va_sample,2,327.039,
1244.7586,solve.va_sample,2,327.039,
1245.2589,solve.va_sample,2,327.039,
1245.7592,solve.va_sample,2,327.039,
1246.2594,solve.va_sample,2,327.039,
1246.7597,solve.va_sample,2,327.039,
1247.2599,solve.va_sample,2,327.039,
1247.7602,solve.va_sample,2,327.039,
1248.2604,solve.va_sample,2,327.039,
1248.7607,solve.va_sample,2,327.039,
1249.2609,solve.va_sample,2,327.039,
1249.7612,solve.va_sample,2,327.039,
1250.2614,solve.va_sample,2,327.039,
1250.7617,solve.va_sample,2,327.039,
1251.2619,solve.va_sample,2,327.039,
1251.7622,solve.va_sample,2,327.039,
1252.2625,solve.va_sample,2,327.039,
1252.7627,solve.va_sample,2,327.039,
1253.2630,solve.va_sample,2,327.039,
1253.7632,solve.va_sample,2,327.039,
1254.2635,solve.va_sample,2,327.039,
1254.7637,solve.va_sample,2,327.039,
1255.2640,solve.va_sample,2,327.039,
1255.7642,solve.va_sample,2,327.039,
1256.2644,solve.va_sample,2,327.039,
1256.7647,solve.va_sample,2,327.039,
1257.2649,solve.va_sample,2,327.039,
1257.7652,solve.va_sample,2,327.039,
1258.2654,solve.va_sample,2,327.039,
1258.7657,solve.va_sample,2,327.039,
1259.2660,solve.va_sample,2,327.039,
1259.7662,solve.va_sample,2,327.039,
1260.2665,solve.va_sample,2,327.039,
1260.7667,solve.va_sample,2,327.039,
1261.2670,solve.va_sample,2,327.039,
1261.7672,solve.va_sample,2,327.039,
1262.2674,solve.va_sample,2,327.039,
1262.7677,solve.va_sample,2,327.039,
1263.2680,solve.va_sample,2,327.039,
1263.7682,solve.va_sample,2,327.039,
1264.2685,solve.va_sample,2,327.039,
1264.7687,solve.va_sample,2,327.039,
1265.2690,solve.va_sample,2,327.039,
1265.7692,solve.va_sample,2,327.039,
1266.2695,solve.va_sample,2,327.039,
1266.7697,solve.va_sample,2,327.039,
1267.2700,solve.va_sample,2,327.039,
1267.7702,solve.va_sample,2,327.039,
1268.2705,solve.va_sample,2,327.039,
1268.7707,solve.va_sample,2,327.039,
1269.2710,solve.va_sample,2,327.039,
1269.7712,solve.va_sample,2,327.039,
1270.2715,solve.va_sample,2,327.039,
1270.7718,solve.va_sample,2,327.039,
1271.2721,solve.va_sample,2,327.039,
1271.7723,solve.va_sample,2,327.039,
1272.2726,solve.va_sample,2,327.039,
1272.7728,solve.va_sample,2,327.039,
1273.2731,solve.va_sample,2,327.039,
1273.7733,solve.va_sample,2,327.039,
1274.2736,solve.va_sample,2,327.039,
1274.7739,solve.va_sample,2,327.039,
1275.2741,solve.va_sample,2,327.039,
1275.7744,solve.va_sample,2,327.039,
1276.2746,solve.va_sample,2,327.039,
1276.7748,solve.va_sample,2,327.039,
1277.2751,solve.va_sample,2,327.039,
1277.7753,solve.va_sample,2,327.039,
1278.2756,solve.va_sample,2,327.039,
1278.7759,solve.va_sample,2,327.039,
1279.2761,solve.va_sample,2,327.039,
1279.7764,solve.va_sample,2,327.039,
1280.2766,solve.va_sample,2,327.039,
1280.7769,solve.va_sample,2,327.039,
1281.2771,solve.va_sample,2,327.039,
1281.7774,solve.va_sample,2,327.039,
1282.2776,solve.va_sample,2,327.039,
1282.7779,solve.va_sample,2,327.039,
1283.2781,solve.va_sample,2,327.039,
1283.7783,solve.va_sample,2,327.039,
1284.2786,solve.va_sample,2,327.039,
1284.7788,solve.va_sample,2,327.039,
1285.2791,solve.va_sample,2,327.039,
1285.7793,solve.va_sample,2,327.039,
1286.2796,solve.va_sample,2,327.039,
1286.7799,solve.va_sample,2,327.039,
1287.2801,solve.va_sample,2,327.039,
1287.7803,solve.va_sample,2,327.039,
1288.2806,solve.va_sample,2,327.039,
1288.7809,solve.va_sample,2,327.039,
1289.2811,solve.va_sample,2,327.039,
1289.7813,solve.va_sample,2,327.039,
1290.2816,solve.va_sample,2,327.039,
1290.7818,solve.va_sample,2,327.039,
1291.2820,solve.va_sample,2,327.039,
1291.7823,solve.va_sample,2,327.039,
1292.2825,solve.va_sample,2,327.039,
1292.7828,solve.va_sample,2,327.039,
1293.2830,solve.va_sample,2,327.039,
1293.7832,solve.va_sample,2,327.039,
1294.2834,solve.va_sample,2,327.039,
1294.7837,solve.va_sample,2,327.039,
1295.2839,solve.va_sample,2,327.039,
1295.7842,solve.va_sample,2,327.297,
1296.2844,solve.va_sample,2,327.297,
1296.7846,solve.va_sample,2,327.297,
1297.2849,solve.va_sample,2,327.297,
1297.7851,solve.va_sample,2,327.297,
1298.2854,solve.va_sample,2,327.297,
1298.7856,solve.va_sample,2,327.297,
1299.2858,solve.va_sample,2,327.297,
1299.7860,solve.va_sample,2,327.297,
1300.2863,solve.va_sample,2,327.297,
1300.7865,solve.va_sample,2,327.297,
1301.2868,solve.va_sample,2,327.297,
1301.7870,solve.va_sample,2,327.297,
1302.2873,solve.va_sample,2,327.297,
1302.7875,solve.va_sample,2,327.297,
1303.2877,solve.va_sample,2,327.297,
1303.7880,solve.va_sample,2,327.297,
1304.2882,solve.va_sample,2,327.297,
1304.7885,solve.va_sample,2,327.297,
1305.2887,solve.va_sample,2,327.297,
1305.7890,solve.va_sample,2,327.297,
1306.2892,solve.va_sample,2,327.297,
1306.7894,solve.va_sample,2,327.297,
1307.2897,solve.va_sample,2,327.297,
1307.7899,solve.va_sample,2,327.297,
1308.2902,solve.va_sample,2,327.297,
1308.7904,solve.va_sample,2,327.297,
1309.2907,solve.va_sample,2,327.297,
1309.7909,solve.va_sample,2,327.297,
1310.2912,solve.va_sample,2,327.297,
1310.7914,solve.va_sample,2,327.297,
1311.2917,solve.va_sample,2,327.297,
1311.7919,solve.va_sample,2,327.297,
1312.2921,solve.va_sample,2,327.297,
1312.7924,solve.va_sample,2,327.297,
1313.2926,solve.va_sample,2,327.297,
1313.7929,solve.va_sample,2,327.297,
1314.2931,solve.va_sample,2,327.297,
1314.7934,solve.va_sample,2,327.297,
1315.2936,solve.va_sample,2,327.297,
1315.7938,solve.va_sample,2,327.297,
1316.2941,solve.va_sample,2,327.297,
1316.7943,solve.va_sample,2,327.297,
1317.2945,solve.va_sample,2,327.297,
1317.7947,solve.va_sample,2,327.297,
1318.2950,solve.va_sample,2,327.297,
1318.7952,solve.va_sample,2,327.297,
1319.2954,solve.va_sample,2,327.297,
1319.7957,solve.va_sample,2,327.297,
1320.2959,solve.va_sample,2,327.297,
1320.7961,solve.va_sample,2,327.297,
1321.2964,solve.va_sample,2,327.297,
1321.7966,solve.va_sample,2,327.297,
1322.2969,solve.va_sample,2,327.297,
1322.7971,solve.va_sample,2,327.297,
1323.2974,solve.va_sample,2,327.297,
1323.7976,solve.va_sample,2,327.297,
1324.2979,solve.va_sample,2,327.297,
1324.7981,solve.va_sample,2,327.297,
1325.2983,solve.va_sample,2,327.297,
1325.7986,solve.va_sample,2,327.297,
1326.2988,solve.va_sample,2,327.297,
1326.7990,solve.va_sample,2,327.297,
1327.2993,solve.va_sample,2,327.297,
1327.7995,solve.va_sample,2,327.297,
1328.2998,solve.va_sample,2,327.297,
1328.8000,solve.va_sample,2,327.297,
1329.3002,solve.va_sample,2,327.297,
1329.8005,solve.va_sample,2,327.297,
1330.3008,solve.va_sample,2,327.297,
1330.8010,solve.va_sample,2,327.297,
1331.3013,solve.va_sample,2,327.297,
1331.8016,solve.va_sample,2,327.297,
1332.3018,solve.va_sample,2,327.297,
1332.8020,solve.va_sample,2,327.297,
1333.3023,solve.va_sample,2,327.297,
1333.8025,solve.va_sample,2,327.297,
1334.3027,solve.va_sample,2,327.297,
1334.8030,solve.va_sample,2,327.297,
1335.3032,solve.va_sample,2,327.297,
1335.8035,solve.va_sample,2,327.297,
1336.3037,solve.va_sample,2,327.297,
1336.8040,solve.va_sample,2,327.297,
1337.3042,solve.va_sample,2,327.297,
1337.8045,solve.va_sample,2,327.297,
1338.3047,solve.va_sample,2,327.297,
1338.8049,solve.va_sample,2,327.297,
1339.3052,solve.va_sample,2,327.297,
1339.8054,solve.va_sample,2,327.297,
1340.3057,solve.va_sample,2,327.297,
1340.8059,solve.va_sample,2,327.297,
1341.3062,solve.va_sample,2,327.297,
1341.8065,solve.va_sample,2,327.297,
1342.3067,solve.va_sample,2,327.297,
1342.8070,solve.va_sample,2,327.297,
1343.3072,solve.va_sample,2,327.297,
1343.8075,solve.va_sample,2,327.297,
1344.3077,solve.va_sample,2,327.297,
1344.8079,solve.va_sample,2,327.297,
1345.3082,solve.va_sample,2,327.297,
1345.8084,solve.va_sample,2,327.297,
1346.3086,solve.va_sample,2,327.297,
1346.8089,solve.va_sample,2,327.297,
1347.3091,solve.va_sample,2,327.297,
1347.8093,solve.va_sample,2,327.297,
1348.3096,solve.va_sample,2,327.297,
1348.8099,solve.va_sample,2,327.297,
1349.3101,solve.va_sample,2,327.297,
1349.8104,solve.va_sample,2,327.297,
1350.3106,solve.va_sample,2,327.297,
1350.8109,solve.va_sample,2,327.297,
1351.3111,solve.va_sample,2,327.297,
1351.8113,solve.va_sample,2,327.297,
1352.3116,solve.va_sample,2,327.297,
1352.8118,solve.va_sample,2,327.297,
1353.3120,solve.va_sample,2,327.297,
1353.8123,solve.va_sample,2,327.297,
1354.3125,solve.va_sample,2,327.297,
1354.8128,solve.va_sample,2,327.297,
1355.3130,solve.va_sample,2,327.297,
1355.8133,solve.va_sample,2,327.297,
1356.3135,solve.va_sample,2,327.297,
1356.8138,solve.va_sample,2,327.297,
1357.3140,solve.va_sample,2,327.297,
1357.8143,solve.va_sample,2,327.297,
1358.3145,solve.va_sample,2,327.297,
1358.8148,solve.va_sample,2,327.297,
1359.3150,solve.va_sample,2,327.297,
1359.8153,solve.va_sample,2,327.297,
1360.3155,solve.va_sample,2,327.297,
1360.8157,solve.va_sample,2,327.297,
1361.3160,solve.va_sample,2,327.297,
1361.8162,solve.va_sample,2,327.297,
1362.3164,solve.va_sample,2,327.297,
1362.8167,solve.va_sample,2,327.297,
1363.3169,solve.va_sample,2,327.297,
1363.8172,solve.va_sample,2,327.297,
1364.3175,solve.va_sample,2,327.297,
1364.8177,solve.va_sample,2,327.297,
1365.3180,solve.va_sample,2,327.297,
1365.8182,solve.va_sample,2,327.297,
1366.3185,solve.va_sample,2,327.297,
1366.8187,solve.va_sample,2,327.297,
1367.3189,solve.va_sample,2,327.297,
1367.8192,solve.va_sample,2,327.297,
1368.3194,solve.va_sample,2,327.297,
1368.8197,solve.va_sample,2,327.297,
1369.3199,solve.va_sample,2,327.297,
1369.8201,solve.va_sample,2,327.297,
1370.3204,solve.va_sample,2,327.297,
1370.8206,solve.va_sample,2,327.297,
1371.3209,solve.va_sample,2,327.297,
1371.8211,solve.va_sample,2,327.297,
1372.3213,solve.va_sample,2,327.297,
1372.8216,solve.va_sample,2,327.297,
1373.3219,solve.va_sample,2,327.297,
1373.8222,solve.va_sample,2,327.297,
1374.3224,solve.va_sample,2,327.297,
1374.8226,solve.va_sample,2,327.297,
1375.3229,solve.va_sample,2,327.297,
1375.8231,solve.va_sample,2,327.297,
1376.3234,solve.va_sample,2,327.297,
1376.8236,solve.va_sample,2,327.297,
1377.3239,solve.va_sample,2,327.297,
1377.8241,solve.va_sample,2,327.297,
1378.3244,solve.va_sample,2,327.297,
1378.8247,solve.va_sample,2,327.297,
1379.3249,solve.va_sample,2,327.297,
1379.8252,solve.va_sample,2,327.297,
1380.3254,solve.va_sample,2,327.297,
1380.8257,solve.va_sample,2,327.297,
1381.3260,solve.va_sample,2,327.297,
1381.8262,solve.va_sample,2,327.297,
1382.3265,solve.va_sample,2,327.297,
1382.8268,solve.va_sample,2,327.297,
1383.3270,solve.va_sample,2,327.297,
1383.8273,solve.va_sample,2,327.297,
1384.3275,solve.va_sample,2,327.297,
1384.8278,solve.va_sample,2,327.297,
1385.3280,solve.va_sample,2,327.297,
1385.8283,solve.va_sample,2,327.297,
1386.3285,solve.va_sample,2,327.297,
1386.8288,solve.va_sample,2,327.297,
1387.3290,solve.va_sample,2,327.297,
1387.8293,solve.va_sample,2,327.297,
1388.3295,solve.va_sample,2,327.297,
1388.8298,solve.va_sample,2,327.297,
1389.3301,solve.va_sample,2,327.297,
1389.8303,solve.va_sample,2,327.297,
1390.3306,solve.va_sample,2,327.297,
1390.8309,solve.va_sample,2,327.297,
1391.3312,solve.va_sample,2,327.297,
1391.8314,solve.va_sample,2,327.297,
1392.3317,solve.va_sample,2,327.297,
1392.8319,solve.va_sample,2,327.297,
1393.3322,solve.va_sample,2,327.297,
1393.8324,solve.va_sample,2,327.297,
1394.3327,solve.va_sample,2,327.297,
1394.8329,solve.va_sample,2,327.297,
1395.3332,solve.va_sample,2,327.297,
1395.8335,solve.va_sample,2,327.297,
1396.3337,solve.va_sample,2,327.297,
1396.8340,solve.va_sample,2,327.297,
1397.3342,solve.va_sample,2,327.297,
1397.8345,solve.va_sample,2,327.297,
1398.3347,solve.va_sample,2,327.297,
1398.8350,solve.va_sample,2,327.297,
1399.3353,solve.va_sample,2,327.297,
1399.8355,solve.va_sample,2,327.297,
1400.3358,solve.va_sample,2,327.297,
1400.8360,solve.va_sample,2,327.297,
1401.3363,solve.va_sample,2,327.297,
1401.8365,solve.va_sample,2,327.297,
1402.3368,solve.va_sample,2,327.297,
1402.8371,solve.va_sample,2,327.297,
1403.3373,solve.va_sample,2,327.297,
1403.8376,solve.va_sample,2,327.297,
1404.3378,solve.va_sample,2,327.297,
1404.8381,solve.va_sample,2,327.297,
1405.3383,solve.va_sample,2,327.297,
1405.8386,solve.va_sample,2,327.297,
1406.3388,solve.va_sample,2,327.297,
1406.8391,solve.va_sample,2,327.297,
1407.3393,solve.va_sample,2,327.297,
1407.8396,solve.va_sample,2,327.297,
1408.3398,solve.va_sample,2,327.297,
1408.8401,solve.va_sample,2,327.297,
1409.3403,solve.va_sample,2,327.297,
1409.8406,solve.va_sample,2,327.297,
1410.3409,solve.va_sample,2,327.297,
1410.8411,solve.va_sample,2,327.297,
1411.3413,solve.va_sample,2,327.297,
1411.8416,solve.va_sample,2,327.297,
1412.3418,solve.va_sample,2,327.297,
1412.8421,solve.va_sample,2,327.297,
1413.3423,solve.va_sample,2,327.297,
1413.8426,solve.va_sample,2,327.297,
1414.3428,solve.va_sample,2,327.297,
1414.8431,solve.va_sample,2,327.297,
1415.3433,solve.va_sample,2,327.297,
1415.8436,solve.va_sample,2,327.297,
1416.3439,solve.va_sample,2,327.297,
1416.8441,solve.va_sample,2,327.297,
1417.3444,solve.va_sample,2,327.297,
1417.8446,solve.va_sample,2,327.297,
1418.3449,solve.va_sample,2,327.297,
1418.8451,solve.va_sample,2,327.297,
1419.3454,solve.va_sample,2,327.297,
1419.8456,solve.va_sample,2,327.297,
1420.3459,solve.va_sample,2,327.297,
1420.8461,solve.va_sample,2,327.297,
1421.3463,solve.va_sample,2,327.297,
1421.8466,solve.va_sample,2,327.297,
1422.3468,solve.va_sample,2,327.297,
1422.8471,solve.va_sample,2,327.297,
1423.3473,solve.va_sample,2,327.297,
1423.8476,solve.va_sample,2,327.297,
1424.3478,solve.va_sample,2,327.297,
1424.8481,solve.va_sample,2,327.297,
1425.3484,solve.va_sample,2,327.297,
1425.8486,solve.va_sample,2,327.297,
1426.3489,solve.va_sample,2,327.297,
1426.8491,solve.va_sample,2,327.297,
1427.3494,solve.va_sample,2,327.297,
1427.8496,solve.va_sample,2,327.297,
1428.3499,solve.va_sample,2,327.297,
1428.8501,solve.va_sample,2,327.297,
1429.3504,solve.va_sample,2,327.297,
1429.8507,solve.va_sample,2,327.297,
1430.3509,solve.va_sample,2,327.297,
1430.8512,solve.va_sample,2,327.297,
1431.3514,solve.va_sample,2,327.297,
1431.8517,solve.va_sample,2,327.297,
1432.3519,solve.va_sample,2,327.297,
1432.8522,solve.va_sample,2,327.297,
1433.3525,solve.va_sample,2,327.297,
1433.8527,solve.va_sample,2,327.297,
1434.3530,solve.va_sample,2,327.297,
1434.8532,solve.va_sample,2,327.297,
1435.3535,solve.va_sample,2,327.297,
1435.8537,solve.va_sample,2,327.297,
1436.3540,solve.va_sample,2,327.297,
1436.8542,solve.va_sample,2,327.297,
1437.3545,solve.va_sample,2,327.297,
1437.8547,solve.va_sample,2,327.297,
1438.3550,solve.va_sample,2,327.297,
1438.8552,solve.va_sample,2,327.297,
1439.3555,solve.va_sample,2,327.297,
1439.8557,solve.va_sample,2,327.297,
1440.3560,solve.va_sample,2,327.297,
1440.8562,solve.va_sample,2,327.297,
1441.3564,solve.va_sample,2,327.297,
1441.8567,solve.va_sample,2,327.297,
1442.3569,solve.va_sample,2,327.297,
1442.8572,solve.va_sample,2,327.297,
1443.3574,solve.va_sample,2,327.297,
1443.8577,solve.va_sample,2,327.297,
1444.3579,solve.va_sample,2,327.297,
1444.8582,solve.va_sample,2,327.297,
1445.3585,solve.va_sample,2,327.297,
1445.8587,solve.va_sample,2,327.297,
1446.3590,solve.va_sample,2,327.297,
1446.8592,solve.va_sample,2,327.297,
1447.3594,solve.va_sample,2,327.297,
1447.8597,solve.va_sample,2,327.297,
1448.3599,solve.va_sample,2,327.297,
1448.8602,solve.va_sample,2,327.297,
1449.3604,solve.va_sample,2,327.297,
1449.8607,solve.va_sample,2,327.297,
1450.3610,solve.va_sample,2,327.297,
1450.8612,solve.va_sample,2,327.297,
1451.3615,solve.va_sample,2,327.297,
1451.8618,solve.va_sample,2,327.297,
1452.3620,solve.va_sample,2,327.297,
1452.8623,solve.va_sample,2,327.297,
1453.3625,solve.va_sample,2,327.297,
1453.8628,solve.va_sample,2,327.297,
1454.3630,solve.va_sample,2,327.297,
1454.8632,solve.va_sample,2,327.297,
1455.3635,solve.va_sample,2,327.297,
1455.8637,solve.va_sample,2,327.297,
1456.3640,solve.va_sample,2,327.297,
1456.8642,solve.va_sample,2,327.297,
1457.3645,solve.va_sample,2,327.297,
1457.8647,solve.va_sample,2,327.297,
1458.3650,solve.va_sample,2,327.297,
1458.8652,solve.va_sample,2,327.297,
1459.3655,solve.va_sample,2,327.297,
1459.8658,solve.va_sample,2,327.297,
1460.3660,solve.va_sample,2,327.297,
1460.8662,solve.va_sample,2,327.297,
1461.3665,solve.va_sample,2,327.297,
1461.8667,solve.va_sample,2,327.297,
1462.3670,solve.va_sample,2,327.297,
1462.8673,solve.va_sample,2,327.297,
1463.3675,solve.va_sample,2,327.297,
1463.8678,solve.va_sample,2,327.297,
1464.3680,solve.va_sample,2,327.297,
1464.8683,solve.va_sample,2,327.297,
1465.3685,solve.va_sample,2,327.297,
1465.8688,solve.va_sample,2,327.297,
1466.3690,solve.va_sample,2,327.297,
1466.8692,solve.va_sample,2,327.297,
1467.3695,solve.va_sample,2,327.297,
1467.8697,solve.va_sample,2,327.297,
1468.3700,solve.va_sample,2,327.297,
1468.8703,solve.va_sample,2,327.297,
1469.3705,solve.va_sample,2,327.297,
1469.8708,solve.va_sample,2,327.297,
1470.3710,solve.va_sample,2,327.297,
1470.8713,solve.va_sample,2,327.297,
1471.3715,solve.va_sample,2,327.297,
1471.8718,solve.va_sample,2,327.297,
1472.3721,solve.va_sample,2,327.297,
1472.8723,solve.va_sample,2,327.297,
1473.3726,solve.va_sample,2,327.297,
1473.8728,solve.va_sample,2,327.297,
1474.3731,solve.va_sample,2,327.297,
1474.8733,solve.va_sample,2,327.297,
1475.3736,solve.va_sample,2,327.297,
1475.8738,solve.va_sample,2,327.297,
1476.3741,solve.va_sample,2,327.297,
1476.8743,solve.va_sample,2,327.297,
1477.3746,solve.va_sample,2,327.297,
1477.8749,solve.va_sample,2,327.297,
1478.3751,solve.va_sample,2,327.297,
1478.8754,solve.va_sample,2,327.297,
1479.3756,solve.va_sample,2,327.297,
1479.8759,solve.va_sample,2,327.297,
1480.3761,solve.va_sample,2,327.297,
1480.8764,solve.va_sample,2,327.297,
1481.3766,solve.va_sample,2,327.297,
1481.8769,solve.va_sample,2,327.297,
1482.3771,solve.va_sample,2,327.297,
1482.8773,solve.va_sample,2,327.297,
1483.3776,solve.va_sample,2,327.297,
1483.8778,solve.va_sample,2,327.297,
1484.3781,solve.va_sample,2,327.297,
1484.8783,solve.va_sample,2,327.297,
1485.3786,solve.va_sample,2,327.297,
1485.8788,solve.va_sample,2,327.297,
1486.3791,solve.va_sample,2,327.297,
1486.8794,solve.va_sample,2,327.297,
1487.3796,solve.va_sample,2,327.297,
1487.8799,solve.va_sample,2,327.297,
1488.3801,solve.va_sample,2,327.297,
1488.8804,solve.va_sample,2,327.297,
1489.3806,solve.va_sample,2,327.297,
1489.8809,solve.va_sample,2,327.297,
1490.3811,solve.va_sample,2,327.297,
1490.8814,solve.va_sample,2,327.297,
1491.3816,solve.va_sample,2,327.297,
1491.8819,solve.va_sample,2,327.297,
1492.3821,solve.va_sample,2,327.297,
1492.8824,solve.va_sample,2,327.297,
1493.3826,solve.va_sample,2,327.297,
1493.8829,solve.va_sample,2,327.297,
1494.3831,solve.va_sample,2,327.297,
1494.8833,solve.va_sample,2,327.297,
1495.3836,solve.va_sample,2,327.297,
1495.8838,solve.va_sample,2,327.297,
1496.3841,solve.va_sample,2,327.297,
1496.8843,solve.va_sample,2,327.297,
1497.3846,solve.va_sample,2,327.297,
1497.8848,solve.va_sample,2,327.297,
1498.3851,solve.va_sample,2,327.297,
1498.8853,solve.va_sample,2,327.297,
1499.3856,solve.va_sample,2,327.297,
1499.8858,solve.va_sample,2,327.297,
1500.3861,solve.va_sample,2,327.297,
1500.8864,solve.va_sample,2,327.297,
1501.3866,solve.va_sample,2,327.297,
1501.8868,solve.va_sample,2,327.297,
1502.3871,solve.va_sample,2,327.297,
1502.8873,solve.va_sample,2,327.297,
1503.3876,solve.va_sample,2,327.297,
1503.8878,solve.va_sample,2,327.297,
1504.3880,solve.va_sample,2,327.297,
1504.8883,solve.va_sample,2,327.297,
1505.3885,solve.va_sample,2,327.297,
1505.8887,solve.va_sample,2,327.297,
1506.3890,solve.va_sample,2,327.297,
1506.8892,solve.va_sample,2,327.297,
1507.3895,solve.va_sample,2,327.297,
1507.8897,solve.va_sample,2,327.297,
1508.3899,solve.va_sample,2,327.297,
1508.8902,solve.va_sample,2,327.297,
1509.3904,solve.va_sample,2,327.297,
1509.8907,solve.va_sample,2,327.297,
1510.3910,solve.va_sample,2,327.297,
1510.8912,solve.va_sample,2,327.297,
1511.3915,solve.va_sample,2,327.297,
1511.8918,solve.va_sample,2,327.297,
1512.3920,solve.va_sample,2,327.297,
1512.8923,solve.va_sample,2,327.297,
1513.3925,solve.va_sample,2,327.297,
1513.8928,solve.va_sample,2,327.297,
1514.3930,solve.va_sample,2,327.297,
1514.8933,solve.va_sample,2,327.297,
1515.3935,solve.va_sample,2,327.297,
1515.8937,solve.va_sample,2,327.297,
1516.3940,solve.va_sample,2,327.297,
1516.8942,solve.va_sample,2,327.297,
1517.3945,solve.va_sample,2,327.297,
1517.8947,solve.va_sample,2,327.297,
1518.3950,solve.va_sample,2,327.297,
1518.8952,solve.va_sample,2,327.297,
1519.3955,solve.va_sample,2,327.297,
1519.8957,solve.va_sample,2,327.297,
1520.3959,solve.va_sample,2,327.297,
1520.8961,solve.va_sample,2,327.297,
1521.3964,solve.va_sample,2,327.297,
1521.8967,solve.va_sample,2,327.297,
1522.3969,solve.va_sample,2,327.297,
1522.8972,solve.va_sample,2,327.297,
1523.3974,solve.va_sample,2,327.297,
1523.8976,solve.va_sample,2,327.297,
1524.3979,solve.va_sample,2,327.297,
1524.8981,solve.va_sample,2,327.297,
1525.3983,solve.va_sample,2,327.297,
1525.8986,solve.va_sample,2,327.297,
1526.3988,solve.va_sample,2,327.297,
1526.8990,solve.va_sample,2,327.297,
1527.3993,solve.va_sample,2,327.297,
1527.8995,solve.va_sample,2,327.297,
1528.3998,solve.va_sample,2,327.297,
1528.9001,solve.va_sample,2,327.297,
1529.4003,solve.va_sample,2,327.297,
1529.9006,solve.va_sample,2,327.297,
1530.4008,solve.va_sample,2,327.297,
1530.9010,solve.va_sample,2,327.297,
1531.4013,solve.va_sample,2,327.297,
1531.9015,solve.va_sample,2,327.297,
1532.4017,solve.va_sample,2,327.297,
1532.9020,solve.va_sample,2,327.297,
1533.4022,solve.va_sample,2,327.297,
1533.9024,solve.va_sample,2,327.297,
1534.4027,solve.va_sample,2,327.297,
1534.9029,solve.va_sample,2,327.297,
1535.4031,solve.va_sample,2,327.297,
1535.9034,solve.va_sample,2,327.297,
1536.4036,solve.va_sample,2,327.297,
1536.9038,solve.va_sample,2,327.297,
1537.4041,solve.va_sample,2,327.297,
1537.9043,solve.va_sample,2,327.297,
1538.4046,solve.va_sample,2,327.297,
1538.9048,solve.va_sample,2,327.297,
1539.4051,solve.va_sample,2,327.297,
1539.9053,solve.va_sample,2,327.297,
1540.4056,solve.va_sample,2,327.297,
1540.9059,solve.va_sample,2,327.297,
1541.4061,solve.va_sample,2,327.297,
1541.9063,solve.va_sample,2,327.297,
1542.4066,solve.va_sample,2,327.297,
1542.9068,solve.va_sample,2,327.297,
1543.4071,solve.va_sample,2,327.297,
1543.9074,solve.va_sample,2,327.297,
1544.4076,solve.va_sample,2,327.297,
1544.9078,solve.va_sample,2,327.297,
1545.4081,solve.va_sample,2,327.297,
1545.9083,solve.va_sample,2,327.297,
1546.4086,solve.va_sample,2,327.297,
1546.9088,solve.va_sample,2,327.297,
1547.4090,solve.va_sample,2,327.297,
1547.9093,solve.va_sample,2,327.297,
1548.4095,solve.va_sample,2,327.297,
1548.9097,solve.va_sample,2,327.297,
1549.4099,solve.va_sample,2,327.297,
1549.9102,solve.va_sample,2,327.297,
1550.4104,solve.va_sample,2,327.297,
1550.9106,solve.va_sample,2,327.297,
1551.4108,solve.va_sample,2,327.297,
1551.9111,solve.va_sample,2,327.297,
1552.4113,solve.va_sample,2,327.297,
1552.9115,solve.va_sample,2,327.297,
1553.4117,solve.va_sample,2,327.297,
1553.9120,solve.va_sample,2,327.297,
1554.4122,solve.va_sample,2,327.297,
1554.9124,solve.va_sample,2,327.297,
1555.4127,solve.va_sample,2,327.297,
1555.9129,solve.va_sample,2,327.297,
1556.4131,solve.va_sample,2,327.297,
1556.9134,solve.va_sample,2,327.297,
1557.4136,solve.va_sample,2,327.297,
1557.9139,solve.va_sample,2,327.297,
1558.4141,solve.va_sample,2,327.297,
1558.9143,solve.va_sample,2,327.297,
1559.4145,solve.va_sample,2,327.297,
1559.9148,solve.va_sample,2,327.297,
1560.4150,solve.va_sample,2,327.297,
1560.9152,solve.va_sample,2,327.297,
1561.4155,solve.va_sample,2,327.297,
1561.9157,solve.va_sample,2,327.297,
1562.4159,solve.va_sample,2,327.297,
1562.9161,solve.va_sample,2,327.297,
1563.4164,solve.va_sample,2,327.297,
1563.9166,solve.va_sample,2,327.297,
1564.4168,solve.va_sample,2,327.297,
1564.9171,solve.va_sample,2,327.297,
1565.4173,solve.va_sample,2,327.297,
1565.9175,solve.va_sample,2,327.297,
1566.4178,solve.va_sample,2,327.297,
1566.9180,solve.va_sample,2,327.297,
1567.4182,solve.va_sample,2,327.297,
1567.9184,solve.va_sample,2,327.297,
1568.4187,solve.va_sample,2,327.297,
1568.9189,solve.va_sample,2,327.297,
1569.4191,solve.va_sample,2,327.297,
1569.9194,solve.va_sample,2,327.297,
1570.4196,solve.va_sample,2,327.297,
1570.9199,solve.va_sample,2,327.297,
1571.4201,solve.va_sample,2,327.297,
1571.9204,solve.va_sample,2,327.297,
1572.4206,solve.va_sample,2,327.297,
1572.9209,solve.va_sample,2,327.297,
1573.4211,solve.va_sample,2,327.297,
1573.9213,solve.va_sample,2,327.297,
1574.4216,solve.va_sample,2,327.297,
1574.9218,solve.va_sample,2,327.297,
1575.4220,solve.va_sample,2,327.297,
1575.9222,solve.va_sample,2,327.297,
1576.4225,solve.va_sample,2,327.297,
1576.9228,solve.va_sample,2,327.297,
1577.4231,solve.va_sample,2,327.297,
1577.9233,solve.va_sample,2,327.297,
1578.4236,solve.va_sample,2,327.297,
1578.9238,solve.va_sample,2,327.297,
1579.4241,solve.va_sample,2,327.297,
1579.9243,solve.va_sample,2,327.297,
1580.4246,solve.va_sample,2,327.297,
1580.9248,solve.va_sample,2,327.297,
1581.4251,solve.va_sample,2,327.297,
1581.9253,solve.va_sample,2,327.297,
1582.4256,solve.va_sample,2,327.297,
1582.9259,solve.va_sample,2,327.297,
1583.4261,solve.va_sample,2,327.297,
1583.9263,solve.va_sample,2,327.297,
1584.4266,solve.va_sample,2,327.297,
1584.9269,solve.va_sample,2,327.297,
1585.4271,solve.va_sample,2,327.297,
1585.9274,solve.va_sample,2,327.297,
1586.4277,solve.va_sample,2,327.297,
1586.9279,solve.va_sample,2,327.297,
1587.4281,solve.va_sample,2,327.297,
1587.9284,solve.va_sample,2,327.297,
1588.4286,solve.va_sample,2,327.297,
1588.9289,solve.va_sample,2,327.297,
1589.4291,solve.va_sample,2,327.297,
1589.9294,solve.va_sample,2,327.297,
1590.4296,solve.va_sample,2,327.297,
1590.9299,solve.va_sample,2,327.297,
1591.4301,solve.va_sample,2,327.297,
1591.9303,solve.va_sample,2,327.297,
1592.4306,solve.va_sample,2,327.297,
1592.9308,solve.va_sample,2,327.297,
1593.4310,solve.va_sample,2,327.297,
1593.9313,solve.va_sample,2,327.297,
1594.4315,solve.va_sample,2,327.297,
1594.9317,solve.va_sample,2,327.297,
1595.4320,solve.va_sample,2,327.297,
1595.9322,solve.va_sample,2,327.297,
1596.4325,solve.va_sample,2,327.297,
1596.9327,solve.va_sample,2,327.297,
1597.4329,solve.va_sample,2,327.297,
1597.9332,solve.va_sample,2,327.297,
1598.4334,solve.va_sample,2,327.297,
1598.9336,solve.va_sample,2,327.297,
1599.4339,solve.va_sample,2,327.297,
1599.9342,solve.va_sample,2,327.297,
1600.4345,solve.va_sample,2,330.648,
1600.9499,solve.va_sample,2,334.773,
1601.4746,solve.va_sample,2,339.930,
1601.9965,solve.va_sample,2,345.086,
1602.5193,solve.va_sample,2,349.984,
1602.8400,solve.va_sample,2,353.078,
1602.8429,solve.sample_eval,2,353.078,
1603.0449,solve.sample_eval,2,353.852,
1603.5808,solve.sample_eval,2,363.906,
1604.1064,solve.sample_eval,2,378.086,
1604.6320,solve.sample_eval,2,389.945,
1605.1576,solve.sample_eval,2,401.031,
1605.6832,solve.sample_eval,2,423.461,
1606.2087,solve.sample_eval,2,430.164,
1606.7343,solve.sample_eval,2,440.734,
1607.2705,solve.sample_eval,2,452.078,
1607.7961,solve.sample_eval,2,463.680,
1608.3369,solve.sample_eval,2,474.250,
1608.8638,solve.sample_eval,2,485.336,
1609.3843,solve.sample_eval,2,496.164,
1609.7582,solve.sample_eval,2,525.812,
1609.7591,solve,1,525.812,
1610.0358,(unmarked),0,533.223,
1610.5434,(unmarked),0,505.250,
1610.5728,(unmarked),0,505.562,
