t_seconds,phase,depth,rss_mb,batch_id
0.0005,data_load,1,103.281,
0.0975,data_load,1,109.816,
0.0979,batch_build,1,109.816,
0.1283,batch_build,1,110.324,
0.1374,preflight,1,110.324,
0.5310,preflight,1,128.859,
0.5563,preflight.pyqubo_express,2,129.891,
0.6213,preflight.pyqubo_express,2,130.406,
0.6215,preflight.pyqubo_compile,2,130.406,
0.6675,preflight.pyqubo_compile,2,187.793,
0.6749,preflight.to_qubo,2,187.793,
0.7223,preflight.to_qubo,2,198.020,
0.7588,preflight,1,195.684,
0.8992,solve,1,195.422,
1.0719,solve,1,195.422,
1.3152,solve.pyqubo_express,2,195.422,
1.3952,solve.pyqubo_express,2,195.680,
1.3954,solve.pyqubo_compile,2,195.680,
1.4446,solve.pyqubo_compile,2,253.320,
1.4532,solve.to_qubo,2,253.320,
1.5020,solve.to_qubo,2,261.828,
1.5039,solve,1,261.828,
1.5082,solve,1,261.828,
1.5117,solve.va_model_build,2,261.828,
2.2136,solve.va_model_build,2,262.602,
2.2250,solve.va_model_build,2,326.023,
2.2252,solve.va_sample,2,326.023,
2.7139,solve.va_sample,2,326.281,
3.2142,solve.va_sample,2,326.281,
3.7145,solve.va_sample,2,326.281,
4.2147,solve.va_sample,2,326.281,
4.7150,solve.va_sample,2,326.281,
5.2152,solve.va_sample,2,326.281,
5.7155,solve.va_sample,2,326.281,
6.2157,solve.va_sample,2,326.281,
6.7160,solve.va_sample,2,326.281,
7.2163,solve.va_sample,2,326.281,
7.7165,solve.va_sample,2,326.281,
8.2167,solve.va_sample,2,326.281,
8.7170,solve.va_sample,2,326.281,
9.2173,solve.va_sample,2,326.281,
9.7175,solve.va_sample,2,326.281,
10.2177,solve.va_sample,2,326.281,
10.7180,solve.va_sample,2,326.281,
11.2183,solve.va_sample,2,326.281,
11.7185,solve.va_sample,2,326.281,
12.2187,solve.va_sample,2,326.281,
12.7190,solve.va_sample,2,326.281,
13.2192,solve.va_sample,2,326.281,
13.7195,solve.va_sample,2,326.281,
14.2197,solve.va_sample,2,326.281,
14.7200,solve.va_sample,2,326.281,
15.2202,solve.va_sample,2,326.281,
15.7204,solve.va_sample,2,326.281,
16.2207,solve.va_sample,2,326.281,
16.7210,solve.va_sample,2,326.281,
17.2213,solve.va_sample,2,326.281,
17.7215,solve.va_sample,2,326.281,
18.2218,solve.va_sample,2,326.281,
18.7220,solve.va_sample,2,326.281,
19.2223,solve.va_sample,2,326.281,
19.7225,solve.va_sample,2,326.281,
20.2228,solve.va_sample,2,326.281,
20.7230,solve.va_sample,2,326.281,
21.2233,solve.va_sample,2,326.281,
21.7235,solve.va_sample,2,326.281,
22.2237,solve.va_sample,2,326.281,
22.7240,solve.va_sample,2,326.281,
23.2242,solve.va_sample,2,326.281,
23.7245,solve.va_sample,2,326.281,
24.2247,solve.va_sample,2,326.281,
24.7249,solve.va_sample,2,326.281,
25.2252,solve.va_sample,2,326.281,
25.7254,solve.va_sample,2,326.281,
26.2257,solve.va_sample,2,326.281,
26.7260,solve.va_sample,2,326.281,
27.2262,solve.va_sample,2,326.281,
27.7265,solve.va_sample,2,326.281,
28.2267,solve.va_sample,2,326.281,
28.7270,solve.va_sample,2,326.281,
29.2272,solve.va_sample,2,326.281,
29.7275,solve.va_sample,2,326.281,
30.2277,solve.va_sample,2,326.281,
30.7279,solve.va_sample,2,326.281,
31.2282,solve.va_sample,2,326.281,
31.7284,solve.va_sample,2,326.281,
32.2287,solve.va_sample,2,326.281,
32.7289,solve.va_sample,2,326.281,
33.2292,solve.va_sample,2,326.281,
33.7294,solve.va_sample,2,326.281,
34.2297,solve.va_sample,2,326.281,
34.7299,solve.va_sample,2,326.281,
35.2301,solve.va_sample,2,326.281,
35.7304,solve.va_sample,2,326.281,
36.2306,solve.va_sample,2,326.281,
36.7309,solve.va_sample,2,326.281,
37.2312,solve.va_sample,2,326.281,
37.7314,solve.va_sample,2,326.281,
38.2316,solve.va_sample,2,326.281,
38.7319,solve.va_sample,2,326.281,
39.2322,solve.va_sample,2,326.281,
39.7325,solve.va_sample,2,326.281,
40.2328,solve.va_sample,2,326.281,
40.7330,solve.va_sample,2,326.281,
41.2333,solve.va_sample,2,326.281,
41.7335,solve.va_sample,2,326.281,
42.2338,solve.va_sample,2,326.281,
42.7340,solve.va_sample,2,326.281,
43.2343,solve.va_sample,2,326.281,
43.7345,solve.va_sample,2,326.281,
44.2348,solve.va_sample,2,326.281,
44.7350,solve.va_sample,2,326.281,
45.2353,solve.va_sample,2,326.281,
45.7356,solve.va_sample,2,326.281,
46.2359,solve.va_sample,2,326.281,
46.7361,solve.va_sample,2,326.281,
47.2364,solve.va_sample,2,326.281,
47.7367,solve.va_sample,2,326.281,
48.2369,solve.va_sample,2,326.281,
48.7371,solve.va_sample,2,326.281,
49.2374,solve.va_sample,2,326.281,
49.7376,solve.va_sample,2,326.281,
50.2379,solve.va_sample,2,326.281,
50.7381,solve.va_sample,2,326.281,
51.2383,solve.va_sample,2,326.281,
51.7386,solve.va_sample,2,326.281,
52.2388,solve.va_sample,2,326.281,
52.7391,solve.va_sample,2,326.281,
53.2393,solve.va_sample,2,326.281,
53.7396,solve.va_sample,2,326.281,
54.2398,solve.va_sample,2,326.281,
54.7401,solve.va_sample,2,326.281,
55.2403,solve.va_sample,2,326.281,
55.7406,solve.va_sample,2,326.281,
56.2408,solve.va_sample,2,326.281,
56.7411,solve.va_sample,2,326.281,
57.2413,solve.va_sample,2,326.281,
57.7416,solve.va_sample,2,326.281,
58.2418,solve.va_sample,2,326.281,
58.7421,solve.va_sample,2,326.281,
59.2423,solve.va_sample,2,326.281,
59.7426,solve.va_sample,2,326.281,
60.2428,solve.va_sample,2,326.281,
60.7431,solve.va_sample,2,326.281,
61.2433,solve.va_sample,2,326.281,
61.7436,solve.va_sample,2,326.281,
62.2438,solve.va_sample,2,326.281,
62.7440,solve.va_sample,2,326.281,
63.2443,solve.va_sample,2,326.281,
63.7445,solve.va_sample,2,326.281,
64.2448,solve.va_sample,2,326.281,
64.7450,solve.va_sample,2,326.281,
65.2453,solve.va_sample,2,326.281,
65.7455,solve.va_sample,2,326.281,
66.2457,solve.va_sample,2,326.281,
66.7460,solve.va_sample,2,326.281,
67.2463,solve.va_sample,2,326.281,
67.7465,solve.va_sample,2,326.281,
68.2468,solve.va_sample,2,326.281,
68.7470,solve.va_sample,2,326.281,
69.2473,solve.va_sample,2,326.281,
69.7475,solve.va_sample,2,326.281,
70.2477,solve.va_sample,2,326.281,
70.7480,solve.va_sample,2,326.281,
71.2482,solve.va_sample,2,326.281,
71.7485,solve.va_sample,2,326.281,
72.2487,solve.va_sample,2,326.281,
72.7490,solve.va_sample,2,326.281,
73.2492,solve.va_sample,2,326.281,
73.7495,solve.va_sample,2,326.281,
74.2497,solve.va_sample,2,326.281,
74.7500,solve.va_sample,2,326.281,
75.2502,solve.va_sample,2,326.281,
75.7505,solve.va_sample,2,326.281,
76.2507,solve.va_sample,2,326.281,
76.7511,solve.va_sample,2,326.281,
77.2513,solve.va_sample,2,326.281,
77.7516,solve.va_sample,2,326.281,
78.2518,solve.va_sample,2,326.281,
78.7521,solve.va_sample,2,326.281,
79.2523,solve.va_sample,2,326.281,
79.7526,solve.va_sample,2,326.281,
80.2528,solve.va_sample,2,326.281,
80.7531,solve.va_sample,2,326.281,
81.2533,solve.va_sample,2,326.281,
81.7536,solve.va_sample,2,326.281,
82.2538,solve.va_sample,2,326.281,
82.7541,solve.va_sample,2,326.281,
83.2543,solve.va_sample,2,326.281,
83.7545,solve.va_sample,2,326.281,
84.2548,solve.va_sample,2,326.281,
84.7550,solve.va_sample,2,326.281,
85.2553,solve.va_sample,2,326.281,
85.7555,solve.va_sample,2,326.281,
86.2558,solve.va_sample,2,326.281,
86.7561,solve.va_sample,2,326.281,
87.2563,solve.va_sample,2,326.281,
87.7566,solve.va_sample,2,326.281,
88.2568,solve.va_sample,2,326.281,
88.7571,solve.va_sample,2,326.281,
89.2573,solve.va_sample,2,326.281,
89.7576,solve.va_sample,2,326.281,
90.2579,solve.va_sample,2,326.281,
90.7581,solve.va_sample,2,326.281,
91.2583,solve.va_sample,2,326.281,
91.7586,solve.va_sample,2,326.281,
92.2588,solve.va_sample,2,326.281,
92.7591,solve.va_sample,2,326.281,
93.2593,solve.va_sample,2,326.281,
93.7596,solve.va_sample,2,326.281,
94.2598,solve.va_sample,2,326.281,
94.7601,solve.va_sample,2,326.281,
95.2603,solve.va_sample,2,326.281,
95.7605,solve.va_sample,2,326.281,
96.2608,solve.va_sample,2,326.281,
96.7611,solve.va_sample,2,326.281,
97.2614,solve.va_sample,2,326.281,
97.7616,solve.va_sample,2,326.281,
98.2619,solve.va_sample,2,326.281,
98.7621,solve.va_sample,2,326.281,
99.2623,solve.va_sample,2,326.281,
99.7626,solve.va_sample,2,326.281,
100.2628,solve.va_sample,2,326.281,
100.7631,solve.va_sample,2,326.281,
101.2633,solve.va_sample,2,326.281,
101.7636,solve.va_sample,2,326.281,
102.2638,solve.va_sample,2,326.281,
102.7641,solve.va_sample,2,326.281,
103.2643,solve.va_sample,2,326.281,
103.7645,solve.va_sample,2,326.281,
104.2648,solve.va_sample,2,326.281,
104.7650,solve.va_sample,2,326.281,
105.2653,solve.va_sample,2,326.281,
105.7655,solve.va_sample,2,326.281,
106.2658,solve.va_sample,2,326.281,
106.7661,solve.va_sample,2,326.281,
107.2663,solve.va_sample,2,326.281,
107.7666,solve.va_sample,2,326.281,
108.2668,solve.va_sample,2,326.281,
108.7671,solve.va_sample,2,326.281,
109.2673,solve.va_sample,2,326.281,
109.7676,solve.va_sample,2,326.281,
110.2678,solve.va_sample,2,326.281,
110.7681,solve.va_sample,2,326.281,
111.2683,solve.va_sample,2,326.281,
111.7686,solve.va_sample,2,326.281,
112.2688,solve.va_sample,2,326.281,
112.7691,solve.va_sample,2,326.281,
113.2693,solve.va_sample,2,326.281,
113.7695,solve.va_sample,2,326.281,
114.2698,solve.va_sample,2,326.281,
114.7700,solve.va_sample,2,326.281,
115.2703,solve.va_sample,2,326.281,
115.7705,solve.va_sample,2,326.281,
116.2708,solve.va_sample,2,326.281,
116.7711,solve.va_sample,2,326.281,
117.2713,solve.va_sample,2,326.281,
117.7716,solve.va_sample,2,326.281,
118.2718,solve.va_sample,2,326.281,
118.7721,solve.va_sample,2,326.281,
119.2723,solve.va_sample,2,326.281,
119.7725,solve.va_sample,2,326.281,
120.2728,solve.va_sample,2,326.281,
120.7730,solve.va_sample,2,326.281,
121.2733,solve.va_sample,2,326.281,
121.7735,solve.va_sample,2,326.281,
122.2738,solve.va_sample,2,326.281,
122.7740,solve.va_sample,2,326.281,
123.2743,solve.va_sample,2,326.281,
123.7745,solve.va_sample,2,326.281,
124.2747,solve.va_sample,2,326.281,
124.7750,solve.va_sample,2,326.281,
125.2752,solve.va_sample,2,326.281,
125.7755,solve.va_sample,2,326.281,
126.2757,solve.va_sample,2,326.281,
126.7760,solve.va_sample,2,326.281,
127.2762,solve.va_sample,2,326.281,
127.7765,solve.va_sample,2,326.281,
128.2768,solve.va_sample,2,326.281,
128.7770,solve.va_sample,2,326.281,
129.2773,solve.va_sample,2,326.281,
129.7775,solve.va_sample,2,326.281,
130.2778,solve.va_sample,2,326.281,
130.7780,solve.va_sample,2,326.281,
131.2783,solve.va_sample,2,326.281,
131.7785,solve.va_sample,2,326.281,
132.2787,solve.va_sample,2,326.281,
132.7790,solve.va_sample,2,326.281,
133.2792,solve.va_sample,2,326.281,
133.7795,solve.va_sample,2,326.281,
134.2797,solve.va_sample,2,326.281,
134.7800,solve.va_sample,2,326.281,
135.2802,solve.va_sample,2,326.281,
135.7805,solve.va_sample,2,326.281,
136.2807,solve.va_sample,2,326.281,
136.7810,solve.va_sample,2,326.281,
137.2813,solve.va_sample,2,326.281,
137.7815,solve.va_sample,2,326.281,
138.2818,solve.va_sample,2,326.281,
138.7820,solve.va_sample,2,326.281,
139.2823,solve.va_sample,2,326.281,
139.7825,solve.va_sample,2,326.281,
140.2827,solve.va_sample,2,326.281,
140.7830,solve.va_sample,2,326.281,
141.2832,solve.va_sample,2,326.281,
141.7835,solve.va_sample,2,326.281,
142.2837,solve.va_sample,2,326.281,
142.7840,solve.va_sample,2,326.281,
143.2842,solve.va_sample,2,326.281,
143.7844,solve.va_sample,2,326.281,
144.2847,solve.va_sample,2,326.281,
144.7849,solve.va_sample,2,326.281,
145.2852,solve.va_sample,2,326.281,
145.7854,solve.va_sample,2,326.281,
146.2857,solve.va_sample,2,326.281,
146.7860,solve.va_sample,2,326.281,
147.2863,solve.va_sample,2,326.281,
147.7865,solve.va_sample,2,326.281,
148.2867,solve.va_sample,2,326.281,
148.7870,solve.va_sample,2,326.281,
149.2872,solve.va_sample,2,326.281,
149.7875,solve.va_sample,2,326.281,
150.2877,solve.va_sample,2,326.281,
150.7880,solve.va_sample,2,326.281,
151.2882,solve.va_sample,2,326.281,
151.7885,solve.va_sample,2,326.281,
152.2887,solve.va_sample,2,326.281,
152.7890,solve.va_sample,2,326.281,
153.2892,solve.va_sample,2,326.281,
153.7894,solve.va_sample,2,326.281,
154.2897,solve.va_sample,2,326.281,
154.7899,solve.va_sample,2,326.281,
155.2902,solve.va_sample,2,326.281,
155.7905,solve.va_sample,2,326.281,
156.2907,solve.va_sample,2,326.281,
156.7910,solve.va_sample,2,326.281,
157.2912,solve.va_sample,2,326.281,
157.7915,solve.va_sample,2,326.281,
158.2917,solve.va_sample,2,326.281,
158.7920,solve.va_sample,2,326.281,
159.2922,solve.va_sample,2,326.281,
159.7925,solve.va_sample,2,326.281,
160.2927,solve.va_sample,2,326.281,
160.7930,solve.va_sample,2,326.281,
161.2932,solve.va_sample,2,326.281,
161.7935,solve.va_sample,2,326.281,
162.2937,solve.va_sample,2,326.281,
162.7940,solve.va_sample,2,326.281,
163.2942,solve.va_sample,2,326.281,
163.7945,solve.va_sample,2,326.281,
164.2947,solve.va_sample,2,326.281,
164.7950,solve.va_sample,2,326.281,
165.2952,solve.va_sample,2,326.281,
165.7955,solve.va_sample,2,326.281,
166.2957,solve.va_sample,2,326.281,
166.7960,solve.va_sample,2,326.281,
167.2963,solve.va_sample,2,326.281,
167.7965,solve.va_sample,2,326.281,
168.2967,solve.va_sample,2,326.281,
168.7970,solve.va_sample,2,326.281,
169.2972,solve.va_sample,2,326.281,
169.7975,solve.va_sample,2,326.281,
170.2977,solve.va_sample,2,326.281,
170.7980,solve.va_sample,2,326.281,
171.2982,solve.va_sample,2,326.281,
171.7985,solve.va_sample,2,326.281,
172.2987,solve.va_sample,2,326.281,
172.7989,solve.va_sample,2,326.281,
173.2992,solve.va_sample,2,326.281,
173.7994,solve.va_sample,2,326.281,
174.2997,solve.va_sample,2,326.281,
174.7999,solve.va_sample,2,326.281,
175.3001,solve.va_sample,2,326.281,
175.8004,solve.va_sample,2,326.281,
176.3007,solve.va_sample,2,326.281,
176.8010,solve.va_sample,2,326.281,
177.3012,solve.va_sample,2,326.281,
177.8015,solve.va_sample,2,326.281,
178.3017,solve.va_sample,2,326.281,
178.8019,solve.va_sample,2,326.281,
179.3022,solve.va_sample,2,326.281,
179.8024,solve.va_sample,2,326.281,
180.3027,solve.va_sample,2,326.281,
180.8029,solve.va_sample,2,326.281,
181.3032,solve.va_sample,2,326.281,
181.8034,solve.va_sample,2,326.281,
182.3037,solve.va_sample,2,326.281,
182.8039,solve.va_sample,2,326.281,
183.3042,solve.va_sample,2,326.281,
183.8044,solve.va_sample,2,326.281,
184.3047,solve.va_sample,2,326.281,
184.8049,solve.va_sample,2,326.281,
185.3051,solve.va_sample,2,326.281,
185.8054,solve.va_sample,2,326.281,
186.3056,solve.va_sample,2,326.281,
186.8059,solve.va_sample,2,326.281,
187.3061,solve.va_sample,2,326.281,
187.8064,solve.va_sample,2,326.281,
188.3066,solve.va_sample,2,326.281,
188.8069,solve.va_sample,2,326.281,
189.3071,solve.va_sample,2,326.281,
189.8074,solve.va_sample,2,326.281,
190.3077,solve.va_sample,2,326.281,
190.8079,solve.va_sample,2,326.281,
191.3082,solve.va_sample,2,326.281,
191.8084,solve.va_sample,2,326.281,
192.3087,solve.va_sample,2,326.281,
192.8089,solve.va_sample,2,326.281,
193.3092,solve.va_sample,2,326.281,
193.8094,solve.va_sample,2,326.281,
194.3097,solve.va_sample,2,326.281,
194.8099,solve.va_sample,2,326.281,
195.3102,solve.va_sample,2,326.281,
195.8104,solve.va_sample,2,326.281,
196.3107,solve.va_sample,2,326.281,
196.8110,solve.va_sample,2,326.281,
197.3112,solve.va_sample,2,326.281,
197.8115,solve.va_sample,2,326.281,
198.3117,solve.va_sample,2,326.281,
198.8120,solve.va_sample,2,326.281,
199.3122,solve.va_sample,2,326.281,
199.8125,solve.va_sample,2,326.281,
200.3127,solve.va_sample,2,326.281,
200.8130,solve.va_sample,2,326.281,
201.3132,solve.va_sample,2,326.281,
201.8134,solve.va_sample,2,326.281,
202.3137,solve.va_sample,2,326.281,
202.8139,solve.va_sample,2,326.281,
203.3141,solve.va_sample,2,326.281,
203.8144,solve.va_sample,2,326.281,
204.3147,solve.va_sample,2,326.281,
204.8149,solve.va_sample,2,326.281,
205.3152,solve.va_sample,2,326.281,
205.8155,solve.va_sample,2,326.281,
206.3157,solve.va_sample,2,326.281,
206.8160,solve.va_sample,2,326.281,
207.3162,solve.va_sample,2,326.281,
207.8165,solve.va_sample,2,326.281,
208.3167,solve.va_sample,2,326.281,
208.8170,solve.va_sample,2,326.281,
209.3172,solve.va_sample,2,326.281,
209.8175,solve.va_sample,2,326.281,
210.3177,solve.va_sample,2,326.281,
210.8179,solve.va_sample,2,326.281,
211.3182,solve.va_sample,2,326.281,
211.8184,solve.va_sample,2,326.281,
212.3187,solve.va_sample,2,326.281,
212.8189,solve.va_sample,2,326.281,
213.3191,solve.va_sample,2,326.281,
213.8194,solve.va_sample,2,326.281,
214.3196,solve.va_sample,2,326.281,
214.8199,solve.va_sample,2,326.281,
215.3201,solve.va_sample,2,326.281,
215.8203,solve.va_sample,2,326.281,
216.3206,solve.va_sample,2,326.281,
216.8208,solve.va_sample,2,326.281,
217.3211,solve.va_sample,2,326.281,
217.8214,solve.va_sample,2,326.281,
218.3216,solve.va_sample,2,326.281,
218.8218,solve.va_sample,2,326.281,
219.3221,solve.va_sample,2,326.281,
219.8224,solve.va_sample,2,326.281,
220.3226,solve.va_sample,2,326.281,
220.8229,solve.va_sample,2,326.281,
221.3231,solve.va_sample,2,326.281,
221.8233,solve.va_sample,2,326.281,
222.3236,solve.va_sample,2,326.281,
222.8238,solve.va_sample,2,326.281,
223.3241,solve.va_sample,2,326.281,
223.8243,solve.va_sample,2,326.281,
224.3245,solve.va_sample,2,326.281,
224.8248,solve.va_sample,2,326.281,
225.3250,solve.va_sample,2,326.281,
225.8252,solve.va_sample,2,326.281,
226.3255,solve.va_sample,2,326.281,
226.8257,solve.va_sample,2,326.281,
227.3260,solve.va_sample,2,326.281,
227.8263,solve.va_sample,2,326.281,
228.3265,solve.va_sample,2,326.281,
228.8267,solve.va_sample,2,326.281,
229.3270,solve.va_sample,2,326.281,
229.8272,solve.va_sample,2,326.281,
230.3275,solve.va_sample,2,326.281,
230.8277,solve.va_sample,2,326.281,
231.3280,solve.va_sample,2,326.281,
231.8282,solve.va_sample,2,326.281,
232.3284,solve.va_sample,2,326.281,
232.8287,solve.va_sample,2,326.281,
233.3289,solve.va_sample,2,326.281,
233.8292,solve.va_sample,2,326.281,
234.3294,solve.va_sample,2,326.281,
234.8297,solve.va_sample,2,326.281,
235.3299,solve.va_sample,2,326.281,
235.8302,solve.va_sample,2,326.281,
236.3304,solve.va_sample,2,326.281,
236.8307,solve.va_sample,2,326.281,
237.3309,solve.va_sample,2,326.281,
237.8312,solve.va_sample,2,326.281,
238.3314,solve.va_sample,2,326.281,
238.8317,solve.va_sample,2,326.281,
239.3319,solve.va_sample,2,326.281,
239.8322,solve.va_sample,2,326.281,
240.3324,solve.va_sample,2,326.281,
240.8326,solve.va_sample,2,326.281,
241.3329,solve.va_sample,2,326.281,
241.8331,solve.va_sample,2,326.281,
242.3333,solve.va_sample,2,326.281,
242.8336,solve.va_sample,2,326.281,
243.3338,solve.va_sample,2,326.281,
243.8340,solve.va_sample,2,326.281,
244.3343,solve.va_sample,2,326.281,
244.8345,solve.va_sample,2,326.281,
245.3347,solve.va_sample,2,326.281,
245.8350,solve.va_sample,2,326.281,
246.3352,solve.va_sample,2,326.281,
246.8356,solve.va_sample,2,326.281,
247.3358,solve.va_sample,2,326.281,
247.8361,solve.va_sample,2,326.281,
248.3363,solve.va_sample,2,326.281,
248.8366,solve.va_sample,2,326.281,
249.3368,solve.va_sample,2,326.281,
249.8371,solve.va_sample,2,326.535,
250.3373,solve.va_sample,2,326.535,
250.8376,solve.va_sample,2,326.535,
251.3378,solve.va_sample,2,326.535,
251.8381,solve.va_sample,2,326.535,
252.3383,solve.va_sample,2,326.535,
252.8386,solve.va_sample,2,326.535,
253.3388,solve.va_sample,2,326.535,
253.8391,solve.va_sample,2,326.535,
254.3393,solve.va_sample,2,326.535,
254.8395,solve.va_sample,2,326.535,
255.3398,solve.va_sample,2,326.535,
255.8401,solve.va_sample,2,326.535,
256.3403,solve.va_sample,2,326.535,
256.8406,solve.va_sample,2,326.535,
257.3409,solve.va_sample,2,326.535,
257.8411,solve.va_sample,2,326.535,
258.3414,solve.va_sample,2,326.535,
258.8416,solve.va_sample,2,326.535,
259.3419,solve.va_sample,2,326.535,
259.8421,solve.va_sample,2,326.535,
260.3423,solve.va_sample,2,326.535,
260.8426,solve.va_sample,2,326.535,
261.3428,solve.va_sample,2,326.535,
261.8431,solve.va_sample,2,326.535,
262.3433,solve.va_sample,2,326.535,
262.8436,solve.va_sample,2,326.535,
263.3439,solve.va_sample,2,326.535,
263.8441,solve.va_sample,2,326.535,
264.3444,solve.va_sample,2,326.535,
264.8446,solve.va_sample,2,326.535,
265.3448,solve.va_sample,2,326.535,
265.8451,solve.va_sample,2,326.535,
266.3453,solve.va_sample,2,326.535,
266.8456,solve.va_sample,2,326.535,
267.3459,solve.va_sample,2,326.535,
267.8461,solve.va_sample,2,326.535,
268.3464,solve.va_sample,2,326.535,
268.8466,solve.va_sample,2,326.535,
269.3468,solve.va_sample,2,326.535,
269.8471,solve.va_sample,2,326.535,
270.3473,solve.va_sample,2,326.535,
270.8476,solve.va_sample,2,326.535,
271.3478,solve.va_sample,2,326.535,
271.8481,solve.va_sample,2,326.535,
272.3483,solve.va_sample,2,326.535,
272.8486,solve.va_sample,2,326.535,
273.3488,solve.va_sample,2,326.535,
273.8491,solve.va_sample,2,326.535,
274.3493,solve.va_sample,2,326.535,
274.8495,solve.va_sample,2,326.535,
275.3498,solve.va_sample,2,326.535,
275.8501,solve.va_sample,2,326.535,
276.3503,solve.va_sample,2,326.535,
276.8506,solve.va_sample,2,326.535,
277.3509,solve.va_sample,2,326.535,
277.8511,solve.va_sample,2,326.535,
278.3513,solve.va_sample,2,326.535,
278.8516,solve.va_sample,2,326.535,
279.3518,solve.va_sample,2,326.535,
279.8521,solve.va_sample,2,326.535,
280.3523,solve.va_sample,2,326.535,
280.8526,solve.va_sample,2,326.535,
281.3528,solve.va_sample,2,326.535,
281.8531,solve.va_sample,2,326.535,
282.3533,solve.va_sample,2,326.535,
282.8536,solve.va_sample,2,326.535,
283.3538,solve.va_sample,2,326.535,
283.8541,solve.va_sample,2,326.535,
284.3543,solve.va_sample,2,326.535,
284.8545,solve.va_sample,2,326.535,
285.3548,solve.va_sample,2,326.535,
285.8550,solve.va_sample,2,326.535,
286.3553,solve.va_sample,2,326.535,
286.8556,solve.va_sample,2,326.535,
287.3558,solve.va_sample,2,326.535,
287.8561,solve.va_sample,2,326.535,
288.3564,solve.va_sample,2,326.535,
288.8566,solve.va_sample,2,326.535,
289.3568,solve.va_sample,2,326.535,
289.8571,solve.va_sample,2,326.535,
290.3573,solve.va_sample,2,326.535,
290.8576,solve.va_sample,2,326.535,
291.3579,solve.va_sample,2,326.535,
291.8581,solve.va_sample,2,326.535,
292.3584,solve.va_sample,2,326.535,
292.8586,solve.va_sample,2,326.535,
293.3589,solve.va_sample,2,326.535,
293.8591,solve.va_sample,2,326.535,
294.3594,solve.va_sample,2,326.535,
294.8596,solve.va_sample,2,326.535,
295.3599,solve.va_sample,2,326.535,
295.8601,solve.va_sample,2,326.535,
296.3603,solve.va_sample,2,326.535,
296.8607,solve.va_sample,2,326.535,
297.3609,solve.va_sample,2,326.535,
297.8612,solve.va_sample,2,326.535,
298.3614,solve.va_sample,2,326.535,
298.8617,solve.va_sample,2,326.535,
299.3619,solve.va_sample,2,326.535,
299.8621,solve.va_sample,2,326.535,
300.3624,solve.va_sample,2,326.535,
300.8626,solve.va_sample,2,326.535,
301.3629,solve.va_sample,2,326.535,
301.8631,solve.va_sample,2,326.535,
302.3634,solve.va_sample,2,326.535,
302.8636,solve.va_sample,2,326.535,
303.3639,solve.va_sample,2,326.535,
303.8641,solve.va_sample,2,326.535,
304.3644,solve.va_sample,2,326.535,
304.8646,solve.va_sample,2,326.535,
305.3648,solve.va_sample,2,326.535,
305.8651,solve.va_sample,2,326.535,
306.3654,solve.va_sample,2,326.535,
306.8657,solve.va_sample,2,326.535,
307.3659,solve.va_sample,2,326.535,
307.8662,solve.va_sample,2,326.535,
308.3664,solve.va_sample,2,326.535,
308.8667,solve.va_sample,2,326.535,
309.3669,solve.va_sample,2,326.535,
309.8672,solve.va_sample,2,326.535,
310.3674,solve.va_sample,2,326.535,
310.8677,solve.va_sample,2,326.535,
311.3679,solve.va_sample,2,326.535,
311.8681,solve.va_sample,2,326.535,
312.3684,solve.va_sample,2,326.535,
312.8686,solve.va_sample,2,326.535,
313.3689,solve.va_sample,2,326.535,
313.8691,solve.va_sample,2,326.535,
314.3694,solve.va_sample,2,326.535,
314.8696,solve.va_sample,2,326.535,
315.3699,solve.va_sample,2,326.535,
315.8701,solve.va_sample,2,326.535,
316.3704,solve.va_sample,2,326.535,
316.8707,solve.va_sample,2,326.535,
317.3709,solve.va_sample,2,326.535,
317.8712,solve.va_sample,2,326.535,
318.3714,solve.va_sample,2,326.535,
318.8717,solve.va_sample,2,326.535,
319.3719,solve.va_sample,2,326.535,
319.8722,solve.va_sample,2,326.535,
320.3725,solve.va_sample,2,326.535,
320.8727,solve.va_sample,2,326.535,
321.3730,solve.va_sample,2,326.535,
321.8732,solve.va_sample,2,326.535,
322.3735,solve.va_sample,2,326.535,
322.8737,solve.va_sample,2,326.535,
323.3740,solve.va_sample,2,326.535,
323.8742,solve.va_sample,2,326.535,
324.3745,solve.va_sample,2,326.535,
324.8747,solve.va_sample,2,326.535,
325.3750,solve.va_sample,2,326.535,
325.8753,solve.va_sample,2,326.535,
326.3755,solve.va_sample,2,326.535,
326.8758,solve.va_sample,2,326.535,
327.3761,solve.va_sample,2,326.535,
327.8763,solve.va_sample,2,326.535,
328.3766,solve.va_sample,2,326.535,
328.8768,solve.va_sample,2,326.535,
329.3771,solve.va_sample,2,326.535,
329.8773,solve.va_sample,2,326.535,
330.3775,solve.va_sample,2,326.535,
330.8778,solve.va_sample,2,326.535,
331.3780,solve.va_sample,2,326.535,
331.8783,solve.va_sample,2,326.535,
332.3785,solve.va_sample,2,326.535,
332.8788,solve.va_sample,2,326.535,
333.3790,solve.va_sample,2,326.535,
333.8793,solve.va_sample,2,326.535,
334.3795,solve.va_sample,2,326.535,
334.8798,solve.va_sample,2,326.535,
335.3800,solve.va_sample,2,326.535,
335.8803,solve.va_sample,2,326.535,
336.3805,solve.va_sample,2,326.535,
336.8808,solve.va_sample,2,326.535,
337.3811,solve.va_sample,2,326.535,
337.8813,solve.va_sample,2,326.535,
338.3816,solve.va_sample,2,326.535,
338.8819,solve.va_sample,2,326.535,
339.3821,solve.va_sample,2,326.535,
339.8824,solve.va_sample,2,326.535,
340.3826,solve.va_sample,2,326.535,
340.8829,solve.va_sample,2,326.535,
341.3831,solve.va_sample,2,326.535,
341.8834,solve.va_sample,2,326.535,
342.3836,solve.va_sample,2,326.535,
342.8838,solve.va_sample,2,326.535,
343.3841,solve.va_sample,2,326.535,
343.8845,solve.va_sample,2,326.535,
344.3847,solve.va_sample,2,326.535,
344.8850,solve.va_sample,2,326.535,
345.3853,solve.va_sample,2,326.535,
345.8856,solve.va_sample,2,326.535,
346.3858,solve.va_sample,2,326.535,
346.8861,solve.va_sample,2,326.535,
347.3863,solve.va_sample,2,326.535,
347.8866,solve.va_sample,2,326.535,
348.3868,solve.va_sample,2,326.535,
348.8871,solve.va_sample,2,326.535,
349.3874,solve.va_sample,2,326.535,
349.8876,solve.va_sample,2,326.535,
350.3879,solve.va_sample,2,326.535,
350.8881,solve.va_sample,2,326.535,
351.3884,solve.va_sample,2,326.535,
351.8886,solve.va_sample,2,326.535,
352.3889,solve.va_sample,2,326.535,
352.8891,solve.va_sample,2,326.535,
353.3894,solve.va_sample,2,326.535,
353.8896,solve.va_sample,2,326.535,
354.3898,solve.va_sample,2,326.535,
354.8901,solve.va_sample,2,326.535,
355.3903,solve.va_sample,2,326.535,
355.8906,solve.va_sample,2,326.535,
356.3908,solve.va_sample,2,326.535,
356.8911,solve.va_sample,2,326.535,
357.3914,solve.va_sample,2,326.535,
357.8916,solve.va_sample,2,326.535,
358.3918,solve.va_sample,2,326.535,
358.8921,solve.va_sample,2,326.535,
359.3923,solve.va_sample,2,326.535,
359.8926,solve.va_sample,2,326.535,
360.3928,solve.va_sample,2,326.535,
360.8931,solve.va_sample,2,326.535,
361.3933,solve.va_sample,2,326.535,
361.8936,solve.va_sample,2,326.535,
362.3938,solve.va_sample,2,326.535,
362.8941,solve.va_sample,2,326.535,
363.3944,solve.va_sample,2,326.535,
363.8946,solve.va_sample,2,326.535,
364.3948,solve.va_sample,2,326.535,
364.8951,solve.va_sample,2,326.535,
365.3953,solve.va_sample,2,326.535,
365.8956,solve.va_sample,2,326.535,
366.3958,solve.va_sample,2,326.535,
366.8961,solve.va_sample,2,326.535,
367.3963,solve.va_sample,2,326.535,
367.8966,solve.va_sample,2,326.535,
368.3968,solve.va_sample,2,326.535,
368.8971,solve.va_sample,2,326.535,
369.3973,solve.va_sample,2,326.535,
369.8976,solve.va_sample,2,326.535,
370.3978,solve.va_sample,2,326.535,
370.8981,solve.va_sample,2,326.535,
371.3983,solve.va_sample,2,326.535,
371.8986,solve.va_sample,2,326.535,
372.3988,solve.va_sample,2,326.535,
372.8991,solve.va_sample,2,326.535,
373.3993,solve.va_sample,2,326.535,
373.8995,solve.va_sample,2,326.535,
374.3998,solve.va_sample,2,326.535,
374.9000,solve.va_sample,2,326.535,
375.4003,solve.va_sample,2,326.535,
375.9006,solve.va_sample,2,326.535,
376.4008,solve.va_sample,2,326.535,
376.9011,solve.va_sample,2,326.535,
377.4014,solve.va_sample,2,326.535,
377.9016,solve.va_sample,2,326.535,
378.4018,solve.va_sample,2,326.535,
378.9021,solve.va_sample,2,326.535,
379.4023,solve.va_sample,2,326.535,
379.9026,solve.va_sample,2,326.535,
380.4028,solve.va_sample,2,326.535,
380.9031,solve.va_sample,2,326.535,
381.4033,solve.va_sample,2,326.535,
381.9036,solve.va_sample,2,326.535,
382.4038,solve.va_sample,2,326.535,
382.9040,solve.va_sample,2,326.535,
383.4043,solve.va_sample,2,326.535,
383.9045,solve.va_sample,2,326.535,
384.4048,solve.va_sample,2,326.535,
384.9050,solve.va_sample,2,326.535,
385.4053,solve.va_sample,2,326.535,
385.9055,solve.va_sample,2,326.535,
386.4058,solve.va_sample,2,326.535,
386.9060,solve.va_sample,2,326.535,
387.4063,solve.va_sample,2,326.535,
387.9065,solve.va_sample,2,326.535,
388.4068,solve.va_sample,2,326.535,
388.9070,solve.va_sample,2,326.535,
389.4073,solve.va_sample,2,326.535,
389.9075,solve.va_sample,2,326.535,
390.4077,solve.va_sample,2,326.535,
390.9080,solve.va_sample,2,326.535,
391.4083,solve.va_sample,2,326.535,
391.9085,solve.va_sample,2,326.535,
392.4087,solve.va_sample,2,326.535,
392.9090,solve.va_sample,2,326.535,
393.4092,solve.va_sample,2,326.535,
393.9095,solve.va_sample,2,326.535,
394.4097,solve.va_sample,2,326.535,
394.9100,solve.va_sample,2,326.535,
395.4103,solve.va_sample,2,326.535,
395.9105,solve.va_sample,2,326.535,
396.4107,solve.va_sample,2,326.535,
396.9110,solve.va_sample,2,326.535,
397.4113,solve.va_sample,2,326.535,
397.9116,solve.va_sample,2,326.535,
398.4118,solve.va_sample,2,326.535,
398.9121,solve.va_sample,2,326.535,
399.4123,solve.va_sample,2,326.535,
399.9125,solve.va_sample,2,326.535,
400.4128,solve.va_sample,2,326.535,
400.9130,solve.va_sample,2,326.535,
401.4133,solve.va_sample,2,326.535,
401.9135,solve.va_sample,2,326.535,
402.4138,solve.va_sample,2,326.535,
402.9140,solve.va_sample,2,326.535,
403.4143,solve.va_sample,2,326.535,
403.9145,solve.va_sample,2,326.535,
404.4148,solve.va_sample,2,326.535,
404.9150,solve.va_sample,2,326.535,
405.4153,solve.va_sample,2,326.535,
405.9155,solve.va_sample,2,326.535,
406.4158,solve.va_sample,2,326.535,
406.9161,solve.va_sample,2,326.535,
407.4163,solve.va_sample,2,326.535,
407.9166,solve.va_sample,2,326.535,
408.4168,solve.va_sample,2,326.535,
408.9171,solve.va_sample,2,326.535,
409.4173,solve.va_sample,2,326.535,
409.9175,solve.va_sample,2,326.535,
410.4178,solve.va_sample,2,326.535,
410.9180,solve.va_sample,2,326.535,
411.4182,solve.va_sample,2,326.535,
411.9185,solve.va_sample,2,326.535,
412.4187,solve.va_sample,2,326.535,
412.9190,solve.va_sample,2,326.535,
413.4192,solve.va_sample,2,326.535,
413.9194,solve.va_sample,2,326.535,
414.4197,solve.va_sample,2,326.535,
414.9199,solve.va_sample,2,326.535,
415.4201,solve.va_sample,2,326.535,
415.9204,solve.va_sample,2,326.535,
416.4206,solve.va_sample,2,326.535,
416.9209,solve.va_sample,2,326.535,
417.4212,solve.va_sample,2,326.535,
417.9214,solve.va_sample,2,326.535,
418.4216,solve.va_sample,2,326.535,
418.9219,solve.va_sample,2,326.535,
419.4221,solve.va_sample,2,326.535,
419.9224,solve.va_sample,2,326.535,
420.4226,solve.va_sample,2,326.535,
420.9229,solve.va_sample,2,326.535,
421.4231,solve.va_sample,2,326.535,
421.9234,solve.va_sample,2,326.535,
422.4236,solve.va_sample,2,326.535,
422.9238,solve.va_sample,2,326.535,
423.4241,solve.va_sample,2,326.535,
423.9243,solve.va_sample,2,326.535,
424.4246,solve.va_sample,2,326.535,
424.9248,solve.va_sample,2,326.535,
425.4250,solve.va_sample,2,326.535,
425.9253,solve.va_sample,2,326.535,
426.4255,solve.va_sample,2,326.535,
426.9258,solve.va_sample,2,326.535,
427.4261,solve.va_sample,2,326.535,
427.9263,solve.va_sample,2,326.535,
428.4266,solve.va_sample,2,326.535,
428.9268,solve.va_sample,2,326.535,
429.4270,solve.va_sample,2,326.535,
429.9273,solve.va_sample,2,326.535,
430.4275,solve.va_sample,2,326.535,
430.9278,solve.va_sample,2,326.535,
431.4280,solve.va_sample,2,326.535,
431.9283,solve.va_sample,2,326.535,
432.4285,solve.va_sample,2,326.535,
432.9287,solve.va_sample,2,326.535,
433.4290,solve.va_sample,2,326.535,
433.9293,solve.va_sample,2,326.535,
434.4295,solve.va_sample,2,326.535,
434.9298,solve.va_sample,2,326.535,
435.4300,solve.va_sample,2,326.535,
435.9303,solve.va_sample,2,326.535,
436.4306,solve.va_sample,2,326.535,
436.9309,solve.va_sample,2,326.535,
437.4311,solve.va_sample,2,326.535,
437.9314,solve.va_sample,2,326.535,
438.4316,solve.va_sample,2,326.535,
438.9319,solve.va_sample,2,326.535,
439.4321,solve.va_sample,2,326.535,
439.9324,solve.va_sample,2,326.535,
440.4326,solve.va_sample,2,326.535,
440.9328,solve.va_sample,2,326.535,
441.4331,solve.va_sample,2,326.535,
441.9333,solve.va_sample,2,326.535,
442.4336,solve.va_sample,2,326.535,
442.9338,solve.va_sample,2,326.535,
443.4341,solve.va_sample,2,326.535,
443.9343,solve.va_sample,2,326.535,
444.4346,solve.va_sample,2,326.535,
444.9348,solve.va_sample,2,326.535,
445.4350,solve.va_sample,2,326.535,
445.9353,solve.va_sample,2,326.535,
446.4356,solve.va_sample,2,326.535,
446.9359,solve.va_sample,2,326.535,
447.4361,solve.va_sample,2,326.535,
447.9364,solve.va_sample,2,326.535,
448.4367,solve.va_sample,2,326.535,
448.9369,solve.va_sample,2,326.535,
449.4372,solve.va_sample,2,326.535,
449.9374,solve.va_sample,2,326.535,
450.4377,solve.va_sample,2,326.535,
450.9379,solve.va_sample,2,326.535,
451.4382,solve.va_sample,2,326.535,
451.9384,solve.va_sample,2,326.535,
452.4387,solve.va_sample,2,326.535,
452.9389,solve.va_sample,2,326.535,
453.4392,solve.va_sample,2,326.535,
453.9394,solve.va_sample,2,326.535,
454.4397,solve.va_sample,2,326.535,
454.9399,solve.va_sample,2,326.535,
455.4402,solve.va_sample,2,326.535,
455.9404,solve.va_sample,2,326.535,
456.4407,solve.va_sample,2,326.535,
456.9409,solve.va_sample,2,326.535,
457.4412,solve.va_sample,2,326.535,
457.9414,solve.va_sample,2,326.535,
458.4417,solve.va_sample,2,326.535,
458.9419,solve.va_sample,2,326.535,
459.4421,solve.va_sample,2,326.535,
459.9424,solve.va_sample,2,326.535,
460.4426,solve.va_sample,2,326.535,
460.9429,solve.va_sample,2,326.535,
461.4431,solve.va_sample,2,326.535,
461.9434,solve.va_sample,2,326.535,
462.4437,solve.va_sample,2,326.535,
462.9439,solve.va_sample,2,326.535,
463.4441,solve.va_sample,2,326.535,
463.9444,solve.va_sample,2,326.535,
464.4446,solve.va_sample,2,326.535,
464.9449,solve.va_sample,2,326.535,
465.4451,solve.va_sample,2,326.535,
465.9454,solve.va_sample,2,326.535,
466.4456,solve.va_sample,2,326.535,
466.9459,solve.va_sample,2,326.535,
467.4461,solve.va_sample,2,326.535,
467.9464,solve.va_sample,2,326.535,
468.4466,solve.va_sample,2,326.535,
468.9469,solve.va_sample,2,326.535,
469.4471,solve.va_sample,2,326.535,
469.9474,solve.va_sample,2,326.535,
470.4476,solve.va_sample,2,326.535,
470.9478,solve.va_sample,2,326.535,
471.4481,solve.va_sample,2,326.535,
471.9483,solve.va_sample,2,326.535,
472.4486,solve.va_sample,2,326.535,
472.9488,solve.va_sample,2,326.535,
473.4491,solve.va_sample,2,326.535,
473.9493,solve.va_sample,2,326.535,
474.4495,solve.va_sample,2,326.535,
474.9498,solve.va_sample,2,326.535,
475.4500,solve.va_sample,2,326.535,
475.9503,solve.va_sample,2,326.535,
476.4506,solve.va_sample,2,326.535,
476.9509,solve.va_sample,2,326.535,
477.4511,solve.va_sample,2,326.535,
477.9514,solve.va_sample,2,326.535,
478.4516,solve.va_sample,2,326.535,
478.9519,solve.va_sample,2,326.535,
479.4521,solve.va_sample,2,326.535,
479.9524,solve.va_sample,2,326.535,
480.4526,solve.va_sample,2,326.535,
480.9529,solve.va_sample,2,326.535,
481.4531,solve.va_sample,2,326.535,
481.9533,solve.va_sample,2,326.535,
482.4536,solve.va_sample,2,326.535,
482.9538,solve.va_sample,2,326.535,
483.4541,solve.va_sample,2,326.535,
483.9543,solve.va_sample,2,326.535,
484.4545,solve.va_sample,2,326.535,
484.9548,solve.va_sample,2,326.535,
485.4550,solve.va_sample,2,326.535,
485.9553,solve.va_sample,2,326.535,
486.4555,solve.va_sample,2,326.535,
486.9558,solve.va_sample,2,326.535,
487.4560,solve.va_sample,2,326.535,
487.9563,solve.va_sample,2,326.535,
488.4565,solve.va_sample,2,326.535,
488.9568,solve.va_sample,2,326.535,
489.4570,solve.va_sample,2,326.535,
489.9573,solve.va_sample,2,326.535,
490.4576,solve.va_sample,2,326.535,
490.9578,solve.va_sample,2,326.535,
491.4581,solve.va_sample,2,326.535,
491.9583,solve.va_sample,2,326.535,
492.4585,solve.va_sample,2,326.535,
492.9588,solve.va_sample,2,326.535,
493.4590,solve.va_sample,2,326.535,
493.9593,solve.va_sample,2,326.535,
494.4595,solve.va_sample,2,326.535,
494.9598,solve.va_sample,2,326.535,
495.4600,solve.va_sample,2,326.535,
495.9603,solve.va_sample,2,326.535,
496.4606,solve.va_sample,2,326.535,
496.9608,solve.va_sample,2,326.535,
497.4611,solve.va_sample,2,326.535,
497.9613,solve.va_sample,2,326.535,
498.4616,solve.va_sample,2,326.535,
498.9618,solve.va_sample,2,326.535,
499.4621,solve.va_sample,2,326.535,
499.9623,solve.va_sample,2,326.535,
500.4626,solve.va_sample,2,326.535,
500.9628,solve.va_sample,2,326.535,
501.4631,solve.va_sample,2,326.535,
501.9633,solve.va_sample,2,326.535,
502.4636,solve.va_sample,2,326.535,
502.9638,solve.va_sample,2,326.535,
503.4641,solve.va_sample,2,326.535,
503.9643,solve.va_sample,2,326.535,
504.4646,solve.va_sample,2,326.535,
504.9648,solve.va_sample,2,326.535,
505.4651,solve.va_sample,2,326.535,
505.9653,solve.va_sample,2,326.535,
506.4656,solve.va_sample,2,326.535,
506.9659,solve.va_sample,2,326.535,
507.4661,solve.va_sample,2,326.535,
507.9664,solve.va_sample,2,326.535,
508.4666,solve.va_sample,2,326.535,
508.9669,solve.va_sample,2,326.535,
509.4671,solve.va_sample,2,326.535,
509.9674,solve.va_sample,2,326.535,
510.4676,solve.va_sample,2,326.535,
510.9679,solve.va_sample,2,326.535,
511.4681,solve.va_sample,2,326.535,
511.9683,solve.va_sample,2,326.535,
512.4686,solve.va_sample,2,326.535,
512.9688,solve.va_sample,2,326.535,
513.4691,solve.va_sample,2,326.535,
513.9693,solve.va_sample,2,326.535,
514.4695,solve.va_sample,2,326.535,
514.9698,solve.va_sample,2,326.535,
515.4700,solve.va_sample,2,326.535,
515.9703,solve.va_sample,2,326.535,
516.4705,solve.va_sample,2,326.535,
516.9708,solve.va_sample,2,326.535,
517.4711,solve.va_sample,2,326.535,
517.9713,solve.va_sample,2,326.535,
518.4716,solve.va_sample,2,326.535,
518.9719,solve.va_sample,2,326.535,
519.4721,solve.va_sample,2,326.535,
519.9724,solve.va_sample,2,326.535,
520.4726,solve.va_sample,2,326.535,
520.9728,solve.va_sample,2,326.535,
521.4731,solve.va_sample,2,326.535,
521.9733,solve.va_sample,2,326.535,
522.4736,solve.va_sample,2,326.535,
522.9738,solve.va_sample,2,326.535,
523.4740,solve.va_sample,2,326.535,
523.9743,solve.va_sample,2,326.535,
524.4745,solve.va_sample,2,326.535,
524.9747,solve.va_sample,2,326.535,
525.4750,solve.va_sample,2,326.535,
525.9752,solve.va_sample,2,326.535,
526.4754,solve.va_sample,2,326.535,
526.9757,solve.va_sample,2,326.535,
527.4760,solve.va_sample,2,326.535,
527.9762,solve.va_sample,2,326.535,
528.4765,solve.va_sample,2,326.535,
528.9767,solve.va_sample,2,326.535,
529.4769,solve.va_sample,2,326.535,
529.9772,solve.va_sample,2,326.535,
530.4774,solve.va_sample,2,326.535,
530.9776,solve.va_sample,2,326.535,
531.4779,solve.va_sample,2,326.535,
531.9781,solve.va_sample,2,326.535,
532.4783,solve.va_sample,2,326.535,
532.9786,solve.va_sample,2,326.535,
533.4788,solve.va_sample,2,326.535,
533.9791,solve.va_sample,2,326.535,
534.4793,solve.va_sample,2,326.535,
534.9796,solve.va_sample,2,326.535,
535.4798,solve.va_sample,2,326.535,
535.9801,solve.va_sample,2,326.535,
536.4803,solve.va_sample,2,326.535,
536.9806,solve.va_sample,2,326.535,
537.4808,solve.va_sample,2,326.535,
537.9811,solve.va_sample,2,326.535,
538.4813,solve.va_sample,2,326.535,
538.9816,solve.va_sample,2,326.535,
539.4818,solve.va_sample,2,326.535,
539.9821,solve.va_sample,2,326.535,
540.4823,solve.va_sample,2,326.535,
540.9826,solve.va_sample,2,326.535,
541.4828,solve.va_sample,2,326.535,
541.9831,solve.va_sample,2,326.535,
542.4833,solve.va_sample,2,326.535,
542.9835,solve.va_sample,2,326.535,
543.4837,solve.va_sample,2,326.535,
543.9840,solve.va_sample,2,326.535,
544.4842,solve.va_sample,2,326.535,
544.9845,solve.va_sample,2,326.535,
545.4847,solve.va_sample,2,326.535,
545.9849,solve.va_sample,2,326.535,
546.4852,solve.va_sample,2,326.535,
546.9854,solve.va_sample,2,326.535,
547.4857,solve.va_sample,2,326.535,
547.9859,solve.va_sample,2,326.535,
548.4862,solve.va_sample,2,326.535,
548.9864,solve.va_sample,2,326.535,
549.4867,solve.va_sample,2,326.535,
549.9869,solve.va_sample,2,326.535,
550.4871,solve.va_sample,2,326.535,
550.9874,solve.va_sample,2,326.535,
551.4876,solve.va_sample,2,326.535,
551.9879,solve.va_sample,2,326.535,
552.4881,solve.va_sample,2,326.535,
552.9883,solve.va_sample,2,326.535,
553.4886,solve.va_sample,2,326.535,
553.9888,solve.va_sample,2,326.535,
554.4890,solve.va_sample,2,326.535,
554.9892,solve.va_sample,2,326.535,
555.4895,solve.va_sample,2,326.535,
555.9898,solve.va_sample,2,326.535,
556.4900,solve.va_sample,2,326.535,
556.9903,solve.va_sample,2,326.535,
557.4906,solve.va_sample,2,326.535,
557.9908,solve.va_sample,2,326.535,
558.4911,solve.va_sample,2,326.535,
558.9913,solve.va_sample,2,326.535,
559.4915,solve.va_sample,2,326.535,
559.9918,solve.va_sample,2,326.535,
560.4920,solve.va_sample,2,326.535,
560.9923,solve.va_sample,2,326.535,
561.4925,solve.va_sample,2,326.535,
561.9928,solve.va_sample,2,326.535,
562.4930,solve.va_sample,2,326.535,
562.9933,solve.va_sample,2,326.535,
563.4935,solve.va_sample,2,326.535,
563.9937,solve.va_sample,2,326.535,
564.4940,solve.va_sample,2,326.535,
564.9942,solve.va_sample,2,326.535,
565.4945,solve.va_sample,2,326.535,
565.9948,solve.va_sample,2,326.535,
566.4950,solve.va_sample,2,326.535,
566.9953,solve.va_sample,2,326.535,
567.4956,solve.va_sample,2,326.535,
567.9958,solve.va_sample,2,326.535,
568.4961,solve.va_sample,2,326.535,
568.9963,solve.va_sample,2,326.535,
569.4966,solve.va_sample,2,326.535,
569.9968,solve.va_sample,2,326.535,
570.4971,solve.va_sample,2,326.535,
570.9973,solve.va_sample,2,326.535,
571.4976,solve.va_sample,2,326.535,
571.9978,solve.va_sample,2,326.535,
572.4981,solve.va_sample,2,326.535,
572.9983,solve.va_sample,2,326.535,
573.4986,solve.va_sample,2,326.535,
573.9988,solve.va_sample,2,326.535,
574.4990,solve.va_sample,2,326.535,
574.9993,solve.va_sample,2,326.535,
575.4996,solve.va_sample,2,326.535,
575.9998,solve.va_sample,2,326.535,
576.5001,solve.va_sample,2,326.535,
577.0004,solve.va_sample,2,326.535,
577.5006,solve.va_sample,2,326.535,
578.0008,solve.va_sample,2,326.535,
578.5011,solve.va_sample,2,326.535,
579.0013,solve.va_sample,2,326.535,
579.5016,solve.va_sample,2,326.535,
580.0018,solve.va_sample,2,326.535,
580.5021,solve.va_sample,2,326.535,
581.0023,solve.va_sample,2,326.535,
581.5025,solve.va_sample,2,326.535,
582.0028,solve.va_sample,2,326.535,
582.5030,solve.va_sample,2,326.535,
583.0033,solve.va_sample,2,326.535,
583.5035,solve.va_sample,2,326.535,
584.0037,solve.va_sample,2,326.535,
584.5040,solve.va_sample,2,326.535,
585.0042,solve.va_sample,2,326.535,
585.5045,solve.va_sample,2,326.535,
586.0047,solve.va_sample,2,326.535,
586.5049,solve.va_sample,2,326.535,
587.0052,solve.va_sample,2,326.535,
587.5055,solve.va_sample,2,326.535,
588.0057,solve.va_sample,2,326.535,
588.5060,solve.va_sample,2,326.535,
589.0062,solve.va_sample,2,326.535,
589.5064,solve.va_sample,2,326.535,
590.0067,solve.va_sample,2,326.535,
590.5069,solve.va_sample,2,326.535,
591.0072,solve.va_sample,2,326.535,
591.5074,solve.va_sample,2,326.535,
592.0076,solve.va_sample,2,326.535,
592.5079,solve.va_sample,2,326.535,
593.0081,solve.va_sample,2,326.535,
593.5084,solve.va_sample,2,326.535,
594.0086,solve.va_sample,2,326.535,
594.5088,solve.va_sample,2,326.535,
595.0091,solve.va_sample,2,326.535,
595.5093,solve.va_sample,2,326.535,
596.0095,solve.va_sample,2,326.535,
596.5098,solve.va_sample,2,326.535,
597.0101,solve.va_sample,2,326.535,
597.5103,solve.va_sample,2,326.535,
598.0106,solve.va_sample,2,326.535,
598.5108,solve.va_sample,2,326.535,
599.0111,solve.va_sample,2,326.535,
599.5113,solve.va_sample,2,326.535,
600.0116,solve.va_sample,2,326.535,
600.5118,solve.va_sample,2,326.535,
601.0121,solve.va_sample,2,326.535,
601.5124,solve.va_sample,2,326.793,
602.0126,solve.va_sample,2,326.793,
602.5129,solve.va_sample,2,326.793,
603.0131,solve.va_sample,2,326.793,
603.5134,solve.va_sample,2,326.793,
604.0137,solve.va_sample,2,326.793,
604.5139,solve.va_sample,2,326.793,
605.0142,solve.va_sample,2,326.793,
605.5144,solve.va_sample,2,326.793,
606.0147,solve.va_sample,2,326.793,
606.5149,solve.va_sample,2,326.793,
607.0152,solve.va_sample,2,326.793,
607.5155,solve.va_sample,2,326.793,
608.0157,solve.va_sample,2,326.793,
608.5160,solve.va_sample,2,326.793,
609.0162,solve.va_sample,2,326.793,
609.5165,solve.va_sample,2,326.793,
610.0167,solve.va_sample,2,326.793,
610.5169,solve.va_sample,2,326.793,
611.0172,solve.va_sample,2,326.793,
611.5174,solve.va_sample,2,326.793,
612.0177,solve.va_sample,2,326.793,
612.5179,solve.va_sample,2,326.793,
613.0181,solve.va_sample,2,326.793,
613.5184,solve.va_sample,2,326.793,
614.0186,solve.va_sample,2,326.793,
614.5188,solve.va_sample,2,326.793,
615.0191,solve.va_sample,2,326.793,
615.5194,solve.va_sample,2,326.793,
616.0196,solve.va_sample,2,326.793,
616.5199,solve.va_sample,2,326.793,
617.0202,solve.va_sample,2,326.793,
617.5205,solve.va_sample,2,326.793,
618.0207,solve.va_sample,2,326.793,
618.5209,solve.va_sample,2,326.793,
619.0212,solve.va_sample,2,326.793,
619.5214,solve.va_sample,2,326.793,
620.0217,solve.va_sample,2,326.793,
620.5219,solve.va_sample,2,326.793,
621.0221,solve.va_sample,2,326.793,
621.5224,solve.va_sample,2,326.793,
622.0226,solve.va_sample,2,326.793,
622.5228,solve.va_sample,2,326.793,
623.0231,solve.va_sample,2,326.793,
623.5233,solve.va_sample,2,326.793,
624.0236,solve.va_sample,2,326.793,
624.5238,solve.va_sample,2,326.793,
625.0241,solve.va_sample,2,326.793,
625.5243,solve.va_sample,2,326.793,
626.0245,solve.va_sample,2,326.793,
626.5248,solve.va_sample,2,326.793,
627.0251,solve.va_sample,2,326.793,
627.5253,solve.va_sample,2,326.793,
628.0256,solve.va_sample,2,326.793,
628.5258,solve.va_sample,2,326.793,
629.0261,solve.va_sample,2,326.793,
629.5263,solve.va_sample,2,326.793,
630.0266,solve.va_sample,2,326.793,
630.5268,solve.va_sample,2,326.793,
631.0271,solve.va_sample,2,326.793,
631.5273,solve.va_sample,2,326.793,
632.0276,solve.va_sample,2,326.793,
632.5278,solve.va_sample,2,326.793,
633.0281,solve.va_sample,2,326.793,
633.5283,solve.va_sample,2,326.793,
634.0285,solve.va_sample,2,326.793,
634.5288,solve.va_sample,2,326.793,
635.0290,solve.va_sample,2,326.793,
635.5293,solve.va_sample,2,326.793,
636.0295,solve.va_sample,2,326.793,
636.5298,solve.va_sample,2,326.793,
637.0301,solve.va_sample,2,326.793,
637.5303,solve.va_sample,2,326.793,
638.0306,solve.va_sample,2,326.793,
638.5308,solve.va_sample,2,326.793,
639.0310,solve.va_sample,2,326.793,
639.5313,solve.va_sample,2,326.793,
640.0315,solve.va_sample,2,326.793,
640.5317,solve.va_sample,2,326.793,
641.0320,solve.va_sample,2,326.793,
641.5323,solve.va_sample,2,326.793,
642.0325,solve.va_sample,2,326.793,
642.5327,solve.va_sample,2,326.793,
643.0330,solve.va_sample,2,326.793,
643.5332,solve.va_sample,2,326.793,
644.0335,solve.va_sample,2,326.793,
644.5337,solve.va_sample,2,326.793,
645.0339,solve.va_sample,2,326.793,
645.5342,solve.va_sample,2,326.793,
646.0344,solve.va_sample,2,326.793,
646.5347,solve.va_sample,2,326.793,
647.0350,solve.va_sample,2,326.793,
647.5353,solve.va_sample,2,326.793,
648.0355,solve.va_sample,2,326.793,
648.5358,solve.va_sample,2,326.793,
649.0360,solve.va_sample,2,326.793,
649.5362,solve.va_sample,2,326.793,
650.0366,solve.va_sample,2,326.793,
650.5368,solve.va_sample,2,326.793,
651.0371,solve.va_sample,2,326.793,
651.5373,solve.va_sample,2,326.793,
652.0376,solve.va_sample,2,326.793,
652.5378,solve.va_sample,2,326.793,
653.0381,solve.va_sample,2,326.793,
653.5383,solve.va_sample,2,326.793,
654.0386,solve.va_sample,2,326.793,
654.5388,solve.va_sample,2,326.793,
655.0391,solve.va_sample,2,326.793,
655.5393,solve.va_sample,2,326.793,
656.0396,solve.va_sample,2,326.793,
656.5398,solve.va_sample,2,326.793,
657.0401,solve.va_sample,2,326.793,
657.5403,solve.va_sample,2,326.793,
658.0405,solve.va_sample,2,326.793,
658.5408,solve.va_sample,2,326.793,
659.0411,solve.va_sample,2,326.793,
659.5413,solve.va_sample,2,326.793,
660.0415,solve.va_sample,2,326.793,
660.5418,solve.va_sample,2,326.793,
661.0421,solve.va_sample,2,326.793,
661.5423,solve.va_sample,2,326.793,
662.0426,solve.va_sample,2,326.793,
662.5428,solve.va_sample,2,326.793,
663.0431,solve.va_sample,2,326.793,
663.5433,solve.va_sample,2,326.793,
664.0436,solve.va_sample,2,326.793,
664.5438,solve.va_sample,2,326.793,
665.0441,solve.va_sample,2,326.793,
665.5443,solve.va_sample,2,326.793,
666.0446,solve.va_sample,2,326.793,
666.5448,solve.va_sample,2,326.793,
667.0451,solve.va_sample,2,326.793,
667.5454,solve.va_sample,2,326.793,
668.0456,solve.va_sample,2,326.793,
668.5458,solve.va_sample,2,326.793,
669.0461,solve.va_sample,2,326.793,
669.5463,solve.va_sample,2,326.793,
670.0466,solve.va_sample,2,326.793,
670.5468,solve.va_sample,2,326.793,
671.0471,solve.va_sample,2,326.793,
671.5473,solve.va_sample,2,326.793,
672.0475,solve.va_sample,2,326.793,
672.5478,solve.va_sample,2,326.793,
673.0480,solve.va_sample,2,326.793,
673.5483,solve.va_sample,2,326.793,
674.0485,solve.va_sample,2,326.793,
674.5487,solve.va_sample,2,326.793,
675.0490,solve.va_sample,2,326.793,
675.5493,solve.va_sample,2,326.793,
676.0495,solve.va_sample,2,326.793,
676.5498,solve.va_sample,2,326.793,
677.0500,solve.va_sample,2,326.793,
677.5503,solve.va_sample,2,326.793,
678.0505,solve.va_sample,2,326.793,
678.5507,solve.va_sample,2,326.793,
679.0510,solve.va_sample,2,326.793,
679.5512,solve.va_sample,2,326.793,
680.0515,solve.va_sample,2,326.793,
680.5517,solve.va_sample,2,326.793,
681.0520,solve.va_sample,2,326.793,
681.5522,solve.va_sample,2,326.793,
682.0525,solve.va_sample,2,326.793,
682.5527,solve.va_sample,2,326.793,
683.0529,solve.va_sample,2,326.793,
683.5532,solve.va_sample,2,326.793,
684.0534,solve.va_sample,2,326.793,
684.5537,solve.va_sample,2,326.793,
685.0539,solve.va_sample,2,326.793,
685.5541,solve.va_sample,2,326.793,
686.0544,solve.va_sample,2,326.793,
686.5546,solve.va_sample,2,326.793,
687.0548,solve.va_sample,2,326.793,
687.5551,solve.va_sample,2,326.793,
688.0553,solve.va_sample,2,326.793,
688.5556,solve.va_sample,2,326.793,
689.0558,solve.va_sample,2,326.793,
689.5561,solve.va_sample,2,326.793,
690.0563,solve.va_sample,2,326.793,
690.5566,solve.va_sample,2,326.793,
691.0568,solve.va_sample,2,326.793,
691.5570,solve.va_sample,2,326.793,
692.0573,solve.va_sample,2,326.793,
692.5575,solve.va_sample,2,326.793,
693.0578,solve.va_sample,2,326.793,
693.5580,solve.va_sample,2,326.793,
694.0583,solve.va_sample,2,326.793,
694.5585,solve.va_sample,2,326.793,
695.0587,solve.va_sample,2,326.793,
695.5590,solve.va_sample,2,326.793,
696.0592,solve.va_sample,2,326.793,
696.5594,solve.va_sample,2,326.793,
697.0597,solve.va_sample,2,326.793,
697.5599,solve.va_sample,2,326.793,
698.0602,solve.va_sample,2,326.793,
698.5604,solve.va_sample,2,326.793,
699.0606,solve.va_sample,2,326.793,
699.5609,solve.va_sample,2,326.793,
700.0611,solve.va_sample,2,326.793,
700.5614,solve.va_sample,2,326.793,
701.0616,solve.va_sample,2,326.793,
701.5618,solve.va_sample,2,326.793,
702.0621,solve.va_sample,2,326.793,
702.5623,solve.va_sample,2,326.793,
703.0625,solve.va_sample,2,326.793,
703.5628,solve.va_sample,2,326.793,
704.0631,solve.va_sample,2,326.793,
704.5633,solve.va_sample,2,326.793,
705.0636,solve.va_sample,2,326.793,
705.5638,solve.va_sample,2,326.793,
706.0640,solve.va_sample,2,326.793,
706.5643,solve.va_sample,2,326.793,
707.0645,solve.va_sample,2,326.793,
707.5647,solve.va_sample,2,326.793,
708.0650,solve.va_sample,2,326.793,
708.5652,solve.va_sample,2,326.793,
709.0654,solve.va_sample,2,326.793,
709.5657,solve.va_sample,2,326.793,
710.0659,solve.va_sample,2,326.793,
710.5661,solve.va_sample,2,326.793,
711.0664,solve.va_sample,2,326.793,
711.5666,solve.va_sample,2,326.793,
712.0668,solve.va_sample,2,326.793,
712.5671,solve.va_sample,2,326.793,
713.0673,solve.va_sample,2,326.793,
713.5676,solve.va_sample,2,326.793,
714.0678,solve.va_sample,2,326.793,
714.5680,solve.va_sample,2,326.793,
715.0683,solve.va_sample,2,326.793,
715.5685,solve.va_sample,2,326.793,
716.0687,solve.va_sample,2,326.793,
716.5690,solve.va_sample,2,326.793,
717.0692,solve.va_sample,2,326.793,
717.5695,solve.va_sample,2,326.793,
718.0697,solve.va_sample,2,326.793,
718.5699,solve.va_sample,2,326.793,
719.0702,solve.va_sample,2,326.793,
719.5704,solve.va_sample,2,326.793,
720.0707,solve.va_sample,2,326.793,
720.5709,solve.va_sample,2,326.793,
721.0711,solve.va_sample,2,326.793,
721.5714,solve.va_sample,2,326.793,
722.0716,solve.va_sample,2,326.793,
722.5718,solve.va_sample,2,326.793,
723.0721,solve.va_sample,2,326.793,
723.5723,solve.va_sample,2,326.793,
724.0726,solve.va_sample,2,326.793,
724.5728,solve.va_sample,2,326.793,
725.0731,solve.va_sample,2,326.793,
725.5733,solve.va_sample,2,326.793,
726.0735,solve.va_sample,2,326.793,
726.5737,solve.va_sample,2,326.793,
727.0740,solve.va_sample,2,326.793,
727.5742,solve.va_sample,2,326.793,
728.0745,solve.va_sample,2,326.793,
728.5747,solve.va_sample,2,326.793,
729.0750,solve.va_sample,2,326.793,
729.5752,solve.va_sample,2,326.793,
730.0754,solve.va_sample,2,326.793,
730.5757,solve.va_sample,2,326.793,
731.0759,solve.va_sample,2,326.793,
731.5761,solve.va_sample,2,326.793,
732.0764,solve.va_sample,2,326.793,
732.5767,solve.va_sample,2,326.793,
733.0769,solve.va_sample,2,326.793,
733.5772,solve.va_sample,2,326.793,
734.0774,solve.va_sample,2,326.793,
734.5776,solve.va_sample,2,326.793,
735.0779,solve.va_sample,2,326.793,
735.5781,solve.va_sample,2,326.793,
736.0784,solve.va_sample,2,326.793,
736.5786,solve.va_sample,2,326.793,
737.0789,solve.va_sample,2,326.793,
737.5791,solve.va_sample,2,326.793,
738.0793,solve.va_sample,2,326.793,
738.5796,solve.va_sample,2,326.793,
739.0798,solve.va_sample,2,326.793,
739.5801,solve.va_sample,2,326.793,
740.0803,solve.va_sample,2,326.793,
740.5805,solve.va_sample,2,326.793,
741.0808,solve.va_sample,2,326.793,
741.5810,solve.va_sample,2,326.793,
742.0813,solve.va_sample,2,326.793,
742.5815,solve.va_sample,2,326.793,
743.0817,solve.va_sample,2,326.793,
743.5820,solve.va_sample,2,326.793,
744.0822,solve.va_sample,2,326.793,
744.5824,solve.va_sample,2,326.793,
745.0827,solve.va_sample,2,326.793,
745.5829,solve.va_sample,2,326.793,
746.0831,solve.va_sample,2,326.793,
746.5834,solve.va_sample,2,326.793,
747.0836,solve.va_sample,2,326.793,
747.5838,solve.va_sample,2,326.793,
748.0841,solve.va_sample,2,326.793,
748.5843,solve.va_sample,2,326.793,
749.0845,solve.va_sample,2,326.793,
749.5848,solve.va_sample,2,326.793,
750.0850,solve.va_sample,2,326.793,
750.5853,solve.va_sample,2,326.793,
751.0855,solve.va_sample,2,326.793,
751.5857,solve.va_sample,2,326.793,
752.0860,solve.va_sample,2,326.793,
752.5862,solve.va_sample,2,326.793,
753.0864,solve.va_sample,2,326.793,
753.5867,solve.va_sample,2,326.793,
754.0869,solve.va_sample,2,326.793,
754.5872,solve.va_sample,2,326.793,
755.0874,solve.va_sample,2,326.793,
755.5877,solve.va_sample,2,326.793,
756.0879,solve.va_sample,2,326.793,
756.5882,solve.va_sample,2,326.793,
757.0884,solve.va_sample,2,326.793,
757.5886,solve.va_sample,2,326.793,
758.0889,solve.va_sample,2,326.793,
758.5891,solve.va_sample,2,326.793,
759.0894,solve.va_sample,2,326.793,
759.5896,solve.va_sample,2,326.793,
760.0898,solve.va_sample,2,326.793,
760.5901,solve.va_sample,2,326.793,
761.0903,solve.va_sample,2,326.793,
761.5906,solve.va_sample,2,326.793,
762.0908,solve.va_sample,2,326.793,
762.5911,solve.va_sample,2,326.793,
763.0913,solve.va_sample,2,326.793,
763.5915,solve.va_sample,2,326.793,
764.0918,solve.va_sample,2,326.793,
764.5920,solve.va_sample,2,326.793,
765.0922,solve.va_sample,2,326.793,
765.5925,solve.va_sample,2,326.793,
766.0927,solve.va_sample,2,326.793,
766.5930,solve.va_sample,2,326.793,
767.0933,solve.va_sample,2,326.793,
767.5935,solve.va_sample,2,326.793,
768.0937,solve.va_sample,2,326.793,
768.5940,solve.va_sample,2,326.793,
769.0942,solve.va_sample,2,326.793,
769.5945,solve.va_sample,2,326.793,
770.0947,solve.va_sample,2,326.793,
770.5949,solve.va_sample,2,326.793,
771.0952,solve.va_sample,2,326.793,
771.5954,solve.va_sample,2,326.793,
772.0956,solve.va_sample,2,326.793,
772.5959,solve.va_sample,2,326.793,
773.0961,solve.va_sample,2,326.793,
773.5963,solve.va_sample,2,326.793,
774.0966,solve.va_sample,2,326.793,
774.5969,solve.va_sample,2,326.793,
775.0971,solve.va_sample,2,326.793,
775.5974,solve.va_sample,2,326.793,
776.0976,solve.va_sample,2,326.793,
776.5979,solve.va_sample,2,326.793,
777.0981,solve.va_sample,2,326.793,
777.5984,solve.va_sample,2,326.793,
778.0986,solve.va_sample,2,326.793,
778.5989,solve.va_sample,2,326.793,
779.0991,solve.va_sample,2,326.793,
779.5993,solve.va_sample,2,326.793,
780.0996,solve.va_sample,2,326.793,
780.5998,solve.va_sample,2,326.793,
781.1001,solve.va_sample,2,326.793,
781.6003,solve.va_sample,2,326.793,
782.1005,solve.va_sample,2,326.793,
782.6008,solve.va_sample,2,326.793,
783.1010,solve.va_sample,2,326.793,
783.6013,solve.va_sample,2,326.793,
784.1015,solve.va_sample,2,326.793,
784.6017,solve.va_sample,2,326.793,
785.1020,solve.va_sample,2,326.793,
785.6022,solve.va_sample,2,326.793,
786.1025,solve.va_sample,2,326.793,
786.6027,solve.va_sample,2,326.793,
787.1030,solve.va_sample,2,326.793,
787.6033,solve.va_sample,2,326.793,
788.1035,solve.va_sample,2,326.793,
788.6037,solve.va_sample,2,326.793,
789.1040,solve.va_sample,2,326.793,
789.6043,solve.va_sample,2,326.793,
790.1045,solve.va_sample,2,326.793,
790.6047,solve.va_sample,2,326.793,
791.1050,solve.va_sample,2,326.793,
791.6052,solve.va_sample,2,326.793,
792.1055,solve.va_sample,2,326.793,
792.6057,solve.va_sample,2,326.793,
793.1060,solve.va_sample,2,326.793,
793.6062,solve.va_sample,2,326.793,
794.1064,solve.va_sample,2,326.793,
794.6067,solve.va_sample,2,326.793,
795.1069,solve.va_sample,2,326.793,
795.6071,solve.va_sample,2,326.793,
796.1074,solve.va_sample,2,326.793,
796.6077,solve.va_sample,2,326.793,
797.1080,solve.va_sample,2,326.793,
797.6082,solve.va_sample,2,326.793,
798.1084,solve.va_sample,2,326.793,
798.6087,solve.va_sample,2,326.793,
799.1089,solve.va_sample,2,326.793,
799.6092,solve.va_sample,2,326.793,
800.1094,solve.va_sample,2,326.793,
800.6097,solve.va_sample,2,326.793,
801.1099,solve.va_sample,2,326.793,
801.6102,solve.va_sample,2,326.793,
802.1104,solve.va_sample,2,326.793,
802.6106,solve.va_sample,2,326.793,
803.1109,solve.va_sample,2,326.793,
803.6112,solve.va_sample,2,326.793,
804.1114,solve.va_sample,2,326.793,
804.6117,solve.va_sample,2,326.793,
805.1119,solve.va_sample,2,326.793,
805.6121,solve.va_sample,2,326.793,
806.1124,solve.va_sample,2,326.793,
806.6127,solve.va_sample,2,326.793,
807.1130,solve.va_sample,2,326.793,
807.6132,solve.va_sample,2,326.793,
808.1135,solve.va_sample,2,326.793,
808.6137,solve.va_sample,2,326.793,
809.1140,solve.va_sample,2,326.793,
809.6142,solve.va_sample,2,326.793,
810.1145,solve.va_sample,2,326.793,
810.6147,solve.va_sample,2,326.793,
811.1150,solve.va_sample,2,326.793,
811.6152,solve.va_sample,2,326.793,
812.1155,solve.va_sample,2,326.793,
812.6157,solve.va_sample,2,326.793,
813.1159,solve.va_sample,2,326.793,
813.6162,solve.va_sample,2,326.793,
814.1164,solve.va_sample,2,326.793,
814.6167,solve.va_sample,2,326.793,
815.1169,solve.va_sample,2,326.793,
815.6171,solve.va_sample,2,326.793,
816.1174,solve.va_sample,2,326.793,
816.6176,solve.va_sample,2,326.793,
817.1179,solve.va_sample,2,326.793,
817.6181,solve.va_sample,2,326.793,
818.1184,solve.va_sample,2,326.793,
818.6186,solve.va_sample,2,326.793,
819.1189,solve.va_sample,2,326.793,
819.6191,solve.va_sample,2,326.793,
820.1193,solve.va_sample,2,326.793,
820.6196,solve.va_sample,2,326.793,
821.1199,solve.va_sample,2,326.793,
821.6201,solve.va_sample,2,326.793,
822.1204,solve.va_sample,2,326.793,
822.6206,solve.va_sample,2,326.793,
823.1209,solve.va_sample,2,326.793,
823.6211,solve.va_sample,2,326.793,
824.1214,solve.va_sample,2,326.793,
824.6216,solve.va_sample,2,326.793,
825.1219,solve.va_sample,2,326.793,
825.6221,solve.va_sample,2,326.793,
826.1223,solve.va_sample,2,326.793,
826.6226,solve.va_sample,2,326.793,
827.1229,solve.va_sample,2,326.793,
827.6231,solve.va_sample,2,326.793,
828.1233,solve.va_sample,2,326.793,
828.6236,solve.va_sample,2,326.793,
829.1238,solve.va_sample,2,326.793,
829.6241,solve.va_sample,2,326.793,
830.1243,solve.va_sample,2,326.793,
830.6245,solve.va_sample,2,326.793,
831.1248,solve.va_sample,2,326.793,
831.6251,solve.va_sample,2,326.793,
832.1254,solve.va_sample,2,326.793,
832.6256,solve.va_sample,2,326.793,
833.1259,solve.va_sample,2,326.793,
833.6261,solve.va_sample,2,326.793,
834.1264,solve.va_sample,2,326.793,
834.6266,solve.va_sample,2,326.793,
835.1269,solve.va_sample,2,326.793,
835.6271,solve.va_sample,2,326.793,
836.1274,solve.va_sample,2,326.793,
836.6276,solve.va_sample,2,326.793,
837.1279,solve.va_sample,2,326.793,
837.6281,solve.va_sample,2,326.793,
838.1284,solve.va_sample,2,326.793,
838.6286,solve.va_sample,2,326.793,
839.1289,solve.va_sample,2,326.793,
839.6291,solve.va_sample,2,326.793,
840.1293,solve.va_sample,2,326.793,
840.6296,solve.va_sample,2,326.793,
841.1298,solve.va_sample,2,326.793,
841.6301,solve.va_sample,2,326.793,
842.1303,solve.va_sample,2,326.793,
842.6306,solve.va_sample,2,326.793,
843.1308,solve.va_sample,2,326.793,
843.6310,solve.va_sample,2,326.793,
844.1313,solve.va_sample,2,326.793,
844.6315,solve.va_sample,2,326.793,
845.1317,solve.va_sample,2,326.793,
845.6320,solve.va_sample,2,326.793,
846.1322,solve.va_sample,2,326.793,
846.6325,solve.va_sample,2,326.793,
847.1328,solve.va_sample,2,326.793,
847.6330,solve.va_sample,2,326.793,
848.1333,solve.va_sample,2,326.793,
848.6336,solve.va_sample,2,326.793,
849.1338,solve.va_sample,2,326.793,
849.6341,solve.va_sample,2,326.793,
850.1343,solve.va_sample,2,326.793,
850.6345,solve.va_sample,2,326.793,
851.1348,solve.va_sample,2,326.793,
851.6350,solve.va_sample,2,326.793,
852.1353,solve.va_sample,2,326.793,
852.6355,solve.va_sample,2,326.793,
853.1358,solve.va_sample,2,326.793,
853.6360,solve.va_sample,2,326.793,
854.1362,solve.va_sample,2,326.793,
854.6365,solve.va_sample,2,326.793,
855.1367,solve.va_sample,2,326.793,
855.6369,solve.va_sample,2,326.793,
856.1372,solve.va_sample,2,326.793,
856.6375,solve.va_sample,2,326.793,
857.1378,solve.va_sample,2,326.793,
857.6380,solve.va_sample,2,326.793,
858.1383,solve.va_sample,2,326.793,
858.6385,solve.va_sample,2,326.793,
859.1388,solve.va_sample,2,326.793,
859.6390,solve.va_sample,2,326.793,
860.1392,solve.va_sample,2,326.793,
860.6395,solve.va_sample,2,326.793,
861.1398,solve.va_sample,2,326.793,
861.6400,solve.va_sample,2,326.793,
862.1403,solve.va_sample,2,326.793,
862.6405,solve.va_sample,2,326.793,
863.1408,solve.va_sample,2,326.793,
863.6410,solve.va_sample,2,326.793,
864.1413,solve.va_sample,2,326.793,
864.6415,solve.va_sample,2,326.793,
865.1417,solve.va_sample,2,326.793,
865.6420,solve.va_sample,2,326.793,
866.1423,solve.va_sample,2,326.793,
866.6426,solve.va_sample,2,326.793,
867.1428,solve.va_sample,2,326.793,
867.6431,solve.va_sample,2,326.793,
868.1433,solve.va_sample,2,326.793,
868.6436,solve.va_sample,2,326.793,
869.1438,solve.va_sample,2,326.793,
869.6440,solve.va_sample,2,326.793,
870.1443,solve.va_sample,2,326.793,
870.6445,solve.va_sample,2,326.793,
871.1448,solve.va_sample,2,326.793,
871.6450,solve.va_sample,2,326.793,
872.1452,solve.va_sample,2,326.793,
872.6455,solve.va_sample,2,326.793,
873.1457,solve.va_sample,2,326.793,
873.6460,solve.va_sample,2,326.793,
874.1462,solve.va_sample,2,326.793,
874.6465,solve.va_sample,2,326.793,
875.1467,solve.va_sample,2,326.793,
875.6470,solve.va_sample,2,326.793,
876.1472,solve.va_sample,2,326.793,
876.6475,solve.va_sample,2,326.793,
877.1477,solve.va_sample,2,326.793,
877.6480,solve.va_sample,2,326.793,
878.1482,solve.va_sample,2,326.793,
878.6485,solve.va_sample,2,326.793,
879.1487,solve.va_sample,2,326.793,
879.6490,solve.va_sample,2,326.793,
880.1492,solve.va_sample,2,326.793,
880.6494,solve.va_sample,2,326.793,
881.1496,solve.va_sample,2,326.793,
881.6499,solve.va_sample,2,326.793,
882.1501,solve.va_sample,2,326.793,
882.6503,solve.va_sample,2,326.793,
883.1506,solve.va_sample,2,326.793,
883.6508,solve.va_sample,2,326.793,
884.1511,solve.va_sample,2,326.793,
884.6513,solve.va_sample,2,326.793,
885.1515,solve.va_sample,2,326.793,
885.6518,solve.va_sample,2,326.793,
886.1520,solve.va_sample,2,326.793,
886.6523,solve.va_sample,2,326.793,
887.1526,solve.va_sample,2,326.793,
887.6528,solve.va_sample,2,326.793,
888.1531,solve.va_sample,2,326.793,
888.6533,solve.va_sample,2,326.793,
889.1535,solve.va_sample,2,326.793,
889.6538,solve.va_sample,2,326.793,
890.1541,solve.va_sample,2,326.793,
890.6543,solve.va_sample,2,326.793,
891.1545,solve.va_sample,2,326.793,
891.6548,solve.va_sample,2,326.793,
892.1550,solve.va_sample,2,326.793,
892.6553,solve.va_sample,2,326.793,
893.1555,solve.va_sample,2,326.793,
893.6557,solve.va_sample,2,326.793,
894.1560,solve.va_sample,2,326.793,
894.6562,solve.va_sample,2,326.793,
895.1565,solve.va_sample,2,326.793,
895.6567,solve.va_sample,2,326.793,
896.1569,solve.va_sample,2,326.793,
896.6572,solve.va_sample,2,326.793,
897.1575,solve.va_sample,2,326.793,
897.6577,solve.va_sample,2,326.793,
898.1580,solve.va_sample,2,326.793,
898.6582,solve.va_sample,2,326.793,
899.1584,solve.va_sample,2,326.793,
899.6587,solve.va_sample,2,326.793,
900.1589,solve.va_sample,2,326.793,
900.6592,solve.va_sample,2,326.793,
901.1594,solve.va_sample,2,326.793,
901.6596,solve.va_sample,2,326.793,
902.1599,solve.va_sample,2,326.793,
902.6601,solve.va_sample,2,326.793,
903.1603,solve.va_sample,2,326.793,
903.6606,solve.va_sample,2,326.793,
904.1608,solve.va_sample,2,326.793,
904.6611,solve.va_sample,2,326.793,
905.1613,solve.va_sample,2,326.793,
905.6616,solve.va_sample,2,326.793,
906.1618,solve.va_sample,2,326.793,
906.6621,solve.va_sample,2,326.793,
907.1624,solve.va_sample,2,326.793,
907.6626,solve.va_sample,2,326.793,
908.1629,solve.va_sample,2,326.793,
908.6631,solve.va_sample,2,326.793,
909.1633,solve.va_sample,2,326.793,
909.6636,solve.va_sample,2,326.793,
910.1638,solve.va_sample,2,326.793,
910.6641,solve.va_sample,2,326.793,
911.1643,solve.va_sample,2,326.793,
911.6645,solve.va_sample,2,326.793,
912.1648,solve.va_sample,2,326.793,
912.6650,solve.va_sample,2,326.793,
913.1652,solve.va_sample,2,326.793,
913.6655,solve.va_sample,2,326.793,
914.1657,solve.va_sample,2,326.793,
914.6660,solve.va_sample,2,326.793,
915.1662,solve.va_sample,2,326.793,
915.6664,solve.va_sample,2,326.793,
916.1667,solve.va_sample,2,326.793,
916.6670,solve.va_sample,2,326.793,
917.1672,solve.va_sample,2,326.793,
917.6675,solve.va_sample,2,326.793,
918.1678,solve.va_sample,2,326.793,
918.6680,solve.va_sample,2,326.793,
919.1683,solve.va_sample,2,326.793,
919.6685,solve.va_sample,2,326.793,
920.1687,solve.va_sample,2,326.793,
920.6690,solve.va_sample,2,326.793,
921.1692,solve.va_sample,2,326.793,
921.6695,solve.va_sample,2,326.793,
922.1697,solve.va_sample,2,326.793,
922.6699,solve.va_sample,2,326.793,
923.1702,solve.va_sample,2,326.793,
923.6704,solve.va_sample,2,326.793,
924.1706,solve.va_sample,2,326.793,
924.6709,solve.va_sample,2,326.793,
925.1711,solve.va_sample,2,326.793,
925.6713,solve.va_sample,2,326.793,
926.1715,solve.va_sample,2,326.793,
926.6718,solve.va_sample,2,326.793,
927.1721,solve.va_sample,2,326.793,
927.6723,solve.va_sample,2,326.793,
928.1725,solve.va_sample,2,326.793,
928.6727,solve.va_sample,2,326.793,
929.1730,solve.va_sample,2,326.793,
929.6732,solve.va_sample,2,326.793,
930.1735,solve.va_sample,2,326.793,
930.6737,solve.va_sample,2,326.793,
931.1739,solve.va_sample,2,326.793,
931.6742,solve.va_sample,2,326.793,
932.1745,solve.va_sample,2,326.793,
932.6747,solve.va_sample,2,326.793,
933.1750,solve.va_sample,2,326.793,
933.6752,solve.va_sample,2,326.793,
934.1755,solve.va_sample,2,326.793,
934.6757,solve.va_sample,2,326.793,
935.1760,solve.va_sample,2,326.793,
935.6763,solve.va_sample,2,326.793,
936.1765,solve.va_sample,2,326.793,
936.6768,solve.va_sample,2,326.793,
937.1770,solve.va_sample,2,326.793,
937.6773,solve.va_sample,2,326.793,
938.1775,solve.va_sample,2,326.793,
938.6778,solve.va_sample,2,326.793,
939.1781,solve.va_sample,2,326.793,
939.6784,solve.va_sample,2,326.793,
940.1787,solve.va_sample,2,326.793,
940.6790,solve.va_sample,2,326.793,
941.1792,solve.va_sample,2,326.793,
941.6795,solve.va_sample,2,326.793,
942.1797,solve.va_sample,2,326.793,
942.6800,solve.va_sample,2,326.793,
943.1802,solve.va_sample,2,326.793,
943.6805,solve.va_sample,2,326.793,
944.1807,solve.va_sample,2,326.793,
944.6809,solve.va_sample,2,326.793,
945.1812,solve.va_sample,2,326.793,
945.6814,solve.va_sample,2,326.793,
946.1817,solve.va_sample,2,326.793,
946.6820,solve.va_sample,2,326.793,
947.1822,solve.va_sample,2,327.051,
947.6825,solve.va_sample,2,327.051,
948.1827,solve.va_sample,2,327.051,
948.6830,solve.va_sample,2,327.051,
949.1832,solve.va_sample,2,327.051,
949.6835,solve.va_sample,2,327.051,
950.1838,solve.va_sample,2,327.051,
950.6840,solve.va_sample,2,327.051,
951.1843,solve.va_sample,2,327.051,
951.6845,solve.va_sample,2,327.051,
952.1847,solve.va_sample,2,327.051,
952.6849,solve.va_sample,2,327.051,
953.1852,solve.va_sample,2,327.051,
953.6854,solve.va_sample,2,327.051,
954.1856,solve.va_sample,2,327.051,
954.6859,solve.va_sample,2,327.051,
955.1861,solve.va_sample,2,327.051,
955.6864,solve.va_sample,2,327.051,
956.1866,solve.va_sample,2,327.051,
956.6869,solve.va_sample,2,327.051,
957.1871,solve.va_sample,2,327.051,
957.6873,solve.va_sample,2,327.051,
958.1876,solve.va_sample,2,327.051,
958.6878,solve.va_sample,2,327.051,
959.1881,solve.va_sample,2,327.051,
959.6883,solve.va_sample,2,327.051,
960.1886,solve.va_sample,2,327.051,
960.6888,solve.va_sample,2,327.051,
961.1891,solve.va_sample,2,327.051,
961.6893,solve.va_sample,2,327.051,
962.1896,solve.va_sample,2,327.051,
962.6898,solve.va_sample,2,327.051,
963.1901,solve.va_sample,2,327.051,
963.6903,solve.va_sample,2,327.051,
964.1906,solve.va_sample,2,327.051,
964.6908,solve.va_sample,2,327.051,
965.1910,solve.va_sample,2,327.051,
965.6912,solve.va_sample,2,327.051,
966.1915,solve.va_sample,2,327.051,
966.6918,solve.va_sample,2,327.051,
967.1920,solve.va_sample,2,327.051,
967.6923,solve.va_sample,2,327.051,
968.1925,solve.va_sample,2,327.051,
968.6928,solve.va_sample,2,327.051,
969.1930,solve.va_sample,2,327.051,
969.6933,solve.va_sample,2,327.051,
970.1935,solve.va_sample,2,327.051,
970.6937,solve.va_sample,2,327.051,
971.1940,solve.va_sample,2,327.051,
971.6942,solve.va_sample,2,327.051,
972.1945,solve.va_sample,2,327.051,
972.6947,solve.va_sample,2,327.051,
973.1950,solve.va_sample,2,327.051,
973.6952,solve.va_sample,2,327.051,
974.1954,solve.va_sample,2,327.051,
974.6957,solve.va_sample,2,327.051,
975.1959,solve.va_sample,2,327.051,
975.6962,solve.va_sample,2,327.051,
976.1965,solve.va_sample,2,327.051,
976.6967,solve.va_sample,2,327.051,
977.1970,solve.va_sample,2,327.051,
977.6973,solve.va_sample,2,327.051,
978.1975,solve.va_sample,2,327.051,
978.6977,solve.va_sample,2,327.051,
979.1980,solve.va_sample,2,327.051,
979.6982,solve.va_sample,2,327.051,
980.1985,solve.va_sample,2,327.051,
980.6987,solve.va_sample,2,327.051,
981.1990,solve.va_sample,2,327.051,
981.6992,solve.va_sample,2,327.051,
982.1994,solve.va_sample,2,327.051,
982.6997,solve.va_sample,2,327.051,
983.1999,solve.va_sample,2,327.051,
983.7001,solve.va_sample,2,327.051,
984.2003,solve.va_sample,2,327.051,
984.7006,solve.va_sample,2,327.051,
985.2008,solve.va_sample,2,327.051,
985.7010,solve.va_sample,2,327.051,
986.2013,solve.va_sample,2,327.051,
986.7016,solve.va_sample,2,327.051,
987.2018,solve.va_sample,2,327.051,
987.7021,solve.va_sample,2,327.051,
988.2023,solve.va_sample,2,327.051,
988.7026,solve.va_sample,2,327.051,
989.2028,solve.va_sample,2,327.051,
989.7031,solve.va_sample,2,327.051,
990.2033,solve.va_sample,2,327.051,
990.7036,solve.va_sample,2,327.051,
991.2038,solve.va_sample,2,327.051,
991.7040,solve.va_sample,2,327.051,
992.2043,solve.va_sample,2,327.051,
992.7045,solve.va_sample,2,327.051,
993.2047,solve.va_sample,2,327.051,
993.7050,solve.va_sample,2,327.051,
994.2052,solve.va_sample,2,327.051,
994.7055,solve.va_sample,2,327.051,
995.2057,solve.va_sample,2,327.051,
995.7059,solve.va_sample,2,327.051,
996.2062,solve.va_sample,2,327.051,
996.7065,solve.va_sample,2,327.051,
997.2067,solve.va_sample,2,327.051,
997.7069,solve.va_sample,2,327.051,
998.2072,solve.va_sample,2,327.051,
998.7074,solve.va_sample,2,327.051,
999.2077,solve.va_sample,2,327.051,
999.7079,solve.va_sample,2,327.051,
1000.2081,solve.va_sample,2,327.051,
1000.7083,solve.va_sample,2,327.051,
1001.2086,solve.va_sample,2,327.051,
1001.7088,solve.va_sample,2,327.051,
1002.2091,solve.va_sample,2,327.051,
1002.7093,solve.va_sample,2,327.051,
1003.2096,solve.va_sample,2,327.051,
1003.7098,solve.va_sample,2,327.051,
1004.2100,solve.va_sample,2,327.051,
1004.7103,solve.va_sample,2,327.051,
1005.2105,solve.va_sample,2,327.051,
1005.7107,solve.va_sample,2,327.051,
1006.2110,solve.va_sample,2,327.051,
1006.7113,solve.va_sample,2,327.051,
1007.2115,solve.va_sample,2,327.051,
1007.7118,solve.va_sample,2,327.051,
1008.2120,solve.va_sample,2,327.051,
1008.7122,solve.va_sample,2,327.051,
1009.2125,solve.va_sample,2,327.051,
1009.7127,solve.va_sample,2,327.051,
1010.2129,solve.va_sample,2,327.051,
1010.7132,solve.va_sample,2,327.051,
1011.2134,solve.va_sample,2,327.051,
1011.7136,solve.va_sample,2,327.051,
1012.2139,solve.va_sample,2,327.051,
1012.7141,solve.va_sample,2,327.051,
1013.2143,solve.va_sample,2,327.051,
1013.7146,solve.va_sample,2,327.051,
1014.2148,solve.va_sample,2,327.051,
1014.7151,solve.va_sample,2,327.051,
1015.2153,solve.va_sample,2,327.051,
1015.7155,solve.va_sample,2,327.051,
1016.2157,solve.va_sample,2,327.051,
1016.7160,solve.va_sample,2,327.051,
1017.2163,solve.va_sample,2,327.051,
1017.7165,solve.va_sample,2,327.051,
1018.2168,solve.va_sample,2,327.051,
1018.7171,solve.va_sample,2,327.051,
1019.2173,solve.va_sample,2,327.051,
1019.7175,solve.va_sample,2,327.051,
1020.2178,solve.va_sample,2,327.051,
1020.7180,solve.va_sample,2,327.051,
1021.2182,solve.va_sample,2,327.051,
1021.7185,solve.va_sample,2,327.051,
1022.2187,solve.va_sample,2,327.051,
1022.7190,solve.va_sample,2,327.051,
1023.2192,solve.va_sample,2,327.051,
1023.7194,solve.va_sample,2,327.051,
1024.2197,solve.va_sample,2,327.051,
1024.7199,solve.va_sample,2,327.051,
1025.2201,solve.va_sample,2,327.051,
1025.7204,solve.va_sample,2,327.051,
1026.2206,solve.va_sample,2,327.051,
1026.7209,solve.va_sample,2,327.051,
1027.2211,solve.va_sample,2,327.051,
1027.7214,solve.va_sample,2,327.051,
1028.2216,solve.va_sample,2,327.051,
1028.7218,solve.va_sample,2,327.051,
1029.2221,solve.va_sample,2,327.051,
1029.7223,solve.va_sample,2,327.051,
1030.2226,solve.va_sample,2,327.051,
1030.7228,solve.va_sample,2,327.051,
1031.2230,solve.va_sample,2,327.051,
1031.7233,solve.va_sample,2,327.051,
1032.2235,solve.va_sample,2,327.051,
1032.7238,solve.va_sample,2,327.051,
1033.2240,solve.va_sample,2,327.051,
1033.7243,solve.va_sample,2,327.051,
1034.2245,solve.va_sample,2,327.051,
1034.7248,solve.va_sample,2,327.051,
1035.2250,solve.va_sample,2,327.051,
1035.7252,solve.va_sample,2,327.051,
1036.2255,solve.va_sample,2,327.051,
1036.7258,solve.va_sample,2,327.051,
1037.2261,solve.va_sample,2,327.051,
1037.7264,solve.va_sample,2,327.051,
1038.2266,solve.va_sample,2,327.051,
1038.7268,solve.va_sample,2,327.051,
1039.2271,solve.va_sample,2,327.051,
1039.7273,solve.va_sample,2,327.051,
1040.2275,solve.va_sample,2,327.051,
1040.7278,solve.va_sample,2,327.051,
1041.2280,solve.va_sample,2,327.051,
1041.7283,solve.va_sample,2,327.051,
1042.2285,solve.va_sample,2,327.051,
1042.7287,solve.va_sample,2,327.051,
1043.2290,solve.va_sample,2,327.051,
1043.7292,solve.va_sample,2,327.051,
1044.2294,solve.va_sample,2,327.051,
1044.7296,solve.va_sample,2,327.051,
1045.2299,solve.va_sample,2,327.051,
1045.7301,solve.va_sample,2,327.051,
1046.2303,solve.va_sample,2,327.051,
1046.7306,solve.va_sample,2,327.051,
1047.2309,solve.va_sample,2,327.051,
1047.7311,solve.va_sample,2,327.051,
1048.2313,solve.va_sample,2,327.051,
1048.7316,solve.va_sample,2,327.051,
1049.2318,solve.va_sample,2,327.051,
1049.7321,solve.va_sample,2,327.051,
1050.2323,solve.va_sample,2,327.051,
1050.7325,solve.va_sample,2,327.051,
1051.2327,solve.va_sample,2,327.051,
1051.7330,solve.va_sample,2,327.051,
1052.2332,solve.va_sample,2,327.051,
1052.7335,solve.va_sample,2,327.051,
1053.2337,solve.va_sample,2,327.051,
1053.7339,solve.va_sample,2,327.051,
1054.2342,solve.va_sample,2,327.051,
1054.7344,solve.va_sample,2,327.051,
1055.2347,solve.va_sample,2,327.051,
1055.7349,solve.va_sample,2,327.051,
1056.2351,solve.va_sample,2,327.051,
1056.7354,solve.va_sample,2,327.051,
1057.2357,solve.va_sample,2,327.051,
1057.7359,solve.va_sample,2,327.051,
1058.2362,solve.va_sample,2,327.051,
1058.7364,solve.va_sample,2,327.051,
1059.2366,solve.va_sample,2,327.051,
1059.7369,solve.va_sample,2,327.051,
1060.2371,solve.va_sample,2,327.051,
1060.7373,solve.va_sample,2,327.051,
1061.2376,solve.va_sample,2,327.051,
1061.7379,solve.va_sample,2,327.051,
1062.2381,solve.va_sample,2,327.051,
1062.7384,solve.va_sample,2,327.051,
1063.2386,solve.va_sample,2,327.051,
1063.7388,solve.va_sample,2,327.051,
1064.2391,solve.va_sample,2,327.051,
1064.7393,solve.va_sample,2,327.051,
1065.2396,solve.va_sample,2,327.051,
1065.7398,solve.va_sample,2,327.051,
1066.2400,solve.va_sample,2,327.051,
1066.7403,solve.va_sample,2,327.051,
1067.2406,solve.va_sample,2,327.051,
1067.7408,solve.va_sample,2,327.051,
1068.2410,solve.va_sample,2,327.051,
1068.7413,solve.va_sample,2,327.051,
1069.2415,solve.va_sample,2,327.051,
1069.7417,solve.va_sample,2,327.051,
1070.2420,solve.va_sample,2,327.051,
1070.7422,solve.va_sample,2,327.051,
1071.2424,solve.va_sample,2,327.051,
1071.7427,solve.va_sample,2,327.051,
1072.2429,solve.va_sample,2,327.051,
1072.7431,solve.va_sample,2,327.051,
1073.2434,solve.va_sample,2,327.051,
1073.7436,solve.va_sample,2,327.051,
1074.2438,solve.va_sample,2,327.051,
1074.7441,solve.va_sample,2,327.051,
1075.2443,solve.va_sample,2,327.051,
1075.7446,solve.va_sample,2,327.051,
1076.2448,solve.va_sample,2,327.051,
1076.7451,solve.va_sample,2,327.051,
1077.2454,solve.va_sample,2,327.051,
1077.7456,solve.va_sample,2,327.051,
1078.2458,solve.va_sample,2,327.051,
1078.7461,solve.va_sample,2,327.051,
1079.2463,solve.va_sample,2,327.051,
1079.7466,solve.va_sample,2,327.051,
1080.2468,solve.va_sample,2,327.051,
1080.7471,solve.va_sample,2,327.051,
1081.2473,solve.va_sample,2,327.051,
1081.7475,solve.va_sample,2,327.051,
1082.2478,solve.va_sample,2,327.051,
1082.7480,solve.va_sample,2,327.051,
1083.2482,solve.va_sample,2,327.051,
1083.7485,solve.va_sample,2,327.051,
1084.2487,solve.va_sample,2,327.051,
1084.7489,solve.va_sample,2,327.051,
1085.2492,solve.va_sample,2,327.051,
1085.7494,solve.va_sample,2,327.051,
1086.2496,solve.va_sample,2,327.051,
1086.7499,solve.va_sample,2,327.051,
1087.2502,solve.va_sample,2,327.051,
1087.7504,solve.va_sample,2,327.051,
1088.2506,solve.va_sample,2,327.051,
1088.7509,solve.va_sample,2,327.051,
1089.2511,solve.va_sample,2,327.051,
1089.7514,solve.va_sample,2,327.051,
1090.2516,solve.va_sample,2,327.051,
1090.7519,solve.va_sample,2,327.051,
1091.2521,solve.va_sample,2,327.051,
1091.7523,solve.va_sample,2,327.051,
1092.2526,solve.va_sample,2,327.051,
1092.7528,solve.va_sample,2,327.051,
1093.2531,solve.va_sample,2,327.051,
1093.7533,solve.va_sample,2,327.051,
1094.2536,solve.va_sample,2,327.051,
1094.7538,solve.va_sample,2,327.051,
1095.2540,solve.va_sample,2,327.051,
1095.7543,solve.va_sample,2,327.051,
1096.2546,solve.va_sample,2,327.051,
1096.7549,solve.va_sample,2,327.051,
1097.2551,solve.va_sample,2,327.051,
1097.7554,solve.va_sample,2,327.051,
1098.2556,solve.va_sample,2,327.051,
1098.7558,solve.va_sample,2,327.051,
1099.2561,solve.va_sample,2,327.051,
1099.7563,solve.va_sample,2,327.051,
1100.2566,solve.va_sample,2,327.051,
1100.7568,solve.va_sample,2,327.051,
1101.2570,solve.va_sample,2,327.051,
1101.7573,solve.va_sample,2,327.051,
1102.2575,solve.va_sample,2,327.051,
1102.7577,solve.va_sample,2,327.051,
1103.2580,solve.va_sample,2,327.051,
1103.7582,solve.va_sample,2,327.051,
1104.2585,solve.va_sample,2,327.051,
1104.7587,solve.va_sample,2,327.051,
1105.2590,solve.va_sample,2,327.051,
1105.7593,solve.va_sample,2,327.051,
1106.2595,solve.va_sample,2,327.051,
1106.7598,solve.va_sample,2,327.051,
1107.2601,solve.va_sample,2,327.051,
1107.7603,solve.va_sample,2,327.051,
1108.2606,solve.va_sample,2,327.051,
1108.7608,solve.va_sample,2,327.051,
1109.2611,solve.va_sample,2,327.051,
1109.7613,solve.va_sample,2,327.051,
1110.2615,solve.va_sample,2,327.051,
1110.7618,solve.va_sample,2,327.051,
1111.2620,solve.va_sample,2,327.051,
1111.7623,solve.va_sample,2,327.051,
1112.2626,solve.va_sample,2,327.051,
1112.7628,solve.va_sample,2,327.051,
1113.2631,solve.va_sample,2,327.051,
1113.7634,solve.va_sample,2,327.051,
1114.2636,solve.va_sample,2,327.051,
1114.7639,solve.va_sample,2,327.051,
1115.2641,solve.va_sample,2,327.051,
1115.7644,solve.va_sample,2,327.051,
1116.2646,solve.va_sample,2,327.051,
1116.7649,solve.va_sample,2,327.051,
1117.2652,solve.va_sample,2,327.051,
1117.7654,solve.va_sample,2,327.051,
1118.2657,solve.va_sample,2,327.051,
1118.7659,solve.va_sample,2,327.051,
1119.2662,solve.va_sample,2,327.051,
1119.7664,solve.va_sample,2,327.051,
1120.2666,solve.va_sample,2,327.051,
1120.7669,solve.va_sample,2,327.051,
1121.2671,solve.va_sample,2,327.051,
1121.7674,solve.va_sample,2,327.051,
1122.2676,solve.va_sample,2,327.051,
1122.7679,solve.va_sample,2,327.051,
1123.2681,solve.va_sample,2,327.051,
1123.7683,solve.va_sample,2,327.051,
1124.2686,solve.va_sample,2,327.051,
1124.7688,solve.va_sample,2,327.051,
1125.2691,solve.va_sample,2,327.051,
1125.7693,solve.va_sample,2,327.051,
1126.2695,solve.va_sample,2,327.051,
1126.7698,solve.va_sample,2,327.051,
1127.2701,solve.va_sample,2,327.051,
1127.7703,solve.va_sample,2,327.051,
1128.2706,solve.va_sample,2,327.051,
1128.7708,solve.va_sample,2,327.051,
1129.2711,solve.va_sample,2,327.051,
1129.7713,solve.va_sample,2,327.051,
1130.2715,solve.va_sample,2,327.051,
1130.7718,solve.va_sample,2,327.051,
1131.2720,solve.va_sample,2,327.051,
1131.7723,solve.va_sample,2,327.051,
1132.2725,solve.va_sample,2,327.051,
1132.7728,solve.va_sample,2,327.051,
1133.2730,solve.va_sample,2,327.051,
1133.7733,solve.va_sample,2,327.051,
1134.2735,solve.va_sample,2,327.051,
1134.7737,solve.va_sample,2,327.051,
1135.2740,solve.va_sample,2,327.051,
1135.7742,solve.va_sample,2,327.051,
1136.2744,solve.va_sample,2,327.051,
1136.7747,solve.va_sample,2,327.051,
1137.2749,solve.va_sample,2,327.051,
1137.7752,solve.va_sample,2,327.051,
1138.2754,solve.va_sample,2,327.051,
1138.7756,solve.va_sample,2,327.051,
1139.2759,solve.va_sample,2,327.051,
1139.7761,solve.va_sample,2,327.051,
1140.2764,solve.va_sample,2,327.051,
1140.7766,solve.va_sample,2,327.051,
1141.2768,solve.va_sample,2,327.051,
1141.7771,solve.va_sample,2,327.051,
1142.2773,solve.va_sample,2,327.051,
1142.7775,solve.va_sample,2,327.051,
1143.2778,solve.va_sample,2,327.051,
1143.7780,solve.va_sample,2,327.051,
1144.2782,solve.va_sample,2,327.051,
1144.7785,solve.va_sample,2,327.051,
1145.2787,solve.va_sample,2,327.051,
1145.7789,solve.va_sample,2,327.051,
1146.2792,solve.va_sample,2,327.051,
1146.7794,solve.va_sample,2,327.051,
1147.2797,solve.va_sample,2,327.051,
1147.7799,solve.va_sample,2,327.051,
1148.2801,solve.va_sample,2,327.051,
1148.7804,solve.va_sample,2,327.051,
1149.2806,solve.va_sample,2,327.051,
1149.7809,solve.va_sample,2,327.051,
1150.2811,solve.va_sample,2,327.051,
1150.7813,solve.va_sample,2,327.051,
1151.2816,solve.va_sample,2,327.051,
1151.7818,solve.va_sample,2,327.051,
1152.2820,solve.va_sample,2,327.051,
1152.7823,solve.va_sample,2,327.051,
1153.2825,solve.va_sample,2,327.051,
1153.7827,solve.va_sample,2,327.051,
1154.2830,solve.va_sample,2,327.051,
1154.7832,solve.va_sample,2,327.051,
1155.2834,solve.va_sample,2,327.051,
1155.7837,solve.va_sample,2,327.051,
1156.2840,solve.va_sample,2,327.051,
1156.7843,solve.va_sample,2,327.051,
1157.2846,solve.va_sample,2,327.051,
1157.7848,solve.va_sample,2,327.051,
1158.2851,solve.va_sample,2,327.051,
1158.7853,solve.va_sample,2,327.051,
1159.2856,solve.va_sample,2,327.051,
1159.7858,solve.va_sample,2,327.051,
1160.2861,solve.va_sample,2,327.051,
1160.7863,solve.va_sample,2,327.051,
1161.2866,solve.va_sample,2,327.051,
1161.7868,solve.va_sample,2,327.051,
1162.2871,solve.va_sample,2,327.051,
1162.7874,solve.va_sample,2,327.051,
1163.2876,solve.va_sample,2,327.051,
1163.7879,solve.va_sample,2,327.051,
1164.2881,solve.va_sample,2,327.051,
1164.7884,solve.va_sample,2,327.051,
1165.2886,solve.va_sample,2,327.051,
1165.7889,solve.va_sample,2,327.051,
1166.2892,solve.va_sample,2,327.051,
1166.7894,solve.va_sample,2,327.051,
1167.2897,solve.va_sample,2,327.051,
1167.7900,solve.va_sample,2,327.051,
1168.2902,solve.va_sample,2,327.051,
1168.7905,solve.va_sample,2,327.051,
1169.2908,solve.va_sample,2,327.051,
1169.7910,solve.va_sample,2,327.051,
1170.2913,solve.va_sample,2,327.051,
1170.7915,solve.va_sample,2,327.051,
1171.2918,solve.va_sample,2,327.051,
1171.7921,solve.va_sample,2,327.051,
1172.2923,solve.va_sample,2,327.051,
1172.7926,solve.va_sample,2,327.051,
1173.2928,solve.va_sample,2,327.051,
1173.7931,solve.va_sample,2,327.051,
1174.2933,solve.va_sample,2,327.051,
1174.7936,solve.va_sample,2,327.051,
1175.2938,solve.va_sample,2,327.051,
1175.7941,solve.va_sample,2,327.051,
1176.2943,solve.va_sample,2,327.051,
1176.7946,solve.va_sample,2,327.051,
1177.2949,solve.va_sample,2,327.051,
1177.7951,solve.va_sample,2,327.051,
1178.2953,solve.va_sample,2,327.051,
1178.7956,solve.va_sample,2,327.051,
1179.2958,solve.va_sample,2,327.051,
1179.7960,solve.va_sample,2,327.051,
1180.2963,solve.va_sample,2,327.051,
1180.7965,solve.va_sample,2,327.051,
1181.2968,solve.va_sample,2,327.051,
1181.7970,solve.va_sample,2,327.051,
1182.2972,solve.va_sample,2,327.051,
1182.7975,solve.va_sample,2,327.051,
1183.2977,solve.va_sample,2,327.051,
1183.7979,solve.va_sample,2,327.051,
1184.2982,solve.va_sample,2,327.051,
1184.7984,solve.va_sample,2,327.051,
1185.2986,solve.va_sample,2,327.051,
1185.7989,solve.va_sample,2,327.051,
1186.2991,solve.va_sample,2,327.051,
1186.7994,solve.va_sample,2,327.051,
1187.2997,solve.va_sample,2,327.051,
1187.7999,solve.va_sample,2,327.051,
1188.3001,solve.va_sample,2,327.051,
1188.8004,solve.va_sample,2,327.051,
1189.3006,solve.va_sample,2,327.051,
1189.8009,solve.va_sample,2,327.051,
1190.3011,solve.va_sample,2,327.051,
1190.8014,solve.va_sample,2,327.051,
1191.3016,solve.va_sample,2,327.051,
1191.8019,solve.va_sample,2,327.051,
1192.3021,solve.va_sample,2,327.051,
1192.8023,solve.va_sample,2,327.051,
1193.3026,solve.va_sample,2,327.051,
1193.8028,solve.va_sample,2,327.051,
1194.3031,solve.va_sample,2,327.051,
1194.8033,solve.va_sample,2,327.051,
1195.3035,solve.va_sample,2,327.051,
1195.8037,solve.va_sample,2,327.051,
1196.3040,solve.va_sample,2,327.051,
1196.8043,solve.va_sample,2,327.051,
1197.3045,solve.va_sample,2,327.051,
1197.8048,solve.va_sample,2,327.051,
1198.3050,solve.va_sample,2,327.051,
1198.8052,solve.va_sample,2,327.051,
1199.3054,solve.va_sample,2,327.051,
1199.8057,solve.va_sample,2,327.051,
1200.3059,solve.va_sample,2,327.051,
1200.8061,solve.va_sample,2,327.051,
1201.3064,solve.va_sample,2,327.051,
1201.8066,solve.va_sample,2,327.051,
1202.3068,solve.va_sample,2,327.051,
1202.8071,solve.va_sample,2,327.051,
1203.3073,solve.va_sample,2,327.051,
1203.8076,solve.va_sample,2,327.051,
1204.3078,solve.va_sample,2,327.051,
1204.8080,solve.va_sample,2,327.051,
1205.3083,solve.va_sample,2,327.051,
1205.8085,solve.va_sample,2,327.051,
1206.3088,solve.va_sample,2,327.051,
1206.8090,solve.va_sample,2,327.051,
1207.3093,solve.va_sample,2,327.051,
1207.8095,solve.va_sample,2,327.051,
1208.3098,solve.va_sample,2,327.051,
1208.8100,solve.va_sample,2,327.051,
1209.3102,solve.va_sample,2,327.051,
1209.8105,solve.va_sample,2,327.051,
1210.3107,solve.va_sample,2,327.051,
1210.8110,solve.va_sample,2,327.051,
1211.3112,solve.va_sample,2,327.051,
1211.8115,solve.va_sample,2,327.051,
1212.3117,solve.va_sample,2,327.051,
1212.8120,solve.va_sample,2,327.051,
1213.3122,solve.va_sample,2,327.051,
1213.8124,solve.va_sample,2,327.051,
1214.3126,solve.va_sample,2,327.051,
1214.8129,solve.va_sample,2,327.051,
1215.3131,solve.va_sample,2,327.051,
1215.8134,solve.va_sample,2,327.051,
1216.3136,solve.va_sample,2,327.051,
1216.8139,solve.va_sample,2,327.051,
1217.3141,solve.va_sample,2,327.051,
1217.8144,solve.va_sample,2,327.051,
1218.3146,solve.va_sample,2,327.051,
1218.8149,solve.va_sample,2,327.051,
1219.3151,solve.va_sample,2,327.051,
1219.8154,solve.va_sample,2,327.051,
1220.3156,solve.va_sample,2,327.051,
1220.8159,solve.va_sample,2,327.051,
1221.3161,solve.va_sample,2,327.051,
1221.8164,solve.va_sample,2,327.051,
1222.3166,solve.va_sample,2,327.051,
1222.8168,solve.va_sample,2,327.051,
1223.3171,solve.va_sample,2,327.051,
1223.8173,solve.va_sample,2,327.051,
1224.3175,solve.va_sample,2,327.051,
1224.8178,solve.va_sample,2,327.051,
1225.3180,solve.va_sample,2,327.051,
1225.8183,solve.va_sample,2,327.051,
1226.3185,solve.va_sample,2,327.051,
1226.8188,solve.va_sample,2,327.051,
1227.3190,solve.va_sample,2,327.051,
1227.8193,solve.va_sample,2,327.051,
1228.3195,solve.va_sample,2,327.051,
1228.8198,solve.va_sample,2,327.051,
1229.3200,solve.va_sample,2,327.051,
1229.8202,solve.va_sample,2,327.051,
1230.3205,solve.va_sample,2,327.051,
1230.8207,solve.va_sample,2,327.051,
1231.3209,solve.va_sample,2,327.051,
1231.8212,solve.va_sample,2,327.051,
1232.3214,solve.va_sample,2,327.051,
1232.8217,solve.va_sample,2,327.051,
1233.3219,solve.va_sample,2,327.051,
1233.8221,solve.va_sample,2,327.051,
1234.3224,solve.va_sample,2,327.051,
1234.8226,solve.va_sample,2,327.051,
1235.3228,solve.va_sample,2,327.051,
1235.8231,solve.va_sample,2,327.051,
1236.3233,solve.va_sample,2,327.051,
1236.8236,solve.va_sample,2,327.051,
1237.3239,solve.va_sample,2,327.051,
1237.8241,solve.va_sample,2,327.051,
1238.3243,solve.va_sample,2,327.051,
1238.8246,solve.va_sample,2,327.051,
1239.3248,solve.va_sample,2,327.051,
1239.8251,solve.va_sample,2,327.051,
1240.3254,solve.va_sample,2,327.051,
1240.8257,solve.va_sample,2,327.051,
1241.3259,solve.va_sample,2,327.051,
1241.8262,solve.va_sample,2,327.051,
1242.3264,solve.va_sample,2,327.051,
1242.8267,solve.va_sample,2,327.051,
1243.3269,solve.va_sample,2,327.051,
1243.8272,solve.va_sample,2,327.051,
1244.3274,solve.va_sample,2,327.051,
1244.8276,solve.va_sample,2,327.051,
1245.3279,solve.va_sample,2,327.051,
1245.8281,solve.va_sample,2,327.051,
1246.3284,solve.va_sample,2,327.051,
1246.8287,solve.va_sample,2,327.051,
1247.3290,solve.va_sample,2,327.051,
1247.8292,solve.va_sample,2,327.051,
1248.3295,solve.va_sample,2,327.051,
1248.8297,solve.va_sample,2,327.051,
1249.3300,solve.va_sample,2,327.051,
1249.8302,solve.va_sample,2,327.051,
1250.3304,solve.va_sample,2,327.051,
1250.8307,solve.va_sample,2,327.051,
1251.3309,solve.va_sample,2,327.051,
1251.8312,solve.va_sample,2,327.051,
1252.3314,solve.va_sample,2,327.051,
1252.8316,solve.va_sample,2,327.051,
1253.3319,solve.va_sample,2,327.051,
1253.8322,solve.va_sample,2,327.051,
1254.3324,solve.va_sample,2,327.051,
1254.8327,solve.va_sample,2,327.051,
1255.3329,solve.va_sample,2,327.051,
1255.8331,solve.va_sample,2,327.051,
1256.3334,solve.va_sample,2,327.051,
1256.8337,solve.va_sample,2,327.051,
1257.3339,solve.va_sample,2,327.051,
1257.8342,solve.va_sample,2,327.051,
1258.3344,solve.va_sample,2,327.051,
1258.8346,solve.va_sample,2,327.051,
1259.3349,solve.va_sample,2,327.051,
1259.8351,solve.va_sample,2,327.051,
1260.3353,solve.va_sample,2,327.051,
1260.8356,solve.va_sample,2,327.051,
1261.3359,solve.va_sample,2,327.051,
1261.8361,solve.va_sample,2,327.051,
1262.3363,solve.va_sample,2,327.051,
1262.8366,solve.va_sample,2,327.051,
1263.3368,solve.va_sample,2,327.051,
1263.8371,solve.va_sample,2,327.051,
1264.3373,solve.va_sample,2,327.051,
1264.8375,solve.va_sample,2,327.051,
1265.3378,solve.va_sample,2,327.051,
1265.8380,solve.va_sample,2,327.051,
1266.3382,solve.va_sample,2,327.051,
1266.8385,solve.va_sample,2,327.051,
1267.3388,solve.va_sample,2,327.051,
1267.8390,solve.va_sample,2,327.051,
1268.3393,solve.va_sample,2,327.051,
1268.8395,solve.va_sample,2,327.051,
1269.3397,solve.va_sample,2,327.051,
1269.8400,solve.va_sample,2,327.051,
1270.3403,solve.va_sample,2,327.051,
1270.8405,solve.va_sample,2,327.051,
1271.3407,solve.va_sample,2,327.051,
1271.8410,solve.va_sample,2,327.051,
1272.3412,solve.va_sample,2,327.051,
1272.8414,solve.va_sample,2,327.051,
1273.3417,solve.va_sample,2,327.051,
1273.8419,solve.va_sample,2,327.051,
1274.3422,solve.va_sample,2,327.051,
1274.8424,solve.va_sample,2,327.051,
1275.3427,solve.va_sample,2,327.051,
1275.8429,solve.va_sample,2,327.051,
1276.3431,solve.va_sample,2,327.051,
1276.8434,solve.va_sample,2,327.051,
1277.3437,solve.va_sample,2,327.051,
1277.8439,solve.va_sample,2,327.051,
1278.3441,solve.va_sample,2,327.051,
1278.8444,solve.va_sample,2,327.051,
1279.3446,solve.va_sample,2,327.051,
1279.8448,solve.va_sample,2,327.051,
1280.3451,solve.va_sample,2,327.051,
1280.8453,solve.va_sample,2,327.051,
1281.3456,solve.va_sample,2,327.051,
1281.8458,solve.va_sample,2,327.051,
1282.3460,solve.va_sample,2,327.051,
1282.8463,solve.va_sample,2,327.051,
1283.3465,solve.va_sample,2,327.051,
1283.8468,solve.va_sample,2,327.051,
1284.3470,solve.va_sample,2,327.051,
1284.8472,solve.va_sample,2,327.051,
1285.3475,solve.va_sample,2,327.051,
1285.8477,solve.va_sample,2,327.051,
1286.3480,solve.va_sample,2,327.051,
1286.8483,solve.va_sample,2,327.051,
1287.3485,solve.va_sample,2,327.051,
1287.8488,solve.va_sample,2,327.051,
1288.3490,solve.va_sample,2,327.051,
1288.8493,solve.va_sample,2,327.051,
1289.3495,solve.va_sample,2,327.051,
1289.8498,solve.va_sample,2,327.051,
1290.3500,solve.va_sample,2,327.051,
1290.8503,solve.va_sample,2,327.051,
1291.3505,solve.va_sample,2,327.051,
1291.8507,solve.va_sample,2,327.051,
1292.3510,solve.va_sample,2,327.051,
1292.8512,solve.va_sample,2,327.051,
1293.3515,solve.va_sample,2,327.051,
1293.8517,solve.va_sample,2,327.051,
1294.3519,solve.va_sample,2,327.051,
1294.8522,solve.va_sample,2,327.051,
1295.3524,solve.va_sample,2,327.309,
1295.8527,solve.va_sample,2,327.309,
1296.3529,solve.va_sample,2,327.309,
1296.8532,solve.va_sample,2,327.309,
1297.3534,solve.va_sample,2,327.309,
1297.8536,solve.va_sample,2,327.309,
1298.3539,solve.va_sample,2,327.309,
1298.8541,solve.va_sample,2,327.309,
1299.3544,solve.va_sample,2,327.309,
1299.8546,solve.va_sample,2,327.309,
1300.3548,solve.va_sample,2,327.309,
1300.8551,solve.va_sample,2,327.309,
1301.3553,solve.va_sample,2,327.309,
1301.8556,solve.va_sample,2,327.309,
1302.3558,solve.va_sample,2,327.309,
1302.8560,solve.va_sample,2,327.309,
1303.3563,solve.va_sample,2,327.309,
1303.8565,solve.va_sample,2,327.309,
1304.3568,solve.va_sample,2,327.309,
1304.8570,solve.va_sample,2,327.309,
1305.3573,solve.va_sample,2,327.309,
1305.8575,solve.va_sample,2,327.309,
1306.3577,solve.va_sample,2,327.309,
1306.8580,solve.va_sample,2,327.309,
1307.3583,solve.va_sample,2,327.309,
1307.8585,solve.va_sample,2,327.309,
1308.3587,solve.va_sample,2,327.309,
1308.8590,solve.va_sample,2,327.309,
1309.3592,solve.va_sample,2,327.309,
1309.8595,solve.va_sample,2,327.309,
1310.3597,solve.va_sample,2,327.309,
1310.8599,solve.va_sample,2,327.309,
1311.3602,solve.va_sample,2,327.309,
1311.8604,solve.va_sample,2,327.309,
1312.3606,solve.va_sample,2,327.309,
1312.8609,solve.va_sample,2,327.309,
1313.3611,solve.va_sample,2,327.309,
1313.8614,solve.va_sample,2,327.309,
1314.3616,solve.va_sample,2,327.309,
1314.8618,solve.va_sample,2,327.309,
1315.3621,solve.va_sample,2,327.309,
1315.8623,solve.va_sample,2,327.309,
1316.3626,solve.va_sample,2,327.309,
1316.8629,solve.va_sample,2,327.309,
1317.3631,solve.va_sample,2,327.309,
1317.8634,solve.va_sample,2,327.309,
1318.3636,solve.va_sample,2,327.309,
1318.8638,solve.va_sample,2,327.309,
1319.3641,solve.va_sample,2,327.309,
1319.8643,solve.va_sample,2,327.309,
1320.3646,solve.va_sample,2,327.309,
1320.8648,solve.va_sample,2,327.309,
1321.3651,solve.va_sample,2,327.309,
1321.8653,solve.va_sample,2,327.309,
1322.3655,solve.va_sample,2,327.309,
1322.8658,solve.va_sample,2,327.309,
1323.3660,solve.va_sample,2,327.309,
1323.8663,solve.va_sample,2,327.309,
1324.3665,solve.va_sample,2,327.309,
1324.8667,solve.va_sample,2,327.309,
1325.3670,solve.va_sample,2,327.309,
1325.8672,solve.va_sample,2,327.309,
1326.3675,solve.va_sample,2,327.309,
1326.8677,solve.va_sample,2,327.309,
1327.3680,solve.va_sample,2,327.309,
1327.8682,solve.va_sample,2,327.309,
1328.3685,solve.va_sample,2,327.309,
1328.8687,solve.va_sample,2,327.309,
1329.3689,solve.va_sample,2,327.309,
1329.8692,solve.va_sample,2,327.309,
1330.3694,solve.va_sample,2,327.309,
1330.8696,solve.va_sample,2,327.309,
1331.3699,solve.va_sample,2,327.309,
1331.8701,solve.va_sample,2,327.309,
1332.3704,solve.va_sample,2,327.309,
1332.8706,solve.va_sample,2,327.309,
1333.3708,solve.va_sample,2,327.309,
1333.8711,solve.va_sample,2,327.309,
1334.3713,solve.va_sample,2,327.309,
1334.8716,solve.va_sample,2,327.309,
1335.3718,solve.va_sample,2,327.309,
1335.8721,solve.va_sample,2,327.309,
1336.3723,solve.va_sample,2,327.309,
1336.8726,solve.va_sample,2,327.309,
1337.3729,solve.va_sample,2,327.309,
1337.8731,solve.va_sample,2,327.309,
1338.3733,solve.va_sample,2,327.309,
1338.8736,solve.va_sample,2,327.309,
1339.3738,solve.va_sample,2,327.309,
1339.8740,solve.va_sample,2,327.309,
1340.3743,solve.va_sample,2,327.309,
1340.8745,solve.va_sample,2,327.309,
1341.3747,solve.va_sample,2,327.309,
1341.8750,solve.va_sample,2,327.309,
1342.3752,solve.va_sample,2,327.309,
1342.8755,solve.va_sample,2,327.309,
1343.3757,solve.va_sample,2,327.309,
1343.8760,solve.va_sample,2,327.309,
1344.3762,solve.va_sample,2,327.309,
1344.8764,solve.va_sample,2,327.309,
1345.3767,solve.va_sample,2,327.309,
1345.8769,solve.va_sample,2,327.309,
1346.3771,solve.va_sample,2,327.309,
1346.8774,solve.va_sample,2,327.309,
1347.3777,solve.va_sample,2,327.309,
1347.8779,solve.va_sample,2,327.309,
1348.3781,solve.va_sample,2,327.309,
1348.8784,solve.va_sample,2,327.309,
1349.3786,solve.va_sample,2,327.309,
1349.8789,solve.va_sample,2,327.309,
1350.3791,solve.va_sample,2,327.309,
1350.8794,solve.va_sample,2,327.309,
1351.3796,solve.va_sample,2,327.309,
1351.8799,solve.va_sample,2,327.309,
1352.3801,solve.va_sample,2,327.309,
1352.8803,solve.va_sample,2,327.309,
1353.3805,solve.va_sample,2,327.309,
1353.8808,solve.va_sample,2,327.309,
1354.3810,solve.va_sample,2,327.309,
1354.8813,solve.va_sample,2,327.309,
1355.3815,solve.va_sample,2,327.309,
1355.8817,solve.va_sample,2,327.309,
1356.3820,solve.va_sample,2,327.309,
1356.8823,solve.va_sample,2,327.309,
1357.3825,solve.va_sample,2,327.309,
1357.8828,solve.va_sample,2,327.309,
1358.3830,solve.va_sample,2,327.309,
1358.8833,solve.va_sample,2,327.309,
1359.3835,solve.va_sample,2,327.309,
1359.8837,solve.va_sample,2,327.309,
1360.3840,solve.va_sample,2,327.309,
1360.8843,solve.va_sample,2,327.309,
1361.3845,solve.va_sample,2,327.309,
1361.8847,solve.va_sample,2,327.309,
1362.3850,solve.va_sample,2,327.309,
1362.8852,solve.va_sample,2,327.309,
1363.3855,solve.va_sample,2,327.309,
1363.8857,solve.va_sample,2,327.309,
1364.3860,solve.va_sample,2,327.309,
1364.8862,solve.va_sample,2,327.309,
1365.3864,solve.va_sample,2,327.309,
1365.8867,solve.va_sample,2,327.309,
1366.3869,solve.va_sample,2,327.309,
1366.8871,solve.va_sample,2,327.309,
1367.3874,solve.va_sample,2,327.309,
1367.8876,solve.va_sample,2,327.309,
1368.3879,solve.va_sample,2,327.309,
1368.8881,solve.va_sample,2,327.309,
1369.3884,solve.va_sample,2,327.309,
1369.8886,solve.va_sample,2,327.309,
1370.3889,solve.va_sample,2,327.309,
1370.8891,solve.va_sample,2,327.309,
1371.3893,solve.va_sample,2,327.309,
1371.8896,solve.va_sample,2,327.309,
1372.3898,solve.va_sample,2,327.309,
1372.8900,solve.va_sample,2,327.309,
1373.3903,solve.va_sample,2,327.309,
1373.8905,solve.va_sample,2,327.309,
1374.3907,solve.va_sample,2,327.309,
1374.8910,solve.va_sample,2,327.309,
1375.3913,solve.va_sample,2,327.309,
1375.8915,solve.va_sample,2,327.309,
1376.3917,solve.va_sample,2,327.309,
1376.8920,solve.va_sample,2,327.309,
1377.3923,solve.va_sample,2,327.309,
1377.8926,solve.va_sample,2,327.309,
1378.3928,solve.va_sample,2,327.309,
1378.8930,solve.va_sample,2,327.309,
1379.3933,solve.va_sample,2,327.309,
1379.8935,solve.va_sample,2,327.309,
1380.3938,solve.va_sample,2,327.309,
1380.8940,solve.va_sample,2,327.309,
1381.3942,solve.va_sample,2,327.309,
1381.8945,solve.va_sample,2,327.309,
1382.3947,solve.va_sample,2,327.309,
1382.8950,solve.va_sample,2,327.309,
1383.3952,solve.va_sample,2,327.309,
1383.8954,solve.va_sample,2,327.309,
1384.3956,solve.va_sample,2,327.309,
1384.8959,solve.va_sample,2,327.309,
1385.3961,solve.va_sample,2,327.309,
1385.8964,solve.va_sample,2,327.309,
1386.3966,solve.va_sample,2,327.309,
1386.8969,solve.va_sample,2,327.309,
1387.3971,solve.va_sample,2,327.309,
1387.8974,solve.va_sample,2,327.309,
1388.3976,solve.va_sample,2,327.309,
1388.8979,solve.va_sample,2,327.309,
1389.3981,solve.va_sample,2,327.309,
1389.8984,solve.va_sample,2,327.309,
1390.3986,solve.va_sample,2,327.309,
1390.8988,solve.va_sample,2,327.309,
1391.3991,solve.va_sample,2,327.309,
1391.8993,solve.va_sample,2,327.309,
1392.3996,solve.va_sample,2,327.309,
1392.8998,solve.va_sample,2,327.309,
1393.4001,solve.va_sample,2,327.309,
1393.9003,solve.va_sample,2,327.309,
1394.4006,solve.va_sample,2,327.309,
1394.9008,solve.va_sample,2,327.309,
1395.4010,solve.va_sample,2,327.309,
1395.9013,solve.va_sample,2,327.309,
1396.4015,solve.va_sample,2,327.309,
1396.9018,solve.va_sample,2,327.309,
1397.4020,solve.va_sample,2,327.309,
1397.9023,solve.va_sample,2,327.309,
1398.4025,solve.va_sample,2,327.309,
1398.9028,solve.va_sample,2,327.309,
1399.4030,solve.va_sample,2,327.309,
1399.9032,solve.va_sample,2,327.309,
1400.4035,solve.va_sample,2,327.309,
1400.9037,solve.va_sample,2,327.309,
1401.4039,solve.va_sample,2,327.309,
1401.9042,solve.va_sample,2,327.309,
1402.4044,solve.va_sample,2,327.309,
1402.9047,solve.va_sample,2,327.309,
1403.4049,solve.va_sample,2,327.309,
1403.9052,solve.va_sample,2,327.309,
1404.4054,solve.va_sample,2,327.309,
1404.9056,solve.va_sample,2,327.309,
1405.4059,solve.va_sample,2,327.309,
1405.9061,solve.va_sample,2,327.309,
1406.4064,solve.va_sample,2,327.309,
1406.9066,solve.va_sample,2,327.309,
1407.4069,solve.va_sample,2,327.309,
1407.9071,solve.va_sample,2,327.309,
1408.4074,solve.va_sample,2,327.309,
1408.9076,solve.va_sample,2,327.309,
1409.4079,solve.va_sample,2,327.309,
1409.9081,solve.va_sample,2,327.309,
1410.4083,solve.va_sample,2,327.309,
1410.9086,solve.va_sample,2,327.309,
1411.4088,solve.va_sample,2,327.309,
1411.9091,solve.va_sample,2,327.309,
1412.4093,solve.va_sample,2,327.309,
1412.9096,solve.va_sample,2,327.309,
1413.4098,solve.va_sample,2,327.309,
1413.9100,solve.va_sample,2,327.309,
1414.4103,solve.va_sample,2,327.309,
1414.9105,solve.va_sample,2,327.309,
1415.4107,solve.va_sample,2,327.309,
1415.9110,solve.va_sample,2,327.309,
1416.4112,solve.va_sample,2,327.309,
1416.9115,solve.va_sample,2,327.309,
1417.4118,solve.va_sample,2,327.309,
1417.9120,solve.va_sample,2,327.309,
1418.4123,solve.va_sample,2,327.309,
1418.9125,solve.va_sample,2,327.309,
1419.4128,solve.va_sample,2,327.309,
1419.9130,solve.va_sample,2,327.309,
1420.4132,solve.va_sample,2,327.309,
1420.9135,solve.va_sample,2,327.309,
1421.4137,solve.va_sample,2,327.309,
1421.9140,solve.va_sample,2,327.309,
1422.4142,solve.va_sample,2,327.309,
1422.9145,solve.va_sample,2,327.309,
1423.4147,solve.va_sample,2,327.309,
1423.9149,solve.va_sample,2,327.309,
1424.4152,solve.va_sample,2,327.309,
1424.9154,solve.va_sample,2,327.309,
1425.4156,solve.va_sample,2,327.309,
1425.9159,solve.va_sample,2,327.309,
1426.4161,solve.va_sample,2,327.309,
1426.9164,solve.va_sample,2,327.309,
1427.4167,solve.va_sample,2,327.309,
1427.9169,solve.va_sample,2,327.309,
1428.4172,solve.va_sample,2,327.309,
1428.9174,solve.va_sample,2,327.309,
1429.4176,solve.va_sample,2,327.309,
1429.9179,solve.va_sample,2,327.309,
1430.4181,solve.va_sample,2,327.309,
1430.9183,solve.va_sample,2,327.309,
1431.4186,solve.va_sample,2,327.309,
1431.9188,solve.va_sample,2,327.309,
1432.4191,solve.va_sample,2,327.309,
1432.9194,solve.va_sample,2,327.309,
1433.4196,solve.va_sample,2,327.309,
1433.9198,solve.va_sample,2,327.309,
1434.4201,solve.va_sample,2,327.309,
1434.9203,solve.va_sample,2,327.309,
1435.4206,solve.va_sample,2,327.309,
1435.9208,solve.va_sample,2,327.309,
1436.4211,solve.va_sample,2,327.309,
1436.9214,solve.va_sample,2,327.309,
1437.4216,solve.va_sample,2,327.309,
1437.9219,solve.va_sample,2,327.309,
1438.4221,solve.va_sample,2,327.309,
1438.9223,solve.va_sample,2,327.309,
1439.4226,solve.va_sample,2,327.309,
1439.9228,solve.va_sample,2,327.309,
1440.4231,solve.va_sample,2,327.309,
1440.9233,solve.va_sample,2,327.309,
1441.4236,solve.va_sample,2,327.309,
1441.9238,solve.va_sample,2,327.309,
1442.4240,solve.va_sample,2,327.309,
1442.9243,solve.va_sample,2,327.309,
1443.4245,solve.va_sample,2,327.309,
1443.9247,solve.va_sample,2,327.309,
1444.4250,solve.va_sample,2,327.309,
1444.9252,solve.va_sample,2,327.309,
1445.4255,solve.va_sample,2,327.309,
1445.9257,solve.va_sample,2,327.309,
1446.4260,solve.va_sample,2,327.309,
1446.9262,solve.va_sample,2,327.309,
1447.4265,solve.va_sample,2,327.309,
1447.9268,solve.va_sample,2,327.309,
1448.4270,solve.va_sample,2,327.309,
1448.9272,solve.va_sample,2,327.309,
1449.4275,solve.va_sample,2,327.309,
1449.9277,solve.va_sample,2,327.309,
1450.4280,solve.va_sample,2,327.309,
1450.9282,solve.va_sample,2,327.309,
1451.4284,solve.va_sample,2,327.309,
1451.9287,solve.va_sample,2,327.309,
1452.4289,solve.va_sample,2,327.309,
1452.9292,solve.va_sample,2,327.309,
1453.4294,solve.va_sample,2,327.309,
1453.9296,solve.va_sample,2,327.309,
1454.4299,solve.va_sample,2,327.309,
1454.9301,solve.va_sample,2,327.309,
1455.4303,solve.va_sample,2,327.309,
1455.9306,solve.va_sample,2,327.309,
1456.4308,solve.va_sample,2,327.309,
1456.9311,solve.va_sample,2,327.309,
1457.4314,solve.va_sample,2,327.309,
1457.9316,solve.va_sample,2,327.309,
1458.4319,solve.va_sample,2,327.309,
1458.9321,solve.va_sample,2,327.309,
1459.4323,solve.va_sample,2,327.309,
1459.9326,solve.va_sample,2,327.309,
1460.4328,solve.va_sample,2,327.309,
1460.9331,solve.va_sample,2,327.309,
1461.4333,solve.va_sample,2,327.309,
1461.9336,solve.va_sample,2,327.309,
1462.4338,solve.va_sample,2,327.309,
1462.9341,solve.va_sample,2,327.309,
1463.4343,solve.va_sample,2,327.309,
1463.9346,solve.va_sample,2,327.309,
1464.4348,solve.va_sample,2,327.309,
1464.9351,solve.va_sample,2,327.309,
1465.4353,solve.va_sample,2,327.309,
1465.9355,solve.va_sample,2,327.309,
1466.4358,solve.va_sample,2,327.309,
1466.9361,solve.va_sample,2,327.309,
1467.4364,solve.va_sample,2,327.309,
1467.9366,solve.va_sample,2,327.309,
1468.4368,solve.va_sample,2,327.309,
1468.9371,solve.va_sample,2,327.309,
1469.4373,solve.va_sample,2,327.309,
1469.9376,solve.va_sample,2,327.309,
1470.4378,solve.va_sample,2,327.309,
1470.9380,solve.va_sample,2,327.309,
1471.4383,solve.va_sample,2,327.309,
1471.9385,solve.va_sample,2,327.309,
1472.4388,solve.va_sample,2,327.309,
1472.9390,solve.va_sample,2,327.309,
1473.4393,solve.va_sample,2,327.309,
1473.9395,solve.va_sample,2,327.309,
1474.4398,solve.va_sample,2,327.309,
1474.9401,solve.va_sample,2,327.309,
1475.4403,solve.va_sample,2,327.309,
1475.9405,solve.va_sample,2,327.309,
1476.4408,solve.va_sample,2,327.309,
1476.9411,solve.va_sample,2,327.309,
1477.4413,solve.va_sample,2,327.309,
1477.9416,solve.va_sample,2,327.309,
1478.4418,solve.va_sample,2,327.309,
1478.9421,solve.va_sample,2,327.309,
1479.4423,solve.va_sample,2,327.309,
1479.9426,solve.va_sample,2,327.309,
1480.4428,solve.va_sample,2,327.309,
1480.9431,solve.va_sample,2,327.309,
1481.4433,solve.va_sample,2,327.309,
1481.9436,solve.va_sample,2,327.309,
1482.4438,solve.va_sample,2,327.309,
1482.9441,solve.va_sample,2,327.309,
1483.4443,solve.va_sample,2,327.309,
1483.9446,solve.va_sample,2,327.309,
1484.4448,solve.va_sample,2,327.309,
1484.9451,solve.va_sample,2,327.309,
1485.4453,solve.va_sample,2,327.309,
1485.9455,solve.va_sample,2,327.309,
1486.4458,solve.va_sample,2,327.309,
1486.9460,solve.va_sample,2,327.309,
1487.4463,solve.va_sample,2,327.309,
1487.9465,solve.va_sample,2,327.309,
1488.4468,solve.va_sample,2,327.309,
1488.9470,solve.va_sample,2,327.309,
1489.4473,solve.va_sample,2,327.309,
1489.9475,solve.va_sample,2,327.309,
1490.4478,solve.va_sample,2,327.309,
1490.9480,solve.va_sample,2,327.309,
1491.4483,solve.va_sample,2,327.309,
1491.9485,solve.va_sample,2,327.309,
1492.4488,solve.va_sample,2,327.309,
1492.9490,solve.va_sample,2,327.309,
1493.4493,solve.va_sample,2,327.309,
1493.9495,solve.va_sample,2,327.309,
1494.4498,solve.va_sample,2,327.309,
1494.9500,solve.va_sample,2,327.309,
1495.4502,solve.va_sample,2,327.309,
1495.9505,solve.va_sample,2,327.309,
1496.4507,solve.va_sample,2,327.309,
1496.9510,solve.va_sample,2,327.309,
1497.4513,solve.va_sample,2,327.309,
1497.9515,solve.va_sample,2,327.309,
1498.4518,solve.va_sample,2,327.309,
1498.9521,solve.va_sample,2,327.309,
1499.4523,solve.va_sample,2,327.309,
1499.9525,solve.va_sample,2,327.309,
1500.4528,solve.va_sample,2,327.309,
1500.9530,solve.va_sample,2,327.309,
1501.4533,solve.va_sample,2,327.309,
1501.9535,solve.va_sample,2,327.309,
1502.4537,solve.va_sample,2,327.309,
1502.9540,solve.va_sample,2,327.309,
1503.4542,solve.va_sample,2,327.309,
1503.9545,solve.va_sample,2,327.309,
1504.4547,solve.va_sample,2,327.309,
1504.9550,solve.va_sample,2,327.309,
1505.4552,solve.va_sample,2,327.309,
1505.9555,solve.va_sample,2,327.309,
1506.4557,solve.va_sample,2,327.309,
1506.9560,solve.va_sample,2,327.309,
1507.4563,solve.va_sample,2,327.309,
1507.9565,solve.va_sample,2,327.309,
1508.4568,solve.va_sample,2,327.309,
1508.9570,solve.va_sample,2,327.309,
1509.4573,solve.va_sample,2,327.309,
1509.9575,solve.va_sample,2,327.309,
1510.4577,solve.va_sample,2,327.309,
1510.9580,solve.va_sample,2,327.309,
1511.4582,solve.va_sample,2,327.309,
1511.9585,solve.va_sample,2,327.309,
1512.4587,solve.va_sample,2,327.309,
1512.9589,solve.va_sample,2,327.309,
1513.4592,solve.va_sample,2,327.309,
1513.9594,solve.va_sample,2,327.309,
1514.4596,solve.va_sample,2,327.309,
1514.9599,solve.va_sample,2,327.309,
1515.4601,solve.va_sample,2,327.309,
1515.9604,solve.va_sample,2,327.309,
1516.4606,solve.va_sample,2,327.309,
1516.9609,solve.va_sample,2,327.309,
1517.4612,solve.va_sample,2,327.309,
1517.9615,solve.va_sample,2,327.309,
1518.4617,solve.va_sample,2,327.309,
1518.9620,solve.va_sample,2,327.309,
1519.4622,solve.va_sample,2,327.309,
1519.9625,solve.va_sample,2,327.309,
1520.4627,solve.va_sample,2,327.309,
1520.9629,solve.va_sample,2,327.309,
1521.4632,solve.va_sample,2,327.309,
1521.9634,solve.va_sample,2,327.309,
1522.4636,solve.va_sample,2,327.309,
1522.9639,solve.va_sample,2,327.309,
1523.4641,solve.va_sample,2,327.309,
1523.9644,solve.va_sample,2,327.309,
1524.4646,solve.va_sample,2,327.309,
1524.9649,solve.va_sample,2,327.309,
1525.4651,solve.va_sample,2,327.309,
1525.9653,solve.va_sample,2,327.309,
1526.4656,solve.va_sample,2,327.309,
1526.9659,solve.va_sample,2,327.309,
1527.4662,solve.va_sample,2,327.309,
1527.9664,solve.va_sample,2,327.309,
1528.4667,solve.va_sample,2,327.309,
1528.9669,solve.va_sample,2,327.309,
1529.4671,solve.va_sample,2,327.309,
1529.9674,solve.va_sample,2,327.309,
1530.4676,solve.va_sample,2,327.309,
1530.9679,solve.va_sample,2,327.309,
1531.4681,solve.va_sample,2,327.309,
1531.9684,solve.va_sample,2,327.309,
1532.4687,solve.va_sample,2,327.309,
1532.9689,solve.va_sample,2,327.309,
1533.4692,solve.va_sample,2,327.309,
1533.9694,solve.va_sample,2,327.309,
1534.4696,solve.va_sample,2,327.309,
1534.9699,solve.va_sample,2,327.309,
1535.4701,solve.va_sample,2,327.309,
1535.9703,solve.va_sample,2,327.309,
1536.4706,solve.va_sample,2,327.309,
1536.9709,solve.va_sample,2,327.309,
1537.4711,solve.va_sample,2,327.309,
1537.9713,solve.va_sample,2,327.309,
1538.4716,solve.va_sample,2,327.309,
1538.9718,solve.va_sample,2,327.309,
1539.4721,solve.va_sample,2,327.309,
1539.9723,solve.va_sample,2,327.309,
1540.4726,solve.va_sample,2,327.309,
1540.9729,solve.va_sample,2,327.309,
1541.4731,solve.va_sample,2,327.309,
1541.9734,solve.va_sample,2,327.309,
1542.4736,solve.va_sample,2,327.309,
1542.9738,solve.va_sample,2,327.309,
1543.4741,solve.va_sample,2,327.309,
1543.9743,solve.va_sample,2,327.309,
1544.4746,solve.va_sample,2,327.309,
1544.9749,solve.va_sample,2,327.309,
1545.4751,solve.va_sample,2,327.309,
1545.9753,solve.va_sample,2,327.309,
1546.4756,solve.va_sample,2,327.309,
1546.9759,solve.va_sample,2,327.309,
1547.4762,solve.va_sample,2,327.309,
1547.9764,solve.va_sample,2,327.309,
1548.4767,solve.va_sample,2,327.309,
1548.9769,solve.va_sample,2,327.309,
1549.4771,solve.va_sample,2,327.309,
1549.9774,solve.va_sample,2,327.309,
1550.4776,solve.va_sample,2,327.309,
1550.9779,solve.va_sample,2,327.309,
1551.4781,solve.va_sample,2,327.309,
1551.9784,solve.va_sample,2,327.309,
1552.4786,solve.va_sample,2,327.309,
1552.9788,solve.va_sample,2,327.309,
1553.4791,solve.va_sample,2,327.309,
1553.9793,solve.va_sample,2,327.309,
1554.4796,solve.va_sample,2,327.309,
1554.9798,solve.va_sample,2,327.309,
1555.4800,solve.va_sample,2,327.309,
1555.9803,solve.va_sample,2,327.309,
1556.4805,solve.va_sample,2,327.309,
1556.9808,solve.va_sample,2,327.309,
1557.4811,solve.va_sample,2,327.309,
1557.9813,solve.va_sample,2,327.309,
1558.4816,solve.va_sample,2,327.309,
1558.9818,solve.va_sample,2,327.309,
1559.4821,solve.va_sample,2,327.309,
1559.9823,solve.va_sample,2,327.309,
1560.4825,solve.va_sample,2,327.309,
1560.9828,solve.va_sample,2,327.309,
1561.4831,solve.va_sample,2,327.309,
1561.9833,solve.va_sample,2,327.309,
1562.4835,solve.va_sample,2,327.309,
1562.9838,solve.va_sample,2,327.309,
1563.4840,solve.va_sample,2,327.309,
1563.9843,solve.va_sample,2,327.309,
1564.4845,solve.va_sample,2,327.309,
1564.9847,solve.va_sample,2,327.309,
1565.4850,solve.va_sample,2,327.309,
1565.9852,solve.va_sample,2,327.309,
1566.4854,solve.va_sample,2,327.309,
1566.9857,solve.va_sample,2,327.309,
1567.4860,solve.va_sample,2,327.309,
1567.9862,solve.va_sample,2,327.309,
1568.4865,solve.va_sample,2,327.309,
1568.9867,solve.va_sample,2,327.309,
1569.4870,solve.va_sample,2,327.309,
1569.9872,solve.va_sample,2,327.309,
1570.4875,solve.va_sample,2,327.309,
1570.9877,solve.va_sample,2,327.309,
1571.4880,solve.va_sample,2,327.309,
1571.9882,solve.va_sample,2,327.309,
1572.4884,solve.va_sample,2,327.309,
1572.9887,solve.va_sample,2,327.309,
1573.4889,solve.va_sample,2,327.309,
1573.9892,solve.va_sample,2,327.309,
1574.4894,solve.va_sample,2,327.309,
1574.9897,solve.va_sample,2,327.309,
1575.4900,solve.va_sample,2,327.309,
1575.9903,solve.va_sample,2,327.309,
1576.4905,solve.va_sample,2,327.309,
1576.9908,solve.va_sample,2,327.309,
1577.4910,solve.va_sample,2,327.309,
1577.9913,solve.va_sample,2,327.309,
1578.4915,solve.va_sample,2,327.309,
1578.9918,solve.va_sample,2,327.309,
1579.4920,solve.va_sample,2,327.309,
1579.9923,solve.va_sample,2,327.309,
1580.4925,solve.va_sample,2,327.309,
1580.9927,solve.va_sample,2,327.309,
1581.4930,solve.va_sample,2,327.309,
1581.9932,solve.va_sample,2,327.309,
1582.4935,solve.va_sample,2,327.309,
1582.9937,solve.va_sample,2,327.309,
1583.4940,solve.va_sample,2,327.309,
1583.9942,solve.va_sample,2,327.309,
1584.4945,solve.va_sample,2,327.309,
1584.9947,solve.va_sample,2,327.309,
1585.4949,solve.va_sample,2,327.309,
1585.9952,solve.va_sample,2,327.309,
1586.4955,solve.va_sample,2,327.309,
1586.9957,solve.va_sample,2,327.309,
1587.4960,solve.va_sample,2,327.309,
1587.9962,solve.va_sample,2,327.309,
1588.4965,solve.va_sample,2,327.309,
1588.9967,solve.va_sample,2,327.309,
1589.4970,solve.va_sample,2,327.309,
1589.9972,solve.va_sample,2,327.309,
1590.4975,solve.va_sample,2,327.309,
1590.9977,solve.va_sample,2,327.309,
1591.4980,solve.va_sample,2,327.309,
1591.9982,solve.va_sample,2,327.309,
1592.4985,solve.va_sample,2,327.309,
1592.9987,solve.va_sample,2,327.309,
1593.4990,solve.va_sample,2,327.309,
1593.9992,solve.va_sample,2,327.309,
1594.4994,solve.va_sample,2,327.309,
1594.9997,solve.va_sample,2,327.309,
1595.4999,solve.va_sample,2,327.309,
1596.0002,solve.va_sample,2,327.309,
1596.5005,solve.va_sample,2,327.309,
1597.0008,solve.va_sample,2,327.309,
1597.5010,solve.va_sample,2,327.309,
1598.0013,solve.va_sample,2,327.309,
1598.5015,solve.va_sample,2,327.309,
1599.0018,solve.va_sample,2,327.309,
1599.5020,solve.va_sample,2,327.309,
1600.0023,solve.va_sample,2,327.309,
1600.5025,solve.va_sample,2,327.309,
1601.0027,solve.va_sample,2,327.309,
1601.5030,solve.va_sample,2,327.309,
1602.0033,solve.va_sample,2,327.309,
1602.5035,solve.va_sample,2,327.309,
1603.0037,solve.va_sample,2,327.309,
1603.5040,solve.va_sample,2,330.660,
1604.0271,solve.va_sample,2,332.465,
1604.5514,solve.va_sample,2,337.363,
1605.0761,solve.va_sample,2,342.520,
1605.6011,solve.va_sample,2,347.676,
1606.1311,solve.va_sample,2,352.832,
1606.1773,solve.va_sample,2,353.090,
1606.1803,solve.sample_eval,2,353.348,
1606.6580,solve.sample_eval,2,358.762,
1607.1836,solve.sample_eval,2,373.199,
1607.7041,solve.sample_eval,2,384.801,
1608.2449,solve.sample_eval,2,396.145,
1608.7705,solve.sample_eval,2,407.746,
1609.3062,solve.sample_eval,2,426.309,
1609.8419,solve.sample_eval,2,437.137,
1610.3776,solve.sample_eval,2,448.738,
1610.9043,solve.sample_eval,2,460.082,
1611.4355,solve.sample_eval,2,471.426,
1611.9611,solve.sample_eval,2,482.254,
1612.5019,solve.sample_eval,2,493.340,
1612.9972,solve.sample_eval,2,526.082,
1612.9994,solve,1,526.082,
1613.0027,(unmarked),0,526.082,
1613.5030,(unmarked),0,532.617,
1613.8548,(unmarked),0,504.758,
