t_seconds,phase,depth,rss_mb,batch_id
0.0014,solve,1,105.859,1
0.3286,solve.pyqubo_express,2,120.039,1
0.3952,solve.pyqubo_express,2,120.555,1
0.3954,solve.pyqubo_compile,2,120.555,1
0.4417,solve.pyqubo_compile,2,178.203,1
0.4495,solve.to_qubo,2,178.203,1
0.4994,solve.to_qubo,2,186.988,1
0.5016,solve,1,186.988,1
0.5019,(unmarked),0,186.988,1
0.5034,solve,1,186.988,1
0.5041,solve.va_model_build,2,186.988,1
1.0033,solve.va_model_build,2,188.020,1
1.0146,solve.va_model_build,2,251.184,1
1.0148,solve.va_sample,2,251.184,1
1.5036,solve.va_sample,2,251.699,1
2.0039,solve.va_sample,2,251.699,1
2.5041,solve.va_sample,2,251.699,1
3.0043,solve.va_sample,2,251.699,1
3.5046,solve.va_sample,2,251.699,1
4.0048,solve.va_sample,2,251.699,1
4.5051,solve.va_sample,2,251.699,1
5.0053,solve.va_sample,2,251.699,1
5.5055,solve.va_sample,2,251.699,1
6.0058,solve.va_sample,2,251.699,1
6.5060,solve.va_sample,2,251.699,1
7.0063,solve.va_sample,2,251.699,1
7.5065,solve.va_sample,2,251.699,1
8.0068,solve.va_sample,2,251.699,1
8.5070,solve.va_sample,2,251.699,1
9.0073,solve.va_sample,2,251.699,1
9.5075,solve.va_sample,2,251.699,1
10.0078,solve.va_sample,2,251.699,1
10.5080,solve.va_sample,2,251.699,1
11.0082,solve.va_sample,2,251.699,1
11.5085,solve.va_sample,2,251.699,1
12.0087,solve.va_sample,2,251.699,1
12.5090,solve.va_sample,2,251.699,1
13.0093,solve.va_sample,2,251.699,1
13.5095,solve.va_sample,2,251.699,1
14.0097,solve.va_sample,2,251.699,1
14.5100,solve.va_sample,2,251.699,1
15.0102,solve.va_sample,2,251.699,1
15.5105,solve.va_sample,2,251.699,1
16.0107,solve.va_sample,2,251.699,1
16.5110,solve.va_sample,2,251.699,1
17.0113,solve.va_sample,2,251.699,1
17.5115,solve.va_sample,2,251.699,1
18.0118,solve.va_sample,2,251.699,1
18.5120,solve.va_sample,2,251.699,1
19.0123,solve.va_sample,2,251.699,1
19.5125,solve.va_sample,2,251.699,1
20.0128,solve.va_sample,2,251.699,1
20.5130,solve.va_sample,2,251.699,1
21.0133,solve.va_sample,2,251.699,1
21.5135,solve.va_sample,2,251.699,1
22.0138,solve.va_sample,2,251.699,1
22.5140,solve.va_sample,2,251.699,1
23.0143,solve.va_sample,2,251.699,1
23.5145,solve.va_sample,2,251.699,1
24.0148,solve.va_sample,2,251.699,1
24.5150,solve.va_sample,2,251.699,1
25.0153,solve.va_sample,2,251.699,1
25.5155,solve.va_sample,2,251.699,1
26.0158,solve.va_sample,2,251.699,1
26.5160,solve.va_sample,2,251.699,1
27.0163,solve.va_sample,2,251.699,1
27.5166,solve.va_sample,2,251.699,1
28.0168,solve.va_sample,2,251.699,1
28.5171,solve.va_sample,2,251.699,1
29.0173,solve.va_sample,2,251.699,1
29.5175,solve.va_sample,2,251.699,1
30.0178,solve.va_sample,2,251.699,1
30.5180,solve.va_sample,2,251.699,1
31.0183,solve.va_sample,2,251.699,1
31.5185,solve.va_sample,2,251.699,1
32.0188,solve.va_sample,2,251.699,1
32.5190,solve.va_sample,2,251.699,1
33.0192,solve.va_sample,2,251.699,1
33.5195,solve.va_sample,2,251.699,1
34.0197,solve.va_sample,2,251.699,1
34.5200,solve.va_sample,2,251.699,1
35.0202,solve.va_sample,2,251.699,1
35.5205,solve.va_sample,2,251.699,1
36.0207,solve.va_sample,2,251.699,1
36.5209,solve.va_sample,2,251.699,1
37.0212,solve.va_sample,2,251.699,1
37.5214,solve.va_sample,2,251.699,1
38.0216,solve.va_sample,2,251.699,1
38.5219,solve.va_sample,2,251.699,1
39.0221,solve.va_sample,2,251.699,1
39.5224,solve.va_sample,2,251.699,1
40.0226,solve.va_sample,2,251.699,1
40.5229,solve.va_sample,2,251.699,1
41.0231,solve.va_sample,2,251.699,1
41.5234,solve.va_sample,2,251.699,1
42.0236,solve.va_sample,2,251.699,1
42.5239,solve.va_sample,2,251.699,1
43.0242,solve.va_sample,2,251.699,1
43.5244,solve.va_sample,2,251.699,1
44.0247,solve.va_sample,2,251.699,1
44.5249,solve.va_sample,2,251.699,1
45.0252,solve.va_sample,2,251.699,1
45.5255,solve.va_sample,2,251.699,1
46.0257,solve.va_sample,2,251.699,1
46.5260,solve.va_sample,2,251.699,1
47.0262,solve.va_sample,2,251.699,1
47.5265,solve.va_sample,2,251.699,1
48.0267,solve.va_sample,2,251.699,1
48.5270,solve.va_sample,2,251.699,1
49.0272,solve.va_sample,2,251.699,1
49.5275,solve.va_sample,2,251.699,1
50.0278,solve.va_sample,2,251.699,1
50.5280,solve.va_sample,2,251.699,1
51.0283,solve.va_sample,2,251.699,1
51.5286,solve.va_sample,2,251.699,1
52.0288,solve.va_sample,2,251.699,1
52.5291,solve.va_sample,2,251.699,1
53.0293,solve.va_sample,2,251.699,1
53.5296,solve.va_sample,2,251.699,1
54.0298,solve.va_sample,2,251.699,1
54.5301,solve.va_sample,2,251.699,1
55.0303,solve.va_sample,2,251.699,1
55.5306,solve.va_sample,2,251.699,1
56.0308,solve.va_sample,2,251.699,1
56.5311,solve.va_sample,2,251.699,1
57.0313,solve.va_sample,2,251.699,1
57.5316,solve.va_sample,2,251.699,1
58.0318,solve.va_sample,2,251.699,1
58.5321,solve.va_sample,2,251.699,1
59.0323,solve.va_sample,2,251.699,1
59.5326,solve.va_sample,2,251.699,1
60.0329,solve.va_sample,2,251.699,1
60.5331,solve.va_sample,2,251.699,1
61.0333,solve.va_sample,2,251.699,1
61.5336,solve.va_sample,2,251.699,1
62.0338,solve.va_sample,2,251.699,1
62.5341,solve.va_sample,2,251.699,1
63.0343,solve.va_sample,2,251.699,1
63.5346,solve.va_sample,2,251.699,1
64.0348,solve.va_sample,2,251.699,1
64.5351,solve.va_sample,2,251.699,1
65.0353,solve.va_sample,2,251.699,1
65.5356,solve.va_sample,2,251.699,1
66.0358,solve.va_sample,2,251.699,1
66.5361,solve.va_sample,2,251.699,1
67.0363,solve.va_sample,2,251.699,1
67.5366,solve.va_sample,2,251.699,1
68.0368,solve.va_sample,2,251.699,1
68.5371,solve.va_sample,2,251.699,1
69.0373,solve.va_sample,2,251.699,1
69.5376,solve.va_sample,2,251.699,1
70.0378,solve.va_sample,2,251.699,1
70.5381,solve.va_sample,2,251.699,1
71.0383,solve.va_sample,2,251.699,1
71.5386,solve.va_sample,2,251.699,1
72.0388,solve.va_sample,2,251.699,1
72.5390,solve.va_sample,2,251.699,1
73.0393,solve.va_sample,2,251.699,1
73.5396,solve.va_sample,2,251.699,1
74.0398,solve.va_sample,2,251.699,1
74.5401,solve.va_sample,2,251.699,1
75.0403,solve.va_sample,2,251.699,1
75.5406,solve.va_sample,2,251.699,1
76.0408,solve.va_sample,2,251.699,1
76.5411,solve.va_sample,2,251.699,1
77.0413,solve.va_sample,2,251.699,1
77.5416,solve.va_sample,2,251.699,1
78.0418,solve.va_sample,2,251.699,1
78.5421,solve.va_sample,2,251.699,1
79.0423,solve.va_sample,2,251.699,1
79.5426,solve.va_sample,2,251.699,1
80.0428,solve.va_sample,2,251.699,1
80.5431,solve.va_sample,2,251.699,1
81.0433,solve.va_sample,2,251.699,1
81.5436,solve.va_sample,2,251.699,1
82.0438,solve.va_sample,2,251.699,1
82.5441,solve.va_sample,2,251.699,1
83.0443,solve.va_sample,2,251.699,1
83.5446,solve.va_sample,2,251.699,1
84.0448,solve.va_sample,2,251.699,1
84.5451,solve.va_sample,2,251.699,1
85.0453,solve.va_sample,2,251.699,1
85.5456,solve.va_sample,2,251.699,1
86.0458,solve.va_sample,2,251.699,1
86.5460,solve.va_sample,2,251.699,1
87.0463,solve.va_sample,2,251.699,1
87.5466,solve.va_sample,2,251.699,1
88.0468,solve.va_sample,2,251.699,1
88.5471,solve.va_sample,2,251.699,1
89.0473,solve.va_sample,2,251.699,1
89.5476,solve.va_sample,2,251.699,1
90.0479,solve.va_sample,2,251.699,1
90.5481,solve.va_sample,2,251.699,1
91.0483,solve.va_sample,2,251.699,1
91.5486,solve.va_sample,2,251.699,1
92.0488,solve.va_sample,2,251.699,1
92.5491,solve.va_sample,2,251.699,1
93.0493,solve.va_sample,2,251.699,1
93.5496,solve.va_sample,2,251.699,1
94.0499,solve.va_sample,2,251.699,1
94.5501,solve.va_sample,2,251.699,1
95.0504,solve.va_sample,2,251.699,1
95.5506,solve.va_sample,2,251.699,1
96.0509,solve.va_sample,2,251.699,1
96.5511,solve.va_sample,2,251.699,1
97.0514,solve.va_sample,2,251.699,1
97.5517,solve.va_sample,2,251.699,1
98.0519,solve.va_sample,2,251.699,1
98.5522,solve.va_sample,2,251.699,1
99.0524,solve.va_sample,2,251.699,1
99.5527,solve.va_sample,2,251.699,1
100.0529,solve.va_sample,2,251.699,1
100.5532,solve.va_sample,2,251.699,1
101.0534,solve.va_sample,2,251.699,1
101.5537,solve.va_sample,2,251.699,1
102.0540,solve.va_sample,2,251.699,1
102.5542,solve.va_sample,2,251.699,1
103.0545,solve.va_sample,2,251.699,1
103.5547,solve.va_sample,2,251.699,1
104.0550,solve.va_sample,2,251.699,1
104.5552,solve.va_sample,2,251.699,1
105.0555,solve.va_sample,2,251.699,1
105.5557,solve.va_sample,2,251.699,1
106.0560,solve.va_sample,2,251.699,1
106.5562,solve.va_sample,2,251.699,1
107.0565,solve.va_sample,2,251.699,1
107.5568,solve.va_sample,2,251.699,1
108.0570,solve.va_sample,2,251.699,1
108.5573,solve.va_sample,2,251.699,1
109.0575,solve.va_sample,2,251.699,1
109.5578,solve.va_sample,2,251.699,1
110.0580,solve.va_sample,2,251.699,1
110.5583,solve.va_sample,2,251.699,1
111.0585,solve.va_sample,2,251.699,1
111.5588,solve.va_sample,2,251.699,1
112.0591,solve.va_sample,2,251.699,1
112.5593,solve.va_sample,2,251.699,1
113.0596,solve.va_sample,2,251.699,1
113.5598,solve.va_sample,2,251.699,1
114.0601,solve.va_sample,2,251.699,1
114.5603,solve.va_sample,2,251.699,1
115.0606,solve.va_sample,2,251.699,1
115.5608,solve.va_sample,2,251.699,1
116.0611,solve.va_sample,2,251.699,1
116.5613,solve.va_sample,2,251.699,1
117.0616,solve.va_sample,2,251.699,1
117.5618,solve.va_sample,2,251.699,1
118.0621,solve.va_sample,2,251.699,1
118.5623,solve.va_sample,2,251.699,1
119.0626,solve.va_sample,2,251.699,1
119.5628,solve.va_sample,2,251.699,1
120.0631,solve.va_sample,2,251.699,1
120.5633,solve.va_sample,2,251.699,1
121.0635,solve.va_sample,2,251.699,1
121.5638,solve.va_sample,2,251.699,1
122.0640,solve.va_sample,2,251.699,1
122.5643,solve.va_sample,2,251.699,1
123.0645,solve.va_sample,2,251.699,1
123.5648,solve.va_sample,2,251.699,1
124.0650,solve.va_sample,2,251.699,1
124.5652,solve.va_sample,2,251.699,1
125.0655,solve.va_sample,2,251.699,1
125.5657,solve.va_sample,2,251.699,1
126.0660,solve.va_sample,2,251.699,1
126.5662,solve.va_sample,2,251.699,1
127.0665,solve.va_sample,2,251.699,1
127.5667,solve.va_sample,2,251.699,1
128.0670,solve.va_sample,2,251.699,1
128.5672,solve.va_sample,2,251.699,1
129.0675,solve.va_sample,2,251.699,1
129.5678,solve.va_sample,2,251.699,1
130.0680,solve.va_sample,2,251.699,1
130.5683,solve.va_sample,2,251.699,1
131.0685,solve.va_sample,2,251.699,1
131.5688,solve.va_sample,2,251.699,1
132.0690,solve.va_sample,2,251.699,1
132.5693,solve.va_sample,2,251.699,1
133.0695,solve.va_sample,2,251.699,1
133.5697,solve.va_sample,2,251.699,1
134.0700,solve.va_sample,2,251.699,1
134.5702,solve.va_sample,2,251.699,1
135.0705,solve.va_sample,2,251.699,1
135.5707,solve.va_sample,2,251.699,1
136.0710,solve.va_sample,2,251.699,1
136.5713,solve.va_sample,2,251.699,1
137.0716,solve.va_sample,2,251.699,1
137.5718,solve.va_sample,2,251.699,1
138.0721,solve.va_sample,2,251.699,1
138.5723,solve.va_sample,2,251.699,1
139.0726,solve.va_sample,2,251.699,1
139.5729,solve.va_sample,2,251.699,1
140.0731,solve.va_sample,2,251.699,1
140.5733,solve.va_sample,2,251.699,1
141.0736,solve.va_sample,2,251.699,1
141.5738,solve.va_sample,2,251.699,1
142.0741,solve.va_sample,2,251.699,1
142.5743,solve.va_sample,2,251.699,1
143.0746,solve.va_sample,2,251.699,1
143.5748,solve.va_sample,2,251.699,1
144.0751,solve.va_sample,2,251.699,1
144.5753,solve.va_sample,2,251.699,1
145.0756,solve.va_sample,2,251.699,1
145.5758,solve.va_sample,2,251.699,1
146.0761,solve.va_sample,2,251.699,1
146.5763,solve.va_sample,2,251.699,1
147.0766,solve.va_sample,2,251.699,1
147.5768,solve.va_sample,2,251.699,1
148.0771,solve.va_sample,2,251.699,1
148.5774,solve.va_sample,2,251.699,1
149.0776,solve.va_sample,2,251.699,1
149.5779,solve.va_sample,2,251.699,1
150.0781,solve.va_sample,2,251.699,1
150.5783,solve.va_sample,2,251.699,1
151.0786,solve.va_sample,2,251.699,1
151.5788,solve.va_sample,2,251.699,1
152.0790,solve.va_sample,2,251.699,1
152.5793,solve.va_sample,2,251.699,1
153.0795,solve.va_sample,2,251.699,1
153.5798,solve.va_sample,2,251.699,1
154.0800,solve.va_sample,2,251.699,1
154.5803,solve.va_sample,2,251.699,1
155.0805,solve.va_sample,2,251.699,1
155.5808,solve.va_sample,2,251.699,1
156.0810,solve.va_sample,2,251.699,1
156.5813,solve.va_sample,2,251.699,1
157.0815,solve.va_sample,2,251.699,1
157.5817,solve.va_sample,2,251.699,1
158.0820,solve.va_sample,2,251.699,1
158.5822,solve.va_sample,2,251.699,1
159.0824,solve.va_sample,2,251.699,1
159.5827,solve.va_sample,2,251.699,1
160.0829,solve.va_sample,2,251.699,1
160.5832,solve.va_sample,2,251.699,1
161.0834,solve.va_sample,2,251.699,1
161.5837,solve.va_sample,2,251.699,1
162.0839,solve.va_sample,2,251.699,1
162.5842,solve.va_sample,2,251.699,1
163.0844,solve.va_sample,2,251.699,1
163.5847,solve.va_sample,2,251.699,1
164.0849,solve.va_sample,2,251.699,1
164.5852,solve.va_sample,2,251.699,1
165.0855,solve.va_sample,2,251.699,1
165.5857,solve.va_sample,2,251.699,1
166.0860,solve.va_sample,2,251.699,1
166.5862,solve.va_sample,2,251.699,1
167.0865,solve.va_sample,2,251.699,1
167.5867,solve.va_sample,2,251.699,1
168.0870,solve.va_sample,2,251.699,1
168.5872,solve.va_sample,2,251.699,1
169.0875,solve.va_sample,2,251.699,1
169.5877,solve.va_sample,2,251.699,1
170.0880,solve.va_sample,2,251.699,1
170.5883,solve.va_sample,2,251.699,1
171.0885,solve.va_sample,2,251.699,1
171.5888,solve.va_sample,2,251.699,1
172.0891,solve.va_sample,2,251.699,1
172.5893,solve.va_sample,2,251.699,1
173.0896,solve.va_sample,2,251.699,1
173.5898,solve.va_sample,2,251.699,1
174.0901,solve.va_sample,2,251.699,1
174.5903,solve.va_sample,2,251.699,1
175.0906,solve.va_sample,2,251.699,1
175.5908,solve.va_sample,2,251.699,1
176.0911,solve.va_sample,2,251.699,1
176.5913,solve.va_sample,2,251.699,1
177.0916,solve.va_sample,2,251.699,1
177.5918,solve.va_sample,2,251.699,1
178.0920,solve.va_sample,2,251.699,1
178.5923,solve.va_sample,2,251.699,1
179.0925,solve.va_sample,2,251.699,1
179.5928,solve.va_sample,2,251.699,1
180.0931,solve.va_sample,2,251.699,1
180.5933,solve.va_sample,2,251.699,1
181.0936,solve.va_sample,2,251.699,1
181.5938,solve.va_sample,2,251.699,1
182.0941,solve.va_sample,2,251.699,1
182.5943,solve.va_sample,2,251.699,1
183.0946,solve.va_sample,2,251.699,1
183.5948,solve.va_sample,2,251.699,1
184.0950,solve.va_sample,2,251.699,1
184.5953,solve.va_sample,2,251.699,1
185.0955,solve.va_sample,2,251.699,1
185.5958,solve.va_sample,2,251.699,1
186.0960,solve.va_sample,2,251.699,1
186.5963,solve.va_sample,2,251.699,1
187.0965,solve.va_sample,2,251.699,1
187.5968,solve.va_sample,2,251.699,1
188.0970,solve.va_sample,2,251.699,1
188.5973,solve.va_sample,2,251.699,1
189.0976,solve.va_sample,2,251.699,1
189.5978,solve.va_sample,2,251.699,1
190.0980,solve.va_sample,2,251.699,1
190.5983,solve.va_sample,2,251.699,1
191.0985,solve.va_sample,2,251.699,1
191.5988,solve.va_sample,2,251.699,1
192.0990,solve.va_sample,2,251.699,1
192.5993,solve.va_sample,2,251.699,1
193.0995,solve.va_sample,2,251.699,1
193.5998,solve.va_sample,2,251.699,1
194.1000,solve.va_sample,2,251.699,1
194.6003,solve.va_sample,2,251.699,1
195.1005,solve.va_sample,2,251.699,1
195.6008,solve.va_sample,2,251.699,1
196.1010,solve.va_sample,2,251.699,1
196.6013,solve.va_sample,2,251.699,1
197.1016,solve.va_sample,2,251.699,1
197.6018,solve.va_sample,2,251.699,1
198.1021,solve.va_sample,2,251.699,1
198.6023,solve.va_sample,2,251.699,1
199.1026,solve.va_sample,2,251.699,1
199.6028,solve.va_sample,2,251.699,1
200.1031,solve.va_sample,2,251.699,1
200.6033,solve.va_sample,2,251.699,1
201.1035,solve.va_sample,2,251.699,1
201.6038,solve.va_sample,2,251.699,1
202.1040,solve.va_sample,2,251.699,1
202.6043,solve.va_sample,2,251.699,1
203.1046,solve.va_sample,2,251.699,1
203.6048,solve.va_sample,2,251.699,1
204.1051,solve.va_sample,2,251.699,1
204.6053,solve.va_sample,2,251.699,1
205.1056,solve.va_sample,2,251.699,1
205.6058,solve.va_sample,2,251.699,1
206.1061,solve.va_sample,2,251.699,1
206.6063,solve.va_sample,2,251.699,1
207.1065,solve.va_sample,2,251.699,1
207.6068,solve.va_sample,2,251.699,1
208.1071,solve.va_sample,2,251.699,1
208.6073,solve.va_sample,2,251.699,1
209.1076,solve.va_sample,2,251.699,1
209.6078,solve.va_sample,2,251.699,1
210.1080,solve.va_sample,2,251.699,1
210.6083,solve.va_sample,2,251.699,1
211.1085,solve.va_sample,2,251.699,1
211.6088,solve.va_sample,2,251.699,1
212.1090,solve.va_sample,2,251.699,1
212.6093,solve.va_sample,2,251.699,1
213.1095,solve.va_sample,2,251.699,1
213.6098,solve.va_sample,2,251.699,1
214.1100,solve.va_sample,2,251.699,1
214.6103,solve.va_sample,2,251.699,1
215.1105,solve.va_sample,2,251.699,1
215.6108,solve.va_sample,2,251.699,1
216.1110,solve.va_sample,2,251.699,1
216.6113,solve.va_sample,2,251.699,1
217.1115,solve.va_sample,2,251.699,1
217.6118,solve.va_sample,2,251.699,1
218.1120,solve.va_sample,2,251.699,1
218.6123,solve.va_sample,2,251.699,1
219.1125,solve.va_sample,2,251.699,1
219.6128,solve.va_sample,2,251.699,1
220.1130,solve.va_sample,2,251.699,1
220.6133,solve.va_sample,2,251.699,1
221.1135,solve.va_sample,2,251.699,1
221.6138,solve.va_sample,2,251.699,1
222.1140,solve.va_sample,2,251.699,1
222.6143,solve.va_sample,2,251.699,1
223.1145,solve.va_sample,2,251.699,1
223.6148,solve.va_sample,2,251.699,1
224.1150,solve.va_sample,2,251.699,1
224.6153,solve.va_sample,2,251.699,1
225.1155,solve.va_sample,2,251.699,1
225.6158,solve.va_sample,2,251.699,1
226.1160,solve.va_sample,2,251.699,1
226.6163,solve.va_sample,2,251.699,1
227.1165,solve.va_sample,2,251.699,1
227.6168,solve.va_sample,2,251.699,1
228.1170,solve.va_sample,2,251.699,1
228.6173,solve.va_sample,2,251.699,1
229.1175,solve.va_sample,2,251.699,1
229.6178,solve.va_sample,2,251.699,1
230.1180,solve.va_sample,2,251.699,1
230.6183,solve.va_sample,2,251.699,1
231.1185,solve.va_sample,2,251.699,1
231.6188,solve.va_sample,2,251.699,1
232.1191,solve.va_sample,2,251.699,1
232.6193,solve.va_sample,2,251.699,1
233.1196,solve.va_sample,2,251.699,1
233.6198,solve.va_sample,2,251.699,1
234.1201,solve.va_sample,2,251.699,1
234.6203,solve.va_sample,2,251.699,1
235.1206,solve.va_sample,2,251.699,1
235.6208,solve.va_sample,2,251.699,1
236.1210,solve.va_sample,2,251.699,1
236.6213,solve.va_sample,2,251.699,1
237.1215,solve.va_sample,2,251.699,1
237.6218,solve.va_sample,2,251.699,1
238.1220,solve.va_sample,2,251.699,1
238.6223,solve.va_sample,2,251.699,1
239.1225,solve.va_sample,2,251.699,1
239.6228,solve.va_sample,2,251.699,1
240.1230,solve.va_sample,2,251.699,1
240.6233,solve.va_sample,2,251.699,1
241.1235,solve.va_sample,2,251.699,1
241.6238,solve.va_sample,2,251.699,1
242.1240,solve.va_sample,2,251.699,1
242.6243,solve.va_sample,2,251.699,1
243.1245,solve.va_sample,2,251.699,1
243.6248,solve.va_sample,2,251.699,1
244.1250,solve.va_sample,2,251.699,1
244.6252,solve.va_sample,2,251.699,1
245.1255,solve.va_sample,2,251.699,1
245.6258,solve.va_sample,2,251.699,1
246.1260,solve.va_sample,2,251.699,1
246.6263,solve.va_sample,2,251.699,1
247.1265,solve.va_sample,2,251.699,1
247.6268,solve.va_sample,2,251.699,1
248.1270,solve.va_sample,2,251.699,1
248.6273,solve.va_sample,2,251.699,1
249.1275,solve.va_sample,2,251.699,1
249.6278,solve.va_sample,2,251.699,1
250.1280,solve.va_sample,2,251.699,1
250.6283,solve.va_sample,2,251.699,1
251.1285,solve.va_sample,2,251.699,1
251.6287,solve.va_sample,2,251.699,1
252.1290,solve.va_sample,2,251.699,1
252.6292,solve.va_sample,2,251.699,1
253.1295,solve.va_sample,2,251.699,1
253.6297,solve.va_sample,2,251.699,1
254.1300,solve.va_sample,2,251.699,1
254.6302,solve.va_sample,2,251.699,1
255.1305,solve.va_sample,2,251.699,1
255.6307,solve.va_sample,2,251.699,1
256.1310,solve.va_sample,2,251.699,1
256.6313,solve.va_sample,2,251.699,1
257.1315,solve.va_sample,2,251.699,1
257.6318,solve.va_sample,2,251.699,1
258.1320,solve.va_sample,2,251.699,1
258.6323,solve.va_sample,2,251.699,1
259.1325,solve.va_sample,2,251.699,1
259.6328,solve.va_sample,2,251.699,1
260.1330,solve.va_sample,2,251.699,1
260.6333,solve.va_sample,2,251.699,1
261.1336,solve.va_sample,2,251.699,1
261.6338,solve.va_sample,2,251.699,1
262.1340,solve.va_sample,2,251.699,1
262.6343,solve.va_sample,2,251.699,1
263.1345,solve.va_sample,2,251.699,1
263.6348,solve.va_sample,2,251.699,1
264.1350,solve.va_sample,2,251.699,1
264.6353,solve.va_sample,2,251.699,1
265.1355,solve.va_sample,2,251.699,1
265.6358,solve.va_sample,2,251.699,1
266.1360,solve.va_sample,2,251.699,1
266.6363,solve.va_sample,2,251.699,1
267.1365,solve.va_sample,2,251.699,1
267.6368,solve.va_sample,2,251.699,1
268.1371,solve.va_sample,2,251.699,1
268.6373,solve.va_sample,2,251.699,1
269.1376,solve.va_sample,2,251.699,1
269.6378,solve.va_sample,2,251.699,1
270.1381,solve.va_sample,2,251.699,1
270.6383,solve.va_sample,2,251.699,1
271.1386,solve.va_sample,2,251.953,1
271.6388,solve.va_sample,2,251.953,1
272.1391,solve.va_sample,2,251.953,1
272.6393,solve.va_sample,2,251.953,1
273.1396,solve.va_sample,2,251.953,1
273.6398,solve.va_sample,2,251.953,1
274.1401,solve.va_sample,2,251.953,1
274.6403,solve.va_sample,2,251.953,1
275.1406,solve.va_sample,2,251.953,1
275.6408,solve.va_sample,2,251.953,1
276.1411,solve.va_sample,2,251.953,1
276.6413,solve.va_sample,2,251.953,1
277.1416,solve.va_sample,2,251.953,1
277.6418,solve.va_sample,2,251.953,1
278.1421,solve.va_sample,2,251.953,1
278.6423,solve.va_sample,2,251.953,1
279.1426,solve.va_sample,2,251.953,1
279.6428,solve.va_sample,2,251.953,1
280.1431,solve.va_sample,2,251.953,1
280.6433,solve.va_sample,2,251.953,1
281.1436,solve.va_sample,2,251.953,1
281.6438,solve.va_sample,2,251.953,1
282.1441,solve.va_sample,2,251.953,1
282.6444,solve.va_sample,2,251.953,1
283.1447,solve.va_sample,2,251.953,1
283.6449,solve.va_sample,2,251.953,1
284.1452,solve.va_sample,2,251.953,1
284.6454,solve.va_sample,2,251.953,1
285.1457,solve.va_sample,2,251.953,1
285.6459,solve.va_sample,2,251.953,1
286.1462,solve.va_sample,2,251.953,1
286.6464,solve.va_sample,2,251.953,1
287.1467,solve.va_sample,2,251.953,1
287.6469,solve.va_sample,2,251.953,1
288.1472,solve.va_sample,2,251.953,1
288.6475,solve.va_sample,2,251.953,1
289.1477,solve.va_sample,2,251.953,1
289.6480,solve.va_sample,2,251.953,1
290.1482,solve.va_sample,2,251.953,1
290.6485,solve.va_sample,2,251.953,1
291.1487,solve.va_sample,2,251.953,1
291.6490,solve.va_sample,2,251.953,1
292.1492,solve.va_sample,2,251.953,1
292.6495,solve.va_sample,2,251.953,1
293.1498,solve.va_sample,2,251.953,1
293.6501,solve.va_sample,2,251.953,1
294.1503,solve.va_sample,2,251.953,1
294.6506,solve.va_sample,2,251.953,1
295.1508,solve.va_sample,2,251.953,1
295.6511,solve.va_sample,2,251.953,1
296.1513,solve.va_sample,2,251.953,1
296.6516,solve.va_sample,2,251.953,1
297.1518,solve.va_sample,2,251.953,1
297.6521,solve.va_sample,2,251.953,1
298.1523,solve.va_sample,2,251.953,1
298.6526,solve.va_sample,2,251.953,1
299.1528,solve.va_sample,2,251.953,1
299.6531,solve.va_sample,2,251.953,1
300.1533,solve.va_sample,2,251.953,1
300.6535,solve.va_sample,2,251.953,1
301.1538,solve.va_sample,2,251.953,1
301.6540,solve.va_sample,2,251.953,1
302.1543,solve.va_sample,2,251.953,1
302.6545,solve.va_sample,2,251.953,1
303.1548,solve.va_sample,2,251.953,1
303.6550,solve.va_sample,2,251.953,1
304.1553,solve.va_sample,2,251.953,1
304.6555,solve.va_sample,2,251.953,1
305.1558,solve.va_sample,2,251.953,1
305.6560,solve.va_sample,2,251.953,1
306.1563,solve.va_sample,2,251.953,1
306.6565,solve.va_sample,2,251.953,1
307.1567,solve.va_sample,2,251.953,1
307.6570,solve.va_sample,2,251.953,1
308.1572,solve.va_sample,2,251.953,1
308.6575,solve.va_sample,2,251.953,1
309.1577,solve.va_sample,2,251.953,1
309.6579,solve.va_sample,2,251.953,1
310.1582,solve.va_sample,2,251.953,1
310.6584,solve.va_sample,2,251.953,1
311.1586,solve.va_sample,2,251.953,1
311.6589,solve.va_sample,2,251.953,1
312.1591,solve.va_sample,2,251.953,1
312.6593,solve.va_sample,2,251.953,1
313.1596,solve.va_sample,2,251.953,1
313.6598,solve.va_sample,2,251.953,1
314.1600,solve.va_sample,2,251.953,1
314.6603,solve.va_sample,2,251.953,1
315.1605,solve.va_sample,2,251.953,1
315.6607,solve.va_sample,2,251.953,1
316.1610,solve.va_sample,2,251.953,1
316.6612,solve.va_sample,2,251.953,1
317.1615,solve.va_sample,2,251.953,1
317.6618,solve.va_sample,2,251.953,1
318.1620,solve.va_sample,2,251.953,1
318.6623,solve.va_sample,2,251.953,1
319.1625,solve.va_sample,2,251.953,1
319.6628,solve.va_sample,2,251.953,1
320.1630,solve.va_sample,2,251.953,1
320.6633,solve.va_sample,2,251.953,1
321.1635,solve.va_sample,2,251.953,1
321.6638,solve.va_sample,2,251.953,1
322.1640,solve.va_sample,2,251.953,1
322.6642,solve.va_sample,2,251.953,1
323.1645,solve.va_sample,2,251.953,1
323.6647,solve.va_sample,2,251.953,1
324.1649,solve.va_sample,2,251.953,1
324.6652,solve.va_sample,2,251.953,1
325.1654,solve.va_sample,2,251.953,1
325.6657,solve.va_sample,2,251.953,1
326.1659,solve.va_sample,2,251.953,1
326.6661,solve.va_sample,2,251.953,1
327.1664,solve.va_sample,2,251.953,1
327.6666,solve.va_sample,2,251.953,1
328.1669,solve.va_sample,2,251.953,1
328.6671,solve.va_sample,2,251.953,1
329.1673,solve.va_sample,2,251.953,1
329.6676,solve.va_sample,2,251.953,1
330.1678,solve.va_sample,2,251.953,1
330.6680,solve.va_sample,2,251.953,1
331.1683,solve.va_sample,2,251.953,1
331.6685,solve.va_sample,2,251.953,1
332.1688,solve.va_sample,2,251.953,1
332.6690,solve.va_sample,2,251.953,1
333.1693,solve.va_sample,2,251.953,1
333.6695,solve.va_sample,2,251.953,1
334.1698,solve.va_sample,2,251.953,1
334.6700,solve.va_sample,2,251.953,1
335.1703,solve.va_sample,2,251.953,1
335.6705,solve.va_sample,2,251.953,1
336.1707,solve.va_sample,2,251.953,1
336.6710,solve.va_sample,2,251.953,1
337.1712,solve.va_sample,2,251.953,1
337.6714,solve.va_sample,2,251.953,1
338.1717,solve.va_sample,2,251.953,1
338.6719,solve.va_sample,2,251.953,1
339.1721,solve.va_sample,2,251.953,1
339.6723,solve.va_sample,2,251.953,1
340.1726,solve.va_sample,2,251.953,1
340.6729,solve.va_sample,2,251.953,1
341.1731,solve.va_sample,2,251.953,1
341.6734,solve.va_sample,2,251.953,1
342.1736,solve.va_sample,2,251.953,1
342.6739,solve.va_sample,2,251.953,1
343.1742,solve.va_sample,2,251.953,1
343.6744,solve.va_sample,2,251.953,1
344.1747,solve.va_sample,2,251.953,1
344.6749,solve.va_sample,2,251.953,1
345.1752,solve.va_sample,2,251.953,1
345.6755,solve.va_sample,2,251.953,1
346.1757,solve.va_sample,2,251.953,1
346.6760,solve.va_sample,2,251.953,1
347.1763,solve.va_sample,2,251.953,1
347.6765,solve.va_sample,2,251.953,1
348.1768,solve.va_sample,2,251.953,1
348.6770,solve.va_sample,2,251.953,1
349.1773,solve.va_sample,2,251.953,1
349.6775,solve.va_sample,2,251.953,1
350.1778,solve.va_sample,2,251.953,1
350.6780,solve.va_sample,2,251.953,1
351.1783,solve.va_sample,2,251.953,1
351.6785,solve.va_sample,2,251.953,1
352.1788,solve.va_sample,2,251.953,1
352.6790,solve.va_sample,2,251.953,1
353.1793,solve.va_sample,2,251.953,1
353.6796,solve.va_sample,2,251.953,1
354.1798,solve.va_sample,2,251.953,1
354.6801,solve.va_sample,2,251.953,1
355.1803,solve.va_sample,2,251.953,1
355.6806,solve.va_sample,2,251.953,1
356.1808,solve.va_sample,2,251.953,1
356.6811,solve.va_sample,2,251.953,1
357.1813,solve.va_sample,2,251.953,1
357.6816,solve.va_sample,2,251.953,1
358.1818,solve.va_sample,2,251.953,1
358.6821,solve.va_sample,2,251.953,1
359.1823,solve.va_sample,2,251.953,1
359.6826,solve.va_sample,2,251.953,1
360.1829,solve.va_sample,2,251.953,1
360.6831,solve.va_sample,2,251.953,1
361.1833,solve.va_sample,2,251.953,1
361.6836,solve.va_sample,2,251.953,1
362.1838,solve.va_sample,2,251.953,1
362.6841,solve.va_sample,2,251.953,1
363.1843,solve.va_sample,2,251.953,1
363.6846,solve.va_sample,2,251.953,1
364.1848,solve.va_sample,2,251.953,1
364.6850,solve.va_sample,2,251.953,1
365.1853,solve.va_sample,2,251.953,1
365.6855,solve.va_sample,2,251.953,1
366.1858,solve.va_sample,2,251.953,1
366.6860,solve.va_sample,2,251.953,1
367.1863,solve.va_sample,2,251.953,1
367.6865,solve.va_sample,2,251.953,1
368.1868,solve.va_sample,2,251.953,1
368.6870,solve.va_sample,2,251.953,1
369.1873,solve.va_sample,2,251.953,1
369.6875,solve.va_sample,2,251.953,1
370.1877,solve.va_sample,2,251.953,1
370.6880,solve.va_sample,2,251.953,1
371.1882,solve.va_sample,2,251.953,1
371.6885,solve.va_sample,2,251.953,1
372.1887,solve.va_sample,2,251.953,1
372.6890,solve.va_sample,2,251.953,1
373.1892,solve.va_sample,2,251.953,1
373.6895,solve.va_sample,2,251.953,1
374.1897,solve.va_sample,2,251.953,1
374.6900,solve.va_sample,2,251.953,1
375.1903,solve.va_sample,2,251.953,1
375.6905,solve.va_sample,2,251.953,1
376.1907,solve.va_sample,2,251.953,1
376.6910,solve.va_sample,2,251.953,1
377.1913,solve.va_sample,2,251.953,1
377.6916,solve.va_sample,2,251.953,1
378.1918,solve.va_sample,2,251.953,1
378.6921,solve.va_sample,2,251.953,1
379.1923,solve.va_sample,2,251.953,1
379.6926,solve.va_sample,2,251.953,1
380.1928,solve.va_sample,2,251.953,1
380.6931,solve.va_sample,2,251.953,1
381.1933,solve.va_sample,2,251.953,1
381.6936,solve.va_sample,2,251.953,1
382.1938,solve.va_sample,2,251.953,1
382.6941,solve.va_sample,2,251.953,1
383.1943,solve.va_sample,2,251.953,1
383.6946,solve.va_sample,2,251.953,1
384.1948,solve.va_sample,2,251.953,1
384.6951,solve.va_sample,2,251.953,1
385.1953,solve.va_sample,2,251.953,1
385.6956,solve.va_sample,2,251.953,1
386.1958,solve.va_sample,2,251.953,1
386.6960,solve.va_sample,2,251.953,1
387.1963,solve.va_sample,2,251.953,1
387.6966,solve.va_sample,2,251.953,1
388.1968,solve.va_sample,2,251.953,1
388.6971,solve.va_sample,2,251.953,1
389.1973,solve.va_sample,2,251.953,1
389.6976,solve.va_sample,2,251.953,1
390.1978,solve.va_sample,2,251.953,1
390.6981,solve.va_sample,2,251.953,1
391.1983,solve.va_sample,2,251.953,1
391.6986,solve.va_sample,2,251.953,1
392.1988,solve.va_sample,2,251.953,1
392.6991,solve.va_sample,2,251.953,1
393.1993,solve.va_sample,2,251.953,1
393.6996,solve.va_sample,2,251.953,1
394.1998,solve.va_sample,2,251.953,1
394.7001,solve.va_sample,2,251.953,1
395.2003,solve.va_sample,2,251.953,1
395.7006,solve.va_sample,2,251.953,1
396.2008,solve.va_sample,2,251.953,1
396.7011,solve.va_sample,2,251.953,1
397.2013,solve.va_sample,2,251.953,1
397.7016,solve.va_sample,2,251.953,1
398.2018,solve.va_sample,2,251.953,1
398.7021,solve.va_sample,2,251.953,1
399.2023,solve.va_sample,2,251.953,1
399.7026,solve.va_sample,2,251.953,1
400.2028,solve.va_sample,2,251.953,1
400.7031,solve.va_sample,2,251.953,1
401.2033,solve.va_sample,2,251.953,1
401.7036,solve.va_sample,2,251.953,1
402.2038,solve.va_sample,2,251.953,1
402.7041,solve.va_sample,2,251.953,1
403.2043,solve.va_sample,2,251.953,1
403.7046,solve.va_sample,2,251.953,1
404.2049,solve.va_sample,2,251.953,1
404.7051,solve.va_sample,2,251.953,1
405.2054,solve.va_sample,2,251.953,1
405.7056,solve.va_sample,2,251.953,1
406.2058,solve.va_sample,2,251.953,1
406.7061,solve.va_sample,2,251.953,1
407.2063,solve.va_sample,2,251.953,1
407.7066,solve.va_sample,2,251.953,1
408.2068,solve.va_sample,2,251.953,1
408.7071,solve.va_sample,2,251.953,1
409.2073,solve.va_sample,2,251.953,1
409.7076,solve.va_sample,2,251.953,1
410.2079,solve.va_sample,2,251.953,1
410.7081,solve.va_sample,2,251.953,1
411.2083,solve.va_sample,2,251.953,1
411.7086,solve.va_sample,2,251.953,1
412.2088,solve.va_sample,2,251.953,1
412.7091,solve.va_sample,2,251.953,1
413.2094,solve.va_sample,2,251.953,1
413.7096,solve.va_sample,2,251.953,1
414.2099,solve.va_sample,2,251.953,1
414.7101,solve.va_sample,2,251.953,1
415.2104,solve.va_sample,2,251.953,1
415.7106,solve.va_sample,2,251.953,1
416.2109,solve.va_sample,2,251.953,1
416.7112,solve.va_sample,2,251.953,1
417.2114,solve.va_sample,2,251.953,1
417.7117,solve.va_sample,2,251.953,1
418.2119,solve.va_sample,2,251.953,1
418.7122,solve.va_sample,2,251.953,1
419.2124,solve.va_sample,2,251.953,1
419.7127,solve.va_sample,2,251.953,1
420.2129,solve.va_sample,2,251.953,1
420.7132,solve.va_sample,2,251.953,1
421.2134,solve.va_sample,2,251.953,1
421.7137,solve.va_sample,2,251.953,1
422.2140,solve.va_sample,2,251.953,1
422.7142,solve.va_sample,2,251.953,1
423.2145,solve.va_sample,2,251.953,1
423.7147,solve.va_sample,2,251.953,1
424.2150,solve.va_sample,2,251.953,1
424.7152,solve.va_sample,2,251.953,1
425.2155,solve.va_sample,2,251.953,1
425.7157,solve.va_sample,2,251.953,1
426.2160,solve.va_sample,2,251.953,1
426.7163,solve.va_sample,2,251.953,1
427.2165,solve.va_sample,2,251.953,1
427.7168,solve.va_sample,2,251.953,1
428.2170,solve.va_sample,2,251.953,1
428.7173,solve.va_sample,2,251.953,1
429.2175,solve.va_sample,2,251.953,1
429.7178,solve.va_sample,2,251.953,1
430.2180,solve.va_sample,2,251.953,1
430.7183,solve.va_sample,2,251.953,1
431.2186,solve.va_sample,2,251.953,1
431.7188,solve.va_sample,2,251.953,1
432.2191,solve.va_sample,2,251.953,1
432.7193,solve.va_sample,2,251.953,1
433.2196,solve.va_sample,2,251.953,1
433.7198,solve.va_sample,2,251.953,1
434.2201,solve.va_sample,2,251.953,1
434.7203,solve.va_sample,2,251.953,1
435.2206,solve.va_sample,2,251.953,1
435.7208,solve.va_sample,2,251.953,1
436.2211,solve.va_sample,2,251.953,1
436.7214,solve.va_sample,2,251.953,1
437.2216,solve.va_sample,2,251.953,1
437.7219,solve.va_sample,2,251.953,1
438.2221,solve.va_sample,2,251.953,1
438.7224,solve.va_sample,2,251.953,1
439.2226,solve.va_sample,2,251.953,1
439.7229,solve.va_sample,2,251.953,1
440.2231,solve.va_sample,2,251.953,1
440.7233,solve.va_sample,2,251.953,1
441.2236,solve.va_sample,2,251.953,1
441.7238,solve.va_sample,2,251.953,1
442.2241,solve.va_sample,2,251.953,1
442.7243,solve.va_sample,2,251.953,1
443.2245,solve.va_sample,2,251.953,1
443.7248,solve.va_sample,2,251.953,1
444.2251,solve.va_sample,2,251.953,1
444.7253,solve.va_sample,2,251.953,1
445.2256,solve.va_sample,2,251.953,1
445.7258,solve.va_sample,2,251.953,1
446.2261,solve.va_sample,2,251.953,1
446.7263,solve.va_sample,2,251.953,1
447.2266,solve.va_sample,2,251.953,1
447.7268,solve.va_sample,2,251.953,1
448.2271,solve.va_sample,2,251.953,1
448.7273,solve.va_sample,2,251.953,1
449.2276,solve.va_sample,2,251.953,1
449.7278,solve.va_sample,2,251.953,1
450.2280,solve.va_sample,2,251.953,1
450.7282,solve.va_sample,2,251.953,1
451.2285,solve.va_sample,2,251.953,1
451.7287,solve.va_sample,2,251.953,1
452.2289,solve.va_sample,2,251.953,1
452.7292,solve.va_sample,2,251.953,1
453.2294,solve.va_sample,2,251.953,1
453.7297,solve.va_sample,2,251.953,1
454.2299,solve.va_sample,2,251.953,1
454.7302,solve.va_sample,2,251.953,1
455.2304,solve.va_sample,2,251.953,1
455.7306,solve.va_sample,2,251.953,1
456.2309,solve.va_sample,2,251.953,1
456.7311,solve.va_sample,2,251.953,1
457.2313,solve.va_sample,2,251.953,1
457.7316,solve.va_sample,2,251.953,1
458.2318,solve.va_sample,2,251.953,1
458.7320,solve.va_sample,2,251.953,1
459.2323,solve.va_sample,2,251.953,1
459.7326,solve.va_sample,2,251.953,1
460.2328,solve.va_sample,2,251.953,1
460.7330,solve.va_sample,2,251.953,1
461.2333,solve.va_sample,2,251.953,1
461.7335,solve.va_sample,2,251.953,1
462.2337,solve.va_sample,2,251.953,1
462.7340,solve.va_sample,2,251.953,1
463.2343,solve.va_sample,2,251.953,1
463.7345,solve.va_sample,2,251.953,1
464.2348,solve.va_sample,2,251.953,1
464.7350,solve.va_sample,2,251.953,1
465.2353,solve.va_sample,2,251.953,1
465.7355,solve.va_sample,2,251.953,1
466.2358,solve.va_sample,2,251.953,1
466.7360,solve.va_sample,2,251.953,1
467.2362,solve.va_sample,2,251.953,1
467.7365,solve.va_sample,2,251.953,1
468.2367,solve.va_sample,2,251.953,1
468.7370,solve.va_sample,2,251.953,1
469.2372,solve.va_sample,2,251.953,1
469.7375,solve.va_sample,2,251.953,1
470.2378,solve.va_sample,2,251.953,1
470.7380,solve.va_sample,2,251.953,1
471.2382,solve.va_sample,2,251.953,1
471.7385,solve.va_sample,2,251.953,1
472.2387,solve.va_sample,2,251.953,1
472.7390,solve.va_sample,2,251.953,1
473.2392,solve.va_sample,2,251.953,1
473.7395,solve.va_sample,2,251.953,1
474.2398,solve.va_sample,2,251.953,1
474.7400,solve.va_sample,2,251.953,1
475.2403,solve.va_sample,2,251.953,1
475.7405,solve.va_sample,2,251.953,1
476.2408,solve.va_sample,2,251.953,1
476.7410,solve.va_sample,2,251.953,1
477.2413,solve.va_sample,2,251.953,1
477.7415,solve.va_sample,2,251.953,1
478.2418,solve.va_sample,2,251.953,1
478.7420,solve.va_sample,2,251.953,1
479.2423,solve.va_sample,2,251.953,1
479.7425,solve.va_sample,2,251.953,1
480.2428,solve.va_sample,2,251.953,1
480.7430,solve.va_sample,2,251.953,1
481.2433,solve.va_sample,2,251.953,1
481.7436,solve.va_sample,2,251.953,1
482.2438,solve.va_sample,2,251.953,1
482.7441,solve.va_sample,2,251.953,1
483.2443,solve.va_sample,2,251.953,1
483.7445,solve.va_sample,2,251.953,1
484.2448,solve.va_sample,2,251.953,1
484.7450,solve.va_sample,2,251.953,1
485.2453,solve.va_sample,2,251.953,1
485.7455,solve.va_sample,2,251.953,1
486.2458,solve.va_sample,2,251.953,1
486.7460,solve.va_sample,2,251.953,1
487.2463,solve.va_sample,2,251.953,1
487.7466,solve.va_sample,2,251.953,1
488.2468,solve.va_sample,2,251.953,1
488.7471,solve.va_sample,2,251.953,1
489.2473,solve.va_sample,2,251.953,1
489.7476,solve.va_sample,2,251.953,1
490.2478,solve.va_sample,2,251.953,1
490.7481,solve.va_sample,2,251.953,1
491.2483,solve.va_sample,2,251.953,1
491.7486,solve.va_sample,2,251.953,1
492.2488,solve.va_sample,2,251.953,1
492.7491,solve.va_sample,2,251.953,1
493.2493,solve.va_sample,2,251.953,1
493.7496,solve.va_sample,2,251.953,1
494.2498,solve.va_sample,2,251.953,1
494.7501,solve.va_sample,2,251.953,1
495.2503,solve.va_sample,2,251.953,1
495.7506,solve.va_sample,2,251.953,1
496.2508,solve.va_sample,2,251.953,1
496.7511,solve.va_sample,2,251.953,1
497.2514,solve.va_sample,2,251.953,1
497.7517,solve.va_sample,2,251.953,1
498.2519,solve.va_sample,2,251.953,1
498.7522,solve.va_sample,2,251.953,1
499.2524,solve.va_sample,2,251.953,1
499.7527,solve.va_sample,2,251.953,1
500.2529,solve.va_sample,2,251.953,1
500.7532,solve.va_sample,2,251.953,1
501.2535,solve.va_sample,2,251.953,1
501.7537,solve.va_sample,2,251.953,1
502.2540,solve.va_sample,2,251.953,1
502.7543,solve.va_sample,2,251.953,1
503.2545,solve.va_sample,2,251.953,1
503.7548,solve.va_sample,2,251.953,1
504.2550,solve.va_sample,2,251.953,1
504.7552,solve.va_sample,2,251.953,1
505.2555,solve.va_sample,2,251.953,1
505.7557,solve.va_sample,2,251.953,1
506.2560,solve.va_sample,2,251.953,1
506.7562,solve.va_sample,2,251.953,1
507.2565,solve.va_sample,2,251.953,1
507.7567,solve.va_sample,2,251.953,1
508.2570,solve.va_sample,2,251.953,1
508.7572,solve.va_sample,2,251.953,1
509.2575,solve.va_sample,2,251.953,1
509.7577,solve.va_sample,2,251.953,1
510.2580,solve.va_sample,2,251.953,1
510.7582,solve.va_sample,2,251.953,1
511.2585,solve.va_sample,2,251.953,1
511.7587,solve.va_sample,2,251.953,1
512.2590,solve.va_sample,2,251.953,1
512.7592,solve.va_sample,2,251.953,1
513.2595,solve.va_sample,2,251.953,1
513.7597,solve.va_sample,2,251.953,1
514.2599,solve.va_sample,2,251.953,1
514.7602,solve.va_sample,2,251.953,1
515.2604,solve.va_sample,2,251.953,1
515.7607,solve.va_sample,2,251.953,1
516.2609,solve.va_sample,2,251.953,1
516.7612,solve.va_sample,2,251.953,1
517.2615,solve.va_sample,2,251.953,1
517.7617,solve.va_sample,2,251.953,1
518.2620,solve.va_sample,2,251.953,1
518.7622,solve.va_sample,2,251.953,1
519.2625,solve.va_sample,2,251.953,1
519.7627,solve.va_sample,2,251.953,1
520.2630,solve.va_sample,2,251.953,1
520.7633,solve.va_sample,2,251.953,1
521.2635,solve.va_sample,2,251.953,1
521.7638,solve.va_sample,2,251.953,1
522.2640,solve.va_sample,2,251.953,1
522.7643,solve.va_sample,2,251.953,1
523.2646,solve.va_sample,2,251.953,1
523.7648,solve.va_sample,2,251.953,1
524.2651,solve.va_sample,2,251.953,1
524.7653,solve.va_sample,2,251.953,1
525.2656,solve.va_sample,2,251.953,1
525.7658,solve.va_sample,2,251.953,1
526.2660,solve.va_sample,2,251.953,1
526.7663,solve.va_sample,2,251.953,1
527.2665,solve.va_sample,2,251.953,1
527.7668,solve.va_sample,2,251.953,1
528.2670,solve.va_sample,2,251.953,1
528.7673,solve.va_sample,2,251.953,1
529.2676,solve.va_sample,2,251.953,1
529.7678,solve.va_sample,2,251.953,1
530.2681,solve.va_sample,2,251.953,1
530.7683,solve.va_sample,2,251.953,1
531.2686,solve.va_sample,2,251.953,1
531.7689,solve.va_sample,2,251.953,1
532.2691,solve.va_sample,2,251.953,1
532.7693,solve.va_sample,2,251.953,1
533.2696,solve.va_sample,2,251.953,1
533.7698,solve.va_sample,2,251.953,1
534.2701,solve.va_sample,2,251.953,1
534.7703,solve.va_sample,2,251.953,1
535.2706,solve.va_sample,2,251.953,1
535.7708,solve.va_sample,2,251.953,1
536.2711,solve.va_sample,2,251.953,1
536.7713,solve.va_sample,2,251.953,1
537.2716,solve.va_sample,2,251.953,1
537.7718,solve.va_sample,2,251.953,1
538.2720,solve.va_sample,2,251.953,1
538.7723,solve.va_sample,2,251.953,1
539.2725,solve.va_sample,2,251.953,1
539.7727,solve.va_sample,2,251.953,1
540.2730,solve.va_sample,2,251.953,1
540.7732,solve.va_sample,2,251.953,1
541.2735,solve.va_sample,2,251.953,1
541.7737,solve.va_sample,2,251.953,1
542.2740,solve.va_sample,2,251.953,1
542.7742,solve.va_sample,2,251.953,1
543.2745,solve.va_sample,2,251.953,1
543.7748,solve.va_sample,2,251.953,1
544.2750,solve.va_sample,2,251.953,1
544.7753,solve.va_sample,2,251.953,1
545.2756,solve.va_sample,2,251.953,1
545.7759,solve.va_sample,2,251.953,1
546.2761,solve.va_sample,2,251.953,1
546.7763,solve.va_sample,2,251.953,1
547.2766,solve.va_sample,2,251.953,1
547.7768,solve.va_sample,2,251.953,1
548.2771,solve.va_sample,2,251.953,1
548.7773,solve.va_sample,2,251.953,1
549.2775,solve.va_sample,2,251.953,1
549.7778,solve.va_sample,2,251.953,1
550.2781,solve.va_sample,2,251.953,1
550.7783,solve.va_sample,2,251.953,1
551.2786,solve.va_sample,2,251.953,1
551.7788,solve.va_sample,2,251.953,1
552.2791,solve.va_sample,2,251.953,1
552.7793,solve.va_sample,2,251.953,1
553.2796,solve.va_sample,2,251.953,1
553.7799,solve.va_sample,2,251.953,1
554.2801,solve.va_sample,2,251.953,1
554.7803,solve.va_sample,2,251.953,1
555.2806,solve.va_sample,2,251.953,1
555.7808,solve.va_sample,2,251.953,1
556.2811,solve.va_sample,2,251.953,1
556.7814,solve.va_sample,2,251.953,1
557.2816,solve.va_sample,2,251.953,1
557.7819,solve.va_sample,2,251.953,1
558.2822,solve.va_sample,2,251.953,1
558.7825,solve.va_sample,2,251.953,1
559.2827,solve.va_sample,2,251.953,1
559.7830,solve.va_sample,2,251.953,1
560.2832,solve.va_sample,2,251.953,1
560.7835,solve.va_sample,2,251.953,1
561.2837,solve.va_sample,2,251.953,1
561.7840,solve.va_sample,2,251.953,1
562.2843,solve.va_sample,2,251.953,1
562.7845,solve.va_sample,2,251.953,1
563.2848,solve.va_sample,2,251.953,1
563.7850,solve.va_sample,2,251.953,1
564.2853,solve.va_sample,2,251.953,1
564.7855,solve.va_sample,2,251.953,1
565.2858,solve.va_sample,2,251.953,1
565.7860,solve.va_sample,2,251.953,1
566.2863,solve.va_sample,2,251.953,1
566.7866,solve.va_sample,2,251.953,1
567.2869,solve.va_sample,2,251.953,1
567.7871,solve.va_sample,2,251.953,1
568.2874,solve.va_sample,2,251.953,1
568.7876,solve.va_sample,2,251.953,1
569.2879,solve.va_sample,2,251.953,1
569.7881,solve.va_sample,2,251.953,1
570.2884,solve.va_sample,2,251.953,1
570.7886,solve.va_sample,2,251.953,1
571.2889,solve.va_sample,2,251.953,1
571.7892,solve.va_sample,2,251.953,1
572.2894,solve.va_sample,2,251.953,1
572.7897,solve.va_sample,2,251.953,1
573.2899,solve.va_sample,2,251.953,1
573.7902,solve.va_sample,2,251.953,1
574.2904,solve.va_sample,2,251.953,1
574.7907,solve.va_sample,2,251.953,1
575.2909,solve.va_sample,2,251.953,1
575.7912,solve.va_sample,2,251.953,1
576.2915,solve.va_sample,2,251.953,1
576.7917,solve.va_sample,2,251.953,1
577.2920,solve.va_sample,2,251.953,1
577.7922,solve.va_sample,2,251.953,1
578.2925,solve.va_sample,2,251.953,1
578.7927,solve.va_sample,2,251.953,1
579.2930,solve.va_sample,2,251.953,1
579.7932,solve.va_sample,2,251.953,1
580.2935,solve.va_sample,2,251.953,1
580.7937,solve.va_sample,2,251.953,1
581.2940,solve.va_sample,2,251.953,1
581.7942,solve.va_sample,2,251.953,1
582.2945,solve.va_sample,2,251.953,1
582.7947,solve.va_sample,2,251.953,1
583.2950,solve.va_sample,2,251.953,1
583.7952,solve.va_sample,2,251.953,1
584.2955,solve.va_sample,2,251.953,1
584.7957,solve.va_sample,2,251.953,1
585.2960,solve.va_sample,2,251.953,1
585.7962,solve.va_sample,2,251.953,1
586.2965,solve.va_sample,2,251.953,1
586.7967,solve.va_sample,2,251.953,1
587.2970,solve.va_sample,2,251.953,1
587.7972,solve.va_sample,2,251.953,1
588.2975,solve.va_sample,2,251.953,1
588.7977,solve.va_sample,2,251.953,1
589.2980,solve.va_sample,2,251.953,1
589.7983,solve.va_sample,2,251.953,1
590.2985,solve.va_sample,2,251.953,1
590.7988,solve.va_sample,2,251.953,1
591.2990,solve.va_sample,2,251.953,1
591.7993,solve.va_sample,2,251.953,1
592.2995,solve.va_sample,2,251.953,1
592.7997,solve.va_sample,2,251.953,1
593.3000,solve.va_sample,2,251.953,1
593.8003,solve.va_sample,2,251.953,1
594.3005,solve.va_sample,2,251.953,1
594.8007,solve.va_sample,2,251.953,1
595.3010,solve.va_sample,2,251.953,1
595.8012,solve.va_sample,2,251.953,1
596.3015,solve.va_sample,2,251.953,1
596.8018,solve.va_sample,2,251.953,1
597.3020,solve.va_sample,2,251.953,1
597.8023,solve.va_sample,2,251.953,1
598.3025,solve.va_sample,2,251.953,1
598.8028,solve.va_sample,2,251.953,1
599.3030,solve.va_sample,2,251.953,1
599.8033,solve.va_sample,2,251.953,1
600.3035,solve.va_sample,2,251.953,1
600.8038,solve.va_sample,2,251.953,1
601.3041,solve.va_sample,2,251.953,1
601.8044,solve.va_sample,2,251.953,1
602.3046,solve.va_sample,2,251.953,1
602.8049,solve.va_sample,2,251.953,1
603.3051,solve.va_sample,2,251.953,1
603.8054,solve.va_sample,2,251.953,1
604.3056,solve.va_sample,2,251.953,1
604.8058,solve.va_sample,2,251.953,1
605.3061,solve.va_sample,2,251.953,1
605.8063,solve.va_sample,2,251.953,1
606.3066,solve.va_sample,2,251.953,1
606.8068,solve.va_sample,2,251.953,1
607.3071,solve.va_sample,2,251.953,1
607.8073,solve.va_sample,2,251.953,1
608.3076,solve.va_sample,2,251.953,1
608.8078,solve.va_sample,2,251.953,1
609.3081,solve.va_sample,2,251.953,1
609.8083,solve.va_sample,2,251.953,1
610.3086,solve.va_sample,2,251.953,1
610.8088,solve.va_sample,2,251.953,1
611.3091,solve.va_sample,2,251.953,1
611.8093,solve.va_sample,2,251.953,1
612.3096,solve.va_sample,2,251.953,1
612.8099,solve.va_sample,2,251.953,1
613.3101,solve.va_sample,2,252.211,1
613.8104,solve.va_sample,2,252.211,1
614.3107,solve.va_sample,2,252.211,1
614.8109,solve.va_sample,2,252.211,1
615.3112,solve.va_sample,2,252.211,1
615.8114,solve.va_sample,2,252.211,1
616.3117,solve.va_sample,2,252.211,1
616.8120,solve.va_sample,2,252.211,1
617.3123,solve.va_sample,2,252.211,1
617.8125,solve.va_sample,2,252.211,1
618.3128,solve.va_sample,2,252.211,1
618.8130,solve.va_sample,2,252.211,1
619.3133,solve.va_sample,2,252.211,1
619.8136,solve.va_sample,2,252.211,1
620.3138,solve.va_sample,2,252.211,1
620.8141,solve.va_sample,2,252.211,1
621.3143,solve.va_sample,2,252.211,1
621.8146,solve.va_sample,2,252.211,1
622.3148,solve.va_sample,2,252.211,1
622.8151,solve.va_sample,2,252.211,1
623.3153,solve.va_sample,2,252.211,1
623.8156,solve.va_sample,2,252.211,1
624.3158,solve.va_sample,2,252.211,1
624.8161,solve.va_sample,2,252.211,1
625.3164,solve.va_sample,2,252.211,1
625.8166,solve.va_sample,2,252.211,1
626.3169,solve.va_sample,2,252.211,1
626.8171,solve.va_sample,2,252.211,1
627.3174,solve.va_sample,2,252.211,1
627.8176,solve.va_sample,2,252.211,1
628.3179,solve.va_sample,2,252.211,1
628.8181,solve.va_sample,2,252.211,1
629.3184,solve.va_sample,2,252.211,1
629.8187,solve.va_sample,2,252.211,1
630.3189,solve.va_sample,2,252.211,1
630.8192,solve.va_sample,2,252.211,1
631.3194,solve.va_sample,2,252.211,1
631.8197,solve.va_sample,2,252.211,1
632.3199,solve.va_sample,2,252.211,1
632.8202,solve.va_sample,2,252.211,1
633.3204,solve.va_sample,2,252.211,1
633.8207,solve.va_sample,2,252.211,1
634.3209,solve.va_sample,2,252.211,1
634.8212,solve.va_sample,2,252.211,1
635.3214,solve.va_sample,2,252.211,1
635.8217,solve.va_sample,2,252.211,1
636.3219,solve.va_sample,2,252.211,1
636.8222,solve.va_sample,2,252.211,1
637.3224,solve.va_sample,2,252.211,1
637.8226,solve.va_sample,2,252.211,1
638.3229,solve.va_sample,2,252.211,1
638.8232,solve.va_sample,2,252.211,1
639.3234,solve.va_sample,2,252.211,1
639.8237,solve.va_sample,2,252.211,1
640.3239,solve.va_sample,2,252.211,1
640.8242,solve.va_sample,2,252.211,1
641.3245,solve.va_sample,2,252.211,1
641.8247,solve.va_sample,2,252.211,1
642.3250,solve.va_sample,2,252.211,1
642.8253,solve.va_sample,2,252.211,1
643.3255,solve.va_sample,2,252.211,1
643.8258,solve.va_sample,2,252.211,1
644.3260,solve.va_sample,2,252.211,1
644.8263,solve.va_sample,2,252.211,1
645.3265,solve.va_sample,2,252.211,1
645.8268,solve.va_sample,2,252.211,1
646.3270,solve.va_sample,2,252.211,1
646.8273,solve.va_sample,2,252.211,1
647.3275,solve.va_sample,2,252.211,1
647.8278,solve.va_sample,2,252.211,1
648.3280,solve.va_sample,2,252.211,1
648.8283,solve.va_sample,2,252.211,1
649.3285,solve.va_sample,2,252.211,1
649.8288,solve.va_sample,2,252.211,1
650.3290,solve.va_sample,2,252.211,1
650.8293,solve.va_sample,2,252.211,1
651.3296,solve.va_sample,2,252.211,1
651.8298,solve.va_sample,2,252.211,1
652.3300,solve.va_sample,2,252.211,1
652.8303,solve.va_sample,2,252.211,1
653.3306,solve.va_sample,2,252.211,1
653.8308,solve.va_sample,2,252.211,1
654.3310,solve.va_sample,2,252.211,1
654.8313,solve.va_sample,2,252.211,1
655.3315,solve.va_sample,2,252.211,1
655.8318,solve.va_sample,2,252.211,1
656.3320,solve.va_sample,2,252.211,1
656.8323,solve.va_sample,2,252.211,1
657.3325,solve.va_sample,2,252.211,1
657.8328,solve.va_sample,2,252.211,1
658.3331,solve.va_sample,2,252.211,1
658.8333,solve.va_sample,2,252.211,1
659.3336,solve.va_sample,2,252.211,1
659.8338,solve.va_sample,2,252.211,1
660.3341,solve.va_sample,2,252.211,1
660.8343,solve.va_sample,2,252.211,1
661.3346,solve.va_sample,2,252.211,1
661.8348,solve.va_sample,2,252.211,1
662.3351,solve.va_sample,2,252.211,1
662.8353,solve.va_sample,2,252.211,1
663.3356,solve.va_sample,2,252.211,1
663.8358,solve.va_sample,2,252.211,1
664.3361,solve.va_sample,2,252.211,1
664.8363,solve.va_sample,2,252.211,1
665.3366,solve.va_sample,2,252.211,1
665.8368,solve.va_sample,2,252.211,1
666.3370,solve.va_sample,2,252.211,1
666.8373,solve.va_sample,2,252.211,1
667.3376,solve.va_sample,2,252.211,1
667.8378,solve.va_sample,2,252.211,1
668.3380,solve.va_sample,2,252.211,1
668.8383,solve.va_sample,2,252.211,1
669.3385,solve.va_sample,2,252.211,1
669.8388,solve.va_sample,2,252.211,1
670.3390,solve.va_sample,2,252.211,1
670.8393,solve.va_sample,2,252.211,1
671.3395,solve.va_sample,2,252.211,1
671.8398,solve.va_sample,2,252.211,1
672.3400,solve.va_sample,2,252.211,1
672.8403,solve.va_sample,2,252.211,1
673.3406,solve.va_sample,2,252.211,1
673.8408,solve.va_sample,2,252.211,1
674.3410,solve.va_sample,2,252.211,1
674.8413,solve.va_sample,2,252.211,1
675.3415,solve.va_sample,2,252.211,1
675.8418,solve.va_sample,2,252.211,1
676.3421,solve.va_sample,2,252.211,1
676.8423,solve.va_sample,2,252.211,1
677.3426,solve.va_sample,2,252.211,1
677.8429,solve.va_sample,2,252.211,1
678.3431,solve.va_sample,2,252.211,1
678.8433,solve.va_sample,2,252.211,1
679.3436,solve.va_sample,2,252.211,1
679.8438,solve.va_sample,2,252.211,1
680.3441,solve.va_sample,2,252.211,1
680.8443,solve.va_sample,2,252.211,1
681.3446,solve.va_sample,2,252.211,1
681.8448,solve.va_sample,2,252.211,1
682.3450,solve.va_sample,2,252.211,1
682.8453,solve.va_sample,2,252.211,1
683.3456,solve.va_sample,2,252.211,1
683.8458,solve.va_sample,2,252.211,1
684.3460,solve.va_sample,2,252.211,1
684.8463,solve.va_sample,2,252.211,1
685.3466,solve.va_sample,2,252.211,1
685.8468,solve.va_sample,2,252.211,1
686.3471,solve.va_sample,2,252.211,1
686.8473,solve.va_sample,2,252.211,1
687.3476,solve.va_sample,2,252.211,1
687.8479,solve.va_sample,2,252.211,1
688.3481,solve.va_sample,2,252.211,1
688.8484,solve.va_sample,2,252.211,1
689.3487,solve.va_sample,2,252.211,1
689.8489,solve.va_sample,2,252.211,1
690.3491,solve.va_sample,2,252.211,1
690.8494,solve.va_sample,2,252.211,1
691.3496,solve.va_sample,2,252.211,1
691.8499,solve.va_sample,2,252.211,1
692.3501,solve.va_sample,2,252.211,1
692.8504,solve.va_sample,2,252.211,1
693.3507,solve.va_sample,2,252.211,1
693.8509,solve.va_sample,2,252.211,1
694.3512,solve.va_sample,2,252.211,1
694.8514,solve.va_sample,2,252.211,1
695.3516,solve.va_sample,2,252.211,1
695.8519,solve.va_sample,2,252.211,1
696.3521,solve.va_sample,2,252.211,1
696.8524,solve.va_sample,2,252.211,1
697.3526,solve.va_sample,2,252.211,1
697.8529,solve.va_sample,2,252.211,1
698.3531,solve.va_sample,2,252.211,1
698.8534,solve.va_sample,2,252.211,1
699.3536,solve.va_sample,2,252.211,1
699.8539,solve.va_sample,2,252.211,1
700.3541,solve.va_sample,2,252.211,1
700.8544,solve.va_sample,2,252.211,1
701.3546,solve.va_sample,2,252.211,1
701.8549,solve.va_sample,2,252.211,1
702.3551,solve.va_sample,2,252.211,1
702.8553,solve.va_sample,2,252.211,1
703.3556,solve.va_sample,2,252.211,1
703.8558,solve.va_sample,2,252.211,1
704.3561,solve.va_sample,2,252.211,1
704.8563,solve.va_sample,2,252.211,1
705.3565,solve.va_sample,2,252.211,1
705.8568,solve.va_sample,2,252.211,1
706.3570,solve.va_sample,2,252.211,1
706.8573,solve.va_sample,2,252.211,1
707.3575,solve.va_sample,2,252.211,1
707.8577,solve.va_sample,2,252.211,1
708.3580,solve.va_sample,2,252.211,1
708.8582,solve.va_sample,2,252.211,1
709.3585,solve.va_sample,2,252.211,1
709.8587,solve.va_sample,2,252.211,1
710.3589,solve.va_sample,2,252.211,1
710.8592,solve.va_sample,2,252.211,1
711.3594,solve.va_sample,2,252.211,1
711.8597,solve.va_sample,2,252.211,1
712.3599,solve.va_sample,2,252.211,1
712.8601,solve.va_sample,2,252.211,1
713.3604,solve.va_sample,2,252.211,1
713.8606,solve.va_sample,2,252.211,1
714.3608,solve.va_sample,2,252.211,1
714.8611,solve.va_sample,2,252.211,1
715.3613,solve.va_sample,2,252.211,1
715.8616,solve.va_sample,2,252.211,1
716.3618,solve.va_sample,2,252.211,1
716.8621,solve.va_sample,2,252.211,1
717.3623,solve.va_sample,2,252.211,1
717.8626,solve.va_sample,2,252.211,1
718.3628,solve.va_sample,2,252.211,1
718.8630,solve.va_sample,2,252.211,1
719.3633,solve.va_sample,2,252.211,1
719.8635,solve.va_sample,2,252.211,1
720.3638,solve.va_sample,2,252.211,1
720.8640,solve.va_sample,2,252.211,1
721.3643,solve.va_sample,2,252.211,1
721.8645,solve.va_sample,2,252.211,1
722.3647,solve.va_sample,2,252.211,1
722.8650,solve.va_sample,2,252.211,1
723.3652,solve.va_sample,2,252.211,1
723.8655,solve.va_sample,2,252.211,1
724.3657,solve.va_sample,2,252.211,1
724.8660,solve.va_sample,2,252.211,1
725.3662,solve.va_sample,2,252.211,1
725.8664,solve.va_sample,2,252.211,1
726.3667,solve.va_sample,2,252.211,1
726.8669,solve.va_sample,2,252.211,1
727.3672,solve.va_sample,2,252.211,1
727.8674,solve.va_sample,2,252.211,1
728.3676,solve.va_sample,2,252.211,1
728.8679,solve.va_sample,2,252.211,1
729.3681,solve.va_sample,2,252.211,1
729.8684,solve.va_sample,2,252.211,1
730.3686,solve.va_sample,2,252.211,1
730.8689,solve.va_sample,2,252.211,1
731.3691,solve.va_sample,2,252.211,1
731.8694,solve.va_sample,2,252.211,1
732.3696,solve.va_sample,2,252.211,1
732.8699,solve.va_sample,2,252.211,1
733.3701,solve.va_sample,2,252.211,1
733.8703,solve.va_sample,2,252.211,1
734.3705,solve.va_sample,2,252.211,1
734.8708,solve.va_sample,2,252.211,1
735.3710,solve.va_sample,2,252.211,1
735.8713,solve.va_sample,2,252.211,1
736.3715,solve.va_sample,2,252.211,1
736.8718,solve.va_sample,2,252.211,1
737.3721,solve.va_sample,2,252.211,1
737.8723,solve.va_sample,2,252.211,1
738.3726,solve.va_sample,2,252.211,1
738.8728,solve.va_sample,2,252.211,1
739.3730,solve.va_sample,2,252.211,1
739.8733,solve.va_sample,2,252.211,1
740.3736,solve.va_sample,2,252.211,1
740.8738,solve.va_sample,2,252.211,1
741.3741,solve.va_sample,2,252.211,1
741.8743,solve.va_sample,2,252.211,1
742.3745,solve.va_sample,2,252.211,1
742.8748,solve.va_sample,2,252.211,1
743.3750,solve.va_sample,2,252.211,1
743.8753,solve.va_sample,2,252.211,1
744.3755,solve.va_sample,2,252.211,1
744.8758,solve.va_sample,2,252.211,1
745.3760,solve.va_sample,2,252.211,1
745.8763,solve.va_sample,2,252.211,1
746.3765,solve.va_sample,2,252.211,1
746.8767,solve.va_sample,2,252.211,1
747.3770,solve.va_sample,2,252.211,1
747.8773,solve.va_sample,2,252.211,1
748.3775,solve.va_sample,2,252.211,1
748.8778,solve.va_sample,2,252.211,1
749.3780,solve.va_sample,2,252.211,1
749.8783,solve.va_sample,2,252.211,1
750.3785,solve.va_sample,2,252.211,1
750.8787,solve.va_sample,2,252.211,1
751.3790,solve.va_sample,2,252.211,1
751.8792,solve.va_sample,2,252.211,1
752.3795,solve.va_sample,2,252.211,1
752.8797,solve.va_sample,2,252.211,1
753.3800,solve.va_sample,2,252.211,1
753.8802,solve.va_sample,2,252.211,1
754.3805,solve.va_sample,2,252.211,1
754.8807,solve.va_sample,2,252.211,1
755.3810,solve.va_sample,2,252.211,1
755.8812,solve.va_sample,2,252.211,1
756.3815,solve.va_sample,2,252.211,1
756.8817,solve.va_sample,2,252.211,1
757.3820,solve.va_sample,2,252.211,1
757.8822,solve.va_sample,2,252.211,1
758.3825,solve.va_sample,2,252.211,1
758.8828,solve.va_sample,2,252.211,1
759.3830,solve.va_sample,2,252.211,1
759.8832,solve.va_sample,2,252.211,1
760.3835,solve.va_sample,2,252.211,1
760.8837,solve.va_sample,2,252.211,1
761.3840,solve.va_sample,2,252.211,1
761.8842,solve.va_sample,2,252.211,1
762.3845,solve.va_sample,2,252.211,1
762.8847,solve.va_sample,2,252.211,1
763.3850,solve.va_sample,2,252.211,1
763.8852,solve.va_sample,2,252.211,1
764.3855,solve.va_sample,2,252.211,1
764.8857,solve.va_sample,2,252.211,1
765.3859,solve.va_sample,2,252.211,1
765.8862,solve.va_sample,2,252.211,1
766.3864,solve.va_sample,2,252.211,1
766.8867,solve.va_sample,2,252.211,1
767.3869,solve.va_sample,2,252.211,1
767.8872,solve.va_sample,2,252.211,1
768.3874,solve.va_sample,2,252.211,1
768.8876,solve.va_sample,2,252.211,1
769.3879,solve.va_sample,2,252.211,1
769.8881,solve.va_sample,2,252.211,1
770.3884,solve.va_sample,2,252.211,1
770.8886,solve.va_sample,2,252.211,1
771.3888,solve.va_sample,2,252.211,1
771.8891,solve.va_sample,2,252.211,1
772.3893,solve.va_sample,2,252.211,1
772.8896,solve.va_sample,2,252.211,1
773.3898,solve.va_sample,2,252.211,1
773.8901,solve.va_sample,2,252.211,1
774.3903,solve.va_sample,2,252.211,1
774.8906,solve.va_sample,2,252.211,1
775.3908,solve.va_sample,2,252.211,1
775.8911,solve.va_sample,2,252.211,1
776.3913,solve.va_sample,2,252.211,1
776.8916,solve.va_sample,2,252.211,1
777.3918,solve.va_sample,2,252.211,1
777.8920,solve.va_sample,2,252.211,1
778.3923,solve.va_sample,2,252.211,1
778.8925,solve.va_sample,2,252.211,1
779.3928,solve.va_sample,2,252.211,1
779.8930,solve.va_sample,2,252.211,1
780.3933,solve.va_sample,2,252.211,1
780.8935,solve.va_sample,2,252.211,1
781.3938,solve.va_sample,2,252.211,1
781.8940,solve.va_sample,2,252.211,1
782.3943,solve.va_sample,2,252.211,1
782.8945,solve.va_sample,2,252.211,1
783.3948,solve.va_sample,2,252.211,1
783.8950,solve.va_sample,2,252.211,1
784.3953,solve.va_sample,2,252.211,1
784.8955,solve.va_sample,2,252.211,1
785.3957,solve.va_sample,2,252.211,1
785.8960,solve.va_sample,2,252.211,1
786.3962,solve.va_sample,2,252.211,1
786.8965,solve.va_sample,2,252.211,1
787.3968,solve.va_sample,2,252.211,1
787.8970,solve.va_sample,2,252.211,1
788.3973,solve.va_sample,2,252.211,1
788.8975,solve.va_sample,2,252.211,1
789.3977,solve.va_sample,2,252.211,1
789.8980,solve.va_sample,2,252.211,1
790.3982,solve.va_sample,2,252.211,1
790.8985,solve.va_sample,2,252.211,1
791.3988,solve.va_sample,2,252.211,1
791.8990,solve.va_sample,2,252.211,1
792.3993,solve.va_sample,2,252.211,1
792.8995,solve.va_sample,2,252.211,1
793.3997,solve.va_sample,2,252.211,1
793.9000,solve.va_sample,2,252.211,1
794.4002,solve.va_sample,2,252.211,1
794.9005,solve.va_sample,2,252.211,1
795.4007,solve.va_sample,2,252.211,1
795.9010,solve.va_sample,2,252.211,1
796.4012,solve.va_sample,2,252.211,1
796.9015,solve.va_sample,2,252.211,1
797.4017,solve.va_sample,2,252.211,1
797.9020,solve.va_sample,2,252.211,1
798.4022,solve.va_sample,2,252.211,1
798.9025,solve.va_sample,2,252.211,1
799.4028,solve.va_sample,2,252.211,1
799.9030,solve.va_sample,2,252.211,1
800.4033,solve.va_sample,2,252.211,1
800.9035,solve.va_sample,2,252.211,1
801.4038,solve.va_sample,2,252.211,1
801.9040,solve.va_sample,2,252.211,1
802.4043,solve.va_sample,2,252.211,1
802.9046,solve.va_sample,2,252.211,1
803.4048,solve.va_sample,2,252.211,1
803.9050,solve.va_sample,2,252.211,1
804.4053,solve.va_sample,2,252.211,1
804.9055,solve.va_sample,2,252.211,1
805.4058,solve.va_sample,2,252.211,1
805.9060,solve.va_sample,2,252.211,1
806.4063,solve.va_sample,2,252.211,1
806.9065,solve.va_sample,2,252.211,1
807.4068,solve.va_sample,2,252.211,1
807.9070,solve.va_sample,2,252.211,1
808.4073,solve.va_sample,2,252.211,1
808.9076,solve.va_sample,2,252.211,1
809.4078,solve.va_sample,2,252.211,1
809.9080,solve.va_sample,2,252.211,1
810.4083,solve.va_sample,2,252.211,1
810.9085,solve.va_sample,2,252.211,1
811.4088,solve.va_sample,2,252.211,1
811.9090,solve.va_sample,2,252.211,1
812.4093,solve.va_sample,2,252.211,1
812.9095,solve.va_sample,2,252.211,1
813.4098,solve.va_sample,2,252.211,1
813.9100,solve.va_sample,2,252.211,1
814.4103,solve.va_sample,2,252.211,1
814.9105,solve.va_sample,2,252.211,1
815.4108,solve.va_sample,2,252.211,1
815.9110,solve.va_sample,2,252.211,1
816.4113,solve.va_sample,2,252.211,1
816.9116,solve.va_sample,2,252.211,1
817.4118,solve.va_sample,2,252.211,1
817.9121,solve.va_sample,2,252.211,1
818.4123,solve.va_sample,2,252.211,1
818.9126,solve.va_sample,2,252.211,1
819.4128,solve.va_sample,2,252.211,1
819.9131,solve.va_sample,2,252.211,1
820.4133,solve.va_sample,2,252.211,1
820.9136,solve.va_sample,2,252.211,1
821.4138,solve.va_sample,2,252.211,1
821.9141,solve.va_sample,2,252.211,1
822.4143,solve.va_sample,2,252.211,1
822.9146,solve.va_sample,2,252.211,1
823.4148,solve.va_sample,2,252.211,1
823.9151,solve.va_sample,2,252.211,1
824.4153,solve.va_sample,2,252.211,1
824.9155,solve.va_sample,2,252.211,1
825.4158,solve.va_sample,2,252.211,1
825.9160,solve.va_sample,2,252.211,1
826.4163,solve.va_sample,2,252.211,1
826.9165,solve.va_sample,2,252.211,1
827.4168,solve.va_sample,2,252.211,1
827.9170,solve.va_sample,2,252.211,1
828.4173,solve.va_sample,2,252.211,1
828.9175,solve.va_sample,2,252.211,1
829.4178,solve.va_sample,2,252.211,1
829.9180,solve.va_sample,2,252.211,1
830.4183,solve.va_sample,2,252.211,1
830.9186,solve.va_sample,2,252.211,1
831.4188,solve.va_sample,2,252.211,1
831.9191,solve.va_sample,2,252.211,1
832.4193,solve.va_sample,2,252.211,1
832.9196,solve.va_sample,2,252.211,1
833.4198,solve.va_sample,2,252.211,1
833.9201,solve.va_sample,2,252.211,1
834.4203,solve.va_sample,2,252.211,1
834.9206,solve.va_sample,2,252.211,1
835.4208,solve.va_sample,2,252.211,1
835.9211,solve.va_sample,2,252.211,1
836.4213,solve.va_sample,2,252.211,1
836.9216,solve.va_sample,2,252.211,1
837.4218,solve.va_sample,2,252.211,1
837.9221,solve.va_sample,2,252.211,1
838.4223,solve.va_sample,2,252.211,1
838.9226,solve.va_sample,2,252.211,1
839.4228,solve.va_sample,2,252.211,1
839.9231,solve.va_sample,2,252.211,1
840.4233,solve.va_sample,2,252.211,1
840.9236,solve.va_sample,2,252.211,1
841.4238,solve.va_sample,2,252.211,1
841.9241,solve.va_sample,2,252.211,1
842.4243,solve.va_sample,2,252.211,1
842.9246,solve.va_sample,2,252.211,1
843.4248,solve.va_sample,2,252.211,1
843.9251,solve.va_sample,2,252.211,1
844.4253,solve.va_sample,2,252.211,1
844.9256,solve.va_sample,2,252.211,1
845.4258,solve.va_sample,2,252.211,1
845.9261,solve.va_sample,2,252.211,1
846.4263,solve.va_sample,2,252.211,1
846.9266,solve.va_sample,2,252.211,1
847.4268,solve.va_sample,2,252.211,1
847.9271,solve.va_sample,2,252.211,1
848.4273,solve.va_sample,2,252.211,1
848.9276,solve.va_sample,2,252.211,1
849.4279,solve.va_sample,2,252.211,1
849.9281,solve.va_sample,2,252.211,1
850.4284,solve.va_sample,2,252.211,1
850.9286,solve.va_sample,2,252.211,1
851.4289,solve.va_sample,2,252.211,1
851.9291,solve.va_sample,2,252.211,1
852.4294,solve.va_sample,2,252.211,1
852.9296,solve.va_sample,2,252.211,1
853.4299,solve.va_sample,2,252.211,1
853.9301,solve.va_sample,2,252.211,1
854.4304,solve.va_sample,2,252.211,1
854.9306,solve.va_sample,2,252.211,1
855.4309,solve.va_sample,2,252.211,1
855.9312,solve.va_sample,2,252.211,1
856.4314,solve.va_sample,2,252.211,1
856.9317,solve.va_sample,2,252.211,1
857.4320,solve.va_sample,2,252.211,1
857.9323,solve.va_sample,2,252.211,1
858.4325,solve.va_sample,2,252.211,1
858.9328,solve.va_sample,2,252.211,1
859.4330,solve.va_sample,2,252.211,1
859.9333,solve.va_sample,2,252.211,1
860.4335,solve.va_sample,2,252.211,1
860.9338,solve.va_sample,2,252.211,1
861.4340,solve.va_sample,2,252.211,1
861.9343,solve.va_sample,2,252.211,1
862.4346,solve.va_sample,2,252.211,1
862.9348,solve.va_sample,2,252.211,1
863.4351,solve.va_sample,2,252.211,1
863.9353,solve.va_sample,2,252.211,1
864.4356,solve.va_sample,2,252.211,1
864.9358,solve.va_sample,2,252.211,1
865.4360,solve.va_sample,2,252.211,1
865.9363,solve.va_sample,2,252.211,1
866.4366,solve.va_sample,2,252.211,1
866.9368,solve.va_sample,2,252.211,1
867.4371,solve.va_sample,2,252.211,1
867.9374,solve.va_sample,2,252.211,1
868.4377,solve.va_sample,2,252.211,1
868.9380,solve.va_sample,2,252.211,1
869.4382,solve.va_sample,2,252.211,1
869.9385,solve.va_sample,2,252.211,1
870.4387,solve.va_sample,2,252.211,1
870.9390,solve.va_sample,2,252.211,1
871.4393,solve.va_sample,2,252.211,1
871.9395,solve.va_sample,2,252.211,1
872.4398,solve.va_sample,2,252.211,1
872.9401,solve.va_sample,2,252.211,1
873.4403,solve.va_sample,2,252.211,1
873.9406,solve.va_sample,2,252.211,1
874.4409,solve.va_sample,2,252.211,1
874.9411,solve.va_sample,2,252.211,1
875.4413,solve.va_sample,2,252.211,1
875.9416,solve.va_sample,2,252.211,1
876.4418,solve.va_sample,2,252.211,1
876.9421,solve.va_sample,2,252.211,1
877.4424,solve.va_sample,2,252.211,1
877.9426,solve.va_sample,2,252.211,1
878.4429,solve.va_sample,2,252.211,1
878.9431,solve.va_sample,2,252.211,1
879.4433,solve.va_sample,2,252.211,1
879.9436,solve.va_sample,2,252.211,1
880.4438,solve.va_sample,2,252.211,1
880.9441,solve.va_sample,2,252.211,1
881.4443,solve.va_sample,2,252.211,1
881.9446,solve.va_sample,2,252.211,1
882.4449,solve.va_sample,2,252.211,1
882.9452,solve.va_sample,2,252.211,1
883.4454,solve.va_sample,2,252.211,1
883.9457,solve.va_sample,2,252.211,1
884.4460,solve.va_sample,2,252.211,1
884.9463,solve.va_sample,2,252.211,1
885.4466,solve.va_sample,2,252.211,1
885.9468,solve.va_sample,2,252.211,1
886.4471,solve.va_sample,2,252.211,1
886.9474,solve.va_sample,2,252.211,1
887.4477,solve.va_sample,2,252.211,1
887.9479,solve.va_sample,2,252.211,1
888.4482,solve.va_sample,2,252.211,1
888.9484,solve.va_sample,2,252.211,1
889.4487,solve.va_sample,2,252.211,1
889.9490,solve.va_sample,2,252.211,1
890.4493,solve.va_sample,2,252.211,1
890.9495,solve.va_sample,2,252.211,1
891.4498,solve.va_sample,2,252.211,1
891.9501,solve.va_sample,2,252.211,1
892.4504,solve.va_sample,2,252.211,1
892.9506,solve.va_sample,2,252.211,1
893.4509,solve.va_sample,2,252.211,1
893.9512,solve.va_sample,2,252.211,1
894.4514,solve.va_sample,2,252.211,1
894.9517,solve.va_sample,2,252.211,1
895.4520,solve.va_sample,2,252.211,1
895.9522,solve.va_sample,2,252.211,1
896.4525,solve.va_sample,2,252.211,1
896.9527,solve.va_sample,2,252.211,1
897.4530,solve.va_sample,2,252.211,1
897.9532,solve.va_sample,2,252.211,1
898.4535,solve.va_sample,2,252.211,1
898.9537,solve.va_sample,2,252.211,1
899.4540,solve.va_sample,2,252.211,1
899.9543,solve.va_sample,2,252.211,1
900.4545,solve.va_sample,2,252.211,1
900.9548,solve.va_sample,2,252.211,1
901.4550,solve.va_sample,2,252.211,1
901.9553,solve.va_sample,2,252.211,1
902.4555,solve.va_sample,2,252.211,1
902.9558,solve.va_sample,2,252.211,1
903.4560,solve.va_sample,2,252.211,1
903.9563,solve.va_sample,2,252.211,1
904.4565,solve.va_sample,2,252.211,1
904.9568,solve.va_sample,2,252.211,1
905.4570,solve.va_sample,2,252.211,1
905.9573,solve.va_sample,2,252.211,1
906.4575,solve.va_sample,2,252.211,1
906.9578,solve.va_sample,2,252.211,1
907.4580,solve.va_sample,2,252.211,1
907.9582,solve.va_sample,2,252.211,1
908.4585,solve.va_sample,2,252.211,1
908.9587,solve.va_sample,2,252.211,1
909.4590,solve.va_sample,2,252.211,1
909.9592,solve.va_sample,2,252.211,1
910.4595,solve.va_sample,2,252.211,1
910.9597,solve.va_sample,2,252.211,1
911.4600,solve.va_sample,2,252.211,1
911.9602,solve.va_sample,2,252.211,1
912.4605,solve.va_sample,2,252.211,1
912.9607,solve.va_sample,2,252.211,1
913.4609,solve.va_sample,2,252.211,1
913.9612,solve.va_sample,2,252.211,1
914.4614,solve.va_sample,2,252.211,1
914.9617,solve.va_sample,2,252.211,1
915.4619,solve.va_sample,2,252.211,1
915.9622,solve.va_sample,2,252.211,1
916.4625,solve.va_sample,2,252.211,1
916.9627,solve.va_sample,2,252.211,1
917.4630,solve.va_sample,2,252.211,1
917.9633,solve.va_sample,2,252.211,1
918.4635,solve.va_sample,2,252.211,1
918.9637,solve.va_sample,2,252.211,1
919.4640,solve.va_sample,2,252.211,1
919.9642,solve.va_sample,2,252.211,1
920.4645,solve.va_sample,2,252.211,1
920.9647,solve.va_sample,2,252.211,1
921.4650,solve.va_sample,2,252.211,1
921.9652,solve.va_sample,2,252.211,1
922.4654,solve.va_sample,2,252.211,1
922.9657,solve.va_sample,2,252.211,1
923.4659,solve.va_sample,2,252.211,1
923.9661,solve.va_sample,2,252.211,1
924.4664,solve.va_sample,2,252.211,1
924.9666,solve.va_sample,2,252.211,1
925.4669,solve.va_sample,2,252.211,1
925.9671,solve.va_sample,2,252.211,1
926.4673,solve.va_sample,2,252.211,1
926.9676,solve.va_sample,2,252.211,1
927.4679,solve.va_sample,2,252.211,1
927.9681,solve.va_sample,2,252.211,1
928.4684,solve.va_sample,2,252.211,1
928.9687,solve.va_sample,2,252.211,1
929.4689,solve.va_sample,2,252.211,1
929.9692,solve.va_sample,2,252.211,1
930.4695,solve.va_sample,2,252.211,1
930.9697,solve.va_sample,2,252.211,1
931.4700,solve.va_sample,2,252.211,1
931.9703,solve.va_sample,2,252.211,1
932.4705,solve.va_sample,2,252.211,1
932.9708,solve.va_sample,2,252.211,1
933.4710,solve.va_sample,2,252.211,1
933.9713,solve.va_sample,2,252.211,1
934.4716,solve.va_sample,2,252.211,1
934.9718,solve.va_sample,2,252.211,1
935.4721,solve.va_sample,2,252.211,1
935.9723,solve.va_sample,2,252.211,1
936.4726,solve.va_sample,2,252.211,1
936.9728,solve.va_sample,2,252.211,1
937.4731,solve.va_sample,2,252.211,1
937.9733,solve.va_sample,2,252.211,1
938.4735,solve.va_sample,2,252.211,1
938.9738,solve.va_sample,2,252.211,1
939.4740,solve.va_sample,2,252.211,1
939.9743,solve.va_sample,2,252.211,1
940.4745,solve.va_sample,2,252.211,1
940.9747,solve.va_sample,2,252.211,1
941.4750,solve.va_sample,2,252.211,1
941.9752,solve.va_sample,2,252.211,1
942.4755,solve.va_sample,2,252.211,1
942.9758,solve.va_sample,2,252.211,1
943.4761,solve.va_sample,2,252.211,1
943.9763,solve.va_sample,2,252.211,1
944.4766,solve.va_sample,2,252.211,1
944.9769,solve.va_sample,2,252.211,1
945.4771,solve.va_sample,2,252.211,1
945.9773,solve.va_sample,2,252.211,1
946.4776,solve.va_sample,2,252.211,1
946.9778,solve.va_sample,2,252.211,1
947.4781,solve.va_sample,2,252.211,1
947.9783,solve.va_sample,2,252.211,1
948.4786,solve.va_sample,2,252.211,1
948.9788,solve.va_sample,2,252.211,1
949.4791,solve.va_sample,2,252.211,1
949.9793,solve.va_sample,2,252.211,1
950.4796,solve.va_sample,2,252.211,1
950.9798,solve.va_sample,2,252.211,1
951.4800,solve.va_sample,2,252.211,1
951.9803,solve.va_sample,2,252.211,1
952.4806,solve.va_sample,2,252.211,1
952.9808,solve.va_sample,2,252.211,1
953.4811,solve.va_sample,2,252.211,1
953.9813,solve.va_sample,2,252.211,1
954.4815,solve.va_sample,2,252.211,1
954.9818,solve.va_sample,2,252.211,1
955.4820,solve.va_sample,2,252.211,1
955.9823,solve.va_sample,2,252.211,1
956.4825,solve.va_sample,2,252.211,1
956.9828,solve.va_sample,2,252.211,1
957.4830,solve.va_sample,2,252.211,1
957.9833,solve.va_sample,2,252.211,1
958.4835,solve.va_sample,2,252.211,1
958.9838,solve.va_sample,2,252.211,1
959.4840,solve.va_sample,2,252.211,1
959.9843,solve.va_sample,2,252.211,1
960.4845,solve.va_sample,2,252.211,1
960.9848,solve.va_sample,2,252.211,1
961.4850,solve.va_sample,2,252.211,1
961.9853,solve.va_sample,2,252.211,1
962.4855,solve.va_sample,2,252.211,1
962.9858,solve.va_sample,2,252.211,1
963.4860,solve.va_sample,2,252.211,1
963.9863,solve.va_sample,2,252.211,1
964.4865,solve.va_sample,2,252.469,1
964.9868,solve.va_sample,2,252.469,1
965.4871,solve.va_sample,2,252.469,1
965.9873,solve.va_sample,2,252.469,1
966.4875,solve.va_sample,2,252.469,1
966.9878,solve.va_sample,2,252.469,1
967.4881,solve.va_sample,2,252.469,1
967.9883,solve.va_sample,2,252.469,1
968.4886,solve.va_sample,2,252.469,1
968.9888,solve.va_sample,2,252.469,1
969.4891,solve.va_sample,2,252.469,1
969.9893,solve.va_sample,2,252.469,1
970.4896,solve.va_sample,2,252.469,1
970.9899,solve.va_sample,2,252.469,1
971.4902,solve.va_sample,2,252.469,1
971.9904,solve.va_sample,2,252.469,1
972.4907,solve.va_sample,2,252.469,1
972.9910,solve.va_sample,2,252.469,1
973.4912,solve.va_sample,2,252.469,1
973.9915,solve.va_sample,2,252.469,1
974.4917,solve.va_sample,2,252.469,1
974.9920,solve.va_sample,2,252.469,1
975.4922,solve.va_sample,2,252.469,1
975.9924,solve.va_sample,2,252.469,1
976.4927,solve.va_sample,2,252.469,1
976.9930,solve.va_sample,2,252.469,1
977.4932,solve.va_sample,2,252.469,1
977.9934,solve.va_sample,2,252.469,1
978.4937,solve.va_sample,2,252.469,1
978.9939,solve.va_sample,2,252.469,1
979.4942,solve.va_sample,2,252.469,1
979.9944,solve.va_sample,2,252.469,1
980.4946,solve.va_sample,2,252.469,1
980.9949,solve.va_sample,2,252.469,1
981.4951,solve.va_sample,2,252.469,1
981.9954,solve.va_sample,2,252.469,1
982.4956,solve.va_sample,2,252.469,1
982.9958,solve.va_sample,2,252.469,1
983.4961,solve.va_sample,2,252.469,1
983.9963,solve.va_sample,2,252.469,1
984.4966,solve.va_sample,2,252.469,1
984.9968,solve.va_sample,2,252.469,1
985.4970,solve.va_sample,2,252.469,1
985.9973,solve.va_sample,2,252.469,1
986.4976,solve.va_sample,2,252.469,1
986.9978,solve.va_sample,2,252.469,1
987.4981,solve.va_sample,2,252.469,1
987.9983,solve.va_sample,2,252.469,1
988.4986,solve.va_sample,2,252.469,1
988.9988,solve.va_sample,2,252.469,1
989.4990,solve.va_sample,2,252.469,1
989.9993,solve.va_sample,2,252.469,1
990.4996,solve.va_sample,2,252.469,1
990.9998,solve.va_sample,2,252.469,1
991.5000,solve.va_sample,2,252.469,1
992.0007,solve.va_sample,2,252.469,1
992.5009,solve.va_sample,2,252.469,1
993.0012,solve.va_sample,2,252.469,1
993.5014,solve.va_sample,2,252.469,1
994.0017,solve.va_sample,2,252.469,1
994.5019,solve.va_sample,2,252.469,1
995.0022,solve.va_sample,2,252.469,1
995.5024,solve.va_sample,2,252.469,1
996.0027,solve.va_sample,2,252.469,1
996.5029,solve.va_sample,2,252.469,1
997.0032,solve.va_sample,2,252.469,1
997.5034,solve.va_sample,2,252.469,1
998.0037,solve.va_sample,2,252.469,1
998.5039,solve.va_sample,2,252.469,1
999.0042,solve.va_sample,2,252.469,1
999.5044,solve.va_sample,2,252.469,1
1000.0047,solve.va_sample,2,252.469,1
1000.5049,solve.va_sample,2,252.469,1
1001.0052,solve.va_sample,2,252.469,1
1001.5054,solve.va_sample,2,252.469,1
1002.0057,solve.va_sample,2,252.469,1
1002.5059,solve.va_sample,2,252.469,1
1003.0061,solve.va_sample,2,252.469,1
1003.5064,solve.va_sample,2,252.469,1
1004.0067,solve.va_sample,2,252.469,1
1004.5069,solve.va_sample,2,252.469,1
1005.0072,solve.va_sample,2,252.469,1
1005.5074,solve.va_sample,2,252.469,1
1006.0077,solve.va_sample,2,252.469,1
1006.5080,solve.va_sample,2,252.469,1
1007.0082,solve.va_sample,2,252.469,1
1007.5085,solve.va_sample,2,252.469,1
1008.0087,solve.va_sample,2,252.469,1
1008.5090,solve.va_sample,2,252.469,1
1009.0093,solve.va_sample,2,252.469,1
1009.5095,solve.va_sample,2,252.469,1
1010.0098,solve.va_sample,2,252.469,1
1010.5101,solve.va_sample,2,252.469,1
1011.0103,solve.va_sample,2,252.469,1
1011.5106,solve.va_sample,2,252.469,1
1012.0108,solve.va_sample,2,252.469,1
1012.5111,solve.va_sample,2,252.469,1
1013.0113,solve.va_sample,2,252.469,1
1013.5116,solve.va_sample,2,252.469,1
1014.0118,solve.va_sample,2,252.469,1
1014.5121,solve.va_sample,2,252.469,1
1015.0123,solve.va_sample,2,252.469,1
1015.5126,solve.va_sample,2,252.469,1
1016.0128,solve.va_sample,2,252.469,1
1016.5131,solve.va_sample,2,252.469,1
1017.0133,solve.va_sample,2,252.469,1
1017.5136,solve.va_sample,2,252.469,1
1018.0138,solve.va_sample,2,252.469,1
1018.5140,solve.va_sample,2,252.469,1
1019.0143,solve.va_sample,2,252.469,1
1019.5145,solve.va_sample,2,252.469,1
1020.0148,solve.va_sample,2,252.469,1
1020.5151,solve.va_sample,2,252.469,1
1021.0153,solve.va_sample,2,252.469,1
1021.5156,solve.va_sample,2,252.469,1
1022.0159,solve.va_sample,2,252.469,1
1022.5161,solve.va_sample,2,252.469,1
1023.0164,solve.va_sample,2,252.469,1
1023.5167,solve.va_sample,2,252.469,1
1024.0169,solve.va_sample,2,252.469,1
1024.5172,solve.va_sample,2,252.469,1
1025.0175,solve.va_sample,2,252.469,1
1025.5177,solve.va_sample,2,252.469,1
1026.0180,solve.va_sample,2,252.469,1
1026.5182,solve.va_sample,2,252.469,1
1027.0185,solve.va_sample,2,252.469,1
1027.5188,solve.va_sample,2,252.469,1
1028.0190,solve.va_sample,2,252.469,1
1028.5193,solve.va_sample,2,252.469,1
1029.0196,solve.va_sample,2,252.469,1
1029.5198,solve.va_sample,2,252.469,1
1030.0201,solve.va_sample,2,252.469,1
1030.5203,solve.va_sample,2,252.469,1
1031.0206,solve.va_sample,2,252.469,1
1031.5208,solve.va_sample,2,252.469,1
1032.0210,solve.va_sample,2,252.469,1
1032.5213,solve.va_sample,2,252.469,1
1033.0216,solve.va_sample,2,252.469,1
1033.5218,solve.va_sample,2,252.469,1
1034.0221,solve.va_sample,2,252.469,1
1034.5223,solve.va_sample,2,252.469,1
1035.0226,solve.va_sample,2,252.469,1
1035.5228,solve.va_sample,2,252.469,1
1036.0231,solve.va_sample,2,252.469,1
1036.5233,solve.va_sample,2,252.469,1
1037.0236,solve.va_sample,2,252.469,1
1037.5238,solve.va_sample,2,252.469,1
1038.0241,solve.va_sample,2,252.469,1
1038.5243,solve.va_sample,2,252.469,1
1039.0246,solve.va_sample,2,252.469,1
1039.5248,solve.va_sample,2,252.469,1
1040.0251,solve.va_sample,2,252.469,1
1040.5253,solve.va_sample,2,252.469,1
1041.0256,solve.va_sample,2,252.469,1
1041.5258,solve.va_sample,2,252.469,1
1042.0261,solve.va_sample,2,252.469,1
1042.5263,solve.va_sample,2,252.469,1
1043.0266,solve.va_sample,2,252.469,1
1043.5268,solve.va_sample,2,252.469,1
1044.0271,solve.va_sample,2,252.469,1
1044.5273,solve.va_sample,2,252.469,1
1045.0276,solve.va_sample,2,252.469,1
1045.5278,solve.va_sample,2,252.469,1
1046.0281,solve.va_sample,2,252.469,1
1046.5284,solve.va_sample,2,252.469,1
1047.0286,solve.va_sample,2,252.469,1
1047.5289,solve.va_sample,2,252.469,1
1048.0292,solve.va_sample,2,252.469,1
1048.5294,solve.va_sample,2,252.469,1
1049.0297,solve.va_sample,2,252.469,1
1049.5300,solve.va_sample,2,252.469,1
1050.0302,solve.va_sample,2,252.469,1
1050.5305,solve.va_sample,2,252.469,1
1051.0307,solve.va_sample,2,252.469,1
1051.5310,solve.va_sample,2,252.469,1
1052.0313,solve.va_sample,2,252.469,1
1052.5315,solve.va_sample,2,252.469,1
1053.0318,solve.va_sample,2,252.469,1
1053.5320,solve.va_sample,2,252.469,1
1054.0323,solve.va_sample,2,252.469,1
1054.5326,solve.va_sample,2,252.469,1
1055.0329,solve.va_sample,2,252.469,1
1055.5331,solve.va_sample,2,252.469,1
1056.0334,solve.va_sample,2,252.469,1
1056.5336,solve.va_sample,2,252.469,1
1057.0339,solve.va_sample,2,252.469,1
1057.5342,solve.va_sample,2,252.469,1
1058.0344,solve.va_sample,2,252.469,1
1058.5347,solve.va_sample,2,252.469,1
1059.0349,solve.va_sample,2,252.469,1
1059.5352,solve.va_sample,2,252.469,1
1060.0354,solve.va_sample,2,252.469,1
1060.5357,solve.va_sample,2,252.469,1
1061.0359,solve.va_sample,2,252.469,1
1061.5362,solve.va_sample,2,252.469,1
1062.0364,solve.va_sample,2,252.469,1
1062.5367,solve.va_sample,2,252.469,1
1063.0370,solve.va_sample,2,252.469,1
1063.5372,solve.va_sample,2,252.469,1
1064.0375,solve.va_sample,2,252.469,1
1064.5377,solve.va_sample,2,252.469,1
1065.0380,solve.va_sample,2,252.469,1
1065.5382,solve.va_sample,2,252.469,1
1066.0385,solve.va_sample,2,252.469,1
1066.5387,solve.va_sample,2,252.469,1
1067.0390,solve.va_sample,2,252.469,1
1067.5392,solve.va_sample,2,252.469,1
1068.0395,solve.va_sample,2,252.469,1
1068.5397,solve.va_sample,2,252.469,1
1069.0400,solve.va_sample,2,252.469,1
1069.5403,solve.va_sample,2,252.469,1
1070.0405,solve.va_sample,2,252.469,1
1070.5408,solve.va_sample,2,252.469,1
1071.0410,solve.va_sample,2,252.469,1
1071.5413,solve.va_sample,2,252.469,1
1072.0416,solve.va_sample,2,252.469,1
1072.5418,solve.va_sample,2,252.469,1
1073.0421,solve.va_sample,2,252.469,1
1073.5423,solve.va_sample,2,252.469,1
1074.0426,solve.va_sample,2,252.469,1
1074.5428,solve.va_sample,2,252.469,1
1075.0431,solve.va_sample,2,252.469,1
1075.5433,solve.va_sample,2,252.469,1
1076.0436,solve.va_sample,2,252.469,1
1076.5438,solve.va_sample,2,252.469,1
1077.0440,solve.va_sample,2,252.469,1
1077.5443,solve.va_sample,2,252.469,1
1078.0445,solve.va_sample,2,252.469,1
1078.5448,solve.va_sample,2,252.469,1
1079.0450,solve.va_sample,2,252.469,1
1079.5453,solve.va_sample,2,252.469,1
1080.0455,solve.va_sample,2,252.469,1
1080.5458,solve.va_sample,2,252.469,1
1081.0460,solve.va_sample,2,252.469,1
1081.5463,solve.va_sample,2,252.469,1
1082.0465,solve.va_sample,2,252.469,1
1082.5468,solve.va_sample,2,252.469,1
1083.0470,solve.va_sample,2,252.469,1
1083.5473,solve.va_sample,2,252.469,1
1084.0475,solve.va_sample,2,252.469,1
1084.5478,solve.va_sample,2,252.469,1
1085.0481,solve.va_sample,2,252.469,1
1085.5483,solve.va_sample,2,252.469,1
1086.0486,solve.va_sample,2,252.469,1
1086.5488,solve.va_sample,2,252.469,1
1087.0491,solve.va_sample,2,252.469,1
1087.5493,solve.va_sample,2,252.469,1
1088.0496,solve.va_sample,2,252.469,1
1088.5499,solve.va_sample,2,252.469,1
1089.0501,solve.va_sample,2,252.469,1
1089.5504,solve.va_sample,2,252.469,1
1090.0506,solve.va_sample,2,252.469,1
1090.5509,solve.va_sample,2,252.469,1
1091.0512,solve.va_sample,2,252.469,1
1091.5514,solve.va_sample,2,252.469,1
1092.0517,solve.va_sample,2,252.469,1
1092.5519,solve.va_sample,2,252.469,1
1093.0522,solve.va_sample,2,252.469,1
1093.5524,solve.va_sample,2,252.469,1
1094.0527,solve.va_sample,2,252.469,1
1094.5529,solve.va_sample,2,252.469,1
1095.0532,solve.va_sample,2,252.469,1
1095.5535,solve.va_sample,2,252.469,1
1096.0537,solve.va_sample,2,252.469,1
1096.5540,solve.va_sample,2,252.469,1
1097.0543,solve.va_sample,2,252.469,1
1097.5546,solve.va_sample,2,252.469,1
1098.0548,solve.va_sample,2,252.469,1
1098.5551,solve.va_sample,2,252.469,1
1099.0553,solve.va_sample,2,252.469,1
1099.5556,solve.va_sample,2,252.469,1
1100.0558,solve.va_sample,2,252.469,1
1100.5561,solve.va_sample,2,252.469,1
1101.0563,solve.va_sample,2,252.469,1
1101.5565,solve.va_sample,2,252.469,1
1102.0568,solve.va_sample,2,252.469,1
1102.5570,solve.va_sample,2,252.469,1
1103.0573,solve.va_sample,2,252.469,1
1103.5575,solve.va_sample,2,252.469,1
1104.0578,solve.va_sample,2,252.469,1
1104.5580,solve.va_sample,2,252.469,1
1105.0583,solve.va_sample,2,252.469,1
1105.5585,solve.va_sample,2,252.469,1
1106.0587,solve.va_sample,2,252.469,1
1106.5590,solve.va_sample,2,252.469,1
1107.0592,solve.va_sample,2,252.469,1
1107.5595,solve.va_sample,2,252.469,1
1108.0598,solve.va_sample,2,252.469,1
1108.5600,solve.va_sample,2,252.469,1
1109.0602,solve.va_sample,2,252.469,1
1109.5605,solve.va_sample,2,252.469,1
1110.0607,solve.va_sample,2,252.469,1
1110.5610,solve.va_sample,2,252.469,1
1111.0612,solve.va_sample,2,252.469,1
1111.5615,solve.va_sample,2,252.469,1
1112.0617,solve.va_sample,2,252.469,1
1112.5619,solve.va_sample,2,252.469,1
1113.0622,solve.va_sample,2,252.469,1
1113.5624,solve.va_sample,2,252.469,1
1114.0627,solve.va_sample,2,252.469,1
1114.5630,solve.va_sample,2,252.469,1
1115.0632,solve.va_sample,2,252.469,1
1115.5635,solve.va_sample,2,252.469,1
1116.0637,solve.va_sample,2,252.469,1
1116.5639,solve.va_sample,2,252.469,1
1117.0642,solve.va_sample,2,252.469,1
1117.5645,solve.va_sample,2,252.469,1
1118.0648,solve.va_sample,2,252.469,1
1118.5650,solve.va_sample,2,252.469,1
1119.0653,solve.va_sample,2,252.469,1
1119.5655,solve.va_sample,2,252.469,1
1120.0658,solve.va_sample,2,252.469,1
1120.5660,solve.va_sample,2,252.469,1
1121.0663,solve.va_sample,2,252.469,1
1121.5665,solve.va_sample,2,252.469,1
1122.0668,solve.va_sample,2,252.469,1
1122.5671,solve.va_sample,2,252.469,1
1123.0673,solve.va_sample,2,252.469,1
1123.5676,solve.va_sample,2,252.469,1
1124.0678,solve.va_sample,2,252.469,1
1124.5681,solve.va_sample,2,252.469,1
1125.0683,solve.va_sample,2,252.469,1
1125.5686,solve.va_sample,2,252.469,1
1126.0688,solve.va_sample,2,252.469,1
1126.5691,solve.va_sample,2,252.469,1
1127.0693,solve.va_sample,2,252.469,1
1127.5696,solve.va_sample,2,252.469,1
1128.0699,solve.va_sample,2,252.469,1
1128.5701,solve.va_sample,2,252.469,1
1129.0703,solve.va_sample,2,252.469,1
1129.5706,solve.va_sample,2,252.469,1
1130.0708,solve.va_sample,2,252.469,1
1130.5710,solve.va_sample,2,252.469,1
1131.0713,solve.va_sample,2,252.469,1
1131.5716,solve.va_sample,2,252.469,1
1132.0718,solve.va_sample,2,252.469,1
1132.5721,solve.va_sample,2,252.469,1
1133.0723,solve.va_sample,2,252.469,1
1133.5726,solve.va_sample,2,252.469,1
1134.0728,solve.va_sample,2,252.469,1
1134.5731,solve.va_sample,2,252.469,1
1135.0733,solve.va_sample,2,252.469,1
1135.5736,solve.va_sample,2,252.469,1
1136.0738,solve.va_sample,2,252.469,1
1136.5741,solve.va_sample,2,252.469,1
1137.0743,solve.va_sample,2,252.469,1
1137.5746,solve.va_sample,2,252.469,1
1138.0748,solve.va_sample,2,252.469,1
1138.5751,solve.va_sample,2,252.469,1
1139.0753,solve.va_sample,2,252.469,1
1139.5756,solve.va_sample,2,252.469,1
1140.0758,solve.va_sample,2,252.469,1
1140.5761,solve.va_sample,2,252.469,1
1141.0763,solve.va_sample,2,252.469,1
1141.5766,solve.va_sample,2,252.469,1
1142.0769,solve.va_sample,2,252.469,1
1142.5771,solve.va_sample,2,252.469,1
1143.0774,solve.va_sample,2,252.469,1
1143.5776,solve.va_sample,2,252.469,1
1144.0778,solve.va_sample,2,252.469,1
1144.5781,solve.va_sample,2,252.469,1
1145.0783,solve.va_sample,2,252.469,1
1145.5786,solve.va_sample,2,252.469,1
1146.0789,solve.va_sample,2,252.469,1
1146.5791,solve.va_sample,2,252.469,1
1147.0793,solve.va_sample,2,252.469,1
1147.5796,solve.va_sample,2,252.469,1
1148.0798,solve.va_sample,2,252.469,1
1148.5801,solve.va_sample,2,252.469,1
1149.0803,solve.va_sample,2,252.469,1
1149.5806,solve.va_sample,2,252.469,1
1150.0809,solve.va_sample,2,252.469,1
1150.5811,solve.va_sample,2,252.469,1
1151.0814,solve.va_sample,2,252.469,1
1151.5817,solve.va_sample,2,252.469,1
1152.0819,solve.va_sample,2,252.469,1
1152.5822,solve.va_sample,2,252.469,1
1153.0824,solve.va_sample,2,252.469,1
1153.5826,solve.va_sample,2,252.469,1
1154.0829,solve.va_sample,2,252.469,1
1154.5831,solve.va_sample,2,252.469,1
1155.0834,solve.va_sample,2,252.469,1
1155.5837,solve.va_sample,2,252.469,1
1156.0839,solve.va_sample,2,252.469,1
1156.5842,solve.va_sample,2,252.469,1
1157.0845,solve.va_sample,2,252.469,1
1157.5847,solve.va_sample,2,252.469,1
1158.0850,solve.va_sample,2,252.469,1
1158.5852,solve.va_sample,2,252.469,1
1159.0855,solve.va_sample,2,252.469,1
1159.5857,solve.va_sample,2,252.469,1
1160.0860,solve.va_sample,2,252.469,1
1160.5862,solve.va_sample,2,252.469,1
1161.0865,solve.va_sample,2,252.469,1
1161.5867,solve.va_sample,2,252.469,1
1162.0870,solve.va_sample,2,252.469,1
1162.5873,solve.va_sample,2,252.469,1
1163.0875,solve.va_sample,2,252.469,1
1163.5878,solve.va_sample,2,252.469,1
1164.0880,solve.va_sample,2,252.469,1
1164.5883,solve.va_sample,2,252.469,1
1165.0885,solve.va_sample,2,252.469,1
1165.5888,solve.va_sample,2,252.469,1
1166.0890,solve.va_sample,2,252.469,1
1166.5893,solve.va_sample,2,252.469,1
1167.0895,solve.va_sample,2,252.469,1
1167.5898,solve.va_sample,2,252.469,1
1168.0901,solve.va_sample,2,252.469,1
1168.5903,solve.va_sample,2,252.469,1
1169.0906,solve.va_sample,2,252.469,1
1169.5909,solve.va_sample,2,252.469,1
1170.0911,solve.va_sample,2,252.469,1
1170.5913,solve.va_sample,2,252.469,1
1171.0916,solve.va_sample,2,252.469,1
1171.5918,solve.va_sample,2,252.469,1
1172.0921,solve.va_sample,2,252.469,1
1172.5923,solve.va_sample,2,252.469,1
1173.0926,solve.va_sample,2,252.469,1
1173.5928,solve.va_sample,2,252.469,1
1174.0931,solve.va_sample,2,252.469,1
1174.5933,solve.va_sample,2,252.469,1
1175.0936,solve.va_sample,2,252.469,1
1175.5938,solve.va_sample,2,252.469,1
1176.0941,solve.va_sample,2,252.469,1
1176.5943,solve.va_sample,2,252.469,1
1177.0946,solve.va_sample,2,252.469,1
1177.5949,solve.va_sample,2,252.469,1
1178.0951,solve.va_sample,2,252.469,1
1178.5954,solve.va_sample,2,252.469,1
1179.0957,solve.va_sample,2,252.469,1
1179.5959,solve.va_sample,2,252.469,1
1180.0962,solve.va_sample,2,252.469,1
1180.5964,solve.va_sample,2,252.469,1
1181.0967,solve.va_sample,2,252.469,1
1181.5970,solve.va_sample,2,252.469,1
1182.0972,solve.va_sample,2,252.469,1
1182.5975,solve.va_sample,2,252.469,1
1183.0978,solve.va_sample,2,252.469,1
1183.5980,solve.va_sample,2,252.469,1
1184.0983,solve.va_sample,2,252.469,1
1184.5985,solve.va_sample,2,252.469,1
1185.0988,solve.va_sample,2,252.469,1
1185.5991,solve.va_sample,2,252.469,1
1186.0993,solve.va_sample,2,252.469,1
1186.5996,solve.va_sample,2,252.469,1
1187.0998,solve.va_sample,2,252.469,1
1187.6001,solve.va_sample,2,252.469,1
1188.1003,solve.va_sample,2,252.469,1
1188.6006,solve.va_sample,2,252.469,1
1189.1008,solve.va_sample,2,252.469,1
1189.6011,solve.va_sample,2,252.469,1
1190.1013,solve.va_sample,2,252.469,1
1190.6016,solve.va_sample,2,252.469,1
1191.1018,solve.va_sample,2,252.469,1
1191.6020,solve.va_sample,2,252.469,1
1192.1023,solve.va_sample,2,252.469,1
1192.6026,solve.va_sample,2,252.469,1
1193.1028,solve.va_sample,2,252.469,1
1193.6030,solve.va_sample,2,252.469,1
1194.1033,solve.va_sample,2,252.469,1
1194.6036,solve.va_sample,2,252.469,1
1195.1038,solve.va_sample,2,252.469,1
1195.6041,solve.va_sample,2,252.469,1
1196.1043,solve.va_sample,2,252.469,1
1196.6046,solve.va_sample,2,252.469,1
1197.1049,solve.va_sample,2,252.469,1
1197.6052,solve.va_sample,2,252.469,1
1198.1054,solve.va_sample,2,252.469,1
1198.6057,solve.va_sample,2,252.469,1
1199.1059,solve.va_sample,2,252.469,1
1199.6062,solve.va_sample,2,252.469,1
1200.1065,solve.va_sample,2,252.469,1
1200.6067,solve.va_sample,2,252.469,1
1201.1070,solve.va_sample,2,252.469,1
1201.6072,solve.va_sample,2,252.469,1
1202.1075,solve.va_sample,2,252.469,1
1202.6077,solve.va_sample,2,252.469,1
1203.1080,solve.va_sample,2,252.469,1
1203.6083,solve.va_sample,2,252.469,1
1204.1085,solve.va_sample,2,252.469,1
1204.6088,solve.va_sample,2,252.469,1
1205.1090,solve.va_sample,2,252.469,1
1205.6093,solve.va_sample,2,252.469,1
1206.1095,solve.va_sample,2,252.469,1
1206.6098,solve.va_sample,2,252.469,1
1207.1100,solve.va_sample,2,252.469,1
1207.6103,solve.va_sample,2,252.469,1
1208.1106,solve.va_sample,2,252.469,1
1208.6108,solve.va_sample,2,252.469,1
1209.1111,solve.va_sample,2,252.469,1
1209.6113,solve.va_sample,2,252.469,1
1210.1116,solve.va_sample,2,252.469,1
1210.6118,solve.va_sample,2,252.469,1
1211.1121,solve.va_sample,2,252.469,1
1211.6123,solve.va_sample,2,252.469,1
1212.1126,solve.va_sample,2,252.469,1
1212.6129,solve.va_sample,2,252.469,1
1213.1131,solve.va_sample,2,252.469,1
1213.6133,solve.va_sample,2,252.469,1
1214.1136,solve.va_sample,2,252.469,1
1214.6138,solve.va_sample,2,252.469,1
1215.1141,solve.va_sample,2,252.469,1
1215.6143,solve.va_sample,2,252.469,1
1216.1146,solve.va_sample,2,252.469,1
1216.6148,solve.va_sample,2,252.469,1
1217.1151,solve.va_sample,2,252.469,1
1217.6154,solve.va_sample,2,252.469,1
1218.1156,solve.va_sample,2,252.469,1
1218.6159,solve.va_sample,2,252.469,1
1219.1162,solve.va_sample,2,252.469,1
1219.6164,solve.va_sample,2,252.469,1
1220.1167,solve.va_sample,2,252.469,1
1220.6170,solve.va_sample,2,252.469,1
1221.1173,solve.va_sample,2,252.469,1
1221.6175,solve.va_sample,2,252.469,1
1222.1178,solve.va_sample,2,252.469,1
1222.6180,solve.va_sample,2,252.469,1
1223.1183,solve.va_sample,2,252.469,1
1223.6186,solve.va_sample,2,252.469,1
1224.1188,solve.va_sample,2,252.469,1
1224.6191,solve.va_sample,2,252.469,1
1225.1194,solve.va_sample,2,252.469,1
1225.6196,solve.va_sample,2,252.469,1
1226.1199,solve.va_sample,2,252.469,1
1226.6202,solve.va_sample,2,252.469,1
1227.1204,solve.va_sample,2,252.469,1
1227.6207,solve.va_sample,2,252.469,1
1228.1209,solve.va_sample,2,252.469,1
1228.6212,solve.va_sample,2,252.469,1
1229.1215,solve.va_sample,2,252.469,1
1229.6217,solve.va_sample,2,252.469,1
1230.1220,solve.va_sample,2,252.469,1
1230.6222,solve.va_sample,2,252.469,1
1231.1225,solve.va_sample,2,252.469,1
1231.6227,solve.va_sample,2,252.469,1
1232.1230,solve.va_sample,2,252.469,1
1232.6232,solve.va_sample,2,252.469,1
1233.1234,solve.va_sample,2,252.469,1
1233.6237,solve.va_sample,2,252.469,1
1234.1239,solve.va_sample,2,252.469,1
1234.6242,solve.va_sample,2,252.469,1
1235.1244,solve.va_sample,2,252.469,1
1235.6247,solve.va_sample,2,252.469,1
1236.1249,solve.va_sample,2,252.469,1
1236.6252,solve.va_sample,2,252.469,1
1237.1254,solve.va_sample,2,252.469,1
1237.6257,solve.va_sample,2,252.469,1
1238.1259,solve.va_sample,2,252.469,1
1238.6261,solve.va_sample,2,252.469,1
1239.1264,solve.va_sample,2,252.469,1
1239.6266,solve.va_sample,2,252.469,1
1240.1268,solve.va_sample,2,252.469,1
1240.6271,solve.va_sample,2,252.469,1
1241.1273,solve.va_sample,2,252.469,1
1241.6276,solve.va_sample,2,252.469,1
1242.1278,solve.va_sample,2,252.469,1
1242.6280,solve.va_sample,2,252.469,1
1243.1283,solve.va_sample,2,252.469,1
1243.6285,solve.va_sample,2,252.469,1
1244.1288,solve.va_sample,2,252.469,1
1244.6290,solve.va_sample,2,252.469,1
1245.1293,solve.va_sample,2,252.469,1
1245.6295,solve.va_sample,2,252.469,1
1246.1298,solve.va_sample,2,252.469,1
1246.6300,solve.va_sample,2,252.469,1
1247.1302,solve.va_sample,2,252.469,1
1247.6305,solve.va_sample,2,252.469,1
1248.1307,solve.va_sample,2,252.469,1
1248.6309,solve.va_sample,2,252.469,1
1249.1312,solve.va_sample,2,252.469,1
1249.6314,solve.va_sample,2,252.469,1
1250.1316,solve.va_sample,2,252.469,1
1250.6319,solve.va_sample,2,252.469,1
1251.1321,solve.va_sample,2,252.469,1
1251.6323,solve.va_sample,2,252.469,1
1252.1325,solve.va_sample,2,252.469,1
1252.6328,solve.va_sample,2,252.469,1
1253.1330,solve.va_sample,2,252.469,1
1253.6332,solve.va_sample,2,252.469,1
1254.1335,solve.va_sample,2,252.469,1
1254.6337,solve.va_sample,2,252.469,1
1255.1340,solve.va_sample,2,252.469,1
1255.6342,solve.va_sample,2,252.469,1
1256.1344,solve.va_sample,2,252.469,1
1256.6347,solve.va_sample,2,252.469,1
1257.1349,solve.va_sample,2,252.469,1
1257.6351,solve.va_sample,2,252.469,1
1258.1354,solve.va_sample,2,252.469,1
1258.6356,solve.va_sample,2,252.469,1
1259.1359,solve.va_sample,2,252.469,1
1259.6362,solve.va_sample,2,252.469,1
1260.1364,solve.va_sample,2,252.469,1
1260.6367,solve.va_sample,2,252.469,1
1261.1369,solve.va_sample,2,252.469,1
1261.6372,solve.va_sample,2,252.469,1
1262.1374,solve.va_sample,2,252.469,1
1262.6377,solve.va_sample,2,252.469,1
1263.1380,solve.va_sample,2,252.469,1
1263.6382,solve.va_sample,2,252.469,1
1264.1385,solve.va_sample,2,252.469,1
1264.6387,solve.va_sample,2,252.469,1
1265.1390,solve.va_sample,2,252.469,1
1265.6392,solve.va_sample,2,252.469,1
1266.1395,solve.va_sample,2,252.469,1
1266.6397,solve.va_sample,2,252.469,1
1267.1400,solve.va_sample,2,252.469,1
1267.6403,solve.va_sample,2,252.469,1
1268.1405,solve.va_sample,2,252.469,1
1268.6408,solve.va_sample,2,252.469,1
1269.1410,solve.va_sample,2,252.469,1
1269.6413,solve.va_sample,2,252.469,1
1270.1416,solve.va_sample,2,252.469,1
1270.6418,solve.va_sample,2,252.469,1
1271.1421,solve.va_sample,2,252.469,1
1271.6423,solve.va_sample,2,252.469,1
1272.1426,solve.va_sample,2,252.469,1
1272.6428,solve.va_sample,2,252.469,1
1273.1431,solve.va_sample,2,252.469,1
1273.6433,solve.va_sample,2,252.469,1
1274.1436,solve.va_sample,2,252.469,1
1274.6438,solve.va_sample,2,252.469,1
1275.1441,solve.va_sample,2,252.469,1
1275.6444,solve.va_sample,2,252.469,1
1276.1446,solve.va_sample,2,252.469,1
1276.6449,solve.va_sample,2,252.469,1
1277.1452,solve.va_sample,2,252.469,1
1277.6454,solve.va_sample,2,252.469,1
1278.1457,solve.va_sample,2,252.469,1
1278.6460,solve.va_sample,2,252.469,1
1279.1462,solve.va_sample,2,252.469,1
1279.6465,solve.va_sample,2,252.469,1
1280.1467,solve.va_sample,2,252.469,1
1280.6470,solve.va_sample,2,252.469,1
1281.1473,solve.va_sample,2,252.469,1
1281.6475,solve.va_sample,2,252.469,1
1282.1478,solve.va_sample,2,252.469,1
1282.6481,solve.va_sample,2,252.469,1
1283.1483,solve.va_sample,2,252.469,1
1283.6486,solve.va_sample,2,252.469,1
1284.1488,solve.va_sample,2,252.469,1
1284.6491,solve.va_sample,2,252.469,1
1285.1493,solve.va_sample,2,252.469,1
1285.6496,solve.va_sample,2,252.469,1
1286.1498,solve.va_sample,2,252.469,1
1286.6501,solve.va_sample,2,252.469,1
1287.1503,solve.va_sample,2,252.469,1
1287.6506,solve.va_sample,2,252.469,1
1288.1509,solve.va_sample,2,252.469,1
1288.6511,solve.va_sample,2,252.469,1
1289.1514,solve.va_sample,2,252.469,1
1289.6517,solve.va_sample,2,252.469,1
1290.1519,solve.va_sample,2,252.469,1
1290.6522,solve.va_sample,2,252.469,1
1291.1524,solve.va_sample,2,252.469,1
1291.6527,solve.va_sample,2,252.469,1
1292.1530,solve.va_sample,2,252.469,1
1292.6532,solve.va_sample,2,252.469,1
1293.1535,solve.va_sample,2,252.469,1
1293.6537,solve.va_sample,2,252.469,1
1294.1540,solve.va_sample,2,252.469,1
1294.6542,solve.va_sample,2,252.469,1
1295.1545,solve.va_sample,2,252.469,1
1295.6547,solve.va_sample,2,252.469,1
1296.1550,solve.va_sample,2,252.469,1
1296.6552,solve.va_sample,2,252.469,1
1297.1555,solve.va_sample,2,252.469,1
1297.6557,solve.va_sample,2,252.469,1
1298.1560,solve.va_sample,2,252.469,1
1298.6563,solve.va_sample,2,252.469,1
1299.1565,solve.va_sample,2,252.469,1
1299.6568,solve.va_sample,2,252.469,1
1300.1570,solve.va_sample,2,252.469,1
1300.6573,solve.va_sample,2,252.469,1
1301.1575,solve.va_sample,2,252.469,1
1301.6578,solve.va_sample,2,252.469,1
1302.1580,solve.va_sample,2,252.469,1
1302.6582,solve.va_sample,2,252.469,1
1303.1585,solve.va_sample,2,252.469,1
1303.6587,solve.va_sample,2,252.469,1
1304.1590,solve.va_sample,2,252.469,1
1304.6592,solve.va_sample,2,252.469,1
1305.1594,solve.va_sample,2,252.469,1
1305.6597,solve.va_sample,2,252.469,1
1306.1599,solve.va_sample,2,252.469,1
1306.6602,solve.va_sample,2,252.469,1
1307.1604,solve.va_sample,2,252.469,1
1307.6607,solve.va_sample,2,252.469,1
1308.1609,solve.va_sample,2,252.469,1
1308.6611,solve.va_sample,2,252.469,1
1309.1614,solve.va_sample,2,252.469,1
1309.6616,solve.va_sample,2,252.469,1
1310.1618,solve.va_sample,2,252.469,1
1310.6621,solve.va_sample,2,252.469,1
1311.1623,solve.va_sample,2,252.469,1
1311.6625,solve.va_sample,2,252.469,1
1312.1628,solve.va_sample,2,252.469,1
1312.6631,solve.va_sample,2,252.469,1
1313.1633,solve.va_sample,2,252.469,1
1313.6636,solve.va_sample,2,252.469,1
1314.1638,solve.va_sample,2,252.469,1
1314.6640,solve.va_sample,2,252.469,1
1315.1643,solve.va_sample,2,252.469,1
1315.6645,solve.va_sample,2,252.469,1
1316.1648,solve.va_sample,2,252.469,1
1316.6650,solve.va_sample,2,252.469,1
1317.1653,solve.va_sample,2,252.469,1
1317.6655,solve.va_sample,2,252.469,1
1318.1658,solve.va_sample,2,252.469,1
1318.6660,solve.va_sample,2,252.469,1
1319.1662,solve.va_sample,2,252.469,1
1319.6665,solve.va_sample,2,252.469,1
1320.1667,solve.va_sample,2,252.469,1
1320.6670,solve.va_sample,2,252.469,1
1321.1672,solve.va_sample,2,252.469,1
1321.6674,solve.va_sample,2,252.469,1
1322.1677,solve.va_sample,2,252.469,1
1322.6679,solve.va_sample,2,252.469,1
1323.1682,solve.va_sample,2,252.469,1
1323.6684,solve.va_sample,2,252.469,1
1324.1687,solve.va_sample,2,252.469,1
1324.6689,solve.va_sample,2,252.469,1
1325.1692,solve.va_sample,2,252.727,1
1325.6694,solve.va_sample,2,252.727,1
1326.1697,solve.va_sample,2,252.727,1
1326.6699,solve.va_sample,2,252.727,1
1327.1702,solve.va_sample,2,252.727,1
1327.6704,solve.va_sample,2,252.727,1
1328.1707,solve.va_sample,2,252.727,1
1328.6709,solve.va_sample,2,252.727,1
1329.1712,solve.va_sample,2,252.727,1
1329.6714,solve.va_sample,2,252.727,1
1330.1717,solve.va_sample,2,252.727,1
1330.6719,solve.va_sample,2,252.727,1
1331.1722,solve.va_sample,2,252.727,1
1331.6724,solve.va_sample,2,252.727,1
1332.1726,solve.va_sample,2,252.727,1
1332.6729,solve.va_sample,2,252.727,1
1333.1731,solve.va_sample,2,252.727,1
1333.6734,solve.va_sample,2,252.727,1
1334.1736,solve.va_sample,2,252.727,1
1334.6739,solve.va_sample,2,252.727,1
1335.1741,solve.va_sample,2,252.727,1
1335.6744,solve.va_sample,2,252.727,1
1336.1746,solve.va_sample,2,252.727,1
1336.6749,solve.va_sample,2,252.727,1
1337.1752,solve.va_sample,2,252.727,1
1337.6754,solve.va_sample,2,252.727,1
1338.1757,solve.va_sample,2,252.727,1
1338.6759,solve.va_sample,2,252.727,1
1339.1762,solve.va_sample,2,252.727,1
1339.6764,solve.va_sample,2,252.727,1
1340.1767,solve.va_sample,2,252.727,1
1340.6769,solve.va_sample,2,252.727,1
1341.1772,solve.va_sample,2,252.727,1
1341.6775,solve.va_sample,2,252.727,1
1342.1777,solve.va_sample,2,252.727,1
1342.6780,solve.va_sample,2,252.727,1
1343.1782,solve.va_sample,2,252.727,1
1343.6785,solve.va_sample,2,252.727,1
1344.1787,solve.va_sample,2,252.727,1
1344.6790,solve.va_sample,2,252.727,1
1345.1792,solve.va_sample,2,252.727,1
1345.6795,solve.va_sample,2,252.727,1
1346.1797,solve.va_sample,2,252.727,1
1346.6800,solve.va_sample,2,252.727,1
1347.1803,solve.va_sample,2,252.727,1
1347.6805,solve.va_sample,2,252.727,1
1348.1808,solve.va_sample,2,252.727,1
1348.6811,solve.va_sample,2,252.727,1
1349.1813,solve.va_sample,2,252.727,1
1349.6816,solve.va_sample,2,252.727,1
1350.1818,solve.va_sample,2,252.727,1
1350.6821,solve.va_sample,2,252.727,1
1351.1823,solve.va_sample,2,252.727,1
1351.6826,solve.va_sample,2,252.727,1
1352.1829,solve.va_sample,2,252.727,1
1352.6831,solve.va_sample,2,252.727,1
1353.1834,solve.va_sample,2,252.727,1
1353.6837,solve.va_sample,2,252.727,1
1354.1839,solve.va_sample,2,252.727,1
1354.6842,solve.va_sample,2,252.727,1
1355.1845,solve.va_sample,2,252.727,1
1355.6847,solve.va_sample,2,252.727,1
1356.1850,solve.va_sample,2,252.727,1
1356.6853,solve.va_sample,2,252.727,1
1357.1855,solve.va_sample,2,252.727,1
1357.6857,solve.va_sample,2,252.727,1
1358.1860,solve.va_sample,2,252.727,1
1358.6862,solve.va_sample,2,252.727,1
1359.1865,solve.va_sample,2,252.727,1
1359.6867,solve.va_sample,2,252.727,1
1360.1870,solve.va_sample,2,252.727,1
1360.6873,solve.va_sample,2,252.727,1
1361.1875,solve.va_sample,2,252.727,1
1361.6878,solve.va_sample,2,252.727,1
1362.1880,solve.va_sample,2,252.727,1
1362.6883,solve.va_sample,2,252.727,1
1363.1886,solve.va_sample,2,252.727,1
1363.6888,solve.va_sample,2,252.727,1
1364.1891,solve.va_sample,2,252.727,1
1364.6893,solve.va_sample,2,252.727,1
1365.1896,solve.va_sample,2,252.727,1
1365.6898,solve.va_sample,2,252.727,1
1366.1901,solve.va_sample,2,252.727,1
1366.6903,solve.va_sample,2,252.727,1
1367.1906,solve.va_sample,2,252.727,1
1367.6909,solve.va_sample,2,252.727,1
1368.1911,solve.va_sample,2,252.727,1
1368.6914,solve.va_sample,2,252.727,1
1369.1916,solve.va_sample,2,252.727,1
1369.6919,solve.va_sample,2,252.727,1
1370.1921,solve.va_sample,2,252.727,1
1370.6923,solve.va_sample,2,252.727,1
1371.1925,solve.va_sample,2,252.727,1
1371.6928,solve.va_sample,2,252.727,1
1372.1930,solve.va_sample,2,252.727,1
1372.6933,solve.va_sample,2,252.727,1
1373.1935,solve.va_sample,2,252.727,1
1373.6938,solve.va_sample,2,252.727,1
1374.1940,solve.va_sample,2,252.727,1
1374.6943,solve.va_sample,2,252.727,1
1375.1945,solve.va_sample,2,252.727,1
1375.6948,solve.va_sample,2,252.727,1
1376.1950,solve.va_sample,2,252.727,1
1376.6953,solve.va_sample,2,252.727,1
1377.1956,solve.va_sample,2,252.727,1
1377.6958,solve.va_sample,2,252.727,1
1378.1961,solve.va_sample,2,252.727,1
1378.6963,solve.va_sample,2,252.727,1
1379.1966,solve.va_sample,2,252.727,1
1379.6969,solve.va_sample,2,252.727,1
1380.1972,solve.va_sample,2,252.727,1
1380.6974,solve.va_sample,2,252.727,1
1381.1977,solve.va_sample,2,252.727,1
1381.6979,solve.va_sample,2,252.727,1
1382.1982,solve.va_sample,2,252.727,1
1382.6984,solve.va_sample,2,252.727,1
1383.1987,solve.va_sample,2,252.727,1
1383.6990,solve.va_sample,2,252.727,1
1384.1992,solve.va_sample,2,252.727,1
1384.6995,solve.va_sample,2,252.727,1
1385.1997,solve.va_sample,2,252.727,1
1385.7000,solve.va_sample,2,252.727,1
1386.2002,solve.va_sample,2,252.727,1
1386.7005,solve.va_sample,2,252.727,1
1387.2008,solve.va_sample,2,252.727,1
1387.7010,solve.va_sample,2,252.727,1
1388.2013,solve.va_sample,2,252.727,1
1388.7015,solve.va_sample,2,252.727,1
1389.2018,solve.va_sample,2,252.727,1
1389.7021,solve.va_sample,2,252.727,1
1390.2023,solve.va_sample,2,252.727,1
1390.7026,solve.va_sample,2,252.727,1
1391.2028,solve.va_sample,2,252.727,1
1391.7031,solve.va_sample,2,252.727,1
1392.2033,solve.va_sample,2,252.727,1
1392.7036,solve.va_sample,2,252.727,1
1393.2039,solve.va_sample,2,252.727,1
1393.7041,solve.va_sample,2,252.727,1
1394.2044,solve.va_sample,2,252.727,1
1394.7047,solve.va_sample,2,252.727,1
1395.2049,solve.va_sample,2,252.727,1
1395.7052,solve.va_sample,2,252.727,1
1396.2054,solve.va_sample,2,252.727,1
1396.7057,solve.va_sample,2,252.727,1
1397.2060,solve.va_sample,2,252.727,1
1397.7062,solve.va_sample,2,252.727,1
1398.2065,solve.va_sample,2,252.727,1
1398.7068,solve.va_sample,2,252.727,1
1399.2070,solve.va_sample,2,252.727,1
1399.7073,solve.va_sample,2,252.727,1
1400.2075,solve.va_sample,2,252.727,1
1400.7078,solve.va_sample,2,252.727,1
1401.2080,solve.va_sample,2,252.727,1
1401.7083,solve.va_sample,2,252.727,1
1402.2085,solve.va_sample,2,252.727,1
1402.7088,solve.va_sample,2,252.727,1
1403.2091,solve.va_sample,2,252.727,1
1403.7093,solve.va_sample,2,252.727,1
1404.2096,solve.va_sample,2,252.727,1
1404.7098,solve.va_sample,2,252.727,1
1405.2101,solve.va_sample,2,252.727,1
1405.7103,solve.va_sample,2,252.727,1
1406.2106,solve.va_sample,2,252.727,1
1406.7108,solve.va_sample,2,252.727,1
1407.2111,solve.va_sample,2,252.727,1
1407.7114,solve.va_sample,2,252.727,1
1408.2117,solve.va_sample,2,252.727,1
1408.7120,solve.va_sample,2,252.727,1
1409.2122,solve.va_sample,2,252.727,1
1409.7125,solve.va_sample,2,252.727,1
1410.2128,solve.va_sample,2,252.727,1
1410.7130,solve.va_sample,2,252.727,1
1411.2133,solve.va_sample,2,252.727,1
1411.7136,solve.va_sample,2,252.727,1
1412.2139,solve.va_sample,2,252.727,1
1412.7141,solve.va_sample,2,252.727,1
1413.2144,solve.va_sample,2,252.727,1
1413.7146,solve.va_sample,2,252.727,1
1414.2149,solve.va_sample,2,252.727,1
1414.7151,solve.va_sample,2,252.727,1
1415.2154,solve.va_sample,2,252.727,1
1415.7157,solve.va_sample,2,252.727,1
1416.2159,solve.va_sample,2,252.727,1
1416.7162,solve.va_sample,2,252.727,1
1417.2165,solve.va_sample,2,252.727,1
1417.7167,solve.va_sample,2,252.727,1
1418.2170,solve.va_sample,2,252.727,1
1418.7172,solve.va_sample,2,252.727,1
1419.2175,solve.va_sample,2,252.727,1
1419.7178,solve.va_sample,2,252.727,1
1420.2181,solve.va_sample,2,252.727,1
1420.7183,solve.va_sample,2,252.727,1
1421.2186,solve.va_sample,2,252.727,1
1421.7188,solve.va_sample,2,252.727,1
1422.2191,solve.va_sample,2,252.727,1
1422.7194,solve.va_sample,2,252.727,1
1423.2196,solve.va_sample,2,252.727,1
1423.7199,solve.va_sample,2,252.727,1
1424.2202,solve.va_sample,2,252.727,1
1424.7204,solve.va_sample,2,252.727,1
1425.2207,solve.va_sample,2,252.727,1
1425.7210,solve.va_sample,2,252.727,1
1426.2213,solve.va_sample,2,252.727,1
1426.7216,solve.va_sample,2,252.727,1
1427.2218,solve.va_sample,2,252.727,1
1427.7221,solve.va_sample,2,252.727,1
1428.2223,solve.va_sample,2,252.727,1
1428.7226,solve.va_sample,2,252.727,1
1429.2229,solve.va_sample,2,252.727,1
1429.7231,solve.va_sample,2,252.727,1
1430.2234,solve.va_sample,2,252.727,1
1430.7236,solve.va_sample,2,252.727,1
1431.2239,solve.va_sample,2,252.727,1
1431.7242,solve.va_sample,2,252.727,1
1432.2244,solve.va_sample,2,252.727,1
1432.7247,solve.va_sample,2,252.727,1
1433.2249,solve.va_sample,2,252.727,1
1433.7252,solve.va_sample,2,252.727,1
1434.2254,solve.va_sample,2,252.727,1
1434.7257,solve.va_sample,2,252.727,1
1435.2259,solve.va_sample,2,252.727,1
1435.7262,solve.va_sample,2,252.727,1
1436.2264,solve.va_sample,2,252.727,1
1436.7267,solve.va_sample,2,252.727,1
1437.2270,solve.va_sample,2,252.727,1
1437.7273,solve.va_sample,2,252.727,1
1438.2275,solve.va_sample,2,252.727,1
1438.7278,solve.va_sample,2,252.727,1
1439.2280,solve.va_sample,2,252.727,1
1439.7283,solve.va_sample,2,252.727,1
1440.2286,solve.va_sample,2,252.727,1
1440.7288,solve.va_sample,2,252.727,1
1441.2291,solve.va_sample,2,252.727,1
1441.7293,solve.va_sample,2,252.727,1
1442.2296,solve.va_sample,2,252.727,1
1442.7298,solve.va_sample,2,252.727,1
1443.2301,solve.va_sample,2,252.727,1
1443.7303,solve.va_sample,2,252.727,1
1444.2306,solve.va_sample,2,252.727,1
1444.7308,solve.va_sample,2,252.727,1
1445.2311,solve.va_sample,2,252.727,1
1445.7313,solve.va_sample,2,252.727,1
1446.2316,solve.va_sample,2,252.727,1
1446.7318,solve.va_sample,2,252.727,1
1447.2321,solve.va_sample,2,252.727,1
1447.7323,solve.va_sample,2,252.727,1
1448.2326,solve.va_sample,2,252.727,1
1448.7328,solve.va_sample,2,252.727,1
1449.2331,solve.va_sample,2,252.727,1
1449.7333,solve.va_sample,2,252.727,1
1450.2336,solve.va_sample,2,252.727,1
1450.7338,solve.va_sample,2,252.727,1
1451.2364,solve.va_sample,2,254.836,1
1451.7367,solve.va_sample,2,254.836,1
1452.2369,solve.va_sample,2,254.836,1
1452.7372,solve.va_sample,2,254.836,1
1453.2374,solve.va_sample,2,254.836,1
1453.7377,solve.va_sample,2,254.836,1
1454.2379,solve.va_sample,2,254.836,1
1454.7382,solve.va_sample,2,254.836,1
1455.2385,solve.va_sample,2,254.836,1
1455.7387,solve.va_sample,2,254.836,1
1456.2390,solve.va_sample,2,254.836,1
1456.7392,solve.va_sample,2,254.836,1
1457.2395,solve.va_sample,2,254.836,1
1457.7398,solve.va_sample,2,254.836,1
1458.2400,solve.va_sample,2,254.836,1
1458.7403,solve.va_sample,2,254.836,1
1459.2405,solve.va_sample,2,254.836,1
1459.7408,solve.va_sample,2,254.836,1
1460.2411,solve.va_sample,2,254.836,1
1460.7413,solve.va_sample,2,254.836,1
1461.2416,solve.va_sample,2,254.836,1
1461.7419,solve.va_sample,2,254.836,1
1462.2421,solve.va_sample,2,254.836,1
1462.7423,solve.va_sample,2,254.836,1
1463.2426,solve.va_sample,2,254.836,1
1463.7428,solve.va_sample,2,254.836,1
1464.2431,solve.va_sample,2,254.836,1
1464.7433,solve.va_sample,2,254.836,1
1465.2436,solve.va_sample,2,254.836,1
1465.7438,solve.va_sample,2,254.836,1
1466.2441,solve.va_sample,2,254.836,1
1466.7443,solve.va_sample,2,254.836,1
1467.2446,solve.va_sample,2,254.836,1
1467.7449,solve.va_sample,2,254.836,1
1468.2452,solve.va_sample,2,254.836,1
1468.7454,solve.va_sample,2,254.836,1
1469.2457,solve.va_sample,2,254.836,1
1469.7460,solve.va_sample,2,254.836,1
1470.2462,solve.va_sample,2,254.836,1
1470.7465,solve.va_sample,2,254.836,1
1471.2467,solve.va_sample,2,254.836,1
1471.7469,solve.va_sample,2,254.836,1
1472.2472,solve.va_sample,2,254.836,1
1472.7474,solve.va_sample,2,254.836,1
1473.2477,solve.va_sample,2,254.836,1
1473.7479,solve.va_sample,2,254.836,1
1474.2482,solve.va_sample,2,254.836,1
1474.7484,solve.va_sample,2,254.836,1
1475.2487,solve.va_sample,2,254.836,1
1475.7489,solve.va_sample,2,254.836,1
1476.2492,solve.va_sample,2,254.836,1
1476.7494,solve.va_sample,2,254.836,1
1477.2497,solve.va_sample,2,254.836,1
1477.7499,solve.va_sample,2,254.836,1
1478.2502,solve.va_sample,2,254.836,1
1478.7504,solve.va_sample,2,254.836,1
1479.2507,solve.va_sample,2,254.836,1
1479.7509,solve.va_sample,2,254.836,1
1480.2512,solve.va_sample,2,254.836,1
1480.7514,solve.va_sample,2,254.836,1
1481.2517,solve.va_sample,2,254.836,1
1481.7519,solve.va_sample,2,254.836,1
1482.2522,solve.va_sample,2,254.836,1
1482.7524,solve.va_sample,2,254.836,1
1483.2527,solve.va_sample,2,254.836,1
1483.7529,solve.va_sample,2,254.836,1
1484.2532,solve.va_sample,2,254.836,1
1484.7534,solve.va_sample,2,254.836,1
1485.2537,solve.va_sample,2,254.836,1
1485.7539,solve.va_sample,2,254.836,1
1486.2542,solve.va_sample,2,254.836,1
1486.7545,solve.va_sample,2,254.836,1
1487.2547,solve.va_sample,2,254.836,1
1487.7550,solve.va_sample,2,254.836,1
1488.2553,solve.va_sample,2,254.836,1
1488.7555,solve.va_sample,2,254.836,1
1489.2558,solve.va_sample,2,254.836,1
1489.7560,solve.va_sample,2,254.836,1
1490.2563,solve.va_sample,2,254.836,1
1490.7565,solve.va_sample,2,254.836,1
1491.2568,solve.va_sample,2,254.836,1
1491.7570,solve.va_sample,2,254.836,1
1492.2573,solve.va_sample,2,254.836,1
1492.7575,solve.va_sample,2,254.836,1
1493.2577,solve.va_sample,2,254.836,1
1493.7580,solve.va_sample,2,254.836,1
1494.2582,solve.va_sample,2,254.836,1
1494.7585,solve.va_sample,2,254.836,1
1495.2587,solve.va_sample,2,254.836,1
1495.7589,solve.va_sample,2,254.836,1
1496.2592,solve.va_sample,2,254.836,1
1496.7595,solve.va_sample,2,254.836,1
1497.2597,solve.va_sample,2,254.836,1
1497.7600,solve.va_sample,2,254.836,1
1498.2603,solve.va_sample,2,254.836,1
1498.7605,solve.va_sample,2,254.836,1
1499.2608,solve.va_sample,2,254.836,1
1499.7611,solve.va_sample,2,254.836,1
1500.2613,solve.va_sample,2,254.836,1
1500.7616,solve.va_sample,2,254.836,1
1501.2618,solve.va_sample,2,254.836,1
1501.7621,solve.va_sample,2,254.836,1
1502.2623,solve.va_sample,2,254.836,1
1502.7625,solve.va_sample,2,254.836,1
1503.2628,solve.va_sample,2,254.836,1
1503.7630,solve.va_sample,2,254.836,1
1504.2633,solve.va_sample,2,254.836,1
1504.7635,solve.va_sample,2,254.836,1
1505.2638,solve.va_sample,2,254.836,1
1505.7640,solve.va_sample,2,254.836,1
1506.2643,solve.va_sample,2,254.836,1
1506.7646,solve.va_sample,2,254.836,1
1507.2649,solve.va_sample,2,254.836,1
1507.7652,solve.va_sample,2,254.836,1
1508.2655,solve.va_sample,2,254.836,1
1508.7658,solve.va_sample,2,254.836,1
1509.2660,solve.va_sample,2,254.836,1
1509.7663,solve.va_sample,2,254.836,1
1510.2665,solve.va_sample,2,254.836,1
1510.7668,solve.va_sample,2,254.836,1
1511.2670,solve.va_sample,2,254.836,1
1511.7673,solve.va_sample,2,254.836,1
1512.2675,solve.va_sample,2,254.836,1
1512.7678,solve.va_sample,2,254.836,1
1513.2680,solve.va_sample,2,254.836,1
1513.7682,solve.va_sample,2,254.836,1
1514.2685,solve.va_sample,2,254.836,1
1514.7687,solve.va_sample,2,254.836,1
1515.2690,solve.va_sample,2,254.836,1
1515.7692,solve.va_sample,2,254.836,1
1516.2695,solve.va_sample,2,254.836,1
1516.7697,solve.va_sample,2,254.836,1
1517.2700,solve.va_sample,2,254.836,1
1517.7702,solve.va_sample,2,254.836,1
1518.2705,solve.va_sample,2,254.836,1
1518.7708,solve.va_sample,2,254.836,1
1519.2710,solve.va_sample,2,254.836,1
1519.7713,solve.va_sample,2,254.836,1
1520.2715,solve.va_sample,2,254.836,1
1520.7717,solve.va_sample,2,254.836,1
1521.2720,solve.va_sample,2,254.836,1
1521.7723,solve.va_sample,2,254.836,1
1522.2725,solve.va_sample,2,254.836,1
1522.7728,solve.va_sample,2,254.836,1
1523.2730,solve.va_sample,2,254.836,1
1523.7733,solve.va_sample,2,254.836,1
1524.2735,solve.va_sample,2,254.836,1
1524.7738,solve.va_sample,2,254.836,1
1525.2741,solve.va_sample,2,254.836,1
1525.7743,solve.va_sample,2,254.836,1
1526.2746,solve.va_sample,2,254.836,1
1526.7748,solve.va_sample,2,254.836,1
1527.2751,solve.va_sample,2,254.836,1
1527.7754,solve.va_sample,2,254.836,1
1528.2756,solve.va_sample,2,254.836,1
1528.7759,solve.va_sample,2,254.836,1
1529.2761,solve.va_sample,2,254.836,1
1529.7763,solve.va_sample,2,254.836,1
1530.2766,solve.va_sample,2,254.836,1
1530.7768,solve.va_sample,2,254.836,1
1531.2770,solve.va_sample,2,254.836,1
1531.7773,solve.va_sample,2,254.836,1
1532.2775,solve.va_sample,2,254.836,1
1532.7778,solve.va_sample,2,254.836,1
1533.2781,solve.va_sample,2,254.836,1
1533.7783,solve.va_sample,2,254.836,1
1534.2785,solve.va_sample,2,254.836,1
1534.7788,solve.va_sample,2,254.836,1
1535.2790,solve.va_sample,2,254.836,1
1535.7793,solve.va_sample,2,254.836,1
1536.2795,solve.va_sample,2,254.836,1
1536.7798,solve.va_sample,2,254.836,1
1537.2800,solve.va_sample,2,254.836,1
1537.7802,solve.va_sample,2,254.836,1
1538.2805,solve.va_sample,2,254.836,1
1538.7807,solve.va_sample,2,254.836,1
1539.2810,solve.va_sample,2,254.836,1
1539.7812,solve.va_sample,2,254.836,1
1540.2815,solve.va_sample,2,254.836,1
1540.7817,solve.va_sample,2,254.836,1
1541.2820,solve.va_sample,2,254.836,1
1541.7822,solve.va_sample,2,254.836,1
1542.2825,solve.va_sample,2,254.836,1
1542.7827,solve.va_sample,2,254.836,1
1543.2830,solve.va_sample,2,254.836,1
1543.7832,solve.va_sample,2,254.836,1
1544.2835,solve.va_sample,2,254.836,1
1544.7837,solve.va_sample,2,254.836,1
1545.2839,solve.va_sample,2,254.836,1
1545.7842,solve.va_sample,2,254.836,1
1546.2844,solve.va_sample,2,254.836,1
1546.7847,solve.va_sample,2,254.836,1
1547.2849,solve.va_sample,2,254.836,1
1547.7852,solve.va_sample,2,254.836,1
1548.2854,solve.va_sample,2,254.836,1
1548.7856,solve.va_sample,2,254.836,1
1549.2859,solve.va_sample,2,254.836,1
1549.7861,solve.va_sample,2,254.836,1
1550.2864,solve.va_sample,2,254.836,1
1550.7866,solve.va_sample,2,254.836,1
1551.2869,solve.va_sample,2,254.836,1
1551.7871,solve.va_sample,2,254.836,1
1552.2873,solve.va_sample,2,254.836,1
1552.7876,solve.va_sample,2,254.836,1
1553.2878,solve.va_sample,2,254.836,1
1553.7880,solve.va_sample,2,254.836,1
1554.2883,solve.va_sample,2,254.836,1
1554.7885,solve.va_sample,2,254.836,1
1555.2888,solve.va_sample,2,254.836,1
1555.7890,solve.va_sample,2,254.836,1
1556.2893,solve.va_sample,2,254.836,1
1556.7895,solve.va_sample,2,254.836,1
1557.2898,solve.va_sample,2,254.836,1
1557.7900,solve.va_sample,2,254.836,1
1558.2903,solve.va_sample,2,254.836,1
1558.7905,solve.va_sample,2,254.836,1
1559.2908,solve.va_sample,2,254.836,1
1559.7910,solve.va_sample,2,254.836,1
1560.2913,solve.va_sample,2,254.836,1
1560.7915,solve.va_sample,2,254.836,1
1561.2918,solve.va_sample,2,254.836,1
1561.7920,solve.va_sample,2,254.836,1
1562.2922,solve.va_sample,2,254.836,1
1562.7925,solve.va_sample,2,254.836,1
1563.2927,solve.va_sample,2,254.836,1
1563.7930,solve.va_sample,2,254.836,1
1564.2932,solve.va_sample,2,254.836,1
1564.7935,solve.va_sample,2,254.836,1
1565.2937,solve.va_sample,2,254.836,1
1565.7939,solve.va_sample,2,254.836,1
1566.2942,solve.va_sample,2,254.836,1
1566.7944,solve.va_sample,2,254.836,1
1567.2947,solve.va_sample,2,254.836,1
1567.7949,solve.va_sample,2,254.836,1
1568.2952,solve.va_sample,2,254.836,1
1568.7954,solve.va_sample,2,254.836,1
1569.2957,solve.va_sample,2,254.836,1
1569.7959,solve.va_sample,2,254.836,1
1570.2962,solve.va_sample,2,254.836,1
1570.7964,solve.va_sample,2,254.836,1
1571.2967,solve.va_sample,2,254.836,1
1571.7969,solve.va_sample,2,254.836,1
1572.2972,solve.va_sample,2,254.836,1
1572.7974,solve.va_sample,2,254.836,1
1573.2976,solve.va_sample,2,254.836,1
1573.7979,solve.va_sample,2,254.836,1
1574.2981,solve.va_sample,2,254.836,1
1574.7984,solve.va_sample,2,254.836,1
1575.2986,solve.va_sample,2,254.836,1
1575.7989,solve.va_sample,2,254.836,1
1576.2992,solve.va_sample,2,254.836,1
1576.7995,solve.va_sample,2,254.836,1
1577.2998,solve.va_sample,2,254.836,1
1577.8001,solve.va_sample,2,254.836,1
1578.3003,solve.va_sample,2,254.836,1
1578.8006,solve.va_sample,2,254.836,1
1579.3008,solve.va_sample,2,254.836,1
1579.8011,solve.va_sample,2,254.836,1
1580.3013,solve.va_sample,2,254.836,1
1580.8016,solve.va_sample,2,254.836,1
1581.3018,solve.va_sample,2,254.836,1
1581.8021,solve.va_sample,2,254.836,1
1582.3023,solve.va_sample,2,254.836,1
1582.8026,solve.va_sample,2,254.836,1
1583.3028,solve.va_sample,2,254.836,1
1583.8031,solve.va_sample,2,254.836,1
1584.3033,solve.va_sample,2,254.836,1
1584.8036,solve.va_sample,2,254.836,1
1585.3039,solve.va_sample,2,254.836,1
1585.8041,solve.va_sample,2,254.836,1
1586.3043,solve.va_sample,2,254.836,1
1586.8046,solve.va_sample,2,254.836,1
1587.3048,solve.va_sample,2,254.836,1
1587.8051,solve.va_sample,2,254.836,1
1588.3053,solve.va_sample,2,254.836,1
1588.8056,solve.va_sample,2,254.836,1
1589.3058,solve.va_sample,2,254.836,1
1589.8061,solve.va_sample,2,254.836,1
1590.3063,solve.va_sample,2,254.836,1
1590.8066,solve.va_sample,2,254.836,1
1591.3068,solve.va_sample,2,254.836,1
1591.8070,solve.va_sample,2,254.836,1
1592.3073,solve.va_sample,2,254.836,1
1592.8076,solve.va_sample,2,254.836,1
1593.3078,solve.va_sample,2,254.836,1
1593.8080,solve.va_sample,2,254.836,1
1594.3083,solve.va_sample,2,254.836,1
1594.8085,solve.va_sample,2,254.836,1
1595.3088,solve.va_sample,2,254.836,1
1595.8090,solve.va_sample,2,254.836,1
1596.3093,solve.va_sample,2,254.836,1
1596.8095,solve.va_sample,2,254.836,1
1597.3098,solve.va_sample,2,254.836,1
1597.8277,solve.va_sample,2,259.219,1
1598.3674,solve.va_sample,2,265.148,1
1598.8972,solve.va_sample,2,272.109,1
1599.4183,solve.va_sample,2,278.039,1
1599.6187,solve.va_sample,2,280.617,1
1599.6226,solve.sample_eval,2,280.617,1
1599.9541,solve.sample_eval,2,283.711,1
1600.4912,solve.sample_eval,2,299.656,1
1601.0218,solve.sample_eval,2,313.062,1
1601.5576,solve.sample_eval,2,326.211,1
1602.0832,solve.sample_eval,2,339.102,1
1602.6087,solve.sample_eval,2,358.953,1
1603.1495,solve.sample_eval,2,371.844,1
1603.6753,solve.sample_eval,2,384.734,1
1604.2009,solve.sample_eval,2,397.625,1
1604.7366,solve.sample_eval,2,410.258,1
1605.2732,solve.sample_eval,2,423.148,1
1605.5730,solve.sample_eval,2,455.633,1
1605.5747,solve,1,455.633,1
1605.8337,(unmarked),0,446.188,1
1605.8348,(unmarked),0,446.371,1
