t_seconds,phase,depth,rss_mb,batch_id
0.0004,data_load,1,103.281,
0.0569,data_load,1,109.625,
0.0573,batch_build,1,109.625,
0.0882,batch_build,1,110.371,
0.0938,preflight,1,110.371,
0.5189,preflight.pyqubo_express,2,129.891,
0.5190,preflight.pyqubo_express,2,129.891,
0.5989,preflight.pyqubo_express,2,130.406,
0.5992,preflight.pyqubo_compile,2,130.406,
0.6453,preflight.pyqubo_compile,2,187.789,
0.6527,preflight.to_qubo,2,187.789,
0.7004,preflight.to_qubo,2,198.016,
0.7369,preflight,1,194.688,
0.7989,solve,1,195.406,
1.0446,solve,1,195.406,
1.2439,solve.pyqubo_express,2,196.438,
1.3298,solve.pyqubo_express,2,196.695,
1.3300,solve.pyqubo_compile,2,196.695,
1.3791,solve.pyqubo_compile,2,254.332,
1.3876,solve.to_qubo,2,254.332,
1.4359,solve.to_qubo,2,261.809,
1.4378,solve,1,261.809,
1.4388,solve,1,261.809,
1.4394,solve.va_model_build,2,261.809,
2.2007,solve.va_model_build,2,262.840,
2.2120,solve.va_model_build,2,326.004,
2.2123,solve.va_sample,2,326.004,
2.7010,solve.va_sample,2,326.262,
3.2013,solve.va_sample,2,326.262,
3.7015,solve.va_sample,2,326.262,
4.2017,solve.va_sample,2,326.262,
4.7020,solve.va_sample,2,326.262,
5.2022,solve.va_sample,2,326.262,
5.7025,solve.va_sample,2,326.262,
6.2027,solve.va_sample,2,326.262,
6.7030,solve.va_sample,2,326.262,
7.2032,solve.va_sample,2,326.262,
7.7034,solve.va_sample,2,326.262,
8.2037,solve.va_sample,2,326.262,
8.7039,solve.va_sample,2,326.262,
9.2042,solve.va_sample,2,326.262,
9.7044,solve.va_sample,2,326.262,
10.2047,solve.va_sample,2,326.262,
10.7049,solve.va_sample,2,326.262,
11.2051,solve.va_sample,2,326.262,
11.7054,solve.va_sample,2,326.262,
12.2056,solve.va_sample,2,326.262,
12.7059,solve.va_sample,2,326.262,
13.2061,solve.va_sample,2,326.262,
13.7063,solve.va_sample,2,326.262,
14.2066,solve.va_sample,2,326.262,
14.7068,solve.va_sample,2,326.262,
15.2070,solve.va_sample,2,326.262,
15.7073,solve.va_sample,2,326.262,
16.2075,solve.va_sample,2,326.262,
16.7078,solve.va_sample,2,326.262,
17.2080,solve.va_sample,2,326.262,
17.7082,solve.va_sample,2,326.262,
18.2085,solve.va_sample,2,326.262,
18.7087,solve.va_sample,2,326.262,
19.2090,solve.va_sample,2,326.262,
19.7092,solve.va_sample,2,326.262,
20.2094,solve.va_sample,2,326.262,
20.7097,solve.va_sample,2,326.262,
21.2099,solve.va_sample,2,326.262,
21.7101,solve.va_sample,2,326.262,
22.2104,solve.va_sample,2,326.262,
22.7106,solve.va_sample,2,326.262,
23.2109,solve.va_sample,2,326.262,
23.7111,solve.va_sample,2,326.262,
24.2114,solve.va_sample,2,326.262,
24.7116,solve.va_sample,2,326.262,
25.2119,solve.va_sample,2,326.262,
25.7121,solve.va_sample,2,326.262,
26.2123,solve.va_sample,2,326.262,
26.7126,solve.va_sample,2,326.262,
27.2128,solve.va_sample,2,326.262,
27.7130,solve.va_sample,2,326.262,
28.2133,solve.va_sample,2,326.262,
28.7135,solve.va_sample,2,326.262,
29.2138,solve.va_sample,2,326.262,
29.7140,solve.va_sample,2,326.262,
30.2142,solve.va_sample,2,326.262,
30.7145,solve.va_sample,2,326.262,
31.2147,solve.va_sample,2,326.262,
31.7149,solve.va_sample,2,326.262,
32.2152,solve.va_sample,2,326.262,
32.7154,solve.va_sample,2,326.262,
33.2157,solve.va_sample,2,326.262,
33.7159,solve.va_sample,2,326.262,
34.2162,solve.va_sample,2,326.262,
34.7164,solve.va_sample,2,326.262,
35.2166,solve.va_sample,2,326.262,
35.7169,solve.va_sample,2,326.262,
36.2171,solve.va_sample,2,326.262,
36.7174,solve.va_sample,2,326.262,
37.2176,solve.va_sample,2,326.262,
37.7178,solve.va_sample,2,326.262,
38.2181,solve.va_sample,2,326.262,
38.7183,solve.va_sample,2,326.262,
39.2185,solve.va_sample,2,326.262,
39.7188,solve.va_sample,2,326.262,
40.2190,solve.va_sample,2,326.262,
40.7193,solve.va_sample,2,326.262,
41.2195,solve.va_sample,2,326.262,
41.7197,solve.va_sample,2,326.262,
42.2200,solve.va_sample,2,326.262,
42.7202,solve.va_sample,2,326.262,
43.2205,solve.va_sample,2,326.262,
43.7207,solve.va_sample,2,326.262,
44.2210,solve.va_sample,2,326.262,
44.7212,solve.va_sample,2,326.262,
45.2214,solve.va_sample,2,326.262,
45.7217,solve.va_sample,2,326.262,
46.2219,solve.va_sample,2,326.262,
46.7222,solve.va_sample,2,326.262,
47.2224,solve.va_sample,2,326.262,
47.7226,solve.va_sample,2,326.262,
48.2229,solve.va_sample,2,326.262,
48.7231,solve.va_sample,2,326.262,
49.2234,solve.va_sample,2,326.262,
49.7236,solve.va_sample,2,326.262,
50.2238,solve.va_sample,2,326.262,
50.7241,solve.va_sample,2,326.262,
51.2243,solve.va_sample,2,326.262,
51.7245,solve.va_sample,2,326.262,
52.2248,solve.va_sample,2,326.262,
52.7251,solve.va_sample,2,326.262,
53.2253,solve.va_sample,2,326.262,
53.7256,solve.va_sample,2,326.262,
54.2258,solve.va_sample,2,326.262,
54.7260,solve.va_sample,2,326.262,
55.2263,solve.va_sample,2,326.262,
55.7265,solve.va_sample,2,326.262,
56.2267,solve.va_sample,2,326.262,
56.7270,solve.va_sample,2,326.262,
57.2272,solve.va_sample,2,326.262,
57.7275,solve.va_sample,2,326.262,
58.2277,solve.va_sample,2,326.262,
58.7279,solve.va_sample,2,326.262,
59.2282,solve.va_sample,2,326.262,
59.7284,solve.va_sample,2,326.262,
60.2287,solve.va_sample,2,326.262,
60.7289,solve.va_sample,2,326.262,
61.2292,solve.va_sample,2,326.262,
61.7294,solve.va_sample,2,326.262,
62.2297,solve.va_sample,2,326.262,
62.7299,solve.va_sample,2,326.262,
63.2302,solve.va_sample,2,326.262,
63.7304,solve.va_sample,2,326.262,
64.2307,solve.va_sample,2,326.262,
64.7309,solve.va_sample,2,326.262,
65.2312,solve.va_sample,2,326.262,
65.7314,solve.va_sample,2,326.262,
66.2316,solve.va_sample,2,326.262,
66.7319,solve.va_sample,2,326.262,
67.2321,solve.va_sample,2,326.262,
67.7324,solve.va_sample,2,326.262,
68.2326,solve.va_sample,2,326.262,
68.7329,solve.va_sample,2,326.262,
69.2331,solve.va_sample,2,326.262,
69.7333,solve.va_sample,2,326.262,
70.2336,solve.va_sample,2,326.262,
70.7338,solve.va_sample,2,326.262,
71.2340,solve.va_sample,2,326.262,
71.7343,solve.va_sample,2,326.262,
72.2345,solve.va_sample,2,326.262,
72.7348,solve.va_sample,2,326.262,
73.2350,solve.va_sample,2,326.262,
73.7353,solve.va_sample,2,326.262,
74.2355,solve.va_sample,2,326.262,
74.7357,solve.va_sample,2,326.262,
75.2360,solve.va_sample,2,326.262,
75.7362,solve.va_sample,2,326.262,
76.2365,solve.va_sample,2,326.262,
76.7367,solve.va_sample,2,326.262,
77.2369,solve.va_sample,2,326.262,
77.7372,solve.va_sample,2,326.262,
78.2374,solve.va_sample,2,326.262,
78.7377,solve.va_sample,2,326.262,
79.2379,solve.va_sample,2,326.262,
79.7381,solve.va_sample,2,326.262,
80.2383,solve.va_sample,2,326.262,
80.7386,solve.va_sample,2,326.262,
81.2388,solve.va_sample,2,326.262,
81.7390,solve.va_sample,2,326.262,
82.2393,solve.va_sample,2,326.262,
82.7396,solve.va_sample,2,326.262,
83.2398,solve.va_sample,2,326.262,
83.7400,solve.va_sample,2,326.262,
84.2403,solve.va_sample,2,326.262,
84.7405,solve.va_sample,2,326.262,
85.2407,solve.va_sample,2,326.262,
85.7410,solve.va_sample,2,326.262,
86.2412,solve.va_sample,2,326.262,
86.7414,solve.va_sample,2,326.262,
87.2417,solve.va_sample,2,326.262,
87.7419,solve.va_sample,2,326.262,
88.2421,solve.va_sample,2,326.262,
88.7423,solve.va_sample,2,326.262,
89.2426,solve.va_sample,2,326.262,
89.7428,solve.va_sample,2,326.262,
90.2430,solve.va_sample,2,326.262,
90.7433,solve.va_sample,2,326.262,
91.2435,solve.va_sample,2,326.262,
91.7437,solve.va_sample,2,326.262,
92.2440,solve.va_sample,2,326.262,
92.7442,solve.va_sample,2,326.262,
93.2445,solve.va_sample,2,326.262,
93.7447,solve.va_sample,2,326.262,
94.2450,solve.va_sample,2,326.262,
94.7452,solve.va_sample,2,326.262,
95.2454,solve.va_sample,2,326.262,
95.7457,solve.va_sample,2,326.262,
96.2459,solve.va_sample,2,326.262,
96.7461,solve.va_sample,2,326.262,
97.2463,solve.va_sample,2,326.262,
97.7466,solve.va_sample,2,326.262,
98.2468,solve.va_sample,2,326.262,
98.7470,solve.va_sample,2,326.262,
99.2473,solve.va_sample,2,326.262,
99.7475,solve.va_sample,2,326.262,
100.2477,solve.va_sample,2,326.262,
100.7480,solve.va_sample,2,326.262,
101.2482,solve.va_sample,2,326.262,
101.7484,solve.va_sample,2,326.262,
102.2487,solve.va_sample,2,326.262,
102.7489,solve.va_sample,2,326.262,
103.2492,solve.va_sample,2,326.262,
103.7494,solve.va_sample,2,326.262,
104.2496,solve.va_sample,2,326.262,
104.7499,solve.va_sample,2,326.262,
105.2501,solve.va_sample,2,326.262,
105.7504,solve.va_sample,2,326.262,
106.2506,solve.va_sample,2,326.262,
106.7508,solve.va_sample,2,326.262,
107.2511,solve.va_sample,2,326.262,
107.7513,solve.va_sample,2,326.262,
108.2515,solve.va_sample,2,326.262,
108.7518,solve.va_sample,2,326.262,
109.2520,solve.va_sample,2,326.262,
109.7522,solve.va_sample,2,326.262,
110.2525,solve.va_sample,2,326.262,
110.7527,solve.va_sample,2,326.262,
111.2530,solve.va_sample,2,326.262,
111.7532,solve.va_sample,2,326.262,
112.2534,solve.va_sample,2,326.262,
112.7537,solve.va_sample,2,326.262,
113.2539,solve.va_sample,2,326.262,
113.7542,solve.va_sample,2,326.262,
114.2544,solve.va_sample,2,326.262,
114.7547,solve.va_sample,2,326.262,
115.2549,solve.va_sample,2,326.262,
115.7552,solve.va_sample,2,326.262,
116.2554,solve.va_sample,2,326.262,
116.7556,solve.va_sample,2,326.262,
117.2559,solve.va_sample,2,326.262,
117.7561,solve.va_sample,2,326.262,
118.2563,solve.va_sample,2,326.262,
118.7566,solve.va_sample,2,326.262,
119.2568,solve.va_sample,2,326.262,
119.7570,solve.va_sample,2,326.262,
120.2573,solve.va_sample,2,326.262,
120.7575,solve.va_sample,2,326.262,
121.2577,solve.va_sample,2,326.262,
121.7580,solve.va_sample,2,326.262,
122.2582,solve.va_sample,2,326.262,
122.7585,solve.va_sample,2,326.262,
123.2587,solve.va_sample,2,326.262,
123.7590,solve.va_sample,2,326.262,
124.2592,solve.va_sample,2,326.262,
124.7594,solve.va_sample,2,326.262,
125.2597,solve.va_sample,2,326.262,
125.7599,solve.va_sample,2,326.262,
126.2602,solve.va_sample,2,326.262,
126.7604,solve.va_sample,2,326.262,
127.2606,solve.va_sample,2,326.262,
127.7609,solve.va_sample,2,326.262,
128.2611,solve.va_sample,2,326.262,
128.7613,solve.va_sample,2,326.262,
129.2616,solve.va_sample,2,326.262,
129.7618,solve.va_sample,2,326.262,
130.2620,solve.va_sample,2,326.262,
130.7623,solve.va_sample,2,326.262,
131.2625,solve.va_sample,2,326.262,
131.7627,solve.va_sample,2,326.262,
132.2630,solve.va_sample,2,326.262,
132.7632,solve.va_sample,2,326.262,
133.2635,solve.va_sample,2,326.262,
133.7637,solve.va_sample,2,326.262,
134.2640,solve.va_sample,2,326.262,
134.7642,solve.va_sample,2,326.262,
135.2644,solve.va_sample,2,326.262,
135.7647,solve.va_sample,2,326.262,
136.2649,solve.va_sample,2,326.262,
136.7651,solve.va_sample,2,326.262,
137.2654,solve.va_sample,2,326.262,
137.7656,solve.va_sample,2,326.262,
138.2658,solve.va_sample,2,326.262,
138.7661,solve.va_sample,2,326.262,
139.2663,solve.va_sample,2,326.262,
139.7665,solve.va_sample,2,326.262,
140.2668,solve.va_sample,2,326.262,
140.7670,solve.va_sample,2,326.262,
141.2672,solve.va_sample,2,326.262,
141.7675,solve.va_sample,2,326.262,
142.2677,solve.va_sample,2,326.262,
142.7680,solve.va_sample,2,326.262,
143.2682,solve.va_sample,2,326.262,
143.7685,solve.va_sample,2,326.262,
144.2687,solve.va_sample,2,326.262,
144.7689,solve.va_sample,2,326.262,
145.2692,solve.va_sample,2,326.262,
145.7694,solve.va_sample,2,326.262,
146.2697,solve.va_sample,2,326.262,
146.7699,solve.va_sample,2,326.262,
147.2701,solve.va_sample,2,326.262,
147.7704,solve.va_sample,2,326.262,
148.2706,solve.va_sample,2,326.262,
148.7708,solve.va_sample,2,326.262,
149.2711,solve.va_sample,2,326.262,
149.7713,solve.va_sample,2,326.262,
150.2715,solve.va_sample,2,326.262,
150.7718,solve.va_sample,2,326.262,
151.2720,solve.va_sample,2,326.262,
151.7722,solve.va_sample,2,326.262,
152.2725,solve.va_sample,2,326.262,
152.7728,solve.va_sample,2,326.262,
153.2730,solve.va_sample,2,326.262,
153.7732,solve.va_sample,2,326.262,
154.2735,solve.va_sample,2,326.262,
154.7737,solve.va_sample,2,326.262,
155.2740,solve.va_sample,2,326.262,
155.7742,solve.va_sample,2,326.262,
156.2744,solve.va_sample,2,326.262,
156.7747,solve.va_sample,2,326.262,
157.2749,solve.va_sample,2,326.262,
157.7751,solve.va_sample,2,326.262,
158.2753,solve.va_sample,2,326.262,
158.7756,solve.va_sample,2,326.262,
159.2758,solve.va_sample,2,326.262,
159.7761,solve.va_sample,2,326.262,
160.2763,solve.va_sample,2,326.262,
160.7765,solve.va_sample,2,326.262,
161.2768,solve.va_sample,2,326.262,
161.7770,solve.va_sample,2,326.262,
162.2772,solve.va_sample,2,326.262,
162.7775,solve.va_sample,2,326.262,
163.2778,solve.va_sample,2,326.262,
163.7780,solve.va_sample,2,326.262,
164.2782,solve.va_sample,2,326.262,
164.7785,solve.va_sample,2,326.262,
165.2787,solve.va_sample,2,326.262,
165.7789,solve.va_sample,2,326.262,
166.2792,solve.va_sample,2,326.262,
166.7794,solve.va_sample,2,326.262,
167.2797,solve.va_sample,2,326.262,
167.7799,solve.va_sample,2,326.262,
168.2801,solve.va_sample,2,326.262,
168.7804,solve.va_sample,2,326.262,
169.2806,solve.va_sample,2,326.262,
169.7808,solve.va_sample,2,326.262,
170.2811,solve.va_sample,2,326.262,
170.7813,solve.va_sample,2,326.262,
171.2815,solve.va_sample,2,326.262,
171.7818,solve.va_sample,2,326.262,
172.2820,solve.va_sample,2,326.262,
172.7823,solve.va_sample,2,326.262,
173.2825,solve.va_sample,2,326.262,
173.7828,solve.va_sample,2,326.262,
174.2830,solve.va_sample,2,326.262,
174.7832,solve.va_sample,2,326.262,
175.2835,solve.va_sample,2,326.262,
175.7837,solve.va_sample,2,326.262,
176.2839,solve.va_sample,2,326.262,
176.7842,solve.va_sample,2,326.262,
177.2844,solve.va_sample,2,326.262,
177.7847,solve.va_sample,2,326.262,
178.2849,solve.va_sample,2,326.262,
178.7851,solve.va_sample,2,326.262,
179.2854,solve.va_sample,2,326.262,
179.7856,solve.va_sample,2,326.262,
180.2858,solve.va_sample,2,326.262,
180.7861,solve.va_sample,2,326.262,
181.2863,solve.va_sample,2,326.262,
181.7865,solve.va_sample,2,326.262,
182.2868,solve.va_sample,2,326.262,
182.7870,solve.va_sample,2,326.262,
183.2873,solve.va_sample,2,326.262,
183.7875,solve.va_sample,2,326.262,
184.2878,solve.va_sample,2,326.262,
184.7880,solve.va_sample,2,326.262,
185.2882,solve.va_sample,2,326.262,
185.7885,solve.va_sample,2,326.262,
186.2887,solve.va_sample,2,326.262,
186.7889,solve.va_sample,2,326.262,
187.2892,solve.va_sample,2,326.262,
187.7894,solve.va_sample,2,326.262,
188.2896,solve.va_sample,2,326.262,
188.7899,solve.va_sample,2,326.262,
189.2901,solve.va_sample,2,326.262,
189.7903,solve.va_sample,2,326.262,
190.2906,solve.va_sample,2,326.262,
190.7908,solve.va_sample,2,326.262,
191.2910,solve.va_sample,2,326.262,
191.7913,solve.va_sample,2,326.262,
192.2915,solve.va_sample,2,326.262,
192.7918,solve.va_sample,2,326.262,
193.2920,solve.va_sample,2,326.262,
193.7922,solve.va_sample,2,326.262,
194.2924,solve.va_sample,2,326.262,
194.7927,solve.va_sample,2,326.262,
195.2929,solve.va_sample,2,326.262,
195.7931,solve.va_sample,2,326.262,
196.2934,solve.va_sample,2,326.262,
196.7936,solve.va_sample,2,326.262,
197.2938,solve.va_sample,2,326.262,
197.7941,solve.va_sample,2,326.262,
198.2943,solve.va_sample,2,326.262,
198.7945,solve.va_sample,2,326.262,
199.2947,solve.va_sample,2,326.262,
199.7950,solve.va_sample,2,326.262,
200.2952,solve.va_sample,2,326.262,
200.7955,solve.va_sample,2,326.262,
201.2957,solve.va_sample,2,326.262,
201.7959,solve.va_sample,2,326.262,
202.2962,solve.va_sample,2,326.262,
202.7964,solve.va_sample,2,326.262,
203.2967,solve.va_sample,2,326.262,
203.7969,solve.va_sample,2,326.262,
204.2972,solve.va_sample,2,326.262,
204.7974,solve.va_sample,2,326.262,
205.2976,solve.va_sample,2,326.262,
205.7979,solve.va_sample,2,326.262,
206.2981,solve.va_sample,2,326.262,
206.7983,solve.va_sample,2,326.262,
207.2986,solve.va_sample,2,326.262,
207.7988,solve.va_sample,2,326.262,
208.2990,solve.va_sample,2,326.262,
208.7993,solve.va_sample,2,326.262,
209.2996,solve.va_sample,2,326.262,
209.7998,solve.va_sample,2,326.262,
210.3000,solve.va_sample,2,326.262,
210.8003,solve.va_sample,2,326.262,
211.3005,solve.va_sample,2,326.262,
211.8008,solve.va_sample,2,326.262,
212.3010,solve.va_sample,2,326.262,
212.8012,solve.va_sample,2,326.262,
213.3015,solve.va_sample,2,326.262,
213.8017,solve.va_sample,2,326.262,
214.3020,solve.va_sample,2,326.262,
214.8022,solve.va_sample,2,326.262,
215.3024,solve.va_sample,2,326.262,
215.8027,solve.va_sample,2,326.262,
216.3029,solve.va_sample,2,326.262,
216.8031,solve.va_sample,2,326.262,
217.3034,solve.va_sample,2,326.262,
217.8036,solve.va_sample,2,326.262,
218.3038,solve.va_sample,2,326.262,
218.8041,solve.va_sample,2,326.262,
219.3043,solve.va_sample,2,326.262,
219.8045,solve.va_sample,2,326.262,
220.3047,solve.va_sample,2,326.262,
220.8050,solve.va_sample,2,326.262,
221.3052,solve.va_sample,2,326.262,
221.8054,solve.va_sample,2,326.262,
222.3057,solve.va_sample,2,326.262,
222.8059,solve.va_sample,2,326.262,
223.3062,solve.va_sample,2,326.262,
223.8064,solve.va_sample,2,326.262,
224.3066,solve.va_sample,2,326.262,
224.8069,solve.va_sample,2,326.262,
225.3071,solve.va_sample,2,326.262,
225.8073,solve.va_sample,2,326.262,
226.3076,solve.va_sample,2,326.262,
226.8078,solve.va_sample,2,326.262,
227.3080,solve.va_sample,2,326.262,
227.8083,solve.va_sample,2,326.262,
228.3086,solve.va_sample,2,326.262,
228.8088,solve.va_sample,2,326.262,
229.3091,solve.va_sample,2,326.262,
229.8093,solve.va_sample,2,326.262,
230.3095,solve.va_sample,2,326.262,
230.8098,solve.va_sample,2,326.262,
231.3100,solve.va_sample,2,326.262,
231.8103,solve.va_sample,2,326.262,
232.3105,solve.va_sample,2,326.262,
232.8108,solve.va_sample,2,326.262,
233.3110,solve.va_sample,2,326.262,
233.8113,solve.va_sample,2,326.262,
234.3115,solve.va_sample,2,326.262,
234.8117,solve.va_sample,2,326.262,
235.3120,solve.va_sample,2,326.262,
235.8122,solve.va_sample,2,326.262,
236.3125,solve.va_sample,2,326.262,
236.8127,solve.va_sample,2,326.262,
237.3129,solve.va_sample,2,326.262,
237.8132,solve.va_sample,2,326.262,
238.3134,solve.va_sample,2,326.262,
238.8136,solve.va_sample,2,326.262,
239.3139,solve.va_sample,2,326.262,
239.8141,solve.va_sample,2,326.262,
240.3143,solve.va_sample,2,326.262,
240.8146,solve.va_sample,2,326.262,
241.3148,solve.va_sample,2,326.262,
241.8150,solve.va_sample,2,326.262,
242.3153,solve.va_sample,2,326.262,
242.8155,solve.va_sample,2,326.262,
243.3158,solve.va_sample,2,326.262,
243.8160,solve.va_sample,2,326.262,
244.3162,solve.va_sample,2,326.262,
244.8165,solve.va_sample,2,326.262,
245.3167,solve.va_sample,2,326.262,
245.8169,solve.va_sample,2,326.262,
246.3172,solve.va_sample,2,326.262,
246.8174,solve.va_sample,2,326.262,
247.3176,solve.va_sample,2,326.262,
247.8179,solve.va_sample,2,326.262,
248.3181,solve.va_sample,2,326.262,
248.8183,solve.va_sample,2,326.262,
249.3185,solve.va_sample,2,326.262,
249.8188,solve.va_sample,2,326.262,
250.3190,solve.va_sample,2,326.262,
250.8193,solve.va_sample,2,326.262,
251.3195,solve.va_sample,2,326.262,
251.8197,solve.va_sample,2,326.262,
252.3200,solve.va_sample,2,326.262,
252.8202,solve.va_sample,2,326.262,
253.3205,solve.va_sample,2,326.262,
253.8207,solve.va_sample,2,326.516,
254.3209,solve.va_sample,2,326.516,
254.8212,solve.va_sample,2,326.516,
255.3214,solve.va_sample,2,326.516,
255.8216,solve.va_sample,2,326.516,
256.3219,solve.va_sample,2,326.516,
256.8221,solve.va_sample,2,326.516,
257.3223,solve.va_sample,2,326.516,
257.8225,solve.va_sample,2,326.516,
258.3228,solve.va_sample,2,326.516,
258.8230,solve.va_sample,2,326.516,
259.3232,solve.va_sample,2,326.516,
259.8235,solve.va_sample,2,326.516,
260.3237,solve.va_sample,2,326.516,
260.8239,solve.va_sample,2,326.516,
261.3241,solve.va_sample,2,326.516,
261.8243,solve.va_sample,2,326.516,
262.3246,solve.va_sample,2,326.516,
262.8248,solve.va_sample,2,326.516,
263.3251,solve.va_sample,2,326.516,
263.8253,solve.va_sample,2,326.516,
264.3255,solve.va_sample,2,326.516,
264.8258,solve.va_sample,2,326.516,
265.3260,solve.va_sample,2,326.516,
265.8263,solve.va_sample,2,326.516,
266.3265,solve.va_sample,2,326.516,
266.8267,solve.va_sample,2,326.516,
267.3270,solve.va_sample,2,326.516,
267.8272,solve.va_sample,2,326.516,
268.3274,solve.va_sample,2,326.516,
268.8277,solve.va_sample,2,326.516,
269.3279,solve.va_sample,2,326.516,
269.8281,solve.va_sample,2,326.516,
270.3283,solve.va_sample,2,326.516,
270.8286,solve.va_sample,2,326.516,
271.3288,solve.va_sample,2,326.516,
271.8290,solve.va_sample,2,326.516,
272.3293,solve.va_sample,2,326.516,
272.8295,solve.va_sample,2,326.516,
273.3298,solve.va_sample,2,326.516,
273.8300,solve.va_sample,2,326.516,
274.3302,solve.va_sample,2,326.516,
274.8305,solve.va_sample,2,326.516,
275.3307,solve.va_sample,2,326.516,
275.8309,solve.va_sample,2,326.516,
276.3312,solve.va_sample,2,326.516,
276.8314,solve.va_sample,2,326.516,
277.3316,solve.va_sample,2,326.516,
277.8319,solve.va_sample,2,326.516,
278.3321,solve.va_sample,2,326.516,
278.8323,solve.va_sample,2,326.516,
279.3326,solve.va_sample,2,326.516,
279.8328,solve.va_sample,2,326.516,
280.3330,solve.va_sample,2,326.516,
280.8332,solve.va_sample,2,326.516,
281.3335,solve.va_sample,2,326.516,
281.8337,solve.va_sample,2,326.516,
282.3339,solve.va_sample,2,326.516,
282.8342,solve.va_sample,2,326.516,
283.3344,solve.va_sample,2,326.516,
283.8347,solve.va_sample,2,326.516,
284.3349,solve.va_sample,2,326.516,
284.8351,solve.va_sample,2,326.516,
285.3354,solve.va_sample,2,326.516,
285.8356,solve.va_sample,2,326.516,
286.3358,solve.va_sample,2,326.516,
286.8361,solve.va_sample,2,326.516,
287.3363,solve.va_sample,2,326.516,
287.8366,solve.va_sample,2,326.516,
288.3368,solve.va_sample,2,326.516,
288.8370,solve.va_sample,2,326.516,
289.3373,solve.va_sample,2,326.516,
289.8375,solve.va_sample,2,326.516,
290.3377,solve.va_sample,2,326.516,
290.8380,solve.va_sample,2,326.516,
291.3382,solve.va_sample,2,326.516,
291.8385,solve.va_sample,2,326.516,
292.3387,solve.va_sample,2,326.516,
292.8390,solve.va_sample,2,326.516,
293.3392,solve.va_sample,2,326.516,
293.8394,solve.va_sample,2,326.516,
294.3397,solve.va_sample,2,326.516,
294.8399,solve.va_sample,2,326.516,
295.3402,solve.va_sample,2,326.516,
295.8404,solve.va_sample,2,326.516,
296.3406,solve.va_sample,2,326.516,
296.8409,solve.va_sample,2,326.516,
297.3411,solve.va_sample,2,326.516,
297.8413,solve.va_sample,2,326.516,
298.3416,solve.va_sample,2,326.516,
298.8418,solve.va_sample,2,326.516,
299.3420,solve.va_sample,2,326.516,
299.8422,solve.va_sample,2,326.516,
300.3425,solve.va_sample,2,326.516,
300.8427,solve.va_sample,2,326.516,
301.3430,solve.va_sample,2,326.516,
301.8432,solve.va_sample,2,326.516,
302.3434,solve.va_sample,2,326.516,
302.8437,solve.va_sample,2,326.516,
303.3439,solve.va_sample,2,326.516,
303.8442,solve.va_sample,2,326.516,
304.3444,solve.va_sample,2,326.516,
304.8447,solve.va_sample,2,326.516,
305.3449,solve.va_sample,2,326.516,
305.8451,solve.va_sample,2,326.516,
306.3454,solve.va_sample,2,326.516,
306.8456,solve.va_sample,2,326.516,
307.3458,solve.va_sample,2,326.516,
307.8461,solve.va_sample,2,326.516,
308.3463,solve.va_sample,2,326.516,
308.8466,solve.va_sample,2,326.516,
309.3468,solve.va_sample,2,326.516,
309.8471,solve.va_sample,2,326.516,
310.3473,solve.va_sample,2,326.516,
310.8476,solve.va_sample,2,326.516,
311.3478,solve.va_sample,2,326.516,
311.8480,solve.va_sample,2,326.516,
312.3483,solve.va_sample,2,326.516,
312.8486,solve.va_sample,2,326.516,
313.3488,solve.va_sample,2,326.516,
313.8491,solve.va_sample,2,326.516,
314.3493,solve.va_sample,2,326.516,
314.8495,solve.va_sample,2,326.516,
315.3498,solve.va_sample,2,326.516,
315.8500,solve.va_sample,2,326.516,
316.3503,solve.va_sample,2,326.516,
316.8505,solve.va_sample,2,326.516,
317.3508,solve.va_sample,2,326.516,
317.8510,solve.va_sample,2,326.516,
318.3513,solve.va_sample,2,326.516,
318.8515,solve.va_sample,2,326.516,
319.3518,solve.va_sample,2,326.516,
319.8520,solve.va_sample,2,326.516,
320.3522,solve.va_sample,2,326.516,
320.8525,solve.va_sample,2,326.516,
321.3527,solve.va_sample,2,326.516,
321.8530,solve.va_sample,2,326.516,
322.3532,solve.va_sample,2,326.516,
322.8535,solve.va_sample,2,326.516,
323.3537,solve.va_sample,2,326.516,
323.8540,solve.va_sample,2,326.516,
324.3542,solve.va_sample,2,326.516,
324.8545,solve.va_sample,2,326.516,
325.3547,solve.va_sample,2,326.516,
325.8550,solve.va_sample,2,326.516,
326.3552,solve.va_sample,2,326.516,
326.8555,solve.va_sample,2,326.516,
327.3557,solve.va_sample,2,326.516,
327.8560,solve.va_sample,2,326.516,
328.3562,solve.va_sample,2,326.516,
328.8565,solve.va_sample,2,326.516,
329.3567,solve.va_sample,2,326.516,
329.8569,solve.va_sample,2,326.516,
330.3572,solve.va_sample,2,326.516,
330.8574,solve.va_sample,2,326.516,
331.3576,solve.va_sample,2,326.516,
331.8579,solve.va_sample,2,326.516,
332.3581,solve.va_sample,2,326.516,
332.8583,solve.va_sample,2,326.516,
333.3587,solve.va_sample,2,326.516,
333.8589,solve.va_sample,2,326.516,
334.3592,solve.va_sample,2,326.516,
334.8594,solve.va_sample,2,326.516,
335.3597,solve.va_sample,2,326.516,
335.8599,solve.va_sample,2,326.516,
336.3602,solve.va_sample,2,326.516,
336.8604,solve.va_sample,2,326.516,
337.3606,solve.va_sample,2,326.516,
337.8609,solve.va_sample,2,326.516,
338.3611,solve.va_sample,2,326.516,
338.8613,solve.va_sample,2,326.516,
339.3616,solve.va_sample,2,326.516,
339.8618,solve.va_sample,2,326.516,
340.3620,solve.va_sample,2,326.516,
340.8623,solve.va_sample,2,326.516,
341.3625,solve.va_sample,2,326.516,
341.8628,solve.va_sample,2,326.516,
342.3630,solve.va_sample,2,326.516,
342.8633,solve.va_sample,2,326.516,
343.3635,solve.va_sample,2,326.516,
343.8637,solve.va_sample,2,326.516,
344.3641,solve.va_sample,2,326.516,
344.8644,solve.va_sample,2,326.516,
345.3646,solve.va_sample,2,326.516,
345.8648,solve.va_sample,2,326.516,
346.3651,solve.va_sample,2,326.516,
346.8653,solve.va_sample,2,326.516,
347.3656,solve.va_sample,2,326.516,
347.8658,solve.va_sample,2,326.516,
348.3661,solve.va_sample,2,326.516,
348.8663,solve.va_sample,2,326.516,
349.3666,solve.va_sample,2,326.516,
349.8668,solve.va_sample,2,326.516,
350.3671,solve.va_sample,2,326.516,
350.8673,solve.va_sample,2,326.516,
351.3675,solve.va_sample,2,326.516,
351.8678,solve.va_sample,2,326.516,
352.3680,solve.va_sample,2,326.516,
352.8683,solve.va_sample,2,326.516,
353.3685,solve.va_sample,2,326.516,
353.8687,solve.va_sample,2,326.516,
354.3690,solve.va_sample,2,326.516,
354.8692,solve.va_sample,2,326.516,
355.3695,solve.va_sample,2,326.516,
355.8697,solve.va_sample,2,326.516,
356.3700,solve.va_sample,2,326.516,
356.8702,solve.va_sample,2,326.516,
357.3704,solve.va_sample,2,326.516,
357.8707,solve.va_sample,2,326.516,
358.3709,solve.va_sample,2,326.516,
358.8712,solve.va_sample,2,326.516,
359.3715,solve.va_sample,2,326.516,
359.8717,solve.va_sample,2,326.516,
360.3720,solve.va_sample,2,326.516,
360.8722,solve.va_sample,2,326.516,
361.3724,solve.va_sample,2,326.516,
361.8727,solve.va_sample,2,326.516,
362.3729,solve.va_sample,2,326.516,
362.8732,solve.va_sample,2,326.516,
363.3734,solve.va_sample,2,326.516,
363.8736,solve.va_sample,2,326.516,
364.3739,solve.va_sample,2,326.516,
364.8741,solve.va_sample,2,326.516,
365.3743,solve.va_sample,2,326.516,
365.8746,solve.va_sample,2,326.516,
366.3748,solve.va_sample,2,326.516,
366.8750,solve.va_sample,2,326.516,
367.3753,solve.va_sample,2,326.516,
367.8755,solve.va_sample,2,326.516,
368.3757,solve.va_sample,2,326.516,
368.8760,solve.va_sample,2,326.516,
369.3762,solve.va_sample,2,326.516,
369.8765,solve.va_sample,2,326.516,
370.3767,solve.va_sample,2,326.516,
370.8769,solve.va_sample,2,326.516,
371.3772,solve.va_sample,2,326.516,
371.8774,solve.va_sample,2,326.516,
372.3777,solve.va_sample,2,326.516,
372.8779,solve.va_sample,2,326.516,
373.3782,solve.va_sample,2,326.516,
373.8784,solve.va_sample,2,326.516,
374.3787,solve.va_sample,2,326.516,
374.8789,solve.va_sample,2,326.516,
375.3792,solve.va_sample,2,326.516,
375.8794,solve.va_sample,2,326.516,
376.3797,solve.va_sample,2,326.516,
376.8799,solve.va_sample,2,326.516,
377.3802,solve.va_sample,2,326.516,
377.8804,solve.va_sample,2,326.516,
378.3807,solve.va_sample,2,326.516,
378.8809,solve.va_sample,2,326.516,
379.3812,solve.va_sample,2,326.516,
379.8814,solve.va_sample,2,326.516,
380.3817,solve.va_sample,2,326.516,
380.8819,solve.va_sample,2,326.516,
381.3822,solve.va_sample,2,326.516,
381.8824,solve.va_sample,2,326.516,
382.3827,solve.va_sample,2,326.516,
382.8829,solve.va_sample,2,326.516,
383.3832,solve.va_sample,2,326.516,
383.8834,solve.va_sample,2,326.516,
384.3837,solve.va_sample,2,326.516,
384.8839,solve.va_sample,2,326.516,
385.3842,solve.va_sample,2,326.516,
385.8844,solve.va_sample,2,326.516,
386.3847,solve.va_sample,2,326.516,
386.8849,solve.va_sample,2,326.516,
387.3852,solve.va_sample,2,326.516,
387.8854,solve.va_sample,2,326.516,
388.3857,solve.va_sample,2,326.516,
388.8859,solve.va_sample,2,326.516,
389.3862,solve.va_sample,2,326.516,
389.8864,solve.va_sample,2,326.516,
390.3867,solve.va_sample,2,326.516,
390.8870,solve.va_sample,2,326.516,
391.3872,solve.va_sample,2,326.516,
391.8875,solve.va_sample,2,326.516,
392.3877,solve.va_sample,2,326.516,
392.8880,solve.va_sample,2,326.516,
393.3882,solve.va_sample,2,326.516,
393.8885,solve.va_sample,2,326.516,
394.3887,solve.va_sample,2,326.516,
394.8890,solve.va_sample,2,326.516,
395.3892,solve.va_sample,2,326.516,
395.8894,solve.va_sample,2,326.516,
396.3897,solve.va_sample,2,326.516,
396.8899,solve.va_sample,2,326.516,
397.3901,solve.va_sample,2,326.516,
397.8904,solve.va_sample,2,326.516,
398.3906,solve.va_sample,2,326.516,
398.8908,solve.va_sample,2,326.516,
399.3911,solve.va_sample,2,326.516,
399.8913,solve.va_sample,2,326.516,
400.3916,solve.va_sample,2,326.516,
400.8918,solve.va_sample,2,326.516,
401.3920,solve.va_sample,2,326.516,
401.8923,solve.va_sample,2,326.516,
402.3926,solve.va_sample,2,326.516,
402.8928,solve.va_sample,2,326.516,
403.3930,solve.va_sample,2,326.516,
403.8933,solve.va_sample,2,326.516,
404.3935,solve.va_sample,2,326.516,
404.8938,solve.va_sample,2,326.516,
405.3940,solve.va_sample,2,326.516,
405.8942,solve.va_sample,2,326.516,
406.3945,solve.va_sample,2,326.516,
406.8947,solve.va_sample,2,326.516,
407.3950,solve.va_sample,2,326.516,
407.8953,solve.va_sample,2,326.516,
408.3955,solve.va_sample,2,326.516,
408.8958,solve.va_sample,2,326.516,
409.3960,solve.va_sample,2,326.516,
409.8963,solve.va_sample,2,326.516,
410.3965,solve.va_sample,2,326.516,
410.8967,solve.va_sample,2,326.516,
411.3970,solve.va_sample,2,326.516,
411.8972,solve.va_sample,2,326.516,
412.3975,solve.va_sample,2,326.516,
412.8977,solve.va_sample,2,326.516,
413.3979,solve.va_sample,2,326.516,
413.8982,solve.va_sample,2,326.516,
414.3984,solve.va_sample,2,326.516,
414.8987,solve.va_sample,2,326.516,
415.3989,solve.va_sample,2,326.516,
415.8992,solve.va_sample,2,326.516,
416.3994,solve.va_sample,2,326.516,
416.8997,solve.va_sample,2,326.516,
417.3999,solve.va_sample,2,326.516,
417.9002,solve.va_sample,2,326.516,
418.4005,solve.va_sample,2,326.516,
418.9008,solve.va_sample,2,326.516,
419.4010,solve.va_sample,2,326.516,
419.9013,solve.va_sample,2,326.516,
420.4015,solve.va_sample,2,326.516,
420.9018,solve.va_sample,2,326.516,
421.4020,solve.va_sample,2,326.516,
421.9022,solve.va_sample,2,326.516,
422.4025,solve.va_sample,2,326.516,
422.9027,solve.va_sample,2,326.516,
423.4030,solve.va_sample,2,326.516,
423.9032,solve.va_sample,2,326.516,
424.4035,solve.va_sample,2,326.516,
424.9037,solve.va_sample,2,326.516,
425.4039,solve.va_sample,2,326.516,
425.9042,solve.va_sample,2,326.516,
426.4044,solve.va_sample,2,326.516,
426.9047,solve.va_sample,2,326.516,
427.4049,solve.va_sample,2,326.516,
427.9051,solve.va_sample,2,326.516,
428.4054,solve.va_sample,2,326.516,
428.9056,solve.va_sample,2,326.516,
429.4058,solve.va_sample,2,326.516,
429.9061,solve.va_sample,2,326.516,
430.4063,solve.va_sample,2,326.516,
430.9066,solve.va_sample,2,326.516,
431.4068,solve.va_sample,2,326.516,
431.9070,solve.va_sample,2,326.516,
432.4073,solve.va_sample,2,326.516,
432.9076,solve.va_sample,2,326.516,
433.4078,solve.va_sample,2,326.516,
433.9080,solve.va_sample,2,326.516,
434.4083,solve.va_sample,2,326.516,
434.9085,solve.va_sample,2,326.516,
435.4088,solve.va_sample,2,326.516,
435.9090,solve.va_sample,2,326.516,
436.4092,solve.va_sample,2,326.516,
436.9095,solve.va_sample,2,326.516,
437.4097,solve.va_sample,2,326.516,
437.9099,solve.va_sample,2,326.516,
438.4102,solve.va_sample,2,326.516,
438.9104,solve.va_sample,2,326.516,
439.4106,solve.va_sample,2,326.516,
439.9109,solve.va_sample,2,326.516,
440.4111,solve.va_sample,2,326.516,
440.9114,solve.va_sample,2,326.516,
441.4116,solve.va_sample,2,326.516,
441.9118,solve.va_sample,2,326.516,
442.4121,solve.va_sample,2,326.516,
442.9123,solve.va_sample,2,326.516,
443.4126,solve.va_sample,2,326.516,
443.9128,solve.va_sample,2,326.516,
444.4131,solve.va_sample,2,326.516,
444.9133,solve.va_sample,2,326.516,
445.4136,solve.va_sample,2,326.516,
445.9138,solve.va_sample,2,326.516,
446.4140,solve.va_sample,2,326.516,
446.9143,solve.va_sample,2,326.516,
447.4145,solve.va_sample,2,326.516,
447.9147,solve.va_sample,2,326.516,
448.4150,solve.va_sample,2,326.516,
448.9152,solve.va_sample,2,326.516,
449.4155,solve.va_sample,2,326.516,
449.9157,solve.va_sample,2,326.516,
450.4159,solve.va_sample,2,326.516,
450.9161,solve.va_sample,2,326.516,
451.4164,solve.va_sample,2,326.516,
451.9166,solve.va_sample,2,326.516,
452.4168,solve.va_sample,2,326.516,
452.9171,solve.va_sample,2,326.516,
453.4173,solve.va_sample,2,326.516,
453.9175,solve.va_sample,2,326.516,
454.4178,solve.va_sample,2,326.516,
454.9180,solve.va_sample,2,326.516,
455.4182,solve.va_sample,2,326.516,
455.9185,solve.va_sample,2,326.516,
456.4187,solve.va_sample,2,326.516,
456.9189,solve.va_sample,2,326.516,
457.4192,solve.va_sample,2,326.516,
457.9194,solve.va_sample,2,326.516,
458.4197,solve.va_sample,2,326.516,
458.9199,solve.va_sample,2,326.516,
459.4202,solve.va_sample,2,326.516,
459.9204,solve.va_sample,2,326.516,
460.4206,solve.va_sample,2,326.516,
460.9209,solve.va_sample,2,326.516,
461.4211,solve.va_sample,2,326.516,
461.9213,solve.va_sample,2,326.516,
462.4216,solve.va_sample,2,326.516,
462.9218,solve.va_sample,2,326.516,
463.4221,solve.va_sample,2,326.516,
463.9223,solve.va_sample,2,326.516,
464.4225,solve.va_sample,2,326.516,
464.9228,solve.va_sample,2,326.516,
465.4230,solve.va_sample,2,326.516,
465.9233,solve.va_sample,2,326.516,
466.4235,solve.va_sample,2,326.516,
466.9237,solve.va_sample,2,326.516,
467.4240,solve.va_sample,2,326.516,
467.9243,solve.va_sample,2,326.516,
468.4245,solve.va_sample,2,326.516,
468.9247,solve.va_sample,2,326.516,
469.4250,solve.va_sample,2,326.516,
469.9252,solve.va_sample,2,326.516,
470.4254,solve.va_sample,2,326.516,
470.9257,solve.va_sample,2,326.516,
471.4259,solve.va_sample,2,326.516,
471.9261,solve.va_sample,2,326.516,
472.4263,solve.va_sample,2,326.516,
472.9266,solve.va_sample,2,326.516,
473.4269,solve.va_sample,2,326.516,
473.9271,solve.va_sample,2,326.516,
474.4274,solve.va_sample,2,326.516,
474.9276,solve.va_sample,2,326.516,
475.4278,solve.va_sample,2,326.516,
475.9281,solve.va_sample,2,326.516,
476.4283,solve.va_sample,2,326.516,
476.9285,solve.va_sample,2,326.516,
477.4288,solve.va_sample,2,326.516,
477.9290,solve.va_sample,2,326.516,
478.4292,solve.va_sample,2,326.516,
478.9295,solve.va_sample,2,326.516,
479.4297,solve.va_sample,2,326.516,
479.9300,solve.va_sample,2,326.516,
480.4302,solve.va_sample,2,326.516,
480.9305,solve.va_sample,2,326.516,
481.4307,solve.va_sample,2,326.516,
481.9310,solve.va_sample,2,326.516,
482.4312,solve.va_sample,2,326.516,
482.9315,solve.va_sample,2,326.516,
483.4317,solve.va_sample,2,326.516,
483.9320,solve.va_sample,2,326.516,
484.4322,solve.va_sample,2,326.516,
484.9325,solve.va_sample,2,326.516,
485.4327,solve.va_sample,2,326.516,
485.9329,solve.va_sample,2,326.516,
486.4332,solve.va_sample,2,326.516,
486.9334,solve.va_sample,2,326.516,
487.4337,solve.va_sample,2,326.516,
487.9339,solve.va_sample,2,326.516,
488.4342,solve.va_sample,2,326.516,
488.9344,solve.va_sample,2,326.516,
489.4346,solve.va_sample,2,326.516,
489.9349,solve.va_sample,2,326.516,
490.4351,solve.va_sample,2,326.516,
490.9353,solve.va_sample,2,326.516,
491.4355,solve.va_sample,2,326.516,
491.9358,solve.va_sample,2,326.516,
492.4360,solve.va_sample,2,326.516,
492.9363,solve.va_sample,2,326.516,
493.4365,solve.va_sample,2,326.516,
493.9368,solve.va_sample,2,326.516,
494.4370,solve.va_sample,2,326.516,
494.9372,solve.va_sample,2,326.516,
495.4375,solve.va_sample,2,326.516,
495.9377,solve.va_sample,2,326.516,
496.4379,solve.va_sample,2,326.516,
496.9382,solve.va_sample,2,326.516,
497.4384,solve.va_sample,2,326.516,
497.9387,solve.va_sample,2,326.516,
498.4389,solve.va_sample,2,326.516,
498.9392,solve.va_sample,2,326.516,
499.4394,solve.va_sample,2,326.516,
499.9396,solve.va_sample,2,326.516,
500.4399,solve.va_sample,2,326.516,
500.9401,solve.va_sample,2,326.516,
501.4403,solve.va_sample,2,326.516,
501.9406,solve.va_sample,2,326.516,
502.4408,solve.va_sample,2,326.516,
502.9411,solve.va_sample,2,326.516,
503.4414,solve.va_sample,2,326.516,
503.9416,solve.va_sample,2,326.516,
504.4419,solve.va_sample,2,326.516,
504.9422,solve.va_sample,2,326.516,
505.4425,solve.va_sample,2,326.516,
505.9427,solve.va_sample,2,326.516,
506.4430,solve.va_sample,2,326.516,
506.9432,solve.va_sample,2,326.516,
507.4435,solve.va_sample,2,326.516,
507.9437,solve.va_sample,2,326.516,
508.4439,solve.va_sample,2,326.516,
508.9442,solve.va_sample,2,326.516,
509.4444,solve.va_sample,2,326.516,
509.9447,solve.va_sample,2,326.516,
510.4449,solve.va_sample,2,326.516,
510.9452,solve.va_sample,2,326.516,
511.4454,solve.va_sample,2,326.516,
511.9456,solve.va_sample,2,326.516,
512.4458,solve.va_sample,2,326.516,
512.9461,solve.va_sample,2,326.516,
513.4464,solve.va_sample,2,326.516,
513.9466,solve.va_sample,2,326.516,
514.4468,solve.va_sample,2,326.516,
514.9471,solve.va_sample,2,326.516,
515.4474,solve.va_sample,2,326.516,
515.9476,solve.va_sample,2,326.516,
516.4479,solve.va_sample,2,326.516,
516.9482,solve.va_sample,2,326.516,
517.4484,solve.va_sample,2,326.516,
517.9487,solve.va_sample,2,326.516,
518.4489,solve.va_sample,2,326.516,
518.9491,solve.va_sample,2,326.516,
519.4494,solve.va_sample,2,326.516,
519.9496,solve.va_sample,2,326.516,
520.4498,solve.va_sample,2,326.516,
520.9501,solve.va_sample,2,326.516,
521.4504,solve.va_sample,2,326.516,
521.9506,solve.va_sample,2,326.516,
522.4509,solve.va_sample,2,326.516,
522.9511,solve.va_sample,2,326.516,
523.4514,solve.va_sample,2,326.516,
523.9517,solve.va_sample,2,326.516,
524.4519,solve.va_sample,2,326.516,
524.9521,solve.va_sample,2,326.516,
525.4524,solve.va_sample,2,326.516,
525.9526,solve.va_sample,2,326.516,
526.4528,solve.va_sample,2,326.516,
526.9531,solve.va_sample,2,326.516,
527.4533,solve.va_sample,2,326.516,
527.9536,solve.va_sample,2,326.516,
528.4538,solve.va_sample,2,326.516,
528.9540,solve.va_sample,2,326.516,
529.4543,solve.va_sample,2,326.516,
529.9545,solve.va_sample,2,326.516,
530.4548,solve.va_sample,2,326.516,
530.9550,solve.va_sample,2,326.516,
531.4553,solve.va_sample,2,326.516,
531.9555,solve.va_sample,2,326.516,
532.4558,solve.va_sample,2,326.516,
532.9560,solve.va_sample,2,326.516,
533.4563,solve.va_sample,2,326.516,
533.9565,solve.va_sample,2,326.516,
534.4568,solve.va_sample,2,326.516,
534.9570,solve.va_sample,2,326.516,
535.4573,solve.va_sample,2,326.516,
535.9575,solve.va_sample,2,326.516,
536.4577,solve.va_sample,2,326.516,
536.9580,solve.va_sample,2,326.516,
537.4582,solve.va_sample,2,326.516,
537.9585,solve.va_sample,2,326.516,
538.4587,solve.va_sample,2,326.516,
538.9589,solve.va_sample,2,326.516,
539.4592,solve.va_sample,2,326.516,
539.9595,solve.va_sample,2,326.516,
540.4597,solve.va_sample,2,326.516,
540.9599,solve.va_sample,2,326.516,
541.4602,solve.va_sample,2,326.516,
541.9604,solve.va_sample,2,326.516,
542.4607,solve.va_sample,2,326.516,
542.9609,solve.va_sample,2,326.516,
543.4612,solve.va_sample,2,326.516,
543.9614,solve.va_sample,2,326.516,
544.4617,solve.va_sample,2,326.516,
544.9619,solve.va_sample,2,326.516,
545.4622,solve.va_sample,2,326.516,
545.9624,solve.va_sample,2,326.516,
546.4627,solve.va_sample,2,326.516,
546.9629,solve.va_sample,2,326.516,
547.4632,solve.va_sample,2,326.516,
547.9634,solve.va_sample,2,326.516,
548.4636,solve.va_sample,2,326.516,
548.9639,solve.va_sample,2,326.516,
549.4641,solve.va_sample,2,326.516,
549.9643,solve.va_sample,2,326.516,
550.4646,solve.va_sample,2,326.516,
550.9648,solve.va_sample,2,326.516,
551.4651,solve.va_sample,2,326.516,
551.9653,solve.va_sample,2,326.516,
552.4655,solve.va_sample,2,326.516,
552.9658,solve.va_sample,2,326.516,
553.4660,solve.va_sample,2,326.516,
553.9663,solve.va_sample,2,326.516,
554.4665,solve.va_sample,2,326.516,
554.9668,solve.va_sample,2,326.516,
555.4670,solve.va_sample,2,326.516,
555.9673,solve.va_sample,2,326.516,
556.4675,solve.va_sample,2,326.516,
556.9677,solve.va_sample,2,326.516,
557.4679,solve.va_sample,2,326.516,
557.9682,solve.va_sample,2,326.516,
558.4684,solve.va_sample,2,326.516,
558.9687,solve.va_sample,2,326.516,
559.4689,solve.va_sample,2,326.516,
559.9692,solve.va_sample,2,326.516,
560.4694,solve.va_sample,2,326.516,
560.9697,solve.va_sample,2,326.516,
561.4699,solve.va_sample,2,326.516,
561.9702,solve.va_sample,2,326.516,
562.4704,solve.va_sample,2,326.516,
562.9707,solve.va_sample,2,326.516,
563.4709,solve.va_sample,2,326.516,
563.9712,solve.va_sample,2,326.516,
564.4714,solve.va_sample,2,326.516,
564.9717,solve.va_sample,2,326.516,
565.4719,solve.va_sample,2,326.516,
565.9721,solve.va_sample,2,326.516,
566.4724,solve.va_sample,2,326.516,
566.9726,solve.va_sample,2,326.516,
567.4729,solve.va_sample,2,326.516,
567.9731,solve.va_sample,2,326.516,
568.4733,solve.va_sample,2,326.516,
568.9736,solve.va_sample,2,326.516,
569.4738,solve.va_sample,2,326.516,
569.9740,solve.va_sample,2,326.516,
570.4743,solve.va_sample,2,326.516,
570.9745,solve.va_sample,2,326.516,
571.4747,solve.va_sample,2,326.516,
571.9750,solve.va_sample,2,326.516,
572.4752,solve.va_sample,2,326.516,
572.9755,solve.va_sample,2,326.516,
573.4758,solve.va_sample,2,326.516,
573.9760,solve.va_sample,2,326.516,
574.4763,solve.va_sample,2,326.516,
574.9765,solve.va_sample,2,326.516,
575.4767,solve.va_sample,2,326.516,
575.9770,solve.va_sample,2,326.516,
576.4772,solve.va_sample,2,326.516,
576.9775,solve.va_sample,2,326.516,
577.4777,solve.va_sample,2,326.516,
577.9779,solve.va_sample,2,326.516,
578.4782,solve.va_sample,2,326.516,
578.9784,solve.va_sample,2,326.516,
579.4786,solve.va_sample,2,326.516,
579.9789,solve.va_sample,2,326.516,
580.4791,solve.va_sample,2,326.516,
580.9794,solve.va_sample,2,326.516,
581.4796,solve.va_sample,2,326.516,
581.9798,solve.va_sample,2,326.516,
582.4801,solve.va_sample,2,326.516,
582.9803,solve.va_sample,2,326.516,
583.4806,solve.va_sample,2,326.516,
583.9808,solve.va_sample,2,326.516,
584.4811,solve.va_sample,2,326.516,
584.9813,solve.va_sample,2,326.516,
585.4816,solve.va_sample,2,326.516,
585.9818,solve.va_sample,2,326.516,
586.4820,solve.va_sample,2,326.516,
586.9823,solve.va_sample,2,326.516,
587.4826,solve.va_sample,2,326.516,
587.9828,solve.va_sample,2,326.516,
588.4830,solve.va_sample,2,326.516,
588.9833,solve.va_sample,2,326.516,
589.4835,solve.va_sample,2,326.516,
589.9838,solve.va_sample,2,326.516,
590.4840,solve.va_sample,2,326.516,
590.9843,solve.va_sample,2,326.516,
591.4845,solve.va_sample,2,326.516,
591.9847,solve.va_sample,2,326.516,
592.4850,solve.va_sample,2,326.516,
592.9852,solve.va_sample,2,326.516,
593.4855,solve.va_sample,2,326.516,
593.9857,solve.va_sample,2,326.516,
594.4860,solve.va_sample,2,326.516,
594.9862,solve.va_sample,2,326.516,
595.4865,solve.va_sample,2,326.516,
595.9867,solve.va_sample,2,326.516,
596.4869,solve.va_sample,2,326.516,
596.9872,solve.va_sample,2,326.516,
597.4874,solve.va_sample,2,326.516,
597.9877,solve.va_sample,2,326.773,
598.4879,solve.va_sample,2,326.773,
598.9881,solve.va_sample,2,326.773,
599.4884,solve.va_sample,2,326.773,
599.9886,solve.va_sample,2,326.773,
600.4889,solve.va_sample,2,326.773,
600.9891,solve.va_sample,2,326.773,
601.4893,solve.va_sample,2,326.773,
601.9896,solve.va_sample,2,326.773,
602.4898,solve.va_sample,2,326.773,
602.9901,solve.va_sample,2,326.773,
603.4904,solve.va_sample,2,326.773,
603.9906,solve.va_sample,2,326.773,
604.4908,solve.va_sample,2,326.773,
604.9911,solve.va_sample,2,326.773,
605.4913,solve.va_sample,2,326.773,
605.9916,solve.va_sample,2,326.773,
606.4918,solve.va_sample,2,326.773,
606.9920,solve.va_sample,2,326.773,
607.4923,solve.va_sample,2,326.773,
607.9925,solve.va_sample,2,326.773,
608.4928,solve.va_sample,2,326.773,
608.9930,solve.va_sample,2,326.773,
609.4932,solve.va_sample,2,326.773,
609.9935,solve.va_sample,2,326.773,
610.4937,solve.va_sample,2,326.773,
610.9939,solve.va_sample,2,326.773,
611.4942,solve.va_sample,2,326.773,
611.9944,solve.va_sample,2,326.773,
612.4947,solve.va_sample,2,326.773,
612.9950,solve.va_sample,2,326.773,
613.4952,solve.va_sample,2,326.773,
613.9955,solve.va_sample,2,326.773,
614.4957,solve.va_sample,2,326.773,
614.9959,solve.va_sample,2,326.773,
615.4962,solve.va_sample,2,326.773,
615.9965,solve.va_sample,2,326.773,
616.4967,solve.va_sample,2,326.773,
616.9970,solve.va_sample,2,326.773,
617.4972,solve.va_sample,2,326.773,
617.9975,solve.va_sample,2,326.773,
618.4977,solve.va_sample,2,326.773,
618.9979,solve.va_sample,2,326.773,
619.4982,solve.va_sample,2,326.773,
619.9984,solve.va_sample,2,326.773,
620.4987,solve.va_sample,2,326.773,
620.9989,solve.va_sample,2,326.773,
621.4991,solve.va_sample,2,326.773,
621.9994,solve.va_sample,2,326.773,
622.4996,solve.va_sample,2,326.773,
622.9999,solve.va_sample,2,326.773,
623.5001,solve.va_sample,2,326.773,
624.0004,solve.va_sample,2,326.773,
624.5006,solve.va_sample,2,326.773,
625.0009,solve.va_sample,2,326.773,
625.5011,solve.va_sample,2,326.773,
626.0013,solve.va_sample,2,326.773,
626.5016,solve.va_sample,2,326.773,
627.0018,solve.va_sample,2,326.773,
627.5020,solve.va_sample,2,326.773,
628.0023,solve.va_sample,2,326.773,
628.5025,solve.va_sample,2,326.773,
629.0028,solve.va_sample,2,326.773,
629.5030,solve.va_sample,2,326.773,
630.0033,solve.va_sample,2,326.773,
630.5035,solve.va_sample,2,326.773,
631.0037,solve.va_sample,2,326.773,
631.5040,solve.va_sample,2,326.773,
632.0042,solve.va_sample,2,326.773,
632.5044,solve.va_sample,2,326.773,
633.0047,solve.va_sample,2,326.773,
633.5050,solve.va_sample,2,326.773,
634.0052,solve.va_sample,2,326.773,
634.5054,solve.va_sample,2,326.773,
635.0057,solve.va_sample,2,326.773,
635.5059,solve.va_sample,2,326.773,
636.0062,solve.va_sample,2,326.773,
636.5064,solve.va_sample,2,326.773,
637.0066,solve.va_sample,2,326.773,
637.5069,solve.va_sample,2,326.773,
638.0071,solve.va_sample,2,326.773,
638.5074,solve.va_sample,2,326.773,
639.0076,solve.va_sample,2,326.773,
639.5079,solve.va_sample,2,326.773,
640.0081,solve.va_sample,2,326.773,
640.5083,solve.va_sample,2,326.773,
641.0086,solve.va_sample,2,326.773,
641.5088,solve.va_sample,2,326.773,
642.0090,solve.va_sample,2,326.773,
642.5093,solve.va_sample,2,326.773,
643.0095,solve.va_sample,2,326.773,
643.5098,solve.va_sample,2,326.773,
644.0100,solve.va_sample,2,326.773,
644.5103,solve.va_sample,2,326.773,
645.0105,solve.va_sample,2,326.773,
645.5108,solve.va_sample,2,326.773,
646.0110,solve.va_sample,2,326.773,
646.5113,solve.va_sample,2,326.773,
647.0116,solve.va_sample,2,326.773,
647.5118,solve.va_sample,2,326.773,
648.0121,solve.va_sample,2,326.773,
648.5123,solve.va_sample,2,326.773,
649.0126,solve.va_sample,2,326.773,
649.5128,solve.va_sample,2,326.773,
650.0130,solve.va_sample,2,326.773,
650.5133,solve.va_sample,2,326.773,
651.0135,solve.va_sample,2,326.773,
651.5137,solve.va_sample,2,326.773,
652.0140,solve.va_sample,2,326.773,
652.5142,solve.va_sample,2,326.773,
653.0145,solve.va_sample,2,326.773,
653.5147,solve.va_sample,2,326.773,
654.0150,solve.va_sample,2,326.773,
654.5152,solve.va_sample,2,326.773,
655.0155,solve.va_sample,2,326.773,
655.5157,solve.va_sample,2,326.773,
656.0159,solve.va_sample,2,326.773,
656.5162,solve.va_sample,2,326.773,
657.0164,solve.va_sample,2,326.773,
657.5167,solve.va_sample,2,326.773,
658.0169,solve.va_sample,2,326.773,
658.5171,solve.va_sample,2,326.773,
659.0174,solve.va_sample,2,326.773,
659.5176,solve.va_sample,2,326.773,
660.0179,solve.va_sample,2,326.773,
660.5181,solve.va_sample,2,326.773,
661.0183,solve.va_sample,2,326.773,
661.5185,solve.va_sample,2,326.773,
662.0188,solve.va_sample,2,326.773,
662.5191,solve.va_sample,2,326.773,
663.0193,solve.va_sample,2,326.773,
663.5196,solve.va_sample,2,326.773,
664.0199,solve.va_sample,2,326.773,
664.5201,solve.va_sample,2,326.773,
665.0203,solve.va_sample,2,326.773,
665.5206,solve.va_sample,2,326.773,
666.0208,solve.va_sample,2,326.773,
666.5211,solve.va_sample,2,326.773,
667.0213,solve.va_sample,2,326.773,
667.5216,solve.va_sample,2,326.773,
668.0218,solve.va_sample,2,326.773,
668.5221,solve.va_sample,2,326.773,
669.0223,solve.va_sample,2,326.773,
669.5226,solve.va_sample,2,326.773,
670.0228,solve.va_sample,2,326.773,
670.5230,solve.va_sample,2,326.773,
671.0233,solve.va_sample,2,326.773,
671.5235,solve.va_sample,2,326.773,
672.0238,solve.va_sample,2,326.773,
672.5240,solve.va_sample,2,326.773,
673.0243,solve.va_sample,2,326.773,
673.5245,solve.va_sample,2,326.773,
674.0248,solve.va_sample,2,326.773,
674.5250,solve.va_sample,2,326.773,
675.0253,solve.va_sample,2,326.773,
675.5255,solve.va_sample,2,326.773,
676.0257,solve.va_sample,2,326.773,
676.5260,solve.va_sample,2,326.773,
677.0262,solve.va_sample,2,326.773,
677.5265,solve.va_sample,2,326.773,
678.0267,solve.va_sample,2,326.773,
678.5270,solve.va_sample,2,326.773,
679.0272,solve.va_sample,2,326.773,
679.5274,solve.va_sample,2,326.773,
680.0277,solve.va_sample,2,326.773,
680.5279,solve.va_sample,2,326.773,
681.0282,solve.va_sample,2,326.773,
681.5284,solve.va_sample,2,326.773,
682.0286,solve.va_sample,2,326.773,
682.5289,solve.va_sample,2,326.773,
683.0292,solve.va_sample,2,326.773,
683.5294,solve.va_sample,2,326.773,
684.0296,solve.va_sample,2,326.773,
684.5299,solve.va_sample,2,326.773,
685.0301,solve.va_sample,2,326.773,
685.5304,solve.va_sample,2,326.773,
686.0306,solve.va_sample,2,326.773,
686.5308,solve.va_sample,2,326.773,
687.0311,solve.va_sample,2,326.773,
687.5314,solve.va_sample,2,326.773,
688.0316,solve.va_sample,2,326.773,
688.5318,solve.va_sample,2,326.773,
689.0321,solve.va_sample,2,326.773,
689.5323,solve.va_sample,2,326.773,
690.0326,solve.va_sample,2,326.773,
690.5328,solve.va_sample,2,326.773,
691.0330,solve.va_sample,2,326.773,
691.5333,solve.va_sample,2,326.773,
692.0335,solve.va_sample,2,326.773,
692.5338,solve.va_sample,2,326.773,
693.0340,solve.va_sample,2,326.773,
693.5343,solve.va_sample,2,326.773,
694.0345,solve.va_sample,2,326.773,
694.5348,solve.va_sample,2,326.773,
695.0350,solve.va_sample,2,326.773,
695.5353,solve.va_sample,2,326.773,
696.0355,solve.va_sample,2,326.773,
696.5357,solve.va_sample,2,326.773,
697.0359,solve.va_sample,2,326.773,
697.5362,solve.va_sample,2,326.773,
698.0364,solve.va_sample,2,326.773,
698.5367,solve.va_sample,2,326.773,
699.0369,solve.va_sample,2,326.773,
699.5371,solve.va_sample,2,326.773,
700.0374,solve.va_sample,2,326.773,
700.5376,solve.va_sample,2,326.773,
701.0378,solve.va_sample,2,326.773,
701.5381,solve.va_sample,2,326.773,
702.0383,solve.va_sample,2,326.773,
702.5386,solve.va_sample,2,326.773,
703.0389,solve.va_sample,2,326.773,
703.5391,solve.va_sample,2,326.773,
704.0393,solve.va_sample,2,326.773,
704.5396,solve.va_sample,2,326.773,
705.0398,solve.va_sample,2,326.773,
705.5400,solve.va_sample,2,326.773,
706.0403,solve.va_sample,2,326.773,
706.5405,solve.va_sample,2,326.773,
707.0408,solve.va_sample,2,326.773,
707.5410,solve.va_sample,2,326.773,
708.0413,solve.va_sample,2,326.773,
708.5415,solve.va_sample,2,326.773,
709.0417,solve.va_sample,2,326.773,
709.5420,solve.va_sample,2,326.773,
710.0422,solve.va_sample,2,326.773,
710.5425,solve.va_sample,2,326.773,
711.0427,solve.va_sample,2,326.773,
711.5429,solve.va_sample,2,326.773,
712.0432,solve.va_sample,2,326.773,
712.5434,solve.va_sample,2,326.773,
713.0437,solve.va_sample,2,326.773,
713.5439,solve.va_sample,2,326.773,
714.0442,solve.va_sample,2,326.773,
714.5444,solve.va_sample,2,326.773,
715.0447,solve.va_sample,2,326.773,
715.5449,solve.va_sample,2,326.773,
716.0452,solve.va_sample,2,326.773,
716.5454,solve.va_sample,2,326.773,
717.0456,solve.va_sample,2,326.773,
717.5459,solve.va_sample,2,326.773,
718.0461,solve.va_sample,2,326.773,
718.5463,solve.va_sample,2,326.773,
719.0466,solve.va_sample,2,326.773,
719.5468,solve.va_sample,2,326.773,
720.0471,solve.va_sample,2,326.773,
720.5473,solve.va_sample,2,326.773,
721.0476,solve.va_sample,2,326.773,
721.5478,solve.va_sample,2,326.773,
722.0480,solve.va_sample,2,326.773,
722.5483,solve.va_sample,2,326.773,
723.0486,solve.va_sample,2,326.773,
723.5488,solve.va_sample,2,326.773,
724.0490,solve.va_sample,2,326.773,
724.5493,solve.va_sample,2,326.773,
725.0495,solve.va_sample,2,326.773,
725.5498,solve.va_sample,2,326.773,
726.0500,solve.va_sample,2,326.773,
726.5502,solve.va_sample,2,326.773,
727.0505,solve.va_sample,2,326.773,
727.5507,solve.va_sample,2,326.773,
728.0509,solve.va_sample,2,326.773,
728.5512,solve.va_sample,2,326.773,
729.0514,solve.va_sample,2,326.773,
729.5517,solve.va_sample,2,326.773,
730.0519,solve.va_sample,2,326.773,
730.5522,solve.va_sample,2,326.773,
731.0524,solve.va_sample,2,326.773,
731.5527,solve.va_sample,2,326.773,
732.0529,solve.va_sample,2,326.773,
732.5531,solve.va_sample,2,326.773,
733.0534,solve.va_sample,2,326.773,
733.5536,solve.va_sample,2,326.773,
734.0539,solve.va_sample,2,326.773,
734.5541,solve.va_sample,2,326.773,
735.0544,solve.va_sample,2,326.773,
735.5546,solve.va_sample,2,326.773,
736.0548,solve.va_sample,2,326.773,
736.5551,solve.va_sample,2,326.773,
737.0553,solve.va_sample,2,326.773,
737.5555,solve.va_sample,2,326.773,
738.0558,solve.va_sample,2,326.773,
738.5560,solve.va_sample,2,326.773,
739.0563,solve.va_sample,2,326.773,
739.5565,solve.va_sample,2,326.773,
740.0567,solve.va_sample,2,326.773,
740.5570,solve.va_sample,2,326.773,
741.0572,solve.va_sample,2,326.773,
741.5574,solve.va_sample,2,326.773,
742.0577,solve.va_sample,2,326.773,
742.5579,solve.va_sample,2,326.773,
743.0582,solve.va_sample,2,326.773,
743.5585,solve.va_sample,2,326.773,
744.0587,solve.va_sample,2,326.773,
744.5590,solve.va_sample,2,326.773,
745.0592,solve.va_sample,2,326.773,
745.5594,solve.va_sample,2,326.773,
746.0597,solve.va_sample,2,326.773,
746.5599,solve.va_sample,2,326.773,
747.0602,solve.va_sample,2,326.773,
747.5604,solve.va_sample,2,326.773,
748.0606,solve.va_sample,2,326.773,
748.5609,solve.va_sample,2,326.773,
749.0611,solve.va_sample,2,326.773,
749.5613,solve.va_sample,2,326.773,
750.0616,solve.va_sample,2,326.773,
750.5618,solve.va_sample,2,326.773,
751.0620,solve.va_sample,2,326.773,
751.5623,solve.va_sample,2,326.773,
752.0625,solve.va_sample,2,326.773,
752.5627,solve.va_sample,2,326.773,
753.0630,solve.va_sample,2,326.773,
753.5633,solve.va_sample,2,326.773,
754.0635,solve.va_sample,2,326.773,
754.5638,solve.va_sample,2,326.773,
755.0640,solve.va_sample,2,326.773,
755.5642,solve.va_sample,2,326.773,
756.0645,solve.va_sample,2,326.773,
756.5647,solve.va_sample,2,326.773,
757.0649,solve.va_sample,2,326.773,
757.5652,solve.va_sample,2,326.773,
758.0654,solve.va_sample,2,326.773,
758.5657,solve.va_sample,2,326.773,
759.0659,solve.va_sample,2,326.773,
759.5662,solve.va_sample,2,326.773,
760.0664,solve.va_sample,2,326.773,
760.5666,solve.va_sample,2,326.773,
761.0669,solve.va_sample,2,326.773,
761.5671,solve.va_sample,2,326.773,
762.0673,solve.va_sample,2,326.773,
762.5676,solve.va_sample,2,326.773,
763.0678,solve.va_sample,2,326.773,
763.5681,solve.va_sample,2,326.773,
764.0683,solve.va_sample,2,326.773,
764.5686,solve.va_sample,2,326.773,
765.0688,solve.va_sample,2,326.773,
765.5690,solve.va_sample,2,326.773,
766.0693,solve.va_sample,2,326.773,
766.5695,solve.va_sample,2,326.773,
767.0698,solve.va_sample,2,326.773,
767.5701,solve.va_sample,2,326.773,
768.0703,solve.va_sample,2,326.773,
768.5706,solve.va_sample,2,326.773,
769.0708,solve.va_sample,2,326.773,
769.5711,solve.va_sample,2,326.773,
770.0713,solve.va_sample,2,326.773,
770.5716,solve.va_sample,2,326.773,
771.0718,solve.va_sample,2,326.773,
771.5720,solve.va_sample,2,326.773,
772.0723,solve.va_sample,2,326.773,
772.5726,solve.va_sample,2,326.773,
773.0728,solve.va_sample,2,326.773,
773.5731,solve.va_sample,2,326.773,
774.0733,solve.va_sample,2,326.773,
774.5736,solve.va_sample,2,326.773,
775.0738,solve.va_sample,2,326.773,
775.5741,solve.va_sample,2,326.773,
776.0743,solve.va_sample,2,326.773,
776.5746,solve.va_sample,2,326.773,
777.0748,solve.va_sample,2,326.773,
777.5751,solve.va_sample,2,326.773,
778.0753,solve.va_sample,2,326.773,
778.5755,solve.va_sample,2,326.773,
779.0758,solve.va_sample,2,326.773,
779.5760,solve.va_sample,2,326.773,
780.0763,solve.va_sample,2,326.773,
780.5765,solve.va_sample,2,326.773,
781.0768,solve.va_sample,2,326.773,
781.5770,solve.va_sample,2,326.773,
782.0773,solve.va_sample,2,326.773,
782.5775,solve.va_sample,2,326.773,
783.0778,solve.va_sample,2,326.773,
783.5780,solve.va_sample,2,326.773,
784.0783,solve.va_sample,2,326.773,
784.5785,solve.va_sample,2,326.773,
785.0788,solve.va_sample,2,326.773,
785.5790,solve.va_sample,2,326.773,
786.0792,solve.va_sample,2,326.773,
786.5795,solve.va_sample,2,326.773,
787.0797,solve.va_sample,2,326.773,
787.5800,solve.va_sample,2,326.773,
788.0803,solve.va_sample,2,326.773,
788.5805,solve.va_sample,2,326.773,
789.0808,solve.va_sample,2,326.773,
789.5810,solve.va_sample,2,326.773,
790.0813,solve.va_sample,2,326.773,
790.5815,solve.va_sample,2,326.773,
791.0818,solve.va_sample,2,326.773,
791.5820,solve.va_sample,2,326.773,
792.0823,solve.va_sample,2,326.773,
792.5825,solve.va_sample,2,326.773,
793.0828,solve.va_sample,2,326.773,
793.5830,solve.va_sample,2,326.773,
794.0833,solve.va_sample,2,326.773,
794.5835,solve.va_sample,2,326.773,
795.0837,solve.va_sample,2,326.773,
795.5840,solve.va_sample,2,326.773,
796.0842,solve.va_sample,2,326.773,
796.5845,solve.va_sample,2,326.773,
797.0847,solve.va_sample,2,326.773,
797.5850,solve.va_sample,2,326.773,
798.0852,solve.va_sample,2,326.773,
798.5855,solve.va_sample,2,326.773,
799.0857,solve.va_sample,2,326.773,
799.5859,solve.va_sample,2,326.773,
800.0862,solve.va_sample,2,326.773,
800.5864,solve.va_sample,2,326.773,
801.0867,solve.va_sample,2,326.773,
801.5869,solve.va_sample,2,326.773,
802.0872,solve.va_sample,2,326.773,
802.5874,solve.va_sample,2,326.773,
803.0877,solve.va_sample,2,326.773,
803.5880,solve.va_sample,2,326.773,
804.0882,solve.va_sample,2,326.773,
804.5885,solve.va_sample,2,326.773,
805.0887,solve.va_sample,2,326.773,
805.5890,solve.va_sample,2,326.773,
806.0892,solve.va_sample,2,326.773,
806.5895,solve.va_sample,2,326.773,
807.0897,solve.va_sample,2,326.773,
807.5900,solve.va_sample,2,326.773,
808.0902,solve.va_sample,2,326.773,
808.5905,solve.va_sample,2,326.773,
809.0907,solve.va_sample,2,326.773,
809.5909,solve.va_sample,2,326.773,
810.0912,solve.va_sample,2,326.773,
810.5914,solve.va_sample,2,326.773,
811.0917,solve.va_sample,2,326.773,
811.5919,solve.va_sample,2,326.773,
812.0922,solve.va_sample,2,326.773,
812.5925,solve.va_sample,2,326.773,
813.0927,solve.va_sample,2,326.773,
813.5930,solve.va_sample,2,326.773,
814.0932,solve.va_sample,2,326.773,
814.5935,solve.va_sample,2,326.773,
815.0937,solve.va_sample,2,326.773,
815.5940,solve.va_sample,2,326.773,
816.0943,solve.va_sample,2,326.773,
816.5945,solve.va_sample,2,326.773,
817.0948,solve.va_sample,2,326.773,
817.5950,solve.va_sample,2,326.773,
818.0953,solve.va_sample,2,326.773,
818.5955,solve.va_sample,2,326.773,
819.0957,solve.va_sample,2,326.773,
819.5960,solve.va_sample,2,326.773,
820.0962,solve.va_sample,2,326.773,
820.5965,solve.va_sample,2,326.773,
821.0967,solve.va_sample,2,326.773,
821.5970,solve.va_sample,2,326.773,
822.0972,solve.va_sample,2,326.773,
822.5974,solve.va_sample,2,326.773,
823.0977,solve.va_sample,2,326.773,
823.5980,solve.va_sample,2,326.773,
824.0982,solve.va_sample,2,326.773,
824.5984,solve.va_sample,2,326.773,
825.0987,solve.va_sample,2,326.773,
825.5989,solve.va_sample,2,326.773,
826.0992,solve.va_sample,2,326.773,
826.5994,solve.va_sample,2,326.773,
827.0997,solve.va_sample,2,326.773,
827.6000,solve.va_sample,2,326.773,
828.1003,solve.va_sample,2,326.773,
828.6005,solve.va_sample,2,326.773,
829.1007,solve.va_sample,2,326.773,
829.6010,solve.va_sample,2,326.773,
830.1013,solve.va_sample,2,326.773,
830.6015,solve.va_sample,2,326.773,
831.1017,solve.va_sample,2,326.773,
831.6020,solve.va_sample,2,326.773,
832.1022,solve.va_sample,2,326.773,
832.6025,solve.va_sample,2,326.773,
833.1027,solve.va_sample,2,326.773,
833.6030,solve.va_sample,2,326.773,
834.1032,solve.va_sample,2,326.773,
834.6035,solve.va_sample,2,326.773,
835.1037,solve.va_sample,2,326.773,
835.6039,solve.va_sample,2,326.773,
836.1042,solve.va_sample,2,326.773,
836.6044,solve.va_sample,2,326.773,
837.1047,solve.va_sample,2,326.773,
837.6049,solve.va_sample,2,326.773,
838.1052,solve.va_sample,2,326.773,
838.6054,solve.va_sample,2,326.773,
839.1056,solve.va_sample,2,326.773,
839.6059,solve.va_sample,2,326.773,
840.1062,solve.va_sample,2,326.773,
840.6064,solve.va_sample,2,326.773,
841.1066,solve.va_sample,2,326.773,
841.6069,solve.va_sample,2,326.773,
842.1071,solve.va_sample,2,326.773,
842.6073,solve.va_sample,2,326.773,
843.1076,solve.va_sample,2,326.773,
843.6079,solve.va_sample,2,326.773,
844.1081,solve.va_sample,2,326.773,
844.6084,solve.va_sample,2,326.773,
845.1086,solve.va_sample,2,326.773,
845.6089,solve.va_sample,2,326.773,
846.1091,solve.va_sample,2,326.773,
846.6093,solve.va_sample,2,326.773,
847.1095,solve.va_sample,2,326.773,
847.6098,solve.va_sample,2,326.773,
848.1100,solve.va_sample,2,326.773,
848.6103,solve.va_sample,2,326.773,
849.1105,solve.va_sample,2,326.773,
849.6107,solve.va_sample,2,326.773,
850.1110,solve.va_sample,2,326.773,
850.6112,solve.va_sample,2,326.773,
851.1114,solve.va_sample,2,326.773,
851.6117,solve.va_sample,2,326.773,
852.1119,solve.va_sample,2,326.773,
852.6121,solve.va_sample,2,326.773,
853.1124,solve.va_sample,2,326.773,
853.6127,solve.va_sample,2,326.773,
854.1129,solve.va_sample,2,326.773,
854.6132,solve.va_sample,2,326.773,
855.1134,solve.va_sample,2,326.773,
855.6136,solve.va_sample,2,326.773,
856.1139,solve.va_sample,2,326.773,
856.6141,solve.va_sample,2,326.773,
857.1143,solve.va_sample,2,326.773,
857.6146,solve.va_sample,2,326.773,
858.1148,solve.va_sample,2,326.773,
858.6150,solve.va_sample,2,326.773,
859.1153,solve.va_sample,2,326.773,
859.6155,solve.va_sample,2,326.773,
860.1158,solve.va_sample,2,326.773,
860.6160,solve.va_sample,2,326.773,
861.1162,solve.va_sample,2,326.773,
861.6165,solve.va_sample,2,326.773,
862.1167,solve.va_sample,2,326.773,
862.6169,solve.va_sample,2,326.773,
863.1172,solve.va_sample,2,326.773,
863.6175,solve.va_sample,2,326.773,
864.1177,solve.va_sample,2,326.773,
864.6179,solve.va_sample,2,326.773,
865.1182,solve.va_sample,2,326.773,
865.6184,solve.va_sample,2,326.773,
866.1187,solve.va_sample,2,326.773,
866.6189,solve.va_sample,2,326.773,
867.1191,solve.va_sample,2,326.773,
867.6194,solve.va_sample,2,326.773,
868.1196,solve.va_sample,2,326.773,
868.6199,solve.va_sample,2,326.773,
869.1201,solve.va_sample,2,326.773,
869.6203,solve.va_sample,2,326.773,
870.1206,solve.va_sample,2,326.773,
870.6208,solve.va_sample,2,326.773,
871.1210,solve.va_sample,2,326.773,
871.6213,solve.va_sample,2,326.773,
872.1215,solve.va_sample,2,326.773,
872.6218,solve.va_sample,2,326.773,
873.1221,solve.va_sample,2,326.773,
873.6223,solve.va_sample,2,326.773,
874.1226,solve.va_sample,2,326.773,
874.6228,solve.va_sample,2,326.773,
875.1230,solve.va_sample,2,326.773,
875.6233,solve.va_sample,2,326.773,
876.1235,solve.va_sample,2,326.773,
876.6238,solve.va_sample,2,326.773,
877.1240,solve.va_sample,2,326.773,
877.6242,solve.va_sample,2,326.773,
878.1245,solve.va_sample,2,326.773,
878.6247,solve.va_sample,2,326.773,
879.1249,solve.va_sample,2,326.773,
879.6252,solve.va_sample,2,326.773,
880.1254,solve.va_sample,2,326.773,
880.6257,solve.va_sample,2,326.773,
881.1259,solve.va_sample,2,326.773,
881.6261,solve.va_sample,2,326.773,
882.1264,solve.va_sample,2,326.773,
882.6266,solve.va_sample,2,326.773,
883.1268,solve.va_sample,2,326.773,
883.6270,solve.va_sample,2,326.773,
884.1273,solve.va_sample,2,326.773,
884.6275,solve.va_sample,2,326.773,
885.1278,solve.va_sample,2,326.773,
885.6280,solve.va_sample,2,326.773,
886.1282,solve.va_sample,2,326.773,
886.6285,solve.va_sample,2,326.773,
887.1287,solve.va_sample,2,326.773,
887.6290,solve.va_sample,2,326.773,
888.1292,solve.va_sample,2,326.773,
888.6294,solve.va_sample,2,326.773,
889.1297,solve.va_sample,2,326.773,
889.6299,solve.va_sample,2,326.773,
890.1301,solve.va_sample,2,326.773,
890.6304,solve.va_sample,2,326.773,
891.1306,solve.va_sample,2,326.773,
891.6308,solve.va_sample,2,326.773,
892.1311,solve.va_sample,2,326.773,
892.6313,solve.va_sample,2,326.773,
893.1315,solve.va_sample,2,326.773,
893.6318,solve.va_sample,2,326.773,
894.1320,solve.va_sample,2,326.773,
894.6322,solve.va_sample,2,326.773,
895.1325,solve.va_sample,2,326.773,
895.6327,solve.va_sample,2,326.773,
896.1329,solve.va_sample,2,326.773,
896.6332,solve.va_sample,2,326.773,
897.1334,solve.va_sample,2,326.773,
897.6337,solve.va_sample,2,326.773,
898.1339,solve.va_sample,2,326.773,
898.6341,solve.va_sample,2,326.773,
899.1344,solve.va_sample,2,326.773,
899.6346,solve.va_sample,2,326.773,
900.1348,solve.va_sample,2,326.773,
900.6351,solve.va_sample,2,326.773,
901.1353,solve.va_sample,2,326.773,
901.6356,solve.va_sample,2,326.773,
902.1358,solve.va_sample,2,326.773,
902.6360,solve.va_sample,2,326.773,
903.1363,solve.va_sample,2,326.773,
903.6365,solve.va_sample,2,326.773,
904.1367,solve.va_sample,2,326.773,
904.6370,solve.va_sample,2,326.773,
905.1372,solve.va_sample,2,326.773,
905.6374,solve.va_sample,2,326.773,
906.1377,solve.va_sample,2,326.773,
906.6379,solve.va_sample,2,326.773,
907.1381,solve.va_sample,2,326.773,
907.6383,solve.va_sample,2,326.773,
908.1386,solve.va_sample,2,326.773,
908.6388,solve.va_sample,2,326.773,
909.1390,solve.va_sample,2,326.773,
909.6393,solve.va_sample,2,326.773,
910.1395,solve.va_sample,2,326.773,
910.6397,solve.va_sample,2,326.773,
911.1400,solve.va_sample,2,326.773,
911.6402,solve.va_sample,2,326.773,
912.1404,solve.va_sample,2,326.773,
912.6407,solve.va_sample,2,326.773,
913.1409,solve.va_sample,2,326.773,
913.6411,solve.va_sample,2,326.773,
914.1414,solve.va_sample,2,326.773,
914.6416,solve.va_sample,2,326.773,
915.1418,solve.va_sample,2,326.773,
915.6421,solve.va_sample,2,326.773,
916.1423,solve.va_sample,2,326.773,
916.6425,solve.va_sample,2,326.773,
917.1428,solve.va_sample,2,326.773,
917.6430,solve.va_sample,2,326.773,
918.1433,solve.va_sample,2,326.773,
918.6435,solve.va_sample,2,326.773,
919.1438,solve.va_sample,2,326.773,
919.6440,solve.va_sample,2,326.773,
920.1442,solve.va_sample,2,326.773,
920.6445,solve.va_sample,2,326.773,
921.1447,solve.va_sample,2,326.773,
921.6449,solve.va_sample,2,326.773,
922.1452,solve.va_sample,2,326.773,
922.6454,solve.va_sample,2,326.773,
923.1456,solve.va_sample,2,326.773,
923.6459,solve.va_sample,2,326.773,
924.1461,solve.va_sample,2,326.773,
924.6463,solve.va_sample,2,326.773,
925.1466,solve.va_sample,2,326.773,
925.6468,solve.va_sample,2,326.773,
926.1470,solve.va_sample,2,326.773,
926.6473,solve.va_sample,2,326.773,
927.1475,solve.va_sample,2,326.773,
927.6477,solve.va_sample,2,326.773,
928.1480,solve.va_sample,2,326.773,
928.6482,solve.va_sample,2,326.773,
929.1484,solve.va_sample,2,326.773,
929.6487,solve.va_sample,2,326.773,
930.1489,solve.va_sample,2,326.773,
930.6492,solve.va_sample,2,326.773,
931.1494,solve.va_sample,2,326.773,
931.6497,solve.va_sample,2,326.773,
932.1499,solve.va_sample,2,326.773,
932.6501,solve.va_sample,2,326.773,
933.1504,solve.va_sample,2,326.773,
933.6506,solve.va_sample,2,326.773,
934.1508,solve.va_sample,2,326.773,
934.6510,solve.va_sample,2,326.773,
935.1513,solve.va_sample,2,326.773,
935.6515,solve.va_sample,2,326.773,
936.1518,solve.va_sample,2,326.773,
936.6520,solve.va_sample,2,326.773,
937.1522,solve.va_sample,2,326.773,
937.6525,solve.va_sample,2,326.773,
938.1527,solve.va_sample,2,326.773,
938.6529,solve.va_sample,2,326.773,
939.1532,solve.va_sample,2,326.773,
939.6534,solve.va_sample,2,326.773,
940.1536,solve.va_sample,2,326.773,
940.6539,solve.va_sample,2,326.773,
941.1541,solve.va_sample,2,326.773,
941.6543,solve.va_sample,2,326.773,
942.1546,solve.va_sample,2,326.773,
942.6548,solve.va_sample,2,326.773,
943.1550,solve.va_sample,2,326.773,
943.6553,solve.va_sample,2,326.773,
944.1555,solve.va_sample,2,327.031,
944.6558,solve.va_sample,2,327.031,
945.1560,solve.va_sample,2,327.031,
945.6563,solve.va_sample,2,327.031,
946.1565,solve.va_sample,2,327.031,
946.6567,solve.va_sample,2,327.031,
947.1569,solve.va_sample,2,327.031,
947.6572,solve.va_sample,2,327.031,
948.1574,solve.va_sample,2,327.031,
948.6576,solve.va_sample,2,327.031,
949.1579,solve.va_sample,2,327.031,
949.6581,solve.va_sample,2,327.031,
950.1583,solve.va_sample,2,327.031,
950.6586,solve.va_sample,2,327.031,
951.1588,solve.va_sample,2,327.031,
951.6590,solve.va_sample,2,327.031,
952.1593,solve.va_sample,2,327.031,
952.6595,solve.va_sample,2,327.031,
953.1597,solve.va_sample,2,327.031,
953.6600,solve.va_sample,2,327.031,
954.1602,solve.va_sample,2,327.031,
954.6604,solve.va_sample,2,327.031,
955.1607,solve.va_sample,2,327.031,
955.6609,solve.va_sample,2,327.031,
956.1611,solve.va_sample,2,327.031,
956.6614,solve.va_sample,2,327.031,
957.1616,solve.va_sample,2,327.031,
957.6618,solve.va_sample,2,327.031,
958.1621,solve.va_sample,2,327.031,
958.6623,solve.va_sample,2,327.031,
959.1626,solve.va_sample,2,327.031,
959.6628,solve.va_sample,2,327.031,
960.1631,solve.va_sample,2,327.031,
960.6633,solve.va_sample,2,327.031,
961.1636,solve.va_sample,2,327.031,
961.6638,solve.va_sample,2,327.031,
962.1640,solve.va_sample,2,327.031,
962.6643,solve.va_sample,2,327.031,
963.1645,solve.va_sample,2,327.031,
963.6647,solve.va_sample,2,327.031,
964.1650,solve.va_sample,2,327.031,
964.6652,solve.va_sample,2,327.031,
965.1654,solve.va_sample,2,327.031,
965.6657,solve.va_sample,2,327.031,
966.1659,solve.va_sample,2,327.031,
966.6662,solve.va_sample,2,327.031,
967.1664,solve.va_sample,2,327.031,
967.6666,solve.va_sample,2,327.031,
968.1669,solve.va_sample,2,327.031,
968.6671,solve.va_sample,2,327.031,
969.1673,solve.va_sample,2,327.031,
969.6676,solve.va_sample,2,327.031,
970.1678,solve.va_sample,2,327.031,
970.6680,solve.va_sample,2,327.031,
971.1683,solve.va_sample,2,327.031,
971.6685,solve.va_sample,2,327.031,
972.1687,solve.va_sample,2,327.031,
972.6690,solve.va_sample,2,327.031,
973.1692,solve.va_sample,2,327.031,
973.6695,solve.va_sample,2,327.031,
974.1697,solve.va_sample,2,327.031,
974.6699,solve.va_sample,2,327.031,
975.1702,solve.va_sample,2,327.031,
975.6704,solve.va_sample,2,327.031,
976.1707,solve.va_sample,2,327.031,
976.6709,solve.va_sample,2,327.031,
977.1711,solve.va_sample,2,327.031,
977.6714,solve.va_sample,2,327.031,
978.1716,solve.va_sample,2,327.031,
978.6718,solve.va_sample,2,327.031,
979.1721,solve.va_sample,2,327.031,
979.6723,solve.va_sample,2,327.031,
980.1725,solve.va_sample,2,327.031,
980.6728,solve.va_sample,2,327.031,
981.1730,solve.va_sample,2,327.031,
981.6732,solve.va_sample,2,327.031,
982.1735,solve.va_sample,2,327.031,
982.6737,solve.va_sample,2,327.031,
983.1739,solve.va_sample,2,327.031,
983.6742,solve.va_sample,2,327.031,
984.1744,solve.va_sample,2,327.031,
984.6746,solve.va_sample,2,327.031,
985.1749,solve.va_sample,2,327.031,
985.6751,solve.va_sample,2,327.031,
986.1753,solve.va_sample,2,327.031,
986.6756,solve.va_sample,2,327.031,
987.1758,solve.va_sample,2,327.031,
987.6761,solve.va_sample,2,327.031,
988.1763,solve.va_sample,2,327.031,
988.6765,solve.va_sample,2,327.031,
989.1768,solve.va_sample,2,327.031,
989.6770,solve.va_sample,2,327.031,
990.1773,solve.va_sample,2,327.031,
990.6775,solve.va_sample,2,327.031,
991.1777,solve.va_sample,2,327.031,
991.6780,solve.va_sample,2,327.031,
992.1782,solve.va_sample,2,327.031,
992.6784,solve.va_sample,2,327.031,
993.1787,solve.va_sample,2,327.031,
993.6789,solve.va_sample,2,327.031,
994.1792,solve.va_sample,2,327.031,
994.6794,solve.va_sample,2,327.031,
995.1796,solve.va_sample,2,327.031,
995.6799,solve.va_sample,2,327.031,
996.1801,solve.va_sample,2,327.031,
996.6803,solve.va_sample,2,327.031,
997.1805,solve.va_sample,2,327.031,
997.6808,solve.va_sample,2,327.031,
998.1810,solve.va_sample,2,327.031,
998.6813,solve.va_sample,2,327.031,
999.1815,solve.va_sample,2,327.031,
999.6817,solve.va_sample,2,327.031,
1000.1820,solve.va_sample,2,327.031,
1000.6822,solve.va_sample,2,327.031,
1001.1825,solve.va_sample,2,327.031,
1001.6827,solve.va_sample,2,327.031,
1002.1829,solve.va_sample,2,327.031,
1002.6832,solve.va_sample,2,327.031,
1003.1834,solve.va_sample,2,327.031,
1003.6836,solve.va_sample,2,327.031,
1004.1839,solve.va_sample,2,327.031,
1004.6841,solve.va_sample,2,327.031,
1005.1843,solve.va_sample,2,327.031,
1005.6846,solve.va_sample,2,327.031,
1006.1848,solve.va_sample,2,327.031,
1006.6850,solve.va_sample,2,327.031,
1007.1853,solve.va_sample,2,327.031,
1007.6855,solve.va_sample,2,327.031,
1008.1858,solve.va_sample,2,327.031,
1008.6860,solve.va_sample,2,327.031,
1009.1862,solve.va_sample,2,327.031,
1009.6865,solve.va_sample,2,327.031,
1010.1867,solve.va_sample,2,327.031,
1010.6869,solve.va_sample,2,327.031,
1011.1872,solve.va_sample,2,327.031,
1011.6874,solve.va_sample,2,327.031,
1012.1876,solve.va_sample,2,327.031,
1012.6879,solve.va_sample,2,327.031,
1013.1881,solve.va_sample,2,327.031,
1013.6883,solve.va_sample,2,327.031,
1014.1885,solve.va_sample,2,327.031,
1014.6888,solve.va_sample,2,327.031,
1015.1891,solve.va_sample,2,327.031,
1015.6893,solve.va_sample,2,327.031,
1016.1895,solve.va_sample,2,327.031,
1016.6898,solve.va_sample,2,327.031,
1017.1900,solve.va_sample,2,327.031,
1017.6902,solve.va_sample,2,327.031,
1018.1905,solve.va_sample,2,327.031,
1018.6907,solve.va_sample,2,327.031,
1019.1909,solve.va_sample,2,327.031,
1019.6912,solve.va_sample,2,327.031,
1020.1915,solve.va_sample,2,327.031,
1020.6917,solve.va_sample,2,327.031,
1021.1919,solve.va_sample,2,327.031,
1021.6922,solve.va_sample,2,327.031,
1022.1924,solve.va_sample,2,327.031,
1022.6926,solve.va_sample,2,327.031,
1023.1929,solve.va_sample,2,327.031,
1023.6931,solve.va_sample,2,327.031,
1024.1933,solve.va_sample,2,327.031,
1024.6936,solve.va_sample,2,327.031,
1025.1938,solve.va_sample,2,327.031,
1025.6940,solve.va_sample,2,327.031,
1026.1943,solve.va_sample,2,327.031,
1026.6945,solve.va_sample,2,327.031,
1027.1947,solve.va_sample,2,327.031,
1027.6950,solve.va_sample,2,327.031,
1028.1952,solve.va_sample,2,327.031,
1028.6954,solve.va_sample,2,327.031,
1029.1957,solve.va_sample,2,327.031,
1029.6960,solve.va_sample,2,327.031,
1030.1962,solve.va_sample,2,327.031,
1030.6964,solve.va_sample,2,327.031,
1031.1966,solve.va_sample,2,327.031,
1031.6969,solve.va_sample,2,327.031,
1032.1971,solve.va_sample,2,327.031,
1032.6973,solve.va_sample,2,327.031,
1033.1975,solve.va_sample,2,327.031,
1033.6978,solve.va_sample,2,327.031,
1034.1980,solve.va_sample,2,327.031,
1034.6983,solve.va_sample,2,327.031,
1035.1985,solve.va_sample,2,327.031,
1035.6987,solve.va_sample,2,327.031,
1036.1989,solve.va_sample,2,327.031,
1036.6992,solve.va_sample,2,327.031,
1037.1994,solve.va_sample,2,327.031,
1037.6996,solve.va_sample,2,327.031,
1038.1998,solve.va_sample,2,327.031,
1038.7001,solve.va_sample,2,327.031,
1039.2003,solve.va_sample,2,327.031,
1039.7005,solve.va_sample,2,327.031,
1040.2007,solve.va_sample,2,327.031,
1040.7010,solve.va_sample,2,327.031,
1041.2012,solve.va_sample,2,327.031,
1041.7014,solve.va_sample,2,327.031,
1042.2017,solve.va_sample,2,327.031,
1042.7019,solve.va_sample,2,327.031,
1043.2022,solve.va_sample,2,327.031,
1043.7024,solve.va_sample,2,327.031,
1044.2027,solve.va_sample,2,327.031,
1044.7029,solve.va_sample,2,327.031,
1045.2031,solve.va_sample,2,327.031,
1045.7034,solve.va_sample,2,327.031,
1046.2036,solve.va_sample,2,327.031,
1046.7038,solve.va_sample,2,327.031,
1047.2041,solve.va_sample,2,327.031,
1047.7043,solve.va_sample,2,327.031,
1048.2045,solve.va_sample,2,327.031,
1048.7047,solve.va_sample,2,327.031,
1049.2050,solve.va_sample,2,327.031,
1049.7052,solve.va_sample,2,327.031,
1050.2054,solve.va_sample,2,327.031,
1050.7057,solve.va_sample,2,327.031,
1051.2059,solve.va_sample,2,327.031,
1051.7061,solve.va_sample,2,327.031,
1052.2064,solve.va_sample,2,327.031,
1052.7066,solve.va_sample,2,327.031,
1053.2068,solve.va_sample,2,327.031,
1053.7071,solve.va_sample,2,327.031,
1054.2073,solve.va_sample,2,327.031,
1054.7075,solve.va_sample,2,327.031,
1055.2077,solve.va_sample,2,327.031,
1055.7080,solve.va_sample,2,327.031,
1056.2082,solve.va_sample,2,327.031,
1056.7084,solve.va_sample,2,327.031,
1057.2087,solve.va_sample,2,327.031,
1057.7090,solve.va_sample,2,327.031,
1058.2092,solve.va_sample,2,327.031,
1058.7094,solve.va_sample,2,327.031,
1059.2097,solve.va_sample,2,327.031,
1059.7099,solve.va_sample,2,327.031,
1060.2102,solve.va_sample,2,327.031,
1060.7104,solve.va_sample,2,327.031,
1061.2106,solve.va_sample,2,327.031,
1061.7109,solve.va_sample,2,327.031,
1062.2111,solve.va_sample,2,327.031,
1062.7113,solve.va_sample,2,327.031,
1063.2115,solve.va_sample,2,327.031,
1063.7118,solve.va_sample,2,327.031,
1064.2120,solve.va_sample,2,327.031,
1064.7122,solve.va_sample,2,327.031,
1065.2125,solve.va_sample,2,327.031,
1065.7127,solve.va_sample,2,327.031,
1066.2129,solve.va_sample,2,327.031,
1066.7131,solve.va_sample,2,327.031,
1067.2134,solve.va_sample,2,327.031,
1067.7137,solve.va_sample,2,327.031,
1068.2139,solve.va_sample,2,327.031,
1068.7142,solve.va_sample,2,327.031,
1069.2144,solve.va_sample,2,327.031,
1069.7147,solve.va_sample,2,327.031,
1070.2149,solve.va_sample,2,327.031,
1070.7151,solve.va_sample,2,327.031,
1071.2154,solve.va_sample,2,327.031,
1071.7156,solve.va_sample,2,327.031,
1072.2159,solve.va_sample,2,327.031,
1072.7161,solve.va_sample,2,327.031,
1073.2163,solve.va_sample,2,327.031,
1073.7166,solve.va_sample,2,327.031,
1074.2168,solve.va_sample,2,327.031,
1074.7170,solve.va_sample,2,327.031,
1075.2173,solve.va_sample,2,327.031,
1075.7175,solve.va_sample,2,327.031,
1076.2178,solve.va_sample,2,327.031,
1076.7180,solve.va_sample,2,327.031,
1077.2182,solve.va_sample,2,327.031,
1077.7185,solve.va_sample,2,327.031,
1078.2187,solve.va_sample,2,327.031,
1078.7189,solve.va_sample,2,327.031,
1079.2192,solve.va_sample,2,327.031,
1079.7194,solve.va_sample,2,327.031,
1080.2196,solve.va_sample,2,327.031,
1080.7199,solve.va_sample,2,327.031,
1081.2201,solve.va_sample,2,327.031,
1081.7203,solve.va_sample,2,327.031,
1082.2206,solve.va_sample,2,327.031,
1082.7208,solve.va_sample,2,327.031,
1083.2210,solve.va_sample,2,327.031,
1083.7213,solve.va_sample,2,327.031,
1084.2215,solve.va_sample,2,327.031,
1084.7218,solve.va_sample,2,327.031,
1085.2220,solve.va_sample,2,327.031,
1085.7223,solve.va_sample,2,327.031,
1086.2225,solve.va_sample,2,327.031,
1086.7227,solve.va_sample,2,327.031,
1087.2230,solve.va_sample,2,327.031,
1087.7232,solve.va_sample,2,327.031,
1088.2234,solve.va_sample,2,327.031,
1088.7237,solve.va_sample,2,327.031,
1089.2239,solve.va_sample,2,327.031,
1089.7241,solve.va_sample,2,327.031,
1090.2244,solve.va_sample,2,327.031,
1090.7246,solve.va_sample,2,327.031,
1091.2248,solve.va_sample,2,327.031,
1091.7251,solve.va_sample,2,327.031,
1092.2253,solve.va_sample,2,327.031,
1092.7255,solve.va_sample,2,327.031,
1093.2258,solve.va_sample,2,327.031,
1093.7260,solve.va_sample,2,327.031,
1094.2263,solve.va_sample,2,327.031,
1094.7265,solve.va_sample,2,327.031,
1095.2267,solve.va_sample,2,327.031,
1095.7270,solve.va_sample,2,327.031,
1096.2272,solve.va_sample,2,327.031,
1096.7274,solve.va_sample,2,327.031,
1097.2277,solve.va_sample,2,327.031,
1097.7279,solve.va_sample,2,327.031,
1098.2281,solve.va_sample,2,327.031,
1098.7284,solve.va_sample,2,327.031,
1099.2286,solve.va_sample,2,327.031,
1099.7289,solve.va_sample,2,327.031,
1100.2291,solve.va_sample,2,327.031,
1100.7293,solve.va_sample,2,327.031,
1101.2296,solve.va_sample,2,327.031,
1101.7298,solve.va_sample,2,327.031,
1102.2300,solve.va_sample,2,327.031,
1102.7303,solve.va_sample,2,327.031,
1103.2305,solve.va_sample,2,327.031,
1103.7307,solve.va_sample,2,327.031,
1104.2310,solve.va_sample,2,327.031,
1104.7312,solve.va_sample,2,327.031,
1105.2315,solve.va_sample,2,327.031,
1105.7318,solve.va_sample,2,327.031,
1106.2320,solve.va_sample,2,327.031,
1106.7323,solve.va_sample,2,327.031,
1107.2326,solve.va_sample,2,327.031,
1107.7328,solve.va_sample,2,327.031,
1108.2330,solve.va_sample,2,327.031,
1108.7333,solve.va_sample,2,327.031,
1109.2335,solve.va_sample,2,327.031,
1109.7338,solve.va_sample,2,327.031,
1110.2340,solve.va_sample,2,327.031,
1110.7343,solve.va_sample,2,327.031,
1111.2345,solve.va_sample,2,327.031,
1111.7348,solve.va_sample,2,327.031,
1112.2351,solve.va_sample,2,327.031,
1112.7353,solve.va_sample,2,327.031,
1113.2356,solve.va_sample,2,327.031,
1113.7359,solve.va_sample,2,327.031,
1114.2361,solve.va_sample,2,327.031,
1114.7363,solve.va_sample,2,327.031,
1115.2366,solve.va_sample,2,327.031,
1115.7368,solve.va_sample,2,327.031,
1116.2370,solve.va_sample,2,327.031,
1116.7373,solve.va_sample,2,327.031,
1117.2375,solve.va_sample,2,327.031,
1117.7378,solve.va_sample,2,327.031,
1118.2380,solve.va_sample,2,327.031,
1118.7382,solve.va_sample,2,327.031,
1119.2385,solve.va_sample,2,327.031,
1119.7388,solve.va_sample,2,327.031,
1120.2390,solve.va_sample,2,327.031,
1120.7392,solve.va_sample,2,327.031,
1121.2395,solve.va_sample,2,327.031,
1121.7397,solve.va_sample,2,327.031,
1122.2399,solve.va_sample,2,327.031,
1122.7402,solve.va_sample,2,327.031,
1123.2404,solve.va_sample,2,327.031,
1123.7406,solve.va_sample,2,327.031,
1124.2409,solve.va_sample,2,327.031,
1124.7411,solve.va_sample,2,327.031,
1125.2413,solve.va_sample,2,327.031,
1125.7416,solve.va_sample,2,327.031,
1126.2418,solve.va_sample,2,327.031,
1126.7421,solve.va_sample,2,327.031,
1127.2423,solve.va_sample,2,327.031,
1127.7426,solve.va_sample,2,327.031,
1128.2428,solve.va_sample,2,327.031,
1128.7431,solve.va_sample,2,327.031,
1129.2434,solve.va_sample,2,327.031,
1129.7436,solve.va_sample,2,327.031,
1130.2439,solve.va_sample,2,327.031,
1130.7441,solve.va_sample,2,327.031,
1131.2443,solve.va_sample,2,327.031,
1131.7446,solve.va_sample,2,327.031,
1132.2448,solve.va_sample,2,327.031,
1132.7451,solve.va_sample,2,327.031,
1133.2453,solve.va_sample,2,327.031,
1133.7456,solve.va_sample,2,327.031,
1134.2458,solve.va_sample,2,327.031,
1134.7461,solve.va_sample,2,327.031,
1135.2463,solve.va_sample,2,327.031,
1135.7465,solve.va_sample,2,327.031,
1136.2468,solve.va_sample,2,327.031,
1136.7470,solve.va_sample,2,327.031,
1137.2473,solve.va_sample,2,327.031,
1137.7475,solve.va_sample,2,327.031,
1138.2478,solve.va_sample,2,327.031,
1138.7480,solve.va_sample,2,327.031,
1139.2483,solve.va_sample,2,327.031,
1139.7485,solve.va_sample,2,327.031,
1140.2488,solve.va_sample,2,327.031,
1140.7491,solve.va_sample,2,327.031,
1141.2493,solve.va_sample,2,327.031,
1141.7496,solve.va_sample,2,327.031,
1142.2499,solve.va_sample,2,327.031,
1142.7502,solve.va_sample,2,327.031,
1143.2504,solve.va_sample,2,327.031,
1143.7506,solve.va_sample,2,327.031,
1144.2509,solve.va_sample,2,327.031,
1144.7512,solve.va_sample,2,327.031,
1145.2514,solve.va_sample,2,327.031,
1145.7516,solve.va_sample,2,327.031,
1146.2519,solve.va_sample,2,327.031,
1146.7522,solve.va_sample,2,327.031,
1147.2524,solve.va_sample,2,327.031,
1147.7527,solve.va_sample,2,327.031,
1148.2530,solve.va_sample,2,327.031,
1148.7532,solve.va_sample,2,327.031,
1149.2535,solve.va_sample,2,327.031,
1149.7537,solve.va_sample,2,327.031,
1150.2539,solve.va_sample,2,327.031,
1150.7542,solve.va_sample,2,327.031,
1151.2544,solve.va_sample,2,327.031,
1151.7547,solve.va_sample,2,327.031,
1152.2549,solve.va_sample,2,327.031,
1152.7552,solve.va_sample,2,327.031,
1153.2554,solve.va_sample,2,327.031,
1153.7556,solve.va_sample,2,327.031,
1154.2559,solve.va_sample,2,327.031,
1154.7561,solve.va_sample,2,327.031,
1155.2564,solve.va_sample,2,327.031,
1155.7566,solve.va_sample,2,327.031,
1156.2569,solve.va_sample,2,327.031,
1156.7571,solve.va_sample,2,327.031,
1157.2573,solve.va_sample,2,327.031,
1157.7576,solve.va_sample,2,327.031,
1158.2578,solve.va_sample,2,327.031,
1158.7581,solve.va_sample,2,327.031,
1159.2583,solve.va_sample,2,327.031,
1159.7585,solve.va_sample,2,327.031,
1160.2588,solve.va_sample,2,327.031,
1160.7590,solve.va_sample,2,327.031,
1161.2592,solve.va_sample,2,327.031,
1161.7595,solve.va_sample,2,327.031,
1162.2597,solve.va_sample,2,327.031,
1162.7599,solve.va_sample,2,327.031,
1163.2602,solve.va_sample,2,327.031,
1163.7605,solve.va_sample,2,327.031,
1164.2607,solve.va_sample,2,327.031,
1164.7610,solve.va_sample,2,327.031,
1165.2612,solve.va_sample,2,327.031,
1165.7615,solve.va_sample,2,327.031,
1166.2617,solve.va_sample,2,327.031,
1166.7620,solve.va_sample,2,327.031,
1167.2622,solve.va_sample,2,327.031,
1167.7625,solve.va_sample,2,327.031,
1168.2627,solve.va_sample,2,327.031,
1168.7630,solve.va_sample,2,327.031,
1169.2632,solve.va_sample,2,327.031,
1169.7634,solve.va_sample,2,327.031,
1170.2637,solve.va_sample,2,327.031,
1170.7639,solve.va_sample,2,327.031,
1171.2642,solve.va_sample,2,327.031,
1171.7644,solve.va_sample,2,327.031,
1172.2647,solve.va_sample,2,327.031,
1172.7649,solve.va_sample,2,327.031,
1173.2651,solve.va_sample,2,327.031,
1173.7654,solve.va_sample,2,327.031,
1174.2656,solve.va_sample,2,327.031,
1174.7659,solve.va_sample,2,327.031,
1175.2661,solve.va_sample,2,327.031,
1175.7663,solve.va_sample,2,327.031,
1176.2666,solve.va_sample,2,327.031,
1176.7668,solve.va_sample,2,327.031,
1177.2671,solve.va_sample,2,327.031,
1177.7673,solve.va_sample,2,327.031,
1178.2675,solve.va_sample,2,327.031,
1178.7678,solve.va_sample,2,327.031,
1179.2680,solve.va_sample,2,327.031,
1179.7683,solve.va_sample,2,327.031,
1180.2685,solve.va_sample,2,327.031,
1180.7687,solve.va_sample,2,327.031,
1181.2690,solve.va_sample,2,327.031,
1181.7692,solve.va_sample,2,327.031,
1182.2694,solve.va_sample,2,327.031,
1182.7697,solve.va_sample,2,327.031,
1183.2699,solve.va_sample,2,327.031,
1183.7702,solve.va_sample,2,327.031,
1184.2704,solve.va_sample,2,327.031,
1184.7706,solve.va_sample,2,327.031,
1185.2709,solve.va_sample,2,327.031,
1185.7711,solve.va_sample,2,327.031,
1186.2714,solve.va_sample,2,327.031,
1186.7716,solve.va_sample,2,327.031,
1187.2719,solve.va_sample,2,327.031,
1187.7722,solve.va_sample,2,327.031,
1188.2724,solve.va_sample,2,327.031,
1188.7727,solve.va_sample,2,327.031,
1189.2729,solve.va_sample,2,327.031,
1189.7732,solve.va_sample,2,327.031,
1190.2734,solve.va_sample,2,327.031,
1190.7737,solve.va_sample,2,327.031,
1191.2739,solve.va_sample,2,327.031,
1191.7742,solve.va_sample,2,327.031,
1192.2744,solve.va_sample,2,327.031,
1192.7747,solve.va_sample,2,327.031,
1193.2749,solve.va_sample,2,327.031,
1193.7751,solve.va_sample,2,327.031,
1194.2754,solve.va_sample,2,327.031,
1194.7756,solve.va_sample,2,327.031,
1195.2759,solve.va_sample,2,327.031,
1195.7761,solve.va_sample,2,327.031,
1196.2763,solve.va_sample,2,327.031,
1196.7766,solve.va_sample,2,327.031,
1197.2768,solve.va_sample,2,327.031,
1197.7771,solve.va_sample,2,327.031,
1198.2773,solve.va_sample,2,327.031,
1198.7776,solve.va_sample,2,327.031,
1199.2778,solve.va_sample,2,327.031,
1199.7781,solve.va_sample,2,327.031,
1200.2783,solve.va_sample,2,327.031,
1200.7786,solve.va_sample,2,327.031,
1201.2788,solve.va_sample,2,327.031,
1201.7790,solve.va_sample,2,327.031,
1202.2793,solve.va_sample,2,327.031,
1202.7796,solve.va_sample,2,327.031,
1203.2798,solve.va_sample,2,327.031,
1203.7800,solve.va_sample,2,327.031,
1204.2803,solve.va_sample,2,327.031,
1204.7805,solve.va_sample,2,327.031,
1205.2808,solve.va_sample,2,327.031,
1205.7810,solve.va_sample,2,327.031,
1206.2813,solve.va_sample,2,327.031,
1206.7815,solve.va_sample,2,327.031,
1207.2818,solve.va_sample,2,327.031,
1207.7820,solve.va_sample,2,327.031,
1208.2823,solve.va_sample,2,327.031,
1208.7825,solve.va_sample,2,327.031,
1209.2827,solve.va_sample,2,327.031,
1209.7830,solve.va_sample,2,327.031,
1210.2832,solve.va_sample,2,327.031,
1210.7835,solve.va_sample,2,327.031,
1211.2837,solve.va_sample,2,327.031,
1211.7840,solve.va_sample,2,327.031,
1212.2842,solve.va_sample,2,327.031,
1212.7844,solve.va_sample,2,327.031,
1213.2847,solve.va_sample,2,327.031,
1213.7850,solve.va_sample,2,327.031,
1214.2852,solve.va_sample,2,327.031,
1214.7855,solve.va_sample,2,327.031,
1215.2857,solve.va_sample,2,327.031,
1215.7860,solve.va_sample,2,327.031,
1216.2862,solve.va_sample,2,327.031,
1216.7865,solve.va_sample,2,327.031,
1217.2867,solve.va_sample,2,327.031,
1217.7869,solve.va_sample,2,327.031,
1218.2872,solve.va_sample,2,327.031,
1218.7874,solve.va_sample,2,327.031,
1219.2877,solve.va_sample,2,327.031,
1219.7879,solve.va_sample,2,327.031,
1220.2882,solve.va_sample,2,327.031,
1220.7884,solve.va_sample,2,327.031,
1221.2887,solve.va_sample,2,327.031,
1221.7889,solve.va_sample,2,327.031,
1222.2892,solve.va_sample,2,327.031,
1222.7894,solve.va_sample,2,327.031,
1223.2897,solve.va_sample,2,327.031,
1223.7899,solve.va_sample,2,327.031,
1224.2902,solve.va_sample,2,327.031,
1224.7904,solve.va_sample,2,327.031,
1225.2907,solve.va_sample,2,327.031,
1225.7909,solve.va_sample,2,327.031,
1226.2911,solve.va_sample,2,327.031,
1226.7914,solve.va_sample,2,327.031,
1227.2916,solve.va_sample,2,327.031,
1227.7919,solve.va_sample,2,327.031,
1228.2921,solve.va_sample,2,327.031,
1228.7924,solve.va_sample,2,327.031,
1229.2926,solve.va_sample,2,327.031,
1229.7929,solve.va_sample,2,327.031,
1230.2931,solve.va_sample,2,327.031,
1230.7933,solve.va_sample,2,327.031,
1231.2936,solve.va_sample,2,327.031,
1231.7938,solve.va_sample,2,327.031,
1232.2940,solve.va_sample,2,327.031,
1232.7943,solve.va_sample,2,327.031,
1233.2945,solve.va_sample,2,327.031,
1233.7948,solve.va_sample,2,327.031,
1234.2950,solve.va_sample,2,327.031,
1234.7953,solve.va_sample,2,327.031,
1235.2955,solve.va_sample,2,327.031,
1235.7958,solve.va_sample,2,327.031,
1236.2960,solve.va_sample,2,327.031,
1236.7963,solve.va_sample,2,327.031,
1237.2965,solve.va_sample,2,327.031,
1237.7967,solve.va_sample,2,327.031,
1238.2969,solve.va_sample,2,327.031,
1238.7972,solve.va_sample,2,327.031,
1239.2974,solve.va_sample,2,327.031,
1239.7976,solve.va_sample,2,327.031,
1240.2979,solve.va_sample,2,327.031,
1240.7981,solve.va_sample,2,327.031,
1241.2983,solve.va_sample,2,327.031,
1241.7985,solve.va_sample,2,327.031,
1242.2988,solve.va_sample,2,327.031,
1242.7991,solve.va_sample,2,327.031,
1243.2993,solve.va_sample,2,327.031,
1243.7995,solve.va_sample,2,327.031,
1244.2997,solve.va_sample,2,327.031,
1244.8000,solve.va_sample,2,327.031,
1245.3002,solve.va_sample,2,327.031,
1245.8004,solve.va_sample,2,327.031,
1246.3007,solve.va_sample,2,327.031,
1246.8009,solve.va_sample,2,327.031,
1247.3012,solve.va_sample,2,327.031,
1247.8014,solve.va_sample,2,327.031,
1248.3017,solve.va_sample,2,327.031,
1248.8019,solve.va_sample,2,327.031,
1249.3021,solve.va_sample,2,327.031,
1249.8024,solve.va_sample,2,327.031,
1250.3026,solve.va_sample,2,327.031,
1250.8028,solve.va_sample,2,327.031,
1251.3031,solve.va_sample,2,327.031,
1251.8033,solve.va_sample,2,327.031,
1252.3035,solve.va_sample,2,327.031,
1252.8038,solve.va_sample,2,327.031,
1253.3040,solve.va_sample,2,327.031,
1253.8042,solve.va_sample,2,327.031,
1254.3045,solve.va_sample,2,327.031,
1254.8047,solve.va_sample,2,327.031,
1255.3049,solve.va_sample,2,327.031,
1255.8052,solve.va_sample,2,327.031,
1256.3054,solve.va_sample,2,327.031,
1256.8057,solve.va_sample,2,327.031,
1257.3059,solve.va_sample,2,327.031,
1257.8061,solve.va_sample,2,327.031,
1258.3063,solve.va_sample,2,327.031,
1258.8066,solve.va_sample,2,327.031,
1259.3068,solve.va_sample,2,327.031,
1259.8070,solve.va_sample,2,327.031,
1260.3073,solve.va_sample,2,327.031,
1260.8075,solve.va_sample,2,327.031,
1261.3077,solve.va_sample,2,327.031,
1261.8079,solve.va_sample,2,327.031,
1262.3082,solve.va_sample,2,327.031,
1262.8084,solve.va_sample,2,327.031,
1263.3086,solve.va_sample,2,327.031,
1263.8089,solve.va_sample,2,327.031,
1264.3091,solve.va_sample,2,327.031,
1264.8093,solve.va_sample,2,327.031,
1265.3095,solve.va_sample,2,327.031,
1265.8098,solve.va_sample,2,327.031,
1266.3100,solve.va_sample,2,327.031,
1266.8102,solve.va_sample,2,327.031,
1267.3105,solve.va_sample,2,327.031,
1267.8107,solve.va_sample,2,327.031,
1268.3110,solve.va_sample,2,327.031,
1268.8112,solve.va_sample,2,327.031,
1269.3114,solve.va_sample,2,327.031,
1269.8117,solve.va_sample,2,327.031,
1270.3119,solve.va_sample,2,327.031,
1270.8122,solve.va_sample,2,327.031,
1271.3124,solve.va_sample,2,327.031,
1271.8126,solve.va_sample,2,327.031,
1272.3129,solve.va_sample,2,327.031,
1272.8131,solve.va_sample,2,327.031,
1273.3133,solve.va_sample,2,327.031,
1273.8135,solve.va_sample,2,327.031,
1274.3138,solve.va_sample,2,327.031,
1274.8140,solve.va_sample,2,327.031,
1275.3142,solve.va_sample,2,327.031,
1275.8145,solve.va_sample,2,327.031,
1276.3147,solve.va_sample,2,327.031,
1276.8149,solve.va_sample,2,327.031,
1277.3152,solve.va_sample,2,327.031,
1277.8154,solve.va_sample,2,327.031,
1278.3156,solve.va_sample,2,327.031,
1278.8159,solve.va_sample,2,327.031,
1279.3161,solve.va_sample,2,327.031,
1279.8163,solve.va_sample,2,327.031,
1280.3165,solve.va_sample,2,327.031,
1280.8168,solve.va_sample,2,327.031,
1281.3170,solve.va_sample,2,327.031,
1281.8172,solve.va_sample,2,327.031,
1282.3174,solve.va_sample,2,327.031,
1282.8177,solve.va_sample,2,327.031,
1283.3179,solve.va_sample,2,327.031,
1283.8181,solve.va_sample,2,327.031,
1284.3184,solve.va_sample,2,327.031,
1284.8186,solve.va_sample,2,327.031,
1285.3188,solve.va_sample,2,327.031,
1285.8191,solve.va_sample,2,327.031,
1286.3193,solve.va_sample,2,327.031,
1286.8195,solve.va_sample,2,327.031,
1287.3198,solve.va_sample,2,327.031,
1287.8200,solve.va_sample,2,327.031,
1288.3202,solve.va_sample,2,327.031,
1288.8205,solve.va_sample,2,327.031,
1289.3207,solve.va_sample,2,327.031,
1289.8209,solve.va_sample,2,327.031,
1290.3212,solve.va_sample,2,327.031,
1290.8214,solve.va_sample,2,327.031,
1291.3216,solve.va_sample,2,327.031,
1291.8218,solve.va_sample,2,327.031,
1292.3221,solve.va_sample,2,327.031,
1292.8223,solve.va_sample,2,327.031,
1293.3225,solve.va_sample,2,327.031,
1293.8228,solve.va_sample,2,327.031,
1294.3230,solve.va_sample,2,327.031,
1294.8232,solve.va_sample,2,327.031,
1295.3235,solve.va_sample,2,327.031,
1295.8237,solve.va_sample,2,327.289,
1296.3239,solve.va_sample,2,327.289,
1296.8242,solve.va_sample,2,327.289,
1297.3244,solve.va_sample,2,327.289,
1297.8246,solve.va_sample,2,327.289,
1298.3249,solve.va_sample,2,327.289,
1298.8251,solve.va_sample,2,327.289,
1299.3253,solve.va_sample,2,327.289,
1299.8256,solve.va_sample,2,327.289,
1300.3258,solve.va_sample,2,327.289,
1300.8261,solve.va_sample,2,327.289,
1301.3263,solve.va_sample,2,327.289,
1301.8265,solve.va_sample,2,327.289,
1302.3267,solve.va_sample,2,327.289,
1302.8270,solve.va_sample,2,327.289,
1303.3272,solve.va_sample,2,327.289,
1303.8274,solve.va_sample,2,327.289,
1304.3276,solve.va_sample,2,327.289,
1304.8279,solve.va_sample,2,327.289,
1305.3281,solve.va_sample,2,327.289,
1305.8283,solve.va_sample,2,327.289,
1306.3286,solve.va_sample,2,327.289,
1306.8288,solve.va_sample,2,327.289,
1307.3290,solve.va_sample,2,327.289,
1307.8293,solve.va_sample,2,327.289,
1308.3295,solve.va_sample,2,327.289,
1308.8297,solve.va_sample,2,327.289,
1309.3300,solve.va_sample,2,327.289,
1309.8302,solve.va_sample,2,327.289,
1310.3304,solve.va_sample,2,327.289,
1310.8307,solve.va_sample,2,327.289,
1311.3309,solve.va_sample,2,327.289,
1311.8311,solve.va_sample,2,327.289,
1312.3314,solve.va_sample,2,327.289,
1312.8316,solve.va_sample,2,327.289,
1313.3318,solve.va_sample,2,327.289,
1313.8321,solve.va_sample,2,327.289,
1314.3323,solve.va_sample,2,327.289,
1314.8325,solve.va_sample,2,327.289,
1315.3328,solve.va_sample,2,327.289,
1315.8330,solve.va_sample,2,327.289,
1316.3332,solve.va_sample,2,327.289,
1316.8335,solve.va_sample,2,327.289,
1317.3337,solve.va_sample,2,327.289,
1317.8339,solve.va_sample,2,327.289,
1318.3342,solve.va_sample,2,327.289,
1318.8344,solve.va_sample,2,327.289,
1319.3346,solve.va_sample,2,327.289,
1319.8349,solve.va_sample,2,327.289,
1320.3351,solve.va_sample,2,327.289,
1320.8353,solve.va_sample,2,327.289,
1321.3356,solve.va_sample,2,327.289,
1321.8358,solve.va_sample,2,327.289,
1322.3360,solve.va_sample,2,327.289,
1322.8363,solve.va_sample,2,327.289,
1323.3365,solve.va_sample,2,327.289,
1323.8367,solve.va_sample,2,327.289,
1324.3370,solve.va_sample,2,327.289,
1324.8372,solve.va_sample,2,327.289,
1325.3374,solve.va_sample,2,327.289,
1325.8377,solve.va_sample,2,327.289,
1326.3379,solve.va_sample,2,327.289,
1326.8381,solve.va_sample,2,327.289,
1327.3384,solve.va_sample,2,327.289,
1327.8386,solve.va_sample,2,327.289,
1328.3389,solve.va_sample,2,327.289,
1328.8391,solve.va_sample,2,327.289,
1329.3393,solve.va_sample,2,327.289,
1329.8396,solve.va_sample,2,327.289,
1330.3398,solve.va_sample,2,327.289,
1330.8401,solve.va_sample,2,327.289,
1331.3403,solve.va_sample,2,327.289,
1331.8405,solve.va_sample,2,327.289,
1332.3408,solve.va_sample,2,327.289,
1332.8410,solve.va_sample,2,327.289,
1333.3412,solve.va_sample,2,327.289,
1333.8415,solve.va_sample,2,327.289,
1334.3417,solve.va_sample,2,327.289,
1334.8419,solve.va_sample,2,327.289,
1335.3422,solve.va_sample,2,327.289,
1335.8424,solve.va_sample,2,327.289,
1336.3426,solve.va_sample,2,327.289,
1336.8429,solve.va_sample,2,327.289,
1337.3431,solve.va_sample,2,327.289,
1337.8433,solve.va_sample,2,327.289,
1338.3435,solve.va_sample,2,327.289,
1338.8438,solve.va_sample,2,327.289,
1339.3440,solve.va_sample,2,327.289,
1339.8443,solve.va_sample,2,327.289,
1340.3445,solve.va_sample,2,327.289,
1340.8447,solve.va_sample,2,327.289,
1341.3450,solve.va_sample,2,327.289,
1341.8452,solve.va_sample,2,327.289,
1342.3455,solve.va_sample,2,327.289,
1342.8457,solve.va_sample,2,327.289,
1343.3459,solve.va_sample,2,327.289,
1343.8462,solve.va_sample,2,327.289,
1344.3464,solve.va_sample,2,327.289,
1344.8466,solve.va_sample,2,327.289,
1345.3468,solve.va_sample,2,327.289,
1345.8471,solve.va_sample,2,327.289,
1346.3473,solve.va_sample,2,327.289,
1346.8475,solve.va_sample,2,327.289,
1347.3478,solve.va_sample,2,327.289,
1347.8480,solve.va_sample,2,327.289,
1348.3483,solve.va_sample,2,327.289,
1348.8485,solve.va_sample,2,327.289,
1349.3487,solve.va_sample,2,327.289,
1349.8490,solve.va_sample,2,327.289,
1350.3492,solve.va_sample,2,327.289,
1350.8494,solve.va_sample,2,327.289,
1351.3497,solve.va_sample,2,327.289,
1351.8499,solve.va_sample,2,327.289,
1352.3501,solve.va_sample,2,327.289,
1352.8504,solve.va_sample,2,327.289,
1353.3506,solve.va_sample,2,327.289,
1353.8508,solve.va_sample,2,327.289,
1354.3511,solve.va_sample,2,327.289,
1354.8513,solve.va_sample,2,327.289,
1355.3515,solve.va_sample,2,327.289,
1355.8518,solve.va_sample,2,327.289,
1356.3520,solve.va_sample,2,327.289,
1356.8523,solve.va_sample,2,327.289,
1357.3525,solve.va_sample,2,327.289,
1357.8528,solve.va_sample,2,327.289,
1358.3530,solve.va_sample,2,327.289,
1358.8532,solve.va_sample,2,327.289,
1359.3535,solve.va_sample,2,327.289,
1359.8537,solve.va_sample,2,327.289,
1360.3539,solve.va_sample,2,327.289,
1360.8542,solve.va_sample,2,327.289,
1361.3544,solve.va_sample,2,327.289,
1361.8546,solve.va_sample,2,327.289,
1362.3549,solve.va_sample,2,327.289,
1362.8551,solve.va_sample,2,327.289,
1363.3553,solve.va_sample,2,327.289,
1363.8556,solve.va_sample,2,327.289,
1364.3558,solve.va_sample,2,327.289,
1364.8560,solve.va_sample,2,327.289,
1365.3563,solve.va_sample,2,327.289,
1365.8565,solve.va_sample,2,327.289,
1366.3567,solve.va_sample,2,327.289,
1366.8570,solve.va_sample,2,327.289,
1367.3573,solve.va_sample,2,327.289,
1367.8575,solve.va_sample,2,327.289,
1368.3578,solve.va_sample,2,327.289,
1368.8580,solve.va_sample,2,327.289,
1369.3582,solve.va_sample,2,327.289,
1369.8585,solve.va_sample,2,327.289,
1370.3587,solve.va_sample,2,327.289,
1370.8590,solve.va_sample,2,327.289,
1371.3592,solve.va_sample,2,327.289,
1371.8595,solve.va_sample,2,327.289,
1372.3597,solve.va_sample,2,327.289,
1372.8599,solve.va_sample,2,327.289,
1373.3602,solve.va_sample,2,327.289,
1373.8604,solve.va_sample,2,327.289,
1374.3607,solve.va_sample,2,327.289,
1374.8609,solve.va_sample,2,327.289,
1375.3611,solve.va_sample,2,327.289,
1375.8614,solve.va_sample,2,327.289,
1376.3616,solve.va_sample,2,327.289,
1376.8618,solve.va_sample,2,327.289,
1377.3621,solve.va_sample,2,327.289,
1377.8623,solve.va_sample,2,327.289,
1378.3626,solve.va_sample,2,327.289,
1378.8628,solve.va_sample,2,327.289,
1379.3630,solve.va_sample,2,327.289,
1379.8633,solve.va_sample,2,327.289,
1380.3635,solve.va_sample,2,327.289,
1380.8637,solve.va_sample,2,327.289,
1381.3640,solve.va_sample,2,327.289,
1381.8642,solve.va_sample,2,327.289,
1382.3645,solve.va_sample,2,327.289,
1382.8647,solve.va_sample,2,327.289,
1383.3649,solve.va_sample,2,327.289,
1383.8652,solve.va_sample,2,327.289,
1384.3654,solve.va_sample,2,327.289,
1384.8657,solve.va_sample,2,327.289,
1385.3659,solve.va_sample,2,327.289,
1385.8661,solve.va_sample,2,327.289,
1386.3664,solve.va_sample,2,327.289,
1386.8666,solve.va_sample,2,327.289,
1387.3668,solve.va_sample,2,327.289,
1387.8671,solve.va_sample,2,327.289,
1388.3674,solve.va_sample,2,327.289,
1388.8676,solve.va_sample,2,327.289,
1389.3678,solve.va_sample,2,327.289,
1389.8681,solve.va_sample,2,327.289,
1390.3683,solve.va_sample,2,327.289,
1390.8686,solve.va_sample,2,327.289,
1391.3688,solve.va_sample,2,327.289,
1391.8690,solve.va_sample,2,327.289,
1392.3693,solve.va_sample,2,327.289,
1392.8695,solve.va_sample,2,327.289,
1393.3697,solve.va_sample,2,327.289,
1393.8700,solve.va_sample,2,327.289,
1394.3702,solve.va_sample,2,327.289,
1394.8704,solve.va_sample,2,327.289,
1395.3707,solve.va_sample,2,327.289,
1395.8709,solve.va_sample,2,327.289,
1396.3711,solve.va_sample,2,327.289,
1396.8714,solve.va_sample,2,327.289,
1397.3716,solve.va_sample,2,327.289,
1397.8718,solve.va_sample,2,327.289,
1398.3721,solve.va_sample,2,327.289,
1398.8723,solve.va_sample,2,327.289,
1399.3726,solve.va_sample,2,327.289,
1399.8728,solve.va_sample,2,327.289,
1400.3731,solve.va_sample,2,327.289,
1400.8733,solve.va_sample,2,327.289,
1401.3735,solve.va_sample,2,327.289,
1401.8738,solve.va_sample,2,327.289,
1402.3740,solve.va_sample,2,327.289,
1402.8742,solve.va_sample,2,327.289,
1403.3745,solve.va_sample,2,327.289,
1403.8747,solve.va_sample,2,327.289,
1404.3749,solve.va_sample,2,327.289,
1404.8752,solve.va_sample,2,327.289,
1405.3754,solve.va_sample,2,327.289,
1405.8757,solve.va_sample,2,327.289,
1406.3759,solve.va_sample,2,327.289,
1406.8762,solve.va_sample,2,327.289,
1407.3765,solve.va_sample,2,327.289,
1407.8767,solve.va_sample,2,327.289,
1408.3770,solve.va_sample,2,327.289,
1408.8772,solve.va_sample,2,327.289,
1409.3774,solve.va_sample,2,327.289,
1409.8777,solve.va_sample,2,327.289,
1410.3779,solve.va_sample,2,327.289,
1410.8781,solve.va_sample,2,327.289,
1411.3784,solve.va_sample,2,327.289,
1411.8786,solve.va_sample,2,327.289,
1412.3789,solve.va_sample,2,327.289,
1412.8791,solve.va_sample,2,327.289,
1413.3794,solve.va_sample,2,327.289,
1413.8796,solve.va_sample,2,327.289,
1414.3799,solve.va_sample,2,327.289,
1414.8801,solve.va_sample,2,327.289,
1415.3803,solve.va_sample,2,327.289,
1415.8806,solve.va_sample,2,327.289,
1416.3808,solve.va_sample,2,327.289,
1416.8811,solve.va_sample,2,327.289,
1417.3813,solve.va_sample,2,327.289,
1417.8815,solve.va_sample,2,327.289,
1418.3818,solve.va_sample,2,327.289,
1418.8820,solve.va_sample,2,327.289,
1419.3823,solve.va_sample,2,327.289,
1419.8825,solve.va_sample,2,327.289,
1420.3827,solve.va_sample,2,327.289,
1420.8830,solve.va_sample,2,327.289,
1421.3832,solve.va_sample,2,327.289,
1421.8834,solve.va_sample,2,327.289,
1422.3837,solve.va_sample,2,327.289,
1422.8839,solve.va_sample,2,327.289,
1423.3841,solve.va_sample,2,327.289,
1423.8844,solve.va_sample,2,327.289,
1424.3846,solve.va_sample,2,327.289,
1424.8848,solve.va_sample,2,327.289,
1425.3851,solve.va_sample,2,327.289,
1425.8853,solve.va_sample,2,327.289,
1426.3855,solve.va_sample,2,327.289,
1426.8858,solve.va_sample,2,327.289,
1427.3860,solve.va_sample,2,327.289,
1427.8863,solve.va_sample,2,327.289,
1428.3865,solve.va_sample,2,327.289,
1428.8868,solve.va_sample,2,327.289,
1429.3870,solve.va_sample,2,327.289,
1429.8873,solve.va_sample,2,327.289,
1430.3875,solve.va_sample,2,327.289,
1430.8878,solve.va_sample,2,327.289,
1431.3880,solve.va_sample,2,327.289,
1431.8882,solve.va_sample,2,327.289,
1432.3885,solve.va_sample,2,327.289,
1432.8887,solve.va_sample,2,327.289,
1433.3890,solve.va_sample,2,327.289,
1433.8892,solve.va_sample,2,327.289,
1434.3894,solve.va_sample,2,327.289,
1434.8897,solve.va_sample,2,327.289,
1435.3899,solve.va_sample,2,327.289,
1435.8902,solve.va_sample,2,327.289,
1436.3904,solve.va_sample,2,327.289,
1436.8906,solve.va_sample,2,327.289,
1437.3909,solve.va_sample,2,327.289,
1437.8911,solve.va_sample,2,327.289,
1438.3913,solve.va_sample,2,327.289,
1438.8916,solve.va_sample,2,327.289,
1439.3918,solve.va_sample,2,327.289,
1439.8920,solve.va_sample,2,327.289,
1440.3923,solve.va_sample,2,327.289,
1440.8925,solve.va_sample,2,327.289,
1441.3927,solve.va_sample,2,327.289,
1441.8930,solve.va_sample,2,327.289,
1442.3933,solve.va_sample,2,327.289,
1442.8935,solve.va_sample,2,327.289,
1443.3937,solve.va_sample,2,327.289,
1443.8940,solve.va_sample,2,327.289,
1444.3942,solve.va_sample,2,327.289,
1444.8945,solve.va_sample,2,327.289,
1445.3947,solve.va_sample,2,327.289,
1445.8949,solve.va_sample,2,327.289,
1446.3952,solve.va_sample,2,327.289,
1446.8954,solve.va_sample,2,327.289,
1447.3957,solve.va_sample,2,327.289,
1447.8959,solve.va_sample,2,327.289,
1448.3961,solve.va_sample,2,327.289,
1448.8964,solve.va_sample,2,327.289,
1449.3966,solve.va_sample,2,327.289,
1449.8968,solve.va_sample,2,327.289,
1450.3970,solve.va_sample,2,327.289,
1450.8973,solve.va_sample,2,327.289,
1451.3975,solve.va_sample,2,327.289,
1451.8977,solve.va_sample,2,327.289,
1452.3980,solve.va_sample,2,327.289,
1452.8982,solve.va_sample,2,327.289,
1453.3985,solve.va_sample,2,327.289,
1453.8987,solve.va_sample,2,327.289,
1454.3989,solve.va_sample,2,327.289,
1454.8992,solve.va_sample,2,327.289,
1455.3994,solve.va_sample,2,327.289,
1455.8997,solve.va_sample,2,327.289,
1456.3999,solve.va_sample,2,327.289,
1456.9001,solve.va_sample,2,327.289,
1457.4004,solve.va_sample,2,327.289,
1457.9006,solve.va_sample,2,327.289,
1458.4008,solve.va_sample,2,327.289,
1458.9011,solve.va_sample,2,327.289,
1459.4013,solve.va_sample,2,327.289,
1459.9016,solve.va_sample,2,327.289,
1460.4018,solve.va_sample,2,327.289,
1460.9020,solve.va_sample,2,327.289,
1461.4023,solve.va_sample,2,327.289,
1461.9025,solve.va_sample,2,327.289,
1462.4027,solve.va_sample,2,327.289,
1462.9030,solve.va_sample,2,327.289,
1463.4032,solve.va_sample,2,327.289,
1463.9035,solve.va_sample,2,327.289,
1464.4037,solve.va_sample,2,327.289,
1464.9039,solve.va_sample,2,327.289,
1465.4042,solve.va_sample,2,327.289,
1465.9044,solve.va_sample,2,327.289,
1466.4047,solve.va_sample,2,327.289,
1466.9049,solve.va_sample,2,327.289,
1467.4051,solve.va_sample,2,327.289,
1467.9054,solve.va_sample,2,327.289,
1468.4056,solve.va_sample,2,327.289,
1468.9058,solve.va_sample,2,327.289,
1469.4061,solve.va_sample,2,327.289,
1469.9063,solve.va_sample,2,327.289,
1470.4066,solve.va_sample,2,327.289,
1470.9068,solve.va_sample,2,327.289,
1471.4070,solve.va_sample,2,327.289,
1471.9073,solve.va_sample,2,327.289,
1472.4075,solve.va_sample,2,327.289,
1472.9077,solve.va_sample,2,327.289,
1473.4080,solve.va_sample,2,327.289,
1473.9082,solve.va_sample,2,327.289,
1474.4085,solve.va_sample,2,327.289,
1474.9087,solve.va_sample,2,327.289,
1475.4089,solve.va_sample,2,327.289,
1475.9092,solve.va_sample,2,327.289,
1476.4094,solve.va_sample,2,327.289,
1476.9096,solve.va_sample,2,327.289,
1477.4099,solve.va_sample,2,327.289,
1477.9101,solve.va_sample,2,327.289,
1478.4104,solve.va_sample,2,327.289,
1478.9106,solve.va_sample,2,327.289,
1479.4108,solve.va_sample,2,327.289,
1479.9111,solve.va_sample,2,327.289,
1480.4113,solve.va_sample,2,327.289,
1480.9115,solve.va_sample,2,327.289,
1481.4118,solve.va_sample,2,327.289,
1481.9120,solve.va_sample,2,327.289,
1482.4122,solve.va_sample,2,327.289,
1482.9125,solve.va_sample,2,327.289,
1483.4127,solve.va_sample,2,327.289,
1483.9129,solve.va_sample,2,327.289,
1484.4132,solve.va_sample,2,327.289,
1484.9134,solve.va_sample,2,327.289,
1485.4137,solve.va_sample,2,327.289,
1485.9139,solve.va_sample,2,327.289,
1486.4142,solve.va_sample,2,327.289,
1486.9144,solve.va_sample,2,327.289,
1487.4147,solve.va_sample,2,327.289,
1487.9149,solve.va_sample,2,327.289,
1488.4152,solve.va_sample,2,327.289,
1488.9154,solve.va_sample,2,327.289,
1489.4156,solve.va_sample,2,327.289,
1489.9158,solve.va_sample,2,327.289,
1490.4161,solve.va_sample,2,327.289,
1490.9163,solve.va_sample,2,327.289,
1491.4165,solve.va_sample,2,327.289,
1491.9167,solve.va_sample,2,327.289,
1492.4170,solve.va_sample,2,327.289,
1492.9172,solve.va_sample,2,327.289,
1493.4174,solve.va_sample,2,327.289,
1493.9177,solve.va_sample,2,327.289,
1494.4179,solve.va_sample,2,327.289,
1494.9181,solve.va_sample,2,327.289,
1495.4184,solve.va_sample,2,327.289,
1495.9186,solve.va_sample,2,327.289,
1496.4188,solve.va_sample,2,327.289,
1496.9191,solve.va_sample,2,327.289,
1497.4193,solve.va_sample,2,327.289,
1497.9195,solve.va_sample,2,327.289,
1498.4197,solve.va_sample,2,327.289,
1498.9200,solve.va_sample,2,327.289,
1499.4203,solve.va_sample,2,327.289,
1499.9205,solve.va_sample,2,327.289,
1500.4207,solve.va_sample,2,327.289,
1500.9209,solve.va_sample,2,327.289,
1501.4212,solve.va_sample,2,327.289,
1501.9214,solve.va_sample,2,327.289,
1502.4217,solve.va_sample,2,327.289,
1502.9219,solve.va_sample,2,327.289,
1503.4221,solve.va_sample,2,327.289,
1503.9224,solve.va_sample,2,327.289,
1504.4226,solve.va_sample,2,327.289,
1504.9228,solve.va_sample,2,327.289,
1505.4231,solve.va_sample,2,327.289,
1505.9233,solve.va_sample,2,327.289,
1506.4235,solve.va_sample,2,327.289,
1506.9238,solve.va_sample,2,327.289,
1507.4240,solve.va_sample,2,327.289,
1507.9242,solve.va_sample,2,327.289,
1508.4245,solve.va_sample,2,327.289,
1508.9247,solve.va_sample,2,327.289,
1509.4249,solve.va_sample,2,327.289,
1509.9252,solve.va_sample,2,327.289,
1510.4254,solve.va_sample,2,327.289,
1510.9256,solve.va_sample,2,327.289,
1511.4259,solve.va_sample,2,327.289,
1511.9261,solve.va_sample,2,327.289,
1512.4264,solve.va_sample,2,327.289,
1512.9266,solve.va_sample,2,327.289,
1513.4268,solve.va_sample,2,327.289,
1513.9271,solve.va_sample,2,327.289,
1514.4273,solve.va_sample,2,327.289,
1514.9276,solve.va_sample,2,327.289,
1515.4278,solve.va_sample,2,327.289,
1515.9280,solve.va_sample,2,327.289,
1516.4283,solve.va_sample,2,327.289,
1516.9285,solve.va_sample,2,327.289,
1517.4287,solve.va_sample,2,327.289,
1517.9290,solve.va_sample,2,327.289,
1518.4292,solve.va_sample,2,327.289,
1518.9294,solve.va_sample,2,327.289,
1519.4297,solve.va_sample,2,327.289,
1519.9299,solve.va_sample,2,327.289,
1520.4302,solve.va_sample,2,327.289,
1520.9304,solve.va_sample,2,327.289,
1521.4306,solve.va_sample,2,327.289,
1521.9309,solve.va_sample,2,327.289,
1522.4311,solve.va_sample,2,327.289,
1522.9313,solve.va_sample,2,327.289,
1523.4316,solve.va_sample,2,327.289,
1523.9318,solve.va_sample,2,327.289,
1524.4320,solve.va_sample,2,327.289,
1524.9323,solve.va_sample,2,327.289,
1525.4325,solve.va_sample,2,327.289,
1525.9327,solve.va_sample,2,327.289,
1526.4330,solve.va_sample,2,327.289,
1526.9332,solve.va_sample,2,327.289,
1527.4334,solve.va_sample,2,327.289,
1527.9337,solve.va_sample,2,327.289,
1528.4339,solve.va_sample,2,327.289,
1528.9342,solve.va_sample,2,327.289,
1529.4344,solve.va_sample,2,327.289,
1529.9347,solve.va_sample,2,327.289,
1530.4349,solve.va_sample,2,327.289,
1530.9351,solve.va_sample,2,327.289,
1531.4354,solve.va_sample,2,327.289,
1531.9356,solve.va_sample,2,327.289,
1532.4358,solve.va_sample,2,327.289,
1532.9361,solve.va_sample,2,327.289,
1533.4363,solve.va_sample,2,327.289,
1533.9365,solve.va_sample,2,327.289,
1534.4368,solve.va_sample,2,327.289,
1534.9370,solve.va_sample,2,327.289,
1535.4372,solve.va_sample,2,327.289,
1535.9374,solve.va_sample,2,327.289,
1536.4377,solve.va_sample,2,327.289,
1536.9379,solve.va_sample,2,327.289,
1537.4381,solve.va_sample,2,327.289,
1537.9384,solve.va_sample,2,327.289,
1538.4386,solve.va_sample,2,327.289,
1538.9388,solve.va_sample,2,327.289,
1539.4391,solve.va_sample,2,327.289,
1539.9393,solve.va_sample,2,327.289,
1540.4395,solve.va_sample,2,327.289,
1540.9397,solve.va_sample,2,327.289,
1541.4400,solve.va_sample,2,327.289,
1541.9402,solve.va_sample,2,327.289,
1542.4405,solve.va_sample,2,327.289,
1542.9407,solve.va_sample,2,327.289,
1543.4409,solve.va_sample,2,327.289,
1543.9412,solve.va_sample,2,327.289,
1544.4414,solve.va_sample,2,327.289,
1544.9416,solve.va_sample,2,327.289,
1545.4419,solve.va_sample,2,327.289,
1545.9421,solve.va_sample,2,327.289,
1546.4423,solve.va_sample,2,327.289,
1546.9426,solve.va_sample,2,327.289,
1547.4428,solve.va_sample,2,327.289,
1547.9431,solve.va_sample,2,327.289,
1548.4433,solve.va_sample,2,327.289,
1548.9435,solve.va_sample,2,327.289,
1549.4438,solve.va_sample,2,327.289,
1549.9440,solve.va_sample,2,327.289,
1550.4442,solve.va_sample,2,327.289,
1550.9445,solve.va_sample,2,327.289,
1551.4447,solve.va_sample,2,327.289,
1551.9449,solve.va_sample,2,327.289,
1552.4452,solve.va_sample,2,327.289,
1552.9454,solve.va_sample,2,327.289,
1553.4457,solve.va_sample,2,327.289,
1553.9459,solve.va_sample,2,327.289,
1554.4461,solve.va_sample,2,327.289,
1554.9464,solve.va_sample,2,327.289,
1555.4466,solve.va_sample,2,327.289,
1555.9469,solve.va_sample,2,327.289,
1556.4471,solve.va_sample,2,327.289,
1556.9473,solve.va_sample,2,327.289,
1557.4476,solve.va_sample,2,327.289,
1557.9478,solve.va_sample,2,327.289,
1558.4480,solve.va_sample,2,327.289,
1558.9483,solve.va_sample,2,327.289,
1559.4485,solve.va_sample,2,327.289,
1559.9487,solve.va_sample,2,327.289,
1560.4490,solve.va_sample,2,327.289,
1560.9492,solve.va_sample,2,327.289,
1561.4494,solve.va_sample,2,327.289,
1561.9497,solve.va_sample,2,327.289,
1562.4499,solve.va_sample,2,327.289,
1562.9502,solve.va_sample,2,327.289,
1563.4504,solve.va_sample,2,327.289,
1563.9506,solve.va_sample,2,327.289,
1564.4509,solve.va_sample,2,327.289,
1564.9511,solve.va_sample,2,327.289,
1565.4513,solve.va_sample,2,327.289,
1565.9516,solve.va_sample,2,327.289,
1566.4518,solve.va_sample,2,327.289,
1566.9520,solve.va_sample,2,327.289,
1567.4523,solve.va_sample,2,327.289,
1567.9525,solve.va_sample,2,327.289,
1568.4527,solve.va_sample,2,327.289,
1568.9530,solve.va_sample,2,327.289,
1569.4532,solve.va_sample,2,327.289,
1569.9535,solve.va_sample,2,327.289,
1570.4537,solve.va_sample,2,327.289,
1570.9540,solve.va_sample,2,327.289,
1571.4542,solve.va_sample,2,327.289,
1571.9544,solve.va_sample,2,327.289,
1572.4547,solve.va_sample,2,327.289,
1572.9549,solve.va_sample,2,327.289,
1573.4552,solve.va_sample,2,327.289,
1573.9554,solve.va_sample,2,327.289,
1574.4556,solve.va_sample,2,327.289,
1574.9559,solve.va_sample,2,327.289,
1575.4561,solve.va_sample,2,327.289,
1575.9563,solve.va_sample,2,327.289,
1576.4566,solve.va_sample,2,327.289,
1576.9568,solve.va_sample,2,327.289,
1577.4570,solve.va_sample,2,327.289,
1577.9573,solve.va_sample,2,327.289,
1578.4575,solve.va_sample,2,327.289,
1578.9577,solve.va_sample,2,327.289,
1579.4580,solve.va_sample,2,327.289,
1579.9582,solve.va_sample,2,327.289,
1580.4585,solve.va_sample,2,327.289,
1580.9587,solve.va_sample,2,327.289,
1581.4589,solve.va_sample,2,327.289,
1581.9592,solve.va_sample,2,327.289,
1582.4594,solve.va_sample,2,327.289,
1582.9596,solve.va_sample,2,327.289,
1583.4599,solve.va_sample,2,327.289,
1583.9601,solve.va_sample,2,327.289,
1584.4604,solve.va_sample,2,327.289,
1584.9606,solve.va_sample,2,327.289,
1585.4608,solve.va_sample,2,327.289,
1585.9611,solve.va_sample,2,327.289,
1586.4613,solve.va_sample,2,327.289,
1586.9615,solve.va_sample,2,327.289,
1587.4618,solve.va_sample,2,327.289,
1587.9620,solve.va_sample,2,327.289,
1588.4622,solve.va_sample,2,327.289,
1588.9624,solve.va_sample,2,327.289,
1589.4627,solve.va_sample,2,327.289,
1589.9629,solve.va_sample,2,327.289,
1590.4631,solve.va_sample,2,327.289,
1590.9634,solve.va_sample,2,327.289,
1591.4636,solve.va_sample,2,327.289,
1591.9638,solve.va_sample,2,327.289,
1592.4641,solve.va_sample,2,327.289,
1592.9643,solve.va_sample,2,327.289,
1593.4645,solve.va_sample,2,327.289,
1593.9648,solve.va_sample,2,327.289,
1594.4650,solve.va_sample,2,327.289,
1594.9652,solve.va_sample,2,327.289,
1595.4655,solve.va_sample,2,327.289,
1595.9657,solve.va_sample,2,327.289,
1596.4659,solve.va_sample,2,327.289,
1596.9662,solve.va_sample,2,327.289,
1597.4664,solve.va_sample,2,327.289,
1597.9666,solve.va_sample,2,327.289,
1598.4669,solve.va_sample,2,330.641,
1598.9924,solve.va_sample,2,335.539,
1599.5151,solve.va_sample,2,340.438,
1600.0443,solve.va_sample,2,345.594,
1600.5689,solve.va_sample,2,350.750,
1600.7940,solve.va_sample,2,353.070,
1600.7972,solve.sample_eval,2,353.844,
1601.0996,solve.sample_eval,2,355.648,
1601.6252,solve.sample_eval,2,372.148,
1602.1512,solve.sample_eval,2,381.172,
1602.6768,solve.sample_eval,2,392.000,
1603.2033,solve.sample_eval,2,403.344,
1603.7390,solve.sample_eval,2,424.742,
1604.2646,solve.sample_eval,2,432.219,
1604.7962,solve.sample_eval,2,443.820,
1605.3319,solve.sample_eval,2,454.391,
1605.8575,solve.sample_eval,2,465.734,
1606.3891,solve.sample_eval,2,477.078,
1606.9254,solve.sample_eval,2,487.906,
1607.4564,solve.sample_eval,2,523.742,
1607.7325,solve.sample_eval,2,526.320,
1607.7341,solve,1,526.320,
1608.0065,(unmarked),0,534.730,
1608.4986,(unmarked),0,507.074,
