hub_id,part_id
H001,P0001
H001,P0002
H001,P0004
H001,P0006
H001,P0008
H001,P0009
H001,P0010
H001,P0013
H001,P0014
H001,P0016
H001,P0017
H001,P0019
H001,P0022
H001,P0023
H001,P0024
H001,P0028
H001,P0029
H001,P0031
H001,P0032
H001,P0033
H001,P0035
H001,P0037
H001,P0038
H001,P0039
H001,P0042
H001,P0043
H001,P0045
H001,P0047
H001,P0048
H001,P0050
H001,P0052
H001,P0053
H001,P0055
H001,P0058
H001,P0061
H001,P0062
H001,P0063
H001,P0068
H001,P0069
H001,P0070
H001,P0071
H001,P0072
H001,P0073
H001,P0074
H001,P0076
H001,P0079
H001,P0082
H001,P0083
H001,P0084
H001,P0085
H001,P0086
H001,P0088
H001,P0089
H001,P0090
H001,P0091
H001,P0093
H001,P0094
H001,P0095
H001,P0097
H001,P0098
H001,P0099
H001,P0100
H001,P0103
H001,P0104
H001,P0105
H001,P0106
H001,P0107
H001,P0110
H001,P0111
H001,P0112
H001,P0113
H001,P0114
H001,P0115
H001,P0116
H001,P0117
H001,P0121
H001,P0127
H001,P0128
H001,P0129
H001,P0130
H001,P0132
H001,P0134
H001,P0135
H001,P0137
H001,P0140
H001,P0142
H001,P0143
H001,P0144
H001,P0145
H001,P0146
H001,P0148
H001,P0150
H001,P0152
H001,P0153
H001,P0155
H001,P0157
H001,P0158
H001,P0159
H001,P0161
H001,P0164
H001,P0165
H001,P0166
H001,P0168
H001,P0169
H001,P0172
H001,P0173
H001,P0174
H001,P0175
H001,P0178
H001,P0181
H001,P0183
H001,P0184
H001,P0185
H001,P0186
H001,P0187
H001,P0188
H001,P0191
H001,P0192
H001,P0193
H001,P0194
H001,P0195
H001,P0196
H001,P0197
H001,P0200
H001,P0202
H001,P0203
H001,P0204
H001,P0205
H001,P0209
H001,P0211
H001,P0212
H001,P0213
H001,P0215
H001,P0218
H001,P0221
H001,P0222
H001,P0226
H001,P0227
H001,P0228
H001,P0229
H001,P0231
H001,P0232
H001,P0239
H001,P0241
H001,P0242
H001,P0247
H001,P0250
H001,P0253
H001,P0255
H001,P0256
H001,P0259
H001,P0261
H001,P0262
H001,P0264
H001,P0265
H001,P0266
H001,P0268
H001,P0269
H001,P0270
H001,P0271
H001,P0273
H001,P0275
H001,P0276
H001,P0277
H001,P0279
H001,P0282
H001,P0283
H001,P0284
H001,P0285
H001,P0287
H001,P0292
H001,P0295
H001,P0296
H001,P0299
H001,P0301
H001,P0303
H001,P0307
H001,P0310
H001,P0312
H001,P0313
H001,P0317
H001,P0318
H001,P0321
H001,P0323
H001,P0326
H001,P0330
H001,P0332
H001,P0333
H001,P0334
H001,P0336
H001,P0337
H001,P0340
H001,P0343
H001,P0344
H001,P0345
H001,P0346
H001,P0347
H001,P0348
H001,P0349
H001,P0350
H001,P0351
H001,P0352
H001,P0356
H001,P0359
H001,P0360
H001,P0362
H001,P0367
H001,P0368
H001,P0369
H001,P0370
H001,P0371
H001,P0374
H001,P0375
H001,P0376
H001,P0378
H001,P0380
H001,P0381
H001,P0383
H001,P0388
H001,P0395
H001,P0396
H001,P0397
H001,P0398
H001,P0400
H001,P0401
H001,P0404
H001,P0405
H001,P0407
H001,P0408
H001,P0409
H001,P0410
H001,P0411
H001,P0414
H001,P0417
H001,P0418
H001,P0422
H001,P0423
H001,P0424
H001,P0425
H001,P0426
H001,P0427
H001,P0428
H001,P0430
H001,P0432
H001,P0433
H001,P0434
H001,P0440
H001,P0443
H001,P0444
H001,P0445
H001,P0446
H001,P0447
H001,P0449
H001,P0450
H001,P0451
H001,P0452
H001,P0456
H001,P0459
H001,P0460
H001,P0461
H001,P0464
H001,P0466
H001,P0467
H001,P0470
H001,P0472
H001,P0473
H001,P0474
H001,P0476
H001,P0477
H001,P0478
H001,P0480
H001,P0481
H001,P0482
H001,P0483
H001,P0484
H001,P0486
H001,P0488
H001,P0489
H001,P0490
H001,P0492
H001,P0497
H001,P0499
H001,P0500
H001,P0504
H001,P0506
H001,P0507
H001,P0509
H001,P0512
H001,P0514
H001,P0515
H001,P0516
H001,P0518
H001,P0519
H001,P0520
H001,P0522
H001,P0527
H001,P0532
H001,P0533
H001,P0534
H001,P0537
H001,P0538
H001,P0543
H001,P0544
H001,P0547
H001,P0551
H001,P0553
H001,P0554
H001,P0556
H001,P0557
H001,P0560
H001,P0561
H001,P0564
H001,P0565
H001,P0567
H001,P0568
H001,P0569
H001,P0570
H001,P0571
H001,P0572
H001,P0573
H001,P0574
H001,P0578
H001,P0579
H001,P0581
H001,P0582
H001,P0589
H001,P0590
H001,P0593
H001,P0595
H001,P0596
H001,P0598
H001,P0600
H002,P0001
H002,P0002
H002,P0006
H002,P0007
H002,P0008
H002,P0011
H002,P0012
H002,P0013
H002,P0016
H002,P0017
H002,P0020
H002,P0021
H002,P0022
H002,P0026
H002,P0027
H002,P0030
H002,P0031
H002,P0032
H002,P0035
H002,P0036
H002,P0037
H002,P0038
H002,P0039
H002,P0041
H002,P0043
H002,P0045
H002,P0047
H002,P0048
H002,P0051
H002,P0052
H002,P0053
H002,P0055
H002,P0056
H002,P0058
H002,P0061
H002,P0062
H002,P0065
H002,P0066
H002,P0068
H002,P0071
H002,P0072
H002,P0074
H002,P0075
H002,P0076
H002,P0079
H002,P0080
H002,P0081
H002,P0083
H002,P0084
H002,P0085
H002,P0086
H002,P0088
H002,P0089
H002,P0090
H002,P0091
H002,P0094
H002,P0096
H002,P0097
H002,P0100
H002,P0102
H002,P0103
H002,P0105
H002,P0106
H002,P0108
H002,P0110
H002,P0112
H002,P0113
H002,P0114
H002,P0115
H002,P0116
H002,P0117
H002,P0121
H002,P0123
H002,P0124
H002,P0126
H002,P0128
H002,P0129
H002,P0130
H002,P0132
H002,P0134
H002,P0136
H002,P0139
H002,P0140
H002,P0141
H002,P0142
H002,P0143
H002,P0144
H002,P0145
H002,P0146
H002,P0148
H002,P0149
H002,P0150
H002,P0151
H002,P0152
H002,P0153
H002,P0154
H002,P0155
H002,P0157
H002,P0158
H002,P0160
H002,P0162
H002,P0163
H002,P0165
H002,P0168
H002,P0169
H002,P0171
H002,P0172
H002,P0175
H002,P0176
H002,P0178
H002,P0180
H002,P0181
H002,P0182
H002,P0183
H002,P0184
H002,P0185
H002,P0186
H002,P0188
H002,P0189
H002,P0192
H002,P0194
H002,P0195
H002,P0199
H002,P0201
H002,P0202
H002,P0203
H002,P0207
H002,P0209
H002,P0211
H002,P0212
H002,P0213
H002,P0215
H002,P0216
H002,P0218
H002,P0219
H002,P0222
H002,P0223
H002,P0224
H002,P0226
H002,P0227
H002,P0228
H002,P0229
H002,P0230
H002,P0232
H002,P0233
H002,P0235
H002,P0237
H002,P0238
H002,P0241
H002,P0245
H002,P0247
H002,P0249
H002,P0250
H002,P0251
H002,P0253
H002,P0254
H002,P0255
H002,P0256
H002,P0257
H002,P0259
H002,P0261
H002,P0262
H002,P0264
H002,P0265
H002,P0267
H002,P0268
H002,P0270
H002,P0271
H002,P0274
H002,P0276
H002,P0278
H002,P0279
H002,P0281
H002,P0282
H002,P0284
H002,P0285
H002,P0286
H002,P0287
H002,P0289
H002,P0290
H002,P0293
H002,P0295
H002,P0296
H002,P0298
H002,P0299
H002,P0300
H002,P0301
H002,P0302
H002,P0303
H002,P0304
H002,P0305
H002,P0306
H002,P0307
H002,P0308
H002,P0309
H002,P0310
H002,P0314
H002,P0315
H002,P0317
H002,P0320
H002,P0321
H002,P0322
H002,P0324
H002,P0326
H002,P0327
H002,P0330
H002,P0332
H002,P0333
H002,P0334
H002,P0335
H002,P0338
H002,P0339
H002,P0340
H002,P0342
H002,P0344
H002,P0345
H002,P0346
H002,P0347
H002,P0348
H002,P0351
H002,P0352
H002,P0356
H002,P0358
H002,P0359
H002,P0360
H002,P0361
H002,P0362
H002,P0363
H002,P0364
H002,P0366
H002,P0367
H002,P0368
H002,P0369
H002,P0370
H002,P0371
H002,P0372
H002,P0374
H002,P0375
H002,P0376
H002,P0378
H002,P0379
H002,P0380
H002,P0381
H002,P0382
H002,P0384
H002,P0385
H002,P0388
H002,P0390
H002,P0391
H002,P0392
H002,P0394
H002,P0395
H002,P0396
H002,P0397
H002,P0398
H002,P0400
H002,P0404
H002,P0405
H002,P0408
H002,P0410
H002,P0411
H002,P0414
H002,P0416
H002,P0417
H002,P0418
H002,P0422
H002,P0424
H002,P0427
H002,P0429
H002,P0430
H002,P0431
H002,P0432
H002,P0433
H002,P0434
H002,P0435
H002,P0437
H002,P0438
H002,P0439
H002,P0441
H002,P0442
H002,P0443
H002,P0444
H002,P0447
H002,P0448
H002,P0450
H002,P0451
H002,P0452
H002,P0453
H002,P0455
H002,P0456
H002,P0459
H002,P0461
H002,P0464
H002,P0465
H002,P0466
H002,P0467
H002,P0469
H002,P0471
H002,P0472
H002,P0474
H002,P0476
H002,P0477
H002,P0478
H002,P0480
H002,P0483
H002,P0484
H002,P0486
H002,P0489
H002,P0490
H002,P0492
H002,P0494
H002,P0495
H002,P0497
H002,P0499
H002,P0502
H002,P0503
H002,P0508
H002,P0511
H002,P0512
H002,P0514
H002,P0516
H002,P0517
H002,P0518
H002,P0519
H002,P0520
H002,P0521
H002,P0522
H002,P0523
H002,P0524
H002,P0525
H002,P0527
H002,P0529
H002,P0532
H002,P0533
H002,P0534
H002,P0535
H002,P0537
H002,P0538
H002,P0539
H002,P0540
H002,P0541
H002,P0542
H002,P0543
H002,P0544
H002,P0545
H002,P0546
H002,P0547
H002,P0548
H002,P0552
H002,P0553
H002,P0554
H002,P0555
H002,P0557
H002,P0558
H002,P0561
H002,P0562
H002,P0563
H002,P0565
H002,P0566
H002,P0568
H002,P0569
H002,P0570
H002,P0572
H002,P0573
H002,P0574
H002,P0575
H002,P0578
H002,P0579
H002,P0584
H002,P0585
H002,P0589
H002,P0590
H002,P0591
H002,P0593
H002,P0594
H002,P0596
H002,P0597
H002,P0598
H003,P0001
H003,P0002
H003,P0003
H003,P0006
H003,P0007
H003,P0010
H003,P0011
H003,P0012
H003,P0013
H003,P0014
H003,P0016
H003,P0017
H003,P0018
H003,P0022
H003,P0023
H003,P0030
H003,P0032
H003,P0033
H003,P0034
H003,P0035
H003,P0036
H003,P0037
H003,P0039
H003,P0040
H003,P0042
H003,P0043
H003,P0044
H003,P0045
H003,P0047
H003,P0048
H003,P0049
H003,P0050
H003,P0051
H003,P0052
H003,P0053
H003,P0056
H003,P0057
H003,P0058
H003,P0060
H003,P0061
H003,P0062
H003,P0063
H003,P0064
H003,P0066
H003,P0067
H003,P0068
H003,P0069
H003,P0070
H003,P0071
H003,P0073
H003,P0074
H003,P0075
H003,P0076
H003,P0080
H003,P0082
H003,P0083
H003,P0084
H003,P0085
H003,P0086
H003,P0088
H003,P0089
H003,P0091
H003,P0092
H003,P0093
H003,P0096
H003,P0097
H003,P0100
H003,P0103
H003,P0104
H003,P0105
H003,P0107
H003,P0108
H003,P0109
H003,P0110
H003,P0111
H003,P0112
H003,P0113
H003,P0114
H003,P0117
H003,P0118
H003,P0119
H003,P0120
H003,P0121
H003,P0124
H003,P0125
H003,P0126
H003,P0127
H003,P0128
H003,P0129
H003,P0130
H003,P0131
H003,P0132
H003,P0133
H003,P0135
H003,P0136
H003,P0137
H003,P0138
H003,P0139
H003,P0140
H003,P0141
H003,P0142
H003,P0143
H003,P0144
H003,P0145
H003,P0146
H003,P0148
H003,P0149
H003,P0150
H003,P0152
H003,P0153
H003,P0154
H003,P0155
H003,P0156
H003,P0157
H003,P0158
H003,P0160
H003,P0162
H003,P0163
H003,P0164
H003,P0165
H003,P0166
H003,P0170
H003,P0171
H003,P0172
H003,P0174
H003,P0175
H003,P0176
H003,P0178
H003,P0179
H003,P0180
H003,P0181
H003,P0182
H003,P0183
H003,P0185
H003,P0189
H003,P0190
H003,P0191
H003,P0192
H003,P0194
H003,P0195
H003,P0196
H003,P0197
H003,P0198
H003,P0199
H003,P0200
H003,P0202
H003,P0203
H003,P0204
H003,P0206
H003,P0207
H003,P0209
H003,P0211
H003,P0213
H003,P0214
H003,P0215
H003,P0216
H003,P0218
H003,P0222
H003,P0223
H003,P0224
H003,P0226
H003,P0229
H003,P0230
H003,P0231
H003,P0232
H003,P0233
H003,P0236
H003,P0238
H003,P0239
H003,P0240
H003,P0241
H003,P0242
H003,P0244
H003,P0246
H003,P0247
H003,P0248
H003,P0249
H003,P0251
H003,P0252
H003,P0254
H003,P0256
H003,P0257
H003,P0258
H003,P0259
H003,P0262
H003,P0263
H003,P0264
H003,P0265
H003,P0267
H003,P0268
H003,P0269
H003,P0270
H003,P0271
H003,P0273
H003,P0274
H003,P0276
H003,P0277
H003,P0278
H003,P0279
H003,P0280
H003,P0281
H003,P0282
H003,P0285
H003,P0286
H003,P0287
H003,P0288
H003,P0289
H003,P0290
H003,P0291
H003,P0292
H003,P0294
H003,P0295
H003,P0296
H003,P0298
H003,P0299
H003,P0300
H003,P0301
H003,P0302
H003,P0303
H003,P0305
H003,P0308
H003,P0309
H003,P0310
H003,P0311
H003,P0312
H003,P0313
H003,P0315
H003,P0317
H003,P0318
H003,P0319
H003,P0320
H003,P0321
H003,P0322
H003,P0323
H003,P0324
H003,P0325
H003,P0326
H003,P0327
H003,P0329
H003,P0330
H003,P0332
H003,P0333
H003,P0334
H003,P0335
H003,P0336
H003,P0337
H003,P0338
H003,P0339
H003,P0341
H003,P0342
H003,P0344
H003,P0345
H003,P0346
H003,P0347
H003,P0348
H003,P0349
H003,P0351
H003,P0352
H003,P0353
H003,P0354
H003,P0355
H003,P0356
H003,P0357
H003,P0359
H003,P0360
H003,P0362
H003,P0363
H003,P0364
H003,P0365
H003,P0366
H003,P0368
H003,P0369
H003,P0370
H003,P0371
H003,P0372
H003,P0373
H003,P0374
H003,P0375
H003,P0376
H003,P0377
H003,P0378
H003,P0379
H003,P0380
H003,P0381
H003,P0382
H003,P0385
H003,P0388
H003,P0390
H003,P0391
H003,P0394
H003,P0395
H003,P0396
H003,P0397
H003,P0398
H003,P0401
H003,P0402
H003,P0404
H003,P0405
H003,P0406
H003,P0408
H003,P0409
H003,P0410
H003,P0411
H003,P0412
H003,P0413
H003,P0417
H003,P0418
H003,P0422
H003,P0424
H003,P0425
H003,P0426
H003,P0427
H003,P0428
H003,P0429
H003,P0431
H003,P0433
H003,P0434
H003,P0435
H003,P0436
H003,P0437
H003,P0439
H003,P0440
H003,P0441
H003,P0442
H003,P0443
H003,P0444
H003,P0447
H003,P0449
H003,P0450
H003,P0452
H003,P0454
H003,P0455
H003,P0456
H003,P0460
H003,P0464
H003,P0465
H003,P0467
H003,P0468
H003,P0470
H003,P0472
H003,P0473
H003,P0474
H003,P0476
H003,P0477
H003,P0478
H003,P0479
H003,P0480
H003,P0481
H003,P0485
H003,P0486
H003,P0487
H003,P0488
H003,P0489
H003,P0490
H003,P0491
H003,P0492
H003,P0493
H003,P0495
H003,P0497
H003,P0498
H003,P0499
H003,P0500
H003,P0501
H003,P0502
H003,P0503
H003,P0505
H003,P0506
H003,P0509
H003,P0511
H003,P0512
H003,P0514
H003,P0515
H003,P0516
H003,P0517
H003,P0518
H003,P0519
H003,P0520
H003,P0521
H003,P0522
H003,P0523
H003,P0524
H003,P0525
H003,P0526
H003,P0527
H003,P0528
H003,P0529
H003,P0531
H003,P0532
H003,P0533
H003,P0535
H003,P0536
H003,P0537
H003,P0538
H003,P0539
H003,P0540
H003,P0541
H003,P0542
H003,P0543
H003,P0545
H003,P0547
H003,P0549
H003,P0551
H003,P0553
H003,P0554
H003,P0555
H003,P0556
H003,P0557
H003,P0558
H003,P0562
H003,P0564
H003,P0567
H003,P0568
H003,P0569
H003,P0570
H003,P0571
H003,P0572
H003,P0573
H003,P0574
H003,P0575
H003,P0576
H003,P0579
H003,P0580
H003,P0583
H003,P0584
H003,P0585
H003,P0586
H003,P0587
H003,P0589
H003,P0590
H003,P0592
H003,P0593
H003,P0594
H003,P0595
H003,P0596
H003,P0597
H003,P0598
H003,P0599
H003,P0600
H004,P0002
H004,P0005
H004,P0006
H004,P0007
H004,P0008
H004,P0009
H004,P0011
H004,P0013
H004,P0014
H004,P0015
H004,P0016
H004,P0018
H004,P0019
H004,P0020
H004,P0021
H004,P0022
H004,P0023
H004,P0024
H004,P0025
H004,P0026
H004,P0027
H004,P0030
H004,P0033
H004,P0035
H004,P0036
H004,P0037
H004,P0038
H004,P0039
H004,P0040
H004,P0042
H004,P0043
H004,P0044
H004,P0045
H004,P0046
H004,P0047
H004,P0048
H004,P0049
H004,P0052
H004,P0055
H004,P0058
H004,P0059
H004,P0062
H004,P0065
H004,P0066
H004,P0068
H004,P0070
H004,P0071
H004,P0072
H004,P0073
H004,P0076
H004,P0077
H004,P0079
H004,P0081
H004,P0082
H004,P0083
H004,P0084
H004,P0085
H004,P0086
H004,P0087
H004,P0092
H004,P0093
H004,P0094
H004,P0095
H004,P0097
H004,P0099
H004,P0100
H004,P0101
H004,P0103
H004,P0105
H004,P0106
H004,P0107
H004,P0108
H004,P0109
H004,P0110
H004,P0111
H004,P0113
H004,P0114
H004,P0115
H004,P0116
H004,P0117
H004,P0121
H004,P0124
H004,P0126
H004,P0128
H004,P0129
H004,P0130
H004,P0131
H004,P0135
H004,P0136
H004,P0138
H004,P0139
H004,P0140
H004,P0142
H004,P0143
H004,P0144
H004,P0145
H004,P0146
H004,P0147
H004,P0148
H004,P0149
H004,P0150
H004,P0151
H004,P0152
H004,P0154
H004,P0155
H004,P0156
H004,P0158
H004,P0160
H004,P0161
H004,P0162
H004,P0163
H004,P0164
H004,P0165
H004,P0166
H004,P0167
H004,P0168
H004,P0169
H004,P0171
H004,P0172
H004,P0173
H004,P0175
H004,P0178
H004,P0179
H004,P0181
H004,P0182
H004,P0184
H004,P0188
H004,P0191
H004,P0192
H004,P0195
H004,P0197
H004,P0198
H004,P0200
H004,P0201
H004,P0203
H004,P0204
H004,P0205
H004,P0206
H004,P0209
H004,P0210
H004,P0211
H004,P0212
H004,P0213
H004,P0214
H004,P0215
H004,P0216
H004,P0217
H004,P0218
H004,P0219
H004,P0220
H004,P0221
H004,P0222
H004,P0223
H004,P0225
H004,P0226
H004,P0227
H004,P0229
H004,P0230
H004,P0231
H004,P0232
H004,P0235
H004,P0237
H004,P0238
H004,P0241
H004,P0242
H004,P0243
H004,P0244
H004,P0245
H004,P0246
H004,P0247
H004,P0248
H004,P0250
H004,P0251
H004,P0254
H004,P0255
H004,P0256
H004,P0257
H004,P0258
H004,P0259
H004,P0261
H004,P0262
H004,P0263
H004,P0264
H004,P0265
H004,P0266
H004,P0268
H004,P0269
H004,P0270
H004,P0271
H004,P0273
H004,P0276
H004,P0277
H004,P0278
H004,P0279
H004,P0280
H004,P0282
H004,P0284
H004,P0285
H004,P0287
H004,P0290
H004,P0293
H004,P0294
H004,P0296
H004,P0297
H004,P0299
H004,P0301
H004,P0302
H004,P0303
H004,P0304
H004,P0305
H004,P0306
H004,P0307
H004,P0308
H004,P0309
H004,P0310
H004,P0311
H004,P0312
H004,P0316
H004,P0317
H004,P0318
H004,P0320
H004,P0321
H004,P0322
H004,P0323
H004,P0324
H004,P0325
H004,P0326
H004,P0327
H004,P0329
H004,P0330
H004,P0332
H004,P0333
H004,P0334
H004,P0336
H004,P0337
H004,P0340
H004,P0342
H004,P0345
H004,P0346
H004,P0347
H004,P0348
H004,P0349
H004,P0351
H004,P0352
H004,P0353
H004,P0354
H004,P0355
H004,P0356
H004,P0360
H004,P0361
H004,P0362
H004,P0363
H004,P0364
H004,P0366
H004,P0367
H004,P0368
H004,P0369
H004,P0370
H004,P0371
H004,P0372
H004,P0373
H004,P0374
H004,P0375
H004,P0377
H004,P0378
H004,P0380
H004,P0381
H004,P0383
H004,P0384
H004,P0387
H004,P0390
H004,P0391
H004,P0393
H004,P0394
H004,P0395
H004,P0396
H004,P0397
H004,P0398
H004,P0399
H004,P0400
H004,P0401
H004,P0402
H004,P0404
H004,P0405
H004,P0406
H004,P0408
H004,P0409
H004,P0410
H004,P0411
H004,P0412
H004,P0413
H004,P0414
H004,P0415
H004,P0416
H004,P0417
H004,P0419
H004,P0421
H004,P0422
H004,P0424
H004,P0425
H004,P0426
H004,P0428
H004,P0430
H004,P0431
H004,P0432
H004,P0433
H004,P0434
H004,P0435
H004,P0438
H004,P0439
H004,P0442
H004,P0443
H004,P0445
H004,P0446
H004,P0447
H004,P0451
H004,P0453
H004,P0455
H004,P0456
H004,P0459
H004,P0461
H004,P0463
H004,P0464
H004,P0465
H004,P0466
H004,P0467
H004,P0470
H004,P0471
H004,P0472
H004,P0473
H004,P0474
H004,P0477
H004,P0478
H004,P0479
H004,P0480
H004,P0481
H004,P0482
H004,P0483
H004,P0484
H004,P0485
H004,P0486
H004,P0487
H004,P0488
H004,P0489
H004,P0490
H004,P0491
H004,P0494
H004,P0495
H004,P0496
H004,P0497
H004,P0498
H004,P0499
H004,P0500
H004,P0502
H004,P0503
H004,P0504
H004,P0505
H004,P0506
H004,P0507
H004,P0508
H004,P0509
H004,P0510
H004,P0511
H004,P0513
H004,P0514
H004,P0515
H004,P0516
H004,P0517
H004,P0518
H004,P0519
H004,P0520
H004,P0521
H004,P0522
H004,P0524
H004,P0525
H004,P0526
H004,P0527
H004,P0529
H004,P0530
H004,P0531
H004,P0532
H004,P0533
H004,P0537
H004,P0538
H004,P0539
H004,P0540
H004,P0541
H004,P0542
H004,P0543
H004,P0544
H004,P0545
H004,P0546
H004,P0547
H004,P0549
H004,P0550
H004,P0553
H004,P0555
H004,P0557
H004,P0561
H004,P0562
H004,P0563
H004,P0564
H004,P0565
H004,P0566
H004,P0567
H004,P0568
H004,P0569
H004,P0570
H004,P0572
H004,P0573
H004,P0574
H004,P0575
H004,P0576
H004,P0578
H004,P0579
H004,P0585
H004,P0586
H004,P0587
H004,P0589
H004,P0590
H004,P0591
H004,P0592
H004,P0593
H004,P0594
H004,P0595
H004,P0596
H004,P0598
H004,P0599
H004,P0600
H005,P0001
H005,P0002
H005,P0005
H005,P0006
H005,P0007
H005,P0008
H005,P0010
H005,P0011
H005,P0013
H005,P0016
H005,P0017
H005,P0018
H005,P0019
H005,P0020
H005,P0021
H005,P0022
H005,P0024
H005,P0025
H005,P0028
H005,P0031
H005,P0033
H005,P0034
H005,P0035
H005,P0038
H005,P0039
H005,P0040
H005,P0041
H005,P0043
H005,P0045
H005,P0047
H005,P0048
H005,P0049
H005,P0050
H005,P0051
H005,P0053
H005,P0054
H005,P0057
H005,P0058
H005,P0059
H005,P0060
H005,P0061
H005,P0062
H005,P0065
H005,P0066
H005,P0067
H005,P0068
H005,P0069
H005,P0071
H005,P0072
H005,P0073
H005,P0074
H005,P0075
H005,P0076
H005,P0078
H005,P0079
H005,P0083
H005,P0085
H005,P0086
H005,P0090
H005,P0092
H005,P0097
H005,P0098
H005,P0099
H005,P0100
H005,P0102
H005,P0104
H005,P0107
H005,P0110
H005,P0111
H005,P0114
H005,P0115
H005,P0116
H005,P0117
H005,P0119
H005,P0121
H005,P0122
H005,P0123
H005,P0124
H005,P0125
H005,P0126
H005,P0128
H005,P0129
H005,P0130
H005,P0131
H005,P0132
H005,P0133
H005,P0135
H005,P0136
H005,P0139
H005,P0140
H005,P0143
H005,P0144
H005,P0147
H005,P0148
H005,P0149
H005,P0150
H005,P0151
H005,P0152
H005,P0153
H005,P0154
H005,P0155
H005,P0156
H005,P0158
H005,P0159
H005,P0160
H005,P0161
H005,P0162
H005,P0163
H005,P0164
H005,P0165
H005,P0166
H005,P0167
H005,P0169
H005,P0170
H005,P0171
H005,P0172
H005,P0175
H005,P0176
H005,P0177
H005,P0178
H005,P0182
H005,P0183
H005,P0185
H005,P0187
H005,P0188
H005,P0189
H005,P0190
H005,P0192
H005,P0195
H005,P0197
H005,P0198
H005,P0199
H005,P0200
H005,P0203
H005,P0204
H005,P0205
H005,P0207
H005,P0208
H005,P0209
H005,P0210
H005,P0211
H005,P0213
H005,P0214
H005,P0215
H005,P0221
H005,P0222
H005,P0224
H005,P0226
H005,P0229
H005,P0230
H005,P0232
H005,P0233
H005,P0235
H005,P0236
H005,P0238
H005,P0243
H005,P0244
H005,P0245
H005,P0246
H005,P0247
H005,P0249
H005,P0250
H005,P0253
H005,P0254
H005,P0256
H005,P0257
H005,P0258
H005,P0259
H005,P0261
H005,P0262
H005,P0264
H005,P0265
H005,P0266
H005,P0268
H005,P0269
H005,P0271
H005,P0274
H005,P0275
H005,P0276
H005,P0277
H005,P0278
H005,P0279
H005,P0285
H005,P0286
H005,P0287
H005,P0288
H005,P0289
H005,P0291
H005,P0293
H005,P0295
H005,P0296
H005,P0299
H005,P0302
H005,P0305
H005,P0306
H005,P0309
H005,P0310
H005,P0311
H005,P0312
H005,P0313
H005,P0315
H005,P0316
H005,P0317
H005,P0318
H005,P0320
H005,P0321
H005,P0322
H005,P0323
H005,P0324
H005,P0325
H005,P0328
H005,P0329
H005,P0330
H005,P0332
H005,P0334
H005,P0335
H005,P0336
H005,P0337
H005,P0338
H005,P0339
H005,P0342
H005,P0345
H005,P0346
H005,P0347
H005,P0353
H005,P0355
H005,P0356
H005,P0359
H005,P0360
H005,P0361
H005,P0362
H005,P0364
H005,P0365
H005,P0367
H005,P0368
H005,P0369
H005,P0370
H005,P0371
H005,P0372
H005,P0374
H005,P0375
H005,P0377
H005,P0379
H005,P0380
H005,P0381
H005,P0383
H005,P0384
H005,P0385
H005,P0391
H005,P0395
H005,P0396
H005,P0397
H005,P0398
H005,P0399
H005,P0400
H005,P0401
H005,P0402
H005,P0404
H005,P0405
H005,P0406
H005,P0407
H005,P0408
H005,P0410
H005,P0411
H005,P0413
H005,P0414
H005,P0415
H005,P0417
H005,P0420
H005,P0422
H005,P0424
H005,P0425
H005,P0427
H005,P0428
H005,P0429
H005,P0430
H005,P0431
H005,P0432
H005,P0433
H005,P0434
H005,P0438
H005,P0439
H005,P0440
H005,P0443
H005,P0444
H005,P0445
H005,P0446
H005,P0447
H005,P0449
H005,P0451
H005,P0453
H005,P0454
H005,P0455
H005,P0456
H005,P0457
H005,P0458
H005,P0459
H005,P0462
H005,P0464
H005,P0465
H005,P0469
H005,P0470
H005,P0471
H005,P0474
H005,P0477
H005,P0478
H005,P0479
H005,P0480
H005,P0481
H005,P0482
H005,P0485
H005,P0486
H005,P0488
H005,P0489
H005,P0490
H005,P0492
H005,P0493
H005,P0494
H005,P0497
H005,P0499
H005,P0500
H005,P0502
H005,P0504
H005,P0505
H005,P0506
H005,P0507
H005,P0512
H005,P0514
H005,P0515
H005,P0516
H005,P0518
H005,P0519
H005,P0520
H005,P0521
H005,P0522
H005,P0523
H005,P0524
H005,P0526
H005,P0527
H005,P0528
H005,P0530
H005,P0531
H005,P0532
H005,P0533
H005,P0534
H005,P0537
H005,P0538
H005,P0541
H005,P0544
H005,P0545
H005,P0546
H005,P0547
H005,P0548
H005,P0549
H005,P0550
H005,P0551
H005,P0552
H005,P0554
H005,P0556
H005,P0557
H005,P0558
H005,P0559
H005,P0561
H005,P0563
H005,P0565
H005,P0566
H005,P0567
H005,P0568
H005,P0570
H005,P0571
H005,P0573
H005,P0574
H005,P0575
H005,P0576
H005,P0578
H005,P0579
H005,P0584
H005,P0585
H005,P0587
H005,P0589
H005,P0590
H005,P0593
H005,P0594
H005,P0596
H005,P0598
H005,P0600
H006,P0002
H006,P0003
H006,P0004
H006,P0005
H006,P0006
H006,P0007
H006,P0009
H006,P0011
H006,P0013
H006,P0014
H006,P0015
H006,P0017
H006,P0019
H006,P0020
H006,P0022
H006,P0023
H006,P0024
H006,P0025
H006,P0026
H006,P0027
H006,P0028
H006,P0029
H006,P0030
H006,P0032
H006,P0033
H006,P0035
H006,P0036
H006,P0037
H006,P0038
H006,P0039
H006,P0040
H006,P0042
H006,P0044
H006,P0045
H006,P0047
H006,P0048
H006,P0049
H006,P0050
H006,P0052
H006,P0053
H006,P0054
H006,P0055
H006,P0056
H006,P0058
H006,P0059
H006,P0060
H006,P0061
H006,P0062
H006,P0063
H006,P0064
H006,P0065
H006,P0066
H006,P0067
H006,P0068
H006,P0069
H006,P0071
H006,P0072
H006,P0074
H006,P0075
H006,P0076
H006,P0078
H006,P0079
H006,P0081
H006,P0082
H006,P0083
H006,P0084
H006,P0085
H006,P0086
H006,P0087
H006,P0088
H006,P0090
H006,P0092
H006,P0094
H006,P0095
H006,P0097
H006,P0098
H006,P0099
H006,P0100
H006,P0101
H006,P0102
H006,P0103
H006,P0104
H006,P0105
H006,P0106
H006,P0107
H006,P0108
H006,P0110
H006,P0111
H006,P0112
H006,P0113
H006,P0115
H006,P0116
H006,P0117
H006,P0118
H006,P0119
H006,P0120
H006,P0121
H006,P0122
H006,P0123
H006,P0124
H006,P0126
H006,P0128
H006,P0129
H006,P0130
H006,P0131
H006,P0132
H006,P0133
H006,P0134
H006,P0135
H006,P0136
H006,P0137
H006,P0138
H006,P0139
H006,P0140
H006,P0141
H006,P0142
H006,P0143
H006,P0146
H006,P0147
H006,P0149
H006,P0150
H006,P0151
H006,P0153
H006,P0155
H006,P0156
H006,P0157
H006,P0158
H006,P0159
H006,P0160
H006,P0162
H006,P0163
H006,P0164
H006,P0165
H006,P0166
H006,P0168
H006,P0169
H006,P0171
H006,P0172
H006,P0173
H006,P0175
H006,P0176
H006,P0178
H006,P0179
H006,P0181
H006,P0183
H006,P0184
H006,P0185
H006,P0188
H006,P0190
H006,P0194
H006,P0195
H006,P0196
H006,P0197
H006,P0198
H006,P0200
H006,P0201
H006,P0202
H006,P0203
H006,P0204
H006,P0205
H006,P0207
H006,P0208
H006,P0209
H006,P0211
H006,P0213
H006,P0214
H006,P0215
H006,P0216
H006,P0218
H006,P0219
H006,P0221
H006,P0222
H006,P0223
H006,P0226
H006,P0227
H006,P0228
H006,P0229
H006,P0230
H006,P0231
H006,P0233
H006,P0234
H006,P0235
H006,P0236
H006,P0242
H006,P0243
H006,P0244
H006,P0245
H006,P0246
H006,P0247
H006,P0248
H006,P0249
H006,P0250
H006,P0251
H006,P0252
H006,P0253
H006,P0254
H006,P0256
H006,P0257
H006,P0258
H006,P0259
H006,P0262
H006,P0263
H006,P0264
H006,P0265
H006,P0267
H006,P0268
H006,P0269
H006,P0270
H006,P0271
H006,P0272
H006,P0273
H006,P0275
H006,P0276
H006,P0277
H006,P0278
H006,P0279
H006,P0281
H006,P0283
H006,P0284
H006,P0285
H006,P0286
H006,P0287
H006,P0288
H006,P0291
H006,P0292
H006,P0294
H006,P0295
H006,P0296
H006,P0298
H006,P0299
H006,P0300
H006,P0302
H006,P0303
H006,P0305
H006,P0306
H006,P0307
H006,P0310
H006,P0311
H006,P0312
H006,P0313
H006,P0314
H006,P0315
H006,P0316
H006,P0317
H006,P0318
H006,P0319
H006,P0321
H006,P0322
H006,P0324
H006,P0325
H006,P0327
H006,P0329
H006,P0330
H006,P0332
H006,P0333
H006,P0334
H006,P0336
H006,P0337
H006,P0338
H006,P0339
H006,P0340
H006,P0342
H006,P0343
H006,P0344
H006,P0345
H006,P0346
H006,P0347
H006,P0348
H006,P0349
H006,P0350
H006,P0351
H006,P0352
H006,P0353
H006,P0354
H006,P0355
H006,P0358
H006,P0360
H006,P0361
H006,P0362
H006,P0365
H006,P0366
H006,P0367
H006,P0368
H006,P0369
H006,P0370
H006,P0371
H006,P0372
H006,P0373
H006,P0374
H006,P0375
H006,P0376
H006,P0377
H006,P0379
H006,P0380
H006,P0381
H006,P0382
H006,P0383
H006,P0384
H006,P0386
H006,P0388
H006,P0389
H006,P0390
H006,P0391
H006,P0392
H006,P0394
H006,P0395
H006,P0396
H006,P0397
H006,P0398
H006,P0400
H006,P0401
H006,P0402
H006,P0404
H006,P0405
H006,P0406
H006,P0407
H006,P0409
H006,P0410
H006,P0411
H006,P0412
H006,P0413
H006,P0414
H006,P0415
H006,P0416
H006,P0417
H006,P0418
H006,P0419
H006,P0422
H006,P0423
H006,P0424
H006,P0425
H006,P0426
H006,P0427
H006,P0429
H006,P0430
H006,P0431
H006,P0432
H006,P0433
H006,P0434
H006,P0436
H006,P0438
H006,P0440
H006,P0443
H006,P0444
H006,P0445
H006,P0447
H006,P0448
H006,P0451
H006,P0452
H006,P0453
H006,P0454
H006,P0455
H006,P0456
H006,P0457
H006,P0458
H006,P0459
H006,P0460
H006,P0461
H006,P0462
H006,P0463
H006,P0464
H006,P0465
H006,P0466
H006,P0468
H006,P0469
H006,P0470
H006,P0471
H006,P0472
H006,P0473
H006,P0475
H006,P0476
H006,P0477
H006,P0478
H006,P0479
H006,P0480
H006,P0481
H006,P0484
H006,P0485
H006,P0489
H006,P0490
H006,P0491
H006,P0492
H006,P0494
H006,P0495
H006,P0496
H006,P0497
H006,P0498
H006,P0499
H006,P0500
H006,P0501
H006,P0505
H006,P0506
H006,P0508
H006,P0511
H006,P0512
H006,P0513
H006,P0514
H006,P0516
H006,P0518
H006,P0519
H006,P0520
H006,P0521
H006,P0522
H006,P0523
H006,P0524
H006,P0525
H006,P0527
H006,P0528
H006,P0530
H006,P0531
H006,P0532
H006,P0533
H006,P0534
H006,P0535
H006,P0538
H006,P0539
H006,P0540
H006,P0541
H006,P0542
H006,P0543
H006,P0545
H006,P0546
H006,P0547
H006,P0550
H006,P0552
H006,P0553
H006,P0554
H006,P0555
H006,P0556
H006,P0557
H006,P0558
H006,P0561
H006,P0563
H006,P0564
H006,P0565
H006,P0566
H006,P0567
H006,P0570
H006,P0571
H006,P0572
H006,P0573
H006,P0574
H006,P0575
H006,P0576
H006,P0578
H006,P0579
H006,P0580
H006,P0582
H006,P0583
H006,P0585
H006,P0586
H006,P0587
H006,P0588
H006,P0590
H006,P0591
H006,P0592
H006,P0593
H006,P0594
H006,P0595
H006,P0597
H006,P0598
H006,P0599
H006,P0600
H007,P0002
H007,P0003
H007,P0004
H007,P0005
H007,P0006
H007,P0007
H007,P0008
H007,P0009
H007,P0010
H007,P0011
H007,P0012
H007,P0013
H007,P0017
H007,P0018
H007,P0019
H007,P0020
H007,P0021
H007,P0023
H007,P0028
H007,P0029
H007,P0030
H007,P0031
H007,P0032
H007,P0033
H007,P0035
H007,P0036
H007,P0037
H007,P0038
H007,P0039
H007,P0042
H007,P0043
H007,P0044
H007,P0045
H007,P0047
H007,P0048
H007,P0049
H007,P0051
H007,P0052
H007,P0053
H007,P0054
H007,P0056
H007,P0057
H007,P0058
H007,P0060
H007,P0061
H007,P0062
H007,P0063
H007,P0064
H007,P0065
H007,P0067
H007,P0068
H007,P0069
H007,P0070
H007,P0071
H007,P0072
H007,P0073
H007,P0077
H007,P0078
H007,P0079
H007,P0082
H007,P0083
H007,P0084
H007,P0085
H007,P0086
H007,P0087
H007,P0088
H007,P0089
H007,P0090
H007,P0091
H007,P0092
H007,P0094
H007,P0095
H007,P0096
H007,P0097
H007,P0100
H007,P0101
H007,P0102
H007,P0103
H007,P0105
H007,P0106
H007,P0107
H007,P0108
H007,P0109
H007,P0111
H007,P0112
H007,P0113
H007,P0114
H007,P0115
H007,P0116
H007,P0117
H007,P0119
H007,P0120
H007,P0121
H007,P0122
H007,P0123
H007,P0125
H007,P0126
H007,P0127
H007,P0128
H007,P0130
H007,P0131
H007,P0132
H007,P0133
H007,P0135
H007,P0136
H007,P0139
H007,P0140
H007,P0141
H007,P0142
H007,P0143
H007,P0144
H007,P0145
H007,P0146
H007,P0147
H007,P0149
H007,P0151
H007,P0152
H007,P0153
H007,P0154
H007,P0155
H007,P0156
H007,P0158
H007,P0160
H007,P0161
H007,P0162
H007,P0163
H007,P0164
H007,P0165
H007,P0166
H007,P0169
H007,P0170
H007,P0171
H007,P0174
H007,P0175
H007,P0176
H007,P0178
H007,P0179
H007,P0180
H007,P0181
H007,P0182
H007,P0183
H007,P0184
H007,P0185
H007,P0186
H007,P0187
H007,P0188
H007,P0189
H007,P0191
H007,P0192
H007,P0195
H007,P0197
H007,P0198
H007,P0199
H007,P0200
H007,P0201
H007,P0203
H007,P0204
H007,P0206
H007,P0208
H007,P0210
H007,P0211
H007,P0212
H007,P0213
H007,P0214
H007,P0215
H007,P0216
H007,P0217
H007,P0218
H007,P0221
H007,P0223
H007,P0224
H007,P0225
H007,P0226
H007,P0227
H007,P0229
H007,P0230
H007,P0231
H007,P0232
H007,P0233
H007,P0235
H007,P0239
H007,P0242
H007,P0243
H007,P0244
H007,P0245
H007,P0246
H007,P0247
H007,P0248
H007,P0249
H007,P0250
H007,P0251
H007,P0253
H007,P0254
H007,P0256
H007,P0257
H007,P0258
H007,P0259
H007,P0261
H007,P0264
H007,P0265
H007,P0266
H007,P0268
H007,P0273
H007,P0274
H007,P0275
H007,P0276
H007,P0277
H007,P0278
H007,P0279
H007,P0280
H007,P0281
H007,P0284
H007,P0285
H007,P0286
H007,P0287
H007,P0288
H007,P0289
H007,P0290
H007,P0291
H007,P0292
H007,P0293
H007,P0295
H007,P0296
H007,P0299
H007,P0300
H007,P0301
H007,P0302
H007,P0303
H007,P0304
H007,P0305
H007,P0306
H007,P0307
H007,P0308
H007,P0310
H007,P0311
H007,P0312
H007,P0313
H007,P0315
H007,P0316
H007,P0317
H007,P0320
H007,P0321
H007,P0322
H007,P0323
H007,P0324
H007,P0325
H007,P0327
H007,P0328
H007,P0329
H007,P0330
H007,P0332
H007,P0335
H007,P0336
H007,P0337
H007,P0338
H007,P0339
H007,P0340
H007,P0342
H007,P0344
H007,P0345
H007,P0346
H007,P0347
H007,P0348
H007,P0349
H007,P0351
H007,P0352
H007,P0353
H007,P0354
H007,P0355
H007,P0356
H007,P0357
H007,P0358
H007,P0360
H007,P0361
H007,P0362
H007,P0363
H007,P0365
H007,P0366
H007,P0367
H007,P0368
H007,P0369
H007,P0370
H007,P0371
H007,P0372
H007,P0373
H007,P0374
H007,P0375
H007,P0376
H007,P0377
H007,P0380
H007,P0381
H007,P0382
H007,P0383
H007,P0384
H007,P0385
H007,P0388
H007,P0389
H007,P0391
H007,P0392
H007,P0393
H007,P0394
H007,P0395
H007,P0396
H007,P0397
H007,P0398
H007,P0400
H007,P0401
H007,P0402
H007,P0404
H007,P0406
H007,P0407
H007,P0408
H007,P0412
H007,P0413
H007,P0414
H007,P0416
H007,P0417
H007,P0420
H007,P0421
H007,P0422
H007,P0423
H007,P0424
H007,P0426
H007,P0427
H007,P0428
H007,P0429
H007,P0430
H007,P0431
H007,P0432
H007,P0433
H007,P0434
H007,P0435
H007,P0436
H007,P0439
H007,P0440
H007,P0441
H007,P0442
H007,P0444
H007,P0445
H007,P0446
H007,P0447
H007,P0448
H007,P0449
H007,P0450
H007,P0452
H007,P0453
H007,P0455
H007,P0456
H007,P0458
H007,P0459
H007,P0460
H007,P0461
H007,P0462
H007,P0464
H007,P0465
H007,P0466
H007,P0467
H007,P0468
H007,P0469
H007,P0470
H007,P0471
H007,P0473
H007,P0475
H007,P0476
H007,P0477
H007,P0478
H007,P0480
H007,P0481
H007,P0483
H007,P0484
H007,P0485
H007,P0486
H007,P0487
H007,P0488
H007,P0490
H007,P0491
H007,P0492
H007,P0493
H007,P0494
H007,P0495
H007,P0497
H007,P0498
H007,P0499
H007,P0502
H007,P0503
H007,P0505
H007,P0506
H007,P0507
H007,P0508
H007,P0509
H007,P0510
H007,P0512
H007,P0514
H007,P0515
H007,P0516
H007,P0518
H007,P0519
H007,P0520
H007,P0521
H007,P0522
H007,P0523
H007,P0524
H007,P0526
H007,P0527
H007,P0529
H007,P0530
H007,P0532
H007,P0533
H007,P0535
H007,P0537
H007,P0538
H007,P0539
H007,P0540
H007,P0542
H007,P0544
H007,P0545
H007,P0547
H007,P0548
H007,P0550
H007,P0552
H007,P0553
H007,P0556
H007,P0557
H007,P0558
H007,P0563
H007,P0564
H007,P0565
H007,P0566
H007,P0568
H007,P0569
H007,P0570
H007,P0571
H007,P0572
H007,P0573
H007,P0574
H007,P0575
H007,P0576
H007,P0577
H007,P0581
H007,P0583
H007,P0584
H007,P0585
H007,P0587
H007,P0589
H007,P0591
H007,P0593
H007,P0595
H007,P0596
H007,P0599
H007,P0600
H008,P0001
H008,P0002
H008,P0003
H008,P0005
H008,P0006
H008,P0007
H008,P0008
H008,P0009
H008,P0011
H008,P0012
H008,P0013
H008,P0014
H008,P0015
H008,P0016
H008,P0017
H008,P0018
H008,P0019
H008,P0020
H008,P0021
H008,P0022
H008,P0023
H008,P0024
H008,P0027
H008,P0030
H008,P0031
H008,P0032
H008,P0033
H008,P0034
H008,P0035
H008,P0036
H008,P0037
H008,P0038
H008,P0039
H008,P0041
H008,P0042
H008,P0043
H008,P0044
H008,P0045
H008,P0046
H008,P0047
H008,P0048
H008,P0049
H008,P0050
H008,P0052
H008,P0053
H008,P0055
H008,P0056
H008,P0057
H008,P0058
H008,P0060
H008,P0061
H008,P0062
H008,P0063
H008,P0064
H008,P0065
H008,P0066
H008,P0067
H008,P0068
H008,P0069
H008,P0070
H008,P0071
H008,P0072
H008,P0074
H008,P0075
H008,P0078
H008,P0079
H008,P0082
H008,P0083
H008,P0084
H008,P0085
H008,P0086
H008,P0087
H008,P0088
H008,P0089
H008,P0091
H008,P0092
H008,P0093
H008,P0096
H008,P0097
H008,P0098
H008,P0099
H008,P0100
H008,P0101
H008,P0103
H008,P0105
H008,P0106
H008,P0108
H008,P0109
H008,P0110
H008,P0111
H008,P0112
H008,P0113
H008,P0114
H008,P0116
H008,P0117
H008,P0120
H008,P0121
H008,P0122
H008,P0123
H008,P0124
H008,P0125
H008,P0127
H008,P0128
H008,P0129
H008,P0130
H008,P0132
H008,P0133
H008,P0134
H008,P0135
H008,P0137
H008,P0138
H008,P0139
H008,P0140
H008,P0141
H008,P0142
H008,P0143
H008,P0144
H008,P0146
H008,P0147
H008,P0148
H008,P0149
H008,P0150
H008,P0151
H008,P0154
H008,P0156
H008,P0157
H008,P0159
H008,P0161
H008,P0162
H008,P0163
H008,P0165
H008,P0166
H008,P0167
H008,P0168
H008,P0169
H008,P0170
H008,P0171
H008,P0174
H008,P0175
H008,P0176
H008,P0179
H008,P0180
H008,P0181
H008,P0182
H008,P0183
H008,P0185
H008,P0186
H008,P0188
H008,P0191
H008,P0193
H008,P0194
H008,P0195
H008,P0196
H008,P0197
H008,P0198
H008,P0200
H008,P0201
H008,P0202
H008,P0203
H008,P0204
H008,P0205
H008,P0206
H008,P0207
H008,P0209
H008,P0211
H008,P0212
H008,P0213
H008,P0214
H008,P0215
H008,P0216
H008,P0218
H008,P0219
H008,P0220
H008,P0221
H008,P0222
H008,P0223
H008,P0224
H008,P0225
H008,P0226
H008,P0227
H008,P0228
H008,P0229
H008,P0230
H008,P0231
H008,P0232
H008,P0233
H008,P0234
H008,P0235
H008,P0236
H008,P0238
H008,P0239
H008,P0240
H008,P0243
H008,P0244
H008,P0247
H008,P0248
H008,P0249
H008,P0250
H008,P0254
H008,P0255
H008,P0256
H008,P0257
H008,P0258
H008,P0259
H008,P0260
H008,P0261
H008,P0262
H008,P0263
H008,P0265
H008,P0267
H008,P0270
H008,P0271
H008,P0272
H008,P0275
H008,P0277
H008,P0278
H008,P0279
H008,P0280
H008,P0281
H008,P0283
H008,P0284
H008,P0285
H008,P0287
H008,P0288
H008,P0289
H008,P0290
H008,P0292
H008,P0293
H008,P0295
H008,P0296
H008,P0297
H008,P0298
H008,P0299
H008,P0301
H008,P0302
H008,P0303
H008,P0305
H008,P0306
H008,P0307
H008,P0309
H008,P0310
H008,P0311
H008,P0312
H008,P0313
H008,P0314
H008,P0317
H008,P0318
H008,P0319
H008,P0320
H008,P0321
H008,P0324
H008,P0325
H008,P0326
H008,P0328
H008,P0329
H008,P0330
H008,P0332
H008,P0334
H008,P0336
H008,P0338
H008,P0339
H008,P0340
H008,P0341
H008,P0342
H008,P0343
H008,P0344
H008,P0346
H008,P0347
H008,P0348
H008,P0349
H008,P0351
H008,P0353
H008,P0354
H008,P0355
H008,P0356
H008,P0357
H008,P0358
H008,P0359
H008,P0360
H008,P0361
H008,P0362
H008,P0364
H008,P0366
H008,P0367
H008,P0368
H008,P0369
H008,P0370
H008,P0371
H008,P0372
H008,P0373
H008,P0374
H008,P0375
H008,P0376
H008,P0377
H008,P0378
H008,P0379
H008,P0380
H008,P0381
H008,P0382
H008,P0383
H008,P0384
H008,P0385
H008,P0387
H008,P0389
H008,P0391
H008,P0392
H008,P0394
H008,P0395
H008,P0397
H008,P0398
H008,P0399
H008,P0400
H008,P0402
H008,P0404
H008,P0405
H008,P0406
H008,P0407
H008,P0408
H008,P0409
H008,P0410
H008,P0411
H008,P0413
H008,P0414
H008,P0415
H008,P0417
H008,P0420
H008,P0421
H008,P0423
H008,P0424
H008,P0425
H008,P0426
H008,P0427
H008,P0429
H008,P0430
H008,P0431
H008,P0432
H008,P0433
H008,P0434
H008,P0435
H008,P0436
H008,P0438
H008,P0439
H008,P0440
H008,P0442
H008,P0443
H008,P0444
H008,P0446
H008,P0447
H008,P0448
H008,P0449
H008,P0450
H008,P0452
H008,P0454
H008,P0456
H008,P0457
H008,P0458
H008,P0459
H008,P0460
H008,P0461
H008,P0462
H008,P0463
H008,P0464
H008,P0466
H008,P0469
H008,P0470
H008,P0471
H008,P0472
H008,P0476
H008,P0477
H008,P0478
H008,P0481
H008,P0483
H008,P0485
H008,P0486
H008,P0487
H008,P0488
H008,P0489
H008,P0490
H008,P0491
H008,P0492
H008,P0493
H008,P0494
H008,P0495
H008,P0497
H008,P0498
H008,P0500
H008,P0501
H008,P0502
H008,P0503
H008,P0504
H008,P0505
H008,P0507
H008,P0509
H008,P0510
H008,P0511
H008,P0512
H008,P0514
H008,P0516
H008,P0517
H008,P0518
H008,P0519
H008,P0522
H008,P0523
H008,P0527
H008,P0528
H008,P0529
H008,P0531
H008,P0532
H008,P0533
H008,P0534
H008,P0535
H008,P0536
H008,P0537
H008,P0540
H008,P0541
H008,P0543
H008,P0544
H008,P0545
H008,P0546
H008,P0547
H008,P0548
H008,P0549
H008,P0551
H008,P0553
H008,P0555
H008,P0556
H008,P0557
H008,P0560
H008,P0561
H008,P0562
H008,P0563
H008,P0565
H008,P0566
H008,P0567
H008,P0568
H008,P0569
H008,P0570
H008,P0571
H008,P0572
H008,P0574
H008,P0575
H008,P0576
H008,P0577
H008,P0579
H008,P0583
H008,P0584
H008,P0585
H008,P0586
H008,P0589
H008,P0590
H008,P0591
H008,P0593
H008,P0595
H008,P0597
H008,P0598
H008,P0599
H008,P0600
H009,P0002
H009,P0006
H009,P0008
H009,P0009
H009,P0011
H009,P0012
H009,P0014
H009,P0015
H009,P0016
H009,P0017
H009,P0018
H009,P0020
H009,P0022
H009,P0023
H009,P0024
H009,P0030
H009,P0031
H009,P0032
H009,P0033
H009,P0035
H009,P0037
H009,P0039
H009,P0040
H009,P0041
H009,P0042
H009,P0043
H009,P0045
H009,P0047
H009,P0048
H009,P0052
H009,P0053
H009,P0057
H009,P0061
H009,P0062
H009,P0063
H009,P0065
H009,P0066
H009,P0068
H009,P0070
H009,P0072
H009,P0078
H009,P0081
H009,P0082
H009,P0084
H009,P0086
H009,P0087
H009,P0089
H009,P0090
H009,P0092
H009,P0093
H009,P0096
H009,P0097
H009,P0099
H009,P0100
H009,P0101
H009,P0102
H009,P0103
H009,P0104
H009,P0105
H009,P0106
H009,P0108
H009,P0109
H009,P0110
H009,P0111
H009,P0112
H009,P0113
H009,P0115
H009,P0116
H009,P0118
H009,P0120
H009,P0121
H009,P0122
H009,P0125
H009,P0126
H009,P0127
H009,P0128
H009,P0129
H009,P0130
H009,P0132
H009,P0133
H009,P0135
H009,P0136
H009,P0137
H009,P0138
H009,P0140
H009,P0142
H009,P0143
H009,P0144
H009,P0146
H009,P0147
H009,P0148
H009,P0149
H009,P0150
H009,P0151
H009,P0153
H009,P0154
H009,P0156
H009,P0157
H009,P0158
H009,P0160
H009,P0161
H009,P0163
H009,P0164
H009,P0165
H009,P0167
H009,P0168
H009,P0170
H009,P0174
H009,P0175
H009,P0176
H009,P0177
H009,P0178
H009,P0179
H009,P0181
H009,P0182
H009,P0183
H009,P0184
H009,P0185
H009,P0186
H009,P0188
H009,P0189
H009,P0190
H009,P0192
H009,P0193
H009,P0194
H009,P0195
H009,P0196
H009,P0197
H009,P0200
H009,P0204
H009,P0206
H009,P0207
H009,P0208
H009,P0210
H009,P0211
H009,P0212
H009,P0213
H009,P0214
H009,P0216
H009,P0218
H009,P0219
H009,P0221
H009,P0222
H009,P0223
H009,P0224
H009,P0225
H009,P0226
H009,P0227
H009,P0229
H009,P0231
H009,P0232
H009,P0233
H009,P0234
H009,P0238
H009,P0239
H009,P0240
H009,P0241
H009,P0242
H009,P0245
H009,P0250
H009,P0251
H009,P0253
H009,P0254
H009,P0256
H009,P0257
H009,P0260
H009,P0261
H009,P0262
H009,P0264
H009,P0266
H009,P0267
H009,P0268
H009,P0271
H009,P0273
H009,P0274
H009,P0276
H009,P0277
H009,P0278
H009,P0279
H009,P0280
H009,P0281
H009,P0283
H009,P0284
H009,P0285
H009,P0286
H009,P0287
H009,P0288
H009,P0289
H009,P0290
H009,P0294
H009,P0295
H009,P0296
H009,P0297
H009,P0299
H009,P0300
H009,P0301
H009,P0302
H009,P0303
H009,P0304
H009,P0305
H009,P0306
H009,P0307
H009,P0308
H009,P0310
H009,P0311
H009,P0312
H009,P0313
H009,P0314
H009,P0315
H009,P0317
H009,P0318
H009,P0319
H009,P0320
H009,P0321
H009,P0323
H009,P0324
H009,P0326
H009,P0328
H009,P0329
H009,P0330
H009,P0331
H009,P0332
H009,P0333
H009,P0334
H009,P0335
H009,P0336
H009,P0337
H009,P0339
H009,P0340
H009,P0341
H009,P0342
H009,P0344
H009,P0345
H009,P0347
H009,P0349
H009,P0350
H009,P0351
H009,P0352
H009,P0353
H009,P0355
H009,P0356
H009,P0357
H009,P0358
H009,P0359
H009,P0360
H009,P0361
H009,P0362
H009,P0364
H009,P0367
H009,P0368
H009,P0370
H009,P0371
H009,P0372
H009,P0374
H009,P0375
H009,P0376
H009,P0377
H009,P0378
H009,P0379
H009,P0380
H009,P0381
H009,P0383
H009,P0384
H009,P0386
H009,P0387
H009,P0388
H009,P0390
H009,P0391
H009,P0394
H009,P0395
H009,P0396
H009,P0397
H009,P0398
H009,P0399
H009,P0402
H009,P0404
H009,P0405
H009,P0406
H009,P0408
H009,P0410
H009,P0411
H009,P0412
H009,P0413
H009,P0415
H009,P0417
H009,P0418
H009,P0419
H009,P0420
H009,P0421
H009,P0422
H009,P0424
H009,P0426
H009,P0427
H009,P0430
H009,P0431
H009,P0432
H009,P0433
H009,P0434
H009,P0436
H009,P0439
H009,P0441
H009,P0442
H009,P0445
H009,P0447
H009,P0449
H009,P0450
H009,P0451
H009,P0453
H009,P0455
H009,P0457
H009,P0458
H009,P0460
H009,P0461
H009,P0462
H009,P0464
H009,P0465
H009,P0466
H009,P0468
H009,P0469
H009,P0470
H009,P0471
H009,P0472
H009,P0473
H009,P0474
H009,P0475
H009,P0482
H009,P0483
H009,P0484
H009,P0486
H009,P0489
H009,P0490
H009,P0492
H009,P0493
H009,P0494
H009,P0495
H009,P0496
H009,P0497
H009,P0498
H009,P0502
H009,P0505
H009,P0507
H009,P0508
H009,P0509
H009,P0511
H009,P0514
H009,P0518
H009,P0519
H009,P0521
H009,P0525
H009,P0527
H009,P0528
H009,P0531
H009,P0532
H009,P0533
H009,P0535
H009,P0540
H009,P0541
H009,P0543
H009,P0545
H009,P0546
H009,P0547
H009,P0548
H009,P0549
H009,P0550
H009,P0553
H009,P0554
H009,P0556
H009,P0557
H009,P0560
H009,P0563
H009,P0564
H009,P0565
H009,P0567
H009,P0570
H009,P0571
H009,P0572
H009,P0573
H009,P0574
H009,P0577
H009,P0578
H009,P0582
H009,P0584
H009,P0587
H009,P0589
H009,P0593
H009,P0594
H009,P0596
H009,P0597
H009,P0598
H009,P0599
H009,P0600
H010,P0004
H010,P0008
H010,P0014
H010,P0018
H010,P0021
H010,P0022
H010,P0040
H010,P0043
H010,P0044
H010,P0047
H010,P0048
H010,P0049
H010,P0053
H010,P0056
H010,P0063
H010,P0069
H010,P0074
H010,P0075
H010,P0079
H010,P0082
H010,P0083
H010,P0086
H010,P0088
H010,P0090
H010,P0092
H010,P0094
H010,P0096
H010,P0097
H010,P0102
H010,P0103
H010,P0104
H010,P0106
H010,P0111
H010,P0113
H010,P0114
H010,P0115
H010,P0117
H010,P0121
H010,P0124
H010,P0129
H010,P0130
H010,P0131
H010,P0132
H010,P0133
H010,P0136
H010,P0140
H010,P0146
H010,P0147
H010,P0148
H010,P0149
H010,P0151
H010,P0153
H010,P0155
H010,P0156
H010,P0157
H010,P0160
H010,P0163
H010,P0165
H010,P0166
H010,P0167
H010,P0168
H010,P0169
H010,P0174
H010,P0179
H010,P0182
H010,P0185
H010,P0193
H010,P0195
H010,P0203
H010,P0206
H010,P0209
H010,P0211
H010,P0212
H010,P0213
H010,P0222
H010,P0227
H010,P0229
H010,P0230
H010,P0231
H010,P0232
H010,P0233
H010,P0234
H010,P0235
H010,P0236
H010,P0237
H010,P0241
H010,P0243
H010,P0244
H010,P0250
H010,P0253
H010,P0254
H010,P0255
H010,P0256
H010,P0262
H010,P0264
H010,P0266
H010,P0269
H010,P0271
H010,P0273
H010,P0276
H010,P0278
H010,P0281
H010,P0286
H010,P0287
H010,P0288
H010,P0289
H010,P0290
H010,P0291
H010,P0295
H010,P0296
H010,P0299
H010,P0304
H010,P0306
H010,P0310
H010,P0312
H010,P0314
H010,P0317
H010,P0318
H010,P0320
H010,P0321
H010,P0322
H010,P0323
H010,P0324
H010,P0326
H010,P0330
H010,P0332
H010,P0336
H010,P0337
H010,P0342
H010,P0343
H010,P0349
H010,P0350
H010,P0353
H010,P0356
H010,P0358
H010,P0361
H010,P0362
H010,P0364
H010,P0366
H010,P0368
H010,P0369
H010,P0370
H010,P0371
H010,P0375
H010,P0376
H010,P0378
H010,P0379
H010,P0380
H010,P0391
H010,P0398
H010,P0401
H010,P0402
H010,P0403
H010,P0404
H010,P0406
H010,P0411
H010,P0413
H010,P0415
H010,P0416
H010,P0417
H010,P0430
H010,P0433
H010,P0435
H010,P0437
H010,P0439
H010,P0442
H010,P0446
H010,P0447
H010,P0453
H010,P0456
H010,P0457
H010,P0458
H010,P0461
H010,P0463
H010,P0464
H010,P0471
H010,P0479
H010,P0481
H010,P0482
H010,P0485
H010,P0486
H010,P0489
H010,P0491
H010,P0492
H010,P0495
H010,P0505
H010,P0506
H010,P0507
H010,P0508
H010,P0509
H010,P0513
H010,P0514
H010,P0516
H010,P0518
H010,P0520
H010,P0522
H010,P0525
H010,P0529
H010,P0532
H010,P0533
H010,P0535
H010,P0540
H010,P0544
H010,P0545
H010,P0547
H010,P0550
H010,P0551
H010,P0552
H010,P0553
H010,P0556
H010,P0557
H010,P0564
H010,P0565
H010,P0566
H010,P0569
H010,P0570
H010,P0577
H010,P0578
H010,P0579
H010,P0584
H010,P0585
H010,P0586
H010,P0587
H010,P0588
H010,P0594
H010,P0596
H010,P0598
H010,P0600
H011,P0002
H011,P0003
H011,P0006
H011,P0007
H011,P0008
H011,P0009
H011,P0010
H011,P0012
H011,P0013
H011,P0014
H011,P0015
H011,P0016
H011,P0017
H011,P0018
H011,P0019
H011,P0020
H011,P0021
H011,P0024
H011,P0030
H011,P0032
H011,P0033
H011,P0035
H011,P0037
H011,P0039
H011,P0041
H011,P0042
H011,P0043
H011,P0046
H011,P0047
H011,P0049
H011,P0052
H011,P0053
H011,P0054
H011,P0055
H011,P0058
H011,P0061
H011,P0062
H011,P0063
H011,P0064
H011,P0065
H011,P0066
H011,P0069
H011,P0071
H011,P0072
H011,P0075
H011,P0076
H011,P0078
H011,P0079
H011,P0081
H011,P0082
H011,P0083
H011,P0084
H011,P0086
H011,P0087
H011,P0088
H011,P0089
H011,P0090
H011,P0092
H011,P0093
H011,P0094
H011,P0096
H011,P0097
H011,P0098
H011,P0100
H011,P0103
H011,P0105
H011,P0106
H011,P0108
H011,P0109
H011,P0110
H011,P0111
H011,P0112
H011,P0113
H011,P0114
H011,P0119
H011,P0121
H011,P0122
H011,P0123
H011,P0124
H011,P0125
H011,P0126
H011,P0127
H011,P0128
H011,P0129
H011,P0130
H011,P0131
H011,P0132
H011,P0133
H011,P0134
H011,P0135
H011,P0136
H011,P0137
H011,P0139
H011,P0140
H011,P0142
H011,P0143
H011,P0144
H011,P0145
H011,P0146
H011,P0147
H011,P0148
H011,P0149
H011,P0151
H011,P0152
H011,P0153
H011,P0154
H011,P0155
H011,P0156
H011,P0157
H011,P0160
H011,P0163
H011,P0164
H011,P0165
H011,P0168
H011,P0170
H011,P0171
H011,P0172
H011,P0173
H011,P0174
H011,P0177
H011,P0181
H011,P0183
H011,P0184
H011,P0185
H011,P0186
H011,P0188
H011,P0189
H011,P0190
H011,P0191
H011,P0194
H011,P0195
H011,P0200
H011,P0201
H011,P0202
H011,P0203
H011,P0204
H011,P0206
H011,P0208
H011,P0211
H011,P0212
H011,P0213
H011,P0214
H011,P0215
H011,P0217
H011,P0219
H011,P0220
H011,P0221
H011,P0222
H011,P0223
H011,P0224
H011,P0225
H011,P0226
H011,P0229
H011,P0230
H011,P0231
H011,P0232
H011,P0234
H011,P0235
H011,P0237
H011,P0238
H011,P0239
H011,P0240
H011,P0241
H011,P0242
H011,P0243
H011,P0244
H011,P0245
H011,P0246
H011,P0251
H011,P0253
H011,P0254
H011,P0255
H011,P0256
H011,P0257
H011,P0258
H011,P0259
H011,P0260
H011,P0261
H011,P0262
H011,P0263
H011,P0264
H011,P0268
H011,P0269
H011,P0273
H011,P0274
H011,P0276
H011,P0277
H011,P0278
H011,P0279
H011,P0280
H011,P0281
H011,P0282
H011,P0284
H011,P0285
H011,P0287
H011,P0288
H011,P0289
H011,P0292
H011,P0293
H011,P0295
H011,P0297
H011,P0298
H011,P0299
H011,P0300
H011,P0301
H011,P0304
H011,P0306
H011,P0307
H011,P0308
H011,P0310
H011,P0312
H011,P0313
H011,P0314
H011,P0316
H011,P0317
H011,P0319
H011,P0320
H011,P0321
H011,P0322
H011,P0323
H011,P0324
H011,P0325
H011,P0326
H011,P0327
H011,P0330
H011,P0334
H011,P0335
H011,P0336
H011,P0337
H011,P0338
H011,P0339
H011,P0340
H011,P0341
H011,P0342
H011,P0344
H011,P0345
H011,P0346
H011,P0347
H011,P0348
H011,P0351
H011,P0352
H011,P0353
H011,P0355
H011,P0357
H011,P0358
H011,P0361
H011,P0362
H011,P0364
H011,P0366
H011,P0367
H011,P0368
H011,P0369
H011,P0370
H011,P0371
H011,P0373
H011,P0374
H011,P0375
H011,P0377
H011,P0378
H011,P0379
H011,P0380
H011,P0381
H011,P0382
H011,P0388
H011,P0391
H011,P0392
H011,P0393
H011,P0395
H011,P0398
H011,P0400
H011,P0402
H011,P0404
H011,P0405
H011,P0406
H011,P0408
H011,P0410
H011,P0411
H011,P0412
H011,P0416
H011,P0417
H011,P0418
H011,P0420
H011,P0422
H011,P0424
H011,P0426
H011,P0427
H011,P0428
H011,P0430
H011,P0431
H011,P0433
H011,P0434
H011,P0435
H011,P0436
H011,P0437
H011,P0439
H011,P0442
H011,P0443
H011,P0444
H011,P0445
H011,P0446
H011,P0447
H011,P0448
H011,P0449
H011,P0450
H011,P0451
H011,P0452
H011,P0453
H011,P0454
H011,P0455
H011,P0456
H011,P0458
H011,P0459
H011,P0460
H011,P0462
H011,P0463
H011,P0466
H011,P0467
H011,P0470
H011,P0471
H011,P0473
H011,P0475
H011,P0476
H011,P0477
H011,P0479
H011,P0480
H011,P0481
H011,P0482
H011,P0484
H011,P0485
H011,P0486
H011,P0488
H011,P0489
H011,P0490
H011,P0492
H011,P0493
H011,P0495
H011,P0497
H011,P0498
H011,P0499
H011,P0500
H011,P0502
H011,P0505
H011,P0506
H011,P0508
H011,P0509
H011,P0510
H011,P0511
H011,P0514
H011,P0515
H011,P0516
H011,P0517
H011,P0518
H011,P0519
H011,P0520
H011,P0521
H011,P0522
H011,P0524
H011,P0526
H011,P0527
H011,P0528
H011,P0529
H011,P0530
H011,P0532
H011,P0533
H011,P0534
H011,P0537
H011,P0538
H011,P0540
H011,P0541
H011,P0542
H011,P0543
H011,P0544
H011,P0547
H011,P0548
H011,P0549
H011,P0550
H011,P0551
H011,P0555
H011,P0556
H011,P0557
H011,P0558
H011,P0562
H011,P0565
H011,P0566
H011,P0568
H011,P0569
H011,P0573
H011,P0574
H011,P0575
H011,P0576
H011,P0579
H011,P0584
H011,P0585
H011,P0587
H011,P0589
H011,P0590
H011,P0591
H011,P0593
H011,P0594
H011,P0597
H011,P0599
H011,P0600
H012,P0005
H012,P0006
H012,P0007
H012,P0008
H012,P0011
H012,P0013
H012,P0014
H012,P0016
H012,P0017
H012,P0018
H012,P0020
H012,P0021
H012,P0022
H012,P0024
H012,P0026
H012,P0028
H012,P0033
H012,P0034
H012,P0035
H012,P0037
H012,P0038
H012,P0043
H012,P0045
H012,P0046
H012,P0047
H012,P0048
H012,P0049
H012,P0050
H012,P0051
H012,P0052
H012,P0053
H012,P0055
H012,P0057
H012,P0058
H012,P0060
H012,P0061
H012,P0062
H012,P0066
H012,P0069
H012,P0070
H012,P0071
H012,P0072
H012,P0075
H012,P0079
H012,P0083
H012,P0085
H012,P0086
H012,P0087
H012,P0088
H012,P0092
H012,P0093
H012,P0095
H012,P0096
H012,P0097
H012,P0100
H012,P0102
H012,P0105
H012,P0106
H012,P0107
H012,P0108
H012,P0110
H012,P0111
H012,P0113
H012,P0115
H012,P0118
H012,P0119
H012,P0120
H012,P0126
H012,P0127
H012,P0128
H012,P0129
H012,P0130
H012,P0131
H012,P0136
H012,P0138
H012,P0139
H012,P0140
H012,P0142
H012,P0143
H012,P0144
H012,P0148
H012,P0150
H012,P0151
H012,P0152
H012,P0155
H012,P0156
H012,P0157
H012,P0158
H012,P0160
H012,P0163
H012,P0165
H012,P0166
H012,P0169
H012,P0170
H012,P0172
H012,P0181
H012,P0182
H012,P0183
H012,P0184
H012,P0185
H012,P0188
H012,P0189
H012,P0190
H012,P0192
H012,P0193
H012,P0194
H012,P0195
H012,P0196
H012,P0197
H012,P0198
H012,P0199
H012,P0200
H012,P0202
H012,P0204
H012,P0206
H012,P0213
H012,P0214
H012,P0215
H012,P0216
H012,P0218
H012,P0219
H012,P0221
H012,P0222
H012,P0223
H012,P0224
H012,P0226
H012,P0229
H012,P0231
H012,P0232
H012,P0234
H012,P0235
H012,P0236
H012,P0238
H012,P0239
H012,P0242
H012,P0243
H012,P0244
H012,P0245
H012,P0251
H012,P0254
H012,P0256
H012,P0257
H012,P0258
H012,P0259
H012,P0261
H012,P0263
H012,P0264
H012,P0265
H012,P0266
H012,P0268
H012,P0270
H012,P0271
H012,P0272
H012,P0273
H012,P0278
H012,P0280
H012,P0281
H012,P0285
H012,P0286
H012,P0287
H012,P0288
H012,P0289
H012,P0293
H012,P0294
H012,P0296
H012,P0297
H012,P0299
H012,P0303
H012,P0305
H012,P0308
H012,P0309
H012,P0310
H012,P0312
H012,P0313
H012,P0314
H012,P0315
H012,P0320
H012,P0321
H012,P0323
H012,P0324
H012,P0325
H012,P0326
H012,P0327
H012,P0328
H012,P0329
H012,P0330
H012,P0332
H012,P0333
H012,P0335
H012,P0336
H012,P0337
H012,P0338
H012,P0343
H012,P0344
H012,P0345
H012,P0346
H012,P0348
H012,P0349
H012,P0351
H012,P0352
H012,P0353
H012,P0354
H012,P0355
H012,P0356
H012,P0357
H012,P0358
H012,P0360
H012,P0361
H012,P0363
H012,P0366
H012,P0367
H012,P0368
H012,P0369
H012,P0370
H012,P0373
H012,P0375
H012,P0377
H012,P0378
H012,P0381
H012,P0383
H012,P0384
H012,P0391
H012,P0392
H012,P0393
H012,P0394
H012,P0396
H012,P0397
H012,P0399
H012,P0402
H012,P0404
H012,P0405
H012,P0406
H012,P0407
H012,P0408
H012,P0409
H012,P0410
H012,P0411
H012,P0413
H012,P0414
H012,P0415
H012,P0417
H012,P0420
H012,P0422
H012,P0424
H012,P0430
H012,P0438
H012,P0439
H012,P0440
H012,P0441
H012,P0442
H012,P0444
H012,P0447
H012,P0451
H012,P0453
H012,P0454
H012,P0458
H012,P0459
H012,P0461
H012,P0462
H012,P0463
H012,P0465
H012,P0466
H012,P0471
H012,P0473
H012,P0474
H012,P0476
H012,P0477
H012,P0483
H012,P0484
H012,P0486
H012,P0487
H012,P0488
H012,P0491
H012,P0492
H012,P0497
H012,P0498
H012,P0499
H012,P0505
H012,P0506
H012,P0507
H012,P0509
H012,P0511
H012,P0514
H012,P0515
H012,P0516
H012,P0517
H012,P0518
H012,P0519
H012,P0520
H012,P0521
H012,P0523
H012,P0524
H012,P0528
H012,P0530
H012,P0532
H012,P0533
H012,P0534
H012,P0536
H012,P0537
H012,P0538
H012,P0539
H012,P0540
H012,P0541
H012,P0542
H012,P0543
H012,P0547
H012,P0548
H012,P0550
H012,P0551
H012,P0553
H012,P0554
H012,P0556
H012,P0557
H012,P0558
H012,P0560
H012,P0562
H012,P0563
H012,P0564
H012,P0565
H012,P0566
H012,P0567
H012,P0570
H012,P0573
H012,P0576
H012,P0578
H012,P0579
H012,P0583
H012,P0585
H012,P0586
H012,P0589
H012,P0591
H012,P0593
H012,P0594
H012,P0597
H012,P0599
H013,P0001
H013,P0002
H013,P0005
H013,P0006
H013,P0007
H013,P0008
H013,P0009
H013,P0010
H013,P0011
H013,P0012
H013,P0013
H013,P0014
H013,P0016
H013,P0017
H013,P0018
H013,P0019
H013,P0020
H013,P0021
H013,P0022
H013,P0023
H013,P0024
H013,P0026
H013,P0027
H013,P0028
H013,P0030
H013,P0032
H013,P0035
H013,P0036
H013,P0037
H013,P0038
H013,P0039
H013,P0040
H013,P0042
H013,P0043
H013,P0044
H013,P0046
H013,P0047
H013,P0048
H013,P0050
H013,P0051
H013,P0052
H013,P0053
H013,P0055
H013,P0056
H013,P0057
H013,P0058
H013,P0060
H013,P0061
H013,P0062
H013,P0064
H013,P0065
H013,P0066
H013,P0068
H013,P0069
H013,P0070
H013,P0071
H013,P0072
H013,P0073
H013,P0074
H013,P0076
H013,P0077
H013,P0078
H013,P0079
H013,P0082
H013,P0083
H013,P0084
H013,P0086
H013,P0088
H013,P0090
H013,P0092
H013,P0093
H013,P0094
H013,P0095
H013,P0097
H013,P0098
H013,P0099
H013,P0100
H013,P0101
H013,P0104
H013,P0105
H013,P0106
H013,P0108
H013,P0110
H013,P0111
H013,P0113
H013,P0114
H013,P0115
H013,P0116
H013,P0117
H013,P0120
H013,P0121
H013,P0122
H013,P0124
H013,P0125
H013,P0127
H013,P0129
H013,P0130
H013,P0131
H013,P0132
H013,P0133
H013,P0136
H013,P0137
H013,P0138
H013,P0139
H013,P0140
H013,P0141
H013,P0142
H013,P0143
H013,P0145
H013,P0146
H013,P0147
H013,P0148
H013,P0149
H013,P0150
H013,P0152
H013,P0154
H013,P0155
H013,P0156
H013,P0157
H013,P0160
H013,P0161
H013,P0162
H013,P0163
H013,P0164
H013,P0165
H013,P0166
H013,P0167
H013,P0169
H013,P0170
H013,P0171
H013,P0173
H013,P0174
H013,P0177
H013,P0178
H013,P0180
H013,P0183
H013,P0185
H013,P0186
H013,P0189
H013,P0190
H013,P0191
H013,P0192
H013,P0193
H013,P0194
H013,P0195
H013,P0197
H013,P0199
H013,P0201
H013,P0202
H013,P0204
H013,P0205
H013,P0207
H013,P0208
H013,P0210
H013,P0211
H013,P0212
H013,P0213
H013,P0214
H013,P0215
H013,P0216
H013,P0217
H013,P0218
H013,P0219
H013,P0220
H013,P0221
H013,P0222
H013,P0223
H013,P0224
H013,P0226
H013,P0227
H013,P0229
H013,P0230
H013,P0231
H013,P0232
H013,P0235
H013,P0236
H013,P0238
H013,P0239
H013,P0241
H013,P0242
H013,P0243
H013,P0244
H013,P0246
H013,P0248
H013,P0249
H013,P0250
H013,P0251
H013,P0252
H013,P0254
H013,P0255
H013,P0256
H013,P0257
H013,P0258
H013,P0259
H013,P0261
H013,P0262
H013,P0264
H013,P0265
H013,P0266
H013,P0268
H013,P0269
H013,P0270
H013,P0273
H013,P0274
H013,P0275
H013,P0276
H013,P0278
H013,P0279
H013,P0280
H013,P0281
H013,P0282
H013,P0283
H013,P0284
H013,P0286
H013,P0288
H013,P0289
H013,P0290
H013,P0291
H013,P0292
H013,P0293
H013,P0294
H013,P0296
H013,P0298
H013,P0299
H013,P0300
H013,P0303
H013,P0304
H013,P0306
H013,P0307
H013,P0309
H013,P0310
H013,P0311
H013,P0313
H013,P0315
H013,P0317
H013,P0318
H013,P0320
H013,P0321
H013,P0322
H013,P0323
H013,P0324
H013,P0326
H013,P0328
H013,P0329
H013,P0330
H013,P0331
H013,P0332
H013,P0334
H013,P0335
H013,P0336
H013,P0337
H013,P0338
H013,P0339
H013,P0341
H013,P0342
H013,P0343
H013,P0344
H013,P0345
H013,P0346
H013,P0348
H013,P0349
H013,P0350
H013,P0353
H013,P0354
H013,P0355
H013,P0356
H013,P0357
H013,P0358
H013,P0360
H013,P0361
H013,P0364
H013,P0366
H013,P0367
H013,P0368
H013,P0369
H013,P0370
H013,P0371
H013,P0372
H013,P0374
H013,P0375
H013,P0376
H013,P0377
H013,P0378
H013,P0379
H013,P0380
H013,P0381
H013,P0382
H013,P0383
H013,P0384
H013,P0390
H013,P0391
H013,P0393
H013,P0394
H013,P0395
H013,P0396
H013,P0398
H013,P0399
H013,P0400
H013,P0401
H013,P0402
H013,P0404
H013,P0405
H013,P0406
H013,P0408
H013,P0409
H013,P0410
H013,P0412
H013,P0413
H013,P0414
H013,P0415
H013,P0416
H013,P0417
H013,P0418
H013,P0419
H013,P0420
H013,P0421
H013,P0422
H013,P0423
H013,P0424
H013,P0426
H013,P0427
H013,P0428
H013,P0429
H013,P0430
H013,P0431
H013,P0432
H013,P0433
H013,P0434
H013,P0435
H013,P0436
H013,P0437
H013,P0438
H013,P0441
H013,P0442
H013,P0443
H013,P0444
H013,P0445
H013,P0446
H013,P0447
H013,P0448
H013,P0449
H013,P0450
H013,P0451
H013,P0453
H013,P0454
H013,P0455
H013,P0456
H013,P0457
H013,P0458
H013,P0459
H013,P0460
H013,P0461
H013,P0462
H013,P0463
H013,P0464
H013,P0465
H013,P0466
H013,P0467
H013,P0468
H013,P0469
H013,P0471
H013,P0472
H013,P0473
H013,P0474
H013,P0477
H013,P0478
H013,P0479
H013,P0480
H013,P0481
H013,P0482
H013,P0483
H013,P0484
H013,P0485
H013,P0486
H013,P0490
H013,P0491
H013,P0492
H013,P0493
H013,P0494
H013,P0495
H013,P0497
H013,P0498
H013,P0502
H013,P0503
H013,P0505
H013,P0506
H013,P0507
H013,P0508
H013,P0510
H013,P0511
H013,P0512
H013,P0513
H013,P0514
H013,P0515
H013,P0516
H013,P0518
H013,P0519
H013,P0520
H013,P0521
H013,P0522
H013,P0523
H013,P0524
H013,P0527
H013,P0529
H013,P0530
H013,P0531
H013,P0532
H013,P0533
H013,P0535
H013,P0536
H013,P0537
H013,P0539
H013,P0540
H013,P0541
H013,P0542
H013,P0543
H013,P0545
H013,P0547
H013,P0548
H013,P0550
H013,P0551
H013,P0552
H013,P0553
H013,P0555
H013,P0556
H013,P0558
H013,P0559
H013,P0560
H013,P0561
H013,P0562
H013,P0563
H013,P0564
H013,P0565
H013,P0567
H013,P0568
H013,P0569
H013,P0570
H013,P0571
H013,P0572
H013,P0573
H013,P0574
H013,P0575
H013,P0577
H013,P0578
H013,P0579
H013,P0580
H013,P0581
H013,P0582
H013,P0584
H013,P0586
H013,P0589
H013,P0590
H013,P0592
H013,P0593
H013,P0594
H013,P0595
H013,P0596
H013,P0597
H013,P0599
H013,P0600
H014,P0002
H014,P0003
H014,P0004
H014,P0005
H014,P0006
H014,P0007
H014,P0008
H014,P0009
H014,P0010
H014,P0011
H014,P0012
H014,P0013
H014,P0014
H014,P0015
H014,P0016
H014,P0017
H014,P0019
H014,P0020
H014,P0021
H014,P0022
H014,P0023
H014,P0024
H014,P0026
H014,P0027
H014,P0028
H014,P0029
H014,P0030
H014,P0032
H014,P0033
H014,P0034
H014,P0035
H014,P0036
H014,P0037
H014,P0038
H014,P0039
H014,P0041
H014,P0043
H014,P0045
H014,P0046
H014,P0047
H014,P0048
H014,P0049
H014,P0050
H014,P0053
H014,P0054
H014,P0055
H014,P0056
H014,P0057
H014,P0058
H014,P0061
H014,P0062
H014,P0063
H014,P0064
H014,P0065
H014,P0067
H014,P0069
H014,P0070
H014,P0072
H014,P0074
H014,P0075
H014,P0076
H014,P0078
H014,P0079
H014,P0081
H014,P0082
H014,P0083
H014,P0084
H014,P0085
H014,P0086
H014,P0087
H014,P0088
H014,P0091
H014,P0092
H014,P0093
H014,P0094
H014,P0095
H014,P0097
H014,P0098
H014,P0099
H014,P0100
H014,P0101
H014,P0102
H014,P0103
H014,P0104
H014,P0105
H014,P0106
H014,P0107
H014,P0108
H014,P0109
H014,P0110
H014,P0111
H014,P0112
H014,P0113
H014,P0114
H014,P0115
H014,P0116
H014,P0117
H014,P0118
H014,P0119
H014,P0120
H014,P0122
H014,P0127
H014,P0129
H014,P0130
H014,P0131
H014,P0132
H014,P0133
H014,P0134
H014,P0135
H014,P0136
H014,P0138
H014,P0139
H014,P0140
H014,P0142
H014,P0143
H014,P0144
H014,P0145
H014,P0146
H014,P0147
H014,P0148
H014,P0150
H014,P0152
H014,P0154
H014,P0155
H014,P0156
H014,P0157
H014,P0158
H014,P0159
H014,P0160
H014,P0161
H014,P0166
H014,P0169
H014,P0170
H014,P0171
H014,P0172
H014,P0173
H014,P0175
H014,P0176
H014,P0178
H014,P0179
H014,P0181
H014,P0182
H014,P0183
H014,P0184
H014,P0185
H014,P0186
H014,P0187
H014,P0188
H014,P0189
H014,P0190
H014,P0192
H014,P0194
H014,P0195
H014,P0196
H014,P0197
H014,P0198
H014,P0199
H014,P0201
H014,P0203
H014,P0204
H014,P0207
H014,P0208
H014,P0211
H014,P0214
H014,P0215
H014,P0216
H014,P0219
H014,P0220
H014,P0221
H014,P0222
H014,P0223
H014,P0224
H014,P0225
H014,P0226
H014,P0228
H014,P0229
H014,P0232
H014,P0233
H014,P0236
H014,P0238
H014,P0239
H014,P0240
H014,P0243
H014,P0244
H014,P0245
H014,P0246
H014,P0247
H014,P0249
H014,P0253
H014,P0254
H014,P0255
H014,P0256
H014,P0257
H014,P0258
H014,P0259
H014,P0264
H014,P0265
H014,P0266
H014,P0268
H014,P0271
H014,P0272
H014,P0273
H014,P0275
H014,P0277
H014,P0278
H014,P0279
H014,P0280
H014,P0281
H014,P0282
H014,P0284
H014,P0285
H014,P0287
H014,P0288
H014,P0289
H014,P0291
H014,P0293
H014,P0294
H014,P0295
H014,P0296
H014,P0298
H014,P0299
H014,P0300
H014,P0301
H014,P0302
H014,P0303
H014,P0304
H014,P0305
H014,P0306
H014,P0309
H014,P0312
H014,P0313
H014,P0314
H014,P0317
H014,P0318
H014,P0319
H014,P0320
H014,P0321
H014,P0324
H014,P0326
H014,P0327
H014,P0328
H014,P0329
H014,P0330
H014,P0332
H014,P0333
H014,P0336
H014,P0337
H014,P0339
H014,P0341
H014,P0342
H014,P0344
H014,P0345
H014,P0346
H014,P0347
H014,P0348
H014,P0349
H014,P0352
H014,P0353
H014,P0354
H014,P0355
H014,P0356
H014,P0357
H014,P0358
H014,P0359
H014,P0361
H014,P0362
H014,P0363
H014,P0364
H014,P0366
H014,P0367
H014,P0368
H014,P0369
H014,P0370
H014,P0371
H014,P0372
H014,P0373
H014,P0374
H014,P0375
H014,P0376
H014,P0378
H014,P0380
H014,P0381
H014,P0383
H014,P0384
H014,P0385
H014,P0387
H014,P0388
H014,P0389
H014,P0390
H014,P0393
H014,P0394
H014,P0397
H014,P0398
H014,P0399
H014,P0400
H014,P0401
H014,P0402
H014,P0404
H014,P0406
H014,P0407
H014,P0408
H014,P0409
H014,P0411
H014,P0412
H014,P0413
H014,P0415
H014,P0416
H014,P0418
H014,P0420
H014,P0422
H014,P0423
H014,P0424
H014,P0425
H014,P0426
H014,P0429
H014,P0430
H014,P0431
H014,P0433
H014,P0434
H014,P0435
H014,P0436
H014,P0437
H014,P0438
H014,P0439
H014,P0440
H014,P0441
H014,P0442
H014,P0444
H014,P0445
H014,P0447
H014,P0450
H014,P0451
H014,P0452
H014,P0453
H014,P0455
H014,P0457
H014,P0458
H014,P0459
H014,P0460
H014,P0461
H014,P0462
H014,P0463
H014,P0464
H014,P0465
H014,P0466
H014,P0467
H014,P0468
H014,P0469
H014,P0470
H014,P0471
H014,P0472
H014,P0473
H014,P0474
H014,P0475
H014,P0477
H014,P0479
H014,P0480
H014,P0481
H014,P0482
H014,P0483
H014,P0485
H014,P0486
H014,P0488
H014,P0489
H014,P0490
H014,P0491
H014,P0492
H014,P0494
H014,P0495
H014,P0499
H014,P0501
H014,P0502
H014,P0503
H014,P0504
H014,P0505
H014,P0507
H014,P0508
H014,P0509
H014,P0510
H014,P0511
H014,P0512
H014,P0513
H014,P0515
H014,P0516
H014,P0518
H014,P0520
H014,P0522
H014,P0523
H014,P0524
H014,P0525
H014,P0526
H014,P0527
H014,P0528
H014,P0529
H014,P0532
H014,P0533
H014,P0535
H014,P0536
H014,P0537
H014,P0538
H014,P0539
H014,P0540
H014,P0541
H014,P0542
H014,P0543
H014,P0544
H014,P0545
H014,P0547
H014,P0548
H014,P0549
H014,P0550
H014,P0552
H014,P0553
H014,P0554
H014,P0556
H014,P0558
H014,P0560
H014,P0562
H014,P0564
H014,P0565
H014,P0566
H014,P0568
H014,P0570
H014,P0571
H014,P0572
H014,P0575
H014,P0576
H014,P0577
H014,P0578
H014,P0580
H014,P0582
H014,P0584
H014,P0585
H014,P0587
H014,P0588
H014,P0589
H014,P0590
H014,P0591
H014,P0593
H014,P0594
H014,P0595
H014,P0597
H014,P0598
H015,P0002
H015,P0004
H015,P0005
H015,P0006
H015,P0008
H015,P0009
H015,P0010
H015,P0011
H015,P0012
H015,P0013
H015,P0015
H015,P0016
H015,P0017
H015,P0018
H015,P0019
H015,P0021
H015,P0022
H015,P0023
H015,P0024
H015,P0026
H015,P0027
H015,P0029
H015,P0031
H015,P0032
H015,P0033
H015,P0035
H015,P0036
H015,P0038
H015,P0039
H015,P0040
H015,P0041
H015,P0042
H015,P0043
H015,P0045
H015,P0047
H015,P0048
H015,P0049
H015,P0051
H015,P0053
H015,P0054
H015,P0056
H015,P0061
H015,P0063
H015,P0064
H015,P0065
H015,P0068
H015,P0069
H015,P0070
H015,P0071
H015,P0072
H015,P0073
H015,P0074
H015,P0075
H015,P0078
H015,P0079
H015,P0080
H015,P0082
H015,P0083
H015,P0084
H015,P0085
H015,P0086
H015,P0087
H015,P0088
H015,P0089
H015,P0090
H015,P0091
H015,P0092
H015,P0093
H015,P0094
H015,P0095
H015,P0096
H015,P0097
H015,P0099
H015,P0100
H015,P0102
H015,P0103
H015,P0104
H015,P0105
H015,P0107
H015,P0109
H015,P0110
H015,P0111
H015,P0113
H015,P0114
H015,P0115
H015,P0116
H015,P0117
H015,P0118
H015,P0119
H015,P0120
H015,P0121
H015,P0122
H015,P0123
H015,P0125
H015,P0126
H015,P0128
H015,P0130
H015,P0131
H015,P0133
H015,P0135
H015,P0136
H015,P0137
H015,P0138
H015,P0139
H015,P0142
H015,P0143
H015,P0145
H015,P0147
H015,P0148
H015,P0149
H015,P0150
H015,P0151
H015,P0152
H015,P0153
H015,P0154
H015,P0155
H015,P0157
H015,P0160
H015,P0161
H015,P0163
H015,P0164
H015,P0165
H015,P0166
H015,P0167
H015,P0168
H015,P0171
H015,P0172
H015,P0173
H015,P0174
H015,P0175
H015,P0177
H015,P0178
H015,P0179
H015,P0181
H015,P0182
H015,P0183
H015,P0185
H015,P0186
H015,P0187
H015,P0188
H015,P0190
H015,P0191
H015,P0192
H015,P0193
H015,P0195
H015,P0196
H015,P0197
H015,P0198
H015,P0200
H015,P0201
H015,P0202
H015,P0203
H015,P0204
H015,P0207
H015,P0209
H015,P0211
H015,P0212
H015,P0213
H015,P0214
H015,P0215
H015,P0216
H015,P0218
H015,P0221
H015,P0222
H015,P0223
H015,P0224
H015,P0226
H015,P0229
H015,P0230
H015,P0231
H015,P0232
H015,P0234
H015,P0235
H015,P0236
H015,P0237
H015,P0238
H015,P0239
H015,P0240
H015,P0241
H015,P0242
H015,P0243
H015,P0245
H015,P0246
H015,P0247
H015,P0248
H015,P0249
H015,P0251
H015,P0252
H015,P0253
H015,P0254
H015,P0255
H015,P0257
H015,P0258
H015,P0259
H015,P0260
H015,P0261
H015,P0262
H015,P0265
H015,P0266
H015,P0267
H015,P0268
H015,P0269
H015,P0271
H015,P0273
H015,P0274
H015,P0277
H015,P0279
H015,P0280
H015,P0281
H015,P0283
H015,P0284
H015,P0285
H015,P0286
H015,P0287
H015,P0288
H015,P0289
H015,P0293
H015,P0295
H015,P0296
H015,P0297
H015,P0298
H015,P0299
H015,P0300
H015,P0303
H015,P0305
H015,P0306
H015,P0307
H015,P0309
H015,P0310
H015,P0311
H015,P0312
H015,P0313
H015,P0314
H015,P0315
H015,P0317
H015,P0318
H015,P0319
H015,P0320
H015,P0321
H015,P0323
H015,P0324
H015,P0325
H015,P0326
H015,P0327
H015,P0329
H015,P0330
H015,P0331
H015,P0332
H015,P0334
H015,P0335
H015,P0336
H015,P0337
H015,P0338
H015,P0339
H015,P0340
H015,P0341
H015,P0343
H015,P0345
H015,P0346
H015,P0347
H015,P0348
H015,P0349
H015,P0351
H015,P0352
H015,P0353
H015,P0355
H015,P0356
H015,P0357
H015,P0358
H015,P0360
H015,P0361
H015,P0363
H015,P0364
H015,P0365
H015,P0366
H015,P0367
H015,P0368
H015,P0369
H015,P0372
H015,P0373
H015,P0374
H015,P0375
H015,P0376
H015,P0377
H015,P0378
H015,P0379
H015,P0380
H015,P0381
H015,P0383
H015,P0384
H015,P0385
H015,P0386
H015,P0388
H015,P0389
H015,P0390
H015,P0394
H015,P0395
H015,P0397
H015,P0398
H015,P0400
H015,P0401
H015,P0402
H015,P0404
H015,P0405
H015,P0406
H015,P0407
H015,P0408
H015,P0409
H015,P0410
H015,P0411
H015,P0412
H015,P0413
H015,P0415
H015,P0418
H015,P0419
H015,P0420
H015,P0422
H015,P0424
H015,P0425
H015,P0426
H015,P0428
H015,P0430
H015,P0431
H015,P0432
H015,P0433
H015,P0434
H015,P0435
H015,P0436
H015,P0439
H015,P0440
H015,P0441
H015,P0442
H015,P0443
H015,P0444
H015,P0445
H015,P0446
H015,P0447
H015,P0448
H015,P0449
H015,P0450
H015,P0452
H015,P0453
H015,P0454
H015,P0455
H015,P0459
H015,P0461
H015,P0462
H015,P0464
H015,P0465
H015,P0468
H015,P0470
H015,P0471
H015,P0472
H015,P0474
H015,P0476
H015,P0477
H015,P0478
H015,P0479
H015,P0480
H015,P0481
H015,P0482
H015,P0485
H015,P0486
H015,P0487
H015,P0488
H015,P0489
H015,P0490
H015,P0491
H015,P0492
H015,P0495
H015,P0496
H015,P0497
H015,P0498
H015,P0501
H015,P0502
H015,P0504
H015,P0505
H015,P0507
H015,P0508
H015,P0510
H015,P0511
H015,P0512
H015,P0514
H015,P0515
H015,P0517
H015,P0518
H015,P0519
H015,P0520
H015,P0521
H015,P0522
H015,P0523
H015,P0524
H015,P0525
H015,P0526
H015,P0527
H015,P0528
H015,P0529
H015,P0532
H015,P0533
H015,P0535
H015,P0537
H015,P0540
H015,P0542
H015,P0543
H015,P0544
H015,P0545
H015,P0546
H015,P0547
H015,P0548
H015,P0549
H015,P0550
H015,P0551
H015,P0553
H015,P0554
H015,P0555
H015,P0556
H015,P0557
H015,P0558
H015,P0560
H015,P0561
H015,P0563
H015,P0564
H015,P0565
H015,P0566
H015,P0567
H015,P0568
H015,P0569
H015,P0570
H015,P0571
H015,P0572
H015,P0573
H015,P0575
H015,P0576
H015,P0577
H015,P0578
H015,P0579
H015,P0582
H015,P0583
H015,P0584
H015,P0585
H015,P0587
H015,P0589
H015,P0590
H015,P0591
H015,P0594
H015,P0596
H015,P0597
H015,P0599
H015,P0600
H016,P0001
H016,P0002
H016,P0005
H016,P0007
H016,P0010
H016,P0011
H016,P0014
H016,P0017
H016,P0018
H016,P0019
H016,P0022
H016,P0023
H016,P0028
H016,P0029
H016,P0033
H016,P0035
H016,P0039
H016,P0040
H016,P0043
H016,P0045
H016,P0046
H016,P0047
H016,P0048
H016,P0050
H016,P0052
H016,P0053
H016,P0056
H016,P0061
H016,P0062
H016,P0063
H016,P0065
H016,P0066
H016,P0068
H016,P0069
H016,P0071
H016,P0072
H016,P0074
H016,P0075
H016,P0076
H016,P0079
H016,P0081
H016,P0082
H016,P0083
H016,P0085
H016,P0086
H016,P0088
H016,P0089
H016,P0090
H016,P0091
H016,P0092
H016,P0097
H016,P0098
H016,P0102
H016,P0103
H016,P0104
H016,P0105
H016,P0106
H016,P0107
H016,P0108
H016,P0109
H016,P0110
H016,P0111
H016,P0112
H016,P0113
H016,P0114
H016,P0115
H016,P0116
H016,P0117
H016,P0120
H016,P0121
H016,P0122
H016,P0125
H016,P0126
H016,P0128
H016,P0129
H016,P0130
H016,P0132
H016,P0135
H016,P0136
H016,P0139
H016,P0140
H016,P0142
H016,P0143
H016,P0144
H016,P0147
H016,P0148
H016,P0149
H016,P0150
H016,P0151
H016,P0152
H016,P0153
H016,P0155
H016,P0156
H016,P0157
H016,P0158
H016,P0160
H016,P0162
H016,P0165
H016,P0167
H016,P0169
H016,P0171
H016,P0172
H016,P0173
H016,P0178
H016,P0183
H016,P0185
H016,P0188
H016,P0189
H016,P0190
H016,P0191
H016,P0193
H016,P0195
H016,P0196
H016,P0197
H016,P0198
H016,P0199
H016,P0200
H016,P0201
H016,P0202
H016,P0203
H016,P0204
H016,P0205
H016,P0206
H016,P0207
H016,P0208
H016,P0211
H016,P0212
H016,P0213
H016,P0215
H016,P0217
H016,P0218
H016,P0219
H016,P0221
H016,P0224
H016,P0225
H016,P0226
H016,P0229
H016,P0230
H016,P0231
H016,P0232
H016,P0234
H016,P0235
H016,P0236
H016,P0238
H016,P0240
H016,P0241
H016,P0243
H016,P0244
H016,P0245
H016,P0246
H016,P0247
H016,P0248
H016,P0249
H016,P0250
H016,P0251
H016,P0252
H016,P0253
H016,P0254
H016,P0256
H016,P0257
H016,P0258
H016,P0259
H016,P0261
H016,P0262
H016,P0263
H016,P0264
H016,P0265
H016,P0266
H016,P0269
H016,P0270
H016,P0273
H016,P0276
H016,P0277
H016,P0279
H016,P0280
H016,P0281
H016,P0284
H016,P0285
H016,P0286
H016,P0287
H016,P0288
H016,P0289
H016,P0291
H016,P0293
H016,P0296
H016,P0299
H016,P0303
H016,P0305
H016,P0306
H016,P0308
H016,P0309
H016,P0310
H016,P0311
H016,P0312
H016,P0313
H016,P0314
H016,P0316
H016,P0317
H016,P0318
H016,P0320
H016,P0321
H016,P0323
H016,P0324
H016,P0325
H016,P0326
H016,P0327
H016,P0328
H016,P0329
H016,P0330
H016,P0332
H016,P0333
H016,P0334
H016,P0335
H016,P0336
H016,P0339
H016,P0340
H016,P0342
H016,P0345
H016,P0346
H016,P0347
H016,P0348
H016,P0351
H016,P0353
H016,P0354
H016,P0355
H016,P0356
H016,P0360
H016,P0361
H016,P0362
H016,P0364
H016,P0366
H016,P0367
H016,P0368
H016,P0369
H016,P0370
H016,P0371
H016,P0372
H016,P0373
H016,P0374
H016,P0375
H016,P0377
H016,P0378
H016,P0379
H016,P0380
H016,P0381
H016,P0382
H016,P0383
H016,P0388
H016,P0390
H016,P0391
H016,P0393
H016,P0394
H016,P0396
H016,P0397
H016,P0398
H016,P0399
H016,P0400
H016,P0401
H016,P0404
H016,P0405
H016,P0407
H016,P0408
H016,P0409
H016,P0410
H016,P0411
H016,P0412
H016,P0413
H016,P0414
H016,P0415
H016,P0416
H016,P0417
H016,P0418
H016,P0420
H016,P0424
H016,P0428
H016,P0430
H016,P0431
H016,P0432
H016,P0434
H016,P0435
H016,P0436
H016,P0438
H016,P0439
H016,P0440
H016,P0443
H016,P0444
H016,P0445
H016,P0446
H016,P0447
H016,P0456
H016,P0457
H016,P0460
H016,P0461
H016,P0464
H016,P0465
H016,P0467
H016,P0468
H016,P0470
H016,P0471
H016,P0472
H016,P0473
H016,P0474
H016,P0478
H016,P0479
H016,P0485
H016,P0486
H016,P0487
H016,P0490
H016,P0491
H016,P0492
H016,P0493
H016,P0494
H016,P0495
H016,P0497
H016,P0498
H016,P0499
H016,P0500
H016,P0502
H016,P0504
H016,P0506
H016,P0508
H016,P0509
H016,P0510
H016,P0511
H016,P0512
H016,P0514
H016,P0515
H016,P0516
H016,P0517
H016,P0518
H016,P0519
H016,P0522
H016,P0524
H016,P0525
H016,P0526
H016,P0527
H016,P0529
H016,P0530
H016,P0531
H016,P0532
H016,P0533
H016,P0535
H016,P0537
H016,P0538
H016,P0539
H016,P0540
H016,P0542
H016,P0543
H016,P0545
H016,P0546
H016,P0547
H016,P0549
H016,P0550
H016,P0551
H016,P0553
H016,P0555
H016,P0556
H016,P0557
H016,P0560
H016,P0561
H016,P0563
H016,P0564
H016,P0565
H016,P0566
H016,P0567
H016,P0568
H016,P0569
H016,P0570
H016,P0571
H016,P0574
H016,P0575
H016,P0576
H016,P0578
H016,P0579
H016,P0581
H016,P0582
H016,P0583
H016,P0585
H016,P0589
H016,P0590
H016,P0592
H016,P0593
H016,P0594
H016,P0595
H016,P0596
H016,P0598
H016,P0600
H017,P0001
H017,P0002
H017,P0003
H017,P0006
H017,P0007
H017,P0008
H017,P0010
H017,P0012
H017,P0013
H017,P0015
H017,P0016
H017,P0017
H017,P0018
H017,P0020
H017,P0021
H017,P0022
H017,P0023
H017,P0024
H017,P0028
H017,P0030
H017,P0033
H017,P0035
H017,P0038
H017,P0042
H017,P0043
H017,P0045
H017,P0047
H017,P0048
H017,P0049
H017,P0051
H017,P0052
H017,P0053
H017,P0054
H017,P0055
H017,P0061
H017,P0063
H017,P0065
H017,P0068
H017,P0069
H017,P0070
H017,P0071
H017,P0072
H017,P0074
H017,P0075
H017,P0076
H017,P0079
H017,P0081
H017,P0083
H017,P0086
H017,P0088
H017,P0089
H017,P0090
H017,P0092
H017,P0100
H017,P0101
H017,P0102
H017,P0104
H017,P0105
H017,P0107
H017,P0108
H017,P0111
H017,P0113
H017,P0115
H017,P0117
H017,P0118
H017,P0119
H017,P0121
H017,P0125
H017,P0126
H017,P0128
H017,P0130
H017,P0131
H017,P0132
H017,P0133
H017,P0136
H017,P0137
H017,P0139
H017,P0140
H017,P0142
H017,P0143
H017,P0144
H017,P0145
H017,P0146
H017,P0147
H017,P0148
H017,P0149
H017,P0151
H017,P0152
H017,P0153
H017,P0155
H017,P0157
H017,P0158
H017,P0160
H017,P0161
H017,P0163
H017,P0164
H017,P0165
H017,P0168
H017,P0170
H017,P0171
H017,P0172
H017,P0173
H017,P0174
H017,P0176
H017,P0178
H017,P0179
H017,P0184
H017,P0185
H017,P0188
H017,P0190
H017,P0192
H017,P0193
H017,P0195
H017,P0197
H017,P0199
H017,P0201
H017,P0202
H017,P0204
H017,P0206
H017,P0207
H017,P0208
H017,P0210
H017,P0211
H017,P0213
H017,P0216
H017,P0218
H017,P0219
H017,P0220
H017,P0222
H017,P0223
H017,P0224
H017,P0225
H017,P0226
H017,P0228
H017,P0229
H017,P0236
H017,P0239
H017,P0240
H017,P0241
H017,P0245
H017,P0246
H017,P0247
H017,P0249
H017,P0251
H017,P0253
H017,P0254
H017,P0256
H017,P0258
H017,P0259
H017,P0261
H017,P0262
H017,P0263
H017,P0264
H017,P0265
H017,P0266
H017,P0268
H017,P0271
H017,P0273
H017,P0276
H017,P0277
H017,P0279
H017,P0280
H017,P0281
H017,P0282
H017,P0284
H017,P0286
H017,P0287
H017,P0288
H017,P0290
H017,P0291
H017,P0293
H017,P0295
H017,P0296
H017,P0299
H017,P0302
H017,P0303
H017,P0305
H017,P0306
H017,P0307
H017,P0309
H017,P0310
H017,P0312
H017,P0313
H017,P0316
H017,P0317
H017,P0320
H017,P0321
H017,P0322
H017,P0323
H017,P0324
H017,P0325
H017,P0326
H017,P0330
H017,P0331
H017,P0332
H017,P0334
H017,P0335
H017,P0336
H017,P0337
H017,P0338
H017,P0342
H017,P0343
H017,P0344
H017,P0345
H017,P0346
H017,P0348
H017,P0349
H017,P0351
H017,P0353
H017,P0354
H017,P0355
H017,P0356
H017,P0357
H017,P0358
H017,P0359
H017,P0361
H017,P0362
H017,P0366
H017,P0367
H017,P0368
H017,P0369
H017,P0371
H017,P0373
H017,P0374
H017,P0375
H017,P0377
H017,P0378
H017,P0379
H017,P0380
H017,P0381
H017,P0383
H017,P0384
H017,P0386
H017,P0388
H017,P0391
H017,P0392
H017,P0393
H017,P0394
H017,P0395
H017,P0397
H017,P0398
H017,P0399
H017,P0400
H017,P0401
H017,P0402
H017,P0404
H017,P0408
H017,P0409
H017,P0410
H017,P0411
H017,P0413
H017,P0414
H017,P0416
H017,P0417
H017,P0418
H017,P0420
H017,P0422
H017,P0424
H017,P0426
H017,P0427
H017,P0428
H017,P0430
H017,P0432
H017,P0433
H017,P0434
H017,P0435
H017,P0439
H017,P0442
H017,P0444
H017,P0446
H017,P0447
H017,P0450
H017,P0452
H017,P0453
H017,P0454
H017,P0455
H017,P0456
H017,P0457
H017,P0458
H017,P0461
H017,P0462
H017,P0464
H017,P0468
H017,P0470
H017,P0471
H017,P0472
H017,P0473
H017,P0474
H017,P0477
H017,P0479
H017,P0481
H017,P0482
H017,P0483
H017,P0485
H017,P0486
H017,P0489
H017,P0490
H017,P0492
H017,P0493
H017,P0494
H017,P0495
H017,P0500
H017,P0502
H017,P0503
H017,P0505
H017,P0506
H017,P0511
H017,P0513
H017,P0514
H017,P0515
H017,P0516
H017,P0518
H017,P0519
H017,P0520
H017,P0521
H017,P0522
H017,P0523
H017,P0524
H017,P0526
H017,P0527
H017,P0528
H017,P0529
H017,P0530
H017,P0532
H017,P0534
H017,P0535
H017,P0537
H017,P0540
H017,P0541
H017,P0543
H017,P0544
H017,P0546
H017,P0548
H017,P0550
H017,P0551
H017,P0557
H017,P0561
H017,P0564
H017,P0565
H017,P0567
H017,P0568
H017,P0569
H017,P0570
H017,P0571
H017,P0573
H017,P0574
H017,P0575
H017,P0576
H017,P0577
H017,P0583
H017,P0585
H017,P0586
H017,P0587
H017,P0589
H017,P0593
H017,P0594
H017,P0596
H017,P0598
H017,P0599
H018,P0001
H018,P0003
H018,P0004
H018,P0005
H018,P0006
H018,P0008
H018,P0012
H018,P0013
H018,P0014
H018,P0015
H018,P0016
H018,P0017
H018,P0018
H018,P0019
H018,P0020
H018,P0021
H018,P0022
H018,P0023
H018,P0025
H018,P0027
H018,P0028
H018,P0029
H018,P0030
H018,P0032
H018,P0033
H018,P0034
H018,P0035
H018,P0036
H018,P0037
H018,P0038
H018,P0042
H018,P0043
H018,P0045
H018,P0046
H018,P0047
H018,P0049
H018,P0051
H018,P0055
H018,P0057
H018,P0060
H018,P0061
H018,P0062
H018,P0063
H018,P0064
H018,P0066
H018,P0067
H018,P0068
H018,P0069
H018,P0071
H018,P0072
H018,P0075
H018,P0076
H018,P0079
H018,P0080
H018,P0082
H018,P0083
H018,P0084
H018,P0085
H018,P0086
H018,P0087
H018,P0088
H018,P0092
H018,P0094
H018,P0096
H018,P0097
H018,P0098
H018,P0100
H018,P0101
H018,P0102
H018,P0103
H018,P0104
H018,P0105
H018,P0107
H018,P0110
H018,P0111
H018,P0112
H018,P0113
H018,P0114
H018,P0115
H018,P0116
H018,P0117
H018,P0118
H018,P0121
H018,P0122
H018,P0123
H018,P0124
H018,P0126
H018,P0128
H018,P0130
H018,P0131
H018,P0132
H018,P0133
H018,P0135
H018,P0136
H018,P0137
H018,P0138
H018,P0139
H018,P0140
H018,P0141
H018,P0143
H018,P0144
H018,P0145
H018,P0147
H018,P0148
H018,P0149
H018,P0150
H018,P0151
H018,P0152
H018,P0153
H018,P0155
H018,P0156
H018,P0157
H018,P0158
H018,P0163
H018,P0164
H018,P0165
H018,P0166
H018,P0168
H018,P0169
H018,P0171
H018,P0173
H018,P0175
H018,P0178
H018,P0181
H018,P0183
H018,P0188
H018,P0189
H018,P0190
H018,P0191
H018,P0192
H018,P0193
H018,P0196
H018,P0197
H018,P0198
H018,P0200
H018,P0201
H018,P0203
H018,P0205
H018,P0208
H018,P0209
H018,P0210
H018,P0211
H018,P0212
H018,P0215
H018,P0216
H018,P0219
H018,P0221
H018,P0222
H018,P0223
H018,P0224
H018,P0225
H018,P0226
H018,P0227
H018,P0228
H018,P0229
H018,P0230
H018,P0231
H018,P0232
H018,P0233
H018,P0234
H018,P0235
H018,P0237
H018,P0239
H018,P0240
H018,P0241
H018,P0242
H018,P0243
H018,P0244
H018,P0245
H018,P0246
H018,P0247
H018,P0248
H018,P0249
H018,P0251
H018,P0253
H018,P0254
H018,P0255
H018,P0256
H018,P0257
H018,P0259
H018,P0261
H018,P0262
H018,P0264
H018,P0265
H018,P0266
H018,P0267
H018,P0268
H018,P0270
H018,P0271
H018,P0273
H018,P0274
H018,P0275
H018,P0276
H018,P0277
H018,P0278
H018,P0279
H018,P0282
H018,P0283
H018,P0284
H018,P0285
H018,P0287
H018,P0291
H018,P0293
H018,P0298
H018,P0299
H018,P0300
H018,P0302
H018,P0303
H018,P0305
H018,P0307
H018,P0308
H018,P0310
H018,P0311
H018,P0312
H018,P0313
H018,P0314
H018,P0315
H018,P0316
H018,P0317
H018,P0318
H018,P0320
H018,P0321
H018,P0322
H018,P0323
H018,P0324
H018,P0325
H018,P0326
H018,P0327
H018,P0328
H018,P0330
H018,P0332
H018,P0334
H018,P0335
H018,P0336
H018,P0338
H018,P0339
H018,P0340
H018,P0341
H018,P0342
H018,P0344
H018,P0345
H018,P0346
H018,P0348
H018,P0349
H018,P0352
H018,P0353
H018,P0354
H018,P0355
H018,P0356
H018,P0357
H018,P0358
H018,P0361
H018,P0362
H018,P0363
H018,P0364
H018,P0366
H018,P0367
H018,P0368
H018,P0369
H018,P0371
H018,P0372
H018,P0374
H018,P0375
H018,P0377
H018,P0378
H018,P0380
H018,P0381
H018,P0382
H018,P0383
H018,P0384
H018,P0386
H018,P0390
H018,P0392
H018,P0395
H018,P0397
H018,P0399
H018,P0401
H018,P0402
H018,P0404
H018,P0405
H018,P0406
H018,P0407
H018,P0409
H018,P0410
H018,P0412
H018,P0413
H018,P0414
H018,P0416
H018,P0417
H018,P0418
H018,P0419
H018,P0424
H018,P0425
H018,P0427
H018,P0428
H018,P0430
H018,P0431
H018,P0432
H018,P0434
H018,P0435
H018,P0436
H018,P0438
H018,P0439
H018,P0441
H018,P0442
H018,P0443
H018,P0444
H018,P0446
H018,P0447
H018,P0448
H018,P0449
H018,P0450
H018,P0451
H018,P0452
H018,P0453
H018,P0454
H018,P0455
H018,P0456
H018,P0460
H018,P0461
H018,P0464
H018,P0465
H018,P0466
H018,P0468
H018,P0469
H018,P0470
H018,P0471
H018,P0472
H018,P0473
H018,P0475
H018,P0479
H018,P0481
H018,P0482
H018,P0485
H018,P0486
H018,P0488
H018,P0489
H018,P0490
H018,P0491
H018,P0492
H018,P0493
H018,P0495
H018,P0496
H018,P0497
H018,P0498
H018,P0499
H018,P0500
H018,P0504
H018,P0505
H018,P0508
H018,P0509
H018,P0514
H018,P0515
H018,P0517
H018,P0518
H018,P0520
H018,P0521
H018,P0522
H018,P0523
H018,P0524
H018,P0525
H018,P0527
H018,P0529
H018,P0531
H018,P0532
H018,P0533
H018,P0534
H018,P0537
H018,P0538
H018,P0541
H018,P0543
H018,P0544
H018,P0545
H018,P0546
H018,P0547
H018,P0548
H018,P0549
H018,P0550
H018,P0551
H018,P0552
H018,P0555
H018,P0556
H018,P0557
H018,P0560
H018,P0562
H018,P0563
H018,P0564
H018,P0565
H018,P0566
H018,P0567
H018,P0568
H018,P0569
H018,P0570
H018,P0571
H018,P0572
H018,P0573
H018,P0576
H018,P0583
H018,P0584
H018,P0585
H018,P0587
H018,P0588
H018,P0590
H018,P0591
H018,P0592
H018,P0594
H018,P0595
H018,P0596
H018,P0598
H018,P0599
H018,P0600
H019,P0001
H019,P0002
H019,P0003
H019,P0006
H019,P0007
H019,P0009
H019,P0010
H019,P0011
H019,P0012
H019,P0013
H019,P0014
H019,P0015
H019,P0016
H019,P0017
H019,P0018
H019,P0019
H019,P0020
H019,P0021
H019,P0022
H019,P0024
H019,P0026
H019,P0027
H019,P0028
H019,P0029
H019,P0030
H019,P0031
H019,P0032
H019,P0034
H019,P0035
H019,P0036
H019,P0037
H019,P0038
H019,P0039
H019,P0040
H019,P0041
H019,P0043
H019,P0045
H019,P0046
H019,P0047
H019,P0048
H019,P0049
H019,P0051
H019,P0052
H019,P0055
H019,P0056
H019,P0057
H019,P0058
H019,P0059
H019,P0060
H019,P0061
H019,P0062
H019,P0063
H019,P0064
H019,P0066
H019,P0067
H019,P0068
H019,P0069
H019,P0070
H019,P0071
H019,P0072
H019,P0074
H019,P0075
H019,P0077
H019,P0078
H019,P0079
H019,P0081
H019,P0082
H019,P0083
H019,P0084
H019,P0085
H019,P0086
H019,P0087
H019,P0088
H019,P0089
H019,P0090
H019,P0091
H019,P0092
H019,P0093
H019,P0094
H019,P0097
H019,P0098
H019,P0100
H019,P0101
H019,P0102
H019,P0104
H019,P0105
H019,P0106
H019,P0107
H019,P0108
H019,P0109
H019,P0110
H019,P0111
H019,P0113
H019,P0114
H019,P0115
H019,P0116
H019,P0117
H019,P0119
H019,P0120
H019,P0121
H019,P0123
H019,P0124
H019,P0125
H019,P0126
H019,P0127
H019,P0128
H019,P0129
H019,P0131
H019,P0132
H019,P0133
H019,P0134
H019,P0135
H019,P0136
H019,P0137
H019,P0138
H019,P0139
H019,P0140
H019,P0142
H019,P0143
H019,P0144
H019,P0145
H019,P0146
H019,P0147
H019,P0148
H019,P0149
H019,P0150
H019,P0151
H019,P0152
H019,P0153
H019,P0155
H019,P0156
H019,P0157
H019,P0159
H019,P0163
H019,P0164
H019,P0165
H019,P0167
H019,P0168
H019,P0169
H019,P0170
H019,P0171
H019,P0172
H019,P0173
H019,P0174
H019,P0175
H019,P0176
H019,P0177
H019,P0178
H019,P0179
H019,P0180
H019,P0181
H019,P0185
H019,P0186
H019,P0187
H019,P0189
H019,P0190
H019,P0192
H019,P0197
H019,P0198
H019,P0199
H019,P0200
H019,P0201
H019,P0204
H019,P0207
H019,P0209
H019,P0210
H019,P0211
H019,P0212
H019,P0214
H019,P0216
H019,P0217
H019,P0218
H019,P0219
H019,P0220
H019,P0221
H019,P0222
H019,P0223
H019,P0224
H019,P0225
H019,P0226
H019,P0227
H019,P0228
H019,P0229
H019,P0231
H019,P0233
H019,P0234
H019,P0235
H019,P0236
H019,P0237
H019,P0239
H019,P0241
H019,P0242
H019,P0243
H019,P0245
H019,P0246
H019,P0247
H019,P0249
H019,P0250
H019,P0251
H019,P0252
H019,P0253
H019,P0254
H019,P0256
H019,P0257
H019,P0258
H019,P0260
H019,P0261
H019,P0262
H019,P0263
H019,P0264
H019,P0265
H019,P0266
H019,P0267
H019,P0268
H019,P0269
H019,P0271
H019,P0272
H019,P0273
H019,P0275
H019,P0276
H019,P0277
H019,P0278
H019,P0279
H019,P0280
H019,P0281
H019,P0282
H019,P0284
H019,P0285
H019,P0286
H019,P0287
H019,P0290
H019,P0293
H019,P0294
H019,P0295
H019,P0296
H019,P0298
H019,P0299
H019,P0300
H019,P0301
H019,P0302
H019,P0305
H019,P0306
H019,P0307
H019,P0308
H019,P0310
H019,P0311
H019,P0312
H019,P0313
H019,P0314
H019,P0315
H019,P0316
H019,P0317
H019,P0319
H019,P0321
H019,P0322
H019,P0324
H019,P0325
H019,P0327
H019,P0328
H019,P0329
H019,P0330
H019,P0332
H019,P0333
H019,P0335
H019,P0336
H019,P0337
H019,P0338
H019,P0339
H019,P0341
H019,P0342
H019,P0344
H019,P0345
H019,P0346
H019,P0347
H019,P0348
H019,P0349
H019,P0350
H019,P0351
H019,P0353
H019,P0354
H019,P0356
H019,P0357
H019,P0358
H019,P0359
H019,P0360
H019,P0361
H019,P0363
H019,P0364
H019,P0365
H019,P0366
H019,P0367
H019,P0368
H019,P0369
H019,P0370
H019,P0371
H019,P0372
H019,P0373
H019,P0374
H019,P0375
H019,P0376
H019,P0377
H019,P0378
H019,P0379
H019,P0381
H019,P0382
H019,P0383
H019,P0384
H019,P0387
H019,P0388
H019,P0390
H019,P0391
H019,P0393
H019,P0394
H019,P0395
H019,P0397
H019,P0398
H019,P0399
H019,P0400
H019,P0402
H019,P0404
H019,P0405
H019,P0406
H019,P0407
H019,P0410
H019,P0411
H019,P0413
H019,P0414
H019,P0415
H019,P0416
H019,P0417
H019,P0419
H019,P0420
H019,P0421
H019,P0422
H019,P0424
H019,P0425
H019,P0426
H019,P0428
H019,P0429
H019,P0432
H019,P0433
H019,P0435
H019,P0437
H019,P0438
H019,P0442
H019,P0445
H019,P0447
H019,P0449
H019,P0451
H019,P0452
H019,P0453
H019,P0454
H019,P0455
H019,P0456
H019,P0457
H019,P0458
H019,P0459
H019,P0461
H019,P0462
H019,P0465
H019,P0466
H019,P0467
H019,P0468
H019,P0469
H019,P0471
H019,P0472
H019,P0473
H019,P0474
H019,P0475
H019,P0476
H019,P0477
H019,P0478
H019,P0481
H019,P0482
H019,P0483
H019,P0484
H019,P0485
H019,P0486
H019,P0487
H019,P0488
H019,P0490
H019,P0491
H019,P0492
H019,P0493
H019,P0494
H019,P0495
H019,P0496
H019,P0497
H019,P0499
H019,P0500
H019,P0502
H019,P0503
H019,P0504
H019,P0505
H019,P0506
H019,P0508
H019,P0509
H019,P0510
H019,P0511
H019,P0512
H019,P0514
H019,P0515
H019,P0517
H019,P0518
H019,P0519
H019,P0520
H019,P0521
H019,P0522
H019,P0523
H019,P0524
H019,P0525
H019,P0526
H019,P0527
H019,P0528
H019,P0529
H019,P0530
H019,P0532
H019,P0533
H019,P0535
H019,P0536
H019,P0537
H019,P0539
H019,P0540
H019,P0542
H019,P0543
H019,P0544
H019,P0545
H019,P0547
H019,P0548
H019,P0550
H019,P0551
H019,P0552
H019,P0553
H019,P0556
H019,P0557
H019,P0559
H019,P0560
H019,P0561
H019,P0562
H019,P0563
H019,P0564
H019,P0565
H019,P0566
H019,P0567
H019,P0568
H019,P0569
H019,P0570
H019,P0571
H019,P0572
H019,P0574
H019,P0575
H019,P0576
H019,P0578
H019,P0579
H019,P0582
H019,P0583
H019,P0584
H019,P0585
H019,P0586
H019,P0587
H019,P0588
H019,P0589
H019,P0591
H019,P0592
H019,P0593
H019,P0594
H019,P0595
H019,P0596
H019,P0597
H019,P0598
H019,P0600
H020,P0001
H020,P0002
H020,P0003
H020,P0004
H020,P0005
H020,P0006
H020,P0007
H020,P0008
H020,P0009
H020,P0010
H020,P0012
H020,P0013
H020,P0017
H020,P0019
H020,P0020
H020,P0021
H020,P0022
H020,P0023
H020,P0024
H020,P0025
H020,P0026
H020,P0027
H020,P0029
H020,P0030
H020,P0031
H020,P0032
H020,P0033
H020,P0034
H020,P0036
H020,P0038
H020,P0039
H020,P0041
H020,P0042
H020,P0043
H020,P0044
H020,P0045
H020,P0046
H020,P0047
H020,P0048
H020,P0049
H020,P0051
H020,P0052
H020,P0053
H020,P0055
H020,P0056
H020,P0058
H020,P0059
H020,P0060
H020,P0061
H020,P0062
H020,P0063
H020,P0066
H020,P0067
H020,P0068
H020,P0069
H020,P0070
H020,P0071
H020,P0072
H020,P0073
H020,P0074
H020,P0076
H020,P0077
H020,P0078
H020,P0079
H020,P0080
H020,P0082
H020,P0083
H020,P0084
H020,P0086
H020,P0088
H020,P0089
H020,P0091
H020,P0092
H020,P0093
H020,P0094
H020,P0095
H020,P0097
H020,P0098
H020,P0099
H020,P0100
H020,P0101
H020,P0102
H020,P0103
H020,P0104
H020,P0105
H020,P0106
H020,P0107
H020,P0108
H020,P0109
H020,P0110
H020,P0111
H020,P0112
H020,P0113
H020,P0114
H020,P0115
H020,P0116
H020,P0117
H020,P0118
H020,P0119
H020,P0120
H020,P0121
H020,P0122
H020,P0123
H020,P0124
H020,P0125
H020,P0126
H020,P0127
H020,P0128
H020,P0129
H020,P0130
H020,P0131
H020,P0132
H020,P0133
H020,P0134
H020,P0135
H020,P0136
H020,P0138
H020,P0139
H020,P0140
H020,P0142
H020,P0143
H020,P0144
H020,P0145
H020,P0146
H020,P0147
H020,P0148
H020,P0149
H020,P0150
H020,P0152
H020,P0153
H020,P0154
H020,P0155
H020,P0157
H020,P0158
H020,P0161
H020,P0163
H020,P0165
H020,P0167
H020,P0168
H020,P0170
H020,P0171
H020,P0172
H020,P0176
H020,P0177
H020,P0178
H020,P0179
H020,P0181
H020,P0183
H020,P0185
H020,P0187
H020,P0188
H020,P0189
H020,P0190
H020,P0191
H020,P0192
H020,P0193
H020,P0195
H020,P0196
H020,P0197
H020,P0198
H020,P0200
H020,P0201
H020,P0203
H020,P0204
H020,P0205
H020,P0207
H020,P0208
H020,P0209
H020,P0210
H020,P0212
H020,P0213
H020,P0214
H020,P0215
H020,P0216
H020,P0218
H020,P0219
H020,P0221
H020,P0222
H020,P0223
H020,P0224
H020,P0225
H020,P0226
H020,P0227
H020,P0228
H020,P0229
H020,P0230
H020,P0231
H020,P0232
H020,P0233
H020,P0234
H020,P0236
H020,P0237
H020,P0238
H020,P0240
H020,P0242
H020,P0243
H020,P0245
H020,P0246
H020,P0247
H020,P0248
H020,P0250
H020,P0251
H020,P0252
H020,P0253
H020,P0254
H020,P0255
H020,P0256
H020,P0257
H020,P0258
H020,P0259
H020,P0262
H020,P0265
H020,P0266
H020,P0268
H020,P0269
H020,P0271
H020,P0272
H020,P0273
H020,P0274
H020,P0275
H020,P0277
H020,P0278
H020,P0279
H020,P0280
H020,P0281
H020,P0282
H020,P0283
H020,P0284
H020,P0285
H020,P0286
H020,P0287
H020,P0288
H020,P0289
H020,P0291
H020,P0293
H020,P0295
H020,P0296
H020,P0298
H020,P0299
H020,P0300
H020,P0301
H020,P0302
H020,P0305
H020,P0306
H020,P0307
H020,P0308
H020,P0309
H020,P0310
H020,P0311
H020,P0312
H020,P0313
H020,P0314
H020,P0315
H020,P0316
H020,P0318
H020,P0319
H020,P0321
H020,P0322
H020,P0325
H020,P0327
H020,P0328
H020,P0329
H020,P0330
H020,P0332
H020,P0335
H020,P0336
H020,P0337
H020,P0338
H020,P0339
H020,P0340
H020,P0341
H020,P0342
H020,P0345
H020,P0346
H020,P0347
H020,P0349
H020,P0351
H020,P0352
H020,P0355
H020,P0356
H020,P0357
H020,P0358
H020,P0359
H020,P0360
H020,P0361
H020,P0362
H020,P0364
H020,P0366
H020,P0367
H020,P0368
H020,P0369
H020,P0370
H020,P0372
H020,P0373
H020,P0374
H020,P0375
H020,P0376
H020,P0377
H020,P0378
H020,P0379
H020,P0380
H020,P0381
H020,P0382
H020,P0384
H020,P0388
H020,P0389
H020,P0390
H020,P0391
H020,P0392
H020,P0393
H020,P0394
H020,P0395
H020,P0396
H020,P0398
H020,P0401
H020,P0402
H020,P0403
H020,P0404
H020,P0406
H020,P0408
H020,P0409
H020,P0410
H020,P0413
H020,P0414
H020,P0415
H020,P0416
H020,P0417
H020,P0418
H020,P0419
H020,P0420
H020,P0421
H020,P0422
H020,P0424
H020,P0426
H020,P0427
H020,P0428
H020,P0431
H020,P0433
H020,P0434
H020,P0435
H020,P0436
H020,P0437
H020,P0438
H020,P0439
H020,P0440
H020,P0441
H020,P0443
H020,P0444
H020,P0445
H020,P0446
H020,P0447
H020,P0449
H020,P0450
H020,P0451
H020,P0453
H020,P0454
H020,P0455
H020,P0459
H020,P0460
H020,P0465
H020,P0466
H020,P0467
H020,P0468
H020,P0469
H020,P0470
H020,P0471
H020,P0472
H020,P0473
H020,P0474
H020,P0475
H020,P0476
H020,P0477
H020,P0480
H020,P0481
H020,P0482
H020,P0483
H020,P0485
H020,P0486
H020,P0487
H020,P0488
H020,P0490
H020,P0491
H020,P0492
H020,P0493
H020,P0494
H020,P0495
H020,P0497
H020,P0498
H020,P0499
H020,P0500
H020,P0503
H020,P0504
H020,P0506
H020,P0507
H020,P0508
H020,P0509
H020,P0510
H020,P0512
H020,P0513
H020,P0514
H020,P0515
H020,P0516
H020,P0518
H020,P0519
H020,P0521
H020,P0522
H020,P0523
H020,P0526
H020,P0527
H020,P0528
H020,P0529
H020,P0530
H020,P0532
H020,P0533
H020,P0534
H020,P0535
H020,P0537
H020,P0539
H020,P0541
H020,P0542
H020,P0543
H020,P0545
H020,P0547
H020,P0548
H020,P0549
H020,P0550
H020,P0551
H020,P0553
H020,P0557
H020,P0558
H020,P0559
H020,P0565
H020,P0567
H020,P0568
H020,P0569
H020,P0570
H020,P0571
H020,P0573
H020,P0575
H020,P0576
H020,P0578
H020,P0579
H020,P0580
H020,P0581
H020,P0583
H020,P0584
H020,P0586
H020,P0587
H020,P0588
H020,P0589
H020,P0590
H020,P0591
H020,P0593
H020,P0595
H020,P0596
H020,P0597
H020,P0598
H020,P0599
H020,P0600
H021,P0001
H021,P0002
H021,P0005
H021,P0006
H021,P0007
H021,P0008
H021,P0009
H021,P0010
H021,P0011
H021,P0013
H021,P0014
H021,P0015
H021,P0016
H021,P0017
H021,P0018
H021,P0019
H021,P0021
H021,P0022
H021,P0023
H021,P0024
H021,P0025
H021,P0026
H021,P0027
H021,P0028
H021,P0030
H021,P0033
H021,P0035
H021,P0036
H021,P0037
H021,P0040
H021,P0042
H021,P0043
H021,P0044
H021,P0045
H021,P0048
H021,P0049
H021,P0052
H021,P0055
H021,P0056
H021,P0058
H021,P0059
H021,P0060
H021,P0062
H021,P0066
H021,P0068
H021,P0069
H021,P0070
H021,P0071
H021,P0072
H021,P0075
H021,P0076
H021,P0077
H021,P0078
H021,P0082
H021,P0083
H021,P0085
H021,P0086
H021,P0093
H021,P0094
H021,P0096
H021,P0097
H021,P0098
H021,P0099
H021,P0100
H021,P0101
H021,P0104
H021,P0105
H021,P0106
H021,P0107
H021,P0109
H021,P0110
H021,P0111
H021,P0113
H021,P0114
H021,P0116
H021,P0117
H021,P0118
H021,P0121
H021,P0124
H021,P0125
H021,P0126
H021,P0127
H021,P0129
H021,P0130
H021,P0131
H021,P0132
H021,P0133
H021,P0135
H021,P0136
H021,P0138
H021,P0139
H021,P0142
H021,P0143
H021,P0144
H021,P0145
H021,P0146
H021,P0148
H021,P0149
H021,P0150
H021,P0151
H021,P0152
H021,P0153
H021,P0154
H021,P0155
H021,P0156
H021,P0157
H021,P0158
H021,P0160
H021,P0161
H021,P0162
H021,P0165
H021,P0166
H021,P0167
H021,P0168
H021,P0171
H021,P0172
H021,P0173
H021,P0175
H021,P0176
H021,P0177
H021,P0178
H021,P0179
H021,P0182
H021,P0183
H021,P0185
H021,P0190
H021,P0191
H021,P0192
H021,P0193
H021,P0195
H021,P0197
H021,P0198
H021,P0199
H021,P0200
H021,P0201
H021,P0204
H021,P0205
H021,P0206
H021,P0209
H021,P0210
H021,P0211
H021,P0214
H021,P0215
H021,P0216
H021,P0217
H021,P0219
H021,P0220
H021,P0222
H021,P0223
H021,P0224
H021,P0225
H021,P0226
H021,P0227
H021,P0228
H021,P0229
H021,P0230
H021,P0231
H021,P0232
H021,P0235
H021,P0236
H021,P0237
H021,P0238
H021,P0241
H021,P0242
H021,P0246
H021,P0247
H021,P0248
H021,P0250
H021,P0251
H021,P0253
H021,P0254
H021,P0256
H021,P0257
H021,P0258
H021,P0259
H021,P0261
H021,P0262
H021,P0263
H021,P0264
H021,P0265
H021,P0266
H021,P0268
H021,P0269
H021,P0270
H021,P0271
H021,P0274
H021,P0275
H021,P0277
H021,P0278
H021,P0279
H021,P0280
H021,P0284
H021,P0287
H021,P0288
H021,P0289
H021,P0294
H021,P0295
H021,P0296
H021,P0298
H021,P0299
H021,P0300
H021,P0301
H021,P0302
H021,P0303
H021,P0304
H021,P0305
H021,P0306
H021,P0307
H021,P0309
H021,P0310
H021,P0311
H021,P0312
H021,P0314
H021,P0316
H021,P0317
H021,P0320
H021,P0321
H021,P0323
H021,P0324
H021,P0326
H021,P0327
H021,P0329
H021,P0330
H021,P0331
H021,P0332
H021,P0334
H021,P0336
H021,P0339
H021,P0340
H021,P0341
H021,P0342
H021,P0345
H021,P0346
H021,P0347
H021,P0348
H021,P0349
H021,P0351
H021,P0352
H021,P0353
H021,P0354
H021,P0358
H021,P0359
H021,P0360
H021,P0361
H021,P0362
H021,P0366
H021,P0367
H021,P0368
H021,P0369
H021,P0370
H021,P0371
H021,P0372
H021,P0373
H021,P0374
H021,P0375
H021,P0377
H021,P0378
H021,P0379
H021,P0380
H021,P0381
H021,P0382
H021,P0383
H021,P0384
H021,P0387
H021,P0390
H021,P0391
H021,P0393
H021,P0394
H021,P0395
H021,P0397
H021,P0398
H021,P0400
H021,P0402
H021,P0404
H021,P0405
H021,P0406
H021,P0408
H021,P0409
H021,P0410
H021,P0411
H021,P0416
H021,P0418
H021,P0419
H021,P0420
H021,P0422
H021,P0424
H021,P0425
H021,P0426
H021,P0430
H021,P0431
H021,P0432
H021,P0433
H021,P0434
H021,P0435
H021,P0439
H021,P0442
H021,P0443
H021,P0446
H021,P0447
H021,P0448
H021,P0451
H021,P0452
H021,P0453
H021,P0455
H021,P0456
H021,P0458
H021,P0459
H021,P0460
H021,P0461
H021,P0465
H021,P0468
H021,P0470
H021,P0471
H021,P0474
H021,P0477
H021,P0478
H021,P0479
H021,P0481
H021,P0482
H021,P0484
H021,P0485
H021,P0487
H021,P0488
H021,P0489
H021,P0491
H021,P0492
H021,P0494
H021,P0495
H021,P0496
H021,P0497
H021,P0498
H021,P0499
H021,P0500
H021,P0501
H021,P0502
H021,P0503
H021,P0504
H021,P0505
H021,P0506
H021,P0507
H021,P0508
H021,P0509
H021,P0511
H021,P0513
H021,P0514
H021,P0516
H021,P0517
H021,P0518
H021,P0519
H021,P0520
H021,P0521
H021,P0522
H021,P0525
H021,P0527
H021,P0530
H021,P0531
H021,P0532
H021,P0533
H021,P0535
H021,P0537
H021,P0538
H021,P0539
H021,P0540
H021,P0541
H021,P0543
H021,P0544
H021,P0546
H021,P0547
H021,P0549
H021,P0555
H021,P0556
H021,P0558
H021,P0560
H021,P0561
H021,P0562
H021,P0563
H021,P0564
H021,P0565
H021,P0567
H021,P0568
H021,P0569
H021,P0570
H021,P0572
H021,P0573
H021,P0574
H021,P0575
H021,P0578
H021,P0585
H021,P0586
H021,P0587
H021,P0589
H021,P0591
H021,P0592
H021,P0593
H021,P0595
H021,P0596
H021,P0597
H021,P0598
H021,P0600
H022,P0002
H022,P0003
H022,P0004
H022,P0006
H022,P0008
H022,P0009
H022,P0011
H022,P0012
H022,P0013
H022,P0014
H022,P0015
H022,P0016
H022,P0018
H022,P0021
H022,P0022
H022,P0023
H022,P0024
H022,P0025
H022,P0027
H022,P0029
H022,P0030
H022,P0032
H022,P0035
H022,P0036
H022,P0037
H022,P0038
H022,P0039
H022,P0041
H022,P0043
H022,P0044
H022,P0045
H022,P0047
H022,P0048
H022,P0049
H022,P0050
H022,P0052
H022,P0053
H022,P0054
H022,P0055
H022,P0056
H022,P0057
H022,P0058
H022,P0059
H022,P0060
H022,P0061
H022,P0062
H022,P0063
H022,P0065
H022,P0066
H022,P0067
H022,P0070
H022,P0071
H022,P0076
H022,P0077
H022,P0078
H022,P0079
H022,P0080
H022,P0081
H022,P0082
H022,P0083
H022,P0084
H022,P0085
H022,P0086
H022,P0087
H022,P0088
H022,P0089
H022,P0090
H022,P0092
H022,P0093
H022,P0094
H022,P0095
H022,P0097
H022,P0098
H022,P0099
H022,P0100
H022,P0103
H022,P0104
H022,P0105
H022,P0106
H022,P0107
H022,P0108
H022,P0109
H022,P0110
H022,P0111
H022,P0112
H022,P0116
H022,P0117
H022,P0118
H022,P0119
H022,P0121
H022,P0122
H022,P0123
H022,P0124
H022,P0126
H022,P0128
H022,P0129
H022,P0130
H022,P0131
H022,P0132
H022,P0133
H022,P0136
H022,P0138
H022,P0139
H022,P0140
H022,P0141
H022,P0142
H022,P0143
H022,P0145
H022,P0146
H022,P0147
H022,P0148
H022,P0149
H022,P0150
H022,P0151
H022,P0152
H022,P0153
H022,P0154
H022,P0155
H022,P0156
H022,P0157
H022,P0158
H022,P0159
H022,P0160
H022,P0161
H022,P0162
H022,P0163
H022,P0164
H022,P0165
H022,P0167
H022,P0169
H022,P0170
H022,P0171
H022,P0173
H022,P0174
H022,P0175
H022,P0176
H022,P0178
H022,P0179
H022,P0181
H022,P0182
H022,P0183
H022,P0184
H022,P0185
H022,P0186
H022,P0187
H022,P0188
H022,P0189
H022,P0190
H022,P0191
H022,P0192
H022,P0193
H022,P0195
H022,P0196
H022,P0197
H022,P0198
H022,P0199
H022,P0200
H022,P0201
H022,P0202
H022,P0203
H022,P0204
H022,P0205
H022,P0207
H022,P0208
H022,P0209
H022,P0210
H022,P0211
H022,P0212
H022,P0213
H022,P0214
H022,P0215
H022,P0216
H022,P0217
H022,P0218
H022,P0221
H022,P0222
H022,P0224
H022,P0225
H022,P0226
H022,P0227
H022,P0228
H022,P0229
H022,P0230
H022,P0231
H022,P0232
H022,P0235
H022,P0236
H022,P0238
H022,P0239
H022,P0240
H022,P0242
H022,P0243
H022,P0245
H022,P0247
H022,P0248
H022,P0249
H022,P0250
H022,P0251
H022,P0252
H022,P0253
H022,P0254
H022,P0255
H022,P0257
H022,P0259
H022,P0260
H022,P0261
H022,P0262
H022,P0264
H022,P0265
H022,P0266
H022,P0269
H022,P0270
H022,P0271
H022,P0273
H022,P0274
H022,P0275
H022,P0276
H022,P0277
H022,P0278
H022,P0279
H022,P0280
H022,P0281
H022,P0282
H022,P0283
H022,P0284
H022,P0285
H022,P0286
H022,P0287
H022,P0288
H022,P0289
H022,P0290
H022,P0291
H022,P0292
H022,P0295
H022,P0296
H022,P0297
H022,P0298
H022,P0299
H022,P0300
H022,P0303
H022,P0304
H022,P0306
H022,P0307
H022,P0310
H022,P0311
H022,P0312
H022,P0314
H022,P0315
H022,P0317
H022,P0318
H022,P0319
H022,P0320
H022,P0321
H022,P0322
H022,P0323
H022,P0324
H022,P0325
H022,P0326
H022,P0327
H022,P0328
H022,P0330
H022,P0332
H022,P0333
H022,P0334
H022,P0335
H022,P0337
H022,P0339
H022,P0340
H022,P0342
H022,P0344
H022,P0345
H022,P0346
H022,P0347
H022,P0348
H022,P0349
H022,P0351
H022,P0352
H022,P0353
H022,P0355
H022,P0356
H022,P0357
H022,P0359
H022,P0360
H022,P0361
H022,P0362
H022,P0363
H022,P0364
H022,P0365
H022,P0366
H022,P0368
H022,P0369
H022,P0370
H022,P0371
H022,P0372
H022,P0374
H022,P0375
H022,P0377
H022,P0378
H022,P0379
H022,P0380
H022,P0381
H022,P0382
H022,P0383
H022,P0384
H022,P0385
H022,P0388
H022,P0391
H022,P0392
H022,P0393
H022,P0396
H022,P0397
H022,P0399
H022,P0400
H022,P0401
H022,P0402
H022,P0404
H022,P0405
H022,P0407
H022,P0408
H022,P0410
H022,P0411
H022,P0413
H022,P0414
H022,P0415
H022,P0416
H022,P0417
H022,P0419
H022,P0420
H022,P0421
H022,P0422
H022,P0423
H022,P0424
H022,P0425
H022,P0426
H022,P0427
H022,P0429
H022,P0430
H022,P0431
H022,P0432
H022,P0433
H022,P0434
H022,P0435
H022,P0436
H022,P0438
H022,P0439
H022,P0440
H022,P0441
H022,P0442
H022,P0443
H022,P0444
H022,P0445
H022,P0446
H022,P0447
H022,P0448
H022,P0449
H022,P0450
H022,P0452
H022,P0453
H022,P0454
H022,P0455
H022,P0456
H022,P0458
H022,P0460
H022,P0461
H022,P0462
H022,P0466
H022,P0467
H022,P0468
H022,P0469
H022,P0470
H022,P0471
H022,P0472
H022,P0473
H022,P0474
H022,P0475
H022,P0476
H022,P0477
H022,P0478
H022,P0479
H022,P0480
H022,P0481
H022,P0482
H022,P0484
H022,P0485
H022,P0487
H022,P0488
H022,P0489
H022,P0491
H022,P0492
H022,P0493
H022,P0494
H022,P0495
H022,P0496
H022,P0497
H022,P0498
H022,P0500
H022,P0501
H022,P0502
H022,P0505
H022,P0506
H022,P0507
H022,P0508
H022,P0509
H022,P0510
H022,P0511
H022,P0512
H022,P0513
H022,P0514
H022,P0515
H022,P0517
H022,P0518
H022,P0519
H022,P0520
H022,P0521
H022,P0522
H022,P0523
H022,P0524
H022,P0526
H022,P0527
H022,P0528
H022,P0529
H022,P0532
H022,P0533
H022,P0534
H022,P0537
H022,P0538
H022,P0539
H022,P0540
H022,P0541
H022,P0543
H022,P0544
H022,P0546
H022,P0547
H022,P0548
H022,P0549
H022,P0550
H022,P0551
H022,P0552
H022,P0553
H022,P0554
H022,P0555
H022,P0556
H022,P0557
H022,P0558
H022,P0559
H022,P0561
H022,P0562
H022,P0563
H022,P0564
H022,P0565
H022,P0566
H022,P0567
H022,P0568
H022,P0569
H022,P0570
H022,P0571
H022,P0572
H022,P0574
H022,P0575
H022,P0577
H022,P0578
H022,P0579
H022,P0580
H022,P0582
H022,P0583
H022,P0584
H022,P0585
H022,P0586
H022,P0587
H022,P0590
H022,P0591
H022,P0592
H022,P0593
H022,P0594
H022,P0595
H022,P0596
H022,P0597
H022,P0598
H022,P0599
H022,P0600
H023,P0001
H023,P0002
H023,P0003
H023,P0004
H023,P0006
H023,P0007
H023,P0008
H023,P0013
H023,P0015
H023,P0016
H023,P0017
H023,P0020
H023,P0021
H023,P0022
H023,P0023
H023,P0024
H023,P0025
H023,P0026
H023,P0029
H023,P0030
H023,P0032
H023,P0033
H023,P0038
H023,P0043
H023,P0045
H023,P0046
H023,P0047
H023,P0049
H023,P0050
H023,P0051
H023,P0052
H023,P0053
H023,P0054
H023,P0056
H023,P0058
H023,P0060
H023,P0061
H023,P0063
H023,P0064
H023,P0065
H023,P0067
H023,P0068
H023,P0070
H023,P0071
H023,P0072
H023,P0074
H023,P0075
H023,P0077
H023,P0078
H023,P0079
H023,P0081
H023,P0082
H023,P0083
H023,P0084
H023,P0085
H023,P0086
H023,P0087
H023,P0088
H023,P0090
H023,P0092
H023,P0093
H023,P0095
H023,P0097
H023,P0099
H023,P0100
H023,P0102
H023,P0103
H023,P0104
H023,P0106
H023,P0107
H023,P0109
H023,P0110
H023,P0111
H023,P0113
H023,P0114
H023,P0115
H023,P0116
H023,P0117
H023,P0118
H023,P0119
H023,P0120
H023,P0123
H023,P0125
H023,P0126
H023,P0127
H023,P0128
H023,P0129
H023,P0130
H023,P0131
H023,P0132
H023,P0134
H023,P0135
H023,P0136
H023,P0137
H023,P0138
H023,P0139
H023,P0140
H023,P0146
H023,P0147
H023,P0148
H023,P0149
H023,P0150
H023,P0151
H023,P0152
H023,P0153
H023,P0155
H023,P0156
H023,P0158
H023,P0159
H023,P0160
H023,P0161
H023,P0163
H023,P0164
H023,P0165
H023,P0166
H023,P0168
H023,P0170
H023,P0174
H023,P0175
H023,P0176
H023,P0177
H023,P0178
H023,P0180
H023,P0181
H023,P0182
H023,P0183
H023,P0185
H023,P0187
H023,P0188
H023,P0192
H023,P0193
H023,P0195
H023,P0196
H023,P0197
H023,P0199
H023,P0201
H023,P0202
H023,P0203
H023,P0204
H023,P0206
H023,P0207
H023,P0208
H023,P0211
H023,P0212
H023,P0216
H023,P0219
H023,P0221
H023,P0222
H023,P0223
H023,P0224
H023,P0225
H023,P0226
H023,P0227
H023,P0228
H023,P0229
H023,P0232
H023,P0233
H023,P0235
H023,P0236
H023,P0237
H023,P0238
H023,P0239
H023,P0241
H023,P0242
H023,P0243
H023,P0244
H023,P0245
H023,P0246
H023,P0247
H023,P0248
H023,P0249
H023,P0250
H023,P0251
H023,P0252
H023,P0253
H023,P0255
H023,P0256
H023,P0257
H023,P0258
H023,P0259
H023,P0260
H023,P0261
H023,P0263
H023,P0264
H023,P0265
H023,P0266
H023,P0267
H023,P0268
H023,P0269
H023,P0271
H023,P0273
H023,P0274
H023,P0276
H023,P0277
H023,P0279
H023,P0280
H023,P0281
H023,P0284
H023,P0286
H023,P0287
H023,P0288
H023,P0289
H023,P0291
H023,P0293
H023,P0294
H023,P0295
H023,P0296
H023,P0299
H023,P0300
H023,P0301
H023,P0304
H023,P0305
H023,P0306
H023,P0307
H023,P0308
H023,P0309
H023,P0310
H023,P0312
H023,P0313
H023,P0314
H023,P0315
H023,P0317
H023,P0318
H023,P0319
H023,P0320
H023,P0321
H023,P0323
H023,P0324
H023,P0326
H023,P0329
H023,P0330
H023,P0332
H023,P0333
H023,P0336
H023,P0337
H023,P0338
H023,P0339
H023,P0341
H023,P0343
H023,P0344
H023,P0345
H023,P0346
H023,P0347
H023,P0348
H023,P0349
H023,P0352
H023,P0353
H023,P0354
H023,P0355
H023,P0356
H023,P0358
H023,P0359
H023,P0361
H023,P0362
H023,P0363
H023,P0364
H023,P0366
H023,P0367
H023,P0368
H023,P0369
H023,P0370
H023,P0371
H023,P0372
H023,P0374
H023,P0375
H023,P0376
H023,P0377
H023,P0378
H023,P0379
H023,P0380
H023,P0381
H023,P0383
H023,P0385
H023,P0389
H023,P0390
H023,P0391
H023,P0392
H023,P0393
H023,P0394
H023,P0395
H023,P0396
H023,P0397
H023,P0398
H023,P0399
H023,P0400
H023,P0401
H023,P0402
H023,P0404
H023,P0405
H023,P0406
H023,P0408
H023,P0409
H023,P0411
H023,P0412
H023,P0414
H023,P0415
H023,P0416
H023,P0417
H023,P0418
H023,P0420
H023,P0422
H023,P0424
H023,P0425
H023,P0427
H023,P0428
H023,P0429
H023,P0430
H023,P0431
H023,P0433
H023,P0434
H023,P0435
H023,P0436
H023,P0438
H023,P0439
H023,P0440
H023,P0441
H023,P0442
H023,P0443
H023,P0444
H023,P0445
H023,P0446
H023,P0447
H023,P0448
H023,P0449
H023,P0451
H023,P0452
H023,P0454
H023,P0455
H023,P0456
H023,P0457
H023,P0458
H023,P0459
H023,P0460
H023,P0461
H023,P0464
H023,P0467
H023,P0468
H023,P0469
H023,P0470
H023,P0471
H023,P0472
H023,P0473
H023,P0475
H023,P0476
H023,P0477
H023,P0483
H023,P0484
H023,P0485
H023,P0486
H023,P0489
H023,P0490
H023,P0491
H023,P0492
H023,P0493
H023,P0494
H023,P0495
H023,P0496
H023,P0497
H023,P0498
H023,P0499
H023,P0501
H023,P0502
H023,P0504
H023,P0505
H023,P0506
H023,P0507
H023,P0508
H023,P0509
H023,P0510
H023,P0512
H023,P0515
H023,P0516
H023,P0517
H023,P0518
H023,P0519
H023,P0520
H023,P0521
H023,P0522
H023,P0523
H023,P0524
H023,P0525
H023,P0527
H023,P0529
H023,P0531
H023,P0532
H023,P0533
H023,P0535
H023,P0536
H023,P0537
H023,P0538
H023,P0540
H023,P0541
H023,P0542
H023,P0543
H023,P0547
H023,P0548
H023,P0549
H023,P0550
H023,P0551
H023,P0553
H023,P0555
H023,P0556
H023,P0558
H023,P0559
H023,P0560
H023,P0561
H023,P0562
H023,P0563
H023,P0564
H023,P0565
H023,P0566
H023,P0568
H023,P0570
H023,P0571
H023,P0575
H023,P0576
H023,P0578
H023,P0579
H023,P0580
H023,P0581
H023,P0585
H023,P0586
H023,P0588
H023,P0589
H023,P0590
H023,P0591
H023,P0592
H023,P0594
H023,P0595
H023,P0596
H023,P0597
H023,P0599
H024,P0001
H024,P0002
H024,P0004
H024,P0005
H024,P0006
H024,P0007
H024,P0008
H024,P0009
H024,P0011
H024,P0013
H024,P0014
H024,P0015
H024,P0016
H024,P0018
H024,P0019
H024,P0021
H024,P0023
H024,P0024
H024,P0026
H024,P0027
H024,P0028
H024,P0029
H024,P0030
H024,P0031
H024,P0032
H024,P0033
H024,P0034
H024,P0035
H024,P0037
H024,P0038
H024,P0039
H024,P0040
H024,P0041
H024,P0043
H024,P0046
H024,P0047
H024,P0048
H024,P0049
H024,P0050
H024,P0051
H024,P0053
H024,P0055
H024,P0056
H024,P0058
H024,P0059
H024,P0060
H024,P0061
H024,P0062
H024,P0064
H024,P0065
H024,P0066
H024,P0069
H024,P0070
H024,P0071
H024,P0072
H024,P0074
H024,P0075
H024,P0078
H024,P0079
H024,P0081
H024,P0082
H024,P0083
H024,P0084
H024,P0085
H024,P0086
H024,P0087
H024,P0088
H024,P0089
H024,P0090
H024,P0091
H024,P0093
H024,P0094
H024,P0096
H024,P0097
H024,P0099
H024,P0100
H024,P0101
H024,P0102
H024,P0103
H024,P0104
H024,P0106
H024,P0107
H024,P0108
H024,P0111
H024,P0112
H024,P0113
H024,P0114
H024,P0115
H024,P0116
H024,P0117
H024,P0119
H024,P0121
H024,P0122
H024,P0123
H024,P0124
H024,P0126
H024,P0127
H024,P0128
H024,P0129
H024,P0130
H024,P0131
H024,P0132
H024,P0133
H024,P0134
H024,P0135
H024,P0137
H024,P0138
H024,P0139
H024,P0140
H024,P0141
H024,P0142
H024,P0143
H024,P0144
H024,P0145
H024,P0146
H024,P0147
H024,P0148
H024,P0149
H024,P0150
H024,P0151
H024,P0152
H024,P0154
H024,P0155
H024,P0156
H024,P0157
H024,P0158
H024,P0160
H024,P0162
H024,P0163
H024,P0165
H024,P0166
H024,P0167
H024,P0169
H024,P0170
H024,P0171
H024,P0172
H024,P0173
H024,P0177
H024,P0178
H024,P0179
H024,P0181
H024,P0182
H024,P0183
H024,P0184
H024,P0185
H024,P0186
H024,P0187
H024,P0188
H024,P0189
H024,P0190
H024,P0191
H024,P0193
H024,P0194
H024,P0195
H024,P0196
H024,P0197
H024,P0198
H024,P0199
H024,P0200
H024,P0201
H024,P0203
H024,P0206
H024,P0208
H024,P0209
H024,P0211
H024,P0213
H024,P0214
H024,P0216
H024,P0217
H024,P0218
H024,P0219
H024,P0222
H024,P0224
H024,P0225
H024,P0226
H024,P0227
H024,P0228
H024,P0229
H024,P0231
H024,P0232
H024,P0235
H024,P0236
H024,P0238
H024,P0241
H024,P0243
H024,P0244
H024,P0245
H024,P0246
H024,P0247
H024,P0249
H024,P0250
H024,P0251
H024,P0252
H024,P0253
H024,P0254
H024,P0256
H024,P0257
H024,P0258
H024,P0259
H024,P0260
H024,P0261
H024,P0262
H024,P0264
H024,P0265
H024,P0266
H024,P0268
H024,P0269
H024,P0271
H024,P0273
H024,P0274
H024,P0277
H024,P0278
H024,P0279
H024,P0280
H024,P0281
H024,P0282
H024,P0284
H024,P0285
H024,P0287
H024,P0288
H024,P0289
H024,P0290
H024,P0291
H024,P0294
H024,P0295
H024,P0296
H024,P0299
H024,P0302
H024,P0303
H024,P0304
H024,P0306
H024,P0307
H024,P0308
H024,P0309
H024,P0310
H024,P0311
H024,P0312
H024,P0313
H024,P0314
H024,P0315
H024,P0316
H024,P0317
H024,P0318
H024,P0321
H024,P0322
H024,P0323
H024,P0324
H024,P0326
H024,P0327
H024,P0330
H024,P0331
H024,P0332
H024,P0333
H024,P0334
H024,P0335
H024,P0336
H024,P0338
H024,P0339
H024,P0340
H024,P0342
H024,P0343
H024,P0344
H024,P0345
H024,P0346
H024,P0347
H024,P0348
H024,P0349
H024,P0350
H024,P0351
H024,P0352
H024,P0353
H024,P0354
H024,P0355
H024,P0356
H024,P0357
H024,P0358
H024,P0360
H024,P0361
H024,P0362
H024,P0364
H024,P0366
H024,P0367
H024,P0368
H024,P0369
H024,P0370
H024,P0371
H024,P0372
H024,P0373
H024,P0374
H024,P0375
H024,P0376
H024,P0377
H024,P0378
H024,P0379
H024,P0380
H024,P0381
H024,P0383
H024,P0384
H024,P0385
H024,P0388
H024,P0391
H024,P0392
H024,P0393
H024,P0394
H024,P0395
H024,P0396
H024,P0397
H024,P0398
H024,P0399
H024,P0401
H024,P0402
H024,P0403
H024,P0404
H024,P0405
H024,P0406
H024,P0407
H024,P0408
H024,P0409
H024,P0410
H024,P0411
H024,P0412
H024,P0413
H024,P0414
H024,P0415
H024,P0416
H024,P0417
H024,P0418
H024,P0419
H024,P0420
H024,P0422
H024,P0424
H024,P0427
H024,P0428
H024,P0430
H024,P0431
H024,P0432
H024,P0433
H024,P0434
H024,P0435
H024,P0436
H024,P0437
H024,P0438
H024,P0439
H024,P0441
H024,P0444
H024,P0445
H024,P0446
H024,P0447
H024,P0448
H024,P0450
H024,P0451
H024,P0453
H024,P0454
H024,P0455
H024,P0456
H024,P0458
H024,P0459
H024,P0460
H024,P0461
H024,P0462
H024,P0463
H024,P0464
H024,P0465
H024,P0466
H024,P0467
H024,P0468
H024,P0469
H024,P0470
H024,P0471
H024,P0472
H024,P0473
H024,P0474
H024,P0475
H024,P0478
H024,P0479
H024,P0480
H024,P0481
H024,P0482
H024,P0483
H024,P0484
H024,P0485
H024,P0488
H024,P0490
H024,P0492
H024,P0493
H024,P0494
H024,P0496
H024,P0498
H024,P0499
H024,P0500
H024,P0501
H024,P0502
H024,P0503
H024,P0504
H024,P0505
H024,P0507
H024,P0508
H024,P0509
H024,P0511
H024,P0512
H024,P0513
H024,P0515
H024,P0516
H024,P0517
H024,P0518
H024,P0519
H024,P0520
H024,P0523
H024,P0524
H024,P0526
H024,P0527
H024,P0528
H024,P0530
H024,P0532
H024,P0533
H024,P0534
H024,P0535
H024,P0536
H024,P0537
H024,P0538
H024,P0539
H024,P0540
H024,P0541
H024,P0542
H024,P0543
H024,P0544
H024,P0545
H024,P0546
H024,P0548
H024,P0549
H024,P0550
H024,P0553
H024,P0554
H024,P0556
H024,P0557
H024,P0559
H024,P0560
H024,P0561
H024,P0563
H024,P0565
H024,P0566
H024,P0567
H024,P0568
H024,P0569
H024,P0570
H024,P0571
H024,P0572
H024,P0573
H024,P0574
H024,P0575
H024,P0576
H024,P0577
H024,P0578
H024,P0579
H024,P0580
H024,P0581
H024,P0582
H024,P0584
H024,P0585
H024,P0586
H024,P0588
H024,P0589
H024,P0590
H024,P0592
H024,P0593
H024,P0594
H024,P0595
H024,P0596
H024,P0598
H024,P0600
H025,P0001
H025,P0002
H025,P0004
H025,P0006
H025,P0008
H025,P0009
H025,P0010
H025,P0011
H025,P0012
H025,P0013
H025,P0014
H025,P0015
H025,P0016
H025,P0017
H025,P0018
H025,P0019
H025,P0020
H025,P0021
H025,P0022
H025,P0023
H025,P0024
H025,P0025
H025,P0027
H025,P0028
H025,P0029
H025,P0033
H025,P0035
H025,P0036
H025,P0038
H025,P0039
H025,P0040
H025,P0041
H025,P0042
H025,P0043
H025,P0044
H025,P0045
H025,P0046
H025,P0047
H025,P0048
H025,P0049
H025,P0051
H025,P0052
H025,P0053
H025,P0055
H025,P0056
H025,P0057
H025,P0058
H025,P0059
H025,P0060
H025,P0061
H025,P0063
H025,P0064
H025,P0065
H025,P0067
H025,P0069
H025,P0070
H025,P0071
H025,P0072
H025,P0074
H025,P0075
H025,P0076
H025,P0079
H025,P0081
H025,P0082
H025,P0084
H025,P0085
H025,P0086
H025,P0087
H025,P0088
H025,P0089
H025,P0090
H025,P0091
H025,P0096
H025,P0097
H025,P0098
H025,P0099
H025,P0100
H025,P0101
H025,P0102
H025,P0103
H025,P0104
H025,P0105
H025,P0106
H025,P0107
H025,P0108
H025,P0109
H025,P0110
H025,P0112
H025,P0113
H025,P0114
H025,P0115
H025,P0116
H025,P0117
H025,P0120
H025,P0121
H025,P0122
H025,P0123
H025,P0124
H025,P0126
H025,P0127
H025,P0129
H025,P0130
H025,P0131
H025,P0132
H025,P0134
H025,P0135
H025,P0137
H025,P0138
H025,P0139
H025,P0140
H025,P0143
H025,P0144
H025,P0145
H025,P0146
H025,P0147
H025,P0148
H025,P0149
H025,P0150
H025,P0151
H025,P0152
H025,P0154
H025,P0155
H025,P0156
H025,P0158
H025,P0161
H025,P0162
H025,P0163
H025,P0164
H025,P0165
H025,P0166
H025,P0168
H025,P0169
H025,P0170
H025,P0171
H025,P0174
H025,P0175
H025,P0177
H025,P0178
H025,P0179
H025,P0180
H025,P0183
H025,P0184
H025,P0185
H025,P0186
H025,P0188
H025,P0189
H025,P0190
H025,P0191
H025,P0192
H025,P0193
H025,P0195
H025,P0196
H025,P0198
H025,P0199
H025,P0200
H025,P0201
H025,P0202
H025,P0203
H025,P0204
H025,P0205
H025,P0206
H025,P0209
H025,P0210
H025,P0211
H025,P0212
H025,P0213
H025,P0214
H025,P0215
H025,P0216
H025,P0218
H025,P0219
H025,P0222
H025,P0223
H025,P0224
H025,P0225
H025,P0226
H025,P0227
H025,P0228
H025,P0229
H025,P0230
H025,P0233
H025,P0234
H025,P0235
H025,P0236
H025,P0237
H025,P0238
H025,P0239
H025,P0242
H025,P0243
H025,P0244
H025,P0246
H025,P0247
H025,P0248
H025,P0249
H025,P0251
H025,P0252
H025,P0254
H025,P0255
H025,P0256
H025,P0257
H025,P0258
H025,P0259
H025,P0261
H025,P0262
H025,P0264
H025,P0265
H025,P0267
H025,P0269
H025,P0270
H025,P0271
H025,P0272
H025,P0273
H025,P0274
H025,P0275
H025,P0276
H025,P0277
H025,P0279
H025,P0280
H025,P0281
H025,P0282
H025,P0284
H025,P0287
H025,P0288
H025,P0291
H025,P0294
H025,P0296
H025,P0297
H025,P0299
H025,P0300
H025,P0301
H025,P0303
H025,P0304
H025,P0308
H025,P0309
H025,P0310
H025,P0312
H025,P0313
H025,P0315
H025,P0316
H025,P0317
H025,P0318
H025,P0319
H025,P0320
H025,P0321
H025,P0322
H025,P0323
H025,P0325
H025,P0326
H025,P0328
H025,P0329
H025,P0330
H025,P0332
H025,P0333
H025,P0335
H025,P0337
H025,P0338
H025,P0340
H025,P0341
H025,P0342
H025,P0343
H025,P0345
H025,P0346
H025,P0347
H025,P0348
H025,P0349
H025,P0351
H025,P0352
H025,P0353
H025,P0356
H025,P0357
H025,P0358
H025,P0359
H025,P0360
H025,P0361
H025,P0362
H025,P0363
H025,P0364
H025,P0365
H025,P0366
H025,P0368
H025,P0369
H025,P0370
H025,P0371
H025,P0372
H025,P0373
H025,P0374
H025,P0376
H025,P0378
H025,P0384
H025,P0385
H025,P0388
H025,P0390
H025,P0391
H025,P0392
H025,P0393
H025,P0394
H025,P0395
H025,P0396
H025,P0398
H025,P0401
H025,P0402
H025,P0405
H025,P0406
H025,P0407
H025,P0409
H025,P0411
H025,P0412
H025,P0413
H025,P0414
H025,P0416
H025,P0417
H025,P0418
H025,P0419
H025,P0420
H025,P0421
H025,P0424
H025,P0426
H025,P0427
H025,P0429
H025,P0430
H025,P0431
H025,P0432
H025,P0433
H025,P0434
H025,P0435
H025,P0436
H025,P0437
H025,P0438
H025,P0439
H025,P0441
H025,P0442
H025,P0443
H025,P0444
H025,P0445
H025,P0446
H025,P0447
H025,P0448
H025,P0449
H025,P0451
H025,P0452
H025,P0453
H025,P0455
H025,P0456
H025,P0458
H025,P0459
H025,P0462
H025,P0463
H025,P0464
H025,P0465
H025,P0467
H025,P0470
H025,P0471
H025,P0472
H025,P0473
H025,P0474
H025,P0475
H025,P0476
H025,P0478
H025,P0479
H025,P0480
H025,P0481
H025,P0482
H025,P0483
H025,P0484
H025,P0485
H025,P0486
H025,P0487
H025,P0489
H025,P0490
H025,P0491
H025,P0492
H025,P0493
H025,P0494
H025,P0495
H025,P0496
H025,P0497
H025,P0499
H025,P0500
H025,P0502
H025,P0505
H025,P0506
H025,P0507
H025,P0508
H025,P0509
H025,P0510
H025,P0511
H025,P0512
H025,P0514
H025,P0516
H025,P0517
H025,P0518
H025,P0519
H025,P0520
H025,P0522
H025,P0523
H025,P0524
H025,P0526
H025,P0527
H025,P0528
H025,P0529
H025,P0530
H025,P0531
H025,P0532
H025,P0535
H025,P0536
H025,P0538
H025,P0540
H025,P0542
H025,P0543
H025,P0544
H025,P0545
H025,P0547
H025,P0548
H025,P0550
H025,P0551
H025,P0553
H025,P0554
H025,P0555
H025,P0556
H025,P0557
H025,P0559
H025,P0561
H025,P0562
H025,P0564
H025,P0565
H025,P0566
H025,P0567
H025,P0569
H025,P0570
H025,P0571
H025,P0572
H025,P0573
H025,P0574
H025,P0575
H025,P0576
H025,P0577
H025,P0578
H025,P0579
H025,P0580
H025,P0582
H025,P0583
H025,P0584
H025,P0585
H025,P0588
H025,P0589
H025,P0590
H025,P0591
H025,P0593
H025,P0594
H025,P0595
H025,P0596
H025,P0599
H026,P0001
H026,P0002
H026,P0003
H026,P0004
H026,P0005
H026,P0006
H026,P0007
H026,P0008
H026,P0010
H026,P0011
H026,P0012
H026,P0013
H026,P0015
H026,P0017
H026,P0020
H026,P0022
H026,P0023
H026,P0024
H026,P0026
H026,P0027
H026,P0030
H026,P0031
H026,P0033
H026,P0035
H026,P0037
H026,P0039
H026,P0040
H026,P0041
H026,P0042
H026,P0043
H026,P0045
H026,P0046
H026,P0047
H026,P0048
H026,P0050
H026,P0052
H026,P0053
H026,P0055
H026,P0056
H026,P0057
H026,P0058
H026,P0061
H026,P0062
H026,P0063
H026,P0068
H026,P0069
H026,P0070
H026,P0071
H026,P0072
H026,P0074
H026,P0075
H026,P0076
H026,P0077
H026,P0078
H026,P0079
H026,P0082
H026,P0084
H026,P0085
H026,P0086
H026,P0087
H026,P0088
H026,P0089
H026,P0091
H026,P0092
H026,P0096
H026,P0097
H026,P0098
H026,P0100
H026,P0101
H026,P0102
H026,P0104
H026,P0105
H026,P0106
H026,P0107
H026,P0108
H026,P0110
H026,P0111
H026,P0113
H026,P0114
H026,P0115
H026,P0116
H026,P0117
H026,P0121
H026,P0122
H026,P0123
H026,P0125
H026,P0126
H026,P0127
H026,P0128
H026,P0129
H026,P0130
H026,P0131
H026,P0132
H026,P0133
H026,P0136
H026,P0137
H026,P0138
H026,P0139
H026,P0141
H026,P0142
H026,P0143
H026,P0144
H026,P0145
H026,P0146
H026,P0147
H026,P0148
H026,P0149
H026,P0150
H026,P0151
H026,P0155
H026,P0156
H026,P0157
H026,P0158
H026,P0159
H026,P0160
H026,P0162
H026,P0163
H026,P0165
H026,P0168
H026,P0169
H026,P0170
H026,P0171
H026,P0172
H026,P0174
H026,P0176
H026,P0178
H026,P0181
H026,P0184
H026,P0188
H026,P0189
H026,P0190
H026,P0192
H026,P0193
H026,P0194
H026,P0195
H026,P0196
H026,P0197
H026,P0199
H026,P0200
H026,P0201
H026,P0202
H026,P0203
H026,P0204
H026,P0211
H026,P0213
H026,P0215
H026,P0218
H026,P0219
H026,P0221
H026,P0222
H026,P0223
H026,P0224
H026,P0225
H026,P0226
H026,P0227
H026,P0229
H026,P0231
H026,P0232
H026,P0235
H026,P0239
H026,P0241
H026,P0242
H026,P0243
H026,P0244
H026,P0245
H026,P0246
H026,P0247
H026,P0249
H026,P0250
H026,P0251
H026,P0252
H026,P0253
H026,P0254
H026,P0256
H026,P0257
H026,P0258
H026,P0259
H026,P0261
H026,P0262
H026,P0264
H026,P0265
H026,P0267
H026,P0268
H026,P0269
H026,P0270
H026,P0271
H026,P0273
H026,P0274
H026,P0275
H026,P0276
H026,P0277
H026,P0278
H026,P0280
H026,P0281
H026,P0284
H026,P0285
H026,P0287
H026,P0288
H026,P0291
H026,P0295
H026,P0297
H026,P0299
H026,P0302
H026,P0303
H026,P0305
H026,P0306
H026,P0307
H026,P0308
H026,P0309
H026,P0310
H026,P0312
H026,P0313
H026,P0315
H026,P0317
H026,P0319
H026,P0321
H026,P0325
H026,P0326
H026,P0330
H026,P0332
H026,P0333
H026,P0334
H026,P0335
H026,P0336
H026,P0338
H026,P0344
H026,P0345
H026,P0346
H026,P0347
H026,P0351
H026,P0352
H026,P0357
H026,P0359
H026,P0360
H026,P0361
H026,P0362
H026,P0364
H026,P0368
H026,P0369
H026,P0370
H026,P0371
H026,P0372
H026,P0373
H026,P0374
H026,P0375
H026,P0379
H026,P0380
H026,P0381
H026,P0382
H026,P0383
H026,P0384
H026,P0385
H026,P0388
H026,P0390
H026,P0391
H026,P0393
H026,P0394
H026,P0395
H026,P0396
H026,P0397
H026,P0398
H026,P0401
H026,P0403
H026,P0404
H026,P0405
H026,P0406
H026,P0407
H026,P0408
H026,P0409
H026,P0410
H026,P0413
H026,P0414
H026,P0415
H026,P0416
H026,P0417
H026,P0418
H026,P0424
H026,P0426
H026,P0427
H026,P0428
H026,P0430
H026,P0431
H026,P0433
H026,P0435
H026,P0436
H026,P0437
H026,P0439
H026,P0442
H026,P0444
H026,P0445
H026,P0446
H026,P0447
H026,P0451
H026,P0453
H026,P0455
H026,P0456
H026,P0458
H026,P0459
H026,P0461
H026,P0462
H026,P0464
H026,P0465
H026,P0466
H026,P0467
H026,P0469
H026,P0470
H026,P0471
H026,P0472
H026,P0473
H026,P0474
H026,P0475
H026,P0477
H026,P0478
H026,P0480
H026,P0486
H026,P0493
H026,P0494
H026,P0495
H026,P0496
H026,P0498
H026,P0499
H026,P0502
H026,P0503
H026,P0504
H026,P0505
H026,P0508
H026,P0509
H026,P0510
H026,P0511
H026,P0512
H026,P0513
H026,P0514
H026,P0515
H026,P0516
H026,P0517
H026,P0518
H026,P0520
H026,P0522
H026,P0523
H026,P0526
H026,P0527
H026,P0528
H026,P0529
H026,P0530
H026,P0531
H026,P0532
H026,P0533
H026,P0534
H026,P0535
H026,P0537
H026,P0538
H026,P0539
H026,P0540
H026,P0541
H026,P0542
H026,P0543
H026,P0544
H026,P0545
H026,P0549
H026,P0550
H026,P0553
H026,P0554
H026,P0556
H026,P0558
H026,P0559
H026,P0560
H026,P0561
H026,P0562
H026,P0564
H026,P0567
H026,P0568
H026,P0569
H026,P0570
H026,P0571
H026,P0573
H026,P0574
H026,P0576
H026,P0577
H026,P0578
H026,P0580
H026,P0582
H026,P0584
H026,P0585
H026,P0587
H026,P0589
H026,P0590
H026,P0592
H026,P0593
H026,P0596
H026,P0598
H026,P0599
H026,P0600
H027,P0001
H027,P0002
H027,P0003
H027,P0004
H027,P0006
H027,P0007
H027,P0008
H027,P0011
H027,P0012
H027,P0014
H027,P0015
H027,P0016
H027,P0017
H027,P0018
H027,P0019
H027,P0022
H027,P0025
H027,P0027
H027,P0029
H027,P0030
H027,P0033
H027,P0035
H027,P0036
H027,P0037
H027,P0040
H027,P0041
H027,P0042
H027,P0043
H027,P0045
H027,P0048
H027,P0049
H027,P0052
H027,P0054
H027,P0055
H027,P0057
H027,P0059
H027,P0060
H027,P0061
H027,P0062
H027,P0065
H027,P0066
H027,P0068
H027,P0070
H027,P0071
H027,P0072
H027,P0073
H027,P0074
H027,P0075
H027,P0079
H027,P0082
H027,P0086
H027,P0089
H027,P0092
H027,P0093
H027,P0096
H027,P0097
H027,P0099
H027,P0100
H027,P0101
H027,P0104
H027,P0105
H027,P0106
H027,P0107
H027,P0108
H027,P0109
H027,P0110
H027,P0111
H027,P0113
H027,P0115
H027,P0116
H027,P0117
H027,P0118
H027,P0119
H027,P0121
H027,P0122
H027,P0124
H027,P0125
H027,P0126
H027,P0128
H027,P0129
H027,P0131
H027,P0132
H027,P0134
H027,P0135
H027,P0136
H027,P0139
H027,P0140
H027,P0143
H027,P0144
H027,P0146
H027,P0148
H027,P0149
H027,P0151
H027,P0152
H027,P0153
H027,P0155
H027,P0156
H027,P0157
H027,P0158
H027,P0159
H027,P0160
H027,P0161
H027,P0162
H027,P0163
H027,P0164
H027,P0165
H027,P0166
H027,P0167
H027,P0169
H027,P0171
H027,P0173
H027,P0175
H027,P0179
H027,P0180
H027,P0181
H027,P0183
H027,P0185
H027,P0186
H027,P0188
H027,P0189
H027,P0190
H027,P0191
H027,P0193
H027,P0196
H027,P0198
H027,P0199
H027,P0200
H027,P0201
H027,P0202
H027,P0203
H027,P0204
H027,P0205
H027,P0206
H027,P0207
H027,P0208
H027,P0209
H027,P0211
H027,P0212
H027,P0213
H027,P0215
H027,P0216
H027,P0219
H027,P0221
H027,P0222
H027,P0223
H027,P0224
H027,P0225
H027,P0226
H027,P0228
H027,P0229
H027,P0230
H027,P0232
H027,P0235
H027,P0236
H027,P0237
H027,P0238
H027,P0239
H027,P0240
H027,P0241
H027,P0242
H027,P0243
H027,P0245
H027,P0246
H027,P0249
H027,P0250
H027,P0251
H027,P0252
H027,P0254
H027,P0255
H027,P0256
H027,P0257
H027,P0258
H027,P0259
H027,P0260
H027,P0262
H027,P0264
H027,P0265
H027,P0266
H027,P0268
H027,P0271
H027,P0273
H027,P0274
H027,P0275
H027,P0276
H027,P0278
H027,P0279
H027,P0280
H027,P0282
H027,P0284
H027,P0285
H027,P0287
H027,P0288
H027,P0289
H027,P0291
H027,P0293
H027,P0294
H027,P0295
H027,P0296
H027,P0298
H027,P0299
H027,P0300
H027,P0302
H027,P0305
H027,P0306
H027,P0307
H027,P0308
H027,P0310
H027,P0311
H027,P0315
H027,P0316
H027,P0317
H027,P0319
H027,P0321
H027,P0323
H027,P0325
H027,P0326
H027,P0327
H027,P0330
H027,P0332
H027,P0333
H027,P0334
H027,P0336
H027,P0337
H027,P0338
H027,P0339
H027,P0340
H027,P0341
H027,P0342
H027,P0343
H027,P0344
H027,P0345
H027,P0353
H027,P0354
H027,P0355
H027,P0356
H027,P0357
H027,P0359
H027,P0361
H027,P0362
H027,P0366
H027,P0367
H027,P0368
H027,P0369
H027,P0371
H027,P0372
H027,P0374
H027,P0375
H027,P0376
H027,P0378
H027,P0380
H027,P0381
H027,P0385
H027,P0387
H027,P0390
H027,P0393
H027,P0394
H027,P0395
H027,P0396
H027,P0397
H027,P0398
H027,P0401
H027,P0402
H027,P0404
H027,P0405
H027,P0406
H027,P0407
H027,P0410
H027,P0411
H027,P0413
H027,P0414
H027,P0415
H027,P0416
H027,P0417
H027,P0420
H027,P0421
H027,P0423
H027,P0426
H027,P0427
H027,P0431
H027,P0432
H027,P0433
H027,P0434
H027,P0435
H027,P0437
H027,P0438
H027,P0441
H027,P0443
H027,P0444
H027,P0446
H027,P0447
H027,P0450
H027,P0451
H027,P0452
H027,P0453
H027,P0455
H027,P0456
H027,P0457
H027,P0458
H027,P0459
H027,P0460
H027,P0461
H027,P0465
H027,P0468
H027,P0470
H027,P0471
H027,P0472
H027,P0473
H027,P0474
H027,P0475
H027,P0479
H027,P0480
H027,P0481
H027,P0483
H027,P0485
H027,P0486
H027,P0490
H027,P0492
H027,P0494
H027,P0495
H027,P0496
H027,P0497
H027,P0498
H027,P0499
H027,P0500
H027,P0501
H027,P0502
H027,P0503
H027,P0505
H027,P0507
H027,P0508
H027,P0509
H027,P0514
H027,P0515
H027,P0516
H027,P0518
H027,P0519
H027,P0520
H027,P0521
H027,P0525
H027,P0527
H027,P0530
H027,P0531
H027,P0532
H027,P0533
H027,P0535
H027,P0537
H027,P0540
H027,P0541
H027,P0542
H027,P0544
H027,P0546
H027,P0547
H027,P0548
H027,P0549
H027,P0553
H027,P0555
H027,P0556
H027,P0557
H027,P0558
H027,P0559
H027,P0560
H027,P0561
H027,P0563
H027,P0564
H027,P0565
H027,P0566
H027,P0567
H027,P0568
H027,P0570
H027,P0571
H027,P0572
H027,P0573
H027,P0574
H027,P0576
H027,P0577
H027,P0578
H027,P0587
H027,P0589
H027,P0590
H027,P0591
H027,P0593
H027,P0594
H027,P0597
H027,P0599
H027,P0600
H028,P0004
H028,P0005
H028,P0006
H028,P0008
H028,P0012
H028,P0013
H028,P0014
H028,P0016
H028,P0017
H028,P0019
H028,P0021
H028,P0022
H028,P0024
H028,P0028
H028,P0030
H028,P0031
H028,P0035
H028,P0036
H028,P0042
H028,P0043
H028,P0045
H028,P0046
H028,P0047
H028,P0048
H028,P0053
H028,P0055
H028,P0058
H028,P0062
H028,P0063
H028,P0065
H028,P0068
H028,P0069
H028,P0070
H028,P0071
H028,P0072
H028,P0074
H028,P0075
H028,P0076
H028,P0077
H028,P0079
H028,P0081
H028,P0082
H028,P0083
H028,P0084
H028,P0085
H028,P0086
H028,P0088
H028,P0096
H028,P0097
H028,P0098
H028,P0100
H028,P0104
H028,P0105
H028,P0106
H028,P0108
H028,P0109
H028,P0110
H028,P0111
H028,P0112
H028,P0113
H028,P0114
H028,P0117
H028,P0123
H028,P0125
H028,P0126
H028,P0129
H028,P0130
H028,P0132
H028,P0133
H028,P0134
H028,P0136
H028,P0139
H028,P0140
H028,P0141
H028,P0142
H028,P0143
H028,P0144
H028,P0149
H028,P0152
H028,P0153
H028,P0154
H028,P0155
H028,P0157
H028,P0158
H028,P0159
H028,P0164
H028,P0165
H028,P0167
H028,P0168
H028,P0171
H028,P0174
H028,P0176
H028,P0177
H028,P0178
H028,P0179
H028,P0181
H028,P0182
H028,P0183
H028,P0185
H028,P0187
H028,P0188
H028,P0190
H028,P0191
H028,P0193
H028,P0195
H028,P0196
H028,P0197
H028,P0198
H028,P0202
H028,P0203
H028,P0206
H028,P0211
H028,P0212
H028,P0213
H028,P0214
H028,P0215
H028,P0216
H028,P0218
H028,P0221
H028,P0222
H028,P0223
H028,P0224
H028,P0225
H028,P0226
H028,P0228
H028,P0229
H028,P0230
H028,P0233
H028,P0237
H028,P0238
H028,P0242
H028,P0243
H028,P0246
H028,P0247
H028,P0251
H028,P0253
H028,P0256
H028,P0258
H028,P0259
H028,P0264
H028,P0266
H028,P0267
H028,P0268
H028,P0269
H028,P0271
H028,P0276
H028,P0278
H028,P0279
H028,P0280
H028,P0281
H028,P0284
H028,P0285
H028,P0288
H028,P0289
H028,P0290
H028,P0291
H028,P0295
H028,P0298
H028,P0299
H028,P0300
H028,P0302
H028,P0303
H028,P0305
H028,P0306
H028,P0307
H028,P0310
H028,P0313
H028,P0314
H028,P0315
H028,P0316
H028,P0317
H028,P0318
H028,P0320
H028,P0321
H028,P0323
H028,P0325
H028,P0329
H028,P0330
H028,P0332
H028,P0335
H028,P0336
H028,P0337
H028,P0340
H028,P0342
H028,P0343
H028,P0344
H028,P0345
H028,P0346
H028,P0347
H028,P0348
H028,P0352
H028,P0353
H028,P0355
H028,P0357
H028,P0358
H028,P0362
H028,P0364
H028,P0365
H028,P0366
H028,P0368
H028,P0369
H028,P0370
H028,P0371
H028,P0372
H028,P0374
H028,P0375
H028,P0376
H028,P0377
H028,P0380
H028,P0381
H028,P0384
H028,P0385
H028,P0391
H028,P0392
H028,P0393
H028,P0394
H028,P0396
H028,P0397
H028,P0398
H028,P0401
H028,P0402
H028,P0403
H028,P0404
H028,P0406
H028,P0407
H028,P0408
H028,P0410
H028,P0411
H028,P0415
H028,P0416
H028,P0417
H028,P0422
H028,P0424
H028,P0425
H028,P0427
H028,P0428
H028,P0430
H028,P0431
H028,P0433
H028,P0435
H028,P0438
H028,P0439
H028,P0444
H028,P0445
H028,P0446
H028,P0447
H028,P0448
H028,P0451
H028,P0452
H028,P0453
H028,P0456
H028,P0461
H028,P0462
H028,P0464
H028,P0465
H028,P0466
H028,P0467
H028,P0468
H028,P0469
H028,P0470
H028,P0471
H028,P0474
H028,P0477
H028,P0479
H028,P0482
H028,P0483
H028,P0484
H028,P0485
H028,P0486
H028,P0489
H028,P0492
H028,P0493
H028,P0494
H028,P0495
H028,P0497
H028,P0499
H028,P0500
H028,P0502
H028,P0504
H028,P0506
H028,P0507
H028,P0509
H028,P0511
H028,P0514
H028,P0515
H028,P0516
H028,P0518
H028,P0519
H028,P0520
H028,P0522
H028,P0523
H028,P0526
H028,P0527
H028,P0528
H028,P0529
H028,P0530
H028,P0533
H028,P0535
H028,P0537
H028,P0539
H028,P0540
H028,P0541
H028,P0542
H028,P0545
H028,P0546
H028,P0547
H028,P0548
H028,P0550
H028,P0551
H028,P0553
H028,P0555
H028,P0556
H028,P0563
H028,P0564
H028,P0566
H028,P0567
H028,P0568
H028,P0570
H028,P0574
H028,P0575
H028,P0576
H028,P0578
H028,P0583
H028,P0584
H028,P0587
H028,P0589
H028,P0590
H028,P0593
H028,P0594
H028,P0595
H029,P0002
H029,P0003
H029,P0004
H029,P0005
H029,P0006
H029,P0007
H029,P0009
H029,P0011
H029,P0012
H029,P0013
H029,P0014
H029,P0016
H029,P0017
H029,P0019
H029,P0020
H029,P0022
H029,P0023
H029,P0025
H029,P0027
H029,P0028
H029,P0029
H029,P0032
H029,P0033
H029,P0034
H029,P0035
H029,P0036
H029,P0037
H029,P0038
H029,P0039
H029,P0040
H029,P0041
H029,P0042
H029,P0043
H029,P0045
H029,P0046
H029,P0047
H029,P0048
H029,P0051
H029,P0052
H029,P0053
H029,P0055
H029,P0056
H029,P0058
H029,P0060
H029,P0062
H029,P0063
H029,P0065
H029,P0066
H029,P0067
H029,P0068
H029,P0069
H029,P0070
H029,P0071
H029,P0072
H029,P0073
H029,P0075
H029,P0076
H029,P0077
H029,P0079
H029,P0080
H029,P0081
H029,P0082
H029,P0084
H029,P0085
H029,P0086
H029,P0087
H029,P0088
H029,P0089
H029,P0090
H029,P0091
H029,P0092
H029,P0093
H029,P0094
H029,P0095
H029,P0097
H029,P0098
H029,P0099
H029,P0100
H029,P0102
H029,P0103
H029,P0104
H029,P0105
H029,P0106
H029,P0107
H029,P0108
H029,P0110
H029,P0111
H029,P0112
H029,P0113
H029,P0114
H029,P0115
H029,P0116
H029,P0117
H029,P0119
H029,P0124
H029,P0125
H029,P0126
H029,P0128
H029,P0129
H029,P0130
H029,P0131
H029,P0132
H029,P0134
H029,P0136
H029,P0137
H029,P0138
H029,P0139
H029,P0140
H029,P0142
H029,P0143
H029,P0146
H029,P0147
H029,P0149
H029,P0150
H029,P0151
H029,P0152
H029,P0153
H029,P0154
H029,P0155
H029,P0156
H029,P0157
H029,P0158
H029,P0160
H029,P0161
H029,P0162
H029,P0163
H029,P0166
H029,P0168
H029,P0169
H029,P0170
H029,P0171
H029,P0172
H029,P0173
H029,P0174
H029,P0175
H029,P0176
H029,P0177
H029,P0178
H029,P0179
H029,P0180
H029,P0181
H029,P0182
H029,P0183
H029,P0185
H029,P0187
H029,P0188
H029,P0189
H029,P0190
H029,P0191
H029,P0192
H029,P0193
H029,P0195
H029,P0197
H029,P0198
H029,P0199
H029,P0200
H029,P0201
H029,P0202
H029,P0203
H029,P0204
H029,P0205
H029,P0206
H029,P0207
H029,P0208
H029,P0209
H029,P0211
H029,P0213
H029,P0216
H029,P0217
H029,P0219
H029,P0220
H029,P0221
H029,P0222
H029,P0224
H029,P0225
H029,P0226
H029,P0227
H029,P0228
H029,P0229
H029,P0230
H029,P0231
H029,P0233
H029,P0234
H029,P0235
H029,P0237
H029,P0238
H029,P0239
H029,P0240
H029,P0241
H029,P0242
H029,P0245
H029,P0246
H029,P0248
H029,P0250
H029,P0251
H029,P0252
H029,P0254
H029,P0255
H029,P0256
H029,P0257
H029,P0258
H029,P0259
H029,P0261
H029,P0262
H029,P0264
H029,P0265
H029,P0266
H029,P0267
H029,P0268
H029,P0269
H029,P0270
H029,P0271
H029,P0272
H029,P0273
H029,P0274
H029,P0275
H029,P0278
H029,P0279
H029,P0280
H029,P0281
H029,P0283
H029,P0284
H029,P0285
H029,P0287
H029,P0288
H029,P0289
H029,P0292
H029,P0294
H029,P0295
H029,P0296
H029,P0298
H029,P0299
H029,P0301
H029,P0302
H029,P0303
H029,P0304
H029,P0305
H029,P0307
H029,P0308
H029,P0309
H029,P0310
H029,P0311
H029,P0314
H029,P0315
H029,P0316
H029,P0317
H029,P0318
H029,P0319
H029,P0320
H029,P0321
H029,P0322
H029,P0323
H029,P0324
H029,P0325
H029,P0326
H029,P0328
H029,P0329
H029,P0330
H029,P0331
H029,P0332
H029,P0334
H029,P0335
H029,P0336
H029,P0337
H029,P0338
H029,P0339
H029,P0340
H029,P0341
H029,P0342
H029,P0344
H029,P0345
H029,P0347
H029,P0349
H029,P0350
H029,P0351
H029,P0353
H029,P0354
H029,P0355
H029,P0356
H029,P0357
H029,P0358
H029,P0359
H029,P0360
H029,P0361
H029,P0362
H029,P0363
H029,P0364
H029,P0367
H029,P0368
H029,P0369
H029,P0370
H029,P0371
H029,P0372
H029,P0373
H029,P0374
H029,P0375
H029,P0376
H029,P0377
H029,P0378
H029,P0379
H029,P0380
H029,P0381
H029,P0384
H029,P0387
H029,P0388
H029,P0389
H029,P0390
H029,P0391
H029,P0393
H029,P0394
H029,P0395
H029,P0396
H029,P0397
H029,P0398
H029,P0399
H029,P0400
H029,P0401
H029,P0402
H029,P0404
H029,P0405
H029,P0406
H029,P0407
H029,P0408
H029,P0409
H029,P0410
H029,P0411
H029,P0412
H029,P0413
H029,P0414
H029,P0417
H029,P0419
H029,P0420
H029,P0421
H029,P0422
H029,P0423
H029,P0424
H029,P0425
H029,P0426
H029,P0427
H029,P0428
H029,P0429
H029,P0430
H029,P0431
H029,P0433
H029,P0434
H029,P0435
H029,P0436
H029,P0437
H029,P0438
H029,P0441
H029,P0442
H029,P0443
H029,P0444
H029,P0445
H029,P0446
H029,P0447
H029,P0448
H029,P0452
H029,P0453
H029,P0454
H029,P0455
H029,P0456
H029,P0457
H029,P0458
H029,P0459
H029,P0461
H029,P0462
H029,P0463
H029,P0464
H029,P0465
H029,P0466
H029,P0468
H029,P0469
H029,P0470
H029,P0471
H029,P0472
H029,P0473
H029,P0474
H029,P0475
H029,P0477
H029,P0478
H029,P0481
H029,P0482
H029,P0483
H029,P0484
H029,P0485
H029,P0486
H029,P0487
H029,P0488
H029,P0489
H029,P0490
H029,P0491
H029,P0492
H029,P0495
H029,P0497
H029,P0498
H029,P0500
H029,P0502
H029,P0503
H029,P0504
H029,P0505
H029,P0506
H029,P0507
H029,P0508
H029,P0509
H029,P0511
H029,P0512
H029,P0513
H029,P0514
H029,P0515
H029,P0516
H029,P0517
H029,P0518
H029,P0519
H029,P0520
H029,P0521
H029,P0522
H029,P0523
H029,P0524
H029,P0525
H029,P0526
H029,P0527
H029,P0529
H029,P0531
H029,P0532
H029,P0533
H029,P0534
H029,P0535
H029,P0536
H029,P0537
H029,P0539
H029,P0540
H029,P0541
H029,P0542
H029,P0543
H029,P0545
H029,P0547
H029,P0548
H029,P0550
H029,P0551
H029,P0552
H029,P0553
H029,P0554
H029,P0555
H029,P0556
H029,P0557
H029,P0558
H029,P0559
H029,P0561
H029,P0562
H029,P0563
H029,P0565
H029,P0566
H029,P0567
H029,P0569
H029,P0570
H029,P0571
H029,P0572
H029,P0573
H029,P0574
H029,P0576
H029,P0577
H029,P0582
H029,P0583
H029,P0584
H029,P0587
H029,P0589
H029,P0590
H029,P0592
H029,P0593
H029,P0594
H029,P0595
H029,P0596
H029,P0597
H029,P0598
H029,P0599
H029,P0600
H030,P0002
H030,P0003
H030,P0004
H030,P0005
H030,P0006
H030,P0008
H030,P0011
H030,P0012
H030,P0013
H030,P0014
H030,P0016
H030,P0017
H030,P0018
H030,P0021
H030,P0022
H030,P0024
H030,P0025
H030,P0026
H030,P0030
H030,P0033
H030,P0034
H030,P0035
H030,P0036
H030,P0039
H030,P0042
H030,P0043
H030,P0045
H030,P0049
H030,P0052
H030,P0053
H030,P0058
H030,P0062
H030,P0071
H030,P0072
H030,P0075
H030,P0076
H030,P0078
H030,P0079
H030,P0080
H030,P0083
H030,P0084
H030,P0085
H030,P0086
H030,P0089
H030,P0090
H030,P0091
H030,P0092
H030,P0093
H030,P0094
H030,P0097
H030,P0099
H030,P0103
H030,P0105
H030,P0107
H030,P0109
H030,P0111
H030,P0113
H030,P0114
H030,P0117
H030,P0121
H030,P0122
H030,P0126
H030,P0129
H030,P0130
H030,P0131
H030,P0132
H030,P0133
H030,P0135
H030,P0136
H030,P0137
H030,P0138
H030,P0143
H030,P0144
H030,P0146
H030,P0148
H030,P0154
H030,P0155
H030,P0156
H030,P0157
H030,P0160
H030,P0162
H030,P0163
H030,P0165
H030,P0168
H030,P0171
H030,P0178
H030,P0179
H030,P0181
H030,P0182
H030,P0185
H030,P0188
H030,P0189
H030,P0190
H030,P0191
H030,P0192
H030,P0193
H030,P0194
H030,P0198
H030,P0201
H030,P0205
H030,P0207
H030,P0210
H030,P0211
H030,P0213
H030,P0222
H030,P0224
H030,P0226
H030,P0229
H030,P0230
H030,P0231
H030,P0232
H030,P0233
H030,P0235
H030,P0236
H030,P0237
H030,P0238
H030,P0240
H030,P0243
H030,P0244
H030,P0246
H030,P0247
H030,P0249
H030,P0250
H030,P0251
H030,P0253
H030,P0256
H030,P0257
H030,P0258
H030,P0260
H030,P0261
H030,P0262
H030,P0264
H030,P0268
H030,P0273
H030,P0274
H030,P0276
H030,P0277
H030,P0279
H030,P0280
H030,P0285
H030,P0286
H030,P0287
H030,P0288
H030,P0289
H030,P0292
H030,P0295
H030,P0296
H030,P0299
H030,P0303
H030,P0304
H030,P0306
H030,P0307
H030,P0308
H030,P0310
H030,P0312
H030,P0313
H030,P0314
H030,P0317
H030,P0321
H030,P0327
H030,P0330
H030,P0332
H030,P0336
H030,P0337
H030,P0339
H030,P0340
H030,P0344
H030,P0345
H030,P0346
H030,P0348
H030,P0349
H030,P0351
H030,P0352
H030,P0355
H030,P0356
H030,P0357
H030,P0358
H030,P0359
H030,P0360
H030,P0361
H030,P0364
H030,P0366
H030,P0368
H030,P0369
H030,P0371
H030,P0372
H030,P0373
H030,P0375
H030,P0378
H030,P0379
H030,P0380
H030,P0381
H030,P0382
H030,P0385
H030,P0394
H030,P0395
H030,P0397
H030,P0398
H030,P0401
H030,P0407
H030,P0409
H030,P0411
H030,P0413
H030,P0418
H030,P0422
H030,P0424
H030,P0427
H030,P0430
H030,P0431
H030,P0433
H030,P0435
H030,P0436
H030,P0437
H030,P0439
H030,P0442
H030,P0447
H030,P0451
H030,P0452
H030,P0453
H030,P0458
H030,P0459
H030,P0461
H030,P0464
H030,P0467
H030,P0468
H030,P0469
H030,P0471
H030,P0472
H030,P0473
H030,P0474
H030,P0476
H030,P0477
H030,P0478
H030,P0481
H030,P0482
H030,P0487
H030,P0488
H030,P0492
H030,P0494
H030,P0497
H030,P0500
H030,P0502
H030,P0505
H030,P0506
H030,P0507
H030,P0508
H030,P0511
H030,P0512
H030,P0514
H030,P0518
H030,P0519
H030,P0520
H030,P0527
H030,P0528
H030,P0529
H030,P0530
H030,P0533
H030,P0535
H030,P0537
H030,P0538
H030,P0540
H030,P0541
H030,P0542
H030,P0543
H030,P0544
H030,P0545
H030,P0547
H030,P0548
H030,P0552
H030,P0553
H030,P0554
H030,P0556
H030,P0557
H030,P0558
H030,P0562
H030,P0563
H030,P0566
H030,P0570
H030,P0571
H030,P0572
H030,P0574
H030,P0575
H030,P0576
H030,P0577
H030,P0578
H030,P0579
H030,P0582
H030,P0584
H030,P0589
H030,P0590
H030,P0593
H030,P0594
H030,P0596
H031,P0001
H031,P0002
H031,P0003
H031,P0004
H031,P0006
H031,P0007
H031,P0010
H031,P0013
H031,P0015
H031,P0016
H031,P0017
H031,P0019
H031,P0020
H031,P0021
H031,P0022
H031,P0023
H031,P0024
H031,P0026
H031,P0028
H031,P0029
H031,P0031
H031,P0033
H031,P0034
H031,P0035
H031,P0036
H031,P0037
H031,P0039
H031,P0042
H031,P0043
H031,P0044
H031,P0045
H031,P0046
H031,P0047
H031,P0048
H031,P0049
H031,P0050
H031,P0051
H031,P0053
H031,P0054
H031,P0055
H031,P0056
H031,P0057
H031,P0058
H031,P0061
H031,P0062
H031,P0064
H031,P0065
H031,P0066
H031,P0067
H031,P0068
H031,P0069
H031,P0071
H031,P0072
H031,P0074
H031,P0075
H031,P0076
H031,P0078
H031,P0079
H031,P0080
H031,P0081
H031,P0082
H031,P0083
H031,P0085
H031,P0086
H031,P0087
H031,P0088
H031,P0089
H031,P0090
H031,P0091
H031,P0092
H031,P0093
H031,P0094
H031,P0095
H031,P0096
H031,P0097
H031,P0101
H031,P0102
H031,P0103
H031,P0104
H031,P0105
H031,P0106
H031,P0107
H031,P0108
H031,P0109
H031,P0110
H031,P0111
H031,P0112
H031,P0113
H031,P0114
H031,P0115
H031,P0116
H031,P0117
H031,P0118
H031,P0120
H031,P0121
H031,P0122
H031,P0124
H031,P0125
H031,P0126
H031,P0128
H031,P0129
H031,P0130
H031,P0132
H031,P0133
H031,P0134
H031,P0135
H031,P0136
H031,P0138
H031,P0139
H031,P0140
H031,P0141
H031,P0142
H031,P0144
H031,P0145
H031,P0146
H031,P0147
H031,P0148
H031,P0149
H031,P0150
H031,P0152
H031,P0153
H031,P0154
H031,P0155
H031,P0157
H031,P0158
H031,P0160
H031,P0161
H031,P0162
H031,P0163
H031,P0164
H031,P0165
H031,P0169
H031,P0170
H031,P0171
H031,P0172
H031,P0173
H031,P0177
H031,P0178
H031,P0179
H031,P0180
H031,P0181
H031,P0182
H031,P0183
H031,P0185
H031,P0186
H031,P0187
H031,P0188
H031,P0189
H031,P0190
H031,P0191
H031,P0193
H031,P0194
H031,P0196
H031,P0197
H031,P0200
H031,P0201
H031,P0203
H031,P0204
H031,P0205
H031,P0206
H031,P0209
H031,P0211
H031,P0213
H031,P0218
H031,P0219
H031,P0220
H031,P0222
H031,P0223
H031,P0225
H031,P0226
H031,P0228
H031,P0229
H031,P0230
H031,P0231
H031,P0232
H031,P0234
H031,P0235
H031,P0236
H031,P0237
H031,P0238
H031,P0239
H031,P0241
H031,P0242
H031,P0243
H031,P0244
H031,P0245
H031,P0246
H031,P0247
H031,P0249
H031,P0250
H031,P0251
H031,P0252
H031,P0253
H031,P0254
H031,P0256
H031,P0257
H031,P0258
H031,P0259
H031,P0262
H031,P0263
H031,P0264
H031,P0265
H031,P0266
H031,P0267
H031,P0268
H031,P0269
H031,P0274
H031,P0276
H031,P0278
H031,P0279
H031,P0280
H031,P0281
H031,P0283
H031,P0284
H031,P0285
H031,P0286
H031,P0287
H031,P0288
H031,P0290
H031,P0291
H031,P0294
H031,P0295
H031,P0296
H031,P0298
H031,P0299
H031,P0300
H031,P0301
H031,P0302
H031,P0303
H031,P0305
H031,P0306
H031,P0307
H031,P0309
H031,P0310
H031,P0311
H031,P0314
H031,P0315
H031,P0317
H031,P0318
H031,P0320
H031,P0322
H031,P0323
H031,P0325
H031,P0326
H031,P0327
H031,P0328
H031,P0330
H031,P0332
H031,P0334
H031,P0335
H031,P0336
H031,P0337
H031,P0338
H031,P0341
H031,P0343
H031,P0344
H031,P0345
H031,P0346
H031,P0347
H031,P0348
H031,P0351
H031,P0352
H031,P0353
H031,P0354
H031,P0355
H031,P0356
H031,P0357
H031,P0358
H031,P0359
H031,P0361
H031,P0362
H031,P0363
H031,P0364
H031,P0366
H031,P0367
H031,P0368
H031,P0369
H031,P0370
H031,P0371
H031,P0372
H031,P0374
H031,P0375
H031,P0376
H031,P0377
H031,P0378
H031,P0379
H031,P0380
H031,P0381
H031,P0383
H031,P0384
H031,P0385
H031,P0388
H031,P0390
H031,P0391
H031,P0392
H031,P0394
H031,P0395
H031,P0396
H031,P0397
H031,P0398
H031,P0400
H031,P0401
H031,P0402
H031,P0404
H031,P0406
H031,P0407
H031,P0408
H031,P0410
H031,P0411
H031,P0414
H031,P0415
H031,P0416
H031,P0418
H031,P0420
H031,P0421
H031,P0422
H031,P0423
H031,P0425
H031,P0427
H031,P0431
H031,P0432
H031,P0433
H031,P0434
H031,P0435
H031,P0436
H031,P0438
H031,P0439
H031,P0441
H031,P0442
H031,P0447
H031,P0448
H031,P0451
H031,P0452
H031,P0453
H031,P0454
H031,P0456
H031,P0459
H031,P0460
H031,P0461
H031,P0464
H031,P0465
H031,P0466
H031,P0471
H031,P0472
H031,P0473
H031,P0474
H031,P0477
H031,P0478
H031,P0479
H031,P0480
H031,P0482
H031,P0483
H031,P0484
H031,P0485
H031,P0486
H031,P0487
H031,P0488
H031,P0489
H031,P0490
H031,P0491
H031,P0492
H031,P0493
H031,P0495
H031,P0497
H031,P0498
H031,P0500
H031,P0502
H031,P0503
H031,P0504
H031,P0505
H031,P0507
H031,P0508
H031,P0509
H031,P0510
H031,P0511
H031,P0512
H031,P0514
H031,P0515
H031,P0516
H031,P0517
H031,P0518
H031,P0519
H031,P0520
H031,P0521
H031,P0523
H031,P0526
H031,P0527
H031,P0528
H031,P0529
H031,P0530
H031,P0531
H031,P0532
H031,P0533
H031,P0534
H031,P0535
H031,P0537
H031,P0538
H031,P0540
H031,P0541
H031,P0542
H031,P0543
H031,P0545
H031,P0546
H031,P0547
H031,P0548
H031,P0549
H031,P0551
H031,P0553
H031,P0554
H031,P0555
H031,P0556
H031,P0557
H031,P0559
H031,P0560
H031,P0561
H031,P0563
H031,P0565
H031,P0566
H031,P0567
H031,P0568
H031,P0569
H031,P0570
H031,P0571
H031,P0574
H031,P0575
H031,P0576
H031,P0577
H031,P0579
H031,P0582
H031,P0583
H031,P0584
H031,P0585
H031,P0586
H031,P0587
H031,P0588
H031,P0589
H031,P0590
H031,P0593
H031,P0595
H031,P0597
H031,P0598
H031,P0599
H031,P0600
H032,P0001
H032,P0002
H032,P0003
H032,P0006
H032,P0007
H032,P0008
H032,P0010
H032,P0012
H032,P0013
H032,P0014
H032,P0015
H032,P0016
H032,P0017
H032,P0018
H032,P0019
H032,P0020
H032,P0022
H032,P0023
H032,P0024
H032,P0026
H032,P0027
H032,P0028
H032,P0030
H032,P0031
H032,P0032
H032,P0033
H032,P0035
H032,P0036
H032,P0037
H032,P0038
H032,P0039
H032,P0040
H032,P0041
H032,P0042
H032,P0043
H032,P0045
H032,P0046
H032,P0047
H032,P0048
H032,P0049
H032,P0050
H032,P0051
H032,P0052
H032,P0053
H032,P0054
H032,P0055
H032,P0057
H032,P0059
H032,P0061
H032,P0062
H032,P0063
H032,P0064
H032,P0065
H032,P0067
H032,P0069
H032,P0070
H032,P0071
H032,P0072
H032,P0073
H032,P0074
H032,P0075
H032,P0076
H032,P0077
H032,P0079
H032,P0080
H032,P0082
H032,P0083
H032,P0084
H032,P0085
H032,P0086
H032,P0087
H032,P0088
H032,P0090
H032,P0091
H032,P0092
H032,P0093
H032,P0094
H032,P0096
H032,P0097
H032,P0100
H032,P0101
H032,P0102
H032,P0104
H032,P0105
H032,P0110
H032,P0111
H032,P0112
H032,P0113
H032,P0114
H032,P0115
H032,P0116
H032,P0117
H032,P0118
H032,P0119
H032,P0120
H032,P0121
H032,P0122
H032,P0123
H032,P0125
H032,P0127
H032,P0128
H032,P0129
H032,P0130
H032,P0131
H032,P0132
H032,P0133
H032,P0134
H032,P0135
H032,P0136
H032,P0137
H032,P0138
H032,P0139
H032,P0140
H032,P0141
H032,P0143
H032,P0144
H032,P0145
H032,P0146
H032,P0147
H032,P0148
H032,P0149
H032,P0150
H032,P0151
H032,P0153
H032,P0154
H032,P0155
H032,P0156
H032,P0157
H032,P0158
H032,P0161
H032,P0163
H032,P0164
H032,P0165
H032,P0167
H032,P0169
H032,P0170
H032,P0171
H032,P0172
H032,P0173
H032,P0176
H032,P0178
H032,P0179
H032,P0180
H032,P0181
H032,P0183
H032,P0184
H032,P0185
H032,P0186
H032,P0187
H032,P0188
H032,P0189
H032,P0190
H032,P0191
H032,P0193
H032,P0195
H032,P0196
H032,P0197
H032,P0198
H032,P0199
H032,P0201
H032,P0202
H032,P0203
H032,P0204
H032,P0206
H032,P0207
H032,P0208
H032,P0209
H032,P0210
H032,P0213
H032,P0214
H032,P0215
H032,P0216
H032,P0217
H032,P0218
H032,P0219
H032,P0221
H032,P0222
H032,P0225
H032,P0226
H032,P0227
H032,P0228
H032,P0229
H032,P0231
H032,P0232
H032,P0233
H032,P0235
H032,P0237
H032,P0238
H032,P0239
H032,P0241
H032,P0244
H032,P0245
H032,P0246
H032,P0247
H032,P0249
H032,P0250
H032,P0251
H032,P0253
H032,P0254
H032,P0256
H032,P0257
H032,P0258
H032,P0259
H032,P0260
H032,P0262
H032,P0264
H032,P0265
H032,P0266
H032,P0267
H032,P0269
H032,P0271
H032,P0272
H032,P0273
H032,P0274
H032,P0275
H032,P0278
H032,P0279
H032,P0280
H032,P0281
H032,P0282
H032,P0283
H032,P0284
H032,P0285
H032,P0287
H032,P0289
H032,P0291
H032,P0294
H032,P0295
H032,P0296
H032,P0297
H032,P0298
H032,P0299
H032,P0300
H032,P0302
H032,P0303
H032,P0305
H032,P0306
H032,P0307
H032,P0308
H032,P0309
H032,P0310
H032,P0311
H032,P0312
H032,P0313
H032,P0314
H032,P0316
H032,P0317
H032,P0320
H032,P0321
H032,P0324
H032,P0327
H032,P0329
H032,P0330
H032,P0331
H032,P0332
H032,P0333
H032,P0334
H032,P0336
H032,P0337
H032,P0338
H032,P0339
H032,P0341
H032,P0342
H032,P0344
H032,P0345
H032,P0346
H032,P0349
H032,P0351
H032,P0352
H032,P0353
H032,P0354
H032,P0355
H032,P0356
H032,P0357
H032,P0358
H032,P0359
H032,P0360
H032,P0361
H032,P0362
H032,P0363
H032,P0364
H032,P0365
H032,P0366
H032,P0367
H032,P0368
H032,P0369
H032,P0370
H032,P0371
H032,P0373
H032,P0374
H032,P0375
H032,P0376
H032,P0377
H032,P0378
H032,P0379
H032,P0380
H032,P0381
H032,P0382
H032,P0383
H032,P0384
H032,P0385
H032,P0386
H032,P0387
H032,P0390
H032,P0391
H032,P0392
H032,P0393
H032,P0394
H032,P0396
H032,P0397
H032,P0398
H032,P0399
H032,P0402
H032,P0404
H032,P0407
H032,P0408
H032,P0409
H032,P0410
H032,P0411
H032,P0412
H032,P0414
H032,P0415
H032,P0420
H032,P0421
H032,P0423
H032,P0424
H032,P0425
H032,P0426
H032,P0427
H032,P0429
H032,P0430
H032,P0431
H032,P0432
H032,P0433
H032,P0434
H032,P0435
H032,P0436
H032,P0437
H032,P0440
H032,P0441
H032,P0442
H032,P0444
H032,P0445
H032,P0446
H032,P0447
H032,P0449
H032,P0450
H032,P0451
H032,P0453
H032,P0454
H032,P0455
H032,P0456
H032,P0459
H032,P0461
H032,P0462
H032,P0463
H032,P0465
H032,P0467
H032,P0468
H032,P0470
H032,P0471
H032,P0472
H032,P0474
H032,P0481
H032,P0482
H032,P0484
H032,P0485
H032,P0486
H032,P0487
H032,P0488
H032,P0489
H032,P0490
H032,P0491
H032,P0492
H032,P0493
H032,P0494
H032,P0495
H032,P0496
H032,P0497
H032,P0498
H032,P0499
H032,P0500
H032,P0505
H032,P0507
H032,P0508
H032,P0511
H032,P0514
H032,P0517
H032,P0518
H032,P0519
H032,P0520
H032,P0521
H032,P0522
H032,P0524
H032,P0527
H032,P0528
H032,P0529
H032,P0530
H032,P0531
H032,P0532
H032,P0533
H032,P0534
H032,P0535
H032,P0537
H032,P0538
H032,P0539
H032,P0540
H032,P0541
H032,P0543
H032,P0544
H032,P0545
H032,P0546
H032,P0547
H032,P0548
H032,P0551
H032,P0553
H032,P0556
H032,P0557
H032,P0558
H032,P0559
H032,P0560
H032,P0561
H032,P0563
H032,P0565
H032,P0568
H032,P0569
H032,P0570
H032,P0571
H032,P0572
H032,P0574
H032,P0575
H032,P0578
H032,P0579
H032,P0581
H032,P0582
H032,P0583
H032,P0584
H032,P0585
H032,P0586
H032,P0587
H032,P0589
H032,P0590
H032,P0592
H032,P0593
H032,P0596
H032,P0599
H032,P0600
H033,P0001
H033,P0002
H033,P0003
H033,P0006
H033,P0011
H033,P0013
H033,P0017
H033,P0018
H033,P0021
H033,P0022
H033,P0024
H033,P0025
H033,P0026
H033,P0027
H033,P0033
H033,P0035
H033,P0037
H033,P0039
H033,P0041
H033,P0043
H033,P0045
H033,P0046
H033,P0047
H033,P0048
H033,P0049
H033,P0052
H033,P0055
H033,P0056
H033,P0060
H033,P0061
H033,P0066
H033,P0071
H033,P0072
H033,P0073
H033,P0075
H033,P0076
H033,P0078
H033,P0079
H033,P0085
H033,P0086
H033,P0087
H033,P0088
H033,P0089
H033,P0091
H033,P0093
H033,P0094
H033,P0098
H033,P0100
H033,P0101
H033,P0102
H033,P0103
H033,P0104
H033,P0105
H033,P0108
H033,P0109
H033,P0111
H033,P0113
H033,P0114
H033,P0115
H033,P0118
H033,P0121
H033,P0125
H033,P0126
H033,P0128
H033,P0129
H033,P0130
H033,P0131
H033,P0132
H033,P0133
H033,P0135
H033,P0136
H033,P0140
H033,P0142
H033,P0143
H033,P0146
H033,P0147
H033,P0148
H033,P0149
H033,P0150
H033,P0151
H033,P0154
H033,P0155
H033,P0157
H033,P0158
H033,P0160
H033,P0162
H033,P0163
H033,P0167
H033,P0168
H033,P0169
H033,P0171
H033,P0172
H033,P0174
H033,P0176
H033,P0178
H033,P0179
H033,P0183
H033,P0185
H033,P0188
H033,P0190
H033,P0192
H033,P0193
H033,P0194
H033,P0195
H033,P0196
H033,P0199
H033,P0201
H033,P0202
H033,P0203
H033,P0204
H033,P0205
H033,P0206
H033,P0208
H033,P0210
H033,P0211
H033,P0212
H033,P0213
H033,P0215
H033,P0216
H033,P0219
H033,P0221
H033,P0222
H033,P0224
H033,P0226
H033,P0227
H033,P0229
H033,P0231
H033,P0235
H033,P0236
H033,P0237
H033,P0238
H033,P0241
H033,P0243
H033,P0245
H033,P0246
H033,P0247
H033,P0249
H033,P0250
H033,P0251
H033,P0254
H033,P0255
H033,P0256
H033,P0257
H033,P0258
H033,P0259
H033,P0265
H033,P0268
H033,P0269
H033,P0271
H033,P0273
H033,P0274
H033,P0275
H033,P0277
H033,P0279
H033,P0282
H033,P0284
H033,P0287
H033,P0294
H033,P0297
H033,P0303
H033,P0307
H033,P0308
H033,P0309
H033,P0312
H033,P0313
H033,P0317
H033,P0319
H033,P0320
H033,P0321
H033,P0323
H033,P0325
H033,P0327
H033,P0328
H033,P0329
H033,P0330
H033,P0332
H033,P0335
H033,P0336
H033,P0339
H033,P0340
H033,P0342
H033,P0345
H033,P0348
H033,P0352
H033,P0356
H033,P0357
H033,P0358
H033,P0362
H033,P0364
H033,P0367
H033,P0368
H033,P0369
H033,P0370
H033,P0371
H033,P0372
H033,P0374
H033,P0375
H033,P0377
H033,P0379
H033,P0381
H033,P0385
H033,P0387
H033,P0394
H033,P0395
H033,P0396
H033,P0397
H033,P0398
H033,P0400
H033,P0401
H033,P0402
H033,P0403
H033,P0406
H033,P0407
H033,P0409
H033,P0410
H033,P0411
H033,P0412
H033,P0413
H033,P0417
H033,P0418
H033,P0420
H033,P0422
H033,P0424
H033,P0427
H033,P0428
H033,P0430
H033,P0431
H033,P0437
H033,P0439
H033,P0441
H033,P0442
H033,P0444
H033,P0446
H033,P0447
H033,P0448
H033,P0453
H033,P0454
H033,P0455
H033,P0456
H033,P0459
H033,P0461
H033,P0463
H033,P0464
H033,P0466
H033,P0467
H033,P0468
H033,P0469
H033,P0470
H033,P0472
H033,P0474
H033,P0477
H033,P0478
H033,P0479
H033,P0483
H033,P0486
H033,P0488
H033,P0489
H033,P0490
H033,P0492
H033,P0493
H033,P0494
H033,P0497
H033,P0498
H033,P0499
H033,P0502
H033,P0504
H033,P0505
H033,P0506
H033,P0507
H033,P0508
H033,P0509
H033,P0512
H033,P0514
H033,P0516
H033,P0518
H033,P0519
H033,P0522
H033,P0523
H033,P0524
H033,P0525
H033,P0526
H033,P0527
H033,P0532
H033,P0534
H033,P0537
H033,P0539
H033,P0540
H033,P0542
H033,P0543
H033,P0548
H033,P0549
H033,P0550
H033,P0553
H033,P0554
H033,P0556
H033,P0557
H033,P0560
H033,P0561
H033,P0562
H033,P0563
H033,P0567
H033,P0568
H033,P0570
H033,P0573
H033,P0574
H033,P0577
H033,P0578
H033,P0579
H033,P0580
H033,P0583
H033,P0585
H033,P0588
H033,P0589
H033,P0590
H033,P0594
H033,P0596
H033,P0599
H033,P0600
H034,P0003
H034,P0006
H034,P0009
H034,P0013
H034,P0014
H034,P0016
H034,P0018
H034,P0021
H034,P0022
H034,P0029
H034,P0032
H034,P0035
H034,P0039
H034,P0043
H034,P0046
H034,P0047
H034,P0050
H034,P0052
H034,P0057
H034,P0058
H034,P0062
H034,P0065
H034,P0068
H034,P0079
H034,P0086
H034,P0087
H034,P0089
H034,P0092
H034,P0093
H034,P0096
H034,P0097
H034,P0098
H034,P0101
H034,P0103
H034,P0105
H034,P0106
H034,P0107
H034,P0111
H034,P0112
H034,P0113
H034,P0116
H034,P0117
H034,P0121
H034,P0122
H034,P0125
H034,P0126
H034,P0127
H034,P0128
H034,P0129
H034,P0134
H034,P0136
H034,P0139
H034,P0140
H034,P0142
H034,P0144
H034,P0146
H034,P0147
H034,P0148
H034,P0149
H034,P0150
H034,P0152
H034,P0157
H034,P0163
H034,P0165
H034,P0171
H034,P0176
H034,P0178
H034,P0180
H034,P0181
H034,P0182
H034,P0185
H034,P0193
H034,P0197
H034,P0199
H034,P0201
H034,P0204
H034,P0205
H034,P0206
H034,P0208
H034,P0210
H034,P0211
H034,P0214
H034,P0215
H034,P0216
H034,P0218
H034,P0222
H034,P0224
H034,P0225
H034,P0226
H034,P0229
H034,P0230
H034,P0231
H034,P0232
H034,P0238
H034,P0239
H034,P0241
H034,P0243
H034,P0245
H034,P0246
H034,P0247
H034,P0249
H034,P0250
H034,P0251
H034,P0256
H034,P0257
H034,P0259
H034,P0262
H034,P0265
H034,P0268
H034,P0272
H034,P0273
H034,P0274
H034,P0277
H034,P0278
H034,P0279
H034,P0280
H034,P0281
H034,P0283
H034,P0284
H034,P0287
H034,P0295
H034,P0296
H034,P0299
H034,P0300
H034,P0305
H034,P0307
H034,P0308
H034,P0310
H034,P0312
H034,P0314
H034,P0317
H034,P0318
H034,P0321
H034,P0322
H034,P0324
H034,P0327
H034,P0329
H034,P0330
H034,P0332
H034,P0334
H034,P0336
H034,P0339
H034,P0340
H034,P0341
H034,P0342
H034,P0345
H034,P0346
H034,P0349
H034,P0353
H034,P0355
H034,P0356
H034,P0358
H034,P0359
H034,P0361
H034,P0364
H034,P0365
H034,P0366
H034,P0367
H034,P0370
H034,P0372
H034,P0374
H034,P0375
H034,P0378
H034,P0380
H034,P0381
H034,P0383
H034,P0384
H034,P0387
H034,P0393
H034,P0396
H034,P0397
H034,P0398
H034,P0402
H034,P0404
H034,P0406
H034,P0408
H034,P0411
H034,P0413
H034,P0416
H034,P0420
H034,P0423
H034,P0425
H034,P0428
H034,P0430
H034,P0432
H034,P0433
H034,P0439
H034,P0441
H034,P0442
H034,P0447
H034,P0450
H034,P0451
H034,P0455
H034,P0456
H034,P0458
H034,P0459
H034,P0461
H034,P0463
H034,P0464
H034,P0465
H034,P0468
H034,P0470
H034,P0471
H034,P0474
H034,P0478
H034,P0482
H034,P0485
H034,P0489
H034,P0490
H034,P0494
H034,P0495
H034,P0497
H034,P0499
H034,P0500
H034,P0505
H034,P0506
H034,P0509
H034,P0511
H034,P0514
H034,P0515
H034,P0518
H034,P0519
H034,P0522
H034,P0524
H034,P0527
H034,P0528
H034,P0532
H034,P0533
H034,P0537
H034,P0538
H034,P0540
H034,P0541
H034,P0543
H034,P0545
H034,P0548
H034,P0550
H034,P0551
H034,P0552
H034,P0553
H034,P0556
H034,P0557
H034,P0560
H034,P0561
H034,P0563
H034,P0564
H034,P0565
H034,P0567
H034,P0570
H034,P0571
H034,P0575
H034,P0584
H034,P0586
H034,P0587
H034,P0589
H034,P0593
H034,P0594
H034,P0596
H034,P0598
H034,P0599
H035,P0001
H035,P0002
H035,P0003
H035,P0004
H035,P0005
H035,P0006
H035,P0007
H035,P0010
H035,P0011
H035,P0013
H035,P0014
H035,P0015
H035,P0016
H035,P0018
H035,P0019
H035,P0021
H035,P0022
H035,P0023
H035,P0024
H035,P0026
H035,P0027
H035,P0029
H035,P0030
H035,P0031
H035,P0032
H035,P0033
H035,P0035
H035,P0036
H035,P0039
H035,P0041
H035,P0043
H035,P0045
H035,P0047
H035,P0048
H035,P0049
H035,P0050
H035,P0051
H035,P0052
H035,P0054
H035,P0055
H035,P0057
H035,P0058
H035,P0059
H035,P0060
H035,P0061
H035,P0063
H035,P0064
H035,P0065
H035,P0066
H035,P0068
H035,P0069
H035,P0070
H035,P0071
H035,P0072
H035,P0073
H035,P0076
H035,P0078
H035,P0082
H035,P0084
H035,P0085
H035,P0086
H035,P0087
H035,P0088
H035,P0091
H035,P0092
H035,P0093
H035,P0094
H035,P0095
H035,P0096
H035,P0097
H035,P0098
H035,P0099
H035,P0100
H035,P0101
H035,P0102
H035,P0104
H035,P0105
H035,P0107
H035,P0108
H035,P0109
H035,P0110
H035,P0112
H035,P0113
H035,P0114
H035,P0116
H035,P0117
H035,P0121
H035,P0122
H035,P0123
H035,P0124
H035,P0125
H035,P0126
H035,P0127
H035,P0128
H035,P0129
H035,P0130
H035,P0132
H035,P0133
H035,P0135
H035,P0136
H035,P0137
H035,P0138
H035,P0139
H035,P0140
H035,P0142
H035,P0143
H035,P0144
H035,P0145
H035,P0146
H035,P0147
H035,P0148
H035,P0149
H035,P0150
H035,P0152
H035,P0153
H035,P0154
H035,P0155
H035,P0156
H035,P0157
H035,P0162
H035,P0163
H035,P0164
H035,P0165
H035,P0166
H035,P0167
H035,P0169
H035,P0170
H035,P0171
H035,P0172
H035,P0173
H035,P0174
H035,P0175
H035,P0176
H035,P0177
H035,P0182
H035,P0183
H035,P0184
H035,P0185
H035,P0186
H035,P0187
H035,P0188
H035,P0189
H035,P0190
H035,P0192
H035,P0193
H035,P0194
H035,P0195
H035,P0198
H035,P0199
H035,P0200
H035,P0201
H035,P0203
H035,P0206
H035,P0207
H035,P0208
H035,P0209
H035,P0210
H035,P0211
H035,P0212
H035,P0213
H035,P0214
H035,P0217
H035,P0218
H035,P0219
H035,P0220
H035,P0222
H035,P0223
H035,P0224
H035,P0225
H035,P0226
H035,P0227
H035,P0229
H035,P0230
H035,P0231
H035,P0232
H035,P0233
H035,P0234
H035,P0235
H035,P0237
H035,P0238
H035,P0242
H035,P0243
H035,P0244
H035,P0245
H035,P0247
H035,P0249
H035,P0250
H035,P0251
H035,P0252
H035,P0253
H035,P0254
H035,P0255
H035,P0256
H035,P0257
H035,P0259
H035,P0261
H035,P0262
H035,P0263
H035,P0264
H035,P0265
H035,P0266
H035,P0267
H035,P0269
H035,P0270
H035,P0271
H035,P0272
H035,P0273
H035,P0275
H035,P0277
H035,P0279
H035,P0280
H035,P0284
H035,P0285
H035,P0286
H035,P0287
H035,P0288
H035,P0290
H035,P0291
H035,P0292
H035,P0294
H035,P0295
H035,P0296
H035,P0299
H035,P0300
H035,P0302
H035,P0303
H035,P0305
H035,P0306
H035,P0307
H035,P0308
H035,P0311
H035,P0312
H035,P0313
H035,P0314
H035,P0316
H035,P0317
H035,P0318
H035,P0319
H035,P0320
H035,P0321
H035,P0322
H035,P0323
H035,P0324
H035,P0325
H035,P0326
H035,P0327
H035,P0329
H035,P0330
H035,P0333
H035,P0334
H035,P0335
H035,P0336
H035,P0337
H035,P0338
H035,P0339
H035,P0340
H035,P0342
H035,P0343
H035,P0344
H035,P0345
H035,P0346
H035,P0347
H035,P0348
H035,P0349
H035,P0350
H035,P0351
H035,P0353
H035,P0354
H035,P0356
H035,P0358
H035,P0359
H035,P0360
H035,P0361
H035,P0362
H035,P0363
H035,P0366
H035,P0368
H035,P0369
H035,P0370
H035,P0371
H035,P0372
H035,P0374
H035,P0375
H035,P0377
H035,P0378
H035,P0379
H035,P0380
H035,P0382
H035,P0383
H035,P0384
H035,P0385
H035,P0386
H035,P0387
H035,P0388
H035,P0390
H035,P0391
H035,P0394
H035,P0395
H035,P0396
H035,P0397
H035,P0398
H035,P0399
H035,P0400
H035,P0401
H035,P0402
H035,P0403
H035,P0404
H035,P0405
H035,P0406
H035,P0408
H035,P0409
H035,P0410
H035,P0411
H035,P0412
H035,P0413
H035,P0414
H035,P0415
H035,P0416
H035,P0417
H035,P0418
H035,P0419
H035,P0421
H035,P0422
H035,P0423
H035,P0424
H035,P0425
H035,P0426
H035,P0427
H035,P0428
H035,P0429
H035,P0430
H035,P0431
H035,P0432
H035,P0433
H035,P0435
H035,P0438
H035,P0439
H035,P0440
H035,P0441
H035,P0446
H035,P0447
H035,P0448
H035,P0449
H035,P0450
H035,P0451
H035,P0452
H035,P0454
H035,P0455
H035,P0456
H035,P0459
H035,P0460
H035,P0461
H035,P0463
H035,P0464
H035,P0465
H035,P0466
H035,P0467
H035,P0468
H035,P0469
H035,P0470
H035,P0471
H035,P0472
H035,P0473
H035,P0474
H035,P0477
H035,P0478
H035,P0479
H035,P0480
H035,P0482
H035,P0483
H035,P0484
H035,P0485
H035,P0486
H035,P0488
H035,P0489
H035,P0490
H035,P0492
H035,P0494
H035,P0495
H035,P0496
H035,P0497
H035,P0499
H035,P0500
H035,P0501
H035,P0502
H035,P0503
H035,P0504
H035,P0505
H035,P0506
H035,P0508
H035,P0509
H035,P0510
H035,P0512
H035,P0513
H035,P0514
H035,P0515
H035,P0516
H035,P0517
H035,P0518
H035,P0519
H035,P0520
H035,P0521
H035,P0523
H035,P0524
H035,P0527
H035,P0528
H035,P0530
H035,P0532
H035,P0533
H035,P0534
H035,P0537
H035,P0538
H035,P0540
H035,P0541
H035,P0542
H035,P0543
H035,P0544
H035,P0545
H035,P0546
H035,P0547
H035,P0548
H035,P0549
H035,P0550
H035,P0553
H035,P0555
H035,P0556
H035,P0558
H035,P0559
H035,P0564
H035,P0565
H035,P0566
H035,P0567
H035,P0568
H035,P0569
H035,P0571
H035,P0573
H035,P0574
H035,P0576
H035,P0577
H035,P0578
H035,P0579
H035,P0580
H035,P0581
H035,P0582
H035,P0583
H035,P0585
H035,P0586
H035,P0588
H035,P0589
H035,P0590
H035,P0591
H035,P0593
H035,P0594
H035,P0595
H035,P0597
H035,P0599
H035,P0600
H036,P0001
H036,P0002
H036,P0005
H036,P0006
H036,P0007
H036,P0010
H036,P0011
H036,P0012
H036,P0017
H036,P0018
H036,P0019
H036,P0025
H036,P0026
H036,P0027
H036,P0028
H036,P0029
H036,P0030
H036,P0031
H036,P0032
H036,P0034
H036,P0035
H036,P0036
H036,P0038
H036,P0043
H036,P0045
H036,P0046
H036,P0047
H036,P0049
H036,P0051
H036,P0052
H036,P0053
H036,P0055
H036,P0057
H036,P0058
H036,P0059
H036,P0060
H036,P0062
H036,P0063
H036,P0064
H036,P0065
H036,P0066
H036,P0068
H036,P0069
H036,P0070
H036,P0071
H036,P0072
H036,P0073
H036,P0074
H036,P0075
H036,P0078
H036,P0079
H036,P0080
H036,P0081
H036,P0083
H036,P0084
H036,P0085
H036,P0086
H036,P0087
H036,P0088
H036,P0091
H036,P0092
H036,P0093
H036,P0094
H036,P0095
H036,P0096
H036,P0097
H036,P0098
H036,P0100
H036,P0102
H036,P0103
H036,P0104
H036,P0105
H036,P0106
H036,P0107
H036,P0108
H036,P0109
H036,P0110
H036,P0112
H036,P0113
H036,P0115
H036,P0117
H036,P0119
H036,P0121
H036,P0122
H036,P0123
H036,P0124
H036,P0128
H036,P0130
H036,P0132
H036,P0135
H036,P0136
H036,P0137
H036,P0138
H036,P0139
H036,P0140
H036,P0141
H036,P0142
H036,P0143
H036,P0145
H036,P0146
H036,P0147
H036,P0149
H036,P0150
H036,P0151
H036,P0153
H036,P0154
H036,P0155
H036,P0156
H036,P0158
H036,P0159
H036,P0160
H036,P0161
H036,P0162
H036,P0165
H036,P0166
H036,P0168
H036,P0169
H036,P0170
H036,P0173
H036,P0174
H036,P0175
H036,P0178
H036,P0181
H036,P0182
H036,P0183
H036,P0184
H036,P0185
H036,P0187
H036,P0188
H036,P0189
H036,P0190
H036,P0191
H036,P0192
H036,P0193
H036,P0194
H036,P0195
H036,P0196
H036,P0197
H036,P0198
H036,P0201
H036,P0202
H036,P0203
H036,P0204
H036,P0206
H036,P0208
H036,P0210
H036,P0211
H036,P0212
H036,P0214
H036,P0215
H036,P0216
H036,P0220
H036,P0221
H036,P0222
H036,P0223
H036,P0224
H036,P0226
H036,P0227
H036,P0228
H036,P0229
H036,P0231
H036,P0232
H036,P0235
H036,P0236
H036,P0237
H036,P0238
H036,P0239
H036,P0241
H036,P0242
H036,P0243
H036,P0244
H036,P0245
H036,P0246
H036,P0247
H036,P0249
H036,P0250
H036,P0251
H036,P0252
H036,P0253
H036,P0255
H036,P0256
H036,P0257
H036,P0258
H036,P0261
H036,P0262
H036,P0263
H036,P0264
H036,P0265
H036,P0266
H036,P0267
H036,P0268
H036,P0269
H036,P0270
H036,P0271
H036,P0273
H036,P0274
H036,P0275
H036,P0276
H036,P0277
H036,P0278
H036,P0280
H036,P0281
H036,P0282
H036,P0284
H036,P0285
H036,P0286
H036,P0287
H036,P0288
H036,P0289
H036,P0294
H036,P0295
H036,P0296
H036,P0297
H036,P0300
H036,P0303
H036,P0304
H036,P0305
H036,P0306
H036,P0307
H036,P0309
H036,P0310
H036,P0312
H036,P0314
H036,P0315
H036,P0316
H036,P0317
H036,P0318
H036,P0319
H036,P0320
H036,P0321
H036,P0323
H036,P0324
H036,P0325
H036,P0326
H036,P0327
H036,P0329
H036,P0330
H036,P0331
H036,P0332
H036,P0333
H036,P0334
H036,P0335
H036,P0336
H036,P0337
H036,P0338
H036,P0339
H036,P0341
H036,P0342
H036,P0343
H036,P0345
H036,P0346
H036,P0347
H036,P0348
H036,P0349
H036,P0351
H036,P0354
H036,P0355
H036,P0356
H036,P0357
H036,P0360
H036,P0361
H036,P0364
H036,P0365
H036,P0366
H036,P0367
H036,P0368
H036,P0369
H036,P0370
H036,P0371
H036,P0372
H036,P0374
H036,P0375
H036,P0377
H036,P0378
H036,P0380
H036,P0381
H036,P0385
H036,P0387
H036,P0388
H036,P0389
H036,P0390
H036,P0391
H036,P0393
H036,P0394
H036,P0395
H036,P0396
H036,P0397
H036,P0399
H036,P0400
H036,P0401
H036,P0402
H036,P0403
H036,P0404
H036,P0405
H036,P0406
H036,P0407
H036,P0408
H036,P0410
H036,P0411
H036,P0413
H036,P0414
H036,P0415
H036,P0416
H036,P0417
H036,P0418
H036,P0419
H036,P0421
H036,P0422
H036,P0423
H036,P0424
H036,P0426
H036,P0427
H036,P0430
H036,P0432
H036,P0433
H036,P0435
H036,P0438
H036,P0439
H036,P0440
H036,P0441
H036,P0442
H036,P0443
H036,P0444
H036,P0445
H036,P0446
H036,P0447
H036,P0448
H036,P0450
H036,P0451
H036,P0453
H036,P0454
H036,P0456
H036,P0457
H036,P0458
H036,P0459
H036,P0461
H036,P0462
H036,P0463
H036,P0464
H036,P0465
H036,P0467
H036,P0468
H036,P0470
H036,P0471
H036,P0472
H036,P0473
H036,P0476
H036,P0477
H036,P0478
H036,P0479
H036,P0482
H036,P0484
H036,P0487
H036,P0488
H036,P0489
H036,P0491
H036,P0492
H036,P0495
H036,P0497
H036,P0498
H036,P0499
H036,P0500
H036,P0502
H036,P0503
H036,P0504
H036,P0505
H036,P0506
H036,P0508
H036,P0510
H036,P0511
H036,P0514
H036,P0515
H036,P0516
H036,P0518
H036,P0519
H036,P0521
H036,P0522
H036,P0523
H036,P0524
H036,P0525
H036,P0526
H036,P0527
H036,P0528
H036,P0530
H036,P0532
H036,P0533
H036,P0534
H036,P0535
H036,P0537
H036,P0538
H036,P0540
H036,P0541
H036,P0542
H036,P0544
H036,P0546
H036,P0547
H036,P0550
H036,P0551
H036,P0557
H036,P0558
H036,P0559
H036,P0560
H036,P0561
H036,P0562
H036,P0563
H036,P0564
H036,P0567
H036,P0568
H036,P0569
H036,P0570
H036,P0571
H036,P0573
H036,P0575
H036,P0578
H036,P0579
H036,P0580
H036,P0581
H036,P0582
H036,P0583
H036,P0585
H036,P0586
H036,P0587
H036,P0588
H036,P0591
H036,P0592
H036,P0593
H036,P0595
H036,P0596
H036,P0597
H036,P0598
H036,P0600
H037,P0001
H037,P0002
H037,P0003
H037,P0004
H037,P0007
H037,P0008
H037,P0010
H037,P0011
H037,P0012
H037,P0013
H037,P0015
H037,P0017
H037,P0019
H037,P0020
H037,P0021
H037,P0024
H037,P0026
H037,P0028
H037,P0029
H037,P0033
H037,P0035
H037,P0036
H037,P0037
H037,P0039
H037,P0041
H037,P0043
H037,P0044
H037,P0045
H037,P0046
H037,P0047
H037,P0048
H037,P0049
H037,P0050
H037,P0051
H037,P0052
H037,P0055
H037,P0056
H037,P0057
H037,P0058
H037,P0059
H037,P0060
H037,P0061
H037,P0063
H037,P0064
H037,P0065
H037,P0067
H037,P0068
H037,P0069
H037,P0070
H037,P0071
H037,P0072
H037,P0073
H037,P0075
H037,P0076
H037,P0077
H037,P0081
H037,P0082
H037,P0083
H037,P0085
H037,P0086
H037,P0087
H037,P0091
H037,P0092
H037,P0093
H037,P0094
H037,P0095
H037,P0096
H037,P0097
H037,P0100
H037,P0101
H037,P0102
H037,P0103
H037,P0104
H037,P0106
H037,P0107
H037,P0108
H037,P0109
H037,P0111
H037,P0112
H037,P0113
H037,P0114
H037,P0115
H037,P0116
H037,P0117
H037,P0118
H037,P0120
H037,P0121
H037,P0122
H037,P0123
H037,P0124
H037,P0126
H037,P0127
H037,P0128
H037,P0129
H037,P0130
H037,P0131
H037,P0132
H037,P0133
H037,P0135
H037,P0136
H037,P0137
H037,P0138
H037,P0139
H037,P0140
H037,P0141
H037,P0142
H037,P0143
H037,P0144
H037,P0145
H037,P0146
H037,P0147
H037,P0148
H037,P0149
H037,P0150
H037,P0153
H037,P0154
H037,P0155
H037,P0156
H037,P0157
H037,P0159
H037,P0160
H037,P0161
H037,P0164
H037,P0165
H037,P0166
H037,P0168
H037,P0169
H037,P0170
H037,P0172
H037,P0173
H037,P0176
H037,P0177
H037,P0178
H037,P0179
H037,P0180
H037,P0181
H037,P0182
H037,P0183
H037,P0185
H037,P0187
H037,P0188
H037,P0189
H037,P0190
H037,P0191
H037,P0192
H037,P0193
H037,P0194
H037,P0195
H037,P0196
H037,P0197
H037,P0199
H037,P0200
H037,P0201
H037,P0203
H037,P0204
H037,P0205
H037,P0206
H037,P0207
H037,P0210
H037,P0211
H037,P0213
H037,P0214
H037,P0215
H037,P0216
H037,P0217
H037,P0218
H037,P0219
H037,P0220
H037,P0222
H037,P0223
H037,P0224
H037,P0228
H037,P0229
H037,P0232
H037,P0233
H037,P0235
H037,P0238
H037,P0241
H037,P0242
H037,P0244
H037,P0246
H037,P0247
H037,P0249
H037,P0250
H037,P0251
H037,P0253
H037,P0254
H037,P0256
H037,P0257
H037,P0258
H037,P0259
H037,P0261
H037,P0262
H037,P0264
H037,P0265
H037,P0266
H037,P0268
H037,P0271
H037,P0272
H037,P0273
H037,P0274
H037,P0275
H037,P0276
H037,P0277
H037,P0278
H037,P0279
H037,P0280
H037,P0281
H037,P0283
H037,P0284
H037,P0285
H037,P0286
H037,P0287
H037,P0290
H037,P0294
H037,P0296
H037,P0297
H037,P0298
H037,P0299
H037,P0302
H037,P0306
H037,P0307
H037,P0308
H037,P0309
H037,P0310
H037,P0311
H037,P0312
H037,P0313
H037,P0314
H037,P0315
H037,P0317
H037,P0318
H037,P0320
H037,P0321
H037,P0323
H037,P0324
H037,P0325
H037,P0326
H037,P0327
H037,P0330
H037,P0332
H037,P0333
H037,P0336
H037,P0338
H037,P0340
H037,P0345
H037,P0346
H037,P0347
H037,P0348
H037,P0349
H037,P0351
H037,P0352
H037,P0353
H037,P0356
H037,P0357
H037,P0360
H037,P0362
H037,P0363
H037,P0366
H037,P0367
H037,P0368
H037,P0369
H037,P0371
H037,P0372
H037,P0373
H037,P0374
H037,P0375
H037,P0377
H037,P0378
H037,P0379
H037,P0380
H037,P0381
H037,P0383
H037,P0384
H037,P0385
H037,P0388
H037,P0389
H037,P0390
H037,P0392
H037,P0393
H037,P0394
H037,P0395
H037,P0396
H037,P0397
H037,P0398
H037,P0400
H037,P0401
H037,P0402
H037,P0403
H037,P0404
H037,P0405
H037,P0406
H037,P0408
H037,P0410
H037,P0411
H037,P0412
H037,P0413
H037,P0415
H037,P0416
H037,P0417
H037,P0418
H037,P0420
H037,P0421
H037,P0422
H037,P0423
H037,P0424
H037,P0426
H037,P0427
H037,P0428
H037,P0430
H037,P0432
H037,P0433
H037,P0434
H037,P0435
H037,P0436
H037,P0437
H037,P0438
H037,P0441
H037,P0442
H037,P0443
H037,P0444
H037,P0445
H037,P0447
H037,P0448
H037,P0449
H037,P0450
H037,P0451
H037,P0452
H037,P0453
H037,P0454
H037,P0458
H037,P0459
H037,P0461
H037,P0462
H037,P0464
H037,P0465
H037,P0466
H037,P0467
H037,P0468
H037,P0469
H037,P0470
H037,P0471
H037,P0472
H037,P0473
H037,P0474
H037,P0475
H037,P0477
H037,P0478
H037,P0479
H037,P0481
H037,P0482
H037,P0483
H037,P0484
H037,P0485
H037,P0486
H037,P0488
H037,P0492
H037,P0495
H037,P0497
H037,P0498
H037,P0499
H037,P0500
H037,P0501
H037,P0503
H037,P0504
H037,P0505
H037,P0506
H037,P0508
H037,P0510
H037,P0511
H037,P0512
H037,P0515
H037,P0517
H037,P0518
H037,P0519
H037,P0520
H037,P0521
H037,P0522
H037,P0523
H037,P0525
H037,P0527
H037,P0530
H037,P0531
H037,P0532
H037,P0533
H037,P0535
H037,P0536
H037,P0540
H037,P0541
H037,P0543
H037,P0544
H037,P0546
H037,P0547
H037,P0548
H037,P0550
H037,P0552
H037,P0553
H037,P0554
H037,P0555
H037,P0556
H037,P0557
H037,P0558
H037,P0559
H037,P0561
H037,P0563
H037,P0564
H037,P0565
H037,P0566
H037,P0567
H037,P0569
H037,P0570
H037,P0575
H037,P0576
H037,P0577
H037,P0579
H037,P0581
H037,P0582
H037,P0583
H037,P0584
H037,P0585
H037,P0586
H037,P0587
H037,P0590
H037,P0593
H037,P0594
H037,P0596
H037,P0597
H037,P0598
H037,P0599
H037,P0600
H038,P0002
H038,P0003
H038,P0004
H038,P0005
H038,P0007
H038,P0008
H038,P0009
H038,P0011
H038,P0012
H038,P0014
H038,P0015
H038,P0016
H038,P0017
H038,P0019
H038,P0020
H038,P0021
H038,P0022
H038,P0023
H038,P0026
H038,P0027
H038,P0029
H038,P0030
H038,P0031
H038,P0032
H038,P0033
H038,P0035
H038,P0036
H038,P0037
H038,P0039
H038,P0040
H038,P0041
H038,P0042
H038,P0044
H038,P0045
H038,P0046
H038,P0047
H038,P0048
H038,P0049
H038,P0052
H038,P0053
H038,P0054
H038,P0055
H038,P0057
H038,P0058
H038,P0062
H038,P0063
H038,P0064
H038,P0065
H038,P0066
H038,P0067
H038,P0068
H038,P0069
H038,P0070
H038,P0071
H038,P0072
H038,P0073
H038,P0074
H038,P0075
H038,P0078
H038,P0079
H038,P0080
H038,P0082
H038,P0083
H038,P0084
H038,P0085
H038,P0086
H038,P0088
H038,P0089
H038,P0090
H038,P0091
H038,P0096
H038,P0097
H038,P0101
H038,P0102
H038,P0103
H038,P0105
H038,P0106
H038,P0107
H038,P0108
H038,P0111
H038,P0112
H038,P0113
H038,P0114
H038,P0115
H038,P0117
H038,P0118
H038,P0120
H038,P0121
H038,P0122
H038,P0123
H038,P0125
H038,P0127
H038,P0128
H038,P0129
H038,P0131
H038,P0133
H038,P0134
H038,P0137
H038,P0139
H038,P0140
H038,P0141
H038,P0142
H038,P0143
H038,P0144
H038,P0145
H038,P0146
H038,P0147
H038,P0148
H038,P0149
H038,P0150
H038,P0151
H038,P0152
H038,P0153
H038,P0154
H038,P0155
H038,P0156
H038,P0157
H038,P0158
H038,P0159
H038,P0160
H038,P0162
H038,P0163
H038,P0164
H038,P0165
H038,P0166
H038,P0169
H038,P0171
H038,P0173
H038,P0174
H038,P0176
H038,P0178
H038,P0180
H038,P0182
H038,P0183
H038,P0184
H038,P0185
H038,P0187
H038,P0188
H038,P0189
H038,P0190
H038,P0191
H038,P0192
H038,P0193
H038,P0195
H038,P0196
H038,P0197
H038,P0199
H038,P0200
H038,P0201
H038,P0202
H038,P0203
H038,P0204
H038,P0205
H038,P0207
H038,P0208
H038,P0209
H038,P0210
H038,P0211
H038,P0213
H038,P0214
H038,P0215
H038,P0216
H038,P0217
H038,P0218
H038,P0219
H038,P0220
H038,P0221
H038,P0222
H038,P0223
H038,P0224
H038,P0225
H038,P0226
H038,P0229
H038,P0231
H038,P0233
H038,P0234
H038,P0235
H038,P0236
H038,P0237
H038,P0239
H038,P0240
H038,P0241
H038,P0242
H038,P0243
H038,P0245
H038,P0246
H038,P0249
H038,P0250
H038,P0251
H038,P0253
H038,P0254
H038,P0255
H038,P0256
H038,P0258
H038,P0259
H038,P0261
H038,P0262
H038,P0263
H038,P0264
H038,P0265
H038,P0266
H038,P0267
H038,P0268
H038,P0269
H038,P0271
H038,P0272
H038,P0273
H038,P0274
H038,P0275
H038,P0276
H038,P0277
H038,P0278
H038,P0279
H038,P0280
H038,P0282
H038,P0283
H038,P0285
H038,P0286
H038,P0287
H038,P0288
H038,P0289
H038,P0290
H038,P0291
H038,P0293
H038,P0295
H038,P0297
H038,P0298
H038,P0299
H038,P0300
H038,P0301
H038,P0302
H038,P0303
H038,P0305
H038,P0306
H038,P0307
H038,P0309
H038,P0311
H038,P0312
H038,P0314
H038,P0315
H038,P0316
H038,P0317
H038,P0318
H038,P0320
H038,P0321
H038,P0322
H038,P0323
H038,P0324
H038,P0325
H038,P0326
H038,P0327
H038,P0329
H038,P0330
H038,P0331
H038,P0332
H038,P0334
H038,P0335
H038,P0336
H038,P0337
H038,P0338
H038,P0340
H038,P0341
H038,P0342
H038,P0344
H038,P0345
H038,P0346
H038,P0347
H038,P0348
H038,P0349
H038,P0351
H038,P0352
H038,P0354
H038,P0355
H038,P0357
H038,P0359
H038,P0360
H038,P0361
H038,P0362
H038,P0364
H038,P0366
H038,P0367
H038,P0368
H038,P0369
H038,P0370
H038,P0371
H038,P0372
H038,P0373
H038,P0374
H038,P0375
H038,P0376
H038,P0378
H038,P0379
H038,P0380
H038,P0381
H038,P0383
H038,P0384
H038,P0385
H038,P0388
H038,P0390
H038,P0391
H038,P0393
H038,P0396
H038,P0397
H038,P0398
H038,P0401
H038,P0402
H038,P0404
H038,P0405
H038,P0406
H038,P0407
H038,P0408
H038,P0409
H038,P0411
H038,P0412
H038,P0413
H038,P0414
H038,P0416
H038,P0418
H038,P0419
H038,P0420
H038,P0421
H038,P0423
H038,P0424
H038,P0425
H038,P0426
H038,P0427
H038,P0428
H038,P0430
H038,P0431
H038,P0432
H038,P0433
H038,P0434
H038,P0435
H038,P0437
H038,P0438
H038,P0439
H038,P0440
H038,P0441
H038,P0442
H038,P0444
H038,P0447
H038,P0448
H038,P0450
H038,P0452
H038,P0453
H038,P0454
H038,P0455
H038,P0456
H038,P0457
H038,P0459
H038,P0460
H038,P0461
H038,P0462
H038,P0464
H038,P0465
H038,P0466
H038,P0467
H038,P0469
H038,P0470
H038,P0471
H038,P0472
H038,P0474
H038,P0477
H038,P0478
H038,P0480
H038,P0482
H038,P0483
H038,P0485
H038,P0486
H038,P0488
H038,P0489
H038,P0490
H038,P0491
H038,P0492
H038,P0495
H038,P0496
H038,P0497
H038,P0498
H038,P0500
H038,P0502
H038,P0503
H038,P0507
H038,P0508
H038,P0509
H038,P0511
H038,P0513
H038,P0514
H038,P0515
H038,P0516
H038,P0518
H038,P0519
H038,P0520
H038,P0521
H038,P0522
H038,P0525
H038,P0527
H038,P0528
H038,P0530
H038,P0531
H038,P0532
H038,P0533
H038,P0534
H038,P0535
H038,P0537
H038,P0539
H038,P0540
H038,P0541
H038,P0542
H038,P0543
H038,P0544
H038,P0547
H038,P0548
H038,P0551
H038,P0552
H038,P0553
H038,P0554
H038,P0556
H038,P0557
H038,P0559
H038,P0560
H038,P0561
H038,P0562
H038,P0563
H038,P0564
H038,P0566
H038,P0567
H038,P0568
H038,P0570
H038,P0571
H038,P0573
H038,P0574
H038,P0575
H038,P0576
H038,P0577
H038,P0578
H038,P0579
H038,P0580
H038,P0584
H038,P0585
H038,P0586
H038,P0587
H038,P0589
H038,P0590
H038,P0591
H038,P0592
H038,P0593
H038,P0595
H038,P0596
H038,P0598
H038,P0599
H039,P0001
H039,P0003
H039,P0006
H039,P0007
H039,P0008
H039,P0009
H039,P0011
H039,P0012
H039,P0013
H039,P0015
H039,P0016
H039,P0018
H039,P0019
H039,P0021
H039,P0022
H039,P0023
H039,P0025
H039,P0026
H039,P0027
H039,P0028
H039,P0030
H039,P0031
H039,P0033
H039,P0035
H039,P0036
H039,P0038
H039,P0039
H039,P0041
H039,P0042
H039,P0043
H039,P0044
H039,P0045
H039,P0047
H039,P0048
H039,P0049
H039,P0051
H039,P0052
H039,P0055
H039,P0056
H039,P0057
H039,P0058
H039,P0059
H039,P0060
H039,P0061
H039,P0062
H039,P0063
H039,P0064
H039,P0065
H039,P0066
H039,P0067
H039,P0069
H039,P0070
H039,P0071
H039,P0072
H039,P0073
H039,P0074
H039,P0075
H039,P0076
H039,P0077
H039,P0079
H039,P0083
H039,P0084
H039,P0085
H039,P0086
H039,P0087
H039,P0088
H039,P0090
H039,P0092
H039,P0093
H039,P0094
H039,P0097
H039,P0098
H039,P0099
H039,P0100
H039,P0102
H039,P0104
H039,P0106
H039,P0107
H039,P0109
H039,P0110
H039,P0111
H039,P0112
H039,P0113
H039,P0114
H039,P0115
H039,P0117
H039,P0119
H039,P0120
H039,P0121
H039,P0126
H039,P0127
H039,P0128
H039,P0129
H039,P0130
H039,P0132
H039,P0133
H039,P0134
H039,P0135
H039,P0137
H039,P0138
H039,P0139
H039,P0140
H039,P0142
H039,P0143
H039,P0144
H039,P0146
H039,P0147
H039,P0148
H039,P0149
H039,P0150
H039,P0151
H039,P0153
H039,P0155
H039,P0156
H039,P0157
H039,P0158
H039,P0160
H039,P0162
H039,P0163
H039,P0166
H039,P0167
H039,P0168
H039,P0169
H039,P0170
H039,P0171
H039,P0172
H039,P0175
H039,P0178
H039,P0179
H039,P0181
H039,P0182
H039,P0183
H039,P0184
H039,P0185
H039,P0186
H039,P0188
H039,P0189
H039,P0190
H039,P0191
H039,P0192
H039,P0193
H039,P0195
H039,P0197
H039,P0198
H039,P0199
H039,P0201
H039,P0202
H039,P0203
H039,P0205
H039,P0206
H039,P0207
H039,P0211
H039,P0212
H039,P0213
H039,P0215
H039,P0216
H039,P0218
H039,P0219
H039,P0221
H039,P0222
H039,P0223
H039,P0224
H039,P0225
H039,P0226
H039,P0227
H039,P0229
H039,P0230
H039,P0231
H039,P0232
H039,P0234
H039,P0237
H039,P0239
H039,P0241
H039,P0242
H039,P0243
H039,P0245
H039,P0246
H039,P0247
H039,P0248
H039,P0249
H039,P0251
H039,P0252
H039,P0253
H039,P0254
H039,P0256
H039,P0257
H039,P0259
H039,P0261
H039,P0262
H039,P0263
H039,P0264
H039,P0265
H039,P0266
H039,P0267
H039,P0269
H039,P0270
H039,P0272
H039,P0273
H039,P0274
H039,P0277
H039,P0278
H039,P0279
H039,P0280
H039,P0281
H039,P0285
H039,P0286
H039,P0287
H039,P0288
H039,P0289
H039,P0290
H039,P0291
H039,P0292
H039,P0294
H039,P0295
H039,P0296
H039,P0297
H039,P0298
H039,P0299
H039,P0300
H039,P0301
H039,P0302
H039,P0303
H039,P0304
H039,P0305
H039,P0307
H039,P0308
H039,P0310
H039,P0311
H039,P0312
H039,P0314
H039,P0315
H039,P0316
H039,P0317
H039,P0318
H039,P0319
H039,P0320
H039,P0321
H039,P0324
H039,P0325
H039,P0326
H039,P0327
H039,P0329
H039,P0331
H039,P0332
H039,P0333
H039,P0334
H039,P0335
H039,P0336
H039,P0337
H039,P0340
H039,P0341
H039,P0342
H039,P0343
H039,P0344
H039,P0347
H039,P0348
H039,P0349
H039,P0350
H039,P0351
H039,P0352
H039,P0354
H039,P0355
H039,P0357
H039,P0358
H039,P0359
H039,P0360
H039,P0361
H039,P0362
H039,P0364
H039,P0365
H039,P0366
H039,P0367
H039,P0368
H039,P0369
H039,P0370
H039,P0371
H039,P0372
H039,P0373
H039,P0374
H039,P0375
H039,P0376
H039,P0377
H039,P0378
H039,P0379
H039,P0380
H039,P0381
H039,P0387
H039,P0392
H039,P0393
H039,P0395
H039,P0397
H039,P0398
H039,P0399
H039,P0401
H039,P0402
H039,P0404
H039,P0405
H039,P0406
H039,P0407
H039,P0408
H039,P0409
H039,P0411
H039,P0412
H039,P0414
H039,P0415
H039,P0416
H039,P0417
H039,P0418
H039,P0420
H039,P0422
H039,P0423
H039,P0425
H039,P0426
H039,P0427
H039,P0428
H039,P0430
H039,P0432
H039,P0433
H039,P0434
H039,P0435
H039,P0436
H039,P0437
H039,P0438
H039,P0439
H039,P0440
H039,P0441
H039,P0442
H039,P0443
H039,P0444
H039,P0446
H039,P0447
H039,P0448
H039,P0450
H039,P0451
H039,P0452
H039,P0454
H039,P0455
H039,P0456
H039,P0457
H039,P0458
H039,P0459
H039,P0461
H039,P0462
H039,P0463
H039,P0464
H039,P0465
H039,P0466
H039,P0467
H039,P0468
H039,P0469
H039,P0470
H039,P0471
H039,P0472
H039,P0474
H039,P0475
H039,P0476
H039,P0480
H039,P0481
H039,P0482
H039,P0483
H039,P0485
H039,P0486
H039,P0487
H039,P0488
H039,P0489
H039,P0490
H039,P0491
H039,P0492
H039,P0494
H039,P0495
H039,P0496
H039,P0497
H039,P0498
H039,P0499
H039,P0500
H039,P0501
H039,P0502
H039,P0507
H039,P0508
H039,P0509
H039,P0510
H039,P0511
H039,P0514
H039,P0515
H039,P0518
H039,P0519
H039,P0520
H039,P0521
H039,P0526
H039,P0527
H039,P0528
H039,P0529
H039,P0530
H039,P0532
H039,P0533
H039,P0534
H039,P0535
H039,P0536
H039,P0538
H039,P0540
H039,P0541
H039,P0542
H039,P0545
H039,P0546
H039,P0547
H039,P0548
H039,P0550
H039,P0551
H039,P0552
H039,P0553
H039,P0555
H039,P0556
H039,P0557
H039,P0558
H039,P0559
H039,P0560
H039,P0561
H039,P0562
H039,P0564
H039,P0565
H039,P0566
H039,P0567
H039,P0568
H039,P0569
H039,P0570
H039,P0571
H039,P0572
H039,P0573
H039,P0574
H039,P0576
H039,P0578
H039,P0579
H039,P0580
H039,P0585
H039,P0586
H039,P0588
H039,P0590
H039,P0591
H039,P0592
H039,P0593
H039,P0594
H039,P0596
H039,P0597
H039,P0598
H039,P0599
H040,P0001
H040,P0003
H040,P0004
H040,P0006
H040,P0007
H040,P0008
H040,P0010
H040,P0012
H040,P0013
H040,P0014
H040,P0016
H040,P0017
H040,P0018
H040,P0019
H040,P0020
H040,P0021
H040,P0022
H040,P0023
H040,P0024
H040,P0026
H040,P0027
H040,P0028
H040,P0030
H040,P0031
H040,P0032
H040,P0033
H040,P0034
H040,P0036
H040,P0037
H040,P0038
H040,P0039
H040,P0041
H040,P0043
H040,P0045
H040,P0046
H040,P0047
H040,P0048
H040,P0049
H040,P0051
H040,P0052
H040,P0053
H040,P0055
H040,P0056
H040,P0057
H040,P0058
H040,P0060
H040,P0062
H040,P0063
H040,P0064
H040,P0065
H040,P0066
H040,P0067
H040,P0068
H040,P0069
H040,P0071
H040,P0072
H040,P0073
H040,P0074
H040,P0075
H040,P0076
H040,P0077
H040,P0078
H040,P0079
H040,P0080
H040,P0081
H040,P0083
H040,P0084
H040,P0085
H040,P0086
H040,P0087
H040,P0088
H040,P0092
H040,P0093
H040,P0095
H040,P0096
H040,P0097
H040,P0099
H040,P0100
H040,P0102
H040,P0103
H040,P0104
H040,P0105
H040,P0106
H040,P0107
H040,P0108
H040,P0109
H040,P0111
H040,P0112
H040,P0113
H040,P0114
H040,P0115
H040,P0117
H040,P0119
H040,P0121
H040,P0122
H040,P0123
H040,P0124
H040,P0126
H040,P0127
H040,P0128
H040,P0129
H040,P0130
H040,P0131
H040,P0132
H040,P0133
H040,P0134
H040,P0135
H040,P0136
H040,P0137
H040,P0138
H040,P0139
H040,P0140
H040,P0141
H040,P0142
H040,P0143
H040,P0144
H040,P0146
H040,P0147
H040,P0148
H040,P0150
H040,P0153
H040,P0154
H040,P0155
H040,P0156
H040,P0157
H040,P0158
H040,P0159
H040,P0161
H040,P0162
H040,P0163
H040,P0164
H040,P0166
H040,P0167
H040,P0168
H040,P0170
H040,P0171
H040,P0173
H040,P0175
H040,P0178
H040,P0180
H040,P0182
H040,P0183
H040,P0187
H040,P0188
H040,P0189
H040,P0190
H040,P0191
H040,P0192
H040,P0193
H040,P0195
H040,P0196
H040,P0198
H040,P0199
H040,P0200
H040,P0201
H040,P0202
H040,P0203
H040,P0204
H040,P0205
H040,P0206
H040,P0207
H040,P0208
H040,P0210
H040,P0211
H040,P0212
H040,P0213
H040,P0214
H040,P0215
H040,P0217
H040,P0218
H040,P0219
H040,P0220
H040,P0221
H040,P0222
H040,P0223
H040,P0224
H040,P0226
H040,P0227
H040,P0228
H040,P0229
H040,P0230
H040,P0231
H040,P0232
H040,P0233
H040,P0234
H040,P0235
H040,P0237
H040,P0238
H040,P0239
H040,P0243
H040,P0245
H040,P0246
H040,P0247
H040,P0249
H040,P0250
H040,P0251
H040,P0252
H040,P0254
H040,P0255
H040,P0256
H040,P0257
H040,P0258
H040,P0259
H040,P0261
H040,P0262
H040,P0264
H040,P0265
H040,P0266
H040,P0267
H040,P0268
H040,P0271
H040,P0273
H040,P0275
H040,P0277
H040,P0278
H040,P0280
H040,P0281
H040,P0283
H040,P0284
H040,P0285
H040,P0286
H040,P0288
H040,P0289
H040,P0290
H040,P0292
H040,P0293
H040,P0294
H040,P0295
H040,P0296
H040,P0297
H040,P0298
H040,P0299
H040,P0300
H040,P0301
H040,P0302
H040,P0303
H040,P0305
H040,P0306
H040,P0308
H040,P0309
H040,P0310
H040,P0311
H040,P0312
H040,P0313
H040,P0314
H040,P0315
H040,P0316
H040,P0317
H040,P0319
H040,P0321
H040,P0323
H040,P0324
H040,P0325
H040,P0326
H040,P0327
H040,P0328
H040,P0329
H040,P0330
H040,P0331
H040,P0332
H040,P0333
H040,P0334
H040,P0335
H040,P0336
H040,P0337
H040,P0338
H040,P0339
H040,P0340
H040,P0341
H040,P0342
H040,P0343
H040,P0345
H040,P0348
H040,P0349
H040,P0350
H040,P0351
H040,P0352
H040,P0354
H040,P0355
H040,P0357
H040,P0358
H040,P0360
H040,P0361
H040,P0362
H040,P0363
H040,P0364
H040,P0366
H040,P0367
H040,P0368
H040,P0369
H040,P0372
H040,P0373
H040,P0374
H040,P0375
H040,P0376
H040,P0377
H040,P0378
H040,P0379
H040,P0380
H040,P0381
H040,P0383
H040,P0384
H040,P0386
H040,P0390
H040,P0393
H040,P0394
H040,P0395
H040,P0396
H040,P0398
H040,P0399
H040,P0400
H040,P0401
H040,P0403
H040,P0405
H040,P0407
H040,P0408
H040,P0409
H040,P0410
H040,P0411
H040,P0413
H040,P0414
H040,P0415
H040,P0416
H040,P0417
H040,P0418
H040,P0420
H040,P0421
H040,P0422
H040,P0424
H040,P0425
H040,P0426
H040,P0428
H040,P0429
H040,P0430
H040,P0431
H040,P0432
H040,P0434
H040,P0435
H040,P0437
H040,P0438
H040,P0439
H040,P0440
H040,P0441
H040,P0442
H040,P0444
H040,P0445
H040,P0446
H040,P0447
H040,P0448
H040,P0449
H040,P0450
H040,P0451
H040,P0452
H040,P0453
H040,P0454
H040,P0456
H040,P0457
H040,P0458
H040,P0459
H040,P0460
H040,P0461
H040,P0463
H040,P0464
H040,P0465
H040,P0466
H040,P0467
H040,P0468
H040,P0469
H040,P0470
H040,P0471
H040,P0472
H040,P0473
H040,P0474
H040,P0475
H040,P0476
H040,P0477
H040,P0478
H040,P0479
H040,P0480
H040,P0481
H040,P0482
H040,P0485
H040,P0486
H040,P0487
H040,P0489
H040,P0492
H040,P0493
H040,P0494
H040,P0496
H040,P0497
H040,P0498
H040,P0499
H040,P0501
H040,P0502
H040,P0503
H040,P0505
H040,P0506
H040,P0507
H040,P0508
H040,P0510
H040,P0511
H040,P0513
H040,P0514
H040,P0515
H040,P0517
H040,P0518
H040,P0519
H040,P0520
H040,P0522
H040,P0523
H040,P0526
H040,P0527
H040,P0528
H040,P0531
H040,P0532
H040,P0533
H040,P0534
H040,P0535
H040,P0536
H040,P0537
H040,P0538
H040,P0539
H040,P0540
H040,P0541
H040,P0542
H040,P0544
H040,P0546
H040,P0547
H040,P0548
H040,P0549
H040,P0550
H040,P0551
H040,P0553
H040,P0554
H040,P0556
H040,P0557
H040,P0560
H040,P0562
H040,P0563
H040,P0564
H040,P0566
H040,P0567
H040,P0568
H040,P0569
H040,P0570
H040,P0572
H040,P0573
H040,P0574
H040,P0575
H040,P0576
H040,P0578
H040,P0579
H040,P0580
H040,P0581
H040,P0582
H040,P0586
H040,P0587
H040,P0588
H040,P0589
H040,P0590
H040,P0591
H040,P0592
H040,P0593
H040,P0594
H040,P0595
H040,P0596
H040,P0597
H040,P0598
H040,P0599
H040,P0600
H041,P0001
H041,P0007
H041,P0008
H041,P0010
H041,P0012
H041,P0013
H041,P0014
H041,P0016
H041,P0018
H041,P0019
H041,P0022
H041,P0023
H041,P0025
H041,P0028
H041,P0029
H041,P0030
H041,P0032
H041,P0033
H041,P0034
H041,P0036
H041,P0039
H041,P0042
H041,P0043
H041,P0045
H041,P0046
H041,P0047
H041,P0048
H041,P0050
H041,P0052
H041,P0053
H041,P0055
H041,P0056
H041,P0057
H041,P0058
H041,P0059
H041,P0060
H041,P0061
H041,P0062
H041,P0065
H041,P0066
H041,P0067
H041,P0068
H041,P0069
H041,P0070
H041,P0071
H041,P0072
H041,P0074
H041,P0075
H041,P0078
H041,P0079
H041,P0085
H041,P0086
H041,P0087
H041,P0089
H041,P0092
H041,P0093
H041,P0094
H041,P0097
H041,P0100
H041,P0101
H041,P0103
H041,P0104
H041,P0105
H041,P0106
H041,P0110
H041,P0111
H041,P0112
H041,P0113
H041,P0114
H041,P0116
H041,P0117
H041,P0119
H041,P0121
H041,P0125
H041,P0127
H041,P0128
H041,P0129
H041,P0130
H041,P0131
H041,P0132
H041,P0133
H041,P0134
H041,P0135
H041,P0136
H041,P0138
H041,P0140
H041,P0142
H041,P0143
H041,P0144
H041,P0146
H041,P0147
H041,P0148
H041,P0149
H041,P0150
H041,P0151
H041,P0152
H041,P0153
H041,P0155
H041,P0156
H041,P0158
H041,P0159
H041,P0160
H041,P0162
H041,P0163
H041,P0165
H041,P0166
H041,P0169
H041,P0170
H041,P0171
H041,P0172
H041,P0174
H041,P0175
H041,P0176
H041,P0177
H041,P0178
H041,P0179
H041,P0182
H041,P0183
H041,P0185
H041,P0188
H041,P0192
H041,P0194
H041,P0195
H041,P0197
H041,P0198
H041,P0199
H041,P0200
H041,P0201
H041,P0202
H041,P0203
H041,P0206
H041,P0207
H041,P0208
H041,P0209
H041,P0211
H041,P0213
H041,P0214
H041,P0215
H041,P0217
H041,P0218
H041,P0219
H041,P0222
H041,P0225
H041,P0226
H041,P0229
H041,P0230
H041,P0231
H041,P0232
H041,P0233
H041,P0234
H041,P0235
H041,P0238
H041,P0242
H041,P0244
H041,P0245
H041,P0246
H041,P0247
H041,P0249
H041,P0250
H041,P0251
H041,P0252
H041,P0254
H041,P0256
H041,P0257
H041,P0258
H041,P0259
H041,P0261
H041,P0263
H041,P0264
H041,P0265
H041,P0266
H041,P0267
H041,P0268
H041,P0269
H041,P0270
H041,P0271
H041,P0272
H041,P0273
H041,P0274
H041,P0275
H041,P0277
H041,P0279
H041,P0281
H041,P0283
H041,P0284
H041,P0285
H041,P0287
H041,P0288
H041,P0289
H041,P0291
H041,P0293
H041,P0294
H041,P0295
H041,P0296
H041,P0298
H041,P0299
H041,P0300
H041,P0301
H041,P0302
H041,P0305
H041,P0306
H041,P0309
H041,P0310
H041,P0313
H041,P0314
H041,P0316
H041,P0317
H041,P0319
H041,P0321
H041,P0322
H041,P0323
H041,P0325
H041,P0326
H041,P0327
H041,P0328
H041,P0329
H041,P0330
H041,P0332
H041,P0335
H041,P0336
H041,P0337
H041,P0338
H041,P0339
H041,P0342
H041,P0344
H041,P0345
H041,P0346
H041,P0348
H041,P0349
H041,P0351
H041,P0353
H041,P0354
H041,P0355
H041,P0356
H041,P0357
H041,P0358
H041,P0360
H041,P0361
H041,P0362
H041,P0363
H041,P0364
H041,P0366
H041,P0367
H041,P0368
H041,P0369
H041,P0370
H041,P0371
H041,P0372
H041,P0373
H041,P0374
H041,P0375
H041,P0376
H041,P0378
H041,P0379
H041,P0380
H041,P0381
H041,P0382
H041,P0383
H041,P0384
H041,P0385
H041,P0387
H041,P0388
H041,P0389
H041,P0390
H041,P0391
H041,P0392
H041,P0394
H041,P0396
H041,P0397
H041,P0398
H041,P0401
H041,P0404
H041,P0405
H041,P0406
H041,P0407
H041,P0408
H041,P0409
H041,P0410
H041,P0411
H041,P0412
H041,P0414
H041,P0415
H041,P0418
H041,P0422
H041,P0424
H041,P0427
H041,P0428
H041,P0429
H041,P0430
H041,P0431
H041,P0432
H041,P0435
H041,P0438
H041,P0439
H041,P0441
H041,P0442
H041,P0445
H041,P0447
H041,P0450
H041,P0451
H041,P0452
H041,P0453
H041,P0454
H041,P0455
H041,P0456
H041,P0459
H041,P0461
H041,P0462
H041,P0464
H041,P0465
H041,P0466
H041,P0470
H041,P0471
H041,P0472
H041,P0473
H041,P0474
H041,P0476
H041,P0477
H041,P0478
H041,P0481
H041,P0482
H041,P0483
H041,P0485
H041,P0486
H041,P0489
H041,P0490
H041,P0492
H041,P0494
H041,P0495
H041,P0497
H041,P0498
H041,P0499
H041,P0500
H041,P0501
H041,P0502
H041,P0505
H041,P0506
H041,P0511
H041,P0512
H041,P0518
H041,P0519
H041,P0520
H041,P0522
H041,P0523
H041,P0524
H041,P0526
H041,P0527
H041,P0528
H041,P0532
H041,P0534
H041,P0536
H041,P0537
H041,P0539
H041,P0540
H041,P0541
H041,P0542
H041,P0543
H041,P0544
H041,P0546
H041,P0547
H041,P0548
H041,P0550
H041,P0553
H041,P0556
H041,P0557
H041,P0558
H041,P0560
H041,P0561
H041,P0563
H041,P0566
H041,P0567
H041,P0568
H041,P0570
H041,P0572
H041,P0574
H041,P0575
H041,P0576
H041,P0579
H041,P0580
H041,P0581
H041,P0582
H041,P0585
H041,P0586
H041,P0587
H041,P0588
H041,P0589
H041,P0590
H041,P0592
H041,P0593
H041,P0594
H041,P0595
H041,P0596
H042,P0002
H042,P0003
H042,P0004
H042,P0005
H042,P0006
H042,P0007
H042,P0008
H042,P0009
H042,P0010
H042,P0011
H042,P0012
H042,P0013
H042,P0014
H042,P0016
H042,P0017
H042,P0018
H042,P0019
H042,P0021
H042,P0022
H042,P0023
H042,P0028
H042,P0030
H042,P0032
H042,P0033
H042,P0034
H042,P0035
H042,P0036
H042,P0038
H042,P0039
H042,P0040
H042,P0041
H042,P0043
H042,P0044
H042,P0045
H042,P0047
H042,P0048
H042,P0049
H042,P0051
H042,P0052
H042,P0053
H042,P0054
H042,P0055
H042,P0057
H042,P0058
H042,P0060
H042,P0061
H042,P0062
H042,P0064
H042,P0066
H042,P0067
H042,P0068
H042,P0069
H042,P0070
H042,P0071
H042,P0072
H042,P0073
H042,P0075
H042,P0078
H042,P0079
H042,P0080
H042,P0083
H042,P0084
H042,P0085
H042,P0086
H042,P0087
H042,P0090
H042,P0091
H042,P0092
H042,P0093
H042,P0095
H042,P0096
H042,P0097
H042,P0098
H042,P0099
H042,P0100
H042,P0102
H042,P0103
H042,P0104
H042,P0105
H042,P0106
H042,P0107
H042,P0109
H042,P0110
H042,P0111
H042,P0112
H042,P0113
H042,P0114
H042,P0115
H042,P0116
H042,P0117
H042,P0118
H042,P0119
H042,P0120
H042,P0121
H042,P0123
H042,P0124
H042,P0125
H042,P0127
H042,P0128
H042,P0129
H042,P0130
H042,P0131
H042,P0132
H042,P0134
H042,P0135
H042,P0136
H042,P0138
H042,P0139
H042,P0140
H042,P0142
H042,P0143
H042,P0144
H042,P0145
H042,P0146
H042,P0147
H042,P0148
H042,P0149
H042,P0150
H042,P0151
H042,P0152
H042,P0153
H042,P0154
H042,P0155
H042,P0156
H042,P0157
H042,P0158
H042,P0159
H042,P0160
H042,P0162
H042,P0163
H042,P0165
H042,P0166
H042,P0168
H042,P0170
H042,P0171
H042,P0173
H042,P0174
H042,P0176
H042,P0181
H042,P0182
H042,P0183
H042,P0184
H042,P0185
H042,P0186
H042,P0187
H042,P0188
H042,P0189
H042,P0190
H042,P0192
H042,P0194
H042,P0195
H042,P0196
H042,P0198
H042,P0199
H042,P0200
H042,P0201
H042,P0203
H042,P0204
H042,P0205
H042,P0206
H042,P0207
H042,P0208
H042,P0210
H042,P0211
H042,P0213
H042,P0215
H042,P0217
H042,P0218
H042,P0219
H042,P0221
H042,P0222
H042,P0223
H042,P0224
H042,P0226
H042,P0227
H042,P0228
H042,P0229
H042,P0230
H042,P0231
H042,P0232
H042,P0233
H042,P0234
H042,P0235
H042,P0236
H042,P0237
H042,P0238
H042,P0243
H042,P0244
H042,P0245
H042,P0247
H042,P0249
H042,P0251
H042,P0252
H042,P0253
H042,P0254
H042,P0255
H042,P0256
H042,P0257
H042,P0258
H042,P0259
H042,P0261
H042,P0262
H042,P0264
H042,P0265
H042,P0266
H042,P0268
H042,P0271
H042,P0273
H042,P0274
H042,P0275
H042,P0276
H042,P0277
H042,P0278
H042,P0279
H042,P0280
H042,P0281
H042,P0282
H042,P0284
H042,P0285
H042,P0287
H042,P0288
H042,P0290
H042,P0291
H042,P0294
H042,P0295
H042,P0296
H042,P0298
H042,P0299
H042,P0303
H042,P0305
H042,P0306
H042,P0307
H042,P0309
H042,P0310
H042,P0312
H042,P0313
H042,P0314
H042,P0315
H042,P0316
H042,P0317
H042,P0318
H042,P0320
H042,P0321
H042,P0322
H042,P0323
H042,P0324
H042,P0326
H042,P0327
H042,P0328
H042,P0330
H042,P0331
H042,P0332
H042,P0333
H042,P0334
H042,P0335
H042,P0336
H042,P0337
H042,P0338
H042,P0339
H042,P0340
H042,P0342
H042,P0343
H042,P0344
H042,P0345
H042,P0346
H042,P0349
H042,P0351
H042,P0352
H042,P0353
H042,P0354
H042,P0355
H042,P0356
H042,P0357
H042,P0358
H042,P0360
H042,P0362
H042,P0365
H042,P0366
H042,P0367
H042,P0368
H042,P0369
H042,P0370
H042,P0373
H042,P0374
H042,P0375
H042,P0376
H042,P0377
H042,P0378
H042,P0379
H042,P0380
H042,P0381
H042,P0383
H042,P0384
H042,P0386
H042,P0387
H042,P0389
H042,P0391
H042,P0393
H042,P0395
H042,P0396
H042,P0397
H042,P0398
H042,P0400
H042,P0401
H042,P0402
H042,P0403
H042,P0404
H042,P0405
H042,P0406
H042,P0407
H042,P0409
H042,P0410
H042,P0411
H042,P0413
H042,P0414
H042,P0415
H042,P0416
H042,P0417
H042,P0418
H042,P0419
H042,P0420
H042,P0421
H042,P0422
H042,P0423
H042,P0426
H042,P0428
H042,P0429
H042,P0430
H042,P0432
H042,P0433
H042,P0434
H042,P0435
H042,P0436
H042,P0438
H042,P0439
H042,P0440
H042,P0442
H042,P0443
H042,P0444
H042,P0445
H042,P0446
H042,P0447
H042,P0450
H042,P0451
H042,P0452
H042,P0453
H042,P0454
H042,P0455
H042,P0457
H042,P0458
H042,P0460
H042,P0461
H042,P0462
H042,P0463
H042,P0465
H042,P0466
H042,P0467
H042,P0468
H042,P0469
H042,P0470
H042,P0471
H042,P0472
H042,P0473
H042,P0474
H042,P0475
H042,P0476
H042,P0477
H042,P0478
H042,P0479
H042,P0482
H042,P0483
H042,P0484
H042,P0485
H042,P0486
H042,P0487
H042,P0489
H042,P0490
H042,P0491
H042,P0492
H042,P0493
H042,P0495
H042,P0496
H042,P0498
H042,P0499
H042,P0501
H042,P0502
H042,P0503
H042,P0504
H042,P0505
H042,P0506
H042,P0507
H042,P0508
H042,P0509
H042,P0511
H042,P0514
H042,P0515
H042,P0516
H042,P0518
H042,P0519
H042,P0520
H042,P0521
H042,P0522
H042,P0523
H042,P0524
H042,P0525
H042,P0526
H042,P0527
H042,P0529
H042,P0530
H042,P0532
H042,P0533
H042,P0534
H042,P0535
H042,P0536
H042,P0537
H042,P0538
H042,P0540
H042,P0541
H042,P0542
H042,P0543
H042,P0544
H042,P0545
H042,P0546
H042,P0547
H042,P0551
H042,P0552
H042,P0553
H042,P0555
H042,P0556
H042,P0557
H042,P0559
H042,P0560
H042,P0561
H042,P0562
H042,P0563
H042,P0564
H042,P0565
H042,P0566
H042,P0567
H042,P0568
H042,P0569
H042,P0570
H042,P0571
H042,P0572
H042,P0573
H042,P0574
H042,P0575
H042,P0576
H042,P0579
H042,P0580
H042,P0581
H042,P0582
H042,P0583
H042,P0584
H042,P0585
H042,P0586
H042,P0587
H042,P0588
H042,P0589
H042,P0590
H042,P0591
H042,P0592
H042,P0593
H042,P0595
H042,P0596
H042,P0599
H042,P0600
H043,P0001
H043,P0002
H043,P0003
H043,P0005
H043,P0006
H043,P0007
H043,P0011
H043,P0012
H043,P0017
H043,P0018
H043,P0021
H043,P0022
H043,P0023
H043,P0024
H043,P0026
H043,P0028
H043,P0031
H043,P0033
H043,P0035
H043,P0036
H043,P0037
H043,P0038
H043,P0042
H043,P0043
H043,P0045
H043,P0046
H043,P0048
H043,P0051
H043,P0052
H043,P0055
H043,P0058
H043,P0061
H043,P0066
H043,P0067
H043,P0068
H043,P0070
H043,P0071
H043,P0072
H043,P0073
H043,P0074
H043,P0075
H043,P0076
H043,P0078
H043,P0079
H043,P0080
H043,P0082
H043,P0084
H043,P0086
H043,P0087
H043,P0088
H043,P0089
H043,P0090
H043,P0091
H043,P0092
H043,P0094
H043,P0097
H043,P0098
H043,P0099
H043,P0100
H043,P0101
H043,P0104
H043,P0105
H043,P0106
H043,P0107
H043,P0108
H043,P0109
H043,P0111
H043,P0112
H043,P0113
H043,P0114
H043,P0115
H043,P0116
H043,P0117
H043,P0118
H043,P0119
H043,P0121
H043,P0123
H043,P0125
H043,P0126
H043,P0127
H043,P0128
H043,P0129
H043,P0132
H043,P0133
H043,P0135
H043,P0136
H043,P0138
H043,P0140
H043,P0142
H043,P0143
H043,P0145
H043,P0146
H043,P0147
H043,P0148
H043,P0149
H043,P0150
H043,P0152
H043,P0153
H043,P0155
H043,P0156
H043,P0157
H043,P0160
H043,P0163
H043,P0164
H043,P0165
H043,P0168
H043,P0169
H043,P0170
H043,P0171
H043,P0172
H043,P0173
H043,P0176
H043,P0178
H043,P0180
H043,P0181
H043,P0183
H043,P0188
H043,P0190
H043,P0192
H043,P0193
H043,P0194
H043,P0195
H043,P0196
H043,P0198
H043,P0199
H043,P0200
H043,P0204
H043,P0205
H043,P0207
H043,P0208
H043,P0210
H043,P0211
H043,P0212
H043,P0213
H043,P0214
H043,P0215
H043,P0216
H043,P0218
H043,P0219
H043,P0221
H043,P0222
H043,P0225
H043,P0226
H043,P0227
H043,P0228
H043,P0229
H043,P0231
H043,P0232
H043,P0234
H043,P0235
H043,P0236
H043,P0237
H043,P0238
H043,P0239
H043,P0241
H043,P0243
H043,P0245
H043,P0246
H043,P0249
H043,P0250
H043,P0251
H043,P0252
H043,P0254
H043,P0256
H043,P0257
H043,P0258
H043,P0259
H043,P0261
H043,P0262
H043,P0268
H043,P0269
H043,P0271
H043,P0273
H043,P0274
H043,P0278
H043,P0279
H043,P0280
H043,P0282
H043,P0284
H043,P0287
H043,P0292
H043,P0293
H043,P0294
H043,P0295
H043,P0296
H043,P0298
H043,P0299
H043,P0303
H043,P0306
H043,P0308
H043,P0309
H043,P0310
H043,P0312
H043,P0313
H043,P0314
H043,P0317
H043,P0318
H043,P0319
H043,P0320
H043,P0321
H043,P0323
H043,P0324
H043,P0325
H043,P0326
H043,P0327
H043,P0330
H043,P0332
H043,P0334
H043,P0336
H043,P0338
H043,P0339
H043,P0340
H043,P0342
H043,P0345
H043,P0346
H043,P0347
H043,P0348
H043,P0350
H043,P0351
H043,P0352
H043,P0353
H043,P0354
H043,P0355
H043,P0356
H043,P0357
H043,P0358
H043,P0359
H043,P0360
H043,P0361
H043,P0362
H043,P0363
H043,P0364
H043,P0367
H043,P0368
H043,P0369
H043,P0370
H043,P0371
H043,P0372
H043,P0373
H043,P0374
H043,P0375
H043,P0376
H043,P0377
H043,P0378
H043,P0379
H043,P0380
H043,P0381
H043,P0383
H043,P0385
H043,P0387
H043,P0390
H043,P0391
H043,P0392
H043,P0394
H043,P0395
H043,P0396
H043,P0397
H043,P0398
H043,P0400
H043,P0401
H043,P0402
H043,P0403
H043,P0404
H043,P0405
H043,P0406
H043,P0409
H043,P0410
H043,P0412
H043,P0413
H043,P0416
H043,P0417
H043,P0418
H043,P0420
H043,P0422
H043,P0423
H043,P0424
H043,P0427
H043,P0428
H043,P0430
H043,P0431
H043,P0433
H043,P0434
H043,P0435
H043,P0436
H043,P0437
H043,P0438
H043,P0439
H043,P0440
H043,P0441
H043,P0444
H043,P0445
H043,P0446
H043,P0447
H043,P0448
H043,P0451
H043,P0453
H043,P0454
H043,P0455
H043,P0456
H043,P0458
H043,P0459
H043,P0461
H043,P0462
H043,P0463
H043,P0465
H043,P0466
H043,P0467
H043,P0468
H043,P0469
H043,P0470
H043,P0471
H043,P0472
H043,P0473
H043,P0474
H043,P0477
H043,P0478
H043,P0479
H043,P0482
H043,P0483
H043,P0485
H043,P0486
H043,P0488
H043,P0489
H043,P0490
H043,P0492
H043,P0494
H043,P0497
H043,P0498
H043,P0499
H043,P0501
H043,P0504
H043,P0505
H043,P0506
H043,P0508
H043,P0509
H043,P0511
H043,P0512
H043,P0514
H043,P0516
H043,P0518
H043,P0519
H043,P0520
H043,P0521
H043,P0522
H043,P0523
H043,P0524
H043,P0525
H043,P0526
H043,P0527
H043,P0528
H043,P0529
H043,P0530
H043,P0532
H043,P0533
H043,P0537
H043,P0538
H043,P0540
H043,P0541
H043,P0542
H043,P0543
H043,P0545
H043,P0547
H043,P0548
H043,P0550
H043,P0551
H043,P0553
H043,P0554
H043,P0555
H043,P0557
H043,P0561
H043,P0562
H043,P0563
H043,P0567
H043,P0568
H043,P0570
H043,P0571
H043,P0572
H043,P0573
H043,P0577
H043,P0578
H043,P0579
H043,P0580
H043,P0583
H043,P0585
H043,P0588
H043,P0590
H043,P0591
H043,P0592
H043,P0594
H044,P0002
H044,P0004
H044,P0005
H044,P0006
H044,P0007
H044,P0010
H044,P0012
H044,P0013
H044,P0015
H044,P0016
H044,P0017
H044,P0018
H044,P0019
H044,P0020
H044,P0021
H044,P0024
H044,P0026
H044,P0028
H044,P0030
H044,P0033
H044,P0034
H044,P0035
H044,P0036
H044,P0037
H044,P0038
H044,P0040
H044,P0041
H044,P0042
H044,P0043
H044,P0045
H044,P0046
H044,P0047
H044,P0048
H044,P0049
H044,P0050
H044,P0052
H044,P0053
H044,P0054
H044,P0055
H044,P0060
H044,P0061
H044,P0062
H044,P0065
H044,P0066
H044,P0069
H044,P0071
H044,P0072
H044,P0073
H044,P0074
H044,P0075
H044,P0076
H044,P0077
H044,P0079
H044,P0080
H044,P0083
H044,P0084
H044,P0085
H044,P0086
H044,P0088
H044,P0089
H044,P0090
H044,P0091
H044,P0092
H044,P0093
H044,P0094
H044,P0096
H044,P0097
H044,P0098
H044,P0099
H044,P0100
H044,P0101
H044,P0103
H044,P0104
H044,P0105
H044,P0106
H044,P0107
H044,P0108
H044,P0109
H044,P0110
H044,P0111
H044,P0113
H044,P0114
H044,P0115
H044,P0116
H044,P0117
H044,P0118
H044,P0119
H044,P0121
H044,P0122
H044,P0123
H044,P0126
H044,P0127
H044,P0128
H044,P0129
H044,P0130
H044,P0131
H044,P0132
H044,P0133
H044,P0134
H044,P0136
H044,P0137
H044,P0139
H044,P0142
H044,P0143
H044,P0144
H044,P0146
H044,P0147
H044,P0148
H044,P0149
H044,P0150
H044,P0152
H044,P0153
H044,P0155
H044,P0156
H044,P0157
H044,P0158
H044,P0160
H044,P0161
H044,P0162
H044,P0163
H044,P0164
H044,P0165
H044,P0166
H044,P0168
H044,P0169
H044,P0171
H044,P0173
H044,P0174
H044,P0177
H044,P0178
H044,P0179
H044,P0181
H044,P0183
H044,P0185
H044,P0188
H044,P0189
H044,P0190
H044,P0191
H044,P0193
H044,P0195
H044,P0197
H044,P0198
H044,P0199
H044,P0200
H044,P0201
H044,P0203
H044,P0206
H044,P0207
H044,P0209
H044,P0210
H044,P0211
H044,P0213
H044,P0214
H044,P0215
H044,P0217
H044,P0218
H044,P0219
H044,P0220
H044,P0221
H044,P0222
H044,P0223
H044,P0224
H044,P0225
H044,P0226
H044,P0227
H044,P0229
H044,P0230
H044,P0231
H044,P0232
H044,P0235
H044,P0236
H044,P0237
H044,P0238
H044,P0239
H044,P0240
H044,P0241
H044,P0243
H044,P0244
H044,P0245
H044,P0246
H044,P0247
H044,P0249
H044,P0250
H044,P0251
H044,P0253
H044,P0254
H044,P0255
H044,P0256
H044,P0257
H044,P0258
H044,P0259
H044,P0262
H044,P0263
H044,P0264
H044,P0265
H044,P0266
H044,P0267
H044,P0268
H044,P0269
H044,P0270
H044,P0271
H044,P0272
H044,P0273
H044,P0274
H044,P0275
H044,P0276
H044,P0278
H044,P0279
H044,P0280
H044,P0281
H044,P0282
H044,P0283
H044,P0284
H044,P0287
H044,P0288
H044,P0289
H044,P0290
H044,P0291
H044,P0292
H044,P0293
H044,P0294
H044,P0296
H044,P0297
H044,P0298
H044,P0299
H044,P0302
H044,P0303
H044,P0305
H044,P0306
H044,P0307
H044,P0308
H044,P0309
H044,P0310
H044,P0311
H044,P0312
H044,P0313
H044,P0314
H044,P0315
H044,P0317
H044,P0319
H044,P0320
H044,P0321
H044,P0322
H044,P0323
H044,P0325
H044,P0326
H044,P0328
H044,P0329
H044,P0330
H044,P0331
H044,P0332
H044,P0333
H044,P0334
H044,P0336
H044,P0337
H044,P0338
H044,P0339
H044,P0340
H044,P0342
H044,P0344
H044,P0345
H044,P0346
H044,P0347
H044,P0348
H044,P0349
H044,P0350
H044,P0351
H044,P0352
H044,P0354
H044,P0355
H044,P0356
H044,P0357
H044,P0358
H044,P0359
H044,P0360
H044,P0361
H044,P0362
H044,P0363
H044,P0367
H044,P0368
H044,P0369
H044,P0370
H044,P0371
H044,P0372
H044,P0373
H044,P0374
H044,P0375
H044,P0376
H044,P0377
H044,P0378
H044,P0379
H044,P0380
H044,P0381
H044,P0383
H044,P0385
H044,P0388
H044,P0389
H044,P0391
H044,P0392
H044,P0393
H044,P0394
H044,P0396
H044,P0397
H044,P0398
H044,P0399
H044,P0400
H044,P0401
H044,P0402
H044,P0404
H044,P0405
H044,P0406
H044,P0407
H044,P0408
H044,P0409
H044,P0411
H044,P0412
H044,P0413
H044,P0414
H044,P0415
H044,P0416
H044,P0417
H044,P0418
H044,P0419
H044,P0421
H044,P0422
H044,P0423
H044,P0424
H044,P0425
H044,P0427
H044,P0429
H044,P0431
H044,P0433
H044,P0434
H044,P0435
H044,P0438
H044,P0439
H044,P0440
H044,P0441
H044,P0442
H044,P0443
H044,P0444
H044,P0445
H044,P0446
H044,P0447
H044,P0448
H044,P0450
H044,P0451
H044,P0452
H044,P0453
H044,P0454
H044,P0455
H044,P0456
H044,P0458
H044,P0459
H044,P0460
H044,P0461
H044,P0462
H044,P0463
H044,P0464
H044,P0465
H044,P0466
H044,P0467
H044,P0468
H044,P0469
H044,P0471
H044,P0472
H044,P0473
H044,P0474
H044,P0476
H044,P0477
H044,P0478
H044,P0479
H044,P0481
H044,P0482
H044,P0483
H044,P0484
H044,P0485
H044,P0488
H044,P0489
H044,P0490
H044,P0492
H044,P0494
H044,P0495
H044,P0497
H044,P0498
H044,P0502
H044,P0504
H044,P0505
H044,P0506
H044,P0507
H044,P0510
H044,P0512
H044,P0513
H044,P0514
H044,P0515
H044,P0516
H044,P0517
H044,P0518
H044,P0519
H044,P0520
H044,P0521
H044,P0522
H044,P0523
H044,P0524
H044,P0527
H044,P0528
H044,P0529
H044,P0530
H044,P0531
H044,P0532
H044,P0533
H044,P0534
H044,P0537
H044,P0538
H044,P0539
H044,P0542
H044,P0543
H044,P0545
H044,P0547
H044,P0548
H044,P0549
H044,P0550
H044,P0551
H044,P0552
H044,P0553
H044,P0554
H044,P0555
H044,P0557
H044,P0558
H044,P0559
H044,P0560
H044,P0561
H044,P0563
H044,P0564
H044,P0567
H044,P0569
H044,P0570
H044,P0571
H044,P0572
H044,P0573
H044,P0574
H044,P0576
H044,P0577
H044,P0578
H044,P0580
H044,P0585
H044,P0586
H044,P0587
H044,P0589
H044,P0590
H044,P0593
H044,P0594
H044,P0595
H045,P0001
H045,P0002
H045,P0003
H045,P0005
H045,P0006
H045,P0007
H045,P0008
H045,P0012
H045,P0013
H045,P0014
H045,P0017
H045,P0018
H045,P0019
H045,P0020
H045,P0022
H045,P0024
H045,P0026
H045,P0029
H045,P0030
H045,P0031
H045,P0032
H045,P0033
H045,P0035
H045,P0036
H045,P0038
H045,P0039
H045,P0040
H045,P0042
H045,P0043
H045,P0045
H045,P0046
H045,P0047
H045,P0048
H045,P0049
H045,P0051
H045,P0052
H045,P0053
H045,P0054
H045,P0055
H045,P0058
H045,P0059
H045,P0060
H045,P0062
H045,P0066
H045,P0067
H045,P0068
H045,P0069
H045,P0070
H045,P0072
H045,P0073
H045,P0074
H045,P0075
H045,P0076
H045,P0079
H045,P0080
H045,P0082
H045,P0083
H045,P0085
H045,P0086
H045,P0087
H045,P0089
H045,P0090
H045,P0092
H045,P0093
H045,P0094
H045,P0097
H045,P0100
H045,P0101
H045,P0103
H045,P0104
H045,P0105
H045,P0107
H045,P0108
H045,P0109
H045,P0110
H045,P0111
H045,P0113
H045,P0114
H045,P0116
H045,P0117
H045,P0120
H045,P0121
H045,P0122
H045,P0123
H045,P0124
H045,P0125
H045,P0126
H045,P0130
H045,P0132
H045,P0134
H045,P0135
H045,P0136
H045,P0137
H045,P0138
H045,P0139
H045,P0140
H045,P0142
H045,P0143
H045,P0144
H045,P0145
H045,P0146
H045,P0148
H045,P0149
H045,P0150
H045,P0152
H045,P0154
H045,P0155
H045,P0156
H045,P0157
H045,P0158
H045,P0159
H045,P0160
H045,P0161
H045,P0163
H045,P0164
H045,P0165
H045,P0166
H045,P0168
H045,P0169
H045,P0170
H045,P0171
H045,P0172
H045,P0173
H045,P0175
H045,P0178
H045,P0179
H045,P0180
H045,P0181
H045,P0182
H045,P0183
H045,P0184
H045,P0185
H045,P0188
H045,P0189
H045,P0190
H045,P0193
H045,P0197
H045,P0198
H045,P0199
H045,P0200
H045,P0201
H045,P0202
H045,P0203
H045,P0204
H045,P0206
H045,P0207
H045,P0208
H045,P0209
H045,P0211
H045,P0212
H045,P0213
H045,P0216
H045,P0218
H045,P0219
H045,P0221
H045,P0222
H045,P0224
H045,P0226
H045,P0227
H045,P0228
H045,P0229
H045,P0232
H045,P0233
H045,P0235
H045,P0236
H045,P0238
H045,P0239
H045,P0241
H045,P0242
H045,P0243
H045,P0244
H045,P0245
H045,P0247
H045,P0249
H045,P0250
H045,P0251
H045,P0252
H045,P0253
H045,P0254
H045,P0255
H045,P0256
H045,P0257
H045,P0258
H045,P0259
H045,P0260
H045,P0261
H045,P0262
H045,P0264
H045,P0265
H045,P0266
H045,P0267
H045,P0268
H045,P0269
H045,P0270
H045,P0271
H045,P0272
H045,P0273
H045,P0274
H045,P0277
H045,P0278
H045,P0279
H045,P0281
H045,P0283
H045,P0286
H045,P0287
H045,P0288
H045,P0289
H045,P0290
H045,P0291
H045,P0292
H045,P0293
H045,P0294
H045,P0295
H045,P0296
H045,P0298
H045,P0299
H045,P0300
H045,P0302
H045,P0305
H045,P0306
H045,P0307
H045,P0308
H045,P0309
H045,P0310
H045,P0312
H045,P0313
H045,P0314
H045,P0315
H045,P0318
H045,P0320
H045,P0321
H045,P0323
H045,P0324
H045,P0325
H045,P0326
H045,P0327
H045,P0328
H045,P0329
H045,P0330
H045,P0332
H045,P0333
H045,P0334
H045,P0336
H045,P0337
H045,P0338
H045,P0341
H045,P0342
H045,P0345
H045,P0346
H045,P0347
H045,P0349
H045,P0351
H045,P0352
H045,P0353
H045,P0354
H045,P0355
H045,P0356
H045,P0357
H045,P0358
H045,P0360
H045,P0361
H045,P0362
H045,P0363
H045,P0364
H045,P0365
H045,P0366
H045,P0367
H045,P0368
H045,P0369
H045,P0370
H045,P0371
H045,P0372
H045,P0373
H045,P0374
H045,P0375
H045,P0376
H045,P0379
H045,P0380
H045,P0381
H045,P0383
H045,P0386
H045,P0390
H045,P0391
H045,P0392
H045,P0395
H045,P0396
H045,P0397
H045,P0398
H045,P0399
H045,P0400
H045,P0401
H045,P0404
H045,P0406
H045,P0408
H045,P0409
H045,P0410
H045,P0411
H045,P0412
H045,P0413
H045,P0414
H045,P0415
H045,P0416
H045,P0417
H045,P0418
H045,P0420
H045,P0421
H045,P0424
H045,P0427
H045,P0428
H045,P0429
H045,P0430
H045,P0432
H045,P0433
H045,P0434
H045,P0435
H045,P0436
H045,P0437
H045,P0442
H045,P0443
H045,P0444
H045,P0445
H045,P0446
H045,P0447
H045,P0448
H045,P0449
H045,P0450
H045,P0451
H045,P0452
H045,P0453
H045,P0454
H045,P0455
H045,P0456
H045,P0458
H045,P0459
H045,P0460
H045,P0461
H045,P0464
H045,P0465
H045,P0468
H045,P0469
H045,P0471
H045,P0472
H045,P0473
H045,P0474
H045,P0477
H045,P0478
H045,P0479
H045,P0481
H045,P0483
H045,P0484
H045,P0485
H045,P0486
H045,P0488
H045,P0489
H045,P0490
H045,P0491
H045,P0492
H045,P0495
H045,P0496
H045,P0497
H045,P0499
H045,P0502
H045,P0503
H045,P0504
H045,P0505
H045,P0506
H045,P0507
H045,P0508
H045,P0509
H045,P0511
H045,P0512
H045,P0514
H045,P0515
H045,P0516
H045,P0517
H045,P0518
H045,P0519
H045,P0520
H045,P0521
H045,P0522
H045,P0523
H045,P0524
H045,P0525
H045,P0526
H045,P0527
H045,P0528
H045,P0530
H045,P0531
H045,P0532
H045,P0533
H045,P0534
H045,P0535
H045,P0537
H045,P0539
H045,P0540
H045,P0541
H045,P0542
H045,P0543
H045,P0544
H045,P0546
H045,P0547
H045,P0549
H045,P0550
H045,P0551
H045,P0552
H045,P0553
H045,P0556
H045,P0557
H045,P0558
H045,P0561
H045,P0562
H045,P0563
H045,P0565
H045,P0566
H045,P0567
H045,P0569
H045,P0570
H045,P0571
H045,P0573
H045,P0574
H045,P0575
H045,P0576
H045,P0578
H045,P0579
H045,P0582
H045,P0583
H045,P0584
H045,P0586
H045,P0587
H045,P0588
H045,P0589
H045,P0590
H045,P0591
H045,P0593
H045,P0594
H045,P0595
H045,P0596
H045,P0599
H045,P0600
H046,P0001
H046,P0002
H046,P0003
H046,P0005
H046,P0007
H046,P0008
H046,P0012
H046,P0015
H046,P0018
H046,P0026
H046,P0027
H046,P0028
H046,P0029
H046,P0034
H046,P0035
H046,P0036
H046,P0037
H046,P0040
H046,P0043
H046,P0045
H046,P0046
H046,P0048
H046,P0049
H046,P0050
H046,P0055
H046,P0062
H046,P0063
H046,P0069
H046,P0070
H046,P0073
H046,P0074
H046,P0078
H046,P0079
H046,P0082
H046,P0083
H046,P0085
H046,P0086
H046,P0090
H046,P0091
H046,P0094
H046,P0097
H046,P0102
H046,P0103
H046,P0104
H046,P0105
H046,P0109
H046,P0110
H046,P0111
H046,P0113
H046,P0114
H046,P0116
H046,P0117
H046,P0119
H046,P0121
H046,P0124
H046,P0125
H046,P0127
H046,P0129
H046,P0130
H046,P0131
H046,P0132
H046,P0134
H046,P0136
H046,P0137
H046,P0140
H046,P0142
H046,P0143
H046,P0145
H046,P0146
H046,P0147
H046,P0148
H046,P0150
H046,P0151
H046,P0153
H046,P0154
H046,P0155
H046,P0157
H046,P0158
H046,P0160
H046,P0164
H046,P0165
H046,P0168
H046,P0169
H046,P0171
H046,P0172
H046,P0174
H046,P0178
H046,P0183
H046,P0185
H046,P0188
H046,P0190
H046,P0192
H046,P0193
H046,P0195
H046,P0196
H046,P0197
H046,P0198
H046,P0199
H046,P0200
H046,P0202
H046,P0203
H046,P0205
H046,P0207
H046,P0210
H046,P0211
H046,P0213
H046,P0218
H046,P0222
H046,P0225
H046,P0226
H046,P0229
H046,P0230
H046,P0231
H046,P0232
H046,P0238
H046,P0239
H046,P0242
H046,P0244
H046,P0246
H046,P0247
H046,P0250
H046,P0251
H046,P0253
H046,P0254
H046,P0256
H046,P0257
H046,P0262
H046,P0265
H046,P0269
H046,P0270
H046,P0277
H046,P0278
H046,P0279
H046,P0285
H046,P0287
H046,P0293
H046,P0296
H046,P0299
H046,P0300
H046,P0302
H046,P0305
H046,P0306
H046,P0308
H046,P0309
H046,P0310
H046,P0312
H046,P0317
H046,P0318
H046,P0319
H046,P0321
H046,P0329
H046,P0330
H046,P0332
H046,P0334
H046,P0336
H046,P0337
H046,P0338
H046,P0339
H046,P0342
H046,P0343
H046,P0344
H046,P0345
H046,P0346
H046,P0347
H046,P0348
H046,P0353
H046,P0355
H046,P0356
H046,P0358
H046,P0360
H046,P0361
H046,P0362
H046,P0366
H046,P0369
H046,P0370
H046,P0371
H046,P0372
H046,P0374
H046,P0375
H046,P0376
H046,P0377
H046,P0378
H046,P0380
H046,P0383
H046,P0384
H046,P0385
H046,P0391
H046,P0393
H046,P0395
H046,P0396
H046,P0397
H046,P0398
H046,P0401
H046,P0402
H046,P0403
H046,P0407
H046,P0408
H046,P0411
H046,P0413
H046,P0414
H046,P0416
H046,P0417
H046,P0418
H046,P0420
H046,P0422
H046,P0424
H046,P0425
H046,P0426
H046,P0427
H046,P0428
H046,P0430
H046,P0431
H046,P0432
H046,P0433
H046,P0434
H046,P0435
H046,P0438
H046,P0444
H046,P0446
H046,P0447
H046,P0448
H046,P0451
H046,P0453
H046,P0454
H046,P0456
H046,P0460
H046,P0464
H046,P0465
H046,P0467
H046,P0470
H046,P0471
H046,P0472
H046,P0474
H046,P0479
H046,P0484
H046,P0485
H046,P0486
H046,P0489
H046,P0490
H046,P0492
H046,P0496
H046,P0498
H046,P0499
H046,P0500
H046,P0508
H046,P0512
H046,P0514
H046,P0515
H046,P0516
H046,P0518
H046,P0519
H046,P0520
H046,P0522
H046,P0526
H046,P0527
H046,P0530
H046,P0532
H046,P0533
H046,P0540
H046,P0547
H046,P0549
H046,P0554
H046,P0556
H046,P0557
H046,P0559
H046,P0560
H046,P0561
H046,P0563
H046,P0564
H046,P0565
H046,P0566
H046,P0567
H046,P0569
H046,P0570
H046,P0573
H046,P0574
H046,P0576
H046,P0584
H046,P0589
H046,P0590
H046,P0591
H046,P0593
H046,P0596
H047,P0003
H047,P0005
H047,P0006
H047,P0007
H047,P0008
H047,P0010
H047,P0011
H047,P0012
H047,P0013
H047,P0015
H047,P0016
H047,P0017
H047,P0018
H047,P0019
H047,P0020
H047,P0021
H047,P0022
H047,P0023
H047,P0024
H047,P0026
H047,P0028
H047,P0029
H047,P0030
H047,P0033
H047,P0035
H047,P0037
H047,P0039
H047,P0041
H047,P0043
H047,P0044
H047,P0045
H047,P0046
H047,P0047
H047,P0048
H047,P0049
H047,P0050
H047,P0051
H047,P0053
H047,P0055
H047,P0056
H047,P0057
H047,P0058
H047,P0060
H047,P0061
H047,P0062
H047,P0065
H047,P0066
H047,P0067
H047,P0068
H047,P0069
H047,P0070
H047,P0071
H047,P0072
H047,P0073
H047,P0074
H047,P0075
H047,P0076
H047,P0077
H047,P0079
H047,P0080
H047,P0081
H047,P0082
H047,P0083
H047,P0084
H047,P0085
H047,P0086
H047,P0089
H047,P0090
H047,P0091
H047,P0092
H047,P0093
H047,P0094
H047,P0095
H047,P0096
H047,P0097
H047,P0098
H047,P0099
H047,P0100
H047,P0101
H047,P0105
H047,P0107
H047,P0108
H047,P0110
H047,P0111
H047,P0112
H047,P0113
H047,P0114
H047,P0115
H047,P0117
H047,P0120
H047,P0121
H047,P0122
H047,P0124
H047,P0125
H047,P0126
H047,P0127
H047,P0128
H047,P0129
H047,P0130
H047,P0132
H047,P0133
H047,P0134
H047,P0135
H047,P0136
H047,P0137
H047,P0138
H047,P0139
H047,P0140
H047,P0141
H047,P0142
H047,P0143
H047,P0144
H047,P0147
H047,P0148
H047,P0149
H047,P0150
H047,P0151
H047,P0152
H047,P0153
H047,P0154
H047,P0155
H047,P0157
H047,P0159
H047,P0160
H047,P0161
H047,P0162
H047,P0164
H047,P0165
H047,P0166
H047,P0167
H047,P0168
H047,P0169
H047,P0170
H047,P0171
H047,P0172
H047,P0173
H047,P0174
H047,P0176
H047,P0177
H047,P0178
H047,P0179
H047,P0181
H047,P0184
H047,P0185
H047,P0186
H047,P0188
H047,P0190
H047,P0191
H047,P0192
H047,P0193
H047,P0194
H047,P0195
H047,P0197
H047,P0200
H047,P0202
H047,P0203
H047,P0204
H047,P0205
H047,P0206
H047,P0208
H047,P0209
H047,P0211
H047,P0212
H047,P0213
H047,P0214
H047,P0215
H047,P0216
H047,P0217
H047,P0218
H047,P0219
H047,P0221
H047,P0222
H047,P0224
H047,P0225
H047,P0226
H047,P0228
H047,P0229
H047,P0230
H047,P0231
H047,P0232
H047,P0233
H047,P0234
H047,P0236
H047,P0237
H047,P0238
H047,P0239
H047,P0240
H047,P0241
H047,P0242
H047,P0244
H047,P0245
H047,P0246
H047,P0247
H047,P0249
H047,P0250
H047,P0251
H047,P0252
H047,P0253
H047,P0254
H047,P0255
H047,P0256
H047,P0257
H047,P0258
H047,P0261
H047,P0263
H047,P0264
H047,P0265
H047,P0266
H047,P0268
H047,P0269
H047,P0270
H047,P0271
H047,P0272
H047,P0273
H047,P0274
H047,P0277
H047,P0278
H047,P0280
H047,P0281
H047,P0282
H047,P0284
H047,P0285
H047,P0286
H047,P0287
H047,P0289
H047,P0293
H047,P0295
H047,P0296
H047,P0297
H047,P0299
H047,P0300
H047,P0301
H047,P0302
H047,P0303
H047,P0304
H047,P0305
H047,P0306
H047,P0307
H047,P0308
H047,P0309
H047,P0310
H047,P0311
H047,P0312
H047,P0313
H047,P0314
H047,P0315
H047,P0317
H047,P0318
H047,P0320
H047,P0321
H047,P0325
H047,P0326
H047,P0328
H047,P0329
H047,P0330
H047,P0331
H047,P0332
H047,P0333
H047,P0334
H047,P0335
H047,P0336
H047,P0337
H047,P0338
H047,P0339
H047,P0341
H047,P0342
H047,P0343
H047,P0344
H047,P0345
H047,P0346
H047,P0347
H047,P0348
H047,P0350
H047,P0351
H047,P0352
H047,P0353
H047,P0354
H047,P0355
H047,P0356
H047,P0357
H047,P0358
H047,P0359
H047,P0360
H047,P0361
H047,P0363
H047,P0364
H047,P0365
H047,P0366
H047,P0367
H047,P0368
H047,P0369
H047,P0370
H047,P0371
H047,P0372
H047,P0374
H047,P0375
H047,P0376
H047,P0377
H047,P0378
H047,P0379
H047,P0380
H047,P0381
H047,P0382
H047,P0383
H047,P0384
H047,P0386
H047,P0388
H047,P0392
H047,P0393
H047,P0394
H047,P0395
H047,P0396
H047,P0397
H047,P0398
H047,P0399
H047,P0400
H047,P0401
H047,P0402
H047,P0404
H047,P0406
H047,P0407
H047,P0408
H047,P0409
H047,P0410
H047,P0411
H047,P0412
H047,P0413
H047,P0414
H047,P0415
H047,P0416
H047,P0417
H047,P0418
H047,P0419
H047,P0420
H047,P0421
H047,P0422
H047,P0424
H047,P0425
H047,P0426
H047,P0427
H047,P0428
H047,P0429
H047,P0430
H047,P0431
H047,P0432
H047,P0434
H047,P0435
H047,P0436
H047,P0437
H047,P0438
H047,P0439
H047,P0440
H047,P0441
H047,P0442
H047,P0443
H047,P0445
H047,P0446
H047,P0447
H047,P0448
H047,P0449
H047,P0450
H047,P0451
H047,P0453
H047,P0454
H047,P0455
H047,P0457
H047,P0458
H047,P0459
H047,P0460
H047,P0461
H047,P0462
H047,P0463
H047,P0464
H047,P0465
H047,P0466
H047,P0467
H047,P0468
H047,P0470
H047,P0471
H047,P0472
H047,P0473
H047,P0475
H047,P0476
H047,P0477
H047,P0479
H047,P0480
H047,P0482
H047,P0483
H047,P0484
H047,P0486
H047,P0489
H047,P0490
H047,P0491
H047,P0492
H047,P0494
H047,P0497
H047,P0498
H047,P0499
H047,P0500
H047,P0501
H047,P0502
H047,P0506
H047,P0507
H047,P0508
H047,P0510
H047,P0511
H047,P0512
H047,P0513
H047,P0514
H047,P0515
H047,P0516
H047,P0517
H047,P0518
H047,P0519
H047,P0520
H047,P0521
H047,P0522
H047,P0524
H047,P0525
H047,P0527
H047,P0528
H047,P0529
H047,P0530
H047,P0531
H047,P0532
H047,P0533
H047,P0534
H047,P0535
H047,P0536
H047,P0537
H047,P0538
H047,P0539
H047,P0540
H047,P0541
H047,P0542
H047,P0544
H047,P0545
H047,P0547
H047,P0548
H047,P0549
H047,P0550
H047,P0551
H047,P0552
H047,P0555
H047,P0556
H047,P0557
H047,P0560
H047,P0561
H047,P0562
H047,P0563
H047,P0564
H047,P0566
H047,P0567
H047,P0568
H047,P0569
H047,P0570
H047,P0572
H047,P0573
H047,P0574
H047,P0575
H047,P0576
H047,P0579
H047,P0580
H047,P0582
H047,P0583
H047,P0584
H047,P0586
H047,P0587
H047,P0588
H047,P0589
H047,P0590
H047,P0591
H047,P0592
H047,P0593
H047,P0594
H047,P0596
H047,P0597
H047,P0598
H047,P0600
H048,P0001
H048,P0002
H048,P0003
H048,P0004
H048,P0005
H048,P0006
H048,P0008
H048,P0010
H048,P0011
H048,P0013
H048,P0014
H048,P0015
H048,P0016
H048,P0017
H048,P0018
H048,P0019
H048,P0020
H048,P0023
H048,P0024
H048,P0026
H048,P0027
H048,P0029
H048,P0030
H048,P0031
H048,P0032
H048,P0033
H048,P0034
H048,P0035
H048,P0036
H048,P0038
H048,P0041
H048,P0042
H048,P0043
H048,P0044
H048,P0045
H048,P0047
H048,P0048
H048,P0049
H048,P0050
H048,P0051
H048,P0052
H048,P0053
H048,P0055
H048,P0057
H048,P0058
H048,P0060
H048,P0061
H048,P0062
H048,P0063
H048,P0064
H048,P0065
H048,P0066
H048,P0067
H048,P0068
H048,P0069
H048,P0071
H048,P0072
H048,P0075
H048,P0076
H048,P0079
H048,P0080
H048,P0084
H048,P0085
H048,P0086
H048,P0088
H048,P0089
H048,P0090
H048,P0091
H048,P0092
H048,P0093
H048,P0095
H048,P0097
H048,P0100
H048,P0101
H048,P0102
H048,P0103
H048,P0107
H048,P0109
H048,P0110
H048,P0111
H048,P0113
H048,P0114
H048,P0115
H048,P0116
H048,P0120
H048,P0121
H048,P0122
H048,P0123
H048,P0124
H048,P0125
H048,P0126
H048,P0128
H048,P0129
H048,P0130
H048,P0131
H048,P0132
H048,P0133
H048,P0134
H048,P0136
H048,P0138
H048,P0140
H048,P0141
H048,P0142
H048,P0143
H048,P0144
H048,P0146
H048,P0147
H048,P0148
H048,P0149
H048,P0151
H048,P0152
H048,P0153
H048,P0154
H048,P0155
H048,P0156
H048,P0157
H048,P0158
H048,P0159
H048,P0160
H048,P0161
H048,P0164
H048,P0165
H048,P0168
H048,P0171
H048,P0172
H048,P0173
H048,P0174
H048,P0175
H048,P0176
H048,P0178
H048,P0179
H048,P0180
H048,P0181
H048,P0182
H048,P0183
H048,P0185
H048,P0186
H048,P0188
H048,P0189
H048,P0190
H048,P0192
H048,P0193
H048,P0194
H048,P0195
H048,P0196
H048,P0197
H048,P0198
H048,P0201
H048,P0202
H048,P0203
H048,P0204
H048,P0206
H048,P0209
H048,P0211
H048,P0212
H048,P0213
H048,P0214
H048,P0215
H048,P0216
H048,P0219
H048,P0220
H048,P0221
H048,P0222
H048,P0224
H048,P0226
H048,P0227
H048,P0228
H048,P0229
H048,P0230
H048,P0231
H048,P0232
H048,P0233
H048,P0234
H048,P0236
H048,P0237
H048,P0238
H048,P0239
H048,P0241
H048,P0242
H048,P0243
H048,P0244
H048,P0245
H048,P0246
H048,P0247
H048,P0249
H048,P0250
H048,P0251
H048,P0252
H048,P0253
H048,P0254
H048,P0255
H048,P0256
H048,P0257
H048,P0259
H048,P0261
H048,P0262
H048,P0263
H048,P0265
H048,P0266
H048,P0269
H048,P0270
H048,P0271
H048,P0272
H048,P0273
H048,P0275
H048,P0277
H048,P0278
H048,P0279
H048,P0280
H048,P0282
H048,P0284
H048,P0285
H048,P0286
H048,P0287
H048,P0289
H048,P0290
H048,P0291
H048,P0293
H048,P0294
H048,P0295
H048,P0296
H048,P0297
H048,P0298
H048,P0299
H048,P0300
H048,P0301
H048,P0302
H048,P0303
H048,P0305
H048,P0306
H048,P0307
H048,P0308
H048,P0310
H048,P0311
H048,P0312
H048,P0313
H048,P0314
H048,P0316
H048,P0317
H048,P0318
H048,P0319
H048,P0320
H048,P0321
H048,P0322
H048,P0323
H048,P0326
H048,P0327
H048,P0328
H048,P0329
H048,P0330
H048,P0331
H048,P0332
H048,P0334
H048,P0335
H048,P0336
H048,P0337
H048,P0338
H048,P0341
H048,P0342
H048,P0343
H048,P0345
H048,P0346
H048,P0347
H048,P0351
H048,P0352
H048,P0353
H048,P0355
H048,P0356
H048,P0357
H048,P0358
H048,P0359
H048,P0361
H048,P0362
H048,P0363
H048,P0364
H048,P0367
H048,P0368
H048,P0369
H048,P0370
H048,P0371
H048,P0372
H048,P0373
H048,P0374
H048,P0375
H048,P0377
H048,P0378
H048,P0379
H048,P0380
H048,P0381
H048,P0382
H048,P0384
H048,P0385
H048,P0388
H048,P0389
H048,P0393
H048,P0394
H048,P0395
H048,P0396
H048,P0397
H048,P0398
H048,P0399
H048,P0400
H048,P0401
H048,P0402
H048,P0404
H048,P0406
H048,P0407
H048,P0408
H048,P0409
H048,P0410
H048,P0411
H048,P0412
H048,P0414
H048,P0417
H048,P0418
H048,P0419
H048,P0421
H048,P0422
H048,P0424
H048,P0425
H048,P0426
H048,P0427
H048,P0429
H048,P0430
H048,P0431
H048,P0433
H048,P0435
H048,P0436
H048,P0437
H048,P0438
H048,P0439
H048,P0440
H048,P0441
H048,P0443
H048,P0444
H048,P0446
H048,P0447
H048,P0448
H048,P0451
H048,P0452
H048,P0453
H048,P0454
H048,P0455
H048,P0456
H048,P0457
H048,P0458
H048,P0461
H048,P0463
H048,P0464
H048,P0465
H048,P0467
H048,P0469
H048,P0470
H048,P0471
H048,P0472
H048,P0473
H048,P0475
H048,P0476
H048,P0477
H048,P0478
H048,P0480
H048,P0482
H048,P0483
H048,P0484
H048,P0485
H048,P0487
H048,P0488
H048,P0489
H048,P0490
H048,P0491
H048,P0492
H048,P0493
H048,P0494
H048,P0495
H048,P0497
H048,P0499
H048,P0500
H048,P0502
H048,P0504
H048,P0505
H048,P0506
H048,P0511
H048,P0512
H048,P0514
H048,P0515
H048,P0516
H048,P0518
H048,P0519
H048,P0520
H048,P0521
H048,P0522
H048,P0524
H048,P0525
H048,P0526
H048,P0527
H048,P0529
H048,P0533
H048,P0535
H048,P0536
H048,P0537
H048,P0538
H048,P0539
H048,P0540
H048,P0543
H048,P0545
H048,P0546
H048,P0547
H048,P0550
H048,P0553
H048,P0554
H048,P0557
H048,P0559
H048,P0560
H048,P0561
H048,P0562
H048,P0563
H048,P0564
H048,P0565
H048,P0566
H048,P0567
H048,P0569
H048,P0570
H048,P0571
H048,P0573
H048,P0574
H048,P0575
H048,P0576
H048,P0577
H048,P0578
H048,P0579
H048,P0582
H048,P0583
H048,P0585
H048,P0586
H048,P0587
H048,P0588
H048,P0589
H048,P0590
H048,P0593
H048,P0594
H048,P0596
H048,P0597
H048,P0598
H048,P0599
H048,P0600
H049,P0001
H049,P0004
H049,P0005
H049,P0006
H049,P0007
H049,P0008
H049,P0013
H049,P0015
H049,P0016
H049,P0017
H049,P0018
H049,P0021
H049,P0024
H049,P0027
H049,P0031
H049,P0037
H049,P0038
H049,P0043
H049,P0045
H049,P0047
H049,P0048
H049,P0049
H049,P0050
H049,P0052
H049,P0053
H049,P0055
H049,P0056
H049,P0058
H049,P0060
H049,P0062
H049,P0063
H049,P0065
H049,P0068
H049,P0069
H049,P0070
H049,P0071
H049,P0073
H049,P0079
H049,P0080
H049,P0082
H049,P0083
H049,P0084
H049,P0085
H049,P0086
H049,P0087
H049,P0091
H049,P0092
H049,P0093
H049,P0097
H049,P0098
H049,P0100
H049,P0103
H049,P0104
H049,P0105
H049,P0107
H049,P0108
H049,P0111
H049,P0113
H049,P0114
H049,P0115
H049,P0116
H049,P0117
H049,P0121
H049,P0123
H049,P0124
H049,P0125
H049,P0126
H049,P0128
H049,P0129
H049,P0130
H049,P0131
H049,P0132
H049,P0135
H049,P0136
H049,P0139
H049,P0140
H049,P0142
H049,P0143
H049,P0146
H049,P0147
H049,P0148
H049,P0149
H049,P0150
H049,P0152
H049,P0155
H049,P0156
H049,P0157
H049,P0158
H049,P0160
H049,P0161
H049,P0162
H049,P0163
H049,P0164
H049,P0165
H049,P0166
H049,P0167
H049,P0169
H049,P0170
H049,P0171
H049,P0172
H049,P0174
H049,P0178
H049,P0179
H049,P0181
H049,P0182
H049,P0183
H049,P0185
H049,P0186
H049,P0187
H049,P0188
H049,P0190
H049,P0191
H049,P0192
H049,P0193
H049,P0194
H049,P0195
H049,P0196
H049,P0197
H049,P0199
H049,P0200
H049,P0201
H049,P0202
H049,P0203
H049,P0207
H049,P0208
H049,P0211
H049,P0212
H049,P0217
H049,P0219
H049,P0221
H049,P0222
H049,P0223
H049,P0224
H049,P0226
H049,P0228
H049,P0229
H049,P0231
H049,P0232
H049,P0235
H049,P0236
H049,P0237
H049,P0239
H049,P0241
H049,P0242
H049,P0243
H049,P0244
H049,P0245
H049,P0246
H049,P0250
H049,P0251
H049,P0254
H049,P0255
H049,P0256
H049,P0257
H049,P0258
H049,P0259
H049,P0261
H049,P0262
H049,P0263
H049,P0268
H049,P0269
H049,P0273
H049,P0276
H049,P0278
H049,P0279
H049,P0282
H049,P0284
H049,P0285
H049,P0289
H049,P0290
H049,P0292
H049,P0294
H049,P0295
H049,P0296
H049,P0297
H049,P0298
H049,P0299
H049,P0300
H049,P0303
H049,P0305
H049,P0306
H049,P0307
H049,P0309
H049,P0310
H049,P0312
H049,P0314
H049,P0315
H049,P0317
H049,P0318
H049,P0319
H049,P0320
H049,P0321
H049,P0323
H049,P0325
H049,P0326
H049,P0327
H049,P0328
H049,P0330
H049,P0332
H049,P0333
H049,P0336
H049,P0338
H049,P0339
H049,P0342
H049,P0343
H049,P0345
H049,P0346
H049,P0347
H049,P0353
H049,P0355
H049,P0356
H049,P0358
H049,P0361
H049,P0362
H049,P0363
H049,P0367
H049,P0368
H049,P0369
H049,P0370
H049,P0371
H049,P0372
H049,P0374
H049,P0375
H049,P0377
H049,P0379
H049,P0380
H049,P0381
H049,P0383
H049,P0385
H049,P0390
H049,P0391
H049,P0392
H049,P0395
H049,P0396
H049,P0397
H049,P0398
H049,P0402
H049,P0404
H049,P0406
H049,P0408
H049,P0409
H049,P0410
H049,P0416
H049,P0417
H049,P0419
H049,P0420
H049,P0421
H049,P0422
H049,P0423
H049,P0424
H049,P0426
H049,P0428
H049,P0430
H049,P0432
H049,P0433
H049,P0434
H049,P0439
H049,P0440
H049,P0442
H049,P0444
H049,P0445
H049,P0446
H049,P0447
H049,P0448
H049,P0451
H049,P0453
H049,P0456
H049,P0458
H049,P0461
H049,P0462
H049,P0464
H049,P0465
H049,P0466
H049,P0467
H049,P0468
H049,P0470
H049,P0471
H049,P0472
H049,P0473
H049,P0474
H049,P0477
H049,P0480
H049,P0481
H049,P0482
H049,P0484
H049,P0485
H049,P0486
H049,P0488
H049,P0489
H049,P0490
H049,P0492
H049,P0493
H049,P0494
H049,P0495
H049,P0496
H049,P0500
H049,P0503
H049,P0505
H049,P0506
H049,P0510
H049,P0511
H049,P0512
H049,P0514
H049,P0515
H049,P0516
H049,P0518
H049,P0520
H049,P0521
H049,P0522
H049,P0523
H049,P0524
H049,P0527
H049,P0529
H049,P0531
H049,P0533
H049,P0534
H049,P0537
H049,P0538
H049,P0540
H049,P0542
H049,P0544
H049,P0545
H049,P0546
H049,P0547
H049,P0548
H049,P0549
H049,P0550
H049,P0551
H049,P0552
H049,P0554
H049,P0556
H049,P0557
H049,P0558
H049,P0562
H049,P0563
H049,P0564
H049,P0565
H049,P0568
H049,P0569
H049,P0570
H049,P0572
H049,P0575
H049,P0576
H049,P0577
H049,P0578
H049,P0585
H049,P0587
H049,P0588
H049,P0590
H049,P0593
H049,P0594
H049,P0596
H049,P0598
H049,P0599
H050,P0003
H050,P0004
H050,P0005
H050,P0006
H050,P0008
H050,P0009
H050,P0010
H050,P0011
H050,P0012
H050,P0013
H050,P0014
H050,P0015
H050,P0016
H050,P0017
H050,P0018
H050,P0019
H050,P0020
H050,P0021
H050,P0022
H050,P0023
H050,P0024
H050,P0026
H050,P0028
H050,P0029
H050,P0030
H050,P0031
H050,P0032
H050,P0034
H050,P0036
H050,P0037
H050,P0038
H050,P0039
H050,P0040
H050,P0042
H050,P0043
H050,P0044
H050,P0045
H050,P0046
H050,P0047
H050,P0048
H050,P0049
H050,P0050
H050,P0051
H050,P0052
H050,P0053
H050,P0054
H050,P0055
H050,P0056
H050,P0057
H050,P0058
H050,P0059
H050,P0060
H050,P0061
H050,P0062
H050,P0065
H050,P0066
H050,P0067
H050,P0068
H050,P0069
H050,P0070
H050,P0074
H050,P0075
H050,P0078
H050,P0080
H050,P0082
H050,P0084
H050,P0085
H050,P0086
H050,P0088
H050,P0090
H050,P0092
H050,P0094
H050,P0095
H050,P0096
H050,P0097
H050,P0099
H050,P0100
H050,P0101
H050,P0102
H050,P0103
H050,P0104
H050,P0105
H050,P0107
H050,P0109
H050,P0111
H050,P0113
H050,P0114
H050,P0115
H050,P0116
H050,P0117
H050,P0119
H050,P0120
H050,P0121
H050,P0123
H050,P0124
H050,P0125
H050,P0127
H050,P0128
H050,P0129
H050,P0131
H050,P0132
H050,P0133
H050,P0134
H050,P0135
H050,P0136
H050,P0137
H050,P0138
H050,P0139
H050,P0141
H050,P0142
H050,P0143
H050,P0145
H050,P0146
H050,P0147
H050,P0148
H050,P0149
H050,P0150
H050,P0151
H050,P0152
H050,P0153
H050,P0155
H050,P0157
H050,P0158
H050,P0159
H050,P0160
H050,P0161
H050,P0162
H050,P0163
H050,P0164
H050,P0165
H050,P0166
H050,P0167
H050,P0168
H050,P0169
H050,P0170
H050,P0171
H050,P0172
H050,P0177
H050,P0178
H050,P0179
H050,P0180
H050,P0181
H050,P0182
H050,P0183
H050,P0185
H050,P0186
H050,P0188
H050,P0189
H050,P0190
H050,P0191
H050,P0192
H050,P0193
H050,P0194
H050,P0195
H050,P0197
H050,P0198
H050,P0200
H050,P0201
H050,P0202
H050,P0204
H050,P0205
H050,P0206
H050,P0207
H050,P0208
H050,P0209
H050,P0210
H050,P0211
H050,P0212
H050,P0213
H050,P0215
H050,P0216
H050,P0217
H050,P0218
H050,P0219
H050,P0221
H050,P0222
H050,P0224
H050,P0226
H050,P0227
H050,P0229
H050,P0230
H050,P0231
H050,P0233
H050,P0234
H050,P0235
H050,P0236
H050,P0237
H050,P0238
H050,P0239
H050,P0240
H050,P0241
H050,P0243
H050,P0245
H050,P0246
H050,P0248
H050,P0249
H050,P0251
H050,P0253
H050,P0255
H050,P0257
H050,P0258
H050,P0259
H050,P0261
H050,P0262
H050,P0264
H050,P0265
H050,P0266
H050,P0267
H050,P0268
H050,P0270
H050,P0271
H050,P0272
H050,P0273
H050,P0274
H050,P0275
H050,P0276
H050,P0277
H050,P0279
H050,P0280
H050,P0282
H050,P0284
H050,P0285
H050,P0286
H050,P0287
H050,P0288
H050,P0291
H050,P0293
H050,P0294
H050,P0295
H050,P0296
H050,P0297
H050,P0298
H050,P0299
H050,P0300
H050,P0301
H050,P0302
H050,P0304
H050,P0307
H050,P0308
H050,P0309
H050,P0310
H050,P0312
H050,P0313
H050,P0314
H050,P0315
H050,P0316
H050,P0317
H050,P0319
H050,P0320
H050,P0321
H050,P0322
H050,P0323
H050,P0324
H050,P0325
H050,P0326
H050,P0327
H050,P0328
H050,P0329
H050,P0330
H050,P0332
H050,P0333
H050,P0334
H050,P0336
H050,P0337
H050,P0338
H050,P0339
H050,P0340
H050,P0341
H050,P0342
H050,P0344
H050,P0345
H050,P0346
H050,P0347
H050,P0348
H050,P0349
H050,P0351
H050,P0353
H050,P0354
H050,P0355
H050,P0356
H050,P0358
H050,P0359
H050,P0360
H050,P0361
H050,P0362
H050,P0363
H050,P0364
H050,P0366
H050,P0367
H050,P0368
H050,P0369
H050,P0370
H050,P0371
H050,P0372
H050,P0374
H050,P0375
H050,P0376
H050,P0377
H050,P0378
H050,P0379
H050,P0380
H050,P0381
H050,P0382
H050,P0384
H050,P0385
H050,P0388
H050,P0389
H050,P0390
H050,P0393
H050,P0394
H050,P0395
H050,P0396
H050,P0397
H050,P0398
H050,P0399
H050,P0400
H050,P0401
H050,P0402
H050,P0404
H050,P0405
H050,P0406
H050,P0407
H050,P0408
H050,P0411
H050,P0412
H050,P0414
H050,P0415
H050,P0417
H050,P0418
H050,P0419
H050,P0420
H050,P0421
H050,P0422
H050,P0423
H050,P0424
H050,P0425
H050,P0427
H050,P0428
H050,P0430
H050,P0432
H050,P0433
H050,P0435
H050,P0436
H050,P0438
H050,P0439
H050,P0440
H050,P0441
H050,P0442
H050,P0443
H050,P0444
H050,P0445
H050,P0446
H050,P0447
H050,P0448
H050,P0449
H050,P0450
H050,P0451
H050,P0452
H050,P0453
H050,P0454
H050,P0455
H050,P0457
H050,P0458
H050,P0459
H050,P0460
H050,P0461
H050,P0462
H050,P0463
H050,P0464
H050,P0465
H050,P0467
H050,P0470
H050,P0471
H050,P0472
H050,P0473
H050,P0474
H050,P0475
H050,P0476
H050,P0480
H050,P0481
H050,P0482
H050,P0483
H050,P0484
H050,P0485
H050,P0486
H050,P0487
H050,P0488
H050,P0490
H050,P0491
H050,P0492
H050,P0493
H050,P0495
H050,P0496
H050,P0498
H050,P0499
H050,P0500
H050,P0501
H050,P0502
H050,P0503
H050,P0504
H050,P0505
H050,P0506
H050,P0507
H050,P0508
H050,P0509
H050,P0510
H050,P0511
H050,P0512
H050,P0514
H050,P0515
H050,P0518
H050,P0519
H050,P0520
H050,P0522
H050,P0524
H050,P0526
H050,P0528
H050,P0529
H050,P0530
H050,P0531
H050,P0532
H050,P0533
H050,P0534
H050,P0536
H050,P0538
H050,P0540
H050,P0541
H050,P0542
H050,P0544
H050,P0545
H050,P0546
H050,P0547
H050,P0554
H050,P0556
H050,P0557
H050,P0560
H050,P0563
H050,P0564
H050,P0565
H050,P0566
H050,P0567
H050,P0568
H050,P0570
H050,P0571
H050,P0573
H050,P0575
H050,P0576
H050,P0577
H050,P0578
H050,P0579
H050,P0580
H050,P0581
H050,P0582
H050,P0583
H050,P0584
H050,P0585
H050,P0586
H050,P0587
H050,P0589
H050,P0590
H050,P0591
H050,P0592
H050,P0593
H050,P0594
H050,P0596
H050,P0600
H051,P0001
H051,P0002
H051,P0003
H051,P0004
H051,P0005
H051,P0006
H051,P0007
H051,P0008
H051,P0009
H051,P0010
H051,P0011
H051,P0012
H051,P0016
H051,P0017
H051,P0018
H051,P0019
H051,P0020
H051,P0021
H051,P0022
H051,P0024
H051,P0025
H051,P0026
H051,P0027
H051,P0028
H051,P0030
H051,P0031
H051,P0032
H051,P0033
H051,P0036
H051,P0037
H051,P0038
H051,P0039
H051,P0040
H051,P0041
H051,P0043
H051,P0045
H051,P0046
H051,P0047
H051,P0048
H051,P0049
H051,P0052
H051,P0053
H051,P0055
H051,P0057
H051,P0058
H051,P0059
H051,P0062
H051,P0063
H051,P0065
H051,P0066
H051,P0069
H051,P0070
H051,P0071
H051,P0072
H051,P0073
H051,P0074
H051,P0075
H051,P0077
H051,P0080
H051,P0083
H051,P0085
H051,P0086
H051,P0087
H051,P0088
H051,P0091
H051,P0092
H051,P0093
H051,P0094
H051,P0096
H051,P0097
H051,P0102
H051,P0103
H051,P0104
H051,P0105
H051,P0106
H051,P0107
H051,P0108
H051,P0109
H051,P0110
H051,P0112
H051,P0113
H051,P0115
H051,P0116
H051,P0117
H051,P0119
H051,P0121
H051,P0124
H051,P0125
H051,P0126
H051,P0128
H051,P0129
H051,P0130
H051,P0131
H051,P0132
H051,P0133
H051,P0135
H051,P0136
H051,P0137
H051,P0138
H051,P0139
H051,P0140
H051,P0141
H051,P0143
H051,P0144
H051,P0146
H051,P0147
H051,P0148
H051,P0149
H051,P0150
H051,P0152
H051,P0154
H051,P0155
H051,P0156
H051,P0157
H051,P0158
H051,P0159
H051,P0163
H051,P0164
H051,P0165
H051,P0166
H051,P0168
H051,P0169
H051,P0171
H051,P0172
H051,P0173
H051,P0174
H051,P0176
H051,P0177
H051,P0179
H051,P0180
H051,P0181
H051,P0182
H051,P0183
H051,P0184
H051,P0186
H051,P0187
H051,P0189
H051,P0190
H051,P0192
H051,P0195
H051,P0196
H051,P0197
H051,P0198
H051,P0199
H051,P0200
H051,P0201
H051,P0202
H051,P0203
H051,P0206
H051,P0207
H051,P0208
H051,P0209
H051,P0210
H051,P0211
H051,P0212
H051,P0213
H051,P0214
H051,P0215
H051,P0216
H051,P0217
H051,P0218
H051,P0222
H051,P0224
H051,P0225
H051,P0226
H051,P0228
H051,P0229
H051,P0230
H051,P0232
H051,P0234
H051,P0239
H051,P0242
H051,P0243
H051,P0244
H051,P0245
H051,P0247
H051,P0248
H051,P0251
H051,P0252
H051,P0253
H051,P0254
H051,P0255
H051,P0256
H051,P0257
H051,P0259
H051,P0261
H051,P0263
H051,P0264
H051,P0265
H051,P0266
H051,P0267
H051,P0268
H051,P0270
H051,P0271
H051,P0273
H051,P0274
H051,P0275
H051,P0276
H051,P0277
H051,P0278
H051,P0279
H051,P0281
H051,P0282
H051,P0283
H051,P0284
H051,P0285
H051,P0286
H051,P0287
H051,P0289
H051,P0291
H051,P0292
H051,P0293
H051,P0294
H051,P0295
H051,P0296
H051,P0298
H051,P0299
H051,P0300
H051,P0301
H051,P0304
H051,P0305
H051,P0306
H051,P0307
H051,P0308
H051,P0309
H051,P0310
H051,P0312
H051,P0313
H051,P0314
H051,P0316
H051,P0317
H051,P0318
H051,P0321
H051,P0322
H051,P0323
H051,P0324
H051,P0325
H051,P0326
H051,P0327
H051,P0328
H051,P0329
H051,P0330
H051,P0332
H051,P0333
H051,P0334
H051,P0335
H051,P0336
H051,P0338
H051,P0341
H051,P0342
H051,P0343
H051,P0345
H051,P0346
H051,P0347
H051,P0348
H051,P0349
H051,P0350
H051,P0351
H051,P0353
H051,P0355
H051,P0356
H051,P0358
H051,P0359
H051,P0360
H051,P0361
H051,P0363
H051,P0364
H051,P0366
H051,P0367
H051,P0369
H051,P0370
H051,P0372
H051,P0373
H051,P0374
H051,P0375
H051,P0377
H051,P0378
H051,P0379
H051,P0384
H051,P0385
H051,P0386
H051,P0387
H051,P0390
H051,P0391
H051,P0392
H051,P0393
H051,P0394
H051,P0395
H051,P0396
H051,P0397
H051,P0398
H051,P0399
H051,P0400
H051,P0401
H051,P0402
H051,P0404
H051,P0406
H051,P0407
H051,P0408
H051,P0409
H051,P0412
H051,P0413
H051,P0416
H051,P0417
H051,P0418
H051,P0419
H051,P0420
H051,P0421
H051,P0422
H051,P0424
H051,P0425
H051,P0426
H051,P0427
H051,P0429
H051,P0430
H051,P0432
H051,P0433
H051,P0438
H051,P0440
H051,P0442
H051,P0446
H051,P0447
H051,P0449
H051,P0452
H051,P0453
H051,P0455
H051,P0456
H051,P0457
H051,P0458
H051,P0459
H051,P0460
H051,P0461
H051,P0465
H051,P0466
H051,P0468
H051,P0469
H051,P0470
H051,P0471
H051,P0472
H051,P0473
H051,P0474
H051,P0475
H051,P0476
H051,P0477
H051,P0478
H051,P0479
H051,P0480
H051,P0481
H051,P0482
H051,P0484
H051,P0485
H051,P0486
H051,P0489
H051,P0490
H051,P0491
H051,P0492
H051,P0494
H051,P0497
H051,P0499
H051,P0500
H051,P0502
H051,P0503
H051,P0504
H051,P0505
H051,P0506
H051,P0507
H051,P0508
H051,P0509
H051,P0511
H051,P0512
H051,P0513
H051,P0514
H051,P0515
H051,P0516
H051,P0517
H051,P0518
H051,P0519
H051,P0520
H051,P0521
H051,P0522
H051,P0523
H051,P0524
H051,P0526
H051,P0527
H051,P0528
H051,P0530
H051,P0531
H051,P0532
H051,P0535
H051,P0536
H051,P0538
H051,P0539
H051,P0540
H051,P0542
H051,P0543
H051,P0544
H051,P0545
H051,P0547
H051,P0548
H051,P0549
H051,P0551
H051,P0552
H051,P0553
H051,P0556
H051,P0557
H051,P0558
H051,P0559
H051,P0560
H051,P0562
H051,P0563
H051,P0564
H051,P0565
H051,P0567
H051,P0569
H051,P0570
H051,P0571
H051,P0572
H051,P0573
H051,P0574
H051,P0576
H051,P0577
H051,P0578
H051,P0579
H051,P0581
H051,P0582
H051,P0583
H051,P0584
H051,P0585
H051,P0586
H051,P0587
H051,P0588
H051,P0589
H051,P0591
H051,P0592
H051,P0593
H051,P0594
H051,P0595
H051,P0596
H051,P0597
H051,P0600
H052,P0001
H052,P0002
H052,P0004
H052,P0006
H052,P0012
H052,P0013
H052,P0015
H052,P0016
H052,P0017
H052,P0019
H052,P0021
H052,P0022
H052,P0023
H052,P0024
H052,P0025
H052,P0026
H052,P0027
H052,P0028
H052,P0029
H052,P0030
H052,P0031
H052,P0032
H052,P0033
H052,P0034
H052,P0035
H052,P0037
H052,P0040
H052,P0041
H052,P0043
H052,P0044
H052,P0045
H052,P0046
H052,P0048
H052,P0049
H052,P0051
H052,P0052
H052,P0053
H052,P0055
H052,P0056
H052,P0061
H052,P0062
H052,P0063
H052,P0064
H052,P0067
H052,P0068
H052,P0069
H052,P0071
H052,P0072
H052,P0073
H052,P0075
H052,P0076
H052,P0077
H052,P0079
H052,P0080
H052,P0082
H052,P0083
H052,P0086
H052,P0087
H052,P0088
H052,P0090
H052,P0091
H052,P0092
H052,P0093
H052,P0095
H052,P0097
H052,P0098
H052,P0099
H052,P0100
H052,P0101
H052,P0102
H052,P0103
H052,P0104
H052,P0106
H052,P0109
H052,P0110
H052,P0111
H052,P0112
H052,P0113
H052,P0114
H052,P0115
H052,P0116
H052,P0117
H052,P0119
H052,P0121
H052,P0122
H052,P0123
H052,P0124
H052,P0126
H052,P0128
H052,P0129
H052,P0131
H052,P0132
H052,P0133
H052,P0135
H052,P0136
H052,P0139
H052,P0140
H052,P0141
H052,P0142
H052,P0143
H052,P0144
H052,P0145
H052,P0146
H052,P0147
H052,P0148
H052,P0150
H052,P0152
H052,P0153
H052,P0155
H052,P0158
H052,P0159
H052,P0160
H052,P0161
H052,P0162
H052,P0163
H052,P0164
H052,P0165
H052,P0166
H052,P0168
H052,P0169
H052,P0170
H052,P0171
H052,P0172
H052,P0173
H052,P0174
H052,P0175
H052,P0176
H052,P0177
H052,P0178
H052,P0181
H052,P0183
H052,P0185
H052,P0186
H052,P0187
H052,P0188
H052,P0189
H052,P0192
H052,P0193
H052,P0195
H052,P0196
H052,P0197
H052,P0198
H052,P0200
H052,P0201
H052,P0203
H052,P0204
H052,P0205
H052,P0206
H052,P0208
H052,P0209
H052,P0210
H052,P0211
H052,P0213
H052,P0214
H052,P0215
H052,P0216
H052,P0217
H052,P0219
H052,P0221
H052,P0222
H052,P0223
H052,P0226
H052,P0227
H052,P0229
H052,P0230
H052,P0231
H052,P0232
H052,P0236
H052,P0237
H052,P0238
H052,P0240
H052,P0242
H052,P0243
H052,P0244
H052,P0245
H052,P0247
H052,P0248
H052,P0249
H052,P0250
H052,P0251
H052,P0253
H052,P0254
H052,P0255
H052,P0256
H052,P0257
H052,P0258
H052,P0259
H052,P0260
H052,P0261
H052,P0262
H052,P0263
H052,P0264
H052,P0265
H052,P0266
H052,P0268
H052,P0269
H052,P0271
H052,P0272
H052,P0273
H052,P0274
H052,P0275
H052,P0276
H052,P0277
H052,P0278
H052,P0279
H052,P0282
H052,P0283
H052,P0284
H052,P0286
H052,P0288
H052,P0289
H052,P0290
H052,P0291
H052,P0292
H052,P0293
H052,P0294
H052,P0295
H052,P0296
H052,P0298
H052,P0299
H052,P0300
H052,P0301
H052,P0302
H052,P0303
H052,P0305
H052,P0306
H052,P0309
H052,P0310
H052,P0311
H052,P0313
H052,P0317
H052,P0318
H052,P0319
H052,P0320
H052,P0321
H052,P0322
H052,P0323
H052,P0325
H052,P0326
H052,P0328
H052,P0330
H052,P0332
H052,P0336
H052,P0338
H052,P0339
H052,P0340
H052,P0343
H052,P0344
H052,P0345
H052,P0346
H052,P0347
H052,P0348
H052,P0349
H052,P0351
H052,P0352
H052,P0353
H052,P0354
H052,P0355
H052,P0356
H052,P0357
H052,P0358
H052,P0359
H052,P0361
H052,P0362
H052,P0363
H052,P0364
H052,P0365
H052,P0366
H052,P0367
H052,P0368
H052,P0369
H052,P0370
H052,P0371
H052,P0372
H052,P0373
H052,P0374
H052,P0375
H052,P0377
H052,P0378
H052,P0380
H052,P0381
H052,P0382
H052,P0383
H052,P0384
H052,P0387
H052,P0388
H052,P0389
H052,P0390
H052,P0391
H052,P0392
H052,P0394
H052,P0396
H052,P0397
H052,P0398
H052,P0400
H052,P0401
H052,P0402
H052,P0404
H052,P0405
H052,P0406
H052,P0407
H052,P0408
H052,P0409
H052,P0412
H052,P0413
H052,P0414
H052,P0415
H052,P0417
H052,P0418
H052,P0420
H052,P0421
H052,P0423
H052,P0426
H052,P0427
H052,P0428
H052,P0430
H052,P0431
H052,P0432
H052,P0433
H052,P0434
H052,P0436
H052,P0440
H052,P0441
H052,P0442
H052,P0443
H052,P0445
H052,P0446
H052,P0447
H052,P0448
H052,P0449
H052,P0450
H052,P0453
H052,P0455
H052,P0456
H052,P0457
H052,P0458
H052,P0459
H052,P0460
H052,P0461
H052,P0463
H052,P0465
H052,P0466
H052,P0467
H052,P0468
H052,P0469
H052,P0470
H052,P0471
H052,P0472
H052,P0473
H052,P0474
H052,P0475
H052,P0476
H052,P0477
H052,P0478
H052,P0479
H052,P0481
H052,P0482
H052,P0483
H052,P0484
H052,P0485
H052,P0487
H052,P0488
H052,P0489
H052,P0490
H052,P0491
H052,P0492
H052,P0493
H052,P0495
H052,P0497
H052,P0498
H052,P0499
H052,P0500
H052,P0502
H052,P0503
H052,P0504
H052,P0505
H052,P0506
H052,P0508
H052,P0509
H052,P0511
H052,P0514
H052,P0515
H052,P0516
H052,P0517
H052,P0518
H052,P0519
H052,P0520
H052,P0522
H052,P0523
H052,P0524
H052,P0525
H052,P0526
H052,P0527
H052,P0529
H052,P0532
H052,P0534
H052,P0537
H052,P0538
H052,P0539
H052,P0540
H052,P0541
H052,P0542
H052,P0543
H052,P0547
H052,P0548
H052,P0551
H052,P0553
H052,P0555
H052,P0556
H052,P0557
H052,P0558
H052,P0559
H052,P0560
H052,P0561
H052,P0563
H052,P0564
H052,P0565
H052,P0566
H052,P0570
H052,P0571
H052,P0572
H052,P0573
H052,P0574
H052,P0575
H052,P0576
H052,P0577
H052,P0578
H052,P0582
H052,P0584
H052,P0585
H052,P0587
H052,P0588
H052,P0589
H052,P0590
H052,P0593
H052,P0595
H052,P0597
H053,P0001
H053,P0003
H053,P0004
H053,P0006
H053,P0007
H053,P0008
H053,P0009
H053,P0011
H053,P0013
H053,P0015
H053,P0016
H053,P0018
H053,P0019
H053,P0020
H053,P0021
H053,P0022
H053,P0025
H053,P0026
H053,P0027
H053,P0028
H053,P0029
H053,P0030
H053,P0031
H053,P0032
H053,P0036
H053,P0039
H053,P0042
H053,P0043
H053,P0045
H053,P0047
H053,P0048
H053,P0052
H053,P0053
H053,P0055
H053,P0056
H053,P0057
H053,P0058
H053,P0059
H053,P0061
H053,P0062
H053,P0063
H053,P0064
H053,P0065
H053,P0066
H053,P0068
H053,P0069
H053,P0070
H053,P0071
H053,P0072
H053,P0074
H053,P0075
H053,P0076
H053,P0077
H053,P0079
H053,P0080
H053,P0082
H053,P0083
H053,P0084
H053,P0086
H053,P0087
H053,P0089
H053,P0090
H053,P0091
H053,P0092
H053,P0094
H053,P0097
H053,P0098
H053,P0099
H053,P0101
H053,P0102
H053,P0104
H053,P0105
H053,P0106
H053,P0107
H053,P0108
H053,P0109
H053,P0111
H053,P0113
H053,P0114
H053,P0115
H053,P0117
H053,P0120
H053,P0121
H053,P0122
H053,P0123
H053,P0125
H053,P0126
H053,P0127
H053,P0128
H053,P0129
H053,P0130
H053,P0131
H053,P0132
H053,P0134
H053,P0136
H053,P0138
H053,P0139
H053,P0140
H053,P0141
H053,P0142
H053,P0143
H053,P0144
H053,P0145
H053,P0147
H053,P0148
H053,P0149
H053,P0150
H053,P0151
H053,P0152
H053,P0153
H053,P0154
H053,P0155
H053,P0156
H053,P0157
H053,P0158
H053,P0159
H053,P0160
H053,P0161
H053,P0162
H053,P0163
H053,P0164
H053,P0165
H053,P0167
H053,P0168
H053,P0169
H053,P0171
H053,P0174
H053,P0175
H053,P0176
H053,P0178
H053,P0179
H053,P0181
H053,P0188
H053,P0190
H053,P0192
H053,P0193
H053,P0197
H053,P0199
H053,P0200
H053,P0202
H053,P0203
H053,P0204
H053,P0205
H053,P0206
H053,P0207
H053,P0208
H053,P0209
H053,P0211
H053,P0212
H053,P0213
H053,P0216
H053,P0217
H053,P0218
H053,P0221
H053,P0222
H053,P0223
H053,P0224
H053,P0225
H053,P0226
H053,P0227
H053,P0228
H053,P0229
H053,P0230
H053,P0231
H053,P0233
H053,P0235
H053,P0237
H053,P0238
H053,P0239
H053,P0242
H053,P0243
H053,P0244
H053,P0245
H053,P0246
H053,P0247
H053,P0249
H053,P0250
H053,P0251
H053,P0252
H053,P0253
H053,P0254
H053,P0255
H053,P0256
H053,P0257
H053,P0258
H053,P0259
H053,P0261
H053,P0262
H053,P0263
H053,P0264
H053,P0265
H053,P0266
H053,P0268
H053,P0269
H053,P0271
H053,P0273
H053,P0274
H053,P0275
H053,P0276
H053,P0278
H053,P0279
H053,P0280
H053,P0281
H053,P0282
H053,P0283
H053,P0284
H053,P0287
H053,P0288
H053,P0289
H053,P0290
H053,P0291
H053,P0292
H053,P0293
H053,P0295
H053,P0296
H053,P0297
H053,P0298
H053,P0299
H053,P0300
H053,P0302
H053,P0303
H053,P0304
H053,P0305
H053,P0306
H053,P0307
H053,P0308
H053,P0310
H053,P0311
H053,P0312
H053,P0313
H053,P0314
H053,P0315
H053,P0317
H053,P0318
H053,P0319
H053,P0321
H053,P0323
H053,P0324
H053,P0325
H053,P0326
H053,P0327
H053,P0329
H053,P0330
H053,P0331
H053,P0332
H053,P0334
H053,P0335
H053,P0337
H053,P0338
H053,P0339
H053,P0340
H053,P0341
H053,P0342
H053,P0344
H053,P0345
H053,P0346
H053,P0348
H053,P0349
H053,P0351
H053,P0352
H053,P0353
H053,P0354
H053,P0355
H053,P0356
H053,P0357
H053,P0358
H053,P0359
H053,P0361
H053,P0363
H053,P0364
H053,P0366
H053,P0367
H053,P0368
H053,P0369
H053,P0370
H053,P0371
H053,P0373
H053,P0374
H053,P0375
H053,P0376
H053,P0377
H053,P0379
H053,P0380
H053,P0382
H053,P0383
H053,P0384
H053,P0385
H053,P0386
H053,P0387
H053,P0388
H053,P0390
H053,P0394
H053,P0395
H053,P0396
H053,P0398
H053,P0399
H053,P0401
H053,P0402
H053,P0404
H053,P0405
H053,P0407
H053,P0408
H053,P0409
H053,P0410
H053,P0411
H053,P0412
H053,P0413
H053,P0414
H053,P0415
H053,P0416
H053,P0417
H053,P0418
H053,P0420
H053,P0421
H053,P0424
H053,P0425
H053,P0427
H053,P0430
H053,P0432
H053,P0434
H053,P0435
H053,P0436
H053,P0442
H053,P0446
H053,P0447
H053,P0448
H053,P0450
H053,P0451
H053,P0452
H053,P0453
H053,P0454
H053,P0455
H053,P0456
H053,P0458
H053,P0459
H053,P0460
H053,P0461
H053,P0462
H053,P0464
H053,P0466
H053,P0470
H053,P0471
H053,P0472
H053,P0476
H053,P0477
H053,P0478
H053,P0479
H053,P0480
H053,P0482
H053,P0485
H053,P0486
H053,P0487
H053,P0488
H053,P0489
H053,P0490
H053,P0491
H053,P0492
H053,P0493
H053,P0494
H053,P0495
H053,P0496
H053,P0497
H053,P0498
H053,P0499
H053,P0500
H053,P0502
H053,P0504
H053,P0506
H053,P0507
H053,P0509
H053,P0513
H053,P0514
H053,P0515
H053,P0516
H053,P0517
H053,P0518
H053,P0519
H053,P0521
H053,P0522
H053,P0524
H053,P0525
H053,P0526
H053,P0527
H053,P0528
H053,P0530
H053,P0532
H053,P0534
H053,P0535
H053,P0537
H053,P0541
H053,P0542
H053,P0544
H053,P0545
H053,P0546
H053,P0547
H053,P0550
H053,P0552
H053,P0553
H053,P0556
H053,P0557
H053,P0558
H053,P0559
H053,P0560
H053,P0562
H053,P0563
H053,P0565
H053,P0566
H053,P0567
H053,P0569
H053,P0570
H053,P0571
H053,P0572
H053,P0573
H053,P0574
H053,P0575
H053,P0576
H053,P0578
H053,P0579
H053,P0581
H053,P0583
H053,P0584
H053,P0585
H053,P0586
H053,P0587
H053,P0589
H053,P0590
H053,P0591
H053,P0592
H053,P0593
H053,P0596
H053,P0597
H053,P0598
H053,P0599
H053,P0600
H054,P0002
H054,P0006
H054,P0011
H054,P0012
H054,P0019
H054,P0022
H054,P0024
H054,P0035
H054,P0037
H054,P0046
H054,P0047
H054,P0060
H054,P0069
H054,P0070
H054,P0075
H054,P0076
H054,P0079
H054,P0082
H054,P0083
H054,P0084
H054,P0088
H054,P0089
H054,P0090
H054,P0091
H054,P0092
H054,P0105
H054,P0110
H054,P0113
H054,P0114
H054,P0116
H054,P0117
H054,P0122
H054,P0123
H054,P0126
H054,P0128
H054,P0131
H054,P0132
H054,P0134
H054,P0135
H054,P0136
H054,P0137
H054,P0149
H054,P0155
H054,P0156
H054,P0157
H054,P0158
H054,P0160
H054,P0163
H054,P0164
H054,P0165
H054,P0168
H054,P0175
H054,P0192
H054,P0193
H054,P0196
H054,P0197
H054,P0204
H054,P0205
H054,P0211
H054,P0213
H054,P0214
H054,P0215
H054,P0218
H054,P0221
H054,P0222
H054,P0224
H054,P0229
H054,P0231
H054,P0232
H054,P0241
H054,P0256
H054,P0261
H054,P0264
H054,P0265
H054,P0268
H054,P0269
H054,P0273
H054,P0279
H054,P0283
H054,P0289
H054,P0290
H054,P0292
H054,P0296
H054,P0300
H054,P0302
H054,P0312
H054,P0316
H054,P0318
H054,P0320
H054,P0321
H054,P0323
H054,P0325
H054,P0329
H054,P0334
H054,P0335
H054,P0338
H054,P0342
H054,P0346
H054,P0349
H054,P0352
H054,P0356
H054,P0357
H054,P0360
H054,P0361
H054,P0366
H054,P0368
H054,P0369
H054,P0371
H054,P0372
H054,P0374
H054,P0375
H054,P0378
H054,P0379
H054,P0384
H054,P0385
H054,P0386
H054,P0388
H054,P0391
H054,P0393
H054,P0394
H054,P0395
H054,P0397
H054,P0400
H054,P0404
H054,P0405
H054,P0407
H054,P0410
H054,P0412
H054,P0414
H054,P0417
H054,P0420
H054,P0422
H054,P0428
H054,P0434
H054,P0435
H054,P0438
H054,P0439
H054,P0440
H054,P0442
H054,P0446
H054,P0454
H054,P0459
H054,P0461
H054,P0471
H054,P0472
H054,P0473
H054,P0477
H054,P0484
H054,P0485
H054,P0488
H054,P0491
H054,P0492
H054,P0494
H054,P0500
H054,P0502
H054,P0511
H054,P0512
H054,P0518
H054,P0519
H054,P0520
H054,P0523
H054,P0524
H054,P0533
H054,P0534
H054,P0540
H054,P0541
H054,P0542
H054,P0547
H054,P0549
H054,P0551
H054,P0557
H054,P0560
H054,P0561
H054,P0563
H054,P0564
H054,P0565
H054,P0566
H054,P0567
H054,P0571
H054,P0590
H054,P0593
H054,P0594
H055,P0001
H055,P0002
H055,P0003
H055,P0004
H055,P0005
H055,P0007
H055,P0008
H055,P0010
H055,P0011
H055,P0012
H055,P0013
H055,P0014
H055,P0015
H055,P0016
H055,P0017
H055,P0018
H055,P0019
H055,P0020
H055,P0021
H055,P0022
H055,P0023
H055,P0024
H055,P0026
H055,P0028
H055,P0029
H055,P0030
H055,P0031
H055,P0032
H055,P0033
H055,P0034
H055,P0035
H055,P0036
H055,P0037
H055,P0038
H055,P0039
H055,P0042
H055,P0043
H055,P0045
H055,P0048
H055,P0049
H055,P0051
H055,P0052
H055,P0053
H055,P0054
H055,P0055
H055,P0056
H055,P0057
H055,P0058
H055,P0059
H055,P0062
H055,P0063
H055,P0064
H055,P0065
H055,P0066
H055,P0067
H055,P0068
H055,P0069
H055,P0071
H055,P0072
H055,P0073
H055,P0075
H055,P0076
H055,P0077
H055,P0078
H055,P0079
H055,P0082
H055,P0083
H055,P0084
H055,P0085
H055,P0086
H055,P0087
H055,P0088
H055,P0089
H055,P0092
H055,P0093
H055,P0094
H055,P0098
H055,P0099
H055,P0101
H055,P0102
H055,P0103
H055,P0104
H055,P0105
H055,P0106
H055,P0107
H055,P0108
H055,P0109
H055,P0110
H055,P0111
H055,P0112
H055,P0113
H055,P0114
H055,P0115
H055,P0116
H055,P0117
H055,P0119
H055,P0121
H055,P0122
H055,P0123
H055,P0124
H055,P0126
H055,P0127
H055,P0128
H055,P0129
H055,P0130
H055,P0131
H055,P0132
H055,P0135
H055,P0137
H055,P0139
H055,P0140
H055,P0142
H055,P0143
H055,P0145
H055,P0146
H055,P0147
H055,P0148
H055,P0149
H055,P0150
H055,P0151
H055,P0153
H055,P0155
H055,P0156
H055,P0157
H055,P0158
H055,P0159
H055,P0160
H055,P0161
H055,P0162
H055,P0163
H055,P0164
H055,P0165
H055,P0166
H055,P0167
H055,P0168
H055,P0169
H055,P0170
H055,P0171
H055,P0172
H055,P0177
H055,P0178
H055,P0180
H055,P0182
H055,P0183
H055,P0185
H055,P0187
H055,P0188
H055,P0189
H055,P0190
H055,P0193
H055,P0195
H055,P0196
H055,P0198
H055,P0199
H055,P0200
H055,P0202
H055,P0203
H055,P0205
H055,P0206
H055,P0207
H055,P0208
H055,P0211
H055,P0212
H055,P0213
H055,P0214
H055,P0218
H055,P0219
H055,P0221
H055,P0222
H055,P0226
H055,P0227
H055,P0228
H055,P0229
H055,P0230
H055,P0232
H055,P0233
H055,P0235
H055,P0237
H055,P0238
H055,P0239
H055,P0241
H055,P0242
H055,P0243
H055,P0244
H055,P0246
H055,P0248
H055,P0250
H055,P0251
H055,P0253
H055,P0254
H055,P0255
H055,P0257
H055,P0258
H055,P0259
H055,P0260
H055,P0261
H055,P0263
H055,P0264
H055,P0265
H055,P0269
H055,P0270
H055,P0271
H055,P0272
H055,P0273
H055,P0274
H055,P0275
H055,P0276
H055,P0277
H055,P0278
H055,P0279
H055,P0280
H055,P0282
H055,P0286
H055,P0287
H055,P0290
H055,P0292
H055,P0293
H055,P0294
H055,P0295
H055,P0296
H055,P0298
H055,P0299
H055,P0300
H055,P0302
H055,P0303
H055,P0305
H055,P0306
H055,P0307
H055,P0308
H055,P0309
H055,P0310
H055,P0312
H055,P0314
H055,P0315
H055,P0316
H055,P0317
H055,P0318
H055,P0320
H055,P0321
H055,P0322
H055,P0324
H055,P0325
H055,P0326
H055,P0327
H055,P0329
H055,P0330
H055,P0331
H055,P0332
H055,P0333
H055,P0334
H055,P0335
H055,P0336
H055,P0337
H055,P0338
H055,P0339
H055,P0340
H055,P0342
H055,P0343
H055,P0345
H055,P0346
H055,P0347
H055,P0348
H055,P0349
H055,P0351
H055,P0352
H055,P0353
H055,P0354
H055,P0355
H055,P0356
H055,P0357
H055,P0358
H055,P0359
H055,P0360
H055,P0362
H055,P0364
H055,P0366
H055,P0367
H055,P0368
H055,P0369
H055,P0370
H055,P0371
H055,P0372
H055,P0373
H055,P0374
H055,P0375
H055,P0376
H055,P0379
H055,P0380
H055,P0381
H055,P0382
H055,P0383
H055,P0385
H055,P0387
H055,P0388
H055,P0389
H055,P0390
H055,P0391
H055,P0392
H055,P0394
H055,P0395
H055,P0396
H055,P0398
H055,P0399
H055,P0400
H055,P0402
H055,P0404
H055,P0405
H055,P0406
H055,P0407
H055,P0408
H055,P0409
H055,P0410
H055,P0411
H055,P0412
H055,P0413
H055,P0414
H055,P0416
H055,P0418
H055,P0420
H055,P0421
H055,P0423
H055,P0424
H055,P0425
H055,P0426
H055,P0427
H055,P0430
H055,P0432
H055,P0433
H055,P0434
H055,P0435
H055,P0436
H055,P0438
H055,P0439
H055,P0440
H055,P0441
H055,P0442
H055,P0443
H055,P0444
H055,P0445
H055,P0446
H055,P0447
H055,P0448
H055,P0450
H055,P0453
H055,P0454
H055,P0455
H055,P0456
H055,P0457
H055,P0458
H055,P0459
H055,P0461
H055,P0462
H055,P0463
H055,P0465
H055,P0466
H055,P0467
H055,P0469
H055,P0470
H055,P0471
H055,P0472
H055,P0473
H055,P0474
H055,P0476
H055,P0477
H055,P0480
H055,P0482
H055,P0484
H055,P0485
H055,P0486
H055,P0487
H055,P0488
H055,P0489
H055,P0490
H055,P0491
H055,P0492
H055,P0493
H055,P0494
H055,P0497
H055,P0498
H055,P0500
H055,P0502
H055,P0504
H055,P0505
H055,P0506
H055,P0507
H055,P0508
H055,P0509
H055,P0510
H055,P0512
H055,P0514
H055,P0515
H055,P0516
H055,P0517
H055,P0518
H055,P0519
H055,P0520
H055,P0522
H055,P0523
H055,P0524
H055,P0526
H055,P0527
H055,P0528
H055,P0533
H055,P0535
H055,P0536
H055,P0537
H055,P0538
H055,P0540
H055,P0541
H055,P0542
H055,P0543
H055,P0544
H055,P0545
H055,P0546
H055,P0547
H055,P0548
H055,P0549
H055,P0550
H055,P0551
H055,P0552
H055,P0553
H055,P0554
H055,P0555
H055,P0556
H055,P0557
H055,P0558
H055,P0560
H055,P0561
H055,P0563
H055,P0564
H055,P0565
H055,P0566
H055,P0567
H055,P0568
H055,P0569
H055,P0570
H055,P0572
H055,P0573
H055,P0574
H055,P0576
H055,P0578
H055,P0579
H055,P0580
H055,P0582
H055,P0584
H055,P0585
H055,P0586
H055,P0587
H055,P0588
H055,P0589
H055,P0592
H055,P0593
H055,P0594
H055,P0596
H055,P0599
H055,P0600
H056,P0001
H056,P0002
H056,P0003
H056,P0004
H056,P0005
H056,P0006
H056,P0008
H056,P0009
H056,P0011
H056,P0012
H056,P0015
H056,P0016
H056,P0017
H056,P0020
H056,P0021
H056,P0022
H056,P0023
H056,P0024
H056,P0026
H056,P0027
H056,P0032
H056,P0033
H056,P0035
H056,P0036
H056,P0037
H056,P0038
H056,P0039
H056,P0040
H056,P0041
H056,P0042
H056,P0043
H056,P0045
H056,P0047
H056,P0048
H056,P0050
H056,P0051
H056,P0052
H056,P0053
H056,P0054
H056,P0055
H056,P0056
H056,P0057
H056,P0058
H056,P0059
H056,P0063
H056,P0064
H056,P0066
H056,P0068
H056,P0069
H056,P0071
H056,P0072
H056,P0074
H056,P0076
H056,P0077
H056,P0078
H056,P0079
H056,P0081
H056,P0082
H056,P0083
H056,P0084
H056,P0085
H056,P0086
H056,P0088
H056,P0089
H056,P0090
H056,P0092
H056,P0093
H056,P0094
H056,P0096
H056,P0097
H056,P0098
H056,P0099
H056,P0104
H056,P0105
H056,P0106
H056,P0107
H056,P0108
H056,P0109
H056,P0110
H056,P0111
H056,P0112
H056,P0113
H056,P0114
H056,P0115
H056,P0116
H056,P0117
H056,P0118
H056,P0119
H056,P0120
H056,P0121
H056,P0124
H056,P0125
H056,P0127
H056,P0128
H056,P0129
H056,P0130
H056,P0131
H056,P0132
H056,P0133
H056,P0135
H056,P0137
H056,P0138
H056,P0139
H056,P0140
H056,P0142
H056,P0143
H056,P0144
H056,P0146
H056,P0147
H056,P0148
H056,P0149
H056,P0150
H056,P0151
H056,P0152
H056,P0153
H056,P0154
H056,P0155
H056,P0157
H056,P0158
H056,P0160
H056,P0163
H056,P0165
H056,P0166
H056,P0167
H056,P0169
H056,P0170
H056,P0171
H056,P0173
H056,P0174
H056,P0176
H056,P0177
H056,P0181
H056,P0182
H056,P0183
H056,P0184
H056,P0185
H056,P0188
H056,P0189
H056,P0190
H056,P0192
H056,P0193
H056,P0195
H056,P0196
H056,P0197
H056,P0198
H056,P0199
H056,P0200
H056,P0201
H056,P0202
H056,P0203
H056,P0204
H056,P0206
H056,P0207
H056,P0208
H056,P0211
H056,P0212
H056,P0213
H056,P0214
H056,P0218
H056,P0219
H056,P0220
H056,P0222
H056,P0223
H056,P0224
H056,P0226
H056,P0229
H056,P0230
H056,P0231
H056,P0234
H056,P0235
H056,P0236
H056,P0237
H056,P0239
H056,P0243
H056,P0244
H056,P0245
H056,P0246
H056,P0247
H056,P0249
H056,P0250
H056,P0251
H056,P0254
H056,P0256
H056,P0257
H056,P0258
H056,P0260
H056,P0261
H056,P0262
H056,P0264
H056,P0265
H056,P0268
H056,P0269
H056,P0271
H056,P0273
H056,P0274
H056,P0277
H056,P0278
H056,P0279
H056,P0280
H056,P0281
H056,P0284
H056,P0285
H056,P0286
H056,P0287
H056,P0288
H056,P0289
H056,P0291
H056,P0293
H056,P0294
H056,P0295
H056,P0296
H056,P0299
H056,P0300
H056,P0301
H056,P0303
H056,P0305
H056,P0306
H056,P0307
H056,P0308
H056,P0309
H056,P0310
H056,P0311
H056,P0312
H056,P0313
H056,P0314
H056,P0315
H056,P0316
H056,P0317
H056,P0318
H056,P0320
H056,P0321
H056,P0322
H056,P0323
H056,P0324
H056,P0325
H056,P0326
H056,P0327
H056,P0328
H056,P0329
H056,P0330
H056,P0332
H056,P0333
H056,P0334
H056,P0335
H056,P0337
H056,P0338
H056,P0339
H056,P0340
H056,P0342
H056,P0343
H056,P0344
H056,P0345
H056,P0346
H056,P0348
H056,P0349
H056,P0353
H056,P0356
H056,P0359
H056,P0360
H056,P0361
H056,P0362
H056,P0363
H056,P0366
H056,P0367
H056,P0368
H056,P0369
H056,P0370
H056,P0371
H056,P0372
H056,P0374
H056,P0375
H056,P0377
H056,P0378
H056,P0379
H056,P0380
H056,P0381
H056,P0382
H056,P0383
H056,P0384
H056,P0385
H056,P0387
H056,P0389
H056,P0390
H056,P0391
H056,P0392
H056,P0395
H056,P0396
H056,P0397
H056,P0398
H056,P0400
H056,P0401
H056,P0402
H056,P0404
H056,P0405
H056,P0406
H056,P0407
H056,P0408
H056,P0410
H056,P0411
H056,P0413
H056,P0414
H056,P0416
H056,P0417
H056,P0419
H056,P0420
H056,P0421
H056,P0422
H056,P0424
H056,P0425
H056,P0426
H056,P0427
H056,P0428
H056,P0430
H056,P0431
H056,P0433
H056,P0434
H056,P0435
H056,P0436
H056,P0439
H056,P0441
H056,P0444
H056,P0445
H056,P0446
H056,P0447
H056,P0448
H056,P0449
H056,P0450
H056,P0451
H056,P0452
H056,P0453
H056,P0455
H056,P0458
H056,P0459
H056,P0460
H056,P0461
H056,P0465
H056,P0466
H056,P0467
H056,P0469
H056,P0470
H056,P0471
H056,P0474
H056,P0475
H056,P0477
H056,P0478
H056,P0480
H056,P0481
H056,P0482
H056,P0485
H056,P0486
H056,P0487
H056,P0489
H056,P0490
H056,P0491
H056,P0492
H056,P0495
H056,P0496
H056,P0497
H056,P0498
H056,P0499
H056,P0501
H056,P0502
H056,P0503
H056,P0504
H056,P0505
H056,P0506
H056,P0507
H056,P0508
H056,P0511
H056,P0512
H056,P0514
H056,P0515
H056,P0518
H056,P0519
H056,P0520
H056,P0521
H056,P0522
H056,P0523
H056,P0524
H056,P0527
H056,P0528
H056,P0529
H056,P0532
H056,P0533
H056,P0535
H056,P0536
H056,P0537
H056,P0538
H056,P0541
H056,P0542
H056,P0543
H056,P0544
H056,P0545
H056,P0547
H056,P0550
H056,P0551
H056,P0552
H056,P0553
H056,P0556
H056,P0557
H056,P0558
H056,P0560
H056,P0561
H056,P0563
H056,P0564
H056,P0566
H056,P0567
H056,P0568
H056,P0569
H056,P0570
H056,P0571
H056,P0572
H056,P0573
H056,P0574
H056,P0575
H056,P0578
H056,P0579
H056,P0580
H056,P0581
H056,P0582
H056,P0583
H056,P0587
H056,P0589
H056,P0590
H056,P0591
H056,P0594
H056,P0598
H056,P0600
H057,P0001
H057,P0002
H057,P0004
H057,P0005
H057,P0006
H057,P0007
H057,P0008
H057,P0011
H057,P0012
H057,P0014
H057,P0015
H057,P0017
H057,P0018
H057,P0019
H057,P0020
H057,P0021
H057,P0022
H057,P0023
H057,P0026
H057,P0029
H057,P0030
H057,P0032
H057,P0033
H057,P0034
H057,P0035
H057,P0036
H057,P0037
H057,P0038
H057,P0039
H057,P0041
H057,P0042
H057,P0043
H057,P0044
H057,P0046
H057,P0047
H057,P0048
H057,P0049
H057,P0050
H057,P0051
H057,P0053
H057,P0055
H057,P0056
H057,P0057
H057,P0058
H057,P0061
H057,P0062
H057,P0064
H057,P0065
H057,P0066
H057,P0067
H057,P0068
H057,P0069
H057,P0070
H057,P0071
H057,P0072
H057,P0073
H057,P0074
H057,P0075
H057,P0076
H057,P0078
H057,P0081
H057,P0082
H057,P0083
H057,P0084
H057,P0085
H057,P0086
H057,P0087
H057,P0088
H057,P0089
H057,P0092
H057,P0093
H057,P0095
H057,P0098
H057,P0099
H057,P0100
H057,P0101
H057,P0104
H057,P0105
H057,P0106
H057,P0107
H057,P0108
H057,P0109
H057,P0110
H057,P0111
H057,P0112
H057,P0113
H057,P0114
H057,P0115
H057,P0116
H057,P0120
H057,P0121
H057,P0122
H057,P0123
H057,P0124
H057,P0125
H057,P0126
H057,P0127
H057,P0128
H057,P0129
H057,P0130
H057,P0131
H057,P0132
H057,P0133
H057,P0135
H057,P0136
H057,P0139
H057,P0140
H057,P0141
H057,P0142
H057,P0143
H057,P0144
H057,P0145
H057,P0146
H057,P0147
H057,P0148
H057,P0149
H057,P0150
H057,P0152
H057,P0153
H057,P0155
H057,P0156
H057,P0157
H057,P0158
H057,P0159
H057,P0160
H057,P0164
H057,P0165
H057,P0166
H057,P0167
H057,P0168
H057,P0169
H057,P0171
H057,P0174
H057,P0175
H057,P0176
H057,P0177
H057,P0178
H057,P0179
H057,P0180
H057,P0181
H057,P0183
H057,P0184
H057,P0185
H057,P0187
H057,P0189
H057,P0190
H057,P0192
H057,P0193
H057,P0194
H057,P0195
H057,P0196
H057,P0197
H057,P0198
H057,P0199
H057,P0200
H057,P0202
H057,P0206
H057,P0207
H057,P0208
H057,P0210
H057,P0211
H057,P0212
H057,P0213
H057,P0214
H057,P0217
H057,P0218
H057,P0219
H057,P0222
H057,P0223
H057,P0226
H057,P0227
H057,P0228
H057,P0229
H057,P0230
H057,P0231
H057,P0232
H057,P0233
H057,P0236
H057,P0237
H057,P0238
H057,P0239
H057,P0241
H057,P0242
H057,P0244
H057,P0245
H057,P0246
H057,P0247
H057,P0249
H057,P0250
H057,P0251
H057,P0252
H057,P0253
H057,P0255
H057,P0256
H057,P0260
H057,P0261
H057,P0262
H057,P0263
H057,P0264
H057,P0265
H057,P0268
H057,P0269
H057,P0270
H057,P0272
H057,P0273
H057,P0275
H057,P0277
H057,P0278
H057,P0279
H057,P0281
H057,P0282
H057,P0284
H057,P0285
H057,P0286
H057,P0287
H057,P0291
H057,P0292
H057,P0293
H057,P0295
H057,P0298
H057,P0299
H057,P0300
H057,P0302
H057,P0303
H057,P0305
H057,P0306
H057,P0307
H057,P0308
H057,P0309
H057,P0311
H057,P0312
H057,P0314
H057,P0315
H057,P0316
H057,P0317
H057,P0318
H057,P0320
H057,P0321
H057,P0322
H057,P0323
H057,P0324
H057,P0326
H057,P0327
H057,P0330
H057,P0331
H057,P0332
H057,P0333
H057,P0334
H057,P0335
H057,P0336
H057,P0337
H057,P0338
H057,P0339
H057,P0340
H057,P0342
H057,P0343
H057,P0344
H057,P0345
H057,P0346
H057,P0348
H057,P0349
H057,P0350
H057,P0351
H057,P0352
H057,P0353
H057,P0355
H057,P0358
H057,P0359
H057,P0360
H057,P0362
H057,P0364
H057,P0366
H057,P0367
H057,P0368
H057,P0369
H057,P0370
H057,P0371
H057,P0373
H057,P0374
H057,P0375
H057,P0376
H057,P0377
H057,P0378
H057,P0379
H057,P0381
H057,P0382
H057,P0383
H057,P0384
H057,P0385
H057,P0386
H057,P0390
H057,P0392
H057,P0393
H057,P0394
H057,P0396
H057,P0398
H057,P0401
H057,P0404
H057,P0405
H057,P0406
H057,P0407
H057,P0408
H057,P0410
H057,P0411
H057,P0412
H057,P0414
H057,P0415
H057,P0417
H057,P0418
H057,P0419
H057,P0420
H057,P0421
H057,P0422
H057,P0424
H057,P0425
H057,P0426
H057,P0427
H057,P0428
H057,P0430
H057,P0431
H057,P0432
H057,P0433
H057,P0434
H057,P0436
H057,P0438
H057,P0439
H057,P0440
H057,P0442
H057,P0444
H057,P0445
H057,P0446
H057,P0447
H057,P0448
H057,P0449
H057,P0451
H057,P0452
H057,P0453
H057,P0454
H057,P0455
H057,P0456
H057,P0458
H057,P0461
H057,P0463
H057,P0465
H057,P0467
H057,P0468
H057,P0469
H057,P0470
H057,P0471
H057,P0472
H057,P0473
H057,P0474
H057,P0475
H057,P0476
H057,P0477
H057,P0478
H057,P0480
H057,P0482
H057,P0483
H057,P0484
H057,P0485
H057,P0486
H057,P0488
H057,P0489
H057,P0490
H057,P0491
H057,P0492
H057,P0493
H057,P0495
H057,P0496
H057,P0498
H057,P0499
H057,P0501
H057,P0502
H057,P0505
H057,P0506
H057,P0507
H057,P0508
H057,P0509
H057,P0510
H057,P0511
H057,P0512
H057,P0514
H057,P0515
H057,P0516
H057,P0517
H057,P0518
H057,P0520
H057,P0521
H057,P0522
H057,P0524
H057,P0527
H057,P0529
H057,P0532
H057,P0534
H057,P0535
H057,P0539
H057,P0540
H057,P0541
H057,P0542
H057,P0544
H057,P0545
H057,P0546
H057,P0547
H057,P0549
H057,P0550
H057,P0551
H057,P0553
H057,P0556
H057,P0557
H057,P0559
H057,P0560
H057,P0565
H057,P0566
H057,P0567
H057,P0570
H057,P0571
H057,P0572
H057,P0574
H057,P0575
H057,P0576
H057,P0577
H057,P0578
H057,P0579
H057,P0581
H057,P0582
H057,P0583
H057,P0584
H057,P0585
H057,P0586
H057,P0587
H057,P0588
H057,P0589
H057,P0591
H057,P0592
H057,P0593
H057,P0594
H057,P0595
H057,P0597
H057,P0598
H057,P0599
H057,P0600
H058,P0002
H058,P0003
H058,P0004
H058,P0005
H058,P0006
H058,P0007
H058,P0008
H058,P0009
H058,P0011
H058,P0013
H058,P0015
H058,P0016
H058,P0017
H058,P0019
H058,P0021
H058,P0022
H058,P0023
H058,P0025
H058,P0027
H058,P0029
H058,P0030
H058,P0031
H058,P0034
H058,P0037
H058,P0038
H058,P0039
H058,P0040
H058,P0042
H058,P0043
H058,P0044
H058,P0045
H058,P0046
H058,P0047
H058,P0048
H058,P0049
H058,P0050
H058,P0051
H058,P0052
H058,P0053
H058,P0056
H058,P0057
H058,P0058
H058,P0060
H058,P0061
H058,P0062
H058,P0063
H058,P0064
H058,P0065
H058,P0067
H058,P0069
H058,P0070
H058,P0071
H058,P0072
H058,P0073
H058,P0074
H058,P0075
H058,P0077
H058,P0078
H058,P0079
H058,P0080
H058,P0082
H058,P0083
H058,P0084
H058,P0085
H058,P0086
H058,P0087
H058,P0088
H058,P0089
H058,P0092
H058,P0094
H058,P0095
H058,P0096
H058,P0097
H058,P0100
H058,P0104
H058,P0105
H058,P0106
H058,P0107
H058,P0108
H058,P0109
H058,P0110
H058,P0113
H058,P0114
H058,P0115
H058,P0116
H058,P0117
H058,P0121
H058,P0124
H058,P0125
H058,P0126
H058,P0127
H058,P0128
H058,P0129
H058,P0131
H058,P0132
H058,P0134
H058,P0135
H058,P0136
H058,P0137
H058,P0138
H058,P0139
H058,P0140
H058,P0141
H058,P0142
H058,P0143
H058,P0144
H058,P0145
H058,P0146
H058,P0148
H058,P0149
H058,P0150
H058,P0152
H058,P0153
H058,P0154
H058,P0155
H058,P0157
H058,P0158
H058,P0160
H058,P0161
H058,P0163
H058,P0164
H058,P0165
H058,P0166
H058,P0168
H058,P0169
H058,P0170
H058,P0172
H058,P0173
H058,P0174
H058,P0175
H058,P0176
H058,P0179
H058,P0180
H058,P0181
H058,P0182
H058,P0183
H058,P0186
H058,P0188
H058,P0189
H058,P0192
H058,P0193
H058,P0194
H058,P0195
H058,P0196
H058,P0197
H058,P0198
H058,P0199
H058,P0200
H058,P0201
H058,P0203
H058,P0205
H058,P0207
H058,P0210
H058,P0211
H058,P0213
H058,P0214
H058,P0215
H058,P0216
H058,P0217
H058,P0218
H058,P0221
H058,P0223
H058,P0224
H058,P0225
H058,P0226
H058,P0227
H058,P0229
H058,P0231
H058,P0232
H058,P0233
H058,P0234
H058,P0235
H058,P0236
H058,P0237
H058,P0238
H058,P0239
H058,P0241
H058,P0242
H058,P0243
H058,P0244
H058,P0245
H058,P0246
H058,P0247
H058,P0248
H058,P0249
H058,P0250
H058,P0251
H058,P0252
H058,P0253
H058,P0255
H058,P0256
H058,P0257
H058,P0258
H058,P0259
H058,P0261
H058,P0262
H058,P0264
H058,P0266
H058,P0268
H058,P0269
H058,P0270
H058,P0271
H058,P0272
H058,P0273
H058,P0274
H058,P0275
H058,P0276
H058,P0277
H058,P0278
H058,P0279
H058,P0280
H058,P0282
H058,P0284
H058,P0285
H058,P0286
H058,P0287
H058,P0288
H058,P0289
H058,P0290
H058,P0293
H058,P0295
H058,P0296
H058,P0297
H058,P0298
H058,P0299
H058,P0300
H058,P0301
H058,P0302
H058,P0306
H058,P0307
H058,P0308
H058,P0309
H058,P0311
H058,P0312
H058,P0313
H058,P0314
H058,P0315
H058,P0317
H058,P0319
H058,P0320
H058,P0321
H058,P0322
H058,P0325
H058,P0326
H058,P0327
H058,P0328
H058,P0329
H058,P0330
H058,P0332
H058,P0333
H058,P0334
H058,P0335
H058,P0336
H058,P0337
H058,P0338
H058,P0340
H058,P0341
H058,P0342
H058,P0343
H058,P0344
H058,P0345
H058,P0346
H058,P0347
H058,P0348
H058,P0349
H058,P0352
H058,P0353
H058,P0354
H058,P0355
H058,P0356
H058,P0357
H058,P0358
H058,P0359
H058,P0360
H058,P0361
H058,P0362
H058,P0363
H058,P0365
H058,P0366
H058,P0367
H058,P0368
H058,P0369
H058,P0370
H058,P0371
H058,P0372
H058,P0373
H058,P0374
H058,P0375
H058,P0376
H058,P0377
H058,P0378
H058,P0379
H058,P0380
H058,P0381
H058,P0382
H058,P0383
H058,P0384
H058,P0385
H058,P0387
H058,P0388
H058,P0390
H058,P0391
H058,P0392
H058,P0395
H058,P0396
H058,P0398
H058,P0399
H058,P0400
H058,P0401
H058,P0402
H058,P0404
H058,P0406
H058,P0407
H058,P0409
H058,P0410
H058,P0412
H058,P0414
H058,P0415
H058,P0416
H058,P0417
H058,P0419
H058,P0421
H058,P0422
H058,P0423
H058,P0424
H058,P0426
H058,P0427
H058,P0428
H058,P0429
H058,P0430
H058,P0431
H058,P0432
H058,P0433
H058,P0435
H058,P0438
H058,P0439
H058,P0440
H058,P0442
H058,P0443
H058,P0444
H058,P0447
H058,P0448
H058,P0451
H058,P0454
H058,P0455
H058,P0457
H058,P0460
H058,P0461
H058,P0462
H058,P0463
H058,P0464
H058,P0465
H058,P0466
H058,P0467
H058,P0468
H058,P0469
H058,P0470
H058,P0471
H058,P0472
H058,P0473
H058,P0475
H058,P0476
H058,P0477
H058,P0479
H058,P0480
H058,P0481
H058,P0485
H058,P0487
H058,P0488
H058,P0490
H058,P0491
H058,P0492
H058,P0493
H058,P0494
H058,P0495
H058,P0497
H058,P0499
H058,P0500
H058,P0502
H058,P0503
H058,P0505
H058,P0506
H058,P0508
H058,P0512
H058,P0513
H058,P0514
H058,P0515
H058,P0516
H058,P0517
H058,P0518
H058,P0519
H058,P0520
H058,P0521
H058,P0524
H058,P0525
H058,P0527
H058,P0528
H058,P0529
H058,P0531
H058,P0532
H058,P0536
H058,P0537
H058,P0538
H058,P0539
H058,P0540
H058,P0541
H058,P0542
H058,P0543
H058,P0545
H058,P0547
H058,P0548
H058,P0549
H058,P0550
H058,P0551
H058,P0553
H058,P0554
H058,P0555
H058,P0556
H058,P0557
H058,P0559
H058,P0560
H058,P0561
H058,P0563
H058,P0564
H058,P0565
H058,P0566
H058,P0567
H058,P0569
H058,P0570
H058,P0571
H058,P0572
H058,P0573
H058,P0575
H058,P0577
H058,P0579
H058,P0584
H058,P0585
H058,P0586
H058,P0588
H058,P0590
H058,P0593
H058,P0595
H058,P0599
H059,P0005
H059,P0006
H059,P0008
H059,P0009
H059,P0010
H059,P0012
H059,P0016
H059,P0017
H059,P0019
H059,P0020
H059,P0023
H059,P0026
H059,P0027
H059,P0029
H059,P0030
H059,P0032
H059,P0035
H059,P0037
H059,P0038
H059,P0039
H059,P0040
H059,P0043
H059,P0045
H059,P0047
H059,P0048
H059,P0049
H059,P0050
H059,P0052
H059,P0053
H059,P0054
H059,P0057
H059,P0058
H059,P0059
H059,P0060
H059,P0062
H059,P0063
H059,P0066
H059,P0069
H059,P0071
H059,P0072
H059,P0074
H059,P0075
H059,P0076
H059,P0077
H059,P0078
H059,P0079
H059,P0082
H059,P0083
H059,P0084
H059,P0085
H059,P0086
H059,P0087
H059,P0089
H059,P0090
H059,P0092
H059,P0093
H059,P0094
H059,P0095
H059,P0097
H059,P0098
H059,P0100
H059,P0104
H059,P0105
H059,P0111
H059,P0113
H059,P0114
H059,P0116
H059,P0117
H059,P0118
H059,P0121
H059,P0123
H059,P0125
H059,P0126
H059,P0128
H059,P0130
H059,P0131
H059,P0132
H059,P0135
H059,P0136
H059,P0138
H059,P0139
H059,P0140
H059,P0142
H059,P0143
H059,P0144
H059,P0145
H059,P0146
H059,P0148
H059,P0149
H059,P0151
H059,P0152
H059,P0153
H059,P0155
H059,P0157
H059,P0158
H059,P0159
H059,P0161
H059,P0162
H059,P0163
H059,P0165
H059,P0166
H059,P0169
H059,P0170
H059,P0172
H059,P0176
H059,P0177
H059,P0178
H059,P0181
H059,P0182
H059,P0183
H059,P0184
H059,P0185
H059,P0186
H059,P0189
H059,P0192
H059,P0195
H059,P0197
H059,P0200
H059,P0201
H059,P0203
H059,P0204
H059,P0206
H059,P0207
H059,P0208
H059,P0209
H059,P0212
H059,P0213
H059,P0214
H059,P0218
H059,P0219
H059,P0222
H059,P0223
H059,P0224
H059,P0226
H059,P0227
H059,P0229
H059,P0232
H059,P0235
H059,P0236
H059,P0241
H059,P0243
H059,P0245
H059,P0247
H059,P0250
H059,P0251
H059,P0253
H059,P0254
H059,P0255
H059,P0256
H059,P0259
H059,P0261
H059,P0262
H059,P0264
H059,P0265
H059,P0266
H059,P0267
H059,P0269
H059,P0270
H059,P0271
H059,P0272
H059,P0273
H059,P0274
H059,P0276
H059,P0277
H059,P0278
H059,P0280
H059,P0281
H059,P0283
H059,P0285
H059,P0286
H059,P0288
H059,P0292
H059,P0293
H059,P0295
H059,P0296
H059,P0297
H059,P0299
H059,P0303
H059,P0305
H059,P0306
H059,P0307
H059,P0309
H059,P0310
H059,P0312
H059,P0313
H059,P0314
H059,P0315
H059,P0316
H059,P0317
H059,P0319
H059,P0320
H059,P0321
H059,P0322
H059,P0323
H059,P0324
H059,P0325
H059,P0326
H059,P0327
H059,P0328
H059,P0329
H059,P0330
H059,P0332
H059,P0335
H059,P0336
H059,P0337
H059,P0338
H059,P0340
H059,P0341
H059,P0344
H059,P0345
H059,P0346
H059,P0348
H059,P0349
H059,P0351
H059,P0352
H059,P0353
H059,P0355
H059,P0356
H059,P0357
H059,P0358
H059,P0359
H059,P0360
H059,P0361
H059,P0366
H059,P0367
H059,P0368
H059,P0369
H059,P0370
H059,P0371
H059,P0372
H059,P0373
H059,P0374
H059,P0375
H059,P0379
H059,P0380
H059,P0381
H059,P0383
H059,P0384
H059,P0389
H059,P0391
H059,P0396
H059,P0397
H059,P0398
H059,P0400
H059,P0401
H059,P0402
H059,P0404
H059,P0406
H059,P0407
H059,P0408
H059,P0409
H059,P0410
H059,P0411
H059,P0414
H059,P0416
H059,P0417
H059,P0420
H059,P0424
H059,P0426
H059,P0427
H059,P0428
H059,P0430
H059,P0432
H059,P0433
H059,P0435
H059,P0439
H059,P0440
H059,P0442
H059,P0443
H059,P0444
H059,P0445
H059,P0447
H059,P0451
H059,P0452
H059,P0453
H059,P0454
H059,P0456
H059,P0461
H059,P0465
H059,P0466
H059,P0468
H059,P0470
H059,P0472
H059,P0473
H059,P0474
H059,P0480
H059,P0481
H059,P0482
H059,P0483
H059,P0485
H059,P0486
H059,P0488
H059,P0491
H059,P0494
H059,P0495
H059,P0496
H059,P0499
H059,P0502
H059,P0505
H059,P0506
H059,P0507
H059,P0508
H059,P0509
H059,P0511
H059,P0512
H059,P0513
H059,P0514
H059,P0516
H059,P0518
H059,P0519
H059,P0520
H059,P0521
H059,P0524
H059,P0527
H059,P0528
H059,P0529
H059,P0530
H059,P0531
H059,P0533
H059,P0537
H059,P0538
H059,P0539
H059,P0540
H059,P0541
H059,P0542
H059,P0544
H059,P0545
H059,P0547
H059,P0548
H059,P0550
H059,P0553
H059,P0556
H059,P0557
H059,P0560
H059,P0561
H059,P0563
H059,P0564
H059,P0566
H059,P0567
H059,P0570
H059,P0571
H059,P0572
H059,P0573
H059,P0574
H059,P0576
H059,P0578
H059,P0579
H059,P0584
H059,P0585
H059,P0587
H059,P0589
H059,P0590
H059,P0591
H059,P0593
H059,P0594
H059,P0596
H059,P0597
H059,P0598
H060,P0001
H060,P0002
H060,P0004
H060,P0005
H060,P0006
H060,P0007
H060,P0008
H060,P0009
H060,P0010
H060,P0014
H060,P0015
H060,P0016
H060,P0018
H060,P0019
H060,P0021
H060,P0022
H060,P0024
H060,P0027
H060,P0028
H060,P0029
H060,P0030
H060,P0031
H060,P0032
H060,P0035
H060,P0036
H060,P0038
H060,P0039
H060,P0041
H060,P0042
H060,P0043
H060,P0045
H060,P0046
H060,P0047
H060,P0048
H060,P0049
H060,P0052
H060,P0053
H060,P0056
H060,P0057
H060,P0061
H060,P0062
H060,P0063
H060,P0064
H060,P0065
H060,P0067
H060,P0068
H060,P0069
H060,P0072
H060,P0075
H060,P0077
H060,P0078
H060,P0079
H060,P0080
H060,P0083
H060,P0084
H060,P0085
H060,P0086
H060,P0090
H060,P0092
H060,P0093
H060,P0094
H060,P0096
H060,P0097
H060,P0099
H060,P0100
H060,P0101
H060,P0102
H060,P0104
H060,P0105
H060,P0106
H060,P0107
H060,P0108
H060,P0109
H060,P0110
H060,P0111
H060,P0112
H060,P0113
H060,P0114
H060,P0115
H060,P0116
H060,P0117
H060,P0120
H060,P0121
H060,P0122
H060,P0124
H060,P0125
H060,P0128
H060,P0129
H060,P0130
H060,P0132
H060,P0133
H060,P0134
H060,P0135
H060,P0136
H060,P0137
H060,P0138
H060,P0139
H060,P0140
H060,P0142
H060,P0143
H060,P0144
H060,P0146
H060,P0147
H060,P0148
H060,P0149
H060,P0150
H060,P0151
H060,P0152
H060,P0154
H060,P0155
H060,P0156
H060,P0157
H060,P0158
H060,P0159
H060,P0160
H060,P0161
H060,P0163
H060,P0164
H060,P0165
H060,P0167
H060,P0169
H060,P0171
H060,P0173
H060,P0174
H060,P0175
H060,P0176
H060,P0177
H060,P0178
H060,P0182
H060,P0183
H060,P0185
H060,P0188
H060,P0189
H060,P0190
H060,P0191
H060,P0192
H060,P0193
H060,P0194
H060,P0195
H060,P0197
H060,P0200
H060,P0202
H060,P0204
H060,P0205
H060,P0206
H060,P0207
H060,P0208
H060,P0210
H060,P0211
H060,P0212
H060,P0213
H060,P0214
H060,P0215
H060,P0216
H060,P0219
H060,P0221
H060,P0222
H060,P0223
H060,P0224
H060,P0226
H060,P0227
H060,P0229
H060,P0231
H060,P0232
H060,P0233
H060,P0236
H060,P0238
H060,P0241
H060,P0245
H060,P0246
H060,P0247
H060,P0249
H060,P0250
H060,P0251
H060,P0253
H060,P0254
H060,P0256
H060,P0257
H060,P0258
H060,P0259
H060,P0261
H060,P0262
H060,P0265
H060,P0267
H060,P0268
H060,P0269
H060,P0270
H060,P0271
H060,P0272
H060,P0273
H060,P0276
H060,P0277
H060,P0278
H060,P0279
H060,P0280
H060,P0281
H060,P0282
H060,P0284
H060,P0287
H060,P0288
H060,P0289
H060,P0292
H060,P0293
H060,P0295
H060,P0296
H060,P0298
H060,P0299
H060,P0300
H060,P0301
H060,P0302
H060,P0303
H060,P0306
H060,P0307
H060,P0309
H060,P0310
H060,P0311
H060,P0312
H060,P0313
H060,P0314
H060,P0315
H060,P0317
H060,P0318
H060,P0319
H060,P0320
H060,P0321
H060,P0323
H060,P0324
H060,P0325
H060,P0326
H060,P0327
H060,P0328
H060,P0329
H060,P0330
H060,P0331
H060,P0333
H060,P0334
H060,P0335
H060,P0336
H060,P0337
H060,P0338
H060,P0339
H060,P0340
H060,P0342
H060,P0344
H060,P0345
H060,P0346
H060,P0347
H060,P0348
H060,P0349
H060,P0350
H060,P0351
H060,P0352
H060,P0353
H060,P0355
H060,P0356
H060,P0357
H060,P0358
H060,P0359
H060,P0361
H060,P0362
H060,P0363
H060,P0364
H060,P0366
H060,P0367
H060,P0368
H060,P0369
H060,P0370
H060,P0371
H060,P0372
H060,P0373
H060,P0374
H060,P0375
H060,P0377
H060,P0378
H060,P0380
H060,P0381
H060,P0383
H060,P0384
H060,P0388
H060,P0390
H060,P0391
H060,P0392
H060,P0393
H060,P0394
H060,P0395
H060,P0396
H060,P0397
H060,P0398
H060,P0400
H060,P0401
H060,P0402
H060,P0404
H060,P0405
H060,P0406
H060,P0407
H060,P0408
H060,P0409
H060,P0410
H060,P0411
H060,P0412
H060,P0413
H060,P0414
H060,P0415
H060,P0417
H060,P0418
H060,P0420
H060,P0421
H060,P0424
H060,P0426
H060,P0427
H060,P0428
H060,P0429
H060,P0430
H060,P0431
H060,P0432
H060,P0433
H060,P0434
H060,P0435
H060,P0436
H060,P0438
H060,P0439
H060,P0441
H060,P0442
H060,P0443
H060,P0444
H060,P0445
H060,P0446
H060,P0447
H060,P0448
H060,P0450
H060,P0451
H060,P0452
H060,P0453
H060,P0454
H060,P0455
H060,P0456
H060,P0457
H060,P0458
H060,P0461
H060,P0463
H060,P0464
H060,P0466
H060,P0468
H060,P0470
H060,P0471
H060,P0472
H060,P0473
H060,P0474
H060,P0477
H060,P0479
H060,P0483
H060,P0484
H060,P0486
H060,P0487
H060,P0490
H060,P0492
H060,P0494
H060,P0495
H060,P0496
H060,P0497
H060,P0499
H060,P0500
H060,P0503
H060,P0505
H060,P0506
H060,P0508
H060,P0509
H060,P0511
H060,P0512
H060,P0514
H060,P0515
H060,P0516
H060,P0518
H060,P0519
H060,P0520
H060,P0521
H060,P0522
H060,P0523
H060,P0526
H060,P0527
H060,P0529
H060,P0530
H060,P0531
H060,P0532
H060,P0533
H060,P0535
H060,P0537
H060,P0538
H060,P0539
H060,P0540
H060,P0541
H060,P0542
H060,P0544
H060,P0545
H060,P0547
H060,P0549
H060,P0550
H060,P0551
H060,P0553
H060,P0556
H060,P0557
H060,P0558
H060,P0559
H060,P0563
H060,P0564
H060,P0565
H060,P0566
H060,P0567
H060,P0568
H060,P0569
H060,P0570
H060,P0573
H060,P0574
H060,P0575
H060,P0578
H060,P0579
H060,P0580
H060,P0585
H060,P0586
H060,P0587
H060,P0589
H060,P0590
H060,P0591
H060,P0592
H060,P0593
H060,P0596
H060,P0598
H060,P0599
H060,P0600
H061,P0001
H061,P0002
H061,P0003
H061,P0004
H061,P0006
H061,P0008
H061,P0011
H061,P0017
H061,P0021
H061,P0022
H061,P0024
H061,P0027
H061,P0028
H061,P0031
H061,P0033
H061,P0036
H061,P0037
H061,P0039
H061,P0048
H061,P0050
H061,P0052
H061,P0053
H061,P0054
H061,P0055
H061,P0056
H061,P0057
H061,P0059
H061,P0061
H061,P0063
H061,P0065
H061,P0071
H061,P0072
H061,P0076
H061,P0079
H061,P0080
H061,P0082
H061,P0083
H061,P0084
H061,P0086
H061,P0092
H061,P0093
H061,P0096
H061,P0097
H061,P0098
H061,P0100
H061,P0101
H061,P0104
H061,P0105
H061,P0107
H061,P0110
H061,P0111
H061,P0113
H061,P0115
H061,P0116
H061,P0117
H061,P0120
H061,P0121
H061,P0123
H061,P0129
H061,P0130
H061,P0131
H061,P0132
H061,P0133
H061,P0134
H061,P0136
H061,P0138
H061,P0140
H061,P0142
H061,P0144
H061,P0146
H061,P0149
H061,P0150
H061,P0151
H061,P0152
H061,P0155
H061,P0156
H061,P0157
H061,P0161
H061,P0165
H061,P0166
H061,P0169
H061,P0170
H061,P0171
H061,P0178
H061,P0180
H061,P0181
H061,P0183
H061,P0189
H061,P0190
H061,P0192
H061,P0193
H061,P0196
H061,P0198
H061,P0199
H061,P0200
H061,P0203
H061,P0204
H061,P0207
H061,P0212
H061,P0213
H061,P0214
H061,P0215
H061,P0219
H061,P0222
H061,P0224
H061,P0226
H061,P0229
H061,P0230
H061,P0235
H061,P0239
H061,P0242
H061,P0246
H061,P0247
H061,P0250
H061,P0251
H061,P0253
H061,P0254
H061,P0256
H061,P0257
H061,P0258
H061,P0259
H061,P0262
H061,P0265
H061,P0271
H061,P0272
H061,P0273
H061,P0277
H061,P0278
H061,P0279
H061,P0280
H061,P0281
H061,P0284
H061,P0286
H061,P0288
H061,P0290
H061,P0291
H061,P0292
H061,P0293
H061,P0294
H061,P0296
H061,P0299
H061,P0303
H061,P0305
H061,P0306
H061,P0308
H061,P0309
H061,P0310
H061,P0311
H061,P0312
H061,P0313
H061,P0316
H061,P0317
H061,P0318
H061,P0320
H061,P0321
H061,P0322
H061,P0323
H061,P0325
H061,P0326
H061,P0329
H061,P0332
H061,P0334
H061,P0337
H061,P0338
H061,P0340
H061,P0342
H061,P0344
H061,P0345
H061,P0353
H061,P0354
H061,P0356
H061,P0357
H061,P0361
H061,P0362
H061,P0363
H061,P0366
H061,P0368
H061,P0369
H061,P0371
H061,P0375
H061,P0381
H061,P0383
H061,P0384
H061,P0395
H061,P0397
H061,P0398
H061,P0404
H061,P0405
H061,P0406
H061,P0407
H061,P0409
H061,P0410
H061,P0411
H061,P0412
H061,P0413
H061,P0414
H061,P0415
H061,P0421
H061,P0427
H061,P0430
H061,P0432
H061,P0433
H061,P0434
H061,P0436
H061,P0437
H061,P0440
H061,P0442
H061,P0443
H061,P0444
H061,P0446
H061,P0447
H061,P0448
H061,P0451
H061,P0453
H061,P0454
H061,P0459
H061,P0460
H061,P0461
H061,P0464
H061,P0465
H061,P0467
H061,P0469
H061,P0470
H061,P0471
H061,P0473
H061,P0477
H061,P0480
H061,P0481
H061,P0483
H061,P0485
H061,P0489
H061,P0492
H061,P0493
H061,P0494
H061,P0495
H061,P0496
H061,P0498
H061,P0502
H061,P0505
H061,P0506
H061,P0509
H061,P0510
H061,P0511
H061,P0512
H061,P0516
H061,P0518
H061,P0519
H061,P0527
H061,P0528
H061,P0530
H061,P0531
H061,P0532
H061,P0533
H061,P0535
H061,P0538
H061,P0540
H061,P0541
H061,P0542
H061,P0545
H061,P0547
H061,P0549
H061,P0551
H061,P0560
H061,P0563
H061,P0564
H061,P0565
H061,P0568
H061,P0569
H061,P0570
H061,P0571
H061,P0573
H061,P0574
H061,P0575
H061,P0581
H061,P0585
H061,P0590
H061,P0594
H061,P0598
H061,P0599
H061,P0600
H062,P0001
H062,P0002
H062,P0006
H062,P0008
H062,P0010
H062,P0012
H062,P0013
H062,P0014
H062,P0018
H062,P0019
H062,P0020
H062,P0022
H062,P0023
H062,P0024
H062,P0025
H062,P0028
H062,P0033
H062,P0036
H062,P0037
H062,P0038
H062,P0043
H062,P0045
H062,P0046
H062,P0047
H062,P0048
H062,P0050
H062,P0052
H062,P0053
H062,P0055
H062,P0057
H062,P0058
H062,P0059
H062,P0063
H062,P0065
H062,P0067
H062,P0068
H062,P0069
H062,P0071
H062,P0072
H062,P0075
H062,P0076
H062,P0079
H062,P0082
H062,P0083
H062,P0085
H062,P0086
H062,P0087
H062,P0090
H062,P0091
H062,P0092
H062,P0093
H062,P0097
H062,P0100
H062,P0102
H062,P0103
H062,P0104
H062,P0105
H062,P0106
H062,P0107
H062,P0109
H062,P0111
H062,P0112
H062,P0113
H062,P0114
H062,P0116
H062,P0117
H062,P0120
H062,P0121
H062,P0125
H062,P0126
H062,P0129
H062,P0130
H062,P0131
H062,P0132
H062,P0133
H062,P0134
H062,P0135
H062,P0136
H062,P0139
H062,P0140
H062,P0141
H062,P0142
H062,P0143
H062,P0144
H062,P0145
H062,P0146
H062,P0147
H062,P0148
H062,P0149
H062,P0150
H062,P0152
H062,P0153
H062,P0154
H062,P0156
H062,P0157
H062,P0158
H062,P0160
H062,P0162
H062,P0163
H062,P0164
H062,P0166
H062,P0168
H062,P0169
H062,P0170
H062,P0171
H062,P0174
H062,P0175
H062,P0178
H062,P0179
H062,P0180
H062,P0181
H062,P0183
H062,P0184
H062,P0185
H062,P0189
H062,P0191
H062,P0192
H062,P0193
H062,P0195
H062,P0196
H062,P0197
H062,P0198
H062,P0200
H062,P0201
H062,P0202
H062,P0203
H062,P0204
H062,P0207
H062,P0208
H062,P0211
H062,P0213
H062,P0216
H062,P0218
H062,P0222
H062,P0223
H062,P0224
H062,P0225
H062,P0226
H062,P0228
H062,P0229
H062,P0231
H062,P0232
H062,P0235
H062,P0236
H062,P0237
H062,P0239
H062,P0241
H062,P0244
H062,P0245
H062,P0249
H062,P0251
H062,P0253
H062,P0256
H062,P0257
H062,P0259
H062,P0261
H062,P0263
H062,P0264
H062,P0266
H062,P0271
H062,P0273
H062,P0277
H062,P0278
H062,P0279
H062,P0280
H062,P0282
H062,P0284
H062,P0285
H062,P0286
H062,P0287
H062,P0288
H062,P0289
H062,P0290
H062,P0291
H062,P0295
H062,P0296
H062,P0299
H062,P0300
H062,P0303
H062,P0304
H062,P0305
H062,P0308
H062,P0311
H062,P0312
H062,P0314
H062,P0315
H062,P0316
H062,P0317
H062,P0318
H062,P0319
H062,P0321
H062,P0323
H062,P0324
H062,P0325
H062,P0326
H062,P0330
H062,P0332
H062,P0333
H062,P0334
H062,P0335
H062,P0338
H062,P0342
H062,P0343
H062,P0345
H062,P0346
H062,P0348
H062,P0349
H062,P0351
H062,P0352
H062,P0353
H062,P0355
H062,P0356
H062,P0357
H062,P0358
H062,P0359
H062,P0360
H062,P0361
H062,P0362
H062,P0364
H062,P0365
H062,P0367
H062,P0368
H062,P0369
H062,P0370
H062,P0371
H062,P0373
H062,P0374
H062,P0375
H062,P0379
H062,P0380
H062,P0381
H062,P0383
H062,P0386
H062,P0388
H062,P0391
H062,P0393
H062,P0395
H062,P0397
H062,P0398
H062,P0400
H062,P0401
H062,P0402
H062,P0404
H062,P0406
H062,P0408
H062,P0409
H062,P0411
H062,P0413
H062,P0415
H062,P0416
H062,P0417
H062,P0420
H062,P0422
H062,P0424
H062,P0425
H062,P0427
H062,P0428
H062,P0429
H062,P0430
H062,P0431
H062,P0432
H062,P0433
H062,P0435
H062,P0439
H062,P0440
H062,P0441
H062,P0442
H062,P0444
H062,P0445
H062,P0446
H062,P0447
H062,P0448
H062,P0451
H062,P0452
H062,P0453
H062,P0454
H062,P0455
H062,P0456
H062,P0459
H062,P0461
H062,P0464
H062,P0465
H062,P0466
H062,P0470
H062,P0471
H062,P0472
H062,P0474
H062,P0475
H062,P0476
H062,P0477
H062,P0479
H062,P0480
H062,P0481
H062,P0483
H062,P0485
H062,P0488
H062,P0492
H062,P0494
H062,P0495
H062,P0496
H062,P0497
H062,P0498
H062,P0499
H062,P0500
H062,P0501
H062,P0502
H062,P0505
H062,P0507
H062,P0508
H062,P0511
H062,P0512
H062,P0514
H062,P0515
H062,P0516
H062,P0518
H062,P0519
H062,P0520
H062,P0521
H062,P0522
H062,P0525
H062,P0527
H062,P0530
H062,P0532
H062,P0533
H062,P0534
H062,P0536
H062,P0537
H062,P0538
H062,P0539
H062,P0540
H062,P0541
H062,P0545
H062,P0547
H062,P0548
H062,P0549
H062,P0550
H062,P0553
H062,P0554
H062,P0556
H062,P0557
H062,P0558
H062,P0560
H062,P0562
H062,P0563
H062,P0565
H062,P0566
H062,P0567
H062,P0568
H062,P0569
H062,P0570
H062,P0571
H062,P0572
H062,P0573
H062,P0575
H062,P0576
H062,P0578
H062,P0579
H062,P0580
H062,P0581
H062,P0584
H062,P0586
H062,P0589
H062,P0590
H062,P0591
H062,P0592
H062,P0593
H062,P0596
H062,P0599
H062,P0600
H063,P0001
H063,P0003
H063,P0004
H063,P0005
H063,P0006
H063,P0008
H063,P0009
H063,P0010
H063,P0011
H063,P0012
H063,P0013
H063,P0015
H063,P0017
H063,P0018
H063,P0019
H063,P0020
H063,P0021
H063,P0022
H063,P0023
H063,P0024
H063,P0026
H063,P0027
H063,P0030
H063,P0032
H063,P0033
H063,P0034
H063,P0035
H063,P0036
H063,P0037
H063,P0038
H063,P0039
H063,P0040
H063,P0043
H063,P0045
H063,P0046
H063,P0047
H063,P0048
H063,P0049
H063,P0050
H063,P0051
H063,P0053
H063,P0055
H063,P0057
H063,P0060
H063,P0061
H063,P0062
H063,P0063
H063,P0064
H063,P0065
H063,P0066
H063,P0068
H063,P0069
H063,P0070
H063,P0071
H063,P0072
H063,P0073
H063,P0075
H063,P0076
H063,P0077
H063,P0078
H063,P0079
H063,P0080
H063,P0082
H063,P0083
H063,P0084
H063,P0085
H063,P0086
H063,P0088
H063,P0089
H063,P0091
H063,P0092
H063,P0093
H063,P0094
H063,P0095
H063,P0096
H063,P0097
H063,P0098
H063,P0100
H063,P0101
H063,P0102
H063,P0103
H063,P0104
H063,P0107
H063,P0108
H063,P0109
H063,P0110
H063,P0111
H063,P0112
H063,P0113
H063,P0114
H063,P0115
H063,P0116
H063,P0117
H063,P0119
H063,P0120
H063,P0121
H063,P0122
H063,P0125
H063,P0126
H063,P0127
H063,P0129
H063,P0130
H063,P0131
H063,P0132
H063,P0133
H063,P0134
H063,P0135
H063,P0136
H063,P0137
H063,P0138
H063,P0140
H063,P0141
H063,P0142
H063,P0143
H063,P0144
H063,P0145
H063,P0146
H063,P0148
H063,P0149
H063,P0150
H063,P0152
H063,P0153
H063,P0155
H063,P0156
H063,P0157
H063,P0158
H063,P0159
H063,P0160
H063,P0161
H063,P0163
H063,P0164
H063,P0166
H063,P0167
H063,P0169
H063,P0171
H063,P0172
H063,P0173
H063,P0175
H063,P0176
H063,P0177
H063,P0178
H063,P0181
H063,P0182
H063,P0183
H063,P0184
H063,P0185
H063,P0186
H063,P0188
H063,P0189
H063,P0190
H063,P0191
H063,P0192
H063,P0194
H063,P0195
H063,P0196
H063,P0198
H063,P0199
H063,P0200
H063,P0201
H063,P0202
H063,P0203
H063,P0204
H063,P0205
H063,P0206
H063,P0207
H063,P0208
H063,P0209
H063,P0211
H063,P0213
H063,P0215
H063,P0216
H063,P0217
H063,P0218
H063,P0219
H063,P0220
H063,P0221
H063,P0222
H063,P0223
H063,P0224
H063,P0225
H063,P0226
H063,P0228
H063,P0229
H063,P0232
H063,P0234
H063,P0236
H063,P0238
H063,P0239
H063,P0240
H063,P0242
H063,P0243
H063,P0246
H063,P0247
H063,P0248
H063,P0249
H063,P0250
H063,P0251
H063,P0252
H063,P0253
H063,P0255
H063,P0256
H063,P0257
H063,P0258
H063,P0259
H063,P0260
H063,P0261
H063,P0262
H063,P0263
H063,P0264
H063,P0265
H063,P0266
H063,P0267
H063,P0268
H063,P0269
H063,P0270
H063,P0271
H063,P0272
H063,P0273
H063,P0274
H063,P0275
H063,P0276
H063,P0277
H063,P0278
H063,P0279
H063,P0280
H063,P0281
H063,P0283
H063,P0285
H063,P0287
H063,P0288
H063,P0289
H063,P0291
H063,P0292
H063,P0293
H063,P0296
H063,P0297
H063,P0298
H063,P0299
H063,P0300
H063,P0303
H063,P0304
H063,P0305
H063,P0306
H063,P0307
H063,P0308
H063,P0310
H063,P0311
H063,P0312
H063,P0313
H063,P0314
H063,P0316
H063,P0317
H063,P0318
H063,P0319
H063,P0320
H063,P0321
H063,P0323
H063,P0324
H063,P0325
H063,P0328
H063,P0329
H063,P0330
H063,P0332
H063,P0333
H063,P0337
H063,P0338
H063,P0340
H063,P0341
H063,P0342
H063,P0343
H063,P0344
H063,P0345
H063,P0346
H063,P0347
H063,P0348
H063,P0350
H063,P0353
H063,P0354
H063,P0355
H063,P0357
H063,P0358
H063,P0359
H063,P0361
H063,P0362
H063,P0365
H063,P0366
H063,P0367
H063,P0368
H063,P0369
H063,P0370
H063,P0371
H063,P0372
H063,P0373
H063,P0374
H063,P0375
H063,P0376
H063,P0377
H063,P0378
H063,P0379
H063,P0380
H063,P0381
H063,P0382
H063,P0383
H063,P0384
H063,P0385
H063,P0387
H063,P0389
H063,P0390
H063,P0392
H063,P0393
H063,P0394
H063,P0395
H063,P0396
H063,P0397
H063,P0398
H063,P0400
H063,P0401
H063,P0402
H063,P0404
H063,P0405
H063,P0406
H063,P0407
H063,P0408
H063,P0409
H063,P0410
H063,P0411
H063,P0412
H063,P0414
H063,P0415
H063,P0416
H063,P0417
H063,P0418
H063,P0419
H063,P0421
H063,P0422
H063,P0423
H063,P0424
H063,P0425
H063,P0426
H063,P0428
H063,P0431
H063,P0432
H063,P0433
H063,P0434
H063,P0435
H063,P0436
H063,P0437
H063,P0441
H063,P0442
H063,P0443
H063,P0444
H063,P0445
H063,P0446
H063,P0447
H063,P0448
H063,P0449
H063,P0453
H063,P0454
H063,P0455
H063,P0457
H063,P0458
H063,P0459
H063,P0460
H063,P0461
H063,P0462
H063,P0463
H063,P0464
H063,P0465
H063,P0468
H063,P0469
H063,P0470
H063,P0471
H063,P0472
H063,P0474
H063,P0475
H063,P0476
H063,P0478
H063,P0479
H063,P0480
H063,P0481
H063,P0482
H063,P0483
H063,P0484
H063,P0485
H063,P0486
H063,P0487
H063,P0489
H063,P0491
H063,P0492
H063,P0493
H063,P0495
H063,P0496
H063,P0497
H063,P0498
H063,P0499
H063,P0500
H063,P0501
H063,P0502
H063,P0503
H063,P0505
H063,P0506
H063,P0507
H063,P0508
H063,P0509
H063,P0511
H063,P0514
H063,P0515
H063,P0516
H063,P0517
H063,P0518
H063,P0519
H063,P0520
H063,P0521
H063,P0522
H063,P0523
H063,P0524
H063,P0525
H063,P0526
H063,P0527
H063,P0528
H063,P0529
H063,P0530
H063,P0531
H063,P0532
H063,P0533
H063,P0534
H063,P0535
H063,P0537
H063,P0538
H063,P0539
H063,P0540
H063,P0542
H063,P0543
H063,P0544
H063,P0545
H063,P0546
H063,P0547
H063,P0548
H063,P0549
H063,P0550
H063,P0551
H063,P0552
H063,P0553
H063,P0554
H063,P0555
H063,P0556
H063,P0557
H063,P0559
H063,P0560
H063,P0561
H063,P0562
H063,P0563
H063,P0566
H063,P0570
H063,P0571
H063,P0572
H063,P0573
H063,P0574
H063,P0575
H063,P0576
H063,P0577
H063,P0578
H063,P0579
H063,P0580
H063,P0583
H063,P0584
H063,P0585
H063,P0587
H063,P0588
H063,P0589
H063,P0590
H063,P0592
H063,P0594
H063,P0596
H063,P0598
H063,P0600
H064,P0001
H064,P0002
H064,P0004
H064,P0005
H064,P0006
H064,P0007
H064,P0008
H064,P0009
H064,P0010
H064,P0011
H064,P0012
H064,P0013
H064,P0014
H064,P0015
H064,P0016
H064,P0017
H064,P0018
H064,P0020
H064,P0021
H064,P0022
H064,P0024
H064,P0025
H064,P0026
H064,P0027
H064,P0028
H064,P0029
H064,P0030
H064,P0031
H064,P0033
H064,P0034
H064,P0036
H064,P0037
H064,P0038
H064,P0039
H064,P0040
H064,P0041
H064,P0042
H064,P0043
H064,P0045
H064,P0047
H064,P0048
H064,P0049
H064,P0050
H064,P0051
H064,P0052
H064,P0053
H064,P0054
H064,P0056
H064,P0057
H064,P0058
H064,P0059
H064,P0062
H064,P0063
H064,P0064
H064,P0065
H064,P0066
H064,P0067
H064,P0069
H064,P0070
H064,P0071
H064,P0072
H064,P0075
H064,P0076
H064,P0078
H064,P0079
H064,P0082
H064,P0083
H064,P0084
H064,P0085
H064,P0086
H064,P0087
H064,P0088
H064,P0089
H064,P0090
H064,P0091
H064,P0092
H064,P0093
H064,P0094
H064,P0095
H064,P0096
H064,P0097
H064,P0098
H064,P0099
H064,P0100
H064,P0102
H064,P0103
H064,P0104
H064,P0105
H064,P0107
H064,P0109
H064,P0110
H064,P0111
H064,P0112
H064,P0113
H064,P0114
H064,P0116
H064,P0117
H064,P0119
H064,P0120
H064,P0121
H064,P0122
H064,P0123
H064,P0124
H064,P0125
H064,P0126
H064,P0127
H064,P0128
H064,P0129
H064,P0130
H064,P0131
H064,P0132
H064,P0133
H064,P0135
H064,P0136
H064,P0137
H064,P0138
H064,P0139
H064,P0140
H064,P0141
H064,P0142
H064,P0143
H064,P0144
H064,P0146
H064,P0147
H064,P0148
H064,P0149
H064,P0150
H064,P0151
H064,P0152
H064,P0153
H064,P0154
H064,P0155
H064,P0156
H064,P0157
H064,P0160
H064,P0161
H064,P0163
H064,P0164
H064,P0165
H064,P0166
H064,P0168
H064,P0169
H064,P0170
H064,P0171
H064,P0172
H064,P0173
H064,P0175
H064,P0176
H064,P0177
H064,P0178
H064,P0179
H064,P0180
H064,P0181
H064,P0183
H064,P0184
H064,P0185
H064,P0188
H064,P0189
H064,P0190
H064,P0191
H064,P0192
H064,P0193
H064,P0196
H064,P0197
H064,P0199
H064,P0202
H064,P0203
H064,P0204
H064,P0207
H064,P0208
H064,P0210
H064,P0212
H064,P0213
H064,P0214
H064,P0215
H064,P0218
H064,P0221
H064,P0222
H064,P0224
H064,P0226
H064,P0227
H064,P0229
H064,P0230
H064,P0231
H064,P0232
H064,P0233
H064,P0234
H064,P0235
H064,P0237
H064,P0238
H064,P0240
H064,P0241
H064,P0242
H064,P0244
H064,P0245
H064,P0246
H064,P0249
H064,P0251
H064,P0253
H064,P0254
H064,P0255
H064,P0256
H064,P0257
H064,P0258
H064,P0259
H064,P0261
H064,P0262
H064,P0264
H064,P0265
H064,P0266
H064,P0267
H064,P0268
H064,P0269
H064,P0270
H064,P0272
H064,P0273
H064,P0274
H064,P0275
H064,P0276
H064,P0277
H064,P0279
H064,P0280
H064,P0281
H064,P0282
H064,P0284
H064,P0287
H064,P0288
H064,P0289
H064,P0290
H064,P0291
H064,P0292
H064,P0293
H064,P0294
H064,P0295
H064,P0296
H064,P0297
H064,P0298
H064,P0299
H064,P0301
H064,P0302
H064,P0303
H064,P0305
H064,P0306
H064,P0307
H064,P0308
H064,P0310
H064,P0311
H064,P0312
H064,P0313
H064,P0314
H064,P0315
H064,P0317
H064,P0318
H064,P0320
H064,P0321
H064,P0323
H064,P0324
H064,P0325
H064,P0326
H064,P0328
H064,P0329
H064,P0330
H064,P0331
H064,P0332
H064,P0333
H064,P0334
H064,P0335
H064,P0336
H064,P0337
H064,P0338
H064,P0340
H064,P0342
H064,P0343
H064,P0344
H064,P0345
H064,P0346
H064,P0347
H064,P0348
H064,P0349
H064,P0350
H064,P0351
H064,P0353
H064,P0355
H064,P0356
H064,P0358
H064,P0359
H064,P0360
H064,P0361
H064,P0364
H064,P0367
H064,P0369
H064,P0370
H064,P0371
H064,P0372
H064,P0375
H064,P0376
H064,P0378
H064,P0379
H064,P0380
H064,P0381
H064,P0382
H064,P0383
H064,P0384
H064,P0388
H064,P0389
H064,P0391
H064,P0392
H064,P0394
H064,P0395
H064,P0396
H064,P0397
H064,P0399
H064,P0400
H064,P0402
H064,P0404
H064,P0405
H064,P0406
H064,P0407
H064,P0408
H064,P0410
H064,P0411
H064,P0414
H064,P0415
H064,P0416
H064,P0417
H064,P0418
H064,P0421
H064,P0422
H064,P0423
H064,P0424
H064,P0425
H064,P0426
H064,P0427
H064,P0428
H064,P0429
H064,P0430
H064,P0431
H064,P0432
H064,P0433
H064,P0434
H064,P0435
H064,P0436
H064,P0437
H064,P0438
H064,P0439
H064,P0441
H064,P0442
H064,P0444
H064,P0445
H064,P0446
H064,P0447
H064,P0451
H064,P0452
H064,P0453
H064,P0454
H064,P0455
H064,P0456
H064,P0457
H064,P0459
H064,P0460
H064,P0462
H064,P0463
H064,P0465
H064,P0467
H064,P0468
H064,P0470
H064,P0471
H064,P0472
H064,P0473
H064,P0474
H064,P0475
H064,P0477
H064,P0478
H064,P0479
H064,P0480
H064,P0481
H064,P0482
H064,P0483
H064,P0485
H064,P0486
H064,P0488
H064,P0489
H064,P0490
H064,P0492
H064,P0493
H064,P0494
H064,P0495
H064,P0498
H064,P0499
H064,P0500
H064,P0501
H064,P0502
H064,P0503
H064,P0504
H064,P0505
H064,P0506
H064,P0507
H064,P0508
H064,P0510
H064,P0511
H064,P0512
H064,P0514
H064,P0515
H064,P0516
H064,P0518
H064,P0519
H064,P0520
H064,P0521
H064,P0523
H064,P0524
H064,P0525
H064,P0526
H064,P0527
H064,P0528
H064,P0529
H064,P0530
H064,P0532
H064,P0533
H064,P0535
H064,P0537
H064,P0540
H064,P0541
H064,P0542
H064,P0544
H064,P0546
H064,P0547
H064,P0548
H064,P0549
H064,P0550
H064,P0551
H064,P0553
H064,P0557
H064,P0562
H064,P0563
H064,P0564
H064,P0565
H064,P0567
H064,P0568
H064,P0569
H064,P0571
H064,P0572
H064,P0574
H064,P0575
H064,P0576
H064,P0577
H064,P0578
H064,P0579
H064,P0580
H064,P0581
H064,P0582
H064,P0584
H064,P0586
H064,P0587
H064,P0589
H064,P0590
H064,P0592
H064,P0594
H064,P0596
H064,P0598
H064,P0599
H065,P0001
H065,P0002
H065,P0003
H065,P0004
H065,P0006
H065,P0007
H065,P0008
H065,P0010
H065,P0011
H065,P0013
H065,P0014
H065,P0016
H065,P0017
H065,P0018
H065,P0019
H065,P0020
H065,P0021
H065,P0022
H065,P0023
H065,P0024
H065,P0026
H065,P0027
H065,P0029
H065,P0030
H065,P0031
H065,P0032
H065,P0033
H065,P0035
H065,P0036
H065,P0037
H065,P0038
H065,P0039
H065,P0040
H065,P0042
H065,P0043
H065,P0045
H065,P0046
H065,P0047
H065,P0048
H065,P0049
H065,P0050
H065,P0053
H065,P0055
H065,P0056
H065,P0058
H065,P0060
H065,P0061
H065,P0062
H065,P0063
H065,P0064
H065,P0065
H065,P0066
H065,P0067
H065,P0068
H065,P0069
H065,P0071
H065,P0072
H065,P0073
H065,P0074
H065,P0075
H065,P0076
H065,P0079
H065,P0080
H065,P0081
H065,P0082
H065,P0083
H065,P0085
H065,P0086
H065,P0087
H065,P0088
H065,P0089
H065,P0091
H065,P0092
H065,P0093
H065,P0094
H065,P0095
H065,P0096
H065,P0097
H065,P0098
H065,P0099
H065,P0100
H065,P0103
H065,P0104
H065,P0105
H065,P0106
H065,P0107
H065,P0111
H065,P0112
H065,P0113
H065,P0114
H065,P0116
H065,P0117
H065,P0118
H065,P0119
H065,P0120
H065,P0121
H065,P0122
H065,P0123
H065,P0124
H065,P0125
H065,P0126
H065,P0127
H065,P0128
H065,P0129
H065,P0130
H065,P0132
H065,P0133
H065,P0134
H065,P0135
H065,P0136
H065,P0137
H065,P0138
H065,P0139
H065,P0140
H065,P0141
H065,P0142
H065,P0143
H065,P0144
H065,P0145
H065,P0146
H065,P0147
H065,P0148
H065,P0149
H065,P0150
H065,P0151
H065,P0153
H065,P0155
H065,P0156
H065,P0157
H065,P0158
H065,P0160
H065,P0163
H065,P0165
H065,P0166
H065,P0167
H065,P0168
H065,P0169
H065,P0171
H065,P0172
H065,P0173
H065,P0175
H065,P0177
H065,P0178
H065,P0179
H065,P0183
H065,P0185
H065,P0189
H065,P0190
H065,P0192
H065,P0193
H065,P0194
H065,P0195
H065,P0196
H065,P0197
H065,P0199
H065,P0200
H065,P0201
H065,P0202
H065,P0203
H065,P0204
H065,P0205
H065,P0207
H065,P0210
H065,P0211
H065,P0212
H065,P0213
H065,P0214
H065,P0215
H065,P0216
H065,P0217
H065,P0218
H065,P0219
H065,P0220
H065,P0221
H065,P0222
H065,P0224
H065,P0225
H065,P0226
H065,P0227
H065,P0228
H065,P0229
H065,P0230
H065,P0231
H065,P0232
H065,P0233
H065,P0234
H065,P0235
H065,P0237
H065,P0238
H065,P0240
H065,P0241
H065,P0242
H065,P0243
H065,P0244
H065,P0245
H065,P0247
H065,P0248
H065,P0249
H065,P0250
H065,P0253
H065,P0254
H065,P0255
H065,P0256
H065,P0257
H065,P0258
H065,P0259
H065,P0260
H065,P0261
H065,P0262
H065,P0263
H065,P0264
H065,P0265
H065,P0266
H065,P0267
H065,P0268
H065,P0269
H065,P0270
H065,P0271
H065,P0272
H065,P0273
H065,P0274
H065,P0275
H065,P0277
H065,P0278
H065,P0279
H065,P0280
H065,P0282
H065,P0283
H065,P0287
H065,P0288
H065,P0290
H065,P0291
H065,P0292
H065,P0293
H065,P0294
H065,P0295
H065,P0296
H065,P0298
H065,P0299
H065,P0300
H065,P0302
H065,P0303
H065,P0305
H065,P0306
H065,P0307
H065,P0308
H065,P0310
H065,P0311
H065,P0312
H065,P0313
H065,P0315
H065,P0317
H065,P0318
H065,P0319
H065,P0320
H065,P0321
H065,P0322
H065,P0325
H065,P0326
H065,P0327
H065,P0328
H065,P0329
H065,P0330
H065,P0332
H065,P0333
H065,P0335
H065,P0337
H065,P0338
H065,P0339
H065,P0340
H065,P0341
H065,P0342
H065,P0343
H065,P0345
H065,P0346
H065,P0347
H065,P0348
H065,P0349
H065,P0351
H065,P0352
H065,P0353
H065,P0354
H065,P0355
H065,P0356
H065,P0357
H065,P0358
H065,P0359
H065,P0360
H065,P0361
H065,P0362
H065,P0363
H065,P0364
H065,P0366
H065,P0367
H065,P0368
H065,P0369
H065,P0370
H065,P0371
H065,P0372
H065,P0373
H065,P0375
H065,P0377
H065,P0378
H065,P0380
H065,P0381
H065,P0382
H065,P0383
H065,P0384
H065,P0386
H065,P0388
H065,P0389
H065,P0391
H065,P0392
H065,P0394
H065,P0395
H065,P0396
H065,P0397
H065,P0398
H065,P0399
H065,P0400
H065,P0401
H065,P0402
H065,P0404
H065,P0406
H065,P0407
H065,P0408
H065,P0410
H065,P0411
H065,P0413
H065,P0414
H065,P0415
H065,P0416
H065,P0417
H065,P0418
H065,P0420
H065,P0422
H065,P0423
H065,P0424
H065,P0427
H065,P0428
H065,P0429
H065,P0430
H065,P0431
H065,P0432
H065,P0433
H065,P0435
H065,P0436
H065,P0438
H065,P0439
H065,P0440
H065,P0442
H065,P0444
H065,P0445
H065,P0446
H065,P0447
H065,P0448
H065,P0449
H065,P0450
H065,P0451
H065,P0452
H065,P0453
H065,P0454
H065,P0456
H065,P0457
H065,P0459
H065,P0461
H065,P0462
H065,P0463
H065,P0464
H065,P0465
H065,P0466
H065,P0469
H065,P0470
H065,P0471
H065,P0472
H065,P0473
H065,P0474
H065,P0477
H065,P0479
H065,P0480
H065,P0481
H065,P0482
H065,P0484
H065,P0485
H065,P0486
H065,P0487
H065,P0488
H065,P0489
H065,P0490
H065,P0491
H065,P0492
H065,P0494
H065,P0495
H065,P0496
H065,P0497
H065,P0504
H065,P0505
H065,P0506
H065,P0507
H065,P0508
H065,P0510
H065,P0511
H065,P0513
H065,P0514
H065,P0515
H065,P0516
H065,P0518
H065,P0519
H065,P0520
H065,P0521
H065,P0522
H065,P0523
H065,P0524
H065,P0525
H065,P0526
H065,P0527
H065,P0529
H065,P0530
H065,P0532
H065,P0533
H065,P0534
H065,P0535
H065,P0537
H065,P0539
H065,P0540
H065,P0541
H065,P0542
H065,P0543
H065,P0545
H065,P0546
H065,P0547
H065,P0549
H065,P0550
H065,P0551
H065,P0552
H065,P0553
H065,P0556
H065,P0557
H065,P0559
H065,P0560
H065,P0561
H065,P0562
H065,P0563
H065,P0564
H065,P0565
H065,P0566
H065,P0567
H065,P0570
H065,P0571
H065,P0572
H065,P0573
H065,P0574
H065,P0575
H065,P0576
H065,P0577
H065,P0578
H065,P0579
H065,P0581
H065,P0582
H065,P0583
H065,P0584
H065,P0585
H065,P0586
H065,P0589
H065,P0590
H065,P0592
H065,P0593
H065,P0594
H065,P0595
H065,P0596
H065,P0597
H065,P0598
H065,P0599
H065,P0600
H066,P0001
H066,P0003
H066,P0004
H066,P0005
H066,P0006
H066,P0007
H066,P0008
H066,P0011
H066,P0012
H066,P0014
H066,P0016
H066,P0018
H066,P0019
H066,P0020
H066,P0021
H066,P0022
H066,P0024
H066,P0025
H066,P0027
H066,P0028
H066,P0029
H066,P0030
H066,P0033
H066,P0034
H066,P0035
H066,P0036
H066,P0038
H066,P0039
H066,P0040
H066,P0041
H066,P0043
H066,P0045
H066,P0046
H066,P0048
H066,P0049
H066,P0050
H066,P0051
H066,P0054
H066,P0056
H066,P0057
H066,P0058
H066,P0060
H066,P0061
H066,P0062
H066,P0063
H066,P0065
H066,P0066
H066,P0067
H066,P0069
H066,P0071
H066,P0074
H066,P0075
H066,P0076
H066,P0077
H066,P0079
H066,P0080
H066,P0081
H066,P0082
H066,P0083
H066,P0085
H066,P0086
H066,P0090
H066,P0092
H066,P0093
H066,P0094
H066,P0095
H066,P0096
H066,P0097
H066,P0099
H066,P0100
H066,P0101
H066,P0102
H066,P0104
H066,P0106
H066,P0107
H066,P0108
H066,P0109
H066,P0111
H066,P0112
H066,P0113
H066,P0114
H066,P0115
H066,P0116
H066,P0117
H066,P0120
H066,P0122
H066,P0123
H066,P0125
H066,P0126
H066,P0127
H066,P0128
H066,P0130
H066,P0131
H066,P0132
H066,P0134
H066,P0135
H066,P0136
H066,P0138
H066,P0139
H066,P0140
H066,P0141
H066,P0142
H066,P0143
H066,P0145
H066,P0146
H066,P0148
H066,P0149
H066,P0150
H066,P0151
H066,P0152
H066,P0153
H066,P0155
H066,P0156
H066,P0158
H066,P0161
H066,P0162
H066,P0163
H066,P0164
H066,P0165
H066,P0166
H066,P0167
H066,P0169
H066,P0170
H066,P0171
H066,P0172
H066,P0175
H066,P0178
H066,P0179
H066,P0181
H066,P0183
H066,P0184
H066,P0185
H066,P0186
H066,P0188
H066,P0190
H066,P0191
H066,P0192
H066,P0193
H066,P0194
H066,P0195
H066,P0197
H066,P0199
H066,P0202
H066,P0204
H066,P0205
H066,P0207
H066,P0209
H066,P0211
H066,P0212
H066,P0213
H066,P0214
H066,P0215
H066,P0216
H066,P0217
H066,P0218
H066,P0219
H066,P0221
H066,P0222
H066,P0223
H066,P0224
H066,P0226
H066,P0227
H066,P0229
H066,P0231
H066,P0232
H066,P0233
H066,P0235
H066,P0236
H066,P0237
H066,P0238
H066,P0241
H066,P0242
H066,P0244
H066,P0245
H066,P0246
H066,P0247
H066,P0249
H066,P0250
H066,P0251
H066,P0252
H066,P0253
H066,P0255
H066,P0256
H066,P0257
H066,P0258
H066,P0259
H066,P0260
H066,P0261
H066,P0262
H066,P0264
H066,P0265
H066,P0268
H066,P0269
H066,P0271
H066,P0272
H066,P0273
H066,P0275
H066,P0276
H066,P0278
H066,P0279
H066,P0280
H066,P0282
H066,P0283
H066,P0284
H066,P0285
H066,P0286
H066,P0287
H066,P0288
H066,P0289
H066,P0290
H066,P0291
H066,P0293
H066,P0294
H066,P0295
H066,P0296
H066,P0299
H066,P0300
H066,P0303
H066,P0305
H066,P0306
H066,P0307
H066,P0308
H066,P0309
H066,P0310
H066,P0312
H066,P0313
H066,P0314
H066,P0315
H066,P0316
H066,P0317
H066,P0318
H066,P0319
H066,P0320
H066,P0321
H066,P0322
H066,P0323
H066,P0324
H066,P0325
H066,P0326
H066,P0327
H066,P0328
H066,P0329
H066,P0330
H066,P0331
H066,P0332
H066,P0333
H066,P0334
H066,P0335
H066,P0336
H066,P0337
H066,P0338
H066,P0339
H066,P0340
H066,P0342
H066,P0344
H066,P0345
H066,P0346
H066,P0347
H066,P0348
H066,P0349
H066,P0350
H066,P0352
H066,P0353
H066,P0354
H066,P0355
H066,P0356
H066,P0357
H066,P0358
H066,P0360
H066,P0362
H066,P0363
H066,P0365
H066,P0366
H066,P0368
H066,P0369
H066,P0370
H066,P0371
H066,P0372
H066,P0373
H066,P0374
H066,P0375
H066,P0377
H066,P0380
H066,P0381
H066,P0382
H066,P0384
H066,P0385
H066,P0387
H066,P0389
H066,P0390
H066,P0391
H066,P0392
H066,P0393
H066,P0394
H066,P0396
H066,P0397
H066,P0398
H066,P0399
H066,P0400
H066,P0401
H066,P0404
H066,P0405
H066,P0406
H066,P0407
H066,P0408
H066,P0409
H066,P0410
H066,P0411
H066,P0413
H066,P0415
H066,P0417
H066,P0418
H066,P0419
H066,P0420
H066,P0422
H066,P0423
H066,P0424
H066,P0425
H066,P0426
H066,P0427
H066,P0428
H066,P0430
H066,P0431
H066,P0432
H066,P0433
H066,P0434
H066,P0435
H066,P0436
H066,P0437
H066,P0438
H066,P0439
H066,P0441
H066,P0442
H066,P0443
H066,P0447
H066,P0448
H066,P0449
H066,P0450
H066,P0451
H066,P0452
H066,P0453
H066,P0454
H066,P0455
H066,P0456
H066,P0457
H066,P0458
H066,P0460
H066,P0461
H066,P0462
H066,P0463
H066,P0464
H066,P0465
H066,P0466
H066,P0469
H066,P0470
H066,P0471
H066,P0472
H066,P0473
H066,P0474
H066,P0475
H066,P0476
H066,P0477
H066,P0478
H066,P0479
H066,P0480
H066,P0482
H066,P0483
H066,P0484
H066,P0485
H066,P0486
H066,P0487
H066,P0488
H066,P0490
H066,P0491
H066,P0492
H066,P0493
H066,P0494
H066,P0495
H066,P0496
H066,P0497
H066,P0499
H066,P0500
H066,P0501
H066,P0502
H066,P0503
H066,P0504
H066,P0505
H066,P0506
H066,P0507
H066,P0508
H066,P0509
H066,P0510
H066,P0511
H066,P0512
H066,P0513
H066,P0514
H066,P0515
H066,P0516
H066,P0517
H066,P0520
H066,P0521
H066,P0522
H066,P0523
H066,P0527
H066,P0529
H066,P0530
H066,P0532
H066,P0533
H066,P0535
H066,P0536
H066,P0537
H066,P0538
H066,P0539
H066,P0540
H066,P0541
H066,P0542
H066,P0543
H066,P0544
H066,P0545
H066,P0547
H066,P0549
H066,P0550
H066,P0551
H066,P0552
H066,P0553
H066,P0554
H066,P0555
H066,P0556
H066,P0557
H066,P0560
H066,P0561
H066,P0562
H066,P0564
H066,P0566
H066,P0567
H066,P0569
H066,P0570
H066,P0571
H066,P0572
H066,P0573
H066,P0574
H066,P0575
H066,P0576
H066,P0577
H066,P0578
H066,P0579
H066,P0583
H066,P0584
H066,P0586
H066,P0588
H066,P0589
H066,P0590
H066,P0591
H066,P0592
H066,P0593
H066,P0594
H066,P0595
H066,P0596
H066,P0597
H066,P0598
H066,P0599
H067,P0001
H067,P0002
H067,P0004
H067,P0006
H067,P0008
H067,P0011
H067,P0012
H067,P0013
H067,P0016
H067,P0017
H067,P0019
H067,P0021
H067,P0022
H067,P0024
H067,P0029
H067,P0032
H067,P0033
H067,P0035
H067,P0036
H067,P0037
H067,P0039
H067,P0040
H067,P0043
H067,P0045
H067,P0047
H067,P0048
H067,P0049
H067,P0052
H067,P0054
H067,P0055
H067,P0057
H067,P0058
H067,P0059
H067,P0060
H067,P0061
H067,P0062
H067,P0063
H067,P0065
H067,P0066
H067,P0067
H067,P0068
H067,P0071
H067,P0072
H067,P0073
H067,P0078
H067,P0079
H067,P0084
H067,P0086
H067,P0088
H067,P0093
H067,P0094
H067,P0099
H067,P0100
H067,P0101
H067,P0104
H067,P0105
H067,P0106
H067,P0108
H067,P0109
H067,P0110
H067,P0113
H067,P0115
H067,P0116
H067,P0117
H067,P0118
H067,P0119
H067,P0121
H067,P0122
H067,P0125
H067,P0128
H067,P0129
H067,P0130
H067,P0132
H067,P0135
H067,P0139
H067,P0140
H067,P0142
H067,P0143
H067,P0144
H067,P0146
H067,P0147
H067,P0148
H067,P0149
H067,P0151
H067,P0152
H067,P0153
H067,P0155
H067,P0156
H067,P0157
H067,P0158
H067,P0159
H067,P0162
H067,P0163
H067,P0164
H067,P0165
H067,P0166
H067,P0167
H067,P0169
H067,P0170
H067,P0171
H067,P0172
H067,P0173
H067,P0175
H067,P0178
H067,P0179
H067,P0180
H067,P0181
H067,P0182
H067,P0185
H067,P0189
H067,P0191
H067,P0192
H067,P0193
H067,P0194
H067,P0196
H067,P0198
H067,P0199
H067,P0200
H067,P0201
H067,P0202
H067,P0203
H067,P0204
H067,P0205
H067,P0207
H067,P0211
H067,P0212
H067,P0213
H067,P0215
H067,P0216
H067,P0218
H067,P0222
H067,P0226
H067,P0228
H067,P0229
H067,P0235
H067,P0237
H067,P0238
H067,P0239
H067,P0240
H067,P0241
H067,P0243
H067,P0244
H067,P0246
H067,P0247
H067,P0250
H067,P0251
H067,P0252
H067,P0254
H067,P0255
H067,P0256
H067,P0257
H067,P0260
H067,P0261
H067,P0262
H067,P0264
H067,P0265
H067,P0268
H067,P0269
H067,P0271
H067,P0273
H067,P0276
H067,P0278
H067,P0282
H067,P0284
H067,P0285
H067,P0287
H067,P0288
H067,P0294
H067,P0296
H067,P0298
H067,P0299
H067,P0302
H067,P0303
H067,P0305
H067,P0307
H067,P0308
H067,P0310
H067,P0311
H067,P0313
H067,P0317
H067,P0318
H067,P0321
H067,P0324
H067,P0326
H067,P0327
H067,P0329
H067,P0330
H067,P0332
H067,P0334
H067,P0335
H067,P0337
H067,P0338
H067,P0339
H067,P0340
H067,P0342
H067,P0343
H067,P0344
H067,P0345
H067,P0346
H067,P0348
H067,P0349
H067,P0351
H067,P0353
H067,P0355
H067,P0357
H067,P0358
H067,P0359
H067,P0362
H067,P0366
H067,P0368
H067,P0369
H067,P0370
H067,P0372
H067,P0374
H067,P0375
H067,P0376
H067,P0379
H067,P0380
H067,P0381
H067,P0383
H067,P0385
H067,P0387
H067,P0390
H067,P0392
H067,P0393
H067,P0394
H067,P0395
H067,P0398
H067,P0402
H067,P0406
H067,P0407
H067,P0410
H067,P0411
H067,P0412
H067,P0413
H067,P0416
H067,P0417
H067,P0420
H067,P0423
H067,P0426
H067,P0427
H067,P0431
H067,P0432
H067,P0433
H067,P0434
H067,P0435
H067,P0437
H067,P0438
H067,P0439
H067,P0443
H067,P0444
H067,P0450
H067,P0451
H067,P0453
H067,P0455
H067,P0456
H067,P0458
H067,P0459
H067,P0460
H067,P0461
H067,P0464
H067,P0465
H067,P0466
H067,P0468
H067,P0469
H067,P0470
H067,P0471
H067,P0472
H067,P0474
H067,P0477
H067,P0478
H067,P0479
H067,P0480
H067,P0481
H067,P0485
H067,P0488
H067,P0490
H067,P0494
H067,P0495
H067,P0496
H067,P0498
H067,P0500
H067,P0501
H067,P0502
H067,P0505
H067,P0508
H067,P0509
H067,P0511
H067,P0512
H067,P0514
H067,P0515
H067,P0516
H067,P0518
H067,P0519
H067,P0521
H067,P0523
H067,P0527
H067,P0528
H067,P0530
H067,P0531
H067,P0538
H067,P0540
H067,P0541
H067,P0542
H067,P0543
H067,P0544
H067,P0546
H067,P0547
H067,P0548
H067,P0549
H067,P0553
H067,P0557
H067,P0558
H067,P0559
H067,P0561
H067,P0563
H067,P0564
H067,P0567
H067,P0568
H067,P0570
H067,P0571
H067,P0572
H067,P0573
H067,P0574
H067,P0576
H067,P0578
H067,P0580
H067,P0583
H067,P0584
H067,P0585
H067,P0587
H067,P0589
H067,P0590
H067,P0592
H067,P0593
H067,P0596
H067,P0597
H067,P0598
H067,P0599
H067,P0600
H068,P0001
H068,P0002
H068,P0003
H068,P0004
H068,P0006
H068,P0008
H068,P0010
H068,P0012
H068,P0013
H068,P0014
H068,P0015
H068,P0016
H068,P0017
H068,P0018
H068,P0019
H068,P0020
H068,P0021
H068,P0022
H068,P0023
H068,P0024
H068,P0025
H068,P0026
H068,P0027
H068,P0028
H068,P0030
H068,P0031
H068,P0033
H068,P0034
H068,P0036
H068,P0037
H068,P0038
H068,P0039
H068,P0042
H068,P0043
H068,P0046
H068,P0047
H068,P0048
H068,P0052
H068,P0053
H068,P0057
H068,P0058
H068,P0059
H068,P0060
H068,P0062
H068,P0064
H068,P0065
H068,P0066
H068,P0067
H068,P0068
H068,P0069
H068,P0071
H068,P0072
H068,P0073
H068,P0074
H068,P0075
H068,P0076
H068,P0077
H068,P0079
H068,P0080
H068,P0081
H068,P0082
H068,P0083
H068,P0085
H068,P0086
H068,P0087
H068,P0088
H068,P0089
H068,P0091
H068,P0093
H068,P0096
H068,P0097
H068,P0098
H068,P0099
H068,P0100
H068,P0102
H068,P0103
H068,P0104
H068,P0105
H068,P0106
H068,P0107
H068,P0108
H068,P0109
H068,P0110
H068,P0111
H068,P0113
H068,P0114
H068,P0116
H068,P0117
H068,P0118
H068,P0120
H068,P0121
H068,P0122
H068,P0123
H068,P0126
H068,P0127
H068,P0128
H068,P0129
H068,P0130
H068,P0131
H068,P0132
H068,P0133
H068,P0134
H068,P0135
H068,P0136
H068,P0138
H068,P0139
H068,P0140
H068,P0141
H068,P0143
H068,P0144
H068,P0145
H068,P0146
H068,P0148
H068,P0149
H068,P0150
H068,P0151
H068,P0152
H068,P0154
H068,P0155
H068,P0156
H068,P0157
H068,P0158
H068,P0161
H068,P0162
H068,P0165
H068,P0166
H068,P0167
H068,P0169
H068,P0170
H068,P0171
H068,P0172
H068,P0175
H068,P0177
H068,P0178
H068,P0179
H068,P0181
H068,P0182
H068,P0183
H068,P0188
H068,P0189
H068,P0193
H068,P0194
H068,P0195
H068,P0199
H068,P0201
H068,P0203
H068,P0207
H068,P0208
H068,P0211
H068,P0212
H068,P0213
H068,P0214
H068,P0216
H068,P0217
H068,P0218
H068,P0219
H068,P0220
H068,P0221
H068,P0222
H068,P0224
H068,P0225
H068,P0226
H068,P0227
H068,P0228
H068,P0229
H068,P0230
H068,P0231
H068,P0232
H068,P0233
H068,P0234
H068,P0235
H068,P0236
H068,P0237
H068,P0238
H068,P0239
H068,P0241
H068,P0243
H068,P0245
H068,P0246
H068,P0247
H068,P0248
H068,P0252
H068,P0253
H068,P0255
H068,P0256
H068,P0257
H068,P0258
H068,P0259
H068,P0260
H068,P0261
H068,P0262
H068,P0263
H068,P0265
H068,P0266
H068,P0267
H068,P0268
H068,P0269
H068,P0270
H068,P0271
H068,P0272
H068,P0273
H068,P0276
H068,P0277
H068,P0278
H068,P0279
H068,P0280
H068,P0281
H068,P0283
H068,P0284
H068,P0286
H068,P0287
H068,P0288
H068,P0289
H068,P0290
H068,P0291
H068,P0292
H068,P0293
H068,P0294
H068,P0295
H068,P0296
H068,P0298
H068,P0299
H068,P0300
H068,P0301
H068,P0302
H068,P0304
H068,P0305
H068,P0306
H068,P0307
H068,P0309
H068,P0310
H068,P0311
H068,P0312
H068,P0314
H068,P0315
H068,P0316
H068,P0318
H068,P0320
H068,P0321
H068,P0322
H068,P0324
H068,P0326
H068,P0327
H068,P0329
H068,P0330
H068,P0331
H068,P0332
H068,P0334
H068,P0336
H068,P0338
H068,P0339
H068,P0340
H068,P0341
H068,P0342
H068,P0343
H068,P0344
H068,P0345
H068,P0346
H068,P0347
H068,P0351
H068,P0353
H068,P0354
H068,P0355
H068,P0356
H068,P0357
H068,P0358
H068,P0362
H068,P0363
H068,P0364
H068,P0365
H068,P0366
H068,P0367
H068,P0368
H068,P0369
H068,P0370
H068,P0372
H068,P0373
H068,P0374
H068,P0375
H068,P0376
H068,P0377
H068,P0378
H068,P0379
H068,P0380
H068,P0381
H068,P0382
H068,P0383
H068,P0384
H068,P0386
H068,P0389
H068,P0390
H068,P0391
H068,P0392
H068,P0395
H068,P0396
H068,P0397
H068,P0398
H068,P0400
H068,P0401
H068,P0402
H068,P0404
H068,P0405
H068,P0406
H068,P0407
H068,P0408
H068,P0410
H068,P0411
H068,P0412
H068,P0413
H068,P0414
H068,P0417
H068,P0418
H068,P0420
H068,P0422
H068,P0423
H068,P0425
H068,P0426
H068,P0429
H068,P0430
H068,P0431
H068,P0432
H068,P0433
H068,P0434
H068,P0435
H068,P0436
H068,P0437
H068,P0439
H068,P0440
H068,P0441
H068,P0442
H068,P0443
H068,P0444
H068,P0445
H068,P0446
H068,P0447
H068,P0450
H068,P0451
H068,P0453
H068,P0454
H068,P0457
H068,P0458
H068,P0459
H068,P0460
H068,P0461
H068,P0462
H068,P0463
H068,P0464
H068,P0465
H068,P0468
H068,P0469
H068,P0470
H068,P0471
H068,P0472
H068,P0473
H068,P0476
H068,P0477
H068,P0478
H068,P0479
H068,P0481
H068,P0484
H068,P0485
H068,P0486
H068,P0487
H068,P0489
H068,P0490
H068,P0491
H068,P0492
H068,P0494
H068,P0495
H068,P0496
H068,P0497
H068,P0498
H068,P0499
H068,P0500
H068,P0501
H068,P0502
H068,P0503
H068,P0504
H068,P0508
H068,P0509
H068,P0510
H068,P0511
H068,P0512
H068,P0513
H068,P0515
H068,P0516
H068,P0519
H068,P0520
H068,P0522
H068,P0523
H068,P0524
H068,P0526
H068,P0527
H068,P0529
H068,P0530
H068,P0531
H068,P0533
H068,P0534
H068,P0535
H068,P0537
H068,P0538
H068,P0539
H068,P0540
H068,P0541
H068,P0542
H068,P0543
H068,P0544
H068,P0545
H068,P0547
H068,P0548
H068,P0549
H068,P0550
H068,P0551
H068,P0553
H068,P0554
H068,P0555
H068,P0556
H068,P0557
H068,P0558
H068,P0559
H068,P0560
H068,P0562
H068,P0563
H068,P0564
H068,P0565
H068,P0566
H068,P0567
H068,P0568
H068,P0569
H068,P0570
H068,P0572
H068,P0574
H068,P0576
H068,P0578
H068,P0581
H068,P0584
H068,P0586
H068,P0589
H068,P0590
H068,P0591
H068,P0592
H068,P0593
H068,P0594
H068,P0596
H068,P0597
H068,P0599
H068,P0600
H069,P0001
H069,P0003
H069,P0006
H069,P0007
H069,P0008
H069,P0010
H069,P0011
H069,P0012
H069,P0016
H069,P0017
H069,P0018
H069,P0019
H069,P0021
H069,P0023
H069,P0024
H069,P0025
H069,P0027
H069,P0028
H069,P0030
H069,P0031
H069,P0032
H069,P0034
H069,P0035
H069,P0036
H069,P0037
H069,P0038
H069,P0039
H069,P0040
H069,P0042
H069,P0043
H069,P0045
H069,P0047
H069,P0048
H069,P0051
H069,P0053
H069,P0054
H069,P0058
H069,P0060
H069,P0061
H069,P0062
H069,P0063
H069,P0065
H069,P0066
H069,P0067
H069,P0068
H069,P0072
H069,P0074
H069,P0075
H069,P0076
H069,P0077
H069,P0079
H069,P0082
H069,P0083
H069,P0084
H069,P0085
H069,P0086
H069,P0087
H069,P0089
H069,P0090
H069,P0092
H069,P0093
H069,P0094
H069,P0095
H069,P0099
H069,P0100
H069,P0101
H069,P0102
H069,P0104
H069,P0105
H069,P0106
H069,P0108
H069,P0109
H069,P0110
H069,P0111
H069,P0112
H069,P0113
H069,P0114
H069,P0115
H069,P0116
H069,P0117
H069,P0118
H069,P0119
H069,P0120
H069,P0121
H069,P0122
H069,P0123
H069,P0125
H069,P0127
H069,P0129
H069,P0130
H069,P0131
H069,P0132
H069,P0133
H069,P0134
H069,P0135
H069,P0136
H069,P0137
H069,P0138
H069,P0139
H069,P0140
H069,P0141
H069,P0142
H069,P0143
H069,P0147
H069,P0148
H069,P0149
H069,P0150
H069,P0152
H069,P0153
H069,P0155
H069,P0156
H069,P0157
H069,P0158
H069,P0160
H069,P0163
H069,P0164
H069,P0166
H069,P0167
H069,P0170
H069,P0172
H069,P0174
H069,P0175
H069,P0176
H069,P0178
H069,P0179
H069,P0180
H069,P0181
H069,P0182
H069,P0183
H069,P0184
H069,P0185
H069,P0186
H069,P0187
H069,P0188
H069,P0189
H069,P0190
H069,P0192
H069,P0193
H069,P0194
H069,P0195
H069,P0196
H069,P0198
H069,P0200
H069,P0201
H069,P0202
H069,P0204
H069,P0205
H069,P0206
H069,P0207
H069,P0208
H069,P0209
H069,P0210
H069,P0211
H069,P0212
H069,P0213
H069,P0214
H069,P0216
H069,P0218
H069,P0219
H069,P0220
H069,P0221
H069,P0222
H069,P0223
H069,P0224
H069,P0225
H069,P0226
H069,P0229
H069,P0231
H069,P0232
H069,P0233
H069,P0234
H069,P0235
H069,P0236
H069,P0238
H069,P0239
H069,P0240
H069,P0241
H069,P0242
H069,P0243
H069,P0244
H069,P0245
H069,P0246
H069,P0250
H069,P0251
H069,P0252
H069,P0254
H069,P0255
H069,P0256
H069,P0257
H069,P0258
H069,P0259
H069,P0260
H069,P0262
H069,P0263
H069,P0264
H069,P0265
H069,P0267
H069,P0268
H069,P0269
H069,P0270
H069,P0271
H069,P0272
H069,P0273
H069,P0274
H069,P0275
H069,P0276
H069,P0277
H069,P0278
H069,P0279
H069,P0280
H069,P0282
H069,P0284
H069,P0285
H069,P0286
H069,P0288
H069,P0290
H069,P0291
H069,P0293
H069,P0294
H069,P0295
H069,P0296
H069,P0297
H069,P0298
H069,P0299
H069,P0300
H069,P0303
H069,P0305
H069,P0306
H069,P0307
H069,P0309
H069,P0310
H069,P0311
H069,P0313
H069,P0315
H069,P0316
H069,P0317
H069,P0318
H069,P0319
H069,P0321
H069,P0322
H069,P0323
H069,P0324
H069,P0325
H069,P0326
H069,P0328
H069,P0330
H069,P0331
H069,P0335
H069,P0337
H069,P0338
H069,P0339
H069,P0340
H069,P0342
H069,P0343
H069,P0344
H069,P0345
H069,P0346
H069,P0347
H069,P0349
H069,P0351
H069,P0352
H069,P0353
H069,P0354
H069,P0355
H069,P0356
H069,P0357
H069,P0359
H069,P0360
H069,P0361
H069,P0364
H069,P0366
H069,P0368
H069,P0369
H069,P0370
H069,P0371
H069,P0372
H069,P0374
H069,P0375
H069,P0378
H069,P0380
H069,P0381
H069,P0383
H069,P0384
H069,P0385
H069,P0388
H069,P0389
H069,P0390
H069,P0393
H069,P0394
H069,P0395
H069,P0396
H069,P0398
H069,P0401
H069,P0404
H069,P0405
H069,P0406
H069,P0407
H069,P0408
H069,P0409
H069,P0410
H069,P0411
H069,P0413
H069,P0414
H069,P0417
H069,P0418
H069,P0420
H069,P0421
H069,P0422
H069,P0423
H069,P0424
H069,P0425
H069,P0426
H069,P0427
H069,P0428
H069,P0429
H069,P0430
H069,P0432
H069,P0433
H069,P0434
H069,P0435
H069,P0436
H069,P0438
H069,P0439
H069,P0440
H069,P0443
H069,P0444
H069,P0446
H069,P0447
H069,P0448
H069,P0449
H069,P0450
H069,P0451
H069,P0454
H069,P0455
H069,P0456
H069,P0457
H069,P0458
H069,P0459
H069,P0460
H069,P0462
H069,P0463
H069,P0464
H069,P0465
H069,P0466
H069,P0467
H069,P0468
H069,P0469
H069,P0470
H069,P0471
H069,P0472
H069,P0473
H069,P0474
H069,P0475
H069,P0476
H069,P0477
H069,P0478
H069,P0479
H069,P0482
H069,P0483
H069,P0486
H069,P0487
H069,P0489
H069,P0492
H069,P0493
H069,P0494
H069,P0495
H069,P0496
H069,P0497
H069,P0498
H069,P0499
H069,P0500
H069,P0501
H069,P0502
H069,P0504
H069,P0505
H069,P0506
H069,P0507
H069,P0509
H069,P0510
H069,P0511
H069,P0512
H069,P0514
H069,P0515
H069,P0516
H069,P0517
H069,P0518
H069,P0519
H069,P0520
H069,P0521
H069,P0522
H069,P0523
H069,P0524
H069,P0525
H069,P0526
H069,P0527
H069,P0528
H069,P0529
H069,P0530
H069,P0532
H069,P0534
H069,P0535
H069,P0537
H069,P0538
H069,P0539
H069,P0540
H069,P0541
H069,P0542
H069,P0543
H069,P0544
H069,P0545
H069,P0547
H069,P0548
H069,P0549
H069,P0550
H069,P0551
H069,P0553
H069,P0554
H069,P0557
H069,P0559
H069,P0560
H069,P0561
H069,P0563
H069,P0564
H069,P0566
H069,P0567
H069,P0568
H069,P0569
H069,P0571
H069,P0572
H069,P0573
H069,P0575
H069,P0577
H069,P0578
H069,P0579
H069,P0581
H069,P0582
H069,P0584
H069,P0585
H069,P0586
H069,P0589
H069,P0593
H069,P0594
H069,P0595
H069,P0596
H069,P0597
H069,P0598
H069,P0599
H069,P0600
H070,P0002
H070,P0005
H070,P0006
H070,P0007
H070,P0010
H070,P0012
H070,P0013
H070,P0014
H070,P0016
H070,P0017
H070,P0018
H070,P0019
H070,P0020
H070,P0021
H070,P0022
H070,P0024
H070,P0025
H070,P0027
H070,P0028
H070,P0030
H070,P0032
H070,P0034
H070,P0035
H070,P0036
H070,P0037
H070,P0038
H070,P0039
H070,P0040
H070,P0041
H070,P0043
H070,P0045
H070,P0047
H070,P0048
H070,P0049
H070,P0050
H070,P0051
H070,P0052
H070,P0053
H070,P0054
H070,P0055
H070,P0056
H070,P0057
H070,P0058
H070,P0059
H070,P0060
H070,P0061
H070,P0062
H070,P0065
H070,P0066
H070,P0067
H070,P0068
H070,P0069
H070,P0071
H070,P0072
H070,P0073
H070,P0075
H070,P0077
H070,P0079
H070,P0081
H070,P0082
H070,P0083
H070,P0084
H070,P0085
H070,P0088
H070,P0089
H070,P0090
H070,P0091
H070,P0092
H070,P0093
H070,P0095
H070,P0096
H070,P0097
H070,P0098
H070,P0100
H070,P0101
H070,P0102
H070,P0103
H070,P0104
H070,P0105
H070,P0106
H070,P0107
H070,P0108
H070,P0109
H070,P0110
H070,P0111
H070,P0112
H070,P0113
H070,P0114
H070,P0115
H070,P0116
H070,P0117
H070,P0118
H070,P0120
H070,P0121
H070,P0124
H070,P0125
H070,P0126
H070,P0127
H070,P0128
H070,P0129
H070,P0130
H070,P0131
H070,P0132
H070,P0133
H070,P0135
H070,P0136
H070,P0140
H070,P0141
H070,P0142
H070,P0143
H070,P0144
H070,P0146
H070,P0147
H070,P0148
H070,P0149
H070,P0150
H070,P0151
H070,P0153
H070,P0154
H070,P0155
H070,P0156
H070,P0157
H070,P0158
H070,P0161
H070,P0162
H070,P0163
H070,P0164
H070,P0165
H070,P0167
H070,P0168
H070,P0169
H070,P0171
H070,P0173
H070,P0174
H070,P0175
H070,P0176
H070,P0178
H070,P0179
H070,P0180
H070,P0181
H070,P0183
H070,P0184
H070,P0188
H070,P0190
H070,P0192
H070,P0193
H070,P0195
H070,P0196
H070,P0197
H070,P0198
H070,P0199
H070,P0200
H070,P0201
H070,P0203
H070,P0204
H070,P0205
H070,P0206
H070,P0207
H070,P0208
H070,P0211
H070,P0212
H070,P0213
H070,P0214
H070,P0215
H070,P0216
H070,P0218
H070,P0219
H070,P0222
H070,P0224
H070,P0225
H070,P0226
H070,P0227
H070,P0229
H070,P0230
H070,P0231
H070,P0232
H070,P0234
H070,P0235
H070,P0236
H070,P0238
H070,P0242
H070,P0243
H070,P0244
H070,P0245
H070,P0246
H070,P0247
H070,P0248
H070,P0249
H070,P0250
H070,P0251
H070,P0252
H070,P0253
H070,P0254
H070,P0256
H070,P0257
H070,P0259
H070,P0261
H070,P0262
H070,P0264
H070,P0265
H070,P0266
H070,P0267
H070,P0268
H070,P0269
H070,P0270
H070,P0271
H070,P0272
H070,P0273
H070,P0274
H070,P0278
H070,P0281
H070,P0282
H070,P0283
H070,P0284
H070,P0285
H070,P0286
H070,P0287
H070,P0288
H070,P0289
H070,P0290
H070,P0291
H070,P0292
H070,P0294
H070,P0295
H070,P0297
H070,P0298
H070,P0299
H070,P0300
H070,P0301
H070,P0302
H070,P0303
H070,P0304
H070,P0305
H070,P0306
H070,P0307
H070,P0308
H070,P0309
H070,P0310
H070,P0311
H070,P0312
H070,P0313
H070,P0314
H070,P0315
H070,P0316
H070,P0317
H070,P0318
H070,P0319
H070,P0321
H070,P0323
H070,P0325
H070,P0326
H070,P0327
H070,P0328
H070,P0329
H070,P0330
H070,P0332
H070,P0333
H070,P0335
H070,P0336
H070,P0338
H070,P0339
H070,P0340
H070,P0341
H070,P0342
H070,P0344
H070,P0345
H070,P0346
H070,P0348
H070,P0349
H070,P0351
H070,P0353
H070,P0355
H070,P0356
H070,P0357
H070,P0358
H070,P0360
H070,P0361
H070,P0362
H070,P0363
H070,P0364
H070,P0366
H070,P0367
H070,P0368
H070,P0369
H070,P0370
H070,P0372
H070,P0373
H070,P0374
H070,P0375
H070,P0377
H070,P0378
H070,P0380
H070,P0381
H070,P0383
H070,P0384
H070,P0385
H070,P0386
H070,P0387
H070,P0388
H070,P0391
H070,P0394
H070,P0395
H070,P0396
H070,P0397
H070,P0399
H070,P0400
H070,P0401
H070,P0402
H070,P0403
H070,P0404
H070,P0405
H070,P0406
H070,P0408
H070,P0410
H070,P0411
H070,P0413
H070,P0414
H070,P0416
H070,P0418
H070,P0424
H070,P0425
H070,P0428
H070,P0429
H070,P0431
H070,P0432
H070,P0433
H070,P0434
H070,P0435
H070,P0436
H070,P0438
H070,P0439
H070,P0440
H070,P0442
H070,P0443
H070,P0444
H070,P0445
H070,P0446
H070,P0447
H070,P0448
H070,P0450
H070,P0451
H070,P0453
H070,P0454
H070,P0456
H070,P0458
H070,P0459
H070,P0461
H070,P0462
H070,P0463
H070,P0464
H070,P0465
H070,P0466
H070,P0467
H070,P0468
H070,P0469
H070,P0470
H070,P0471
H070,P0472
H070,P0473
H070,P0474
H070,P0476
H070,P0477
H070,P0478
H070,P0481
H070,P0482
H070,P0483
H070,P0484
H070,P0485
H070,P0486
H070,P0488
H070,P0489
H070,P0490
H070,P0491
H070,P0492
H070,P0494
H070,P0495
H070,P0496
H070,P0497
H070,P0498
H070,P0499
H070,P0500
H070,P0501
H070,P0502
H070,P0503
H070,P0504
H070,P0505
H070,P0506
H070,P0507
H070,P0508
H070,P0510
H070,P0511
H070,P0512
H070,P0513
H070,P0514
H070,P0515
H070,P0516
H070,P0517
H070,P0518
H070,P0519
H070,P0520
H070,P0521
H070,P0522
H070,P0523
H070,P0525
H070,P0526
H070,P0527
H070,P0528
H070,P0529
H070,P0530
H070,P0531
H070,P0532
H070,P0533
H070,P0536
H070,P0537
H070,P0538
H070,P0540
H070,P0541
H070,P0542
H070,P0543
H070,P0544
H070,P0547
H070,P0549
H070,P0550
H070,P0551
H070,P0552
H070,P0553
H070,P0557
H070,P0559
H070,P0561
H070,P0562
H070,P0563
H070,P0564
H070,P0565
H070,P0566
H070,P0567
H070,P0568
H070,P0569
H070,P0570
H070,P0571
H070,P0572
H070,P0573
H070,P0575
H070,P0576
H070,P0578
H070,P0579
H070,P0580
H070,P0581
H070,P0585
H070,P0586
H070,P0587
H070,P0588
H070,P0589
H070,P0590
H070,P0591
H070,P0594
H070,P0595
H070,P0597
H071,P0001
H071,P0002
H071,P0004
H071,P0006
H071,P0009
H071,P0011
H071,P0014
H071,P0015
H071,P0016
H071,P0018
H071,P0019
H071,P0020
H071,P0022
H071,P0023
H071,P0024
H071,P0026
H071,P0028
H071,P0029
H071,P0030
H071,P0031
H071,P0033
H071,P0034
H071,P0036
H071,P0037
H071,P0039
H071,P0041
H071,P0043
H071,P0045
H071,P0046
H071,P0049
H071,P0051
H071,P0052
H071,P0053
H071,P0055
H071,P0058
H071,P0060
H071,P0061
H071,P0062
H071,P0063
H071,P0064
H071,P0065
H071,P0066
H071,P0067
H071,P0068
H071,P0069
H071,P0070
H071,P0071
H071,P0072
H071,P0075
H071,P0077
H071,P0079
H071,P0081
H071,P0082
H071,P0083
H071,P0085
H071,P0086
H071,P0087
H071,P0088
H071,P0090
H071,P0091
H071,P0092
H071,P0093
H071,P0096
H071,P0097
H071,P0098
H071,P0100
H071,P0102
H071,P0103
H071,P0104
H071,P0105
H071,P0107
H071,P0108
H071,P0109
H071,P0110
H071,P0111
H071,P0113
H071,P0114
H071,P0115
H071,P0116
H071,P0117
H071,P0118
H071,P0119
H071,P0120
H071,P0121
H071,P0122
H071,P0123
H071,P0124
H071,P0125
H071,P0126
H071,P0128
H071,P0129
H071,P0130
H071,P0131
H071,P0132
H071,P0133
H071,P0134
H071,P0135
H071,P0136
H071,P0137
H071,P0138
H071,P0139
H071,P0140
H071,P0141
H071,P0142
H071,P0143
H071,P0144
H071,P0145
H071,P0146
H071,P0147
H071,P0148
H071,P0149
H071,P0150
H071,P0151
H071,P0152
H071,P0153
H071,P0154
H071,P0155
H071,P0156
H071,P0157
H071,P0158
H071,P0159
H071,P0160
H071,P0161
H071,P0162
H071,P0163
H071,P0165
H071,P0166
H071,P0168
H071,P0169
H071,P0170
H071,P0172
H071,P0176
H071,P0178
H071,P0179
H071,P0181
H071,P0183
H071,P0185
H071,P0186
H071,P0187
H071,P0188
H071,P0189
H071,P0190
H071,P0191
H071,P0192
H071,P0193
H071,P0194
H071,P0198
H071,P0199
H071,P0200
H071,P0202
H071,P0203
H071,P0204
H071,P0205
H071,P0206
H071,P0210
H071,P0211
H071,P0212
H071,P0213
H071,P0215
H071,P0216
H071,P0217
H071,P0223
H071,P0225
H071,P0226
H071,P0227
H071,P0228
H071,P0229
H071,P0231
H071,P0232
H071,P0233
H071,P0235
H071,P0237
H071,P0239
H071,P0241
H071,P0243
H071,P0244
H071,P0246
H071,P0247
H071,P0249
H071,P0250
H071,P0251
H071,P0254
H071,P0255
H071,P0256
H071,P0257
H071,P0259
H071,P0260
H071,P0261
H071,P0262
H071,P0263
H071,P0264
H071,P0266
H071,P0267
H071,P0268
H071,P0269
H071,P0271
H071,P0273
H071,P0274
H071,P0276
H071,P0277
H071,P0278
H071,P0279
H071,P0281
H071,P0282
H071,P0283
H071,P0284
H071,P0286
H071,P0287
H071,P0288
H071,P0289
H071,P0290
H071,P0291
H071,P0293
H071,P0295
H071,P0297
H071,P0298
H071,P0299
H071,P0300
H071,P0303
H071,P0304
H071,P0305
H071,P0306
H071,P0308
H071,P0310
H071,P0311
H071,P0313
H071,P0314
H071,P0316
H071,P0317
H071,P0319
H071,P0320
H071,P0321
H071,P0323
H071,P0324
H071,P0325
H071,P0326
H071,P0328
H071,P0329
H071,P0330
H071,P0331
H071,P0332
H071,P0333
H071,P0334
H071,P0337
H071,P0338
H071,P0339
H071,P0342
H071,P0344
H071,P0346
H071,P0347
H071,P0348
H071,P0351
H071,P0352
H071,P0353
H071,P0355
H071,P0356
H071,P0357
H071,P0359
H071,P0360
H071,P0361
H071,P0363
H071,P0364
H071,P0366
H071,P0367
H071,P0368
H071,P0369
H071,P0370
H071,P0371
H071,P0372
H071,P0373
H071,P0374
H071,P0375
H071,P0376
H071,P0378
H071,P0379
H071,P0380
H071,P0381
H071,P0382
H071,P0383
H071,P0384
H071,P0385
H071,P0386
H071,P0388
H071,P0391
H071,P0392
H071,P0394
H071,P0395
H071,P0396
H071,P0397
H071,P0398
H071,P0401
H071,P0402
H071,P0403
H071,P0404
H071,P0405
H071,P0406
H071,P0407
H071,P0408
H071,P0409
H071,P0410
H071,P0411
H071,P0413
H071,P0414
H071,P0415
H071,P0420
H071,P0421
H071,P0422
H071,P0423
H071,P0424
H071,P0425
H071,P0427
H071,P0429
H071,P0430
H071,P0431
H071,P0433
H071,P0434
H071,P0435
H071,P0436
H071,P0438
H071,P0439
H071,P0440
H071,P0441
H071,P0442
H071,P0444
H071,P0445
H071,P0446
H071,P0447
H071,P0448
H071,P0449
H071,P0452
H071,P0453
H071,P0454
H071,P0456
H071,P0457
H071,P0458
H071,P0459
H071,P0460
H071,P0461
H071,P0462
H071,P0463
H071,P0464
H071,P0465
H071,P0466
H071,P0467
H071,P0468
H071,P0469
H071,P0470
H071,P0471
H071,P0473
H071,P0474
H071,P0475
H071,P0476
H071,P0477
H071,P0481
H071,P0482
H071,P0483
H071,P0484
H071,P0485
H071,P0486
H071,P0488
H071,P0489
H071,P0490
H071,P0491
H071,P0492
H071,P0495
H071,P0497
H071,P0498
H071,P0499
H071,P0500
H071,P0502
H071,P0504
H071,P0505
H071,P0506
H071,P0507
H071,P0508
H071,P0510
H071,P0511
H071,P0512
H071,P0514
H071,P0516
H071,P0518
H071,P0519
H071,P0520
H071,P0521
H071,P0522
H071,P0523
H071,P0524
H071,P0525
H071,P0526
H071,P0527
H071,P0528
H071,P0529
H071,P0532
H071,P0533
H071,P0534
H071,P0535
H071,P0536
H071,P0537
H071,P0539
H071,P0540
H071,P0541
H071,P0543
H071,P0545
H071,P0546
H071,P0547
H071,P0548
H071,P0549
H071,P0550
H071,P0551
H071,P0552
H071,P0554
H071,P0555
H071,P0556
H071,P0557
H071,P0558
H071,P0559
H071,P0560
H071,P0561
H071,P0563
H071,P0564
H071,P0566
H071,P0567
H071,P0570
H071,P0572
H071,P0573
H071,P0574
H071,P0575
H071,P0576
H071,P0577
H071,P0578
H071,P0580
H071,P0581
H071,P0582
H071,P0583
H071,P0584
H071,P0588
H071,P0589
H071,P0590
H071,P0592
H071,P0593
H071,P0594
H071,P0596
H071,P0597
H071,P0598
H071,P0599
H071,P0600
H072,P0002
H072,P0004
H072,P0005
H072,P0006
H072,P0007
H072,P0008
H072,P0009
H072,P0011
H072,P0012
H072,P0013
H072,P0014
H072,P0016
H072,P0017
H072,P0018
H072,P0020
H072,P0021
H072,P0022
H072,P0024
H072,P0025
H072,P0026
H072,P0029
H072,P0030
H072,P0033
H072,P0035
H072,P0036
H072,P0037
H072,P0038
H072,P0041
H072,P0043
H072,P0045
H072,P0046
H072,P0047
H072,P0048
H072,P0049
H072,P0057
H072,P0060
H072,P0061
H072,P0062
H072,P0063
H072,P0064
H072,P0065
H072,P0066
H072,P0067
H072,P0068
H072,P0070
H072,P0071
H072,P0075
H072,P0076
H072,P0077
H072,P0078
H072,P0079
H072,P0081
H072,P0083
H072,P0084
H072,P0085
H072,P0086
H072,P0087
H072,P0088
H072,P0089
H072,P0090
H072,P0092
H072,P0093
H072,P0094
H072,P0097
H072,P0100
H072,P0101
H072,P0102
H072,P0103
H072,P0104
H072,P0105
H072,P0107
H072,P0109
H072,P0110
H072,P0111
H072,P0112
H072,P0113
H072,P0114
H072,P0115
H072,P0116
H072,P0117
H072,P0120
H072,P0121
H072,P0123
H072,P0124
H072,P0125
H072,P0126
H072,P0127
H072,P0128
H072,P0129
H072,P0130
H072,P0131
H072,P0132
H072,P0133
H072,P0134
H072,P0136
H072,P0137
H072,P0139
H072,P0140
H072,P0141
H072,P0143
H072,P0144
H072,P0146
H072,P0147
H072,P0149
H072,P0150
H072,P0152
H072,P0153
H072,P0154
H072,P0156
H072,P0160
H072,P0161
H072,P0163
H072,P0165
H072,P0167
H072,P0168
H072,P0169
H072,P0170
H072,P0171
H072,P0172
H072,P0175
H072,P0176
H072,P0177
H072,P0179
H072,P0180
H072,P0181
H072,P0182
H072,P0183
H072,P0184
H072,P0185
H072,P0186
H072,P0188
H072,P0190
H072,P0191
H072,P0193
H072,P0195
H072,P0197
H072,P0198
H072,P0199
H072,P0200
H072,P0201
H072,P0202
H072,P0203
H072,P0204
H072,P0205
H072,P0206
H072,P0209
H072,P0210
H072,P0211
H072,P0212
H072,P0213
H072,P0214
H072,P0215
H072,P0216
H072,P0217
H072,P0218
H072,P0219
H072,P0221
H072,P0222
H072,P0223
H072,P0224
H072,P0225
H072,P0226
H072,P0227
H072,P0229
H072,P0230
H072,P0232
H072,P0233
H072,P0235
H072,P0237
H072,P0238
H072,P0239
H072,P0241
H072,P0244
H072,P0245
H072,P0246
H072,P0247
H072,P0248
H072,P0251
H072,P0254
H072,P0255
H072,P0256
H072,P0257
H072,P0258
H072,P0259
H072,P0260
H072,P0261
H072,P0262
H072,P0263
H072,P0264
H072,P0265
H072,P0267
H072,P0268
H072,P0269
H072,P0270
H072,P0273
H072,P0275
H072,P0276
H072,P0277
H072,P0279
H072,P0280
H072,P0282
H072,P0283
H072,P0284
H072,P0285
H072,P0287
H072,P0288
H072,P0293
H072,P0294
H072,P0295
H072,P0296
H072,P0297
H072,P0298
H072,P0299
H072,P0300
H072,P0301
H072,P0302
H072,P0303
H072,P0305
H072,P0306
H072,P0308
H072,P0309
H072,P0310
H072,P0311
H072,P0312
H072,P0313
H072,P0315
H072,P0317
H072,P0318
H072,P0319
H072,P0320
H072,P0321
H072,P0322
H072,P0323
H072,P0324
H072,P0326
H072,P0327
H072,P0328
H072,P0329
H072,P0330
H072,P0332
H072,P0333
H072,P0334
H072,P0336
H072,P0337
H072,P0340
H072,P0341
H072,P0342
H072,P0343
H072,P0344
H072,P0345
H072,P0346
H072,P0347
H072,P0348
H072,P0349
H072,P0351
H072,P0352
H072,P0353
H072,P0356
H072,P0358
H072,P0359
H072,P0361
H072,P0362
H072,P0363
H072,P0364
H072,P0365
H072,P0367
H072,P0368
H072,P0369
H072,P0370
H072,P0371
H072,P0373
H072,P0374
H072,P0375
H072,P0376
H072,P0377
H072,P0378
H072,P0379
H072,P0380
H072,P0381
H072,P0383
H072,P0384
H072,P0387
H072,P0391
H072,P0393
H072,P0394
H072,P0395
H072,P0396
H072,P0397
H072,P0398
H072,P0399
H072,P0400
H072,P0402
H072,P0404
H072,P0405
H072,P0406
H072,P0407
H072,P0408
H072,P0409
H072,P0410
H072,P0411
H072,P0413
H072,P0414
H072,P0415
H072,P0416
H072,P0417
H072,P0418
H072,P0420
H072,P0421
H072,P0422
H072,P0423
H072,P0424
H072,P0425
H072,P0426
H072,P0427
H072,P0430
H072,P0431
H072,P0432
H072,P0433
H072,P0434
H072,P0435
H072,P0438
H072,P0439
H072,P0441
H072,P0443
H072,P0444
H072,P0445
H072,P0446
H072,P0447
H072,P0450
H072,P0451
H072,P0452
H072,P0453
H072,P0454
H072,P0455
H072,P0456
H072,P0457
H072,P0458
H072,P0460
H072,P0461
H072,P0464
H072,P0467
H072,P0469
H072,P0470
H072,P0471
H072,P0472
H072,P0473
H072,P0474
H072,P0476
H072,P0477
H072,P0478
H072,P0479
H072,P0481
H072,P0484
H072,P0485
H072,P0486
H072,P0487
H072,P0488
H072,P0489
H072,P0490
H072,P0491
H072,P0492
H072,P0493
H072,P0494
H072,P0495
H072,P0496
H072,P0497
H072,P0498
H072,P0499
H072,P0500
H072,P0502
H072,P0503
H072,P0504
H072,P0506
H072,P0507
H072,P0508
H072,P0511
H072,P0512
H072,P0515
H072,P0516
H072,P0517
H072,P0518
H072,P0519
H072,P0520
H072,P0522
H072,P0523
H072,P0524
H072,P0526
H072,P0527
H072,P0528
H072,P0530
H072,P0532
H072,P0533
H072,P0534
H072,P0537
H072,P0538
H072,P0540
H072,P0541
H072,P0543
H072,P0544
H072,P0546
H072,P0547
H072,P0548
H072,P0550
H072,P0551
H072,P0552
H072,P0554
H072,P0555
H072,P0556
H072,P0557
H072,P0558
H072,P0559
H072,P0560
H072,P0561
H072,P0562
H072,P0563
H072,P0565
H072,P0566
H072,P0567
H072,P0568
H072,P0569
H072,P0570
H072,P0571
H072,P0572
H072,P0573
H072,P0575
H072,P0576
H072,P0578
H072,P0579
H072,P0580
H072,P0583
H072,P0584
H072,P0585
H072,P0586
H072,P0588
H072,P0589
H072,P0591
H072,P0592
H072,P0593
H072,P0594
H072,P0596
H072,P0597
H072,P0598
H072,P0600
H073,P0001
H073,P0003
H073,P0006
H073,P0007
H073,P0009
H073,P0010
H073,P0011
H073,P0012
H073,P0018
H073,P0019
H073,P0020
H073,P0021
H073,P0022
H073,P0024
H073,P0025
H073,P0030
H073,P0035
H073,P0036
H073,P0037
H073,P0039
H073,P0041
H073,P0042
H073,P0043
H073,P0045
H073,P0046
H073,P0048
H073,P0049
H073,P0050
H073,P0053
H073,P0055
H073,P0056
H073,P0059
H073,P0062
H073,P0068
H073,P0069
H073,P0070
H073,P0071
H073,P0072
H073,P0078
H073,P0079
H073,P0081
H073,P0082
H073,P0083
H073,P0084
H073,P0085
H073,P0086
H073,P0088
H073,P0090
H073,P0093
H073,P0095
H073,P0097
H073,P0100
H073,P0102
H073,P0107
H073,P0108
H073,P0111
H073,P0112
H073,P0113
H073,P0117
H073,P0120
H073,P0121
H073,P0122
H073,P0123
H073,P0125
H073,P0126
H073,P0129
H073,P0131
H073,P0132
H073,P0133
H073,P0135
H073,P0136
H073,P0137
H073,P0140
H073,P0143
H073,P0144
H073,P0147
H073,P0148
H073,P0149
H073,P0152
H073,P0155
H073,P0156
H073,P0157
H073,P0160
H073,P0162
H073,P0163
H073,P0164
H073,P0169
H073,P0172
H073,P0174
H073,P0176
H073,P0179
H073,P0180
H073,P0183
H073,P0184
H073,P0188
H073,P0189
H073,P0190
H073,P0192
H073,P0195
H073,P0196
H073,P0198
H073,P0200
H073,P0201
H073,P0202
H073,P0204
H073,P0206
H073,P0207
H073,P0208
H073,P0209
H073,P0210
H073,P0211
H073,P0212
H073,P0213
H073,P0215
H073,P0217
H073,P0218
H073,P0222
H073,P0224
H073,P0226
H073,P0229
H073,P0230
H073,P0232
H073,P0233
H073,P0235
H073,P0238
H073,P0240
H073,P0243
H073,P0245
H073,P0247
H073,P0249
H073,P0250
H073,P0251
H073,P0252
H073,P0254
H073,P0256
H073,P0257
H073,P0258
H073,P0259
H073,P0260
H073,P0261
H073,P0262
H073,P0264
H073,P0266
H073,P0267
H073,P0268
H073,P0272
H073,P0273
H073,P0276
H073,P0277
H073,P0285
H073,P0286
H073,P0292
H073,P0293
H073,P0294
H073,P0295
H073,P0296
H073,P0297
H073,P0299
H073,P0300
H073,P0301
H073,P0304
H073,P0306
H073,P0307
H073,P0311
H073,P0312
H073,P0315
H073,P0317
H073,P0318
H073,P0321
H073,P0323
H073,P0324
H073,P0325
H073,P0326
H073,P0327
H073,P0328
H073,P0330
H073,P0332
H073,P0334
H073,P0335
H073,P0336
H073,P0337
H073,P0338
H073,P0340
H073,P0342
H073,P0344
H073,P0345
H073,P0346
H073,P0347
H073,P0349
H073,P0350
H073,P0351
H073,P0353
H073,P0354
H073,P0355
H073,P0356
H073,P0357
H073,P0359
H073,P0361
H073,P0362
H073,P0364
H073,P0365
H073,P0366
H073,P0367
H073,P0369
H073,P0370
H073,P0371
H073,P0372
H073,P0373
H073,P0374
H073,P0375
H073,P0377
H073,P0380
H073,P0382
H073,P0391
H073,P0394
H073,P0395
H073,P0396
H073,P0397
H073,P0398
H073,P0399
H073,P0401
H073,P0404
H073,P0405
H073,P0407
H073,P0409
H073,P0411
H073,P0413
H073,P0414
H073,P0416
H073,P0417
H073,P0418
H073,P0422
H073,P0430
H073,P0431
H073,P0433
H073,P0439
H073,P0441
H073,P0442
H073,P0443
H073,P0444
H073,P0445
H073,P0446
H073,P0447
H073,P0450
H073,P0451
H073,P0453
H073,P0455
H073,P0459
H073,P0461
H073,P0462
H073,P0464
H073,P0465
H073,P0466
H073,P0468
H073,P0469
H073,P0470
H073,P0471
H073,P0472
H073,P0473
H073,P0474
H073,P0476
H073,P0477
H073,P0479
H073,P0482
H073,P0485
H073,P0486
H073,P0488
H073,P0489
H073,P0491
H073,P0492
H073,P0494
H073,P0499
H073,P0503
H073,P0504
H073,P0505
H073,P0508
H073,P0511
H073,P0512
H073,P0514
H073,P0515
H073,P0516
H073,P0519
H073,P0520
H073,P0521
H073,P0523
H073,P0527
H073,P0529
H073,P0532
H073,P0533
H073,P0536
H073,P0537
H073,P0540
H073,P0542
H073,P0545
H073,P0547
H073,P0548
H073,P0549
H073,P0550
H073,P0551
H073,P0552
H073,P0555
H073,P0556
H073,P0557
H073,P0558
H073,P0560
H073,P0561
H073,P0563
H073,P0564
H073,P0565
H073,P0567
H073,P0570
H073,P0571
H073,P0572
H073,P0574
H073,P0578
H073,P0579
H073,P0584
H073,P0587
H073,P0590
H073,P0591
H073,P0593
H073,P0594
H073,P0598
H073,P0599
H074,P0001
H074,P0002
H074,P0003
H074,P0006
H074,P0008
H074,P0009
H074,P0010
H074,P0011
H074,P0013
H074,P0015
H074,P0016
H074,P0017
H074,P0018
H074,P0019
H074,P0021
H074,P0022
H074,P0023
H074,P0024
H074,P0025
H074,P0026
H074,P0027
H074,P0029
H074,P0030
H074,P0031
H074,P0033
H074,P0034
H074,P0035
H074,P0036
H074,P0037
H074,P0038
H074,P0039
H074,P0040
H074,P0042
H074,P0043
H074,P0044
H074,P0045
H074,P0046
H074,P0047
H074,P0048
H074,P0049
H074,P0050
H074,P0051
H074,P0052
H074,P0053
H074,P0054
H074,P0055
H074,P0057
H074,P0063
H074,P0064
H074,P0068
H074,P0069
H074,P0070
H074,P0071
H074,P0072
H074,P0074
H074,P0075
H074,P0079
H074,P0080
H074,P0082
H074,P0083
H074,P0084
H074,P0086
H074,P0088
H074,P0089
H074,P0091
H074,P0092
H074,P0095
H074,P0096
H074,P0097
H074,P0098
H074,P0099
H074,P0100
H074,P0102
H074,P0103
H074,P0104
H074,P0105
H074,P0106
H074,P0108
H074,P0110
H074,P0111
H074,P0112
H074,P0113
H074,P0114
H074,P0115
H074,P0116
H074,P0117
H074,P0119
H074,P0121
H074,P0122
H074,P0123
H074,P0124
H074,P0126
H074,P0128
H074,P0129
H074,P0130
H074,P0131
H074,P0132
H074,P0133
H074,P0134
H074,P0135
H074,P0136
H074,P0138
H074,P0139
H074,P0140
H074,P0141
H074,P0142
H074,P0146
H074,P0147
H074,P0148
H074,P0149
H074,P0150
H074,P0151
H074,P0152
H074,P0153
H074,P0155
H074,P0156
H074,P0157
H074,P0158
H074,P0159
H074,P0160
H074,P0161
H074,P0164
H074,P0165
H074,P0166
H074,P0167
H074,P0168
H074,P0169
H074,P0170
H074,P0171
H074,P0173
H074,P0174
H074,P0175
H074,P0176
H074,P0179
H074,P0180
H074,P0181
H074,P0182
H074,P0183
H074,P0184
H074,P0185
H074,P0186
H074,P0187
H074,P0188
H074,P0189
H074,P0190
H074,P0191
H074,P0192
H074,P0193
H074,P0195
H074,P0196
H074,P0197
H074,P0198
H074,P0199
H074,P0200
H074,P0201
H074,P0202
H074,P0203
H074,P0205
H074,P0207
H074,P0208
H074,P0210
H074,P0211
H074,P0212
H074,P0213
H074,P0214
H074,P0215
H074,P0218
H074,P0219
H074,P0222
H074,P0223
H074,P0224
H074,P0225
H074,P0226
H074,P0227
H074,P0228
H074,P0229
H074,P0230
H074,P0231
H074,P0232
H074,P0233
H074,P0234
H074,P0235
H074,P0237
H074,P0238
H074,P0239
H074,P0241
H074,P0242
H074,P0244
H074,P0245
H074,P0246
H074,P0249
H074,P0250
H074,P0251
H074,P0252
H074,P0254
H074,P0255
H074,P0256
H074,P0257
H074,P0258
H074,P0262
H074,P0263
H074,P0264
H074,P0265
H074,P0266
H074,P0267
H074,P0268
H074,P0269
H074,P0272
H074,P0273
H074,P0275
H074,P0276
H074,P0277
H074,P0278
H074,P0280
H074,P0281
H074,P0282
H074,P0284
H074,P0285
H074,P0288
H074,P0293
H074,P0294
H074,P0295
H074,P0298
H074,P0299
H074,P0301
H074,P0303
H074,P0305
H074,P0306
H074,P0307
H074,P0309
H074,P0310
H074,P0311
H074,P0312
H074,P0314
H074,P0316
H074,P0317
H074,P0319
H074,P0320
H074,P0321
H074,P0322
H074,P0323
H074,P0324
H074,P0325
H074,P0326
H074,P0329
H074,P0330
H074,P0331
H074,P0332
H074,P0334
H074,P0335
H074,P0336
H074,P0338
H074,P0339
H074,P0340
H074,P0341
H074,P0342
H074,P0343
H074,P0345
H074,P0346
H074,P0348
H074,P0349
H074,P0351
H074,P0353
H074,P0354
H074,P0355
H074,P0356
H074,P0357
H074,P0358
H074,P0359
H074,P0360
H074,P0361
H074,P0362
H074,P0364
H074,P0365
H074,P0366
H074,P0368
H074,P0369
H074,P0370
H074,P0371
H074,P0372
H074,P0373
H074,P0375
H074,P0376
H074,P0377
H074,P0378
H074,P0379
H074,P0380
H074,P0381
H074,P0384
H074,P0391
H074,P0395
H074,P0396
H074,P0397
H074,P0398
H074,P0401
H074,P0404
H074,P0405
H074,P0406
H074,P0407
H074,P0408
H074,P0409
H074,P0410
H074,P0411
H074,P0412
H074,P0413
H074,P0414
H074,P0415
H074,P0416
H074,P0418
H074,P0420
H074,P0422
H074,P0425
H074,P0426
H074,P0428
H074,P0429
H074,P0430
H074,P0433
H074,P0435
H074,P0436
H074,P0437
H074,P0438
H074,P0439
H074,P0440
H074,P0441
H074,P0442
H074,P0443
H074,P0444
H074,P0445
H074,P0446
H074,P0447
H074,P0448
H074,P0449
H074,P0450
H074,P0451
H074,P0452
H074,P0453
H074,P0454
H074,P0455
H074,P0456
H074,P0457
H074,P0458
H074,P0459
H074,P0460
H074,P0461
H074,P0462
H074,P0464
H074,P0465
H074,P0468
H074,P0470
H074,P0471
H074,P0472
H074,P0473
H074,P0477
H074,P0478
H074,P0479
H074,P0482
H074,P0483
H074,P0484
H074,P0486
H074,P0487
H074,P0488
H074,P0489
H074,P0492
H074,P0494
H074,P0495
H074,P0497
H074,P0499
H074,P0500
H074,P0501
H074,P0502
H074,P0503
H074,P0504
H074,P0506
H074,P0507
H074,P0509
H074,P0514
H074,P0516
H074,P0518
H074,P0519
H074,P0520
H074,P0522
H074,P0523
H074,P0524
H074,P0525
H074,P0527
H074,P0530
H074,P0531
H074,P0532
H074,P0533
H074,P0534
H074,P0537
H074,P0540
H074,P0542
H074,P0543
H074,P0544
H074,P0545
H074,P0546
H074,P0547
H074,P0548
H074,P0549
H074,P0550
H074,P0552
H074,P0554
H074,P0555
H074,P0557
H074,P0559
H074,P0560
H074,P0561
H074,P0563
H074,P0564
H074,P0565
H074,P0566
H074,P0567
H074,P0569
H074,P0570
H074,P0571
H074,P0572
H074,P0573
H074,P0574
H074,P0577
H074,P0578
H074,P0579
H074,P0581
H074,P0584
H074,P0585
H074,P0586
H074,P0587
H074,P0588
H074,P0589
H074,P0590
H074,P0592
H074,P0593
H074,P0594
H074,P0595
H074,P0597
H074,P0598
H075,P0001
H075,P0002
H075,P0003
H075,P0004
H075,P0005
H075,P0006
H075,P0007
H075,P0008
H075,P0010
H075,P0012
H075,P0013
H075,P0016
H075,P0017
H075,P0018
H075,P0019
H075,P0021
H075,P0022
H075,P0023
H075,P0024
H075,P0027
H075,P0028
H075,P0029
H075,P0030
H075,P0032
H075,P0033
H075,P0036
H075,P0040
H075,P0041
H075,P0042
H075,P0043
H075,P0044
H075,P0045
H075,P0046
H075,P0047
H075,P0048
H075,P0049
H075,P0050
H075,P0051
H075,P0052
H075,P0053
H075,P0054
H075,P0056
H075,P0057
H075,P0058
H075,P0060
H075,P0062
H075,P0063
H075,P0064
H075,P0065
H075,P0071
H075,P0072
H075,P0073
H075,P0078
H075,P0079
H075,P0080
H075,P0082
H075,P0083
H075,P0084
H075,P0085
H075,P0086
H075,P0088
H075,P0090
H075,P0092
H075,P0093
H075,P0094
H075,P0096
H075,P0097
H075,P0099
H075,P0100
H075,P0101
H075,P0103
H075,P0104
H075,P0106
H075,P0107
H075,P0108
H075,P0109
H075,P0111
H075,P0114
H075,P0115
H075,P0116
H075,P0117
H075,P0119
H075,P0120
H075,P0121
H075,P0122
H075,P0123
H075,P0124
H075,P0125
H075,P0126
H075,P0127
H075,P0128
H075,P0129
H075,P0130
H075,P0132
H075,P0133
H075,P0134
H075,P0135
H075,P0136
H075,P0137
H075,P0138
H075,P0140
H075,P0141
H075,P0143
H075,P0144
H075,P0145
H075,P0146
H075,P0148
H075,P0149
H075,P0150
H075,P0151
H075,P0152
H075,P0153
H075,P0154
H075,P0155
H075,P0157
H075,P0158
H075,P0159
H075,P0160
H075,P0161
H075,P0164
H075,P0165
H075,P0168
H075,P0169
H075,P0172
H075,P0174
H075,P0175
H075,P0176
H075,P0178
H075,P0179
H075,P0181
H075,P0182
H075,P0183
H075,P0185
H075,P0186
H075,P0188
H075,P0190
H075,P0191
H075,P0192
H075,P0193
H075,P0194
H075,P0195
H075,P0197
H075,P0199
H075,P0200
H075,P0201
H075,P0203
H075,P0204
H075,P0205
H075,P0207
H075,P0208
H075,P0209
H075,P0210
H075,P0211
H075,P0215
H075,P0219
H075,P0220
H075,P0221
H075,P0222
H075,P0223
H075,P0224
H075,P0226
H075,P0227
H075,P0229
H075,P0230
H075,P0231
H075,P0232
H075,P0233
H075,P0234
H075,P0237
H075,P0239
H075,P0240
H075,P0241
H075,P0242
H075,P0243
H075,P0245
H075,P0246
H075,P0247
H075,P0248
H075,P0249
H075,P0251
H075,P0253
H075,P0254
H075,P0256
H075,P0257
H075,P0259
H075,P0260
H075,P0261
H075,P0262
H075,P0264
H075,P0265
H075,P0266
H075,P0267
H075,P0270
H075,P0271
H075,P0272
H075,P0273
H075,P0275
H075,P0276
H075,P0277
H075,P0278
H075,P0279
H075,P0280
H075,P0284
H075,P0286
H075,P0287
H075,P0288
H075,P0289
H075,P0290
H075,P0291
H075,P0292
H075,P0293
H075,P0294
H075,P0295
H075,P0298
H075,P0299
H075,P0300
H075,P0303
H075,P0305
H075,P0306
H075,P0307
H075,P0308
H075,P0309
H075,P0310
H075,P0311
H075,P0312
H075,P0313
H075,P0314
H075,P0315
H075,P0317
H075,P0319
H075,P0320
H075,P0321
H075,P0322
H075,P0323
H075,P0324
H075,P0326
H075,P0328
H075,P0330
H075,P0332
H075,P0334
H075,P0335
H075,P0336
H075,P0337
H075,P0338
H075,P0340
H075,P0341
H075,P0342
H075,P0343
H075,P0344
H075,P0345
H075,P0346
H075,P0348
H075,P0352
H075,P0353
H075,P0354
H075,P0356
H075,P0357
H075,P0358
H075,P0359
H075,P0361
H075,P0362
H075,P0363
H075,P0364
H075,P0367
H075,P0368
H075,P0369
H075,P0370
H075,P0371
H075,P0372
H075,P0373
H075,P0374
H075,P0375
H075,P0376
H075,P0377
H075,P0378
H075,P0379
H075,P0380
H075,P0381
H075,P0382
H075,P0383
H075,P0384
H075,P0387
H075,P0388
H075,P0390
H075,P0391
H075,P0392
H075,P0394
H075,P0397
H075,P0398
H075,P0399
H075,P0400
H075,P0401
H075,P0404
H075,P0406
H075,P0407
H075,P0408
H075,P0409
H075,P0410
H075,P0411
H075,P0412
H075,P0413
H075,P0414
H075,P0415
H075,P0416
H075,P0417
H075,P0418
H075,P0421
H075,P0422
H075,P0424
H075,P0427
H075,P0428
H075,P0429
H075,P0432
H075,P0433
H075,P0434
H075,P0435
H075,P0436
H075,P0437
H075,P0440
H075,P0442
H075,P0444
H075,P0445
H075,P0446
H075,P0447
H075,P0448
H075,P0449
H075,P0450
H075,P0451
H075,P0452
H075,P0453
H075,P0454
H075,P0455
H075,P0456
H075,P0457
H075,P0462
H075,P0464
H075,P0465
H075,P0467
H075,P0468
H075,P0470
H075,P0471
H075,P0472
H075,P0474
H075,P0477
H075,P0478
H075,P0479
H075,P0481
H075,P0482
H075,P0485
H075,P0486
H075,P0488
H075,P0490
H075,P0491
H075,P0492
H075,P0494
H075,P0499
H075,P0500
H075,P0502
H075,P0504
H075,P0506
H075,P0507
H075,P0508
H075,P0509
H075,P0511
H075,P0512
H075,P0514
H075,P0515
H075,P0516
H075,P0518
H075,P0519
H075,P0520
H075,P0521
H075,P0522
H075,P0523
H075,P0524
H075,P0525
H075,P0527
H075,P0528
H075,P0532
H075,P0533
H075,P0534
H075,P0537
H075,P0539
H075,P0541
H075,P0543
H075,P0544
H075,P0546
H075,P0547
H075,P0548
H075,P0550
H075,P0551
H075,P0552
H075,P0553
H075,P0554
H075,P0555
H075,P0556
H075,P0557
H075,P0558
H075,P0559
H075,P0564
H075,P0565
H075,P0566
H075,P0568
H075,P0569
H075,P0570
H075,P0571
H075,P0573
H075,P0575
H075,P0576
H075,P0577
H075,P0579
H075,P0581
H075,P0582
H075,P0583
H075,P0584
H075,P0585
H075,P0586
H075,P0587
H075,P0588
H075,P0589
H075,P0590
H075,P0592
H075,P0593
H075,P0594
H075,P0597
H075,P0598
H075,P0599
H076,P0001
H076,P0002
H076,P0003
H076,P0004
H076,P0005
H076,P0006
H076,P0007
H076,P0008
H076,P0009
H076,P0011
H076,P0012
H076,P0013
H076,P0014
H076,P0015
H076,P0017
H076,P0018
H076,P0019
H076,P0020
H076,P0021
H076,P0022
H076,P0023
H076,P0024
H076,P0025
H076,P0026
H076,P0027
H076,P0028
H076,P0029
H076,P0030
H076,P0032
H076,P0035
H076,P0036
H076,P0037
H076,P0039
H076,P0041
H076,P0043
H076,P0044
H076,P0045
H076,P0046
H076,P0047
H076,P0048
H076,P0049
H076,P0050
H076,P0052
H076,P0056
H076,P0058
H076,P0059
H076,P0061
H076,P0062
H076,P0063
H076,P0065
H076,P0066
H076,P0067
H076,P0069
H076,P0070
H076,P0071
H076,P0072
H076,P0073
H076,P0074
H076,P0075
H076,P0076
H076,P0079
H076,P0080
H076,P0082
H076,P0083
H076,P0084
H076,P0085
H076,P0086
H076,P0087
H076,P0088
H076,P0089
H076,P0091
H076,P0092
H076,P0093
H076,P0095
H076,P0096
H076,P0097
H076,P0098
H076,P0100
H076,P0101
H076,P0102
H076,P0103
H076,P0104
H076,P0105
H076,P0106
H076,P0107
H076,P0108
H076,P0110
H076,P0111
H076,P0112
H076,P0113
H076,P0114
H076,P0115
H076,P0117
H076,P0118
H076,P0119
H076,P0120
H076,P0121
H076,P0122
H076,P0124
H076,P0126
H076,P0127
H076,P0128
H076,P0129
H076,P0132
H076,P0135
H076,P0136
H076,P0137
H076,P0138
H076,P0139
H076,P0140
H076,P0143
H076,P0145
H076,P0146
H076,P0147
H076,P0148
H076,P0149
H076,P0150
H076,P0151
H076,P0152
H076,P0153
H076,P0155
H076,P0156
H076,P0157
H076,P0159
H076,P0160
H076,P0161
H076,P0162
H076,P0163
H076,P0164
H076,P0165
H076,P0166
H076,P0167
H076,P0168
H076,P0169
H076,P0170
H076,P0171
H076,P0172
H076,P0173
H076,P0174
H076,P0175
H076,P0178
H076,P0179
H076,P0180
H076,P0181
H076,P0182
H076,P0183
H076,P0184
H076,P0188
H076,P0190
H076,P0191
H076,P0193
H076,P0195
H076,P0196
H076,P0197
H076,P0198
H076,P0200
H076,P0201
H076,P0202
H076,P0203
H076,P0204
H076,P0205
H076,P0206
H076,P0207
H076,P0208
H076,P0209
H076,P0210
H076,P0211
H076,P0212
H076,P0213
H076,P0214
H076,P0215
H076,P0216
H076,P0222
H076,P0224
H076,P0225
H076,P0226
H076,P0228
H076,P0229
H076,P0230
H076,P0231
H076,P0232
H076,P0233
H076,P0235
H076,P0236
H076,P0237
H076,P0238
H076,P0239
H076,P0241
H076,P0242
H076,P0243
H076,P0244
H076,P0245
H076,P0246
H076,P0247
H076,P0249
H076,P0250
H076,P0251
H076,P0252
H076,P0253
H076,P0254
H076,P0256
H076,P0257
H076,P0258
H076,P0259
H076,P0261
H076,P0262
H076,P0263
H076,P0264
H076,P0265
H076,P0266
H076,P0267
H076,P0268
H076,P0269
H076,P0271
H076,P0273
H076,P0276
H076,P0277
H076,P0278
H076,P0279
H076,P0280
H076,P0283
H076,P0284
H076,P0286
H076,P0287
H076,P0288
H076,P0290
H076,P0293
H076,P0294
H076,P0295
H076,P0296
H076,P0297
H076,P0298
H076,P0299
H076,P0300
H076,P0301
H076,P0302
H076,P0303
H076,P0304
H076,P0305
H076,P0306
H076,P0307
H076,P0308
H076,P0309
H076,P0310
H076,P0311
H076,P0312
H076,P0313
H076,P0314
H076,P0315
H076,P0317
H076,P0318
H076,P0320
H076,P0321
H076,P0323
H076,P0325
H076,P0326
H076,P0327
H076,P0328
H076,P0329
H076,P0330
H076,P0332
H076,P0334
H076,P0335
H076,P0336
H076,P0337
H076,P0338
H076,P0339
H076,P0340
H076,P0341
H076,P0342
H076,P0343
H076,P0344
H076,P0345
H076,P0346
H076,P0347
H076,P0348
H076,P0349
H076,P0351
H076,P0352
H076,P0354
H076,P0355
H076,P0356
H076,P0357
H076,P0359
H076,P0360
H076,P0361
H076,P0362
H076,P0363
H076,P0366
H076,P0367
H076,P0368
H076,P0369
H076,P0370
H076,P0371
H076,P0372
H076,P0373
H076,P0374
H076,P0375
H076,P0377
H076,P0378
H076,P0380
H076,P0381
H076,P0383
H076,P0384
H076,P0385
H076,P0388
H076,P0389
H076,P0390
H076,P0391
H076,P0392
H076,P0394
H076,P0395
H076,P0396
H076,P0398
H076,P0399
H076,P0401
H076,P0404
H076,P0405
H076,P0406
H076,P0407
H076,P0408
H076,P0409
H076,P0410
H076,P0411
H076,P0412
H076,P0413
H076,P0414
H076,P0417
H076,P0418
H076,P0420
H076,P0421
H076,P0422
H076,P0424
H076,P0425
H076,P0426
H076,P0427
H076,P0428
H076,P0429
H076,P0430
H076,P0431
H076,P0432
H076,P0433
H076,P0435
H076,P0438
H076,P0439
H076,P0440
H076,P0441
H076,P0442
H076,P0443
H076,P0445
H076,P0446
H076,P0447
H076,P0450
H076,P0451
H076,P0452
H076,P0453
H076,P0454
H076,P0455
H076,P0458
H076,P0459
H076,P0460
H076,P0461
H076,P0462
H076,P0464
H076,P0465
H076,P0466
H076,P0467
H076,P0469
H076,P0470
H076,P0471
H076,P0472
H076,P0473
H076,P0474
H076,P0477
H076,P0478
H076,P0479
H076,P0481
H076,P0482
H076,P0483
H076,P0484
H076,P0485
H076,P0486
H076,P0488
H076,P0489
H076,P0490
H076,P0491
H076,P0492
H076,P0493
H076,P0494
H076,P0495
H076,P0496
H076,P0497
H076,P0498
H076,P0499
H076,P0500
H076,P0501
H076,P0502
H076,P0504
H076,P0505
H076,P0506
H076,P0507
H076,P0508
H076,P0509
H076,P0511
H076,P0513
H076,P0515
H076,P0516
H076,P0517
H076,P0518
H076,P0519
H076,P0520
H076,P0521
H076,P0522
H076,P0523
H076,P0524
H076,P0527
H076,P0529
H076,P0530
H076,P0531
H076,P0532
H076,P0534
H076,P0535
H076,P0536
H076,P0537
H076,P0539
H076,P0540
H076,P0541
H076,P0542
H076,P0543
H076,P0544
H076,P0545
H076,P0546
H076,P0547
H076,P0548
H076,P0549
H076,P0550
H076,P0551
H076,P0553
H076,P0555
H076,P0556
H076,P0559
H076,P0560
H076,P0561
H076,P0562
H076,P0563
H076,P0564
H076,P0565
H076,P0568
H076,P0569
H076,P0570
H076,P0571
H076,P0572
H076,P0573
H076,P0576
H076,P0578
H076,P0579
H076,P0582
H076,P0583
H076,P0584
H076,P0585
H076,P0586
H076,P0588
H076,P0589
H076,P0591
H076,P0594
H076,P0596
H076,P0597
H076,P0599
H077,P0001
H077,P0002
H077,P0003
H077,P0004
H077,P0005
H077,P0006
H077,P0007
H077,P0009
H077,P0013
H077,P0014
H077,P0015
H077,P0016
H077,P0017
H077,P0019
H077,P0020
H077,P0022
H077,P0023
H077,P0027
H077,P0031
H077,P0032
H077,P0033
H077,P0034
H077,P0036
H077,P0043
H077,P0044
H077,P0046
H077,P0047
H077,P0048
H077,P0049
H077,P0050
H077,P0053
H077,P0054
H077,P0055
H077,P0056
H077,P0057
H077,P0058
H077,P0060
H077,P0062
H077,P0063
H077,P0064
H077,P0065
H077,P0066
H077,P0068
H077,P0071
H077,P0072
H077,P0074
H077,P0075
H077,P0076
H077,P0079
H077,P0082
H077,P0083
H077,P0084
H077,P0085
H077,P0086
H077,P0087
H077,P0088
H077,P0089
H077,P0090
H077,P0092
H077,P0095
H077,P0097
H077,P0098
H077,P0100
H077,P0104
H077,P0105
H077,P0108
H077,P0111
H077,P0113
H077,P0114
H077,P0115
H077,P0116
H077,P0117
H077,P0118
H077,P0121
H077,P0122
H077,P0127
H077,P0128
H077,P0129
H077,P0130
H077,P0131
H077,P0132
H077,P0135
H077,P0136
H077,P0138
H077,P0139
H077,P0140
H077,P0142
H077,P0143
H077,P0144
H077,P0145
H077,P0146
H077,P0147
H077,P0148
H077,P0149
H077,P0150
H077,P0152
H077,P0153
H077,P0154
H077,P0155
H077,P0156
H077,P0159
H077,P0163
H077,P0164
H077,P0165
H077,P0166
H077,P0167
H077,P0168
H077,P0169
H077,P0171
H077,P0172
H077,P0176
H077,P0178
H077,P0179
H077,P0181
H077,P0183
H077,P0185
H077,P0186
H077,P0188
H077,P0189
H077,P0190
H077,P0193
H077,P0194
H077,P0195
H077,P0197
H077,P0198
H077,P0201
H077,P0202
H077,P0204
H077,P0205
H077,P0208
H077,P0209
H077,P0210
H077,P0213
H077,P0214
H077,P0215
H077,P0221
H077,P0222
H077,P0224
H077,P0226
H077,P0228
H077,P0229
H077,P0231
H077,P0232
H077,P0235
H077,P0236
H077,P0238
H077,P0242
H077,P0243
H077,P0245
H077,P0246
H077,P0247
H077,P0249
H077,P0250
H077,P0252
H077,P0254
H077,P0256
H077,P0257
H077,P0261
H077,P0262
H077,P0263
H077,P0265
H077,P0266
H077,P0267
H077,P0268
H077,P0269
H077,P0270
H077,P0272
H077,P0273
H077,P0274
H077,P0276
H077,P0278
H077,P0279
H077,P0280
H077,P0282
H077,P0284
H077,P0287
H077,P0288
H077,P0289
H077,P0290
H077,P0293
H077,P0295
H077,P0296
H077,P0298
H077,P0299
H077,P0300
H077,P0302
H077,P0303
H077,P0306
H077,P0307
H077,P0308
H077,P0310
H077,P0311
H077,P0312
H077,P0313
H077,P0314
H077,P0315
H077,P0317
H077,P0319
H077,P0320
H077,P0321
H077,P0323
H077,P0324
H077,P0325
H077,P0326
H077,P0327
H077,P0328
H077,P0330
H077,P0332
H077,P0335
H077,P0338
H077,P0340
H077,P0342
H077,P0345
H077,P0346
H077,P0347
H077,P0348
H077,P0351
H077,P0352
H077,P0353
H077,P0355
H077,P0356
H077,P0357
H077,P0358
H077,P0359
H077,P0361
H077,P0362
H077,P0363
H077,P0364
H077,P0366
H077,P0367
H077,P0368
H077,P0369
H077,P0373
H077,P0374
H077,P0375
H077,P0376
H077,P0377
H077,P0378
H077,P0379
H077,P0380
H077,P0381
H077,P0382
H077,P0383
H077,P0384
H077,P0385
H077,P0390
H077,P0391
H077,P0393
H077,P0394
H077,P0395
H077,P0396
H077,P0397
H077,P0398
H077,P0399
H077,P0400
H077,P0401
H077,P0404
H077,P0405
H077,P0406
H077,P0408
H077,P0410
H077,P0411
H077,P0412
H077,P0413
H077,P0414
H077,P0415
H077,P0416
H077,P0417
H077,P0420
H077,P0422
H077,P0428
H077,P0429
H077,P0430
H077,P0433
H077,P0434
H077,P0438
H077,P0439
H077,P0442
H077,P0444
H077,P0445
H077,P0447
H077,P0448
H077,P0452
H077,P0454
H077,P0455
H077,P0458
H077,P0459
H077,P0461
H077,P0464
H077,P0465
H077,P0466
H077,P0467
H077,P0468
H077,P0469
H077,P0470
H077,P0471
H077,P0472
H077,P0473
H077,P0475
H077,P0476
H077,P0477
H077,P0478
H077,P0479
H077,P0482
H077,P0486
H077,P0488
H077,P0489
H077,P0490
H077,P0497
H077,P0498
H077,P0500
H077,P0502
H077,P0504
H077,P0505
H077,P0508
H077,P0511
H077,P0512
H077,P0514
H077,P0518
H077,P0519
H077,P0520
H077,P0522
H077,P0523
H077,P0524
H077,P0527
H077,P0528
H077,P0529
H077,P0530
H077,P0532
H077,P0533
H077,P0535
H077,P0537
H077,P0540
H077,P0542
H077,P0543
H077,P0545
H077,P0546
H077,P0547
H077,P0548
H077,P0549
H077,P0551
H077,P0552
H077,P0553
H077,P0554
H077,P0555
H077,P0556
H077,P0560
H077,P0561
H077,P0562
H077,P0563
H077,P0564
H077,P0565
H077,P0566
H077,P0569
H077,P0570
H077,P0571
H077,P0573
H077,P0574
H077,P0576
H077,P0578
H077,P0579
H077,P0580
H077,P0582
H077,P0584
H077,P0586
H077,P0587
H077,P0589
H077,P0590
H077,P0591
H077,P0596
H077,P0598
H077,P0599
H078,P0001
H078,P0002
H078,P0003
H078,P0005
H078,P0006
H078,P0008
H078,P0010
H078,P0011
H078,P0012
H078,P0013
H078,P0014
H078,P0015
H078,P0016
H078,P0017
H078,P0018
H078,P0019
H078,P0020
H078,P0022
H078,P0023
H078,P0024
H078,P0027
H078,P0030
H078,P0032
H078,P0033
H078,P0037
H078,P0039
H078,P0041
H078,P0042
H078,P0043
H078,P0044
H078,P0045
H078,P0046
H078,P0048
H078,P0049
H078,P0052
H078,P0054
H078,P0055
H078,P0056
H078,P0058
H078,P0060
H078,P0062
H078,P0064
H078,P0065
H078,P0066
H078,P0067
H078,P0068
H078,P0069
H078,P0070
H078,P0071
H078,P0072
H078,P0074
H078,P0075
H078,P0076
H078,P0078
H078,P0079
H078,P0081
H078,P0082
H078,P0083
H078,P0084
H078,P0086
H078,P0087
H078,P0089
H078,P0092
H078,P0093
H078,P0094
H078,P0096
H078,P0097
H078,P0098
H078,P0099
H078,P0100
H078,P0101
H078,P0102
H078,P0104
H078,P0106
H078,P0107
H078,P0108
H078,P0110
H078,P0111
H078,P0112
H078,P0113
H078,P0114
H078,P0115
H078,P0117
H078,P0120
H078,P0122
H078,P0125
H078,P0126
H078,P0127
H078,P0128
H078,P0129
H078,P0130
H078,P0131
H078,P0132
H078,P0135
H078,P0136
H078,P0137
H078,P0138
H078,P0139
H078,P0140
H078,P0141
H078,P0142
H078,P0143
H078,P0145
H078,P0146
H078,P0147
H078,P0148
H078,P0149
H078,P0150
H078,P0153
H078,P0155
H078,P0156
H078,P0157
H078,P0158
H078,P0160
H078,P0161
H078,P0162
H078,P0163
H078,P0164
H078,P0168
H078,P0169
H078,P0171
H078,P0172
H078,P0173
H078,P0174
H078,P0175
H078,P0177
H078,P0178
H078,P0179
H078,P0180
H078,P0183
H078,P0184
H078,P0186
H078,P0188
H078,P0189
H078,P0190
H078,P0191
H078,P0192
H078,P0193
H078,P0195
H078,P0196
H078,P0197
H078,P0198
H078,P0201
H078,P0202
H078,P0203
H078,P0204
H078,P0205
H078,P0207
H078,P0208
H078,P0209
H078,P0210
H078,P0211
H078,P0212
H078,P0214
H078,P0215
H078,P0216
H078,P0218
H078,P0221
H078,P0222
H078,P0223
H078,P0224
H078,P0225
H078,P0226
H078,P0228
H078,P0229
H078,P0232
H078,P0233
H078,P0234
H078,P0235
H078,P0236
H078,P0237
H078,P0238
H078,P0239
H078,P0240
H078,P0241
H078,P0242
H078,P0243
H078,P0244
H078,P0245
H078,P0246
H078,P0249
H078,P0250
H078,P0251
H078,P0252
H078,P0253
H078,P0255
H078,P0256
H078,P0257
H078,P0258
H078,P0259
H078,P0260
H078,P0261
H078,P0262
H078,P0263
H078,P0264
H078,P0265
H078,P0266
H078,P0268
H078,P0269
H078,P0273
H078,P0274
H078,P0276
H078,P0277
H078,P0278
H078,P0279
H078,P0280
H078,P0283
H078,P0285
H078,P0286
H078,P0287
H078,P0288
H078,P0289
H078,P0290
H078,P0291
H078,P0292
H078,P0293
H078,P0295
H078,P0296
H078,P0297
H078,P0298
H078,P0299
H078,P0300
H078,P0301
H078,P0302
H078,P0303
H078,P0306
H078,P0307
H078,P0308
H078,P0309
H078,P0310
H078,P0311
H078,P0312
H078,P0313
H078,P0314
H078,P0315
H078,P0316
H078,P0317
H078,P0318
H078,P0319
H078,P0320
H078,P0321
H078,P0323
H078,P0324
H078,P0325
H078,P0326
H078,P0327
H078,P0328
H078,P0329
H078,P0330
H078,P0331
H078,P0332
H078,P0333
H078,P0334
H078,P0335
H078,P0336
H078,P0337
H078,P0338
H078,P0339
H078,P0340
H078,P0342
H078,P0343
H078,P0344
H078,P0345
H078,P0346
H078,P0347
H078,P0349
H078,P0350
H078,P0351
H078,P0353
H078,P0354
H078,P0355
H078,P0356
H078,P0357
H078,P0358
H078,P0360
H078,P0361
H078,P0362
H078,P0363
H078,P0364
H078,P0365
H078,P0366
H078,P0367
H078,P0368
H078,P0369
H078,P0370
H078,P0371
H078,P0373
H078,P0374
H078,P0375
H078,P0376
H078,P0378
H078,P0379
H078,P0380
H078,P0381
H078,P0382
H078,P0383
H078,P0384
H078,P0385
H078,P0386
H078,P0387
H078,P0388
H078,P0389
H078,P0393
H078,P0394
H078,P0395
H078,P0396
H078,P0397
H078,P0398
H078,P0400
H078,P0401
H078,P0402
H078,P0404
H078,P0406
H078,P0407
H078,P0408
H078,P0409
H078,P0411
H078,P0412
H078,P0413
H078,P0414
H078,P0416
H078,P0417
H078,P0418
H078,P0420
H078,P0421
H078,P0422
H078,P0424
H078,P0426
H078,P0428
H078,P0429
H078,P0431
H078,P0432
H078,P0433
H078,P0434
H078,P0435
H078,P0436
H078,P0437
H078,P0438
H078,P0439
H078,P0440
H078,P0441
H078,P0442
H078,P0443
H078,P0445
H078,P0446
H078,P0447
H078,P0448
H078,P0450
H078,P0451
H078,P0452
H078,P0453
H078,P0454
H078,P0455
H078,P0458
H078,P0459
H078,P0460
H078,P0461
H078,P0462
H078,P0463
H078,P0464
H078,P0465
H078,P0466
H078,P0468
H078,P0469
H078,P0470
H078,P0471
H078,P0472
H078,P0473
H078,P0474
H078,P0477
H078,P0479
H078,P0480
H078,P0481
H078,P0482
H078,P0485
H078,P0486
H078,P0487
H078,P0488
H078,P0489
H078,P0490
H078,P0491
H078,P0492
H078,P0494
H078,P0495
H078,P0496
H078,P0497
H078,P0498
H078,P0499
H078,P0500
H078,P0501
H078,P0502
H078,P0503
H078,P0504
H078,P0505
H078,P0507
H078,P0508
H078,P0509
H078,P0510
H078,P0511
H078,P0512
H078,P0513
H078,P0514
H078,P0516
H078,P0518
H078,P0519
H078,P0520
H078,P0521
H078,P0522
H078,P0525
H078,P0526
H078,P0527
H078,P0528
H078,P0530
H078,P0531
H078,P0532
H078,P0533
H078,P0535
H078,P0538
H078,P0540
H078,P0541
H078,P0542
H078,P0543
H078,P0544
H078,P0547
H078,P0549
H078,P0550
H078,P0553
H078,P0554
H078,P0555
H078,P0556
H078,P0557
H078,P0558
H078,P0559
H078,P0561
H078,P0563
H078,P0564
H078,P0565
H078,P0566
H078,P0567
H078,P0569
H078,P0570
H078,P0572
H078,P0574
H078,P0575
H078,P0576
H078,P0577
H078,P0578
H078,P0579
H078,P0580
H078,P0581
H078,P0582
H078,P0584
H078,P0585
H078,P0586
H078,P0587
H078,P0589
H078,P0590
H078,P0591
H078,P0593
H078,P0596
H078,P0597
H078,P0598
H078,P0600
H079,P0001
H079,P0002
H079,P0005
H079,P0006
H079,P0009
H079,P0010
H079,P0012
H079,P0013
H079,P0014
H079,P0015
H079,P0016
H079,P0017
H079,P0018
H079,P0019
H079,P0020
H079,P0021
H079,P0022
H079,P0023
H079,P0024
H079,P0033
H079,P0035
H079,P0036
H079,P0037
H079,P0038
H079,P0039
H079,P0040
H079,P0041
H079,P0042
H079,P0043
H079,P0044
H079,P0045
H079,P0046
H079,P0047
H079,P0048
H079,P0049
H079,P0050
H079,P0052
H079,P0053
H079,P0055
H079,P0056
H079,P0057
H079,P0058
H079,P0059
H079,P0060
H079,P0061
H079,P0062
H079,P0063
H079,P0065
H079,P0066
H079,P0068
H079,P0070
H079,P0071
H079,P0073
H079,P0074
H079,P0075
H079,P0079
H079,P0082
H079,P0083
H079,P0084
H079,P0085
H079,P0086
H079,P0090
H079,P0091
H079,P0092
H079,P0093
H079,P0094
H079,P0098
H079,P0099
H079,P0100
H079,P0102
H079,P0105
H079,P0107
H079,P0108
H079,P0110
H079,P0111
H079,P0112
H079,P0113
H079,P0114
H079,P0115
H079,P0116
H079,P0117
H079,P0118
H079,P0119
H079,P0120
H079,P0121
H079,P0122
H079,P0123
H079,P0124
H079,P0125
H079,P0126
H079,P0127
H079,P0128
H079,P0129
H079,P0130
H079,P0131
H079,P0132
H079,P0133
H079,P0135
H079,P0136
H079,P0137
H079,P0139
H079,P0140
H079,P0141
H079,P0142
H079,P0143
H079,P0145
H079,P0146
H079,P0147
H079,P0149
H079,P0150
H079,P0151
H079,P0152
H079,P0153
H079,P0154
H079,P0155
H079,P0157
H079,P0159
H079,P0160
H079,P0161
H079,P0163
H079,P0164
H079,P0165
H079,P0166
H079,P0167
H079,P0168
H079,P0169
H079,P0171
H079,P0172
H079,P0174
H079,P0175
H079,P0176
H079,P0178
H079,P0179
H079,P0180
H079,P0181
H079,P0182
H079,P0185
H079,P0187
H079,P0190
H079,P0192
H079,P0193
H079,P0194
H079,P0195
H079,P0196
H079,P0197
H079,P0198
H079,P0200
H079,P0201
H079,P0202
H079,P0204
H079,P0205
H079,P0206
H079,P0207
H079,P0208
H079,P0209
H079,P0211
H079,P0212
H079,P0213
H079,P0214
H079,P0215
H079,P0218
H079,P0219
H079,P0220
H079,P0222
H079,P0223
H079,P0224
H079,P0225
H079,P0226
H079,P0227
H079,P0228
H079,P0230
H079,P0231
H079,P0232
H079,P0234
H079,P0236
H079,P0238
H079,P0239
H079,P0240
H079,P0242
H079,P0243
H079,P0244
H079,P0245
H079,P0246
H079,P0247
H079,P0249
H079,P0250
H079,P0251
H079,P0253
H079,P0254
H079,P0256
H079,P0257
H079,P0258
H079,P0259
H079,P0261
H079,P0262
H079,P0263
H079,P0265
H079,P0266
H079,P0267
H079,P0268
H079,P0269
H079,P0271
H079,P0273
H079,P0274
H079,P0275
H079,P0276
H079,P0277
H079,P0278
H079,P0279
H079,P0280
H079,P0281
H079,P0282
H079,P0284
H079,P0285
H079,P0287
H079,P0288
H079,P0289
H079,P0290
H079,P0291
H079,P0292
H079,P0294
H079,P0295
H079,P0296
H079,P0298
H079,P0299
H079,P0300
H079,P0301
H079,P0302
H079,P0303
H079,P0304
H079,P0305
H079,P0306
H079,P0307
H079,P0308
H079,P0309
H079,P0310
H079,P0312
H079,P0313
H079,P0314
H079,P0315
H079,P0316
H079,P0317
H079,P0318
H079,P0320
H079,P0321
H079,P0322
H079,P0323
H079,P0325
H079,P0326
H079,P0328
H079,P0329
H079,P0330
H079,P0331
H079,P0332
H079,P0334
H079,P0335
H079,P0336
H079,P0337
H079,P0338
H079,P0339
H079,P0340
H079,P0342
H079,P0343
H079,P0344
H079,P0345
H079,P0346
H079,P0348
H079,P0351
H079,P0352
H079,P0353
H079,P0355
H079,P0356
H079,P0359
H079,P0361
H079,P0362
H079,P0364
H079,P0365
H079,P0366
H079,P0367
H079,P0368
H079,P0369
H079,P0370
H079,P0371
H079,P0372
H079,P0373
H079,P0374
H079,P0375
H079,P0377
H079,P0380
H079,P0381
H079,P0382
H079,P0387
H079,P0388
H079,P0390
H079,P0391
H079,P0392
H079,P0393
H079,P0397
H079,P0398
H079,P0400
H079,P0401
H079,P0402
H079,P0404
H079,P0405
H079,P0406
H079,P0407
H079,P0408
H079,P0409
H079,P0410
H079,P0411
H079,P0413
H079,P0414
H079,P0415
H079,P0417
H079,P0418
H079,P0421
H079,P0422
H079,P0424
H079,P0425
H079,P0427
H079,P0428
H079,P0429
H079,P0430
H079,P0431
H079,P0433
H079,P0434
H079,P0436
H079,P0438
H079,P0439
H079,P0441
H079,P0443
H079,P0444
H079,P0445
H079,P0446
H079,P0447
H079,P0448
H079,P0449
H079,P0450
H079,P0451
H079,P0452
H079,P0453
H079,P0454
H079,P0455
H079,P0456
H079,P0457
H079,P0458
H079,P0459
H079,P0460
H079,P0462
H079,P0463
H079,P0464
H079,P0465
H079,P0466
H079,P0468
H079,P0469
H079,P0470
H079,P0472
H079,P0473
H079,P0474
H079,P0476
H079,P0477
H079,P0478
H079,P0479
H079,P0480
H079,P0481
H079,P0482
H079,P0483
H079,P0484
H079,P0485
H079,P0486
H079,P0487
H079,P0489
H079,P0490
H079,P0492
H079,P0493
H079,P0495
H079,P0496
H079,P0498
H079,P0499
H079,P0501
H079,P0502
H079,P0503
H079,P0504
H079,P0505
H079,P0506
H079,P0508
H079,P0509
H079,P0511
H079,P0512
H079,P0514
H079,P0515
H079,P0516
H079,P0517
H079,P0518
H079,P0519
H079,P0521
H079,P0522
H079,P0523
H079,P0524
H079,P0525
H079,P0526
H079,P0527
H079,P0528
H079,P0530
H079,P0531
H079,P0532
H079,P0533
H079,P0534
H079,P0535
H079,P0537
H079,P0538
H079,P0540
H079,P0541
H079,P0542
H079,P0544
H079,P0545
H079,P0546
H079,P0547
H079,P0548
H079,P0549
H079,P0550
H079,P0552
H079,P0553
H079,P0557
H079,P0558
H079,P0560
H079,P0561
H079,P0563
H079,P0565
H079,P0566
H079,P0567
H079,P0568
H079,P0569
H079,P0570
H079,P0571
H079,P0572
H079,P0575
H079,P0579
H079,P0580
H079,P0581
H079,P0582
H079,P0583
H079,P0584
H079,P0586
H079,P0587
H079,P0588
H079,P0589
H079,P0594
H079,P0596
H079,P0599
H079,P0600
H080,P0002
H080,P0003
H080,P0004
H080,P0006
H080,P0007
H080,P0008
H080,P0009
H080,P0011
H080,P0012
H080,P0013
H080,P0014
H080,P0016
H080,P0017
H080,P0018
H080,P0019
H080,P0021
H080,P0022
H080,P0023
H080,P0024
H080,P0025
H080,P0027
H080,P0029
H080,P0030
H080,P0031
H080,P0033
H080,P0034
H080,P0035
H080,P0036
H080,P0037
H080,P0039
H080,P0041
H080,P0044
H080,P0045
H080,P0046
H080,P0047
H080,P0048
H080,P0050
H080,P0053
H080,P0054
H080,P0055
H080,P0057
H080,P0058
H080,P0060
H080,P0061
H080,P0062
H080,P0065
H080,P0066
H080,P0069
H080,P0071
H080,P0072
H080,P0073
H080,P0074
H080,P0075
H080,P0076
H080,P0079
H080,P0081
H080,P0082
H080,P0083
H080,P0084
H080,P0085
H080,P0086
H080,P0091
H080,P0092
H080,P0095
H080,P0096
H080,P0097
H080,P0098
H080,P0099
H080,P0100
H080,P0101
H080,P0102
H080,P0103
H080,P0104
H080,P0105
H080,P0107
H080,P0108
H080,P0109
H080,P0110
H080,P0112
H080,P0113
H080,P0114
H080,P0115
H080,P0116
H080,P0117
H080,P0118
H080,P0121
H080,P0122
H080,P0123
H080,P0125
H080,P0129
H080,P0130
H080,P0131
H080,P0132
H080,P0134
H080,P0135
H080,P0136
H080,P0138
H080,P0139
H080,P0140
H080,P0141
H080,P0143
H080,P0144
H080,P0145
H080,P0146
H080,P0147
H080,P0148
H080,P0149
H080,P0150
H080,P0151
H080,P0152
H080,P0154
H080,P0155
H080,P0157
H080,P0159
H080,P0160
H080,P0161
H080,P0163
H080,P0164
H080,P0166
H080,P0167
H080,P0168
H080,P0169
H080,P0170
H080,P0171
H080,P0172
H080,P0173
H080,P0174
H080,P0175
H080,P0176
H080,P0178
H080,P0180
H080,P0181
H080,P0182
H080,P0183
H080,P0185
H080,P0188
H080,P0189
H080,P0190
H080,P0191
H080,P0192
H080,P0193
H080,P0194
H080,P0195
H080,P0197
H080,P0198
H080,P0199
H080,P0200
H080,P0202
H080,P0203
H080,P0204
H080,P0205
H080,P0207
H080,P0208
H080,P0211
H080,P0212
H080,P0213
H080,P0215
H080,P0218
H080,P0219
H080,P0222
H080,P0223
H080,P0224
H080,P0226
H080,P0227
H080,P0228
H080,P0229
H080,P0230
H080,P0232
H080,P0233
H080,P0234
H080,P0235
H080,P0236
H080,P0238
H080,P0239
H080,P0240
H080,P0241
H080,P0242
H080,P0243
H080,P0245
H080,P0246
H080,P0247
H080,P0249
H080,P0250
H080,P0251
H080,P0253
H080,P0254
H080,P0256
H080,P0257
H080,P0259
H080,P0262
H080,P0264
H080,P0265
H080,P0266
H080,P0267
H080,P0268
H080,P0269
H080,P0271
H080,P0272
H080,P0275
H080,P0277
H080,P0278
H080,P0279
H080,P0280
H080,P0281
H080,P0284
H080,P0286
H080,P0287
H080,P0288
H080,P0290
H080,P0291
H080,P0293
H080,P0295
H080,P0296
H080,P0297
H080,P0299
H080,P0300
H080,P0302
H080,P0303
H080,P0305
H080,P0307
H080,P0309
H080,P0310
H080,P0312
H080,P0313
H080,P0315
H080,P0317
H080,P0318
H080,P0319
H080,P0320
H080,P0321
H080,P0322
H080,P0323
H080,P0324
H080,P0326
H080,P0329
H080,P0330
H080,P0332
H080,P0335
H080,P0336
H080,P0337
H080,P0338
H080,P0340
H080,P0341
H080,P0342
H080,P0343
H080,P0344
H080,P0345
H080,P0346
H080,P0348
H080,P0349
H080,P0351
H080,P0352
H080,P0353
H080,P0354
H080,P0355
H080,P0357
H080,P0360
H080,P0361
H080,P0362
H080,P0364
H080,P0366
H080,P0367
H080,P0368
H080,P0369
H080,P0370
H080,P0371
H080,P0372
H080,P0373
H080,P0374
H080,P0375
H080,P0377
H080,P0378
H080,P0379
H080,P0380
H080,P0381
H080,P0383
H080,P0385
H080,P0388
H080,P0390
H080,P0391
H080,P0393
H080,P0394
H080,P0395
H080,P0396
H080,P0397
H080,P0398
H080,P0399
H080,P0401
H080,P0402
H080,P0404
H080,P0405
H080,P0406
H080,P0407
H080,P0408
H080,P0409
H080,P0410
H080,P0411
H080,P0412
H080,P0414
H080,P0415
H080,P0416
H080,P0417
H080,P0418
H080,P0420
H080,P0422
H080,P0423
H080,P0424
H080,P0425
H080,P0426
H080,P0427
H080,P0428
H080,P0429
H080,P0431
H080,P0435
H080,P0436
H080,P0438
H080,P0440
H080,P0441
H080,P0442
H080,P0443
H080,P0444
H080,P0445
H080,P0446
H080,P0447
H080,P0448
H080,P0449
H080,P0450
H080,P0451
H080,P0452
H080,P0453
H080,P0454
H080,P0455
H080,P0456
H080,P0459
H080,P0460
H080,P0461
H080,P0462
H080,P0463
H080,P0464
H080,P0465
H080,P0466
H080,P0468
H080,P0469
H080,P0470
H080,P0471
H080,P0472
H080,P0475
H080,P0476
H080,P0477
H080,P0479
H080,P0481
H080,P0482
H080,P0483
H080,P0485
H080,P0486
H080,P0487
H080,P0488
H080,P0489
H080,P0491
H080,P0492
H080,P0493
H080,P0496
H080,P0498
H080,P0499
H080,P0500
H080,P0503
H080,P0504
H080,P0505
H080,P0507
H080,P0508
H080,P0509
H080,P0510
H080,P0511
H080,P0514
H080,P0515
H080,P0516
H080,P0517
H080,P0518
H080,P0519
H080,P0520
H080,P0521
H080,P0523
H080,P0524
H080,P0525
H080,P0526
H080,P0527
H080,P0528
H080,P0529
H080,P0530
H080,P0532
H080,P0533
H080,P0534
H080,P0535
H080,P0538
H080,P0539
H080,P0540
H080,P0541
H080,P0542
H080,P0543
H080,P0545
H080,P0546
H080,P0547
H080,P0548
H080,P0549
H080,P0552
H080,P0553
H080,P0555
H080,P0556
H080,P0557
H080,P0558
H080,P0561
H080,P0563
H080,P0564
H080,P0566
H080,P0567
H080,P0568
H080,P0569
H080,P0570
H080,P0571
H080,P0573
H080,P0574
H080,P0576
H080,P0577
H080,P0579
H080,P0580
H080,P0581
H080,P0582
H080,P0584
H080,P0585
H080,P0588
H080,P0589
H080,P0591
H080,P0593
H080,P0595
H080,P0596
H080,P0597
H081,P0001
H081,P0002
H081,P0003
H081,P0006
H081,P0008
H081,P0009
H081,P0010
H081,P0011
H081,P0012
H081,P0014
H081,P0016
H081,P0017
H081,P0018
H081,P0020
H081,P0021
H081,P0022
H081,P0024
H081,P0025
H081,P0026
H081,P0027
H081,P0028
H081,P0029
H081,P0030
H081,P0031
H081,P0032
H081,P0034
H081,P0035
H081,P0037
H081,P0038
H081,P0039
H081,P0040
H081,P0041
H081,P0043
H081,P0045
H081,P0046
H081,P0047
H081,P0048
H081,P0049
H081,P0050
H081,P0051
H081,P0053
H081,P0055
H081,P0056
H081,P0057
H081,P0058
H081,P0061
H081,P0062
H081,P0063
H081,P0064
H081,P0067
H081,P0068
H081,P0069
H081,P0071
H081,P0072
H081,P0073
H081,P0074
H081,P0078
H081,P0079
H081,P0080
H081,P0082
H081,P0083
H081,P0084
H081,P0085
H081,P0086
H081,P0087
H081,P0088
H081,P0089
H081,P0090
H081,P0092
H081,P0093
H081,P0094
H081,P0095
H081,P0096
H081,P0097
H081,P0098
H081,P0099
H081,P0101
H081,P0103
H081,P0104
H081,P0105
H081,P0106
H081,P0107
H081,P0108
H081,P0109
H081,P0112
H081,P0113
H081,P0114
H081,P0115
H081,P0116
H081,P0117
H081,P0118
H081,P0119
H081,P0121
H081,P0123
H081,P0124
H081,P0125
H081,P0126
H081,P0128
H081,P0129
H081,P0130
H081,P0131
H081,P0132
H081,P0133
H081,P0134
H081,P0135
H081,P0136
H081,P0137
H081,P0138
H081,P0139
H081,P0140
H081,P0142
H081,P0143
H081,P0144
H081,P0145
H081,P0146
H081,P0147
H081,P0148
H081,P0149
H081,P0150
H081,P0151
H081,P0152
H081,P0154
H081,P0155
H081,P0156
H081,P0157
H081,P0158
H081,P0159
H081,P0160
H081,P0162
H081,P0164
H081,P0165
H081,P0166
H081,P0167
H081,P0170
H081,P0171
H081,P0172
H081,P0174
H081,P0175
H081,P0177
H081,P0178
H081,P0179
H081,P0180
H081,P0181
H081,P0182
H081,P0183
H081,P0185
H081,P0186
H081,P0187
H081,P0188
H081,P0190
H081,P0191
H081,P0192
H081,P0193
H081,P0194
H081,P0195
H081,P0196
H081,P0197
H081,P0199
H081,P0200
H081,P0201
H081,P0202
H081,P0203
H081,P0205
H081,P0206
H081,P0208
H081,P0209
H081,P0211
H081,P0213
H081,P0215
H081,P0218
H081,P0219
H081,P0221
H081,P0222
H081,P0223
H081,P0225
H081,P0227
H081,P0228
H081,P0229
H081,P0231
H081,P0232
H081,P0235
H081,P0237
H081,P0238
H081,P0241
H081,P0242
H081,P0245
H081,P0246
H081,P0247
H081,P0248
H081,P0249
H081,P0250
H081,P0251
H081,P0254
H081,P0255
H081,P0256
H081,P0257
H081,P0258
H081,P0259
H081,P0262
H081,P0263
H081,P0266
H081,P0268
H081,P0269
H081,P0272
H081,P0273
H081,P0275
H081,P0276
H081,P0277
H081,P0279
H081,P0280
H081,P0281
H081,P0282
H081,P0284
H081,P0287
H081,P0288
H081,P0289
H081,P0290
H081,P0291
H081,P0293
H081,P0294
H081,P0295
H081,P0296
H081,P0297
H081,P0299
H081,P0300
H081,P0302
H081,P0303
H081,P0304
H081,P0305
H081,P0306
H081,P0307
H081,P0308
H081,P0309
H081,P0310
H081,P0312
H081,P0313
H081,P0314
H081,P0315
H081,P0316
H081,P0317
H081,P0318
H081,P0319
H081,P0320
H081,P0321
H081,P0322
H081,P0323
H081,P0325
H081,P0326
H081,P0327
H081,P0328
H081,P0330
H081,P0331
H081,P0332
H081,P0333
H081,P0334
H081,P0335
H081,P0336
H081,P0337
H081,P0338
H081,P0339
H081,P0340
H081,P0342
H081,P0343
H081,P0344
H081,P0345
H081,P0346
H081,P0347
H081,P0348
H081,P0349
H081,P0350
H081,P0353
H081,P0355
H081,P0356
H081,P0358
H081,P0359
H081,P0360
H081,P0362
H081,P0363
H081,P0364
H081,P0366
H081,P0368
H081,P0369
H081,P0371
H081,P0372
H081,P0373
H081,P0374
H081,P0375
H081,P0377
H081,P0378
H081,P0380
H081,P0381
H081,P0383
H081,P0385
H081,P0386
H081,P0387
H081,P0388
H081,P0389
H081,P0390
H081,P0391
H081,P0393
H081,P0394
H081,P0396
H081,P0397
H081,P0398
H081,P0399
H081,P0401
H081,P0402
H081,P0404
H081,P0405
H081,P0406
H081,P0407
H081,P0408
H081,P0409
H081,P0410
H081,P0411
H081,P0412
H081,P0413
H081,P0414
H081,P0415
H081,P0416
H081,P0418
H081,P0419
H081,P0420
H081,P0421
H081,P0422
H081,P0424
H081,P0427
H081,P0428
H081,P0429
H081,P0430
H081,P0431
H081,P0433
H081,P0434
H081,P0435
H081,P0436
H081,P0437
H081,P0439
H081,P0441
H081,P0442
H081,P0443
H081,P0444
H081,P0445
H081,P0446
H081,P0447
H081,P0448
H081,P0449
H081,P0450
H081,P0451
H081,P0452
H081,P0453
H081,P0454
H081,P0455
H081,P0456
H081,P0457
H081,P0458
H081,P0459
H081,P0461
H081,P0462
H081,P0464
H081,P0465
H081,P0466
H081,P0467
H081,P0468
H081,P0470
H081,P0471
H081,P0472
H081,P0473
H081,P0474
H081,P0475
H081,P0476
H081,P0477
H081,P0478
H081,P0479
H081,P0480
H081,P0481
H081,P0482
H081,P0483
H081,P0484
H081,P0485
H081,P0487
H081,P0488
H081,P0489
H081,P0491
H081,P0492
H081,P0494
H081,P0495
H081,P0496
H081,P0497
H081,P0498
H081,P0499
H081,P0500
H081,P0501
H081,P0502
H081,P0504
H081,P0506
H081,P0507
H081,P0510
H081,P0512
H081,P0513
H081,P0514
H081,P0515
H081,P0517
H081,P0518
H081,P0519
H081,P0520
H081,P0521
H081,P0522
H081,P0523
H081,P0524
H081,P0526
H081,P0527
H081,P0528
H081,P0529
H081,P0530
H081,P0531
H081,P0532
H081,P0533
H081,P0535
H081,P0536
H081,P0537
H081,P0539
H081,P0540
H081,P0542
H081,P0543
H081,P0544
H081,P0545
H081,P0546
H081,P0547
H081,P0548
H081,P0549
H081,P0550
H081,P0551
H081,P0553
H081,P0554
H081,P0556
H081,P0557
H081,P0558
H081,P0559
H081,P0563
H081,P0564
H081,P0565
H081,P0566
H081,P0567
H081,P0568
H081,P0569
H081,P0570
H081,P0571
H081,P0572
H081,P0573
H081,P0574
H081,P0575
H081,P0576
H081,P0578
H081,P0579
H081,P0580
H081,P0581
H081,P0582
H081,P0583
H081,P0585
H081,P0587
H081,P0588
H081,P0589
H081,P0590
H081,P0591
H081,P0592
H081,P0593
H081,P0596
H081,P0598
H081,P0599
H081,P0600
H082,P0003
H082,P0006
H082,P0007
H082,P0008
H082,P0009
H082,P0012
H082,P0014
H082,P0017
H082,P0018
H082,P0022
H082,P0023
H082,P0033
H082,P0037
H082,P0038
H082,P0040
H082,P0045
H082,P0047
H082,P0049
H082,P0050
H082,P0052
H082,P0053
H082,P0058
H082,P0061
H082,P0062
H082,P0071
H082,P0076
H082,P0079
H082,P0083
H082,P0087
H082,P0092
H082,P0100
H082,P0101
H082,P0105
H082,P0107
H082,P0108
H082,P0111
H082,P0113
H082,P0114
H082,P0116
H082,P0117
H082,P0121
H082,P0123
H082,P0124
H082,P0125
H082,P0126
H082,P0128
H082,P0130
H082,P0132
H082,P0133
H082,P0136
H082,P0141
H082,P0142
H082,P0143
H082,P0144
H082,P0147
H082,P0148
H082,P0150
H082,P0151
H082,P0157
H082,P0158
H082,P0163
H082,P0167
H082,P0168
H082,P0175
H082,P0186
H082,P0188
H082,P0190
H082,P0193
H082,P0198
H082,P0202
H082,P0203
H082,P0207
H082,P0208
H082,P0210
H082,P0211
H082,P0212
H082,P0213
H082,P0214
H082,P0217
H082,P0220
H082,P0224
H082,P0229
H082,P0231
H082,P0236
H082,P0241
H082,P0242
H082,P0245
H082,P0247
H082,P0249
H082,P0253
H082,P0254
H082,P0255
H082,P0256
H082,P0261
H082,P0262
H082,P0273
H082,P0276
H082,P0278
H082,P0279
H082,P0280
H082,P0282
H082,P0284
H082,P0291
H082,P0295
H082,P0300
H082,P0301
H082,P0303
H082,P0306
H082,P0307
H082,P0309
H082,P0310
H082,P0311
H082,P0312
H082,P0317
H082,P0320
H082,P0321
H082,P0330
H082,P0331
H082,P0332
H082,P0335
H082,P0342
H082,P0345
H082,P0346
H082,P0349
H082,P0351
H082,P0356
H082,P0357
H082,P0358
H082,P0361
H082,P0366
H082,P0367
H082,P0369
H082,P0370
H082,P0374
H082,P0375
H082,P0377
H082,P0378
H082,P0380
H082,P0381
H082,P0382
H082,P0383
H082,P0394
H082,P0396
H082,P0397
H082,P0398
H082,P0402
H082,P0412
H082,P0422
H082,P0427
H082,P0435
H082,P0436
H082,P0438
H082,P0439
H082,P0442
H082,P0447
H082,P0454
H082,P0455
H082,P0461
H082,P0464
H082,P0471
H082,P0472
H082,P0479
H082,P0480
H082,P0485
H082,P0489
H082,P0498
H082,P0499
H082,P0500
H082,P0502
H082,P0505
H082,P0506
H082,P0512
H082,P0516
H082,P0517
H082,P0519
H082,P0520
H082,P0524
H082,P0526
H082,P0535
H082,P0541
H082,P0543
H082,P0547
H082,P0549
H082,P0550
H082,P0552
H082,P0555
H082,P0556
H082,P0557
H082,P0560
H082,P0563
H082,P0564
H082,P0565
H082,P0567
H082,P0570
H082,P0576
H082,P0578
H082,P0583
H082,P0587
H082,P0589
H082,P0591
H082,P0600
H083,P0001
H083,P0006
H083,P0007
H083,P0010
H083,P0011
H083,P0013
H083,P0015
H083,P0016
H083,P0017
H083,P0018
H083,P0019
H083,P0020
H083,P0021
H083,P0022
H083,P0023
H083,P0024
H083,P0025
H083,P0027
H083,P0028
H083,P0029
H083,P0030
H083,P0033
H083,P0035
H083,P0037
H083,P0038
H083,P0039
H083,P0042
H083,P0045
H083,P0046
H083,P0047
H083,P0048
H083,P0049
H083,P0051
H083,P0053
H083,P0054
H083,P0055
H083,P0056
H083,P0057
H083,P0058
H083,P0060
H083,P0061
H083,P0062
H083,P0063
H083,P0064
H083,P0066
H083,P0068
H083,P0069
H083,P0070
H083,P0071
H083,P0072
H083,P0074
H083,P0075
H083,P0076
H083,P0078
H083,P0079
H083,P0082
H083,P0084
H083,P0086
H083,P0088
H083,P0089
H083,P0090
H083,P0092
H083,P0094
H083,P0095
H083,P0096
H083,P0097
H083,P0098
H083,P0100
H083,P0101
H083,P0102
H083,P0103
H083,P0104
H083,P0105
H083,P0108
H083,P0109
H083,P0110
H083,P0111
H083,P0112
H083,P0113
H083,P0114
H083,P0115
H083,P0116
H083,P0117
H083,P0118
H083,P0120
H083,P0121
H083,P0122
H083,P0123
H083,P0125
H083,P0126
H083,P0128
H083,P0129
H083,P0130
H083,P0131
H083,P0132
H083,P0133
H083,P0135
H083,P0136
H083,P0137
H083,P0138
H083,P0140
H083,P0141
H083,P0143
H083,P0144
H083,P0145
H083,P0146
H083,P0147
H083,P0148
H083,P0149
H083,P0150
H083,P0151
H083,P0152
H083,P0154
H083,P0155
H083,P0156
H083,P0157
H083,P0161
H083,P0163
H083,P0164
H083,P0165
H083,P0166
H083,P0169
H083,P0170
H083,P0171
H083,P0172
H083,P0173
H083,P0174
H083,P0175
H083,P0176
H083,P0178
H083,P0179
H083,P0180
H083,P0181
H083,P0182
H083,P0183
H083,P0187
H083,P0188
H083,P0190
H083,P0191
H083,P0193
H083,P0195
H083,P0196
H083,P0197
H083,P0198
H083,P0199
H083,P0200
H083,P0201
H083,P0203
H083,P0204
H083,P0205
H083,P0206
H083,P0207
H083,P0208
H083,P0209
H083,P0211
H083,P0212
H083,P0213
H083,P0214
H083,P0215
H083,P0217
H083,P0218
H083,P0222
H083,P0223
H083,P0225
H083,P0226
H083,P0227
H083,P0228
H083,P0229
H083,P0230
H083,P0231
H083,P0232
H083,P0234
H083,P0235
H083,P0236
H083,P0237
H083,P0238
H083,P0242
H083,P0243
H083,P0244
H083,P0245
H083,P0246
H083,P0247
H083,P0250
H083,P0251
H083,P0252
H083,P0253
H083,P0254
H083,P0256
H083,P0257
H083,P0258
H083,P0259
H083,P0262
H083,P0263
H083,P0264
H083,P0265
H083,P0266
H083,P0268
H083,P0270
H083,P0271
H083,P0272
H083,P0273
H083,P0274
H083,P0276
H083,P0277
H083,P0278
H083,P0279
H083,P0280
H083,P0282
H083,P0283
H083,P0284
H083,P0285
H083,P0286
H083,P0287
H083,P0289
H083,P0290
H083,P0291
H083,P0292
H083,P0293
H083,P0295
H083,P0296
H083,P0298
H083,P0299
H083,P0300
H083,P0302
H083,P0303
H083,P0304
H083,P0305
H083,P0306
H083,P0307
H083,P0308
H083,P0309
H083,P0310
H083,P0311
H083,P0312
H083,P0313
H083,P0314
H083,P0315
H083,P0316
H083,P0317
H083,P0318
H083,P0319
H083,P0320
H083,P0323
H083,P0324
H083,P0325
H083,P0326
H083,P0327
H083,P0328
H083,P0329
H083,P0330
H083,P0331
H083,P0332
H083,P0333
H083,P0334
H083,P0335
H083,P0336
H083,P0337
H083,P0338
H083,P0341
H083,P0342
H083,P0344
H083,P0345
H083,P0346
H083,P0347
H083,P0348
H083,P0350
H083,P0352
H083,P0353
H083,P0354
H083,P0355
H083,P0356
H083,P0357
H083,P0358
H083,P0359
H083,P0360
H083,P0361
H083,P0362
H083,P0363
H083,P0364
H083,P0366
H083,P0367
H083,P0368
H083,P0369
H083,P0370
H083,P0371
H083,P0372
H083,P0373
H083,P0374
H083,P0375
H083,P0377
H083,P0379
H083,P0380
H083,P0381
H083,P0382
H083,P0383
H083,P0384
H083,P0385
H083,P0386
H083,P0388
H083,P0389
H083,P0390
H083,P0391
H083,P0392
H083,P0393
H083,P0394
H083,P0395
H083,P0397
H083,P0398
H083,P0399
H083,P0401
H083,P0403
H083,P0405
H083,P0406
H083,P0407
H083,P0408
H083,P0409
H083,P0410
H083,P0411
H083,P0412
H083,P0413
H083,P0414
H083,P0415
H083,P0416
H083,P0417
H083,P0418
H083,P0420
H083,P0421
H083,P0422
H083,P0424
H083,P0425
H083,P0426
H083,P0428
H083,P0430
H083,P0431
H083,P0433
H083,P0435
H083,P0437
H083,P0439
H083,P0440
H083,P0441
H083,P0442
H083,P0443
H083,P0444
H083,P0445
H083,P0446
H083,P0447
H083,P0449
H083,P0450
H083,P0451
H083,P0452
H083,P0454
H083,P0456
H083,P0457
H083,P0458
H083,P0459
H083,P0461
H083,P0462
H083,P0463
H083,P0464
H083,P0465
H083,P0466
H083,P0467
H083,P0468
H083,P0469
H083,P0470
H083,P0471
H083,P0472
H083,P0475
H083,P0477
H083,P0479
H083,P0480
H083,P0482
H083,P0485
H083,P0486
H083,P0487
H083,P0489
H083,P0491
H083,P0492
H083,P0493
H083,P0496
H083,P0497
H083,P0498
H083,P0500
H083,P0506
H083,P0507
H083,P0508
H083,P0509
H083,P0511
H083,P0514
H083,P0515
H083,P0516
H083,P0517
H083,P0518
H083,P0519
H083,P0520
H083,P0522
H083,P0523
H083,P0524
H083,P0526
H083,P0527
H083,P0531
H083,P0532
H083,P0533
H083,P0534
H083,P0535
H083,P0536
H083,P0537
H083,P0538
H083,P0539
H083,P0540
H083,P0543
H083,P0545
H083,P0547
H083,P0548
H083,P0549
H083,P0550
H083,P0552
H083,P0555
H083,P0556
H083,P0557
H083,P0561
H083,P0562
H083,P0563
H083,P0565
H083,P0566
H083,P0568
H083,P0570
H083,P0571
H083,P0572
H083,P0573
H083,P0574
H083,P0575
H083,P0576
H083,P0577
H083,P0578
H083,P0579
H083,P0580
H083,P0583
H083,P0584
H083,P0585
H083,P0586
H083,P0589
H083,P0590
H083,P0591
H083,P0592
H083,P0593
H083,P0594
H083,P0595
H083,P0596
H083,P0597
H083,P0598
H083,P0599
H083,P0600
H084,P0001
H084,P0003
H084,P0004
H084,P0005
H084,P0006
H084,P0010
H084,P0011
H084,P0012
H084,P0014
H084,P0016
H084,P0019
H084,P0020
H084,P0021
H084,P0022
H084,P0023
H084,P0025
H084,P0027
H084,P0029
H084,P0030
H084,P0031
H084,P0032
H084,P0034
H084,P0035
H084,P0036
H084,P0037
H084,P0038
H084,P0039
H084,P0040
H084,P0041
H084,P0043
H084,P0045
H084,P0046
H084,P0047
H084,P0048
H084,P0049
H084,P0052
H084,P0053
H084,P0054
H084,P0055
H084,P0056
H084,P0058
H084,P0059
H084,P0061
H084,P0062
H084,P0064
H084,P0065
H084,P0067
H084,P0068
H084,P0069
H084,P0071
H084,P0072
H084,P0073
H084,P0074
H084,P0075
H084,P0077
H084,P0078
H084,P0079
H084,P0080
H084,P0082
H084,P0083
H084,P0084
H084,P0085
H084,P0086
H084,P0088
H084,P0090
H084,P0091
H084,P0092
H084,P0093
H084,P0095
H084,P0096
H084,P0097
H084,P0098
H084,P0100
H084,P0101
H084,P0103
H084,P0105
H084,P0106
H084,P0107
H084,P0109
H084,P0113
H084,P0114
H084,P0115
H084,P0116
H084,P0117
H084,P0118
H084,P0119
H084,P0120
H084,P0121
H084,P0122
H084,P0124
H084,P0125
H084,P0126
H084,P0127
H084,P0128
H084,P0129
H084,P0130
H084,P0132
H084,P0133
H084,P0134
H084,P0136
H084,P0137
H084,P0138
H084,P0140
H084,P0142
H084,P0143
H084,P0144
H084,P0146
H084,P0147
H084,P0148
H084,P0149
H084,P0151
H084,P0152
H084,P0153
H084,P0154
H084,P0155
H084,P0156
H084,P0157
H084,P0158
H084,P0159
H084,P0160
H084,P0162
H084,P0164
H084,P0165
H084,P0166
H084,P0167
H084,P0168
H084,P0169
H084,P0170
H084,P0171
H084,P0172
H084,P0173
H084,P0174
H084,P0175
H084,P0176
H084,P0178
H084,P0181
H084,P0182
H084,P0184
H084,P0186
H084,P0188
H084,P0189
H084,P0190
H084,P0192
H084,P0194
H084,P0195
H084,P0196
H084,P0197
H084,P0199
H084,P0200
H084,P0201
H084,P0202
H084,P0203
H084,P0206
H084,P0208
H084,P0210
H084,P0211
H084,P0212
H084,P0213
H084,P0215
H084,P0217
H084,P0218
H084,P0219
H084,P0221
H084,P0222
H084,P0223
H084,P0224
H084,P0225
H084,P0226
H084,P0228
H084,P0229
H084,P0230
H084,P0231
H084,P0232
H084,P0233
H084,P0235
H084,P0236
H084,P0237
H084,P0239
H084,P0241
H084,P0242
H084,P0243
H084,P0244
H084,P0245
H084,P0247
H084,P0248
H084,P0249
H084,P0250
H084,P0251
H084,P0252
H084,P0255
H084,P0256
H084,P0257
H084,P0259
H084,P0261
H084,P0262
H084,P0263
H084,P0264
H084,P0265
H084,P0266
H084,P0267
H084,P0268
H084,P0269
H084,P0270
H084,P0271
H084,P0272
H084,P0273
H084,P0274
H084,P0276
H084,P0277
H084,P0278
H084,P0279
H084,P0280
H084,P0281
H084,P0282
H084,P0283
H084,P0286
H084,P0287
H084,P0288
H084,P0290
H084,P0291
H084,P0292
H084,P0293
H084,P0294
H084,P0295
H084,P0296
H084,P0297
H084,P0298
H084,P0299
H084,P0300
H084,P0301
H084,P0302
H084,P0304
H084,P0305
H084,P0306
H084,P0307
H084,P0308
H084,P0310
H084,P0314
H084,P0315
H084,P0316
H084,P0317
H084,P0318
H084,P0319
H084,P0320
H084,P0321
H084,P0322
H084,P0323
H084,P0324
H084,P0325
H084,P0326
H084,P0328
H084,P0329
H084,P0330
H084,P0332
H084,P0334
H084,P0335
H084,P0336
H084,P0337
H084,P0338
H084,P0339
H084,P0340
H084,P0341
H084,P0342
H084,P0343
H084,P0344
H084,P0345
H084,P0346
H084,P0347
H084,P0348
H084,P0350
H084,P0352
H084,P0354
H084,P0358
H084,P0361
H084,P0363
H084,P0364
H084,P0365
H084,P0366
H084,P0368
H084,P0369
H084,P0372
H084,P0375
H084,P0376
H084,P0377
H084,P0378
H084,P0379
H084,P0380
H084,P0381
H084,P0382
H084,P0384
H084,P0385
H084,P0388
H084,P0390
H084,P0391
H084,P0392
H084,P0393
H084,P0395
H084,P0396
H084,P0398
H084,P0399
H084,P0401
H084,P0404
H084,P0405
H084,P0406
H084,P0407
H084,P0408
H084,P0410
H084,P0412
H084,P0414
H084,P0417
H084,P0418
H084,P0419
H084,P0420
H084,P0422
H084,P0423
H084,P0424
H084,P0425
H084,P0426
H084,P0427
H084,P0428
H084,P0429
H084,P0430
H084,P0433
H084,P0434
H084,P0435
H084,P0436
H084,P0437
H084,P0439
H084,P0441
H084,P0442
H084,P0443
H084,P0444
H084,P0446
H084,P0447
H084,P0450
H084,P0451
H084,P0452
H084,P0453
H084,P0454
H084,P0455
H084,P0456
H084,P0457
H084,P0458
H084,P0459
H084,P0460
H084,P0461
H084,P0462
H084,P0464
H084,P0465
H084,P0466
H084,P0467
H084,P0469
H084,P0470
H084,P0471
H084,P0473
H084,P0474
H084,P0475
H084,P0477
H084,P0478
H084,P0480
H084,P0481
H084,P0482
H084,P0483
H084,P0484
H084,P0485
H084,P0486
H084,P0489
H084,P0490
H084,P0491
H084,P0493
H084,P0494
H084,P0495
H084,P0496
H084,P0497
H084,P0498
H084,P0499
H084,P0500
H084,P0501
H084,P0502
H084,P0504
H084,P0505
H084,P0506
H084,P0508
H084,P0509
H084,P0511
H084,P0514
H084,P0515
H084,P0516
H084,P0518
H084,P0519
H084,P0520
H084,P0521
H084,P0522
H084,P0523
H084,P0524
H084,P0525
H084,P0526
H084,P0530
H084,P0532
H084,P0533
H084,P0535
H084,P0536
H084,P0537
H084,P0538
H084,P0539
H084,P0540
H084,P0541
H084,P0542
H084,P0543
H084,P0545
H084,P0546
H084,P0547
H084,P0548
H084,P0549
H084,P0550
H084,P0551
H084,P0553
H084,P0554
H084,P0557
H084,P0558
H084,P0560
H084,P0561
H084,P0563
H084,P0564
H084,P0565
H084,P0566
H084,P0567
H084,P0568
H084,P0569
H084,P0570
H084,P0573
H084,P0574
H084,P0575
H084,P0576
H084,P0578
H084,P0579
H084,P0585
H084,P0586
H084,P0587
H084,P0588
H084,P0590
H084,P0591
H084,P0592
H084,P0593
H084,P0594
H084,P0597
H084,P0598
H084,P0599
H084,P0600
H085,P0001
H085,P0002
H085,P0004
H085,P0005
H085,P0008
H085,P0009
H085,P0011
H085,P0012
H085,P0013
H085,P0014
H085,P0015
H085,P0016
H085,P0017
H085,P0018
H085,P0019
H085,P0020
H085,P0022
H085,P0023
H085,P0024
H085,P0026
H085,P0028
H085,P0029
H085,P0030
H085,P0032
H085,P0033
H085,P0034
H085,P0035
H085,P0038
H085,P0040
H085,P0042
H085,P0043
H085,P0044
H085,P0045
H085,P0047
H085,P0048
H085,P0049
H085,P0050
H085,P0051
H085,P0052
H085,P0053
H085,P0055
H085,P0057
H085,P0058
H085,P0059
H085,P0060
H085,P0063
H085,P0064
H085,P0065
H085,P0066
H085,P0067
H085,P0068
H085,P0069
H085,P0071
H085,P0072
H085,P0073
H085,P0075
H085,P0076
H085,P0077
H085,P0080
H085,P0081
H085,P0082
H085,P0083
H085,P0085
H085,P0086
H085,P0089
H085,P0091
H085,P0092
H085,P0093
H085,P0094
H085,P0095
H085,P0099
H085,P0100
H085,P0102
H085,P0103
H085,P0104
H085,P0105
H085,P0106
H085,P0107
H085,P0108
H085,P0109
H085,P0110
H085,P0111
H085,P0112
H085,P0113
H085,P0114
H085,P0115
H085,P0116
H085,P0117
H085,P0118
H085,P0121
H085,P0122
H085,P0123
H085,P0124
H085,P0125
H085,P0126
H085,P0127
H085,P0128
H085,P0129
H085,P0130
H085,P0131
H085,P0132
H085,P0133
H085,P0134
H085,P0135
H085,P0136
H085,P0137
H085,P0139
H085,P0140
H085,P0141
H085,P0142
H085,P0143
H085,P0144
H085,P0145
H085,P0146
H085,P0147
H085,P0148
H085,P0149
H085,P0150
H085,P0151
H085,P0152
H085,P0153
H085,P0154
H085,P0156
H085,P0157
H085,P0158
H085,P0160
H085,P0162
H085,P0163
H085,P0164
H085,P0165
H085,P0166
H085,P0167
H085,P0169
H085,P0170
H085,P0172
H085,P0173
H085,P0174
H085,P0175
H085,P0176
H085,P0178
H085,P0179
H085,P0180
H085,P0181
H085,P0182
H085,P0183
H085,P0185
H085,P0188
H085,P0189
H085,P0190
H085,P0191
H085,P0192
H085,P0193
H085,P0194
H085,P0195
H085,P0198
H085,P0199
H085,P0200
H085,P0201
H085,P0203
H085,P0204
H085,P0205
H085,P0207
H085,P0208
H085,P0209
H085,P0210
H085,P0211
H085,P0212
H085,P0213
H085,P0214
H085,P0215
H085,P0219
H085,P0220
H085,P0222
H085,P0224
H085,P0225
H085,P0226
H085,P0227
H085,P0228
H085,P0229
H085,P0230
H085,P0231
H085,P0233
H085,P0236
H085,P0239
H085,P0241
H085,P0242
H085,P0243
H085,P0244
H085,P0246
H085,P0247
H085,P0249
H085,P0250
H085,P0251
H085,P0252
H085,P0253
H085,P0254
H085,P0255
H085,P0256
H085,P0257
H085,P0259
H085,P0261
H085,P0262
H085,P0263
H085,P0264
H085,P0265
H085,P0266
H085,P0267
H085,P0268
H085,P0269
H085,P0271
H085,P0272
H085,P0273
H085,P0276
H085,P0277
H085,P0278
H085,P0280
H085,P0282
H085,P0283
H085,P0284
H085,P0285
H085,P0287
H085,P0288
H085,P0289
H085,P0290
H085,P0292
H085,P0295
H085,P0296
H085,P0297
H085,P0298
H085,P0299
H085,P0300
H085,P0301
H085,P0302
H085,P0303
H085,P0304
H085,P0305
H085,P0307
H085,P0308
H085,P0309
H085,P0310
H085,P0312
H085,P0313
H085,P0314
H085,P0316
H085,P0317
H085,P0321
H085,P0323
H085,P0324
H085,P0325
H085,P0326
H085,P0327
H085,P0328
H085,P0329
H085,P0330
H085,P0331
H085,P0333
H085,P0336
H085,P0337
H085,P0338
H085,P0340
H085,P0342
H085,P0343
H085,P0345
H085,P0346
H085,P0347
H085,P0348
H085,P0349
H085,P0352
H085,P0353
H085,P0354
H085,P0355
H085,P0356
H085,P0357
H085,P0358
H085,P0359
H085,P0360
H085,P0361
H085,P0362
H085,P0363
H085,P0366
H085,P0367
H085,P0368
H085,P0369
H085,P0370
H085,P0371
H085,P0372
H085,P0374
H085,P0375
H085,P0376
H085,P0377
H085,P0378
H085,P0380
H085,P0381
H085,P0384
H085,P0387
H085,P0388
H085,P0389
H085,P0390
H085,P0391
H085,P0392
H085,P0393
H085,P0396
H085,P0397
H085,P0398
H085,P0400
H085,P0401
H085,P0402
H085,P0403
H085,P0404
H085,P0405
H085,P0406
H085,P0407
H085,P0408
H085,P0409
H085,P0410
H085,P0411
H085,P0413
H085,P0414
H085,P0416
H085,P0417
H085,P0418
H085,P0419
H085,P0420
H085,P0421
H085,P0422
H085,P0423
H085,P0424
H085,P0425
H085,P0427
H085,P0430
H085,P0432
H085,P0433
H085,P0434
H085,P0435
H085,P0438
H085,P0441
H085,P0442
H085,P0443
H085,P0445
H085,P0446
H085,P0447
H085,P0448
H085,P0449
H085,P0450
H085,P0451
H085,P0452
H085,P0453
H085,P0454
H085,P0455
H085,P0456
H085,P0457
H085,P0458
H085,P0460
H085,P0461
H085,P0462
H085,P0464
H085,P0465
H085,P0466
H085,P0468
H085,P0469
H085,P0470
H085,P0471
H085,P0472
H085,P0473
H085,P0474
H085,P0475
H085,P0476
H085,P0477
H085,P0478
H085,P0480
H085,P0481
H085,P0482
H085,P0483
H085,P0484
H085,P0485
H085,P0487
H085,P0488
H085,P0489
H085,P0490
H085,P0492
H085,P0495
H085,P0497
H085,P0498
H085,P0499
H085,P0500
H085,P0501
H085,P0502
H085,P0505
H085,P0506
H085,P0507
H085,P0509
H085,P0510
H085,P0511
H085,P0512
H085,P0514
H085,P0515
H085,P0516
H085,P0517
H085,P0518
H085,P0519
H085,P0520
H085,P0521
H085,P0522
H085,P0523
H085,P0524
H085,P0525
H085,P0527
H085,P0528
H085,P0529
H085,P0530
H085,P0531
H085,P0532
H085,P0533
H085,P0534
H085,P0535
H085,P0537
H085,P0538
H085,P0540
H085,P0541
H085,P0544
H085,P0545
H085,P0547
H085,P0548
H085,P0549
H085,P0552
H085,P0553
H085,P0556
H085,P0557
H085,P0559
H085,P0560
H085,P0561
H085,P0562
H085,P0563
H085,P0564
H085,P0565
H085,P0566
H085,P0567
H085,P0569
H085,P0570
H085,P0571
H085,P0572
H085,P0573
H085,P0574
H085,P0575
H085,P0578
H085,P0579
H085,P0581
H085,P0582
H085,P0584
H085,P0585
H085,P0586
H085,P0587
H085,P0588
H085,P0589
H085,P0590
H085,P0592
H085,P0593
H085,P0595
H085,P0596
H085,P0599
H085,P0600
H086,P0001
H086,P0002
H086,P0003
H086,P0004
H086,P0005
H086,P0006
H086,P0008
H086,P0011
H086,P0012
H086,P0013
H086,P0015
H086,P0017
H086,P0018
H086,P0019
H086,P0021
H086,P0022
H086,P0023
H086,P0024
H086,P0025
H086,P0026
H086,P0027
H086,P0028
H086,P0029
H086,P0033
H086,P0034
H086,P0035
H086,P0037
H086,P0039
H086,P0040
H086,P0041
H086,P0042
H086,P0043
H086,P0045
H086,P0046
H086,P0047
H086,P0048
H086,P0051
H086,P0052
H086,P0053
H086,P0054
H086,P0055
H086,P0057
H086,P0058
H086,P0059
H086,P0061
H086,P0062
H086,P0064
H086,P0065
H086,P0066
H086,P0069
H086,P0070
H086,P0072
H086,P0073
H086,P0074
H086,P0075
H086,P0076
H086,P0077
H086,P0079
H086,P0081
H086,P0083
H086,P0084
H086,P0085
H086,P0086
H086,P0089
H086,P0090
H086,P0091
H086,P0092
H086,P0093
H086,P0095
H086,P0096
H086,P0097
H086,P0098
H086,P0100
H086,P0102
H086,P0103
H086,P0104
H086,P0105
H086,P0107
H086,P0108
H086,P0109
H086,P0111
H086,P0112
H086,P0114
H086,P0115
H086,P0116
H086,P0117
H086,P0119
H086,P0120
H086,P0122
H086,P0124
H086,P0125
H086,P0126
H086,P0128
H086,P0130
H086,P0131
H086,P0132
H086,P0133
H086,P0135
H086,P0136
H086,P0137
H086,P0138
H086,P0139
H086,P0140
H086,P0141
H086,P0142
H086,P0143
H086,P0144
H086,P0146
H086,P0147
H086,P0150
H086,P0152
H086,P0155
H086,P0156
H086,P0157
H086,P0161
H086,P0163
H086,P0165
H086,P0166
H086,P0167
H086,P0168
H086,P0170
H086,P0171
H086,P0173
H086,P0176
H086,P0177
H086,P0178
H086,P0179
H086,P0181
H086,P0182
H086,P0183
H086,P0185
H086,P0188
H086,P0189
H086,P0190
H086,P0191
H086,P0192
H086,P0193
H086,P0194
H086,P0195
H086,P0196
H086,P0199
H086,P0200
H086,P0201
H086,P0202
H086,P0204
H086,P0205
H086,P0206
H086,P0208
H086,P0210
H086,P0211
H086,P0213
H086,P0216
H086,P0217
H086,P0219
H086,P0220
H086,P0221
H086,P0222
H086,P0223
H086,P0224
H086,P0225
H086,P0226
H086,P0229
H086,P0230
H086,P0232
H086,P0233
H086,P0234
H086,P0235
H086,P0237
H086,P0239
H086,P0240
H086,P0242
H086,P0244
H086,P0247
H086,P0250
H086,P0251
H086,P0252
H086,P0253
H086,P0254
H086,P0257
H086,P0259
H086,P0260
H086,P0262
H086,P0264
H086,P0266
H086,P0269
H086,P0270
H086,P0273
H086,P0274
H086,P0275
H086,P0276
H086,P0277
H086,P0278
H086,P0279
H086,P0280
H086,P0282
H086,P0283
H086,P0284
H086,P0285
H086,P0287
H086,P0288
H086,P0289
H086,P0290
H086,P0291
H086,P0292
H086,P0293
H086,P0294
H086,P0296
H086,P0297
H086,P0298
H086,P0299
H086,P0300
H086,P0301
H086,P0302
H086,P0303
H086,P0305
H086,P0306
H086,P0307
H086,P0308
H086,P0309
H086,P0310
H086,P0311
H086,P0312
H086,P0313
H086,P0317
H086,P0318
H086,P0319
H086,P0320
H086,P0321
H086,P0323
H086,P0324
H086,P0325
H086,P0326
H086,P0330
H086,P0333
H086,P0334
H086,P0335
H086,P0336
H086,P0337
H086,P0338
H086,P0339
H086,P0340
H086,P0342
H086,P0345
H086,P0346
H086,P0347
H086,P0348
H086,P0349
H086,P0350
H086,P0351
H086,P0352
H086,P0353
H086,P0354
H086,P0355
H086,P0359
H086,P0360
H086,P0361
H086,P0362
H086,P0363
H086,P0364
H086,P0366
H086,P0367
H086,P0368
H086,P0369
H086,P0370
H086,P0371
H086,P0372
H086,P0374
H086,P0375
H086,P0377
H086,P0378
H086,P0379
H086,P0380
H086,P0381
H086,P0382
H086,P0383
H086,P0385
H086,P0387
H086,P0388
H086,P0390
H086,P0391
H086,P0392
H086,P0394
H086,P0395
H086,P0396
H086,P0397
H086,P0398
H086,P0399
H086,P0404
H086,P0405
H086,P0406
H086,P0407
H086,P0408
H086,P0409
H086,P0410
H086,P0411
H086,P0415
H086,P0416
H086,P0417
H086,P0418
H086,P0419
H086,P0421
H086,P0422
H086,P0423
H086,P0424
H086,P0425
H086,P0426
H086,P0427
H086,P0428
H086,P0429
H086,P0430
H086,P0431
H086,P0432
H086,P0433
H086,P0434
H086,P0435
H086,P0437
H086,P0439
H086,P0442
H086,P0444
H086,P0446
H086,P0447
H086,P0448
H086,P0449
H086,P0450
H086,P0451
H086,P0452
H086,P0453
H086,P0454
H086,P0455
H086,P0456
H086,P0457
H086,P0459
H086,P0461
H086,P0462
H086,P0463
H086,P0464
H086,P0465
H086,P0466
H086,P0467
H086,P0469
H086,P0470
H086,P0471
H086,P0472
H086,P0474
H086,P0475
H086,P0476
H086,P0477
H086,P0478
H086,P0479
H086,P0480
H086,P0481
H086,P0482
H086,P0483
H086,P0484
H086,P0486
H086,P0487
H086,P0489
H086,P0491
H086,P0492
H086,P0494
H086,P0495
H086,P0496
H086,P0497
H086,P0498
H086,P0500
H086,P0501
H086,P0502
H086,P0503
H086,P0504
H086,P0505
H086,P0506
H086,P0507
H086,P0508
H086,P0509
H086,P0510
H086,P0511
H086,P0512
H086,P0514
H086,P0515
H086,P0516
H086,P0517
H086,P0518
H086,P0519
H086,P0521
H086,P0522
H086,P0523
H086,P0525
H086,P0527
H086,P0529
H086,P0530
H086,P0533
H086,P0535
H086,P0536
H086,P0537
H086,P0538
H086,P0544
H086,P0546
H086,P0547
H086,P0549
H086,P0550
H086,P0551
H086,P0552
H086,P0553
H086,P0555
H086,P0556
H086,P0557
H086,P0558
H086,P0559
H086,P0560
H086,P0561
H086,P0562
H086,P0563
H086,P0564
H086,P0565
H086,P0566
H086,P0567
H086,P0568
H086,P0570
H086,P0571
H086,P0573
H086,P0574
H086,P0575
H086,P0576
H086,P0577
H086,P0578
H086,P0579
H086,P0580
H086,P0582
H086,P0583
H086,P0584
H086,P0585
H086,P0586
H086,P0587
H086,P0589
H086,P0590
H086,P0591
H086,P0592
H086,P0595
H086,P0597
H086,P0598
H086,P0599
H086,P0600
H087,P0002
H087,P0004
H087,P0006
H087,P0010
H087,P0012
H087,P0013
H087,P0014
H087,P0016
H087,P0017
H087,P0018
H087,P0022
H087,P0025
H087,P0026
H087,P0027
H087,P0029
H087,P0032
H087,P0034
H087,P0035
H087,P0036
H087,P0039
H087,P0042
H087,P0043
H087,P0045
H087,P0046
H087,P0047
H087,P0048
H087,P0049
H087,P0050
H087,P0057
H087,P0061
H087,P0062
H087,P0063
H087,P0064
H087,P0065
H087,P0068
H087,P0071
H087,P0072
H087,P0075
H087,P0076
H087,P0079
H087,P0080
H087,P0083
H087,P0084
H087,P0085
H087,P0086
H087,P0088
H087,P0089
H087,P0090
H087,P0093
H087,P0094
H087,P0095
H087,P0097
H087,P0098
H087,P0100
H087,P0101
H087,P0104
H087,P0105
H087,P0106
H087,P0111
H087,P0113
H087,P0114
H087,P0115
H087,P0116
H087,P0117
H087,P0119
H087,P0121
H087,P0124
H087,P0125
H087,P0126
H087,P0128
H087,P0129
H087,P0130
H087,P0131
H087,P0132
H087,P0133
H087,P0134
H087,P0135
H087,P0136
H087,P0140
H087,P0141
H087,P0142
H087,P0143
H087,P0145
H087,P0146
H087,P0147
H087,P0148
H087,P0149
H087,P0150
H087,P0157
H087,P0158
H087,P0160
H087,P0163
H087,P0165
H087,P0166
H087,P0167
H087,P0169
H087,P0171
H087,P0173
H087,P0174
H087,P0176
H087,P0178
H087,P0180
H087,P0181
H087,P0183
H087,P0185
H087,P0191
H087,P0192
H087,P0193
H087,P0195
H087,P0196
H087,P0199
H087,P0201
H087,P0206
H087,P0213
H087,P0214
H087,P0215
H087,P0216
H087,P0218
H087,P0219
H087,P0225
H087,P0226
H087,P0229
H087,P0231
H087,P0232
H087,P0235
H087,P0237
H087,P0238
H087,P0240
H087,P0242
H087,P0243
H087,P0244
H087,P0245
H087,P0246
H087,P0249
H087,P0250
H087,P0251
H087,P0254
H087,P0256
H087,P0257
H087,P0258
H087,P0259
H087,P0261
H087,P0262
H087,P0264
H087,P0265
H087,P0266
H087,P0267
H087,P0269
H087,P0270
H087,P0271
H087,P0273
H087,P0274
H087,P0278
H087,P0280
H087,P0281
H087,P0282
H087,P0283
H087,P0284
H087,P0285
H087,P0288
H087,P0290
H087,P0291
H087,P0293
H087,P0295
H087,P0299
H087,P0300
H087,P0301
H087,P0302
H087,P0305
H087,P0307
H087,P0309
H087,P0310
H087,P0312
H087,P0313
H087,P0314
H087,P0315
H087,P0316
H087,P0317
H087,P0318
H087,P0319
H087,P0321
H087,P0323
H087,P0324
H087,P0325
H087,P0330
H087,P0331
H087,P0332
H087,P0334
H087,P0335
H087,P0336
H087,P0339
H087,P0340
H087,P0342
H087,P0345
H087,P0346
H087,P0347
H087,P0348
H087,P0349
H087,P0351
H087,P0353
H087,P0355
H087,P0356
H087,P0358
H087,P0359
H087,P0360
H087,P0362
H087,P0363
H087,P0367
H087,P0368
H087,P0369
H087,P0370
H087,P0371
H087,P0372
H087,P0373
H087,P0374
H087,P0375
H087,P0376
H087,P0377
H087,P0378
H087,P0380
H087,P0381
H087,P0385
H087,P0387
H087,P0390
H087,P0391
H087,P0396
H087,P0398
H087,P0400
H087,P0402
H087,P0404
H087,P0406
H087,P0407
H087,P0408
H087,P0411
H087,P0415
H087,P0416
H087,P0417
H087,P0420
H087,P0423
H087,P0424
H087,P0425
H087,P0426
H087,P0427
H087,P0429
H087,P0433
H087,P0435
H087,P0439
H087,P0441
H087,P0444
H087,P0445
H087,P0446
H087,P0447
H087,P0449
H087,P0450
H087,P0451
H087,P0458
H087,P0464
H087,P0465
H087,P0466
H087,P0468
H087,P0470
H087,P0471
H087,P0472
H087,P0473
H087,P0475
H087,P0476
H087,P0477
H087,P0478
H087,P0479
H087,P0480
H087,P0481
H087,P0482
H087,P0483
H087,P0485
H087,P0488
H087,P0490
H087,P0491
H087,P0492
H087,P0494
H087,P0496
H087,P0497
H087,P0499
H087,P0502
H087,P0503
H087,P0504
H087,P0509
H087,P0510
H087,P0511
H087,P0514
H087,P0515
H087,P0516
H087,P0517
H087,P0518
H087,P0519
H087,P0520
H087,P0522
H087,P0523
H087,P0524
H087,P0527
H087,P0529
H087,P0533
H087,P0534
H087,P0535
H087,P0537
H087,P0538
H087,P0540
H087,P0542
H087,P0543
H087,P0544
H087,P0545
H087,P0547
H087,P0549
H087,P0550
H087,P0553
H087,P0556
H087,P0558
H087,P0559
H087,P0560
H087,P0563
H087,P0565
H087,P0567
H087,P0568
H087,P0569
H087,P0570
H087,P0571
H087,P0573
H087,P0575
H087,P0576
H087,P0578
H087,P0579
H087,P0581
H087,P0583
H087,P0584
H087,P0585
H087,P0587
H087,P0588
H087,P0589
H087,P0590
H087,P0591
H087,P0593
H087,P0594
H087,P0595
H087,P0596
H087,P0599
H088,P0001
H088,P0002
H088,P0003
H088,P0004
H088,P0005
H088,P0006
H088,P0007
H088,P0008
H088,P0009
H088,P0010
H088,P0011
H088,P0012
H088,P0013
H088,P0014
H088,P0015
H088,P0016
H088,P0017
H088,P0018
H088,P0019
H088,P0021
H088,P0022
H088,P0024
H088,P0026
H088,P0027
H088,P0029
H088,P0030
H088,P0031
H088,P0032
H088,P0034
H088,P0035
H088,P0036
H088,P0037
H088,P0038
H088,P0039
H088,P0042
H088,P0043
H088,P0045
H088,P0046
H088,P0047
H088,P0048
H088,P0049
H088,P0051
H088,P0052
H088,P0053
H088,P0054
H088,P0055
H088,P0057
H088,P0058
H088,P0059
H088,P0062
H088,P0063
H088,P0068
H088,P0069
H088,P0071
H088,P0072
H088,P0073
H088,P0074
H088,P0075
H088,P0076
H088,P0078
H088,P0079
H088,P0082
H088,P0083
H088,P0084
H088,P0086
H088,P0087
H088,P0088
H088,P0091
H088,P0092
H088,P0093
H088,P0094
H088,P0096
H088,P0097
H088,P0098
H088,P0100
H088,P0103
H088,P0104
H088,P0105
H088,P0106
H088,P0107
H088,P0108
H088,P0110
H088,P0111
H088,P0113
H088,P0114
H088,P0115
H088,P0116
H088,P0117
H088,P0121
H088,P0122
H088,P0125
H088,P0126
H088,P0127
H088,P0128
H088,P0130
H088,P0131
H088,P0132
H088,P0133
H088,P0134
H088,P0135
H088,P0136
H088,P0137
H088,P0138
H088,P0139
H088,P0140
H088,P0141
H088,P0142
H088,P0143
H088,P0144
H088,P0145
H088,P0146
H088,P0147
H088,P0148
H088,P0149
H088,P0150
H088,P0151
H088,P0152
H088,P0153
H088,P0155
H088,P0156
H088,P0157
H088,P0158
H088,P0159
H088,P0160
H088,P0161
H088,P0163
H088,P0164
H088,P0165
H088,P0166
H088,P0169
H088,P0170
H088,P0171
H088,P0172
H088,P0175
H088,P0176
H088,P0179
H088,P0181
H088,P0183
H088,P0185
H088,P0187
H088,P0188
H088,P0189
H088,P0190
H088,P0191
H088,P0193
H088,P0194
H088,P0195
H088,P0196
H088,P0197
H088,P0198
H088,P0200
H088,P0202
H088,P0204
H088,P0209
H088,P0210
H088,P0211
H088,P0212
H088,P0213
H088,P0214
H088,P0217
H088,P0218
H088,P0219
H088,P0221
H088,P0222
H088,P0223
H088,P0224
H088,P0226
H088,P0229
H088,P0230
H088,P0232
H088,P0233
H088,P0235
H088,P0236
H088,P0237
H088,P0239
H088,P0241
H088,P0243
H088,P0244
H088,P0245
H088,P0246
H088,P0247
H088,P0249
H088,P0250
H088,P0251
H088,P0253
H088,P0254
H088,P0256
H088,P0257
H088,P0258
H088,P0259
H088,P0261
H088,P0262
H088,P0263
H088,P0264
H088,P0265
H088,P0266
H088,P0267
H088,P0268
H088,P0269
H088,P0271
H088,P0273
H088,P0274
H088,P0275
H088,P0278
H088,P0280
H088,P0283
H088,P0284
H088,P0285
H088,P0287
H088,P0288
H088,P0289
H088,P0290
H088,P0292
H088,P0293
H088,P0294
H088,P0295
H088,P0296
H088,P0298
H088,P0299
H088,P0300
H088,P0301
H088,P0302
H088,P0303
H088,P0304
H088,P0305
H088,P0306
H088,P0309
H088,P0310
H088,P0311
H088,P0312
H088,P0313
H088,P0314
H088,P0315
H088,P0317
H088,P0318
H088,P0319
H088,P0320
H088,P0321
H088,P0322
H088,P0323
H088,P0324
H088,P0325
H088,P0326
H088,P0327
H088,P0328
H088,P0329
H088,P0330
H088,P0332
H088,P0333
H088,P0334
H088,P0335
H088,P0336
H088,P0337
H088,P0338
H088,P0339
H088,P0340
H088,P0342
H088,P0343
H088,P0345
H088,P0346
H088,P0347
H088,P0348
H088,P0349
H088,P0350
H088,P0351
H088,P0352
H088,P0353
H088,P0354
H088,P0355
H088,P0356
H088,P0357
H088,P0358
H088,P0359
H088,P0361
H088,P0362
H088,P0363
H088,P0365
H088,P0366
H088,P0367
H088,P0368
H088,P0369
H088,P0371
H088,P0372
H088,P0373
H088,P0374
H088,P0376
H088,P0378
H088,P0379
H088,P0380
H088,P0381
H088,P0384
H088,P0385
H088,P0388
H088,P0389
H088,P0390
H088,P0391
H088,P0392
H088,P0393
H088,P0394
H088,P0395
H088,P0396
H088,P0397
H088,P0398
H088,P0400
H088,P0401
H088,P0402
H088,P0403
H088,P0404
H088,P0405
H088,P0406
H088,P0407
H088,P0408
H088,P0410
H088,P0412
H088,P0414
H088,P0415
H088,P0416
H088,P0417
H088,P0420
H088,P0421
H088,P0422
H088,P0424
H088,P0425
H088,P0426
H088,P0427
H088,P0428
H088,P0430
H088,P0431
H088,P0433
H088,P0434
H088,P0435
H088,P0436
H088,P0437
H088,P0438
H088,P0439
H088,P0443
H088,P0444
H088,P0445
H088,P0446
H088,P0447
H088,P0448
H088,P0450
H088,P0451
H088,P0452
H088,P0453
H088,P0454
H088,P0455
H088,P0456
H088,P0458
H088,P0459
H088,P0460
H088,P0461
H088,P0462
H088,P0464
H088,P0465
H088,P0466
H088,P0470
H088,P0471
H088,P0472
H088,P0473
H088,P0474
H088,P0475
H088,P0476
H088,P0477
H088,P0478
H088,P0479
H088,P0481
H088,P0482
H088,P0484
H088,P0485
H088,P0488
H088,P0489
H088,P0490
H088,P0492
H088,P0493
H088,P0494
H088,P0495
H088,P0496
H088,P0497
H088,P0498
H088,P0499
H088,P0500
H088,P0501
H088,P0502
H088,P0503
H088,P0504
H088,P0505
H088,P0506
H088,P0507
H088,P0508
H088,P0509
H088,P0510
H088,P0511
H088,P0512
H088,P0513
H088,P0514
H088,P0515
H088,P0516
H088,P0518
H088,P0519
H088,P0520
H088,P0521
H088,P0522
H088,P0523
H088,P0526
H088,P0527
H088,P0528
H088,P0530
H088,P0532
H088,P0533
H088,P0534
H088,P0536
H088,P0537
H088,P0538
H088,P0539
H088,P0540
H088,P0541
H088,P0542
H088,P0543
H088,P0545
H088,P0547
H088,P0548
H088,P0549
H088,P0551
H088,P0553
H088,P0554
H088,P0556
H088,P0557
H088,P0558
H088,P0560
H088,P0561
H088,P0562
H088,P0563
H088,P0566
H088,P0567
H088,P0568
H088,P0569
H088,P0570
H088,P0571
H088,P0573
H088,P0574
H088,P0575
H088,P0576
H088,P0577
H088,P0578
H088,P0580
H088,P0581
H088,P0584
H088,P0585
H088,P0586
H088,P0587
H088,P0589
H088,P0590
H088,P0591
H088,P0593
H088,P0594
H088,P0596
H088,P0598
H088,P0599
H088,P0600
H089,P0001
H089,P0002
H089,P0003
H089,P0004
H089,P0005
H089,P0006
H089,P0010
H089,P0011
H089,P0012
H089,P0013
H089,P0014
H089,P0015
H089,P0016
H089,P0017
H089,P0019
H089,P0020
H089,P0021
H089,P0022
H089,P0025
H089,P0027
H089,P0028
H089,P0029
H089,P0030
H089,P0031
H089,P0032
H089,P0033
H089,P0034
H089,P0036
H089,P0037
H089,P0039
H089,P0040
H089,P0041
H089,P0042
H089,P0044
H089,P0045
H089,P0047
H089,P0048
H089,P0050
H089,P0052
H089,P0054
H089,P0055
H089,P0056
H089,P0057
H089,P0058
H089,P0060
H089,P0062
H089,P0063
H089,P0064
H089,P0065
H089,P0066
H089,P0067
H089,P0068
H089,P0069
H089,P0071
H089,P0073
H089,P0074
H089,P0075
H089,P0078
H089,P0079
H089,P0080
H089,P0083
H089,P0084
H089,P0085
H089,P0086
H089,P0087
H089,P0088
H089,P0089
H089,P0090
H089,P0091
H089,P0092
H089,P0093
H089,P0094
H089,P0095
H089,P0096
H089,P0097
H089,P0099
H089,P0100
H089,P0101
H089,P0102
H089,P0103
H089,P0104
H089,P0105
H089,P0106
H089,P0107
H089,P0108
H089,P0109
H089,P0110
H089,P0111
H089,P0113
H089,P0114
H089,P0115
H089,P0116
H089,P0117
H089,P0120
H089,P0121
H089,P0122
H089,P0125
H089,P0127
H089,P0128
H089,P0129
H089,P0130
H089,P0131
H089,P0132
H089,P0133
H089,P0134
H089,P0135
H089,P0138
H089,P0140
H089,P0141
H089,P0142
H089,P0143
H089,P0144
H089,P0145
H089,P0146
H089,P0147
H089,P0148
H089,P0149
H089,P0150
H089,P0151
H089,P0153
H089,P0154
H089,P0155
H089,P0156
H089,P0157
H089,P0158
H089,P0159
H089,P0160
H089,P0162
H089,P0164
H089,P0165
H089,P0166
H089,P0168
H089,P0169
H089,P0170
H089,P0171
H089,P0172
H089,P0174
H089,P0176
H089,P0178
H089,P0179
H089,P0180
H089,P0181
H089,P0182
H089,P0183
H089,P0184
H089,P0185
H089,P0186
H089,P0187
H089,P0188
H089,P0189
H089,P0190
H089,P0191
H089,P0193
H089,P0195
H089,P0196
H089,P0198
H089,P0199
H089,P0200
H089,P0201
H089,P0202
H089,P0204
H089,P0205
H089,P0206
H089,P0208
H089,P0209
H089,P0210
H089,P0211
H089,P0213
H089,P0214
H089,P0215
H089,P0217
H089,P0218
H089,P0222
H089,P0223
H089,P0226
H089,P0227
H089,P0228
H089,P0229
H089,P0231
H089,P0232
H089,P0233
H089,P0234
H089,P0235
H089,P0236
H089,P0238
H089,P0241
H089,P0243
H089,P0244
H089,P0245
H089,P0246
H089,P0247
H089,P0248
H089,P0249
H089,P0250
H089,P0251
H089,P0252
H089,P0253
H089,P0254
H089,P0255
H089,P0256
H089,P0257
H089,P0258
H089,P0259
H089,P0261
H089,P0262
H089,P0263
H089,P0266
H089,P0267
H089,P0268
H089,P0269
H089,P0270
H089,P0271
H089,P0273
H089,P0274
H089,P0275
H089,P0277
H089,P0278
H089,P0281
H089,P0282
H089,P0283
H089,P0284
H089,P0285
H089,P0286
H089,P0287
H089,P0288
H089,P0289
H089,P0293
H089,P0295
H089,P0296
H089,P0297
H089,P0298
H089,P0299
H089,P0300
H089,P0301
H089,P0302
H089,P0303
H089,P0304
H089,P0305
H089,P0306
H089,P0307
H089,P0310
H089,P0312
H089,P0313
H089,P0314
H089,P0315
H089,P0316
H089,P0318
H089,P0320
H089,P0321
H089,P0322
H089,P0324
H089,P0325
H089,P0327
H089,P0328
H089,P0330
H089,P0331
H089,P0332
H089,P0333
H089,P0334
H089,P0335
H089,P0336
H089,P0337
H089,P0338
H089,P0339
H089,P0340
H089,P0342
H089,P0345
H089,P0346
H089,P0347
H089,P0349
H089,P0351
H089,P0353
H089,P0355
H089,P0356
H089,P0357
H089,P0358
H089,P0360
H089,P0361
H089,P0362
H089,P0363
H089,P0365
H089,P0366
H089,P0368
H089,P0369
H089,P0370
H089,P0371
H089,P0372
H089,P0373
H089,P0374
H089,P0376
H089,P0377
H089,P0378
H089,P0379
H089,P0381
H089,P0382
H089,P0383
H089,P0384
H089,P0390
H089,P0392
H089,P0394
H089,P0395
H089,P0397
H089,P0398
H089,P0402
H089,P0404
H089,P0405
H089,P0406
H089,P0407
H089,P0408
H089,P0409
H089,P0410
H089,P0411
H089,P0413
H089,P0414
H089,P0415
H089,P0416
H089,P0417
H089,P0418
H089,P0419
H089,P0420
H089,P0422
H089,P0423
H089,P0425
H089,P0426
H089,P0427
H089,P0429
H089,P0430
H089,P0432
H089,P0433
H089,P0435
H089,P0436
H089,P0437
H089,P0438
H089,P0439
H089,P0440
H089,P0441
H089,P0442
H089,P0443
H089,P0444
H089,P0446
H089,P0447
H089,P0448
H089,P0450
H089,P0451
H089,P0452
H089,P0453
H089,P0455
H089,P0456
H089,P0457
H089,P0458
H089,P0461
H089,P0463
H089,P0465
H089,P0468
H089,P0469
H089,P0470
H089,P0471
H089,P0472
H089,P0473
H089,P0474
H089,P0475
H089,P0477
H089,P0478
H089,P0480
H089,P0481
H089,P0482
H089,P0484
H089,P0485
H089,P0486
H089,P0487
H089,P0489
H089,P0490
H089,P0491
H089,P0492
H089,P0493
H089,P0494
H089,P0496
H089,P0497
H089,P0498
H089,P0499
H089,P0500
H089,P0502
H089,P0503
H089,P0504
H089,P0505
H089,P0506
H089,P0508
H089,P0509
H089,P0510
H089,P0513
H089,P0515
H089,P0516
H089,P0518
H089,P0519
H089,P0520
H089,P0521
H089,P0522
H089,P0523
H089,P0524
H089,P0526
H089,P0527
H089,P0528
H089,P0529
H089,P0530
H089,P0531
H089,P0532
H089,P0533
H089,P0534
H089,P0535
H089,P0536
H089,P0537
H089,P0538
H089,P0539
H089,P0540
H089,P0541
H089,P0542
H089,P0545
H089,P0546
H089,P0547
H089,P0548
H089,P0551
H089,P0553
H089,P0555
H089,P0556
H089,P0557
H089,P0560
H089,P0562
H089,P0563
H089,P0564
H089,P0565
H089,P0566
H089,P0567
H089,P0569
H089,P0570
H089,P0572
H089,P0573
H089,P0574
H089,P0575
H089,P0576
H089,P0577
H089,P0578
H089,P0579
H089,P0580
H089,P0581
H089,P0582
H089,P0584
H089,P0585
H089,P0586
H089,P0587
H089,P0589
H089,P0591
H089,P0592
H089,P0594
H089,P0595
H089,P0596
H089,P0597
H089,P0598
H089,P0599
H089,P0600
H090,P0002
H090,P0004
H090,P0006
H090,P0007
H090,P0008
H090,P0009
H090,P0010
H090,P0011
H090,P0012
H090,P0013
H090,P0014
H090,P0015
H090,P0016
H090,P0018
H090,P0021
H090,P0023
H090,P0024
H090,P0025
H090,P0027
H090,P0028
H090,P0029
H090,P0030
H090,P0031
H090,P0032
H090,P0033
H090,P0034
H090,P0035
H090,P0036
H090,P0037
H090,P0039
H090,P0041
H090,P0042
H090,P0043
H090,P0044
H090,P0045
H090,P0046
H090,P0047
H090,P0048
H090,P0049
H090,P0050
H090,P0052
H090,P0053
H090,P0055
H090,P0056
H090,P0057
H090,P0059
H090,P0060
H090,P0062
H090,P0063
H090,P0064
H090,P0065
H090,P0067
H090,P0071
H090,P0072
H090,P0073
H090,P0074
H090,P0075
H090,P0076
H090,P0079
H090,P0080
H090,P0081
H090,P0082
H090,P0083
H090,P0084
H090,P0086
H090,P0087
H090,P0088
H090,P0089
H090,P0090
H090,P0092
H090,P0093
H090,P0094
H090,P0095
H090,P0097
H090,P0098
H090,P0100
H090,P0101
H090,P0102
H090,P0105
H090,P0106
H090,P0107
H090,P0108
H090,P0109
H090,P0110
H090,P0111
H090,P0112
H090,P0113
H090,P0114
H090,P0115
H090,P0116
H090,P0117
H090,P0118
H090,P0119
H090,P0120
H090,P0121
H090,P0122
H090,P0123
H090,P0124
H090,P0125
H090,P0128
H090,P0129
H090,P0130
H090,P0131
H090,P0132
H090,P0133
H090,P0134
H090,P0136
H090,P0137
H090,P0139
H090,P0140
H090,P0141
H090,P0142
H090,P0143
H090,P0144
H090,P0145
H090,P0146
H090,P0147
H090,P0148
H090,P0149
H090,P0150
H090,P0151
H090,P0153
H090,P0154
H090,P0155
H090,P0157
H090,P0159
H090,P0161
H090,P0162
H090,P0163
H090,P0165
H090,P0167
H090,P0168
H090,P0169
H090,P0170
H090,P0171
H090,P0172
H090,P0173
H090,P0175
H090,P0178
H090,P0179
H090,P0181
H090,P0182
H090,P0183
H090,P0186
H090,P0188
H090,P0189
H090,P0190
H090,P0191
H090,P0192
H090,P0193
H090,P0194
H090,P0195
H090,P0197
H090,P0199
H090,P0200
H090,P0201
H090,P0203
H090,P0205
H090,P0206
H090,P0210
H090,P0211
H090,P0212
H090,P0213
H090,P0214
H090,P0215
H090,P0217
H090,P0218
H090,P0220
H090,P0221
H090,P0222
H090,P0223
H090,P0224
H090,P0226
H090,P0227
H090,P0229
H090,P0230
H090,P0231
H090,P0232
H090,P0233
H090,P0235
H090,P0236
H090,P0237
H090,P0239
H090,P0240
H090,P0241
H090,P0242
H090,P0243
H090,P0245
H090,P0246
H090,P0247
H090,P0248
H090,P0249
H090,P0250
H090,P0251
H090,P0253
H090,P0254
H090,P0255
H090,P0256
H090,P0257
H090,P0258
H090,P0259
H090,P0261
H090,P0262
H090,P0263
H090,P0264
H090,P0265
H090,P0266
H090,P0267
H090,P0269
H090,P0270
H090,P0271
H090,P0273
H090,P0274
H090,P0275
H090,P0276
H090,P0277
H090,P0278
H090,P0279
H090,P0282
H090,P0283
H090,P0284
H090,P0285
H090,P0287
H090,P0288
H090,P0289
H090,P0290
H090,P0292
H090,P0293
H090,P0294
H090,P0295
H090,P0296
H090,P0297
H090,P0299
H090,P0300
H090,P0301
H090,P0303
H090,P0305
H090,P0306
H090,P0307
H090,P0308
H090,P0309
H090,P0310
H090,P0311
H090,P0312
H090,P0313
H090,P0314
H090,P0315
H090,P0317
H090,P0318
H090,P0319
H090,P0320
H090,P0321
H090,P0323
H090,P0324
H090,P0325
H090,P0327
H090,P0328
H090,P0329
H090,P0330
H090,P0332
H090,P0334
H090,P0335
H090,P0337
H090,P0339
H090,P0340
H090,P0341
H090,P0342
H090,P0343
H090,P0344
H090,P0345
H090,P0346
H090,P0347
H090,P0348
H090,P0351
H090,P0354
H090,P0355
H090,P0357
H090,P0358
H090,P0359
H090,P0361
H090,P0362
H090,P0363
H090,P0364
H090,P0365
H090,P0366
H090,P0367
H090,P0368
H090,P0369
H090,P0371
H090,P0372
H090,P0373
H090,P0374
H090,P0375
H090,P0376
H090,P0377
H090,P0378
H090,P0379
H090,P0380
H090,P0381
H090,P0382
H090,P0383
H090,P0384
H090,P0385
H090,P0387
H090,P0390
H090,P0391
H090,P0392
H090,P0394
H090,P0395
H090,P0397
H090,P0398
H090,P0400
H090,P0401
H090,P0404
H090,P0405
H090,P0406
H090,P0407
H090,P0408
H090,P0409
H090,P0410
H090,P0411
H090,P0412
H090,P0413
H090,P0414
H090,P0415
H090,P0416
H090,P0417
H090,P0418
H090,P0421
H090,P0423
H090,P0425
H090,P0427
H090,P0428
H090,P0429
H090,P0430
H090,P0431
H090,P0432
H090,P0433
H090,P0434
H090,P0435
H090,P0436
H090,P0437
H090,P0439
H090,P0440
H090,P0441
H090,P0442
H090,P0443
H090,P0444
H090,P0445
H090,P0446
H090,P0447
H090,P0449
H090,P0450
H090,P0451
H090,P0452
H090,P0453
H090,P0454
H090,P0458
H090,P0459
H090,P0460
H090,P0461
H090,P0462
H090,P0463
H090,P0464
H090,P0465
H090,P0466
H090,P0467
H090,P0470
H090,P0471
H090,P0472
H090,P0473
H090,P0474
H090,P0475
H090,P0477
H090,P0479
H090,P0481
H090,P0482
H090,P0483
H090,P0484
H090,P0485
H090,P0486
H090,P0487
H090,P0488
H090,P0491
H090,P0494
H090,P0496
H090,P0498
H090,P0499
H090,P0500
H090,P0502
H090,P0503
H090,P0505
H090,P0506
H090,P0507
H090,P0509
H090,P0510
H090,P0511
H090,P0512
H090,P0514
H090,P0516
H090,P0517
H090,P0518
H090,P0519
H090,P0520
H090,P0521
H090,P0523
H090,P0524
H090,P0526
H090,P0527
H090,P0528
H090,P0529
H090,P0531
H090,P0532
H090,P0533
H090,P0534
H090,P0535
H090,P0537
H090,P0539
H090,P0540
H090,P0541
H090,P0542
H090,P0543
H090,P0544
H090,P0546
H090,P0547
H090,P0549
H090,P0550
H090,P0551
H090,P0553
H090,P0555
H090,P0556
H090,P0557
H090,P0558
H090,P0559
H090,P0560
H090,P0561
H090,P0562
H090,P0564
H090,P0565
H090,P0566
H090,P0567
H090,P0568
H090,P0569
H090,P0570
H090,P0572
H090,P0574
H090,P0575
H090,P0576
H090,P0577
H090,P0578
H090,P0579
H090,P0580
H090,P0581
H090,P0582
H090,P0586
H090,P0587
H090,P0588
H090,P0589
H090,P0590
H090,P0591
H090,P0593
H090,P0594
H090,P0595
H090,P0596
H090,P0597
H090,P0598
H090,P0599
H090,P0600
H091,P0001
H091,P0002
H091,P0003
H091,P0004
H091,P0006
H091,P0007
H091,P0008
H091,P0009
H091,P0012
H091,P0013
H091,P0015
H091,P0016
H091,P0017
H091,P0018
H091,P0019
H091,P0021
H091,P0022
H091,P0023
H091,P0024
H091,P0025
H091,P0027
H091,P0028
H091,P0029
H091,P0030
H091,P0031
H091,P0032
H091,P0033
H091,P0034
H091,P0035
H091,P0036
H091,P0037
H091,P0038
H091,P0039
H091,P0040
H091,P0041
H091,P0042
H091,P0043
H091,P0045
H091,P0048
H091,P0049
H091,P0051
H091,P0052
H091,P0054
H091,P0055
H091,P0056
H091,P0058
H091,P0060
H091,P0061
H091,P0062
H091,P0063
H091,P0064
H091,P0065
H091,P0066
H091,P0067
H091,P0068
H091,P0072
H091,P0074
H091,P0075
H091,P0076
H091,P0077
H091,P0079
H091,P0080
H091,P0081
H091,P0083
H091,P0084
H091,P0085
H091,P0086
H091,P0087
H091,P0088
H091,P0089
H091,P0091
H091,P0092
H091,P0093
H091,P0094
H091,P0095
H091,P0097
H091,P0098
H091,P0100
H091,P0102
H091,P0103
H091,P0104
H091,P0105
H091,P0107
H091,P0108
H091,P0109
H091,P0111
H091,P0112
H091,P0113
H091,P0114
H091,P0115
H091,P0116
H091,P0117
H091,P0118
H091,P0119
H091,P0120
H091,P0121
H091,P0123
H091,P0124
H091,P0125
H091,P0126
H091,P0128
H091,P0130
H091,P0131
H091,P0132
H091,P0133
H091,P0135
H091,P0136
H091,P0138
H091,P0139
H091,P0140
H091,P0141
H091,P0142
H091,P0143
H091,P0144
H091,P0145
H091,P0146
H091,P0148
H091,P0149
H091,P0150
H091,P0151
H091,P0152
H091,P0153
H091,P0154
H091,P0155
H091,P0156
H091,P0157
H091,P0158
H091,P0159
H091,P0161
H091,P0162
H091,P0163
H091,P0164
H091,P0165
H091,P0167
H091,P0169
H091,P0170
H091,P0171
H091,P0172
H091,P0174
H091,P0176
H091,P0177
H091,P0178
H091,P0179
H091,P0181
H091,P0182
H091,P0183
H091,P0184
H091,P0185
H091,P0186
H091,P0187
H091,P0188
H091,P0189
H091,P0190
H091,P0191
H091,P0192
H091,P0193
H091,P0195
H091,P0196
H091,P0197
H091,P0198
H091,P0199
H091,P0200
H091,P0201
H091,P0203
H091,P0205
H091,P0206
H091,P0207
H091,P0208
H091,P0209
H091,P0210
H091,P0211
H091,P0212
H091,P0214
H091,P0216
H091,P0217
H091,P0218
H091,P0219
H091,P0220
H091,P0221
H091,P0222
H091,P0224
H091,P0226
H091,P0227
H091,P0228
H091,P0229
H091,P0231
H091,P0232
H091,P0233
H091,P0235
H091,P0236
H091,P0237
H091,P0238
H091,P0239
H091,P0240
H091,P0241
H091,P0242
H091,P0243
H091,P0244
H091,P0245
H091,P0246
H091,P0247
H091,P0248
H091,P0249
H091,P0250
H091,P0251
H091,P0253
H091,P0254
H091,P0255
H091,P0256
H091,P0257
H091,P0258
H091,P0259
H091,P0261
H091,P0262
H091,P0263
H091,P0264
H091,P0266
H091,P0267
H091,P0268
H091,P0269
H091,P0270
H091,P0271
H091,P0272
H091,P0273
H091,P0274
H091,P0275
H091,P0276
H091,P0278
H091,P0279
H091,P0280
H091,P0281
H091,P0282
H091,P0283
H091,P0284
H091,P0285
H091,P0286
H091,P0287
H091,P0289
H091,P0290
H091,P0291
H091,P0293
H091,P0294
H091,P0296
H091,P0299
H091,P0300
H091,P0303
H091,P0304
H091,P0306
H091,P0307
H091,P0308
H091,P0309
H091,P0310
H091,P0312
H091,P0313
H091,P0314
H091,P0315
H091,P0316
H091,P0317
H091,P0321
H091,P0322
H091,P0323
H091,P0324
H091,P0325
H091,P0326
H091,P0327
H091,P0330
H091,P0331
H091,P0332
H091,P0333
H091,P0334
H091,P0335
H091,P0336
H091,P0338
H091,P0339
H091,P0340
H091,P0341
H091,P0342
H091,P0343
H091,P0344
H091,P0345
H091,P0346
H091,P0347
H091,P0348
H091,P0349
H091,P0350
H091,P0351
H091,P0352
H091,P0353
H091,P0354
H091,P0356
H091,P0358
H091,P0359
H091,P0360
H091,P0361
H091,P0362
H091,P0363
H091,P0364
H091,P0365
H091,P0366
H091,P0367
H091,P0368
H091,P0369
H091,P0370
H091,P0371
H091,P0374
H091,P0375
H091,P0377
H091,P0378
H091,P0379
H091,P0380
H091,P0381
H091,P0382
H091,P0383
H091,P0384
H091,P0385
H091,P0386
H091,P0387
H091,P0388
H091,P0391
H091,P0392
H091,P0393
H091,P0394
H091,P0395
H091,P0396
H091,P0397
H091,P0398
H091,P0401
H091,P0402
H091,P0404
H091,P0405
H091,P0406
H091,P0407
H091,P0408
H091,P0409
H091,P0410
H091,P0411
H091,P0412
H091,P0413
H091,P0417
H091,P0418
H091,P0419
H091,P0420
H091,P0421
H091,P0422
H091,P0423
H091,P0424
H091,P0425
H091,P0427
H091,P0428
H091,P0431
H091,P0433
H091,P0434
H091,P0435
H091,P0436
H091,P0439
H091,P0440
H091,P0442
H091,P0443
H091,P0444
H091,P0445
H091,P0447
H091,P0448
H091,P0451
H091,P0453
H091,P0454
H091,P0455
H091,P0457
H091,P0458
H091,P0461
H091,P0462
H091,P0463
H091,P0465
H091,P0466
H091,P0467
H091,P0468
H091,P0469
H091,P0470
H091,P0471
H091,P0472
H091,P0473
H091,P0474
H091,P0475
H091,P0477
H091,P0479
H091,P0480
H091,P0482
H091,P0484
H091,P0485
H091,P0486
H091,P0488
H091,P0490
H091,P0491
H091,P0492
H091,P0493
H091,P0494
H091,P0495
H091,P0496
H091,P0497
H091,P0499
H091,P0500
H091,P0501
H091,P0502
H091,P0503
H091,P0505
H091,P0506
H091,P0508
H091,P0509
H091,P0510
H091,P0511
H091,P0512
H091,P0514
H091,P0515
H091,P0516
H091,P0517
H091,P0518
H091,P0519
H091,P0520
H091,P0522
H091,P0524
H091,P0525
H091,P0526
H091,P0527
H091,P0528
H091,P0529
H091,P0530
H091,P0533
H091,P0536
H091,P0537
H091,P0538
H091,P0540
H091,P0541
H091,P0542
H091,P0543
H091,P0545
H091,P0546
H091,P0547
H091,P0548
H091,P0549
H091,P0550
H091,P0551
H091,P0553
H091,P0555
H091,P0556
H091,P0557
H091,P0559
H091,P0560
H091,P0562
H091,P0564
H091,P0567
H091,P0569
H091,P0570
H091,P0571
H091,P0572
H091,P0573
H091,P0575
H091,P0576
H091,P0577
H091,P0578
H091,P0579
H091,P0580
H091,P0581
H091,P0583
H091,P0585
H091,P0586
H091,P0587
H091,P0588
H091,P0590
H091,P0591
H091,P0592
H091,P0593
H091,P0594
H091,P0596
H091,P0598
H091,P0599
H091,P0600
H092,P0001
H092,P0002
H092,P0003
H092,P0004
H092,P0007
H092,P0008
H092,P0012
H092,P0013
H092,P0014
H092,P0017
H092,P0019
H092,P0020
H092,P0021
H092,P0022
H092,P0024
H092,P0028
H092,P0033
H092,P0035
H092,P0037
H092,P0038
H092,P0039
H092,P0040
H092,P0042
H092,P0043
H092,P0045
H092,P0047
H092,P0048
H092,P0050
H092,P0051
H092,P0055
H092,P0057
H092,P0061
H092,P0062
H092,P0063
H092,P0065
H092,P0066
H092,P0069
H092,P0070
H092,P0071
H092,P0072
H092,P0074
H092,P0076
H092,P0077
H092,P0084
H092,P0085
H092,P0086
H092,P0087
H092,P0088
H092,P0090
H092,P0091
H092,P0092
H092,P0093
H092,P0097
H092,P0100
H092,P0102
H092,P0104
H092,P0105
H092,P0106
H092,P0107
H092,P0108
H092,P0109
H092,P0110
H092,P0111
H092,P0113
H092,P0114
H092,P0115
H092,P0116
H092,P0125
H092,P0129
H092,P0130
H092,P0132
H092,P0134
H092,P0135
H092,P0139
H092,P0140
H092,P0142
H092,P0143
H092,P0144
H092,P0145
H092,P0146
H092,P0147
H092,P0149
H092,P0151
H092,P0152
H092,P0153
H092,P0154
H092,P0155
H092,P0156
H092,P0158
H092,P0160
H092,P0163
H092,P0169
H092,P0170
H092,P0171
H092,P0175
H092,P0176
H092,P0177
H092,P0178
H092,P0181
H092,P0182
H092,P0189
H092,P0190
H092,P0192
H092,P0197
H092,P0198
H092,P0199
H092,P0200
H092,P0201
H092,P0204
H092,P0205
H092,P0208
H092,P0209
H092,P0211
H092,P0213
H092,P0215
H092,P0216
H092,P0218
H092,P0219
H092,P0221
H092,P0222
H092,P0223
H092,P0224
H092,P0226
H092,P0227
H092,P0228
H092,P0229
H092,P0235
H092,P0238
H092,P0241
H092,P0242
H092,P0243
H092,P0244
H092,P0246
H092,P0248
H092,P0249
H092,P0250
H092,P0251
H092,P0253
H092,P0254
H092,P0256
H092,P0257
H092,P0258
H092,P0261
H092,P0262
H092,P0265
H092,P0267
H092,P0268
H092,P0270
H092,P0271
H092,P0272
H092,P0273
H092,P0277
H092,P0279
H092,P0280
H092,P0283
H092,P0285
H092,P0286
H092,P0287
H092,P0289
H092,P0290
H092,P0291
H092,P0293
H092,P0294
H092,P0295
H092,P0296
H092,P0297
H092,P0299
H092,P0302
H092,P0303
H092,P0305
H092,P0309
H092,P0310
H092,P0311
H092,P0312
H092,P0313
H092,P0317
H092,P0318
H092,P0321
H092,P0323
H092,P0328
H092,P0330
H092,P0332
H092,P0336
H092,P0338
H092,P0342
H092,P0345
H092,P0346
H092,P0348
H092,P0351
H092,P0352
H092,P0354
H092,P0355
H092,P0356
H092,P0357
H092,P0358
H092,P0360
H092,P0361
H092,P0363
H092,P0364
H092,P0366
H092,P0367
H092,P0368
H092,P0369
H092,P0370
H092,P0371
H092,P0372
H092,P0374
H092,P0375
H092,P0376
H092,P0378
H092,P0380
H092,P0381
H092,P0383
H092,P0384
H092,P0390
H092,P0391
H092,P0392
H092,P0393
H092,P0394
H092,P0395
H092,P0396
H092,P0397
H092,P0398
H092,P0401
H092,P0404
H092,P0409
H092,P0410
H092,P0411
H092,P0413
H092,P0414
H092,P0416
H092,P0419
H092,P0420
H092,P0421
H092,P0424
H092,P0425
H092,P0427
H092,P0428
H092,P0431
H092,P0432
H092,P0433
H092,P0435
H092,P0438
H092,P0439
H092,P0442
H092,P0444
H092,P0446
H092,P0447
H092,P0448
H092,P0449
H092,P0453
H092,P0455
H092,P0456
H092,P0458
H092,P0459
H092,P0460
H092,P0461
H092,P0464
H092,P0467
H092,P0468
H092,P0469
H092,P0470
H092,P0471
H092,P0472
H092,P0473
H092,P0474
H092,P0475
H092,P0477
H092,P0480
H092,P0482
H092,P0485
H092,P0488
H092,P0489
H092,P0490
H092,P0492
H092,P0493
H092,P0494
H092,P0495
H092,P0499
H092,P0500
H092,P0504
H092,P0505
H092,P0509
H092,P0510
H092,P0512
H092,P0515
H092,P0517
H092,P0518
H092,P0519
H092,P0521
H092,P0522
H092,P0524
H092,P0526
H092,P0527
H092,P0528
H092,P0530
H092,P0531
H092,P0532
H092,P0533
H092,P0534
H092,P0536
H092,P0538
H092,P0540
H092,P0541
H092,P0544
H092,P0545
H092,P0550
H092,P0552
H092,P0553
H092,P0554
H092,P0556
H092,P0557
H092,P0559
H092,P0560
H092,P0561
H092,P0563
H092,P0564
H092,P0565
H092,P0566
H092,P0567
H092,P0568
H092,P0569
H092,P0571
H092,P0572
H092,P0573
H092,P0574
H092,P0580
H092,P0581
H092,P0584
H092,P0585
H092,P0589
H092,P0590
H092,P0592
H092,P0593
H092,P0594
H092,P0595
H092,P0598
H092,P0599
H092,P0600
H093,P0002
H093,P0003
H093,P0005
H093,P0008
H093,P0011
H093,P0012
H093,P0015
H093,P0017
H093,P0018
H093,P0019
H093,P0020
H093,P0022
H093,P0027
H093,P0028
H093,P0033
H093,P0035
H093,P0036
H093,P0038
H093,P0039
H093,P0043
H093,P0045
H093,P0047
H093,P0048
H093,P0051
H093,P0052
H093,P0053
H093,P0060
H093,P0063
H093,P0064
H093,P0066
H093,P0071
H093,P0072
H093,P0073
H093,P0075
H093,P0076
H093,P0082
H093,P0083
H093,P0085
H093,P0086
H093,P0092
H093,P0094
H093,P0097
H093,P0101
H093,P0103
H093,P0104
H093,P0105
H093,P0106
H093,P0107
H093,P0108
H093,P0109
H093,P0111
H093,P0113
H093,P0114
H093,P0117
H093,P0123
H093,P0125
H093,P0126
H093,P0129
H093,P0130
H093,P0131
H093,P0132
H093,P0135
H093,P0137
H093,P0139
H093,P0140
H093,P0146
H093,P0148
H093,P0149
H093,P0151
H093,P0154
H093,P0155
H093,P0158
H093,P0160
H093,P0163
H093,P0165
H093,P0169
H093,P0171
H093,P0172
H093,P0175
H093,P0177
H093,P0179
H093,P0180
H093,P0182
H093,P0183
H093,P0185
H093,P0188
H093,P0190
H093,P0191
H093,P0195
H093,P0198
H093,P0200
H093,P0203
H093,P0207
H093,P0211
H093,P0213
H093,P0216
H093,P0218
H093,P0222
H093,P0223
H093,P0224
H093,P0226
H093,P0228
H093,P0229
H093,P0232
H093,P0235
H093,P0236
H093,P0242
H093,P0243
H093,P0244
H093,P0245
H093,P0249
H093,P0251
H093,P0253
H093,P0256
H093,P0257
H093,P0258
H093,P0259
H093,P0262
H093,P0264
H093,P0265
H093,P0267
H093,P0271
H093,P0273
H093,P0278
H093,P0279
H093,P0281
H093,P0285
H093,P0287
H093,P0289
H093,P0295
H093,P0299
H093,P0300
H093,P0304
H093,P0306
H093,P0307
H093,P0309
H093,P0310
H093,P0311
H093,P0312
H093,P0314
H093,P0317
H093,P0319
H093,P0320
H093,P0321
H093,P0324
H093,P0325
H093,P0326
H093,P0329
H093,P0330
H093,P0332
H093,P0333
H093,P0335
H093,P0338
H093,P0339
H093,P0342
H093,P0344
H093,P0345
H093,P0349
H093,P0353
H093,P0358
H093,P0359
H093,P0362
H093,P0363
H093,P0366
H093,P0367
H093,P0368
H093,P0369
H093,P0370
H093,P0371
H093,P0376
H093,P0378
H093,P0380
H093,P0381
H093,P0385
H093,P0388
H093,P0394
H093,P0396
H093,P0397
H093,P0402
H093,P0403
H093,P0404
H093,P0405
H093,P0406
H093,P0408
H093,P0410
H093,P0411
H093,P0412
H093,P0414
H093,P0427
H093,P0428
H093,P0430
H093,P0432
H093,P0433
H093,P0434
H093,P0435
H093,P0438
H093,P0439
H093,P0441
H093,P0443
H093,P0445
H093,P0447
H093,P0448
H093,P0450
H093,P0454
H093,P0456
H093,P0459
H093,P0465
H093,P0467
H093,P0470
H093,P0471
H093,P0472
H093,P0473
H093,P0474
H093,P0476
H093,P0477
H093,P0480
H093,P0482
H093,P0483
H093,P0485
H093,P0486
H093,P0491
H093,P0492
H093,P0494
H093,P0495
H093,P0497
H093,P0498
H093,P0500
H093,P0507
H093,P0508
H093,P0509
H093,P0514
H093,P0515
H093,P0516
H093,P0518
H093,P0519
H093,P0520
H093,P0522
H093,P0523
H093,P0526
H093,P0530
H093,P0532
H093,P0533
H093,P0536
H093,P0537
H093,P0540
H093,P0542
H093,P0544
H093,P0546
H093,P0547
H093,P0548
H093,P0549
H093,P0550
H093,P0551
H093,P0555
H093,P0556
H093,P0557
H093,P0566
H093,P0567
H093,P0570
H093,P0571
H093,P0572
H093,P0573
H093,P0578
H093,P0580
H093,P0582
H093,P0585
H093,P0589
H093,P0590
H093,P0592
H093,P0593
H093,P0594
H093,P0596
H093,P0597
H093,P0598
H093,P0600
H094,P0001
H094,P0002
H094,P0003
H094,P0004
H094,P0005
H094,P0006
H094,P0007
H094,P0008
H094,P0010
H094,P0011
H094,P0012
H094,P0013
H094,P0017
H094,P0019
H094,P0020
H094,P0021
H094,P0022
H094,P0024
H094,P0028
H094,P0030
H094,P0031
H094,P0033
H094,P0034
H094,P0035
H094,P0036
H094,P0037
H094,P0038
H094,P0039
H094,P0042
H094,P0043
H094,P0045
H094,P0046
H094,P0047
H094,P0048
H094,P0049
H094,P0050
H094,P0052
H094,P0053
H094,P0055
H094,P0057
H094,P0058
H094,P0059
H094,P0060
H094,P0063
H094,P0064
H094,P0066
H094,P0068
H094,P0069
H094,P0071
H094,P0072
H094,P0074
H094,P0075
H094,P0076
H094,P0078
H094,P0079
H094,P0082
H094,P0083
H094,P0084
H094,P0085
H094,P0086
H094,P0088
H094,P0089
H094,P0091
H094,P0092
H094,P0093
H094,P0094
H094,P0095
H094,P0097
H094,P0098
H094,P0100
H094,P0101
H094,P0102
H094,P0103
H094,P0104
H094,P0105
H094,P0106
H094,P0108
H094,P0110
H094,P0111
H094,P0112
H094,P0113
H094,P0114
H094,P0116
H094,P0117
H094,P0119
H094,P0120
H094,P0121
H094,P0122
H094,P0123
H094,P0124
H094,P0125
H094,P0126
H094,P0127
H094,P0128
H094,P0129
H094,P0130
H094,P0131
H094,P0132
H094,P0133
H094,P0134
H094,P0135
H094,P0136
H094,P0137
H094,P0140
H094,P0141
H094,P0142
H094,P0143
H094,P0147
H094,P0148
H094,P0149
H094,P0150
H094,P0151
H094,P0152
H094,P0153
H094,P0154
H094,P0155
H094,P0156
H094,P0157
H094,P0159
H094,P0162
H094,P0163
H094,P0164
H094,P0165
H094,P0166
H094,P0168
H094,P0170
H094,P0171
H094,P0172
H094,P0174
H094,P0177
H094,P0178
H094,P0182
H094,P0183
H094,P0184
H094,P0185
H094,P0186
H094,P0188
H094,P0189
H094,P0190
H094,P0191
H094,P0194
H094,P0195
H094,P0196
H094,P0197
H094,P0198
H094,P0201
H094,P0202
H094,P0203
H094,P0204
H094,P0205
H094,P0206
H094,P0207
H094,P0208
H094,P0210
H094,P0211
H094,P0212
H094,P0213
H094,P0214
H094,P0218
H094,P0221
H094,P0222
H094,P0224
H094,P0225
H094,P0226
H094,P0228
H094,P0229
H094,P0231
H094,P0232
H094,P0233
H094,P0234
H094,P0235
H094,P0236
H094,P0237
H094,P0238
H094,P0241
H094,P0243
H094,P0244
H094,P0245
H094,P0246
H094,P0247
H094,P0249
H094,P0250
H094,P0251
H094,P0253
H094,P0254
H094,P0255
H094,P0256
H094,P0257
H094,P0258
H094,P0259
H094,P0261
H094,P0262
H094,P0264
H094,P0265
H094,P0266
H094,P0268
H094,P0271
H094,P0273
H094,P0274
H094,P0275
H094,P0277
H094,P0278
H094,P0279
H094,P0280
H094,P0281
H094,P0282
H094,P0283
H094,P0284
H094,P0287
H094,P0289
H094,P0291
H094,P0292
H094,P0293
H094,P0294
H094,P0295
H094,P0296
H094,P0297
H094,P0298
H094,P0299
H094,P0300
H094,P0301
H094,P0302
H094,P0303
H094,P0304
H094,P0305
H094,P0306
H094,P0307
H094,P0308
H094,P0309
H094,P0310
H094,P0311
H094,P0312
H094,P0313
H094,P0314
H094,P0315
H094,P0316
H094,P0317
H094,P0318
H094,P0319
H094,P0320
H094,P0321
H094,P0322
H094,P0324
H094,P0325
H094,P0326
H094,P0327
H094,P0328
H094,P0329
H094,P0330
H094,P0331
H094,P0332
H094,P0333
H094,P0334
H094,P0335
H094,P0336
H094,P0337
H094,P0338
H094,P0341
H094,P0342
H094,P0343
H094,P0344
H094,P0345
H094,P0346
H094,P0347
H094,P0350
H094,P0351
H094,P0352
H094,P0353
H094,P0354
H094,P0355
H094,P0356
H094,P0357
H094,P0358
H094,P0360
H094,P0361
H094,P0364
H094,P0366
H094,P0367
H094,P0368
H094,P0369
H094,P0370
H094,P0371
H094,P0372
H094,P0373
H094,P0374
H094,P0376
H094,P0377
H094,P0378
H094,P0379
H094,P0380
H094,P0381
H094,P0384
H094,P0388
H094,P0390
H094,P0391
H094,P0392
H094,P0394
H094,P0396
H094,P0397
H094,P0398
H094,P0399
H094,P0400
H094,P0401
H094,P0402
H094,P0404
H094,P0406
H094,P0407
H094,P0408
H094,P0409
H094,P0410
H094,P0411
H094,P0413
H094,P0414
H094,P0417
H094,P0418
H094,P0419
H094,P0420
H094,P0422
H094,P0423
H094,P0424
H094,P0426
H094,P0427
H094,P0428
H094,P0429
H094,P0431
H094,P0433
H094,P0434
H094,P0435
H094,P0436
H094,P0438
H094,P0439
H094,P0440
H094,P0441
H094,P0442
H094,P0444
H094,P0445
H094,P0446
H094,P0447
H094,P0449
H094,P0450
H094,P0451
H094,P0452
H094,P0455
H094,P0456
H094,P0457
H094,P0458
H094,P0461
H094,P0464
H094,P0467
H094,P0468
H094,P0469
H094,P0470
H094,P0471
H094,P0472
H094,P0473
H094,P0474
H094,P0478
H094,P0479
H094,P0480
H094,P0481
H094,P0482
H094,P0483
H094,P0484
H094,P0485
H094,P0486
H094,P0487
H094,P0488
H094,P0489
H094,P0490
H094,P0492
H094,P0493
H094,P0495
H094,P0498
H094,P0500
H094,P0501
H094,P0502
H094,P0503
H094,P0504
H094,P0505
H094,P0506
H094,P0507
H094,P0508
H094,P0510
H094,P0512
H094,P0514
H094,P0515
H094,P0516
H094,P0517
H094,P0518
H094,P0519
H094,P0520
H094,P0521
H094,P0523
H094,P0524
H094,P0525
H094,P0527
H094,P0528
H094,P0529
H094,P0530
H094,P0531
H094,P0532
H094,P0533
H094,P0534
H094,P0537
H094,P0538
H094,P0539
H094,P0541
H094,P0542
H094,P0543
H094,P0544
H094,P0546
H094,P0547
H094,P0548
H094,P0549
H094,P0553
H094,P0554
H094,P0555
H094,P0557
H094,P0561
H094,P0563
H094,P0564
H094,P0565
H094,P0566
H094,P0567
H094,P0568
H094,P0570
H094,P0571
H094,P0572
H094,P0573
H094,P0574
H094,P0575
H094,P0577
H094,P0578
H094,P0579
H094,P0580
H094,P0581
H094,P0582
H094,P0583
H094,P0585
H094,P0587
H094,P0588
H094,P0589
H094,P0590
H094,P0591
H094,P0592
H094,P0593
H094,P0597
H094,P0599
H094,P0600
H095,P0001
H095,P0002
H095,P0003
H095,P0004
H095,P0006
H095,P0007
H095,P0008
H095,P0010
H095,P0011
H095,P0012
H095,P0013
H095,P0014
H095,P0016
H095,P0017
H095,P0018
H095,P0019
H095,P0021
H095,P0023
H095,P0025
H095,P0026
H095,P0027
H095,P0028
H095,P0029
H095,P0030
H095,P0032
H095,P0033
H095,P0035
H095,P0036
H095,P0037
H095,P0038
H095,P0039
H095,P0040
H095,P0041
H095,P0042
H095,P0043
H095,P0046
H095,P0047
H095,P0048
H095,P0049
H095,P0051
H095,P0053
H095,P0054
H095,P0055
H095,P0058
H095,P0060
H095,P0061
H095,P0062
H095,P0063
H095,P0064
H095,P0065
H095,P0066
H095,P0067
H095,P0068
H095,P0069
H095,P0070
H095,P0071
H095,P0072
H095,P0073
H095,P0075
H095,P0076
H095,P0077
H095,P0078
H095,P0082
H095,P0083
H095,P0084
H095,P0086
H095,P0088
H095,P0089
H095,P0090
H095,P0092
H095,P0094
H095,P0095
H095,P0096
H095,P0097
H095,P0098
H095,P0099
H095,P0100
H095,P0101
H095,P0102
H095,P0104
H095,P0105
H095,P0106
H095,P0107
H095,P0108
H095,P0109
H095,P0110
H095,P0113
H095,P0114
H095,P0115
H095,P0116
H095,P0117
H095,P0118
H095,P0119
H095,P0122
H095,P0123
H095,P0124
H095,P0125
H095,P0127
H095,P0128
H095,P0129
H095,P0130
H095,P0131
H095,P0132
H095,P0133
H095,P0134
H095,P0136
H095,P0137
H095,P0138
H095,P0139
H095,P0140
H095,P0141
H095,P0143
H095,P0144
H095,P0146
H095,P0147
H095,P0148
H095,P0149
H095,P0150
H095,P0151
H095,P0152
H095,P0153
H095,P0155
H095,P0156
H095,P0157
H095,P0158
H095,P0159
H095,P0161
H095,P0162
H095,P0163
H095,P0164
H095,P0165
H095,P0166
H095,P0169
H095,P0170
H095,P0171
H095,P0172
H095,P0174
H095,P0176
H095,P0177
H095,P0178
H095,P0181
H095,P0182
H095,P0183
H095,P0185
H095,P0186
H095,P0187
H095,P0188
H095,P0190
H095,P0191
H095,P0192
H095,P0193
H095,P0194
H095,P0197
H095,P0200
H095,P0201
H095,P0203
H095,P0204
H095,P0205
H095,P0210
H095,P0211
H095,P0212
H095,P0213
H095,P0214
H095,P0215
H095,P0216
H095,P0218
H095,P0221
H095,P0222
H095,P0223
H095,P0224
H095,P0225
H095,P0226
H095,P0227
H095,P0228
H095,P0229
H095,P0230
H095,P0231
H095,P0232
H095,P0233
H095,P0235
H095,P0237
H095,P0239
H095,P0242
H095,P0244
H095,P0245
H095,P0246
H095,P0247
H095,P0248
H095,P0249
H095,P0250
H095,P0251
H095,P0252
H095,P0253
H095,P0254
H095,P0255
H095,P0256
H095,P0257
H095,P0258
H095,P0259
H095,P0262
H095,P0263
H095,P0264
H095,P0265
H095,P0266
H095,P0267
H095,P0268
H095,P0269
H095,P0271
H095,P0274
H095,P0276
H095,P0278
H095,P0279
H095,P0280
H095,P0281
H095,P0282
H095,P0284
H095,P0286
H095,P0287
H095,P0288
H095,P0289
H095,P0290
H095,P0291
H095,P0293
H095,P0294
H095,P0295
H095,P0296
H095,P0297
H095,P0299
H095,P0300
H095,P0301
H095,P0302
H095,P0303
H095,P0304
H095,P0306
H095,P0307
H095,P0308
H095,P0310
H095,P0312
H095,P0313
H095,P0314
H095,P0315
H095,P0317
H095,P0318
H095,P0319
H095,P0320
H095,P0321
H095,P0323
H095,P0324
H095,P0325
H095,P0326
H095,P0328
H095,P0329
H095,P0330
H095,P0331
H095,P0333
H095,P0334
H095,P0336
H095,P0337
H095,P0338
H095,P0339
H095,P0341
H095,P0344
H095,P0345
H095,P0346
H095,P0347
H095,P0348
H095,P0349
H095,P0351
H095,P0353
H095,P0354
H095,P0355
H095,P0356
H095,P0357
H095,P0358
H095,P0361
H095,P0363
H095,P0364
H095,P0367
H095,P0368
H095,P0369
H095,P0370
H095,P0371
H095,P0372
H095,P0373
H095,P0374
H095,P0375
H095,P0377
H095,P0379
H095,P0380
H095,P0381
H095,P0382
H095,P0384
H095,P0385
H095,P0386
H095,P0388
H095,P0389
H095,P0390
H095,P0391
H095,P0392
H095,P0393
H095,P0394
H095,P0395
H095,P0396
H095,P0397
H095,P0398
H095,P0400
H095,P0401
H095,P0402
H095,P0404
H095,P0405
H095,P0406
H095,P0407
H095,P0408
H095,P0409
H095,P0410
H095,P0411
H095,P0412
H095,P0413
H095,P0414
H095,P0415
H095,P0416
H095,P0417
H095,P0418
H095,P0420
H095,P0421
H095,P0422
H095,P0424
H095,P0427
H095,P0429
H095,P0430
H095,P0431
H095,P0432
H095,P0433
H095,P0434
H095,P0435
H095,P0436
H095,P0437
H095,P0438
H095,P0440
H095,P0441
H095,P0443
H095,P0445
H095,P0446
H095,P0447
H095,P0448
H095,P0449
H095,P0450
H095,P0451
H095,P0452
H095,P0453
H095,P0454
H095,P0455
H095,P0457
H095,P0459
H095,P0460
H095,P0462
H095,P0463
H095,P0464
H095,P0465
H095,P0468
H095,P0469
H095,P0470
H095,P0471
H095,P0473
H095,P0474
H095,P0478
H095,P0480
H095,P0481
H095,P0482
H095,P0483
H095,P0484
H095,P0485
H095,P0486
H095,P0489
H095,P0490
H095,P0491
H095,P0492
H095,P0493
H095,P0495
H095,P0496
H095,P0497
H095,P0498
H095,P0500
H095,P0502
H095,P0505
H095,P0506
H095,P0507
H095,P0508
H095,P0511
H095,P0514
H095,P0515
H095,P0516
H095,P0517
H095,P0518
H095,P0519
H095,P0520
H095,P0521
H095,P0522
H095,P0523
H095,P0526
H095,P0527
H095,P0528
H095,P0529
H095,P0530
H095,P0531
H095,P0532
H095,P0533
H095,P0535
H095,P0536
H095,P0537
H095,P0538
H095,P0539
H095,P0540
H095,P0541
H095,P0542
H095,P0543
H095,P0544
H095,P0545
H095,P0546
H095,P0547
H095,P0548
H095,P0549
H095,P0550
H095,P0551
H095,P0552
H095,P0553
H095,P0556
H095,P0558
H095,P0559
H095,P0560
H095,P0562
H095,P0563
H095,P0564
H095,P0565
H095,P0567
H095,P0568
H095,P0570
H095,P0571
H095,P0572
H095,P0574
H095,P0575
H095,P0577
H095,P0578
H095,P0579
H095,P0582
H095,P0583
H095,P0584
H095,P0585
H095,P0586
H095,P0587
H095,P0588
H095,P0589
H095,P0590
H095,P0591
H095,P0593
H095,P0594
H095,P0595
H095,P0596
H095,P0597
H095,P0598
H095,P0599
H095,P0600
H096,P0001
H096,P0002
H096,P0004
H096,P0005
H096,P0006
H096,P0010
H096,P0012
H096,P0013
H096,P0014
H096,P0015
H096,P0016
H096,P0017
H096,P0018
H096,P0019
H096,P0020
H096,P0021
H096,P0022
H096,P0023
H096,P0024
H096,P0026
H096,P0029
H096,P0031
H096,P0033
H096,P0034
H096,P0035
H096,P0036
H096,P0037
H096,P0038
H096,P0041
H096,P0043
H096,P0044
H096,P0045
H096,P0046
H096,P0047
H096,P0048
H096,P0049
H096,P0051
H096,P0052
H096,P0053
H096,P0054
H096,P0055
H096,P0058
H096,P0060
H096,P0062
H096,P0064
H096,P0066
H096,P0067
H096,P0068
H096,P0069
H096,P0070
H096,P0071
H096,P0072
H096,P0073
H096,P0075
H096,P0076
H096,P0078
H096,P0079
H096,P0080
H096,P0081
H096,P0082
H096,P0083
H096,P0084
H096,P0086
H096,P0087
H096,P0088
H096,P0090
H096,P0091
H096,P0092
H096,P0093
H096,P0094
H096,P0095
H096,P0096
H096,P0097
H096,P0098
H096,P0099
H096,P0100
H096,P0101
H096,P0104
H096,P0105
H096,P0107
H096,P0108
H096,P0111
H096,P0112
H096,P0113
H096,P0114
H096,P0115
H096,P0116
H096,P0117
H096,P0118
H096,P0119
H096,P0121
H096,P0122
H096,P0125
H096,P0126
H096,P0127
H096,P0128
H096,P0129
H096,P0130
H096,P0132
H096,P0133
H096,P0135
H096,P0136
H096,P0137
H096,P0139
H096,P0140
H096,P0142
H096,P0143
H096,P0144
H096,P0145
H096,P0146
H096,P0148
H096,P0149
H096,P0150
H096,P0151
H096,P0152
H096,P0153
H096,P0154
H096,P0155
H096,P0156
H096,P0157
H096,P0158
H096,P0159
H096,P0160
H096,P0162
H096,P0163
H096,P0164
H096,P0165
H096,P0166
H096,P0169
H096,P0170
H096,P0171
H096,P0172
H096,P0173
H096,P0175
H096,P0177
H096,P0178
H096,P0179
H096,P0182
H096,P0183
H096,P0184
H096,P0185
H096,P0187
H096,P0188
H096,P0189
H096,P0190
H096,P0191
H096,P0192
H096,P0193
H096,P0194
H096,P0195
H096,P0196
H096,P0197
H096,P0198
H096,P0200
H096,P0201
H096,P0202
H096,P0203
H096,P0204
H096,P0206
H096,P0207
H096,P0208
H096,P0209
H096,P0210
H096,P0211
H096,P0212
H096,P0213
H096,P0215
H096,P0216
H096,P0218
H096,P0222
H096,P0224
H096,P0225
H096,P0226
H096,P0229
H096,P0230
H096,P0231
H096,P0232
H096,P0234
H096,P0235
H096,P0241
H096,P0242
H096,P0243
H096,P0245
H096,P0246
H096,P0248
H096,P0249
H096,P0250
H096,P0251
H096,P0254
H096,P0255
H096,P0256
H096,P0257
H096,P0258
H096,P0259
H096,P0260
H096,P0261
H096,P0262
H096,P0263
H096,P0264
H096,P0265
H096,P0266
H096,P0267
H096,P0268
H096,P0269
H096,P0270
H096,P0271
H096,P0272
H096,P0273
H096,P0279
H096,P0283
H096,P0284
H096,P0285
H096,P0286
H096,P0287
H096,P0288
H096,P0289
H096,P0290
H096,P0292
H096,P0295
H096,P0296
H096,P0299
H096,P0300
H096,P0301
H096,P0302
H096,P0303
H096,P0305
H096,P0306
H096,P0307
H096,P0308
H096,P0309
H096,P0310
H096,P0311
H096,P0312
H096,P0313
H096,P0314
H096,P0315
H096,P0317
H096,P0320
H096,P0321
H096,P0323
H096,P0324
H096,P0325
H096,P0327
H096,P0328
H096,P0329
H096,P0330
H096,P0331
H096,P0332
H096,P0333
H096,P0334
H096,P0335
H096,P0336
H096,P0337
H096,P0338
H096,P0340
H096,P0341
H096,P0342
H096,P0343
H096,P0345
H096,P0346
H096,P0347
H096,P0348
H096,P0351
H096,P0353
H096,P0354
H096,P0355
H096,P0356
H096,P0357
H096,P0358
H096,P0359
H096,P0360
H096,P0361
H096,P0362
H096,P0363
H096,P0364
H096,P0365
H096,P0366
H096,P0367
H096,P0368
H096,P0369
H096,P0370
H096,P0371
H096,P0372
H096,P0374
H096,P0375
H096,P0376
H096,P0377
H096,P0378
H096,P0379
H096,P0380
H096,P0381
H096,P0382
H096,P0383
H096,P0384
H096,P0385
H096,P0387
H096,P0390
H096,P0391
H096,P0393
H096,P0394
H096,P0395
H096,P0396
H096,P0398
H096,P0399
H096,P0400
H096,P0401
H096,P0402
H096,P0404
H096,P0405
H096,P0407
H096,P0408
H096,P0409
H096,P0410
H096,P0412
H096,P0413
H096,P0414
H096,P0415
H096,P0416
H096,P0417
H096,P0418
H096,P0420
H096,P0422
H096,P0423
H096,P0424
H096,P0425
H096,P0426
H096,P0428
H096,P0429
H096,P0430
H096,P0431
H096,P0432
H096,P0433
H096,P0434
H096,P0435
H096,P0436
H096,P0438
H096,P0439
H096,P0441
H096,P0442
H096,P0443
H096,P0445
H096,P0446
H096,P0447
H096,P0448
H096,P0452
H096,P0453
H096,P0455
H096,P0456
H096,P0458
H096,P0459
H096,P0461
H096,P0462
H096,P0463
H096,P0464
H096,P0465
H096,P0466
H096,P0468
H096,P0469
H096,P0470
H096,P0471
H096,P0472
H096,P0473
H096,P0474
H096,P0475
H096,P0477
H096,P0478
H096,P0479
H096,P0481
H096,P0485
H096,P0486
H096,P0487
H096,P0489
H096,P0490
H096,P0491
H096,P0492
H096,P0493
H096,P0494
H096,P0495
H096,P0497
H096,P0500
H096,P0501
H096,P0502
H096,P0504
H096,P0505
H096,P0506
H096,P0507
H096,P0509
H096,P0510
H096,P0511
H096,P0514
H096,P0516
H096,P0517
H096,P0518
H096,P0519
H096,P0520
H096,P0522
H096,P0523
H096,P0524
H096,P0526
H096,P0527
H096,P0528
H096,P0529
H096,P0530
H096,P0532
H096,P0533
H096,P0535
H096,P0537
H096,P0540
H096,P0541
H096,P0542
H096,P0543
H096,P0544
H096,P0545
H096,P0546
H096,P0547
H096,P0548
H096,P0549
H096,P0550
H096,P0552
H096,P0555
H096,P0560
H096,P0561
H096,P0562
H096,P0563
H096,P0565
H096,P0566
H096,P0567
H096,P0568
H096,P0570
H096,P0571
H096,P0572
H096,P0573
H096,P0574
H096,P0575
H096,P0576
H096,P0578
H096,P0579
H096,P0580
H096,P0581
H096,P0582
H096,P0583
H096,P0584
H096,P0585
H096,P0586
H096,P0587
H096,P0589
H096,P0590
H096,P0591
H096,P0593
H096,P0594
H096,P0595
H096,P0596
H096,P0598
H096,P0599
H096,P0600
H097,P0004
H097,P0006
H097,P0008
H097,P0010
H097,P0012
H097,P0013
H097,P0014
H097,P0016
H097,P0017
H097,P0018
H097,P0019
H097,P0020
H097,P0021
H097,P0026
H097,P0027
H097,P0030
H097,P0032
H097,P0033
H097,P0034
H097,P0035
H097,P0036
H097,P0037
H097,P0039
H097,P0042
H097,P0043
H097,P0045
H097,P0046
H097,P0047
H097,P0048
H097,P0049
H097,P0050
H097,P0052
H097,P0054
H097,P0057
H097,P0058
H097,P0059
H097,P0060
H097,P0061
H097,P0062
H097,P0064
H097,P0065
H097,P0066
H097,P0067
H097,P0068
H097,P0069
H097,P0070
H097,P0072
H097,P0073
H097,P0074
H097,P0075
H097,P0076
H097,P0078
H097,P0079
H097,P0082
H097,P0083
H097,P0085
H097,P0086
H097,P0087
H097,P0088
H097,P0089
H097,P0090
H097,P0091
H097,P0092
H097,P0093
H097,P0094
H097,P0097
H097,P0098
H097,P0099
H097,P0100
H097,P0101
H097,P0103
H097,P0105
H097,P0107
H097,P0108
H097,P0109
H097,P0111
H097,P0113
H097,P0114
H097,P0115
H097,P0116
H097,P0117
H097,P0118
H097,P0121
H097,P0122
H097,P0123
H097,P0125
H097,P0126
H097,P0127
H097,P0128
H097,P0129
H097,P0130
H097,P0131
H097,P0132
H097,P0133
H097,P0135
H097,P0136
H097,P0137
H097,P0138
H097,P0139
H097,P0140
H097,P0141
H097,P0142
H097,P0143
H097,P0144
H097,P0145
H097,P0147
H097,P0148
H097,P0149
H097,P0151
H097,P0152
H097,P0153
H097,P0154
H097,P0155
H097,P0156
H097,P0157
H097,P0158
H097,P0159
H097,P0160
H097,P0161
H097,P0164
H097,P0165
H097,P0166
H097,P0167
H097,P0169
H097,P0170
H097,P0171
H097,P0172
H097,P0173
H097,P0174
H097,P0178
H097,P0179
H097,P0180
H097,P0181
H097,P0182
H097,P0183
H097,P0185
H097,P0187
H097,P0188
H097,P0189
H097,P0190
H097,P0192
H097,P0193
H097,P0194
H097,P0195
H097,P0196
H097,P0202
H097,P0203
H097,P0204
H097,P0205
H097,P0206
H097,P0207
H097,P0208
H097,P0209
H097,P0210
H097,P0211
H097,P0212
H097,P0213
H097,P0214
H097,P0215
H097,P0216
H097,P0217
H097,P0218
H097,P0219
H097,P0221
H097,P0222
H097,P0223
H097,P0224
H097,P0225
H097,P0226
H097,P0227
H097,P0228
H097,P0229
H097,P0230
H097,P0231
H097,P0232
H097,P0235
H097,P0237
H097,P0238
H097,P0239
H097,P0240
H097,P0241
H097,P0242
H097,P0243
H097,P0244
H097,P0245
H097,P0246
H097,P0247
H097,P0249
H097,P0250
H097,P0251
H097,P0252
H097,P0253
H097,P0254
H097,P0256
H097,P0257
H097,P0258
H097,P0259
H097,P0261
H097,P0262
H097,P0263
H097,P0264
H097,P0265
H097,P0266
H097,P0267
H097,P0268
H097,P0271
H097,P0273
H097,P0274
H097,P0276
H097,P0277
H097,P0278
H097,P0279
H097,P0280
H097,P0282
H097,P0284
H097,P0286
H097,P0287
H097,P0288
H097,P0289
H097,P0290
H097,P0291
H097,P0292
H097,P0293
H097,P0294
H097,P0295
H097,P0296
H097,P0297
H097,P0298
H097,P0299
H097,P0300
H097,P0301
H097,P0302
H097,P0303
H097,P0305
H097,P0306
H097,P0307
H097,P0308
H097,P0309
H097,P0310
H097,P0312
H097,P0313
H097,P0314
H097,P0315
H097,P0316
H097,P0317
H097,P0318
H097,P0321
H097,P0322
H097,P0323
H097,P0324
H097,P0325
H097,P0326
H097,P0328
H097,P0329
H097,P0330
H097,P0332
H097,P0334
H097,P0335
H097,P0336
H097,P0337
H097,P0338
H097,P0340
H097,P0341
H097,P0342
H097,P0344
H097,P0345
H097,P0346
H097,P0347
H097,P0349
H097,P0351
H097,P0352
H097,P0353
H097,P0354
H097,P0355
H097,P0356
H097,P0357
H097,P0358
H097,P0359
H097,P0360
H097,P0361
H097,P0362
H097,P0363
H097,P0365
H097,P0366
H097,P0367
H097,P0368
H097,P0369
H097,P0370
H097,P0371
H097,P0372
H097,P0373
H097,P0374
H097,P0375
H097,P0376
H097,P0377
H097,P0378
H097,P0379
H097,P0381
H097,P0382
H097,P0383
H097,P0384
H097,P0385
H097,P0387
H097,P0390
H097,P0391
H097,P0392
H097,P0394
H097,P0395
H097,P0396
H097,P0397
H097,P0398
H097,P0399
H097,P0400
H097,P0401
H097,P0402
H097,P0404
H097,P0405
H097,P0406
H097,P0407
H097,P0408
H097,P0410
H097,P0411
H097,P0412
H097,P0414
H097,P0415
H097,P0416
H097,P0417
H097,P0418
H097,P0419
H097,P0420
H097,P0421
H097,P0422
H097,P0423
H097,P0425
H097,P0427
H097,P0428
H097,P0430
H097,P0431
H097,P0433
H097,P0435
H097,P0437
H097,P0438
H097,P0439
H097,P0440
H097,P0441
H097,P0442
H097,P0443
H097,P0446
H097,P0447
H097,P0448
H097,P0449
H097,P0450
H097,P0451
H097,P0452
H097,P0453
H097,P0455
H097,P0456
H097,P0457
H097,P0459
H097,P0461
H097,P0462
H097,P0463
H097,P0464
H097,P0466
H097,P0467
H097,P0468
H097,P0469
H097,P0470
H097,P0471
H097,P0472
H097,P0474
H097,P0477
H097,P0480
H097,P0481
H097,P0483
H097,P0484
H097,P0485
H097,P0486
H097,P0489
H097,P0490
H097,P0492
H097,P0493
H097,P0494
H097,P0495
H097,P0497
H097,P0498
H097,P0499
H097,P0500
H097,P0501
H097,P0502
H097,P0504
H097,P0506
H097,P0507
H097,P0509
H097,P0511
H097,P0512
H097,P0514
H097,P0515
H097,P0516
H097,P0518
H097,P0519
H097,P0520
H097,P0521
H097,P0522
H097,P0523
H097,P0524
H097,P0526
H097,P0527
H097,P0528
H097,P0529
H097,P0530
H097,P0531
H097,P0532
H097,P0533
H097,P0534
H097,P0536
H097,P0537
H097,P0538
H097,P0539
H097,P0540
H097,P0541
H097,P0544
H097,P0545
H097,P0546
H097,P0547
H097,P0548
H097,P0549
H097,P0551
H097,P0552
H097,P0553
H097,P0554
H097,P0555
H097,P0556
H097,P0557
H097,P0558
H097,P0559
H097,P0561
H097,P0563
H097,P0564
H097,P0565
H097,P0566
H097,P0567
H097,P0568
H097,P0569
H097,P0570
H097,P0571
H097,P0572
H097,P0574
H097,P0575
H097,P0577
H097,P0578
H097,P0579
H097,P0584
H097,P0585
H097,P0586
H097,P0587
H097,P0589
H097,P0590
H097,P0591
H097,P0593
H097,P0594
H097,P0595
H097,P0596
H097,P0597
H097,P0598
H097,P0599
H097,P0600
H098,P0004
H098,P0006
H098,P0007
H098,P0008
H098,P0009
H098,P0011
H098,P0013
H098,P0016
H098,P0017
H098,P0019
H098,P0020
H098,P0021
H098,P0023
H098,P0024
H098,P0030
H098,P0034
H098,P0042
H098,P0043
H098,P0045
H098,P0048
H098,P0050
H098,P0057
H098,P0058
H098,P0061
H098,P0062
H098,P0063
H098,P0064
H098,P0069
H098,P0071
H098,P0072
H098,P0073
H098,P0075
H098,P0079
H098,P0082
H098,P0083
H098,P0084
H098,P0085
H098,P0086
H098,P0089
H098,P0100
H098,P0103
H098,P0104
H098,P0105
H098,P0108
H098,P0109
H098,P0110
H098,P0113
H098,P0117
H098,P0123
H098,P0126
H098,P0127
H098,P0129
H098,P0130
H098,P0131
H098,P0132
H098,P0135
H098,P0136
H098,P0141
H098,P0142
H098,P0143
H098,P0144
H098,P0146
H098,P0147
H098,P0148
H098,P0149
H098,P0152
H098,P0155
H098,P0157
H098,P0158
H098,P0160
H098,P0161
H098,P0163
H098,P0169
H098,P0170
H098,P0172
H098,P0174
H098,P0176
H098,P0183
H098,P0188
H098,P0189
H098,P0192
H098,P0194
H098,P0196
H098,P0200
H098,P0202
H098,P0203
H098,P0204
H098,P0207
H098,P0208
H098,P0209
H098,P0211
H098,P0215
H098,P0218
H098,P0224
H098,P0225
H098,P0226
H098,P0229
H098,P0230
H098,P0231
H098,P0232
H098,P0234
H098,P0239
H098,P0244
H098,P0246
H098,P0247
H098,P0250
H098,P0251
H098,P0255
H098,P0258
H098,P0259
H098,P0261
H098,P0262
H098,P0265
H098,P0266
H098,P0268
H098,P0269
H098,P0271
H098,P0277
H098,P0278
H098,P0279
H098,P0280
H098,P0287
H098,P0288
H098,P0289
H098,P0292
H098,P0293
H098,P0298
H098,P0299
H098,P0300
H098,P0302
H098,P0303
H098,P0306
H098,P0307
H098,P0308
H098,P0310
H098,P0312
H098,P0313
H098,P0314
H098,P0317
H098,P0318
H098,P0319
H098,P0321
H098,P0323
H098,P0324
H098,P0325
H098,P0329
H098,P0330
H098,P0332
H098,P0336
H098,P0337
H098,P0338
H098,P0339
H098,P0342
H098,P0345
H098,P0346
H098,P0347
H098,P0349
H098,P0353
H098,P0355
H098,P0357
H098,P0359
H098,P0361
H098,P0362
H098,P0363
H098,P0366
H098,P0368
H098,P0369
H098,P0370
H098,P0375
H098,P0377
H098,P0379
H098,P0380
H098,P0381
H098,P0383
H098,P0393
H098,P0398
H098,P0401
H098,P0402
H098,P0404
H098,P0406
H098,P0407
H098,P0408
H098,P0410
H098,P0411
H098,P0414
H098,P0415
H098,P0421
H098,P0422
H098,P0427
H098,P0428
H098,P0429
H098,P0430
H098,P0431
H098,P0433
H098,P0435
H098,P0443
H098,P0446
H098,P0447
H098,P0448
H098,P0452
H098,P0453
H098,P0454
H098,P0456
H098,P0458
H098,P0461
H098,P0462
H098,P0463
H098,P0464
H098,P0465
H098,P0466
H098,P0469
H098,P0471
H098,P0473
H098,P0480
H098,P0484
H098,P0486
H098,P0489
H098,P0492
H098,P0494
H098,P0495
H098,P0497
H098,P0501
H098,P0511
H098,P0514
H098,P0516
H098,P0519
H098,P0520
H098,P0522
H098,P0525
H098,P0527
H098,P0528
H098,P0532
H098,P0537
H098,P0539
H098,P0540
H098,P0541
H098,P0544
H098,P0547
H098,P0548
H098,P0550
H098,P0551
H098,P0552
H098,P0553
H098,P0554
H098,P0556
H098,P0557
H098,P0561
H098,P0563
H098,P0567
H098,P0569
H098,P0570
H098,P0573
H098,P0574
H098,P0575
H098,P0576
H098,P0579
H098,P0585
H098,P0589
H098,P0590
H098,P0594
H098,P0598
H098,P0599
H098,P0600
H099,P0001
H099,P0006
H099,P0007
H099,P0008
H099,P0009
H099,P0010
H099,P0011
H099,P0014
H099,P0015
H099,P0016
H099,P0018
H099,P0019
H099,P0021
H099,P0024
H099,P0027
H099,P0034
H099,P0035
H099,P0037
H099,P0045
H099,P0047
H099,P0048
H099,P0052
H099,P0057
H099,P0059
H099,P0060
H099,P0062
H099,P0065
H099,P0069
H099,P0071
H099,P0075
H099,P0077
H099,P0079
H099,P0080
H099,P0081
H099,P0082
H099,P0084
H099,P0086
H099,P0096
H099,P0097
H099,P0098
H099,P0099
H099,P0100
H099,P0102
H099,P0103
H099,P0104
H099,P0105
H099,P0109
H099,P0110
H099,P0111
H099,P0113
H099,P0114
H099,P0116
H099,P0117
H099,P0120
H099,P0121
H099,P0124
H099,P0125
H099,P0126
H099,P0129
H099,P0130
H099,P0132
H099,P0134
H099,P0135
H099,P0136
H099,P0140
H099,P0142
H099,P0143
H099,P0146
H099,P0148
H099,P0149
H099,P0151
H099,P0152
H099,P0155
H099,P0157
H099,P0161
H099,P0165
H099,P0166
H099,P0167
H099,P0168
H099,P0169
H099,P0170
H099,P0171
H099,P0172
H099,P0173
H099,P0174
H099,P0178
H099,P0179
H099,P0182
H099,P0184
H099,P0185
H099,P0187
H099,P0189
H099,P0190
H099,P0191
H099,P0192
H099,P0193
H099,P0194
H099,P0195
H099,P0201
H099,P0203
H099,P0204
H099,P0206
H099,P0212
H099,P0213
H099,P0214
H099,P0215
H099,P0216
H099,P0218
H099,P0220
H099,P0221
H099,P0222
H099,P0224
H099,P0226
H099,P0230
H099,P0231
H099,P0232
H099,P0234
H099,P0236
H099,P0238
H099,P0242
H099,P0244
H099,P0249
H099,P0252
H099,P0254
H099,P0256
H099,P0257
H099,P0259
H099,P0261
H099,P0262
H099,P0264
H099,P0265
H099,P0267
H099,P0268
H099,P0269
H099,P0271
H099,P0273
H099,P0274
H099,P0275
H099,P0276
H099,P0278
H099,P0279
H099,P0281
H099,P0287
H099,P0288
H099,P0289
H099,P0292
H099,P0293
H099,P0295
H099,P0296
H099,P0299
H099,P0303
H099,P0304
H099,P0305
H099,P0306
H099,P0310
H099,P0312
H099,P0313
H099,P0321
H099,P0323
H099,P0324
H099,P0325
H099,P0326
H099,P0332
H099,P0335
H099,P0336
H099,P0337
H099,P0338
H099,P0339
H099,P0340
H099,P0342
H099,P0345
H099,P0346
H099,P0348
H099,P0351
H099,P0352
H099,P0360
H099,P0361
H099,P0363
H099,P0366
H099,P0368
H099,P0369
H099,P0370
H099,P0373
H099,P0374
H099,P0375
H099,P0376
H099,P0378
H099,P0379
H099,P0380
H099,P0381
H099,P0382
H099,P0383
H099,P0391
H099,P0395
H099,P0396
H099,P0397
H099,P0398
H099,P0400
H099,P0402
H099,P0404
H099,P0405
H099,P0406
H099,P0407
H099,P0408
H099,P0410
H099,P0413
H099,P0414
H099,P0417
H099,P0421
H099,P0424
H099,P0426
H099,P0427
H099,P0428
H099,P0431
H099,P0432
H099,P0433
H099,P0435
H099,P0438
H099,P0440
H099,P0443
H099,P0444
H099,P0445
H099,P0447
H099,P0450
H099,P0452
H099,P0454
H099,P0461
H099,P0464
H099,P0465
H099,P0467
H099,P0468
H099,P0469
H099,P0470
H099,P0471
H099,P0474
H099,P0477
H099,P0480
H099,P0484
H099,P0485
H099,P0486
H099,P0488
H099,P0489
H099,P0490
H099,P0492
H099,P0496
H099,P0497
H099,P0502
H099,P0507
H099,P0509
H099,P0514
H099,P0515
H099,P0517
H099,P0518
H099,P0519
H099,P0520
H099,P0521
H099,P0522
H099,P0523
H099,P0524
H099,P0527
H099,P0529
H099,P0532
H099,P0533
H099,P0538
H099,P0540
H099,P0542
H099,P0545
H099,P0547
H099,P0548
H099,P0550
H099,P0553
H099,P0556
H099,P0557
H099,P0559
H099,P0561
H099,P0564
H099,P0565
H099,P0569
H099,P0570
H099,P0571
H099,P0575
H099,P0576
H099,P0585
H099,P0588
H099,P0589
H099,P0590
H099,P0593
H099,P0596
H099,P0597
H099,P0598
H100,P0001
H100,P0002
H100,P0005
H100,P0006
H100,P0007
H100,P0008
H100,P0009
H100,P0011
H100,P0012
H100,P0013
H100,P0014
H100,P0015
H100,P0016
H100,P0017
H100,P0018
H100,P0019
H100,P0020
H100,P0021
H100,P0022
H100,P0023
H100,P0024
H100,P0025
H100,P0027
H100,P0029
H100,P0031
H100,P0035
H100,P0036
H100,P0037
H100,P0038
H100,P0039
H100,P0040
H100,P0043
H100,P0045
H100,P0047
H100,P0052
H100,P0055
H100,P0058
H100,P0059
H100,P0060
H100,P0062
H100,P0063
H100,P0065
H100,P0066
H100,P0068
H100,P0070
H100,P0071
H100,P0072
H100,P0075
H100,P0076
H100,P0077
H100,P0079
H100,P0082
H100,P0083
H100,P0084
H100,P0085
H100,P0086
H100,P0087
H100,P0089
H100,P0090
H100,P0092
H100,P0093
H100,P0094
H100,P0097
H100,P0098
H100,P0100
H100,P0101
H100,P0102
H100,P0105
H100,P0106
H100,P0107
H100,P0108
H100,P0110
H100,P0111
H100,P0112
H100,P0113
H100,P0114
H100,P0115
H100,P0116
H100,P0117
H100,P0121
H100,P0122
H100,P0123
H100,P0124
H100,P0125
H100,P0126
H100,P0129
H100,P0130
H100,P0131
H100,P0132
H100,P0136
H100,P0137
H100,P0139
H100,P0140
H100,P0143
H100,P0144
H100,P0146
H100,P0147
H100,P0148
H100,P0149
H100,P0150
H100,P0151
H100,P0152
H100,P0153
H100,P0155
H100,P0156
H100,P0157
H100,P0158
H100,P0160
H100,P0163
H100,P0164
H100,P0165
H100,P0166
H100,P0169
H100,P0170
H100,P0171
H100,P0172
H100,P0173
H100,P0176
H100,P0178
H100,P0179
H100,P0180
H100,P0181
H100,P0182
H100,P0183
H100,P0185
H100,P0188
H100,P0189
H100,P0190
H100,P0192
H100,P0193
H100,P0195
H100,P0198
H100,P0201
H100,P0202
H100,P0203
H100,P0204
H100,P0205
H100,P0206
H100,P0207
H100,P0208
H100,P0209
H100,P0210
H100,P0211
H100,P0212
H100,P0213
H100,P0214
H100,P0215
H100,P0216
H100,P0221
H100,P0222
H100,P0224
H100,P0225
H100,P0228
H100,P0229
H100,P0230
H100,P0232
H100,P0234
H100,P0235
H100,P0237
H100,P0238
H100,P0240
H100,P0241
H100,P0242
H100,P0244
H100,P0245
H100,P0246
H100,P0247
H100,P0248
H100,P0249
H100,P0250
H100,P0251
H100,P0252
H100,P0253
H100,P0254
H100,P0255
H100,P0256
H100,P0257
H100,P0258
H100,P0259
H100,P0261
H100,P0262
H100,P0263
H100,P0265
H100,P0266
H100,P0268
H100,P0269
H100,P0270
H100,P0271
H100,P0273
H100,P0277
H100,P0278
H100,P0279
H100,P0280
H100,P0282
H100,P0284
H100,P0285
H100,P0287
H100,P0288
H100,P0289
H100,P0293
H100,P0295
H100,P0296
H100,P0299
H100,P0300
H100,P0302
H100,P0304
H100,P0305
H100,P0306
H100,P0307
H100,P0308
H100,P0309
H100,P0310
H100,P0312
H100,P0313
H100,P0314
H100,P0315
H100,P0316
H100,P0317
H100,P0318
H100,P0319
H100,P0320
H100,P0321
H100,P0324
H100,P0325
H100,P0326
H100,P0327
H100,P0328
H100,P0329
H100,P0330
H100,P0331
H100,P0332
H100,P0334
H100,P0335
H100,P0336
H100,P0337
H100,P0338
H100,P0339
H100,P0342
H100,P0343
H100,P0345
H100,P0346
H100,P0347
H100,P0348
H100,P0349
H100,P0351
H100,P0352
H100,P0353
H100,P0354
H100,P0355
H100,P0356
H100,P0358
H100,P0360
H100,P0361
H100,P0364
H100,P0366
H100,P0367
H100,P0368
H100,P0369
H100,P0370
H100,P0371
H100,P0372
H100,P0374
H100,P0375
H100,P0376
H100,P0378
H100,P0379
H100,P0380
H100,P0381
H100,P0382
H100,P0383
H100,P0389
H100,P0390
H100,P0391
H100,P0393
H100,P0394
H100,P0395
H100,P0396
H100,P0397
H100,P0398
H100,P0400
H100,P0401
H100,P0402
H100,P0404
H100,P0405
H100,P0406
H100,P0407
H100,P0408
H100,P0409
H100,P0410
H100,P0411
H100,P0412
H100,P0413
H100,P0414
H100,P0415
H100,P0416
H100,P0417
H100,P0418
H100,P0420
H100,P0421
H100,P0422
H100,P0426
H100,P0429
H100,P0430
H100,P0431
H100,P0432
H100,P0434
H100,P0435
H100,P0438
H100,P0439
H100,P0440
H100,P0441
H100,P0443
H100,P0444
H100,P0445
H100,P0446
H100,P0447
H100,P0449
H100,P0450
H100,P0451
H100,P0454
H100,P0455
H100,P0459
H100,P0460
H100,P0461
H100,P0462
H100,P0464
H100,P0466
H100,P0468
H100,P0469
H100,P0470
H100,P0471
H100,P0472
H100,P0473
H100,P0478
H100,P0479
H100,P0480
H100,P0484
H100,P0485
H100,P0486
H100,P0487
H100,P0488
H100,P0489
H100,P0490
H100,P0491
H100,P0492
H100,P0494
H100,P0495
H100,P0497
H100,P0498
H100,P0499
H100,P0502
H100,P0504
H100,P0505
H100,P0506
H100,P0507
H100,P0508
H100,P0510
H100,P0511
H100,P0514
H100,P0515
H100,P0516
H100,P0518
H100,P0519
H100,P0520
H100,P0521
H100,P0522
H100,P0523
H100,P0524
H100,P0526
H100,P0527
H100,P0528
H100,P0530
H100,P0531
H100,P0532
H100,P0533
H100,P0534
H100,P0535
H100,P0536
H100,P0539
H100,P0540
H100,P0541
H100,P0542
H100,P0543
H100,P0544
H100,P0547
H100,P0550
H100,P0551
H100,P0552
H100,P0553
H100,P0554
H100,P0555
H100,P0556
H100,P0557
H100,P0558
H100,P0561
H100,P0563
H100,P0565
H100,P0567
H100,P0568
H100,P0569
H100,P0570
H100,P0571
H100,P0572
H100,P0573
H100,P0575
H100,P0576
H100,P0577
H100,P0578
H100,P0579
H100,P0580
H100,P0583
H100,P0584
H100,P0587
H100,P0589
H100,P0590
H100,P0591
H100,P0592
H100,P0593
H100,P0594
H100,P0595
H100,P0598
H100,P0599
H100,P0600
H101,P0001
H101,P0002
H101,P0003
H101,P0005
H101,P0006
H101,P0007
H101,P0008
H101,P0009
H101,P0011
H101,P0012
H101,P0013
H101,P0015
H101,P0016
H101,P0017
H101,P0018
H101,P0020
H101,P0021
H101,P0022
H101,P0023
H101,P0028
H101,P0029
H101,P0030
H101,P0037
H101,P0038
H101,P0042
H101,P0043
H101,P0045
H101,P0047
H101,P0048
H101,P0049
H101,P0051
H101,P0052
H101,P0053
H101,P0057
H101,P0061
H101,P0062
H101,P0063
H101,P0064
H101,P0065
H101,P0066
H101,P0067
H101,P0069
H101,P0071
H101,P0072
H101,P0074
H101,P0075
H101,P0076
H101,P0079
H101,P0082
H101,P0083
H101,P0084
H101,P0085
H101,P0086
H101,P0087
H101,P0088
H101,P0090
H101,P0091
H101,P0092
H101,P0093
H101,P0094
H101,P0095
H101,P0096
H101,P0097
H101,P0100
H101,P0102
H101,P0104
H101,P0105
H101,P0106
H101,P0107
H101,P0108
H101,P0111
H101,P0112
H101,P0113
H101,P0116
H101,P0117
H101,P0118
H101,P0120
H101,P0121
H101,P0123
H101,P0124
H101,P0126
H101,P0128
H101,P0129
H101,P0130
H101,P0131
H101,P0132
H101,P0133
H101,P0135
H101,P0136
H101,P0137
H101,P0138
H101,P0140
H101,P0142
H101,P0143
H101,P0144
H101,P0145
H101,P0147
H101,P0148
H101,P0151
H101,P0153
H101,P0155
H101,P0157
H101,P0158
H101,P0160
H101,P0161
H101,P0162
H101,P0163
H101,P0164
H101,P0165
H101,P0166
H101,P0167
H101,P0168
H101,P0169
H101,P0170
H101,P0171
H101,P0172
H101,P0173
H101,P0175
H101,P0178
H101,P0181
H101,P0183
H101,P0184
H101,P0185
H101,P0186
H101,P0187
H101,P0188
H101,P0189
H101,P0190
H101,P0191
H101,P0192
H101,P0193
H101,P0194
H101,P0195
H101,P0196
H101,P0197
H101,P0200
H101,P0201
H101,P0203
H101,P0207
H101,P0209
H101,P0211
H101,P0213
H101,P0214
H101,P0216
H101,P0217
H101,P0218
H101,P0222
H101,P0224
H101,P0225
H101,P0226
H101,P0227
H101,P0228
H101,P0231
H101,P0232
H101,P0236
H101,P0237
H101,P0238
H101,P0239
H101,P0242
H101,P0243
H101,P0244
H101,P0246
H101,P0249
H101,P0250
H101,P0251
H101,P0253
H101,P0256
H101,P0257
H101,P0258
H101,P0259
H101,P0261
H101,P0265
H101,P0266
H101,P0267
H101,P0268
H101,P0269
H101,P0271
H101,P0272
H101,P0273
H101,P0274
H101,P0276
H101,P0277
H101,P0278
H101,P0279
H101,P0280
H101,P0284
H101,P0285
H101,P0286
H101,P0287
H101,P0288
H101,P0289
H101,P0290
H101,P0291
H101,P0293
H101,P0295
H101,P0296
H101,P0298
H101,P0299
H101,P0304
H101,P0305
H101,P0306
H101,P0310
H101,P0311
H101,P0312
H101,P0313
H101,P0314
H101,P0317
H101,P0318
H101,P0319
H101,P0321
H101,P0322
H101,P0324
H101,P0325
H101,P0326
H101,P0327
H101,P0328
H101,P0332
H101,P0336
H101,P0337
H101,P0338
H101,P0339
H101,P0340
H101,P0342
H101,P0343
H101,P0344
H101,P0345
H101,P0346
H101,P0347
H101,P0348
H101,P0353
H101,P0354
H101,P0355
H101,P0356
H101,P0357
H101,P0358
H101,P0360
H101,P0361
H101,P0362
H101,P0363
H101,P0364
H101,P0366
H101,P0368
H101,P0369
H101,P0370
H101,P0371
H101,P0372
H101,P0373
H101,P0374
H101,P0375
H101,P0376
H101,P0377
H101,P0378
H101,P0379
H101,P0380
H101,P0381
H101,P0383
H101,P0387
H101,P0390
H101,P0391
H101,P0394
H101,P0395
H101,P0396
H101,P0397
H101,P0398
H101,P0400
H101,P0402
H101,P0404
H101,P0405
H101,P0406
H101,P0407
H101,P0408
H101,P0410
H101,P0412
H101,P0413
H101,P0414
H101,P0415
H101,P0417
H101,P0418
H101,P0422
H101,P0423
H101,P0424
H101,P0425
H101,P0426
H101,P0427
H101,P0428
H101,P0430
H101,P0431
H101,P0433
H101,P0434
H101,P0435
H101,P0437
H101,P0438
H101,P0439
H101,P0442
H101,P0443
H101,P0445
H101,P0446
H101,P0447
H101,P0448
H101,P0453
H101,P0455
H101,P0456
H101,P0457
H101,P0458
H101,P0459
H101,P0460
H101,P0461
H101,P0462
H101,P0466
H101,P0467
H101,P0468
H101,P0470
H101,P0471
H101,P0472
H101,P0474
H101,P0477
H101,P0478
H101,P0479
H101,P0480
H101,P0481
H101,P0482
H101,P0483
H101,P0484
H101,P0485
H101,P0486
H101,P0487
H101,P0488
H101,P0490
H101,P0492
H101,P0493
H101,P0494
H101,P0495
H101,P0496
H101,P0497
H101,P0498
H101,P0499
H101,P0502
H101,P0503
H101,P0504
H101,P0505
H101,P0506
H101,P0507
H101,P0508
H101,P0511
H101,P0512
H101,P0515
H101,P0517
H101,P0518
H101,P0519
H101,P0520
H101,P0521
H101,P0522
H101,P0524
H101,P0527
H101,P0528
H101,P0529
H101,P0530
H101,P0531
H101,P0536
H101,P0537
H101,P0539
H101,P0540
H101,P0541
H101,P0542
H101,P0543
H101,P0544
H101,P0545
H101,P0547
H101,P0549
H101,P0550
H101,P0552
H101,P0553
H101,P0555
H101,P0556
H101,P0557
H101,P0560
H101,P0561
H101,P0562
H101,P0563
H101,P0564
H101,P0565
H101,P0566
H101,P0569
H101,P0570
H101,P0571
H101,P0576
H101,P0577
H101,P0578
H101,P0579
H101,P0581
H101,P0584
H101,P0585
H101,P0586
H101,P0589
H101,P0591
H101,P0593
H101,P0594
H101,P0600
H102,P0002
H102,P0003
H102,P0005
H102,P0006
H102,P0007
H102,P0008
H102,P0012
H102,P0013
H102,P0015
H102,P0017
H102,P0019
H102,P0020
H102,P0021
H102,P0022
H102,P0023
H102,P0024
H102,P0026
H102,P0028
H102,P0030
H102,P0031
H102,P0033
H102,P0034
H102,P0035
H102,P0036
H102,P0037
H102,P0038
H102,P0039
H102,P0041
H102,P0042
H102,P0043
H102,P0044
H102,P0045
H102,P0046
H102,P0047
H102,P0049
H102,P0052
H102,P0053
H102,P0057
H102,P0059
H102,P0060
H102,P0061
H102,P0062
H102,P0063
H102,P0064
H102,P0065
H102,P0066
H102,P0068
H102,P0069
H102,P0070
H102,P0071
H102,P0073
H102,P0074
H102,P0075
H102,P0076
H102,P0079
H102,P0080
H102,P0083
H102,P0084
H102,P0085
H102,P0086
H102,P0087
H102,P0088
H102,P0089
H102,P0091
H102,P0092
H102,P0093
H102,P0097
H102,P0098
H102,P0099
H102,P0100
H102,P0101
H102,P0102
H102,P0103
H102,P0104
H102,P0107
H102,P0108
H102,P0110
H102,P0111
H102,P0112
H102,P0113
H102,P0114
H102,P0115
H102,P0116
H102,P0117
H102,P0120
H102,P0121
H102,P0125
H102,P0126
H102,P0127
H102,P0128
H102,P0129
H102,P0130
H102,P0131
H102,P0132
H102,P0133
H102,P0134
H102,P0135
H102,P0136
H102,P0138
H102,P0139
H102,P0140
H102,P0142
H102,P0143
H102,P0144
H102,P0146
H102,P0147
H102,P0148
H102,P0149
H102,P0150
H102,P0151
H102,P0153
H102,P0155
H102,P0156
H102,P0158
H102,P0161
H102,P0166
H102,P0167
H102,P0169
H102,P0170
H102,P0171
H102,P0172
H102,P0175
H102,P0176
H102,P0181
H102,P0183
H102,P0185
H102,P0190
H102,P0192
H102,P0193
H102,P0195
H102,P0196
H102,P0197
H102,P0198
H102,P0199
H102,P0200
H102,P0202
H102,P0204
H102,P0205
H102,P0206
H102,P0209
H102,P0211
H102,P0212
H102,P0213
H102,P0214
H102,P0216
H102,P0218
H102,P0219
H102,P0221
H102,P0222
H102,P0224
H102,P0226
H102,P0227
H102,P0229
H102,P0230
H102,P0231
H102,P0232
H102,P0235
H102,P0238
H102,P0241
H102,P0243
H102,P0245
H102,P0246
H102,P0249
H102,P0250
H102,P0251
H102,P0253
H102,P0254
H102,P0255
H102,P0256
H102,P0257
H102,P0258
H102,P0259
H102,P0261
H102,P0262
H102,P0264
H102,P0265
H102,P0266
H102,P0268
H102,P0269
H102,P0270
H102,P0271
H102,P0273
H102,P0277
H102,P0278
H102,P0279
H102,P0281
H102,P0284
H102,P0285
H102,P0286
H102,P0287
H102,P0288
H102,P0290
H102,P0291
H102,P0294
H102,P0295
H102,P0296
H102,P0299
H102,P0301
H102,P0302
H102,P0303
H102,P0304
H102,P0305
H102,P0306
H102,P0307
H102,P0310
H102,P0312
H102,P0313
H102,P0314
H102,P0315
H102,P0317
H102,P0318
H102,P0319
H102,P0320
H102,P0321
H102,P0323
H102,P0324
H102,P0325
H102,P0327
H102,P0330
H102,P0332
H102,P0339
H102,P0340
H102,P0342
H102,P0344
H102,P0345
H102,P0346
H102,P0347
H102,P0348
H102,P0351
H102,P0352
H102,P0353
H102,P0354
H102,P0355
H102,P0356
H102,P0357
H102,P0358
H102,P0359
H102,P0360
H102,P0361
H102,P0362
H102,P0363
H102,P0366
H102,P0368
H102,P0369
H102,P0370
H102,P0371
H102,P0372
H102,P0373
H102,P0374
H102,P0375
H102,P0377
H102,P0379
H102,P0380
H102,P0381
H102,P0382
H102,P0384
H102,P0388
H102,P0393
H102,P0394
H102,P0395
H102,P0396
H102,P0397
H102,P0398
H102,P0400
H102,P0402
H102,P0403
H102,P0404
H102,P0405
H102,P0406
H102,P0407
H102,P0408
H102,P0409
H102,P0411
H102,P0412
H102,P0414
H102,P0415
H102,P0416
H102,P0419
H102,P0420
H102,P0421
H102,P0422
H102,P0424
H102,P0425
H102,P0426
H102,P0428
H102,P0430
H102,P0431
H102,P0432
H102,P0433
H102,P0435
H102,P0436
H102,P0437
H102,P0439
H102,P0440
H102,P0441
H102,P0442
H102,P0444
H102,P0445
H102,P0446
H102,P0447
H102,P0450
H102,P0451
H102,P0454
H102,P0455
H102,P0458
H102,P0459
H102,P0461
H102,P0462
H102,P0464
H102,P0465
H102,P0466
H102,P0468
H102,P0469
H102,P0470
H102,P0471
H102,P0473
H102,P0474
H102,P0477
H102,P0481
H102,P0484
H102,P0485
H102,P0486
H102,P0488
H102,P0490
H102,P0492
H102,P0494
H102,P0495
H102,P0497
H102,P0502
H102,P0505
H102,P0506
H102,P0507
H102,P0511
H102,P0512
H102,P0514
H102,P0515
H102,P0518
H102,P0519
H102,P0520
H102,P0521
H102,P0522
H102,P0524
H102,P0527
H102,P0528
H102,P0530
H102,P0532
H102,P0533
H102,P0534
H102,P0537
H102,P0540
H102,P0543
H102,P0544
H102,P0545
H102,P0546
H102,P0547
H102,P0548
H102,P0549
H102,P0551
H102,P0553
H102,P0556
H102,P0557
H102,P0558
H102,P0563
H102,P0565
H102,P0566
H102,P0567
H102,P0569
H102,P0570
H102,P0571
H102,P0572
H102,P0575
H102,P0577
H102,P0578
H102,P0584
H102,P0585
H102,P0587
H102,P0589
H102,P0590
H102,P0591
H102,P0593
H102,P0596
H102,P0597
H102,P0598
H102,P0599
H102,P0600
H103,P0002
H103,P0004
H103,P0005
H103,P0006
H103,P0007
H103,P0008
H103,P0009
H103,P0012
H103,P0013
H103,P0014
H103,P0015
H103,P0016
H103,P0017
H103,P0018
H103,P0019
H103,P0021
H103,P0022
H103,P0023
H103,P0024
H103,P0026
H103,P0029
H103,P0030
H103,P0032
H103,P0033
H103,P0034
H103,P0037
H103,P0038
H103,P0039
H103,P0042
H103,P0043
H103,P0045
H103,P0046
H103,P0047
H103,P0048
H103,P0051
H103,P0052
H103,P0053
H103,P0055
H103,P0057
H103,P0058
H103,P0061
H103,P0062
H103,P0063
H103,P0065
H103,P0066
H103,P0068
H103,P0069
H103,P0070
H103,P0071
H103,P0072
H103,P0074
H103,P0075
H103,P0076
H103,P0079
H103,P0082
H103,P0083
H103,P0084
H103,P0085
H103,P0086
H103,P0087
H103,P0088
H103,P0090
H103,P0092
H103,P0093
H103,P0097
H103,P0099
H103,P0100
H103,P0102
H103,P0105
H103,P0106
H103,P0108
H103,P0109
H103,P0111
H103,P0112
H103,P0113
H103,P0114
H103,P0115
H103,P0116
H103,P0117
H103,P0118
H103,P0119
H103,P0121
H103,P0122
H103,P0124
H103,P0126
H103,P0127
H103,P0128
H103,P0129
H103,P0130
H103,P0131
H103,P0132
H103,P0133
H103,P0134
H103,P0135
H103,P0136
H103,P0137
H103,P0138
H103,P0139
H103,P0140
H103,P0143
H103,P0144
H103,P0146
H103,P0147
H103,P0148
H103,P0149
H103,P0150
H103,P0153
H103,P0154
H103,P0155
H103,P0157
H103,P0158
H103,P0160
H103,P0162
H103,P0163
H103,P0164
H103,P0165
H103,P0166
H103,P0167
H103,P0168
H103,P0169
H103,P0170
H103,P0171
H103,P0172
H103,P0173
H103,P0176
H103,P0178
H103,P0180
H103,P0181
H103,P0182
H103,P0183
H103,P0185
H103,P0186
H103,P0188
H103,P0190
H103,P0191
H103,P0192
H103,P0193
H103,P0194
H103,P0195
H103,P0196
H103,P0198
H103,P0199
H103,P0201
H103,P0202
H103,P0203
H103,P0205
H103,P0206
H103,P0208
H103,P0209
H103,P0210
H103,P0211
H103,P0212
H103,P0213
H103,P0214
H103,P0215
H103,P0216
H103,P0217
H103,P0218
H103,P0219
H103,P0220
H103,P0221
H103,P0222
H103,P0223
H103,P0224
H103,P0226
H103,P0227
H103,P0228
H103,P0229
H103,P0230
H103,P0231
H103,P0232
H103,P0233
H103,P0235
H103,P0236
H103,P0238
H103,P0239
H103,P0242
H103,P0243
H103,P0244
H103,P0245
H103,P0247
H103,P0249
H103,P0250
H103,P0251
H103,P0253
H103,P0255
H103,P0256
H103,P0257
H103,P0258
H103,P0259
H103,P0261
H103,P0262
H103,P0263
H103,P0264
H103,P0265
H103,P0266
H103,P0268
H103,P0269
H103,P0270
H103,P0272
H103,P0273
H103,P0274
H103,P0275
H103,P0276
H103,P0277
H103,P0278
H103,P0279
H103,P0280
H103,P0281
H103,P0285
H103,P0287
H103,P0288
H103,P0289
H103,P0291
H103,P0292
H103,P0294
H103,P0295
H103,P0296
H103,P0298
H103,P0299
H103,P0302
H103,P0303
H103,P0304
H103,P0305
H103,P0306
H103,P0307
H103,P0308
H103,P0309
H103,P0310
H103,P0312
H103,P0313
H103,P0314
H103,P0315
H103,P0316
H103,P0317
H103,P0319
H103,P0321
H103,P0323
H103,P0325
H103,P0326
H103,P0327
H103,P0328
H103,P0329
H103,P0330
H103,P0331
H103,P0332
H103,P0333
H103,P0334
H103,P0335
H103,P0336
H103,P0337
H103,P0338
H103,P0339
H103,P0340
H103,P0342
H103,P0344
H103,P0345
H103,P0346
H103,P0347
H103,P0348
H103,P0349
H103,P0351
H103,P0352
H103,P0353
H103,P0354
H103,P0355
H103,P0357
H103,P0358
H103,P0360
H103,P0361
H103,P0362
H103,P0363
H103,P0364
H103,P0366
H103,P0367
H103,P0368
H103,P0369
H103,P0370
H103,P0371
H103,P0372
H103,P0373
H103,P0374
H103,P0375
H103,P0378
H103,P0379
H103,P0381
H103,P0382
H103,P0383
H103,P0384
H103,P0385
H103,P0386
H103,P0390
H103,P0391
H103,P0392
H103,P0393
H103,P0394
H103,P0395
H103,P0396
H103,P0397
H103,P0398
H103,P0399
H103,P0401
H103,P0403
H103,P0404
H103,P0405
H103,P0406
H103,P0407
H103,P0410
H103,P0411
H103,P0412
H103,P0413
H103,P0414
H103,P0415
H103,P0416
H103,P0417
H103,P0418
H103,P0419
H103,P0420
H103,P0422
H103,P0424
H103,P0425
H103,P0427
H103,P0430
H103,P0431
H103,P0432
H103,P0433
H103,P0434
H103,P0435
H103,P0436
H103,P0437
H103,P0438
H103,P0439
H103,P0440
H103,P0443
H103,P0444
H103,P0445
H103,P0446
H103,P0447
H103,P0448
H103,P0449
H103,P0451
H103,P0452
H103,P0453
H103,P0454
H103,P0455
H103,P0456
H103,P0458
H103,P0459
H103,P0461
H103,P0462
H103,P0463
H103,P0464
H103,P0465
H103,P0467
H103,P0468
H103,P0470
H103,P0472
H103,P0473
H103,P0474
H103,P0475
H103,P0477
H103,P0478
H103,P0479
H103,P0480
H103,P0481
H103,P0482
H103,P0484
H103,P0485
H103,P0486
H103,P0488
H103,P0489
H103,P0490
H103,P0491
H103,P0492
H103,P0494
H103,P0495
H103,P0497
H103,P0500
H103,P0503
H103,P0504
H103,P0505
H103,P0506
H103,P0507
H103,P0508
H103,P0509
H103,P0511
H103,P0512
H103,P0514
H103,P0515
H103,P0516
H103,P0518
H103,P0519
H103,P0520
H103,P0522
H103,P0523
H103,P0524
H103,P0525
H103,P0526
H103,P0527
H103,P0528
H103,P0530
H103,P0531
H103,P0532
H103,P0533
H103,P0534
H103,P0537
H103,P0539
H103,P0540
H103,P0541
H103,P0542
H103,P0543
H103,P0544
H103,P0545
H103,P0546
H103,P0547
H103,P0548
H103,P0550
H103,P0553
H103,P0556
H103,P0557
H103,P0558
H103,P0563
H103,P0564
H103,P0566
H103,P0567
H103,P0568
H103,P0569
H103,P0570
H103,P0571
H103,P0572
H103,P0576
H103,P0577
H103,P0578
H103,P0579
H103,P0580
H103,P0582
H103,P0583
H103,P0585
H103,P0587
H103,P0589
H103,P0590
H103,P0591
H103,P0592
H103,P0593
H103,P0594
H103,P0598
H103,P0599
H103,P0600
H104,P0003
H104,P0004
H104,P0006
H104,P0007
H104,P0008
H104,P0011
H104,P0013
H104,P0015
H104,P0016
H104,P0017
H104,P0018
H104,P0020
H104,P0021
H104,P0024
H104,P0025
H104,P0026
H104,P0027
H104,P0029
H104,P0032
H104,P0035
H104,P0036
H104,P0038
H104,P0039
H104,P0040
H104,P0042
H104,P0043
H104,P0044
H104,P0045
H104,P0046
H104,P0048
H104,P0049
H104,P0051
H104,P0052
H104,P0054
H104,P0057
H104,P0058
H104,P0059
H104,P0060
H104,P0061
H104,P0062
H104,P0063
H104,P0065
H104,P0067
H104,P0068
H104,P0069
H104,P0070
H104,P0071
H104,P0072
H104,P0074
H104,P0075
H104,P0076
H104,P0079
H104,P0083
H104,P0085
H104,P0086
H104,P0087
H104,P0090
H104,P0095
H104,P0097
H104,P0100
H104,P0102
H104,P0103
H104,P0104
H104,P0105
H104,P0106
H104,P0107
H104,P0108
H104,P0110
H104,P0111
H104,P0112
H104,P0113
H104,P0114
H104,P0115
H104,P0116
H104,P0117
H104,P0120
H104,P0123
H104,P0124
H104,P0125
H104,P0126
H104,P0127
H104,P0128
H104,P0129
H104,P0130
H104,P0132
H104,P0134
H104,P0135
H104,P0136
H104,P0138
H104,P0139
H104,P0140
H104,P0142
H104,P0143
H104,P0144
H104,P0145
H104,P0146
H104,P0147
H104,P0148
H104,P0149
H104,P0150
H104,P0152
H104,P0154
H104,P0155
H104,P0157
H104,P0158
H104,P0159
H104,P0160
H104,P0162
H104,P0163
H104,P0164
H104,P0165
H104,P0166
H104,P0168
H104,P0169
H104,P0170
H104,P0171
H104,P0172
H104,P0173
H104,P0174
H104,P0175
H104,P0176
H104,P0179
H104,P0181
H104,P0182
H104,P0183
H104,P0188
H104,P0190
H104,P0191
H104,P0192
H104,P0193
H104,P0194
H104,P0195
H104,P0196
H104,P0198
H104,P0200
H104,P0201
H104,P0203
H104,P0204
H104,P0205
H104,P0206
H104,P0207
H104,P0208
H104,P0211
H104,P0212
H104,P0213
H104,P0216
H104,P0218
H104,P0219
H104,P0221
H104,P0222
H104,P0223
H104,P0224
H104,P0225
H104,P0226
H104,P0227
H104,P0228
H104,P0229
H104,P0231
H104,P0232
H104,P0233
H104,P0235
H104,P0236
H104,P0238
H104,P0241
H104,P0242
H104,P0243
H104,P0245
H104,P0246
H104,P0247
H104,P0249
H104,P0251
H104,P0252
H104,P0253
H104,P0254
H104,P0256
H104,P0257
H104,P0258
H104,P0260
H104,P0261
H104,P0262
H104,P0264
H104,P0266
H104,P0267
H104,P0268
H104,P0269
H104,P0270
H104,P0271
H104,P0273
H104,P0274
H104,P0275
H104,P0277
H104,P0278
H104,P0279
H104,P0280
H104,P0281
H104,P0282
H104,P0283
H104,P0284
H104,P0285
H104,P0286
H104,P0287
H104,P0288
H104,P0289
H104,P0290
H104,P0293
H104,P0294
H104,P0296
H104,P0297
H104,P0298
H104,P0299
H104,P0300
H104,P0301
H104,P0302
H104,P0303
H104,P0304
H104,P0305
H104,P0306
H104,P0307
H104,P0308
H104,P0309
H104,P0312
H104,P0313
H104,P0314
H104,P0315
H104,P0317
H104,P0318
H104,P0320
H104,P0321
H104,P0323
H104,P0324
H104,P0326
H104,P0328
H104,P0329
H104,P0330
H104,P0332
H104,P0333
H104,P0336
H104,P0337
H104,P0338
H104,P0339
H104,P0342
H104,P0343
H104,P0344
H104,P0345
H104,P0346
H104,P0347
H104,P0348
H104,P0349
H104,P0352
H104,P0353
H104,P0355
H104,P0357
H104,P0358
H104,P0359
H104,P0360
H104,P0361
H104,P0362
H104,P0365
H104,P0366
H104,P0367
H104,P0368
H104,P0369
H104,P0370
H104,P0371
H104,P0372
H104,P0373
H104,P0374
H104,P0375
H104,P0376
H104,P0378
H104,P0380
H104,P0381
H104,P0382
H104,P0383
H104,P0384
H104,P0386
H104,P0388
H104,P0390
H104,P0391
H104,P0396
H104,P0398
H104,P0399
H104,P0400
H104,P0401
H104,P0404
H104,P0405
H104,P0406
H104,P0408
H104,P0410
H104,P0412
H104,P0413
H104,P0414
H104,P0417
H104,P0418
H104,P0421
H104,P0422
H104,P0424
H104,P0425
H104,P0426
H104,P0427
H104,P0428
H104,P0429
H104,P0430
H104,P0431
H104,P0432
H104,P0433
H104,P0434
H104,P0435
H104,P0436
H104,P0437
H104,P0439
H104,P0440
H104,P0441
H104,P0442
H104,P0443
H104,P0445
H104,P0446
H104,P0447
H104,P0448
H104,P0449
H104,P0450
H104,P0451
H104,P0452
H104,P0453
H104,P0454
H104,P0455
H104,P0456
H104,P0457
H104,P0458
H104,P0459
H104,P0460
H104,P0461
H104,P0464
H104,P0465
H104,P0466
H104,P0468
H104,P0469
H104,P0470
H104,P0471
H104,P0472
H104,P0474
H104,P0476
H104,P0477
H104,P0479
H104,P0481
H104,P0484
H104,P0485
H104,P0486
H104,P0488
H104,P0489
H104,P0491
H104,P0492
H104,P0493
H104,P0494
H104,P0495
H104,P0496
H104,P0497
H104,P0499
H104,P0501
H104,P0502
H104,P0504
H104,P0505
H104,P0506
H104,P0507
H104,P0508
H104,P0509
H104,P0511
H104,P0512
H104,P0514
H104,P0515
H104,P0517
H104,P0518
H104,P0519
H104,P0520
H104,P0521
H104,P0522
H104,P0523
H104,P0524
H104,P0526
H104,P0527
H104,P0528
H104,P0530
H104,P0532
H104,P0533
H104,P0534
H104,P0535
H104,P0537
H104,P0538
H104,P0539
H104,P0540
H104,P0541
H104,P0543
H104,P0544
H104,P0545
H104,P0546
H104,P0547
H104,P0549
H104,P0550
H104,P0551
H104,P0552
H104,P0553
H104,P0556
H104,P0557
H104,P0558
H104,P0559
H104,P0562
H104,P0563
H104,P0564
H104,P0565
H104,P0566
H104,P0567
H104,P0568
H104,P0570
H104,P0571
H104,P0572
H104,P0573
H104,P0574
H104,P0576
H104,P0578
H104,P0579
H104,P0581
H104,P0582
H104,P0589
H104,P0591
H104,P0593
H104,P0594
H104,P0595
H104,P0596
H104,P0599
H104,P0600
H105,P0001
H105,P0004
H105,P0005
H105,P0006
H105,P0011
H105,P0012
H105,P0013
H105,P0014
H105,P0015
H105,P0016
H105,P0017
H105,P0018
H105,P0019
H105,P0020
H105,P0021
H105,P0022
H105,P0024
H105,P0025
H105,P0027
H105,P0028
H105,P0029
H105,P0030
H105,P0031
H105,P0033
H105,P0034
H105,P0035
H105,P0036
H105,P0037
H105,P0039
H105,P0040
H105,P0041
H105,P0042
H105,P0043
H105,P0044
H105,P0045
H105,P0047
H105,P0048
H105,P0049
H105,P0050
H105,P0051
H105,P0052
H105,P0053
H105,P0054
H105,P0056
H105,P0057
H105,P0058
H105,P0060
H105,P0061
H105,P0062
H105,P0063
H105,P0065
H105,P0066
H105,P0068
H105,P0069
H105,P0070
H105,P0071
H105,P0072
H105,P0073
H105,P0074
H105,P0075
H105,P0077
H105,P0078
H105,P0079
H105,P0080
H105,P0082
H105,P0083
H105,P0086
H105,P0087
H105,P0088
H105,P0090
H105,P0091
H105,P0092
H105,P0093
H105,P0095
H105,P0097
H105,P0098
H105,P0099
H105,P0100
H105,P0101
H105,P0102
H105,P0103
H105,P0105
H105,P0106
H105,P0107
H105,P0109
H105,P0110
H105,P0111
H105,P0112
H105,P0113
H105,P0114
H105,P0115
H105,P0116
H105,P0117
H105,P0121
H105,P0124
H105,P0125
H105,P0126
H105,P0127
H105,P0129
H105,P0130
H105,P0131
H105,P0133
H105,P0136
H105,P0138
H105,P0139
H105,P0140
H105,P0141
H105,P0142
H105,P0143
H105,P0144
H105,P0145
H105,P0146
H105,P0148
H105,P0149
H105,P0150
H105,P0152
H105,P0153
H105,P0154
H105,P0155
H105,P0156
H105,P0157
H105,P0158
H105,P0159
H105,P0160
H105,P0161
H105,P0162
H105,P0165
H105,P0166
H105,P0167
H105,P0168
H105,P0169
H105,P0170
H105,P0171
H105,P0172
H105,P0173
H105,P0174
H105,P0175
H105,P0176
H105,P0178
H105,P0179
H105,P0180
H105,P0181
H105,P0182
H105,P0183
H105,P0184
H105,P0185
H105,P0188
H105,P0189
H105,P0190
H105,P0191
H105,P0192
H105,P0193
H105,P0194
H105,P0195
H105,P0196
H105,P0198
H105,P0199
H105,P0200
H105,P0201
H105,P0202
H105,P0203
H105,P0204
H105,P0205
H105,P0206
H105,P0207
H105,P0208
H105,P0210
H105,P0211
H105,P0212
H105,P0213
H105,P0214
H105,P0215
H105,P0216
H105,P0218
H105,P0220
H105,P0222
H105,P0224
H105,P0225
H105,P0226
H105,P0227
H105,P0228
H105,P0229
H105,P0230
H105,P0231
H105,P0232
H105,P0234
H105,P0235
H105,P0236
H105,P0239
H105,P0241
H105,P0242
H105,P0246
H105,P0249
H105,P0250
H105,P0251
H105,P0252
H105,P0254
H105,P0255
H105,P0256
H105,P0257
H105,P0258
H105,P0259
H105,P0261
H105,P0262
H105,P0264
H105,P0265
H105,P0266
H105,P0268
H105,P0270
H105,P0271
H105,P0272
H105,P0273
H105,P0275
H105,P0276
H105,P0277
H105,P0278
H105,P0279
H105,P0280
H105,P0281
H105,P0282
H105,P0284
H105,P0285
H105,P0286
H105,P0287
H105,P0288
H105,P0289
H105,P0290
H105,P0291
H105,P0292
H105,P0294
H105,P0295
H105,P0296
H105,P0297
H105,P0298
H105,P0299
H105,P0301
H105,P0302
H105,P0303
H105,P0305
H105,P0306
H105,P0309
H105,P0310
H105,P0311
H105,P0312
H105,P0314
H105,P0315
H105,P0316
H105,P0317
H105,P0318
H105,P0319
H105,P0320
H105,P0321
H105,P0322
H105,P0323
H105,P0325
H105,P0326
H105,P0327
H105,P0328
H105,P0329
H105,P0331
H105,P0332
H105,P0333
H105,P0334
H105,P0336
H105,P0337
H105,P0338
H105,P0339
H105,P0340
H105,P0342
H105,P0343
H105,P0344
H105,P0346
H105,P0347
H105,P0348
H105,P0349
H105,P0351
H105,P0352
H105,P0355
H105,P0357
H105,P0358
H105,P0362
H105,P0363
H105,P0364
H105,P0368
H105,P0369
H105,P0370
H105,P0371
H105,P0372
H105,P0373
H105,P0374
H105,P0375
H105,P0377
H105,P0378
H105,P0379
H105,P0380
H105,P0382
H105,P0383
H105,P0385
H105,P0387
H105,P0388
H105,P0391
H105,P0394
H105,P0395
H105,P0397
H105,P0398
H105,P0399
H105,P0400
H105,P0401
H105,P0402
H105,P0403
H105,P0404
H105,P0405
H105,P0406
H105,P0408
H105,P0409
H105,P0410
H105,P0412
H105,P0413
H105,P0414
H105,P0415
H105,P0416
H105,P0417
H105,P0418
H105,P0420
H105,P0422
H105,P0423
H105,P0424
H105,P0426
H105,P0427
H105,P0428
H105,P0429
H105,P0430
H105,P0431
H105,P0432
H105,P0433
H105,P0434
H105,P0436
H105,P0438
H105,P0439
H105,P0441
H105,P0442
H105,P0443
H105,P0444
H105,P0445
H105,P0446
H105,P0447
H105,P0449
H105,P0450
H105,P0451
H105,P0453
H105,P0454
H105,P0455
H105,P0456
H105,P0458
H105,P0459
H105,P0460
H105,P0461
H105,P0462
H105,P0464
H105,P0465
H105,P0466
H105,P0468
H105,P0470
H105,P0471
H105,P0473
H105,P0474
H105,P0476
H105,P0479
H105,P0483
H105,P0484
H105,P0485
H105,P0486
H105,P0487
H105,P0489
H105,P0491
H105,P0492
H105,P0493
H105,P0494
H105,P0495
H105,P0496
H105,P0497
H105,P0499
H105,P0502
H105,P0504
H105,P0507
H105,P0508
H105,P0510
H105,P0511
H105,P0512
H105,P0513
H105,P0514
H105,P0515
H105,P0516
H105,P0517
H105,P0518
H105,P0519
H105,P0520
H105,P0521
H105,P0522
H105,P0523
H105,P0524
H105,P0525
H105,P0526
H105,P0527
H105,P0528
H105,P0530
H105,P0531
H105,P0532
H105,P0533
H105,P0534
H105,P0535
H105,P0536
H105,P0537
H105,P0538
H105,P0539
H105,P0541
H105,P0542
H105,P0543
H105,P0544
H105,P0545
H105,P0546
H105,P0547
H105,P0548
H105,P0549
H105,P0550
H105,P0551
H105,P0552
H105,P0553
H105,P0555
H105,P0556
H105,P0557
H105,P0560
H105,P0561
H105,P0562
H105,P0563
H105,P0564
H105,P0565
H105,P0566
H105,P0567
H105,P0568
H105,P0570
H105,P0572
H105,P0573
H105,P0574
H105,P0575
H105,P0576
H105,P0577
H105,P0578
H105,P0579
H105,P0581
H105,P0582
H105,P0583
H105,P0585
H105,P0586
H105,P0587
H105,P0588
H105,P0589
H105,P0590
H105,P0593
H105,P0596
H105,P0597
H105,P0598
H105,P0600
H106,P0002
H106,P0003
H106,P0004
H106,P0005
H106,P0006
H106,P0007
H106,P0008
H106,P0009
H106,P0010
H106,P0011
H106,P0012
H106,P0013
H106,P0014
H106,P0016
H106,P0017
H106,P0018
H106,P0019
H106,P0020
H106,P0021
H106,P0022
H106,P0023
H106,P0025
H106,P0026
H106,P0027
H106,P0028
H106,P0030
H106,P0032
H106,P0033
H106,P0034
H106,P0035
H106,P0038
H106,P0039
H106,P0040
H106,P0041
H106,P0043
H106,P0045
H106,P0046
H106,P0048
H106,P0049
H106,P0050
H106,P0051
H106,P0052
H106,P0053
H106,P0055
H106,P0058
H106,P0060
H106,P0062
H106,P0065
H106,P0066
H106,P0067
H106,P0069
H106,P0071
H106,P0072
H106,P0073
H106,P0074
H106,P0075
H106,P0076
H106,P0077
H106,P0078
H106,P0079
H106,P0080
H106,P0081
H106,P0082
H106,P0083
H106,P0085
H106,P0086
H106,P0088
H106,P0089
H106,P0091
H106,P0092
H106,P0093
H106,P0096
H106,P0097
H106,P0099
H106,P0100
H106,P0101
H106,P0103
H106,P0105
H106,P0106
H106,P0107
H106,P0108
H106,P0109
H106,P0110
H106,P0111
H106,P0112
H106,P0113
H106,P0115
H106,P0116
H106,P0117
H106,P0118
H106,P0121
H106,P0122
H106,P0123
H106,P0124
H106,P0125
H106,P0126
H106,P0128
H106,P0129
H106,P0130
H106,P0131
H106,P0132
H106,P0135
H106,P0136
H106,P0138
H106,P0139
H106,P0140
H106,P0141
H106,P0142
H106,P0143
H106,P0144
H106,P0145
H106,P0146
H106,P0147
H106,P0148
H106,P0149
H106,P0150
H106,P0151
H106,P0152
H106,P0153
H106,P0155
H106,P0156
H106,P0157
H106,P0158
H106,P0160
H106,P0161
H106,P0162
H106,P0163
H106,P0165
H106,P0166
H106,P0167
H106,P0169
H106,P0170
H106,P0171
H106,P0175
H106,P0176
H106,P0177
H106,P0178
H106,P0179
H106,P0183
H106,P0185
H106,P0186
H106,P0188
H106,P0189
H106,P0190
H106,P0192
H106,P0193
H106,P0194
H106,P0195
H106,P0196
H106,P0197
H106,P0198
H106,P0202
H106,P0203
H106,P0204
H106,P0205
H106,P0206
H106,P0207
H106,P0208
H106,P0209
H106,P0211
H106,P0212
H106,P0213
H106,P0214
H106,P0215
H106,P0220
H106,P0221
H106,P0222
H106,P0223
H106,P0224
H106,P0225
H106,P0226
H106,P0227
H106,P0228
H106,P0229
H106,P0230
H106,P0231
H106,P0232
H106,P0233
H106,P0234
H106,P0235
H106,P0236
H106,P0237
H106,P0238
H106,P0241
H106,P0242
H106,P0244
H106,P0245
H106,P0247
H106,P0249
H106,P0250
H106,P0251
H106,P0252
H106,P0253
H106,P0254
H106,P0255
H106,P0256
H106,P0257
H106,P0258
H106,P0259
H106,P0261
H106,P0262
H106,P0264
H106,P0265
H106,P0266
H106,P0267
H106,P0268
H106,P0269
H106,P0271
H106,P0273
H106,P0274
H106,P0277
H106,P0278
H106,P0279
H106,P0280
H106,P0282
H106,P0284
H106,P0285
H106,P0286
H106,P0287
H106,P0288
H106,P0292
H106,P0294
H106,P0295
H106,P0296
H106,P0297
H106,P0299
H106,P0301
H106,P0302
H106,P0303
H106,P0305
H106,P0306
H106,P0307
H106,P0308
H106,P0309
H106,P0310
H106,P0312
H106,P0314
H106,P0315
H106,P0316
H106,P0317
H106,P0318
H106,P0320
H106,P0321
H106,P0323
H106,P0324
H106,P0325
H106,P0326
H106,P0327
H106,P0329
H106,P0330
H106,P0332
H106,P0335
H106,P0336
H106,P0337
H106,P0338
H106,P0340
H106,P0341
H106,P0342
H106,P0345
H106,P0346
H106,P0347
H106,P0348
H106,P0349
H106,P0351
H106,P0352
H106,P0353
H106,P0354
H106,P0355
H106,P0356
H106,P0358
H106,P0360
H106,P0361
H106,P0362
H106,P0363
H106,P0366
H106,P0368
H106,P0369
H106,P0370
H106,P0371
H106,P0373
H106,P0374
H106,P0375
H106,P0377
H106,P0378
H106,P0379
H106,P0380
H106,P0381
H106,P0382
H106,P0383
H106,P0384
H106,P0385
H106,P0387
H106,P0388
H106,P0390
H106,P0391
H106,P0392
H106,P0393
H106,P0394
H106,P0395
H106,P0396
H106,P0397
H106,P0398
H106,P0399
H106,P0400
H106,P0401
H106,P0402
H106,P0404
H106,P0405
H106,P0406
H106,P0407
H106,P0408
H106,P0409
H106,P0410
H106,P0414
H106,P0415
H106,P0417
H106,P0418
H106,P0419
H106,P0420
H106,P0421
H106,P0422
H106,P0424
H106,P0425
H106,P0426
H106,P0428
H106,P0430
H106,P0431
H106,P0432
H106,P0433
H106,P0434
H106,P0435
H106,P0436
H106,P0437
H106,P0439
H106,P0440
H106,P0441
H106,P0442
H106,P0443
H106,P0446
H106,P0447
H106,P0449
H106,P0450
H106,P0451
H106,P0453
H106,P0454
H106,P0455
H106,P0456
H106,P0459
H106,P0461
H106,P0462
H106,P0463
H106,P0464
H106,P0465
H106,P0470
H106,P0471
H106,P0472
H106,P0474
H106,P0475
H106,P0477
H106,P0479
H106,P0480
H106,P0481
H106,P0482
H106,P0484
H106,P0485
H106,P0489
H106,P0492
H106,P0493
H106,P0494
H106,P0495
H106,P0496
H106,P0497
H106,P0498
H106,P0499
H106,P0500
H106,P0502
H106,P0505
H106,P0507
H106,P0508
H106,P0509
H106,P0510
H106,P0512
H106,P0513
H106,P0516
H106,P0517
H106,P0518
H106,P0519
H106,P0520
H106,P0521
H106,P0522
H106,P0523
H106,P0524
H106,P0526
H106,P0527
H106,P0529
H106,P0530
H106,P0532
H106,P0533
H106,P0534
H106,P0535
H106,P0536
H106,P0537
H106,P0538
H106,P0539
H106,P0540
H106,P0541
H106,P0542
H106,P0543
H106,P0545
H106,P0547
H106,P0548
H106,P0549
H106,P0551
H106,P0553
H106,P0555
H106,P0556
H106,P0557
H106,P0560
H106,P0561
H106,P0563
H106,P0564
H106,P0565
H106,P0566
H106,P0568
H106,P0569
H106,P0570
H106,P0571
H106,P0572
H106,P0573
H106,P0575
H106,P0576
H106,P0578
H106,P0579
H106,P0581
H106,P0583
H106,P0585
H106,P0586
H106,P0587
H106,P0589
H106,P0592
H106,P0593
H106,P0594
H106,P0596
H106,P0599
H106,P0600
H107,P0001
H107,P0002
H107,P0003
H107,P0006
H107,P0008
H107,P0011
H107,P0016
H107,P0017
H107,P0019
H107,P0021
H107,P0033
H107,P0036
H107,P0038
H107,P0043
H107,P0045
H107,P0047
H107,P0049
H107,P0052
H107,P0053
H107,P0057
H107,P0066
H107,P0069
H107,P0072
H107,P0075
H107,P0076
H107,P0079
H107,P0082
H107,P0085
H107,P0086
H107,P0091
H107,P0092
H107,P0093
H107,P0094
H107,P0100
H107,P0101
H107,P0102
H107,P0104
H107,P0105
H107,P0106
H107,P0107
H107,P0108
H107,P0110
H107,P0112
H107,P0113
H107,P0114
H107,P0117
H107,P0121
H107,P0125
H107,P0126
H107,P0129
H107,P0130
H107,P0132
H107,P0135
H107,P0139
H107,P0140
H107,P0143
H107,P0155
H107,P0156
H107,P0158
H107,P0159
H107,P0161
H107,P0164
H107,P0165
H107,P0170
H107,P0171
H107,P0173
H107,P0176
H107,P0177
H107,P0182
H107,P0189
H107,P0194
H107,P0195
H107,P0197
H107,P0201
H107,P0203
H107,P0207
H107,P0209
H107,P0211
H107,P0213
H107,P0214
H107,P0218
H107,P0222
H107,P0223
H107,P0226
H107,P0228
H107,P0229
H107,P0232
H107,P0233
H107,P0235
H107,P0236
H107,P0237
H107,P0238
H107,P0243
H107,P0245
H107,P0246
H107,P0256
H107,P0257
H107,P0258
H107,P0259
H107,P0261
H107,P0262
H107,P0264
H107,P0265
H107,P0266
H107,P0268
H107,P0269
H107,P0270
H107,P0276
H107,P0278
H107,P0279
H107,P0280
H107,P0281
H107,P0284
H107,P0287
H107,P0289
H107,P0290
H107,P0293
H107,P0294
H107,P0296
H107,P0299
H107,P0300
H107,P0301
H107,P0303
H107,P0305
H107,P0306
H107,P0310
H107,P0312
H107,P0314
H107,P0315
H107,P0317
H107,P0321
H107,P0323
H107,P0324
H107,P0329
H107,P0330
H107,P0332
H107,P0334
H107,P0337
H107,P0338
H107,P0342
H107,P0345
H107,P0347
H107,P0348
H107,P0352
H107,P0353
H107,P0356
H107,P0360
H107,P0364
H107,P0368
H107,P0369
H107,P0370
H107,P0371
H107,P0372
H107,P0374
H107,P0375
H107,P0376
H107,P0379
H107,P0381
H107,P0383
H107,P0388
H107,P0390
H107,P0393
H107,P0394
H107,P0396
H107,P0397
H107,P0398
H107,P0399
H107,P0402
H107,P0404
H107,P0406
H107,P0414
H107,P0418
H107,P0422
H107,P0424
H107,P0425
H107,P0426
H107,P0427
H107,P0428
H107,P0430
H107,P0432
H107,P0433
H107,P0439
H107,P0440
H107,P0446
H107,P0447
H107,P0452
H107,P0453
H107,P0456
H107,P0462
H107,P0465
H107,P0466
H107,P0471
H107,P0473
H107,P0474
H107,P0476
H107,P0485
H107,P0486
H107,P0487
H107,P0490
H107,P0491
H107,P0492
H107,P0504
H107,P0506
H107,P0507
H107,P0508
H107,P0514
H107,P0515
H107,P0516
H107,P0517
H107,P0518
H107,P0522
H107,P0524
H107,P0527
H107,P0528
H107,P0532
H107,P0533
H107,P0536
H107,P0537
H107,P0538
H107,P0540
H107,P0544
H107,P0547
H107,P0550
H107,P0551
H107,P0552
H107,P0555
H107,P0556
H107,P0563
H107,P0564
H107,P0565
H107,P0570
H107,P0572
H107,P0582
H107,P0583
H107,P0589
H107,P0590
H107,P0598
H107,P0599
H108,P0001
H108,P0002
H108,P0004
H108,P0005
H108,P0007
H108,P0008
H108,P0010
H108,P0012
H108,P0013
H108,P0014
H108,P0015
H108,P0016
H108,P0017
H108,P0019
H108,P0020
H108,P0021
H108,P0022
H108,P0023
H108,P0024
H108,P0026
H108,P0027
H108,P0028
H108,P0030
H108,P0031
H108,P0032
H108,P0033
H108,P0034
H108,P0035
H108,P0036
H108,P0039
H108,P0042
H108,P0043
H108,P0045
H108,P0046
H108,P0047
H108,P0049
H108,P0050
H108,P0051
H108,P0052
H108,P0053
H108,P0056
H108,P0057
H108,P0058
H108,P0060
H108,P0061
H108,P0062
H108,P0063
H108,P0064
H108,P0065
H108,P0068
H108,P0069
H108,P0070
H108,P0071
H108,P0072
H108,P0074
H108,P0075
H108,P0076
H108,P0077
H108,P0079
H108,P0080
H108,P0082
H108,P0083
H108,P0084
H108,P0085
H108,P0086
H108,P0087
H108,P0088
H108,P0089
H108,P0090
H108,P0091
H108,P0092
H108,P0093
H108,P0094
H108,P0095
H108,P0096
H108,P0097
H108,P0098
H108,P0099
H108,P0100
H108,P0101
H108,P0104
H108,P0105
H108,P0106
H108,P0107
H108,P0108
H108,P0109
H108,P0110
H108,P0111
H108,P0112
H108,P0113
H108,P0114
H108,P0115
H108,P0116
H108,P0117
H108,P0118
H108,P0120
H108,P0121
H108,P0123
H108,P0125
H108,P0127
H108,P0128
H108,P0129
H108,P0130
H108,P0131
H108,P0132
H108,P0133
H108,P0134
H108,P0136
H108,P0138
H108,P0139
H108,P0140
H108,P0141
H108,P0142
H108,P0143
H108,P0144
H108,P0145
H108,P0146
H108,P0147
H108,P0148
H108,P0149
H108,P0150
H108,P0151
H108,P0152
H108,P0153
H108,P0154
H108,P0155
H108,P0157
H108,P0158
H108,P0160
H108,P0162
H108,P0165
H108,P0166
H108,P0170
H108,P0171
H108,P0172
H108,P0173
H108,P0174
H108,P0175
H108,P0176
H108,P0177
H108,P0178
H108,P0179
H108,P0181
H108,P0182
H108,P0183
H108,P0185
H108,P0188
H108,P0190
H108,P0192
H108,P0193
H108,P0196
H108,P0198
H108,P0199
H108,P0200
H108,P0201
H108,P0202
H108,P0203
H108,P0204
H108,P0207
H108,P0209
H108,P0210
H108,P0211
H108,P0212
H108,P0213
H108,P0214
H108,P0216
H108,P0217
H108,P0218
H108,P0219
H108,P0220
H108,P0221
H108,P0222
H108,P0223
H108,P0226
H108,P0227
H108,P0228
H108,P0229
H108,P0230
H108,P0231
H108,P0232
H108,P0233
H108,P0235
H108,P0237
H108,P0238
H108,P0240
H108,P0242
H108,P0245
H108,P0246
H108,P0247
H108,P0248
H108,P0249
H108,P0250
H108,P0251
H108,P0253
H108,P0254
H108,P0256
H108,P0257
H108,P0258
H108,P0262
H108,P0263
H108,P0264
H108,P0265
H108,P0266
H108,P0267
H108,P0268
H108,P0269
H108,P0271
H108,P0272
H108,P0273
H108,P0274
H108,P0275
H108,P0276
H108,P0277
H108,P0278
H108,P0279
H108,P0280
H108,P0281
H108,P0282
H108,P0284
H108,P0285
H108,P0287
H108,P0288
H108,P0289
H108,P0290
H108,P0291
H108,P0293
H108,P0295
H108,P0296
H108,P0297
H108,P0298
H108,P0299
H108,P0300
H108,P0302
H108,P0303
H108,P0305
H108,P0306
H108,P0307
H108,P0308
H108,P0312
H108,P0313
H108,P0314
H108,P0316
H108,P0317
H108,P0318
H108,P0319
H108,P0320
H108,P0321
H108,P0323
H108,P0325
H108,P0326
H108,P0329
H108,P0330
H108,P0332
H108,P0333
H108,P0334
H108,P0335
H108,P0336
H108,P0337
H108,P0338
H108,P0340
H108,P0341
H108,P0342
H108,P0343
H108,P0344
H108,P0345
H108,P0346
H108,P0347
H108,P0348
H108,P0349
H108,P0350
H108,P0351
H108,P0352
H108,P0353
H108,P0354
H108,P0355
H108,P0356
H108,P0357
H108,P0358
H108,P0359
H108,P0360
H108,P0361
H108,P0362
H108,P0363
H108,P0364
H108,P0365
H108,P0366
H108,P0367
H108,P0369
H108,P0370
H108,P0371
H108,P0372
H108,P0373
H108,P0374
H108,P0375
H108,P0377
H108,P0380
H108,P0381
H108,P0382
H108,P0385
H108,P0386
H108,P0388
H108,P0389
H108,P0390
H108,P0391
H108,P0394
H108,P0395
H108,P0396
H108,P0397
H108,P0398
H108,P0401
H108,P0402
H108,P0404
H108,P0406
H108,P0407
H108,P0408
H108,P0409
H108,P0410
H108,P0411
H108,P0413
H108,P0414
H108,P0415
H108,P0416
H108,P0418
H108,P0422
H108,P0426
H108,P0428
H108,P0430
H108,P0431
H108,P0432
H108,P0433
H108,P0434
H108,P0436
H108,P0438
H108,P0439
H108,P0441
H108,P0442
H108,P0443
H108,P0444
H108,P0445
H108,P0446
H108,P0447
H108,P0448
H108,P0449
H108,P0450
H108,P0452
H108,P0453
H108,P0455
H108,P0456
H108,P0457
H108,P0458
H108,P0459
H108,P0461
H108,P0462
H108,P0464
H108,P0466
H108,P0467
H108,P0468
H108,P0470
H108,P0471
H108,P0474
H108,P0477
H108,P0479
H108,P0481
H108,P0482
H108,P0483
H108,P0484
H108,P0485
H108,P0486
H108,P0487
H108,P0488
H108,P0489
H108,P0490
H108,P0491
H108,P0492
H108,P0493
H108,P0494
H108,P0495
H108,P0496
H108,P0498
H108,P0502
H108,P0503
H108,P0505
H108,P0506
H108,P0507
H108,P0508
H108,P0509
H108,P0510
H108,P0511
H108,P0512
H108,P0514
H108,P0517
H108,P0518
H108,P0519
H108,P0520
H108,P0521
H108,P0522
H108,P0523
H108,P0524
H108,P0526
H108,P0527
H108,P0528
H108,P0529
H108,P0530
H108,P0531
H108,P0533
H108,P0534
H108,P0536
H108,P0537
H108,P0538
H108,P0539
H108,P0541
H108,P0542
H108,P0543
H108,P0544
H108,P0546
H108,P0547
H108,P0548
H108,P0549
H108,P0550
H108,P0552
H108,P0553
H108,P0556
H108,P0557
H108,P0558
H108,P0559
H108,P0560
H108,P0561
H108,P0563
H108,P0564
H108,P0565
H108,P0568
H108,P0569
H108,P0570
H108,P0571
H108,P0572
H108,P0573
H108,P0574
H108,P0576
H108,P0578
H108,P0579
H108,P0583
H108,P0585
H108,P0586
H108,P0587
H108,P0589
H108,P0590
H108,P0592
H108,P0593
H108,P0594
H108,P0595
H108,P0596
H108,P0597
H108,P0598
H108,P0599
H109,P0002
H109,P0003
H109,P0004
H109,P0006
H109,P0007
H109,P0008
H109,P0010
H109,P0011
H109,P0012
H109,P0013
H109,P0017
H109,P0018
H109,P0021
H109,P0022
H109,P0024
H109,P0025
H109,P0027
H109,P0028
H109,P0029
H109,P0031
H109,P0033
H109,P0034
H109,P0035
H109,P0036
H109,P0037
H109,P0038
H109,P0039
H109,P0040
H109,P0042
H109,P0045
H109,P0046
H109,P0047
H109,P0048
H109,P0049
H109,P0051
H109,P0052
H109,P0053
H109,P0054
H109,P0055
H109,P0056
H109,P0057
H109,P0058
H109,P0060
H109,P0062
H109,P0063
H109,P0064
H109,P0066
H109,P0069
H109,P0071
H109,P0072
H109,P0074
H109,P0075
H109,P0076
H109,P0079
H109,P0081
H109,P0082
H109,P0083
H109,P0084
H109,P0085
H109,P0086
H109,P0088
H109,P0092
H109,P0093
H109,P0094
H109,P0095
H109,P0096
H109,P0097
H109,P0098
H109,P0099
H109,P0102
H109,P0103
H109,P0104
H109,P0105
H109,P0107
H109,P0108
H109,P0109
H109,P0111
H109,P0112
H109,P0113
H109,P0114
H109,P0115
H109,P0116
H109,P0117
H109,P0119
H109,P0120
H109,P0121
H109,P0123
H109,P0124
H109,P0125
H109,P0126
H109,P0127
H109,P0128
H109,P0129
H109,P0130
H109,P0132
H109,P0133
H109,P0134
H109,P0135
H109,P0136
H109,P0139
H109,P0140
H109,P0142
H109,P0143
H109,P0144
H109,P0145
H109,P0146
H109,P0147
H109,P0149
H109,P0151
H109,P0154
H109,P0155
H109,P0156
H109,P0157
H109,P0158
H109,P0160
H109,P0165
H109,P0166
H109,P0167
H109,P0168
H109,P0169
H109,P0171
H109,P0173
H109,P0174
H109,P0175
H109,P0180
H109,P0181
H109,P0182
H109,P0183
H109,P0184
H109,P0189
H109,P0190
H109,P0191
H109,P0192
H109,P0194
H109,P0195
H109,P0196
H109,P0198
H109,P0199
H109,P0200
H109,P0202
H109,P0203
H109,P0205
H109,P0206
H109,P0207
H109,P0208
H109,P0209
H109,P0212
H109,P0214
H109,P0218
H109,P0221
H109,P0222
H109,P0223
H109,P0224
H109,P0227
H109,P0229
H109,P0231
H109,P0232
H109,P0235
H109,P0236
H109,P0239
H109,P0243
H109,P0246
H109,P0249
H109,P0250
H109,P0251
H109,P0253
H109,P0254
H109,P0255
H109,P0256
H109,P0257
H109,P0258
H109,P0259
H109,P0261
H109,P0262
H109,P0264
H109,P0265
H109,P0266
H109,P0267
H109,P0268
H109,P0269
H109,P0270
H109,P0271
H109,P0273
H109,P0275
H109,P0277
H109,P0279
H109,P0280
H109,P0282
H109,P0283
H109,P0284
H109,P0286
H109,P0287
H109,P0289
H109,P0290
H109,P0291
H109,P0293
H109,P0295
H109,P0296
H109,P0299
H109,P0302
H109,P0303
H109,P0304
H109,P0305
H109,P0306
H109,P0307
H109,P0309
H109,P0310
H109,P0311
H109,P0312
H109,P0314
H109,P0315
H109,P0316
H109,P0317
H109,P0320
H109,P0321
H109,P0323
H109,P0324
H109,P0325
H109,P0326
H109,P0328
H109,P0329
H109,P0330
H109,P0331
H109,P0332
H109,P0334
H109,P0335
H109,P0336
H109,P0337
H109,P0338
H109,P0339
H109,P0340
H109,P0341
H109,P0342
H109,P0343
H109,P0344
H109,P0345
H109,P0346
H109,P0347
H109,P0348
H109,P0349
H109,P0351
H109,P0353
H109,P0354
H109,P0356
H109,P0358
H109,P0359
H109,P0360
H109,P0361
H109,P0362
H109,P0363
H109,P0364
H109,P0366
H109,P0367
H109,P0368
H109,P0369
H109,P0370
H109,P0371
H109,P0372
H109,P0373
H109,P0374
H109,P0375
H109,P0377
H109,P0379
H109,P0381
H109,P0382
H109,P0383
H109,P0391
H109,P0392
H109,P0394
H109,P0395
H109,P0396
H109,P0398
H109,P0401
H109,P0402
H109,P0404
H109,P0405
H109,P0406
H109,P0407
H109,P0408
H109,P0411
H109,P0413
H109,P0414
H109,P0415
H109,P0417
H109,P0420
H109,P0421
H109,P0422
H109,P0425
H109,P0426
H109,P0430
H109,P0431
H109,P0432
H109,P0433
H109,P0435
H109,P0436
H109,P0438
H109,P0439
H109,P0442
H109,P0443
H109,P0444
H109,P0446
H109,P0447
H109,P0448
H109,P0449
H109,P0451
H109,P0452
H109,P0453
H109,P0454
H109,P0455
H109,P0456
H109,P0459
H109,P0461
H109,P0462
H109,P0463
H109,P0464
H109,P0465
H109,P0470
H109,P0471
H109,P0472
H109,P0473
H109,P0477
H109,P0478
H109,P0479
H109,P0480
H109,P0481
H109,P0482
H109,P0485
H109,P0486
H109,P0491
H109,P0492
H109,P0495
H109,P0496
H109,P0497
H109,P0498
H109,P0500
H109,P0501
H109,P0502
H109,P0505
H109,P0507
H109,P0509
H109,P0512
H109,P0514
H109,P0515
H109,P0516
H109,P0517
H109,P0518
H109,P0519
H109,P0520
H109,P0521
H109,P0522
H109,P0523
H109,P0524
H109,P0526
H109,P0527
H109,P0529
H109,P0531
H109,P0532
H109,P0533
H109,P0535
H109,P0536
H109,P0537
H109,P0538
H109,P0540
H109,P0542
H109,P0544
H109,P0545
H109,P0546
H109,P0547
H109,P0548
H109,P0549
H109,P0550
H109,P0551
H109,P0553
H109,P0556
H109,P0557
H109,P0558
H109,P0560
H109,P0561
H109,P0564
H109,P0565
H109,P0566
H109,P0568
H109,P0569
H109,P0570
H109,P0571
H109,P0572
H109,P0573
H109,P0574
H109,P0575
H109,P0576
H109,P0577
H109,P0578
H109,P0579
H109,P0580
H109,P0584
H109,P0585
H109,P0586
H109,P0587
H109,P0588
H109,P0590
H109,P0593
H109,P0594
H109,P0595
H109,P0596
H109,P0598
H109,P0599
H109,P0600
H110,P0002
H110,P0004
H110,P0006
H110,P0007
H110,P0008
H110,P0012
H110,P0014
H110,P0017
H110,P0018
H110,P0021
H110,P0023
H110,P0026
H110,P0027
H110,P0033
H110,P0034
H110,P0035
H110,P0037
H110,P0038
H110,P0040
H110,P0042
H110,P0043
H110,P0045
H110,P0048
H110,P0052
H110,P0055
H110,P0058
H110,P0060
H110,P0061
H110,P0062
H110,P0063
H110,P0065
H110,P0067
H110,P0068
H110,P0069
H110,P0071
H110,P0072
H110,P0075
H110,P0076
H110,P0077
H110,P0079
H110,P0083
H110,P0085
H110,P0087
H110,P0088
H110,P0089
H110,P0090
H110,P0091
H110,P0092
H110,P0093
H110,P0094
H110,P0096
H110,P0097
H110,P0098
H110,P0100
H110,P0102
H110,P0104
H110,P0105
H110,P0108
H110,P0110
H110,P0111
H110,P0114
H110,P0115
H110,P0116
H110,P0117
H110,P0120
H110,P0121
H110,P0122
H110,P0126
H110,P0129
H110,P0130
H110,P0131
H110,P0132
H110,P0133
H110,P0134
H110,P0135
H110,P0136
H110,P0139
H110,P0140
H110,P0141
H110,P0142
H110,P0143
H110,P0144
H110,P0146
H110,P0147
H110,P0148
H110,P0150
H110,P0151
H110,P0152
H110,P0153
H110,P0155
H110,P0156
H110,P0157
H110,P0158
H110,P0160
H110,P0161
H110,P0162
H110,P0163
H110,P0165
H110,P0167
H110,P0169
H110,P0171
H110,P0172
H110,P0173
H110,P0174
H110,P0175
H110,P0178
H110,P0181
H110,P0182
H110,P0183
H110,P0184
H110,P0188
H110,P0189
H110,P0190
H110,P0191
H110,P0193
H110,P0197
H110,P0198
H110,P0200
H110,P0201
H110,P0203
H110,P0205
H110,P0208
H110,P0209
H110,P0210
H110,P0211
H110,P0212
H110,P0213
H110,P0216
H110,P0218
H110,P0219
H110,P0221
H110,P0222
H110,P0223
H110,P0224
H110,P0225
H110,P0228
H110,P0229
H110,P0230
H110,P0231
H110,P0232
H110,P0234
H110,P0235
H110,P0238
H110,P0241
H110,P0242
H110,P0243
H110,P0244
H110,P0245
H110,P0246
H110,P0247
H110,P0249
H110,P0250
H110,P0251
H110,P0252
H110,P0253
H110,P0254
H110,P0256
H110,P0257
H110,P0260
H110,P0261
H110,P0262
H110,P0266
H110,P0269
H110,P0270
H110,P0271
H110,P0273
H110,P0276
H110,P0277
H110,P0279
H110,P0280
H110,P0281
H110,P0282
H110,P0283
H110,P0284
H110,P0286
H110,P0287
H110,P0288
H110,P0290
H110,P0294
H110,P0295
H110,P0296
H110,P0297
H110,P0298
H110,P0299
H110,P0300
H110,P0301
H110,P0302
H110,P0303
H110,P0305
H110,P0306
H110,P0310
H110,P0312
H110,P0313
H110,P0314
H110,P0316
H110,P0317
H110,P0318
H110,P0319
H110,P0320
H110,P0321
H110,P0322
H110,P0324
H110,P0325
H110,P0326
H110,P0327
H110,P0328
H110,P0330
H110,P0332
H110,P0333
H110,P0335
H110,P0336
H110,P0338
H110,P0339
H110,P0341
H110,P0342
H110,P0343
H110,P0345
H110,P0346
H110,P0347
H110,P0350
H110,P0351
H110,P0352
H110,P0353
H110,P0354
H110,P0355
H110,P0357
H110,P0358
H110,P0359
H110,P0361
H110,P0362
H110,P0364
H110,P0367
H110,P0368
H110,P0369
H110,P0370
H110,P0373
H110,P0374
H110,P0375
H110,P0381
H110,P0382
H110,P0383
H110,P0384
H110,P0385
H110,P0388
H110,P0389
H110,P0390
H110,P0391
H110,P0392
H110,P0393
H110,P0394
H110,P0395
H110,P0397
H110,P0398
H110,P0400
H110,P0401
H110,P0402
H110,P0404
H110,P0406
H110,P0407
H110,P0408
H110,P0409
H110,P0410
H110,P0411
H110,P0414
H110,P0416
H110,P0417
H110,P0418
H110,P0420
H110,P0422
H110,P0430
H110,P0431
H110,P0432
H110,P0433
H110,P0434
H110,P0435
H110,P0436
H110,P0438
H110,P0439
H110,P0440
H110,P0441
H110,P0443
H110,P0447
H110,P0448
H110,P0450
H110,P0451
H110,P0453
H110,P0454
H110,P0455
H110,P0456
H110,P0459
H110,P0460
H110,P0461
H110,P0462
H110,P0463
H110,P0465
H110,P0466
H110,P0469
H110,P0470
H110,P0471
H110,P0472
H110,P0473
H110,P0474
H110,P0477
H110,P0478
H110,P0481
H110,P0485
H110,P0486
H110,P0487
H110,P0488
H110,P0489
H110,P0490
H110,P0491
H110,P0492
H110,P0493
H110,P0494
H110,P0495
H110,P0497
H110,P0500
H110,P0502
H110,P0504
H110,P0505
H110,P0507
H110,P0509
H110,P0511
H110,P0512
H110,P0515
H110,P0516
H110,P0517
H110,P0518
H110,P0519
H110,P0520
H110,P0521
H110,P0522
H110,P0523
H110,P0524
H110,P0525
H110,P0527
H110,P0529
H110,P0530
H110,P0532
H110,P0533
H110,P0534
H110,P0536
H110,P0537
H110,P0538
H110,P0539
H110,P0540
H110,P0543
H110,P0544
H110,P0545
H110,P0546
H110,P0547
H110,P0549
H110,P0550
H110,P0551
H110,P0553
H110,P0556
H110,P0557
H110,P0558
H110,P0559
H110,P0560
H110,P0561
H110,P0562
H110,P0563
H110,P0564
H110,P0565
H110,P0566
H110,P0567
H110,P0568
H110,P0569
H110,P0570
H110,P0571
H110,P0572
H110,P0575
H110,P0578
H110,P0579
H110,P0580
H110,P0582
H110,P0584
H110,P0585
H110,P0590
H110,P0592
H110,P0597
H110,P0598
H111,P0002
H111,P0004
H111,P0005
H111,P0006
H111,P0007
H111,P0008
H111,P0011
H111,P0012
H111,P0017
H111,P0018
H111,P0021
H111,P0022
H111,P0023
H111,P0027
H111,P0028
H111,P0029
H111,P0031
H111,P0034
H111,P0035
H111,P0039
H111,P0041
H111,P0042
H111,P0047
H111,P0048
H111,P0051
H111,P0052
H111,P0053
H111,P0055
H111,P0060
H111,P0063
H111,P0065
H111,P0066
H111,P0068
H111,P0071
H111,P0072
H111,P0073
H111,P0075
H111,P0078
H111,P0079
H111,P0083
H111,P0084
H111,P0085
H111,P0086
H111,P0087
H111,P0088
H111,P0092
H111,P0093
H111,P0095
H111,P0096
H111,P0097
H111,P0098
H111,P0099
H111,P0100
H111,P0101
H111,P0102
H111,P0104
H111,P0105
H111,P0107
H111,P0108
H111,P0111
H111,P0113
H111,P0115
H111,P0117
H111,P0118
H111,P0119
H111,P0120
H111,P0121
H111,P0122
H111,P0124
H111,P0125
H111,P0127
H111,P0128
H111,P0129
H111,P0130
H111,P0131
H111,P0132
H111,P0133
H111,P0134
H111,P0136
H111,P0142
H111,P0143
H111,P0145
H111,P0146
H111,P0147
H111,P0148
H111,P0149
H111,P0150
H111,P0152
H111,P0154
H111,P0158
H111,P0161
H111,P0163
H111,P0164
H111,P0165
H111,P0170
H111,P0171
H111,P0172
H111,P0175
H111,P0178
H111,P0181
H111,P0183
H111,P0184
H111,P0187
H111,P0188
H111,P0189
H111,P0190
H111,P0192
H111,P0193
H111,P0195
H111,P0196
H111,P0197
H111,P0200
H111,P0201
H111,P0202
H111,P0203
H111,P0205
H111,P0206
H111,P0207
H111,P0210
H111,P0211
H111,P0212
H111,P0213
H111,P0214
H111,P0218
H111,P0219
H111,P0221
H111,P0222
H111,P0226
H111,P0229
H111,P0231
H111,P0232
H111,P0235
H111,P0240
H111,P0241
H111,P0243
H111,P0244
H111,P0245
H111,P0246
H111,P0247
H111,P0249
H111,P0250
H111,P0251
H111,P0254
H111,P0255
H111,P0257
H111,P0259
H111,P0265
H111,P0268
H111,P0269
H111,P0270
H111,P0271
H111,P0272
H111,P0273
H111,P0275
H111,P0276
H111,P0277
H111,P0278
H111,P0280
H111,P0281
H111,P0283
H111,P0284
H111,P0285
H111,P0287
H111,P0290
H111,P0291
H111,P0293
H111,P0294
H111,P0295
H111,P0297
H111,P0298
H111,P0299
H111,P0301
H111,P0302
H111,P0306
H111,P0307
H111,P0308
H111,P0311
H111,P0312
H111,P0314
H111,P0315
H111,P0317
H111,P0319
H111,P0320
H111,P0321
H111,P0322
H111,P0326
H111,P0330
H111,P0331
H111,P0332
H111,P0333
H111,P0335
H111,P0336
H111,P0337
H111,P0338
H111,P0339
H111,P0340
H111,P0341
H111,P0342
H111,P0344
H111,P0345
H111,P0346
H111,P0349
H111,P0351
H111,P0352
H111,P0353
H111,P0356
H111,P0358
H111,P0362
H111,P0363
H111,P0364
H111,P0366
H111,P0367
H111,P0368
H111,P0369
H111,P0370
H111,P0372
H111,P0374
H111,P0375
H111,P0376
H111,P0378
H111,P0379
H111,P0380
H111,P0381
H111,P0384
H111,P0388
H111,P0393
H111,P0394
H111,P0395
H111,P0396
H111,P0397
H111,P0402
H111,P0404
H111,P0405
H111,P0406
H111,P0407
H111,P0408
H111,P0409
H111,P0410
H111,P0411
H111,P0412
H111,P0413
H111,P0414
H111,P0416
H111,P0417
H111,P0418
H111,P0419
H111,P0420
H111,P0422
H111,P0424
H111,P0431
H111,P0432
H111,P0434
H111,P0435
H111,P0438
H111,P0439
H111,P0440
H111,P0441
H111,P0442
H111,P0443
H111,P0444
H111,P0447
H111,P0449
H111,P0450
H111,P0451
H111,P0453
H111,P0454
H111,P0455
H111,P0456
H111,P0457
H111,P0459
H111,P0460
H111,P0461
H111,P0462
H111,P0465
H111,P0470
H111,P0471
H111,P0472
H111,P0473
H111,P0474
H111,P0477
H111,P0481
H111,P0482
H111,P0483
H111,P0484
H111,P0485
H111,P0486
H111,P0487
H111,P0488
H111,P0490
H111,P0492
H111,P0495
H111,P0497
H111,P0499
H111,P0500
H111,P0504
H111,P0505
H111,P0507
H111,P0508
H111,P0510
H111,P0511
H111,P0512
H111,P0515
H111,P0516
H111,P0517
H111,P0518
H111,P0519
H111,P0521
H111,P0523
H111,P0524
H111,P0526
H111,P0528
H111,P0529
H111,P0532
H111,P0533
H111,P0535
H111,P0536
H111,P0539
H111,P0540
H111,P0541
H111,P0543
H111,P0546
H111,P0547
H111,P0548
H111,P0549
H111,P0550
H111,P0551
H111,P0552
H111,P0553
H111,P0557
H111,P0558
H111,P0561
H111,P0564
H111,P0566
H111,P0567
H111,P0568
H111,P0569
H111,P0570
H111,P0571
H111,P0572
H111,P0573
H111,P0574
H111,P0576
H111,P0577
H111,P0578
H111,P0579
H111,P0582
H111,P0584
H111,P0586
H111,P0589
H111,P0590
H111,P0591
H111,P0593
H111,P0594
H111,P0596
H111,P0598
H111,P0600
H112,P0002
H112,P0005
H112,P0007
H112,P0008
H112,P0011
H112,P0012
H112,P0013
H112,P0014
H112,P0015
H112,P0016
H112,P0017
H112,P0018
H112,P0019
H112,P0020
H112,P0021
H112,P0022
H112,P0023
H112,P0024
H112,P0029
H112,P0033
H112,P0034
H112,P0035
H112,P0036
H112,P0037
H112,P0040
H112,P0041
H112,P0042
H112,P0043
H112,P0045
H112,P0046
H112,P0047
H112,P0048
H112,P0050
H112,P0052
H112,P0054
H112,P0058
H112,P0059
H112,P0062
H112,P0063
H112,P0064
H112,P0065
H112,P0066
H112,P0067
H112,P0068
H112,P0071
H112,P0072
H112,P0075
H112,P0076
H112,P0077
H112,P0079
H112,P0080
H112,P0081
H112,P0085
H112,P0086
H112,P0088
H112,P0089
H112,P0091
H112,P0092
H112,P0094
H112,P0095
H112,P0096
H112,P0097
H112,P0098
H112,P0099
H112,P0100
H112,P0101
H112,P0102
H112,P0103
H112,P0104
H112,P0105
H112,P0106
H112,P0107
H112,P0108
H112,P0110
H112,P0112
H112,P0113
H112,P0114
H112,P0116
H112,P0117
H112,P0119
H112,P0120
H112,P0121
H112,P0122
H112,P0124
H112,P0125
H112,P0127
H112,P0128
H112,P0129
H112,P0130
H112,P0132
H112,P0133
H112,P0134
H112,P0135
H112,P0136
H112,P0137
H112,P0138
H112,P0139
H112,P0140
H112,P0142
H112,P0143
H112,P0144
H112,P0145
H112,P0146
H112,P0148
H112,P0149
H112,P0150
H112,P0152
H112,P0154
H112,P0155
H112,P0157
H112,P0162
H112,P0164
H112,P0165
H112,P0166
H112,P0167
H112,P0169
H112,P0170
H112,P0171
H112,P0174
H112,P0175
H112,P0176
H112,P0178
H112,P0180
H112,P0181
H112,P0183
H112,P0185
H112,P0188
H112,P0189
H112,P0190
H112,P0192
H112,P0193
H112,P0195
H112,P0198
H112,P0199
H112,P0201
H112,P0204
H112,P0205
H112,P0208
H112,P0209
H112,P0211
H112,P0212
H112,P0213
H112,P0215
H112,P0217
H112,P0218
H112,P0219
H112,P0222
H112,P0224
H112,P0225
H112,P0226
H112,P0227
H112,P0228
H112,P0229
H112,P0232
H112,P0234
H112,P0235
H112,P0237
H112,P0238
H112,P0239
H112,P0241
H112,P0242
H112,P0243
H112,P0244
H112,P0245
H112,P0246
H112,P0249
H112,P0250
H112,P0251
H112,P0252
H112,P0253
H112,P0255
H112,P0256
H112,P0257
H112,P0258
H112,P0259
H112,P0261
H112,P0262
H112,P0263
H112,P0264
H112,P0265
H112,P0266
H112,P0267
H112,P0268
H112,P0269
H112,P0270
H112,P0271
H112,P0273
H112,P0274
H112,P0275
H112,P0276
H112,P0277
H112,P0278
H112,P0279
H112,P0282
H112,P0283
H112,P0284
H112,P0285
H112,P0289
H112,P0292
H112,P0293
H112,P0295
H112,P0296
H112,P0299
H112,P0301
H112,P0302
H112,P0303
H112,P0304
H112,P0306
H112,P0307
H112,P0308
H112,P0309
H112,P0310
H112,P0312
H112,P0313
H112,P0315
H112,P0316
H112,P0317
H112,P0318
H112,P0320
H112,P0321
H112,P0323
H112,P0324
H112,P0325
H112,P0326
H112,P0327
H112,P0328
H112,P0329
H112,P0330
H112,P0332
H112,P0333
H112,P0334
H112,P0336
H112,P0337
H112,P0338
H112,P0339
H112,P0340
H112,P0341
H112,P0342
H112,P0344
H112,P0345
H112,P0346
H112,P0348
H112,P0349
H112,P0352
H112,P0353
H112,P0354
H112,P0355
H112,P0356
H112,P0357
H112,P0358
H112,P0359
H112,P0361
H112,P0362
H112,P0363
H112,P0364
H112,P0366
H112,P0367
H112,P0368
H112,P0369
H112,P0372
H112,P0373
H112,P0374
H112,P0375
H112,P0376
H112,P0378
H112,P0379
H112,P0380
H112,P0381
H112,P0383
H112,P0384
H112,P0385
H112,P0386
H112,P0389
H112,P0391
H112,P0392
H112,P0393
H112,P0395
H112,P0396
H112,P0397
H112,P0398
H112,P0401
H112,P0402
H112,P0404
H112,P0405
H112,P0406
H112,P0407
H112,P0408
H112,P0409
H112,P0410
H112,P0411
H112,P0412
H112,P0414
H112,P0416
H112,P0417
H112,P0419
H112,P0420
H112,P0423
H112,P0424
H112,P0425
H112,P0427
H112,P0430
H112,P0431
H112,P0433
H112,P0434
H112,P0435
H112,P0438
H112,P0440
H112,P0441
H112,P0442
H112,P0443
H112,P0444
H112,P0446
H112,P0447
H112,P0448
H112,P0449
H112,P0450
H112,P0451
H112,P0453
H112,P0454
H112,P0456
H112,P0457
H112,P0458
H112,P0459
H112,P0461
H112,P0462
H112,P0464
H112,P0466
H112,P0468
H112,P0469
H112,P0470
H112,P0471
H112,P0472
H112,P0473
H112,P0474
H112,P0476
H112,P0477
H112,P0478
H112,P0479
H112,P0482
H112,P0484
H112,P0485
H112,P0486
H112,P0487
H112,P0490
H112,P0491
H112,P0492
H112,P0494
H112,P0495
H112,P0496
H112,P0497
H112,P0498
H112,P0499
H112,P0500
H112,P0502
H112,P0504
H112,P0505
H112,P0506
H112,P0507
H112,P0508
H112,P0511
H112,P0514
H112,P0516
H112,P0517
H112,P0518
H112,P0519
H112,P0520
H112,P0522
H112,P0524
H112,P0525
H112,P0526
H112,P0527
H112,P0528
H112,P0530
H112,P0531
H112,P0532
H112,P0533
H112,P0535
H112,P0536
H112,P0537
H112,P0538
H112,P0539
H112,P0540
H112,P0541
H112,P0543
H112,P0544
H112,P0546
H112,P0547
H112,P0548
H112,P0549
H112,P0550
H112,P0551
H112,P0552
H112,P0553
H112,P0555
H112,P0556
H112,P0557
H112,P0559
H112,P0562
H112,P0563
H112,P0564
H112,P0565
H112,P0566
H112,P0567
H112,P0568
H112,P0569
H112,P0570
H112,P0571
H112,P0572
H112,P0573
H112,P0574
H112,P0575
H112,P0576
H112,P0578
H112,P0579
H112,P0581
H112,P0582
H112,P0584
H112,P0585
H112,P0586
H112,P0587
H112,P0588
H112,P0589
H112,P0590
H112,P0593
H112,P0594
H112,P0595
H112,P0596
H112,P0597
H112,P0599
H113,P0001
H113,P0002
H113,P0004
H113,P0005
H113,P0006
H113,P0007
H113,P0008
H113,P0009
H113,P0011
H113,P0012
H113,P0014
H113,P0016
H113,P0017
H113,P0021
H113,P0022
H113,P0023
H113,P0024
H113,P0026
H113,P0028
H113,P0030
H113,P0033
H113,P0035
H113,P0036
H113,P0037
H113,P0038
H113,P0039
H113,P0042
H113,P0043
H113,P0044
H113,P0045
H113,P0046
H113,P0047
H113,P0048
H113,P0051
H113,P0053
H113,P0054
H113,P0056
H113,P0058
H113,P0059
H113,P0060
H113,P0061
H113,P0062
H113,P0064
H113,P0065
H113,P0066
H113,P0068
H113,P0069
H113,P0070
H113,P0071
H113,P0072
H113,P0073
H113,P0074
H113,P0075
H113,P0076
H113,P0078
H113,P0079
H113,P0080
H113,P0082
H113,P0083
H113,P0084
H113,P0085
H113,P0086
H113,P0087
H113,P0088
H113,P0091
H113,P0092
H113,P0093
H113,P0096
H113,P0097
H113,P0098
H113,P0100
H113,P0101
H113,P0102
H113,P0105
H113,P0107
H113,P0108
H113,P0109
H113,P0110
H113,P0111
H113,P0112
H113,P0113
H113,P0115
H113,P0116
H113,P0117
H113,P0119
H113,P0121
H113,P0122
H113,P0123
H113,P0125
H113,P0126
H113,P0129
H113,P0130
H113,P0132
H113,P0135
H113,P0136
H113,P0139
H113,P0140
H113,P0141
H113,P0142
H113,P0143
H113,P0144
H113,P0145
H113,P0146
H113,P0147
H113,P0148
H113,P0149
H113,P0150
H113,P0151
H113,P0152
H113,P0153
H113,P0154
H113,P0155
H113,P0156
H113,P0157
H113,P0158
H113,P0159
H113,P0160
H113,P0161
H113,P0162
H113,P0163
H113,P0164
H113,P0165
H113,P0167
H113,P0168
H113,P0169
H113,P0170
H113,P0171
H113,P0172
H113,P0173
H113,P0174
H113,P0176
H113,P0178
H113,P0180
H113,P0182
H113,P0185
H113,P0188
H113,P0189
H113,P0190
H113,P0191
H113,P0192
H113,P0193
H113,P0195
H113,P0199
H113,P0200
H113,P0201
H113,P0203
H113,P0204
H113,P0205
H113,P0206
H113,P0207
H113,P0208
H113,P0209
H113,P0211
H113,P0212
H113,P0213
H113,P0215
H113,P0216
H113,P0218
H113,P0221
H113,P0222
H113,P0223
H113,P0225
H113,P0226
H113,P0227
H113,P0228
H113,P0229
H113,P0230
H113,P0231
H113,P0232
H113,P0233
H113,P0234
H113,P0235
H113,P0236
H113,P0237
H113,P0238
H113,P0239
H113,P0242
H113,P0243
H113,P0244
H113,P0246
H113,P0247
H113,P0248
H113,P0249
H113,P0250
H113,P0252
H113,P0253
H113,P0256
H113,P0257
H113,P0258
H113,P0259
H113,P0261
H113,P0262
H113,P0264
H113,P0265
H113,P0266
H113,P0268
H113,P0269
H113,P0271
H113,P0272
H113,P0273
H113,P0274
H113,P0276
H113,P0277
H113,P0278
H113,P0279
H113,P0280
H113,P0282
H113,P0283
H113,P0284
H113,P0285
H113,P0287
H113,P0289
H113,P0290
H113,P0291
H113,P0292
H113,P0295
H113,P0296
H113,P0299
H113,P0300
H113,P0302
H113,P0305
H113,P0306
H113,P0307
H113,P0308
H113,P0309
H113,P0310
H113,P0312
H113,P0313
H113,P0314
H113,P0315
H113,P0317
H113,P0320
H113,P0321
H113,P0322
H113,P0323
H113,P0324
H113,P0325
H113,P0327
H113,P0328
H113,P0329
H113,P0330
H113,P0331
H113,P0332
H113,P0334
H113,P0335
H113,P0336
H113,P0337
H113,P0338
H113,P0339
H113,P0340
H113,P0341
H113,P0342
H113,P0344
H113,P0345
H113,P0346
H113,P0347
H113,P0348
H113,P0351
H113,P0353
H113,P0355
H113,P0356
H113,P0357
H113,P0358
H113,P0359
H113,P0360
H113,P0361
H113,P0362
H113,P0364
H113,P0366
H113,P0367
H113,P0368
H113,P0369
H113,P0370
H113,P0371
H113,P0372
H113,P0374
H113,P0375
H113,P0376
H113,P0377
H113,P0379
H113,P0380
H113,P0381
H113,P0382
H113,P0384
H113,P0388
H113,P0390
H113,P0391
H113,P0393
H113,P0394
H113,P0396
H113,P0397
H113,P0398
H113,P0401
H113,P0402
H113,P0403
H113,P0404
H113,P0405
H113,P0406
H113,P0407
H113,P0408
H113,P0410
H113,P0411
H113,P0413
H113,P0414
H113,P0416
H113,P0417
H113,P0420
H113,P0421
H113,P0422
H113,P0424
H113,P0425
H113,P0426
H113,P0427
H113,P0428
H113,P0430
H113,P0432
H113,P0433
H113,P0434
H113,P0435
H113,P0436
H113,P0438
H113,P0439
H113,P0440
H113,P0441
H113,P0442
H113,P0443
H113,P0445
H113,P0446
H113,P0447
H113,P0448
H113,P0449
H113,P0450
H113,P0451
H113,P0452
H113,P0453
H113,P0454
H113,P0455
H113,P0456
H113,P0458
H113,P0460
H113,P0461
H113,P0462
H113,P0464
H113,P0465
H113,P0466
H113,P0467
H113,P0468
H113,P0470
H113,P0471
H113,P0472
H113,P0473
H113,P0474
H113,P0475
H113,P0477
H113,P0478
H113,P0479
H113,P0480
H113,P0481
H113,P0484
H113,P0485
H113,P0486
H113,P0487
H113,P0488
H113,P0489
H113,P0490
H113,P0491
H113,P0492
H113,P0493
H113,P0494
H113,P0495
H113,P0496
H113,P0497
H113,P0498
H113,P0499
H113,P0500
H113,P0501
H113,P0502
H113,P0505
H113,P0507
H113,P0508
H113,P0511
H113,P0512
H113,P0514
H113,P0515
H113,P0516
H113,P0518
H113,P0519
H113,P0520
H113,P0521
H113,P0522
H113,P0523
H113,P0524
H113,P0526
H113,P0527
H113,P0529
H113,P0530
H113,P0531
H113,P0532
H113,P0533
H113,P0534
H113,P0536
H113,P0538
H113,P0539
H113,P0540
H113,P0541
H113,P0542
H113,P0543
H113,P0544
H113,P0546
H113,P0547
H113,P0548
H113,P0549
H113,P0550
H113,P0551
H113,P0553
H113,P0554
H113,P0555
H113,P0556
H113,P0557
H113,P0559
H113,P0561
H113,P0562
H113,P0563
H113,P0564
H113,P0565
H113,P0566
H113,P0567
H113,P0569
H113,P0570
H113,P0571
H113,P0572
H113,P0573
H113,P0574
H113,P0575
H113,P0576
H113,P0577
H113,P0578
H113,P0583
H113,P0584
H113,P0585
H113,P0586
H113,P0588
H113,P0589
H113,P0592
H113,P0593
H113,P0596
H113,P0598
H113,P0599
H113,P0600
H114,P0004
H114,P0006
H114,P0008
H114,P0011
H114,P0012
H114,P0014
H114,P0016
H114,P0017
H114,P0018
H114,P0019
H114,P0020
H114,P0021
H114,P0022
H114,P0023
H114,P0024
H114,P0026
H114,P0028
H114,P0030
H114,P0031
H114,P0033
H114,P0035
H114,P0036
H114,P0037
H114,P0038
H114,P0039
H114,P0040
H114,P0042
H114,P0043
H114,P0045
H114,P0047
H114,P0050
H114,P0052
H114,P0054
H114,P0055
H114,P0062
H114,P0064
H114,P0065
H114,P0066
H114,P0068
H114,P0069
H114,P0070
H114,P0071
H114,P0072
H114,P0075
H114,P0076
H114,P0077
H114,P0079
H114,P0080
H114,P0082
H114,P0083
H114,P0084
H114,P0085
H114,P0086
H114,P0087
H114,P0092
H114,P0093
H114,P0095
H114,P0097
H114,P0098
H114,P0099
H114,P0100
H114,P0101
H114,P0102
H114,P0103
H114,P0104
H114,P0105
H114,P0106
H114,P0107
H114,P0111
H114,P0113
H114,P0114
H114,P0115
H114,P0116
H114,P0117
H114,P0119
H114,P0124
H114,P0125
H114,P0126
H114,P0129
H114,P0130
H114,P0132
H114,P0133
H114,P0134
H114,P0135
H114,P0136
H114,P0138
H114,P0139
H114,P0140
H114,P0142
H114,P0145
H114,P0146
H114,P0147
H114,P0149
H114,P0150
H114,P0152
H114,P0153
H114,P0155
H114,P0156
H114,P0157
H114,P0158
H114,P0160
H114,P0161
H114,P0163
H114,P0165
H114,P0166
H114,P0169
H114,P0171
H114,P0176
H114,P0177
H114,P0178
H114,P0179
H114,P0180
H114,P0181
H114,P0182
H114,P0183
H114,P0187
H114,P0190
H114,P0192
H114,P0193
H114,P0194
H114,P0195
H114,P0198
H114,P0200
H114,P0202
H114,P0203
H114,P0204
H114,P0207
H114,P0208
H114,P0209
H114,P0211
H114,P0212
H114,P0213
H114,P0214
H114,P0215
H114,P0216
H114,P0218
H114,P0220
H114,P0222
H114,P0223
H114,P0224
H114,P0226
H114,P0228
H114,P0229
H114,P0232
H114,P0233
H114,P0234
H114,P0235
H114,P0237
H114,P0239
H114,P0242
H114,P0243
H114,P0244
H114,P0245
H114,P0246
H114,P0247
H114,P0249
H114,P0250
H114,P0253
H114,P0254
H114,P0255
H114,P0256
H114,P0257
H114,P0258
H114,P0259
H114,P0261
H114,P0262
H114,P0263
H114,P0264
H114,P0265
H114,P0266
H114,P0267
H114,P0268
H114,P0269
H114,P0271
H114,P0273
H114,P0276
H114,P0277
H114,P0278
H114,P0279
H114,P0281
H114,P0284
H114,P0287
H114,P0289
H114,P0290
H114,P0291
H114,P0294
H114,P0296
H114,P0297
H114,P0299
H114,P0300
H114,P0301
H114,P0303
H114,P0305
H114,P0306
H114,P0307
H114,P0309
H114,P0310
H114,P0311
H114,P0312
H114,P0313
H114,P0314
H114,P0317
H114,P0318
H114,P0319
H114,P0320
H114,P0321
H114,P0323
H114,P0324
H114,P0325
H114,P0326
H114,P0328
H114,P0329
H114,P0330
H114,P0332
H114,P0336
H114,P0337
H114,P0338
H114,P0342
H114,P0343
H114,P0344
H114,P0345
H114,P0347
H114,P0348
H114,P0351
H114,P0353
H114,P0355
H114,P0356
H114,P0357
H114,P0359
H114,P0360
H114,P0361
H114,P0362
H114,P0363
H114,P0364
H114,P0366
H114,P0368
H114,P0369
H114,P0370
H114,P0371
H114,P0373
H114,P0374
H114,P0375
H114,P0377
H114,P0378
H114,P0380
H114,P0381
H114,P0383
H114,P0384
H114,P0385
H114,P0386
H114,P0389
H114,P0390
H114,P0392
H114,P0394
H114,P0395
H114,P0396
H114,P0398
H114,P0400
H114,P0401
H114,P0402
H114,P0404
H114,P0405
H114,P0407
H114,P0408
H114,P0409
H114,P0410
H114,P0411
H114,P0412
H114,P0413
H114,P0414
H114,P0417
H114,P0418
H114,P0420
H114,P0421
H114,P0422
H114,P0426
H114,P0427
H114,P0428
H114,P0430
H114,P0431
H114,P0432
H114,P0435
H114,P0438
H114,P0439
H114,P0440
H114,P0441
H114,P0442
H114,P0443
H114,P0444
H114,P0445
H114,P0447
H114,P0448
H114,P0451
H114,P0453
H114,P0456
H114,P0458
H114,P0459
H114,P0460
H114,P0463
H114,P0464
H114,P0465
H114,P0466
H114,P0467
H114,P0470
H114,P0471
H114,P0472
H114,P0473
H114,P0477
H114,P0479
H114,P0481
H114,P0482
H114,P0483
H114,P0484
H114,P0485
H114,P0486
H114,P0488
H114,P0489
H114,P0491
H114,P0492
H114,P0493
H114,P0494
H114,P0495
H114,P0496
H114,P0497
H114,P0498
H114,P0499
H114,P0500
H114,P0502
H114,P0503
H114,P0505
H114,P0506
H114,P0507
H114,P0508
H114,P0514
H114,P0515
H114,P0516
H114,P0517
H114,P0519
H114,P0520
H114,P0522
H114,P0523
H114,P0524
H114,P0525
H114,P0527
H114,P0528
H114,P0529
H114,P0530
H114,P0531
H114,P0532
H114,P0533
H114,P0534
H114,P0535
H114,P0537
H114,P0538
H114,P0539
H114,P0540
H114,P0541
H114,P0542
H114,P0543
H114,P0544
H114,P0545
H114,P0546
H114,P0547
H114,P0548
H114,P0550
H114,P0551
H114,P0552
H114,P0556
H114,P0557
H114,P0561
H114,P0562
H114,P0563
H114,P0564
H114,P0565
H114,P0566
H114,P0568
H114,P0569
H114,P0570
H114,P0572
H114,P0574
H114,P0575
H114,P0577
H114,P0578
H114,P0582
H114,P0584
H114,P0585
H114,P0587
H114,P0589
H114,P0590
H114,P0591
H114,P0593
H114,P0594
H114,P0596
H114,P0598
H114,P0600
H115,P0001
H115,P0002
H115,P0003
H115,P0004
H115,P0005
H115,P0006
H115,P0007
H115,P0008
H115,P0009
H115,P0012
H115,P0013
H115,P0014
H115,P0015
H115,P0017
H115,P0018
H115,P0019
H115,P0021
H115,P0022
H115,P0023
H115,P0025
H115,P0026
H115,P0027
H115,P0028
H115,P0030
H115,P0031
H115,P0032
H115,P0033
H115,P0034
H115,P0035
H115,P0036
H115,P0037
H115,P0039
H115,P0040
H115,P0042
H115,P0043
H115,P0045
H115,P0046
H115,P0048
H115,P0049
H115,P0050
H115,P0051
H115,P0052
H115,P0054
H115,P0055
H115,P0056
H115,P0057
H115,P0058
H115,P0060
H115,P0061
H115,P0062
H115,P0064
H115,P0065
H115,P0066
H115,P0068
H115,P0069
H115,P0070
H115,P0071
H115,P0074
H115,P0075
H115,P0076
H115,P0077
H115,P0078
H115,P0079
H115,P0080
H115,P0081
H115,P0082
H115,P0083
H115,P0084
H115,P0085
H115,P0086
H115,P0087
H115,P0088
H115,P0089
H115,P0090
H115,P0091
H115,P0092
H115,P0093
H115,P0094
H115,P0095
H115,P0097
H115,P0098
H115,P0099
H115,P0100
H115,P0102
H115,P0104
H115,P0106
H115,P0107
H115,P0108
H115,P0109
H115,P0110
H115,P0111
H115,P0112
H115,P0114
H115,P0115
H115,P0116
H115,P0117
H115,P0118
H115,P0119
H115,P0120
H115,P0121
H115,P0122
H115,P0124
H115,P0125
H115,P0126
H115,P0127
H115,P0128
H115,P0129
H115,P0130
H115,P0131
H115,P0132
H115,P0133
H115,P0134
H115,P0135
H115,P0137
H115,P0138
H115,P0139
H115,P0140
H115,P0142
H115,P0143
H115,P0144
H115,P0145
H115,P0146
H115,P0147
H115,P0148
H115,P0149
H115,P0150
H115,P0151
H115,P0152
H115,P0153
H115,P0155
H115,P0156
H115,P0157
H115,P0158
H115,P0159
H115,P0160
H115,P0161
H115,P0162
H115,P0164
H115,P0165
H115,P0166
H115,P0167
H115,P0168
H115,P0169
H115,P0170
H115,P0171
H115,P0172
H115,P0173
H115,P0174
H115,P0176
H115,P0177
H115,P0178
H115,P0179
H115,P0180
H115,P0181
H115,P0183
H115,P0184
H115,P0185
H115,P0186
H115,P0187
H115,P0188
H115,P0189
H115,P0190
H115,P0191
H115,P0192
H115,P0193
H115,P0194
H115,P0195
H115,P0196
H115,P0197
H115,P0198
H115,P0199
H115,P0200
H115,P0201
H115,P0202
H115,P0204
H115,P0205
H115,P0206
H115,P0207
H115,P0208
H115,P0210
H115,P0211
H115,P0212
H115,P0213
H115,P0214
H115,P0215
H115,P0216
H115,P0218
H115,P0220
H115,P0221
H115,P0223
H115,P0224
H115,P0225
H115,P0226
H115,P0227
H115,P0228
H115,P0229
H115,P0230
H115,P0231
H115,P0232
H115,P0233
H115,P0235
H115,P0236
H115,P0237
H115,P0238
H115,P0241
H115,P0242
H115,P0243
H115,P0244
H115,P0245
H115,P0246
H115,P0247
H115,P0250
H115,P0251
H115,P0252
H115,P0254
H115,P0255
H115,P0256
H115,P0257
H115,P0258
H115,P0259
H115,P0261
H115,P0262
H115,P0263
H115,P0265
H115,P0268
H115,P0269
H115,P0271
H115,P0272
H115,P0273
H115,P0274
H115,P0276
H115,P0277
H115,P0279
H115,P0280
H115,P0281
H115,P0282
H115,P0284
H115,P0285
H115,P0286
H115,P0287
H115,P0288
H115,P0290
H115,P0291
H115,P0292
H115,P0293
H115,P0295
H115,P0296
H115,P0299
H115,P0300
H115,P0301
H115,P0303
H115,P0304
H115,P0305
H115,P0306
H115,P0307
H115,P0308
H115,P0310
H115,P0311
H115,P0312
H115,P0313
H115,P0314
H115,P0315
H115,P0316
H115,P0317
H115,P0318
H115,P0319
H115,P0320
H115,P0321
H115,P0322
H115,P0323
H115,P0324
H115,P0325
H115,P0326
H115,P0327
H115,P0330
H115,P0331
H115,P0332
H115,P0333
H115,P0334
H115,P0335
H115,P0336
H115,P0337
H115,P0338
H115,P0339
H115,P0341
H115,P0342
H115,P0343
H115,P0344
H115,P0345
H115,P0346
H115,P0347
H115,P0348
H115,P0349
H115,P0350
H115,P0352
H115,P0353
H115,P0354
H115,P0355
H115,P0356
H115,P0357
H115,P0358
H115,P0359
H115,P0360
H115,P0361
H115,P0362
H115,P0363
H115,P0366
H115,P0367
H115,P0368
H115,P0369
H115,P0370
H115,P0371
H115,P0372
H115,P0374
H115,P0375
H115,P0376
H115,P0377
H115,P0378
H115,P0379
H115,P0380
H115,P0381
H115,P0382
H115,P0383
H115,P0384
H115,P0385
H115,P0387
H115,P0388
H115,P0389
H115,P0390
H115,P0391
H115,P0392
H115,P0394
H115,P0395
H115,P0396
H115,P0397
H115,P0398
H115,P0400
H115,P0401
H115,P0402
H115,P0403
H115,P0404
H115,P0405
H115,P0406
H115,P0407
H115,P0409
H115,P0410
H115,P0411
H115,P0413
H115,P0414
H115,P0415
H115,P0417
H115,P0418
H115,P0419
H115,P0420
H115,P0421
H115,P0422
H115,P0423
H115,P0424
H115,P0425
H115,P0426
H115,P0427
H115,P0428
H115,P0429
H115,P0430
H115,P0434
H115,P0435
H115,P0436
H115,P0438
H115,P0440
H115,P0442
H115,P0443
H115,P0444
H115,P0445
H115,P0446
H115,P0447
H115,P0448
H115,P0449
H115,P0450
H115,P0451
H115,P0452
H115,P0453
H115,P0455
H115,P0456
H115,P0457
H115,P0458
H115,P0459
H115,P0460
H115,P0461
H115,P0462
H115,P0463
H115,P0464
H115,P0466
H115,P0467
H115,P0468
H115,P0469
H115,P0470
H115,P0471
H115,P0472
H115,P0473
H115,P0475
H115,P0476
H115,P0477
H115,P0478
H115,P0480
H115,P0482
H115,P0483
H115,P0484
H115,P0485
H115,P0486
H115,P0487
H115,P0489
H115,P0490
H115,P0491
H115,P0492
H115,P0493
H115,P0495
H115,P0497
H115,P0498
H115,P0500
H115,P0501
H115,P0502
H115,P0504
H115,P0505
H115,P0506
H115,P0508
H115,P0509
H115,P0511
H115,P0512
H115,P0514
H115,P0515
H115,P0516
H115,P0517
H115,P0518
H115,P0519
H115,P0520
H115,P0522
H115,P0523
H115,P0524
H115,P0525
H115,P0527
H115,P0528
H115,P0529
H115,P0530
H115,P0531
H115,P0532
H115,P0533
H115,P0534
H115,P0535
H115,P0536
H115,P0537
H115,P0538
H115,P0539
H115,P0540
H115,P0541
H115,P0543
H115,P0546
H115,P0547
H115,P0548
H115,P0549
H115,P0550
H115,P0551
H115,P0553
H115,P0554
H115,P0555
H115,P0556
H115,P0557
H115,P0558
H115,P0559
H115,P0562
H115,P0564
H115,P0566
H115,P0567
H115,P0568
H115,P0569
H115,P0570
H115,P0571
H115,P0572
H115,P0573
H115,P0574
H115,P0575
H115,P0576
H115,P0577
H115,P0578
H115,P0579
H115,P0580
H115,P0581
H115,P0582
H115,P0583
H115,P0584
H115,P0585
H115,P0586
H115,P0587
H115,P0588
H115,P0589
H115,P0590
H115,P0591
H115,P0592
H115,P0593
H115,P0594
H115,P0595
H115,P0596
H115,P0597
H115,P0598
H115,P0599
H116,P0001
H116,P0002
H116,P0003
H116,P0004
H116,P0005
H116,P0006
H116,P0007
H116,P0008
H116,P0009
H116,P0010
H116,P0012
H116,P0013
H116,P0014
H116,P0015
H116,P0016
H116,P0017
H116,P0018
H116,P0019
H116,P0020
H116,P0021
H116,P0022
H116,P0023
H116,P0024
H116,P0027
H116,P0028
H116,P0029
H116,P0031
H116,P0033
H116,P0034
H116,P0036
H116,P0037
H116,P0038
H116,P0041
H116,P0042
H116,P0043
H116,P0044
H116,P0045
H116,P0046
H116,P0047
H116,P0048
H116,P0050
H116,P0051
H116,P0053
H116,P0054
H116,P0056
H116,P0057
H116,P0058
H116,P0059
H116,P0060
H116,P0061
H116,P0062
H116,P0063
H116,P0064
H116,P0065
H116,P0066
H116,P0067
H116,P0068
H116,P0070
H116,P0071
H116,P0073
H116,P0075
H116,P0076
H116,P0078
H116,P0079
H116,P0080
H116,P0081
H116,P0082
H116,P0083
H116,P0084
H116,P0085
H116,P0086
H116,P0088
H116,P0089
H116,P0090
H116,P0092
H116,P0093
H116,P0094
H116,P0095
H116,P0096
H116,P0097
H116,P0098
H116,P0101
H116,P0102
H116,P0103
H116,P0104
H116,P0105
H116,P0107
H116,P0109
H116,P0111
H116,P0112
H116,P0113
H116,P0114
H116,P0115
H116,P0116
H116,P0118
H116,P0119
H116,P0120
H116,P0121
H116,P0125
H116,P0126
H116,P0127
H116,P0128
H116,P0129
H116,P0131
H116,P0132
H116,P0133
H116,P0134
H116,P0135
H116,P0136
H116,P0138
H116,P0139
H116,P0140
H116,P0143
H116,P0146
H116,P0147
H116,P0149
H116,P0150
H116,P0152
H116,P0153
H116,P0154
H116,P0155
H116,P0158
H116,P0159
H116,P0160
H116,P0161
H116,P0162
H116,P0164
H116,P0165
H116,P0168
H116,P0170
H116,P0171
H116,P0172
H116,P0174
H116,P0176
H116,P0178
H116,P0179
H116,P0180
H116,P0182
H116,P0183
H116,P0185
H116,P0188
H116,P0190
H116,P0192
H116,P0193
H116,P0195
H116,P0198
H116,P0199
H116,P0200
H116,P0202
H116,P0203
H116,P0204
H116,P0206
H116,P0210
H116,P0211
H116,P0212
H116,P0213
H116,P0214
H116,P0215
H116,P0216
H116,P0217
H116,P0218
H116,P0219
H116,P0220
H116,P0221
H116,P0222
H116,P0223
H116,P0224
H116,P0225
H116,P0226
H116,P0227
H116,P0229
H116,P0231
H116,P0232
H116,P0234
H116,P0235
H116,P0236
H116,P0237
H116,P0238
H116,P0241
H116,P0243
H116,P0247
H116,P0248
H116,P0249
H116,P0250
H116,P0251
H116,P0252
H116,P0253
H116,P0255
H116,P0256
H116,P0257
H116,P0258
H116,P0259
H116,P0262
H116,P0266
H116,P0267
H116,P0268
H116,P0269
H116,P0271
H116,P0273
H116,P0274
H116,P0275
H116,P0277
H116,P0278
H116,P0279
H116,P0280
H116,P0281
H116,P0282
H116,P0283
H116,P0284
H116,P0285
H116,P0286
H116,P0287
H116,P0288
H116,P0289
H116,P0291
H116,P0292
H116,P0293
H116,P0294
H116,P0295
H116,P0296
H116,P0297
H116,P0299
H116,P0300
H116,P0301
H116,P0302
H116,P0303
H116,P0305
H116,P0306
H116,P0307
H116,P0308
H116,P0309
H116,P0310
H116,P0311
H116,P0313
H116,P0314
H116,P0315
H116,P0317
H116,P0318
H116,P0319
H116,P0320
H116,P0321
H116,P0323
H116,P0324
H116,P0325
H116,P0327
H116,P0329
H116,P0330
H116,P0332
H116,P0333
H116,P0335
H116,P0336
H116,P0338
H116,P0340
H116,P0342
H116,P0343
H116,P0344
H116,P0345
H116,P0347
H116,P0348
H116,P0351
H116,P0352
H116,P0353
H116,P0354
H116,P0355
H116,P0356
H116,P0357
H116,P0359
H116,P0360
H116,P0361
H116,P0362
H116,P0363
H116,P0364
H116,P0366
H116,P0367
H116,P0368
H116,P0369
H116,P0370
H116,P0371
H116,P0372
H116,P0373
H116,P0375
H116,P0378
H116,P0379
H116,P0380
H116,P0381
H116,P0387
H116,P0390
H116,P0391
H116,P0392
H116,P0394
H116,P0395
H116,P0396
H116,P0397
H116,P0398
H116,P0400
H116,P0401
H116,P0402
H116,P0405
H116,P0407
H116,P0408
H116,P0410
H116,P0411
H116,P0413
H116,P0414
H116,P0416
H116,P0417
H116,P0418
H116,P0419
H116,P0420
H116,P0422
H116,P0424
H116,P0427
H116,P0429
H116,P0430
H116,P0431
H116,P0432
H116,P0433
H116,P0434
H116,P0436
H116,P0438
H116,P0439
H116,P0441
H116,P0444
H116,P0445
H116,P0446
H116,P0447
H116,P0448
H116,P0449
H116,P0450
H116,P0453
H116,P0454
H116,P0455
H116,P0462
H116,P0463
H116,P0464
H116,P0465
H116,P0470
H116,P0471
H116,P0472
H116,P0473
H116,P0476
H116,P0477
H116,P0478
H116,P0479
H116,P0480
H116,P0481
H116,P0482
H116,P0484
H116,P0485
H116,P0486
H116,P0488
H116,P0491
H116,P0492
H116,P0493
H116,P0494
H116,P0497
H116,P0498
H116,P0499
H116,P0500
H116,P0502
H116,P0503
H116,P0505
H116,P0507
H116,P0508
H116,P0510
H116,P0511
H116,P0512
H116,P0514
H116,P0516
H116,P0517
H116,P0518
H116,P0520
H116,P0521
H116,P0522
H116,P0523
H116,P0524
H116,P0526
H116,P0527
H116,P0528
H116,P0530
H116,P0532
H116,P0533
H116,P0534
H116,P0535
H116,P0536
H116,P0537
H116,P0538
H116,P0539
H116,P0540
H116,P0541
H116,P0542
H116,P0545
H116,P0547
H116,P0548
H116,P0549
H116,P0554
H116,P0556
H116,P0557
H116,P0558
H116,P0559
H116,P0560
H116,P0562
H116,P0564
H116,P0565
H116,P0566
H116,P0567
H116,P0568
H116,P0569
H116,P0570
H116,P0572
H116,P0573
H116,P0574
H116,P0575
H116,P0577
H116,P0578
H116,P0579
H116,P0582
H116,P0584
H116,P0585
H116,P0587
H116,P0588
H116,P0589
H116,P0590
H116,P0591
H116,P0594
H116,P0596
H116,P0598
H116,P0599
H117,P0001
H117,P0003
H117,P0004
H117,P0006
H117,P0008
H117,P0009
H117,P0011
H117,P0014
H117,P0015
H117,P0017
H117,P0018
H117,P0019
H117,P0021
H117,P0023
H117,P0024
H117,P0026
H117,P0028
H117,P0029
H117,P0033
H117,P0034
H117,P0035
H117,P0036
H117,P0037
H117,P0039
H117,P0041
H117,P0042
H117,P0045
H117,P0046
H117,P0047
H117,P0048
H117,P0049
H117,P0051
H117,P0052
H117,P0053
H117,P0056
H117,P0057
H117,P0060
H117,P0061
H117,P0063
H117,P0065
H117,P0066
H117,P0067
H117,P0068
H117,P0069
H117,P0071
H117,P0072
H117,P0073
H117,P0078
H117,P0079
H117,P0080
H117,P0082
H117,P0083
H117,P0084
H117,P0086
H117,P0087
H117,P0092
H117,P0093
H117,P0095
H117,P0096
H117,P0098
H117,P0101
H117,P0102
H117,P0103
H117,P0104
H117,P0105
H117,P0106
H117,P0107
H117,P0108
H117,P0109
H117,P0111
H117,P0112
H117,P0113
H117,P0114
H117,P0115
H117,P0116
H117,P0118
H117,P0119
H117,P0120
H117,P0121
H117,P0122
H117,P0123
H117,P0125
H117,P0128
H117,P0129
H117,P0130
H117,P0132
H117,P0133
H117,P0134
H117,P0135
H117,P0136
H117,P0137
H117,P0138
H117,P0140
H117,P0141
H117,P0142
H117,P0143
H117,P0146
H117,P0147
H117,P0148
H117,P0149
H117,P0150
H117,P0151
H117,P0152
H117,P0153
H117,P0154
H117,P0155
H117,P0157
H117,P0158
H117,P0160
H117,P0162
H117,P0163
H117,P0164
H117,P0166
H117,P0167
H117,P0169
H117,P0170
H117,P0171
H117,P0172
H117,P0174
H117,P0175
H117,P0176
H117,P0177
H117,P0178
H117,P0182
H117,P0183
H117,P0185
H117,P0186
H117,P0188
H117,P0190
H117,P0191
H117,P0196
H117,P0197
H117,P0198
H117,P0200
H117,P0204
H117,P0207
H117,P0211
H117,P0212
H117,P0213
H117,P0214
H117,P0216
H117,P0218
H117,P0219
H117,P0222
H117,P0224
H117,P0226
H117,P0227
H117,P0228
H117,P0229
H117,P0231
H117,P0232
H117,P0233
H117,P0235
H117,P0237
H117,P0238
H117,P0239
H117,P0240
H117,P0242
H117,P0243
H117,P0245
H117,P0246
H117,P0249
H117,P0250
H117,P0251
H117,P0252
H117,P0253
H117,P0254
H117,P0256
H117,P0257
H117,P0258
H117,P0259
H117,P0261
H117,P0262
H117,P0263
H117,P0264
H117,P0265
H117,P0266
H117,P0269
H117,P0272
H117,P0273
H117,P0280
H117,P0284
H117,P0287
H117,P0289
H117,P0290
H117,P0291
H117,P0293
H117,P0295
H117,P0296
H117,P0299
H117,P0302
H117,P0304
H117,P0305
H117,P0306
H117,P0307
H117,P0308
H117,P0310
H117,P0311
H117,P0313
H117,P0314
H117,P0315
H117,P0317
H117,P0318
H117,P0319
H117,P0320
H117,P0323
H117,P0324
H117,P0325
H117,P0326
H117,P0327
H117,P0330
H117,P0332
H117,P0336
H117,P0337
H117,P0338
H117,P0340
H117,P0342
H117,P0345
H117,P0348
H117,P0349
H117,P0351
H117,P0353
H117,P0355
H117,P0356
H117,P0357
H117,P0358
H117,P0360
H117,P0361
H117,P0362
H117,P0363
H117,P0365
H117,P0366
H117,P0367
H117,P0368
H117,P0369
H117,P0370
H117,P0371
H117,P0372
H117,P0374
H117,P0378
H117,P0379
H117,P0380
H117,P0381
H117,P0384
H117,P0390
H117,P0391
H117,P0394
H117,P0395
H117,P0396
H117,P0397
H117,P0398
H117,P0399
H117,P0400
H117,P0401
H117,P0402
H117,P0404
H117,P0406
H117,P0409
H117,P0411
H117,P0413
H117,P0414
H117,P0415
H117,P0416
H117,P0417
H117,P0420
H117,P0421
H117,P0422
H117,P0424
H117,P0427
H117,P0428
H117,P0430
H117,P0431
H117,P0432
H117,P0433
H117,P0434
H117,P0441
H117,P0442
H117,P0443
H117,P0445
H117,P0446
H117,P0447
H117,P0449
H117,P0450
H117,P0451
H117,P0452
H117,P0453
H117,P0454
H117,P0455
H117,P0456
H117,P0458
H117,P0459
H117,P0461
H117,P0464
H117,P0466
H117,P0467
H117,P0468
H117,P0470
H117,P0471
H117,P0472
H117,P0473
H117,P0474
H117,P0475
H117,P0476
H117,P0477
H117,P0478
H117,P0479
H117,P0481
H117,P0482
H117,P0485
H117,P0486
H117,P0487
H117,P0488
H117,P0490
H117,P0492
H117,P0494
H117,P0495
H117,P0496
H117,P0497
H117,P0498
H117,P0499
H117,P0500
H117,P0502
H117,P0506
H117,P0508
H117,P0509
H117,P0512
H117,P0514
H117,P0515
H117,P0517
H117,P0518
H117,P0519
H117,P0520
H117,P0522
H117,P0524
H117,P0526
H117,P0527
H117,P0528
H117,P0530
H117,P0532
H117,P0533
H117,P0539
H117,P0540
H117,P0541
H117,P0542
H117,P0543
H117,P0544
H117,P0546
H117,P0547
H117,P0550
H117,P0551
H117,P0552
H117,P0553
H117,P0556
H117,P0561
H117,P0563
H117,P0564
H117,P0566
H117,P0567
H117,P0568
H117,P0570
H117,P0571
H117,P0573
H117,P0574
H117,P0576
H117,P0578
H117,P0579
H117,P0580
H117,P0582
H117,P0583
H117,P0585
H117,P0587
H117,P0589
H117,P0591
H117,P0592
H117,P0593
H117,P0594
H117,P0595
H117,P0596
H117,P0598
H117,P0600
H118,P0001
H118,P0002
H118,P0004
H118,P0005
H118,P0006
H118,P0007
H118,P0008
H118,P0011
H118,P0014
H118,P0016
H118,P0017
H118,P0018
H118,P0019
H118,P0020
H118,P0021
H118,P0022
H118,P0023
H118,P0024
H118,P0026
H118,P0029
H118,P0030
H118,P0031
H118,P0033
H118,P0035
H118,P0036
H118,P0037
H118,P0039
H118,P0042
H118,P0043
H118,P0044
H118,P0045
H118,P0046
H118,P0048
H118,P0049
H118,P0051
H118,P0052
H118,P0053
H118,P0054
H118,P0056
H118,P0057
H118,P0058
H118,P0059
H118,P0060
H118,P0061
H118,P0062
H118,P0063
H118,P0064
H118,P0065
H118,P0066
H118,P0067
H118,P0069
H118,P0071
H118,P0072
H118,P0074
H118,P0075
H118,P0078
H118,P0079
H118,P0080
H118,P0083
H118,P0084
H118,P0085
H118,P0086
H118,P0087
H118,P0088
H118,P0089
H118,P0090
H118,P0091
H118,P0092
H118,P0093
H118,P0094
H118,P0097
H118,P0098
H118,P0099
H118,P0100
H118,P0101
H118,P0102
H118,P0103
H118,P0104
H118,P0105
H118,P0106
H118,P0108
H118,P0109
H118,P0110
H118,P0111
H118,P0113
H118,P0114
H118,P0115
H118,P0116
H118,P0117
H118,P0121
H118,P0123
H118,P0125
H118,P0126
H118,P0127
H118,P0128
H118,P0129
H118,P0130
H118,P0131
H118,P0132
H118,P0133
H118,P0135
H118,P0136
H118,P0137
H118,P0138
H118,P0139
H118,P0140
H118,P0141
H118,P0143
H118,P0144
H118,P0145
H118,P0146
H118,P0147
H118,P0148
H118,P0149
H118,P0150
H118,P0151
H118,P0152
H118,P0153
H118,P0154
H118,P0155
H118,P0157
H118,P0158
H118,P0160
H118,P0161
H118,P0164
H118,P0165
H118,P0166
H118,P0168
H118,P0169
H118,P0171
H118,P0172
H118,P0175
H118,P0177
H118,P0178
H118,P0179
H118,P0181
H118,P0182
H118,P0183
H118,P0185
H118,P0188
H118,P0189
H118,P0190
H118,P0192
H118,P0193
H118,P0195
H118,P0196
H118,P0197
H118,P0198
H118,P0199
H118,P0201
H118,P0202
H118,P0203
H118,P0204
H118,P0205
H118,P0206
H118,P0208
H118,P0209
H118,P0210
H118,P0211
H118,P0212
H118,P0213
H118,P0214
H118,P0215
H118,P0216
H118,P0217
H118,P0218
H118,P0219
H118,P0220
H118,P0221
H118,P0222
H118,P0223
H118,P0224
H118,P0225
H118,P0226
H118,P0227
H118,P0228
H118,P0229
H118,P0231
H118,P0232
H118,P0235
H118,P0237
H118,P0239
H118,P0240
H118,P0241
H118,P0245
H118,P0246
H118,P0247
H118,P0249
H118,P0250
H118,P0251
H118,P0252
H118,P0253
H118,P0254
H118,P0255
H118,P0256
H118,P0257
H118,P0258
H118,P0259
H118,P0260
H118,P0261
H118,P0262
H118,P0264
H118,P0265
H118,P0266
H118,P0268
H118,P0269
H118,P0273
H118,P0274
H118,P0276
H118,P0277
H118,P0278
H118,P0279
H118,P0280
H118,P0281
H118,P0282
H118,P0284
H118,P0286
H118,P0287
H118,P0288
H118,P0289
H118,P0290
H118,P0292
H118,P0293
H118,P0294
H118,P0295
H118,P0296
H118,P0298
H118,P0299
H118,P0300
H118,P0302
H118,P0303
H118,P0305
H118,P0306
H118,P0307
H118,P0309
H118,P0310
H118,P0312
H118,P0313
H118,P0315
H118,P0316
H118,P0317
H118,P0318
H118,P0320
H118,P0321
H118,P0322
H118,P0324
H118,P0325
H118,P0326
H118,P0327
H118,P0328
H118,P0329
H118,P0330
H118,P0332
H118,P0333
H118,P0334
H118,P0335
H118,P0336
H118,P0337
H118,P0338
H118,P0340
H118,P0342
H118,P0345
H118,P0346
H118,P0347
H118,P0348
H118,P0349
H118,P0350
H118,P0351
H118,P0352
H118,P0354
H118,P0355
H118,P0356
H118,P0357
H118,P0358
H118,P0359
H118,P0361
H118,P0362
H118,P0363
H118,P0364
H118,P0365
H118,P0367
H118,P0368
H118,P0369
H118,P0370
H118,P0371
H118,P0372
H118,P0373
H118,P0374
H118,P0375
H118,P0376
H118,P0377
H118,P0378
H118,P0379
H118,P0380
H118,P0381
H118,P0382
H118,P0383
H118,P0384
H118,P0385
H118,P0386
H118,P0387
H118,P0391
H118,P0392
H118,P0393
H118,P0394
H118,P0395
H118,P0396
H118,P0397
H118,P0398
H118,P0399
H118,P0400
H118,P0402
H118,P0404
H118,P0405
H118,P0406
H118,P0407
H118,P0408
H118,P0410
H118,P0411
H118,P0414
H118,P0415
H118,P0416
H118,P0417
H118,P0420
H118,P0421
H118,P0422
H118,P0424
H118,P0426
H118,P0427
H118,P0430
H118,P0431
H118,P0433
H118,P0435
H118,P0436
H118,P0437
H118,P0439
H118,P0442
H118,P0444
H118,P0446
H118,P0447
H118,P0448
H118,P0449
H118,P0451
H118,P0452
H118,P0453
H118,P0455
H118,P0459
H118,P0461
H118,P0462
H118,P0463
H118,P0464
H118,P0465
H118,P0466
H118,P0468
H118,P0469
H118,P0470
H118,P0471
H118,P0472
H118,P0473
H118,P0474
H118,P0475
H118,P0477
H118,P0479
H118,P0480
H118,P0481
H118,P0482
H118,P0484
H118,P0485
H118,P0486
H118,P0488
H118,P0490
H118,P0492
H118,P0494
H118,P0495
H118,P0497
H118,P0499
H118,P0501
H118,P0502
H118,P0504
H118,P0505
H118,P0506
H118,P0507
H118,P0509
H118,P0511
H118,P0512
H118,P0514
H118,P0515
H118,P0516
H118,P0518
H118,P0519
H118,P0520
H118,P0522
H118,P0523
H118,P0524
H118,P0525
H118,P0527
H118,P0528
H118,P0529
H118,P0532
H118,P0533
H118,P0534
H118,P0535
H118,P0536
H118,P0537
H118,P0538
H118,P0540
H118,P0541
H118,P0543
H118,P0544
H118,P0545
H118,P0546
H118,P0547
H118,P0548
H118,P0549
H118,P0550
H118,P0553
H118,P0554
H118,P0555
H118,P0556
H118,P0557
H118,P0558
H118,P0559
H118,P0561
H118,P0562
H118,P0563
H118,P0564
H118,P0565
H118,P0567
H118,P0569
H118,P0570
H118,P0571
H118,P0572
H118,P0573
H118,P0574
H118,P0575
H118,P0576
H118,P0578
H118,P0579
H118,P0585
H118,P0586
H118,P0587
H118,P0588
H118,P0589
H118,P0590
H118,P0591
H118,P0593
H118,P0594
H118,P0595
H118,P0596
H118,P0597
H118,P0598
H118,P0600
H119,P0002
H119,P0003
H119,P0006
H119,P0007
H119,P0008
H119,P0013
H119,P0015
H119,P0017
H119,P0018
H119,P0020
H119,P0021
H119,P0023
H119,P0024
H119,P0027
H119,P0032
H119,P0039
H119,P0045
H119,P0047
H119,P0049
H119,P0058
H119,P0063
H119,P0072
H119,P0075
H119,P0079
H119,P0083
H119,P0084
H119,P0085
H119,P0086
H119,P0088
H119,P0090
H119,P0091
H119,P0092
H119,P0093
H119,P0100
H119,P0105
H119,P0106
H119,P0108
H119,P0109
H119,P0111
H119,P0113
H119,P0114
H119,P0115
H119,P0116
H119,P0121
H119,P0122
H119,P0124
H119,P0125
H119,P0128
H119,P0130
H119,P0133
H119,P0135
H119,P0138
H119,P0140
H119,P0144
H119,P0145
H119,P0146
H119,P0148
H119,P0149
H119,P0150
H119,P0152
H119,P0155
H119,P0156
H119,P0157
H119,P0158
H119,P0165
H119,P0169
H119,P0171
H119,P0173
H119,P0175
H119,P0178
H119,P0180
H119,P0183
H119,P0188
H119,P0190
H119,P0193
H119,P0198
H119,P0201
H119,P0203
H119,P0204
H119,P0205
H119,P0208
H119,P0212
H119,P0214
H119,P0216
H119,P0222
H119,P0225
H119,P0229
H119,P0230
H119,P0236
H119,P0237
H119,P0243
H119,P0245
H119,P0250
H119,P0251
H119,P0256
H119,P0257
H119,P0260
H119,P0261
H119,P0265
H119,P0268
H119,P0271
H119,P0273
H119,P0279
H119,P0289
H119,P0290
H119,P0295
H119,P0299
H119,P0305
H119,P0312
H119,P0315
H119,P0317
H119,P0318
H119,P0321
H119,P0325
H119,P0326
H119,P0329
H119,P0330
H119,P0332
H119,P0337
H119,P0338
H119,P0342
H119,P0344
H119,P0345
H119,P0346
H119,P0348
H119,P0355
H119,P0356
H119,P0364
H119,P0366
H119,P0367
H119,P0369
H119,P0370
H119,P0371
H119,P0372
H119,P0373
H119,P0374
H119,P0375
H119,P0379
H119,P0380
H119,P0381
H119,P0386
H119,P0390
H119,P0396
H119,P0397
H119,P0398
H119,P0401
H119,P0402
H119,P0405
H119,P0407
H119,P0413
H119,P0417
H119,P0422
H119,P0423
H119,P0424
H119,P0428
H119,P0430
H119,P0431
H119,P0432
H119,P0433
H119,P0434
H119,P0435
H119,P0439
H119,P0440
H119,P0441
H119,P0447
H119,P0448
H119,P0451
H119,P0456
H119,P0459
H119,P0464
H119,P0465
H119,P0468
H119,P0469
H119,P0470
H119,P0471
H119,P0473
H119,P0474
H119,P0479
H119,P0481
H119,P0485
H119,P0486
H119,P0490
H119,P0493
H119,P0497
H119,P0499
H119,P0500
H119,P0503
H119,P0505
H119,P0506
H119,P0507
H119,P0512
H119,P0516
H119,P0518
H119,P0520
H119,P0522
H119,P0523
H119,P0525
H119,P0528
H119,P0529
H119,P0530
H119,P0532
H119,P0540
H119,P0542
H119,P0544
H119,P0545
H119,P0553
H119,P0556
H119,P0557
H119,P0559
H119,P0562
H119,P0563
H119,P0569
H119,P0570
H119,P0571
H119,P0572
H119,P0575
H119,P0576
H119,P0579
H119,P0582
H119,P0583
H119,P0585
H119,P0588
H119,P0589
H119,P0594
H119,P0595
H119,P0596
H119,P0598
H119,P0599
H120,P0001
H120,P0002
H120,P0003
H120,P0004
H120,P0006
H120,P0008
H120,P0010
H120,P0012
H120,P0013
H120,P0014
H120,P0016
H120,P0017
H120,P0018
H120,P0019
H120,P0020
H120,P0021
H120,P0022
H120,P0024
H120,P0025
H120,P0027
H120,P0031
H120,P0033
H120,P0034
H120,P0035
H120,P0036
H120,P0037
H120,P0038
H120,P0039
H120,P0040
H120,P0041
H120,P0043
H120,P0044
H120,P0045
H120,P0046
H120,P0047
H120,P0048
H120,P0049
H120,P0050
H120,P0051
H120,P0052
H120,P0054
H120,P0057
H120,P0058
H120,P0059
H120,P0061
H120,P0062
H120,P0063
H120,P0065
H120,P0066
H120,P0067
H120,P0068
H120,P0069
H120,P0070
H120,P0071
H120,P0072
H120,P0073
H120,P0075
H120,P0079
H120,P0080
H120,P0081
H120,P0082
H120,P0083
H120,P0084
H120,P0085
H120,P0086
H120,P0088
H120,P0089
H120,P0091
H120,P0092
H120,P0094
H120,P0095
H120,P0096
H120,P0097
H120,P0098
H120,P0099
H120,P0100
H120,P0101
H120,P0102
H120,P0103
H120,P0104
H120,P0105
H120,P0106
H120,P0107
H120,P0108
H120,P0109
H120,P0110
H120,P0111
H120,P0112
H120,P0113
H120,P0114
H120,P0115
H120,P0116
H120,P0117
H120,P0119
H120,P0120
H120,P0121
H120,P0122
H120,P0124
H120,P0125
H120,P0127
H120,P0128
H120,P0129
H120,P0130
H120,P0131
H120,P0133
H120,P0134
H120,P0135
H120,P0136
H120,P0137
H120,P0138
H120,P0139
H120,P0140
H120,P0141
H120,P0142
H120,P0143
H120,P0144
H120,P0146
H120,P0147
H120,P0148
H120,P0149
H120,P0153
H120,P0154
H120,P0155
H120,P0156
H120,P0158
H120,P0159
H120,P0162
H120,P0163
H120,P0164
H120,P0165
H120,P0166
H120,P0167
H120,P0168
H120,P0169
H120,P0171
H120,P0173
H120,P0175
H120,P0176
H120,P0178
H120,P0179
H120,P0180
H120,P0181
H120,P0182
H120,P0183
H120,P0185
H120,P0186
H120,P0188
H120,P0189
H120,P0190
H120,P0191
H120,P0192
H120,P0193
H120,P0194
H120,P0195
H120,P0196
H120,P0197
H120,P0198
H120,P0199
H120,P0200
H120,P0201
H120,P0203
H120,P0205
H120,P0206
H120,P0207
H120,P0209
H120,P0211
H120,P0212
H120,P0213
H120,P0214
H120,P0215
H120,P0216
H120,P0217
H120,P0218
H120,P0219
H120,P0220
H120,P0222
H120,P0223
H120,P0224
H120,P0225
H120,P0226
H120,P0227
H120,P0228
H120,P0229
H120,P0230
H120,P0231
H120,P0232
H120,P0234
H120,P0235
H120,P0236
H120,P0237
H120,P0239
H120,P0241
H120,P0242
H120,P0243
H120,P0244
H120,P0245
H120,P0246
H120,P0247
H120,P0249
H120,P0250
H120,P0252
H120,P0253
H120,P0254
H120,P0256
H120,P0257
H120,P0258
H120,P0259
H120,P0262
H120,P0263
H120,P0264
H120,P0265
H120,P0266
H120,P0267
H120,P0268
H120,P0269
H120,P0270
H120,P0271
H120,P0272
H120,P0273
H120,P0274
H120,P0277
H120,P0278
H120,P0279
H120,P0280
H120,P0282
H120,P0283
H120,P0284
H120,P0285
H120,P0287
H120,P0288
H120,P0290
H120,P0291
H120,P0292
H120,P0293
H120,P0294
H120,P0296
H120,P0297
H120,P0298
H120,P0299
H120,P0300
H120,P0301
H120,P0302
H120,P0303
H120,P0305
H120,P0306
H120,P0307
H120,P0310
H120,P0311
H120,P0312
H120,P0313
H120,P0314
H120,P0317
H120,P0318
H120,P0319
H120,P0320
H120,P0321
H120,P0322
H120,P0323
H120,P0324
H120,P0325
H120,P0326
H120,P0329
H120,P0330
H120,P0332
H120,P0333
H120,P0334
H120,P0336
H120,P0337
H120,P0338
H120,P0339
H120,P0340
H120,P0342
H120,P0343
H120,P0344
H120,P0345
H120,P0346
H120,P0347
H120,P0348
H120,P0349
H120,P0352
H120,P0353
H120,P0354
H120,P0355
H120,P0356
H120,P0357
H120,P0358
H120,P0359
H120,P0360
H120,P0361
H120,P0362
H120,P0363
H120,P0364
H120,P0365
H120,P0366
H120,P0367
H120,P0368
H120,P0369
H120,P0370
H120,P0371
H120,P0372
H120,P0374
H120,P0375
H120,P0376
H120,P0377
H120,P0378
H120,P0380
H120,P0381
H120,P0382
H120,P0383
H120,P0384
H120,P0386
H120,P0388
H120,P0390
H120,P0391
H120,P0392
H120,P0393
H120,P0394
H120,P0395
H120,P0396
H120,P0397
H120,P0398
H120,P0400
H120,P0401
H120,P0402
H120,P0404
H120,P0406
H120,P0407
H120,P0409
H120,P0410
H120,P0411
H120,P0413
H120,P0414
H120,P0415
H120,P0416
H120,P0418
H120,P0420
H120,P0421
H120,P0422
H120,P0423
H120,P0424
H120,P0425
H120,P0431
H120,P0432
H120,P0433
H120,P0434
H120,P0435
H120,P0437
H120,P0438
H120,P0439
H120,P0440
H120,P0441
H120,P0442
H120,P0443
H120,P0446
H120,P0447
H120,P0450
H120,P0451
H120,P0453
H120,P0457
H120,P0458
H120,P0459
H120,P0461
H120,P0462
H120,P0465
H120,P0466
H120,P0467
H120,P0468
H120,P0469
H120,P0470
H120,P0473
H120,P0474
H120,P0475
H120,P0476
H120,P0478
H120,P0479
H120,P0480
H120,P0481
H120,P0484
H120,P0485
H120,P0486
H120,P0487
H120,P0488
H120,P0489
H120,P0490
H120,P0491
H120,P0492
H120,P0493
H120,P0494
H120,P0495
H120,P0497
H120,P0499
H120,P0501
H120,P0502
H120,P0504
H120,P0505
H120,P0506
H120,P0507
H120,P0508
H120,P0509
H120,P0514
H120,P0515
H120,P0516
H120,P0518
H120,P0520
H120,P0522
H120,P0523
H120,P0524
H120,P0525
H120,P0526
H120,P0528
H120,P0529
H120,P0530
H120,P0532
H120,P0533
H120,P0534
H120,P0535
H120,P0536
H120,P0537
H120,P0539
H120,P0540
H120,P0541
H120,P0542
H120,P0543
H120,P0545
H120,P0547
H120,P0549
H120,P0550
H120,P0551
H120,P0553
H120,P0555
H120,P0556
H120,P0557
H120,P0558
H120,P0560
H120,P0561
H120,P0562
H120,P0563
H120,P0565
H120,P0566
H120,P0567
H120,P0570
H120,P0571
H120,P0572
H120,P0574
H120,P0575
H120,P0576
H120,P0577
H120,P0578
H120,P0580
H120,P0581
H120,P0582
H120,P0583
H120,P0584
H120,P0585
H120,P0586
H120,P0587
H120,P0588
H120,P0589
H120,P0590
H120,P0593
H120,P0594
H120,P0596
H120,P0597
H120,P0598
H120,P0599
H121,P0002
H121,P0003
H121,P0005
H121,P0006
H121,P0007
H121,P0009
H121,P0011
H121,P0012
H121,P0013
H121,P0016
H121,P0017
H121,P0018
H121,P0019
H121,P0021
H121,P0022
H121,P0024
H121,P0027
H121,P0028
H121,P0029
H121,P0031
H121,P0032
H121,P0033
H121,P0034
H121,P0037
H121,P0039
H121,P0040
H121,P0041
H121,P0042
H121,P0043
H121,P0044
H121,P0045
H121,P0046
H121,P0047
H121,P0048
H121,P0049
H121,P0050
H121,P0052
H121,P0053
H121,P0054
H121,P0055
H121,P0058
H121,P0059
H121,P0060
H121,P0062
H121,P0063
H121,P0064
H121,P0065
H121,P0067
H121,P0069
H121,P0072
H121,P0073
H121,P0074
H121,P0075
H121,P0076
H121,P0077
H121,P0081
H121,P0084
H121,P0085
H121,P0086
H121,P0089
H121,P0090
H121,P0091
H121,P0092
H121,P0093
H121,P0094
H121,P0095
H121,P0096
H121,P0097
H121,P0098
H121,P0099
H121,P0100
H121,P0101
H121,P0102
H121,P0103
H121,P0104
H121,P0105
H121,P0106
H121,P0107
H121,P0108
H121,P0109
H121,P0110
H121,P0111
H121,P0112
H121,P0113
H121,P0114
H121,P0115
H121,P0116
H121,P0117
H121,P0120
H121,P0122
H121,P0123
H121,P0124
H121,P0125
H121,P0126
H121,P0127
H121,P0128
H121,P0129
H121,P0130
H121,P0131
H121,P0132
H121,P0134
H121,P0135
H121,P0136
H121,P0137
H121,P0140
H121,P0141
H121,P0143
H121,P0144
H121,P0146
H121,P0147
H121,P0148
H121,P0149
H121,P0150
H121,P0151
H121,P0152
H121,P0155
H121,P0157
H121,P0158
H121,P0160
H121,P0161
H121,P0163
H121,P0164
H121,P0165
H121,P0168
H121,P0169
H121,P0170
H121,P0171
H121,P0173
H121,P0177
H121,P0178
H121,P0179
H121,P0180
H121,P0181
H121,P0182
H121,P0183
H121,P0184
H121,P0185
H121,P0186
H121,P0187
H121,P0188
H121,P0189
H121,P0190
H121,P0192
H121,P0193
H121,P0194
H121,P0195
H121,P0197
H121,P0198
H121,P0199
H121,P0200
H121,P0202
H121,P0203
H121,P0204
H121,P0205
H121,P0206
H121,P0207
H121,P0208
H121,P0209
H121,P0211
H121,P0212
H121,P0213
H121,P0214
H121,P0215
H121,P0216
H121,P0219
H121,P0221
H121,P0222
H121,P0223
H121,P0224
H121,P0225
H121,P0226
H121,P0227
H121,P0228
H121,P0229
H121,P0232
H121,P0234
H121,P0235
H121,P0237
H121,P0238
H121,P0239
H121,P0243
H121,P0247
H121,P0249
H121,P0250
H121,P0251
H121,P0252
H121,P0253
H121,P0254
H121,P0256
H121,P0257
H121,P0259
H121,P0261
H121,P0262
H121,P0263
H121,P0264
H121,P0265
H121,P0266
H121,P0268
H121,P0269
H121,P0270
H121,P0271
H121,P0273
H121,P0274
H121,P0275
H121,P0276
H121,P0277
H121,P0278
H121,P0280
H121,P0281
H121,P0282
H121,P0284
H121,P0285
H121,P0286
H121,P0287
H121,P0288
H121,P0289
H121,P0292
H121,P0293
H121,P0294
H121,P0295
H121,P0297
H121,P0298
H121,P0299
H121,P0300
H121,P0303
H121,P0305
H121,P0306
H121,P0309
H121,P0310
H121,P0312
H121,P0315
H121,P0316
H121,P0317
H121,P0321
H121,P0322
H121,P0323
H121,P0324
H121,P0325
H121,P0326
H121,P0329
H121,P0331
H121,P0332
H121,P0333
H121,P0334
H121,P0337
H121,P0338
H121,P0339
H121,P0341
H121,P0342
H121,P0344
H121,P0345
H121,P0346
H121,P0349
H121,P0353
H121,P0355
H121,P0356
H121,P0357
H121,P0359
H121,P0360
H121,P0361
H121,P0364
H121,P0367
H121,P0368
H121,P0369
H121,P0370
H121,P0371
H121,P0372
H121,P0374
H121,P0376
H121,P0377
H121,P0378
H121,P0380
H121,P0381
H121,P0382
H121,P0383
H121,P0384
H121,P0389
H121,P0391
H121,P0393
H121,P0394
H121,P0395
H121,P0397
H121,P0398
H121,P0399
H121,P0400
H121,P0401
H121,P0402
H121,P0404
H121,P0407
H121,P0408
H121,P0410
H121,P0411
H121,P0413
H121,P0414
H121,P0416
H121,P0417
H121,P0418
H121,P0420
H121,P0421
H121,P0422
H121,P0424
H121,P0425
H121,P0426
H121,P0429
H121,P0430
H121,P0431
H121,P0433
H121,P0435
H121,P0436
H121,P0437
H121,P0438
H121,P0439
H121,P0440
H121,P0442
H121,P0443
H121,P0445
H121,P0446
H121,P0447
H121,P0448
H121,P0449
H121,P0450
H121,P0451
H121,P0453
H121,P0454
H121,P0455
H121,P0456
H121,P0457
H121,P0458
H121,P0459
H121,P0460
H121,P0461
H121,P0463
H121,P0465
H121,P0468
H121,P0469
H121,P0470
H121,P0471
H121,P0475
H121,P0476
H121,P0477
H121,P0478
H121,P0479
H121,P0480
H121,P0482
H121,P0484
H121,P0485
H121,P0486
H121,P0487
H121,P0489
H121,P0490
H121,P0491
H121,P0492
H121,P0494
H121,P0495
H121,P0496
H121,P0497
H121,P0498
H121,P0499
H121,P0500
H121,P0501
H121,P0505
H121,P0506
H121,P0507
H121,P0508
H121,P0509
H121,P0510
H121,P0512
H121,P0514
H121,P0515
H121,P0516
H121,P0517
H121,P0518
H121,P0519
H121,P0520
H121,P0521
H121,P0522
H121,P0523
H121,P0525
H121,P0526
H121,P0527
H121,P0529
H121,P0530
H121,P0531
H121,P0532
H121,P0533
H121,P0534
H121,P0535
H121,P0536
H121,P0537
H121,P0538
H121,P0539
H121,P0540
H121,P0541
H121,P0542
H121,P0543
H121,P0545
H121,P0547
H121,P0549
H121,P0552
H121,P0553
H121,P0554
H121,P0555
H121,P0556
H121,P0557
H121,P0559
H121,P0560
H121,P0561
H121,P0563
H121,P0564
H121,P0567
H121,P0568
H121,P0569
H121,P0570
H121,P0571
H121,P0572
H121,P0574
H121,P0576
H121,P0577
H121,P0578
H121,P0579
H121,P0580
H121,P0582
H121,P0583
H121,P0584
H121,P0585
H121,P0587
H121,P0588
H121,P0589
H121,P0590
H121,P0591
H121,P0593
H121,P0594
H121,P0599
H121,P0600
H122,P0004
H122,P0006
H122,P0008
H122,P0010
H122,P0011
H122,P0012
H122,P0016
H122,P0017
H122,P0018
H122,P0019
H122,P0020
H122,P0021
H122,P0022
H122,P0023
H122,P0028
H122,P0029
H122,P0033
H122,P0034
H122,P0035
H122,P0036
H122,P0037
H122,P0038
H122,P0039
H122,P0040
H122,P0041
H122,P0042
H122,P0043
H122,P0045
H122,P0047
H122,P0048
H122,P0052
H122,P0054
H122,P0055
H122,P0056
H122,P0058
H122,P0060
H122,P0061
H122,P0062
H122,P0064
H122,P0065
H122,P0066
H122,P0069
H122,P0071
H122,P0072
H122,P0075
H122,P0076
H122,P0079
H122,P0080
H122,P0082
H122,P0083
H122,P0084
H122,P0085
H122,P0086
H122,P0087
H122,P0092
H122,P0093
H122,P0097
H122,P0098
H122,P0100
H122,P0101
H122,P0103
H122,P0104
H122,P0105
H122,P0107
H122,P0108
H122,P0111
H122,P0113
H122,P0114
H122,P0115
H122,P0116
H122,P0117
H122,P0118
H122,P0121
H122,P0122
H122,P0125
H122,P0126
H122,P0128
H122,P0129
H122,P0130
H122,P0131
H122,P0132
H122,P0134
H122,P0135
H122,P0136
H122,P0139
H122,P0140
H122,P0141
H122,P0142
H122,P0144
H122,P0145
H122,P0146
H122,P0147
H122,P0148
H122,P0149
H122,P0151
H122,P0152
H122,P0153
H122,P0155
H122,P0157
H122,P0158
H122,P0161
H122,P0163
H122,P0165
H122,P0166
H122,P0167
H122,P0169
H122,P0170
H122,P0171
H122,P0172
H122,P0173
H122,P0174
H122,P0176
H122,P0178
H122,P0181
H122,P0182
H122,P0183
H122,P0185
H122,P0187
H122,P0188
H122,P0190
H122,P0192
H122,P0193
H122,P0194
H122,P0195
H122,P0197
H122,P0199
H122,P0201
H122,P0202
H122,P0203
H122,P0204
H122,P0205
H122,P0207
H122,P0208
H122,P0209
H122,P0210
H122,P0211
H122,P0212
H122,P0213
H122,P0214
H122,P0216
H122,P0221
H122,P0222
H122,P0223
H122,P0224
H122,P0226
H122,P0227
H122,P0228
H122,P0229
H122,P0232
H122,P0239
H122,P0244
H122,P0245
H122,P0247
H122,P0249
H122,P0250
H122,P0251
H122,P0253
H122,P0254
H122,P0256
H122,P0257
H122,P0258
H122,P0259
H122,P0260
H122,P0261
H122,P0263
H122,P0264
H122,P0265
H122,P0266
H122,P0269
H122,P0273
H122,P0274
H122,P0276
H122,P0277
H122,P0279
H122,P0280
H122,P0284
H122,P0285
H122,P0287
H122,P0288
H122,P0291
H122,P0292
H122,P0294
H122,P0295
H122,P0296
H122,P0299
H122,P0303
H122,P0304
H122,P0306
H122,P0308
H122,P0309
H122,P0312
H122,P0313
H122,P0314
H122,P0315
H122,P0317
H122,P0318
H122,P0319
H122,P0321
H122,P0322
H122,P0323
H122,P0325
H122,P0326
H122,P0327
H122,P0329
H122,P0330
H122,P0332
H122,P0333
H122,P0334
H122,P0335
H122,P0337
H122,P0339
H122,P0341
H122,P0342
H122,P0345
H122,P0346
H122,P0348
H122,P0352
H122,P0353
H122,P0354
H122,P0355
H122,P0356
H122,P0357
H122,P0358
H122,P0359
H122,P0361
H122,P0362
H122,P0364
H122,P0366
H122,P0367
H122,P0368
H122,P0369
H122,P0370
H122,P0371
H122,P0372
H122,P0374
H122,P0375
H122,P0376
H122,P0377
H122,P0379
H122,P0380
H122,P0381
H122,P0384
H122,P0385
H122,P0390
H122,P0391
H122,P0393
H122,P0394
H122,P0396
H122,P0397
H122,P0398
H122,P0399
H122,P0400
H122,P0401
H122,P0404
H122,P0405
H122,P0406
H122,P0408
H122,P0410
H122,P0413
H122,P0414
H122,P0415
H122,P0420
H122,P0422
H122,P0424
H122,P0425
H122,P0427
H122,P0428
H122,P0431
H122,P0432
H122,P0434
H122,P0435
H122,P0439
H122,P0441
H122,P0442
H122,P0444
H122,P0447
H122,P0448
H122,P0449
H122,P0450
H122,P0453
H122,P0454
H122,P0459
H122,P0461
H122,P0464
H122,P0465
H122,P0466
H122,P0468
H122,P0469
H122,P0470
H122,P0471
H122,P0472
H122,P0473
H122,P0474
H122,P0475
H122,P0476
H122,P0477
H122,P0478
H122,P0481
H122,P0485
H122,P0489
H122,P0490
H122,P0491
H122,P0495
H122,P0496
H122,P0497
H122,P0498
H122,P0499
H122,P0500
H122,P0502
H122,P0505
H122,P0509
H122,P0511
H122,P0514
H122,P0518
H122,P0519
H122,P0520
H122,P0522
H122,P0523
H122,P0524
H122,P0527
H122,P0532
H122,P0533
H122,P0537
H122,P0539
H122,P0540
H122,P0541
H122,P0543
H122,P0544
H122,P0545
H122,P0547
H122,P0550
H122,P0551
H122,P0553
H122,P0556
H122,P0557
H122,P0558
H122,P0560
H122,P0561
H122,P0566
H122,P0567
H122,P0568
H122,P0569
H122,P0570
H122,P0571
H122,P0572
H122,P0578
H122,P0579
H122,P0582
H122,P0583
H122,P0584
H122,P0585
H122,P0586
H122,P0588
H122,P0591
H122,P0593
H122,P0594
H122,P0595
H122,P0598
H122,P0600
H123,P0001
H123,P0004
H123,P0006
H123,P0009
H123,P0010
H123,P0011
H123,P0012
H123,P0013
H123,P0014
H123,P0015
H123,P0017
H123,P0018
H123,P0020
H123,P0022
H123,P0024
H123,P0025
H123,P0029
H123,P0030
H123,P0031
H123,P0032
H123,P0033
H123,P0035
H123,P0036
H123,P0038
H123,P0042
H123,P0043
H123,P0045
H123,P0046
H123,P0047
H123,P0052
H123,P0053
H123,P0055
H123,P0056
H123,P0058
H123,P0062
H123,P0063
H123,P0065
H123,P0066
H123,P0067
H123,P0068
H123,P0069
H123,P0070
H123,P0071
H123,P0075
H123,P0076
H123,P0078
H123,P0080
H123,P0084
H123,P0085
H123,P0086
H123,P0087
H123,P0089
H123,P0090
H123,P0091
H123,P0092
H123,P0093
H123,P0096
H123,P0098
H123,P0100
H123,P0101
H123,P0102
H123,P0103
H123,P0104
H123,P0106
H123,P0107
H123,P0108
H123,P0109
H123,P0110
H123,P0111
H123,P0112
H123,P0113
H123,P0114
H123,P0115
H123,P0116
H123,P0117
H123,P0118
H123,P0120
H123,P0121
H123,P0123
H123,P0124
H123,P0126
H123,P0127
H123,P0128
H123,P0129
H123,P0130
H123,P0131
H123,P0132
H123,P0133
H123,P0134
H123,P0135
H123,P0139
H123,P0140
H123,P0143
H123,P0144
H123,P0145
H123,P0147
H123,P0148
H123,P0149
H123,P0153
H123,P0155
H123,P0156
H123,P0157
H123,P0158
H123,P0159
H123,P0163
H123,P0164
H123,P0166
H123,P0167
H123,P0168
H123,P0169
H123,P0170
H123,P0171
H123,P0172
H123,P0174
H123,P0176
H123,P0178
H123,P0179
H123,P0180
H123,P0181
H123,P0183
H123,P0184
H123,P0185
H123,P0186
H123,P0188
H123,P0189
H123,P0190
H123,P0191
H123,P0192
H123,P0193
H123,P0194
H123,P0195
H123,P0196
H123,P0202
H123,P0204
H123,P0205
H123,P0206
H123,P0208
H123,P0210
H123,P0211
H123,P0213
H123,P0214
H123,P0215
H123,P0216
H123,P0221
H123,P0223
H123,P0224
H123,P0225
H123,P0226
H123,P0228
H123,P0230
H123,P0231
H123,P0232
H123,P0235
H123,P0236
H123,P0237
H123,P0238
H123,P0239
H123,P0243
H123,P0244
H123,P0245
H123,P0246
H123,P0247
H123,P0250
H123,P0251
H123,P0252
H123,P0254
H123,P0255
H123,P0256
H123,P0258
H123,P0259
H123,P0261
H123,P0262
H123,P0265
H123,P0267
H123,P0268
H123,P0269
H123,P0270
H123,P0271
H123,P0273
H123,P0277
H123,P0278
H123,P0279
H123,P0282
H123,P0284
H123,P0285
H123,P0286
H123,P0287
H123,P0288
H123,P0295
H123,P0296
H123,P0298
H123,P0299
H123,P0300
H123,P0302
H123,P0303
H123,P0305
H123,P0306
H123,P0308
H123,P0310
H123,P0312
H123,P0314
H123,P0315
H123,P0317
H123,P0318
H123,P0319
H123,P0321
H123,P0322
H123,P0325
H123,P0326
H123,P0328
H123,P0329
H123,P0330
H123,P0331
H123,P0332
H123,P0333
H123,P0334
H123,P0335
H123,P0336
H123,P0338
H123,P0339
H123,P0341
H123,P0342
H123,P0343
H123,P0345
H123,P0346
H123,P0347
H123,P0348
H123,P0349
H123,P0351
H123,P0353
H123,P0355
H123,P0356
H123,P0357
H123,P0358
H123,P0360
H123,P0361
H123,P0362
H123,P0365
H123,P0367
H123,P0368
H123,P0369
H123,P0371
H123,P0373
H123,P0374
H123,P0375
H123,P0378
H123,P0379
H123,P0380
H123,P0381
H123,P0384
H123,P0385
H123,P0388
H123,P0391
H123,P0394
H123,P0395
H123,P0396
H123,P0397
H123,P0398
H123,P0399
H123,P0401
H123,P0402
H123,P0404
H123,P0405
H123,P0406
H123,P0407
H123,P0408
H123,P0410
H123,P0411
H123,P0412
H123,P0413
H123,P0414
H123,P0416
H123,P0417
H123,P0420
H123,P0421
H123,P0422
H123,P0423
H123,P0424
H123,P0425
H123,P0427
H123,P0428
H123,P0430
H123,P0431
H123,P0432
H123,P0433
H123,P0434
H123,P0435
H123,P0436
H123,P0438
H123,P0439
H123,P0440
H123,P0442
H123,P0445
H123,P0446
H123,P0447
H123,P0448
H123,P0451
H123,P0452
H123,P0453
H123,P0454
H123,P0458
H123,P0459
H123,P0461
H123,P0462
H123,P0464
H123,P0465
H123,P0467
H123,P0469
H123,P0470
H123,P0471
H123,P0472
H123,P0473
H123,P0474
H123,P0475
H123,P0477
H123,P0479
H123,P0481
H123,P0482
H123,P0483
H123,P0485
H123,P0486
H123,P0487
H123,P0488
H123,P0492
H123,P0493
H123,P0494
H123,P0495
H123,P0497
H123,P0498
H123,P0499
H123,P0500
H123,P0501
H123,P0502
H123,P0506
H123,P0508
H123,P0510
H123,P0512
H123,P0514
H123,P0515
H123,P0516
H123,P0517
H123,P0518
H123,P0519
H123,P0520
H123,P0521
H123,P0522
H123,P0523
H123,P0524
H123,P0526
H123,P0527
H123,P0528
H123,P0529
H123,P0530
H123,P0531
H123,P0533
H123,P0537
H123,P0538
H123,P0540
H123,P0541
H123,P0542
H123,P0543
H123,P0544
H123,P0547
H123,P0548
H123,P0549
H123,P0550
H123,P0552
H123,P0553
H123,P0555
H123,P0556
H123,P0559
H123,P0560
H123,P0563
H123,P0564
H123,P0566
H123,P0568
H123,P0569
H123,P0570
H123,P0571
H123,P0572
H123,P0573
H123,P0574
H123,P0578
H123,P0579
H123,P0581
H123,P0582
H123,P0584
H123,P0585
H123,P0588
H123,P0589
H123,P0590
H123,P0591
H123,P0593
H123,P0594
H123,P0596
H123,P0599
H124,P0001
H124,P0002
H124,P0003
H124,P0004
H124,P0005
H124,P0007
H124,P0008
H124,P0009
H124,P0010
H124,P0011
H124,P0013
H124,P0014
H124,P0015
H124,P0016
H124,P0017
H124,P0018
H124,P0019
H124,P0020
H124,P0022
H124,P0026
H124,P0027
H124,P0030
H124,P0032
H124,P0033
H124,P0034
H124,P0035
H124,P0036
H124,P0037
H124,P0038
H124,P0039
H124,P0041
H124,P0042
H124,P0043
H124,P0045
H124,P0046
H124,P0047
H124,P0048
H124,P0049
H124,P0050
H124,P0051
H124,P0054
H124,P0055
H124,P0056
H124,P0058
H124,P0060
H124,P0061
H124,P0062
H124,P0064
H124,P0065
H124,P0066
H124,P0068
H124,P0070
H124,P0071
H124,P0072
H124,P0074
H124,P0075
H124,P0076
H124,P0079
H124,P0080
H124,P0083
H124,P0084
H124,P0085
H124,P0086
H124,P0087
H124,P0088
H124,P0089
H124,P0090
H124,P0091
H124,P0092
H124,P0093
H124,P0096
H124,P0097
H124,P0099
H124,P0100
H124,P0101
H124,P0102
H124,P0103
H124,P0104
H124,P0105
H124,P0107
H124,P0108
H124,P0110
H124,P0111
H124,P0113
H124,P0114
H124,P0115
H124,P0116
H124,P0117
H124,P0120
H124,P0121
H124,P0122
H124,P0123
H124,P0124
H124,P0125
H124,P0126
H124,P0127
H124,P0128
H124,P0129
H124,P0130
H124,P0134
H124,P0135
H124,P0136
H124,P0138
H124,P0139
H124,P0140
H124,P0141
H124,P0142
H124,P0143
H124,P0144
H124,P0145
H124,P0147
H124,P0148
H124,P0149
H124,P0150
H124,P0151
H124,P0152
H124,P0153
H124,P0154
H124,P0155
H124,P0156
H124,P0157
H124,P0158
H124,P0160
H124,P0161
H124,P0162
H124,P0164
H124,P0165
H124,P0166
H124,P0167
H124,P0169
H124,P0170
H124,P0171
H124,P0172
H124,P0174
H124,P0175
H124,P0176
H124,P0177
H124,P0180
H124,P0181
H124,P0182
H124,P0183
H124,P0185
H124,P0189
H124,P0190
H124,P0191
H124,P0192
H124,P0193
H124,P0194
H124,P0197
H124,P0198
H124,P0199
H124,P0200
H124,P0201
H124,P0202
H124,P0203
H124,P0204
H124,P0205
H124,P0207
H124,P0208
H124,P0209
H124,P0211
H124,P0212
H124,P0213
H124,P0214
H124,P0215
H124,P0216
H124,P0218
H124,P0219
H124,P0220
H124,P0221
H124,P0222
H124,P0223
H124,P0224
H124,P0226
H124,P0227
H124,P0228
H124,P0229
H124,P0230
H124,P0234
H124,P0236
H124,P0237
H124,P0239
H124,P0241
H124,P0242
H124,P0243
H124,P0244
H124,P0245
H124,P0246
H124,P0247
H124,P0248
H124,P0249
H124,P0250
H124,P0251
H124,P0253
H124,P0254
H124,P0255
H124,P0256
H124,P0257
H124,P0259
H124,P0261
H124,P0262
H124,P0264
H124,P0266
H124,P0271
H124,P0273
H124,P0274
H124,P0275
H124,P0276
H124,P0277
H124,P0278
H124,P0279
H124,P0280
H124,P0282
H124,P0284
H124,P0286
H124,P0287
H124,P0288
H124,P0289
H124,P0290
H124,P0291
H124,P0292
H124,P0294
H124,P0295
H124,P0296
H124,P0298
H124,P0299
H124,P0300
H124,P0303
H124,P0304
H124,P0305
H124,P0306
H124,P0307
H124,P0308
H124,P0309
H124,P0310
H124,P0311
H124,P0312
H124,P0314
H124,P0315
H124,P0316
H124,P0317
H124,P0319
H124,P0320
H124,P0321
H124,P0322
H124,P0323
H124,P0325
H124,P0326
H124,P0328
H124,P0330
H124,P0332
H124,P0333
H124,P0336
H124,P0337
H124,P0338
H124,P0339
H124,P0340
H124,P0343
H124,P0344
H124,P0345
H124,P0346
H124,P0347
H124,P0348
H124,P0349
H124,P0350
H124,P0351
H124,P0352
H124,P0353
H124,P0354
H124,P0355
H124,P0356
H124,P0357
H124,P0358
H124,P0359
H124,P0360
H124,P0361
H124,P0362
H124,P0363
H124,P0364
H124,P0366
H124,P0367
H124,P0368
H124,P0369
H124,P0370
H124,P0372
H124,P0373
H124,P0374
H124,P0375
H124,P0377
H124,P0379
H124,P0381
H124,P0383
H124,P0384
H124,P0390
H124,P0391
H124,P0393
H124,P0395
H124,P0396
H124,P0397
H124,P0398
H124,P0399
H124,P0401
H124,P0402
H124,P0403
H124,P0404
H124,P0405
H124,P0406
H124,P0407
H124,P0408
H124,P0409
H124,P0410
H124,P0411
H124,P0412
H124,P0413
H124,P0415
H124,P0417
H124,P0418
H124,P0420
H124,P0422
H124,P0423
H124,P0424
H124,P0425
H124,P0428
H124,P0431
H124,P0433
H124,P0434
H124,P0435
H124,P0436
H124,P0438
H124,P0439
H124,P0441
H124,P0444
H124,P0445
H124,P0447
H124,P0448
H124,P0451
H124,P0452
H124,P0453
H124,P0454
H124,P0455
H124,P0456
H124,P0460
H124,P0461
H124,P0462
H124,P0464
H124,P0465
H124,P0466
H124,P0467
H124,P0469
H124,P0470
H124,P0471
H124,P0472
H124,P0474
H124,P0477
H124,P0479
H124,P0481
H124,P0482
H124,P0484
H124,P0485
H124,P0486
H124,P0487
H124,P0488
H124,P0489
H124,P0490
H124,P0491
H124,P0492
H124,P0494
H124,P0498
H124,P0499
H124,P0500
H124,P0501
H124,P0502
H124,P0503
H124,P0504
H124,P0505
H124,P0506
H124,P0507
H124,P0508
H124,P0509
H124,P0510
H124,P0511
H124,P0512
H124,P0513
H124,P0514
H124,P0515
H124,P0516
H124,P0517
H124,P0518
H124,P0519
H124,P0520
H124,P0521
H124,P0522
H124,P0524
H124,P0526
H124,P0527
H124,P0530
H124,P0532
H124,P0533
H124,P0537
H124,P0540
H124,P0542
H124,P0543
H124,P0544
H124,P0545
H124,P0546
H124,P0547
H124,P0548
H124,P0549
H124,P0550
H124,P0551
H124,P0553
H124,P0555
H124,P0556
H124,P0557
H124,P0558
H124,P0560
H124,P0561
H124,P0562
H124,P0563
H124,P0564
H124,P0566
H124,P0567
H124,P0568
H124,P0569
H124,P0570
H124,P0573
H124,P0574
H124,P0575
H124,P0576
H124,P0578
H124,P0579
H124,P0581
H124,P0584
H124,P0585
H124,P0586
H124,P0589
H124,P0590
H124,P0591
H124,P0593
H124,P0594
H124,P0595
H124,P0596
H124,P0597
H124,P0598
H124,P0599
H124,P0600
H125,P0002
H125,P0003
H125,P0004
H125,P0005
H125,P0006
H125,P0008
H125,P0010
H125,P0011
H125,P0013
H125,P0014
H125,P0015
H125,P0017
H125,P0018
H125,P0019
H125,P0020
H125,P0022
H125,P0023
H125,P0024
H125,P0027
H125,P0029
H125,P0030
H125,P0032
H125,P0034
H125,P0035
H125,P0036
H125,P0037
H125,P0038
H125,P0039
H125,P0043
H125,P0044
H125,P0045
H125,P0046
H125,P0047
H125,P0048
H125,P0049
H125,P0050
H125,P0052
H125,P0054
H125,P0056
H125,P0057
H125,P0060
H125,P0061
H125,P0062
H125,P0063
H125,P0064
H125,P0065
H125,P0067
H125,P0068
H125,P0069
H125,P0070
H125,P0071
H125,P0072
H125,P0074
H125,P0075
H125,P0076
H125,P0079
H125,P0080
H125,P0083
H125,P0084
H125,P0085
H125,P0086
H125,P0087
H125,P0089
H125,P0090
H125,P0091
H125,P0092
H125,P0095
H125,P0097
H125,P0098
H125,P0099
H125,P0100
H125,P0101
H125,P0102
H125,P0104
H125,P0105
H125,P0106
H125,P0108
H125,P0109
H125,P0110
H125,P0112
H125,P0113
H125,P0114
H125,P0116
H125,P0118
H125,P0120
H125,P0121
H125,P0122
H125,P0123
H125,P0124
H125,P0125
H125,P0127
H125,P0128
H125,P0130
H125,P0131
H125,P0132
H125,P0133
H125,P0135
H125,P0136
H125,P0137
H125,P0138
H125,P0140
H125,P0142
H125,P0143
H125,P0144
H125,P0146
H125,P0147
H125,P0148
H125,P0149
H125,P0150
H125,P0151
H125,P0152
H125,P0154
H125,P0155
H125,P0156
H125,P0157
H125,P0158
H125,P0159
H125,P0163
H125,P0165
H125,P0166
H125,P0168
H125,P0169
H125,P0171
H125,P0172
H125,P0173
H125,P0174
H125,P0175
H125,P0176
H125,P0178
H125,P0180
H125,P0181
H125,P0182
H125,P0184
H125,P0185
H125,P0188
H125,P0189
H125,P0190
H125,P0191
H125,P0192
H125,P0195
H125,P0196
H125,P0197
H125,P0198
H125,P0199
H125,P0200
H125,P0201
H125,P0202
H125,P0203
H125,P0204
H125,P0205
H125,P0206
H125,P0208
H125,P0209
H125,P0210
H125,P0212
H125,P0213
H125,P0214
H125,P0215
H125,P0216
H125,P0217
H125,P0218
H125,P0219
H125,P0220
H125,P0221
H125,P0223
H125,P0224
H125,P0225
H125,P0226
H125,P0227
H125,P0228
H125,P0229
H125,P0230
H125,P0232
H125,P0233
H125,P0235
H125,P0238
H125,P0241
H125,P0242
H125,P0243
H125,P0244
H125,P0245
H125,P0247
H125,P0249
H125,P0251
H125,P0252
H125,P0253
H125,P0255
H125,P0256
H125,P0257
H125,P0259
H125,P0261
H125,P0262
H125,P0264
H125,P0265
H125,P0266
H125,P0268
H125,P0269
H125,P0270
H125,P0271
H125,P0273
H125,P0274
H125,P0275
H125,P0276
H125,P0277
H125,P0278
H125,P0279
H125,P0280
H125,P0281
H125,P0283
H125,P0284
H125,P0287
H125,P0288
H125,P0289
H125,P0290
H125,P0291
H125,P0292
H125,P0294
H125,P0295
H125,P0297
H125,P0298
H125,P0299
H125,P0302
H125,P0303
H125,P0304
H125,P0305
H125,P0306
H125,P0307
H125,P0309
H125,P0310
H125,P0311
H125,P0312
H125,P0313
H125,P0315
H125,P0316
H125,P0319
H125,P0320
H125,P0321
H125,P0323
H125,P0324
H125,P0325
H125,P0326
H125,P0327
H125,P0329
H125,P0331
H125,P0332
H125,P0333
H125,P0334
H125,P0335
H125,P0336
H125,P0337
H125,P0338
H125,P0342
H125,P0344
H125,P0346
H125,P0347
H125,P0350
H125,P0351
H125,P0353
H125,P0354
H125,P0355
H125,P0357
H125,P0358
H125,P0360
H125,P0361
H125,P0362
H125,P0363
H125,P0364
H125,P0367
H125,P0368
H125,P0369
H125,P0371
H125,P0373
H125,P0374
H125,P0375
H125,P0376
H125,P0377
H125,P0379
H125,P0380
H125,P0381
H125,P0382
H125,P0383
H125,P0384
H125,P0385
H125,P0388
H125,P0390
H125,P0392
H125,P0393
H125,P0395
H125,P0396
H125,P0397
H125,P0398
H125,P0400
H125,P0401
H125,P0402
H125,P0404
H125,P0405
H125,P0406
H125,P0407
H125,P0408
H125,P0410
H125,P0411
H125,P0413
H125,P0414
H125,P0415
H125,P0417
H125,P0419
H125,P0420
H125,P0421
H125,P0422
H125,P0423
H125,P0425
H125,P0427
H125,P0428
H125,P0429
H125,P0430
H125,P0431
H125,P0432
H125,P0433
H125,P0435
H125,P0436
H125,P0437
H125,P0438
H125,P0439
H125,P0440
H125,P0441
H125,P0443
H125,P0444
H125,P0445
H125,P0446
H125,P0447
H125,P0449
H125,P0450
H125,P0451
H125,P0453
H125,P0454
H125,P0455
H125,P0456
H125,P0457
H125,P0458
H125,P0459
H125,P0461
H125,P0464
H125,P0465
H125,P0466
H125,P0467
H125,P0470
H125,P0471
H125,P0477
H125,P0481
H125,P0482
H125,P0483
H125,P0484
H125,P0485
H125,P0486
H125,P0489
H125,P0491
H125,P0492
H125,P0493
H125,P0494
H125,P0496
H125,P0498
H125,P0499
H125,P0501
H125,P0502
H125,P0503
H125,P0504
H125,P0506
H125,P0507
H125,P0514
H125,P0515
H125,P0516
H125,P0517
H125,P0518
H125,P0519
H125,P0520
H125,P0522
H125,P0523
H125,P0527
H125,P0528
H125,P0529
H125,P0530
H125,P0531
H125,P0532
H125,P0534
H125,P0539
H125,P0540
H125,P0542
H125,P0544
H125,P0545
H125,P0546
H125,P0548
H125,P0551
H125,P0552
H125,P0553
H125,P0554
H125,P0555
H125,P0556
H125,P0557
H125,P0558
H125,P0559
H125,P0560
H125,P0561
H125,P0562
H125,P0563
H125,P0564
H125,P0565
H125,P0567
H125,P0568
H125,P0570
H125,P0571
H125,P0572
H125,P0574
H125,P0577
H125,P0578
H125,P0579
H125,P0580
H125,P0581
H125,P0583
H125,P0584
H125,P0585
H125,P0586
H125,P0587
H125,P0588
H125,P0590
H125,P0591
H125,P0593
H125,P0594
H125,P0596
H125,P0597
H125,P0598
H125,P0599
H126,P0002
H126,P0003
H126,P0005
H126,P0006
H126,P0007
H126,P0008
H126,P0009
H126,P0012
H126,P0015
H126,P0017
H126,P0018
H126,P0019
H126,P0020
H126,P0022
H126,P0023
H126,P0026
H126,P0027
H126,P0030
H126,P0031
H126,P0032
H126,P0033
H126,P0035
H126,P0036
H126,P0037
H126,P0041
H126,P0043
H126,P0044
H126,P0045
H126,P0046
H126,P0047
H126,P0048
H126,P0049
H126,P0050
H126,P0052
H126,P0053
H126,P0055
H126,P0057
H126,P0058
H126,P0061
H126,P0062
H126,P0063
H126,P0065
H126,P0069
H126,P0071
H126,P0072
H126,P0074
H126,P0075
H126,P0076
H126,P0079
H126,P0083
H126,P0084
H126,P0085
H126,P0086
H126,P0087
H126,P0089
H126,P0092
H126,P0093
H126,P0094
H126,P0095
H126,P0096
H126,P0097
H126,P0100
H126,P0101
H126,P0102
H126,P0103
H126,P0105
H126,P0106
H126,P0107
H126,P0108
H126,P0109
H126,P0110
H126,P0111
H126,P0114
H126,P0115
H126,P0116
H126,P0118
H126,P0120
H126,P0121
H126,P0124
H126,P0125
H126,P0126
H126,P0127
H126,P0128
H126,P0129
H126,P0130
H126,P0131
H126,P0132
H126,P0134
H126,P0135
H126,P0136
H126,P0139
H126,P0140
H126,P0142
H126,P0143
H126,P0144
H126,P0145
H126,P0146
H126,P0147
H126,P0148
H126,P0149
H126,P0150
H126,P0152
H126,P0153
H126,P0155
H126,P0156
H126,P0157
H126,P0158
H126,P0161
H126,P0163
H126,P0164
H126,P0165
H126,P0167
H126,P0169
H126,P0171
H126,P0173
H126,P0174
H126,P0175
H126,P0176
H126,P0177
H126,P0178
H126,P0179
H126,P0181
H126,P0182
H126,P0183
H126,P0185
H126,P0186
H126,P0187
H126,P0188
H126,P0189
H126,P0190
H126,P0191
H126,P0192
H126,P0196
H126,P0197
H126,P0200
H126,P0201
H126,P0203
H126,P0204
H126,P0207
H126,P0210
H126,P0211
H126,P0213
H126,P0217
H126,P0219
H126,P0222
H126,P0224
H126,P0226
H126,P0229
H126,P0230
H126,P0231
H126,P0232
H126,P0235
H126,P0236
H126,P0237
H126,P0238
H126,P0239
H126,P0241
H126,P0243
H126,P0244
H126,P0245
H126,P0246
H126,P0247
H126,P0250
H126,P0251
H126,P0252
H126,P0253
H126,P0254
H126,P0255
H126,P0256
H126,P0257
H126,P0258
H126,P0259
H126,P0261
H126,P0263
H126,P0265
H126,P0266
H126,P0267
H126,P0268
H126,P0271
H126,P0273
H126,P0274
H126,P0276
H126,P0277
H126,P0278
H126,P0279
H126,P0280
H126,P0281
H126,P0282
H126,P0283
H126,P0284
H126,P0285
H126,P0287
H126,P0289
H126,P0291
H126,P0293
H126,P0294
H126,P0295
H126,P0296
H126,P0297
H126,P0299
H126,P0303
H126,P0304
H126,P0306
H126,P0307
H126,P0308
H126,P0309
H126,P0310
H126,P0312
H126,P0313
H126,P0314
H126,P0315
H126,P0316
H126,P0317
H126,P0318
H126,P0319
H126,P0320
H126,P0321
H126,P0324
H126,P0325
H126,P0326
H126,P0327
H126,P0330
H126,P0332
H126,P0333
H126,P0335
H126,P0336
H126,P0337
H126,P0338
H126,P0339
H126,P0340
H126,P0341
H126,P0342
H126,P0344
H126,P0345
H126,P0347
H126,P0348
H126,P0349
H126,P0351
H126,P0352
H126,P0355
H126,P0357
H126,P0358
H126,P0360
H126,P0361
H126,P0362
H126,P0364
H126,P0366
H126,P0368
H126,P0369
H126,P0370
H126,P0371
H126,P0372
H126,P0373
H126,P0374
H126,P0375
H126,P0376
H126,P0378
H126,P0379
H126,P0380
H126,P0381
H126,P0383
H126,P0384
H126,P0385
H126,P0387
H126,P0388
H126,P0389
H126,P0390
H126,P0391
H126,P0393
H126,P0394
H126,P0395
H126,P0396
H126,P0397
H126,P0401
H126,P0402
H126,P0404
H126,P0407
H126,P0408
H126,P0410
H126,P0411
H126,P0412
H126,P0413
H126,P0414
H126,P0416
H126,P0417
H126,P0418
H126,P0419
H126,P0420
H126,P0421
H126,P0422
H126,P0426
H126,P0427
H126,P0428
H126,P0430
H126,P0431
H126,P0432
H126,P0433
H126,P0434
H126,P0437
H126,P0438
H126,P0439
H126,P0440
H126,P0441
H126,P0442
H126,P0443
H126,P0446
H126,P0447
H126,P0451
H126,P0452
H126,P0453
H126,P0454
H126,P0455
H126,P0456
H126,P0457
H126,P0458
H126,P0459
H126,P0461
H126,P0463
H126,P0464
H126,P0465
H126,P0467
H126,P0468
H126,P0470
H126,P0471
H126,P0472
H126,P0473
H126,P0478
H126,P0479
H126,P0481
H126,P0482
H126,P0483
H126,P0484
H126,P0485
H126,P0486
H126,P0487
H126,P0488
H126,P0489
H126,P0490
H126,P0493
H126,P0494
H126,P0496
H126,P0497
H126,P0499
H126,P0500
H126,P0501
H126,P0502
H126,P0503
H126,P0506
H126,P0508
H126,P0509
H126,P0512
H126,P0514
H126,P0515
H126,P0516
H126,P0517
H126,P0520
H126,P0521
H126,P0522
H126,P0523
H126,P0524
H126,P0526
H126,P0527
H126,P0529
H126,P0530
H126,P0531
H126,P0535
H126,P0536
H126,P0537
H126,P0538
H126,P0539
H126,P0540
H126,P0541
H126,P0542
H126,P0543
H126,P0544
H126,P0545
H126,P0546
H126,P0547
H126,P0548
H126,P0550
H126,P0552
H126,P0553
H126,P0555
H126,P0556
H126,P0557
H126,P0559
H126,P0562
H126,P0564
H126,P0565
H126,P0566
H126,P0567
H126,P0568
H126,P0569
H126,P0570
H126,P0571
H126,P0572
H126,P0573
H126,P0574
H126,P0576
H126,P0577
H126,P0578
H126,P0579
H126,P0580
H126,P0581
H126,P0583
H126,P0584
H126,P0585
H126,P0586
H126,P0587
H126,P0588
H126,P0589
H126,P0590
H126,P0591
H126,P0593
H126,P0594
H126,P0596
H126,P0598
H126,P0599
H126,P0600
H127,P0002
H127,P0004
H127,P0005
H127,P0006
H127,P0008
H127,P0009
H127,P0013
H127,P0015
H127,P0017
H127,P0020
H127,P0021
H127,P0022
H127,P0024
H127,P0029
H127,P0030
H127,P0031
H127,P0032
H127,P0037
H127,P0038
H127,P0039
H127,P0041
H127,P0043
H127,P0044
H127,P0045
H127,P0046
H127,P0047
H127,P0048
H127,P0049
H127,P0052
H127,P0053
H127,P0057
H127,P0059
H127,P0060
H127,P0061
H127,P0062
H127,P0064
H127,P0065
H127,P0066
H127,P0071
H127,P0075
H127,P0076
H127,P0079
H127,P0080
H127,P0083
H127,P0084
H127,P0085
H127,P0088
H127,P0092
H127,P0093
H127,P0097
H127,P0098
H127,P0100
H127,P0102
H127,P0104
H127,P0105
H127,P0107
H127,P0111
H127,P0113
H127,P0114
H127,P0115
H127,P0121
H127,P0123
H127,P0124
H127,P0125
H127,P0126
H127,P0127
H127,P0129
H127,P0131
H127,P0132
H127,P0133
H127,P0134
H127,P0136
H127,P0139
H127,P0140
H127,P0143
H127,P0145
H127,P0146
H127,P0148
H127,P0150
H127,P0152
H127,P0153
H127,P0155
H127,P0157
H127,P0158
H127,P0159
H127,P0160
H127,P0163
H127,P0164
H127,P0165
H127,P0166
H127,P0169
H127,P0170
H127,P0171
H127,P0172
H127,P0173
H127,P0175
H127,P0183
H127,P0188
H127,P0191
H127,P0192
H127,P0193
H127,P0194
H127,P0195
H127,P0196
H127,P0199
H127,P0203
H127,P0207
H127,P0209
H127,P0210
H127,P0211
H127,P0212
H127,P0213
H127,P0218
H127,P0222
H127,P0223
H127,P0227
H127,P0228
H127,P0229
H127,P0231
H127,P0232
H127,P0234
H127,P0236
H127,P0237
H127,P0238
H127,P0239
H127,P0240
H127,P0241
H127,P0244
H127,P0246
H127,P0247
H127,P0248
H127,P0249
H127,P0251
H127,P0253
H127,P0256
H127,P0257
H127,P0258
H127,P0262
H127,P0265
H127,P0266
H127,P0268
H127,P0269
H127,P0273
H127,P0274
H127,P0277
H127,P0278
H127,P0279
H127,P0280
H127,P0281
H127,P0282
H127,P0285
H127,P0286
H127,P0287
H127,P0288
H127,P0289
H127,P0292
H127,P0294
H127,P0297
H127,P0299
H127,P0300
H127,P0302
H127,P0305
H127,P0306
H127,P0308
H127,P0310
H127,P0311
H127,P0317
H127,P0318
H127,P0319
H127,P0320
H127,P0321
H127,P0323
H127,P0326
H127,P0327
H127,P0328
H127,P0329
H127,P0330
H127,P0333
H127,P0334
H127,P0335
H127,P0336
H127,P0338
H127,P0340
H127,P0342
H127,P0344
H127,P0346
H127,P0348
H127,P0351
H127,P0352
H127,P0353
H127,P0355
H127,P0357
H127,P0358
H127,P0360
H127,P0361
H127,P0366
H127,P0368
H127,P0369
H127,P0370
H127,P0372
H127,P0373
H127,P0374
H127,P0375
H127,P0377
H127,P0383
H127,P0385
H127,P0388
H127,P0390
H127,P0391
H127,P0393
H127,P0394
H127,P0395
H127,P0397
H127,P0398
H127,P0401
H127,P0404
H127,P0407
H127,P0410
H127,P0411
H127,P0412
H127,P0413
H127,P0415
H127,P0416
H127,P0417
H127,P0420
H127,P0427
H127,P0429
H127,P0430
H127,P0431
H127,P0432
H127,P0433
H127,P0434
H127,P0435
H127,P0439
H127,P0442
H127,P0444
H127,P0445
H127,P0447
H127,P0451
H127,P0454
H127,P0455
H127,P0459
H127,P0460
H127,P0462
H127,P0463
H127,P0464
H127,P0468
H127,P0469
H127,P0470
H127,P0477
H127,P0478
H127,P0479
H127,P0481
H127,P0482
H127,P0484
H127,P0485
H127,P0486
H127,P0487
H127,P0488
H127,P0489
H127,P0492
H127,P0493
H127,P0495
H127,P0496
H127,P0497
H127,P0499
H127,P0500
H127,P0501
H127,P0502
H127,P0503
H127,P0504
H127,P0505
H127,P0506
H127,P0507
H127,P0508
H127,P0515
H127,P0516
H127,P0518
H127,P0519
H127,P0520
H127,P0522
H127,P0523
H127,P0524
H127,P0525
H127,P0526
H127,P0527
H127,P0530
H127,P0533
H127,P0535
H127,P0536
H127,P0538
H127,P0540
H127,P0541
H127,P0542
H127,P0543
H127,P0546
H127,P0553
H127,P0556
H127,P0558
H127,P0560
H127,P0561
H127,P0563
H127,P0564
H127,P0568
H127,P0569
H127,P0572
H127,P0573
H127,P0578
H127,P0581
H127,P0584
H127,P0585
H127,P0586
H127,P0587
H127,P0590
H127,P0593
H127,P0594
H127,P0595
H127,P0596
H127,P0600
H128,P0002
H128,P0004
H128,P0005
H128,P0006
H128,P0007
H128,P0008
H128,P0009
H128,P0011
H128,P0012
H128,P0013
H128,P0016
H128,P0017
H128,P0018
H128,P0019
H128,P0020
H128,P0021
H128,P0022
H128,P0023
H128,P0024
H128,P0026
H128,P0027
H128,P0030
H128,P0033
H128,P0035
H128,P0037
H128,P0038
H128,P0040
H128,P0041
H128,P0044
H128,P0045
H128,P0046
H128,P0047
H128,P0048
H128,P0051
H128,P0052
H128,P0053
H128,P0054
H128,P0055
H128,P0057
H128,P0058
H128,P0060
H128,P0061
H128,P0062
H128,P0065
H128,P0066
H128,P0068
H128,P0069
H128,P0071
H128,P0072
H128,P0073
H128,P0074
H128,P0075
H128,P0076
H128,P0078
H128,P0079
H128,P0083
H128,P0084
H128,P0085
H128,P0086
H128,P0088
H128,P0089
H128,P0091
H128,P0092
H128,P0093
H128,P0097
H128,P0098
H128,P0099
H128,P0100
H128,P0101
H128,P0102
H128,P0104
H128,P0105
H128,P0106
H128,P0108
H128,P0109
H128,P0111
H128,P0113
H128,P0115
H128,P0116
H128,P0117
H128,P0120
H128,P0121
H128,P0126
H128,P0127
H128,P0128
H128,P0129
H128,P0130
H128,P0131
H128,P0132
H128,P0133
H128,P0135
H128,P0136
H128,P0138
H128,P0139
H128,P0140
H128,P0141
H128,P0142
H128,P0143
H128,P0144
H128,P0145
H128,P0146
H128,P0147
H128,P0148
H128,P0149
H128,P0150
H128,P0151
H128,P0152
H128,P0153
H128,P0154
H128,P0155
H128,P0156
H128,P0157
H128,P0158
H128,P0160
H128,P0161
H128,P0163
H128,P0164
H128,P0165
H128,P0166
H128,P0169
H128,P0170
H128,P0171
H128,P0176
H128,P0177
H128,P0181
H128,P0182
H128,P0183
H128,P0184
H128,P0185
H128,P0188
H128,P0190
H128,P0192
H128,P0193
H128,P0194
H128,P0195
H128,P0196
H128,P0198
H128,P0199
H128,P0200
H128,P0201
H128,P0202
H128,P0203
H128,P0204
H128,P0205
H128,P0206
H128,P0208
H128,P0211
H128,P0212
H128,P0213
H128,P0214
H128,P0218
H128,P0219
H128,P0221
H128,P0222
H128,P0223
H128,P0226
H128,P0227
H128,P0228
H128,P0231
H128,P0232
H128,P0234
H128,P0235
H128,P0237
H128,P0238
H128,P0239
H128,P0242
H128,P0243
H128,P0245
H128,P0246
H128,P0247
H128,P0249
H128,P0251
H128,P0252
H128,P0253
H128,P0256
H128,P0257
H128,P0258
H128,P0259
H128,P0260
H128,P0261
H128,P0265
H128,P0267
H128,P0268
H128,P0269
H128,P0270
H128,P0271
H128,P0275
H128,P0276
H128,P0277
H128,P0278
H128,P0279
H128,P0280
H128,P0282
H128,P0283
H128,P0284
H128,P0287
H128,P0289
H128,P0290
H128,P0292
H128,P0294
H128,P0295
H128,P0296
H128,P0297
H128,P0299
H128,P0302
H128,P0303
H128,P0306
H128,P0307
H128,P0308
H128,P0309
H128,P0312
H128,P0313
H128,P0317
H128,P0318
H128,P0319
H128,P0320
H128,P0321
H128,P0323
H128,P0324
H128,P0325
H128,P0326
H128,P0327
H128,P0329
H128,P0330
H128,P0332
H128,P0334
H128,P0336
H128,P0337
H128,P0338
H128,P0339
H128,P0340
H128,P0341
H128,P0342
H128,P0343
H128,P0344
H128,P0345
H128,P0346
H128,P0347
H128,P0348
H128,P0349
H128,P0352
H128,P0353
H128,P0354
H128,P0355
H128,P0356
H128,P0357
H128,P0358
H128,P0359
H128,P0360
H128,P0361
H128,P0362
H128,P0363
H128,P0364
H128,P0366
H128,P0367
H128,P0368
H128,P0369
H128,P0371
H128,P0372
H128,P0373
H128,P0374
H128,P0375
H128,P0377
H128,P0379
H128,P0380
H128,P0381
H128,P0382
H128,P0384
H128,P0389
H128,P0391
H128,P0393
H128,P0394
H128,P0395
H128,P0396
H128,P0397
H128,P0398
H128,P0400
H128,P0401
H128,P0402
H128,P0403
H128,P0404
H128,P0405
H128,P0408
H128,P0410
H128,P0412
H128,P0413
H128,P0414
H128,P0415
H128,P0416
H128,P0417
H128,P0418
H128,P0419
H128,P0420
H128,P0422
H128,P0423
H128,P0424
H128,P0430
H128,P0431
H128,P0432
H128,P0433
H128,P0435
H128,P0438
H128,P0439
H128,P0441
H128,P0442
H128,P0443
H128,P0445
H128,P0447
H128,P0448
H128,P0449
H128,P0450
H128,P0451
H128,P0453
H128,P0454
H128,P0455
H128,P0456
H128,P0457
H128,P0458
H128,P0459
H128,P0460
H128,P0462
H128,P0464
H128,P0465
H128,P0467
H128,P0468
H128,P0470
H128,P0471
H128,P0472
H128,P0473
H128,P0474
H128,P0476
H128,P0477
H128,P0478
H128,P0479
H128,P0480
H128,P0481
H128,P0482
H128,P0483
H128,P0484
H128,P0485
H128,P0486
H128,P0487
H128,P0488
H128,P0489
H128,P0490
H128,P0491
H128,P0493
H128,P0494
H128,P0496
H128,P0497
H128,P0498
H128,P0500
H128,P0501
H128,P0502
H128,P0504
H128,P0506
H128,P0507
H128,P0508
H128,P0509
H128,P0510
H128,P0512
H128,P0514
H128,P0515
H128,P0516
H128,P0517
H128,P0518
H128,P0519
H128,P0520
H128,P0521
H128,P0522
H128,P0523
H128,P0524
H128,P0526
H128,P0527
H128,P0528
H128,P0532
H128,P0537
H128,P0539
H128,P0540
H128,P0541
H128,P0542
H128,P0543
H128,P0544
H128,P0546
H128,P0547
H128,P0548
H128,P0549
H128,P0550
H128,P0551
H128,P0554
H128,P0556
H128,P0557
H128,P0563
H128,P0565
H128,P0567
H128,P0568
H128,P0570
H128,P0571
H128,P0572
H128,P0573
H128,P0574
H128,P0575
H128,P0576
H128,P0577
H128,P0578
H128,P0579
H128,P0584
H128,P0585
H128,P0589
H128,P0594
H128,P0595
H128,P0599
H129,P0002
H129,P0011
H129,P0012
H129,P0014
H129,P0016
H129,P0017
H129,P0019
H129,P0021
H129,P0022
H129,P0023
H129,P0024
H129,P0026
H129,P0030
H129,P0031
H129,P0032
H129,P0033
H129,P0035
H129,P0036
H129,P0037
H129,P0039
H129,P0040
H129,P0041
H129,P0042
H129,P0045
H129,P0047
H129,P0048
H129,P0050
H129,P0054
H129,P0059
H129,P0060
H129,P0061
H129,P0062
H129,P0065
H129,P0067
H129,P0068
H129,P0069
H129,P0070
H129,P0071
H129,P0072
H129,P0074
H129,P0075
H129,P0076
H129,P0077
H129,P0079
H129,P0082
H129,P0083
H129,P0084
H129,P0085
H129,P0086
H129,P0090
H129,P0092
H129,P0093
H129,P0095
H129,P0097
H129,P0098
H129,P0100
H129,P0102
H129,P0105
H129,P0107
H129,P0110
H129,P0111
H129,P0113
H129,P0114
H129,P0115
H129,P0116
H129,P0117
H129,P0118
H129,P0119
H129,P0121
H129,P0122
H129,P0124
H129,P0125
H129,P0126
H129,P0129
H129,P0130
H129,P0132
H129,P0133
H129,P0134
H129,P0135
H129,P0136
H129,P0137
H129,P0139
H129,P0140
H129,P0142
H129,P0144
H129,P0145
H129,P0146
H129,P0147
H129,P0148
H129,P0149
H129,P0150
H129,P0151
H129,P0152
H129,P0153
H129,P0155
H129,P0157
H129,P0158
H129,P0160
H129,P0161
H129,P0164
H129,P0166
H129,P0171
H129,P0176
H129,P0177
H129,P0178
H129,P0179
H129,P0180
H129,P0181
H129,P0182
H129,P0183
H129,P0185
H129,P0187
H129,P0190
H129,P0191
H129,P0192
H129,P0193
H129,P0194
H129,P0195
H129,P0197
H129,P0198
H129,P0200
H129,P0202
H129,P0203
H129,P0204
H129,P0205
H129,P0208
H129,P0209
H129,P0211
H129,P0212
H129,P0213
H129,P0214
H129,P0215
H129,P0218
H129,P0219
H129,P0220
H129,P0222
H129,P0223
H129,P0224
H129,P0226
H129,P0228
H129,P0229
H129,P0231
H129,P0232
H129,P0233
H129,P0234
H129,P0235
H129,P0237
H129,P0238
H129,P0239
H129,P0244
H129,P0245
H129,P0246
H129,P0247
H129,P0249
H129,P0250
H129,P0253
H129,P0254
H129,P0255
H129,P0256
H129,P0257
H129,P0259
H129,P0262
H129,P0263
H129,P0265
H129,P0266
H129,P0267
H129,P0271
H129,P0273
H129,P0276
H129,P0277
H129,P0279
H129,P0280
H129,P0281
H129,P0282
H129,P0283
H129,P0284
H129,P0285
H129,P0287
H129,P0288
H129,P0289
H129,P0290
H129,P0291
H129,P0292
H129,P0294
H129,P0295
H129,P0296
H129,P0299
H129,P0300
H129,P0301
H129,P0302
H129,P0303
H129,P0304
H129,P0307
H129,P0309
H129,P0310
H129,P0311
H129,P0312
H129,P0313
H129,P0314
H129,P0315
H129,P0317
H129,P0318
H129,P0320
H129,P0321
H129,P0322
H129,P0323
H129,P0326
H129,P0329
H129,P0330
H129,P0332
H129,P0336
H129,P0337
H129,P0338
H129,P0339
H129,P0340
H129,P0342
H129,P0343
H129,P0344
H129,P0345
H129,P0348
H129,P0349
H129,P0351
H129,P0352
H129,P0353
H129,P0354
H129,P0355
H129,P0357
H129,P0360
H129,P0361
H129,P0362
H129,P0363
H129,P0364
H129,P0366
H129,P0367
H129,P0368
H129,P0369
H129,P0370
H129,P0371
H129,P0373
H129,P0374
H129,P0375
H129,P0377
H129,P0380
H129,P0381
H129,P0383
H129,P0384
H129,P0385
H129,P0386
H129,P0389
H129,P0390
H129,P0392
H129,P0394
H129,P0395
H129,P0396
H129,P0397
H129,P0398
H129,P0401
H129,P0402
H129,P0403
H129,P0404
H129,P0405
H129,P0406
H129,P0407
H129,P0408
H129,P0409
H129,P0410
H129,P0411
H129,P0412
H129,P0413
H129,P0414
H129,P0417
H129,P0418
H129,P0420
H129,P0421
H129,P0423
H129,P0427
H129,P0428
H129,P0430
H129,P0432
H129,P0433
H129,P0434
H129,P0438
H129,P0440
H129,P0441
H129,P0442
H129,P0443
H129,P0445
H129,P0447
H129,P0451
H129,P0453
H129,P0460
H129,P0461
H129,P0464
H129,P0465
H129,P0467
H129,P0468
H129,P0471
H129,P0472
H129,P0473
H129,P0478
H129,P0479
H129,P0481
H129,P0483
H129,P0484
H129,P0485
H129,P0486
H129,P0488
H129,P0489
H129,P0490
H129,P0491
H129,P0492
H129,P0494
H129,P0495
H129,P0496
H129,P0498
H129,P0500
H129,P0501
H129,P0502
H129,P0504
H129,P0505
H129,P0507
H129,P0508
H129,P0509
H129,P0510
H129,P0511
H129,P0515
H129,P0516
H129,P0517
H129,P0518
H129,P0519
H129,P0520
H129,P0521
H129,P0522
H129,P0523
H129,P0527
H129,P0528
H129,P0529
H129,P0531
H129,P0533
H129,P0535
H129,P0539
H129,P0541
H129,P0542
H129,P0544
H129,P0545
H129,P0546
H129,P0548
H129,P0550
H129,P0551
H129,P0552
H129,P0553
H129,P0556
H129,P0557
H129,P0561
H129,P0563
H129,P0564
H129,P0565
H129,P0566
H129,P0568
H129,P0569
H129,P0572
H129,P0574
H129,P0576
H129,P0577
H129,P0578
H129,P0579
H129,P0582
H129,P0585
H129,P0587
H129,P0589
H129,P0590
H129,P0593
H129,P0594
H129,P0596
H129,P0599
H129,P0600
H130,P0001
H130,P0005
H130,P0006
H130,P0008
H130,P0009
H130,P0011
H130,P0013
H130,P0014
H130,P0015
H130,P0016
H130,P0017
H130,P0018
H130,P0019
H130,P0020
H130,P0021
H130,P0022
H130,P0023
H130,P0024
H130,P0025
H130,P0026
H130,P0028
H130,P0030
H130,P0032
H130,P0033
H130,P0034
H130,P0036
H130,P0037
H130,P0038
H130,P0039
H130,P0043
H130,P0045
H130,P0047
H130,P0048
H130,P0049
H130,P0051
H130,P0052
H130,P0053
H130,P0054
H130,P0055
H130,P0058
H130,P0061
H130,P0062
H130,P0063
H130,P0064
H130,P0065
H130,P0066
H130,P0070
H130,P0071
H130,P0072
H130,P0075
H130,P0076
H130,P0078
H130,P0081
H130,P0082
H130,P0083
H130,P0084
H130,P0085
H130,P0086
H130,P0088
H130,P0089
H130,P0090
H130,P0092
H130,P0095
H130,P0097
H130,P0098
H130,P0099
H130,P0100
H130,P0101
H130,P0102
H130,P0103
H130,P0104
H130,P0105
H130,P0106
H130,P0107
H130,P0108
H130,P0109
H130,P0110
H130,P0111
H130,P0112
H130,P0113
H130,P0114
H130,P0115
H130,P0116
H130,P0117
H130,P0119
H130,P0120
H130,P0121
H130,P0122
H130,P0123
H130,P0124
H130,P0125
H130,P0126
H130,P0128
H130,P0129
H130,P0130
H130,P0131
H130,P0134
H130,P0139
H130,P0140
H130,P0141
H130,P0143
H130,P0145
H130,P0146
H130,P0147
H130,P0148
H130,P0149
H130,P0150
H130,P0151
H130,P0152
H130,P0154
H130,P0155
H130,P0156
H130,P0157
H130,P0160
H130,P0161
H130,P0164
H130,P0165
H130,P0166
H130,P0167
H130,P0169
H130,P0170
H130,P0171
H130,P0172
H130,P0174
H130,P0176
H130,P0177
H130,P0178
H130,P0179
H130,P0180
H130,P0182
H130,P0183
H130,P0185
H130,P0187
H130,P0188
H130,P0189
H130,P0190
H130,P0191
H130,P0192
H130,P0196
H130,P0197
H130,P0198
H130,P0199
H130,P0200
H130,P0203
H130,P0204
H130,P0206
H130,P0207
H130,P0208
H130,P0209
H130,P0210
H130,P0211
H130,P0212
H130,P0213
H130,P0214
H130,P0215
H130,P0217
H130,P0218
H130,P0219
H130,P0221
H130,P0222
H130,P0223
H130,P0224
H130,P0226
H130,P0227
H130,P0229
H130,P0230
H130,P0231
H130,P0232
H130,P0233
H130,P0235
H130,P0237
H130,P0238
H130,P0239
H130,P0242
H130,P0244
H130,P0245
H130,P0246
H130,P0250
H130,P0251
H130,P0252
H130,P0254
H130,P0256
H130,P0257
H130,P0258
H130,P0259
H130,P0260
H130,P0261
H130,P0262
H130,P0263
H130,P0265
H130,P0267
H130,P0272
H130,P0273
H130,P0276
H130,P0277
H130,P0278
H130,P0279
H130,P0280
H130,P0281
H130,P0282
H130,P0283
H130,P0284
H130,P0285
H130,P0288
H130,P0289
H130,P0290
H130,P0291
H130,P0293
H130,P0294
H130,P0295
H130,P0296
H130,P0297
H130,P0298
H130,P0299
H130,P0301
H130,P0302
H130,P0305
H130,P0307
H130,P0308
H130,P0309
H130,P0310
H130,P0312
H130,P0313
H130,P0314
H130,P0315
H130,P0316
H130,P0317
H130,P0318
H130,P0319
H130,P0320
H130,P0321
H130,P0323
H130,P0325
H130,P0326
H130,P0327
H130,P0328
H130,P0329
H130,P0330
H130,P0331
H130,P0332
H130,P0333
H130,P0335
H130,P0336
H130,P0337
H130,P0338
H130,P0339
H130,P0340
H130,P0341
H130,P0342
H130,P0343
H130,P0344
H130,P0346
H130,P0347
H130,P0348
H130,P0351
H130,P0352
H130,P0355
H130,P0356
H130,P0358
H130,P0359
H130,P0361
H130,P0362
H130,P0364
H130,P0366
H130,P0367
H130,P0368
H130,P0369
H130,P0370
H130,P0371
H130,P0372
H130,P0373
H130,P0374
H130,P0375
H130,P0376
H130,P0377
H130,P0378
H130,P0380
H130,P0382
H130,P0383
H130,P0384
H130,P0388
H130,P0390
H130,P0391
H130,P0392
H130,P0393
H130,P0394
H130,P0395
H130,P0397
H130,P0398
H130,P0400
H130,P0401
H130,P0402
H130,P0403
H130,P0404
H130,P0405
H130,P0406
H130,P0407
H130,P0408
H130,P0410
H130,P0411
H130,P0412
H130,P0413
H130,P0414
H130,P0417
H130,P0418
H130,P0420
H130,P0421
H130,P0422
H130,P0424
H130,P0425
H130,P0427
H130,P0428
H130,P0429
H130,P0430
H130,P0431
H130,P0432
H130,P0433
H130,P0434
H130,P0435
H130,P0436
H130,P0437
H130,P0439
H130,P0442
H130,P0443
H130,P0446
H130,P0448
H130,P0449
H130,P0450
H130,P0454
H130,P0455
H130,P0456
H130,P0457
H130,P0458
H130,P0460
H130,P0461
H130,P0463
H130,P0464
H130,P0465
H130,P0466
H130,P0469
H130,P0470
H130,P0473
H130,P0477
H130,P0479
H130,P0480
H130,P0481
H130,P0482
H130,P0485
H130,P0488
H130,P0490
H130,P0491
H130,P0492
H130,P0494
H130,P0495
H130,P0496
H130,P0497
H130,P0499
H130,P0501
H130,P0504
H130,P0505
H130,P0507
H130,P0509
H130,P0511
H130,P0514
H130,P0515
H130,P0516
H130,P0517
H130,P0518
H130,P0519
H130,P0520
H130,P0521
H130,P0522
H130,P0523
H130,P0524
H130,P0525
H130,P0526
H130,P0527
H130,P0528
H130,P0531
H130,P0532
H130,P0533
H130,P0534
H130,P0535
H130,P0536
H130,P0537
H130,P0538
H130,P0540
H130,P0541
H130,P0542
H130,P0543
H130,P0544
H130,P0545
H130,P0546
H130,P0547
H130,P0549
H130,P0550
H130,P0551
H130,P0552
H130,P0553
H130,P0556
H130,P0557
H130,P0558
H130,P0563
H130,P0567
H130,P0568
H130,P0569
H130,P0571
H130,P0572
H130,P0573
H130,P0575
H130,P0576
H130,P0578
H130,P0580
H130,P0582
H130,P0583
H130,P0585
H130,P0587
H130,P0588
H130,P0589
H130,P0590
H130,P0591
H130,P0593
H130,P0594
H130,P0596
H130,P0598
H130,P0599
H130,P0600
H131,P0001
H131,P0002
H131,P0004
H131,P0005
H131,P0006
H131,P0007
H131,P0008
H131,P0012
H131,P0013
H131,P0014
H131,P0015
H131,P0016
H131,P0017
H131,P0018
H131,P0020
H131,P0021
H131,P0022
H131,P0023
H131,P0026
H131,P0027
H131,P0028
H131,P0032
H131,P0033
H131,P0034
H131,P0035
H131,P0036
H131,P0037
H131,P0040
H131,P0041
H131,P0043
H131,P0045
H131,P0046
H131,P0047
H131,P0049
H131,P0050
H131,P0052
H131,P0054
H131,P0057
H131,P0058
H131,P0061
H131,P0062
H131,P0063
H131,P0065
H131,P0066
H131,P0067
H131,P0068
H131,P0069
H131,P0070
H131,P0071
H131,P0072
H131,P0073
H131,P0075
H131,P0076
H131,P0078
H131,P0079
H131,P0080
H131,P0082
H131,P0083
H131,P0084
H131,P0085
H131,P0086
H131,P0087
H131,P0089
H131,P0090
H131,P0091
H131,P0092
H131,P0093
H131,P0095
H131,P0097
H131,P0098
H131,P0100
H131,P0103
H131,P0104
H131,P0108
H131,P0109
H131,P0110
H131,P0111
H131,P0112
H131,P0113
H131,P0114
H131,P0115
H131,P0116
H131,P0117
H131,P0121
H131,P0122
H131,P0123
H131,P0125
H131,P0126
H131,P0128
H131,P0130
H131,P0131
H131,P0132
H131,P0133
H131,P0134
H131,P0135
H131,P0136
H131,P0137
H131,P0138
H131,P0140
H131,P0142
H131,P0143
H131,P0145
H131,P0146
H131,P0147
H131,P0149
H131,P0150
H131,P0152
H131,P0153
H131,P0154
H131,P0156
H131,P0157
H131,P0158
H131,P0160
H131,P0163
H131,P0164
H131,P0165
H131,P0166
H131,P0169
H131,P0171
H131,P0172
H131,P0175
H131,P0178
H131,P0181
H131,P0182
H131,P0184
H131,P0185
H131,P0186
H131,P0189
H131,P0190
H131,P0192
H131,P0193
H131,P0194
H131,P0195
H131,P0196
H131,P0197
H131,P0198
H131,P0200
H131,P0201
H131,P0204
H131,P0207
H131,P0210
H131,P0211
H131,P0212
H131,P0214
H131,P0215
H131,P0216
H131,P0218
H131,P0219
H131,P0222
H131,P0224
H131,P0225
H131,P0228
H131,P0229
H131,P0230
H131,P0231
H131,P0236
H131,P0243
H131,P0249
H131,P0250
H131,P0251
H131,P0254
H131,P0255
H131,P0256
H131,P0258
H131,P0259
H131,P0262
H131,P0263
H131,P0264
H131,P0265
H131,P0266
H131,P0268
H131,P0269
H131,P0270
H131,P0273
H131,P0276
H131,P0278
H131,P0279
H131,P0280
H131,P0281
H131,P0282
H131,P0284
H131,P0287
H131,P0288
H131,P0289
H131,P0290
H131,P0292
H131,P0293
H131,P0298
H131,P0299
H131,P0302
H131,P0303
H131,P0304
H131,P0305
H131,P0306
H131,P0307
H131,P0308
H131,P0310
H131,P0311
H131,P0314
H131,P0315
H131,P0317
H131,P0318
H131,P0319
H131,P0321
H131,P0323
H131,P0324
H131,P0325
H131,P0326
H131,P0327
H131,P0329
H131,P0330
H131,P0332
H131,P0334
H131,P0336
H131,P0338
H131,P0340
H131,P0342
H131,P0346
H131,P0348
H131,P0351
H131,P0352
H131,P0353
H131,P0355
H131,P0356
H131,P0357
H131,P0359
H131,P0360
H131,P0361
H131,P0362
H131,P0364
H131,P0365
H131,P0366
H131,P0367
H131,P0368
H131,P0369
H131,P0370
H131,P0371
H131,P0372
H131,P0373
H131,P0374
H131,P0375
H131,P0376
H131,P0377
H131,P0378
H131,P0379
H131,P0380
H131,P0381
H131,P0382
H131,P0383
H131,P0384
H131,P0385
H131,P0390
H131,P0391
H131,P0394
H131,P0396
H131,P0397
H131,P0399
H131,P0400
H131,P0401
H131,P0402
H131,P0404
H131,P0405
H131,P0406
H131,P0407
H131,P0408
H131,P0409
H131,P0410
H131,P0412
H131,P0414
H131,P0415
H131,P0417
H131,P0418
H131,P0419
H131,P0420
H131,P0422
H131,P0424
H131,P0425
H131,P0427
H131,P0428
H131,P0429
H131,P0431
H131,P0432
H131,P0433
H131,P0435
H131,P0439
H131,P0444
H131,P0445
H131,P0446
H131,P0447
H131,P0448
H131,P0449
H131,P0451
H131,P0453
H131,P0456
H131,P0458
H131,P0464
H131,P0466
H131,P0467
H131,P0468
H131,P0469
H131,P0470
H131,P0471
H131,P0472
H131,P0473
H131,P0474
H131,P0477
H131,P0478
H131,P0479
H131,P0481
H131,P0482
H131,P0485
H131,P0486
H131,P0490
H131,P0492
H131,P0494
H131,P0495
H131,P0496
H131,P0497
H131,P0499
H131,P0500
H131,P0502
H131,P0503
H131,P0504
H131,P0505
H131,P0506
H131,P0508
H131,P0509
H131,P0512
H131,P0514
H131,P0515
H131,P0517
H131,P0518
H131,P0519
H131,P0520
H131,P0521
H131,P0522
H131,P0523
H131,P0524
H131,P0525
H131,P0526
H131,P0528
H131,P0532
H131,P0533
H131,P0535
H131,P0537
H131,P0539
H131,P0540
H131,P0541
H131,P0543
H131,P0544
H131,P0545
H131,P0546
H131,P0547
H131,P0549
H131,P0550
H131,P0551
H131,P0552
H131,P0553
H131,P0554
H131,P0556
H131,P0560
H131,P0561
H131,P0563
H131,P0564
H131,P0565
H131,P0567
H131,P0568
H131,P0569
H131,P0570
H131,P0571
H131,P0572
H131,P0573
H131,P0574
H131,P0575
H131,P0578
H131,P0579
H131,P0580
H131,P0584
H131,P0586
H131,P0587
H131,P0589
H131,P0590
H131,P0593
H131,P0594
H131,P0595
H131,P0596
H131,P0598
H131,P0599
H132,P0001
H132,P0003
H132,P0004
H132,P0007
H132,P0011
H132,P0012
H132,P0016
H132,P0017
H132,P0018
H132,P0021
H132,P0022
H132,P0023
H132,P0027
H132,P0028
H132,P0029
H132,P0030
H132,P0031
H132,P0033
H132,P0035
H132,P0036
H132,P0041
H132,P0042
H132,P0043
H132,P0045
H132,P0046
H132,P0048
H132,P0049
H132,P0051
H132,P0052
H132,P0061
H132,P0063
H132,P0069
H132,P0070
H132,P0071
H132,P0072
H132,P0073
H132,P0074
H132,P0075
H132,P0076
H132,P0078
H132,P0079
H132,P0081
H132,P0082
H132,P0083
H132,P0084
H132,P0085
H132,P0086
H132,P0087
H132,P0088
H132,P0091
H132,P0092
H132,P0097
H132,P0100
H132,P0104
H132,P0106
H132,P0107
H132,P0108
H132,P0109
H132,P0111
H132,P0112
H132,P0113
H132,P0114
H132,P0120
H132,P0121
H132,P0125
H132,P0127
H132,P0128
H132,P0129
H132,P0130
H132,P0131
H132,P0132
H132,P0135
H132,P0139
H132,P0140
H132,P0141
H132,P0142
H132,P0143
H132,P0144
H132,P0145
H132,P0146
H132,P0147
H132,P0148
H132,P0149
H132,P0150
H132,P0151
H132,P0152
H132,P0153
H132,P0155
H132,P0156
H132,P0158
H132,P0163
H132,P0165
H132,P0169
H132,P0171
H132,P0173
H132,P0177
H132,P0178
H132,P0179
H132,P0181
H132,P0183
H132,P0185
H132,P0189
H132,P0190
H132,P0191
H132,P0192
H132,P0193
H132,P0194
H132,P0195
H132,P0198
H132,P0201
H132,P0202
H132,P0203
H132,P0205
H132,P0208
H132,P0209
H132,P0211
H132,P0212
H132,P0213
H132,P0214
H132,P0216
H132,P0218
H132,P0219
H132,P0222
H132,P0224
H132,P0226
H132,P0227
H132,P0228
H132,P0229
H132,P0230
H132,P0231
H132,P0233
H132,P0235
H132,P0236
H132,P0238
H132,P0239
H132,P0240
H132,P0241
H132,P0242
H132,P0243
H132,P0244
H132,P0247
H132,P0250
H132,P0251
H132,P0252
H132,P0253
H132,P0254
H132,P0255
H132,P0256
H132,P0257
H132,P0259
H132,P0261
H132,P0262
H132,P0263
H132,P0264
H132,P0268
H132,P0269
H132,P0271
H132,P0273
H132,P0274
H132,P0276
H132,P0277
H132,P0278
H132,P0279
H132,P0280
H132,P0284
H132,P0287
H132,P0288
H132,P0291
H132,P0296
H132,P0298
H132,P0299
H132,P0300
H132,P0303
H132,P0304
H132,P0305
H132,P0306
H132,P0307
H132,P0310
H132,P0312
H132,P0313
H132,P0315
H132,P0317
H132,P0318
H132,P0319
H132,P0320
H132,P0321
H132,P0323
H132,P0324
H132,P0325
H132,P0326
H132,P0327
H132,P0329
H132,P0330
H132,P0332
H132,P0335
H132,P0336
H132,P0337
H132,P0338
H132,P0340
H132,P0342
H132,P0344
H132,P0345
H132,P0346
H132,P0347
H132,P0348
H132,P0352
H132,P0353
H132,P0355
H132,P0356
H132,P0358
H132,P0361
H132,P0365
H132,P0366
H132,P0367
H132,P0368
H132,P0369
H132,P0370
H132,P0371
H132,P0372
H132,P0373
H132,P0374
H132,P0375
H132,P0377
H132,P0379
H132,P0380
H132,P0381
H132,P0384
H132,P0391
H132,P0393
H132,P0394
H132,P0395
H132,P0396
H132,P0397
H132,P0398
H132,P0400
H132,P0401
H132,P0404
H132,P0406
H132,P0407
H132,P0410
H132,P0412
H132,P0414
H132,P0417
H132,P0418
H132,P0420
H132,P0421
H132,P0424
H132,P0425
H132,P0427
H132,P0431
H132,P0434
H132,P0440
H132,P0441
H132,P0442
H132,P0443
H132,P0444
H132,P0445
H132,P0447
H132,P0448
H132,P0449
H132,P0450
H132,P0451
H132,P0453
H132,P0454
H132,P0456
H132,P0459
H132,P0460
H132,P0461
H132,P0462
H132,P0463
H132,P0465
H132,P0467
H132,P0470
H132,P0471
H132,P0472
H132,P0473
H132,P0477
H132,P0479
H132,P0484
H132,P0485
H132,P0486
H132,P0487
H132,P0489
H132,P0491
H132,P0492
H132,P0493
H132,P0494
H132,P0495
H132,P0496
H132,P0497
H132,P0503
H132,P0504
H132,P0506
H132,P0508
H132,P0512
H132,P0513
H132,P0516
H132,P0518
H132,P0519
H132,P0520
H132,P0521
H132,P0522
H132,P0523
H132,P0524
H132,P0525
H132,P0526
H132,P0527
H132,P0530
H132,P0534
H132,P0537
H132,P0538
H132,P0539
H132,P0540
H132,P0541
H132,P0542
H132,P0546
H132,P0547
H132,P0548
H132,P0549
H132,P0553
H132,P0554
H132,P0555
H132,P0556
H132,P0557
H132,P0558
H132,P0560
H132,P0563
H132,P0566
H132,P0567
H132,P0568
H132,P0569
H132,P0570
H132,P0571
H132,P0573
H132,P0574
H132,P0575
H132,P0576
H132,P0578
H132,P0580
H132,P0584
H132,P0585
H132,P0586
H132,P0589
H132,P0591
H132,P0593
H132,P0594
H132,P0595
H132,P0596
H132,P0597
H132,P0599
H133,P0003
H133,P0004
H133,P0005
H133,P0007
H133,P0009
H133,P0010
H133,P0012
H133,P0013
H133,P0014
H133,P0015
H133,P0016
H133,P0017
H133,P0018
H133,P0020
H133,P0021
H133,P0022
H133,P0023
H133,P0024
H133,P0026
H133,P0030
H133,P0032
H133,P0033
H133,P0034
H133,P0036
H133,P0037
H133,P0038
H133,P0040
H133,P0043
H133,P0045
H133,P0046
H133,P0047
H133,P0048
H133,P0051
H133,P0053
H133,P0054
H133,P0055
H133,P0056
H133,P0057
H133,P0058
H133,P0059
H133,P0062
H133,P0066
H133,P0067
H133,P0071
H133,P0072
H133,P0073
H133,P0074
H133,P0075
H133,P0079
H133,P0082
H133,P0083
H133,P0084
H133,P0085
H133,P0086
H133,P0088
H133,P0089
H133,P0090
H133,P0091
H133,P0093
H133,P0094
H133,P0095
H133,P0096
H133,P0097
H133,P0099
H133,P0100
H133,P0101
H133,P0102
H133,P0103
H133,P0105
H133,P0106
H133,P0107
H133,P0111
H133,P0112
H133,P0114
H133,P0115
H133,P0116
H133,P0118
H133,P0120
H133,P0121
H133,P0125
H133,P0126
H133,P0128
H133,P0129
H133,P0130
H133,P0131
H133,P0132
H133,P0135
H133,P0136
H133,P0138
H133,P0139
H133,P0140
H133,P0141
H133,P0143
H133,P0144
H133,P0146
H133,P0147
H133,P0148
H133,P0149
H133,P0150
H133,P0151
H133,P0152
H133,P0153
H133,P0154
H133,P0155
H133,P0156
H133,P0157
H133,P0158
H133,P0160
H133,P0161
H133,P0162
H133,P0163
H133,P0164
H133,P0165
H133,P0166
H133,P0167
H133,P0169
H133,P0171
H133,P0172
H133,P0173
H133,P0174
H133,P0175
H133,P0177
H133,P0178
H133,P0179
H133,P0180
H133,P0181
H133,P0182
H133,P0183
H133,P0185
H133,P0188
H133,P0190
H133,P0191
H133,P0192
H133,P0193
H133,P0195
H133,P0196
H133,P0197
H133,P0198
H133,P0199
H133,P0200
H133,P0201
H133,P0202
H133,P0204
H133,P0205
H133,P0206
H133,P0209
H133,P0210
H133,P0211
H133,P0212
H133,P0213
H133,P0215
H133,P0216
H133,P0218
H133,P0219
H133,P0222
H133,P0224
H133,P0226
H133,P0227
H133,P0228
H133,P0229
H133,P0230
H133,P0231
H133,P0232
H133,P0233
H133,P0234
H133,P0237
H133,P0241
H133,P0242
H133,P0243
H133,P0244
H133,P0245
H133,P0246
H133,P0247
H133,P0249
H133,P0250
H133,P0251
H133,P0253
H133,P0254
H133,P0255
H133,P0256
H133,P0257
H133,P0258
H133,P0259
H133,P0261
H133,P0262
H133,P0265
H133,P0266
H133,P0268
H133,P0271
H133,P0273
H133,P0274
H133,P0275
H133,P0277
H133,P0278
H133,P0281
H133,P0282
H133,P0283
H133,P0286
H133,P0287
H133,P0288
H133,P0289
H133,P0290
H133,P0291
H133,P0292
H133,P0294
H133,P0295
H133,P0296
H133,P0297
H133,P0299
H133,P0300
H133,P0301
H133,P0303
H133,P0304
H133,P0305
H133,P0306
H133,P0307
H133,P0309
H133,P0312
H133,P0314
H133,P0317
H133,P0318
H133,P0320
H133,P0321
H133,P0325
H133,P0326
H133,P0327
H133,P0328
H133,P0330
H133,P0331
H133,P0332
H133,P0333
H133,P0334
H133,P0335
H133,P0336
H133,P0338
H133,P0339
H133,P0340
H133,P0341
H133,P0342
H133,P0344
H133,P0345
H133,P0346
H133,P0348
H133,P0349
H133,P0351
H133,P0352
H133,P0353
H133,P0354
H133,P0355
H133,P0358
H133,P0359
H133,P0360
H133,P0361
H133,P0362
H133,P0364
H133,P0366
H133,P0367
H133,P0368
H133,P0369
H133,P0370
H133,P0371
H133,P0372
H133,P0373
H133,P0374
H133,P0375
H133,P0377
H133,P0378
H133,P0379
H133,P0380
H133,P0381
H133,P0383
H133,P0384
H133,P0385
H133,P0386
H133,P0387
H133,P0391
H133,P0393
H133,P0394
H133,P0395
H133,P0396
H133,P0397
H133,P0398
H133,P0399
H133,P0401
H133,P0403
H133,P0404
H133,P0405
H133,P0406
H133,P0407
H133,P0408
H133,P0409
H133,P0410
H133,P0411
H133,P0414
H133,P0415
H133,P0416
H133,P0417
H133,P0418
H133,P0419
H133,P0420
H133,P0421
H133,P0422
H133,P0424
H133,P0425
H133,P0428
H133,P0430
H133,P0432
H133,P0434
H133,P0435
H133,P0436
H133,P0438
H133,P0439
H133,P0440
H133,P0443
H133,P0444
H133,P0445
H133,P0446
H133,P0447
H133,P0448
H133,P0449
H133,P0451
H133,P0455
H133,P0456
H133,P0458
H133,P0459
H133,P0461
H133,P0462
H133,P0463
H133,P0464
H133,P0465
H133,P0468
H133,P0469
H133,P0470
H133,P0471
H133,P0473
H133,P0474
H133,P0475
H133,P0476
H133,P0477
H133,P0478
H133,P0480
H133,P0484
H133,P0485
H133,P0487
H133,P0488
H133,P0489
H133,P0490
H133,P0491
H133,P0494
H133,P0495
H133,P0496
H133,P0497
H133,P0498
H133,P0499
H133,P0500
H133,P0501
H133,P0502
H133,P0503
H133,P0504
H133,P0506
H133,P0507
H133,P0508
H133,P0511
H133,P0512
H133,P0513
H133,P0514
H133,P0517
H133,P0518
H133,P0519
H133,P0520
H133,P0522
H133,P0523
H133,P0526
H133,P0527
H133,P0528
H133,P0529
H133,P0530
H133,P0531
H133,P0532
H133,P0534
H133,P0537
H133,P0538
H133,P0539
H133,P0540
H133,P0541
H133,P0542
H133,P0543
H133,P0544
H133,P0545
H133,P0547
H133,P0548
H133,P0549
H133,P0550
H133,P0552
H133,P0553
H133,P0554
H133,P0556
H133,P0557
H133,P0559
H133,P0561
H133,P0563
H133,P0564
H133,P0566
H133,P0567
H133,P0568
H133,P0570
H133,P0571
H133,P0572
H133,P0573
H133,P0575
H133,P0576
H133,P0577
H133,P0578
H133,P0579
H133,P0580
H133,P0584
H133,P0585
H133,P0586
H133,P0587
H133,P0589
H133,P0590
H133,P0593
H133,P0594
H133,P0595
H133,P0596
H133,P0597
H133,P0599
H134,P0001
H134,P0002
H134,P0005
H134,P0006
H134,P0007
H134,P0008
H134,P0012
H134,P0014
H134,P0019
H134,P0020
H134,P0021
H134,P0022
H134,P0024
H134,P0025
H134,P0026
H134,P0027
H134,P0033
H134,P0034
H134,P0035
H134,P0037
H134,P0038
H134,P0039
H134,P0040
H134,P0041
H134,P0042
H134,P0043
H134,P0045
H134,P0047
H134,P0048
H134,P0051
H134,P0052
H134,P0055
H134,P0056
H134,P0058
H134,P0060
H134,P0061
H134,P0062
H134,P0063
H134,P0065
H134,P0067
H134,P0069
H134,P0071
H134,P0075
H134,P0079
H134,P0082
H134,P0083
H134,P0084
H134,P0085
H134,P0086
H134,P0087
H134,P0088
H134,P0090
H134,P0092
H134,P0094
H134,P0095
H134,P0097
H134,P0099
H134,P0102
H134,P0103
H134,P0104
H134,P0105
H134,P0106
H134,P0107
H134,P0108
H134,P0110
H134,P0111
H134,P0112
H134,P0113
H134,P0114
H134,P0115
H134,P0116
H134,P0117
H134,P0118
H134,P0120
H134,P0121
H134,P0122
H134,P0123
H134,P0125
H134,P0126
H134,P0128
H134,P0129
H134,P0130
H134,P0132
H134,P0133
H134,P0135
H134,P0136
H134,P0139
H134,P0140
H134,P0141
H134,P0142
H134,P0143
H134,P0144
H134,P0145
H134,P0146
H134,P0147
H134,P0148
H134,P0150
H134,P0151
H134,P0154
H134,P0155
H134,P0156
H134,P0157
H134,P0158
H134,P0160
H134,P0161
H134,P0162
H134,P0165
H134,P0166
H134,P0167
H134,P0169
H134,P0170
H134,P0171
H134,P0172
H134,P0173
H134,P0174
H134,P0176
H134,P0179
H134,P0181
H134,P0182
H134,P0183
H134,P0188
H134,P0190
H134,P0191
H134,P0192
H134,P0193
H134,P0194
H134,P0195
H134,P0196
H134,P0197
H134,P0198
H134,P0199
H134,P0201
H134,P0202
H134,P0209
H134,P0211
H134,P0213
H134,P0214
H134,P0215
H134,P0218
H134,P0219
H134,P0220
H134,P0221
H134,P0222
H134,P0225
H134,P0226
H134,P0229
H134,P0230
H134,P0231
H134,P0232
H134,P0236
H134,P0238
H134,P0239
H134,P0241
H134,P0243
H134,P0244
H134,P0245
H134,P0246
H134,P0250
H134,P0251
H134,P0252
H134,P0253
H134,P0254
H134,P0256
H134,P0257
H134,P0259
H134,P0262
H134,P0264
H134,P0265
H134,P0266
H134,P0268
H134,P0269
H134,P0270
H134,P0273
H134,P0275
H134,P0276
H134,P0279
H134,P0280
H134,P0281
H134,P0282
H134,P0284
H134,P0286
H134,P0287
H134,P0288
H134,P0289
H134,P0290
H134,P0293
H134,P0294
H134,P0295
H134,P0296
H134,P0299
H134,P0300
H134,P0303
H134,P0306
H134,P0307
H134,P0308
H134,P0310
H134,P0312
H134,P0313
H134,P0314
H134,P0315
H134,P0317
H134,P0318
H134,P0320
H134,P0321
H134,P0322
H134,P0323
H134,P0325
H134,P0326
H134,P0327
H134,P0328
H134,P0329
H134,P0330
H134,P0331
H134,P0332
H134,P0333
H134,P0336
H134,P0338
H134,P0339
H134,P0342
H134,P0344
H134,P0345
H134,P0346
H134,P0347
H134,P0348
H134,P0349
H134,P0350
H134,P0351
H134,P0353
H134,P0354
H134,P0355
H134,P0356
H134,P0358
H134,P0359
H134,P0361
H134,P0362
H134,P0363
H134,P0364
H134,P0366
H134,P0367
H134,P0368
H134,P0369
H134,P0371
H134,P0374
H134,P0375
H134,P0377
H134,P0378
H134,P0379
H134,P0380
H134,P0381
H134,P0382
H134,P0383
H134,P0384
H134,P0390
H134,P0392
H134,P0394
H134,P0396
H134,P0397
H134,P0398
H134,P0399
H134,P0400
H134,P0402
H134,P0404
H134,P0406
H134,P0407
H134,P0408
H134,P0411
H134,P0412
H134,P0413
H134,P0414
H134,P0418
H134,P0421
H134,P0429
H134,P0430
H134,P0431
H134,P0432
H134,P0434
H134,P0438
H134,P0439
H134,P0440
H134,P0443
H134,P0445
H134,P0446
H134,P0447
H134,P0448
H134,P0450
H134,P0451
H134,P0452
H134,P0453
H134,P0454
H134,P0455
H134,P0456
H134,P0457
H134,P0461
H134,P0462
H134,P0463
H134,P0464
H134,P0468
H134,P0469
H134,P0470
H134,P0471
H134,P0474
H134,P0476
H134,P0477
H134,P0478
H134,P0479
H134,P0480
H134,P0481
H134,P0485
H134,P0486
H134,P0490
H134,P0491
H134,P0492
H134,P0494
H134,P0495
H134,P0497
H134,P0498
H134,P0499
H134,P0500
H134,P0501
H134,P0502
H134,P0504
H134,P0505
H134,P0506
H134,P0507
H134,P0508
H134,P0509
H134,P0511
H134,P0514
H134,P0516
H134,P0517
H134,P0518
H134,P0519
H134,P0520
H134,P0521
H134,P0522
H134,P0523
H134,P0525
H134,P0526
H134,P0527
H134,P0528
H134,P0530
H134,P0533
H134,P0535
H134,P0536
H134,P0537
H134,P0538
H134,P0539
H134,P0540
H134,P0542
H134,P0544
H134,P0546
H134,P0548
H134,P0549
H134,P0551
H134,P0553
H134,P0554
H134,P0555
H134,P0556
H134,P0557
H134,P0558
H134,P0560
H134,P0561
H134,P0563
H134,P0564
H134,P0565
H134,P0567
H134,P0568
H134,P0570
H134,P0572
H134,P0573
H134,P0576
H134,P0577
H134,P0578
H134,P0579
H134,P0580
H134,P0581
H134,P0584
H134,P0585
H134,P0586
H134,P0589
H134,P0590
H134,P0593
H134,P0595
H135,P0003
H135,P0006
H135,P0007
H135,P0008
H135,P0009
H135,P0010
H135,P0011
H135,P0012
H135,P0013
H135,P0014
H135,P0015
H135,P0017
H135,P0018
H135,P0019
H135,P0021
H135,P0022
H135,P0023
H135,P0024
H135,P0025
H135,P0029
H135,P0030
H135,P0031
H135,P0032
H135,P0033
H135,P0035
H135,P0036
H135,P0041
H135,P0042
H135,P0043
H135,P0044
H135,P0045
H135,P0047
H135,P0048
H135,P0052
H135,P0053
H135,P0055
H135,P0056
H135,P0058
H135,P0060
H135,P0062
H135,P0063
H135,P0064
H135,P0065
H135,P0066
H135,P0068
H135,P0069
H135,P0070
H135,P0071
H135,P0072
H135,P0073
H135,P0074
H135,P0075
H135,P0079
H135,P0080
H135,P0083
H135,P0084
H135,P0085
H135,P0086
H135,P0088
H135,P0089
H135,P0090
H135,P0091
H135,P0093
H135,P0094
H135,P0095
H135,P0097
H135,P0098
H135,P0100
H135,P0102
H135,P0104
H135,P0105
H135,P0106
H135,P0107
H135,P0108
H135,P0109
H135,P0111
H135,P0113
H135,P0114
H135,P0115
H135,P0116
H135,P0117
H135,P0118
H135,P0119
H135,P0120
H135,P0121
H135,P0122
H135,P0125
H135,P0126
H135,P0127
H135,P0128
H135,P0129
H135,P0131
H135,P0134
H135,P0135
H135,P0136
H135,P0137
H135,P0139
H135,P0140
H135,P0141
H135,P0143
H135,P0144
H135,P0146
H135,P0147
H135,P0148
H135,P0149
H135,P0150
H135,P0153
H135,P0155
H135,P0157
H135,P0158
H135,P0159
H135,P0161
H135,P0162
H135,P0163
H135,P0164
H135,P0165
H135,P0166
H135,P0167
H135,P0170
H135,P0171
H135,P0172
H135,P0173
H135,P0176
H135,P0178
H135,P0179
H135,P0181
H135,P0182
H135,P0183
H135,P0184
H135,P0185
H135,P0186
H135,P0187
H135,P0188
H135,P0189
H135,P0190
H135,P0191
H135,P0192
H135,P0193
H135,P0195
H135,P0196
H135,P0198
H135,P0199
H135,P0200
H135,P0201
H135,P0202
H135,P0204
H135,P0205
H135,P0206
H135,P0207
H135,P0208
H135,P0210
H135,P0211
H135,P0213
H135,P0216
H135,P0217
H135,P0218
H135,P0220
H135,P0222
H135,P0223
H135,P0225
H135,P0226
H135,P0227
H135,P0228
H135,P0229
H135,P0232
H135,P0233
H135,P0235
H135,P0236
H135,P0237
H135,P0238
H135,P0240
H135,P0242
H135,P0243
H135,P0244
H135,P0245
H135,P0248
H135,P0249
H135,P0251
H135,P0252
H135,P0253
H135,P0254
H135,P0255
H135,P0256
H135,P0259
H135,P0262
H135,P0263
H135,P0264
H135,P0266
H135,P0267
H135,P0268
H135,P0270
H135,P0271
H135,P0272
H135,P0273
H135,P0274
H135,P0275
H135,P0277
H135,P0278
H135,P0280
H135,P0281
H135,P0284
H135,P0286
H135,P0287
H135,P0288
H135,P0289
H135,P0290
H135,P0291
H135,P0292
H135,P0294
H135,P0295
H135,P0296
H135,P0299
H135,P0300
H135,P0302
H135,P0304
H135,P0305
H135,P0306
H135,P0307
H135,P0308
H135,P0309
H135,P0310
H135,P0311
H135,P0312
H135,P0313
H135,P0314
H135,P0315
H135,P0317
H135,P0318
H135,P0320
H135,P0321
H135,P0322
H135,P0323
H135,P0324
H135,P0325
H135,P0326
H135,P0328
H135,P0329
H135,P0330
H135,P0334
H135,P0335
H135,P0336
H135,P0338
H135,P0339
H135,P0340
H135,P0341
H135,P0342
H135,P0343
H135,P0344
H135,P0346
H135,P0347
H135,P0348
H135,P0349
H135,P0350
H135,P0351
H135,P0354
H135,P0355
H135,P0356
H135,P0357
H135,P0358
H135,P0360
H135,P0361
H135,P0362
H135,P0363
H135,P0364
H135,P0367
H135,P0368
H135,P0369
H135,P0370
H135,P0371
H135,P0372
H135,P0374
H135,P0375
H135,P0377
H135,P0378
H135,P0379
H135,P0380
H135,P0381
H135,P0382
H135,P0383
H135,P0384
H135,P0385
H135,P0386
H135,P0390
H135,P0391
H135,P0392
H135,P0394
H135,P0396
H135,P0398
H135,P0399
H135,P0400
H135,P0401
H135,P0402
H135,P0404
H135,P0405
H135,P0406
H135,P0410
H135,P0412
H135,P0413
H135,P0414
H135,P0417
H135,P0419
H135,P0420
H135,P0422
H135,P0423
H135,P0424
H135,P0425
H135,P0426
H135,P0427
H135,P0428
H135,P0429
H135,P0430
H135,P0431
H135,P0432
H135,P0433
H135,P0434
H135,P0435
H135,P0436
H135,P0437
H135,P0438
H135,P0440
H135,P0441
H135,P0442
H135,P0443
H135,P0445
H135,P0446
H135,P0447
H135,P0448
H135,P0449
H135,P0450
H135,P0451
H135,P0453
H135,P0454
H135,P0456
H135,P0457
H135,P0459
H135,P0460
H135,P0461
H135,P0464
H135,P0465
H135,P0468
H135,P0469
H135,P0470
H135,P0471
H135,P0472
H135,P0473
H135,P0474
H135,P0476
H135,P0477
H135,P0478
H135,P0479
H135,P0480
H135,P0482
H135,P0483
H135,P0484
H135,P0485
H135,P0486
H135,P0490
H135,P0493
H135,P0499
H135,P0500
H135,P0504
H135,P0505
H135,P0507
H135,P0508
H135,P0509
H135,P0510
H135,P0514
H135,P0515
H135,P0518
H135,P0519
H135,P0521
H135,P0523
H135,P0524
H135,P0525
H135,P0526
H135,P0527
H135,P0528
H135,P0530
H135,P0533
H135,P0534
H135,P0535
H135,P0537
H135,P0538
H135,P0539
H135,P0540
H135,P0542
H135,P0543
H135,P0544
H135,P0545
H135,P0546
H135,P0550
H135,P0551
H135,P0552
H135,P0553
H135,P0556
H135,P0560
H135,P0561
H135,P0562
H135,P0563
H135,P0564
H135,P0565
H135,P0566
H135,P0567
H135,P0568
H135,P0570
H135,P0571
H135,P0572
H135,P0573
H135,P0574
H135,P0575
H135,P0577
H135,P0578
H135,P0579
H135,P0581
H135,P0584
H135,P0593
H135,P0594
H135,P0595
H135,P0598
H135,P0599
H135,P0600
H136,P0001
H136,P0003
H136,P0005
H136,P0006
H136,P0007
H136,P0008
H136,P0009
H136,P0011
H136,P0012
H136,P0013
H136,P0016
H136,P0017
H136,P0018
H136,P0020
H136,P0022
H136,P0023
H136,P0024
H136,P0026
H136,P0028
H136,P0029
H136,P0030
H136,P0032
H136,P0033
H136,P0035
H136,P0036
H136,P0037
H136,P0039
H136,P0041
H136,P0042
H136,P0043
H136,P0044
H136,P0045
H136,P0046
H136,P0048
H136,P0049
H136,P0052
H136,P0055
H136,P0058
H136,P0059
H136,P0062
H136,P0063
H136,P0065
H136,P0066
H136,P0068
H136,P0069
H136,P0070
H136,P0071
H136,P0073
H136,P0074
H136,P0075
H136,P0076
H136,P0077
H136,P0079
H136,P0080
H136,P0081
H136,P0082
H136,P0083
H136,P0084
H136,P0085
H136,P0086
H136,P0087
H136,P0088
H136,P0090
H136,P0092
H136,P0093
H136,P0094
H136,P0095
H136,P0096
H136,P0097
H136,P0098
H136,P0102
H136,P0103
H136,P0104
H136,P0105
H136,P0106
H136,P0107
H136,P0108
H136,P0110
H136,P0111
H136,P0113
H136,P0114
H136,P0115
H136,P0116
H136,P0117
H136,P0119
H136,P0120
H136,P0121
H136,P0122
H136,P0123
H136,P0124
H136,P0125
H136,P0126
H136,P0127
H136,P0128
H136,P0130
H136,P0131
H136,P0132
H136,P0133
H136,P0134
H136,P0135
H136,P0136
H136,P0138
H136,P0139
H136,P0140
H136,P0141
H136,P0142
H136,P0143
H136,P0144
H136,P0147
H136,P0148
H136,P0149
H136,P0150
H136,P0152
H136,P0153
H136,P0155
H136,P0156
H136,P0157
H136,P0158
H136,P0159
H136,P0162
H136,P0163
H136,P0165
H136,P0166
H136,P0167
H136,P0168
H136,P0169
H136,P0170
H136,P0174
H136,P0175
H136,P0176
H136,P0178
H136,P0180
H136,P0181
H136,P0182
H136,P0183
H136,P0184
H136,P0186
H136,P0187
H136,P0188
H136,P0189
H136,P0190
H136,P0191
H136,P0192
H136,P0193
H136,P0194
H136,P0195
H136,P0197
H136,P0199
H136,P0200
H136,P0201
H136,P0202
H136,P0203
H136,P0204
H136,P0205
H136,P0206
H136,P0207
H136,P0211
H136,P0212
H136,P0213
H136,P0215
H136,P0216
H136,P0217
H136,P0218
H136,P0219
H136,P0220
H136,P0221
H136,P0222
H136,P0223
H136,P0225
H136,P0226
H136,P0228
H136,P0229
H136,P0230
H136,P0231
H136,P0232
H136,P0235
H136,P0236
H136,P0238
H136,P0239
H136,P0243
H136,P0244
H136,P0245
H136,P0246
H136,P0247
H136,P0248
H136,P0250
H136,P0251
H136,P0253
H136,P0254
H136,P0256
H136,P0257
H136,P0258
H136,P0259
H136,P0261
H136,P0262
H136,P0264
H136,P0266
H136,P0268
H136,P0269
H136,P0270
H136,P0271
H136,P0273
H136,P0274
H136,P0276
H136,P0277
H136,P0278
H136,P0279
H136,P0281
H136,P0283
H136,P0284
H136,P0285
H136,P0286
H136,P0287
H136,P0289
H136,P0290
H136,P0292
H136,P0293
H136,P0294
H136,P0295
H136,P0297
H136,P0301
H136,P0302
H136,P0303
H136,P0305
H136,P0306
H136,P0308
H136,P0309
H136,P0310
H136,P0311
H136,P0312
H136,P0313
H136,P0314
H136,P0315
H136,P0316
H136,P0317
H136,P0318
H136,P0320
H136,P0321
H136,P0323
H136,P0325
H136,P0327
H136,P0328
H136,P0329
H136,P0330
H136,P0332
H136,P0333
H136,P0336
H136,P0338
H136,P0339
H136,P0340
H136,P0341
H136,P0342
H136,P0343
H136,P0344
H136,P0346
H136,P0347
H136,P0349
H136,P0351
H136,P0352
H136,P0353
H136,P0355
H136,P0357
H136,P0358
H136,P0360
H136,P0361
H136,P0362
H136,P0363
H136,P0364
H136,P0367
H136,P0371
H136,P0372
H136,P0373
H136,P0374
H136,P0376
H136,P0378
H136,P0379
H136,P0380
H136,P0381
H136,P0382
H136,P0383
H136,P0387
H136,P0388
H136,P0389
H136,P0391
H136,P0392
H136,P0393
H136,P0394
H136,P0395
H136,P0397
H136,P0398
H136,P0399
H136,P0400
H136,P0401
H136,P0402
H136,P0403
H136,P0404
H136,P0405
H136,P0406
H136,P0407
H136,P0408
H136,P0409
H136,P0410
H136,P0413
H136,P0416
H136,P0417
H136,P0418
H136,P0419
H136,P0422
H136,P0423
H136,P0424
H136,P0425
H136,P0428
H136,P0433
H136,P0434
H136,P0435
H136,P0436
H136,P0437
H136,P0438
H136,P0441
H136,P0442
H136,P0444
H136,P0445
H136,P0446
H136,P0447
H136,P0450
H136,P0451
H136,P0452
H136,P0454
H136,P0455
H136,P0456
H136,P0459
H136,P0460
H136,P0462
H136,P0463
H136,P0464
H136,P0466
H136,P0470
H136,P0471
H136,P0472
H136,P0473
H136,P0474
H136,P0475
H136,P0476
H136,P0477
H136,P0479
H136,P0481
H136,P0483
H136,P0484
H136,P0485
H136,P0486
H136,P0489
H136,P0490
H136,P0491
H136,P0492
H136,P0493
H136,P0494
H136,P0495
H136,P0497
H136,P0499
H136,P0502
H136,P0503
H136,P0504
H136,P0505
H136,P0506
H136,P0507
H136,P0508
H136,P0509
H136,P0511
H136,P0512
H136,P0514
H136,P0516
H136,P0517
H136,P0518
H136,P0519
H136,P0520
H136,P0521
H136,P0522
H136,P0523
H136,P0524
H136,P0525
H136,P0526
H136,P0527
H136,P0531
H136,P0535
H136,P0536
H136,P0540
H136,P0541
H136,P0542
H136,P0543
H136,P0545
H136,P0546
H136,P0548
H136,P0549
H136,P0550
H136,P0551
H136,P0552
H136,P0553
H136,P0555
H136,P0556
H136,P0557
H136,P0560
H136,P0561
H136,P0562
H136,P0565
H136,P0566
H136,P0567
H136,P0568
H136,P0570
H136,P0571
H136,P0573
H136,P0574
H136,P0576
H136,P0578
H136,P0580
H136,P0581
H136,P0582
H136,P0583
H136,P0584
H136,P0585
H136,P0587
H136,P0588
H136,P0589
H136,P0590
H136,P0592
H136,P0593
H136,P0595
H136,P0596
H136,P0598
H137,P0001
H137,P0002
H137,P0003
H137,P0004
H137,P0005
H137,P0006
H137,P0008
H137,P0014
H137,P0017
H137,P0018
H137,P0020
H137,P0021
H137,P0022
H137,P0024
H137,P0029
H137,P0035
H137,P0037
H137,P0039
H137,P0040
H137,P0042
H137,P0043
H137,P0045
H137,P0047
H137,P0052
H137,P0053
H137,P0055
H137,P0063
H137,P0064
H137,P0065
H137,P0066
H137,P0069
H137,P0071
H137,P0075
H137,P0076
H137,P0077
H137,P0082
H137,P0084
H137,P0085
H137,P0086
H137,P0088
H137,P0089
H137,P0092
H137,P0093
H137,P0096
H137,P0100
H137,P0103
H137,P0104
H137,P0105
H137,P0106
H137,P0109
H137,P0113
H137,P0114
H137,P0115
H137,P0116
H137,P0117
H137,P0120
H137,P0121
H137,P0122
H137,P0125
H137,P0127
H137,P0128
H137,P0130
H137,P0132
H137,P0134
H137,P0135
H137,P0136
H137,P0138
H137,P0139
H137,P0140
H137,P0143
H137,P0144
H137,P0146
H137,P0147
H137,P0149
H137,P0151
H137,P0154
H137,P0155
H137,P0157
H137,P0158
H137,P0160
H137,P0161
H137,P0163
H137,P0164
H137,P0170
H137,P0171
H137,P0172
H137,P0174
H137,P0177
H137,P0180
H137,P0181
H137,P0183
H137,P0184
H137,P0189
H137,P0190
H137,P0193
H137,P0194
H137,P0200
H137,P0204
H137,P0209
H137,P0210
H137,P0211
H137,P0213
H137,P0218
H137,P0222
H137,P0226
H137,P0227
H137,P0228
H137,P0229
H137,P0232
H137,P0239
H137,P0241
H137,P0244
H137,P0245
H137,P0246
H137,P0251
H137,P0253
H137,P0254
H137,P0255
H137,P0256
H137,P0257
H137,P0258
H137,P0259
H137,P0261
H137,P0264
H137,P0265
H137,P0266
H137,P0267
H137,P0268
H137,P0269
H137,P0271
H137,P0272
H137,P0273
H137,P0274
H137,P0277
H137,P0278
H137,P0279
H137,P0280
H137,P0281
H137,P0285
H137,P0286
H137,P0287
H137,P0289
H137,P0291
H137,P0292
H137,P0294
H137,P0295
H137,P0296
H137,P0297
H137,P0299
H137,P0300
H137,P0302
H137,P0304
H137,P0305
H137,P0306
H137,P0307
H137,P0310
H137,P0312
H137,P0313
H137,P0317
H137,P0320
H137,P0321
H137,P0323
H137,P0324
H137,P0325
H137,P0326
H137,P0329
H137,P0330
H137,P0332
H137,P0334
H137,P0336
H137,P0337
H137,P0338
H137,P0339
H137,P0341
H137,P0342
H137,P0351
H137,P0353
H137,P0355
H137,P0357
H137,P0358
H137,P0360
H137,P0361
H137,P0362
H137,P0363
H137,P0364
H137,P0366
H137,P0367
H137,P0368
H137,P0369
H137,P0370
H137,P0371
H137,P0372
H137,P0374
H137,P0375
H137,P0376
H137,P0377
H137,P0378
H137,P0379
H137,P0380
H137,P0381
H137,P0384
H137,P0385
H137,P0391
H137,P0394
H137,P0396
H137,P0397
H137,P0400
H137,P0401
H137,P0402
H137,P0404
H137,P0405
H137,P0408
H137,P0410
H137,P0413
H137,P0414
H137,P0417
H137,P0418
H137,P0422
H137,P0424
H137,P0426
H137,P0427
H137,P0428
H137,P0430
H137,P0431
H137,P0435
H137,P0437
H137,P0438
H137,P0442
H137,P0443
H137,P0444
H137,P0445
H137,P0446
H137,P0447
H137,P0451
H137,P0457
H137,P0461
H137,P0463
H137,P0464
H137,P0465
H137,P0466
H137,P0467
H137,P0468
H137,P0470
H137,P0471
H137,P0477
H137,P0479
H137,P0482
H137,P0485
H137,P0486
H137,P0487
H137,P0488
H137,P0489
H137,P0490
H137,P0492
H137,P0494
H137,P0496
H137,P0497
H137,P0499
H137,P0500
H137,P0501
H137,P0502
H137,P0511
H137,P0514
H137,P0516
H137,P0518
H137,P0519
H137,P0520
H137,P0521
H137,P0522
H137,P0523
H137,P0527
H137,P0529
H137,P0530
H137,P0532
H137,P0533
H137,P0536
H137,P0537
H137,P0540
H137,P0544
H137,P0546
H137,P0547
H137,P0548
H137,P0550
H137,P0551
H137,P0553
H137,P0556
H137,P0560
H137,P0563
H137,P0564
H137,P0566
H137,P0567
H137,P0571
H137,P0572
H137,P0574
H137,P0575
H137,P0576
H137,P0578
H137,P0579
H137,P0584
H137,P0591
H137,P0593
H137,P0598
H138,P0001
H138,P0002
H138,P0004
H138,P0005
H138,P0006
H138,P0007
H138,P0008
H138,P0009
H138,P0010
H138,P0011
H138,P0012
H138,P0014
H138,P0017
H138,P0019
H138,P0020
H138,P0022
H138,P0023
H138,P0024
H138,P0025
H138,P0026
H138,P0029
H138,P0030
H138,P0031
H138,P0033
H138,P0034
H138,P0035
H138,P0036
H138,P0037
H138,P0038
H138,P0039
H138,P0040
H138,P0041
H138,P0042
H138,P0043
H138,P0045
H138,P0046
H138,P0047
H138,P0048
H138,P0051
H138,P0052
H138,P0053
H138,P0056
H138,P0057
H138,P0058
H138,P0059
H138,P0061
H138,P0062
H138,P0063
H138,P0065
H138,P0066
H138,P0068
H138,P0070
H138,P0071
H138,P0072
H138,P0074
H138,P0075
H138,P0077
H138,P0078
H138,P0079
H138,P0080
H138,P0081
H138,P0082
H138,P0083
H138,P0084
H138,P0085
H138,P0086
H138,P0087
H138,P0088
H138,P0090
H138,P0091
H138,P0092
H138,P0093
H138,P0094
H138,P0095
H138,P0097
H138,P0098
H138,P0100
H138,P0101
H138,P0102
H138,P0103
H138,P0104
H138,P0105
H138,P0106
H138,P0107
H138,P0108
H138,P0109
H138,P0110
H138,P0111
H138,P0112
H138,P0113
H138,P0114
H138,P0115
H138,P0116
H138,P0117
H138,P0119
H138,P0120
H138,P0121
H138,P0122
H138,P0124
H138,P0125
H138,P0126
H138,P0127
H138,P0128
H138,P0129
H138,P0130
H138,P0131
H138,P0132
H138,P0133
H138,P0134
H138,P0135
H138,P0136
H138,P0138
H138,P0139
H138,P0140
H138,P0142
H138,P0143
H138,P0144
H138,P0146
H138,P0147
H138,P0148
H138,P0149
H138,P0150
H138,P0151
H138,P0152
H138,P0153
H138,P0154
H138,P0156
H138,P0157
H138,P0159
H138,P0160
H138,P0161
H138,P0163
H138,P0164
H138,P0165
H138,P0167
H138,P0169
H138,P0170
H138,P0171
H138,P0172
H138,P0173
H138,P0175
H138,P0177
H138,P0178
H138,P0179
H138,P0181
H138,P0182
H138,P0183
H138,P0185
H138,P0186
H138,P0187
H138,P0188
H138,P0190
H138,P0191
H138,P0193
H138,P0194
H138,P0195
H138,P0197
H138,P0198
H138,P0201
H138,P0203
H138,P0204
H138,P0205
H138,P0206
H138,P0207
H138,P0208
H138,P0209
H138,P0210
H138,P0211
H138,P0212
H138,P0213
H138,P0214
H138,P0215
H138,P0216
H138,P0218
H138,P0219
H138,P0221
H138,P0222
H138,P0223
H138,P0224
H138,P0225
H138,P0226
H138,P0228
H138,P0229
H138,P0230
H138,P0231
H138,P0232
H138,P0233
H138,P0234
H138,P0235
H138,P0236
H138,P0239
H138,P0240
H138,P0241
H138,P0242
H138,P0243
H138,P0244
H138,P0245
H138,P0246
H138,P0247
H138,P0248
H138,P0249
H138,P0250
H138,P0251
H138,P0252
H138,P0253
H138,P0254
H138,P0256
H138,P0257
H138,P0258
H138,P0259
H138,P0261
H138,P0264
H138,P0265
H138,P0266
H138,P0267
H138,P0268
H138,P0269
H138,P0270
H138,P0271
H138,P0272
H138,P0273
H138,P0275
H138,P0276
H138,P0277
H138,P0278
H138,P0279
H138,P0280
H138,P0284
H138,P0285
H138,P0286
H138,P0287
H138,P0288
H138,P0289
H138,P0290
H138,P0291
H138,P0293
H138,P0294
H138,P0296
H138,P0298
H138,P0299
H138,P0300
H138,P0302
H138,P0303
H138,P0305
H138,P0306
H138,P0307
H138,P0309
H138,P0310
H138,P0312
H138,P0313
H138,P0314
H138,P0315
H138,P0316
H138,P0317
H138,P0318
H138,P0320
H138,P0321
H138,P0322
H138,P0323
H138,P0324
H138,P0325
H138,P0328
H138,P0329
H138,P0330
H138,P0332
H138,P0333
H138,P0334
H138,P0335
H138,P0336
H138,P0338
H138,P0339
H138,P0340
H138,P0341
H138,P0342
H138,P0344
H138,P0345
H138,P0346
H138,P0347
H138,P0348
H138,P0350
H138,P0351
H138,P0352
H138,P0353
H138,P0354
H138,P0355
H138,P0356
H138,P0357
H138,P0358
H138,P0359
H138,P0361
H138,P0362
H138,P0363
H138,P0364
H138,P0365
H138,P0366
H138,P0367
H138,P0368
H138,P0369
H138,P0370
H138,P0371
H138,P0372
H138,P0373
H138,P0374
H138,P0375
H138,P0377
H138,P0380
H138,P0381
H138,P0383
H138,P0385
H138,P0386
H138,P0388
H138,P0389
H138,P0391
H138,P0392
H138,P0393
H138,P0394
H138,P0395
H138,P0396
H138,P0397
H138,P0398
H138,P0399
H138,P0400
H138,P0401
H138,P0402
H138,P0404
H138,P0405
H138,P0406
H138,P0407
H138,P0408
H138,P0409
H138,P0410
H138,P0411
H138,P0412
H138,P0413
H138,P0414
H138,P0415
H138,P0416
H138,P0417
H138,P0418
H138,P0420
H138,P0421
H138,P0424
H138,P0425
H138,P0428
H138,P0429
H138,P0430
H138,P0433
H138,P0434
H138,P0435
H138,P0436
H138,P0437
H138,P0438
H138,P0439
H138,P0440
H138,P0442
H138,P0444
H138,P0445
H138,P0446
H138,P0447
H138,P0448
H138,P0449
H138,P0450
H138,P0451
H138,P0453
H138,P0454
H138,P0455
H138,P0456
H138,P0458
H138,P0460
H138,P0461
H138,P0462
H138,P0464
H138,P0465
H138,P0468
H138,P0470
H138,P0471
H138,P0472
H138,P0473
H138,P0474
H138,P0478
H138,P0479
H138,P0480
H138,P0481
H138,P0482
H138,P0484
H138,P0485
H138,P0486
H138,P0488
H138,P0489
H138,P0490
H138,P0491
H138,P0492
H138,P0493
H138,P0494
H138,P0495
H138,P0496
H138,P0497
H138,P0498
H138,P0499
H138,P0500
H138,P0501
H138,P0502
H138,P0503
H138,P0507
H138,P0508
H138,P0509
H138,P0510
H138,P0511
H138,P0512
H138,P0513
H138,P0514
H138,P0516
H138,P0517
H138,P0518
H138,P0519
H138,P0520
H138,P0522
H138,P0523
H138,P0524
H138,P0525
H138,P0527
H138,P0528
H138,P0529
H138,P0530
H138,P0532
H138,P0535
H138,P0536
H138,P0540
H138,P0541
H138,P0543
H138,P0544
H138,P0545
H138,P0547
H138,P0548
H138,P0550
H138,P0551
H138,P0552
H138,P0553
H138,P0554
H138,P0555
H138,P0557
H138,P0559
H138,P0560
H138,P0561
H138,P0564
H138,P0565
H138,P0566
H138,P0567
H138,P0568
H138,P0569
H138,P0570
H138,P0571
H138,P0572
H138,P0573
H138,P0574
H138,P0576
H138,P0577
H138,P0578
H138,P0579
H138,P0583
H138,P0585
H138,P0586
H138,P0587
H138,P0588
H138,P0589
H138,P0590
H138,P0592
H138,P0593
H138,P0594
H138,P0595
H138,P0598
H138,P0599
H138,P0600
H139,P0001
H139,P0002
H139,P0003
H139,P0006
H139,P0008
H139,P0009
H139,P0010
H139,P0011
H139,P0013
H139,P0014
H139,P0015
H139,P0016
H139,P0017
H139,P0018
H139,P0019
H139,P0020
H139,P0021
H139,P0022
H139,P0024
H139,P0030
H139,P0035
H139,P0036
H139,P0037
H139,P0038
H139,P0039
H139,P0041
H139,P0042
H139,P0043
H139,P0045
H139,P0046
H139,P0047
H139,P0051
H139,P0053
H139,P0055
H139,P0058
H139,P0060
H139,P0062
H139,P0063
H139,P0064
H139,P0065
H139,P0066
H139,P0071
H139,P0072
H139,P0074
H139,P0075
H139,P0076
H139,P0078
H139,P0079
H139,P0081
H139,P0082
H139,P0083
H139,P0084
H139,P0086
H139,P0087
H139,P0088
H139,P0090
H139,P0091
H139,P0092
H139,P0093
H139,P0094
H139,P0096
H139,P0097
H139,P0098
H139,P0100
H139,P0103
H139,P0105
H139,P0106
H139,P0107
H139,P0108
H139,P0109
H139,P0110
H139,P0112
H139,P0114
H139,P0115
H139,P0116
H139,P0117
H139,P0119
H139,P0121
H139,P0122
H139,P0124
H139,P0125
H139,P0127
H139,P0128
H139,P0129
H139,P0130
H139,P0131
H139,P0132
H139,P0133
H139,P0134
H139,P0135
H139,P0136
H139,P0137
H139,P0139
H139,P0140
H139,P0142
H139,P0143
H139,P0144
H139,P0145
H139,P0146
H139,P0150
H139,P0152
H139,P0153
H139,P0154
H139,P0155
H139,P0156
H139,P0157
H139,P0158
H139,P0160
H139,P0161
H139,P0163
H139,P0165
H139,P0169
H139,P0172
H139,P0174
H139,P0175
H139,P0176
H139,P0179
H139,P0180
H139,P0184
H139,P0185
H139,P0186
H139,P0189
H139,P0190
H139,P0191
H139,P0192
H139,P0194
H139,P0195
H139,P0196
H139,P0198
H139,P0199
H139,P0202
H139,P0203
H139,P0206
H139,P0207
H139,P0211
H139,P0213
H139,P0215
H139,P0216
H139,P0222
H139,P0224
H139,P0225
H139,P0228
H139,P0229
H139,P0231
H139,P0232
H139,P0235
H139,P0237
H139,P0238
H139,P0239
H139,P0240
H139,P0241
H139,P0242
H139,P0243
H139,P0246
H139,P0247
H139,P0249
H139,P0250
H139,P0251
H139,P0253
H139,P0254
H139,P0255
H139,P0256
H139,P0257
H139,P0262
H139,P0263
H139,P0264
H139,P0265
H139,P0266
H139,P0268
H139,P0271
H139,P0273
H139,P0276
H139,P0279
H139,P0281
H139,P0282
H139,P0284
H139,P0285
H139,P0286
H139,P0287
H139,P0289
H139,P0290
H139,P0291
H139,P0293
H139,P0295
H139,P0296
H139,P0300
H139,P0301
H139,P0303
H139,P0304
H139,P0305
H139,P0306
H139,P0307
H139,P0310
H139,P0311
H139,P0312
H139,P0313
H139,P0314
H139,P0316
H139,P0317
H139,P0319
H139,P0320
H139,P0321
H139,P0322
H139,P0323
H139,P0324
H139,P0325
H139,P0326
H139,P0327
H139,P0330
H139,P0332
H139,P0335
H139,P0337
H139,P0338
H139,P0339
H139,P0340
H139,P0341
H139,P0342
H139,P0345
H139,P0346
H139,P0348
H139,P0353
H139,P0355
H139,P0356
H139,P0358
H139,P0362
H139,P0363
H139,P0366
H139,P0367
H139,P0368
H139,P0369
H139,P0370
H139,P0371
H139,P0372
H139,P0374
H139,P0375
H139,P0376
H139,P0377
H139,P0379
H139,P0380
H139,P0381
H139,P0390
H139,P0391
H139,P0392
H139,P0393
H139,P0395
H139,P0396
H139,P0398
H139,P0401
H139,P0402
H139,P0403
H139,P0404
H139,P0406
H139,P0407
H139,P0408
H139,P0410
H139,P0411
H139,P0416
H139,P0417
H139,P0418
H139,P0420
H139,P0422
H139,P0424
H139,P0427
H139,P0428
H139,P0430
H139,P0431
H139,P0433
H139,P0434
H139,P0435
H139,P0436
H139,P0439
H139,P0440
H139,P0441
H139,P0442
H139,P0443
H139,P0446
H139,P0447
H139,P0448
H139,P0450
H139,P0451
H139,P0452
H139,P0454
H139,P0455
H139,P0456
H139,P0459
H139,P0461
H139,P0462
H139,P0463
H139,P0464
H139,P0465
H139,P0466
H139,P0470
H139,P0471
H139,P0472
H139,P0475
H139,P0476
H139,P0477
H139,P0479
H139,P0481
H139,P0483
H139,P0484
H139,P0485
H139,P0488
H139,P0489
H139,P0492
H139,P0493
H139,P0494
H139,P0495
H139,P0497
H139,P0498
H139,P0499
H139,P0500
H139,P0502
H139,P0503
H139,P0504
H139,P0505
H139,P0506
H139,P0508
H139,P0509
H139,P0510
H139,P0511
H139,P0512
H139,P0516
H139,P0518
H139,P0519
H139,P0520
H139,P0521
H139,P0522
H139,P0523
H139,P0524
H139,P0525
H139,P0526
H139,P0529
H139,P0530
H139,P0532
H139,P0533
H139,P0537
H139,P0538
H139,P0540
H139,P0541
H139,P0542
H139,P0543
H139,P0544
H139,P0545
H139,P0547
H139,P0549
H139,P0550
H139,P0551
H139,P0553
H139,P0555
H139,P0556
H139,P0557
H139,P0558
H139,P0561
H139,P0563
H139,P0564
H139,P0566
H139,P0568
H139,P0569
H139,P0570
H139,P0572
H139,P0574
H139,P0575
H139,P0579
H139,P0584
H139,P0585
H139,P0586
H139,P0587
H139,P0589
H139,P0591
H139,P0593
H139,P0594
H139,P0596
H140,P0001
H140,P0002
H140,P0003
H140,P0004
H140,P0006
H140,P0009
H140,P0011
H140,P0012
H140,P0013
H140,P0014
H140,P0016
H140,P0017
H140,P0018
H140,P0020
H140,P0021
H140,P0022
H140,P0023
H140,P0024
H140,P0025
H140,P0026
H140,P0027
H140,P0032
H140,P0033
H140,P0035
H140,P0036
H140,P0037
H140,P0038
H140,P0039
H140,P0041
H140,P0042
H140,P0043
H140,P0045
H140,P0046
H140,P0047
H140,P0048
H140,P0049
H140,P0050
H140,P0052
H140,P0053
H140,P0054
H140,P0055
H140,P0056
H140,P0057
H140,P0058
H140,P0059
H140,P0061
H140,P0062
H140,P0066
H140,P0068
H140,P0070
H140,P0071
H140,P0072
H140,P0074
H140,P0075
H140,P0076
H140,P0079
H140,P0081
H140,P0084
H140,P0085
H140,P0086
H140,P0088
H140,P0089
H140,P0092
H140,P0093
H140,P0094
H140,P0098
H140,P0099
H140,P0100
H140,P0101
H140,P0102
H140,P0104
H140,P0105
H140,P0106
H140,P0107
H140,P0108
H140,P0109
H140,P0110
H140,P0111
H140,P0112
H140,P0113
H140,P0114
H140,P0115
H140,P0116
H140,P0117
H140,P0119
H140,P0120
H140,P0121
H140,P0122
H140,P0125
H140,P0126
H140,P0127
H140,P0128
H140,P0129
H140,P0130
H140,P0131
H140,P0132
H140,P0133
H140,P0135
H140,P0136
H140,P0137
H140,P0138
H140,P0139
H140,P0140
H140,P0141
H140,P0142
H140,P0143
H140,P0144
H140,P0145
H140,P0146
H140,P0147
H140,P0149
H140,P0150
H140,P0151
H140,P0152
H140,P0153
H140,P0154
H140,P0156
H140,P0157
H140,P0158
H140,P0160
H140,P0161
H140,P0162
H140,P0163
H140,P0164
H140,P0165
H140,P0167
H140,P0168
H140,P0169
H140,P0170
H140,P0171
H140,P0172
H140,P0173
H140,P0174
H140,P0176
H140,P0177
H140,P0178
H140,P0179
H140,P0181
H140,P0183
H140,P0184
H140,P0188
H140,P0190
H140,P0191
H140,P0192
H140,P0193
H140,P0194
H140,P0195
H140,P0196
H140,P0198
H140,P0199
H140,P0200
H140,P0203
H140,P0204
H140,P0205
H140,P0207
H140,P0208
H140,P0211
H140,P0212
H140,P0213
H140,P0214
H140,P0215
H140,P0217
H140,P0219
H140,P0220
H140,P0222
H140,P0224
H140,P0225
H140,P0226
H140,P0227
H140,P0228
H140,P0229
H140,P0230
H140,P0232
H140,P0234
H140,P0235
H140,P0236
H140,P0243
H140,P0244
H140,P0245
H140,P0246
H140,P0250
H140,P0251
H140,P0254
H140,P0256
H140,P0257
H140,P0258
H140,P0259
H140,P0261
H140,P0262
H140,P0264
H140,P0265
H140,P0266
H140,P0269
H140,P0270
H140,P0271
H140,P0273
H140,P0277
H140,P0278
H140,P0279
H140,P0280
H140,P0281
H140,P0283
H140,P0284
H140,P0285
H140,P0286
H140,P0287
H140,P0288
H140,P0289
H140,P0290
H140,P0291
H140,P0292
H140,P0293
H140,P0295
H140,P0296
H140,P0298
H140,P0299
H140,P0301
H140,P0303
H140,P0305
H140,P0306
H140,P0307
H140,P0308
H140,P0309
H140,P0310
H140,P0311
H140,P0312
H140,P0314
H140,P0315
H140,P0316
H140,P0317
H140,P0318
H140,P0320
H140,P0323
H140,P0325
H140,P0326
H140,P0327
H140,P0328
H140,P0329
H140,P0330
H140,P0332
H140,P0333
H140,P0334
H140,P0335
H140,P0336
H140,P0337
H140,P0338
H140,P0339
H140,P0340
H140,P0342
H140,P0343
H140,P0344
H140,P0345
H140,P0346
H140,P0347
H140,P0349
H140,P0351
H140,P0353
H140,P0355
H140,P0356
H140,P0357
H140,P0359
H140,P0360
H140,P0362
H140,P0363
H140,P0364
H140,P0366
H140,P0368
H140,P0369
H140,P0371
H140,P0373
H140,P0374
H140,P0375
H140,P0377
H140,P0378
H140,P0379
H140,P0380
H140,P0381
H140,P0383
H140,P0384
H140,P0387
H140,P0388
H140,P0389
H140,P0390
H140,P0392
H140,P0395
H140,P0396
H140,P0397
H140,P0398
H140,P0400
H140,P0401
H140,P0402
H140,P0404
H140,P0405
H140,P0406
H140,P0407
H140,P0408
H140,P0409
H140,P0410
H140,P0411
H140,P0413
H140,P0414
H140,P0416
H140,P0418
H140,P0420
H140,P0421
H140,P0422
H140,P0424
H140,P0425
H140,P0426
H140,P0427
H140,P0428
H140,P0430
H140,P0431
H140,P0435
H140,P0436
H140,P0438
H140,P0439
H140,P0441
H140,P0444
H140,P0445
H140,P0446
H140,P0447
H140,P0448
H140,P0449
H140,P0451
H140,P0452
H140,P0454
H140,P0455
H140,P0456
H140,P0457
H140,P0459
H140,P0460
H140,P0461
H140,P0464
H140,P0465
H140,P0466
H140,P0467
H140,P0469
H140,P0470
H140,P0471
H140,P0472
H140,P0473
H140,P0475
H140,P0478
H140,P0481
H140,P0482
H140,P0484
H140,P0485
H140,P0486
H140,P0487
H140,P0488
H140,P0489
H140,P0490
H140,P0492
H140,P0495
H140,P0497
H140,P0499
H140,P0501
H140,P0502
H140,P0503
H140,P0504
H140,P0506
H140,P0507
H140,P0508
H140,P0510
H140,P0511
H140,P0514
H140,P0515
H140,P0517
H140,P0518
H140,P0519
H140,P0520
H140,P0521
H140,P0523
H140,P0524
H140,P0525
H140,P0527
H140,P0528
H140,P0529
H140,P0530
H140,P0532
H140,P0533
H140,P0535
H140,P0536
H140,P0540
H140,P0542
H140,P0543
H140,P0544
H140,P0545
H140,P0546
H140,P0547
H140,P0551
H140,P0552
H140,P0553
H140,P0556
H140,P0557
H140,P0560
H140,P0563
H140,P0564
H140,P0566
H140,P0567
H140,P0568
H140,P0569
H140,P0570
H140,P0571
H140,P0572
H140,P0573
H140,P0575
H140,P0576
H140,P0578
H140,P0579
H140,P0581
H140,P0582
H140,P0583
H140,P0585
H140,P0588
H140,P0589
H140,P0590
H140,P0591
H140,P0593
H140,P0594
H140,P0598
H140,P0599
H140,P0600
H141,P0001
H141,P0002
H141,P0004
H141,P0008
H141,P0009
H141,P0011
H141,P0013
H141,P0014
H141,P0015
H141,P0016
H141,P0017
H141,P0019
H141,P0020
H141,P0021
H141,P0022
H141,P0023
H141,P0030
H141,P0031
H141,P0033
H141,P0034
H141,P0041
H141,P0043
H141,P0045
H141,P0046
H141,P0047
H141,P0052
H141,P0055
H141,P0056
H141,P0057
H141,P0059
H141,P0060
H141,P0061
H141,P0062
H141,P0063
H141,P0069
H141,P0071
H141,P0072
H141,P0079
H141,P0083
H141,P0085
H141,P0086
H141,P0087
H141,P0088
H141,P0089
H141,P0092
H141,P0093
H141,P0094
H141,P0097
H141,P0100
H141,P0102
H141,P0103
H141,P0104
H141,P0108
H141,P0111
H141,P0112
H141,P0113
H141,P0114
H141,P0115
H141,P0116
H141,P0117
H141,P0118
H141,P0122
H141,P0128
H141,P0129
H141,P0130
H141,P0131
H141,P0132
H141,P0136
H141,P0139
H141,P0140
H141,P0144
H141,P0146
H141,P0150
H141,P0153
H141,P0155
H141,P0158
H141,P0162
H141,P0163
H141,P0165
H141,P0169
H141,P0171
H141,P0175
H141,P0179
H141,P0180
H141,P0181
H141,P0183
H141,P0185
H141,P0186
H141,P0187
H141,P0188
H141,P0190
H141,P0191
H141,P0194
H141,P0195
H141,P0197
H141,P0199
H141,P0200
H141,P0206
H141,P0210
H141,P0211
H141,P0213
H141,P0216
H141,P0219
H141,P0222
H141,P0224
H141,P0225
H141,P0226
H141,P0229
H141,P0232
H141,P0235
H141,P0236
H141,P0238
H141,P0243
H141,P0245
H141,P0247
H141,P0249
H141,P0250
H141,P0251
H141,P0252
H141,P0253
H141,P0254
H141,P0256
H141,P0257
H141,P0258
H141,P0261
H141,P0262
H141,P0263
H141,P0264
H141,P0265
H141,P0266
H141,P0268
H141,P0270
H141,P0271
H141,P0273
H141,P0277
H141,P0278
H141,P0279
H141,P0281
H141,P0283
H141,P0284
H141,P0285
H141,P0286
H141,P0289
H141,P0292
H141,P0293
H141,P0295
H141,P0296
H141,P0299
H141,P0302
H141,P0305
H141,P0307
H141,P0312
H141,P0313
H141,P0314
H141,P0316
H141,P0317
H141,P0320
H141,P0321
H141,P0325
H141,P0329
H141,P0332
H141,P0334
H141,P0335
H141,P0336
H141,P0341
H141,P0342
H141,P0343
H141,P0345
H141,P0346
H141,P0348
H141,P0351
H141,P0352
H141,P0353
H141,P0356
H141,P0358
H141,P0359
H141,P0360
H141,P0364
H141,P0365
H141,P0368
H141,P0369
H141,P0371
H141,P0372
H141,P0373
H141,P0374
H141,P0375
H141,P0380
H141,P0381
H141,P0383
H141,P0384
H141,P0388
H141,P0393
H141,P0394
H141,P0395
H141,P0396
H141,P0397
H141,P0398
H141,P0402
H141,P0405
H141,P0406
H141,P0407
H141,P0408
H141,P0411
H141,P0412
H141,P0414
H141,P0417
H141,P0420
H141,P0422
H141,P0424
H141,P0425
H141,P0431
H141,P0433
H141,P0435
H141,P0436
H141,P0437
H141,P0439
H141,P0442
H141,P0443
H141,P0446
H141,P0450
H141,P0456
H141,P0459
H141,P0460
H141,P0461
H141,P0462
H141,P0465
H141,P0466
H141,P0467
H141,P0472
H141,P0473
H141,P0477
H141,P0478
H141,P0481
H141,P0485
H141,P0486
H141,P0488
H141,P0490
H141,P0492
H141,P0495
H141,P0499
H141,P0500
H141,P0501
H141,P0507
H141,P0511
H141,P0514
H141,P0515
H141,P0518
H141,P0519
H141,P0520
H141,P0521
H141,P0522
H141,P0524
H141,P0528
H141,P0537
H141,P0538
H141,P0539
H141,P0543
H141,P0544
H141,P0545
H141,P0547
H141,P0548
H141,P0550
H141,P0551
H141,P0553
H141,P0555
H141,P0557
H141,P0558
H141,P0559
H141,P0561
H141,P0563
H141,P0564
H141,P0566
H141,P0567
H141,P0569
H141,P0570
H141,P0571
H141,P0572
H141,P0573
H141,P0576
H141,P0577
H141,P0579
H141,P0580
H141,P0584
H141,P0585
H141,P0587
H141,P0589
H141,P0599
H141,P0600
H142,P0002
H142,P0003
H142,P0004
H142,P0005
H142,P0006
H142,P0008
H142,P0009
H142,P0010
H142,P0011
H142,P0012
H142,P0014
H142,P0016
H142,P0017
H142,P0018
H142,P0020
H142,P0021
H142,P0023
H142,P0024
H142,P0025
H142,P0026
H142,P0027
H142,P0029
H142,P0030
H142,P0031
H142,P0033
H142,P0035
H142,P0036
H142,P0037
H142,P0038
H142,P0041
H142,P0042
H142,P0043
H142,P0044
H142,P0045
H142,P0046
H142,P0047
H142,P0048
H142,P0050
H142,P0051
H142,P0053
H142,P0054
H142,P0055
H142,P0057
H142,P0058
H142,P0060
H142,P0061
H142,P0062
H142,P0063
H142,P0067
H142,P0068
H142,P0069
H142,P0071
H142,P0072
H142,P0074
H142,P0075
H142,P0076
H142,P0077
H142,P0079
H142,P0080
H142,P0081
H142,P0082
H142,P0083
H142,P0084
H142,P0085
H142,P0086
H142,P0087
H142,P0088
H142,P0089
H142,P0091
H142,P0092
H142,P0093
H142,P0094
H142,P0095
H142,P0097
H142,P0098
H142,P0099
H142,P0100
H142,P0101
H142,P0102
H142,P0103
H142,P0104
H142,P0105
H142,P0106
H142,P0107
H142,P0109
H142,P0110
H142,P0111
H142,P0112
H142,P0113
H142,P0114
H142,P0115
H142,P0116
H142,P0117
H142,P0120
H142,P0121
H142,P0122
H142,P0123
H142,P0124
H142,P0125
H142,P0126
H142,P0127
H142,P0128
H142,P0129
H142,P0130
H142,P0131
H142,P0132
H142,P0133
H142,P0135
H142,P0138
H142,P0139
H142,P0140
H142,P0142
H142,P0143
H142,P0144
H142,P0146
H142,P0147
H142,P0148
H142,P0149
H142,P0150
H142,P0151
H142,P0152
H142,P0153
H142,P0154
H142,P0155
H142,P0156
H142,P0157
H142,P0160
H142,P0161
H142,P0162
H142,P0163
H142,P0164
H142,P0165
H142,P0166
H142,P0168
H142,P0169
H142,P0170
H142,P0171
H142,P0173
H142,P0174
H142,P0175
H142,P0177
H142,P0178
H142,P0180
H142,P0181
H142,P0182
H142,P0183
H142,P0184
H142,P0185
H142,P0186
H142,P0187
H142,P0189
H142,P0190
H142,P0191
H142,P0192
H142,P0193
H142,P0194
H142,P0195
H142,P0196
H142,P0199
H142,P0200
H142,P0201
H142,P0202
H142,P0203
H142,P0204
H142,P0208
H142,P0210
H142,P0211
H142,P0212
H142,P0213
H142,P0214
H142,P0215
H142,P0216
H142,P0217
H142,P0218
H142,P0219
H142,P0222
H142,P0223
H142,P0224
H142,P0225
H142,P0226
H142,P0227
H142,P0228
H142,P0229
H142,P0231
H142,P0232
H142,P0233
H142,P0234
H142,P0235
H142,P0236
H142,P0237
H142,P0238
H142,P0239
H142,P0240
H142,P0241
H142,P0243
H142,P0244
H142,P0245
H142,P0246
H142,P0247
H142,P0248
H142,P0249
H142,P0250
H142,P0251
H142,P0252
H142,P0253
H142,P0254
H142,P0255
H142,P0256
H142,P0257
H142,P0258
H142,P0259
H142,P0260
H142,P0261
H142,P0262
H142,P0264
H142,P0265
H142,P0266
H142,P0268
H142,P0269
H142,P0270
H142,P0271
H142,P0273
H142,P0274
H142,P0277
H142,P0279
H142,P0280
H142,P0282
H142,P0284
H142,P0286
H142,P0287
H142,P0288
H142,P0289
H142,P0290
H142,P0291
H142,P0292
H142,P0293
H142,P0294
H142,P0295
H142,P0296
H142,P0297
H142,P0299
H142,P0300
H142,P0301
H142,P0302
H142,P0303
H142,P0305
H142,P0306
H142,P0307
H142,P0308
H142,P0309
H142,P0310
H142,P0311
H142,P0312
H142,P0313
H142,P0314
H142,P0315
H142,P0316
H142,P0317
H142,P0318
H142,P0319
H142,P0320
H142,P0321
H142,P0324
H142,P0325
H142,P0326
H142,P0327
H142,P0328
H142,P0329
H142,P0330
H142,P0331
H142,P0332
H142,P0333
H142,P0334
H142,P0336
H142,P0337
H142,P0338
H142,P0339
H142,P0340
H142,P0341
H142,P0342
H142,P0344
H142,P0345
H142,P0346
H142,P0347
H142,P0348
H142,P0349
H142,P0351
H142,P0353
H142,P0355
H142,P0356
H142,P0359
H142,P0360
H142,P0361
H142,P0362
H142,P0363
H142,P0366
H142,P0367
H142,P0368
H142,P0369
H142,P0370
H142,P0372
H142,P0373
H142,P0374
H142,P0375
H142,P0376
H142,P0377
H142,P0378
H142,P0379
H142,P0380
H142,P0381
H142,P0382
H142,P0383
H142,P0385
H142,P0388
H142,P0389
H142,P0390
H142,P0391
H142,P0392
H142,P0393
H142,P0395
H142,P0396
H142,P0397
H142,P0398
H142,P0399
H142,P0401
H142,P0402
H142,P0404
H142,P0405
H142,P0406
H142,P0408
H142,P0410
H142,P0411
H142,P0413
H142,P0414
H142,P0416
H142,P0417
H142,P0418
H142,P0420
H142,P0421
H142,P0422
H142,P0423
H142,P0424
H142,P0425
H142,P0426
H142,P0427
H142,P0428
H142,P0429
H142,P0430
H142,P0431
H142,P0432
H142,P0433
H142,P0434
H142,P0435
H142,P0436
H142,P0437
H142,P0438
H142,P0440
H142,P0441
H142,P0442
H142,P0443
H142,P0445
H142,P0446
H142,P0447
H142,P0448
H142,P0449
H142,P0450
H142,P0451
H142,P0452
H142,P0453
H142,P0455
H142,P0456
H142,P0458
H142,P0459
H142,P0461
H142,P0462
H142,P0464
H142,P0465
H142,P0466
H142,P0467
H142,P0469
H142,P0470
H142,P0471
H142,P0472
H142,P0473
H142,P0474
H142,P0477
H142,P0478
H142,P0480
H142,P0481
H142,P0482
H142,P0484
H142,P0485
H142,P0486
H142,P0487
H142,P0488
H142,P0489
H142,P0490
H142,P0491
H142,P0492
H142,P0493
H142,P0495
H142,P0497
H142,P0498
H142,P0499
H142,P0500
H142,P0502
H142,P0503
H142,P0504
H142,P0506
H142,P0508
H142,P0509
H142,P0511
H142,P0512
H142,P0514
H142,P0515
H142,P0516
H142,P0517
H142,P0518
H142,P0519
H142,P0520
H142,P0522
H142,P0524
H142,P0525
H142,P0526
H142,P0527
H142,P0528
H142,P0530
H142,P0532
H142,P0533
H142,P0534
H142,P0537
H142,P0538
H142,P0539
H142,P0540
H142,P0541
H142,P0543
H142,P0546
H142,P0547
H142,P0548
H142,P0550
H142,P0551
H142,P0552
H142,P0554
H142,P0555
H142,P0556
H142,P0557
H142,P0558
H142,P0559
H142,P0560
H142,P0561
H142,P0563
H142,P0564
H142,P0565
H142,P0566
H142,P0567
H142,P0568
H142,P0569
H142,P0570
H142,P0572
H142,P0573
H142,P0574
H142,P0576
H142,P0578
H142,P0583
H142,P0584
H142,P0585
H142,P0589
H142,P0590
H142,P0591
H142,P0593
H142,P0594
H142,P0597
H142,P0598
H142,P0599
H143,P0002
H143,P0003
H143,P0004
H143,P0005
H143,P0006
H143,P0008
H143,P0009
H143,P0010
H143,P0011
H143,P0012
H143,P0013
H143,P0014
H143,P0015
H143,P0016
H143,P0017
H143,P0018
H143,P0021
H143,P0022
H143,P0024
H143,P0026
H143,P0027
H143,P0028
H143,P0029
H143,P0030
H143,P0031
H143,P0033
H143,P0034
H143,P0035
H143,P0037
H143,P0038
H143,P0039
H143,P0040
H143,P0042
H143,P0043
H143,P0045
H143,P0047
H143,P0048
H143,P0050
H143,P0053
H143,P0054
H143,P0055
H143,P0056
H143,P0057
H143,P0058
H143,P0059
H143,P0060
H143,P0061
H143,P0062
H143,P0063
H143,P0064
H143,P0065
H143,P0066
H143,P0068
H143,P0069
H143,P0070
H143,P0071
H143,P0072
H143,P0073
H143,P0074
H143,P0075
H143,P0076
H143,P0077
H143,P0079
H143,P0080
H143,P0085
H143,P0086
H143,P0087
H143,P0088
H143,P0089
H143,P0090
H143,P0092
H143,P0093
H143,P0096
H143,P0098
H143,P0099
H143,P0100
H143,P0101
H143,P0104
H143,P0105
H143,P0109
H143,P0110
H143,P0111
H143,P0113
H143,P0114
H143,P0115
H143,P0116
H143,P0117
H143,P0120
H143,P0121
H143,P0122
H143,P0123
H143,P0124
H143,P0126
H143,P0127
H143,P0128
H143,P0129
H143,P0130
H143,P0131
H143,P0132
H143,P0133
H143,P0135
H143,P0136
H143,P0138
H143,P0139
H143,P0140
H143,P0142
H143,P0144
H143,P0145
H143,P0147
H143,P0148
H143,P0149
H143,P0150
H143,P0152
H143,P0153
H143,P0154
H143,P0155
H143,P0157
H143,P0160
H143,P0161
H143,P0163
H143,P0165
H143,P0168
H143,P0169
H143,P0170
H143,P0171
H143,P0172
H143,P0173
H143,P0174
H143,P0177
H143,P0178
H143,P0179
H143,P0181
H143,P0182
H143,P0183
H143,P0185
H143,P0187
H143,P0188
H143,P0190
H143,P0191
H143,P0192
H143,P0193
H143,P0196
H143,P0198
H143,P0199
H143,P0200
H143,P0201
H143,P0203
H143,P0204
H143,P0206
H143,P0207
H143,P0208
H143,P0209
H143,P0210
H143,P0211
H143,P0212
H143,P0213
H143,P0215
H143,P0217
H143,P0218
H143,P0219
H143,P0221
H143,P0222
H143,P0223
H143,P0224
H143,P0226
H143,P0229
H143,P0231
H143,P0233
H143,P0237
H143,P0238
H143,P0239
H143,P0241
H143,P0242
H143,P0243
H143,P0245
H143,P0246
H143,P0247
H143,P0250
H143,P0251
H143,P0253
H143,P0254
H143,P0256
H143,P0258
H143,P0259
H143,P0261
H143,P0264
H143,P0265
H143,P0266
H143,P0267
H143,P0269
H143,P0270
H143,P0271
H143,P0273
H143,P0274
H143,P0276
H143,P0277
H143,P0278
H143,P0279
H143,P0282
H143,P0283
H143,P0285
H143,P0286
H143,P0287
H143,P0288
H143,P0289
H143,P0291
H143,P0293
H143,P0294
H143,P0295
H143,P0296
H143,P0298
H143,P0299
H143,P0300
H143,P0303
H143,P0304
H143,P0305
H143,P0306
H143,P0307
H143,P0308
H143,P0309
H143,P0310
H143,P0311
H143,P0312
H143,P0314
H143,P0315
H143,P0316
H143,P0317
H143,P0318
H143,P0319
H143,P0321
H143,P0323
H143,P0324
H143,P0325
H143,P0326
H143,P0327
H143,P0328
H143,P0329
H143,P0330
H143,P0334
H143,P0336
H143,P0338
H143,P0339
H143,P0340
H143,P0341
H143,P0342
H143,P0344
H143,P0345
H143,P0346
H143,P0347
H143,P0348
H143,P0349
H143,P0350
H143,P0351
H143,P0352
H143,P0353
H143,P0355
H143,P0356
H143,P0357
H143,P0359
H143,P0360
H143,P0361
H143,P0362
H143,P0363
H143,P0364
H143,P0367
H143,P0368
H143,P0369
H143,P0370
H143,P0371
H143,P0372
H143,P0374
H143,P0375
H143,P0376
H143,P0377
H143,P0378
H143,P0379
H143,P0380
H143,P0381
H143,P0382
H143,P0383
H143,P0384
H143,P0386
H143,P0388
H143,P0391
H143,P0393
H143,P0394
H143,P0395
H143,P0396
H143,P0397
H143,P0398
H143,P0399
H143,P0402
H143,P0403
H143,P0404
H143,P0405
H143,P0406
H143,P0408
H143,P0409
H143,P0411
H143,P0412
H143,P0413
H143,P0414
H143,P0415
H143,P0416
H143,P0417
H143,P0418
H143,P0420
H143,P0421
H143,P0422
H143,P0424
H143,P0425
H143,P0426
H143,P0427
H143,P0428
H143,P0430
H143,P0431
H143,P0433
H143,P0434
H143,P0435
H143,P0437
H143,P0439
H143,P0443
H143,P0444
H143,P0447
H143,P0452
H143,P0453
H143,P0455
H143,P0456
H143,P0458
H143,P0459
H143,P0460
H143,P0462
H143,P0464
H143,P0465
H143,P0466
H143,P0467
H143,P0468
H143,P0470
H143,P0471
H143,P0472
H143,P0473
H143,P0474
H143,P0475
H143,P0477
H143,P0478
H143,P0480
H143,P0482
H143,P0486
H143,P0487
H143,P0489
H143,P0490
H143,P0491
H143,P0493
H143,P0495
H143,P0496
H143,P0497
H143,P0498
H143,P0499
H143,P0500
H143,P0501
H143,P0502
H143,P0503
H143,P0504
H143,P0505
H143,P0506
H143,P0507
H143,P0509
H143,P0510
H143,P0511
H143,P0512
H143,P0514
H143,P0515
H143,P0516
H143,P0517
H143,P0518
H143,P0519
H143,P0520
H143,P0521
H143,P0522
H143,P0524
H143,P0526
H143,P0527
H143,P0528
H143,P0529
H143,P0530
H143,P0531
H143,P0532
H143,P0535
H143,P0537
H143,P0538
H143,P0540
H143,P0541
H143,P0542
H143,P0543
H143,P0545
H143,P0546
H143,P0547
H143,P0550
H143,P0551
H143,P0552
H143,P0553
H143,P0555
H143,P0556
H143,P0557
H143,P0559
H143,P0560
H143,P0562
H143,P0563
H143,P0565
H143,P0566
H143,P0567
H143,P0568
H143,P0569
H143,P0570
H143,P0571
H143,P0572
H143,P0573
H143,P0574
H143,P0575
H143,P0576
H143,P0578
H143,P0579
H143,P0580
H143,P0582
H143,P0584
H143,P0585
H143,P0586
H143,P0587
H143,P0589
H143,P0590
H143,P0592
H143,P0593
H143,P0594
H143,P0595
H143,P0597
H143,P0598
H144,P0002
H144,P0004
H144,P0006
H144,P0007
H144,P0008
H144,P0009
H144,P0010
H144,P0011
H144,P0015
H144,P0016
H144,P0017
H144,P0018
H144,P0020
H144,P0021
H144,P0022
H144,P0023
H144,P0024
H144,P0025
H144,P0028
H144,P0029
H144,P0031
H144,P0032
H144,P0034
H144,P0035
H144,P0036
H144,P0037
H144,P0038
H144,P0039
H144,P0040
H144,P0041
H144,P0042
H144,P0043
H144,P0045
H144,P0047
H144,P0048
H144,P0049
H144,P0050
H144,P0052
H144,P0053
H144,P0055
H144,P0056
H144,P0057
H144,P0061
H144,P0062
H144,P0063
H144,P0064
H144,P0066
H144,P0067
H144,P0068
H144,P0069
H144,P0070
H144,P0071
H144,P0072
H144,P0074
H144,P0076
H144,P0077
H144,P0078
H144,P0079
H144,P0080
H144,P0081
H144,P0082
H144,P0083
H144,P0084
H144,P0085
H144,P0086
H144,P0087
H144,P0088
H144,P0089
H144,P0090
H144,P0092
H144,P0093
H144,P0094
H144,P0095
H144,P0096
H144,P0097
H144,P0098
H144,P0100
H144,P0101
H144,P0103
H144,P0104
H144,P0105
H144,P0106
H144,P0107
H144,P0108
H144,P0109
H144,P0110
H144,P0111
H144,P0112
H144,P0113
H144,P0115
H144,P0116
H144,P0117
H144,P0118
H144,P0120
H144,P0121
H144,P0122
H144,P0124
H144,P0125
H144,P0126
H144,P0127
H144,P0130
H144,P0131
H144,P0132
H144,P0134
H144,P0135
H144,P0136
H144,P0137
H144,P0138
H144,P0139
H144,P0140
H144,P0141
H144,P0142
H144,P0143
H144,P0146
H144,P0147
H144,P0148
H144,P0149
H144,P0150
H144,P0151
H144,P0152
H144,P0153
H144,P0155
H144,P0156
H144,P0157
H144,P0158
H144,P0159
H144,P0160
H144,P0162
H144,P0163
H144,P0165
H144,P0168
H144,P0169
H144,P0171
H144,P0172
H144,P0174
H144,P0175
H144,P0176
H144,P0177
H144,P0178
H144,P0179
H144,P0180
H144,P0181
H144,P0182
H144,P0183
H144,P0184
H144,P0185
H144,P0186
H144,P0187
H144,P0188
H144,P0189
H144,P0190
H144,P0191
H144,P0192
H144,P0193
H144,P0195
H144,P0196
H144,P0198
H144,P0199
H144,P0201
H144,P0205
H144,P0209
H144,P0211
H144,P0212
H144,P0213
H144,P0214
H144,P0215
H144,P0216
H144,P0218
H144,P0219
H144,P0220
H144,P0221
H144,P0222
H144,P0223
H144,P0224
H144,P0225
H144,P0226
H144,P0228
H144,P0229
H144,P0230
H144,P0231
H144,P0232
H144,P0235
H144,P0236
H144,P0237
H144,P0238
H144,P0240
H144,P0241
H144,P0242
H144,P0245
H144,P0246
H144,P0247
H144,P0248
H144,P0249
H144,P0250
H144,P0251
H144,P0254
H144,P0255
H144,P0256
H144,P0257
H144,P0258
H144,P0259
H144,P0260
H144,P0261
H144,P0262
H144,P0265
H144,P0266
H144,P0269
H144,P0270
H144,P0271
H144,P0272
H144,P0273
H144,P0274
H144,P0276
H144,P0278
H144,P0279
H144,P0280
H144,P0283
H144,P0284
H144,P0285
H144,P0287
H144,P0289
H144,P0291
H144,P0292
H144,P0293
H144,P0294
H144,P0295
H144,P0296
H144,P0297
H144,P0298
H144,P0299
H144,P0300
H144,P0303
H144,P0305
H144,P0306
H144,P0307
H144,P0308
H144,P0310
H144,P0311
H144,P0312
H144,P0313
H144,P0315
H144,P0316
H144,P0317
H144,P0319
H144,P0320
H144,P0323
H144,P0324
H144,P0325
H144,P0326
H144,P0328
H144,P0329
H144,P0330
H144,P0336
H144,P0337
H144,P0338
H144,P0339
H144,P0340
H144,P0341
H144,P0342
H144,P0343
H144,P0344
H144,P0345
H144,P0347
H144,P0349
H144,P0350
H144,P0352
H144,P0353
H144,P0354
H144,P0355
H144,P0356
H144,P0357
H144,P0358
H144,P0359
H144,P0360
H144,P0361
H144,P0362
H144,P0364
H144,P0365
H144,P0366
H144,P0367
H144,P0368
H144,P0369
H144,P0370
H144,P0371
H144,P0373
H144,P0374
H144,P0375
H144,P0378
H144,P0379
H144,P0380
H144,P0381
H144,P0383
H144,P0385
H144,P0386
H144,P0387
H144,P0389
H144,P0390
H144,P0391
H144,P0392
H144,P0393
H144,P0394
H144,P0395
H144,P0396
H144,P0398
H144,P0399
H144,P0400
H144,P0401
H144,P0402
H144,P0404
H144,P0405
H144,P0407
H144,P0408
H144,P0409
H144,P0410
H144,P0411
H144,P0412
H144,P0415
H144,P0416
H144,P0417
H144,P0418
H144,P0420
H144,P0421
H144,P0422
H144,P0423
H144,P0424
H144,P0427
H144,P0428
H144,P0429
H144,P0430
H144,P0431
H144,P0432
H144,P0433
H144,P0435
H144,P0438
H144,P0439
H144,P0440
H144,P0441
H144,P0442
H144,P0443
H144,P0444
H144,P0445
H144,P0446
H144,P0447
H144,P0448
H144,P0450
H144,P0451
H144,P0453
H144,P0454
H144,P0455
H144,P0457
H144,P0458
H144,P0459
H144,P0461
H144,P0463
H144,P0464
H144,P0465
H144,P0466
H144,P0467
H144,P0468
H144,P0469
H144,P0470
H144,P0471
H144,P0472
H144,P0473
H144,P0475
H144,P0476
H144,P0477
H144,P0478
H144,P0479
H144,P0481
H144,P0482
H144,P0483
H144,P0485
H144,P0486
H144,P0487
H144,P0488
H144,P0489
H144,P0490
H144,P0492
H144,P0494
H144,P0495
H144,P0497
H144,P0498
H144,P0499
H144,P0500
H144,P0501
H144,P0502
H144,P0504
H144,P0506
H144,P0507
H144,P0508
H144,P0509
H144,P0510
H144,P0512
H144,P0514
H144,P0515
H144,P0516
H144,P0517
H144,P0518
H144,P0519
H144,P0520
H144,P0521
H144,P0522
H144,P0524
H144,P0525
H144,P0526
H144,P0527
H144,P0528
H144,P0529
H144,P0530
H144,P0533
H144,P0536
H144,P0537
H144,P0538
H144,P0539
H144,P0540
H144,P0541
H144,P0542
H144,P0545
H144,P0546
H144,P0547
H144,P0549
H144,P0550
H144,P0552
H144,P0553
H144,P0554
H144,P0555
H144,P0558
H144,P0559
H144,P0560
H144,P0561
H144,P0562
H144,P0563
H144,P0564
H144,P0566
H144,P0567
H144,P0568
H144,P0569
H144,P0570
H144,P0571
H144,P0572
H144,P0573
H144,P0575
H144,P0577
H144,P0578
H144,P0579
H144,P0580
H144,P0582
H144,P0584
H144,P0585
H144,P0588
H144,P0589
H144,P0590
H144,P0591
H144,P0592
H144,P0593
H144,P0594
H144,P0595
H144,P0596
H144,P0597
H144,P0598
H144,P0600
H145,P0001
H145,P0002
H145,P0003
H145,P0004
H145,P0005
H145,P0006
H145,P0008
H145,P0010
H145,P0011
H145,P0014
H145,P0015
H145,P0016
H145,P0017
H145,P0018
H145,P0020
H145,P0021
H145,P0022
H145,P0023
H145,P0024
H145,P0025
H145,P0027
H145,P0028
H145,P0030
H145,P0033
H145,P0034
H145,P0035
H145,P0036
H145,P0037
H145,P0038
H145,P0041
H145,P0042
H145,P0043
H145,P0045
H145,P0047
H145,P0048
H145,P0049
H145,P0050
H145,P0051
H145,P0052
H145,P0053
H145,P0055
H145,P0056
H145,P0058
H145,P0063
H145,P0064
H145,P0066
H145,P0067
H145,P0068
H145,P0070
H145,P0071
H145,P0072
H145,P0075
H145,P0076
H145,P0077
H145,P0078
H145,P0079
H145,P0081
H145,P0082
H145,P0083
H145,P0084
H145,P0086
H145,P0087
H145,P0088
H145,P0089
H145,P0090
H145,P0091
H145,P0092
H145,P0093
H145,P0094
H145,P0097
H145,P0098
H145,P0099
H145,P0100
H145,P0102
H145,P0104
H145,P0105
H145,P0108
H145,P0109
H145,P0110
H145,P0111
H145,P0112
H145,P0113
H145,P0114
H145,P0116
H145,P0117
H145,P0119
H145,P0120
H145,P0121
H145,P0123
H145,P0124
H145,P0125
H145,P0126
H145,P0128
H145,P0129
H145,P0130
H145,P0131
H145,P0132
H145,P0133
H145,P0135
H145,P0136
H145,P0137
H145,P0139
H145,P0140
H145,P0142
H145,P0143
H145,P0144
H145,P0145
H145,P0146
H145,P0148
H145,P0151
H145,P0152
H145,P0153
H145,P0154
H145,P0155
H145,P0156
H145,P0157
H145,P0159
H145,P0161
H145,P0162
H145,P0163
H145,P0165
H145,P0166
H145,P0167
H145,P0168
H145,P0169
H145,P0171
H145,P0173
H145,P0174
H145,P0177
H145,P0178
H145,P0179
H145,P0181
H145,P0182
H145,P0183
H145,P0185
H145,P0187
H145,P0189
H145,P0190
H145,P0191
H145,P0192
H145,P0193
H145,P0194
H145,P0196
H145,P0198
H145,P0199
H145,P0200
H145,P0201
H145,P0202
H145,P0204
H145,P0205
H145,P0206
H145,P0207
H145,P0208
H145,P0210
H145,P0211
H145,P0212
H145,P0213
H145,P0214
H145,P0215
H145,P0216
H145,P0217
H145,P0219
H145,P0221
H145,P0224
H145,P0225
H145,P0226
H145,P0228
H145,P0229
H145,P0231
H145,P0232
H145,P0235
H145,P0236
H145,P0237
H145,P0238
H145,P0243
H145,P0246
H145,P0248
H145,P0249
H145,P0250
H145,P0251
H145,P0253
H145,P0254
H145,P0255
H145,P0256
H145,P0257
H145,P0258
H145,P0261
H145,P0262
H145,P0264
H145,P0265
H145,P0266
H145,P0268
H145,P0269
H145,P0270
H145,P0271
H145,P0272
H145,P0273
H145,P0274
H145,P0276
H145,P0277
H145,P0278
H145,P0279
H145,P0280
H145,P0281
H145,P0282
H145,P0283
H145,P0284
H145,P0285
H145,P0286
H145,P0287
H145,P0288
H145,P0289
H145,P0290
H145,P0292
H145,P0294
H145,P0295
H145,P0296
H145,P0297
H145,P0298
H145,P0299
H145,P0300
H145,P0301
H145,P0302
H145,P0303
H145,P0307
H145,P0308
H145,P0309
H145,P0310
H145,P0311
H145,P0312
H145,P0313
H145,P0314
H145,P0315
H145,P0316
H145,P0317
H145,P0318
H145,P0319
H145,P0320
H145,P0321
H145,P0323
H145,P0324
H145,P0326
H145,P0327
H145,P0329
H145,P0331
H145,P0332
H145,P0335
H145,P0336
H145,P0337
H145,P0338
H145,P0339
H145,P0340
H145,P0341
H145,P0342
H145,P0343
H145,P0345
H145,P0346
H145,P0347
H145,P0348
H145,P0349
H145,P0351
H145,P0352
H145,P0353
H145,P0354
H145,P0355
H145,P0356
H145,P0357
H145,P0358
H145,P0359
H145,P0360
H145,P0361
H145,P0363
H145,P0364
H145,P0366
H145,P0367
H145,P0369
H145,P0370
H145,P0373
H145,P0374
H145,P0375
H145,P0376
H145,P0378
H145,P0380
H145,P0381
H145,P0384
H145,P0385
H145,P0388
H145,P0391
H145,P0392
H145,P0394
H145,P0395
H145,P0398
H145,P0401
H145,P0402
H145,P0404
H145,P0405
H145,P0406
H145,P0407
H145,P0409
H145,P0410
H145,P0411
H145,P0412
H145,P0413
H145,P0414
H145,P0415
H145,P0416
H145,P0417
H145,P0418
H145,P0420
H145,P0421
H145,P0422
H145,P0425
H145,P0427
H145,P0428
H145,P0431
H145,P0432
H145,P0435
H145,P0436
H145,P0438
H145,P0439
H145,P0441
H145,P0442
H145,P0443
H145,P0445
H145,P0446
H145,P0447
H145,P0449
H145,P0451
H145,P0452
H145,P0453
H145,P0454
H145,P0455
H145,P0456
H145,P0457
H145,P0461
H145,P0462
H145,P0463
H145,P0464
H145,P0465
H145,P0466
H145,P0467
H145,P0470
H145,P0471
H145,P0472
H145,P0473
H145,P0474
H145,P0475
H145,P0476
H145,P0481
H145,P0482
H145,P0483
H145,P0484
H145,P0485
H145,P0486
H145,P0488
H145,P0489
H145,P0490
H145,P0492
H145,P0495
H145,P0496
H145,P0497
H145,P0498
H145,P0500
H145,P0502
H145,P0504
H145,P0505
H145,P0506
H145,P0508
H145,P0509
H145,P0510
H145,P0511
H145,P0512
H145,P0514
H145,P0515
H145,P0516
H145,P0517
H145,P0518
H145,P0519
H145,P0520
H145,P0521
H145,P0523
H145,P0524
H145,P0527
H145,P0528
H145,P0529
H145,P0530
H145,P0531
H145,P0533
H145,P0535
H145,P0537
H145,P0540
H145,P0541
H145,P0543
H145,P0544
H145,P0546
H145,P0547
H145,P0549
H145,P0551
H145,P0552
H145,P0553
H145,P0554
H145,P0556
H145,P0557
H145,P0558
H145,P0559
H145,P0561
H145,P0562
H145,P0566
H145,P0567
H145,P0568
H145,P0569
H145,P0570
H145,P0571
H145,P0572
H145,P0573
H145,P0575
H145,P0577
H145,P0581
H145,P0582
H145,P0584
H145,P0585
H145,P0586
H145,P0587
H145,P0588
H145,P0589
H145,P0590
H145,P0591
H145,P0592
H145,P0593
H145,P0594
H145,P0600
H146,P0002
H146,P0004
H146,P0006
H146,P0007
H146,P0008
H146,P0010
H146,P0011
H146,P0012
H146,P0013
H146,P0015
H146,P0016
H146,P0017
H146,P0018
H146,P0019
H146,P0020
H146,P0021
H146,P0022
H146,P0023
H146,P0024
H146,P0029
H146,P0030
H146,P0031
H146,P0033
H146,P0034
H146,P0036
H146,P0038
H146,P0039
H146,P0041
H146,P0043
H146,P0044
H146,P0045
H146,P0046
H146,P0047
H146,P0049
H146,P0051
H146,P0052
H146,P0053
H146,P0055
H146,P0057
H146,P0060
H146,P0062
H146,P0065
H146,P0066
H146,P0067
H146,P0068
H146,P0069
H146,P0071
H146,P0072
H146,P0073
H146,P0075
H146,P0081
H146,P0083
H146,P0084
H146,P0086
H146,P0087
H146,P0090
H146,P0092
H146,P0093
H146,P0094
H146,P0097
H146,P0098
H146,P0100
H146,P0101
H146,P0105
H146,P0106
H146,P0108
H146,P0109
H146,P0110
H146,P0111
H146,P0112
H146,P0113
H146,P0114
H146,P0115
H146,P0116
H146,P0117
H146,P0118
H146,P0121
H146,P0122
H146,P0124
H146,P0126
H146,P0128
H146,P0130
H146,P0131
H146,P0132
H146,P0133
H146,P0135
H146,P0136
H146,P0139
H146,P0140
H146,P0143
H146,P0144
H146,P0146
H146,P0147
H146,P0148
H146,P0149
H146,P0152
H146,P0153
H146,P0154
H146,P0155
H146,P0158
H146,P0159
H146,P0160
H146,P0163
H146,P0165
H146,P0166
H146,P0167
H146,P0169
H146,P0171
H146,P0172
H146,P0174
H146,P0176
H146,P0178
H146,P0179
H146,P0181
H146,P0182
H146,P0183
H146,P0185
H146,P0186
H146,P0188
H146,P0190
H146,P0191
H146,P0192
H146,P0193
H146,P0195
H146,P0196
H146,P0197
H146,P0200
H146,P0201
H146,P0203
H146,P0204
H146,P0206
H146,P0207
H146,P0208
H146,P0209
H146,P0210
H146,P0211
H146,P0212
H146,P0213
H146,P0214
H146,P0215
H146,P0219
H146,P0222
H146,P0224
H146,P0225
H146,P0226
H146,P0228
H146,P0229
H146,P0231
H146,P0232
H146,P0233
H146,P0234
H146,P0236
H146,P0237
H146,P0238
H146,P0239
H146,P0241
H146,P0243
H146,P0244
H146,P0245
H146,P0246
H146,P0247
H146,P0249
H146,P0250
H146,P0251
H146,P0253
H146,P0255
H146,P0256
H146,P0257
H146,P0258
H146,P0259
H146,P0261
H146,P0262
H146,P0265
H146,P0266
H146,P0268
H146,P0271
H146,P0272
H146,P0273
H146,P0277
H146,P0278
H146,P0279
H146,P0280
H146,P0283
H146,P0284
H146,P0286
H146,P0287
H146,P0290
H146,P0292
H146,P0293
H146,P0299
H146,P0300
H146,P0303
H146,P0305
H146,P0306
H146,P0307
H146,P0309
H146,P0312
H146,P0314
H146,P0315
H146,P0316
H146,P0317
H146,P0320
H146,P0321
H146,P0323
H146,P0324
H146,P0325
H146,P0328
H146,P0329
H146,P0330
H146,P0331
H146,P0332
H146,P0334
H146,P0336
H146,P0337
H146,P0338
H146,P0339
H146,P0340
H146,P0342
H146,P0344
H146,P0345
H146,P0346
H146,P0347
H146,P0348
H146,P0349
H146,P0351
H146,P0352
H146,P0356
H146,P0357
H146,P0358
H146,P0359
H146,P0360
H146,P0361
H146,P0362
H146,P0364
H146,P0366
H146,P0367
H146,P0368
H146,P0369
H146,P0370
H146,P0371
H146,P0372
H146,P0374
H146,P0379
H146,P0381
H146,P0382
H146,P0383
H146,P0384
H146,P0391
H146,P0394
H146,P0395
H146,P0396
H146,P0398
H146,P0399
H146,P0400
H146,P0401
H146,P0402
H146,P0404
H146,P0405
H146,P0408
H146,P0409
H146,P0410
H146,P0411
H146,P0412
H146,P0413
H146,P0414
H146,P0416
H146,P0417
H146,P0420
H146,P0422
H146,P0427
H146,P0428
H146,P0430
H146,P0431
H146,P0433
H146,P0434
H146,P0435
H146,P0436
H146,P0438
H146,P0439
H146,P0443
H146,P0444
H146,P0447
H146,P0452
H146,P0453
H146,P0455
H146,P0458
H146,P0459
H146,P0461
H146,P0462
H146,P0464
H146,P0465
H146,P0466
H146,P0467
H146,P0468
H146,P0469
H146,P0471
H146,P0472
H146,P0475
H146,P0477
H146,P0478
H146,P0479
H146,P0481
H146,P0482
H146,P0484
H146,P0485
H146,P0486
H146,P0487
H146,P0489
H146,P0490
H146,P0492
H146,P0494
H146,P0498
H146,P0499
H146,P0500
H146,P0501
H146,P0502
H146,P0506
H146,P0509
H146,P0510
H146,P0512
H146,P0513
H146,P0514
H146,P0515
H146,P0516
H146,P0517
H146,P0518
H146,P0519
H146,P0520
H146,P0522
H146,P0523
H146,P0526
H146,P0527
H146,P0528
H146,P0529
H146,P0531
H146,P0532
H146,P0533
H146,P0537
H146,P0538
H146,P0540
H146,P0541
H146,P0542
H146,P0544
H146,P0545
H146,P0547
H146,P0548
H146,P0549
H146,P0550
H146,P0551
H146,P0553
H146,P0555
H146,P0557
H146,P0559
H146,P0561
H146,P0564
H146,P0566
H146,P0567
H146,P0568
H146,P0569
H146,P0570
H146,P0572
H146,P0575
H146,P0576
H146,P0578
H146,P0579
H146,P0582
H146,P0585
H146,P0586
H146,P0587
H146,P0588
H146,P0589
H146,P0590
H146,P0592
H146,P0593
H146,P0595
H146,P0598
H147,P0002
H147,P0003
H147,P0005
H147,P0006
H147,P0007
H147,P0010
H147,P0011
H147,P0012
H147,P0013
H147,P0015
H147,P0016
H147,P0017
H147,P0018
H147,P0019
H147,P0020
H147,P0021
H147,P0022
H147,P0023
H147,P0025
H147,P0028
H147,P0029
H147,P0030
H147,P0031
H147,P0033
H147,P0034
H147,P0036
H147,P0037
H147,P0039
H147,P0040
H147,P0042
H147,P0043
H147,P0044
H147,P0045
H147,P0046
H147,P0047
H147,P0049
H147,P0051
H147,P0053
H147,P0055
H147,P0058
H147,P0059
H147,P0061
H147,P0062
H147,P0065
H147,P0067
H147,P0069
H147,P0070
H147,P0071
H147,P0072
H147,P0074
H147,P0075
H147,P0079
H147,P0081
H147,P0082
H147,P0083
H147,P0084
H147,P0085
H147,P0086
H147,P0087
H147,P0088
H147,P0090
H147,P0091
H147,P0092
H147,P0093
H147,P0097
H147,P0099
H147,P0100
H147,P0101
H147,P0103
H147,P0104
H147,P0105
H147,P0106
H147,P0108
H147,P0111
H147,P0112
H147,P0113
H147,P0114
H147,P0115
H147,P0116
H147,P0117
H147,P0118
H147,P0119
H147,P0121
H147,P0122
H147,P0124
H147,P0128
H147,P0129
H147,P0130
H147,P0131
H147,P0132
H147,P0134
H147,P0135
H147,P0136
H147,P0138
H147,P0139
H147,P0140
H147,P0141
H147,P0142
H147,P0143
H147,P0145
H147,P0147
H147,P0148
H147,P0149
H147,P0150
H147,P0151
H147,P0152
H147,P0153
H147,P0154
H147,P0155
H147,P0156
H147,P0157
H147,P0158
H147,P0161
H147,P0162
H147,P0163
H147,P0165
H147,P0166
H147,P0167
H147,P0168
H147,P0169
H147,P0171
H147,P0172
H147,P0173
H147,P0174
H147,P0175
H147,P0176
H147,P0179
H147,P0180
H147,P0181
H147,P0182
H147,P0183
H147,P0184
H147,P0185
H147,P0186
H147,P0188
H147,P0189
H147,P0190
H147,P0192
H147,P0193
H147,P0195
H147,P0196
H147,P0197
H147,P0198
H147,P0199
H147,P0200
H147,P0202
H147,P0203
H147,P0204
H147,P0205
H147,P0206
H147,P0207
H147,P0208
H147,P0209
H147,P0211
H147,P0212
H147,P0213
H147,P0214
H147,P0215
H147,P0216
H147,P0218
H147,P0219
H147,P0220
H147,P0221
H147,P0222
H147,P0223
H147,P0224
H147,P0225
H147,P0226
H147,P0227
H147,P0228
H147,P0229
H147,P0230
H147,P0232
H147,P0233
H147,P0234
H147,P0235
H147,P0236
H147,P0237
H147,P0238
H147,P0239
H147,P0241
H147,P0243
H147,P0245
H147,P0247
H147,P0249
H147,P0250
H147,P0251
H147,P0252
H147,P0253
H147,P0254
H147,P0255
H147,P0256
H147,P0257
H147,P0258
H147,P0259
H147,P0261
H147,P0262
H147,P0264
H147,P0265
H147,P0266
H147,P0267
H147,P0268
H147,P0269
H147,P0270
H147,P0271
H147,P0272
H147,P0273
H147,P0274
H147,P0275
H147,P0276
H147,P0277
H147,P0278
H147,P0279
H147,P0280
H147,P0281
H147,P0282
H147,P0284
H147,P0289
H147,P0290
H147,P0291
H147,P0294
H147,P0295
H147,P0296
H147,P0297
H147,P0298
H147,P0299
H147,P0302
H147,P0303
H147,P0305
H147,P0306
H147,P0309
H147,P0310
H147,P0312
H147,P0313
H147,P0314
H147,P0315
H147,P0316
H147,P0317
H147,P0318
H147,P0320
H147,P0321
H147,P0323
H147,P0324
H147,P0325
H147,P0326
H147,P0327
H147,P0328
H147,P0330
H147,P0331
H147,P0332
H147,P0334
H147,P0335
H147,P0336
H147,P0337
H147,P0340
H147,P0341
H147,P0342
H147,P0343
H147,P0344
H147,P0345
H147,P0347
H147,P0349
H147,P0351
H147,P0352
H147,P0355
H147,P0356
H147,P0357
H147,P0358
H147,P0359
H147,P0360
H147,P0361
H147,P0362
H147,P0363
H147,P0364
H147,P0367
H147,P0368
H147,P0369
H147,P0370
H147,P0371
H147,P0373
H147,P0374
H147,P0375
H147,P0377
H147,P0378
H147,P0379
H147,P0380
H147,P0381
H147,P0382
H147,P0383
H147,P0384
H147,P0385
H147,P0387
H147,P0388
H147,P0390
H147,P0391
H147,P0392
H147,P0394
H147,P0395
H147,P0397
H147,P0398
H147,P0399
H147,P0401
H147,P0402
H147,P0404
H147,P0405
H147,P0406
H147,P0407
H147,P0410
H147,P0411
H147,P0412
H147,P0413
H147,P0416
H147,P0417
H147,P0418
H147,P0420
H147,P0422
H147,P0424
H147,P0425
H147,P0426
H147,P0427
H147,P0428
H147,P0429
H147,P0430
H147,P0431
H147,P0433
H147,P0434
H147,P0436
H147,P0439
H147,P0440
H147,P0441
H147,P0442
H147,P0443
H147,P0444
H147,P0447
H147,P0448
H147,P0450
H147,P0452
H147,P0453
H147,P0456
H147,P0458
H147,P0459
H147,P0460
H147,P0461
H147,P0462
H147,P0463
H147,P0464
H147,P0465
H147,P0466
H147,P0468
H147,P0469
H147,P0470
H147,P0471
H147,P0472
H147,P0473
H147,P0474
H147,P0476
H147,P0477
H147,P0479
H147,P0481
H147,P0482
H147,P0483
H147,P0484
H147,P0486
H147,P0488
H147,P0489
H147,P0491
H147,P0492
H147,P0493
H147,P0497
H147,P0498
H147,P0499
H147,P0500
H147,P0502
H147,P0503
H147,P0504
H147,P0506
H147,P0507
H147,P0508
H147,P0510
H147,P0511
H147,P0512
H147,P0513
H147,P0514
H147,P0515
H147,P0516
H147,P0517
H147,P0518
H147,P0519
H147,P0520
H147,P0521
H147,P0523
H147,P0524
H147,P0525
H147,P0526
H147,P0527
H147,P0528
H147,P0529
H147,P0531
H147,P0532
H147,P0533
H147,P0534
H147,P0535
H147,P0537
H147,P0539
H147,P0540
H147,P0541
H147,P0542
H147,P0544
H147,P0545
H147,P0547
H147,P0548
H147,P0549
H147,P0551
H147,P0553
H147,P0554
H147,P0556
H147,P0557
H147,P0561
H147,P0562
H147,P0563
H147,P0564
H147,P0566
H147,P0567
H147,P0569
H147,P0570
H147,P0571
H147,P0572
H147,P0573
H147,P0574
H147,P0576
H147,P0577
H147,P0579
H147,P0580
H147,P0581
H147,P0583
H147,P0585
H147,P0587
H147,P0588
H147,P0589
H147,P0590
H147,P0591
H147,P0593
H147,P0594
H147,P0595
H147,P0596
H147,P0598
H147,P0599
H147,P0600
H148,P0001
H148,P0004
H148,P0005
H148,P0006
H148,P0007
H148,P0008
H148,P0013
H148,P0015
H148,P0016
H148,P0017
H148,P0018
H148,P0019
H148,P0020
H148,P0021
H148,P0024
H148,P0027
H148,P0029
H148,P0031
H148,P0032
H148,P0033
H148,P0034
H148,P0037
H148,P0039
H148,P0040
H148,P0041
H148,P0043
H148,P0045
H148,P0046
H148,P0047
H148,P0050
H148,P0053
H148,P0055
H148,P0058
H148,P0060
H148,P0061
H148,P0062
H148,P0063
H148,P0064
H148,P0065
H148,P0069
H148,P0071
H148,P0075
H148,P0076
H148,P0077
H148,P0078
H148,P0079
H148,P0080
H148,P0082
H148,P0083
H148,P0084
H148,P0085
H148,P0086
H148,P0088
H148,P0091
H148,P0092
H148,P0095
H148,P0096
H148,P0097
H148,P0098
H148,P0100
H148,P0101
H148,P0102
H148,P0104
H148,P0105
H148,P0106
H148,P0107
H148,P0109
H148,P0111
H148,P0113
H148,P0114
H148,P0115
H148,P0116
H148,P0117
H148,P0119
H148,P0121
H148,P0122
H148,P0123
H148,P0124
H148,P0126
H148,P0128
H148,P0130
H148,P0131
H148,P0132
H148,P0133
H148,P0134
H148,P0135
H148,P0136
H148,P0138
H148,P0139
H148,P0140
H148,P0143
H148,P0144
H148,P0146
H148,P0147
H148,P0149
H148,P0150
H148,P0153
H148,P0154
H148,P0155
H148,P0156
H148,P0157
H148,P0158
H148,P0163
H148,P0164
H148,P0165
H148,P0168
H148,P0169
H148,P0170
H148,P0171
H148,P0172
H148,P0174
H148,P0175
H148,P0178
H148,P0179
H148,P0184
H148,P0185
H148,P0187
H148,P0188
H148,P0189
H148,P0192
H148,P0193
H148,P0195
H148,P0196
H148,P0197
H148,P0200
H148,P0201
H148,P0202
H148,P0203
H148,P0205
H148,P0210
H148,P0211
H148,P0213
H148,P0218
H148,P0219
H148,P0221
H148,P0223
H148,P0224
H148,P0225
H148,P0226
H148,P0229
H148,P0231
H148,P0235
H148,P0236
H148,P0238
H148,P0239
H148,P0241
H148,P0242
H148,P0243
H148,P0245
H148,P0248
H148,P0249
H148,P0250
H148,P0251
H148,P0252
H148,P0253
H148,P0254
H148,P0255
H148,P0256
H148,P0257
H148,P0258
H148,P0259
H148,P0262
H148,P0265
H148,P0266
H148,P0268
H148,P0269
H148,P0270
H148,P0273
H148,P0274
H148,P0276
H148,P0278
H148,P0279
H148,P0280
H148,P0281
H148,P0284
H148,P0285
H148,P0287
H148,P0288
H148,P0290
H148,P0292
H148,P0294
H148,P0295
H148,P0296
H148,P0297
H148,P0298
H148,P0299
H148,P0302
H148,P0303
H148,P0305
H148,P0306
H148,P0307
H148,P0310
H148,P0312
H148,P0314
H148,P0317
H148,P0318
H148,P0319
H148,P0321
H148,P0322
H148,P0326
H148,P0327
H148,P0328
H148,P0329
H148,P0330
H148,P0332
H148,P0336
H148,P0337
H148,P0339
H148,P0340
H148,P0341
H148,P0342
H148,P0343
H148,P0344
H148,P0345
H148,P0351
H148,P0355
H148,P0356
H148,P0357
H148,P0358
H148,P0359
H148,P0361
H148,P0362
H148,P0364
H148,P0366
H148,P0367
H148,P0368
H148,P0369
H148,P0370
H148,P0372
H148,P0373
H148,P0374
H148,P0375
H148,P0376
H148,P0380
H148,P0381
H148,P0385
H148,P0388
H148,P0390
H148,P0394
H148,P0395
H148,P0396
H148,P0397
H148,P0398
H148,P0399
H148,P0400
H148,P0401
H148,P0402
H148,P0405
H148,P0406
H148,P0407
H148,P0408
H148,P0411
H148,P0412
H148,P0413
H148,P0414
H148,P0415
H148,P0416
H148,P0418
H148,P0419
H148,P0420
H148,P0421
H148,P0422
H148,P0424
H148,P0425
H148,P0428
H148,P0430
H148,P0431
H148,P0432
H148,P0433
H148,P0434
H148,P0435
H148,P0438
H148,P0439
H148,P0442
H148,P0445
H148,P0447
H148,P0449
H148,P0450
H148,P0451
H148,P0452
H148,P0453
H148,P0454
H148,P0455
H148,P0456
H148,P0457
H148,P0460
H148,P0461
H148,P0462
H148,P0463
H148,P0464
H148,P0465
H148,P0467
H148,P0470
H148,P0471
H148,P0472
H148,P0473
H148,P0474
H148,P0477
H148,P0478
H148,P0479
H148,P0480
H148,P0481
H148,P0483
H148,P0484
H148,P0485
H148,P0488
H148,P0490
H148,P0491
H148,P0492
H148,P0493
H148,P0497
H148,P0499
H148,P0500
H148,P0502
H148,P0503
H148,P0504
H148,P0505
H148,P0506
H148,P0511
H148,P0514
H148,P0515
H148,P0516
H148,P0518
H148,P0519
H148,P0522
H148,P0523
H148,P0524
H148,P0526
H148,P0527
H148,P0528
H148,P0529
H148,P0532
H148,P0533
H148,P0534
H148,P0537
H148,P0539
H148,P0540
H148,P0543
H148,P0544
H148,P0546
H148,P0548
H148,P0550
H148,P0551
H148,P0553
H148,P0555
H148,P0557
H148,P0558
H148,P0561
H148,P0564
H148,P0566
H148,P0567
H148,P0568
H148,P0569
H148,P0570
H148,P0571
H148,P0573
H148,P0575
H148,P0576
H148,P0577
H148,P0578
H148,P0583
H148,P0585
H148,P0587
H148,P0591
H148,P0592
H148,P0593
H148,P0594
H148,P0595
H148,P0598
H148,P0599
H148,P0600
H149,P0001
H149,P0003
H149,P0004
H149,P0005
H149,P0006
H149,P0007
H149,P0008
H149,P0009
H149,P0011
H149,P0012
H149,P0014
H149,P0016
H149,P0017
H149,P0018
H149,P0019
H149,P0020
H149,P0023
H149,P0024
H149,P0026
H149,P0027
H149,P0028
H149,P0032
H149,P0033
H149,P0034
H149,P0035
H149,P0036
H149,P0037
H149,P0038
H149,P0039
H149,P0040
H149,P0042
H149,P0043
H149,P0044
H149,P0045
H149,P0046
H149,P0047
H149,P0048
H149,P0049
H149,P0053
H149,P0055
H149,P0056
H149,P0057
H149,P0058
H149,P0059
H149,P0060
H149,P0061
H149,P0062
H149,P0063
H149,P0066
H149,P0068
H149,P0069
H149,P0070
H149,P0071
H149,P0072
H149,P0073
H149,P0074
H149,P0075
H149,P0076
H149,P0079
H149,P0081
H149,P0082
H149,P0083
H149,P0085
H149,P0086
H149,P0088
H149,P0089
H149,P0091
H149,P0092
H149,P0093
H149,P0094
H149,P0096
H149,P0097
H149,P0098
H149,P0099
H149,P0100
H149,P0101
H149,P0103
H149,P0105
H149,P0106
H149,P0107
H149,P0108
H149,P0109
H149,P0110
H149,P0112
H149,P0113
H149,P0114
H149,P0115
H149,P0116
H149,P0117
H149,P0119
H149,P0120
H149,P0121
H149,P0122
H149,P0123
H149,P0124
H149,P0126
H149,P0127
H149,P0128
H149,P0129
H149,P0130
H149,P0131
H149,P0132
H149,P0133
H149,P0134
H149,P0135
H149,P0136
H149,P0138
H149,P0140
H149,P0142
H149,P0144
H149,P0145
H149,P0146
H149,P0147
H149,P0148
H149,P0150
H149,P0151
H149,P0152
H149,P0154
H149,P0155
H149,P0156
H149,P0157
H149,P0158
H149,P0160
H149,P0161
H149,P0163
H149,P0165
H149,P0166
H149,P0168
H149,P0169
H149,P0171
H149,P0174
H149,P0175
H149,P0176
H149,P0177
H149,P0178
H149,P0180
H149,P0181
H149,P0182
H149,P0183
H149,P0185
H149,P0186
H149,P0187
H149,P0188
H149,P0189
H149,P0190
H149,P0191
H149,P0192
H149,P0193
H149,P0194
H149,P0196
H149,P0197
H149,P0198
H149,P0200
H149,P0201
H149,P0203
H149,P0204
H149,P0205
H149,P0206
H149,P0208
H149,P0209
H149,P0210
H149,P0211
H149,P0213
H149,P0214
H149,P0215
H149,P0216
H149,P0218
H149,P0219
H149,P0221
H149,P0222
H149,P0223
H149,P0225
H149,P0226
H149,P0227
H149,P0228
H149,P0229
H149,P0230
H149,P0231
H149,P0232
H149,P0233
H149,P0235
H149,P0236
H149,P0237
H149,P0238
H149,P0240
H149,P0241
H149,P0245
H149,P0247
H149,P0248
H149,P0249
H149,P0251
H149,P0253
H149,P0254
H149,P0256
H149,P0257
H149,P0258
H149,P0259
H149,P0261
H149,P0262
H149,P0264
H149,P0266
H149,P0268
H149,P0269
H149,P0270
H149,P0271
H149,P0273
H149,P0274
H149,P0277
H149,P0278
H149,P0279
H149,P0280
H149,P0281
H149,P0282
H149,P0283
H149,P0284
H149,P0285
H149,P0286
H149,P0287
H149,P0288
H149,P0293
H149,P0295
H149,P0298
H149,P0299
H149,P0302
H149,P0303
H149,P0304
H149,P0305
H149,P0306
H149,P0308
H149,P0309
H149,P0311
H149,P0312
H149,P0313
H149,P0315
H149,P0316
H149,P0317
H149,P0318
H149,P0319
H149,P0321
H149,P0322
H149,P0323
H149,P0324
H149,P0326
H149,P0327
H149,P0328
H149,P0329
H149,P0332
H149,P0333
H149,P0334
H149,P0335
H149,P0336
H149,P0337
H149,P0338
H149,P0339
H149,P0340
H149,P0342
H149,P0344
H149,P0345
H149,P0346
H149,P0347
H149,P0348
H149,P0350
H149,P0351
H149,P0352
H149,P0354
H149,P0355
H149,P0356
H149,P0359
H149,P0360
H149,P0361
H149,P0363
H149,P0364
H149,P0366
H149,P0367
H149,P0368
H149,P0369
H149,P0370
H149,P0371
H149,P0375
H149,P0376
H149,P0377
H149,P0379
H149,P0380
H149,P0381
H149,P0382
H149,P0384
H149,P0385
H149,P0388
H149,P0391
H149,P0392
H149,P0393
H149,P0394
H149,P0395
H149,P0397
H149,P0398
H149,P0399
H149,P0400
H149,P0401
H149,P0402
H149,P0403
H149,P0404
H149,P0406
H149,P0407
H149,P0408
H149,P0410
H149,P0411
H149,P0412
H149,P0413
H149,P0414
H149,P0415
H149,P0416
H149,P0417
H149,P0420
H149,P0421
H149,P0424
H149,P0425
H149,P0426
H149,P0427
H149,P0428
H149,P0430
H149,P0431
H149,P0432
H149,P0433
H149,P0435
H149,P0438
H149,P0439
H149,P0440
H149,P0442
H149,P0443
H149,P0445
H149,P0446
H149,P0447
H149,P0449
H149,P0450
H149,P0451
H149,P0452
H149,P0454
H149,P0455
H149,P0460
H149,P0461
H149,P0462
H149,P0465
H149,P0466
H149,P0467
H149,P0468
H149,P0469
H149,P0471
H149,P0473
H149,P0474
H149,P0475
H149,P0478
H149,P0479
H149,P0480
H149,P0481
H149,P0482
H149,P0483
H149,P0485
H149,P0486
H149,P0488
H149,P0490
H149,P0494
H149,P0495
H149,P0497
H149,P0498
H149,P0499
H149,P0500
H149,P0501
H149,P0502
H149,P0503
H149,P0504
H149,P0506
H149,P0508
H149,P0509
H149,P0510
H149,P0511
H149,P0512
H149,P0513
H149,P0515
H149,P0516
H149,P0517
H149,P0518
H149,P0519
H149,P0520
H149,P0521
H149,P0522
H149,P0523
H149,P0525
H149,P0526
H149,P0527
H149,P0528
H149,P0529
H149,P0530
H149,P0531
H149,P0532
H149,P0533
H149,P0534
H149,P0536
H149,P0537
H149,P0538
H149,P0539
H149,P0540
H149,P0541
H149,P0542
H149,P0544
H149,P0545
H149,P0546
H149,P0547
H149,P0548
H149,P0549
H149,P0550
H149,P0551
H149,P0552
H149,P0553
H149,P0555
H149,P0557
H149,P0559
H149,P0560
H149,P0562
H149,P0563
H149,P0564
H149,P0565
H149,P0566
H149,P0567
H149,P0568
H149,P0570
H149,P0571
H149,P0574
H149,P0575
H149,P0576
H149,P0577
H149,P0578
H149,P0582
H149,P0585
H149,P0586
H149,P0587
H149,P0588
H149,P0589
H149,P0590
H149,P0594
H149,P0595
H149,P0596
H149,P0598
H149,P0600
H150,P0002
H150,P0003
H150,P0004
H150,P0005
H150,P0006
H150,P0007
H150,P0008
H150,P0010
H150,P0011
H150,P0012
H150,P0013
H150,P0014
H150,P0015
H150,P0016
H150,P0018
H150,P0019
H150,P0020
H150,P0023
H150,P0024
H150,P0025
H150,P0026
H150,P0027
H150,P0028
H150,P0029
H150,P0030
H150,P0033
H150,P0035
H150,P0036
H150,P0037
H150,P0038
H150,P0040
H150,P0041
H150,P0042
H150,P0043
H150,P0045
H150,P0046
H150,P0047
H150,P0050
H150,P0051
H150,P0054
H150,P0056
H150,P0058
H150,P0060
H150,P0063
H150,P0065
H150,P0066
H150,P0067
H150,P0068
H150,P0069
H150,P0070
H150,P0071
H150,P0072
H150,P0073
H150,P0075
H150,P0077
H150,P0079
H150,P0081
H150,P0082
H150,P0083
H150,P0084
H150,P0085
H150,P0086
H150,P0088
H150,P0091
H150,P0092
H150,P0095
H150,P0098
H150,P0100
H150,P0101
H150,P0104
H150,P0105
H150,P0107
H150,P0108
H150,P0109
H150,P0110
H150,P0111
H150,P0112
H150,P0113
H150,P0114
H150,P0115
H150,P0116
H150,P0117
H150,P0118
H150,P0119
H150,P0121
H150,P0122
H150,P0123
H150,P0125
H150,P0126
H150,P0127
H150,P0128
H150,P0129
H150,P0130
H150,P0131
H150,P0132
H150,P0133
H150,P0135
H150,P0136
H150,P0140
H150,P0141
H150,P0142
H150,P0143
H150,P0144
H150,P0145
H150,P0146
H150,P0147
H150,P0148
H150,P0149
H150,P0150
H150,P0151
H150,P0152
H150,P0153
H150,P0155
H150,P0156
H150,P0157
H150,P0158
H150,P0159
H150,P0160
H150,P0162
H150,P0163
H150,P0164
H150,P0165
H150,P0166
H150,P0167
H150,P0168
H150,P0169
H150,P0170
H150,P0171
H150,P0172
H150,P0174
H150,P0176
H150,P0178
H150,P0181
H150,P0182
H150,P0183
H150,P0185
H150,P0188
H150,P0190
H150,P0191
H150,P0192
H150,P0193
H150,P0195
H150,P0196
H150,P0197
H150,P0200
H150,P0201
H150,P0202
H150,P0203
H150,P0204
H150,P0205
H150,P0206
H150,P0207
H150,P0208
H150,P0209
H150,P0210
H150,P0211
H150,P0213
H150,P0214
H150,P0215
H150,P0217
H150,P0218
H150,P0219
H150,P0221
H150,P0222
H150,P0223
H150,P0224
H150,P0226
H150,P0227
H150,P0228
H150,P0229
H150,P0230
H150,P0231
H150,P0232
H150,P0235
H150,P0236
H150,P0238
H150,P0241
H150,P0242
H150,P0243
H150,P0246
H150,P0249
H150,P0250
H150,P0251
H150,P0252
H150,P0254
H150,P0256
H150,P0257
H150,P0258
H150,P0259
H150,P0261
H150,P0262
H150,P0265
H150,P0266
H150,P0267
H150,P0268
H150,P0270
H150,P0271
H150,P0273
H150,P0274
H150,P0277
H150,P0279
H150,P0280
H150,P0282
H150,P0284
H150,P0285
H150,P0287
H150,P0288
H150,P0291
H150,P0292
H150,P0293
H150,P0294
H150,P0295
H150,P0299
H150,P0301
H150,P0302
H150,P0303
H150,P0305
H150,P0306
H150,P0307
H150,P0309
H150,P0310
H150,P0311
H150,P0313
H150,P0314
H150,P0315
H150,P0317
H150,P0319
H150,P0320
H150,P0321
H150,P0322
H150,P0325
H150,P0326
H150,P0328
H150,P0329
H150,P0330
H150,P0332
H150,P0333
H150,P0336
H150,P0339
H150,P0340
H150,P0341
H150,P0342
H150,P0343
H150,P0344
H150,P0345
H150,P0346
H150,P0349
H150,P0351
H150,P0352
H150,P0353
H150,P0357
H150,P0360
H150,P0361
H150,P0362
H150,P0363
H150,P0364
H150,P0366
H150,P0367
H150,P0368
H150,P0369
H150,P0371
H150,P0372
H150,P0373
H150,P0374
H150,P0375
H150,P0377
H150,P0378
H150,P0380
H150,P0381
H150,P0383
H150,P0384
H150,P0387
H150,P0390
H150,P0391
H150,P0392
H150,P0394
H150,P0395
H150,P0396
H150,P0397
H150,P0398
H150,P0399
H150,P0400
H150,P0401
H150,P0402
H150,P0404
H150,P0405
H150,P0407
H150,P0408
H150,P0409
H150,P0412
H150,P0413
H150,P0414
H150,P0417
H150,P0418
H150,P0420
H150,P0422
H150,P0424
H150,P0425
H150,P0426
H150,P0427
H150,P0428
H150,P0431
H150,P0433
H150,P0434
H150,P0435
H150,P0436
H150,P0439
H150,P0440
H150,P0441
H150,P0442
H150,P0443
H150,P0444
H150,P0445
H150,P0446
H150,P0447
H150,P0450
H150,P0451
H150,P0452
H150,P0460
H150,P0461
H150,P0462
H150,P0463
H150,P0464
H150,P0465
H150,P0468
H150,P0469
H150,P0471
H150,P0472
H150,P0473
H150,P0474
H150,P0477
H150,P0478
H150,P0481
H150,P0482
H150,P0483
H150,P0484
H150,P0485
H150,P0487
H150,P0488
H150,P0489
H150,P0490
H150,P0491
H150,P0492
H150,P0494
H150,P0496
H150,P0497
H150,P0500
H150,P0502
H150,P0504
H150,P0505
H150,P0508
H150,P0509
H150,P0510
H150,P0512
H150,P0514
H150,P0516
H150,P0517
H150,P0518
H150,P0520
H150,P0522
H150,P0523
H150,P0524
H150,P0526
H150,P0527
H150,P0530
H150,P0531
H150,P0532
H150,P0534
H150,P0535
H150,P0536
H150,P0537
H150,P0539
H150,P0540
H150,P0543
H150,P0544
H150,P0545
H150,P0547
H150,P0552
H150,P0553
H150,P0556
H150,P0557
H150,P0558
H150,P0560
H150,P0561
H150,P0563
H150,P0565
H150,P0567
H150,P0568
H150,P0569
H150,P0570
H150,P0571
H150,P0572
H150,P0574
H150,P0576
H150,P0577
H150,P0578
H150,P0579
H150,P0581
H150,P0583
H150,P0586
H150,P0589
H150,P0590
H150,P0591
H150,P0592
H150,P0593
H150,P0594
H150,P0595
H150,P0597
H150,P0599
H150,P0600
H151,P0001
H151,P0002
H151,P0006
H151,P0008
H151,P0009
H151,P0010
H151,P0011
H151,P0013
H151,P0015
H151,P0016
H151,P0017
H151,P0018
H151,P0020
H151,P0022
H151,P0026
H151,P0027
H151,P0028
H151,P0029
H151,P0032
H151,P0035
H151,P0036
H151,P0037
H151,P0039
H151,P0041
H151,P0042
H151,P0043
H151,P0045
H151,P0047
H151,P0049
H151,P0050
H151,P0055
H151,P0056
H151,P0058
H151,P0059
H151,P0060
H151,P0061
H151,P0062
H151,P0063
H151,P0065
H151,P0066
H151,P0069
H151,P0072
H151,P0073
H151,P0075
H151,P0076
H151,P0077
H151,P0078
H151,P0079
H151,P0082
H151,P0083
H151,P0084
H151,P0085
H151,P0086
H151,P0088
H151,P0089
H151,P0090
H151,P0092
H151,P0097
H151,P0100
H151,P0101
H151,P0104
H151,P0105
H151,P0108
H151,P0109
H151,P0110
H151,P0111
H151,P0112
H151,P0113
H151,P0116
H151,P0117
H151,P0120
H151,P0121
H151,P0124
H151,P0125
H151,P0126
H151,P0130
H151,P0131
H151,P0132
H151,P0135
H151,P0136
H151,P0139
H151,P0140
H151,P0142
H151,P0143
H151,P0144
H151,P0147
H151,P0148
H151,P0149
H151,P0151
H151,P0152
H151,P0153
H151,P0154
H151,P0156
H151,P0157
H151,P0158
H151,P0163
H151,P0165
H151,P0168
H151,P0169
H151,P0170
H151,P0171
H151,P0173
H151,P0174
H151,P0175
H151,P0178
H151,P0179
H151,P0182
H151,P0183
H151,P0189
H151,P0192
H151,P0193
H151,P0195
H151,P0198
H151,P0200
H151,P0203
H151,P0204
H151,P0205
H151,P0208
H151,P0209
H151,P0211
H151,P0212
H151,P0214
H151,P0215
H151,P0216
H151,P0217
H151,P0218
H151,P0220
H151,P0222
H151,P0223
H151,P0224
H151,P0225
H151,P0226
H151,P0227
H151,P0232
H151,P0235
H151,P0238
H151,P0242
H151,P0244
H151,P0245
H151,P0246
H151,P0247
H151,P0251
H151,P0253
H151,P0254
H151,P0256
H151,P0257
H151,P0259
H151,P0265
H151,P0266
H151,P0267
H151,P0268
H151,P0269
H151,P0270
H151,P0271
H151,P0273
H151,P0274
H151,P0276
H151,P0277
H151,P0278
H151,P0282
H151,P0286
H151,P0287
H151,P0288
H151,P0290
H151,P0293
H151,P0294
H151,P0295
H151,P0297
H151,P0299
H151,P0301
H151,P0303
H151,P0305
H151,P0306
H151,P0307
H151,P0308
H151,P0310
H151,P0311
H151,P0312
H151,P0313
H151,P0314
H151,P0317
H151,P0318
H151,P0319
H151,P0320
H151,P0321
H151,P0326
H151,P0329
H151,P0330
H151,P0332
H151,P0334
H151,P0335
H151,P0336
H151,P0337
H151,P0338
H151,P0339
H151,P0341
H151,P0342
H151,P0344
H151,P0345
H151,P0346
H151,P0348
H151,P0351
H151,P0352
H151,P0354
H151,P0355
H151,P0358
H151,P0359
H151,P0360
H151,P0361
H151,P0364
H151,P0366
H151,P0367
H151,P0368
H151,P0369
H151,P0370
H151,P0371
H151,P0374
H151,P0375
H151,P0377
H151,P0379
H151,P0380
H151,P0383
H151,P0384
H151,P0385
H151,P0388
H151,P0390
H151,P0395
H151,P0397
H151,P0398
H151,P0399
H151,P0401
H151,P0402
H151,P0403
H151,P0404
H151,P0406
H151,P0407
H151,P0413
H151,P0414
H151,P0418
H151,P0420
H151,P0425
H151,P0428
H151,P0430
H151,P0433
H151,P0434
H151,P0437
H151,P0438
H151,P0439
H151,P0442
H151,P0443
H151,P0444
H151,P0445
H151,P0446
H151,P0447
H151,P0451
H151,P0453
H151,P0454
H151,P0455
H151,P0456
H151,P0457
H151,P0458
H151,P0461
H151,P0465
H151,P0467
H151,P0469
H151,P0470
H151,P0471
H151,P0472
H151,P0474
H151,P0475
H151,P0477
H151,P0481
H151,P0482
H151,P0488
H151,P0489
H151,P0492
H151,P0495
H151,P0497
H151,P0498
H151,P0499
H151,P0501
H151,P0503
H151,P0506
H151,P0509
H151,P0511
H151,P0513
H151,P0514
H151,P0515
H151,P0517
H151,P0518
H151,P0519
H151,P0520
H151,P0521
H151,P0522
H151,P0523
H151,P0524
H151,P0532
H151,P0533
H151,P0536
H151,P0540
H151,P0541
H151,P0542
H151,P0543
H151,P0545
H151,P0546
H151,P0547
H151,P0548
H151,P0549
H151,P0553
H151,P0555
H151,P0556
H151,P0557
H151,P0558
H151,P0562
H151,P0563
H151,P0564
H151,P0565
H151,P0567
H151,P0568
H151,P0569
H151,P0570
H151,P0571
H151,P0572
H151,P0573
H151,P0576
H151,P0578
H151,P0579
H151,P0580
H151,P0584
H151,P0585
H151,P0587
H151,P0589
H151,P0590
H151,P0591
H151,P0592
H151,P0594
H151,P0596
H151,P0598
H151,P0599
H151,P0600
H152,P0001
H152,P0002
H152,P0003
H152,P0004
H152,P0006
H152,P0008
H152,P0010
H152,P0011
H152,P0012
H152,P0014
H152,P0016
H152,P0017
H152,P0018
H152,P0019
H152,P0020
H152,P0021
H152,P0022
H152,P0023
H152,P0024
H152,P0025
H152,P0026
H152,P0027
H152,P0030
H152,P0032
H152,P0033
H152,P0034
H152,P0035
H152,P0036
H152,P0042
H152,P0043
H152,P0045
H152,P0046
H152,P0047
H152,P0048
H152,P0049
H152,P0051
H152,P0053
H152,P0056
H152,P0058
H152,P0060
H152,P0061
H152,P0062
H152,P0063
H152,P0066
H152,P0067
H152,P0068
H152,P0069
H152,P0070
H152,P0071
H152,P0072
H152,P0075
H152,P0076
H152,P0078
H152,P0079
H152,P0081
H152,P0082
H152,P0083
H152,P0084
H152,P0086
H152,P0088
H152,P0089
H152,P0090
H152,P0091
H152,P0092
H152,P0093
H152,P0094
H152,P0095
H152,P0097
H152,P0099
H152,P0100
H152,P0101
H152,P0103
H152,P0104
H152,P0105
H152,P0106
H152,P0107
H152,P0109
H152,P0110
H152,P0111
H152,P0112
H152,P0113
H152,P0114
H152,P0115
H152,P0116
H152,P0117
H152,P0121
H152,P0122
H152,P0123
H152,P0124
H152,P0125
H152,P0126
H152,P0127
H152,P0128
H152,P0129
H152,P0130
H152,P0132
H152,P0134
H152,P0135
H152,P0136
H152,P0138
H152,P0139
H152,P0140
H152,P0142
H152,P0143
H152,P0144
H152,P0145
H152,P0146
H152,P0147
H152,P0148
H152,P0149
H152,P0150
H152,P0152
H152,P0153
H152,P0155
H152,P0156
H152,P0157
H152,P0158
H152,P0159
H152,P0160
H152,P0161
H152,P0162
H152,P0163
H152,P0165
H152,P0167
H152,P0168
H152,P0169
H152,P0170
H152,P0171
H152,P0172
H152,P0173
H152,P0175
H152,P0176
H152,P0178
H152,P0181
H152,P0182
H152,P0183
H152,P0185
H152,P0186
H152,P0187
H152,P0188
H152,P0189
H152,P0190
H152,P0191
H152,P0192
H152,P0193
H152,P0197
H152,P0198
H152,P0199
H152,P0200
H152,P0201
H152,P0202
H152,P0204
H152,P0205
H152,P0209
H152,P0210
H152,P0211
H152,P0213
H152,P0214
H152,P0215
H152,P0216
H152,P0217
H152,P0218
H152,P0221
H152,P0222
H152,P0223
H152,P0224
H152,P0226
H152,P0227
H152,P0228
H152,P0229
H152,P0232
H152,P0233
H152,P0234
H152,P0235
H152,P0238
H152,P0239
H152,P0242
H152,P0243
H152,P0244
H152,P0245
H152,P0247
H152,P0249
H152,P0250
H152,P0251
H152,P0253
H152,P0255
H152,P0256
H152,P0257
H152,P0258
H152,P0259
H152,P0261
H152,P0262
H152,P0263
H152,P0264
H152,P0265
H152,P0266
H152,P0267
H152,P0268
H152,P0269
H152,P0271
H152,P0272
H152,P0273
H152,P0275
H152,P0276
H152,P0277
H152,P0279
H152,P0280
H152,P0281
H152,P0282
H152,P0284
H152,P0286
H152,P0287
H152,P0288
H152,P0289
H152,P0290
H152,P0291
H152,P0295
H152,P0296
H152,P0297
H152,P0298
H152,P0299
H152,P0300
H152,P0301
H152,P0302
H152,P0303
H152,P0304
H152,P0305
H152,P0306
H152,P0307
H152,P0308
H152,P0309
H152,P0310
H152,P0311
H152,P0312
H152,P0313
H152,P0314
H152,P0315
H152,P0317
H152,P0318
H152,P0319
H152,P0320
H152,P0321
H152,P0323
H152,P0326
H152,P0327
H152,P0328
H152,P0329
H152,P0330
H152,P0334
H152,P0335
H152,P0336
H152,P0337
H152,P0338
H152,P0339
H152,P0340
H152,P0342
H152,P0343
H152,P0344
H152,P0345
H152,P0346
H152,P0349
H152,P0350
H152,P0351
H152,P0352
H152,P0353
H152,P0354
H152,P0356
H152,P0357
H152,P0358
H152,P0359
H152,P0360
H152,P0361
H152,P0362
H152,P0363
H152,P0364
H152,P0366
H152,P0367
H152,P0368
H152,P0369
H152,P0370
H152,P0371
H152,P0372
H152,P0373
H152,P0374
H152,P0375
H152,P0376
H152,P0377
H152,P0378
H152,P0379
H152,P0380
H152,P0381
H152,P0382
H152,P0383
H152,P0384
H152,P0385
H152,P0388
H152,P0390
H152,P0393
H152,P0394
H152,P0395
H152,P0396
H152,P0398
H152,P0399
H152,P0400
H152,P0401
H152,P0402
H152,P0403
H152,P0404
H152,P0406
H152,P0407
H152,P0408
H152,P0410
H152,P0411
H152,P0412
H152,P0413
H152,P0414
H152,P0415
H152,P0416
H152,P0417
H152,P0420
H152,P0422
H152,P0424
H152,P0425
H152,P0426
H152,P0427
H152,P0428
H152,P0430
H152,P0431
H152,P0432
H152,P0433
H152,P0434
H152,P0435
H152,P0436
H152,P0438
H152,P0439
H152,P0440
H152,P0441
H152,P0444
H152,P0445
H152,P0446
H152,P0447
H152,P0448
H152,P0451
H152,P0452
H152,P0454
H152,P0455
H152,P0456
H152,P0459
H152,P0460
H152,P0461
H152,P0462
H152,P0464
H152,P0465
H152,P0466
H152,P0468
H152,P0470
H152,P0471
H152,P0472
H152,P0474
H152,P0477
H152,P0478
H152,P0479
H152,P0481
H152,P0482
H152,P0484
H152,P0485
H152,P0486
H152,P0488
H152,P0489
H152,P0491
H152,P0492
H152,P0494
H152,P0495
H152,P0496
H152,P0497
H152,P0499
H152,P0500
H152,P0501
H152,P0502
H152,P0503
H152,P0504
H152,P0505
H152,P0506
H152,P0507
H152,P0508
H152,P0509
H152,P0511
H152,P0512
H152,P0513
H152,P0514
H152,P0515
H152,P0516
H152,P0517
H152,P0518
H152,P0520
H152,P0521
H152,P0522
H152,P0523
H152,P0524
H152,P0525
H152,P0526
H152,P0527
H152,P0528
H152,P0529
H152,P0530
H152,P0531
H152,P0532
H152,P0533
H152,P0536
H152,P0537
H152,P0539
H152,P0540
H152,P0541
H152,P0542
H152,P0543
H152,P0544
H152,P0545
H152,P0546
H152,P0547
H152,P0548
H152,P0550
H152,P0551
H152,P0553
H152,P0556
H152,P0557
H152,P0558
H152,P0560
H152,P0561
H152,P0562
H152,P0563
H152,P0564
H152,P0565
H152,P0566
H152,P0568
H152,P0569
H152,P0570
H152,P0571
H152,P0572
H152,P0574
H152,P0575
H152,P0576
H152,P0579
H152,P0580
H152,P0584
H152,P0585
H152,P0589
H152,P0590
H152,P0591
H152,P0593
H152,P0594
H152,P0596
H152,P0597
H152,P0598
H152,P0600
H153,P0001
H153,P0002
H153,P0005
H153,P0006
H153,P0007
H153,P0008
H153,P0009
H153,P0012
H153,P0015
H153,P0016
H153,P0017
H153,P0018
H153,P0019
H153,P0020
H153,P0021
H153,P0022
H153,P0023
H153,P0024
H153,P0026
H153,P0028
H153,P0029
H153,P0030
H153,P0032
H153,P0033
H153,P0035
H153,P0036
H153,P0037
H153,P0038
H153,P0040
H153,P0041
H153,P0046
H153,P0048
H153,P0049
H153,P0050
H153,P0051
H153,P0052
H153,P0054
H153,P0055
H153,P0057
H153,P0058
H153,P0059
H153,P0060
H153,P0061
H153,P0062
H153,P0065
H153,P0066
H153,P0069
H153,P0070
H153,P0071
H153,P0072
H153,P0073
H153,P0074
H153,P0075
H153,P0076
H153,P0077
H153,P0078
H153,P0079
H153,P0080
H153,P0082
H153,P0083
H153,P0086
H153,P0087
H153,P0088
H153,P0089
H153,P0090
H153,P0092
H153,P0093
H153,P0094
H153,P0095
H153,P0096
H153,P0097
H153,P0098
H153,P0099
H153,P0101
H153,P0102
H153,P0103
H153,P0104
H153,P0105
H153,P0106
H153,P0107
H153,P0109
H153,P0111
H153,P0113
H153,P0114
H153,P0116
H153,P0117
H153,P0119
H153,P0120
H153,P0121
H153,P0122
H153,P0123
H153,P0125
H153,P0126
H153,P0127
H153,P0128
H153,P0129
H153,P0130
H153,P0131
H153,P0132
H153,P0135
H153,P0136
H153,P0138
H153,P0140
H153,P0141
H153,P0142
H153,P0143
H153,P0144
H153,P0145
H153,P0146
H153,P0147
H153,P0148
H153,P0150
H153,P0151
H153,P0153
H153,P0155
H153,P0156
H153,P0157
H153,P0158
H153,P0160
H153,P0161
H153,P0163
H153,P0164
H153,P0166
H153,P0167
H153,P0168
H153,P0169
H153,P0170
H153,P0172
H153,P0173
H153,P0175
H153,P0176
H153,P0177
H153,P0179
H153,P0180
H153,P0182
H153,P0183
H153,P0185
H153,P0186
H153,P0188
H153,P0189
H153,P0190
H153,P0192
H153,P0193
H153,P0195
H153,P0196
H153,P0197
H153,P0198
H153,P0201
H153,P0202
H153,P0203
H153,P0204
H153,P0205
H153,P0206
H153,P0207
H153,P0208
H153,P0209
H153,P0211
H153,P0212
H153,P0215
H153,P0216
H153,P0218
H153,P0220
H153,P0221
H153,P0222
H153,P0223
H153,P0224
H153,P0225
H153,P0226
H153,P0227
H153,P0228
H153,P0229
H153,P0230
H153,P0232
H153,P0233
H153,P0236
H153,P0237
H153,P0238
H153,P0239
H153,P0241
H153,P0243
H153,P0244
H153,P0245
H153,P0247
H153,P0248
H153,P0250
H153,P0251
H153,P0252
H153,P0253
H153,P0254
H153,P0255
H153,P0256
H153,P0257
H153,P0260
H153,P0261
H153,P0263
H153,P0264
H153,P0265
H153,P0267
H153,P0268
H153,P0269
H153,P0270
H153,P0271
H153,P0272
H153,P0273
H153,P0274
H153,P0276
H153,P0278
H153,P0279
H153,P0280
H153,P0281
H153,P0282
H153,P0283
H153,P0284
H153,P0285
H153,P0286
H153,P0287
H153,P0288
H153,P0289
H153,P0292
H153,P0293
H153,P0294
H153,P0295
H153,P0296
H153,P0297
H153,P0298
H153,P0299
H153,P0301
H153,P0302
H153,P0303
H153,P0304
H153,P0305
H153,P0306
H153,P0307
H153,P0308
H153,P0310
H153,P0311
H153,P0313
H153,P0314
H153,P0316
H153,P0317
H153,P0318
H153,P0319
H153,P0320
H153,P0321
H153,P0322
H153,P0324
H153,P0325
H153,P0326
H153,P0327
H153,P0328
H153,P0329
H153,P0330
H153,P0332
H153,P0333
H153,P0335
H153,P0336
H153,P0337
H153,P0338
H153,P0339
H153,P0341
H153,P0342
H153,P0343
H153,P0344
H153,P0345
H153,P0346
H153,P0347
H153,P0348
H153,P0350
H153,P0352
H153,P0353
H153,P0354
H153,P0356
H153,P0358
H153,P0360
H153,P0362
H153,P0363
H153,P0364
H153,P0367
H153,P0368
H153,P0370
H153,P0371
H153,P0372
H153,P0373
H153,P0375
H153,P0376
H153,P0377
H153,P0378
H153,P0379
H153,P0380
H153,P0381
H153,P0382
H153,P0383
H153,P0384
H153,P0385
H153,P0388
H153,P0389
H153,P0390
H153,P0391
H153,P0392
H153,P0395
H153,P0396
H153,P0398
H153,P0399
H153,P0400
H153,P0402
H153,P0404
H153,P0405
H153,P0406
H153,P0407
H153,P0408
H153,P0410
H153,P0411
H153,P0412
H153,P0413
H153,P0414
H153,P0415
H153,P0417
H153,P0419
H153,P0420
H153,P0423
H153,P0425
H153,P0426
H153,P0427
H153,P0428
H153,P0429
H153,P0430
H153,P0431
H153,P0432
H153,P0433
H153,P0434
H153,P0435
H153,P0436
H153,P0437
H153,P0438
H153,P0439
H153,P0440
H153,P0441
H153,P0442
H153,P0443
H153,P0444
H153,P0446
H153,P0447
H153,P0448
H153,P0449
H153,P0450
H153,P0454
H153,P0457
H153,P0458
H153,P0459
H153,P0460
H153,P0461
H153,P0463
H153,P0465
H153,P0467
H153,P0468
H153,P0469
H153,P0470
H153,P0471
H153,P0473
H153,P0474
H153,P0476
H153,P0477
H153,P0478
H153,P0479
H153,P0481
H153,P0482
H153,P0483
H153,P0484
H153,P0485
H153,P0486
H153,P0487
H153,P0488
H153,P0489
H153,P0490
H153,P0491
H153,P0492
H153,P0493
H153,P0494
H153,P0495
H153,P0496
H153,P0497
H153,P0498
H153,P0500
H153,P0501
H153,P0503
H153,P0504
H153,P0505
H153,P0507
H153,P0508
H153,P0510
H153,P0511
H153,P0512
H153,P0514
H153,P0516
H153,P0517
H153,P0518
H153,P0519
H153,P0520
H153,P0521
H153,P0524
H153,P0526
H153,P0527
H153,P0528
H153,P0530
H153,P0531
H153,P0534
H153,P0535
H153,P0536
H153,P0537
H153,P0538
H153,P0539
H153,P0540
H153,P0541
H153,P0542
H153,P0543
H153,P0545
H153,P0546
H153,P0547
H153,P0548
H153,P0550
H153,P0551
H153,P0553
H153,P0556
H153,P0558
H153,P0559
H153,P0560
H153,P0562
H153,P0564
H153,P0565
H153,P0566
H153,P0567
H153,P0568
H153,P0569
H153,P0570
H153,P0571
H153,P0572
H153,P0574
H153,P0575
H153,P0576
H153,P0577
H153,P0578
H153,P0579
H153,P0581
H153,P0584
H153,P0585
H153,P0586
H153,P0587
H153,P0588
H153,P0589
H153,P0591
H153,P0592
H153,P0594
H153,P0595
H153,P0596
H153,P0598
H153,P0599
H153,P0600
H154,P0001
H154,P0002
H154,P0003
H154,P0004
H154,P0005
H154,P0007
H154,P0010
H154,P0011
H154,P0012
H154,P0013
H154,P0015
H154,P0017
H154,P0018
H154,P0019
H154,P0022
H154,P0023
H154,P0024
H154,P0025
H154,P0026
H154,P0027
H154,P0029
H154,P0030
H154,P0031
H154,P0033
H154,P0035
H154,P0036
H154,P0037
H154,P0038
H154,P0039
H154,P0040
H154,P0041
H154,P0042
H154,P0043
H154,P0045
H154,P0047
H154,P0048
H154,P0049
H154,P0052
H154,P0053
H154,P0054
H154,P0055
H154,P0060
H154,P0061
H154,P0062
H154,P0063
H154,P0065
H154,P0066
H154,P0068
H154,P0069
H154,P0071
H154,P0072
H154,P0073
H154,P0074
H154,P0075
H154,P0077
H154,P0078
H154,P0079
H154,P0080
H154,P0081
H154,P0082
H154,P0083
H154,P0084
H154,P0085
H154,P0086
H154,P0088
H154,P0091
H154,P0092
H154,P0093
H154,P0095
H154,P0096
H154,P0097
H154,P0098
H154,P0099
H154,P0101
H154,P0102
H154,P0103
H154,P0104
H154,P0105
H154,P0106
H154,P0107
H154,P0108
H154,P0110
H154,P0111
H154,P0113
H154,P0114
H154,P0115
H154,P0116
H154,P0117
H154,P0119
H154,P0120
H154,P0121
H154,P0122
H154,P0123
H154,P0124
H154,P0125
H154,P0126
H154,P0127
H154,P0128
H154,P0129
H154,P0130
H154,P0131
H154,P0132
H154,P0133
H154,P0134
H154,P0136
H154,P0139
H154,P0140
H154,P0141
H154,P0143
H154,P0144
H154,P0146
H154,P0147
H154,P0148
H154,P0149
H154,P0150
H154,P0151
H154,P0152
H154,P0153
H154,P0154
H154,P0155
H154,P0156
H154,P0157
H154,P0158
H154,P0159
H154,P0161
H154,P0162
H154,P0165
H154,P0166
H154,P0168
H154,P0169
H154,P0170
H154,P0171
H154,P0172
H154,P0174
H154,P0176
H154,P0177
H154,P0178
H154,P0179
H154,P0180
H154,P0181
H154,P0182
H154,P0185
H154,P0186
H154,P0188
H154,P0189
H154,P0190
H154,P0192
H154,P0193
H154,P0194
H154,P0196
H154,P0197
H154,P0198
H154,P0199
H154,P0200
H154,P0201
H154,P0203
H154,P0205
H154,P0206
H154,P0207
H154,P0209
H154,P0210
H154,P0211
H154,P0212
H154,P0213
H154,P0214
H154,P0215
H154,P0216
H154,P0217
H154,P0218
H154,P0219
H154,P0221
H154,P0222
H154,P0223
H154,P0225
H154,P0226
H154,P0228
H154,P0229
H154,P0232
H154,P0233
H154,P0235
H154,P0236
H154,P0237
H154,P0239
H154,P0240
H154,P0241
H154,P0242
H154,P0246
H154,P0248
H154,P0250
H154,P0251
H154,P0253
H154,P0254
H154,P0255
H154,P0256
H154,P0257
H154,P0258
H154,P0259
H154,P0261
H154,P0262
H154,P0264
H154,P0266
H154,P0268
H154,P0270
H154,P0272
H154,P0273
H154,P0274
H154,P0275
H154,P0276
H154,P0277
H154,P0278
H154,P0279
H154,P0280
H154,P0281
H154,P0282
H154,P0284
H154,P0286
H154,P0287
H154,P0289
H154,P0290
H154,P0291
H154,P0292
H154,P0293
H154,P0294
H154,P0296
H154,P0297
H154,P0298
H154,P0299
H154,P0302
H154,P0303
H154,P0304
H154,P0305
H154,P0306
H154,P0307
H154,P0309
H154,P0310
H154,P0311
H154,P0312
H154,P0313
H154,P0314
H154,P0315
H154,P0318
H154,P0319
H154,P0320
H154,P0321
H154,P0322
H154,P0323
H154,P0324
H154,P0325
H154,P0326
H154,P0327
H154,P0329
H154,P0330
H154,P0331
H154,P0332
H154,P0333
H154,P0335
H154,P0336
H154,P0337
H154,P0338
H154,P0339
H154,P0342
H154,P0343
H154,P0345
H154,P0346
H154,P0347
H154,P0349
H154,P0351
H154,P0352
H154,P0353
H154,P0354
H154,P0356
H154,P0357
H154,P0358
H154,P0359
H154,P0360
H154,P0361
H154,P0362
H154,P0363
H154,P0364
H154,P0365
H154,P0366
H154,P0367
H154,P0368
H154,P0369
H154,P0370
H154,P0371
H154,P0372
H154,P0373
H154,P0374
H154,P0375
H154,P0377
H154,P0378
H154,P0379
H154,P0380
H154,P0381
H154,P0383
H154,P0385
H154,P0388
H154,P0389
H154,P0390
H154,P0391
H154,P0393
H154,P0394
H154,P0395
H154,P0397
H154,P0398
H154,P0399
H154,P0400
H154,P0401
H154,P0402
H154,P0404
H154,P0405
H154,P0406
H154,P0407
H154,P0408
H154,P0410
H154,P0411
H154,P0413
H154,P0414
H154,P0416
H154,P0417
H154,P0418
H154,P0420
H154,P0421
H154,P0422
H154,P0423
H154,P0424
H154,P0425
H154,P0426
H154,P0427
H154,P0428
H154,P0431
H154,P0432
H154,P0433
H154,P0434
H154,P0435
H154,P0439
H154,P0440
H154,P0442
H154,P0443
H154,P0444
H154,P0445
H154,P0446
H154,P0447
H154,P0448
H154,P0449
H154,P0450
H154,P0451
H154,P0452
H154,P0453
H154,P0454
H154,P0456
H154,P0458
H154,P0459
H154,P0460
H154,P0461
H154,P0462
H154,P0463
H154,P0464
H154,P0465
H154,P0467
H154,P0468
H154,P0469
H154,P0470
H154,P0471
H154,P0472
H154,P0474
H154,P0475
H154,P0476
H154,P0477
H154,P0478
H154,P0479
H154,P0480
H154,P0481
H154,P0482
H154,P0483
H154,P0484
H154,P0485
H154,P0487
H154,P0488
H154,P0489
H154,P0491
H154,P0492
H154,P0493
H154,P0494
H154,P0495
H154,P0496
H154,P0500
H154,P0501
H154,P0502
H154,P0503
H154,P0505
H154,P0506
H154,P0507
H154,P0508
H154,P0509
H154,P0511
H154,P0512
H154,P0513
H154,P0514
H154,P0515
H154,P0516
H154,P0517
H154,P0518
H154,P0519
H154,P0520
H154,P0521
H154,P0522
H154,P0523
H154,P0524
H154,P0525
H154,P0527
H154,P0528
H154,P0529
H154,P0532
H154,P0533
H154,P0534
H154,P0535
H154,P0537
H154,P0539
H154,P0540
H154,P0541
H154,P0542
H154,P0544
H154,P0545
H154,P0547
H154,P0548
H154,P0549
H154,P0550
H154,P0551
H154,P0553
H154,P0555
H154,P0556
H154,P0557
H154,P0561
H154,P0562
H154,P0563
H154,P0564
H154,P0565
H154,P0567
H154,P0568
H154,P0570
H154,P0571
H154,P0572
H154,P0573
H154,P0574
H154,P0576
H154,P0577
H154,P0578
H154,P0580
H154,P0581
H154,P0582
H154,P0583
H154,P0585
H154,P0587
H154,P0588
H154,P0589
H154,P0590
H154,P0591
H154,P0593
H154,P0595
H154,P0598
H154,P0600
H155,P0001
H155,P0002
H155,P0004
H155,P0005
H155,P0006
H155,P0007
H155,P0008
H155,P0009
H155,P0012
H155,P0013
H155,P0014
H155,P0015
H155,P0016
H155,P0017
H155,P0018
H155,P0019
H155,P0020
H155,P0021
H155,P0022
H155,P0023
H155,P0024
H155,P0026
H155,P0028
H155,P0029
H155,P0030
H155,P0035
H155,P0036
H155,P0037
H155,P0039
H155,P0040
H155,P0042
H155,P0043
H155,P0045
H155,P0047
H155,P0049
H155,P0050
H155,P0052
H155,P0057
H155,P0058
H155,P0059
H155,P0060
H155,P0061
H155,P0062
H155,P0063
H155,P0064
H155,P0065
H155,P0066
H155,P0067
H155,P0068
H155,P0069
H155,P0071
H155,P0072
H155,P0073
H155,P0075
H155,P0076
H155,P0077
H155,P0079
H155,P0082
H155,P0083
H155,P0085
H155,P0086
H155,P0087
H155,P0088
H155,P0089
H155,P0090
H155,P0091
H155,P0092
H155,P0093
H155,P0095
H155,P0096
H155,P0098
H155,P0099
H155,P0100
H155,P0101
H155,P0102
H155,P0104
H155,P0105
H155,P0106
H155,P0107
H155,P0108
H155,P0110
H155,P0113
H155,P0114
H155,P0115
H155,P0116
H155,P0118
H155,P0119
H155,P0120
H155,P0121
H155,P0122
H155,P0123
H155,P0124
H155,P0125
H155,P0126
H155,P0128
H155,P0131
H155,P0132
H155,P0133
H155,P0135
H155,P0136
H155,P0142
H155,P0143
H155,P0144
H155,P0145
H155,P0146
H155,P0147
H155,P0148
H155,P0149
H155,P0150
H155,P0151
H155,P0152
H155,P0155
H155,P0156
H155,P0160
H155,P0161
H155,P0162
H155,P0164
H155,P0165
H155,P0168
H155,P0170
H155,P0171
H155,P0173
H155,P0174
H155,P0175
H155,P0176
H155,P0177
H155,P0178
H155,P0179
H155,P0183
H155,P0184
H155,P0185
H155,P0188
H155,P0190
H155,P0192
H155,P0194
H155,P0195
H155,P0196
H155,P0197
H155,P0199
H155,P0202
H155,P0204
H155,P0205
H155,P0206
H155,P0211
H155,P0212
H155,P0213
H155,P0214
H155,P0215
H155,P0217
H155,P0218
H155,P0219
H155,P0222
H155,P0223
H155,P0224
H155,P0226
H155,P0227
H155,P0228
H155,P0229
H155,P0230
H155,P0231
H155,P0232
H155,P0235
H155,P0239
H155,P0240
H155,P0241
H155,P0242
H155,P0244
H155,P0245
H155,P0247
H155,P0249
H155,P0250
H155,P0251
H155,P0253
H155,P0254
H155,P0255
H155,P0256
H155,P0257
H155,P0258
H155,P0259
H155,P0261
H155,P0262
H155,P0263
H155,P0265
H155,P0266
H155,P0267
H155,P0268
H155,P0269
H155,P0275
H155,P0277
H155,P0280
H155,P0281
H155,P0282
H155,P0283
H155,P0284
H155,P0285
H155,P0287
H155,P0288
H155,P0294
H155,P0295
H155,P0296
H155,P0298
H155,P0299
H155,P0300
H155,P0303
H155,P0304
H155,P0305
H155,P0306
H155,P0307
H155,P0308
H155,P0310
H155,P0311
H155,P0312
H155,P0313
H155,P0314
H155,P0315
H155,P0316
H155,P0317
H155,P0318
H155,P0320
H155,P0321
H155,P0322
H155,P0324
H155,P0325
H155,P0326
H155,P0329
H155,P0330
H155,P0332
H155,P0335
H155,P0336
H155,P0338
H155,P0339
H155,P0341
H155,P0342
H155,P0343
H155,P0344
H155,P0345
H155,P0346
H155,P0347
H155,P0348
H155,P0349
H155,P0350
H155,P0351
H155,P0352
H155,P0353
H155,P0354
H155,P0356
H155,P0358
H155,P0359
H155,P0361
H155,P0362
H155,P0363
H155,P0364
H155,P0366
H155,P0367
H155,P0368
H155,P0369
H155,P0370
H155,P0371
H155,P0373
H155,P0374
H155,P0377
H155,P0378
H155,P0379
H155,P0381
H155,P0384
H155,P0385
H155,P0388
H155,P0391
H155,P0392
H155,P0393
H155,P0394
H155,P0395
H155,P0396
H155,P0397
H155,P0398
H155,P0399
H155,P0401
H155,P0402
H155,P0404
H155,P0405
H155,P0408
H155,P0410
H155,P0411
H155,P0412
H155,P0413
H155,P0414
H155,P0415
H155,P0416
H155,P0417
H155,P0418
H155,P0419
H155,P0420
H155,P0421
H155,P0422
H155,P0424
H155,P0425
H155,P0426
H155,P0429
H155,P0430
H155,P0432
H155,P0433
H155,P0434
H155,P0435
H155,P0436
H155,P0437
H155,P0439
H155,P0440
H155,P0441
H155,P0442
H155,P0446
H155,P0447
H155,P0448
H155,P0449
H155,P0450
H155,P0451
H155,P0452
H155,P0453
H155,P0454
H155,P0455
H155,P0456
H155,P0459
H155,P0460
H155,P0461
H155,P0462
H155,P0463
H155,P0464
H155,P0465
H155,P0466
H155,P0467
H155,P0468
H155,P0469
H155,P0470
H155,P0471
H155,P0472
H155,P0473
H155,P0474
H155,P0477
H155,P0479
H155,P0483
H155,P0484
H155,P0485
H155,P0486
H155,P0489
H155,P0490
H155,P0491
H155,P0492
H155,P0493
H155,P0494
H155,P0495
H155,P0497
H155,P0499
H155,P0502
H155,P0505
H155,P0506
H155,P0507
H155,P0508
H155,P0510
H155,P0511
H155,P0512
H155,P0514
H155,P0515
H155,P0516
H155,P0517
H155,P0518
H155,P0519
H155,P0520
H155,P0521
H155,P0522
H155,P0523
H155,P0524
H155,P0525
H155,P0526
H155,P0527
H155,P0528
H155,P0529
H155,P0530
H155,P0532
H155,P0533
H155,P0537
H155,P0539
H155,P0540
H155,P0541
H155,P0542
H155,P0543
H155,P0544
H155,P0546
H155,P0547
H155,P0549
H155,P0550
H155,P0551
H155,P0553
H155,P0555
H155,P0557
H155,P0559
H155,P0560
H155,P0561
H155,P0562
H155,P0563
H155,P0564
H155,P0566
H155,P0567
H155,P0568
H155,P0569
H155,P0570
H155,P0571
H155,P0574
H155,P0575
H155,P0577
H155,P0578
H155,P0579
H155,P0580
H155,P0584
H155,P0585
H155,P0589
H155,P0590
H155,P0591
H155,P0593
H155,P0594
H155,P0595
H155,P0596
H155,P0597
H155,P0599
H155,P0600
H156,P0001
H156,P0004
H156,P0006
H156,P0007
H156,P0013
H156,P0014
H156,P0015
H156,P0016
H156,P0017
H156,P0018
H156,P0021
H156,P0022
H156,P0027
H156,P0029
H156,P0037
H156,P0041
H156,P0042
H156,P0043
H156,P0045
H156,P0046
H156,P0047
H156,P0048
H156,P0049
H156,P0052
H156,P0053
H156,P0057
H156,P0058
H156,P0059
H156,P0061
H156,P0062
H156,P0063
H156,P0064
H156,P0065
H156,P0068
H156,P0069
H156,P0070
H156,P0071
H156,P0075
H156,P0076
H156,P0077
H156,P0084
H156,P0086
H156,P0088
H156,P0091
H156,P0092
H156,P0093
H156,P0097
H156,P0098
H156,P0100
H156,P0103
H156,P0104
H156,P0107
H156,P0111
H156,P0113
H156,P0114
H156,P0115
H156,P0119
H156,P0121
H156,P0123
H156,P0124
H156,P0125
H156,P0127
H156,P0129
H156,P0132
H156,P0134
H156,P0135
H156,P0136
H156,P0137
H156,P0139
H156,P0140
H156,P0142
H156,P0143
H156,P0146
H156,P0147
H156,P0148
H156,P0150
H156,P0152
H156,P0155
H156,P0157
H156,P0159
H156,P0160
H156,P0164
H156,P0165
H156,P0166
H156,P0167
H156,P0169
H156,P0171
H156,P0172
H156,P0173
H156,P0175
H156,P0176
H156,P0178
H156,P0183
H156,P0185
H156,P0188
H156,P0189
H156,P0191
H156,P0193
H156,P0194
H156,P0196
H156,P0200
H156,P0203
H156,P0205
H156,P0211
H156,P0212
H156,P0213
H156,P0214
H156,P0215
H156,P0216
H156,P0219
H156,P0222
H156,P0226
H156,P0227
H156,P0228
H156,P0229
H156,P0231
H156,P0235
H156,P0237
H156,P0238
H156,P0239
H156,P0240
H156,P0242
H156,P0243
H156,P0244
H156,P0245
H156,P0248
H156,P0249
H156,P0251
H156,P0253
H156,P0255
H156,P0258
H156,P0259
H156,P0261
H156,P0262
H156,P0265
H156,P0266
H156,P0268
H156,P0269
H156,P0270
H156,P0272
H156,P0273
H156,P0277
H156,P0278
H156,P0279
H156,P0280
H156,P0281
H156,P0282
H156,P0284
H156,P0286
H156,P0287
H156,P0288
H156,P0290
H156,P0294
H156,P0295
H156,P0296
H156,P0299
H156,P0300
H156,P0302
H156,P0304
H156,P0305
H156,P0306
H156,P0309
H156,P0310
H156,P0312
H156,P0314
H156,P0315
H156,P0317
H156,P0318
H156,P0319
H156,P0320
H156,P0323
H156,P0324
H156,P0327
H156,P0329
H156,P0331
H156,P0332
H156,P0333
H156,P0335
H156,P0336
H156,P0338
H156,P0339
H156,P0342
H156,P0344
H156,P0345
H156,P0346
H156,P0347
H156,P0348
H156,P0351
H156,P0353
H156,P0356
H156,P0357
H156,P0359
H156,P0363
H156,P0364
H156,P0366
H156,P0369
H156,P0370
H156,P0375
H156,P0378
H156,P0380
H156,P0381
H156,P0382
H156,P0383
H156,P0385
H156,P0387
H156,P0388
H156,P0390
H156,P0391
H156,P0394
H156,P0395
H156,P0398
H156,P0400
H156,P0402
H156,P0404
H156,P0406
H156,P0407
H156,P0408
H156,P0410
H156,P0411
H156,P0412
H156,P0414
H156,P0420
H156,P0424
H156,P0426
H156,P0430
H156,P0432
H156,P0433
H156,P0434
H156,P0435
H156,P0436
H156,P0442
H156,P0444
H156,P0450
H156,P0452
H156,P0454
H156,P0455
H156,P0459
H156,P0460
H156,P0464
H156,P0465
H156,P0470
H156,P0471
H156,P0476
H156,P0477
H156,P0478
H156,P0479
H156,P0481
H156,P0483
H156,P0484
H156,P0485
H156,P0486
H156,P0488
H156,P0490
H156,P0492
H156,P0494
H156,P0495
H156,P0497
H156,P0498
H156,P0499
H156,P0500
H156,P0502
H156,P0503
H156,P0504
H156,P0505
H156,P0507
H156,P0508
H156,P0509
H156,P0510
H156,P0511
H156,P0514
H156,P0516
H156,P0518
H156,P0520
H156,P0522
H156,P0523
H156,P0524
H156,P0525
H156,P0527
H156,P0530
H156,P0532
H156,P0533
H156,P0535
H156,P0536
H156,P0537
H156,P0539
H156,P0540
H156,P0541
H156,P0542
H156,P0543
H156,P0548
H156,P0550
H156,P0553
H156,P0555
H156,P0556
H156,P0557
H156,P0558
H156,P0561
H156,P0562
H156,P0563
H156,P0564
H156,P0567
H156,P0570
H156,P0572
H156,P0575
H156,P0578
H156,P0582
H156,P0584
H156,P0585
H156,P0586
H156,P0593
H156,P0594
H156,P0595
H156,P0596
H156,P0600
H157,P0001
H157,P0002
H157,P0003
H157,P0004
H157,P0006
H157,P0007
H157,P0008
H157,P0009
H157,P0010
H157,P0011
H157,P0012
H157,P0013
H157,P0014
H157,P0015
H157,P0016
H157,P0017
H157,P0018
H157,P0019
H157,P0021
H157,P0022
H157,P0023
H157,P0024
H157,P0025
H157,P0026
H157,P0027
H157,P0028
H157,P0029
H157,P0031
H157,P0032
H157,P0036
H157,P0037
H157,P0042
H157,P0043
H157,P0044
H157,P0046
H157,P0049
H157,P0051
H157,P0052
H157,P0053
H157,P0054
H157,P0056
H157,P0057
H157,P0058
H157,P0059
H157,P0060
H157,P0061
H157,P0062
H157,P0063
H157,P0065
H157,P0067
H157,P0068
H157,P0070
H157,P0071
H157,P0072
H157,P0074
H157,P0075
H157,P0077
H157,P0078
H157,P0079
H157,P0080
H157,P0081
H157,P0082
H157,P0083
H157,P0084
H157,P0085
H157,P0086
H157,P0087
H157,P0088
H157,P0090
H157,P0092
H157,P0093
H157,P0095
H157,P0096
H157,P0097
H157,P0100
H157,P0101
H157,P0103
H157,P0105
H157,P0106
H157,P0108
H157,P0109
H157,P0110
H157,P0111
H157,P0112
H157,P0113
H157,P0114
H157,P0115
H157,P0116
H157,P0117
H157,P0120
H157,P0121
H157,P0122
H157,P0124
H157,P0125
H157,P0127
H157,P0130
H157,P0131
H157,P0132
H157,P0137
H157,P0140
H157,P0142
H157,P0143
H157,P0144
H157,P0146
H157,P0147
H157,P0148
H157,P0149
H157,P0150
H157,P0152
H157,P0153
H157,P0154
H157,P0155
H157,P0156
H157,P0157
H157,P0158
H157,P0159
H157,P0160
H157,P0162
H157,P0163
H157,P0164
H157,P0165
H157,P0166
H157,P0168
H157,P0169
H157,P0170
H157,P0171
H157,P0173
H157,P0174
H157,P0175
H157,P0176
H157,P0177
H157,P0178
H157,P0179
H157,P0182
H157,P0183
H157,P0185
H157,P0187
H157,P0188
H157,P0189
H157,P0190
H157,P0191
H157,P0192
H157,P0195
H157,P0197
H157,P0199
H157,P0201
H157,P0202
H157,P0203
H157,P0204
H157,P0205
H157,P0206
H157,P0207
H157,P0208
H157,P0209
H157,P0210
H157,P0211
H157,P0213
H157,P0214
H157,P0215
H157,P0216
H157,P0218
H157,P0219
H157,P0220
H157,P0222
H157,P0224
H157,P0225
H157,P0226
H157,P0228
H157,P0229
H157,P0231
H157,P0232
H157,P0233
H157,P0235
H157,P0236
H157,P0237
H157,P0239
H157,P0240
H157,P0242
H157,P0243
H157,P0244
H157,P0245
H157,P0246
H157,P0247
H157,P0249
H157,P0250
H157,P0251
H157,P0252
H157,P0253
H157,P0256
H157,P0257
H157,P0258
H157,P0259
H157,P0260
H157,P0261
H157,P0262
H157,P0264
H157,P0265
H157,P0267
H157,P0268
H157,P0269
H157,P0270
H157,P0271
H157,P0273
H157,P0276
H157,P0277
H157,P0278
H157,P0279
H157,P0281
H157,P0282
H157,P0283
H157,P0284
H157,P0285
H157,P0286
H157,P0287
H157,P0289
H157,P0293
H157,P0294
H157,P0295
H157,P0296
H157,P0297
H157,P0298
H157,P0299
H157,P0302
H157,P0303
H157,P0305
H157,P0306
H157,P0307
H157,P0308
H157,P0309
H157,P0310
H157,P0311
H157,P0312
H157,P0313
H157,P0314
H157,P0317
H157,P0318
H157,P0319
H157,P0320
H157,P0321
H157,P0322
H157,P0323
H157,P0324
H157,P0325
H157,P0326
H157,P0327
H157,P0329
H157,P0330
H157,P0332
H157,P0333
H157,P0335
H157,P0338
H157,P0340
H157,P0342
H157,P0343
H157,P0344
H157,P0345
H157,P0346
H157,P0347
H157,P0348
H157,P0349
H157,P0351
H157,P0352
H157,P0353
H157,P0354
H157,P0355
H157,P0356
H157,P0357
H157,P0358
H157,P0359
H157,P0360
H157,P0361
H157,P0363
H157,P0364
H157,P0365
H157,P0366
H157,P0367
H157,P0368
H157,P0369
H157,P0370
H157,P0371
H157,P0372
H157,P0373
H157,P0374
H157,P0375
H157,P0378
H157,P0379
H157,P0380
H157,P0381
H157,P0383
H157,P0384
H157,P0386
H157,P0387
H157,P0388
H157,P0390
H157,P0395
H157,P0396
H157,P0397
H157,P0398
H157,P0399
H157,P0400
H157,P0401
H157,P0402
H157,P0404
H157,P0405
H157,P0406
H157,P0407
H157,P0408
H157,P0409
H157,P0410
H157,P0411
H157,P0412
H157,P0414
H157,P0415
H157,P0417
H157,P0418
H157,P0419
H157,P0420
H157,P0421
H157,P0422
H157,P0423
H157,P0424
H157,P0425
H157,P0426
H157,P0427
H157,P0428
H157,P0430
H157,P0431
H157,P0432
H157,P0434
H157,P0435
H157,P0437
H157,P0440
H157,P0441
H157,P0442
H157,P0443
H157,P0444
H157,P0445
H157,P0446
H157,P0447
H157,P0448
H157,P0449
H157,P0450
H157,P0451
H157,P0454
H157,P0455
H157,P0456
H157,P0457
H157,P0458
H157,P0461
H157,P0462
H157,P0463
H157,P0464
H157,P0465
H157,P0466
H157,P0468
H157,P0470
H157,P0471
H157,P0473
H157,P0475
H157,P0477
H157,P0479
H157,P0481
H157,P0484
H157,P0485
H157,P0486
H157,P0488
H157,P0489
H157,P0491
H157,P0493
H157,P0495
H157,P0498
H157,P0499
H157,P0500
H157,P0504
H157,P0505
H157,P0506
H157,P0507
H157,P0508
H157,P0509
H157,P0510
H157,P0511
H157,P0512
H157,P0514
H157,P0516
H157,P0518
H157,P0520
H157,P0522
H157,P0523
H157,P0527
H157,P0528
H157,P0529
H157,P0530
H157,P0531
H157,P0532
H157,P0534
H157,P0535
H157,P0536
H157,P0537
H157,P0538
H157,P0540
H157,P0541
H157,P0543
H157,P0544
H157,P0545
H157,P0546
H157,P0547
H157,P0548
H157,P0549
H157,P0550
H157,P0552
H157,P0553
H157,P0554
H157,P0556
H157,P0557
H157,P0558
H157,P0560
H157,P0561
H157,P0563
H157,P0565
H157,P0566
H157,P0567
H157,P0568
H157,P0569
H157,P0570
H157,P0571
H157,P0572
H157,P0573
H157,P0574
H157,P0575
H157,P0576
H157,P0577
H157,P0578
H157,P0579
H157,P0580
H157,P0581
H157,P0584
H157,P0585
H157,P0586
H157,P0587
H157,P0589
H157,P0590
H157,P0591
H157,P0595
H157,P0597
H157,P0598
H157,P0599
H157,P0600
H158,P0001
H158,P0002
H158,P0003
H158,P0005
H158,P0006
H158,P0008
H158,P0009
H158,P0012
H158,P0014
H158,P0016
H158,P0017
H158,P0018
H158,P0020
H158,P0021
H158,P0022
H158,P0023
H158,P0024
H158,P0025
H158,P0026
H158,P0028
H158,P0030
H158,P0033
H158,P0035
H158,P0037
H158,P0038
H158,P0040
H158,P0041
H158,P0043
H158,P0045
H158,P0046
H158,P0049
H158,P0051
H158,P0054
H158,P0055
H158,P0057
H158,P0058
H158,P0060
H158,P0061
H158,P0062
H158,P0063
H158,P0064
H158,P0065
H158,P0066
H158,P0067
H158,P0070
H158,P0071
H158,P0072
H158,P0075
H158,P0078
H158,P0079
H158,P0082
H158,P0083
H158,P0084
H158,P0086
H158,P0092
H158,P0093
H158,P0095
H158,P0097
H158,P0098
H158,P0100
H158,P0103
H158,P0105
H158,P0107
H158,P0108
H158,P0109
H158,P0110
H158,P0111
H158,P0112
H158,P0113
H158,P0114
H158,P0115
H158,P0116
H158,P0117
H158,P0122
H158,P0123
H158,P0124
H158,P0127
H158,P0129
H158,P0130
H158,P0131
H158,P0132
H158,P0133
H158,P0134
H158,P0135
H158,P0136
H158,P0139
H158,P0143
H158,P0144
H158,P0145
H158,P0146
H158,P0147
H158,P0148
H158,P0149
H158,P0150
H158,P0155
H158,P0156
H158,P0157
H158,P0158
H158,P0164
H158,P0165
H158,P0166
H158,P0167
H158,P0168
H158,P0169
H158,P0170
H158,P0171
H158,P0174
H158,P0176
H158,P0181
H158,P0182
H158,P0183
H158,P0185
H158,P0188
H158,P0190
H158,P0192
H158,P0193
H158,P0195
H158,P0196
H158,P0197
H158,P0201
H158,P0202
H158,P0205
H158,P0208
H158,P0209
H158,P0210
H158,P0211
H158,P0214
H158,P0215
H158,P0216
H158,P0218
H158,P0220
H158,P0221
H158,P0222
H158,P0223
H158,P0224
H158,P0226
H158,P0228
H158,P0229
H158,P0230
H158,P0232
H158,P0233
H158,P0235
H158,P0236
H158,P0238
H158,P0243
H158,P0245
H158,P0246
H158,P0247
H158,P0250
H158,P0251
H158,P0253
H158,P0256
H158,P0257
H158,P0258
H158,P0261
H158,P0262
H158,P0264
H158,P0265
H158,P0268
H158,P0271
H158,P0275
H158,P0277
H158,P0278
H158,P0280
H158,P0281
H158,P0284
H158,P0285
H158,P0286
H158,P0287
H158,P0288
H158,P0289
H158,P0291
H158,P0292
H158,P0293
H158,P0294
H158,P0295
H158,P0296
H158,P0298
H158,P0299
H158,P0305
H158,P0306
H158,P0307
H158,P0308
H158,P0310
H158,P0311
H158,P0312
H158,P0313
H158,P0314
H158,P0316
H158,P0317
H158,P0318
H158,P0320
H158,P0321
H158,P0322
H158,P0323
H158,P0324
H158,P0326
H158,P0328
H158,P0329
H158,P0330
H158,P0332
H158,P0334
H158,P0335
H158,P0336
H158,P0337
H158,P0338
H158,P0340
H158,P0342
H158,P0345
H158,P0346
H158,P0347
H158,P0351
H158,P0353
H158,P0354
H158,P0355
H158,P0356
H158,P0358
H158,P0360
H158,P0361
H158,P0362
H158,P0364
H158,P0365
H158,P0366
H158,P0367
H158,P0368
H158,P0369
H158,P0370
H158,P0371
H158,P0373
H158,P0374
H158,P0375
H158,P0379
H158,P0380
H158,P0381
H158,P0391
H158,P0392
H158,P0393
H158,P0395
H158,P0396
H158,P0397
H158,P0398
H158,P0400
H158,P0404
H158,P0405
H158,P0406
H158,P0409
H158,P0410
H158,P0411
H158,P0412
H158,P0413
H158,P0415
H158,P0416
H158,P0417
H158,P0418
H158,P0422
H158,P0424
H158,P0425
H158,P0427
H158,P0430
H158,P0431
H158,P0433
H158,P0434
H158,P0435
H158,P0436
H158,P0438
H158,P0439
H158,P0441
H158,P0445
H158,P0447
H158,P0448
H158,P0449
H158,P0450
H158,P0451
H158,P0454
H158,P0455
H158,P0458
H158,P0459
H158,P0461
H158,P0462
H158,P0463
H158,P0464
H158,P0465
H158,P0468
H158,P0470
H158,P0471
H158,P0472
H158,P0473
H158,P0477
H158,P0479
H158,P0481
H158,P0484
H158,P0486
H158,P0490
H158,P0491
H158,P0492
H158,P0494
H158,P0495
H158,P0499
H158,P0501
H158,P0502
H158,P0505
H158,P0506
H158,P0507
H158,P0508
H158,P0509
H158,P0510
H158,P0511
H158,P0512
H158,P0514
H158,P0519
H158,P0520
H158,P0522
H158,P0523
H158,P0526
H158,P0527
H158,P0528
H158,P0532
H158,P0533
H158,P0535
H158,P0537
H158,P0538
H158,P0539
H158,P0540
H158,P0541
H158,P0542
H158,P0544
H158,P0545
H158,P0546
H158,P0547
H158,P0548
H158,P0550
H158,P0553
H158,P0556
H158,P0557
H158,P0558
H158,P0559
H158,P0560
H158,P0562
H158,P0563
H158,P0564
H158,P0567
H158,P0570
H158,P0571
H158,P0573
H158,P0574
H158,P0575
H158,P0576
H158,P0579
H158,P0585
H158,P0586
H158,P0589
H158,P0590
H158,P0591
H158,P0592
H158,P0593
H158,P0597
H158,P0599
H158,P0600
H159,P0003
H159,P0005
H159,P0006
H159,P0007
H159,P0008
H159,P0009
H159,P0011
H159,P0012
H159,P0014
H159,P0015
H159,P0016
H159,P0017
H159,P0018
H159,P0021
H159,P0023
H159,P0024
H159,P0025
H159,P0026
H159,P0027
H159,P0029
H159,P0031
H159,P0032
H159,P0033
H159,P0034
H159,P0035
H159,P0037
H159,P0038
H159,P0041
H159,P0042
H159,P0043
H159,P0047
H159,P0048
H159,P0049
H159,P0052
H159,P0054
H159,P0055
H159,P0057
H159,P0058
H159,P0059
H159,P0061
H159,P0062
H159,P0063
H159,P0065
H159,P0067
H159,P0069
H159,P0070
H159,P0071
H159,P0072
H159,P0074
H159,P0076
H159,P0078
H159,P0079
H159,P0080
H159,P0081
H159,P0082
H159,P0083
H159,P0085
H159,P0086
H159,P0087
H159,P0088
H159,P0089
H159,P0090
H159,P0091
H159,P0092
H159,P0093
H159,P0094
H159,P0095
H159,P0096
H159,P0097
H159,P0098
H159,P0100
H159,P0101
H159,P0102
H159,P0103
H159,P0104
H159,P0105
H159,P0106
H159,P0107
H159,P0108
H159,P0109
H159,P0110
H159,P0111
H159,P0112
H159,P0113
H159,P0114
H159,P0115
H159,P0116
H159,P0117
H159,P0118
H159,P0119
H159,P0121
H159,P0122
H159,P0123
H159,P0124
H159,P0125
H159,P0126
H159,P0127
H159,P0128
H159,P0129
H159,P0130
H159,P0131
H159,P0132
H159,P0133
H159,P0134
H159,P0135
H159,P0136
H159,P0139
H159,P0140
H159,P0141
H159,P0142
H159,P0143
H159,P0144
H159,P0146
H159,P0147
H159,P0148
H159,P0149
H159,P0150
H159,P0151
H159,P0152
H159,P0155
H159,P0156
H159,P0157
H159,P0158
H159,P0160
H159,P0163
H159,P0164
H159,P0165
H159,P0166
H159,P0167
H159,P0168
H159,P0169
H159,P0170
H159,P0171
H159,P0172
H159,P0173
H159,P0174
H159,P0176
H159,P0177
H159,P0178
H159,P0179
H159,P0180
H159,P0181
H159,P0182
H159,P0183
H159,P0186
H159,P0188
H159,P0189
H159,P0190
H159,P0191
H159,P0192
H159,P0193
H159,P0194
H159,P0197
H159,P0198
H159,P0199
H159,P0200
H159,P0203
H159,P0204
H159,P0205
H159,P0206
H159,P0207
H159,P0210
H159,P0211
H159,P0213
H159,P0214
H159,P0218
H159,P0219
H159,P0220
H159,P0221
H159,P0222
H159,P0223
H159,P0224
H159,P0226
H159,P0227
H159,P0228
H159,P0229
H159,P0230
H159,P0231
H159,P0232
H159,P0233
H159,P0234
H159,P0235
H159,P0237
H159,P0238
H159,P0239
H159,P0242
H159,P0243
H159,P0244
H159,P0245
H159,P0246
H159,P0247
H159,P0249
H159,P0250
H159,P0251
H159,P0252
H159,P0253
H159,P0254
H159,P0255
H159,P0256
H159,P0258
H159,P0259
H159,P0260
H159,P0262
H159,P0263
H159,P0264
H159,P0265
H159,P0266
H159,P0268
H159,P0269
H159,P0270
H159,P0271
H159,P0275
H159,P0276
H159,P0277
H159,P0278
H159,P0280
H159,P0281
H159,P0282
H159,P0284
H159,P0285
H159,P0286
H159,P0287
H159,P0288
H159,P0289
H159,P0290
H159,P0292
H159,P0293
H159,P0294
H159,P0295
H159,P0298
H159,P0300
H159,P0301
H159,P0302
H159,P0303
H159,P0304
H159,P0305
H159,P0306
H159,P0307
H159,P0309
H159,P0310
H159,P0312
H159,P0313
H159,P0316
H159,P0318
H159,P0319
H159,P0320
H159,P0321
H159,P0322
H159,P0323
H159,P0324
H159,P0325
H159,P0326
H159,P0327
H159,P0329
H159,P0330
H159,P0332
H159,P0333
H159,P0334
H159,P0336
H159,P0337
H159,P0338
H159,P0339
H159,P0340
H159,P0341
H159,P0342
H159,P0343
H159,P0344
H159,P0345
H159,P0346
H159,P0347
H159,P0348
H159,P0349
H159,P0350
H159,P0351
H159,P0352
H159,P0355
H159,P0356
H159,P0357
H159,P0358
H159,P0359
H159,P0361
H159,P0362
H159,P0363
H159,P0365
H159,P0366
H159,P0367
H159,P0368
H159,P0369
H159,P0370
H159,P0371
H159,P0373
H159,P0374
H159,P0375
H159,P0376
H159,P0377
H159,P0378
H159,P0379
H159,P0380
H159,P0381
H159,P0383
H159,P0384
H159,P0385
H159,P0387
H159,P0388
H159,P0391
H159,P0392
H159,P0393
H159,P0394
H159,P0395
H159,P0397
H159,P0398
H159,P0400
H159,P0401
H159,P0402
H159,P0404
H159,P0406
H159,P0407
H159,P0408
H159,P0409
H159,P0410
H159,P0411
H159,P0412
H159,P0413
H159,P0414
H159,P0415
H159,P0416
H159,P0417
H159,P0418
H159,P0419
H159,P0420
H159,P0421
H159,P0422
H159,P0424
H159,P0426
H159,P0427
H159,P0429
H159,P0430
H159,P0431
H159,P0433
H159,P0434
H159,P0436
H159,P0438
H159,P0440
H159,P0441
H159,P0442
H159,P0443
H159,P0445
H159,P0446
H159,P0447
H159,P0448
H159,P0450
H159,P0451
H159,P0452
H159,P0453
H159,P0454
H159,P0455
H159,P0460
H159,P0461
H159,P0462
H159,P0464
H159,P0465
H159,P0466
H159,P0467
H159,P0468
H159,P0469
H159,P0470
H159,P0471
H159,P0472
H159,P0473
H159,P0474
H159,P0475
H159,P0477
H159,P0479
H159,P0480
H159,P0481
H159,P0482
H159,P0484
H159,P0485
H159,P0486
H159,P0488
H159,P0490
H159,P0491
H159,P0492
H159,P0493
H159,P0494
H159,P0495
H159,P0496
H159,P0497
H159,P0498
H159,P0499
H159,P0500
H159,P0502
H159,P0505
H159,P0506
H159,P0507
H159,P0508
H159,P0509
H159,P0510
H159,P0512
H159,P0514
H159,P0515
H159,P0516
H159,P0518
H159,P0519
H159,P0520
H159,P0522
H159,P0524
H159,P0525
H159,P0526
H159,P0527
H159,P0528
H159,P0529
H159,P0530
H159,P0532
H159,P0533
H159,P0536
H159,P0537
H159,P0538
H159,P0539
H159,P0541
H159,P0543
H159,P0545
H159,P0547
H159,P0550
H159,P0551
H159,P0552
H159,P0555
H159,P0556
H159,P0557
H159,P0558
H159,P0560
H159,P0561
H159,P0563
H159,P0564
H159,P0565
H159,P0566
H159,P0567
H159,P0570
H159,P0571
H159,P0572
H159,P0573
H159,P0576
H159,P0577
H159,P0578
H159,P0579
H159,P0580
H159,P0581
H159,P0583
H159,P0584
H159,P0585
H159,P0586
H159,P0588
H159,P0589
H159,P0590
H159,P0591
H159,P0593
H159,P0595
H159,P0596
H159,P0597
H159,P0598
H159,P0599
H159,P0600
H160,P0001
H160,P0002
H160,P0003
H160,P0004
H160,P0005
H160,P0006
H160,P0007
H160,P0008
H160,P0011
H160,P0012
H160,P0013
H160,P0015
H160,P0016
H160,P0017
H160,P0018
H160,P0019
H160,P0020
H160,P0022
H160,P0023
H160,P0024
H160,P0025
H160,P0027
H160,P0028
H160,P0029
H160,P0030
H160,P0031
H160,P0033
H160,P0035
H160,P0036
H160,P0037
H160,P0042
H160,P0043
H160,P0045
H160,P0046
H160,P0047
H160,P0048
H160,P0052
H160,P0053
H160,P0054
H160,P0056
H160,P0057
H160,P0058
H160,P0059
H160,P0060
H160,P0061
H160,P0062
H160,P0063
H160,P0065
H160,P0066
H160,P0067
H160,P0068
H160,P0070
H160,P0071
H160,P0072
H160,P0073
H160,P0074
H160,P0075
H160,P0076
H160,P0079
H160,P0083
H160,P0084
H160,P0085
H160,P0086
H160,P0087
H160,P0088
H160,P0089
H160,P0090
H160,P0091
H160,P0092
H160,P0093
H160,P0094
H160,P0095
H160,P0096
H160,P0097
H160,P0100
H160,P0101
H160,P0103
H160,P0104
H160,P0105
H160,P0106
H160,P0107
H160,P0108
H160,P0110
H160,P0111
H160,P0112
H160,P0113
H160,P0114
H160,P0115
H160,P0116
H160,P0117
H160,P0118
H160,P0120
H160,P0121
H160,P0123
H160,P0124
H160,P0125
H160,P0126
H160,P0127
H160,P0128
H160,P0129
H160,P0130
H160,P0132
H160,P0134
H160,P0135
H160,P0136
H160,P0139
H160,P0140
H160,P0141
H160,P0143
H160,P0144
H160,P0145
H160,P0146
H160,P0147
H160,P0148
H160,P0149
H160,P0150
H160,P0152
H160,P0153
H160,P0154
H160,P0155
H160,P0156
H160,P0157
H160,P0158
H160,P0160
H160,P0163
H160,P0164
H160,P0165
H160,P0166
H160,P0168
H160,P0169
H160,P0170
H160,P0171
H160,P0172
H160,P0173
H160,P0174
H160,P0175
H160,P0176
H160,P0177
H160,P0178
H160,P0179
H160,P0181
H160,P0183
H160,P0185
H160,P0188
H160,P0189
H160,P0190
H160,P0192
H160,P0193
H160,P0197
H160,P0200
H160,P0201
H160,P0202
H160,P0203
H160,P0204
H160,P0205
H160,P0206
H160,P0207
H160,P0211
H160,P0212
H160,P0213
H160,P0214
H160,P0215
H160,P0216
H160,P0218
H160,P0219
H160,P0220
H160,P0221
H160,P0222
H160,P0224
H160,P0225
H160,P0226
H160,P0228
H160,P0229
H160,P0230
H160,P0231
H160,P0232
H160,P0235
H160,P0236
H160,P0237
H160,P0238
H160,P0239
H160,P0240
H160,P0241
H160,P0242
H160,P0243
H160,P0245
H160,P0247
H160,P0248
H160,P0249
H160,P0250
H160,P0251
H160,P0252
H160,P0253
H160,P0254
H160,P0255
H160,P0256
H160,P0257
H160,P0258
H160,P0259
H160,P0261
H160,P0262
H160,P0264
H160,P0265
H160,P0266
H160,P0267
H160,P0268
H160,P0269
H160,P0270
H160,P0271
H160,P0273
H160,P0275
H160,P0278
H160,P0279
H160,P0280
H160,P0281
H160,P0282
H160,P0283
H160,P0284
H160,P0286
H160,P0287
H160,P0288
H160,P0290
H160,P0291
H160,P0293
H160,P0294
H160,P0295
H160,P0296
H160,P0299
H160,P0300
H160,P0301
H160,P0303
H160,P0305
H160,P0306
H160,P0307
H160,P0308
H160,P0310
H160,P0311
H160,P0312
H160,P0313
H160,P0314
H160,P0315
H160,P0318
H160,P0319
H160,P0320
H160,P0321
H160,P0322
H160,P0323
H160,P0324
H160,P0326
H160,P0328
H160,P0329
H160,P0330
H160,P0332
H160,P0333
H160,P0334
H160,P0336
H160,P0337
H160,P0338
H160,P0339
H160,P0340
H160,P0341
H160,P0342
H160,P0343
H160,P0344
H160,P0345
H160,P0346
H160,P0347
H160,P0348
H160,P0349
H160,P0351
H160,P0353
H160,P0354
H160,P0355
H160,P0356
H160,P0359
H160,P0360
H160,P0361
H160,P0362
H160,P0363
H160,P0364
H160,P0366
H160,P0367
H160,P0368
H160,P0369
H160,P0370
H160,P0371
H160,P0372
H160,P0373
H160,P0374
H160,P0376
H160,P0377
H160,P0378
H160,P0379
H160,P0380
H160,P0381
H160,P0382
H160,P0383
H160,P0384
H160,P0385
H160,P0387
H160,P0388
H160,P0389
H160,P0390
H160,P0391
H160,P0392
H160,P0393
H160,P0394
H160,P0395
H160,P0397
H160,P0398
H160,P0401
H160,P0402
H160,P0403
H160,P0404
H160,P0405
H160,P0406
H160,P0407
H160,P0408
H160,P0409
H160,P0410
H160,P0411
H160,P0412
H160,P0413
H160,P0414
H160,P0415
H160,P0416
H160,P0417
H160,P0418
H160,P0420
H160,P0421
H160,P0422
H160,P0425
H160,P0426
H160,P0427
H160,P0428
H160,P0429
H160,P0430
H160,P0431
H160,P0432
H160,P0433
H160,P0434
H160,P0435
H160,P0437
H160,P0438
H160,P0439
H160,P0440
H160,P0441
H160,P0442
H160,P0443
H160,P0444
H160,P0445
H160,P0446
H160,P0447
H160,P0448
H160,P0449
H160,P0450
H160,P0451
H160,P0452
H160,P0453
H160,P0454
H160,P0455
H160,P0456
H160,P0457
H160,P0458
H160,P0461
H160,P0464
H160,P0466
H160,P0470
H160,P0471
H160,P0472
H160,P0474
H160,P0475
H160,P0477
H160,P0479
H160,P0480
H160,P0481
H160,P0482
H160,P0483
H160,P0484
H160,P0485
H160,P0487
H160,P0488
H160,P0489
H160,P0490
H160,P0491
H160,P0492
H160,P0493
H160,P0494
H160,P0495
H160,P0497
H160,P0498
H160,P0499
H160,P0500
H160,P0502
H160,P0505
H160,P0506
H160,P0507
H160,P0510
H160,P0511
H160,P0512
H160,P0514
H160,P0515
H160,P0516
H160,P0517
H160,P0518
H160,P0519
H160,P0520
H160,P0521
H160,P0522
H160,P0523
H160,P0524
H160,P0525
H160,P0526
H160,P0527
H160,P0528
H160,P0530
H160,P0532
H160,P0535
H160,P0538
H160,P0539
H160,P0540
H160,P0541
H160,P0542
H160,P0543
H160,P0544
H160,P0545
H160,P0547
H160,P0548
H160,P0549
H160,P0550
H160,P0551
H160,P0552
H160,P0553
H160,P0556
H160,P0557
H160,P0558
H160,P0560
H160,P0561
H160,P0562
H160,P0563
H160,P0564
H160,P0565
H160,P0566
H160,P0567
H160,P0568
H160,P0570
H160,P0571
H160,P0572
H160,P0573
H160,P0574
H160,P0575
H160,P0576
H160,P0577
H160,P0578
H160,P0579
H160,P0583
H160,P0584
H160,P0585
H160,P0587
H160,P0589
H160,P0590
H160,P0592
H160,P0593
H160,P0594
H160,P0595
H160,P0596
H160,P0598
H160,P0599
H160,P0600
H161,P0004
H161,P0007
H161,P0008
H161,P0010
H161,P0012
H161,P0013
H161,P0014
H161,P0015
H161,P0017
H161,P0018
H161,P0020
H161,P0021
H161,P0022
H161,P0023
H161,P0024
H161,P0027
H161,P0029
H161,P0030
H161,P0033
H161,P0035
H161,P0037
H161,P0040
H161,P0041
H161,P0042
H161,P0045
H161,P0047
H161,P0048
H161,P0053
H161,P0054
H161,P0055
H161,P0057
H161,P0060
H161,P0061
H161,P0062
H161,P0063
H161,P0064
H161,P0065
H161,P0066
H161,P0068
H161,P0069
H161,P0071
H161,P0072
H161,P0073
H161,P0075
H161,P0076
H161,P0078
H161,P0079
H161,P0080
H161,P0082
H161,P0083
H161,P0084
H161,P0086
H161,P0087
H161,P0088
H161,P0092
H161,P0093
H161,P0095
H161,P0096
H161,P0097
H161,P0100
H161,P0102
H161,P0104
H161,P0105
H161,P0107
H161,P0108
H161,P0109
H161,P0110
H161,P0111
H161,P0113
H161,P0114
H161,P0115
H161,P0116
H161,P0119
H161,P0121
H161,P0122
H161,P0124
H161,P0125
H161,P0126
H161,P0128
H161,P0129
H161,P0130
H161,P0131
H161,P0132
H161,P0135
H161,P0136
H161,P0138
H161,P0139
H161,P0140
H161,P0143
H161,P0146
H161,P0147
H161,P0148
H161,P0149
H161,P0150
H161,P0153
H161,P0154
H161,P0155
H161,P0156
H161,P0157
H161,P0158
H161,P0160
H161,P0161
H161,P0163
H161,P0165
H161,P0166
H161,P0168
H161,P0170
H161,P0171
H161,P0175
H161,P0178
H161,P0179
H161,P0181
H161,P0183
H161,P0186
H161,P0188
H161,P0189
H161,P0190
H161,P0192
H161,P0193
H161,P0195
H161,P0197
H161,P0199
H161,P0200
H161,P0201
H161,P0203
H161,P0205
H161,P0206
H161,P0210
H161,P0212
H161,P0214
H161,P0218
H161,P0219
H161,P0221
H161,P0222
H161,P0224
H161,P0225
H161,P0226
H161,P0229
H161,P0230
H161,P0231
H161,P0232
H161,P0235
H161,P0236
H161,P0239
H161,P0240
H161,P0242
H161,P0243
H161,P0244
H161,P0245
H161,P0246
H161,P0247
H161,P0249
H161,P0250
H161,P0251
H161,P0252
H161,P0253
H161,P0254
H161,P0255
H161,P0256
H161,P0257
H161,P0258
H161,P0259
H161,P0261
H161,P0264
H161,P0265
H161,P0268
H161,P0269
H161,P0273
H161,P0274
H161,P0275
H161,P0276
H161,P0277
H161,P0278
H161,P0279
H161,P0280
H161,P0284
H161,P0285
H161,P0290
H161,P0291
H161,P0292
H161,P0293
H161,P0294
H161,P0295
H161,P0297
H161,P0299
H161,P0302
H161,P0303
H161,P0304
H161,P0305
H161,P0306
H161,P0307
H161,P0308
H161,P0309
H161,P0312
H161,P0315
H161,P0316
H161,P0317
H161,P0318
H161,P0319
H161,P0320
H161,P0321
H161,P0322
H161,P0326
H161,P0328
H161,P0329
H161,P0330
H161,P0332
H161,P0333
H161,P0334
H161,P0335
H161,P0336
H161,P0338
H161,P0340
H161,P0341
H161,P0342
H161,P0343
H161,P0344
H161,P0349
H161,P0351
H161,P0353
H161,P0355
H161,P0356
H161,P0357
H161,P0358
H161,P0359
H161,P0360
H161,P0361
H161,P0362
H161,P0363
H161,P0364
H161,P0366
H161,P0367
H161,P0368
H161,P0369
H161,P0370
H161,P0371
H161,P0373
H161,P0374
H161,P0375
H161,P0378
H161,P0379
H161,P0381
H161,P0388
H161,P0390
H161,P0394
H161,P0395
H161,P0396
H161,P0397
H161,P0398
H161,P0399
H161,P0401
H161,P0402
H161,P0404
H161,P0405
H161,P0406
H161,P0407
H161,P0408
H161,P0410
H161,P0411
H161,P0412
H161,P0413
H161,P0416
H161,P0419
H161,P0420
H161,P0421
H161,P0422
H161,P0425
H161,P0427
H161,P0430
H161,P0431
H161,P0434
H161,P0435
H161,P0437
H161,P0439
H161,P0441
H161,P0445
H161,P0447
H161,P0449
H161,P0451
H161,P0452
H161,P0453
H161,P0454
H161,P0456
H161,P0457
H161,P0460
H161,P0461
H161,P0462
H161,P0463
H161,P0464
H161,P0465
H161,P0467
H161,P0469
H161,P0472
H161,P0473
H161,P0474
H161,P0477
H161,P0478
H161,P0479
H161,P0481
H161,P0482
H161,P0484
H161,P0485
H161,P0486
H161,P0488
H161,P0489
H161,P0490
H161,P0492
H161,P0493
H161,P0495
H161,P0496
H161,P0497
H161,P0500
H161,P0501
H161,P0502
H161,P0504
H161,P0505
H161,P0506
H161,P0507
H161,P0511
H161,P0514
H161,P0516
H161,P0518
H161,P0519
H161,P0520
H161,P0523
H161,P0524
H161,P0526
H161,P0527
H161,P0529
H161,P0532
H161,P0533
H161,P0535
H161,P0536
H161,P0537
H161,P0538
H161,P0539
H161,P0540
H161,P0541
H161,P0542
H161,P0543
H161,P0544
H161,P0547
H161,P0549
H161,P0550
H161,P0551
H161,P0552
H161,P0556
H161,P0557
H161,P0559
H161,P0563
H161,P0564
H161,P0566
H161,P0568
H161,P0570
H161,P0572
H161,P0573
H161,P0575
H161,P0576
H161,P0577
H161,P0578
H161,P0579
H161,P0585
H161,P0587
H161,P0590
H161,P0592
H161,P0593
H161,P0594
H161,P0595
H161,P0598
H161,P0599
H161,P0600
H162,P0001
H162,P0003
H162,P0004
H162,P0005
H162,P0006
H162,P0007
H162,P0008
H162,P0010
H162,P0016
H162,P0017
H162,P0018
H162,P0019
H162,P0021
H162,P0022
H162,P0023
H162,P0024
H162,P0025
H162,P0029
H162,P0031
H162,P0033
H162,P0034
H162,P0035
H162,P0036
H162,P0037
H162,P0038
H162,P0039
H162,P0040
H162,P0042
H162,P0043
H162,P0044
H162,P0045
H162,P0047
H162,P0048
H162,P0049
H162,P0050
H162,P0051
H162,P0053
H162,P0054
H162,P0056
H162,P0057
H162,P0058
H162,P0062
H162,P0065
H162,P0066
H162,P0067
H162,P0068
H162,P0069
H162,P0071
H162,P0072
H162,P0073
H162,P0074
H162,P0075
H162,P0076
H162,P0077
H162,P0078
H162,P0079
H162,P0081
H162,P0082
H162,P0083
H162,P0084
H162,P0086
H162,P0087
H162,P0088
H162,P0089
H162,P0091
H162,P0092
H162,P0093
H162,P0096
H162,P0097
H162,P0098
H162,P0099
H162,P0100
H162,P0102
H162,P0103
H162,P0104
H162,P0105
H162,P0106
H162,P0107
H162,P0109
H162,P0110
H162,P0111
H162,P0112
H162,P0113
H162,P0114
H162,P0115
H162,P0116
H162,P0117
H162,P0121
H162,P0123
H162,P0126
H162,P0127
H162,P0129
H162,P0130
H162,P0131
H162,P0132
H162,P0133
H162,P0134
H162,P0135
H162,P0136
H162,P0137
H162,P0138
H162,P0141
H162,P0142
H162,P0143
H162,P0144
H162,P0145
H162,P0146
H162,P0147
H162,P0148
H162,P0149
H162,P0151
H162,P0152
H162,P0155
H162,P0157
H162,P0158
H162,P0160
H162,P0161
H162,P0164
H162,P0165
H162,P0166
H162,P0167
H162,P0168
H162,P0169
H162,P0170
H162,P0171
H162,P0173
H162,P0174
H162,P0176
H162,P0178
H162,P0179
H162,P0181
H162,P0183
H162,P0184
H162,P0185
H162,P0186
H162,P0188
H162,P0189
H162,P0190
H162,P0191
H162,P0192
H162,P0197
H162,P0200
H162,P0201
H162,P0204
H162,P0205
H162,P0206
H162,P0207
H162,P0208
H162,P0209
H162,P0211
H162,P0212
H162,P0213
H162,P0214
H162,P0215
H162,P0216
H162,P0217
H162,P0219
H162,P0221
H162,P0222
H162,P0223
H162,P0224
H162,P0225
H162,P0226
H162,P0227
H162,P0228
H162,P0230
H162,P0232
H162,P0233
H162,P0234
H162,P0236
H162,P0237
H162,P0238
H162,P0239
H162,P0240
H162,P0241
H162,P0242
H162,P0243
H162,P0244
H162,P0245
H162,P0248
H162,P0249
H162,P0250
H162,P0252
H162,P0253
H162,P0254
H162,P0255
H162,P0256
H162,P0257
H162,P0258
H162,P0259
H162,P0261
H162,P0262
H162,P0264
H162,P0265
H162,P0266
H162,P0268
H162,P0270
H162,P0271
H162,P0273
H162,P0276
H162,P0277
H162,P0278
H162,P0280
H162,P0281
H162,P0282
H162,P0283
H162,P0284
H162,P0285
H162,P0288
H162,P0290
H162,P0294
H162,P0295
H162,P0296
H162,P0303
H162,P0305
H162,P0306
H162,P0307
H162,P0309
H162,P0310
H162,P0311
H162,P0312
H162,P0314
H162,P0315
H162,P0316
H162,P0317
H162,P0319
H162,P0320
H162,P0321
H162,P0323
H162,P0324
H162,P0325
H162,P0326
H162,P0327
H162,P0328
H162,P0329
H162,P0330
H162,P0332
H162,P0333
H162,P0334
H162,P0335
H162,P0336
H162,P0337
H162,P0338
H162,P0339
H162,P0340
H162,P0341
H162,P0342
H162,P0343
H162,P0344
H162,P0345
H162,P0346
H162,P0347
H162,P0348
H162,P0350
H162,P0352
H162,P0353
H162,P0354
H162,P0356
H162,P0357
H162,P0358
H162,P0360
H162,P0361
H162,P0362
H162,P0363
H162,P0364
H162,P0366
H162,P0367
H162,P0368
H162,P0370
H162,P0371
H162,P0372
H162,P0374
H162,P0375
H162,P0376
H162,P0378
H162,P0379
H162,P0380
H162,P0381
H162,P0382
H162,P0383
H162,P0388
H162,P0390
H162,P0391
H162,P0392
H162,P0393
H162,P0394
H162,P0395
H162,P0398
H162,P0400
H162,P0401
H162,P0403
H162,P0404
H162,P0405
H162,P0407
H162,P0409
H162,P0410
H162,P0413
H162,P0414
H162,P0415
H162,P0417
H162,P0418
H162,P0420
H162,P0421
H162,P0424
H162,P0425
H162,P0426
H162,P0430
H162,P0432
H162,P0433
H162,P0434
H162,P0435
H162,P0436
H162,P0438
H162,P0439
H162,P0440
H162,P0441
H162,P0442
H162,P0443
H162,P0444
H162,P0445
H162,P0447
H162,P0448
H162,P0450
H162,P0451
H162,P0452
H162,P0453
H162,P0455
H162,P0458
H162,P0459
H162,P0460
H162,P0461
H162,P0462
H162,P0463
H162,P0464
H162,P0465
H162,P0467
H162,P0469
H162,P0470
H162,P0471
H162,P0472
H162,P0473
H162,P0474
H162,P0477
H162,P0478
H162,P0479
H162,P0480
H162,P0481
H162,P0482
H162,P0484
H162,P0485
H162,P0486
H162,P0487
H162,P0488
H162,P0489
H162,P0490
H162,P0491
H162,P0492
H162,P0494
H162,P0496
H162,P0497
H162,P0499
H162,P0501
H162,P0502
H162,P0504
H162,P0507
H162,P0510
H162,P0511
H162,P0512
H162,P0514
H162,P0515
H162,P0516
H162,P0517
H162,P0518
H162,P0519
H162,P0521
H162,P0522
H162,P0523
H162,P0524
H162,P0526
H162,P0527
H162,P0528
H162,P0530
H162,P0532
H162,P0533
H162,P0534
H162,P0535
H162,P0537
H162,P0538
H162,P0539
H162,P0540
H162,P0543
H162,P0544
H162,P0546
H162,P0547
H162,P0550
H162,P0551
H162,P0552
H162,P0553
H162,P0555
H162,P0556
H162,P0557
H162,P0558
H162,P0559
H162,P0560
H162,P0565
H162,P0568
H162,P0569
H162,P0570
H162,P0572
H162,P0575
H162,P0576
H162,P0578
H162,P0584
H162,P0585
H162,P0586
H162,P0587
H162,P0588
H162,P0589
H162,P0590
H162,P0592
H162,P0593
H162,P0595
H162,P0598
H162,P0599
H163,P0001
H163,P0002
H163,P0003
H163,P0004
H163,P0005
H163,P0006
H163,P0007
H163,P0008
H163,P0010
H163,P0011
H163,P0012
H163,P0013
H163,P0014
H163,P0015
H163,P0016
H163,P0017
H163,P0018
H163,P0020
H163,P0021
H163,P0022
H163,P0023
H163,P0024
H163,P0025
H163,P0026
H163,P0027
H163,P0028
H163,P0029
H163,P0030
H163,P0032
H163,P0033
H163,P0034
H163,P0035
H163,P0037
H163,P0039
H163,P0040
H163,P0045
H163,P0046
H163,P0047
H163,P0048
H163,P0049
H163,P0051
H163,P0052
H163,P0053
H163,P0054
H163,P0055
H163,P0058
H163,P0060
H163,P0061
H163,P0062
H163,P0063
H163,P0065
H163,P0068
H163,P0069
H163,P0071
H163,P0072
H163,P0073
H163,P0074
H163,P0075
H163,P0076
H163,P0077
H163,P0078
H163,P0079
H163,P0081
H163,P0082
H163,P0083
H163,P0084
H163,P0085
H163,P0086
H163,P0088
H163,P0089
H163,P0092
H163,P0095
H163,P0096
H163,P0097
H163,P0099
H163,P0100
H163,P0101
H163,P0103
H163,P0104
H163,P0105
H163,P0106
H163,P0107
H163,P0108
H163,P0109
H163,P0110
H163,P0111
H163,P0112
H163,P0113
H163,P0114
H163,P0115
H163,P0116
H163,P0117
H163,P0118
H163,P0121
H163,P0122
H163,P0123
H163,P0124
H163,P0125
H163,P0126
H163,P0128
H163,P0129
H163,P0130
H163,P0131
H163,P0132
H163,P0133
H163,P0135
H163,P0136
H163,P0139
H163,P0140
H163,P0141
H163,P0142
H163,P0143
H163,P0144
H163,P0145
H163,P0146
H163,P0147
H163,P0148
H163,P0149
H163,P0150
H163,P0151
H163,P0152
H163,P0153
H163,P0155
H163,P0156
H163,P0157
H163,P0162
H163,P0163
H163,P0164
H163,P0165
H163,P0166
H163,P0167
H163,P0168
H163,P0169
H163,P0170
H163,P0171
H163,P0172
H163,P0173
H163,P0175
H163,P0177
H163,P0178
H163,P0179
H163,P0181
H163,P0184
H163,P0185
H163,P0186
H163,P0188
H163,P0189
H163,P0190
H163,P0193
H163,P0194
H163,P0197
H163,P0198
H163,P0200
H163,P0201
H163,P0202
H163,P0203
H163,P0205
H163,P0206
H163,P0207
H163,P0208
H163,P0209
H163,P0211
H163,P0212
H163,P0213
H163,P0214
H163,P0215
H163,P0217
H163,P0219
H163,P0220
H163,P0222
H163,P0223
H163,P0224
H163,P0225
H163,P0226
H163,P0229
H163,P0230
H163,P0231
H163,P0232
H163,P0233
H163,P0234
H163,P0235
H163,P0236
H163,P0237
H163,P0238
H163,P0241
H163,P0242
H163,P0244
H163,P0245
H163,P0246
H163,P0247
H163,P0249
H163,P0250
H163,P0251
H163,P0252
H163,P0253
H163,P0255
H163,P0256
H163,P0257
H163,P0258
H163,P0259
H163,P0260
H163,P0261
H163,P0262
H163,P0264
H163,P0265
H163,P0266
H163,P0267
H163,P0268
H163,P0269
H163,P0270
H163,P0271
H163,P0273
H163,P0274
H163,P0276
H163,P0277
H163,P0278
H163,P0279
H163,P0283
H163,P0284
H163,P0285
H163,P0286
H163,P0287
H163,P0288
H163,P0290
H163,P0291
H163,P0292
H163,P0294
H163,P0295
H163,P0296
H163,P0299
H163,P0300
H163,P0301
H163,P0303
H163,P0305
H163,P0306
H163,P0307
H163,P0310
H163,P0312
H163,P0313
H163,P0314
H163,P0315
H163,P0316
H163,P0317
H163,P0318
H163,P0319
H163,P0320
H163,P0321
H163,P0323
H163,P0324
H163,P0325
H163,P0326
H163,P0329
H163,P0330
H163,P0332
H163,P0336
H163,P0339
H163,P0340
H163,P0342
H163,P0345
H163,P0346
H163,P0347
H163,P0348
H163,P0349
H163,P0351
H163,P0352
H163,P0353
H163,P0354
H163,P0355
H163,P0357
H163,P0358
H163,P0359
H163,P0360
H163,P0361
H163,P0362
H163,P0363
H163,P0364
H163,P0366
H163,P0368
H163,P0369
H163,P0371
H163,P0372
H163,P0373
H163,P0374
H163,P0375
H163,P0376
H163,P0377
H163,P0378
H163,P0379
H163,P0380
H163,P0381
H163,P0383
H163,P0384
H163,P0385
H163,P0387
H163,P0391
H163,P0392
H163,P0393
H163,P0394
H163,P0395
H163,P0396
H163,P0397
H163,P0398
H163,P0400
H163,P0401
H163,P0402
H163,P0404
H163,P0405
H163,P0406
H163,P0408
H163,P0409
H163,P0410
H163,P0411
H163,P0412
H163,P0413
H163,P0415
H163,P0417
H163,P0418
H163,P0421
H163,P0422
H163,P0424
H163,P0427
H163,P0428
H163,P0430
H163,P0431
H163,P0432
H163,P0433
H163,P0435
H163,P0436
H163,P0440
H163,P0442
H163,P0443
H163,P0444
H163,P0445
H163,P0446
H163,P0447
H163,P0449
H163,P0450
H163,P0451
H163,P0453
H163,P0454
H163,P0455
H163,P0456
H163,P0459
H163,P0460
H163,P0461
H163,P0462
H163,P0463
H163,P0464
H163,P0465
H163,P0468
H163,P0471
H163,P0472
H163,P0473
H163,P0474
H163,P0477
H163,P0479
H163,P0480
H163,P0482
H163,P0484
H163,P0486
H163,P0489
H163,P0490
H163,P0491
H163,P0492
H163,P0493
H163,P0494
H163,P0495
H163,P0496
H163,P0498
H163,P0499
H163,P0500
H163,P0502
H163,P0503
H163,P0505
H163,P0506
H163,P0511
H163,P0513
H163,P0515
H163,P0516
H163,P0518
H163,P0519
H163,P0520
H163,P0521
H163,P0522
H163,P0523
H163,P0524
H163,P0527
H163,P0528
H163,P0529
H163,P0530
H163,P0532
H163,P0533
H163,P0534
H163,P0535
H163,P0536
H163,P0537
H163,P0538
H163,P0540
H163,P0541
H163,P0544
H163,P0545
H163,P0546
H163,P0547
H163,P0548
H163,P0549
H163,P0550
H163,P0551
H163,P0552
H163,P0553
H163,P0556
H163,P0560
H163,P0561
H163,P0562
H163,P0564
H163,P0565
H163,P0566
H163,P0567
H163,P0569
H163,P0570
H163,P0571
H163,P0572
H163,P0573
H163,P0575
H163,P0576
H163,P0578
H163,P0579
H163,P0581
H163,P0586
H163,P0587
H163,P0588
H163,P0589
H163,P0591
H163,P0592
H163,P0593
H163,P0596
H163,P0597
H163,P0598
H163,P0599
H163,P0600
H164,P0001
H164,P0002
H164,P0003
H164,P0004
H164,P0005
H164,P0006
H164,P0007
H164,P0012
H164,P0013
H164,P0014
H164,P0015
H164,P0016
H164,P0017
H164,P0018
H164,P0019
H164,P0021
H164,P0024
H164,P0025
H164,P0026
H164,P0028
H164,P0029
H164,P0030
H164,P0031
H164,P0032
H164,P0033
H164,P0035
H164,P0036
H164,P0037
H164,P0038
H164,P0039
H164,P0041
H164,P0042
H164,P0045
H164,P0047
H164,P0048
H164,P0049
H164,P0051
H164,P0053
H164,P0055
H164,P0056
H164,P0057
H164,P0060
H164,P0061
H164,P0062
H164,P0063
H164,P0065
H164,P0066
H164,P0067
H164,P0068
H164,P0069
H164,P0070
H164,P0071
H164,P0072
H164,P0073
H164,P0074
H164,P0075
H164,P0076
H164,P0078
H164,P0080
H164,P0082
H164,P0083
H164,P0084
H164,P0085
H164,P0086
H164,P0087
H164,P0088
H164,P0089
H164,P0090
H164,P0091
H164,P0092
H164,P0093
H164,P0094
H164,P0095
H164,P0096
H164,P0097
H164,P0098
H164,P0099
H164,P0100
H164,P0101
H164,P0102
H164,P0103
H164,P0104
H164,P0105
H164,P0106
H164,P0109
H164,P0110
H164,P0111
H164,P0112
H164,P0113
H164,P0114
H164,P0115
H164,P0116
H164,P0117
H164,P0120
H164,P0121
H164,P0122
H164,P0124
H164,P0125
H164,P0128
H164,P0131
H164,P0132
H164,P0133
H164,P0135
H164,P0136
H164,P0138
H164,P0139
H164,P0140
H164,P0141
H164,P0142
H164,P0143
H164,P0145
H164,P0146
H164,P0147
H164,P0148
H164,P0149
H164,P0150
H164,P0151
H164,P0152
H164,P0153
H164,P0154
H164,P0155
H164,P0158
H164,P0159
H164,P0160
H164,P0161
H164,P0162
H164,P0163
H164,P0164
H164,P0165
H164,P0167
H164,P0168
H164,P0170
H164,P0171
H164,P0172
H164,P0173
H164,P0174
H164,P0175
H164,P0176
H164,P0179
H164,P0182
H164,P0183
H164,P0186
H164,P0187
H164,P0188
H164,P0189
H164,P0190
H164,P0191
H164,P0192
H164,P0193
H164,P0194
H164,P0196
H164,P0197
H164,P0198
H164,P0199
H164,P0200
H164,P0202
H164,P0203
H164,P0204
H164,P0205
H164,P0209
H164,P0210
H164,P0211
H164,P0212
H164,P0213
H164,P0215
H164,P0216
H164,P0217
H164,P0221
H164,P0222
H164,P0223
H164,P0225
H164,P0226
H164,P0227
H164,P0228
H164,P0229
H164,P0230
H164,P0231
H164,P0232
H164,P0237
H164,P0238
H164,P0239
H164,P0241
H164,P0242
H164,P0244
H164,P0245
H164,P0246
H164,P0250
H164,P0251
H164,P0252
H164,P0253
H164,P0254
H164,P0255
H164,P0256
H164,P0258
H164,P0261
H164,P0262
H164,P0264
H164,P0265
H164,P0266
H164,P0268
H164,P0269
H164,P0270
H164,P0271
H164,P0272
H164,P0274
H164,P0276
H164,P0277
H164,P0278
H164,P0279
H164,P0280
H164,P0281
H164,P0283
H164,P0284
H164,P0285
H164,P0286
H164,P0287
H164,P0289
H164,P0291
H164,P0292
H164,P0293
H164,P0294
H164,P0295
H164,P0296
H164,P0297
H164,P0298
H164,P0299
H164,P0300
H164,P0302
H164,P0303
H164,P0304
H164,P0305
H164,P0308
H164,P0309
H164,P0310
H164,P0312
H164,P0313
H164,P0315
H164,P0316
H164,P0317
H164,P0319
H164,P0320
H164,P0321
H164,P0322
H164,P0323
H164,P0324
H164,P0325
H164,P0326
H164,P0329
H164,P0330
H164,P0331
H164,P0332
H164,P0334
H164,P0335
H164,P0337
H164,P0338
H164,P0339
H164,P0340
H164,P0341
H164,P0343
H164,P0345
H164,P0346
H164,P0347
H164,P0348
H164,P0349
H164,P0351
H164,P0352
H164,P0353
H164,P0355
H164,P0356
H164,P0357
H164,P0358
H164,P0359
H164,P0361
H164,P0362
H164,P0363
H164,P0364
H164,P0366
H164,P0367
H164,P0368
H164,P0369
H164,P0370
H164,P0373
H164,P0374
H164,P0375
H164,P0377
H164,P0378
H164,P0379
H164,P0380
H164,P0381
H164,P0383
H164,P0384
H164,P0388
H164,P0389
H164,P0390
H164,P0391
H164,P0392
H164,P0393
H164,P0394
H164,P0395
H164,P0397
H164,P0398
H164,P0399
H164,P0400
H164,P0402
H164,P0404
H164,P0405
H164,P0406
H164,P0407
H164,P0408
H164,P0409
H164,P0411
H164,P0412
H164,P0414
H164,P0415
H164,P0417
H164,P0418
H164,P0419
H164,P0420
H164,P0421
H164,P0422
H164,P0424
H164,P0425
H164,P0426
H164,P0428
H164,P0430
H164,P0431
H164,P0432
H164,P0433
H164,P0435
H164,P0437
H164,P0439
H164,P0440
H164,P0441
H164,P0442
H164,P0443
H164,P0444
H164,P0446
H164,P0447
H164,P0448
H164,P0450
H164,P0451
H164,P0452
H164,P0453
H164,P0454
H164,P0455
H164,P0459
H164,P0461
H164,P0462
H164,P0463
H164,P0464
H164,P0465
H164,P0467
H164,P0469
H164,P0472
H164,P0473
H164,P0474
H164,P0478
H164,P0479
H164,P0480
H164,P0481
H164,P0485
H164,P0486
H164,P0488
H164,P0489
H164,P0490
H164,P0491
H164,P0492
H164,P0493
H164,P0494
H164,P0495
H164,P0496
H164,P0497
H164,P0498
H164,P0499
H164,P0500
H164,P0502
H164,P0505
H164,P0506
H164,P0507
H164,P0510
H164,P0511
H164,P0512
H164,P0514
H164,P0515
H164,P0516
H164,P0518
H164,P0519
H164,P0520
H164,P0521
H164,P0522
H164,P0524
H164,P0526
H164,P0527
H164,P0528
H164,P0529
H164,P0530
H164,P0532
H164,P0533
H164,P0535
H164,P0537
H164,P0538
H164,P0539
H164,P0540
H164,P0541
H164,P0542
H164,P0543
H164,P0545
H164,P0546
H164,P0547
H164,P0549
H164,P0551
H164,P0552
H164,P0553
H164,P0555
H164,P0556
H164,P0557
H164,P0558
H164,P0560
H164,P0562
H164,P0563
H164,P0564
H164,P0565
H164,P0566
H164,P0567
H164,P0568
H164,P0569
H164,P0570
H164,P0571
H164,P0572
H164,P0575
H164,P0576
H164,P0578
H164,P0579
H164,P0581
H164,P0582
H164,P0583
H164,P0584
H164,P0585
H164,P0587
H164,P0589
H164,P0590
H164,P0591
H164,P0593
H164,P0594
H164,P0595
H164,P0596
H164,P0598
H164,P0600
H165,P0002
H165,P0004
H165,P0006
H165,P0008
H165,P0011
H165,P0013
H165,P0014
H165,P0016
H165,P0017
H165,P0022
H165,P0024
H165,P0029
H165,P0030
H165,P0031
H165,P0032
H165,P0034
H165,P0035
H165,P0037
H165,P0039
H165,P0041
H165,P0043
H165,P0045
H165,P0046
H165,P0047
H165,P0048
H165,P0049
H165,P0052
H165,P0057
H165,P0059
H165,P0061
H165,P0062
H165,P0063
H165,P0064
H165,P0065
H165,P0066
H165,P0068
H165,P0069
H165,P0071
H165,P0075
H165,P0076
H165,P0077
H165,P0079
H165,P0080
H165,P0083
H165,P0084
H165,P0085
H165,P0086
H165,P0088
H165,P0092
H165,P0093
H165,P0097
H165,P0098
H165,P0099
H165,P0100
H165,P0102
H165,P0103
H165,P0104
H165,P0105
H165,P0107
H165,P0110
H165,P0111
H165,P0112
H165,P0113
H165,P0114
H165,P0115
H165,P0116
H165,P0121
H165,P0122
H165,P0124
H165,P0125
H165,P0127
H165,P0128
H165,P0129
H165,P0130
H165,P0131
H165,P0132
H165,P0133
H165,P0134
H165,P0135
H165,P0137
H165,P0139
H165,P0140
H165,P0142
H165,P0143
H165,P0145
H165,P0146
H165,P0147
H165,P0148
H165,P0149
H165,P0150
H165,P0151
H165,P0152
H165,P0153
H165,P0154
H165,P0156
H165,P0157
H165,P0159
H165,P0160
H165,P0164
H165,P0165
H165,P0166
H165,P0168
H165,P0169
H165,P0170
H165,P0171
H165,P0172
H165,P0173
H165,P0174
H165,P0175
H165,P0176
H165,P0178
H165,P0180
H165,P0181
H165,P0183
H165,P0185
H165,P0186
H165,P0188
H165,P0189
H165,P0190
H165,P0191
H165,P0192
H165,P0193
H165,P0195
H165,P0196
H165,P0197
H165,P0199
H165,P0200
H165,P0203
H165,P0205
H165,P0209
H165,P0210
H165,P0211
H165,P0212
H165,P0213
H165,P0216
H165,P0218
H165,P0219
H165,P0221
H165,P0222
H165,P0223
H165,P0224
H165,P0226
H165,P0227
H165,P0228
H165,P0229
H165,P0231
H165,P0234
H165,P0235
H165,P0236
H165,P0237
H165,P0238
H165,P0240
H165,P0241
H165,P0243
H165,P0244
H165,P0245
H165,P0248
H165,P0249
H165,P0250
H165,P0251
H165,P0253
H165,P0254
H165,P0256
H165,P0257
H165,P0258
H165,P0259
H165,P0262
H165,P0265
H165,P0266
H165,P0267
H165,P0268
H165,P0269
H165,P0270
H165,P0271
H165,P0273
H165,P0274
H165,P0276
H165,P0277
H165,P0279
H165,P0282
H165,P0283
H165,P0284
H165,P0285
H165,P0287
H165,P0289
H165,P0291
H165,P0292
H165,P0294
H165,P0295
H165,P0297
H165,P0299
H165,P0300
H165,P0303
H165,P0305
H165,P0307
H165,P0308
H165,P0309
H165,P0310
H165,P0312
H165,P0314
H165,P0315
H165,P0317
H165,P0318
H165,P0320
H165,P0321
H165,P0323
H165,P0324
H165,P0325
H165,P0326
H165,P0327
H165,P0328
H165,P0329
H165,P0330
H165,P0332
H165,P0333
H165,P0336
H165,P0337
H165,P0338
H165,P0339
H165,P0340
H165,P0342
H165,P0344
H165,P0345
H165,P0346
H165,P0348
H165,P0351
H165,P0352
H165,P0353
H165,P0354
H165,P0355
H165,P0357
H165,P0358
H165,P0359
H165,P0361
H165,P0362
H165,P0363
H165,P0367
H165,P0369
H165,P0370
H165,P0372
H165,P0373
H165,P0374
H165,P0375
H165,P0376
H165,P0377
H165,P0378
H165,P0379
H165,P0380
H165,P0381
H165,P0382
H165,P0383
H165,P0387
H165,P0391
H165,P0394
H165,P0395
H165,P0396
H165,P0398
H165,P0400
H165,P0401
H165,P0402
H165,P0404
H165,P0406
H165,P0407
H165,P0408
H165,P0409
H165,P0411
H165,P0412
H165,P0414
H165,P0416
H165,P0417
H165,P0418
H165,P0422
H165,P0425
H165,P0427
H165,P0428
H165,P0430
H165,P0431
H165,P0432
H165,P0433
H165,P0434
H165,P0435
H165,P0436
H165,P0438
H165,P0439
H165,P0442
H165,P0443
H165,P0445
H165,P0447
H165,P0450
H165,P0451
H165,P0452
H165,P0454
H165,P0455
H165,P0459
H165,P0460
H165,P0461
H165,P0463
H165,P0464
H165,P0465
H165,P0471
H165,P0472
H165,P0474
H165,P0477
H165,P0479
H165,P0481
H165,P0482
H165,P0485
H165,P0486
H165,P0487
H165,P0488
H165,P0489
H165,P0490
H165,P0492
H165,P0495
H165,P0496
H165,P0497
H165,P0499
H165,P0500
H165,P0501
H165,P0502
H165,P0505
H165,P0506
H165,P0507
H165,P0508
H165,P0509
H165,P0511
H165,P0514
H165,P0515
H165,P0516
H165,P0518
H165,P0519
H165,P0520
H165,P0521
H165,P0522
H165,P0523
H165,P0524
H165,P0525
H165,P0526
H165,P0527
H165,P0530
H165,P0532
H165,P0533
H165,P0535
H165,P0536
H165,P0537
H165,P0538
H165,P0540
H165,P0541
H165,P0542
H165,P0545
H165,P0547
H165,P0548
H165,P0550
H165,P0553
H165,P0556
H165,P0557
H165,P0558
H165,P0560
H165,P0561
H165,P0563
H165,P0564
H165,P0567
H165,P0568
H165,P0569
H165,P0570
H165,P0571
H165,P0572
H165,P0573
H165,P0575
H165,P0576
H165,P0578
H165,P0579
H165,P0581
H165,P0582
H165,P0584
H165,P0585
H165,P0587
H165,P0589
H165,P0590
H165,P0591
H165,P0592
H165,P0593
H165,P0594
H165,P0595
H165,P0600
H166,P0001
H166,P0002
H166,P0005
H166,P0006
H166,P0009
H166,P0010
H166,P0011
H166,P0013
H166,P0014
H166,P0015
H166,P0016
H166,P0017
H166,P0018
H166,P0019
H166,P0021
H166,P0022
H166,P0023
H166,P0024
H166,P0027
H166,P0030
H166,P0031
H166,P0033
H166,P0036
H166,P0040
H166,P0042
H166,P0043
H166,P0045
H166,P0046
H166,P0047
H166,P0048
H166,P0049
H166,P0050
H166,P0051
H166,P0052
H166,P0054
H166,P0057
H166,P0060
H166,P0062
H166,P0063
H166,P0064
H166,P0065
H166,P0068
H166,P0069
H166,P0070
H166,P0071
H166,P0072
H166,P0073
H166,P0074
H166,P0075
H166,P0076
H166,P0077
H166,P0078
H166,P0079
H166,P0080
H166,P0082
H166,P0083
H166,P0085
H166,P0086
H166,P0088
H166,P0089
H166,P0090
H166,P0091
H166,P0092
H166,P0093
H166,P0094
H166,P0095
H166,P0096
H166,P0097
H166,P0098
H166,P0099
H166,P0100
H166,P0102
H166,P0103
H166,P0104
H166,P0105
H166,P0106
H166,P0107
H166,P0108
H166,P0109
H166,P0110
H166,P0111
H166,P0112
H166,P0113
H166,P0115
H166,P0116
H166,P0117
H166,P0119
H166,P0120
H166,P0121
H166,P0123
H166,P0124
H166,P0126
H166,P0127
H166,P0128
H166,P0129
H166,P0130
H166,P0133
H166,P0134
H166,P0136
H166,P0137
H166,P0138
H166,P0139
H166,P0140
H166,P0141
H166,P0145
H166,P0146
H166,P0147
H166,P0148
H166,P0149
H166,P0150
H166,P0152
H166,P0153
H166,P0155
H166,P0156
H166,P0158
H166,P0159
H166,P0160
H166,P0163
H166,P0164
H166,P0165
H166,P0166
H166,P0168
H166,P0171
H166,P0172
H166,P0174
H166,P0176
H166,P0177
H166,P0178
H166,P0179
H166,P0180
H166,P0181
H166,P0182
H166,P0184
H166,P0185
H166,P0186
H166,P0188
H166,P0189
H166,P0190
H166,P0191
H166,P0192
H166,P0193
H166,P0194
H166,P0197
H166,P0198
H166,P0199
H166,P0203
H166,P0204
H166,P0205
H166,P0206
H166,P0207
H166,P0208
H166,P0209
H166,P0210
H166,P0211
H166,P0212
H166,P0213
H166,P0216
H166,P0218
H166,P0219
H166,P0220
H166,P0221
H166,P0222
H166,P0226
H166,P0227
H166,P0229
H166,P0230
H166,P0232
H166,P0233
H166,P0234
H166,P0235
H166,P0237
H166,P0239
H166,P0240
H166,P0241
H166,P0242
H166,P0243
H166,P0244
H166,P0245
H166,P0246
H166,P0247
H166,P0248
H166,P0249
H166,P0250
H166,P0251
H166,P0254
H166,P0255
H166,P0256
H166,P0257
H166,P0258
H166,P0259
H166,P0260
H166,P0261
H166,P0262
H166,P0263
H166,P0264
H166,P0265
H166,P0266
H166,P0267
H166,P0268
H166,P0269
H166,P0271
H166,P0273
H166,P0274
H166,P0275
H166,P0276
H166,P0277
H166,P0278
H166,P0279
H166,P0280
H166,P0281
H166,P0283
H166,P0284
H166,P0285
H166,P0286
H166,P0287
H166,P0288
H166,P0289
H166,P0290
H166,P0291
H166,P0292
H166,P0295
H166,P0296
H166,P0298
H166,P0299
H166,P0302
H166,P0303
H166,P0305
H166,P0306
H166,P0307
H166,P0308
H166,P0309
H166,P0314
H166,P0316
H166,P0317
H166,P0318
H166,P0319
H166,P0320
H166,P0321
H166,P0324
H166,P0325
H166,P0326
H166,P0328
H166,P0329
H166,P0330
H166,P0332
H166,P0334
H166,P0335
H166,P0336
H166,P0337
H166,P0339
H166,P0341
H166,P0342
H166,P0343
H166,P0344
H166,P0345
H166,P0346
H166,P0347
H166,P0348
H166,P0349
H166,P0351
H166,P0352
H166,P0353
H166,P0354
H166,P0355
H166,P0358
H166,P0361
H166,P0362
H166,P0364
H166,P0366
H166,P0367
H166,P0368
H166,P0369
H166,P0370
H166,P0371
H166,P0378
H166,P0379
H166,P0380
H166,P0381
H166,P0383
H166,P0384
H166,P0385
H166,P0387
H166,P0388
H166,P0389
H166,P0390
H166,P0391
H166,P0392
H166,P0393
H166,P0394
H166,P0395
H166,P0396
H166,P0397
H166,P0399
H166,P0400
H166,P0402
H166,P0404
H166,P0405
H166,P0406
H166,P0412
H166,P0414
H166,P0415
H166,P0417
H166,P0420
H166,P0422
H166,P0425
H166,P0426
H166,P0428
H166,P0430
H166,P0431
H166,P0432
H166,P0433
H166,P0434
H166,P0435
H166,P0436
H166,P0437
H166,P0438
H166,P0439
H166,P0440
H166,P0441
H166,P0442
H166,P0444
H166,P0445
H166,P0446
H166,P0447
H166,P0450
H166,P0452
H166,P0454
H166,P0455
H166,P0457
H166,P0459
H166,P0460
H166,P0461
H166,P0463
H166,P0464
H166,P0465
H166,P0467
H166,P0468
H166,P0470
H166,P0471
H166,P0472
H166,P0475
H166,P0477
H166,P0478
H166,P0481
H166,P0482
H166,P0483
H166,P0484
H166,P0485
H166,P0486
H166,P0488
H166,P0489
H166,P0490
H166,P0491
H166,P0492
H166,P0495
H166,P0497
H166,P0500
H166,P0501
H166,P0502
H166,P0503
H166,P0505
H166,P0506
H166,P0507
H166,P0508
H166,P0509
H166,P0511
H166,P0512
H166,P0514
H166,P0515
H166,P0516
H166,P0517
H166,P0518
H166,P0519
H166,P0520
H166,P0521
H166,P0523
H166,P0524
H166,P0525
H166,P0526
H166,P0527
H166,P0528
H166,P0529
H166,P0531
H166,P0532
H166,P0533
H166,P0534
H166,P0535
H166,P0538
H166,P0540
H166,P0542
H166,P0543
H166,P0544
H166,P0546
H166,P0547
H166,P0548
H166,P0549
H166,P0551
H166,P0552
H166,P0553
H166,P0554
H166,P0555
H166,P0556
H166,P0557
H166,P0558
H166,P0560
H166,P0563
H166,P0564
H166,P0566
H166,P0568
H166,P0570
H166,P0571
H166,P0572
H166,P0573
H166,P0575
H166,P0576
H166,P0577
H166,P0578
H166,P0579
H166,P0580
H166,P0581
H166,P0584
H166,P0585
H166,P0588
H166,P0590
H166,P0591
H166,P0593
H166,P0594
H166,P0595
H166,P0597
H166,P0599
H166,P0600
H167,P0001
H167,P0006
H167,P0008
H167,P0010
H167,P0011
H167,P0012
H167,P0013
H167,P0014
H167,P0020
H167,P0021
H167,P0022
H167,P0023
H167,P0026
H167,P0027
H167,P0033
H167,P0037
H167,P0043
H167,P0046
H167,P0047
H167,P0048
H167,P0051
H167,P0053
H167,P0054
H167,P0058
H167,P0059
H167,P0062
H167,P0063
H167,P0065
H167,P0068
H167,P0072
H167,P0075
H167,P0079
H167,P0084
H167,P0085
H167,P0086
H167,P0087
H167,P0088
H167,P0095
H167,P0098
H167,P0100
H167,P0101
H167,P0103
H167,P0104
H167,P0110
H167,P0114
H167,P0115
H167,P0116
H167,P0117
H167,P0118
H167,P0121
H167,P0122
H167,P0124
H167,P0125
H167,P0126
H167,P0127
H167,P0128
H167,P0130
H167,P0131
H167,P0132
H167,P0134
H167,P0137
H167,P0139
H167,P0140
H167,P0141
H167,P0146
H167,P0148
H167,P0149
H167,P0152
H167,P0155
H167,P0158
H167,P0160
H167,P0161
H167,P0163
H167,P0164
H167,P0165
H167,P0168
H167,P0169
H167,P0171
H167,P0178
H167,P0179
H167,P0182
H167,P0183
H167,P0187
H167,P0190
H167,P0192
H167,P0202
H167,P0207
H167,P0211
H167,P0212
H167,P0213
H167,P0214
H167,P0216
H167,P0218
H167,P0219
H167,P0222
H167,P0226
H167,P0228
H167,P0229
H167,P0232
H167,P0235
H167,P0236
H167,P0241
H167,P0242
H167,P0247
H167,P0251
H167,P0256
H167,P0257
H167,P0258
H167,P0259
H167,P0261
H167,P0262
H167,P0264
H167,P0265
H167,P0267
H167,P0268
H167,P0270
H167,P0273
H167,P0279
H167,P0282
H167,P0285
H167,P0287
H167,P0295
H167,P0296
H167,P0298
H167,P0300
H167,P0304
H167,P0308
H167,P0311
H167,P0312
H167,P0313
H167,P0317
H167,P0320
H167,P0324
H167,P0326
H167,P0329
H167,P0330
H167,P0332
H167,P0334
H167,P0335
H167,P0338
H167,P0340
H167,P0342
H167,P0345
H167,P0346
H167,P0348
H167,P0353
H167,P0355
H167,P0356
H167,P0358
H167,P0360
H167,P0366
H167,P0367
H167,P0369
H167,P0371
H167,P0374
H167,P0375
H167,P0376
H167,P0380
H167,P0391
H167,P0392
H167,P0395
H167,P0396
H167,P0398
H167,P0402
H167,P0403
H167,P0406
H167,P0407
H167,P0408
H167,P0410
H167,P0414
H167,P0421
H167,P0422
H167,P0428
H167,P0429
H167,P0434
H167,P0438
H167,P0441
H167,P0447
H167,P0451
H167,P0452
H167,P0455
H167,P0456
H167,P0461
H167,P0462
H167,P0465
H167,P0468
H167,P0469
H167,P0470
H167,P0479
H167,P0480
H167,P0481
H167,P0483
H167,P0485
H167,P0488
H167,P0490
H167,P0492
H167,P0495
H167,P0496
H167,P0497
H167,P0502
H167,P0504
H167,P0508
H167,P0511
H167,P0512
H167,P0513
H167,P0515
H167,P0516
H167,P0518
H167,P0519
H167,P0520
H167,P0522
H167,P0523
H167,P0527
H167,P0530
H167,P0532
H167,P0533
H167,P0535
H167,P0537
H167,P0540
H167,P0545
H167,P0547
H167,P0553
H167,P0554
H167,P0557
H167,P0561
H167,P0564
H167,P0566
H167,P0567
H167,P0568
H167,P0569
H167,P0570
H167,P0571
H167,P0572
H167,P0573
H167,P0575
H167,P0576
H167,P0579
H167,P0583
H167,P0584
H167,P0585
H167,P0589
H167,P0590
H167,P0593
H167,P0595
H168,P0002
H168,P0005
H168,P0006
H168,P0007
H168,P0008
H168,P0011
H168,P0012
H168,P0013
H168,P0017
H168,P0019
H168,P0021
H168,P0027
H168,P0035
H168,P0036
H168,P0043
H168,P0045
H168,P0047
H168,P0048
H168,P0050
H168,P0052
H168,P0058
H168,P0060
H168,P0064
H168,P0065
H168,P0068
H168,P0069
H168,P0070
H168,P0071
H168,P0072
H168,P0073
H168,P0074
H168,P0078
H168,P0080
H168,P0082
H168,P0083
H168,P0085
H168,P0086
H168,P0088
H168,P0097
H168,P0100
H168,P0102
H168,P0103
H168,P0105
H168,P0107
H168,P0108
H168,P0109
H168,P0110
H168,P0114
H168,P0116
H168,P0117
H168,P0121
H168,P0122
H168,P0123
H168,P0124
H168,P0129
H168,P0130
H168,P0132
H168,P0134
H168,P0135
H168,P0136
H168,P0138
H168,P0139
H168,P0140
H168,P0141
H168,P0143
H168,P0144
H168,P0147
H168,P0148
H168,P0149
H168,P0150
H168,P0153
H168,P0154
H168,P0155
H168,P0156
H168,P0158
H168,P0160
H168,P0164
H168,P0165
H168,P0166
H168,P0174
H168,P0176
H168,P0178
H168,P0179
H168,P0181
H168,P0182
H168,P0183
H168,P0188
H168,P0193
H168,P0196
H168,P0199
H168,P0200
H168,P0201
H168,P0202
H168,P0203
H168,P0204
H168,P0205
H168,P0206
H168,P0211
H168,P0213
H168,P0214
H168,P0215
H168,P0216
H168,P0219
H168,P0223
H168,P0224
H168,P0226
H168,P0229
H168,P0233
H168,P0235
H168,P0236
H168,P0237
H168,P0239
H168,P0241
H168,P0242
H168,P0243
H168,P0245
H168,P0246
H168,P0249
H168,P0250
H168,P0251
H168,P0253
H168,P0254
H168,P0255
H168,P0256
H168,P0257
H168,P0258
H168,P0259
H168,P0261
H168,P0264
H168,P0265
H168,P0267
H168,P0268
H168,P0271
H168,P0276
H168,P0278
H168,P0280
H168,P0281
H168,P0287
H168,P0291
H168,P0293
H168,P0294
H168,P0295
H168,P0296
H168,P0299
H168,P0302
H168,P0303
H168,P0305
H168,P0307
H168,P0308
H168,P0310
H168,P0312
H168,P0313
H168,P0315
H168,P0316
H168,P0317
H168,P0318
H168,P0320
H168,P0321
H168,P0323
H168,P0324
H168,P0325
H168,P0326
H168,P0329
H168,P0330
H168,P0332
H168,P0333
H168,P0335
H168,P0336
H168,P0337
H168,P0339
H168,P0340
H168,P0342
H168,P0344
H168,P0345
H168,P0346
H168,P0347
H168,P0348
H168,P0349
H168,P0351
H168,P0355
H168,P0358
H168,P0360
H168,P0362
H168,P0369
H168,P0370
H168,P0372
H168,P0374
H168,P0375
H168,P0376
H168,P0378
H168,P0380
H168,P0381
H168,P0384
H168,P0385
H168,P0391
H168,P0394
H168,P0395
H168,P0396
H168,P0398
H168,P0401
H168,P0402
H168,P0404
H168,P0406
H168,P0407
H168,P0408
H168,P0410
H168,P0414
H168,P0418
H168,P0420
H168,P0422
H168,P0425
H168,P0430
H168,P0432
H168,P0433
H168,P0436
H168,P0438
H168,P0442
H168,P0443
H168,P0445
H168,P0446
H168,P0447
H168,P0448
H168,P0449
H168,P0450
H168,P0451
H168,P0453
H168,P0456
H168,P0459
H168,P0462
H168,P0470
H168,P0474
H168,P0477
H168,P0479
H168,P0481
H168,P0482
H168,P0486
H168,P0488
H168,P0492
H168,P0494
H168,P0496
H168,P0497
H168,P0499
H168,P0506
H168,P0511
H168,P0515
H168,P0518
H168,P0519
H168,P0521
H168,P0522
H168,P0527
H168,P0530
H168,P0531
H168,P0532
H168,P0533
H168,P0534
H168,P0535
H168,P0537
H168,P0544
H168,P0546
H168,P0548
H168,P0553
H168,P0554
H168,P0556
H168,P0557
H168,P0558
H168,P0561
H168,P0563
H168,P0564
H168,P0567
H168,P0568
H168,P0570
H168,P0572
H168,P0574
H168,P0577
H168,P0578
H168,P0585
H168,P0586
H168,P0589
H168,P0590
H168,P0591
H168,P0593
H168,P0594
H168,P0597
H168,P0599
H168,P0600
H169,P0002
H169,P0004
H169,P0005
H169,P0006
H169,P0007
H169,P0008
H169,P0009
H169,P0010
H169,P0012
H169,P0013
H169,P0014
H169,P0016
H169,P0017
H169,P0020
H169,P0021
H169,P0022
H169,P0023
H169,P0024
H169,P0025
H169,P0026
H169,P0027
H169,P0031
H169,P0033
H169,P0034
H169,P0035
H169,P0036
H169,P0037
H169,P0039
H169,P0040
H169,P0041
H169,P0043
H169,P0045
H169,P0046
H169,P0047
H169,P0048
H169,P0050
H169,P0051
H169,P0053
H169,P0054
H169,P0055
H169,P0058
H169,P0060
H169,P0061
H169,P0062
H169,P0063
H169,P0065
H169,P0066
H169,P0067
H169,P0068
H169,P0069
H169,P0070
H169,P0071
H169,P0072
H169,P0075
H169,P0077
H169,P0079
H169,P0081
H169,P0082
H169,P0083
H169,P0084
H169,P0085
H169,P0086
H169,P0088
H169,P0089
H169,P0090
H169,P0092
H169,P0094
H169,P0095
H169,P0096
H169,P0097
H169,P0098
H169,P0099
H169,P0100
H169,P0102
H169,P0103
H169,P0107
H169,P0109
H169,P0110
H169,P0111
H169,P0112
H169,P0113
H169,P0114
H169,P0115
H169,P0120
H169,P0121
H169,P0122
H169,P0125
H169,P0126
H169,P0127
H169,P0129
H169,P0130
H169,P0131
H169,P0132
H169,P0133
H169,P0134
H169,P0136
H169,P0138
H169,P0139
H169,P0140
H169,P0141
H169,P0142
H169,P0143
H169,P0144
H169,P0146
H169,P0147
H169,P0148
H169,P0149
H169,P0150
H169,P0151
H169,P0152
H169,P0153
H169,P0155
H169,P0156
H169,P0157
H169,P0161
H169,P0162
H169,P0164
H169,P0165
H169,P0167
H169,P0169
H169,P0171
H169,P0173
H169,P0174
H169,P0175
H169,P0176
H169,P0178
H169,P0180
H169,P0183
H169,P0184
H169,P0185
H169,P0188
H169,P0189
H169,P0190
H169,P0191
H169,P0192
H169,P0196
H169,P0197
H169,P0198
H169,P0200
H169,P0201
H169,P0202
H169,P0203
H169,P0204
H169,P0206
H169,P0207
H169,P0208
H169,P0209
H169,P0210
H169,P0212
H169,P0213
H169,P0214
H169,P0215
H169,P0216
H169,P0218
H169,P0219
H169,P0222
H169,P0223
H169,P0224
H169,P0225
H169,P0226
H169,P0229
H169,P0230
H169,P0232
H169,P0233
H169,P0234
H169,P0235
H169,P0236
H169,P0237
H169,P0239
H169,P0241
H169,P0242
H169,P0243
H169,P0244
H169,P0245
H169,P0246
H169,P0247
H169,P0248
H169,P0249
H169,P0251
H169,P0252
H169,P0255
H169,P0256
H169,P0257
H169,P0258
H169,P0259
H169,P0261
H169,P0262
H169,P0264
H169,P0265
H169,P0268
H169,P0269
H169,P0270
H169,P0271
H169,P0272
H169,P0273
H169,P0274
H169,P0276
H169,P0277
H169,P0278
H169,P0281
H169,P0282
H169,P0283
H169,P0284
H169,P0287
H169,P0288
H169,P0290
H169,P0291
H169,P0293
H169,P0294
H169,P0295
H169,P0296
H169,P0297
H169,P0298
H169,P0299
H169,P0300
H169,P0301
H169,P0303
H169,P0305
H169,P0307
H169,P0308
H169,P0309
H169,P0310
H169,P0312
H169,P0314
H169,P0315
H169,P0316
H169,P0317
H169,P0318
H169,P0319
H169,P0320
H169,P0321
H169,P0323
H169,P0325
H169,P0326
H169,P0328
H169,P0329
H169,P0330
H169,P0331
H169,P0332
H169,P0333
H169,P0335
H169,P0336
H169,P0337
H169,P0338
H169,P0339
H169,P0340
H169,P0341
H169,P0342
H169,P0344
H169,P0345
H169,P0346
H169,P0347
H169,P0349
H169,P0351
H169,P0352
H169,P0354
H169,P0356
H169,P0357
H169,P0358
H169,P0361
H169,P0363
H169,P0364
H169,P0366
H169,P0367
H169,P0368
H169,P0369
H169,P0370
H169,P0371
H169,P0372
H169,P0373
H169,P0375
H169,P0377
H169,P0379
H169,P0380
H169,P0381
H169,P0383
H169,P0384
H169,P0386
H169,P0387
H169,P0388
H169,P0391
H169,P0393
H169,P0395
H169,P0396
H169,P0398
H169,P0399
H169,P0400
H169,P0402
H169,P0403
H169,P0404
H169,P0405
H169,P0406
H169,P0407
H169,P0408
H169,P0410
H169,P0411
H169,P0412
H169,P0414
H169,P0415
H169,P0417
H169,P0419
H169,P0420
H169,P0421
H169,P0422
H169,P0424
H169,P0425
H169,P0427
H169,P0429
H169,P0430
H169,P0432
H169,P0433
H169,P0434
H169,P0435
H169,P0438
H169,P0439
H169,P0440
H169,P0442
H169,P0443
H169,P0444
H169,P0445
H169,P0447
H169,P0448
H169,P0450
H169,P0451
H169,P0454
H169,P0455
H169,P0456
H169,P0457
H169,P0460
H169,P0461
H169,P0462
H169,P0463
H169,P0464
H169,P0465
H169,P0466
H169,P0467
H169,P0468
H169,P0469
H169,P0470
H169,P0471
H169,P0472
H169,P0474
H169,P0475
H169,P0476
H169,P0477
H169,P0478
H169,P0480
H169,P0481
H169,P0482
H169,P0483
H169,P0484
H169,P0485
H169,P0486
H169,P0488
H169,P0490
H169,P0491
H169,P0494
H169,P0495
H169,P0497
H169,P0498
H169,P0499
H169,P0502
H169,P0503
H169,P0504
H169,P0506
H169,P0507
H169,P0508
H169,P0510
H169,P0511
H169,P0512
H169,P0514
H169,P0515
H169,P0517
H169,P0518
H169,P0519
H169,P0521
H169,P0522
H169,P0523
H169,P0524
H169,P0526
H169,P0527
H169,P0528
H169,P0531
H169,P0532
H169,P0535
H169,P0536
H169,P0537
H169,P0538
H169,P0539
H169,P0540
H169,P0541
H169,P0543
H169,P0544
H169,P0545
H169,P0546
H169,P0547
H169,P0549
H169,P0550
H169,P0551
H169,P0553
H169,P0556
H169,P0557
H169,P0559
H169,P0560
H169,P0561
H169,P0562
H169,P0564
H169,P0565
H169,P0566
H169,P0567
H169,P0568
H169,P0569
H169,P0570
H169,P0571
H169,P0572
H169,P0574
H169,P0576
H169,P0577
H169,P0579
H169,P0581
H169,P0582
H169,P0584
H169,P0585
H169,P0586
H169,P0587
H169,P0589
H169,P0590
H169,P0591
H169,P0593
H169,P0594
H169,P0596
H169,P0599
H170,P0002
H170,P0006
H170,P0008
H170,P0011
H170,P0012
H170,P0016
H170,P0017
H170,P0019
H170,P0022
H170,P0023
H170,P0024
H170,P0028
H170,P0029
H170,P0034
H170,P0036
H170,P0037
H170,P0038
H170,P0039
H170,P0040
H170,P0041
H170,P0043
H170,P0045
H170,P0046
H170,P0047
H170,P0048
H170,P0050
H170,P0052
H170,P0055
H170,P0058
H170,P0059
H170,P0061
H170,P0062
H170,P0069
H170,P0070
H170,P0074
H170,P0076
H170,P0078
H170,P0079
H170,P0080
H170,P0082
H170,P0083
H170,P0084
H170,P0086
H170,P0088
H170,P0092
H170,P0093
H170,P0095
H170,P0098
H170,P0100
H170,P0101
H170,P0102
H170,P0104
H170,P0105
H170,P0106
H170,P0107
H170,P0108
H170,P0110
H170,P0112
H170,P0113
H170,P0114
H170,P0116
H170,P0117
H170,P0120
H170,P0121
H170,P0125
H170,P0126
H170,P0127
H170,P0129
H170,P0130
H170,P0131
H170,P0132
H170,P0136
H170,P0137
H170,P0138
H170,P0140
H170,P0141
H170,P0143
H170,P0146
H170,P0147
H170,P0149
H170,P0150
H170,P0152
H170,P0153
H170,P0154
H170,P0155
H170,P0156
H170,P0157
H170,P0158
H170,P0159
H170,P0160
H170,P0162
H170,P0164
H170,P0165
H170,P0166
H170,P0167
H170,P0168
H170,P0169
H170,P0171
H170,P0172
H170,P0173
H170,P0174
H170,P0176
H170,P0179
H170,P0181
H170,P0183
H170,P0185
H170,P0188
H170,P0189
H170,P0190
H170,P0191
H170,P0192
H170,P0193
H170,P0194
H170,P0195
H170,P0199
H170,P0200
H170,P0201
H170,P0203
H170,P0204
H170,P0205
H170,P0211
H170,P0212
H170,P0213
H170,P0214
H170,P0216
H170,P0219
H170,P0223
H170,P0224
H170,P0226
H170,P0227
H170,P0228
H170,P0229
H170,P0231
H170,P0232
H170,P0233
H170,P0238
H170,P0242
H170,P0243
H170,P0245
H170,P0247
H170,P0248
H170,P0250
H170,P0252
H170,P0256
H170,P0257
H170,P0258
H170,P0261
H170,P0262
H170,P0264
H170,P0265
H170,P0266
H170,P0268
H170,P0269
H170,P0271
H170,P0273
H170,P0277
H170,P0278
H170,P0279
H170,P0281
H170,P0282
H170,P0284
H170,P0285
H170,P0287
H170,P0288
H170,P0289
H170,P0290
H170,P0291
H170,P0292
H170,P0293
H170,P0294
H170,P0295
H170,P0296
H170,P0299
H170,P0302
H170,P0303
H170,P0304
H170,P0305
H170,P0306
H170,P0307
H170,P0308
H170,P0309
H170,P0310
H170,P0311
H170,P0312
H170,P0313
H170,P0314
H170,P0317
H170,P0320
H170,P0321
H170,P0324
H170,P0325
H170,P0326
H170,P0327
H170,P0328
H170,P0330
H170,P0332
H170,P0336
H170,P0337
H170,P0338
H170,P0339
H170,P0340
H170,P0342
H170,P0343
H170,P0345
H170,P0346
H170,P0347
H170,P0348
H170,P0349
H170,P0351
H170,P0354
H170,P0355
H170,P0356
H170,P0357
H170,P0359
H170,P0361
H170,P0362
H170,P0364
H170,P0366
H170,P0368
H170,P0369
H170,P0370
H170,P0371
H170,P0372
H170,P0373
H170,P0374
H170,P0375
H170,P0376
H170,P0379
H170,P0380
H170,P0381
H170,P0386
H170,P0390
H170,P0391
H170,P0396
H170,P0398
H170,P0401
H170,P0404
H170,P0407
H170,P0408
H170,P0410
H170,P0412
H170,P0416
H170,P0418
H170,P0419
H170,P0420
H170,P0421
H170,P0422
H170,P0427
H170,P0431
H170,P0433
H170,P0434
H170,P0435
H170,P0437
H170,P0439
H170,P0442
H170,P0443
H170,P0444
H170,P0445
H170,P0447
H170,P0449
H170,P0450
H170,P0451
H170,P0454
H170,P0455
H170,P0456
H170,P0460
H170,P0461
H170,P0462
H170,P0465
H170,P0468
H170,P0470
H170,P0471
H170,P0477
H170,P0478
H170,P0479
H170,P0481
H170,P0484
H170,P0486
H170,P0488
H170,P0490
H170,P0492
H170,P0498
H170,P0499
H170,P0500
H170,P0501
H170,P0505
H170,P0506
H170,P0507
H170,P0508
H170,P0509
H170,P0511
H170,P0515
H170,P0516
H170,P0518
H170,P0519
H170,P0520
H170,P0522
H170,P0524
H170,P0525
H170,P0526
H170,P0527
H170,P0528
H170,P0532
H170,P0533
H170,P0534
H170,P0535
H170,P0536
H170,P0537
H170,P0539
H170,P0541
H170,P0542
H170,P0543
H170,P0544
H170,P0545
H170,P0546
H170,P0550
H170,P0553
H170,P0556
H170,P0557
H170,P0561
H170,P0565
H170,P0566
H170,P0567
H170,P0568
H170,P0569
H170,P0570
H170,P0572
H170,P0573
H170,P0575
H170,P0576
H170,P0577
H170,P0579
H170,P0580
H170,P0581
H170,P0582
H170,P0584
H170,P0585
H170,P0588
H170,P0589
H170,P0592
H170,P0593
H170,P0594
H170,P0596
H170,P0597
H170,P0598
H170,P0600
H171,P0001
H171,P0002
H171,P0004
H171,P0006
H171,P0007
H171,P0008
H171,P0009
H171,P0011
H171,P0013
H171,P0014
H171,P0016
H171,P0017
H171,P0019
H171,P0020
H171,P0021
H171,P0023
H171,P0024
H171,P0026
H171,P0027
H171,P0029
H171,P0031
H171,P0034
H171,P0035
H171,P0037
H171,P0038
H171,P0039
H171,P0042
H171,P0043
H171,P0045
H171,P0046
H171,P0047
H171,P0048
H171,P0049
H171,P0050
H171,P0051
H171,P0052
H171,P0053
H171,P0054
H171,P0055
H171,P0056
H171,P0057
H171,P0058
H171,P0059
H171,P0060
H171,P0061
H171,P0062
H171,P0064
H171,P0065
H171,P0066
H171,P0067
H171,P0068
H171,P0069
H171,P0071
H171,P0072
H171,P0073
H171,P0076
H171,P0078
H171,P0079
H171,P0081
H171,P0082
H171,P0083
H171,P0084
H171,P0085
H171,P0087
H171,P0089
H171,P0092
H171,P0093
H171,P0096
H171,P0097
H171,P0099
H171,P0104
H171,P0106
H171,P0107
H171,P0108
H171,P0109
H171,P0110
H171,P0111
H171,P0113
H171,P0114
H171,P0115
H171,P0116
H171,P0117
H171,P0118
H171,P0120
H171,P0121
H171,P0125
H171,P0126
H171,P0127
H171,P0128
H171,P0129
H171,P0130
H171,P0131
H171,P0132
H171,P0133
H171,P0135
H171,P0136
H171,P0137
H171,P0138
H171,P0139
H171,P0140
H171,P0142
H171,P0143
H171,P0144
H171,P0146
H171,P0147
H171,P0148
H171,P0149
H171,P0150
H171,P0151
H171,P0152
H171,P0153
H171,P0155
H171,P0156
H171,P0157
H171,P0158
H171,P0160
H171,P0163
H171,P0165
H171,P0169
H171,P0171
H171,P0172
H171,P0173
H171,P0174
H171,P0176
H171,P0178
H171,P0181
H171,P0182
H171,P0183
H171,P0185
H171,P0188
H171,P0190
H171,P0192
H171,P0193
H171,P0194
H171,P0200
H171,P0201
H171,P0202
H171,P0203
H171,P0204
H171,P0205
H171,P0206
H171,P0210
H171,P0211
H171,P0212
H171,P0213
H171,P0214
H171,P0215
H171,P0216
H171,P0218
H171,P0219
H171,P0222
H171,P0223
H171,P0224
H171,P0225
H171,P0226
H171,P0228
H171,P0229
H171,P0231
H171,P0232
H171,P0233
H171,P0235
H171,P0236
H171,P0237
H171,P0238
H171,P0239
H171,P0241
H171,P0243
H171,P0244
H171,P0245
H171,P0247
H171,P0249
H171,P0250
H171,P0251
H171,P0252
H171,P0253
H171,P0254
H171,P0255
H171,P0256
H171,P0257
H171,P0258
H171,P0259
H171,P0261
H171,P0262
H171,P0263
H171,P0265
H171,P0266
H171,P0268
H171,P0269
H171,P0273
H171,P0274
H171,P0277
H171,P0278
H171,P0279
H171,P0280
H171,P0281
H171,P0282
H171,P0284
H171,P0285
H171,P0286
H171,P0287
H171,P0290
H171,P0293
H171,P0294
H171,P0295
H171,P0296
H171,P0299
H171,P0303
H171,P0305
H171,P0306
H171,P0307
H171,P0309
H171,P0311
H171,P0312
H171,P0313
H171,P0314
H171,P0315
H171,P0317
H171,P0318
H171,P0320
H171,P0321
H171,P0322
H171,P0323
H171,P0324
H171,P0325
H171,P0327
H171,P0329
H171,P0330
H171,P0332
H171,P0334
H171,P0335
H171,P0336
H171,P0338
H171,P0339
H171,P0342
H171,P0343
H171,P0345
H171,P0347
H171,P0349
H171,P0351
H171,P0352
H171,P0353
H171,P0355
H171,P0356
H171,P0357
H171,P0358
H171,P0359
H171,P0360
H171,P0361
H171,P0362
H171,P0363
H171,P0364
H171,P0365
H171,P0366
H171,P0367
H171,P0369
H171,P0370
H171,P0371
H171,P0373
H171,P0374
H171,P0375
H171,P0376
H171,P0377
H171,P0378
H171,P0379
H171,P0380
H171,P0381
H171,P0382
H171,P0385
H171,P0386
H171,P0387
H171,P0389
H171,P0390
H171,P0391
H171,P0393
H171,P0394
H171,P0395
H171,P0396
H171,P0397
H171,P0398
H171,P0401
H171,P0402
H171,P0403
H171,P0404
H171,P0405
H171,P0406
H171,P0407
H171,P0408
H171,P0409
H171,P0410
H171,P0411
H171,P0412
H171,P0414
H171,P0415
H171,P0416
H171,P0417
H171,P0420
H171,P0422
H171,P0424
H171,P0426
H171,P0427
H171,P0428
H171,P0430
H171,P0431
H171,P0432
H171,P0433
H171,P0435
H171,P0436
H171,P0437
H171,P0438
H171,P0439
H171,P0441
H171,P0442
H171,P0444
H171,P0446
H171,P0447
H171,P0450
H171,P0451
H171,P0452
H171,P0453
H171,P0454
H171,P0456
H171,P0458
H171,P0459
H171,P0464
H171,P0465
H171,P0466
H171,P0467
H171,P0470
H171,P0471
H171,P0472
H171,P0473
H171,P0474
H171,P0475
H171,P0477
H171,P0478
H171,P0479
H171,P0481
H171,P0482
H171,P0486
H171,P0487
H171,P0489
H171,P0491
H171,P0492
H171,P0493
H171,P0495
H171,P0497
H171,P0498
H171,P0499
H171,P0500
H171,P0501
H171,P0502
H171,P0503
H171,P0505
H171,P0506
H171,P0508
H171,P0509
H171,P0511
H171,P0512
H171,P0514
H171,P0515
H171,P0516
H171,P0518
H171,P0519
H171,P0520
H171,P0522
H171,P0524
H171,P0527
H171,P0529
H171,P0530
H171,P0531
H171,P0532
H171,P0533
H171,P0535
H171,P0536
H171,P0537
H171,P0539
H171,P0540
H171,P0541
H171,P0543
H171,P0544
H171,P0545
H171,P0546
H171,P0547
H171,P0548
H171,P0549
H171,P0551
H171,P0553
H171,P0554
H171,P0556
H171,P0557
H171,P0558
H171,P0561
H171,P0565
H171,P0566
H171,P0567
H171,P0569
H171,P0570
H171,P0571
H171,P0572
H171,P0573
H171,P0575
H171,P0576
H171,P0577
H171,P0578
H171,P0579
H171,P0581
H171,P0583
H171,P0584
H171,P0585
H171,P0586
H171,P0589
H171,P0591
H171,P0593
H171,P0596
H172,P0001
H172,P0002
H172,P0006
H172,P0007
H172,P0008
H172,P0009
H172,P0010
H172,P0012
H172,P0013
H172,P0015
H172,P0017
H172,P0018
H172,P0019
H172,P0020
H172,P0021
H172,P0022
H172,P0023
H172,P0024
H172,P0027
H172,P0028
H172,P0029
H172,P0030
H172,P0032
H172,P0033
H172,P0035
H172,P0036
H172,P0037
H172,P0038
H172,P0040
H172,P0041
H172,P0043
H172,P0045
H172,P0046
H172,P0047
H172,P0048
H172,P0049
H172,P0050
H172,P0051
H172,P0053
H172,P0054
H172,P0055
H172,P0057
H172,P0058
H172,P0059
H172,P0061
H172,P0063
H172,P0064
H172,P0065
H172,P0066
H172,P0067
H172,P0068
H172,P0069
H172,P0070
H172,P0071
H172,P0072
H172,P0074
H172,P0075
H172,P0076
H172,P0079
H172,P0081
H172,P0082
H172,P0083
H172,P0084
H172,P0086
H172,P0087
H172,P0088
H172,P0089
H172,P0091
H172,P0092
H172,P0094
H172,P0095
H172,P0096
H172,P0097
H172,P0098
H172,P0099
H172,P0100
H172,P0101
H172,P0104
H172,P0105
H172,P0106
H172,P0107
H172,P0108
H172,P0109
H172,P0113
H172,P0114
H172,P0115
H172,P0116
H172,P0117
H172,P0119
H172,P0121
H172,P0122
H172,P0123
H172,P0124
H172,P0125
H172,P0126
H172,P0128
H172,P0129
H172,P0130
H172,P0131
H172,P0132
H172,P0133
H172,P0134
H172,P0135
H172,P0136
H172,P0140
H172,P0141
H172,P0142
H172,P0143
H172,P0144
H172,P0146
H172,P0147
H172,P0148
H172,P0149
H172,P0150
H172,P0152
H172,P0153
H172,P0155
H172,P0156
H172,P0158
H172,P0159
H172,P0160
H172,P0162
H172,P0163
H172,P0164
H172,P0166
H172,P0167
H172,P0168
H172,P0169
H172,P0170
H172,P0171
H172,P0172
H172,P0173
H172,P0174
H172,P0175
H172,P0176
H172,P0177
H172,P0178
H172,P0179
H172,P0180
H172,P0181
H172,P0182
H172,P0183
H172,P0185
H172,P0186
H172,P0187
H172,P0188
H172,P0189
H172,P0190
H172,P0191
H172,P0192
H172,P0193
H172,P0194
H172,P0195
H172,P0196
H172,P0197
H172,P0198
H172,P0200
H172,P0201
H172,P0202
H172,P0204
H172,P0205
H172,P0206
H172,P0207
H172,P0208
H172,P0213
H172,P0214
H172,P0215
H172,P0216
H172,P0217
H172,P0218
H172,P0219
H172,P0220
H172,P0221
H172,P0222
H172,P0223
H172,P0224
H172,P0225
H172,P0226
H172,P0229
H172,P0230
H172,P0231
H172,P0232
H172,P0234
H172,P0235
H172,P0236
H172,P0237
H172,P0238
H172,P0239
H172,P0240
H172,P0242
H172,P0243
H172,P0244
H172,P0246
H172,P0247
H172,P0249
H172,P0250
H172,P0251
H172,P0252
H172,P0254
H172,P0256
H172,P0257
H172,P0258
H172,P0259
H172,P0261
H172,P0262
H172,P0263
H172,P0264
H172,P0265
H172,P0266
H172,P0267
H172,P0268
H172,P0269
H172,P0270
H172,P0271
H172,P0273
H172,P0277
H172,P0278
H172,P0279
H172,P0281
H172,P0282
H172,P0283
H172,P0284
H172,P0286
H172,P0287
H172,P0289
H172,P0294
H172,P0295
H172,P0297
H172,P0299
H172,P0301
H172,P0302
H172,P0304
H172,P0305
H172,P0306
H172,P0308
H172,P0310
H172,P0312
H172,P0313
H172,P0314
H172,P0317
H172,P0318
H172,P0319
H172,P0320
H172,P0321
H172,P0322
H172,P0324
H172,P0325
H172,P0326
H172,P0327
H172,P0328
H172,P0330
H172,P0332
H172,P0334
H172,P0335
H172,P0336
H172,P0338
H172,P0340
H172,P0341
H172,P0342
H172,P0343
H172,P0344
H172,P0345
H172,P0347
H172,P0348
H172,P0350
H172,P0352
H172,P0353
H172,P0354
H172,P0355
H172,P0356
H172,P0357
H172,P0359
H172,P0360
H172,P0361
H172,P0362
H172,P0364
H172,P0366
H172,P0367
H172,P0368
H172,P0369
H172,P0370
H172,P0371
H172,P0372
H172,P0373
H172,P0374
H172,P0375
H172,P0377
H172,P0378
H172,P0379
H172,P0380
H172,P0381
H172,P0382
H172,P0383
H172,P0385
H172,P0386
H172,P0388
H172,P0390
H172,P0391
H172,P0392
H172,P0393
H172,P0394
H172,P0395
H172,P0396
H172,P0397
H172,P0398
H172,P0401
H172,P0402
H172,P0404
H172,P0405
H172,P0406
H172,P0407
H172,P0408
H172,P0411
H172,P0413
H172,P0416
H172,P0418
H172,P0419
H172,P0420
H172,P0421
H172,P0423
H172,P0424
H172,P0426
H172,P0427
H172,P0430
H172,P0432
H172,P0435
H172,P0437
H172,P0438
H172,P0439
H172,P0440
H172,P0441
H172,P0443
H172,P0444
H172,P0445
H172,P0447
H172,P0449
H172,P0450
H172,P0451
H172,P0452
H172,P0454
H172,P0455
H172,P0456
H172,P0457
H172,P0458
H172,P0459
H172,P0461
H172,P0462
H172,P0463
H172,P0465
H172,P0466
H172,P0467
H172,P0470
H172,P0471
H172,P0472
H172,P0473
H172,P0474
H172,P0478
H172,P0480
H172,P0481
H172,P0482
H172,P0483
H172,P0485
H172,P0486
H172,P0487
H172,P0489
H172,P0490
H172,P0491
H172,P0492
H172,P0494
H172,P0495
H172,P0496
H172,P0499
H172,P0500
H172,P0502
H172,P0503
H172,P0505
H172,P0506
H172,P0507
H172,P0508
H172,P0509
H172,P0510
H172,P0511
H172,P0513
H172,P0514
H172,P0515
H172,P0516
H172,P0517
H172,P0518
H172,P0519
H172,P0520
H172,P0521
H172,P0522
H172,P0523
H172,P0524
H172,P0525
H172,P0526
H172,P0527
H172,P0529
H172,P0530
H172,P0532
H172,P0533
H172,P0534
H172,P0538
H172,P0539
H172,P0541
H172,P0543
H172,P0544
H172,P0545
H172,P0547
H172,P0550
H172,P0552
H172,P0554
H172,P0555
H172,P0556
H172,P0557
H172,P0558
H172,P0560
H172,P0561
H172,P0562
H172,P0563
H172,P0564
H172,P0565
H172,P0566
H172,P0569
H172,P0570
H172,P0571
H172,P0572
H172,P0574
H172,P0576
H172,P0577
H172,P0578
H172,P0579
H172,P0580
H172,P0581
H172,P0583
H172,P0584
H172,P0586
H172,P0588
H172,P0589
H172,P0590
H172,P0591
H172,P0593
H172,P0594
H172,P0595
H172,P0596
H172,P0597
H172,P0599
H172,P0600
H173,P0001
H173,P0002
H173,P0003
H173,P0004
H173,P0005
H173,P0006
H173,P0007
H173,P0008
H173,P0009
H173,P0010
H173,P0011
H173,P0013
H173,P0016
H173,P0018
H173,P0019
H173,P0021
H173,P0022
H173,P0025
H173,P0026
H173,P0028
H173,P0029
H173,P0030
H173,P0032
H173,P0033
H173,P0034
H173,P0035
H173,P0036
H173,P0037
H173,P0038
H173,P0039
H173,P0040
H173,P0041
H173,P0042
H173,P0043
H173,P0044
H173,P0045
H173,P0046
H173,P0047
H173,P0048
H173,P0050
H173,P0051
H173,P0052
H173,P0053
H173,P0055
H173,P0056
H173,P0057
H173,P0058
H173,P0059
H173,P0060
H173,P0062
H173,P0063
H173,P0064
H173,P0065
H173,P0066
H173,P0067
H173,P0068
H173,P0069
H173,P0070
H173,P0071
H173,P0072
H173,P0073
H173,P0074
H173,P0075
H173,P0076
H173,P0077
H173,P0078
H173,P0079
H173,P0080
H173,P0082
H173,P0083
H173,P0084
H173,P0085
H173,P0088
H173,P0089
H173,P0090
H173,P0091
H173,P0092
H173,P0094
H173,P0096
H173,P0097
H173,P0098
H173,P0099
H173,P0100
H173,P0102
H173,P0105
H173,P0108
H173,P0109
H173,P0110
H173,P0111
H173,P0112
H173,P0113
H173,P0114
H173,P0115
H173,P0116
H173,P0119
H173,P0120
H173,P0121
H173,P0122
H173,P0123
H173,P0124
H173,P0125
H173,P0126
H173,P0127
H173,P0128
H173,P0129
H173,P0130
H173,P0131
H173,P0132
H173,P0133
H173,P0135
H173,P0136
H173,P0138
H173,P0139
H173,P0140
H173,P0141
H173,P0142
H173,P0143
H173,P0144
H173,P0145
H173,P0146
H173,P0147
H173,P0148
H173,P0149
H173,P0150
H173,P0151
H173,P0153
H173,P0154
H173,P0155
H173,P0156
H173,P0158
H173,P0159
H173,P0162
H173,P0163
H173,P0164
H173,P0165
H173,P0166
H173,P0167
H173,P0168
H173,P0171
H173,P0172
H173,P0175
H173,P0176
H173,P0178
H173,P0180
H173,P0182
H173,P0183
H173,P0185
H173,P0187
H173,P0189
H173,P0190
H173,P0191
H173,P0192
H173,P0193
H173,P0194
H173,P0198
H173,P0199
H173,P0203
H173,P0204
H173,P0205
H173,P0206
H173,P0207
H173,P0208
H173,P0209
H173,P0210
H173,P0211
H173,P0212
H173,P0214
H173,P0216
H173,P0219
H173,P0220
H173,P0221
H173,P0222
H173,P0223
H173,P0224
H173,P0226
H173,P0227
H173,P0228
H173,P0229
H173,P0230
H173,P0231
H173,P0232
H173,P0234
H173,P0235
H173,P0236
H173,P0237
H173,P0239
H173,P0240
H173,P0242
H173,P0243
H173,P0244
H173,P0246
H173,P0247
H173,P0248
H173,P0249
H173,P0250
H173,P0251
H173,P0256
H173,P0257
H173,P0258
H173,P0259
H173,P0260
H173,P0261
H173,P0262
H173,P0263
H173,P0264
H173,P0265
H173,P0266
H173,P0268
H173,P0269
H173,P0271
H173,P0273
H173,P0275
H173,P0276
H173,P0277
H173,P0278
H173,P0279
H173,P0280
H173,P0281
H173,P0282
H173,P0284
H173,P0285
H173,P0286
H173,P0287
H173,P0288
H173,P0289
H173,P0290
H173,P0291
H173,P0293
H173,P0294
H173,P0295
H173,P0296
H173,P0297
H173,P0299
H173,P0300
H173,P0302
H173,P0303
H173,P0304
H173,P0305
H173,P0306
H173,P0307
H173,P0308
H173,P0309
H173,P0310
H173,P0312
H173,P0313
H173,P0314
H173,P0315
H173,P0316
H173,P0317
H173,P0318
H173,P0319
H173,P0320
H173,P0321
H173,P0322
H173,P0323
H173,P0324
H173,P0325
H173,P0326
H173,P0327
H173,P0328
H173,P0329
H173,P0330
H173,P0331
H173,P0332
H173,P0333
H173,P0334
H173,P0336
H173,P0338
H173,P0339
H173,P0340
H173,P0341
H173,P0342
H173,P0343
H173,P0344
H173,P0345
H173,P0346
H173,P0347
H173,P0349
H173,P0351
H173,P0352
H173,P0353
H173,P0355
H173,P0356
H173,P0357
H173,P0359
H173,P0362
H173,P0363
H173,P0365
H173,P0366
H173,P0368
H173,P0369
H173,P0370
H173,P0371
H173,P0373
H173,P0374
H173,P0375
H173,P0377
H173,P0378
H173,P0379
H173,P0380
H173,P0381
H173,P0382
H173,P0383
H173,P0384
H173,P0387
H173,P0388
H173,P0391
H173,P0392
H173,P0393
H173,P0394
H173,P0395
H173,P0396
H173,P0397
H173,P0398
H173,P0399
H173,P0400
H173,P0401
H173,P0402
H173,P0404
H173,P0405
H173,P0406
H173,P0407
H173,P0408
H173,P0409
H173,P0410
H173,P0411
H173,P0412
H173,P0413
H173,P0414
H173,P0415
H173,P0416
H173,P0417
H173,P0418
H173,P0419
H173,P0420
H173,P0421
H173,P0422
H173,P0423
H173,P0424
H173,P0425
H173,P0426
H173,P0427
H173,P0428
H173,P0429
H173,P0430
H173,P0431
H173,P0432
H173,P0434
H173,P0438
H173,P0439
H173,P0440
H173,P0443
H173,P0446
H173,P0447
H173,P0449
H173,P0450
H173,P0451
H173,P0453
H173,P0454
H173,P0455
H173,P0457
H173,P0458
H173,P0459
H173,P0460
H173,P0461
H173,P0462
H173,P0464
H173,P0465
H173,P0467
H173,P0468
H173,P0469
H173,P0470
H173,P0471
H173,P0472
H173,P0473
H173,P0474
H173,P0475
H173,P0476
H173,P0477
H173,P0478
H173,P0479
H173,P0481
H173,P0482
H173,P0485
H173,P0486
H173,P0487
H173,P0489
H173,P0491
H173,P0492
H173,P0496
H173,P0497
H173,P0498
H173,P0499
H173,P0500
H173,P0501
H173,P0503
H173,P0506
H173,P0507
H173,P0508
H173,P0510
H173,P0514
H173,P0515
H173,P0516
H173,P0517
H173,P0518
H173,P0519
H173,P0520
H173,P0521
H173,P0522
H173,P0524
H173,P0527
H173,P0528
H173,P0530
H173,P0531
H173,P0532
H173,P0533
H173,P0536
H173,P0537
H173,P0538
H173,P0539
H173,P0541
H173,P0542
H173,P0543
H173,P0544
H173,P0545
H173,P0546
H173,P0547
H173,P0548
H173,P0549
H173,P0550
H173,P0552
H173,P0553
H173,P0554
H173,P0555
H173,P0556
H173,P0557
H173,P0558
H173,P0561
H173,P0562
H173,P0564
H173,P0565
H173,P0566
H173,P0567
H173,P0570
H173,P0571
H173,P0572
H173,P0575
H173,P0577
H173,P0578
H173,P0579
H173,P0580
H173,P0581
H173,P0582
H173,P0583
H173,P0584
H173,P0586
H173,P0587
H173,P0588
H173,P0589
H173,P0590
H173,P0591
H173,P0592
H173,P0593
H173,P0594
H173,P0595
H173,P0596
H173,P0597
H173,P0598
H173,P0599
H173,P0600
H174,P0002
H174,P0003
H174,P0004
H174,P0006
H174,P0008
H174,P0009
H174,P0010
H174,P0011
H174,P0012
H174,P0013
H174,P0014
H174,P0017
H174,P0018
H174,P0019
H174,P0020
H174,P0024
H174,P0025
H174,P0026
H174,P0027
H174,P0029
H174,P0030
H174,P0031
H174,P0033
H174,P0036
H174,P0037
H174,P0042
H174,P0043
H174,P0045
H174,P0047
H174,P0048
H174,P0051
H174,P0052
H174,P0053
H174,P0055
H174,P0058
H174,P0061
H174,P0062
H174,P0063
H174,P0065
H174,P0068
H174,P0069
H174,P0070
H174,P0071
H174,P0072
H174,P0074
H174,P0075
H174,P0078
H174,P0079
H174,P0083
H174,P0084
H174,P0085
H174,P0086
H174,P0089
H174,P0090
H174,P0092
H174,P0093
H174,P0094
H174,P0095
H174,P0096
H174,P0097
H174,P0098
H174,P0100
H174,P0101
H174,P0102
H174,P0104
H174,P0105
H174,P0106
H174,P0107
H174,P0108
H174,P0109
H174,P0110
H174,P0111
H174,P0112
H174,P0113
H174,P0114
H174,P0115
H174,P0116
H174,P0119
H174,P0121
H174,P0123
H174,P0124
H174,P0126
H174,P0127
H174,P0128
H174,P0129
H174,P0130
H174,P0131
H174,P0132
H174,P0134
H174,P0135
H174,P0136
H174,P0138
H174,P0139
H174,P0140
H174,P0141
H174,P0142
H174,P0143
H174,P0145
H174,P0146
H174,P0148
H174,P0149
H174,P0151
H174,P0152
H174,P0153
H174,P0155
H174,P0156
H174,P0157
H174,P0158
H174,P0160
H174,P0162
H174,P0163
H174,P0164
H174,P0165
H174,P0167
H174,P0168
H174,P0169
H174,P0171
H174,P0172
H174,P0176
H174,P0177
H174,P0178
H174,P0179
H174,P0181
H174,P0182
H174,P0183
H174,P0184
H174,P0185
H174,P0187
H174,P0189
H174,P0190
H174,P0192
H174,P0193
H174,P0194
H174,P0195
H174,P0196
H174,P0197
H174,P0199
H174,P0201
H174,P0202
H174,P0203
H174,P0209
H174,P0210
H174,P0211
H174,P0213
H174,P0214
H174,P0216
H174,P0217
H174,P0218
H174,P0219
H174,P0222
H174,P0225
H174,P0226
H174,P0227
H174,P0228
H174,P0229
H174,P0230
H174,P0231
H174,P0232
H174,P0233
H174,P0235
H174,P0236
H174,P0238
H174,P0239
H174,P0241
H174,P0242
H174,P0243
H174,P0244
H174,P0245
H174,P0246
H174,P0247
H174,P0249
H174,P0250
H174,P0251
H174,P0254
H174,P0255
H174,P0256
H174,P0257
H174,P0258
H174,P0259
H174,P0260
H174,P0262
H174,P0265
H174,P0266
H174,P0267
H174,P0268
H174,P0269
H174,P0271
H174,P0272
H174,P0273
H174,P0274
H174,P0277
H174,P0278
H174,P0279
H174,P0282
H174,P0283
H174,P0284
H174,P0285
H174,P0286
H174,P0287
H174,P0288
H174,P0289
H174,P0292
H174,P0294
H174,P0295
H174,P0297
H174,P0299
H174,P0300
H174,P0303
H174,P0304
H174,P0305
H174,P0306
H174,P0307
H174,P0311
H174,P0312
H174,P0313
H174,P0314
H174,P0315
H174,P0316
H174,P0317
H174,P0318
H174,P0319
H174,P0320
H174,P0321
H174,P0323
H174,P0324
H174,P0325
H174,P0326
H174,P0330
H174,P0332
H174,P0334
H174,P0336
H174,P0337
H174,P0338
H174,P0339
H174,P0340
H174,P0342
H174,P0344
H174,P0345
H174,P0346
H174,P0348
H174,P0349
H174,P0351
H174,P0352
H174,P0353
H174,P0354
H174,P0355
H174,P0356
H174,P0358
H174,P0361
H174,P0362
H174,P0368
H174,P0369
H174,P0370
H174,P0371
H174,P0372
H174,P0374
H174,P0375
H174,P0376
H174,P0377
H174,P0378
H174,P0379
H174,P0380
H174,P0381
H174,P0384
H174,P0385
H174,P0391
H174,P0392
H174,P0394
H174,P0395
H174,P0396
H174,P0397
H174,P0398
H174,P0399
H174,P0400
H174,P0401
H174,P0402
H174,P0404
H174,P0406
H174,P0407
H174,P0408
H174,P0411
H174,P0412
H174,P0413
H174,P0414
H174,P0416
H174,P0417
H174,P0418
H174,P0420
H174,P0421
H174,P0422
H174,P0423
H174,P0424
H174,P0426
H174,P0427
H174,P0428
H174,P0430
H174,P0431
H174,P0432
H174,P0433
H174,P0434
H174,P0436
H174,P0438
H174,P0439
H174,P0442
H174,P0445
H174,P0446
H174,P0447
H174,P0449
H174,P0450
H174,P0451
H174,P0452
H174,P0453
H174,P0455
H174,P0456
H174,P0458
H174,P0459
H174,P0461
H174,P0462
H174,P0463
H174,P0464
H174,P0465
H174,P0468
H174,P0469
H174,P0470
H174,P0472
H174,P0473
H174,P0474
H174,P0475
H174,P0478
H174,P0479
H174,P0483
H174,P0484
H174,P0485
H174,P0486
H174,P0487
H174,P0488
H174,P0489
H174,P0490
H174,P0491
H174,P0492
H174,P0494
H174,P0495
H174,P0497
H174,P0498
H174,P0500
H174,P0502
H174,P0505
H174,P0506
H174,P0507
H174,P0509
H174,P0511
H174,P0514
H174,P0515
H174,P0516
H174,P0518
H174,P0519
H174,P0520
H174,P0521
H174,P0523
H174,P0524
H174,P0526
H174,P0527
H174,P0528
H174,P0529
H174,P0530
H174,P0531
H174,P0532
H174,P0533
H174,P0534
H174,P0535
H174,P0536
H174,P0537
H174,P0538
H174,P0539
H174,P0540
H174,P0541
H174,P0542
H174,P0545
H174,P0547
H174,P0548
H174,P0550
H174,P0551
H174,P0553
H174,P0554
H174,P0556
H174,P0557
H174,P0559
H174,P0561
H174,P0563
H174,P0564
H174,P0566
H174,P0567
H174,P0570
H174,P0571
H174,P0572
H174,P0573
H174,P0576
H174,P0578
H174,P0579
H174,P0580
H174,P0581
H174,P0582
H174,P0583
H174,P0587
H174,P0589
H174,P0590
H174,P0593
H174,P0594
H174,P0598
H174,P0599
H175,P0001
H175,P0002
H175,P0004
H175,P0005
H175,P0007
H175,P0008
H175,P0009
H175,P0010
H175,P0011
H175,P0012
H175,P0013
H175,P0014
H175,P0015
H175,P0017
H175,P0019
H175,P0020
H175,P0021
H175,P0022
H175,P0023
H175,P0024
H175,P0026
H175,P0027
H175,P0029
H175,P0030
H175,P0031
H175,P0032
H175,P0033
H175,P0034
H175,P0035
H175,P0037
H175,P0039
H175,P0041
H175,P0043
H175,P0045
H175,P0047
H175,P0050
H175,P0054
H175,P0055
H175,P0057
H175,P0059
H175,P0060
H175,P0062
H175,P0063
H175,P0064
H175,P0066
H175,P0067
H175,P0069
H175,P0070
H175,P0071
H175,P0072
H175,P0073
H175,P0074
H175,P0075
H175,P0076
H175,P0077
H175,P0078
H175,P0079
H175,P0081
H175,P0082
H175,P0084
H175,P0085
H175,P0086
H175,P0088
H175,P0089
H175,P0090
H175,P0091
H175,P0092
H175,P0093
H175,P0094
H175,P0095
H175,P0097
H175,P0098
H175,P0099
H175,P0100
H175,P0101
H175,P0102
H175,P0103
H175,P0104
H175,P0105
H175,P0108
H175,P0109
H175,P0111
H175,P0112
H175,P0113
H175,P0114
H175,P0115
H175,P0116
H175,P0117
H175,P0118
H175,P0119
H175,P0120
H175,P0121
H175,P0122
H175,P0124
H175,P0125
H175,P0126
H175,P0127
H175,P0129
H175,P0130
H175,P0131
H175,P0132
H175,P0133
H175,P0134
H175,P0135
H175,P0137
H175,P0138
H175,P0139
H175,P0140
H175,P0142
H175,P0143
H175,P0144
H175,P0145
H175,P0147
H175,P0148
H175,P0149
H175,P0150
H175,P0151
H175,P0152
H175,P0153
H175,P0154
H175,P0155
H175,P0157
H175,P0158
H175,P0160
H175,P0161
H175,P0162
H175,P0164
H175,P0165
H175,P0166
H175,P0168
H175,P0169
H175,P0170
H175,P0171
H175,P0172
H175,P0173
H175,P0174
H175,P0177
H175,P0178
H175,P0180
H175,P0181
H175,P0182
H175,P0183
H175,P0184
H175,P0185
H175,P0186
H175,P0187
H175,P0188
H175,P0189
H175,P0190
H175,P0192
H175,P0194
H175,P0195
H175,P0198
H175,P0199
H175,P0200
H175,P0201
H175,P0203
H175,P0204
H175,P0205
H175,P0206
H175,P0207
H175,P0208
H175,P0209
H175,P0211
H175,P0212
H175,P0213
H175,P0214
H175,P0215
H175,P0217
H175,P0218
H175,P0219
H175,P0220
H175,P0222
H175,P0224
H175,P0225
H175,P0226
H175,P0228
H175,P0229
H175,P0230
H175,P0231
H175,P0232
H175,P0233
H175,P0234
H175,P0235
H175,P0236
H175,P0237
H175,P0239
H175,P0241
H175,P0242
H175,P0243
H175,P0245
H175,P0246
H175,P0247
H175,P0248
H175,P0249
H175,P0250
H175,P0253
H175,P0254
H175,P0255
H175,P0256
H175,P0257
H175,P0258
H175,P0259
H175,P0260
H175,P0261
H175,P0263
H175,P0264
H175,P0265
H175,P0266
H175,P0267
H175,P0268
H175,P0269
H175,P0270
H175,P0271
H175,P0272
H175,P0273
H175,P0274
H175,P0275
H175,P0276
H175,P0277
H175,P0278
H175,P0279
H175,P0281
H175,P0282
H175,P0283
H175,P0284
H175,P0285
H175,P0286
H175,P0287
H175,P0288
H175,P0289
H175,P0290
H175,P0293
H175,P0294
H175,P0295
H175,P0297
H175,P0298
H175,P0299
H175,P0300
H175,P0302
H175,P0303
H175,P0305
H175,P0306
H175,P0308
H175,P0309
H175,P0310
H175,P0311
H175,P0312
H175,P0314
H175,P0315
H175,P0317
H175,P0318
H175,P0320
H175,P0321
H175,P0323
H175,P0324
H175,P0325
H175,P0326
H175,P0327
H175,P0328
H175,P0329
H175,P0330
H175,P0334
H175,P0336
H175,P0337
H175,P0338
H175,P0339
H175,P0340
H175,P0341
H175,P0342
H175,P0343
H175,P0344
H175,P0345
H175,P0346
H175,P0347
H175,P0349
H175,P0351
H175,P0352
H175,P0353
H175,P0355
H175,P0357
H175,P0359
H175,P0361
H175,P0362
H175,P0363
H175,P0364
H175,P0367
H175,P0368
H175,P0369
H175,P0371
H175,P0372
H175,P0373
H175,P0374
H175,P0375
H175,P0376
H175,P0377
H175,P0378
H175,P0379
H175,P0381
H175,P0382
H175,P0383
H175,P0384
H175,P0385
H175,P0386
H175,P0388
H175,P0389
H175,P0393
H175,P0394
H175,P0395
H175,P0396
H175,P0397
H175,P0398
H175,P0401
H175,P0402
H175,P0404
H175,P0405
H175,P0406
H175,P0408
H175,P0410
H175,P0411
H175,P0413
H175,P0415
H175,P0416
H175,P0417
H175,P0418
H175,P0420
H175,P0422
H175,P0423
H175,P0424
H175,P0425
H175,P0427
H175,P0428
H175,P0429
H175,P0431
H175,P0433
H175,P0434
H175,P0435
H175,P0436
H175,P0437
H175,P0438
H175,P0440
H175,P0441
H175,P0444
H175,P0445
H175,P0447
H175,P0448
H175,P0449
H175,P0450
H175,P0451
H175,P0452
H175,P0453
H175,P0454
H175,P0455
H175,P0456
H175,P0457
H175,P0463
H175,P0464
H175,P0466
H175,P0469
H175,P0470
H175,P0471
H175,P0473
H175,P0474
H175,P0475
H175,P0477
H175,P0478
H175,P0479
H175,P0480
H175,P0481
H175,P0482
H175,P0483
H175,P0485
H175,P0486
H175,P0487
H175,P0488
H175,P0490
H175,P0491
H175,P0492
H175,P0495
H175,P0496
H175,P0497
H175,P0500
H175,P0501
H175,P0502
H175,P0504
H175,P0505
H175,P0506
H175,P0507
H175,P0508
H175,P0510
H175,P0511
H175,P0514
H175,P0515
H175,P0516
H175,P0517
H175,P0518
H175,P0519
H175,P0520
H175,P0522
H175,P0523
H175,P0528
H175,P0529
H175,P0530
H175,P0531
H175,P0533
H175,P0536
H175,P0539
H175,P0541
H175,P0542
H175,P0544
H175,P0545
H175,P0546
H175,P0547
H175,P0548
H175,P0549
H175,P0551
H175,P0552
H175,P0553
H175,P0554
H175,P0555
H175,P0556
H175,P0558
H175,P0563
H175,P0564
H175,P0565
H175,P0566
H175,P0567
H175,P0568
H175,P0570
H175,P0572
H175,P0573
H175,P0574
H175,P0575
H175,P0576
H175,P0578
H175,P0579
H175,P0580
H175,P0581
H175,P0582
H175,P0583
H175,P0585
H175,P0586
H175,P0587
H175,P0589
H175,P0590
H175,P0592
H175,P0593
H175,P0594
H175,P0595
H175,P0596
H175,P0598
H175,P0599
H176,P0002
H176,P0004
H176,P0005
H176,P0006
H176,P0007
H176,P0008
H176,P0009
H176,P0011
H176,P0013
H176,P0015
H176,P0016
H176,P0017
H176,P0018
H176,P0019
H176,P0020
H176,P0022
H176,P0023
H176,P0027
H176,P0028
H176,P0030
H176,P0031
H176,P0032
H176,P0035
H176,P0036
H176,P0037
H176,P0039
H176,P0040
H176,P0041
H176,P0043
H176,P0045
H176,P0047
H176,P0048
H176,P0049
H176,P0050
H176,P0052
H176,P0054
H176,P0055
H176,P0056
H176,P0060
H176,P0061
H176,P0062
H176,P0063
H176,P0064
H176,P0065
H176,P0066
H176,P0067
H176,P0069
H176,P0070
H176,P0071
H176,P0072
H176,P0073
H176,P0075
H176,P0077
H176,P0079
H176,P0080
H176,P0081
H176,P0083
H176,P0084
H176,P0085
H176,P0086
H176,P0088
H176,P0089
H176,P0092
H176,P0093
H176,P0094
H176,P0096
H176,P0097
H176,P0098
H176,P0100
H176,P0101
H176,P0102
H176,P0103
H176,P0104
H176,P0105
H176,P0108
H176,P0109
H176,P0111
H176,P0112
H176,P0113
H176,P0114
H176,P0115
H176,P0117
H176,P0118
H176,P0119
H176,P0120
H176,P0121
H176,P0122
H176,P0123
H176,P0125
H176,P0126
H176,P0127
H176,P0128
H176,P0130
H176,P0131
H176,P0132
H176,P0134
H176,P0135
H176,P0136
H176,P0138
H176,P0139
H176,P0140
H176,P0141
H176,P0142
H176,P0145
H176,P0146
H176,P0147
H176,P0148
H176,P0149
H176,P0150
H176,P0151
H176,P0153
H176,P0155
H176,P0156
H176,P0157
H176,P0158
H176,P0159
H176,P0160
H176,P0161
H176,P0162
H176,P0163
H176,P0164
H176,P0165
H176,P0166
H176,P0167
H176,P0168
H176,P0169
H176,P0171
H176,P0174
H176,P0176
H176,P0178
H176,P0180
H176,P0181
H176,P0183
H176,P0184
H176,P0185
H176,P0186
H176,P0188
H176,P0189
H176,P0190
H176,P0192
H176,P0193
H176,P0195
H176,P0196
H176,P0197
H176,P0198
H176,P0200
H176,P0201
H176,P0202
H176,P0203
H176,P0204
H176,P0206
H176,P0208
H176,P0209
H176,P0210
H176,P0211
H176,P0212
H176,P0213
H176,P0215
H176,P0216
H176,P0218
H176,P0219
H176,P0221
H176,P0222
H176,P0224
H176,P0226
H176,P0227
H176,P0228
H176,P0229
H176,P0230
H176,P0231
H176,P0232
H176,P0235
H176,P0236
H176,P0238
H176,P0243
H176,P0245
H176,P0246
H176,P0248
H176,P0249
H176,P0250
H176,P0252
H176,P0253
H176,P0254
H176,P0255
H176,P0256
H176,P0257
H176,P0258
H176,P0259
H176,P0260
H176,P0261
H176,P0262
H176,P0263
H176,P0264
H176,P0265
H176,P0266
H176,P0268
H176,P0271
H176,P0273
H176,P0274
H176,P0276
H176,P0277
H176,P0278
H176,P0279
H176,P0280
H176,P0281
H176,P0282
H176,P0283
H176,P0284
H176,P0286
H176,P0287
H176,P0289
H176,P0290
H176,P0291
H176,P0294
H176,P0298
H176,P0299
H176,P0300
H176,P0305
H176,P0306
H176,P0307
H176,P0309
H176,P0310
H176,P0311
H176,P0312
H176,P0313
H176,P0314
H176,P0315
H176,P0316
H176,P0317
H176,P0320
H176,P0321
H176,P0323
H176,P0324
H176,P0326
H176,P0327
H176,P0329
H176,P0330
H176,P0332
H176,P0336
H176,P0337
H176,P0338
H176,P0339
H176,P0340
H176,P0341
H176,P0342
H176,P0343
H176,P0344
H176,P0345
H176,P0346
H176,P0347
H176,P0348
H176,P0351
H176,P0352
H176,P0353
H176,P0354
H176,P0355
H176,P0356
H176,P0359
H176,P0361
H176,P0362
H176,P0363
H176,P0366
H176,P0368
H176,P0369
H176,P0370
H176,P0371
H176,P0372
H176,P0374
H176,P0375
H176,P0377
H176,P0378
H176,P0381
H176,P0383
H176,P0384
H176,P0385
H176,P0386
H176,P0388
H176,P0389
H176,P0391
H176,P0392
H176,P0395
H176,P0396
H176,P0397
H176,P0398
H176,P0400
H176,P0402
H176,P0406
H176,P0407
H176,P0408
H176,P0409
H176,P0410
H176,P0411
H176,P0413
H176,P0415
H176,P0416
H176,P0417
H176,P0419
H176,P0420
H176,P0421
H176,P0422
H176,P0424
H176,P0425
H176,P0427
H176,P0428
H176,P0430
H176,P0431
H176,P0433
H176,P0434
H176,P0435
H176,P0436
H176,P0439
H176,P0440
H176,P0441
H176,P0443
H176,P0447
H176,P0448
H176,P0450
H176,P0451
H176,P0452
H176,P0454
H176,P0456
H176,P0458
H176,P0459
H176,P0460
H176,P0461
H176,P0463
H176,P0464
H176,P0465
H176,P0466
H176,P0467
H176,P0469
H176,P0470
H176,P0471
H176,P0473
H176,P0474
H176,P0477
H176,P0478
H176,P0479
H176,P0482
H176,P0483
H176,P0485
H176,P0486
H176,P0488
H176,P0489
H176,P0490
H176,P0491
H176,P0492
H176,P0493
H176,P0495
H176,P0496
H176,P0497
H176,P0498
H176,P0501
H176,P0502
H176,P0504
H176,P0505
H176,P0506
H176,P0508
H176,P0509
H176,P0510
H176,P0511
H176,P0512
H176,P0514
H176,P0515
H176,P0517
H176,P0518
H176,P0519
H176,P0520
H176,P0522
H176,P0523
H176,P0524
H176,P0527
H176,P0528
H176,P0530
H176,P0532
H176,P0533
H176,P0534
H176,P0535
H176,P0539
H176,P0540
H176,P0541
H176,P0542
H176,P0544
H176,P0545
H176,P0546
H176,P0547
H176,P0548
H176,P0549
H176,P0550
H176,P0551
H176,P0552
H176,P0553
H176,P0556
H176,P0557
H176,P0558
H176,P0560
H176,P0561
H176,P0563
H176,P0565
H176,P0566
H176,P0567
H176,P0568
H176,P0569
H176,P0570
H176,P0572
H176,P0573
H176,P0574
H176,P0576
H176,P0577
H176,P0578
H176,P0579
H176,P0581
H176,P0582
H176,P0584
H176,P0585
H176,P0586
H176,P0587
H176,P0588
H176,P0589
H176,P0590
H176,P0591
H176,P0592
H176,P0594
H176,P0596
H176,P0597
H176,P0598
H176,P0600
H177,P0001
H177,P0003
H177,P0005
H177,P0006
H177,P0010
H177,P0012
H177,P0013
H177,P0014
H177,P0015
H177,P0016
H177,P0017
H177,P0018
H177,P0020
H177,P0021
H177,P0022
H177,P0023
H177,P0024
H177,P0026
H177,P0027
H177,P0029
H177,P0030
H177,P0031
H177,P0034
H177,P0035
H177,P0036
H177,P0037
H177,P0039
H177,P0041
H177,P0042
H177,P0043
H177,P0044
H177,P0046
H177,P0047
H177,P0048
H177,P0051
H177,P0052
H177,P0053
H177,P0054
H177,P0055
H177,P0056
H177,P0057
H177,P0058
H177,P0060
H177,P0061
H177,P0062
H177,P0063
H177,P0066
H177,P0068
H177,P0069
H177,P0070
H177,P0071
H177,P0072
H177,P0073
H177,P0075
H177,P0076
H177,P0077
H177,P0078
H177,P0079
H177,P0082
H177,P0083
H177,P0084
H177,P0085
H177,P0086
H177,P0087
H177,P0089
H177,P0091
H177,P0092
H177,P0093
H177,P0096
H177,P0097
H177,P0098
H177,P0100
H177,P0102
H177,P0103
H177,P0104
H177,P0105
H177,P0106
H177,P0107
H177,P0108
H177,P0109
H177,P0110
H177,P0111
H177,P0112
H177,P0113
H177,P0114
H177,P0116
H177,P0117
H177,P0118
H177,P0119
H177,P0121
H177,P0122
H177,P0123
H177,P0124
H177,P0125
H177,P0126
H177,P0127
H177,P0128
H177,P0129
H177,P0130
H177,P0131
H177,P0132
H177,P0133
H177,P0134
H177,P0135
H177,P0136
H177,P0137
H177,P0140
H177,P0141
H177,P0142
H177,P0143
H177,P0144
H177,P0145
H177,P0146
H177,P0147
H177,P0148
H177,P0149
H177,P0150
H177,P0152
H177,P0153
H177,P0154
H177,P0155
H177,P0156
H177,P0158
H177,P0159
H177,P0161
H177,P0162
H177,P0163
H177,P0165
H177,P0166
H177,P0167
H177,P0169
H177,P0170
H177,P0171
H177,P0173
H177,P0174
H177,P0175
H177,P0176
H177,P0178
H177,P0181
H177,P0182
H177,P0183
H177,P0184
H177,P0185
H177,P0188
H177,P0190
H177,P0193
H177,P0194
H177,P0195
H177,P0197
H177,P0199
H177,P0200
H177,P0202
H177,P0203
H177,P0205
H177,P0206
H177,P0208
H177,P0209
H177,P0210
H177,P0211
H177,P0212
H177,P0213
H177,P0214
H177,P0215
H177,P0216
H177,P0217
H177,P0218
H177,P0220
H177,P0221
H177,P0222
H177,P0223
H177,P0224
H177,P0226
H177,P0227
H177,P0228
H177,P0229
H177,P0230
H177,P0232
H177,P0233
H177,P0234
H177,P0235
H177,P0236
H177,P0237
H177,P0238
H177,P0239
H177,P0241
H177,P0242
H177,P0243
H177,P0244
H177,P0245
H177,P0246
H177,P0247
H177,P0248
H177,P0249
H177,P0250
H177,P0251
H177,P0252
H177,P0253
H177,P0254
H177,P0256
H177,P0257
H177,P0258
H177,P0259
H177,P0261
H177,P0264
H177,P0265
H177,P0266
H177,P0267
H177,P0268
H177,P0269
H177,P0270
H177,P0271
H177,P0272
H177,P0273
H177,P0274
H177,P0275
H177,P0276
H177,P0277
H177,P0278
H177,P0279
H177,P0280
H177,P0281
H177,P0282
H177,P0283
H177,P0284
H177,P0286
H177,P0287
H177,P0288
H177,P0289
H177,P0291
H177,P0293
H177,P0294
H177,P0295
H177,P0296
H177,P0298
H177,P0299
H177,P0300
H177,P0301
H177,P0302
H177,P0303
H177,P0304
H177,P0305
H177,P0307
H177,P0308
H177,P0309
H177,P0310
H177,P0311
H177,P0312
H177,P0313
H177,P0314
H177,P0315
H177,P0317
H177,P0318
H177,P0319
H177,P0320
H177,P0321
H177,P0323
H177,P0324
H177,P0325
H177,P0326
H177,P0329
H177,P0330
H177,P0332
H177,P0333
H177,P0334
H177,P0335
H177,P0336
H177,P0337
H177,P0338
H177,P0339
H177,P0340
H177,P0341
H177,P0342
H177,P0343
H177,P0344
H177,P0345
H177,P0346
H177,P0347
H177,P0348
H177,P0350
H177,P0351
H177,P0352
H177,P0353
H177,P0354
H177,P0355
H177,P0358
H177,P0359
H177,P0360
H177,P0361
H177,P0362
H177,P0363
H177,P0364
H177,P0365
H177,P0366
H177,P0367
H177,P0368
H177,P0369
H177,P0370
H177,P0371
H177,P0372
H177,P0373
H177,P0374
H177,P0375
H177,P0376
H177,P0378
H177,P0379
H177,P0381
H177,P0382
H177,P0385
H177,P0387
H177,P0388
H177,P0390
H177,P0391
H177,P0392
H177,P0393
H177,P0394
H177,P0395
H177,P0396
H177,P0397
H177,P0398
H177,P0401
H177,P0402
H177,P0404
H177,P0405
H177,P0406
H177,P0407
H177,P0408
H177,P0410
H177,P0411
H177,P0413
H177,P0414
H177,P0415
H177,P0417
H177,P0418
H177,P0419
H177,P0420
H177,P0421
H177,P0422
H177,P0424
H177,P0425
H177,P0427
H177,P0428
H177,P0430
H177,P0431
H177,P0432
H177,P0433
H177,P0434
H177,P0435
H177,P0436
H177,P0439
H177,P0440
H177,P0441
H177,P0442
H177,P0443
H177,P0444
H177,P0445
H177,P0446
H177,P0447
H177,P0449
H177,P0450
H177,P0451
H177,P0452
H177,P0453
H177,P0455
H177,P0456
H177,P0457
H177,P0458
H177,P0461
H177,P0462
H177,P0463
H177,P0466
H177,P0469
H177,P0470
H177,P0471
H177,P0472
H177,P0473
H177,P0474
H177,P0475
H177,P0478
H177,P0479
H177,P0480
H177,P0481
H177,P0485
H177,P0486
H177,P0488
H177,P0489
H177,P0490
H177,P0491
H177,P0492
H177,P0493
H177,P0494
H177,P0496
H177,P0497
H177,P0499
H177,P0501
H177,P0504
H177,P0505
H177,P0506
H177,P0509
H177,P0510
H177,P0511
H177,P0512
H177,P0513
H177,P0514
H177,P0515
H177,P0516
H177,P0517
H177,P0518
H177,P0519
H177,P0520
H177,P0521
H177,P0523
H177,P0524
H177,P0525
H177,P0526
H177,P0527
H177,P0529
H177,P0530
H177,P0531
H177,P0533
H177,P0535
H177,P0536
H177,P0537
H177,P0538
H177,P0539
H177,P0540
H177,P0541
H177,P0542
H177,P0543
H177,P0544
H177,P0545
H177,P0546
H177,P0547
H177,P0549
H177,P0550
H177,P0551
H177,P0552
H177,P0553
H177,P0555
H177,P0556
H177,P0557
H177,P0558
H177,P0559
H177,P0560
H177,P0563
H177,P0564
H177,P0565
H177,P0566
H177,P0567
H177,P0569
H177,P0570
H177,P0571
H177,P0572
H177,P0573
H177,P0575
H177,P0576
H177,P0579
H177,P0582
H177,P0583
H177,P0584
H177,P0585
H177,P0587
H177,P0588
H177,P0589
H177,P0590
H177,P0591
H177,P0592
H177,P0593
H177,P0594
H177,P0595
H177,P0596
H177,P0597
H177,P0599
H177,P0600
H178,P0003
H178,P0005
H178,P0006
H178,P0007
H178,P0008
H178,P0009
H178,P0010
H178,P0011
H178,P0015
H178,P0017
H178,P0018
H178,P0019
H178,P0020
H178,P0021
H178,P0023
H178,P0025
H178,P0030
H178,P0032
H178,P0035
H178,P0037
H178,P0039
H178,P0041
H178,P0042
H178,P0043
H178,P0045
H178,P0046
H178,P0047
H178,P0048
H178,P0049
H178,P0051
H178,P0053
H178,P0054
H178,P0055
H178,P0056
H178,P0057
H178,P0059
H178,P0060
H178,P0062
H178,P0067
H178,P0068
H178,P0071
H178,P0072
H178,P0073
H178,P0075
H178,P0078
H178,P0079
H178,P0082
H178,P0084
H178,P0085
H178,P0088
H178,P0090
H178,P0092
H178,P0093
H178,P0095
H178,P0097
H178,P0100
H178,P0102
H178,P0105
H178,P0108
H178,P0111
H178,P0112
H178,P0113
H178,P0114
H178,P0115
H178,P0116
H178,P0117
H178,P0121
H178,P0122
H178,P0123
H178,P0125
H178,P0126
H178,P0127
H178,P0128
H178,P0131
H178,P0132
H178,P0135
H178,P0136
H178,P0137
H178,P0140
H178,P0141
H178,P0143
H178,P0146
H178,P0148
H178,P0149
H178,P0152
H178,P0153
H178,P0156
H178,P0157
H178,P0158
H178,P0160
H178,P0162
H178,P0163
H178,P0164
H178,P0169
H178,P0170
H178,P0171
H178,P0172
H178,P0176
H178,P0177
H178,P0180
H178,P0183
H178,P0188
H178,P0189
H178,P0192
H178,P0195
H178,P0196
H178,P0198
H178,P0200
H178,P0201
H178,P0202
H178,P0204
H178,P0206
H178,P0207
H178,P0208
H178,P0210
H178,P0211
H178,P0212
H178,P0213
H178,P0214
H178,P0215
H178,P0217
H178,P0220
H178,P0221
H178,P0222
H178,P0226
H178,P0229
H178,P0232
H178,P0233
H178,P0234
H178,P0235
H178,P0240
H178,P0245
H178,P0247
H178,P0249
H178,P0250
H178,P0251
H178,P0254
H178,P0256
H178,P0257
H178,P0258
H178,P0259
H178,P0260
H178,P0261
H178,P0262
H178,P0264
H178,P0265
H178,P0266
H178,P0267
H178,P0268
H178,P0270
H178,P0273
H178,P0275
H178,P0276
H178,P0278
H178,P0280
H178,P0286
H178,P0287
H178,P0291
H178,P0293
H178,P0294
H178,P0295
H178,P0296
H178,P0298
H178,P0299
H178,P0300
H178,P0301
H178,P0304
H178,P0307
H178,P0310
H178,P0311
H178,P0312
H178,P0313
H178,P0315
H178,P0316
H178,P0317
H178,P0318
H178,P0323
H178,P0324
H178,P0325
H178,P0326
H178,P0327
H178,P0328
H178,P0329
H178,P0330
H178,P0332
H178,P0334
H178,P0335
H178,P0336
H178,P0337
H178,P0338
H178,P0341
H178,P0342
H178,P0344
H178,P0345
H178,P0346
H178,P0347
H178,P0349
H178,P0350
H178,P0351
H178,P0352
H178,P0353
H178,P0354
H178,P0355
H178,P0356
H178,P0357
H178,P0359
H178,P0360
H178,P0362
H178,P0365
H178,P0366
H178,P0367
H178,P0369
H178,P0370
H178,P0372
H178,P0373
H178,P0374
H178,P0375
H178,P0377
H178,P0378
H178,P0380
H178,P0382
H178,P0384
H178,P0388
H178,P0390
H178,P0391
H178,P0394
H178,P0395
H178,P0396
H178,P0397
H178,P0398
H178,P0399
H178,P0400
H178,P0401
H178,P0402
H178,P0404
H178,P0405
H178,P0406
H178,P0407
H178,P0408
H178,P0410
H178,P0411
H178,P0416
H178,P0417
H178,P0418
H178,P0420
H178,P0427
H178,P0428
H178,P0430
H178,P0434
H178,P0435
H178,P0438
H178,P0439
H178,P0442
H178,P0443
H178,P0444
H178,P0445
H178,P0446
H178,P0447
H178,P0450
H178,P0451
H178,P0453
H178,P0454
H178,P0455
H178,P0459
H178,P0461
H178,P0462
H178,P0463
H178,P0464
H178,P0465
H178,P0466
H178,P0468
H178,P0471
H178,P0472
H178,P0473
H178,P0474
H178,P0476
H178,P0477
H178,P0479
H178,P0482
H178,P0483
H178,P0485
H178,P0486
H178,P0488
H178,P0489
H178,P0491
H178,P0492
H178,P0494
H178,P0498
H178,P0499
H178,P0503
H178,P0504
H178,P0505
H178,P0508
H178,P0511
H178,P0512
H178,P0515
H178,P0518
H178,P0519
H178,P0520
H178,P0521
H178,P0523
H178,P0525
H178,P0527
H178,P0529
H178,P0536
H178,P0537
H178,P0540
H178,P0544
H178,P0545
H178,P0547
H178,P0549
H178,P0550
H178,P0551
H178,P0552
H178,P0553
H178,P0555
H178,P0556
H178,P0557
H178,P0560
H178,P0564
H178,P0567
H178,P0570
H178,P0571
H178,P0572
H178,P0573
H178,P0574
H178,P0575
H178,P0578
H178,P0579
H178,P0582
H178,P0584
H178,P0585
H178,P0589
H178,P0590
H178,P0591
H178,P0592
H178,P0593
H178,P0598
H178,P0600
H179,P0001
H179,P0002
H179,P0003
H179,P0006
H179,P0007
H179,P0008
H179,P0009
H179,P0010
H179,P0012
H179,P0013
H179,P0016
H179,P0017
H179,P0018
H179,P0019
H179,P0020
H179,P0021
H179,P0023
H179,P0024
H179,P0026
H179,P0027
H179,P0028
H179,P0030
H179,P0031
H179,P0033
H179,P0034
H179,P0035
H179,P0036
H179,P0037
H179,P0039
H179,P0041
H179,P0042
H179,P0043
H179,P0045
H179,P0046
H179,P0047
H179,P0048
H179,P0049
H179,P0050
H179,P0051
H179,P0054
H179,P0055
H179,P0058
H179,P0061
H179,P0062
H179,P0063
H179,P0065
H179,P0066
H179,P0067
H179,P0068
H179,P0069
H179,P0070
H179,P0071
H179,P0072
H179,P0073
H179,P0074
H179,P0075
H179,P0078
H179,P0079
H179,P0081
H179,P0082
H179,P0083
H179,P0085
H179,P0086
H179,P0087
H179,P0088
H179,P0090
H179,P0091
H179,P0092
H179,P0093
H179,P0095
H179,P0096
H179,P0097
H179,P0098
H179,P0099
H179,P0100
H179,P0101
H179,P0102
H179,P0103
H179,P0104
H179,P0105
H179,P0106
H179,P0107
H179,P0108
H179,P0109
H179,P0111
H179,P0112
H179,P0113
H179,P0114
H179,P0115
H179,P0116
H179,P0119
H179,P0121
H179,P0122
H179,P0123
H179,P0127
H179,P0129
H179,P0130
H179,P0132
H179,P0133
H179,P0135
H179,P0136
H179,P0140
H179,P0141
H179,P0143
H179,P0144
H179,P0146
H179,P0147
H179,P0148
H179,P0149
H179,P0150
H179,P0151
H179,P0153
H179,P0154
H179,P0155
H179,P0156
H179,P0157
H179,P0158
H179,P0161
H179,P0162
H179,P0163
H179,P0164
H179,P0165
H179,P0166
H179,P0168
H179,P0169
H179,P0170
H179,P0171
H179,P0172
H179,P0173
H179,P0174
H179,P0175
H179,P0176
H179,P0179
H179,P0181
H179,P0182
H179,P0183
H179,P0185
H179,P0188
H179,P0190
H179,P0192
H179,P0193
H179,P0194
H179,P0195
H179,P0197
H179,P0198
H179,P0199
H179,P0201
H179,P0203
H179,P0205
H179,P0208
H179,P0209
H179,P0211
H179,P0212
H179,P0213
H179,P0214
H179,P0215
H179,P0216
H179,P0218
H179,P0221
H179,P0222
H179,P0223
H179,P0224
H179,P0226
H179,P0227
H179,P0228
H179,P0229
H179,P0230
H179,P0232
H179,P0233
H179,P0234
H179,P0235
H179,P0236
H179,P0237
H179,P0238
H179,P0239
H179,P0240
H179,P0242
H179,P0243
H179,P0245
H179,P0246
H179,P0247
H179,P0249
H179,P0250
H179,P0251
H179,P0252
H179,P0253
H179,P0254
H179,P0256
H179,P0257
H179,P0262
H179,P0264
H179,P0265
H179,P0266
H179,P0269
H179,P0270
H179,P0271
H179,P0272
H179,P0273
H179,P0275
H179,P0277
H179,P0278
H179,P0279
H179,P0280
H179,P0281
H179,P0282
H179,P0285
H179,P0286
H179,P0287
H179,P0288
H179,P0289
H179,P0290
H179,P0291
H179,P0292
H179,P0293
H179,P0294
H179,P0295
H179,P0296
H179,P0299
H179,P0300
H179,P0302
H179,P0305
H179,P0306
H179,P0307
H179,P0309
H179,P0310
H179,P0311
H179,P0313
H179,P0317
H179,P0318
H179,P0319
H179,P0320
H179,P0321
H179,P0322
H179,P0324
H179,P0326
H179,P0327
H179,P0329
H179,P0330
H179,P0331
H179,P0333
H179,P0335
H179,P0336
H179,P0337
H179,P0338
H179,P0339
H179,P0342
H179,P0343
H179,P0344
H179,P0345
H179,P0347
H179,P0351
H179,P0352
H179,P0353
H179,P0354
H179,P0355
H179,P0356
H179,P0357
H179,P0358
H179,P0359
H179,P0360
H179,P0361
H179,P0362
H179,P0363
H179,P0364
H179,P0366
H179,P0367
H179,P0368
H179,P0369
H179,P0371
H179,P0372
H179,P0373
H179,P0374
H179,P0375
H179,P0376
H179,P0377
H179,P0379
H179,P0380
H179,P0381
H179,P0382
H179,P0383
H179,P0387
H179,P0388
H179,P0391
H179,P0392
H179,P0393
H179,P0394
H179,P0395
H179,P0396
H179,P0397
H179,P0398
H179,P0399
H179,P0401
H179,P0402
H179,P0405
H179,P0406
H179,P0407
H179,P0408
H179,P0409
H179,P0411
H179,P0413
H179,P0414
H179,P0415
H179,P0416
H179,P0417
H179,P0420
H179,P0422
H179,P0423
H179,P0424
H179,P0426
H179,P0427
H179,P0429
H179,P0430
H179,P0431
H179,P0432
H179,P0433
H179,P0434
H179,P0435
H179,P0438
H179,P0439
H179,P0440
H179,P0441
H179,P0442
H179,P0443
H179,P0444
H179,P0445
H179,P0446
H179,P0447
H179,P0448
H179,P0450
H179,P0451
H179,P0452
H179,P0453
H179,P0454
H179,P0455
H179,P0456
H179,P0457
H179,P0458
H179,P0460
H179,P0462
H179,P0464
H179,P0465
H179,P0468
H179,P0469
H179,P0470
H179,P0471
H179,P0472
H179,P0473
H179,P0474
H179,P0475
H179,P0477
H179,P0478
H179,P0481
H179,P0482
H179,P0483
H179,P0484
H179,P0485
H179,P0486
H179,P0487
H179,P0489
H179,P0492
H179,P0494
H179,P0495
H179,P0497
H179,P0498
H179,P0499
H179,P0500
H179,P0503
H179,P0504
H179,P0506
H179,P0507
H179,P0508
H179,P0509
H179,P0510
H179,P0511
H179,P0512
H179,P0513
H179,P0514
H179,P0515
H179,P0516
H179,P0517
H179,P0518
H179,P0519
H179,P0520
H179,P0521
H179,P0522
H179,P0523
H179,P0525
H179,P0527
H179,P0528
H179,P0529
H179,P0530
H179,P0531
H179,P0532
H179,P0533
H179,P0534
H179,P0535
H179,P0536
H179,P0537
H179,P0539
H179,P0540
H179,P0541
H179,P0542
H179,P0543
H179,P0544
H179,P0545
H179,P0546
H179,P0549
H179,P0550
H179,P0551
H179,P0553
H179,P0555
H179,P0556
H179,P0557
H179,P0558
H179,P0560
H179,P0561
H179,P0563
H179,P0564
H179,P0566
H179,P0567
H179,P0568
H179,P0569
H179,P0570
H179,P0571
H179,P0572
H179,P0573
H179,P0574
H179,P0575
H179,P0576
H179,P0578
H179,P0579
H179,P0581
H179,P0582
H179,P0583
H179,P0584
H179,P0585
H179,P0586
H179,P0589
H179,P0590
H179,P0591
H179,P0593
H179,P0594
H179,P0597
H179,P0598
H179,P0599
H179,P0600
H180,P0002
H180,P0005
H180,P0006
H180,P0007
H180,P0008
H180,P0009
H180,P0010
H180,P0012
H180,P0015
H180,P0018
H180,P0022
H180,P0023
H180,P0024
H180,P0025
H180,P0026
H180,P0027
H180,P0028
H180,P0029
H180,P0031
H180,P0032
H180,P0034
H180,P0035
H180,P0036
H180,P0038
H180,P0039
H180,P0041
H180,P0042
H180,P0043
H180,P0045
H180,P0047
H180,P0048
H180,P0049
H180,P0050
H180,P0051
H180,P0052
H180,P0053
H180,P0055
H180,P0057
H180,P0060
H180,P0061
H180,P0064
H180,P0065
H180,P0066
H180,P0067
H180,P0069
H180,P0071
H180,P0072
H180,P0073
H180,P0075
H180,P0076
H180,P0079
H180,P0081
H180,P0082
H180,P0083
H180,P0084
H180,P0085
H180,P0086
H180,P0088
H180,P0089
H180,P0093
H180,P0094
H180,P0096
H180,P0097
H180,P0098
H180,P0100
H180,P0102
H180,P0103
H180,P0104
H180,P0105
H180,P0106
H180,P0107
H180,P0108
H180,P0110
H180,P0111
H180,P0112
H180,P0113
H180,P0114
H180,P0116
H180,P0117
H180,P0120
H180,P0121
H180,P0122
H180,P0125
H180,P0127
H180,P0128
H180,P0130
H180,P0131
H180,P0132
H180,P0133
H180,P0135
H180,P0136
H180,P0137
H180,P0138
H180,P0140
H180,P0141
H180,P0142
H180,P0145
H180,P0146
H180,P0147
H180,P0148
H180,P0149
H180,P0150
H180,P0151
H180,P0153
H180,P0154
H180,P0155
H180,P0156
H180,P0157
H180,P0158
H180,P0159
H180,P0160
H180,P0161
H180,P0163
H180,P0164
H180,P0165
H180,P0166
H180,P0167
H180,P0169
H180,P0170
H180,P0171
H180,P0172
H180,P0173
H180,P0174
H180,P0176
H180,P0177
H180,P0178
H180,P0179
H180,P0180
H180,P0181
H180,P0182
H180,P0183
H180,P0185
H180,P0186
H180,P0189
H180,P0190
H180,P0191
H180,P0192
H180,P0193
H180,P0194
H180,P0195
H180,P0196
H180,P0197
H180,P0200
H180,P0201
H180,P0204
H180,P0205
H180,P0207
H180,P0208
H180,P0209
H180,P0210
H180,P0211
H180,P0212
H180,P0213
H180,P0214
H180,P0216
H180,P0217
H180,P0219
H180,P0222
H180,P0224
H180,P0226
H180,P0227
H180,P0229
H180,P0230
H180,P0231
H180,P0232
H180,P0235
H180,P0238
H180,P0239
H180,P0241
H180,P0242
H180,P0244
H180,P0245
H180,P0247
H180,P0249
H180,P0250
H180,P0251
H180,P0252
H180,P0253
H180,P0254
H180,P0255
H180,P0256
H180,P0257
H180,P0258
H180,P0259
H180,P0260
H180,P0262
H180,P0263
H180,P0264
H180,P0265
H180,P0266
H180,P0267
H180,P0269
H180,P0270
H180,P0271
H180,P0272
H180,P0273
H180,P0274
H180,P0276
H180,P0278
H180,P0279
H180,P0280
H180,P0281
H180,P0284
H180,P0285
H180,P0286
H180,P0287
H180,P0288
H180,P0289
H180,P0290
H180,P0291
H180,P0292
H180,P0293
H180,P0294
H180,P0295
H180,P0296
H180,P0297
H180,P0298
H180,P0299
H180,P0300
H180,P0302
H180,P0304
H180,P0305
H180,P0306
H180,P0307
H180,P0308
H180,P0309
H180,P0310
H180,P0311
H180,P0312
H180,P0313
H180,P0315
H180,P0316
H180,P0317
H180,P0318
H180,P0320
H180,P0321
H180,P0323
H180,P0324
H180,P0325
H180,P0326
H180,P0328
H180,P0329
H180,P0330
H180,P0335
H180,P0336
H180,P0337
H180,P0339
H180,P0340
H180,P0341
H180,P0342
H180,P0343
H180,P0344
H180,P0345
H180,P0346
H180,P0347
H180,P0348
H180,P0351
H180,P0352
H180,P0353
H180,P0354
H180,P0355
H180,P0356
H180,P0357
H180,P0358
H180,P0359
H180,P0360
H180,P0361
H180,P0362
H180,P0363
H180,P0366
H180,P0367
H180,P0368
H180,P0369
H180,P0370
H180,P0372
H180,P0373
H180,P0375
H180,P0376
H180,P0377
H180,P0378
H180,P0379
H180,P0380
H180,P0383
H180,P0384
H180,P0385
H180,P0390
H180,P0392
H180,P0393
H180,P0394
H180,P0395
H180,P0397
H180,P0398
H180,P0399
H180,P0400
H180,P0401
H180,P0402
H180,P0403
H180,P0404
H180,P0406
H180,P0407
H180,P0408
H180,P0409
H180,P0410
H180,P0411
H180,P0412
H180,P0413
H180,P0414
H180,P0415
H180,P0416
H180,P0417
H180,P0418
H180,P0420
H180,P0421
H180,P0422
H180,P0423
H180,P0424
H180,P0425
H180,P0427
H180,P0428
H180,P0430
H180,P0431
H180,P0432
H180,P0433
H180,P0434
H180,P0435
H180,P0436
H180,P0437
H180,P0438
H180,P0439
H180,P0440
H180,P0443
H180,P0444
H180,P0445
H180,P0447
H180,P0448
H180,P0450
H180,P0451
H180,P0452
H180,P0453
H180,P0458
H180,P0459
H180,P0461
H180,P0464
H180,P0465
H180,P0466
H180,P0467
H180,P0468
H180,P0469
H180,P0470
H180,P0471
H180,P0472
H180,P0473
H180,P0474
H180,P0476
H180,P0477
H180,P0479
H180,P0481
H180,P0482
H180,P0484
H180,P0485
H180,P0487
H180,P0488
H180,P0491
H180,P0492
H180,P0494
H180,P0495
H180,P0496
H180,P0497
H180,P0498
H180,P0499
H180,P0502
H180,P0505
H180,P0506
H180,P0507
H180,P0508
H180,P0509
H180,P0510
H180,P0511
H180,P0514
H180,P0515
H180,P0516
H180,P0517
H180,P0518
H180,P0519
H180,P0520
H180,P0521
H180,P0523
H180,P0524
H180,P0526
H180,P0527
H180,P0529
H180,P0530
H180,P0532
H180,P0533
H180,P0534
H180,P0535
H180,P0537
H180,P0538
H180,P0540
H180,P0542
H180,P0543
H180,P0544
H180,P0545
H180,P0546
H180,P0547
H180,P0548
H180,P0549
H180,P0550
H180,P0552
H180,P0555
H180,P0556
H180,P0557
H180,P0558
H180,P0559
H180,P0561
H180,P0562
H180,P0563
H180,P0564
H180,P0565
H180,P0566
H180,P0567
H180,P0568
H180,P0569
H180,P0570
H180,P0571
H180,P0572
H180,P0573
H180,P0574
H180,P0575
H180,P0577
H180,P0578
H180,P0579
H180,P0581
H180,P0584
H180,P0585
H180,P0586
H180,P0587
H180,P0588
H180,P0589
H180,P0590
H180,P0591
H180,P0592
H180,P0593
H180,P0594
H180,P0595
H180,P0597
H180,P0598
H181,P0001
H181,P0002
H181,P0003
H181,P0004
H181,P0006
H181,P0007
H181,P0008
H181,P0009
H181,P0010
H181,P0013
H181,P0014
H181,P0016
H181,P0017
H181,P0018
H181,P0019
H181,P0020
H181,P0021
H181,P0024
H181,P0026
H181,P0027
H181,P0029
H181,P0031
H181,P0033
H181,P0034
H181,P0035
H181,P0036
H181,P0037
H181,P0038
H181,P0039
H181,P0041
H181,P0042
H181,P0043
H181,P0044
H181,P0045
H181,P0046
H181,P0047
H181,P0049
H181,P0051
H181,P0052
H181,P0053
H181,P0057
H181,P0058
H181,P0059
H181,P0061
H181,P0062
H181,P0063
H181,P0064
H181,P0065
H181,P0066
H181,P0067
H181,P0069
H181,P0070
H181,P0071
H181,P0072
H181,P0075
H181,P0077
H181,P0080
H181,P0081
H181,P0082
H181,P0083
H181,P0084
H181,P0085
H181,P0086
H181,P0087
H181,P0088
H181,P0090
H181,P0091
H181,P0092
H181,P0093
H181,P0094
H181,P0095
H181,P0096
H181,P0097
H181,P0099
H181,P0101
H181,P0102
H181,P0103
H181,P0104
H181,P0105
H181,P0106
H181,P0107
H181,P0108
H181,P0109
H181,P0110
H181,P0111
H181,P0112
H181,P0113
H181,P0114
H181,P0115
H181,P0116
H181,P0117
H181,P0121
H181,P0122
H181,P0123
H181,P0124
H181,P0125
H181,P0126
H181,P0127
H181,P0128
H181,P0129
H181,P0130
H181,P0132
H181,P0136
H181,P0138
H181,P0139
H181,P0140
H181,P0141
H181,P0142
H181,P0143
H181,P0144
H181,P0146
H181,P0147
H181,P0148
H181,P0149
H181,P0150
H181,P0151
H181,P0152
H181,P0154
H181,P0155
H181,P0156
H181,P0158
H181,P0159
H181,P0160
H181,P0161
H181,P0163
H181,P0164
H181,P0165
H181,P0166
H181,P0167
H181,P0168
H181,P0169
H181,P0170
H181,P0171
H181,P0172
H181,P0174
H181,P0175
H181,P0176
H181,P0177
H181,P0178
H181,P0179
H181,P0180
H181,P0182
H181,P0183
H181,P0188
H181,P0189
H181,P0190
H181,P0191
H181,P0192
H181,P0193
H181,P0194
H181,P0195
H181,P0196
H181,P0200
H181,P0201
H181,P0202
H181,P0204
H181,P0206
H181,P0207
H181,P0208
H181,P0209
H181,P0210
H181,P0211
H181,P0212
H181,P0213
H181,P0214
H181,P0215
H181,P0216
H181,P0217
H181,P0218
H181,P0219
H181,P0220
H181,P0221
H181,P0222
H181,P0224
H181,P0225
H181,P0226
H181,P0228
H181,P0229
H181,P0230
H181,P0232
H181,P0233
H181,P0234
H181,P0235
H181,P0236
H181,P0237
H181,P0239
H181,P0240
H181,P0241
H181,P0244
H181,P0245
H181,P0246
H181,P0247
H181,P0249
H181,P0250
H181,P0251
H181,P0253
H181,P0254
H181,P0256
H181,P0257
H181,P0258
H181,P0259
H181,P0260
H181,P0261
H181,P0262
H181,P0264
H181,P0265
H181,P0266
H181,P0267
H181,P0268
H181,P0270
H181,P0271
H181,P0272
H181,P0273
H181,P0274
H181,P0276
H181,P0277
H181,P0279
H181,P0281
H181,P0282
H181,P0283
H181,P0284
H181,P0287
H181,P0291
H181,P0293
H181,P0295
H181,P0296
H181,P0297
H181,P0299
H181,P0301
H181,P0302
H181,P0303
H181,P0305
H181,P0306
H181,P0307
H181,P0308
H181,P0309
H181,P0310
H181,P0312
H181,P0314
H181,P0315
H181,P0316
H181,P0317
H181,P0319
H181,P0321
H181,P0323
H181,P0325
H181,P0326
H181,P0327
H181,P0328
H181,P0329
H181,P0330
H181,P0331
H181,P0332
H181,P0333
H181,P0334
H181,P0335
H181,P0336
H181,P0337
H181,P0338
H181,P0339
H181,P0340
H181,P0342
H181,P0343
H181,P0344
H181,P0345
H181,P0346
H181,P0347
H181,P0348
H181,P0350
H181,P0351
H181,P0352
H181,P0353
H181,P0355
H181,P0357
H181,P0359
H181,P0360
H181,P0361
H181,P0362
H181,P0364
H181,P0366
H181,P0367
H181,P0368
H181,P0369
H181,P0370
H181,P0371
H181,P0373
H181,P0374
H181,P0375
H181,P0377
H181,P0378
H181,P0379
H181,P0381
H181,P0382
H181,P0384
H181,P0385
H181,P0387
H181,P0389
H181,P0390
H181,P0391
H181,P0392
H181,P0393
H181,P0394
H181,P0395
H181,P0396
H181,P0397
H181,P0398
H181,P0399
H181,P0400
H181,P0401
H181,P0402
H181,P0404
H181,P0406
H181,P0407
H181,P0408
H181,P0410
H181,P0411
H181,P0412
H181,P0413
H181,P0414
H181,P0415
H181,P0416
H181,P0417
H181,P0418
H181,P0420
H181,P0421
H181,P0422
H181,P0423
H181,P0424
H181,P0425
H181,P0428
H181,P0430
H181,P0431
H181,P0432
H181,P0434
H181,P0435
H181,P0436
H181,P0439
H181,P0440
H181,P0441
H181,P0443
H181,P0444
H181,P0446
H181,P0447
H181,P0448
H181,P0450
H181,P0452
H181,P0453
H181,P0454
H181,P0455
H181,P0457
H181,P0458
H181,P0459
H181,P0461
H181,P0462
H181,P0463
H181,P0464
H181,P0466
H181,P0468
H181,P0469
H181,P0470
H181,P0471
H181,P0472
H181,P0473
H181,P0474
H181,P0475
H181,P0476
H181,P0477
H181,P0478
H181,P0479
H181,P0481
H181,P0483
H181,P0485
H181,P0486
H181,P0487
H181,P0488
H181,P0489
H181,P0490
H181,P0491
H181,P0492
H181,P0493
H181,P0494
H181,P0495
H181,P0496
H181,P0497
H181,P0498
H181,P0499
H181,P0500
H181,P0501
H181,P0502
H181,P0503
H181,P0505
H181,P0506
H181,P0509
H181,P0510
H181,P0514
H181,P0515
H181,P0516
H181,P0518
H181,P0519
H181,P0520
H181,P0521
H181,P0522
H181,P0523
H181,P0524
H181,P0526
H181,P0528
H181,P0529
H181,P0530
H181,P0532
H181,P0534
H181,P0537
H181,P0538
H181,P0539
H181,P0540
H181,P0541
H181,P0543
H181,P0546
H181,P0547
H181,P0548
H181,P0549
H181,P0550
H181,P0552
H181,P0553
H181,P0554
H181,P0556
H181,P0557
H181,P0559
H181,P0560
H181,P0561
H181,P0565
H181,P0566
H181,P0567
H181,P0569
H181,P0570
H181,P0572
H181,P0573
H181,P0575
H181,P0578
H181,P0584
H181,P0585
H181,P0587
H181,P0588
H181,P0589
H181,P0590
H181,P0591
H181,P0592
H181,P0594
H181,P0595
H181,P0597
H181,P0598
H181,P0600
H182,P0004
H182,P0005
H182,P0006
H182,P0007
H182,P0009
H182,P0012
H182,P0014
H182,P0016
H182,P0017
H182,P0021
H182,P0022
H182,P0023
H182,P0026
H182,P0029
H182,P0030
H182,P0031
H182,P0035
H182,P0036
H182,P0037
H182,P0038
H182,P0039
H182,P0040
H182,P0042
H182,P0043
H182,P0046
H182,P0047
H182,P0049
H182,P0052
H182,P0053
H182,P0055
H182,P0056
H182,P0057
H182,P0058
H182,P0061
H182,P0062
H182,P0063
H182,P0065
H182,P0066
H182,P0068
H182,P0069
H182,P0070
H182,P0071
H182,P0072
H182,P0073
H182,P0074
H182,P0075
H182,P0076
H182,P0078
H182,P0079
H182,P0082
H182,P0083
H182,P0085
H182,P0086
H182,P0088
H182,P0091
H182,P0092
H182,P0093
H182,P0097
H182,P0098
H182,P0100
H182,P0102
H182,P0105
H182,P0106
H182,P0108
H182,P0109
H182,P0110
H182,P0111
H182,P0112
H182,P0113
H182,P0114
H182,P0115
H182,P0116
H182,P0117
H182,P0119
H182,P0121
H182,P0122
H182,P0123
H182,P0125
H182,P0126
H182,P0128
H182,P0129
H182,P0130
H182,P0132
H182,P0133
H182,P0134
H182,P0135
H182,P0136
H182,P0138
H182,P0140
H182,P0142
H182,P0143
H182,P0145
H182,P0146
H182,P0147
H182,P0148
H182,P0149
H182,P0150
H182,P0151
H182,P0153
H182,P0154
H182,P0155
H182,P0157
H182,P0160
H182,P0162
H182,P0164
H182,P0165
H182,P0167
H182,P0168
H182,P0171
H182,P0172
H182,P0173
H182,P0175
H182,P0176
H182,P0178
H182,P0179
H182,P0180
H182,P0185
H182,P0187
H182,P0188
H182,P0189
H182,P0190
H182,P0191
H182,P0192
H182,P0193
H182,P0194
H182,P0195
H182,P0196
H182,P0199
H182,P0200
H182,P0201
H182,P0202
H182,P0204
H182,P0205
H182,P0206
H182,P0207
H182,P0208
H182,P0209
H182,P0210
H182,P0211
H182,P0212
H182,P0213
H182,P0214
H182,P0215
H182,P0216
H182,P0217
H182,P0218
H182,P0221
H182,P0222
H182,P0223
H182,P0224
H182,P0225
H182,P0226
H182,P0227
H182,P0229
H182,P0230
H182,P0231
H182,P0232
H182,P0236
H182,P0237
H182,P0238
H182,P0239
H182,P0242
H182,P0244
H182,P0245
H182,P0246
H182,P0247
H182,P0249
H182,P0250
H182,P0251
H182,P0252
H182,P0253
H182,P0254
H182,P0255
H182,P0256
H182,P0257
H182,P0258
H182,P0259
H182,P0260
H182,P0261
H182,P0262
H182,P0264
H182,P0265
H182,P0266
H182,P0268
H182,P0271
H182,P0273
H182,P0274
H182,P0276
H182,P0277
H182,P0278
H182,P0279
H182,P0280
H182,P0281
H182,P0282
H182,P0284
H182,P0285
H182,P0286
H182,P0287
H182,P0288
H182,P0291
H182,P0292
H182,P0293
H182,P0294
H182,P0295
H182,P0296
H182,P0299
H182,P0300
H182,P0302
H182,P0305
H182,P0307
H182,P0309
H182,P0311
H182,P0312
H182,P0313
H182,P0314
H182,P0315
H182,P0316
H182,P0317
H182,P0318
H182,P0320
H182,P0321
H182,P0323
H182,P0325
H182,P0326
H182,P0327
H182,P0328
H182,P0329
H182,P0330
H182,P0331
H182,P0332
H182,P0334
H182,P0336
H182,P0337
H182,P0338
H182,P0339
H182,P0340
H182,P0342
H182,P0344
H182,P0345
H182,P0346
H182,P0347
H182,P0349
H182,P0351
H182,P0352
H182,P0354
H182,P0355
H182,P0358
H182,P0359
H182,P0361
H182,P0362
H182,P0364
H182,P0366
H182,P0367
H182,P0368
H182,P0369
H182,P0370
H182,P0371
H182,P0374
H182,P0375
H182,P0376
H182,P0378
H182,P0379
H182,P0380
H182,P0381
H182,P0383
H182,P0384
H182,P0385
H182,P0386
H182,P0390
H182,P0391
H182,P0393
H182,P0394
H182,P0395
H182,P0396
H182,P0397
H182,P0398
H182,P0399
H182,P0400
H182,P0401
H182,P0402
H182,P0403
H182,P0404
H182,P0405
H182,P0406
H182,P0407
H182,P0408
H182,P0410
H182,P0411
H182,P0413
H182,P0414
H182,P0415
H182,P0416
H182,P0420
H182,P0422
H182,P0424
H182,P0426
H182,P0427
H182,P0428
H182,P0430
H182,P0431
H182,P0432
H182,P0433
H182,P0435
H182,P0438
H182,P0439
H182,P0440
H182,P0443
H182,P0445
H182,P0446
H182,P0447
H182,P0448
H182,P0449
H182,P0451
H182,P0453
H182,P0455
H182,P0456
H182,P0458
H182,P0459
H182,P0460
H182,P0461
H182,P0462
H182,P0463
H182,P0464
H182,P0465
H182,P0466
H182,P0467
H182,P0468
H182,P0470
H182,P0471
H182,P0472
H182,P0473
H182,P0474
H182,P0477
H182,P0478
H182,P0479
H182,P0480
H182,P0481
H182,P0484
H182,P0485
H182,P0486
H182,P0489
H182,P0490
H182,P0491
H182,P0492
H182,P0493
H182,P0494
H182,P0496
H182,P0497
H182,P0498
H182,P0499
H182,P0500
H182,P0502
H182,P0503
H182,P0504
H182,P0505
H182,P0506
H182,P0509
H182,P0512
H182,P0514
H182,P0515
H182,P0517
H182,P0518
H182,P0519
H182,P0520
H182,P0522
H182,P0523
H182,P0524
H182,P0526
H182,P0527
H182,P0529
H182,P0530
H182,P0531
H182,P0532
H182,P0533
H182,P0536
H182,P0538
H182,P0539
H182,P0540
H182,P0541
H182,P0542
H182,P0543
H182,P0544
H182,P0545
H182,P0547
H182,P0550
H182,P0551
H182,P0553
H182,P0556
H182,P0557
H182,P0561
H182,P0562
H182,P0563
H182,P0565
H182,P0566
H182,P0567
H182,P0569
H182,P0570
H182,P0571
H182,P0572
H182,P0573
H182,P0574
H182,P0575
H182,P0576
H182,P0578
H182,P0579
H182,P0583
H182,P0584
H182,P0585
H182,P0586
H182,P0587
H182,P0589
H182,P0590
H182,P0591
H182,P0592
H182,P0593
H182,P0594
H182,P0595
H182,P0596
H182,P0598
H182,P0599
H183,P0001
H183,P0005
H183,P0006
H183,P0007
H183,P0008
H183,P0010
H183,P0011
H183,P0012
H183,P0013
H183,P0014
H183,P0015
H183,P0017
H183,P0018
H183,P0020
H183,P0021
H183,P0022
H183,P0023
H183,P0024
H183,P0026
H183,P0027
H183,P0030
H183,P0031
H183,P0032
H183,P0033
H183,P0034
H183,P0035
H183,P0036
H183,P0037
H183,P0039
H183,P0040
H183,P0043
H183,P0045
H183,P0048
H183,P0049
H183,P0050
H183,P0052
H183,P0053
H183,P0055
H183,P0056
H183,P0057
H183,P0061
H183,P0062
H183,P0063
H183,P0065
H183,P0066
H183,P0067
H183,P0069
H183,P0070
H183,P0071
H183,P0072
H183,P0073
H183,P0075
H183,P0076
H183,P0078
H183,P0079
H183,P0081
H183,P0082
H183,P0083
H183,P0084
H183,P0086
H183,P0087
H183,P0089
H183,P0090
H183,P0091
H183,P0092
H183,P0093
H183,P0094
H183,P0095
H183,P0096
H183,P0097
H183,P0098
H183,P0099
H183,P0100
H183,P0101
H183,P0103
H183,P0105
H183,P0106
H183,P0107
H183,P0108
H183,P0109
H183,P0110
H183,P0111
H183,P0114
H183,P0115
H183,P0116
H183,P0117
H183,P0119
H183,P0121
H183,P0124
H183,P0126
H183,P0128
H183,P0130
H183,P0131
H183,P0132
H183,P0133
H183,P0135
H183,P0136
H183,P0139
H183,P0140
H183,P0141
H183,P0142
H183,P0143
H183,P0144
H183,P0145
H183,P0146
H183,P0147
H183,P0148
H183,P0149
H183,P0150
H183,P0152
H183,P0153
H183,P0154
H183,P0155
H183,P0156
H183,P0157
H183,P0158
H183,P0159
H183,P0160
H183,P0161
H183,P0163
H183,P0165
H183,P0166
H183,P0167
H183,P0168
H183,P0169
H183,P0170
H183,P0171
H183,P0172
H183,P0176
H183,P0177
H183,P0178
H183,P0179
H183,P0180
H183,P0181
H183,P0182
H183,P0183
H183,P0185
H183,P0186
H183,P0187
H183,P0188
H183,P0190
H183,P0191
H183,P0192
H183,P0193
H183,P0194
H183,P0195
H183,P0196
H183,P0197
H183,P0198
H183,P0199
H183,P0200
H183,P0201
H183,P0202
H183,P0204
H183,P0207
H183,P0208
H183,P0210
H183,P0211
H183,P0212
H183,P0213
H183,P0214
H183,P0215
H183,P0216
H183,P0217
H183,P0218
H183,P0219
H183,P0221
H183,P0222
H183,P0223
H183,P0224
H183,P0225
H183,P0226
H183,P0227
H183,P0228
H183,P0229
H183,P0230
H183,P0231
H183,P0232
H183,P0233
H183,P0234
H183,P0235
H183,P0236
H183,P0237
H183,P0239
H183,P0240
H183,P0241
H183,P0243
H183,P0244
H183,P0245
H183,P0247
H183,P0248
H183,P0249
H183,P0251
H183,P0253
H183,P0254
H183,P0255
H183,P0256
H183,P0258
H183,P0259
H183,P0261
H183,P0264
H183,P0266
H183,P0268
H183,P0269
H183,P0270
H183,P0271
H183,P0273
H183,P0275
H183,P0276
H183,P0277
H183,P0278
H183,P0279
H183,P0280
H183,P0281
H183,P0282
H183,P0283
H183,P0284
H183,P0285
H183,P0287
H183,P0290
H183,P0291
H183,P0292
H183,P0293
H183,P0296
H183,P0297
H183,P0298
H183,P0299
H183,P0300
H183,P0301
H183,P0302
H183,P0303
H183,P0305
H183,P0306
H183,P0307
H183,P0308
H183,P0311
H183,P0312
H183,P0313
H183,P0314
H183,P0315
H183,P0316
H183,P0317
H183,P0318
H183,P0319
H183,P0320
H183,P0321
H183,P0323
H183,P0324
H183,P0325
H183,P0326
H183,P0327
H183,P0328
H183,P0329
H183,P0330
H183,P0332
H183,P0334
H183,P0335
H183,P0336
H183,P0337
H183,P0338
H183,P0339
H183,P0340
H183,P0342
H183,P0345
H183,P0346
H183,P0347
H183,P0348
H183,P0349
H183,P0351
H183,P0352
H183,P0353
H183,P0356
H183,P0357
H183,P0358
H183,P0359
H183,P0360
H183,P0361
H183,P0362
H183,P0364
H183,P0366
H183,P0367
H183,P0368
H183,P0369
H183,P0370
H183,P0371
H183,P0372
H183,P0374
H183,P0375
H183,P0376
H183,P0377
H183,P0378
H183,P0379
H183,P0380
H183,P0381
H183,P0382
H183,P0383
H183,P0384
H183,P0385
H183,P0388
H183,P0390
H183,P0391
H183,P0392
H183,P0393
H183,P0394
H183,P0395
H183,P0396
H183,P0397
H183,P0398
H183,P0399
H183,P0401
H183,P0402
H183,P0404
H183,P0406
H183,P0407
H183,P0408
H183,P0409
H183,P0410
H183,P0412
H183,P0413
H183,P0415
H183,P0416
H183,P0417
H183,P0418
H183,P0419
H183,P0420
H183,P0421
H183,P0424
H183,P0425
H183,P0426
H183,P0427
H183,P0428
H183,P0430
H183,P0431
H183,P0432
H183,P0434
H183,P0435
H183,P0436
H183,P0437
H183,P0438
H183,P0440
H183,P0443
H183,P0445
H183,P0446
H183,P0447
H183,P0448
H183,P0450
H183,P0451
H183,P0452
H183,P0453
H183,P0454
H183,P0455
H183,P0456
H183,P0458
H183,P0459
H183,P0461
H183,P0463
H183,P0464
H183,P0465
H183,P0466
H183,P0467
H183,P0468
H183,P0469
H183,P0470
H183,P0471
H183,P0472
H183,P0473
H183,P0474
H183,P0477
H183,P0478
H183,P0479
H183,P0480
H183,P0481
H183,P0482
H183,P0483
H183,P0484
H183,P0485
H183,P0486
H183,P0487
H183,P0488
H183,P0489
H183,P0490
H183,P0491
H183,P0492
H183,P0494
H183,P0497
H183,P0498
H183,P0499
H183,P0500
H183,P0501
H183,P0503
H183,P0504
H183,P0508
H183,P0510
H183,P0511
H183,P0512
H183,P0513
H183,P0515
H183,P0517
H183,P0518
H183,P0519
H183,P0520
H183,P0522
H183,P0523
H183,P0524
H183,P0526
H183,P0527
H183,P0528
H183,P0529
H183,P0530
H183,P0532
H183,P0533
H183,P0534
H183,P0535
H183,P0537
H183,P0539
H183,P0540
H183,P0541
H183,P0542
H183,P0543
H183,P0544
H183,P0546
H183,P0547
H183,P0549
H183,P0551
H183,P0552
H183,P0554
H183,P0555
H183,P0557
H183,P0558
H183,P0560
H183,P0561
H183,P0562
H183,P0563
H183,P0564
H183,P0565
H183,P0566
H183,P0567
H183,P0568
H183,P0569
H183,P0570
H183,P0571
H183,P0572
H183,P0573
H183,P0574
H183,P0575
H183,P0576
H183,P0577
H183,P0578
H183,P0579
H183,P0580
H183,P0581
H183,P0582
H183,P0585
H183,P0587
H183,P0588
H183,P0589
H183,P0590
H183,P0593
H183,P0594
H183,P0595
H183,P0597
H183,P0599
H184,P0004
H184,P0005
H184,P0006
H184,P0008
H184,P0009
H184,P0010
H184,P0012
H184,P0013
H184,P0016
H184,P0017
H184,P0019
H184,P0020
H184,P0022
H184,P0023
H184,P0025
H184,P0027
H184,P0028
H184,P0029
H184,P0031
H184,P0033
H184,P0034
H184,P0035
H184,P0037
H184,P0038
H184,P0039
H184,P0040
H184,P0042
H184,P0043
H184,P0045
H184,P0049
H184,P0052
H184,P0053
H184,P0054
H184,P0055
H184,P0057
H184,P0061
H184,P0063
H184,P0064
H184,P0066
H184,P0067
H184,P0068
H184,P0069
H184,P0070
H184,P0071
H184,P0073
H184,P0074
H184,P0075
H184,P0077
H184,P0078
H184,P0079
H184,P0080
H184,P0081
H184,P0082
H184,P0083
H184,P0084
H184,P0085
H184,P0086
H184,P0087
H184,P0089
H184,P0090
H184,P0092
H184,P0093
H184,P0094
H184,P0097
H184,P0098
H184,P0100
H184,P0104
H184,P0105
H184,P0107
H184,P0108
H184,P0110
H184,P0111
H184,P0114
H184,P0115
H184,P0117
H184,P0119
H184,P0121
H184,P0123
H184,P0125
H184,P0126
H184,P0129
H184,P0130
H184,P0131
H184,P0132
H184,P0133
H184,P0134
H184,P0135
H184,P0136
H184,P0137
H184,P0138
H184,P0140
H184,P0141
H184,P0142
H184,P0143
H184,P0146
H184,P0147
H184,P0148
H184,P0149
H184,P0151
H184,P0152
H184,P0153
H184,P0155
H184,P0157
H184,P0158
H184,P0160
H184,P0162
H184,P0163
H184,P0165
H184,P0166
H184,P0167
H184,P0168
H184,P0169
H184,P0170
H184,P0171
H184,P0172
H184,P0173
H184,P0176
H184,P0177
H184,P0178
H184,P0179
H184,P0180
H184,P0185
H184,P0186
H184,P0189
H184,P0190
H184,P0191
H184,P0192
H184,P0193
H184,P0195
H184,P0196
H184,P0199
H184,P0201
H184,P0203
H184,P0204
H184,P0206
H184,P0208
H184,P0209
H184,P0210
H184,P0212
H184,P0213
H184,P0214
H184,P0215
H184,P0216
H184,P0217
H184,P0218
H184,P0219
H184,P0221
H184,P0222
H184,P0225
H184,P0227
H184,P0228
H184,P0229
H184,P0230
H184,P0231
H184,P0232
H184,P0235
H184,P0236
H184,P0238
H184,P0239
H184,P0241
H184,P0242
H184,P0245
H184,P0246
H184,P0247
H184,P0248
H184,P0249
H184,P0250
H184,P0251
H184,P0255
H184,P0256
H184,P0257
H184,P0258
H184,P0259
H184,P0260
H184,P0261
H184,P0262
H184,P0264
H184,P0265
H184,P0266
H184,P0267
H184,P0270
H184,P0271
H184,P0272
H184,P0273
H184,P0275
H184,P0278
H184,P0279
H184,P0280
H184,P0282
H184,P0283
H184,P0286
H184,P0287
H184,P0288
H184,P0290
H184,P0291
H184,P0292
H184,P0293
H184,P0294
H184,P0295
H184,P0296
H184,P0298
H184,P0299
H184,P0300
H184,P0301
H184,P0303
H184,P0304
H184,P0305
H184,P0307
H184,P0310
H184,P0312
H184,P0313
H184,P0315
H184,P0317
H184,P0318
H184,P0319
H184,P0321
H184,P0323
H184,P0324
H184,P0325
H184,P0326
H184,P0327
H184,P0329
H184,P0330
H184,P0332
H184,P0333
H184,P0334
H184,P0337
H184,P0338
H184,P0339
H184,P0341
H184,P0342
H184,P0343
H184,P0344
H184,P0345
H184,P0346
H184,P0347
H184,P0348
H184,P0350
H184,P0351
H184,P0352
H184,P0353
H184,P0355
H184,P0356
H184,P0357
H184,P0358
H184,P0359
H184,P0360
H184,P0361
H184,P0362
H184,P0366
H184,P0367
H184,P0368
H184,P0369
H184,P0371
H184,P0372
H184,P0373
H184,P0374
H184,P0375
H184,P0377
H184,P0378
H184,P0379
H184,P0380
H184,P0381
H184,P0382
H184,P0383
H184,P0384
H184,P0385
H184,P0386
H184,P0396
H184,P0400
H184,P0401
H184,P0402
H184,P0403
H184,P0404
H184,P0405
H184,P0406
H184,P0407
H184,P0408
H184,P0411
H184,P0413
H184,P0415
H184,P0417
H184,P0418
H184,P0420
H184,P0421
H184,P0422
H184,P0423
H184,P0424
H184,P0425
H184,P0426
H184,P0430
H184,P0433
H184,P0434
H184,P0435
H184,P0437
H184,P0438
H184,P0439
H184,P0440
H184,P0441
H184,P0442
H184,P0443
H184,P0445
H184,P0446
H184,P0447
H184,P0448
H184,P0450
H184,P0451
H184,P0452
H184,P0453
H184,P0454
H184,P0456
H184,P0457
H184,P0459
H184,P0461
H184,P0462
H184,P0464
H184,P0465
H184,P0466
H184,P0467
H184,P0471
H184,P0473
H184,P0476
H184,P0478
H184,P0479
H184,P0480
H184,P0482
H184,P0483
H184,P0484
H184,P0485
H184,P0486
H184,P0488
H184,P0490
H184,P0491
H184,P0492
H184,P0494
H184,P0495
H184,P0496
H184,P0498
H184,P0499
H184,P0501
H184,P0502
H184,P0504
H184,P0506
H184,P0508
H184,P0510
H184,P0511
H184,P0512
H184,P0513
H184,P0514
H184,P0515
H184,P0516
H184,P0518
H184,P0519
H184,P0520
H184,P0522
H184,P0523
H184,P0524
H184,P0527
H184,P0528
H184,P0532
H184,P0533
H184,P0534
H184,P0535
H184,P0539
H184,P0540
H184,P0542
H184,P0543
H184,P0544
H184,P0545
H184,P0546
H184,P0547
H184,P0548
H184,P0549
H184,P0551
H184,P0552
H184,P0553
H184,P0555
H184,P0557
H184,P0559
H184,P0560
H184,P0561
H184,P0565
H184,P0566
H184,P0567
H184,P0568
H184,P0572
H184,P0574
H184,P0576
H184,P0577
H184,P0578
H184,P0579
H184,P0580
H184,P0582
H184,P0584
H184,P0585
H184,P0586
H184,P0587
H184,P0589
H184,P0590
H184,P0591
H184,P0592
H184,P0593
H184,P0595
H184,P0596
H184,P0598
H184,P0599
H184,P0600
H185,P0002
H185,P0003
H185,P0005
H185,P0006
H185,P0007
H185,P0008
H185,P0009
H185,P0010
H185,P0011
H185,P0013
H185,P0016
H185,P0017
H185,P0018
H185,P0019
H185,P0020
H185,P0022
H185,P0023
H185,P0027
H185,P0029
H185,P0033
H185,P0034
H185,P0035
H185,P0037
H185,P0041
H185,P0043
H185,P0046
H185,P0047
H185,P0048
H185,P0049
H185,P0052
H185,P0056
H185,P0057
H185,P0060
H185,P0062
H185,P0063
H185,P0064
H185,P0065
H185,P0066
H185,P0069
H185,P0071
H185,P0072
H185,P0074
H185,P0075
H185,P0076
H185,P0079
H185,P0080
H185,P0081
H185,P0083
H185,P0084
H185,P0085
H185,P0086
H185,P0087
H185,P0088
H185,P0089
H185,P0090
H185,P0092
H185,P0093
H185,P0094
H185,P0097
H185,P0100
H185,P0101
H185,P0103
H185,P0105
H185,P0107
H185,P0108
H185,P0110
H185,P0113
H185,P0114
H185,P0115
H185,P0116
H185,P0117
H185,P0118
H185,P0120
H185,P0121
H185,P0122
H185,P0125
H185,P0126
H185,P0127
H185,P0128
H185,P0129
H185,P0130
H185,P0131
H185,P0132
H185,P0133
H185,P0136
H185,P0137
H185,P0138
H185,P0139
H185,P0140
H185,P0141
H185,P0143
H185,P0144
H185,P0145
H185,P0146
H185,P0147
H185,P0148
H185,P0150
H185,P0151
H185,P0152
H185,P0153
H185,P0154
H185,P0155
H185,P0157
H185,P0158
H185,P0159
H185,P0161
H185,P0164
H185,P0165
H185,P0167
H185,P0168
H185,P0171
H185,P0172
H185,P0174
H185,P0176
H185,P0178
H185,P0179
H185,P0182
H185,P0183
H185,P0184
H185,P0185
H185,P0186
H185,P0188
H185,P0190
H185,P0191
H185,P0193
H185,P0195
H185,P0196
H185,P0197
H185,P0198
H185,P0200
H185,P0203
H185,P0205
H185,P0208
H185,P0209
H185,P0210
H185,P0211
H185,P0212
H185,P0213
H185,P0214
H185,P0215
H185,P0216
H185,P0219
H185,P0220
H185,P0222
H185,P0223
H185,P0225
H185,P0226
H185,P0227
H185,P0228
H185,P0230
H185,P0231
H185,P0232
H185,P0233
H185,P0235
H185,P0237
H185,P0239
H185,P0241
H185,P0244
H185,P0245
H185,P0246
H185,P0247
H185,P0250
H185,P0251
H185,P0254
H185,P0255
H185,P0256
H185,P0257
H185,P0259
H185,P0261
H185,P0262
H185,P0264
H185,P0265
H185,P0266
H185,P0267
H185,P0268
H185,P0269
H185,P0271
H185,P0273
H185,P0276
H185,P0277
H185,P0279
H185,P0280
H185,P0281
H185,P0282
H185,P0283
H185,P0285
H185,P0287
H185,P0288
H185,P0289
H185,P0290
H185,P0291
H185,P0292
H185,P0294
H185,P0296
H185,P0297
H185,P0299
H185,P0300
H185,P0302
H185,P0303
H185,P0305
H185,P0306
H185,P0307
H185,P0308
H185,P0309
H185,P0310
H185,P0312
H185,P0315
H185,P0316
H185,P0317
H185,P0318
H185,P0319
H185,P0320
H185,P0321
H185,P0322
H185,P0323
H185,P0324
H185,P0325
H185,P0326
H185,P0327
H185,P0328
H185,P0329
H185,P0330
H185,P0332
H185,P0333
H185,P0334
H185,P0336
H185,P0337
H185,P0338
H185,P0339
H185,P0342
H185,P0345
H185,P0346
H185,P0347
H185,P0349
H185,P0351
H185,P0352
H185,P0353
H185,P0354
H185,P0355
H185,P0356
H185,P0357
H185,P0359
H185,P0360
H185,P0361
H185,P0362
H185,P0363
H185,P0364
H185,P0366
H185,P0367
H185,P0368
H185,P0369
H185,P0370
H185,P0371
H185,P0374
H185,P0375
H185,P0376
H185,P0377
H185,P0378
H185,P0379
H185,P0380
H185,P0383
H185,P0384
H185,P0385
H185,P0388
H185,P0390
H185,P0391
H185,P0394
H185,P0395
H185,P0396
H185,P0397
H185,P0398
H185,P0400
H185,P0401
H185,P0402
H185,P0404
H185,P0406
H185,P0407
H185,P0408
H185,P0410
H185,P0411
H185,P0412
H185,P0413
H185,P0414
H185,P0417
H185,P0418
H185,P0419
H185,P0420
H185,P0421
H185,P0424
H185,P0426
H185,P0428
H185,P0430
H185,P0432
H185,P0433
H185,P0435
H185,P0436
H185,P0437
H185,P0439
H185,P0445
H185,P0446
H185,P0447
H185,P0448
H185,P0449
H185,P0451
H185,P0454
H185,P0456
H185,P0457
H185,P0458
H185,P0459
H185,P0460
H185,P0462
H185,P0464
H185,P0465
H185,P0467
H185,P0468
H185,P0469
H185,P0470
H185,P0471
H185,P0472
H185,P0473
H185,P0474
H185,P0475
H185,P0476
H185,P0477
H185,P0478
H185,P0480
H185,P0481
H185,P0482
H185,P0484
H185,P0485
H185,P0486
H185,P0489
H185,P0490
H185,P0493
H185,P0494
H185,P0495
H185,P0496
H185,P0498
H185,P0499
H185,P0502
H185,P0503
H185,P0504
H185,P0506
H185,P0507
H185,P0508
H185,P0510
H185,P0511
H185,P0512
H185,P0514
H185,P0515
H185,P0516
H185,P0517
H185,P0518
H185,P0519
H185,P0520
H185,P0521
H185,P0522
H185,P0523
H185,P0524
H185,P0527
H185,P0528
H185,P0530
H185,P0531
H185,P0533
H185,P0536
H185,P0537
H185,P0540
H185,P0541
H185,P0543
H185,P0544
H185,P0545
H185,P0548
H185,P0549
H185,P0550
H185,P0551
H185,P0553
H185,P0556
H185,P0557
H185,P0558
H185,P0559
H185,P0560
H185,P0561
H185,P0564
H185,P0565
H185,P0566
H185,P0567
H185,P0568
H185,P0569
H185,P0570
H185,P0571
H185,P0572
H185,P0573
H185,P0574
H185,P0576
H185,P0577
H185,P0578
H185,P0579
H185,P0584
H185,P0585
H185,P0587
H185,P0588
H185,P0589
H185,P0590
H185,P0591
H185,P0592
H185,P0593
H185,P0596
H185,P0597
H185,P0598
H185,P0599
H185,P0600
H186,P0001
H186,P0004
H186,P0006
H186,P0007
H186,P0008
H186,P0010
H186,P0011
H186,P0013
H186,P0016
H186,P0017
H186,P0018
H186,P0020
H186,P0021
H186,P0022
H186,P0023
H186,P0024
H186,P0028
H186,P0029
H186,P0030
H186,P0033
H186,P0034
H186,P0035
H186,P0036
H186,P0037
H186,P0038
H186,P0039
H186,P0040
H186,P0043
H186,P0044
H186,P0045
H186,P0046
H186,P0047
H186,P0048
H186,P0049
H186,P0051
H186,P0052
H186,P0053
H186,P0054
H186,P0055
H186,P0056
H186,P0057
H186,P0058
H186,P0061
H186,P0062
H186,P0064
H186,P0068
H186,P0069
H186,P0071
H186,P0072
H186,P0075
H186,P0076
H186,P0079
H186,P0081
H186,P0082
H186,P0083
H186,P0084
H186,P0085
H186,P0086
H186,P0087
H186,P0088
H186,P0089
H186,P0091
H186,P0092
H186,P0093
H186,P0094
H186,P0097
H186,P0100
H186,P0101
H186,P0102
H186,P0103
H186,P0104
H186,P0105
H186,P0106
H186,P0107
H186,P0108
H186,P0109
H186,P0110
H186,P0111
H186,P0113
H186,P0114
H186,P0115
H186,P0116
H186,P0117
H186,P0118
H186,P0121
H186,P0123
H186,P0126
H186,P0128
H186,P0130
H186,P0131
H186,P0132
H186,P0135
H186,P0136
H186,P0139
H186,P0140
H186,P0144
H186,P0147
H186,P0148
H186,P0149
H186,P0151
H186,P0154
H186,P0156
H186,P0157
H186,P0158
H186,P0162
H186,P0163
H186,P0164
H186,P0165
H186,P0166
H186,P0167
H186,P0169
H186,P0170
H186,P0171
H186,P0172
H186,P0177
H186,P0178
H186,P0179
H186,P0180
H186,P0183
H186,P0185
H186,P0186
H186,P0187
H186,P0188
H186,P0189
H186,P0190
H186,P0192
H186,P0193
H186,P0194
H186,P0195
H186,P0196
H186,P0198
H186,P0199
H186,P0200
H186,P0201
H186,P0202
H186,P0203
H186,P0204
H186,P0205
H186,P0206
H186,P0209
H186,P0211
H186,P0212
H186,P0213
H186,P0214
H186,P0215
H186,P0216
H186,P0218
H186,P0220
H186,P0221
H186,P0222
H186,P0223
H186,P0224
H186,P0225
H186,P0226
H186,P0228
H186,P0229
H186,P0231
H186,P0232
H186,P0233
H186,P0235
H186,P0237
H186,P0238
H186,P0239
H186,P0241
H186,P0244
H186,P0245
H186,P0246
H186,P0247
H186,P0250
H186,P0251
H186,P0252
H186,P0254
H186,P0255
H186,P0256
H186,P0258
H186,P0259
H186,P0261
H186,P0263
H186,P0264
H186,P0265
H186,P0268
H186,P0271
H186,P0273
H186,P0274
H186,P0275
H186,P0276
H186,P0277
H186,P0279
H186,P0280
H186,P0282
H186,P0283
H186,P0287
H186,P0290
H186,P0291
H186,P0294
H186,P0295
H186,P0296
H186,P0298
H186,P0299
H186,P0301
H186,P0302
H186,P0303
H186,P0304
H186,P0305
H186,P0308
H186,P0309
H186,P0310
H186,P0311
H186,P0312
H186,P0315
H186,P0317
H186,P0318
H186,P0319
H186,P0320
H186,P0321
H186,P0323
H186,P0324
H186,P0325
H186,P0327
H186,P0329
H186,P0330
H186,P0332
H186,P0333
H186,P0334
H186,P0335
H186,P0337
H186,P0338
H186,P0340
H186,P0341
H186,P0342
H186,P0343
H186,P0344
H186,P0345
H186,P0346
H186,P0347
H186,P0348
H186,P0349
H186,P0353
H186,P0354
H186,P0356
H186,P0358
H186,P0360
H186,P0361
H186,P0362
H186,P0363
H186,P0364
H186,P0365
H186,P0366
H186,P0367
H186,P0368
H186,P0369
H186,P0370
H186,P0371
H186,P0372
H186,P0374
H186,P0375
H186,P0376
H186,P0377
H186,P0378
H186,P0379
H186,P0380
H186,P0381
H186,P0382
H186,P0384
H186,P0385
H186,P0388
H186,P0390
H186,P0391
H186,P0393
H186,P0394
H186,P0395
H186,P0396
H186,P0397
H186,P0398
H186,P0400
H186,P0401
H186,P0402
H186,P0404
H186,P0406
H186,P0407
H186,P0408
H186,P0409
H186,P0410
H186,P0411
H186,P0412
H186,P0413
H186,P0414
H186,P0415
H186,P0416
H186,P0417
H186,P0418
H186,P0420
H186,P0421
H186,P0423
H186,P0424
H186,P0425
H186,P0427
H186,P0429
H186,P0430
H186,P0433
H186,P0434
H186,P0436
H186,P0441
H186,P0442
H186,P0443
H186,P0444
H186,P0445
H186,P0446
H186,P0447
H186,P0448
H186,P0449
H186,P0450
H186,P0451
H186,P0452
H186,P0453
H186,P0454
H186,P0455
H186,P0456
H186,P0459
H186,P0460
H186,P0461
H186,P0464
H186,P0467
H186,P0468
H186,P0469
H186,P0470
H186,P0471
H186,P0472
H186,P0473
H186,P0476
H186,P0478
H186,P0480
H186,P0481
H186,P0482
H186,P0483
H186,P0484
H186,P0485
H186,P0486
H186,P0487
H186,P0488
H186,P0489
H186,P0490
H186,P0492
H186,P0493
H186,P0495
H186,P0497
H186,P0498
H186,P0500
H186,P0501
H186,P0502
H186,P0503
H186,P0504
H186,P0505
H186,P0507
H186,P0508
H186,P0509
H186,P0510
H186,P0511
H186,P0512
H186,P0514
H186,P0515
H186,P0517
H186,P0518
H186,P0519
H186,P0520
H186,P0522
H186,P0523
H186,P0524
H186,P0525
H186,P0526
H186,P0527
H186,P0528
H186,P0530
H186,P0531
H186,P0533
H186,P0534
H186,P0535
H186,P0536
H186,P0537
H186,P0538
H186,P0540
H186,P0542
H186,P0543
H186,P0544
H186,P0545
H186,P0547
H186,P0550
H186,P0553
H186,P0554
H186,P0557
H186,P0558
H186,P0559
H186,P0560
H186,P0562
H186,P0564
H186,P0565
H186,P0566
H186,P0567
H186,P0569
H186,P0571
H186,P0574
H186,P0575
H186,P0576
H186,P0578
H186,P0579
H186,P0580
H186,P0582
H186,P0583
H186,P0586
H186,P0588
H186,P0589
H186,P0590
H186,P0592
H186,P0593
H186,P0594
H186,P0597
H186,P0598
H186,P0599
H186,P0600
H187,P0002
H187,P0005
H187,P0006
H187,P0007
H187,P0008
H187,P0010
H187,P0012
H187,P0013
H187,P0014
H187,P0016
H187,P0017
H187,P0018
H187,P0021
H187,P0024
H187,P0025
H187,P0026
H187,P0028
H187,P0029
H187,P0033
H187,P0034
H187,P0036
H187,P0037
H187,P0038
H187,P0039
H187,P0040
H187,P0041
H187,P0042
H187,P0043
H187,P0045
H187,P0046
H187,P0047
H187,P0048
H187,P0049
H187,P0050
H187,P0051
H187,P0052
H187,P0054
H187,P0056
H187,P0057
H187,P0061
H187,P0062
H187,P0063
H187,P0064
H187,P0065
H187,P0066
H187,P0067
H187,P0068
H187,P0070
H187,P0071
H187,P0072
H187,P0074
H187,P0075
H187,P0076
H187,P0077
H187,P0078
H187,P0079
H187,P0083
H187,P0084
H187,P0085
H187,P0086
H187,P0087
H187,P0088
H187,P0089
H187,P0090
H187,P0094
H187,P0095
H187,P0096
H187,P0097
H187,P0100
H187,P0101
H187,P0103
H187,P0104
H187,P0105
H187,P0106
H187,P0107
H187,P0108
H187,P0111
H187,P0112
H187,P0113
H187,P0114
H187,P0116
H187,P0117
H187,P0118
H187,P0119
H187,P0120
H187,P0121
H187,P0122
H187,P0125
H187,P0126
H187,P0127
H187,P0128
H187,P0129
H187,P0130
H187,P0131
H187,P0132
H187,P0133
H187,P0135
H187,P0136
H187,P0137
H187,P0138
H187,P0139
H187,P0140
H187,P0142
H187,P0143
H187,P0144
H187,P0145
H187,P0148
H187,P0149
H187,P0150
H187,P0151
H187,P0152
H187,P0153
H187,P0154
H187,P0155
H187,P0156
H187,P0157
H187,P0158
H187,P0160
H187,P0161
H187,P0162
H187,P0163
H187,P0164
H187,P0165
H187,P0167
H187,P0168
H187,P0170
H187,P0172
H187,P0173
H187,P0175
H187,P0177
H187,P0181
H187,P0182
H187,P0183
H187,P0186
H187,P0188
H187,P0189
H187,P0190
H187,P0191
H187,P0193
H187,P0195
H187,P0196
H187,P0197
H187,P0200
H187,P0203
H187,P0205
H187,P0207
H187,P0208
H187,P0209
H187,P0210
H187,P0211
H187,P0213
H187,P0214
H187,P0215
H187,P0216
H187,P0217
H187,P0218
H187,P0219
H187,P0221
H187,P0222
H187,P0223
H187,P0224
H187,P0225
H187,P0226
H187,P0227
H187,P0228
H187,P0229
H187,P0230
H187,P0231
H187,P0232
H187,P0233
H187,P0234
H187,P0236
H187,P0238
H187,P0239
H187,P0242
H187,P0243
H187,P0244
H187,P0245
H187,P0247
H187,P0249
H187,P0250
H187,P0251
H187,P0252
H187,P0253
H187,P0254
H187,P0257
H187,P0258
H187,P0259
H187,P0261
H187,P0262
H187,P0263
H187,P0265
H187,P0267
H187,P0268
H187,P0271
H187,P0272
H187,P0278
H187,P0279
H187,P0280
H187,P0281
H187,P0282
H187,P0284
H187,P0285
H187,P0286
H187,P0287
H187,P0290
H187,P0292
H187,P0293
H187,P0295
H187,P0296
H187,P0299
H187,P0302
H187,P0305
H187,P0306
H187,P0307
H187,P0308
H187,P0310
H187,P0312
H187,P0313
H187,P0316
H187,P0321
H187,P0323
H187,P0325
H187,P0326
H187,P0329
H187,P0330
H187,P0331
H187,P0333
H187,P0335
H187,P0337
H187,P0338
H187,P0340
H187,P0342
H187,P0343
H187,P0344
H187,P0345
H187,P0349
H187,P0351
H187,P0352
H187,P0353
H187,P0354
H187,P0355
H187,P0357
H187,P0358
H187,P0359
H187,P0360
H187,P0367
H187,P0368
H187,P0369
H187,P0374
H187,P0375
H187,P0376
H187,P0378
H187,P0382
H187,P0384
H187,P0386
H187,P0388
H187,P0392
H187,P0393
H187,P0394
H187,P0395
H187,P0396
H187,P0398
H187,P0399
H187,P0400
H187,P0401
H187,P0402
H187,P0404
H187,P0406
H187,P0411
H187,P0412
H187,P0413
H187,P0414
H187,P0416
H187,P0417
H187,P0418
H187,P0420
H187,P0422
H187,P0424
H187,P0427
H187,P0429
H187,P0430
H187,P0431
H187,P0432
H187,P0433
H187,P0434
H187,P0435
H187,P0436
H187,P0437
H187,P0438
H187,P0439
H187,P0440
H187,P0441
H187,P0443
H187,P0447
H187,P0449
H187,P0450
H187,P0451
H187,P0452
H187,P0453
H187,P0455
H187,P0456
H187,P0458
H187,P0459
H187,P0461
H187,P0462
H187,P0464
H187,P0465
H187,P0466
H187,P0467
H187,P0468
H187,P0469
H187,P0470
H187,P0471
H187,P0472
H187,P0473
H187,P0475
H187,P0476
H187,P0477
H187,P0480
H187,P0481
H187,P0482
H187,P0484
H187,P0485
H187,P0486
H187,P0487
H187,P0488
H187,P0489
H187,P0490
H187,P0493
H187,P0497
H187,P0498
H187,P0502
H187,P0505
H187,P0506
H187,P0510
H187,P0512
H187,P0515
H187,P0517
H187,P0518
H187,P0519
H187,P0521
H187,P0523
H187,P0524
H187,P0525
H187,P0526
H187,P0527
H187,P0529
H187,P0530
H187,P0531
H187,P0532
H187,P0534
H187,P0535
H187,P0536
H187,P0537
H187,P0538
H187,P0540
H187,P0542
H187,P0543
H187,P0544
H187,P0546
H187,P0547
H187,P0548
H187,P0549
H187,P0552
H187,P0553
H187,P0556
H187,P0557
H187,P0558
H187,P0560
H187,P0561
H187,P0562
H187,P0563
H187,P0564
H187,P0565
H187,P0566
H187,P0567
H187,P0568
H187,P0569
H187,P0570
H187,P0571
H187,P0574
H187,P0575
H187,P0576
H187,P0578
H187,P0579
H187,P0580
H187,P0581
H187,P0583
H187,P0584
H187,P0585
H187,P0587
H187,P0588
H187,P0589
H187,P0590
H187,P0591
H187,P0593
H187,P0594
H187,P0597
H187,P0600
H188,P0002
H188,P0005
H188,P0006
H188,P0012
H188,P0013
H188,P0014
H188,P0016
H188,P0017
H188,P0018
H188,P0020
H188,P0021
H188,P0022
H188,P0023
H188,P0024
H188,P0025
H188,P0027
H188,P0028
H188,P0029
H188,P0031
H188,P0035
H188,P0036
H188,P0037
H188,P0038
H188,P0039
H188,P0041
H188,P0043
H188,P0045
H188,P0047
H188,P0048
H188,P0052
H188,P0054
H188,P0055
H188,P0056
H188,P0057
H188,P0058
H188,P0059
H188,P0060
H188,P0061
H188,P0062
H188,P0063
H188,P0064
H188,P0068
H188,P0069
H188,P0070
H188,P0071
H188,P0072
H188,P0073
H188,P0075
H188,P0076
H188,P0079
H188,P0080
H188,P0082
H188,P0083
H188,P0084
H188,P0085
H188,P0086
H188,P0087
H188,P0088
H188,P0090
H188,P0091
H188,P0092
H188,P0093
H188,P0094
H188,P0097
H188,P0098
H188,P0099
H188,P0100
H188,P0102
H188,P0103
H188,P0104
H188,P0105
H188,P0106
H188,P0107
H188,P0109
H188,P0110
H188,P0111
H188,P0112
H188,P0113
H188,P0114
H188,P0115
H188,P0116
H188,P0118
H188,P0120
H188,P0121
H188,P0122
H188,P0123
H188,P0124
H188,P0125
H188,P0126
H188,P0128
H188,P0129
H188,P0130
H188,P0131
H188,P0132
H188,P0133
H188,P0134
H188,P0135
H188,P0136
H188,P0138
H188,P0139
H188,P0140
H188,P0141
H188,P0142
H188,P0143
H188,P0144
H188,P0145
H188,P0146
H188,P0147
H188,P0148
H188,P0149
H188,P0150
H188,P0151
H188,P0152
H188,P0153
H188,P0155
H188,P0156
H188,P0157
H188,P0158
H188,P0159
H188,P0160
H188,P0163
H188,P0164
H188,P0165
H188,P0167
H188,P0168
H188,P0169
H188,P0171
H188,P0172
H188,P0174
H188,P0175
H188,P0177
H188,P0178
H188,P0180
H188,P0182
H188,P0183
H188,P0185
H188,P0188
H188,P0189
H188,P0192
H188,P0193
H188,P0196
H188,P0197
H188,P0198
H188,P0200
H188,P0201
H188,P0202
H188,P0203
H188,P0204
H188,P0205
H188,P0206
H188,P0207
H188,P0208
H188,P0209
H188,P0210
H188,P0211
H188,P0212
H188,P0213
H188,P0214
H188,P0215
H188,P0216
H188,P0218
H188,P0219
H188,P0221
H188,P0222
H188,P0223
H188,P0224
H188,P0225
H188,P0226
H188,P0229
H188,P0231
H188,P0232
H188,P0233
H188,P0235
H188,P0237
H188,P0238
H188,P0241
H188,P0242
H188,P0243
H188,P0244
H188,P0245
H188,P0246
H188,P0249
H188,P0250
H188,P0251
H188,P0253
H188,P0254
H188,P0255
H188,P0256
H188,P0259
H188,P0261
H188,P0262
H188,P0265
H188,P0266
H188,P0267
H188,P0268
H188,P0269
H188,P0271
H188,P0272
H188,P0273
H188,P0274
H188,P0277
H188,P0278
H188,P0279
H188,P0280
H188,P0282
H188,P0283
H188,P0284
H188,P0285
H188,P0286
H188,P0287
H188,P0288
H188,P0289
H188,P0291
H188,P0292
H188,P0293
H188,P0294
H188,P0295
H188,P0296
H188,P0297
H188,P0299
H188,P0300
H188,P0304
H188,P0305
H188,P0306
H188,P0307
H188,P0309
H188,P0310
H188,P0312
H188,P0313
H188,P0316
H188,P0317
H188,P0318
H188,P0319
H188,P0320
H188,P0321
H188,P0323
H188,P0324
H188,P0325
H188,P0326
H188,P0327
H188,P0328
H188,P0329
H188,P0330
H188,P0331
H188,P0332
H188,P0333
H188,P0336
H188,P0337
H188,P0338
H188,P0339
H188,P0340
H188,P0342
H188,P0343
H188,P0344
H188,P0345
H188,P0347
H188,P0349
H188,P0351
H188,P0352
H188,P0354
H188,P0355
H188,P0359
H188,P0360
H188,P0361
H188,P0362
H188,P0363
H188,P0366
H188,P0368
H188,P0369
H188,P0371
H188,P0372
H188,P0374
H188,P0375
H188,P0377
H188,P0378
H188,P0379
H188,P0380
H188,P0381
H188,P0382
H188,P0384
H188,P0387
H188,P0390
H188,P0393
H188,P0394
H188,P0395
H188,P0397
H188,P0398
H188,P0399
H188,P0400
H188,P0402
H188,P0404
H188,P0405
H188,P0406
H188,P0407
H188,P0408
H188,P0409
H188,P0410
H188,P0411
H188,P0414
H188,P0415
H188,P0416
H188,P0417
H188,P0419
H188,P0420
H188,P0421
H188,P0422
H188,P0424
H188,P0427
H188,P0428
H188,P0429
H188,P0431
H188,P0432
H188,P0433
H188,P0435
H188,P0437
H188,P0439
H188,P0440
H188,P0441
H188,P0442
H188,P0443
H188,P0444
H188,P0446
H188,P0447
H188,P0448
H188,P0449
H188,P0450
H188,P0451
H188,P0452
H188,P0453
H188,P0455
H188,P0456
H188,P0458
H188,P0459
H188,P0461
H188,P0462
H188,P0463
H188,P0464
H188,P0465
H188,P0468
H188,P0469
H188,P0470
H188,P0471
H188,P0472
H188,P0474
H188,P0478
H188,P0479
H188,P0480
H188,P0482
H188,P0483
H188,P0484
H188,P0486
H188,P0488
H188,P0489
H188,P0491
H188,P0492
H188,P0493
H188,P0495
H188,P0497
H188,P0498
H188,P0499
H188,P0500
H188,P0502
H188,P0505
H188,P0509
H188,P0511
H188,P0512
H188,P0513
H188,P0514
H188,P0515
H188,P0517
H188,P0518
H188,P0519
H188,P0520
H188,P0522
H188,P0523
H188,P0524
H188,P0525
H188,P0526
H188,P0527
H188,P0528
H188,P0530
H188,P0532
H188,P0533
H188,P0535
H188,P0536
H188,P0537
H188,P0540
H188,P0541
H188,P0542
H188,P0543
H188,P0544
H188,P0545
H188,P0546
H188,P0547
H188,P0549
H188,P0550
H188,P0551
H188,P0553
H188,P0555
H188,P0556
H188,P0557
H188,P0558
H188,P0560
H188,P0561
H188,P0562
H188,P0563
H188,P0564
H188,P0565
H188,P0566
H188,P0567
H188,P0568
H188,P0569
H188,P0571
H188,P0572
H188,P0573
H188,P0575
H188,P0576
H188,P0577
H188,P0578
H188,P0579
H188,P0584
H188,P0585
H188,P0586
H188,P0589
H188,P0590
H188,P0591
H188,P0592
H188,P0593
H188,P0594
H188,P0595
H188,P0596
H188,P0599
H188,P0600
H189,P0001
H189,P0002
H189,P0004
H189,P0005
H189,P0007
H189,P0008
H189,P0010
H189,P0012
H189,P0013
H189,P0014
H189,P0016
H189,P0017
H189,P0018
H189,P0019
H189,P0020
H189,P0021
H189,P0023
H189,P0024
H189,P0025
H189,P0026
H189,P0027
H189,P0028
H189,P0029
H189,P0030
H189,P0033
H189,P0034
H189,P0035
H189,P0036
H189,P0037
H189,P0038
H189,P0039
H189,P0040
H189,P0041
H189,P0042
H189,P0046
H189,P0047
H189,P0048
H189,P0050
H189,P0051
H189,P0052
H189,P0053
H189,P0056
H189,P0057
H189,P0059
H189,P0060
H189,P0061
H189,P0063
H189,P0064
H189,P0066
H189,P0067
H189,P0070
H189,P0071
H189,P0072
H189,P0073
H189,P0075
H189,P0076
H189,P0077
H189,P0078
H189,P0079
H189,P0081
H189,P0082
H189,P0083
H189,P0084
H189,P0085
H189,P0086
H189,P0087
H189,P0089
H189,P0091
H189,P0092
H189,P0093
H189,P0094
H189,P0095
H189,P0096
H189,P0097
H189,P0098
H189,P0099
H189,P0100
H189,P0101
H189,P0102
H189,P0104
H189,P0106
H189,P0107
H189,P0108
H189,P0109
H189,P0110
H189,P0111
H189,P0112
H189,P0113
H189,P0114
H189,P0115
H189,P0116
H189,P0117
H189,P0119
H189,P0121
H189,P0122
H189,P0123
H189,P0124
H189,P0125
H189,P0126
H189,P0127
H189,P0128
H189,P0131
H189,P0132
H189,P0133
H189,P0135
H189,P0136
H189,P0137
H189,P0138
H189,P0139
H189,P0140
H189,P0141
H189,P0142
H189,P0143
H189,P0144
H189,P0145
H189,P0146
H189,P0147
H189,P0148
H189,P0149
H189,P0150
H189,P0152
H189,P0153
H189,P0154
H189,P0155
H189,P0156
H189,P0157
H189,P0158
H189,P0159
H189,P0160
H189,P0163
H189,P0164
H189,P0165
H189,P0167
H189,P0168
H189,P0171
H189,P0172
H189,P0173
H189,P0177
H189,P0178
H189,P0179
H189,P0180
H189,P0182
H189,P0183
H189,P0185
H189,P0186
H189,P0189
H189,P0190
H189,P0192
H189,P0193
H189,P0194
H189,P0195
H189,P0196
H189,P0197
H189,P0199
H189,P0200
H189,P0202
H189,P0203
H189,P0204
H189,P0205
H189,P0207
H189,P0208
H189,P0211
H189,P0212
H189,P0213
H189,P0215
H189,P0217
H189,P0218
H189,P0219
H189,P0220
H189,P0222
H189,P0223
H189,P0224
H189,P0226
H189,P0227
H189,P0228
H189,P0229
H189,P0230
H189,P0231
H189,P0233
H189,P0236
H189,P0237
H189,P0239
H189,P0242
H189,P0244
H189,P0245
H189,P0246
H189,P0247
H189,P0248
H189,P0251
H189,P0254
H189,P0255
H189,P0256
H189,P0258
H189,P0259
H189,P0261
H189,P0262
H189,P0263
H189,P0265
H189,P0266
H189,P0267
H189,P0268
H189,P0269
H189,P0270
H189,P0271
H189,P0272
H189,P0273
H189,P0274
H189,P0275
H189,P0277
H189,P0278
H189,P0279
H189,P0280
H189,P0282
H189,P0283
H189,P0284
H189,P0288
H189,P0290
H189,P0291
H189,P0293
H189,P0294
H189,P0295
H189,P0296
H189,P0298
H189,P0299
H189,P0300
H189,P0302
H189,P0305
H189,P0306
H189,P0307
H189,P0308
H189,P0309
H189,P0310
H189,P0311
H189,P0312
H189,P0313
H189,P0314
H189,P0315
H189,P0316
H189,P0317
H189,P0318
H189,P0319
H189,P0320
H189,P0321
H189,P0322
H189,P0323
H189,P0324
H189,P0326
H189,P0327
H189,P0328
H189,P0330
H189,P0332
H189,P0333
H189,P0334
H189,P0335
H189,P0336
H189,P0338
H189,P0339
H189,P0341
H189,P0342
H189,P0343
H189,P0345
H189,P0346
H189,P0347
H189,P0348
H189,P0349
H189,P0351
H189,P0352
H189,P0358
H189,P0359
H189,P0360
H189,P0361
H189,P0362
H189,P0363
H189,P0364
H189,P0366
H189,P0367
H189,P0368
H189,P0369
H189,P0370
H189,P0371
H189,P0372
H189,P0373
H189,P0375
H189,P0377
H189,P0378
H189,P0379
H189,P0380
H189,P0381
H189,P0383
H189,P0387
H189,P0388
H189,P0389
H189,P0390
H189,P0391
H189,P0393
H189,P0395
H189,P0396
H189,P0397
H189,P0398
H189,P0399
H189,P0402
H189,P0403
H189,P0404
H189,P0405
H189,P0406
H189,P0407
H189,P0409
H189,P0411
H189,P0412
H189,P0413
H189,P0416
H189,P0417
H189,P0419
H189,P0420
H189,P0422
H189,P0424
H189,P0425
H189,P0427
H189,P0431
H189,P0432
H189,P0433
H189,P0434
H189,P0435
H189,P0436
H189,P0439
H189,P0441
H189,P0442
H189,P0444
H189,P0445
H189,P0447
H189,P0449
H189,P0450
H189,P0452
H189,P0453
H189,P0454
H189,P0455
H189,P0456
H189,P0458
H189,P0459
H189,P0460
H189,P0461
H189,P0462
H189,P0464
H189,P0465
H189,P0466
H189,P0467
H189,P0468
H189,P0469
H189,P0470
H189,P0471
H189,P0473
H189,P0474
H189,P0475
H189,P0476
H189,P0479
H189,P0480
H189,P0481
H189,P0484
H189,P0485
H189,P0486
H189,P0488
H189,P0489
H189,P0490
H189,P0491
H189,P0492
H189,P0493
H189,P0494
H189,P0495
H189,P0496
H189,P0497
H189,P0498
H189,P0499
H189,P0500
H189,P0502
H189,P0503
H189,P0504
H189,P0506
H189,P0507
H189,P0508
H189,P0510
H189,P0511
H189,P0512
H189,P0514
H189,P0515
H189,P0516
H189,P0517
H189,P0518
H189,P0519
H189,P0520
H189,P0522
H189,P0523
H189,P0524
H189,P0525
H189,P0526
H189,P0527
H189,P0528
H189,P0529
H189,P0531
H189,P0532
H189,P0533
H189,P0534
H189,P0535
H189,P0536
H189,P0537
H189,P0538
H189,P0539
H189,P0540
H189,P0541
H189,P0542
H189,P0544
H189,P0545
H189,P0546
H189,P0547
H189,P0548
H189,P0549
H189,P0551
H189,P0552
H189,P0553
H189,P0554
H189,P0555
H189,P0557
H189,P0558
H189,P0559
H189,P0561
H189,P0563
H189,P0564
H189,P0565
H189,P0566
H189,P0567
H189,P0568
H189,P0569
H189,P0570
H189,P0571
H189,P0572
H189,P0573
H189,P0575
H189,P0576
H189,P0578
H189,P0579
H189,P0580
H189,P0582
H189,P0583
H189,P0584
H189,P0585
H189,P0586
H189,P0587
H189,P0589
H189,P0590
H189,P0592
H189,P0593
H189,P0594
H189,P0596
H189,P0597
H189,P0599
H189,P0600
H190,P0001
H190,P0006
H190,P0007
H190,P0008
H190,P0009
H190,P0010
H190,P0011
H190,P0012
H190,P0014
H190,P0015
H190,P0016
H190,P0017
H190,P0018
H190,P0020
H190,P0021
H190,P0022
H190,P0027
H190,P0029
H190,P0030
H190,P0031
H190,P0032
H190,P0035
H190,P0037
H190,P0039
H190,P0040
H190,P0041
H190,P0042
H190,P0043
H190,P0045
H190,P0046
H190,P0047
H190,P0048
H190,P0049
H190,P0052
H190,P0053
H190,P0055
H190,P0057
H190,P0058
H190,P0061
H190,P0062
H190,P0063
H190,P0065
H190,P0066
H190,P0067
H190,P0068
H190,P0069
H190,P0070
H190,P0071
H190,P0072
H190,P0073
H190,P0075
H190,P0076
H190,P0078
H190,P0079
H190,P0080
H190,P0082
H190,P0083
H190,P0085
H190,P0086
H190,P0087
H190,P0088
H190,P0091
H190,P0092
H190,P0093
H190,P0094
H190,P0095
H190,P0096
H190,P0097
H190,P0098
H190,P0099
H190,P0100
H190,P0103
H190,P0104
H190,P0105
H190,P0108
H190,P0110
H190,P0111
H190,P0113
H190,P0114
H190,P0115
H190,P0116
H190,P0117
H190,P0118
H190,P0119
H190,P0120
H190,P0121
H190,P0122
H190,P0123
H190,P0124
H190,P0126
H190,P0127
H190,P0128
H190,P0129
H190,P0130
H190,P0131
H190,P0132
H190,P0133
H190,P0134
H190,P0135
H190,P0137
H190,P0138
H190,P0140
H190,P0142
H190,P0144
H190,P0146
H190,P0147
H190,P0148
H190,P0149
H190,P0150
H190,P0151
H190,P0152
H190,P0153
H190,P0155
H190,P0157
H190,P0159
H190,P0160
H190,P0161
H190,P0163
H190,P0164
H190,P0165
H190,P0167
H190,P0168
H190,P0169
H190,P0171
H190,P0172
H190,P0174
H190,P0175
H190,P0176
H190,P0177
H190,P0178
H190,P0181
H190,P0183
H190,P0184
H190,P0185
H190,P0188
H190,P0189
H190,P0190
H190,P0191
H190,P0192
H190,P0193
H190,P0194
H190,P0197
H190,P0198
H190,P0199
H190,P0200
H190,P0201
H190,P0202
H190,P0203
H190,P0205
H190,P0206
H190,P0208
H190,P0209
H190,P0210
H190,P0211
H190,P0212
H190,P0213
H190,P0214
H190,P0216
H190,P0219
H190,P0222
H190,P0223
H190,P0224
H190,P0225
H190,P0226
H190,P0227
H190,P0228
H190,P0229
H190,P0230
H190,P0232
H190,P0234
H190,P0235
H190,P0237
H190,P0238
H190,P0242
H190,P0243
H190,P0245
H190,P0246
H190,P0248
H190,P0249
H190,P0250
H190,P0251
H190,P0252
H190,P0253
H190,P0255
H190,P0256
H190,P0258
H190,P0259
H190,P0261
H190,P0262
H190,P0264
H190,P0265
H190,P0267
H190,P0268
H190,P0269
H190,P0270
H190,P0271
H190,P0272
H190,P0273
H190,P0274
H190,P0276
H190,P0277
H190,P0278
H190,P0279
H190,P0280
H190,P0282
H190,P0283
H190,P0284
H190,P0285
H190,P0286
H190,P0287
H190,P0288
H190,P0289
H190,P0291
H190,P0292
H190,P0293
H190,P0294
H190,P0296
H190,P0297
H190,P0299
H190,P0300
H190,P0301
H190,P0303
H190,P0306
H190,P0307
H190,P0308
H190,P0309
H190,P0312
H190,P0314
H190,P0315
H190,P0316
H190,P0317
H190,P0318
H190,P0319
H190,P0321
H190,P0324
H190,P0326
H190,P0327
H190,P0328
H190,P0330
H190,P0332
H190,P0333
H190,P0334
H190,P0335
H190,P0336
H190,P0337
H190,P0338
H190,P0339
H190,P0340
H190,P0341
H190,P0342
H190,P0344
H190,P0345
H190,P0346
H190,P0347
H190,P0348
H190,P0349
H190,P0350
H190,P0351
H190,P0352
H190,P0353
H190,P0354
H190,P0355
H190,P0356
H190,P0357
H190,P0361
H190,P0362
H190,P0363
H190,P0364
H190,P0365
H190,P0366
H190,P0368
H190,P0369
H190,P0370
H190,P0371
H190,P0372
H190,P0374
H190,P0375
H190,P0376
H190,P0377
H190,P0379
H190,P0381
H190,P0384
H190,P0385
H190,P0387
H190,P0388
H190,P0389
H190,P0392
H190,P0393
H190,P0394
H190,P0395
H190,P0396
H190,P0397
H190,P0398
H190,P0401
H190,P0402
H190,P0404
H190,P0405
H190,P0406
H190,P0408
H190,P0409
H190,P0412
H190,P0413
H190,P0414
H190,P0415
H190,P0416
H190,P0418
H190,P0419
H190,P0420
H190,P0421
H190,P0422
H190,P0423
H190,P0424
H190,P0426
H190,P0428
H190,P0429
H190,P0430
H190,P0431
H190,P0432
H190,P0433
H190,P0434
H190,P0435
H190,P0436
H190,P0438
H190,P0439
H190,P0440
H190,P0441
H190,P0442
H190,P0443
H190,P0444
H190,P0445
H190,P0446
H190,P0447
H190,P0448
H190,P0451
H190,P0452
H190,P0453
H190,P0454
H190,P0455
H190,P0456
H190,P0457
H190,P0458
H190,P0460
H190,P0461
H190,P0462
H190,P0463
H190,P0464
H190,P0465
H190,P0466
H190,P0467
H190,P0468
H190,P0469
H190,P0470
H190,P0471
H190,P0472
H190,P0473
H190,P0474
H190,P0475
H190,P0476
H190,P0477
H190,P0478
H190,P0479
H190,P0480
H190,P0481
H190,P0482
H190,P0483
H190,P0485
H190,P0486
H190,P0488
H190,P0489
H190,P0490
H190,P0492
H190,P0493
H190,P0495
H190,P0496
H190,P0498
H190,P0499
H190,P0500
H190,P0502
H190,P0504
H190,P0505
H190,P0506
H190,P0507
H190,P0509
H190,P0510
H190,P0511
H190,P0513
H190,P0514
H190,P0516
H190,P0517
H190,P0518
H190,P0519
H190,P0520
H190,P0521
H190,P0522
H190,P0524
H190,P0527
H190,P0529
H190,P0530
H190,P0531
H190,P0532
H190,P0533
H190,P0535
H190,P0536
H190,P0537
H190,P0538
H190,P0540
H190,P0541
H190,P0542
H190,P0543
H190,P0544
H190,P0545
H190,P0547
H190,P0550
H190,P0551
H190,P0553
H190,P0555
H190,P0557
H190,P0558
H190,P0559
H190,P0560
H190,P0561
H190,P0562
H190,P0563
H190,P0565
H190,P0566
H190,P0567
H190,P0568
H190,P0569
H190,P0570
H190,P0571
H190,P0572
H190,P0573
H190,P0574
H190,P0575
H190,P0577
H190,P0579
H190,P0580
H190,P0581
H190,P0582
H190,P0583
H190,P0584
H190,P0585
H190,P0586
H190,P0587
H190,P0588
H190,P0589
H190,P0590
H190,P0593
H190,P0594
H190,P0596
H190,P0597
H190,P0599
H191,P0002
H191,P0005
H191,P0006
H191,P0007
H191,P0010
H191,P0013
H191,P0014
H191,P0017
H191,P0022
H191,P0023
H191,P0024
H191,P0026
H191,P0027
H191,P0030
H191,P0033
H191,P0038
H191,P0039
H191,P0042
H191,P0043
H191,P0044
H191,P0045
H191,P0047
H191,P0048
H191,P0049
H191,P0053
H191,P0054
H191,P0058
H191,P0061
H191,P0062
H191,P0063
H191,P0065
H191,P0066
H191,P0068
H191,P0071
H191,P0072
H191,P0073
H191,P0074
H191,P0075
H191,P0076
H191,P0079
H191,P0083
H191,P0084
H191,P0085
H191,P0086
H191,P0088
H191,P0091
H191,P0092
H191,P0095
H191,P0097
H191,P0100
H191,P0102
H191,P0105
H191,P0107
H191,P0108
H191,P0109
H191,P0110
H191,P0111
H191,P0112
H191,P0113
H191,P0115
H191,P0117
H191,P0120
H191,P0121
H191,P0125
H191,P0128
H191,P0130
H191,P0131
H191,P0132
H191,P0134
H191,P0135
H191,P0137
H191,P0139
H191,P0140
H191,P0141
H191,P0142
H191,P0143
H191,P0144
H191,P0145
H191,P0146
H191,P0147
H191,P0148
H191,P0149
H191,P0150
H191,P0151
H191,P0152
H191,P0154
H191,P0155
H191,P0157
H191,P0158
H191,P0160
H191,P0162
H191,P0163
H191,P0165
H191,P0166
H191,P0169
H191,P0171
H191,P0172
H191,P0174
H191,P0178
H191,P0179
H191,P0182
H191,P0183
H191,P0185
H191,P0187
H191,P0188
H191,P0190
H191,P0193
H191,P0195
H191,P0196
H191,P0197
H191,P0198
H191,P0199
H191,P0203
H191,P0205
H191,P0206
H191,P0211
H191,P0212
H191,P0213
H191,P0214
H191,P0216
H191,P0219
H191,P0222
H191,P0223
H191,P0225
H191,P0226
H191,P0227
H191,P0228
H191,P0229
H191,P0231
H191,P0232
H191,P0235
H191,P0237
H191,P0238
H191,P0239
H191,P0241
H191,P0242
H191,P0247
H191,P0249
H191,P0250
H191,P0251
H191,P0252
H191,P0256
H191,P0257
H191,P0258
H191,P0259
H191,P0260
H191,P0261
H191,P0262
H191,P0263
H191,P0264
H191,P0265
H191,P0266
H191,P0267
H191,P0271
H191,P0273
H191,P0277
H191,P0279
H191,P0280
H191,P0281
H191,P0284
H191,P0285
H191,P0286
H191,P0287
H191,P0288
H191,P0290
H191,P0291
H191,P0293
H191,P0296
H191,P0297
H191,P0298
H191,P0299
H191,P0301
H191,P0305
H191,P0306
H191,P0307
H191,P0308
H191,P0309
H191,P0310
H191,P0312
H191,P0314
H191,P0315
H191,P0316
H191,P0317
H191,P0318
H191,P0319
H191,P0320
H191,P0321
H191,P0323
H191,P0324
H191,P0325
H191,P0326
H191,P0329
H191,P0330
H191,P0332
H191,P0333
H191,P0336
H191,P0337
H191,P0339
H191,P0340
H191,P0342
H191,P0343
H191,P0344
H191,P0345
H191,P0346
H191,P0347
H191,P0351
H191,P0352
H191,P0353
H191,P0354
H191,P0355
H191,P0356
H191,P0360
H191,P0361
H191,P0364
H191,P0366
H191,P0367
H191,P0368
H191,P0369
H191,P0370
H191,P0371
H191,P0372
H191,P0377
H191,P0378
H191,P0379
H191,P0380
H191,P0381
H191,P0383
H191,P0392
H191,P0394
H191,P0396
H191,P0398
H191,P0399
H191,P0400
H191,P0404
H191,P0405
H191,P0406
H191,P0407
H191,P0408
H191,P0410
H191,P0411
H191,P0413
H191,P0414
H191,P0417
H191,P0418
H191,P0422
H191,P0423
H191,P0425
H191,P0430
H191,P0435
H191,P0436
H191,P0438
H191,P0439
H191,P0441
H191,P0442
H191,P0443
H191,P0445
H191,P0446
H191,P0447
H191,P0448
H191,P0451
H191,P0453
H191,P0454
H191,P0456
H191,P0457
H191,P0458
H191,P0459
H191,P0460
H191,P0461
H191,P0464
H191,P0465
H191,P0468
H191,P0469
H191,P0470
H191,P0471
H191,P0472
H191,P0475
H191,P0476
H191,P0477
H191,P0480
H191,P0484
H191,P0485
H191,P0486
H191,P0488
H191,P0490
H191,P0494
H191,P0495
H191,P0497
H191,P0498
H191,P0499
H191,P0500
H191,P0502
H191,P0508
H191,P0513
H191,P0514
H191,P0515
H191,P0516
H191,P0518
H191,P0519
H191,P0520
H191,P0521
H191,P0522
H191,P0523
H191,P0524
H191,P0527
H191,P0529
H191,P0533
H191,P0536
H191,P0538
H191,P0540
H191,P0541
H191,P0542
H191,P0543
H191,P0547
H191,P0548
H191,P0549
H191,P0550
H191,P0551
H191,P0553
H191,P0556
H191,P0561
H191,P0565
H191,P0566
H191,P0567
H191,P0568
H191,P0569
H191,P0570
H191,P0571
H191,P0572
H191,P0573
H191,P0574
H191,P0575
H191,P0576
H191,P0577
H191,P0579
H191,P0581
H191,P0583
H191,P0585
H191,P0586
H191,P0587
H191,P0588
H191,P0589
H191,P0593
H191,P0595
H191,P0596
H191,P0597
H192,P0002
H192,P0003
H192,P0004
H192,P0005
H192,P0007
H192,P0008
H192,P0009
H192,P0010
H192,P0011
H192,P0014
H192,P0015
H192,P0016
H192,P0017
H192,P0018
H192,P0019
H192,P0020
H192,P0022
H192,P0023
H192,P0024
H192,P0026
H192,P0027
H192,P0028
H192,P0030
H192,P0031
H192,P0032
H192,P0033
H192,P0034
H192,P0035
H192,P0036
H192,P0037
H192,P0038
H192,P0039
H192,P0040
H192,P0043
H192,P0045
H192,P0047
H192,P0048
H192,P0052
H192,P0054
H192,P0055
H192,P0057
H192,P0060
H192,P0061
H192,P0062
H192,P0063
H192,P0064
H192,P0065
H192,P0066
H192,P0071
H192,P0072
H192,P0073
H192,P0074
H192,P0075
H192,P0078
H192,P0079
H192,P0082
H192,P0083
H192,P0084
H192,P0085
H192,P0086
H192,P0089
H192,P0090
H192,P0092
H192,P0093
H192,P0097
H192,P0099
H192,P0100
H192,P0102
H192,P0104
H192,P0105
H192,P0107
H192,P0108
H192,P0109
H192,P0110
H192,P0111
H192,P0112
H192,P0113
H192,P0114
H192,P0115
H192,P0116
H192,P0117
H192,P0119
H192,P0121
H192,P0122
H192,P0124
H192,P0125
H192,P0126
H192,P0128
H192,P0130
H192,P0131
H192,P0132
H192,P0133
H192,P0134
H192,P0135
H192,P0138
H192,P0139
H192,P0140
H192,P0142
H192,P0143
H192,P0144
H192,P0146
H192,P0147
H192,P0149
H192,P0150
H192,P0152
H192,P0153
H192,P0154
H192,P0156
H192,P0157
H192,P0158
H192,P0159
H192,P0160
H192,P0161
H192,P0163
H192,P0164
H192,P0165
H192,P0166
H192,P0167
H192,P0171
H192,P0173
H192,P0178
H192,P0181
H192,P0182
H192,P0183
H192,P0185
H192,P0188
H192,P0189
H192,P0190
H192,P0191
H192,P0192
H192,P0193
H192,P0194
H192,P0195
H192,P0196
H192,P0197
H192,P0198
H192,P0199
H192,P0200
H192,P0201
H192,P0202
H192,P0203
H192,P0204
H192,P0205
H192,P0206
H192,P0207
H192,P0208
H192,P0210
H192,P0211
H192,P0212
H192,P0213
H192,P0214
H192,P0216
H192,P0218
H192,P0221
H192,P0222
H192,P0223
H192,P0224
H192,P0225
H192,P0226
H192,P0227
H192,P0229
H192,P0231
H192,P0232
H192,P0241
H192,P0242
H192,P0243
H192,P0244
H192,P0245
H192,P0246
H192,P0247
H192,P0250
H192,P0251
H192,P0253
H192,P0254
H192,P0255
H192,P0256
H192,P0257
H192,P0261
H192,P0262
H192,P0264
H192,P0265
H192,P0266
H192,P0267
H192,P0268
H192,P0269
H192,P0271
H192,P0273
H192,P0274
H192,P0276
H192,P0277
H192,P0278
H192,P0280
H192,P0282
H192,P0286
H192,P0287
H192,P0288
H192,P0289
H192,P0290
H192,P0291
H192,P0295
H192,P0296
H192,P0297
H192,P0298
H192,P0299
H192,P0301
H192,P0302
H192,P0303
H192,P0305
H192,P0306
H192,P0307
H192,P0309
H192,P0310
H192,P0312
H192,P0313
H192,P0314
H192,P0315
H192,P0316
H192,P0317
H192,P0318
H192,P0319
H192,P0321
H192,P0322
H192,P0324
H192,P0325
H192,P0326
H192,P0328
H192,P0329
H192,P0330
H192,P0332
H192,P0333
H192,P0334
H192,P0335
H192,P0336
H192,P0337
H192,P0338
H192,P0339
H192,P0341
H192,P0342
H192,P0343
H192,P0344
H192,P0345
H192,P0346
H192,P0347
H192,P0348
H192,P0349
H192,P0351
H192,P0352
H192,P0355
H192,P0356
H192,P0357
H192,P0358
H192,P0360
H192,P0361
H192,P0362
H192,P0364
H192,P0366
H192,P0367
H192,P0368
H192,P0369
H192,P0370
H192,P0371
H192,P0372
H192,P0373
H192,P0374
H192,P0375
H192,P0376
H192,P0378
H192,P0379
H192,P0380
H192,P0381
H192,P0383
H192,P0384
H192,P0387
H192,P0389
H192,P0392
H192,P0393
H192,P0394
H192,P0395
H192,P0396
H192,P0398
H192,P0400
H192,P0401
H192,P0402
H192,P0403
H192,P0404
H192,P0405
H192,P0406
H192,P0407
H192,P0409
H192,P0410
H192,P0411
H192,P0412
H192,P0413
H192,P0415
H192,P0416
H192,P0417
H192,P0418
H192,P0420
H192,P0421
H192,P0422
H192,P0424
H192,P0425
H192,P0427
H192,P0428
H192,P0430
H192,P0431
H192,P0432
H192,P0433
H192,P0435
H192,P0436
H192,P0438
H192,P0439
H192,P0440
H192,P0441
H192,P0442
H192,P0445
H192,P0446
H192,P0447
H192,P0448
H192,P0449
H192,P0451
H192,P0452
H192,P0453
H192,P0454
H192,P0455
H192,P0456
H192,P0461
H192,P0463
H192,P0464
H192,P0465
H192,P0467
H192,P0468
H192,P0470
H192,P0471
H192,P0472
H192,P0474
H192,P0477
H192,P0478
H192,P0479
H192,P0480
H192,P0481
H192,P0483
H192,P0484
H192,P0485
H192,P0486
H192,P0487
H192,P0488
H192,P0489
H192,P0490
H192,P0492
H192,P0493
H192,P0494
H192,P0495
H192,P0497
H192,P0499
H192,P0500
H192,P0502
H192,P0503
H192,P0504
H192,P0505
H192,P0506
H192,P0507
H192,P0508
H192,P0511
H192,P0512
H192,P0513
H192,P0514
H192,P0515
H192,P0517
H192,P0518
H192,P0519
H192,P0520
H192,P0521
H192,P0522
H192,P0524
H192,P0525
H192,P0526
H192,P0527
H192,P0528
H192,P0529
H192,P0532
H192,P0534
H192,P0536
H192,P0537
H192,P0538
H192,P0540
H192,P0541
H192,P0542
H192,P0543
H192,P0544
H192,P0545
H192,P0546
H192,P0547
H192,P0548
H192,P0550
H192,P0552
H192,P0553
H192,P0554
H192,P0556
H192,P0557
H192,P0558
H192,P0559
H192,P0560
H192,P0561
H192,P0563
H192,P0564
H192,P0567
H192,P0568
H192,P0569
H192,P0570
H192,P0571
H192,P0574
H192,P0575
H192,P0576
H192,P0578
H192,P0579
H192,P0580
H192,P0588
H192,P0589
H192,P0590
H192,P0591
H192,P0592
H192,P0593
H192,P0594
H192,P0595
H192,P0597
H192,P0598
H192,P0599
H192,P0600
H193,P0001
H193,P0002
H193,P0003
H193,P0005
H193,P0006
H193,P0007
H193,P0008
H193,P0009
H193,P0010
H193,P0011
H193,P0013
H193,P0015
H193,P0016
H193,P0017
H193,P0018
H193,P0020
H193,P0021
H193,P0022
H193,P0023
H193,P0024
H193,P0027
H193,P0030
H193,P0032
H193,P0034
H193,P0035
H193,P0036
H193,P0037
H193,P0039
H193,P0043
H193,P0046
H193,P0047
H193,P0048
H193,P0049
H193,P0055
H193,P0056
H193,P0058
H193,P0061
H193,P0062
H193,P0065
H193,P0066
H193,P0068
H193,P0071
H193,P0072
H193,P0073
H193,P0074
H193,P0075
H193,P0076
H193,P0079
H193,P0081
H193,P0082
H193,P0083
H193,P0084
H193,P0085
H193,P0086
H193,P0088
H193,P0089
H193,P0090
H193,P0092
H193,P0093
H193,P0094
H193,P0096
H193,P0097
H193,P0099
H193,P0100
H193,P0101
H193,P0102
H193,P0103
H193,P0105
H193,P0106
H193,P0108
H193,P0109
H193,P0110
H193,P0111
H193,P0112
H193,P0113
H193,P0114
H193,P0115
H193,P0116
H193,P0119
H193,P0121
H193,P0124
H193,P0125
H193,P0126
H193,P0128
H193,P0129
H193,P0130
H193,P0131
H193,P0132
H193,P0134
H193,P0135
H193,P0136
H193,P0137
H193,P0138
H193,P0140
H193,P0142
H193,P0143
H193,P0144
H193,P0146
H193,P0148
H193,P0149
H193,P0150
H193,P0151
H193,P0152
H193,P0155
H193,P0156
H193,P0157
H193,P0158
H193,P0159
H193,P0160
H193,P0161
H193,P0163
H193,P0164
H193,P0165
H193,P0166
H193,P0168
H193,P0169
H193,P0171
H193,P0172
H193,P0173
H193,P0174
H193,P0175
H193,P0177
H193,P0178
H193,P0179
H193,P0180
H193,P0181
H193,P0182
H193,P0183
H193,P0184
H193,P0187
H193,P0189
H193,P0190
H193,P0192
H193,P0193
H193,P0194
H193,P0195
H193,P0198
H193,P0200
H193,P0201
H193,P0202
H193,P0203
H193,P0204
H193,P0205
H193,P0206
H193,P0207
H193,P0208
H193,P0209
H193,P0212
H193,P0213
H193,P0215
H193,P0216
H193,P0217
H193,P0218
H193,P0219
H193,P0220
H193,P0222
H193,P0224
H193,P0225
H193,P0226
H193,P0228
H193,P0229
H193,P0230
H193,P0231
H193,P0232
H193,P0235
H193,P0236
H193,P0237
H193,P0239
H193,P0240
H193,P0243
H193,P0245
H193,P0246
H193,P0247
H193,P0250
H193,P0251
H193,P0254
H193,P0255
H193,P0256
H193,P0257
H193,P0258
H193,P0259
H193,P0262
H193,P0263
H193,P0264
H193,P0265
H193,P0269
H193,P0271
H193,P0272
H193,P0273
H193,P0274
H193,P0275
H193,P0276
H193,P0278
H193,P0279
H193,P0280
H193,P0282
H193,P0283
H193,P0284
H193,P0286
H193,P0287
H193,P0288
H193,P0290
H193,P0292
H193,P0293
H193,P0294
H193,P0295
H193,P0296
H193,P0298
H193,P0299
H193,P0300
H193,P0301
H193,P0302
H193,P0303
H193,P0305
H193,P0306
H193,P0307
H193,P0309
H193,P0310
H193,P0312
H193,P0313
H193,P0314
H193,P0315
H193,P0317
H193,P0319
H193,P0320
H193,P0321
H193,P0323
H193,P0324
H193,P0325
H193,P0326
H193,P0327
H193,P0328
H193,P0329
H193,P0330
H193,P0332
H193,P0333
H193,P0334
H193,P0335
H193,P0336
H193,P0337
H193,P0338
H193,P0339
H193,P0340
H193,P0341
H193,P0342
H193,P0344
H193,P0345
H193,P0346
H193,P0347
H193,P0348
H193,P0349
H193,P0351
H193,P0352
H193,P0353
H193,P0354
H193,P0355
H193,P0356
H193,P0358
H193,P0359
H193,P0361
H193,P0362
H193,P0363
H193,P0364
H193,P0367
H193,P0368
H193,P0369
H193,P0370
H193,P0371
H193,P0372
H193,P0373
H193,P0374
H193,P0375
H193,P0376
H193,P0377
H193,P0378
H193,P0379
H193,P0380
H193,P0381
H193,P0383
H193,P0384
H193,P0388
H193,P0391
H193,P0392
H193,P0393
H193,P0394
H193,P0395
H193,P0397
H193,P0398
H193,P0399
H193,P0400
H193,P0401
H193,P0403
H193,P0404
H193,P0405
H193,P0406
H193,P0407
H193,P0408
H193,P0409
H193,P0411
H193,P0412
H193,P0413
H193,P0414
H193,P0417
H193,P0418
H193,P0420
H193,P0421
H193,P0422
H193,P0423
H193,P0424
H193,P0427
H193,P0428
H193,P0430
H193,P0431
H193,P0432
H193,P0433
H193,P0434
H193,P0435
H193,P0438
H193,P0439
H193,P0441
H193,P0442
H193,P0443
H193,P0445
H193,P0446
H193,P0447
H193,P0448
H193,P0450
H193,P0451
H193,P0453
H193,P0454
H193,P0455
H193,P0458
H193,P0459
H193,P0460
H193,P0461
H193,P0463
H193,P0464
H193,P0465
H193,P0466
H193,P0468
H193,P0470
H193,P0472
H193,P0473
H193,P0474
H193,P0477
H193,P0478
H193,P0479
H193,P0480
H193,P0481
H193,P0482
H193,P0483
H193,P0484
H193,P0485
H193,P0486
H193,P0488
H193,P0489
H193,P0490
H193,P0492
H193,P0494
H193,P0495
H193,P0496
H193,P0497
H193,P0498
H193,P0499
H193,P0500
H193,P0502
H193,P0504
H193,P0505
H193,P0506
H193,P0508
H193,P0511
H193,P0512
H193,P0514
H193,P0515
H193,P0516
H193,P0517
H193,P0518
H193,P0519
H193,P0520
H193,P0521
H193,P0522
H193,P0526
H193,P0527
H193,P0529
H193,P0530
H193,P0531
H193,P0532
H193,P0536
H193,P0538
H193,P0539
H193,P0540
H193,P0541
H193,P0542
H193,P0543
H193,P0544
H193,P0545
H193,P0546
H193,P0547
H193,P0548
H193,P0549
H193,P0550
H193,P0551
H193,P0552
H193,P0553
H193,P0554
H193,P0555
H193,P0556
H193,P0557
H193,P0558
H193,P0559
H193,P0560
H193,P0562
H193,P0563
H193,P0564
H193,P0565
H193,P0567
H193,P0568
H193,P0570
H193,P0571
H193,P0572
H193,P0573
H193,P0574
H193,P0575
H193,P0576
H193,P0577
H193,P0578
H193,P0579
H193,P0580
H193,P0583
H193,P0584
H193,P0585
H193,P0586
H193,P0589
H193,P0590
H193,P0592
H193,P0594
H193,P0596
H193,P0598
H193,P0599
H193,P0600
H194,P0001
H194,P0002
H194,P0004
H194,P0005
H194,P0006
H194,P0007
H194,P0008
H194,P0009
H194,P0010
H194,P0011
H194,P0012
H194,P0014
H194,P0015
H194,P0016
H194,P0017
H194,P0018
H194,P0020
H194,P0021
H194,P0022
H194,P0023
H194,P0024
H194,P0031
H194,P0035
H194,P0036
H194,P0037
H194,P0038
H194,P0039
H194,P0047
H194,P0048
H194,P0049
H194,P0050
H194,P0054
H194,P0056
H194,P0058
H194,P0060
H194,P0061
H194,P0062
H194,P0063
H194,P0064
H194,P0065
H194,P0066
H194,P0068
H194,P0069
H194,P0070
H194,P0071
H194,P0072
H194,P0073
H194,P0075
H194,P0076
H194,P0077
H194,P0078
H194,P0079
H194,P0080
H194,P0082
H194,P0083
H194,P0084
H194,P0085
H194,P0086
H194,P0087
H194,P0089
H194,P0091
H194,P0092
H194,P0095
H194,P0096
H194,P0097
H194,P0098
H194,P0099
H194,P0100
H194,P0102
H194,P0103
H194,P0104
H194,P0105
H194,P0106
H194,P0107
H194,P0110
H194,P0111
H194,P0114
H194,P0115
H194,P0116
H194,P0117
H194,P0121
H194,P0122
H194,P0123
H194,P0125
H194,P0126
H194,P0127
H194,P0128
H194,P0129
H194,P0130
H194,P0131
H194,P0132
H194,P0133
H194,P0134
H194,P0135
H194,P0136
H194,P0138
H194,P0139
H194,P0140
H194,P0141
H194,P0143
H194,P0144
H194,P0146
H194,P0147
H194,P0148
H194,P0149
H194,P0152
H194,P0153
H194,P0155
H194,P0156
H194,P0157
H194,P0158
H194,P0159
H194,P0160
H194,P0161
H194,P0162
H194,P0163
H194,P0164
H194,P0165
H194,P0166
H194,P0167
H194,P0169
H194,P0170
H194,P0171
H194,P0174
H194,P0176
H194,P0178
H194,P0179
H194,P0180
H194,P0181
H194,P0183
H194,P0185
H194,P0186
H194,P0190
H194,P0191
H194,P0192
H194,P0193
H194,P0195
H194,P0196
H194,P0197
H194,P0198
H194,P0199
H194,P0200
H194,P0201
H194,P0202
H194,P0203
H194,P0204
H194,P0205
H194,P0206
H194,P0208
H194,P0210
H194,P0211
H194,P0213
H194,P0214
H194,P0215
H194,P0216
H194,P0218
H194,P0219
H194,P0221
H194,P0222
H194,P0223
H194,P0224
H194,P0225
H194,P0226
H194,P0227
H194,P0228
H194,P0229
H194,P0230
H194,P0231
H194,P0232
H194,P0235
H194,P0236
H194,P0237
H194,P0238
H194,P0240
H194,P0241
H194,P0242
H194,P0243
H194,P0245
H194,P0249
H194,P0250
H194,P0251
H194,P0253
H194,P0254
H194,P0256
H194,P0258
H194,P0259
H194,P0261
H194,P0262
H194,P0263
H194,P0264
H194,P0266
H194,P0267
H194,P0268
H194,P0269
H194,P0271
H194,P0273
H194,P0274
H194,P0275
H194,P0277
H194,P0278
H194,P0279
H194,P0280
H194,P0283
H194,P0286
H194,P0287
H194,P0290
H194,P0292
H194,P0293
H194,P0294
H194,P0295
H194,P0296
H194,P0298
H194,P0299
H194,P0302
H194,P0303
H194,P0304
H194,P0305
H194,P0306
H194,P0307
H194,P0309
H194,P0310
H194,P0311
H194,P0312
H194,P0314
H194,P0316
H194,P0317
H194,P0318
H194,P0319
H194,P0320
H194,P0321
H194,P0322
H194,P0323
H194,P0325
H194,P0326
H194,P0328
H194,P0329
H194,P0330
H194,P0332
H194,P0334
H194,P0335
H194,P0336
H194,P0337
H194,P0338
H194,P0339
H194,P0340
H194,P0341
H194,P0342
H194,P0343
H194,P0345
H194,P0347
H194,P0348
H194,P0349
H194,P0351
H194,P0353
H194,P0355
H194,P0356
H194,P0357
H194,P0359
H194,P0360
H194,P0361
H194,P0362
H194,P0364
H194,P0366
H194,P0367
H194,P0368
H194,P0369
H194,P0371
H194,P0372
H194,P0373
H194,P0374
H194,P0375
H194,P0378
H194,P0380
H194,P0381
H194,P0384
H194,P0385
H194,P0388
H194,P0390
H194,P0394
H194,P0395
H194,P0396
H194,P0398
H194,P0399
H194,P0400
H194,P0401
H194,P0402
H194,P0404
H194,P0406
H194,P0408
H194,P0410
H194,P0411
H194,P0414
H194,P0416
H194,P0417
H194,P0418
H194,P0419
H194,P0420
H194,P0421
H194,P0422
H194,P0424
H194,P0425
H194,P0427
H194,P0428
H194,P0430
H194,P0431
H194,P0432
H194,P0433
H194,P0434
H194,P0435
H194,P0437
H194,P0438
H194,P0439
H194,P0440
H194,P0441
H194,P0442
H194,P0443
H194,P0444
H194,P0445
H194,P0446
H194,P0447
H194,P0448
H194,P0452
H194,P0453
H194,P0454
H194,P0455
H194,P0456
H194,P0458
H194,P0459
H194,P0460
H194,P0461
H194,P0463
H194,P0464
H194,P0465
H194,P0466
H194,P0470
H194,P0471
H194,P0472
H194,P0473
H194,P0474
H194,P0477
H194,P0479
H194,P0480
H194,P0482
H194,P0483
H194,P0484
H194,P0485
H194,P0486
H194,P0488
H194,P0489
H194,P0490
H194,P0492
H194,P0493
H194,P0494
H194,P0495
H194,P0496
H194,P0498
H194,P0499
H194,P0500
H194,P0501
H194,P0502
H194,P0503
H194,P0504
H194,P0506
H194,P0507
H194,P0509
H194,P0510
H194,P0511
H194,P0512
H194,P0514
H194,P0515
H194,P0516
H194,P0518
H194,P0519
H194,P0520
H194,P0522
H194,P0525
H194,P0526
H194,P0527
H194,P0528
H194,P0529
H194,P0530
H194,P0532
H194,P0533
H194,P0534
H194,P0537
H194,P0538
H194,P0539
H194,P0540
H194,P0541
H194,P0542
H194,P0544
H194,P0545
H194,P0547
H194,P0548
H194,P0550
H194,P0551
H194,P0552
H194,P0553
H194,P0555
H194,P0556
H194,P0557
H194,P0558
H194,P0559
H194,P0560
H194,P0563
H194,P0564
H194,P0566
H194,P0567
H194,P0568
H194,P0569
H194,P0570
H194,P0571
H194,P0572
H194,P0573
H194,P0574
H194,P0575
H194,P0576
H194,P0578
H194,P0581
H194,P0584
H194,P0585
H194,P0586
H194,P0587
H194,P0589
H194,P0590
H194,P0591
H194,P0593
H194,P0594
H194,P0595
H194,P0596
H194,P0598
H194,P0599
H194,P0600
H195,P0006
H195,P0008
H195,P0010
H195,P0013
H195,P0016
H195,P0017
H195,P0018
H195,P0022
H195,P0023
H195,P0024
H195,P0027
H195,P0028
H195,P0039
H195,P0043
H195,P0045
H195,P0047
H195,P0048
H195,P0058
H195,P0063
H195,P0065
H195,P0068
H195,P0069
H195,P0071
H195,P0075
H195,P0076
H195,P0079
H195,P0086
H195,P0092
H195,P0093
H195,P0096
H195,P0102
H195,P0103
H195,P0105
H195,P0111
H195,P0114
H195,P0115
H195,P0116
H195,P0117
H195,P0119
H195,P0122
H195,P0125
H195,P0127
H195,P0132
H195,P0135
H195,P0136
H195,P0140
H195,P0142
H195,P0143
H195,P0146
H195,P0149
H195,P0153
H195,P0155
H195,P0156
H195,P0158
H195,P0160
H195,P0165
H195,P0166
H195,P0170
H195,P0171
H195,P0172
H195,P0174
H195,P0175
H195,P0178
H195,P0179
H195,P0182
H195,P0183
H195,P0185
H195,P0187
H195,P0188
H195,P0190
H195,P0192
H195,P0193
H195,P0195
H195,P0196
H195,P0197
H195,P0200
H195,P0201
H195,P0211
H195,P0212
H195,P0213
H195,P0215
H195,P0216
H195,P0218
H195,P0221
H195,P0222
H195,P0226
H195,P0227
H195,P0228
H195,P0229
H195,P0230
H195,P0231
H195,P0236
H195,P0238
H195,P0239
H195,P0240
H195,P0241
H195,P0242
H195,P0247
H195,P0249
H195,P0250
H195,P0251
H195,P0254
H195,P0255
H195,P0256
H195,P0257
H195,P0258
H195,P0259
H195,P0260
H195,P0261
H195,P0262
H195,P0264
H195,P0265
H195,P0271
H195,P0274
H195,P0279
H195,P0280
H195,P0281
H195,P0282
H195,P0284
H195,P0287
H195,P0288
H195,P0290
H195,P0293
H195,P0299
H195,P0304
H195,P0305
H195,P0307
H195,P0310
H195,P0311
H195,P0315
H195,P0317
H195,P0318
H195,P0320
H195,P0321
H195,P0322
H195,P0323
H195,P0324
H195,P0326
H195,P0328
H195,P0330
H195,P0332
H195,P0333
H195,P0336
H195,P0337
H195,P0338
H195,P0339
H195,P0345
H195,P0346
H195,P0348
H195,P0352
H195,P0354
H195,P0355
H195,P0357
H195,P0358
H195,P0361
H195,P0362
H195,P0364
H195,P0368
H195,P0370
H195,P0371
H195,P0372
H195,P0375
H195,P0377
H195,P0378
H195,P0379
H195,P0388
H195,P0391
H195,P0395
H195,P0396
H195,P0397
H195,P0398
H195,P0399
H195,P0402
H195,P0403
H195,P0404
H195,P0405
H195,P0406
H195,P0410
H195,P0411
H195,P0412
H195,P0413
H195,P0414
H195,P0417
H195,P0418
H195,P0420
H195,P0423
H195,P0424
H195,P0425
H195,P0428
H195,P0431
H195,P0435
H195,P0438
H195,P0439
H195,P0441
H195,P0442
H195,P0443
H195,P0445
H195,P0446
H195,P0447
H195,P0453
H195,P0455
H195,P0456
H195,P0457
H195,P0461
H195,P0462
H195,P0464
H195,P0466
H195,P0470
H195,P0473
H195,P0475
H195,P0478
H195,P0482
H195,P0485
H195,P0490
H195,P0492
H195,P0500
H195,P0502
H195,P0505
H195,P0506
H195,P0509
H195,P0514
H195,P0516
H195,P0518
H195,P0519
H195,P0520
H195,P0521
H195,P0527
H195,P0532
H195,P0534
H195,P0538
H195,P0545
H195,P0546
H195,P0547
H195,P0548
H195,P0549
H195,P0550
H195,P0553
H195,P0557
H195,P0560
H195,P0561
H195,P0563
H195,P0568
H195,P0569
H195,P0570
H195,P0574
H195,P0576
H195,P0577
H195,P0578
H195,P0584
H195,P0585
H195,P0589
H195,P0590
H195,P0591
H195,P0593
H195,P0594
H195,P0600
H196,P0002
H196,P0004
H196,P0006
H196,P0008
H196,P0009
H196,P0010
H196,P0011
H196,P0012
H196,P0013
H196,P0014
H196,P0016
H196,P0017
H196,P0021
H196,P0022
H196,P0023
H196,P0024
H196,P0026
H196,P0027
H196,P0028
H196,P0029
H196,P0030
H196,P0032
H196,P0033
H196,P0035
H196,P0036
H196,P0043
H196,P0047
H196,P0048
H196,P0052
H196,P0053
H196,P0058
H196,P0060
H196,P0062
H196,P0066
H196,P0068
H196,P0069
H196,P0071
H196,P0072
H196,P0073
H196,P0074
H196,P0075
H196,P0078
H196,P0082
H196,P0083
H196,P0084
H196,P0086
H196,P0088
H196,P0090
H196,P0092
H196,P0093
H196,P0097
H196,P0098
H196,P0099
H196,P0100
H196,P0103
H196,P0104
H196,P0105
H196,P0106
H196,P0107
H196,P0108
H196,P0109
H196,P0110
H196,P0111
H196,P0113
H196,P0114
H196,P0115
H196,P0116
H196,P0117
H196,P0118
H196,P0119
H196,P0121
H196,P0124
H196,P0130
H196,P0131
H196,P0132
H196,P0133
H196,P0134
H196,P0136
H196,P0138
H196,P0139
H196,P0140
H196,P0142
H196,P0143
H196,P0146
H196,P0147
H196,P0148
H196,P0149
H196,P0151
H196,P0152
H196,P0153
H196,P0154
H196,P0155
H196,P0156
H196,P0157
H196,P0158
H196,P0159
H196,P0160
H196,P0164
H196,P0165
H196,P0166
H196,P0167
H196,P0168
H196,P0169
H196,P0171
H196,P0173
H196,P0175
H196,P0178
H196,P0181
H196,P0182
H196,P0183
H196,P0184
H196,P0185
H196,P0188
H196,P0190
H196,P0191
H196,P0192
H196,P0193
H196,P0194
H196,P0196
H196,P0197
H196,P0198
H196,P0201
H196,P0203
H196,P0205
H196,P0206
H196,P0208
H196,P0211
H196,P0212
H196,P0213
H196,P0214
H196,P0215
H196,P0216
H196,P0222
H196,P0224
H196,P0225
H196,P0226
H196,P0228
H196,P0229
H196,P0231
H196,P0232
H196,P0235
H196,P0242
H196,P0243
H196,P0244
H196,P0246
H196,P0249
H196,P0250
H196,P0251
H196,P0252
H196,P0253
H196,P0254
H196,P0256
H196,P0257
H196,P0258
H196,P0261
H196,P0262
H196,P0264
H196,P0265
H196,P0266
H196,P0268
H196,P0269
H196,P0271
H196,P0279
H196,P0280
H196,P0282
H196,P0283
H196,P0284
H196,P0286
H196,P0287
H196,P0290
H196,P0293
H196,P0294
H196,P0295
H196,P0296
H196,P0297
H196,P0298
H196,P0299
H196,P0300
H196,P0302
H196,P0303
H196,P0305
H196,P0306
H196,P0310
H196,P0313
H196,P0314
H196,P0317
H196,P0318
H196,P0321
H196,P0325
H196,P0326
H196,P0327
H196,P0329
H196,P0330
H196,P0332
H196,P0334
H196,P0335
H196,P0336
H196,P0338
H196,P0339
H196,P0342
H196,P0344
H196,P0346
H196,P0348
H196,P0349
H196,P0352
H196,P0353
H196,P0354
H196,P0355
H196,P0357
H196,P0361
H196,P0362
H196,P0364
H196,P0366
H196,P0367
H196,P0368
H196,P0369
H196,P0370
H196,P0371
H196,P0373
H196,P0374
H196,P0375
H196,P0376
H196,P0379
H196,P0380
H196,P0381
H196,P0383
H196,P0387
H196,P0393
H196,P0394
H196,P0395
H196,P0396
H196,P0397
H196,P0398
H196,P0399
H196,P0404
H196,P0405
H196,P0406
H196,P0407
H196,P0408
H196,P0409
H196,P0410
H196,P0411
H196,P0412
H196,P0413
H196,P0415
H196,P0416
H196,P0417
H196,P0418
H196,P0420
H196,P0421
H196,P0422
H196,P0425
H196,P0428
H196,P0430
H196,P0431
H196,P0432
H196,P0435
H196,P0440
H196,P0441
H196,P0445
H196,P0446
H196,P0447
H196,P0449
H196,P0453
H196,P0455
H196,P0456
H196,P0461
H196,P0465
H196,P0466
H196,P0468
H196,P0470
H196,P0473
H196,P0474
H196,P0477
H196,P0478
H196,P0479
H196,P0480
H196,P0482
H196,P0483
H196,P0484
H196,P0485
H196,P0486
H196,P0487
H196,P0489
H196,P0491
H196,P0493
H196,P0494
H196,P0495
H196,P0496
H196,P0498
H196,P0499
H196,P0500
H196,P0502
H196,P0503
H196,P0504
H196,P0505
H196,P0506
H196,P0507
H196,P0508
H196,P0511
H196,P0512
H196,P0513
H196,P0515
H196,P0516
H196,P0517
H196,P0518
H196,P0519
H196,P0520
H196,P0521
H196,P0522
H196,P0526
H196,P0527
H196,P0529
H196,P0530
H196,P0532
H196,P0533
H196,P0534
H196,P0535
H196,P0537
H196,P0538
H196,P0540
H196,P0541
H196,P0542
H196,P0543
H196,P0544
H196,P0545
H196,P0547
H196,P0550
H196,P0553
H196,P0554
H196,P0556
H196,P0557
H196,P0559
H196,P0560
H196,P0561
H196,P0562
H196,P0563
H196,P0564
H196,P0565
H196,P0566
H196,P0567
H196,P0569
H196,P0571
H196,P0572
H196,P0574
H196,P0575
H196,P0576
H196,P0578
H196,P0589
H196,P0590
H196,P0591
H196,P0592
H196,P0594
H196,P0596
H196,P0597
H196,P0598
H196,P0599
H197,P0001
H197,P0002
H197,P0003
H197,P0004
H197,P0005
H197,P0006
H197,P0007
H197,P0008
H197,P0011
H197,P0012
H197,P0013
H197,P0014
H197,P0016
H197,P0017
H197,P0018
H197,P0019
H197,P0020
H197,P0022
H197,P0023
H197,P0024
H197,P0026
H197,P0027
H197,P0029
H197,P0030
H197,P0031
H197,P0032
H197,P0033
H197,P0035
H197,P0036
H197,P0039
H197,P0040
H197,P0042
H197,P0043
H197,P0045
H197,P0047
H197,P0050
H197,P0052
H197,P0054
H197,P0055
H197,P0057
H197,P0058
H197,P0059
H197,P0061
H197,P0062
H197,P0068
H197,P0069
H197,P0071
H197,P0072
H197,P0073
H197,P0074
H197,P0075
H197,P0081
H197,P0082
H197,P0083
H197,P0084
H197,P0086
H197,P0088
H197,P0089
H197,P0090
H197,P0092
H197,P0093
H197,P0094
H197,P0096
H197,P0097
H197,P0098
H197,P0099
H197,P0100
H197,P0102
H197,P0103
H197,P0104
H197,P0105
H197,P0106
H197,P0107
H197,P0108
H197,P0109
H197,P0110
H197,P0111
H197,P0112
H197,P0113
H197,P0115
H197,P0116
H197,P0117
H197,P0118
H197,P0122
H197,P0123
H197,P0124
H197,P0125
H197,P0126
H197,P0127
H197,P0128
H197,P0130
H197,P0131
H197,P0132
H197,P0133
H197,P0134
H197,P0136
H197,P0139
H197,P0140
H197,P0141
H197,P0143
H197,P0144
H197,P0146
H197,P0147
H197,P0148
H197,P0149
H197,P0150
H197,P0152
H197,P0153
H197,P0155
H197,P0157
H197,P0158
H197,P0159
H197,P0160
H197,P0162
H197,P0163
H197,P0164
H197,P0165
H197,P0166
H197,P0167
H197,P0168
H197,P0169
H197,P0170
H197,P0171
H197,P0172
H197,P0174
H197,P0176
H197,P0178
H197,P0179
H197,P0180
H197,P0182
H197,P0183
H197,P0185
H197,P0186
H197,P0187
H197,P0188
H197,P0189
H197,P0190
H197,P0193
H197,P0195
H197,P0196
H197,P0197
H197,P0198
H197,P0201
H197,P0202
H197,P0203
H197,P0204
H197,P0205
H197,P0206
H197,P0207
H197,P0208
H197,P0209
H197,P0210
H197,P0211
H197,P0213
H197,P0216
H197,P0218
H197,P0221
H197,P0222
H197,P0223
H197,P0224
H197,P0225
H197,P0226
H197,P0227
H197,P0228
H197,P0229
H197,P0230
H197,P0232
H197,P0235
H197,P0236
H197,P0237
H197,P0239
H197,P0241
H197,P0242
H197,P0243
H197,P0245
H197,P0247
H197,P0249
H197,P0250
H197,P0251
H197,P0252
H197,P0254
H197,P0255
H197,P0256
H197,P0257
H197,P0258
H197,P0259
H197,P0260
H197,P0261
H197,P0262
H197,P0263
H197,P0264
H197,P0265
H197,P0266
H197,P0268
H197,P0269
H197,P0270
H197,P0271
H197,P0272
H197,P0273
H197,P0275
H197,P0276
H197,P0277
H197,P0278
H197,P0279
H197,P0281
H197,P0282
H197,P0283
H197,P0284
H197,P0286
H197,P0287
H197,P0288
H197,P0289
H197,P0290
H197,P0292
H197,P0293
H197,P0295
H197,P0298
H197,P0299
H197,P0300
H197,P0303
H197,P0305
H197,P0306
H197,P0307
H197,P0308
H197,P0309
H197,P0310
H197,P0311
H197,P0312
H197,P0313
H197,P0314
H197,P0315
H197,P0316
H197,P0318
H197,P0320
H197,P0321
H197,P0323
H197,P0324
H197,P0325
H197,P0326
H197,P0327
H197,P0329
H197,P0330
H197,P0332
H197,P0333
H197,P0334
H197,P0335
H197,P0336
H197,P0337
H197,P0338
H197,P0339
H197,P0341
H197,P0343
H197,P0344
H197,P0345
H197,P0346
H197,P0347
H197,P0353
H197,P0354
H197,P0355
H197,P0356
H197,P0357
H197,P0358
H197,P0359
H197,P0360
H197,P0361
H197,P0362
H197,P0363
H197,P0366
H197,P0367
H197,P0368
H197,P0369
H197,P0370
H197,P0372
H197,P0374
H197,P0375
H197,P0376
H197,P0379
H197,P0380
H197,P0381
H197,P0382
H197,P0384
H197,P0385
H197,P0386
H197,P0387
H197,P0389
H197,P0391
H197,P0393
H197,P0395
H197,P0396
H197,P0397
H197,P0398
H197,P0399
H197,P0400
H197,P0401
H197,P0402
H197,P0403
H197,P0404
H197,P0405
H197,P0406
H197,P0408
H197,P0409
H197,P0410
H197,P0412
H197,P0413
H197,P0415
H197,P0416
H197,P0417
H197,P0418
H197,P0420
H197,P0421
H197,P0422
H197,P0424
H197,P0425
H197,P0426
H197,P0427
H197,P0428
H197,P0432
H197,P0433
H197,P0434
H197,P0435
H197,P0436
H197,P0438
H197,P0439
H197,P0440
H197,P0443
H197,P0444
H197,P0446
H197,P0447
H197,P0448
H197,P0450
H197,P0451
H197,P0453
H197,P0454
H197,P0455
H197,P0459
H197,P0461
H197,P0463
H197,P0464
H197,P0465
H197,P0466
H197,P0467
H197,P0468
H197,P0469
H197,P0471
H197,P0472
H197,P0473
H197,P0477
H197,P0478
H197,P0479
H197,P0480
H197,P0481
H197,P0482
H197,P0483
H197,P0484
H197,P0485
H197,P0486
H197,P0488
H197,P0489
H197,P0490
H197,P0492
H197,P0493
H197,P0494
H197,P0495
H197,P0497
H197,P0498
H197,P0499
H197,P0501
H197,P0502
H197,P0506
H197,P0507
H197,P0508
H197,P0509
H197,P0510
H197,P0511
H197,P0513
H197,P0515
H197,P0516
H197,P0518
H197,P0519
H197,P0520
H197,P0521
H197,P0522
H197,P0524
H197,P0526
H197,P0527
H197,P0529
H197,P0531
H197,P0532
H197,P0533
H197,P0534
H197,P0535
H197,P0536
H197,P0537
H197,P0539
H197,P0540
H197,P0541
H197,P0542
H197,P0543
H197,P0544
H197,P0545
H197,P0546
H197,P0547
H197,P0548
H197,P0549
H197,P0550
H197,P0552
H197,P0553
H197,P0555
H197,P0556
H197,P0557
H197,P0558
H197,P0559
H197,P0560
H197,P0561
H197,P0562
H197,P0563
H197,P0564
H197,P0565
H197,P0566
H197,P0567
H197,P0570
H197,P0571
H197,P0572
H197,P0573
H197,P0574
H197,P0578
H197,P0579
H197,P0581
H197,P0586
H197,P0589
H197,P0590
H197,P0591
H197,P0593
H197,P0594
H197,P0595
H197,P0596
H197,P0597
H197,P0598
H197,P0599
H197,P0600
H198,P0002
H198,P0006
H198,P0008
H198,P0009
H198,P0010
H198,P0012
H198,P0014
H198,P0016
H198,P0017
H198,P0020
H198,P0021
H198,P0022
H198,P0027
H198,P0031
H198,P0033
H198,P0037
H198,P0038
H198,P0039
H198,P0040
H198,P0043
H198,P0045
H198,P0048
H198,P0050
H198,P0052
H198,P0059
H198,P0063
H198,P0064
H198,P0065
H198,P0069
H198,P0071
H198,P0075
H198,P0079
H198,P0080
H198,P0083
H198,P0086
H198,P0089
H198,P0090
H198,P0093
H198,P0095
H198,P0099
H198,P0100
H198,P0101
H198,P0108
H198,P0109
H198,P0110
H198,P0111
H198,P0114
H198,P0116
H198,P0117
H198,P0118
H198,P0121
H198,P0123
H198,P0125
H198,P0126
H198,P0128
H198,P0129
H198,P0130
H198,P0131
H198,P0132
H198,P0133
H198,P0134
H198,P0135
H198,P0138
H198,P0139
H198,P0140
H198,P0142
H198,P0143
H198,P0144
H198,P0147
H198,P0148
H198,P0149
H198,P0151
H198,P0152
H198,P0153
H198,P0155
H198,P0156
H198,P0157
H198,P0162
H198,P0163
H198,P0165
H198,P0166
H198,P0168
H198,P0172
H198,P0173
H198,P0176
H198,P0179
H198,P0183
H198,P0184
H198,P0185
H198,P0188
H198,P0190
H198,P0192
H198,P0193
H198,P0195
H198,P0198
H198,P0203
H198,P0204
H198,P0207
H198,P0208
H198,P0211
H198,P0212
H198,P0213
H198,P0214
H198,P0215
H198,P0218
H198,P0221
H198,P0222
H198,P0224
H198,P0226
H198,P0228
H198,P0229
H198,P0231
H198,P0232
H198,P0233
H198,P0235
H198,P0237
H198,P0238
H198,P0242
H198,P0243
H198,P0244
H198,P0245
H198,P0251
H198,P0254
H198,P0256
H198,P0257
H198,P0260
H198,P0261
H198,P0262
H198,P0263
H198,P0264
H198,P0265
H198,P0269
H198,P0270
H198,P0271
H198,P0273
H198,P0274
H198,P0276
H198,P0277
H198,P0279
H198,P0280
H198,P0281
H198,P0287
H198,P0289
H198,P0294
H198,P0295
H198,P0296
H198,P0297
H198,P0298
H198,P0299
H198,P0300
H198,P0302
H198,P0305
H198,P0309
H198,P0310
H198,P0312
H198,P0315
H198,P0317
H198,P0320
H198,P0321
H198,P0323
H198,P0324
H198,P0325
H198,P0326
H198,P0327
H198,P0329
H198,P0330
H198,P0336
H198,P0338
H198,P0339
H198,P0340
H198,P0341
H198,P0342
H198,P0343
H198,P0344
H198,P0345
H198,P0346
H198,P0347
H198,P0352
H198,P0353
H198,P0355
H198,P0356
H198,P0357
H198,P0358
H198,P0359
H198,P0360
H198,P0362
H198,P0363
H198,P0364
H198,P0366
H198,P0367
H198,P0368
H198,P0369
H198,P0370
H198,P0372
H198,P0373
H198,P0374
H198,P0375
H198,P0376
H198,P0377
H198,P0378
H198,P0379
H198,P0380
H198,P0381
H198,P0387
H198,P0388
H198,P0389
H198,P0390
H198,P0391
H198,P0394
H198,P0395
H198,P0396
H198,P0397
H198,P0398
H198,P0399
H198,P0401
H198,P0402
H198,P0404
H198,P0405
H198,P0408
H198,P0410
H198,P0414
H198,P0417
H198,P0420
H198,P0421
H198,P0424
H198,P0425
H198,P0427
H198,P0428
H198,P0429
H198,P0430
H198,P0433
H198,P0434
H198,P0438
H198,P0439
H198,P0444
H198,P0445
H198,P0447
H198,P0450
H198,P0451
H198,P0453
H198,P0456
H198,P0461
H198,P0462
H198,P0465
H198,P0466
H198,P0470
H198,P0471
H198,P0473
H198,P0477
H198,P0478
H198,P0479
H198,P0482
H198,P0483
H198,P0484
H198,P0485
H198,P0486
H198,P0487
H198,P0489
H198,P0490
H198,P0492
H198,P0495
H198,P0496
H198,P0498
H198,P0499
H198,P0500
H198,P0502
H198,P0505
H198,P0506
H198,P0511
H198,P0514
H198,P0516
H198,P0518
H198,P0520
H198,P0521
H198,P0522
H198,P0523
H198,P0525
H198,P0527
H198,P0532
H198,P0533
H198,P0537
H198,P0539
H198,P0540
H198,P0541
H198,P0543
H198,P0544
H198,P0545
H198,P0547
H198,P0549
H198,P0551
H198,P0553
H198,P0555
H198,P0556
H198,P0558
H198,P0561
H198,P0563
H198,P0564
H198,P0565
H198,P0567
H198,P0568
H198,P0569
H198,P0570
H198,P0572
H198,P0573
H198,P0575
H198,P0577
H198,P0579
H198,P0580
H198,P0582
H198,P0584
H198,P0589
H198,P0590
H198,P0591
H198,P0592
H198,P0593
H198,P0596
H198,P0598
H198,P0599
H198,P0600
H199,P0001
H199,P0002
H199,P0004
H199,P0005
H199,P0006
H199,P0007
H199,P0008
H199,P0010
H199,P0012
H199,P0013
H199,P0014
H199,P0017
H199,P0018
H199,P0019
H199,P0020
H199,P0021
H199,P0022
H199,P0024
H199,P0025
H199,P0026
H199,P0027
H199,P0028
H199,P0032
H199,P0033
H199,P0035
H199,P0036
H199,P0037
H199,P0038
H199,P0039
H199,P0043
H199,P0045
H199,P0046
H199,P0047
H199,P0048
H199,P0049
H199,P0050
H199,P0054
H199,P0055
H199,P0056
H199,P0058
H199,P0061
H199,P0062
H199,P0063
H199,P0064
H199,P0065
H199,P0069
H199,P0070
H199,P0071
H199,P0072
H199,P0073
H199,P0074
H199,P0079
H199,P0081
H199,P0082
H199,P0083
H199,P0084
H199,P0085
H199,P0086
H199,P0087
H199,P0088
H199,P0092
H199,P0093
H199,P0094
H199,P0096
H199,P0097
H199,P0098
H199,P0099
H199,P0100
H199,P0102
H199,P0103
H199,P0104
H199,P0105
H199,P0106
H199,P0107
H199,P0108
H199,P0109
H199,P0110
H199,P0111
H199,P0112
H199,P0113
H199,P0114
H199,P0115
H199,P0116
H199,P0117
H199,P0118
H199,P0121
H199,P0122
H199,P0123
H199,P0124
H199,P0125
H199,P0126
H199,P0127
H199,P0128
H199,P0129
H199,P0130
H199,P0131
H199,P0132
H199,P0135
H199,P0136
H199,P0139
H199,P0140
H199,P0142
H199,P0143
H199,P0144
H199,P0146
H199,P0147
H199,P0149
H199,P0150
H199,P0151
H199,P0152
H199,P0153
H199,P0154
H199,P0155
H199,P0156
H199,P0157
H199,P0158
H199,P0160
H199,P0161
H199,P0162
H199,P0163
H199,P0164
H199,P0165
H199,P0166
H199,P0167
H199,P0168
H199,P0169
H199,P0170
H199,P0171
H199,P0172
H199,P0174
H199,P0176
H199,P0177
H199,P0178
H199,P0179
H199,P0180
H199,P0181
H199,P0183
H199,P0184
H199,P0185
H199,P0186
H199,P0188
H199,P0189
H199,P0190
H199,P0191
H199,P0192
H199,P0193
H199,P0195
H199,P0196
H199,P0197
H199,P0198
H199,P0200
H199,P0201
H199,P0202
H199,P0203
H199,P0204
H199,P0205
H199,P0208
H199,P0209
H199,P0210
H199,P0211
H199,P0212
H199,P0213
H199,P0214
H199,P0216
H199,P0218
H199,P0219
H199,P0220
H199,P0222
H199,P0224
H199,P0226
H199,P0227
H199,P0229
H199,P0230
H199,P0231
H199,P0235
H199,P0236
H199,P0238
H199,P0239
H199,P0241
H199,P0243
H199,P0244
H199,P0245
H199,P0246
H199,P0249
H199,P0250
H199,P0251
H199,P0252
H199,P0254
H199,P0255
H199,P0256
H199,P0257
H199,P0258
H199,P0259
H199,P0261
H199,P0262
H199,P0264
H199,P0265
H199,P0268
H199,P0269
H199,P0270
H199,P0271
H199,P0272
H199,P0273
H199,P0275
H199,P0276
H199,P0277
H199,P0278
H199,P0279
H199,P0280
H199,P0281
H199,P0282
H199,P0285
H199,P0286
H199,P0287
H199,P0288
H199,P0289
H199,P0290
H199,P0293
H199,P0295
H199,P0297
H199,P0298
H199,P0299
H199,P0301
H199,P0302
H199,P0303
H199,P0304
H199,P0305
H199,P0306
H199,P0307
H199,P0308
H199,P0309
H199,P0310
H199,P0311
H199,P0312
H199,P0313
H199,P0314
H199,P0315
H199,P0316
H199,P0317
H199,P0318
H199,P0319
H199,P0320
H199,P0321
H199,P0322
H199,P0324
H199,P0325
H199,P0326
H199,P0327
H199,P0328
H199,P0329
H199,P0330
H199,P0331
H199,P0332
H199,P0333
H199,P0334
H199,P0335
H199,P0336
H199,P0337
H199,P0338
H199,P0339
H199,P0340
H199,P0341
H199,P0342
H199,P0344
H199,P0345
H199,P0347
H199,P0348
H199,P0349
H199,P0351
H199,P0352
H199,P0353
H199,P0354
H199,P0355
H199,P0356
H199,P0357
H199,P0358
H199,P0359
H199,P0360
H199,P0361
H199,P0362
H199,P0363
H199,P0364
H199,P0366
H199,P0367
H199,P0368
H199,P0369
H199,P0370
H199,P0371
H199,P0372
H199,P0373
H199,P0374
H199,P0375
H199,P0377
H199,P0378
H199,P0379
H199,P0380
H199,P0381
H199,P0383
H199,P0384
H199,P0385
H199,P0388
H199,P0391
H199,P0393
H199,P0394
H199,P0395
H199,P0396
H199,P0397
H199,P0398
H199,P0400
H199,P0401
H199,P0404
H199,P0405
H199,P0406
H199,P0408
H199,P0409
H199,P0410
H199,P0411
H199,P0413
H199,P0414
H199,P0416
H199,P0417
H199,P0418
H199,P0419
H199,P0420
H199,P0421
H199,P0422
H199,P0423
H199,P0424
H199,P0425
H199,P0427
H199,P0430
H199,P0431
H199,P0432
H199,P0433
H199,P0434
H199,P0435
H199,P0436
H199,P0439
H199,P0441
H199,P0442
H199,P0443
H199,P0444
H199,P0445
H199,P0446
H199,P0447
H199,P0448
H199,P0449
H199,P0450
H199,P0451
H199,P0454
H199,P0455
H199,P0459
H199,P0461
H199,P0462
H199,P0463
H199,P0464
H199,P0465
H199,P0471
H199,P0472
H199,P0473
H199,P0474
H199,P0477
H199,P0478
H199,P0479
H199,P0480
H199,P0481
H199,P0484
H199,P0485
H199,P0486
H199,P0487
H199,P0488
H199,P0489
H199,P0490
H199,P0491
H199,P0492
H199,P0495
H199,P0496
H199,P0497
H199,P0499
H199,P0500
H199,P0502
H199,P0503
H199,P0505
H199,P0506
H199,P0507
H199,P0508
H199,P0510
H199,P0511
H199,P0512
H199,P0514
H199,P0515
H199,P0516
H199,P0517
H199,P0518
H199,P0519
H199,P0520
H199,P0521
H199,P0522
H199,P0523
H199,P0524
H199,P0525
H199,P0527
H199,P0529
H199,P0530
H199,P0531
H199,P0532
H199,P0533
H199,P0534
H199,P0535
H199,P0536
H199,P0537
H199,P0538
H199,P0539
H199,P0540
H199,P0541
H199,P0543
H199,P0544
H199,P0546
H199,P0547
H199,P0548
H199,P0549
H199,P0550
H199,P0551
H199,P0552
H199,P0553
H199,P0554
H199,P0556
H199,P0557
H199,P0561
H199,P0562
H199,P0563
H199,P0565
H199,P0566
H199,P0567
H199,P0568
H199,P0569
H199,P0570
H199,P0571
H199,P0572
H199,P0573
H199,P0574
H199,P0575
H199,P0576
H199,P0577
H199,P0578
H199,P0579
H199,P0580
H199,P0582
H199,P0584
H199,P0585
H199,P0588
H199,P0589
H199,P0590
H199,P0592
H199,P0593
H199,P0594
H199,P0595
H199,P0596
H199,P0597
H199,P0599
H200,P0002
H200,P0003
H200,P0004
H200,P0005
H200,P0006
H200,P0007
H200,P0008
H200,P0009
H200,P0010
H200,P0011
H200,P0013
H200,P0014
H200,P0015
H200,P0016
H200,P0017
H200,P0018
H200,P0020
H200,P0021
H200,P0022
H200,P0023
H200,P0026
H200,P0027
H200,P0030
H200,P0031
H200,P0033
H200,P0034
H200,P0035
H200,P0037
H200,P0039
H200,P0041
H200,P0043
H200,P0045
H200,P0046
H200,P0047
H200,P0048
H200,P0049
H200,P0052
H200,P0055
H200,P0057
H200,P0058
H200,P0060
H200,P0062
H200,P0063
H200,P0064
H200,P0065
H200,P0066
H200,P0068
H200,P0070
H200,P0071
H200,P0072
H200,P0073
H200,P0074
H200,P0075
H200,P0076
H200,P0079
H200,P0081
H200,P0082
H200,P0083
H200,P0084
H200,P0088
H200,P0090
H200,P0092
H200,P0093
H200,P0094
H200,P0097
H200,P0100
H200,P0101
H200,P0102
H200,P0103
H200,P0104
H200,P0105
H200,P0106
H200,P0108
H200,P0110
H200,P0111
H200,P0112
H200,P0113
H200,P0114
H200,P0116
H200,P0117
H200,P0119
H200,P0121
H200,P0124
H200,P0125
H200,P0126
H200,P0127
H200,P0128
H200,P0129
H200,P0130
H200,P0131
H200,P0132
H200,P0133
H200,P0134
H200,P0135
H200,P0136
H200,P0138
H200,P0139
H200,P0142
H200,P0143
H200,P0144
H200,P0146
H200,P0147
H200,P0148
H200,P0149
H200,P0150
H200,P0151
H200,P0152
H200,P0153
H200,P0155
H200,P0156
H200,P0157
H200,P0158
H200,P0161
H200,P0163
H200,P0164
H200,P0165
H200,P0166
H200,P0168
H200,P0169
H200,P0171
H200,P0172
H200,P0174
H200,P0177
H200,P0178
H200,P0179
H200,P0180
H200,P0181
H200,P0183
H200,P0184
H200,P0188
H200,P0190
H200,P0193
H200,P0194
H200,P0195
H200,P0196
H200,P0197
H200,P0199
H200,P0200
H200,P0201
H200,P0202
H200,P0203
H200,P0205
H200,P0207
H200,P0209
H200,P0210
H200,P0211
H200,P0212
H200,P0213
H200,P0215
H200,P0217
H200,P0218
H200,P0219
H200,P0220
H200,P0221
H200,P0222
H200,P0224
H200,P0226
H200,P0229
H200,P0230
H200,P0232
H200,P0235
H200,P0236
H200,P0237
H200,P0238
H200,P0239
H200,P0240
H200,P0242
H200,P0243
H200,P0244
H200,P0245
H200,P0246
H200,P0250
H200,P0251
H200,P0254
H200,P0255
H200,P0256
H200,P0257
H200,P0258
H200,P0259
H200,P0261
H200,P0263
H200,P0264
H200,P0265
H200,P0269
H200,P0271
H200,P0272
H200,P0273
H200,P0274
H200,P0275
H200,P0276
H200,P0277
H200,P0278
H200,P0279
H200,P0280
H200,P0283
H200,P0286
H200,P0287
H200,P0288
H200,P0289
H200,P0291
H200,P0292
H200,P0293
H200,P0294
H200,P0295
H200,P0298
H200,P0299
H200,P0300
H200,P0301
H200,P0303
H200,P0306
H200,P0307
H200,P0309
H200,P0310
H200,P0312
H200,P0313
H200,P0314
H200,P0315
H200,P0317
H200,P0318
H200,P0319
H200,P0320
H200,P0321
H200,P0323
H200,P0324
H200,P0325
H200,P0327
H200,P0328
H200,P0330
H200,P0331
H200,P0332
H200,P0334
H200,P0335
H200,P0337
H200,P0338
H200,P0342
H200,P0343
H200,P0344
H200,P0345
H200,P0346
H200,P0347
H200,P0348
H200,P0349
H200,P0351
H200,P0352
H200,P0353
H200,P0354
H200,P0355
H200,P0357
H200,P0358
H200,P0359
H200,P0360
H200,P0361
H200,P0362
H200,P0364
H200,P0366
H200,P0367
H200,P0368
H200,P0369
H200,P0371
H200,P0372
H200,P0373
H200,P0374
H200,P0375
H200,P0376
H200,P0377
H200,P0379
H200,P0380
H200,P0381
H200,P0383
H200,P0384
H200,P0392
H200,P0393
H200,P0394
H200,P0395
H200,P0397
H200,P0398
H200,P0400
H200,P0401
H200,P0402
H200,P0404
H200,P0405
H200,P0406
H200,P0408
H200,P0409
H200,P0410
H200,P0411
H200,P0413
H200,P0414
H200,P0416
H200,P0417
H200,P0420
H200,P0421
H200,P0422
H200,P0424
H200,P0427
H200,P0430
H200,P0431
H200,P0432
H200,P0433
H200,P0434
H200,P0435
H200,P0437
H200,P0438
H200,P0439
H200,P0440
H200,P0441
H200,P0442
H200,P0445
H200,P0447
H200,P0448
H200,P0450
H200,P0451
H200,P0453
H200,P0454
H200,P0455
H200,P0456
H200,P0458
H200,P0459
H200,P0460
H200,P0461
H200,P0463
H200,P0464
H200,P0465
H200,P0466
H200,P0469
H200,P0471
H200,P0472
H200,P0473
H200,P0474
H200,P0477
H200,P0479
H200,P0480
H200,P0481
H200,P0482
H200,P0483
H200,P0484
H200,P0485
H200,P0487
H200,P0488
H200,P0490
H200,P0492
H200,P0494
H200,P0496
H200,P0497
H200,P0498
H200,P0500
H200,P0502
H200,P0503
H200,P0505
H200,P0506
H200,P0508
H200,P0509
H200,P0511
H200,P0512
H200,P0513
H200,P0514
H200,P0515
H200,P0516
H200,P0517
H200,P0518
H200,P0519
H200,P0520
H200,P0521
H200,P0523
H200,P0524
H200,P0526
H200,P0527
H200,P0529
H200,P0530
H200,P0531
H200,P0532
H200,P0534
H200,P0536
H200,P0537
H200,P0539
H200,P0540
H200,P0541
H200,P0542
H200,P0543
H200,P0544
H200,P0545
H200,P0546
H200,P0547
H200,P0549
H200,P0550
H200,P0551
H200,P0553
H200,P0557
H200,P0558
H200,P0561
H200,P0562
H200,P0563
H200,P0564
H200,P0568
H200,P0569
H200,P0570
H200,P0571
H200,P0573
H200,P0574
H200,P0575
H200,P0576
H200,P0578
H200,P0579
H200,P0580
H200,P0584
H200,P0585
H200,P0588
H200,P0590
H200,P0593
H200,P0596
H200,P0597
H200,P0598
H200,P0599
H200,P0600
