t_seconds,phase,depth,rss_mb,batch_id
0.0004,data_load,1,103.281,
0.0639,data_load,1,109.625,
0.0643,batch_build,1,109.625,
0.0952,batch_build,1,110.371,
0.1007,preflight,1,110.371,
0.5285,preflight.pyqubo_express,2,129.891,
0.5286,preflight.pyqubo_express,2,129.891,
0.5941,preflight.pyqubo_express,2,130.406,
0.5943,preflight.pyqubo_compile,2,130.406,
0.6407,preflight.pyqubo_compile,2,187.789,
0.6482,preflight.to_qubo,2,187.789,
0.6966,preflight.to_qubo,2,198.016,
0.7335,preflight,1,194.688,
0.8039,solve,1,195.406,
1.0541,solve,1,195.406,
1.2234,solve.pyqubo_express,2,196.438,
1.3035,solve.pyqubo_express,2,196.695,
1.3037,solve.pyqubo_compile,2,196.695,
1.3534,solve.pyqubo_compile,2,254.332,
1.3621,solve.to_qubo,2,254.332,
1.4104,solve.to_qubo,2,261.809,
1.4123,solve,1,261.809,
1.4133,solve,1,261.809,
1.4140,solve.va_model_build,2,261.809,
2.1143,solve.va_model_build,2,262.582,
2.1258,solve.va_model_build,2,326.262,
2.1261,solve.va_sample,2,326.262,
2.6146,solve.va_sample,2,326.520,
3.1149,solve.va_sample,2,326.520,
3.6151,solve.va_sample,2,326.520,
4.1154,solve.va_sample,2,326.520,
4.6156,solve.va_sample,2,326.520,
5.1159,solve.va_sample,2,326.520,
5.6161,solve.va_sample,2,326.520,
6.1163,solve.va_sample,2,326.520,
6.6166,solve.va_sample,2,326.520,
7.1168,solve.va_sample,2,326.520,
7.6170,solve.va_sample,2,326.520,
8.1173,solve.va_sample,2,326.520,
8.6175,solve.va_sample,2,326.520,
9.1178,solve.va_sample,2,326.520,
9.6180,solve.va_sample,2,326.520,
10.1182,solve.va_sample,2,326.520,
10.6185,solve.va_sample,2,326.520,
11.1187,solve.va_sample,2,326.520,
11.6190,solve.va_sample,2,326.520,
12.1192,solve.va_sample,2,326.520,
12.6195,solve.va_sample,2,326.520,
13.1197,solve.va_sample,2,326.520,
13.6199,solve.va_sample,2,326.520,
14.1202,solve.va_sample,2,326.520,
14.6204,solve.va_sample,2,326.520,
15.1207,solve.va_sample,2,326.520,
15.6209,solve.va_sample,2,326.520,
16.1211,solve.va_sample,2,326.520,
16.6214,solve.va_sample,2,326.520,
17.1216,solve.va_sample,2,326.520,
17.6219,solve.va_sample,2,326.520,
18.1221,solve.va_sample,2,326.520,
18.6223,solve.va_sample,2,326.520,
19.1226,solve.va_sample,2,326.520,
19.6228,solve.va_sample,2,326.520,
20.1230,solve.va_sample,2,326.520,
20.6233,solve.va_sample,2,326.520,
21.1235,solve.va_sample,2,326.520,
21.6238,solve.va_sample,2,326.520,
22.1240,solve.va_sample,2,326.520,
22.6243,solve.va_sample,2,326.520,
23.1245,solve.va_sample,2,326.520,
23.6247,solve.va_sample,2,326.520,
24.1250,solve.va_sample,2,326.520,
24.6252,solve.va_sample,2,326.520,
25.1254,solve.va_sample,2,326.520,
25.6257,solve.va_sample,2,326.520,
26.1259,solve.va_sample,2,326.520,
26.6261,solve.va_sample,2,326.520,
27.1264,solve.va_sample,2,326.520,
27.6266,solve.va_sample,2,326.520,
28.1268,solve.va_sample,2,326.520,
28.6270,solve.va_sample,2,326.520,
29.1273,solve.va_sample,2,326.520,
29.6275,solve.va_sample,2,326.520,
30.1277,solve.va_sample,2,326.520,
30.6280,solve.va_sample,2,326.520,
31.1282,solve.va_sample,2,326.520,
31.6285,solve.va_sample,2,326.520,
32.1287,solve.va_sample,2,326.520,
32.6289,solve.va_sample,2,326.520,
33.1292,solve.va_sample,2,326.520,
33.6294,solve.va_sample,2,326.520,
34.1296,solve.va_sample,2,326.520,
34.6299,solve.va_sample,2,326.520,
35.1301,solve.va_sample,2,326.520,
35.6303,solve.va_sample,2,326.520,
36.1306,solve.va_sample,2,326.520,
36.6308,solve.va_sample,2,326.520,
37.1310,solve.va_sample,2,326.520,
37.6313,solve.va_sample,2,326.520,
38.1315,solve.va_sample,2,326.520,
38.6317,solve.va_sample,2,326.520,
39.1320,solve.va_sample,2,326.520,
39.6322,solve.va_sample,2,326.520,
40.1324,solve.va_sample,2,326.520,
40.6327,solve.va_sample,2,326.520,
41.1329,solve.va_sample,2,326.520,
41.6332,solve.va_sample,2,326.520,
42.1334,solve.va_sample,2,326.520,
42.6336,solve.va_sample,2,326.520,
43.1339,solve.va_sample,2,326.520,
43.6341,solve.va_sample,2,326.520,
44.1344,solve.va_sample,2,326.520,
44.6346,solve.va_sample,2,326.520,
45.1348,solve.va_sample,2,326.520,
45.6351,solve.va_sample,2,326.520,
46.1353,solve.va_sample,2,326.520,
46.6355,solve.va_sample,2,326.520,
47.1358,solve.va_sample,2,326.520,
47.6360,solve.va_sample,2,326.520,
48.1362,solve.va_sample,2,326.520,
48.6365,solve.va_sample,2,326.520,
49.1367,solve.va_sample,2,326.520,
49.6369,solve.va_sample,2,326.520,
50.1372,solve.va_sample,2,326.520,
50.6374,solve.va_sample,2,326.520,
51.1376,solve.va_sample,2,326.520,
51.6379,solve.va_sample,2,326.520,
52.1381,solve.va_sample,2,326.520,
52.6384,solve.va_sample,2,326.520,
53.1386,solve.va_sample,2,326.520,
53.6388,solve.va_sample,2,326.520,
54.1391,solve.va_sample,2,326.520,
54.6393,solve.va_sample,2,326.520,
55.1396,solve.va_sample,2,326.520,
55.6398,solve.va_sample,2,326.520,
56.1401,solve.va_sample,2,326.520,
56.6403,solve.va_sample,2,326.520,
57.1406,solve.va_sample,2,326.520,
57.6408,solve.va_sample,2,326.520,
58.1411,solve.va_sample,2,326.520,
58.6413,solve.va_sample,2,326.520,
59.1415,solve.va_sample,2,326.520,
59.6418,solve.va_sample,2,326.520,
60.1420,solve.va_sample,2,326.520,
60.6423,solve.va_sample,2,326.520,
61.1425,solve.va_sample,2,326.520,
61.6428,solve.va_sample,2,326.520,
62.1430,solve.va_sample,2,326.520,
62.6433,solve.va_sample,2,326.520,
63.1435,solve.va_sample,2,326.520,
63.6437,solve.va_sample,2,326.520,
64.1440,solve.va_sample,2,326.520,
64.6442,solve.va_sample,2,326.520,
65.1445,solve.va_sample,2,326.520,
65.6447,solve.va_sample,2,326.520,
66.1449,solve.va_sample,2,326.520,
66.6452,solve.va_sample,2,326.520,
67.1454,solve.va_sample,2,326.520,
67.6456,solve.va_sample,2,326.520,
68.1459,solve.va_sample,2,326.520,
68.6461,solve.va_sample,2,326.520,
69.1464,solve.va_sample,2,326.520,
69.6467,solve.va_sample,2,326.520,
70.1469,solve.va_sample,2,326.520,
70.6471,solve.va_sample,2,326.520,
71.1474,solve.va_sample,2,326.520,
71.6477,solve.va_sample,2,326.520,
72.1479,solve.va_sample,2,326.520,
72.6482,solve.va_sample,2,326.520,
73.1484,solve.va_sample,2,326.520,
73.6487,solve.va_sample,2,326.520,
74.1489,solve.va_sample,2,326.520,
74.6491,solve.va_sample,2,326.520,
75.1494,solve.va_sample,2,326.520,
75.6496,solve.va_sample,2,326.520,
76.1499,solve.va_sample,2,326.520,
76.6501,solve.va_sample,2,326.520,
77.1504,solve.va_sample,2,326.520,
77.6506,solve.va_sample,2,326.520,
78.1508,solve.va_sample,2,326.520,
78.6511,solve.va_sample,2,326.520,
79.1513,solve.va_sample,2,326.520,
79.6515,solve.va_sample,2,326.520,
80.1518,solve.va_sample,2,326.520,
80.6520,solve.va_sample,2,326.520,
81.1523,solve.va_sample,2,326.520,
81.6525,solve.va_sample,2,326.520,
82.1528,solve.va_sample,2,326.520,
82.6530,solve.va_sample,2,326.520,
83.1533,solve.va_sample,2,326.520,
83.6535,solve.va_sample,2,326.520,
84.1537,solve.va_sample,2,326.520,
84.6540,solve.va_sample,2,326.520,
85.1542,solve.va_sample,2,326.520,
85.6545,solve.va_sample,2,326.520,
86.1547,solve.va_sample,2,326.520,
86.6549,solve.va_sample,2,326.520,
87.1552,solve.va_sample,2,326.520,
87.6554,solve.va_sample,2,326.520,
88.1557,solve.va_sample,2,326.520,
88.6559,solve.va_sample,2,326.520,
89.1561,solve.va_sample,2,326.520,
89.6564,solve.va_sample,2,326.520,
90.1566,solve.va_sample,2,326.520,
90.6568,solve.va_sample,2,326.520,
91.1571,solve.va_sample,2,326.520,
91.6573,solve.va_sample,2,326.520,
92.1576,solve.va_sample,2,326.520,
92.6578,solve.va_sample,2,326.520,
93.1581,solve.va_sample,2,326.520,
93.6583,solve.va_sample,2,326.520,
94.1586,solve.va_sample,2,326.520,
94.6588,solve.va_sample,2,326.520,
95.1591,solve.va_sample,2,326.520,
95.6594,solve.va_sample,2,326.520,
96.1596,solve.va_sample,2,326.520,
96.6599,solve.va_sample,2,326.520,
97.1601,solve.va_sample,2,326.520,
97.6604,solve.va_sample,2,326.520,
98.1606,solve.va_sample,2,326.520,
98.6609,solve.va_sample,2,326.520,
99.1611,solve.va_sample,2,326.520,
99.6613,solve.va_sample,2,326.520,
100.1616,solve.va_sample,2,326.520,
100.6618,solve.va_sample,2,326.520,
101.1621,solve.va_sample,2,326.520,
101.6623,solve.va_sample,2,326.520,
102.1626,solve.va_sample,2,326.520,
102.6628,solve.va_sample,2,326.520,
103.1631,solve.va_sample,2,326.520,
103.6633,solve.va_sample,2,326.520,
104.1636,solve.va_sample,2,326.520,
104.6638,solve.va_sample,2,326.520,
105.1641,solve.va_sample,2,326.520,
105.6643,solve.va_sample,2,326.520,
106.1645,solve.va_sample,2,326.520,
106.6648,solve.va_sample,2,326.520,
107.1651,solve.va_sample,2,326.520,
107.6653,solve.va_sample,2,326.520,
108.1656,solve.va_sample,2,326.520,
108.6658,solve.va_sample,2,326.520,
109.1661,solve.va_sample,2,326.520,
109.6663,solve.va_sample,2,326.520,
110.1666,solve.va_sample,2,326.520,
110.6668,solve.va_sample,2,326.520,
111.1670,solve.va_sample,2,326.520,
111.6673,solve.va_sample,2,326.520,
112.1676,solve.va_sample,2,326.520,
112.6678,solve.va_sample,2,326.520,
113.1680,solve.va_sample,2,326.520,
113.6683,solve.va_sample,2,326.520,
114.1685,solve.va_sample,2,326.520,
114.6688,solve.va_sample,2,326.520,
115.1690,solve.va_sample,2,326.520,
115.6693,solve.va_sample,2,326.520,
116.1696,solve.va_sample,2,326.520,
116.6698,solve.va_sample,2,326.520,
117.1701,solve.va_sample,2,326.520,
117.6703,solve.va_sample,2,326.520,
118.1706,solve.va_sample,2,326.520,
118.6708,solve.va_sample,2,326.520,
119.1711,solve.va_sample,2,326.520,
119.6713,solve.va_sample,2,326.520,
120.1716,solve.va_sample,2,326.520,
120.6718,solve.va_sample,2,326.520,
121.1720,solve.va_sample,2,326.520,
121.6723,solve.va_sample,2,326.520,
122.1726,solve.va_sample,2,326.520,
122.6728,solve.va_sample,2,326.520,
123.1731,solve.va_sample,2,326.520,
123.6733,solve.va_sample,2,326.520,
124.1736,solve.va_sample,2,326.520,
124.6738,solve.va_sample,2,326.520,
125.1741,solve.va_sample,2,326.520,
125.6743,solve.va_sample,2,326.520,
126.1746,solve.va_sample,2,326.520,
126.6748,solve.va_sample,2,326.520,
127.1750,solve.va_sample,2,326.520,
127.6753,solve.va_sample,2,326.520,
128.1755,solve.va_sample,2,326.520,
128.6757,solve.va_sample,2,326.520,
129.1760,solve.va_sample,2,326.520,
129.6762,solve.va_sample,2,326.520,
130.1764,solve.va_sample,2,326.520,
130.6767,solve.va_sample,2,326.520,
131.1769,solve.va_sample,2,326.520,
131.6772,solve.va_sample,2,326.520,
132.1775,solve.va_sample,2,326.520,
132.6777,solve.va_sample,2,326.520,
133.1779,solve.va_sample,2,326.520,
133.6782,solve.va_sample,2,326.520,
134.1784,solve.va_sample,2,326.520,
134.6786,solve.va_sample,2,326.520,
135.1789,solve.va_sample,2,326.520,
135.6791,solve.va_sample,2,326.520,
136.1794,solve.va_sample,2,326.520,
136.6796,solve.va_sample,2,326.520,
137.1799,solve.va_sample,2,326.520,
137.6801,solve.va_sample,2,326.520,
138.1803,solve.va_sample,2,326.520,
138.6806,solve.va_sample,2,326.520,
139.1808,solve.va_sample,2,326.520,
139.6811,solve.va_sample,2,326.520,
140.1813,solve.va_sample,2,326.520,
140.6815,solve.va_sample,2,326.520,
141.1818,solve.va_sample,2,326.520,
141.6820,solve.va_sample,2,326.520,
142.1823,solve.va_sample,2,326.520,
142.6825,solve.va_sample,2,326.520,
143.1828,solve.va_sample,2,326.520,
143.6830,solve.va_sample,2,326.520,
144.1832,solve.va_sample,2,326.520,
144.6835,solve.va_sample,2,326.520,
145.1837,solve.va_sample,2,326.520,
145.6840,solve.va_sample,2,326.520,
146.1842,solve.va_sample,2,326.520,
146.6844,solve.va_sample,2,326.520,
147.1847,solve.va_sample,2,326.520,
147.6849,solve.va_sample,2,326.520,
148.1851,solve.va_sample,2,326.520,
148.6854,solve.va_sample,2,326.520,
149.1856,solve.va_sample,2,326.520,
149.6858,solve.va_sample,2,326.520,
150.1861,solve.va_sample,2,326.520,
150.6863,solve.va_sample,2,326.520,
151.1866,solve.va_sample,2,326.520,
151.6868,solve.va_sample,2,326.520,
152.1871,solve.va_sample,2,326.520,
152.6873,solve.va_sample,2,326.520,
153.1876,solve.va_sample,2,326.520,
153.6878,solve.va_sample,2,326.520,
154.1880,solve.va_sample,2,326.520,
154.6883,solve.va_sample,2,326.520,
155.1885,solve.va_sample,2,326.520,
155.6888,solve.va_sample,2,326.520,
156.1890,solve.va_sample,2,326.520,
156.6892,solve.va_sample,2,326.520,
157.1895,solve.va_sample,2,326.520,
157.6897,solve.va_sample,2,326.520,
158.1899,solve.va_sample,2,326.520,
158.6902,solve.va_sample,2,326.520,
159.1904,solve.va_sample,2,326.520,
159.6906,solve.va_sample,2,326.520,
160.1909,solve.va_sample,2,326.520,
160.6911,solve.va_sample,2,326.520,
161.1914,solve.va_sample,2,326.520,
161.6916,solve.va_sample,2,326.520,
162.1919,solve.va_sample,2,326.520,
162.6921,solve.va_sample,2,326.520,
163.1924,solve.va_sample,2,326.520,
163.6926,solve.va_sample,2,326.520,
164.1928,solve.va_sample,2,326.520,
164.6931,solve.va_sample,2,326.520,
165.1933,solve.va_sample,2,326.520,
165.6936,solve.va_sample,2,326.520,
166.1938,solve.va_sample,2,326.520,
166.6940,solve.va_sample,2,326.520,
167.1943,solve.va_sample,2,326.520,
167.6945,solve.va_sample,2,326.520,
168.1947,solve.va_sample,2,326.520,
168.6950,solve.va_sample,2,326.520,
169.1952,solve.va_sample,2,326.520,
169.6955,solve.va_sample,2,326.520,
170.1957,solve.va_sample,2,326.520,
170.6959,solve.va_sample,2,326.520,
171.1962,solve.va_sample,2,326.520,
171.6964,solve.va_sample,2,326.520,
172.1966,solve.va_sample,2,326.520,
172.6969,solve.va_sample,2,326.520,
173.1971,solve.va_sample,2,326.520,
173.6974,solve.va_sample,2,326.520,
174.1976,solve.va_sample,2,326.520,
174.6978,solve.va_sample,2,326.520,
175.1981,solve.va_sample,2,326.520,
175.6983,solve.va_sample,2,326.520,
176.1986,solve.va_sample,2,326.520,
176.6988,solve.va_sample,2,326.520,
177.1991,solve.va_sample,2,326.520,
177.6993,solve.va_sample,2,326.520,
178.1996,solve.va_sample,2,326.520,
178.6998,solve.va_sample,2,326.520,
179.2000,solve.va_sample,2,326.520,
179.7003,solve.va_sample,2,326.520,
180.2005,solve.va_sample,2,326.520,
180.7007,solve.va_sample,2,326.520,
181.2010,solve.va_sample,2,326.520,
181.7012,solve.va_sample,2,326.520,
182.2015,solve.va_sample,2,326.520,
182.7017,solve.va_sample,2,326.520,
183.2020,solve.va_sample,2,326.520,
183.7022,solve.va_sample,2,326.520,
184.2024,solve.va_sample,2,326.520,
184.7027,solve.va_sample,2,326.520,
185.2029,solve.va_sample,2,326.520,
185.7032,solve.va_sample,2,326.520,
186.2034,solve.va_sample,2,326.520,
186.7036,solve.va_sample,2,326.520,
187.2039,solve.va_sample,2,326.520,
187.7041,solve.va_sample,2,326.520,
188.2043,solve.va_sample,2,326.520,
188.7046,solve.va_sample,2,326.520,
189.2048,solve.va_sample,2,326.520,
189.7050,solve.va_sample,2,326.520,
190.2053,solve.va_sample,2,326.520,
190.7055,solve.va_sample,2,326.520,
191.2057,solve.va_sample,2,326.520,
191.7060,solve.va_sample,2,326.520,
192.2063,solve.va_sample,2,326.520,
192.7065,solve.va_sample,2,326.520,
193.2067,solve.va_sample,2,326.520,
193.7070,solve.va_sample,2,326.520,
194.2072,solve.va_sample,2,326.520,
194.7075,solve.va_sample,2,326.520,
195.2077,solve.va_sample,2,326.520,
195.7079,solve.va_sample,2,326.520,
196.2082,solve.va_sample,2,326.520,
196.7084,solve.va_sample,2,326.520,
197.2086,solve.va_sample,2,326.520,
197.7089,solve.va_sample,2,326.520,
198.2091,solve.va_sample,2,326.520,
198.7093,solve.va_sample,2,326.520,
199.2096,solve.va_sample,2,326.520,
199.7098,solve.va_sample,2,326.520,
200.2100,solve.va_sample,2,326.520,
200.7103,solve.va_sample,2,326.520,
201.2105,solve.va_sample,2,326.520,
201.7108,solve.va_sample,2,326.520,
202.2110,solve.va_sample,2,326.520,
202.7113,solve.va_sample,2,326.520,
203.2115,solve.va_sample,2,326.520,
203.7118,solve.va_sample,2,326.520,
204.2120,solve.va_sample,2,326.520,
204.7122,solve.va_sample,2,326.520,
205.2125,solve.va_sample,2,326.520,
205.7127,solve.va_sample,2,326.520,
206.2129,solve.va_sample,2,326.520,
206.7132,solve.va_sample,2,326.520,
207.2134,solve.va_sample,2,326.520,
207.7136,solve.va_sample,2,326.520,
208.2139,solve.va_sample,2,326.520,
208.7141,solve.va_sample,2,326.520,
209.2143,solve.va_sample,2,326.520,
209.7146,solve.va_sample,2,326.520,
210.2148,solve.va_sample,2,326.520,
210.7151,solve.va_sample,2,326.520,
211.2153,solve.va_sample,2,326.520,
211.7156,solve.va_sample,2,326.520,
212.2158,solve.va_sample,2,326.520,
212.7160,solve.va_sample,2,326.520,
213.2163,solve.va_sample,2,326.520,
213.7165,solve.va_sample,2,326.520,
214.2168,solve.va_sample,2,326.520,
214.7170,solve.va_sample,2,326.520,
215.2172,solve.va_sample,2,326.520,
215.7175,solve.va_sample,2,326.520,
216.2177,solve.va_sample,2,326.520,
216.7179,solve.va_sample,2,326.520,
217.2182,solve.va_sample,2,326.520,
217.7184,solve.va_sample,2,326.520,
218.2186,solve.va_sample,2,326.520,
218.7189,solve.va_sample,2,326.520,
219.2191,solve.va_sample,2,326.520,
219.7194,solve.va_sample,2,326.520,
220.2196,solve.va_sample,2,326.520,
220.7198,solve.va_sample,2,326.520,
221.2200,solve.va_sample,2,326.520,
221.7203,solve.va_sample,2,326.520,
222.2206,solve.va_sample,2,326.520,
222.7208,solve.va_sample,2,326.520,
223.2210,solve.va_sample,2,326.520,
223.7213,solve.va_sample,2,326.520,
224.2215,solve.va_sample,2,326.520,
224.7218,solve.va_sample,2,326.520,
225.2220,solve.va_sample,2,326.520,
225.7222,solve.va_sample,2,326.520,
226.2225,solve.va_sample,2,326.520,
226.7227,solve.va_sample,2,326.520,
227.2230,solve.va_sample,2,326.520,
227.7232,solve.va_sample,2,326.520,
228.2234,solve.va_sample,2,326.520,
228.7237,solve.va_sample,2,326.520,
229.2239,solve.va_sample,2,326.520,
229.7241,solve.va_sample,2,326.520,
230.2244,solve.va_sample,2,326.520,
230.7246,solve.va_sample,2,326.520,
231.2248,solve.va_sample,2,326.520,
231.7251,solve.va_sample,2,326.520,
232.2254,solve.va_sample,2,326.520,
232.7256,solve.va_sample,2,326.520,
233.2258,solve.va_sample,2,326.520,
233.7261,solve.va_sample,2,326.520,
234.2263,solve.va_sample,2,326.520,
234.7266,solve.va_sample,2,326.520,
235.2268,solve.va_sample,2,326.520,
235.7271,solve.va_sample,2,326.520,
236.2273,solve.va_sample,2,326.520,
236.7276,solve.va_sample,2,326.520,
237.2278,solve.va_sample,2,326.520,
237.7280,solve.va_sample,2,326.520,
238.2283,solve.va_sample,2,326.520,
238.7285,solve.va_sample,2,326.520,
239.2287,solve.va_sample,2,326.520,
239.7290,solve.va_sample,2,326.520,
240.2292,solve.va_sample,2,326.520,
240.7295,solve.va_sample,2,326.520,
241.2297,solve.va_sample,2,326.520,
241.7300,solve.va_sample,2,326.520,
242.2302,solve.va_sample,2,326.520,
242.7304,solve.va_sample,2,326.520,
243.2307,solve.va_sample,2,326.520,
243.7309,solve.va_sample,2,326.520,
244.2312,solve.va_sample,2,326.520,
244.7314,solve.va_sample,2,326.520,
245.2317,solve.va_sample,2,326.520,
245.7319,solve.va_sample,2,326.520,
246.2321,solve.va_sample,2,326.520,
246.7324,solve.va_sample,2,326.520,
247.2326,solve.va_sample,2,326.520,
247.7328,solve.va_sample,2,326.520,
248.2330,solve.va_sample,2,326.520,
248.7333,solve.va_sample,2,326.520,
249.2335,solve.va_sample,2,326.520,
249.7338,solve.va_sample,2,326.520,
250.2340,solve.va_sample,2,326.773,
250.7342,solve.va_sample,2,326.773,
251.2345,solve.va_sample,2,326.773,
251.7347,solve.va_sample,2,326.773,
252.2350,solve.va_sample,2,326.773,
252.7352,solve.va_sample,2,326.773,
253.2355,solve.va_sample,2,326.773,
253.7357,solve.va_sample,2,326.773,
254.2359,solve.va_sample,2,326.773,
254.7362,solve.va_sample,2,326.773,
255.2364,solve.va_sample,2,326.773,
255.7366,solve.va_sample,2,326.773,
256.2369,solve.va_sample,2,326.773,
256.7372,solve.va_sample,2,326.773,
257.2374,solve.va_sample,2,326.773,
257.7376,solve.va_sample,2,326.773,
258.2379,solve.va_sample,2,326.773,
258.7381,solve.va_sample,2,326.773,
259.2383,solve.va_sample,2,326.773,
259.7386,solve.va_sample,2,326.773,
260.2388,solve.va_sample,2,326.773,
260.7390,solve.va_sample,2,326.773,
261.2393,solve.va_sample,2,326.773,
261.7395,solve.va_sample,2,326.773,
262.2398,solve.va_sample,2,326.773,
262.7400,solve.va_sample,2,326.773,
263.2403,solve.va_sample,2,326.773,
263.7405,solve.va_sample,2,326.773,
264.2408,solve.va_sample,2,326.773,
264.7410,solve.va_sample,2,326.773,
265.2412,solve.va_sample,2,326.773,
265.7415,solve.va_sample,2,326.773,
266.2417,solve.va_sample,2,326.773,
266.7419,solve.va_sample,2,326.773,
267.2422,solve.va_sample,2,326.773,
267.7424,solve.va_sample,2,326.773,
268.2426,solve.va_sample,2,326.773,
268.7429,solve.va_sample,2,326.773,
269.2431,solve.va_sample,2,326.773,
269.7434,solve.va_sample,2,326.773,
270.2436,solve.va_sample,2,326.773,
270.7438,solve.va_sample,2,326.773,
271.2441,solve.va_sample,2,326.773,
271.7443,solve.va_sample,2,326.773,
272.2446,solve.va_sample,2,326.773,
272.7448,solve.va_sample,2,326.773,
273.2450,solve.va_sample,2,326.773,
273.7453,solve.va_sample,2,326.773,
274.2455,solve.va_sample,2,326.773,
274.7458,solve.va_sample,2,326.773,
275.2460,solve.va_sample,2,326.773,
275.7462,solve.va_sample,2,326.773,
276.2465,solve.va_sample,2,326.773,
276.7467,solve.va_sample,2,326.773,
277.2469,solve.va_sample,2,326.773,
277.7472,solve.va_sample,2,326.773,
278.2474,solve.va_sample,2,326.773,
278.7477,solve.va_sample,2,326.773,
279.2479,solve.va_sample,2,326.773,
279.7481,solve.va_sample,2,326.773,
280.2484,solve.va_sample,2,326.773,
280.7486,solve.va_sample,2,326.773,
281.2488,solve.va_sample,2,326.773,
281.7491,solve.va_sample,2,326.773,
282.2493,solve.va_sample,2,326.773,
282.7496,solve.va_sample,2,326.773,
283.2498,solve.va_sample,2,326.773,
283.7500,solve.va_sample,2,326.773,
284.2503,solve.va_sample,2,326.773,
284.7505,solve.va_sample,2,326.773,
285.2508,solve.va_sample,2,326.773,
285.7510,solve.va_sample,2,326.773,
286.2513,solve.va_sample,2,326.773,
286.7515,solve.va_sample,2,326.773,
287.2517,solve.va_sample,2,326.773,
287.7519,solve.va_sample,2,326.773,
288.2522,solve.va_sample,2,326.773,
288.7524,solve.va_sample,2,326.773,
289.2526,solve.va_sample,2,326.773,
289.7529,solve.va_sample,2,326.773,
290.2531,solve.va_sample,2,326.773,
290.7534,solve.va_sample,2,326.773,
291.2536,solve.va_sample,2,326.773,
291.7539,solve.va_sample,2,326.773,
292.2541,solve.va_sample,2,326.773,
292.7543,solve.va_sample,2,326.773,
293.2546,solve.va_sample,2,326.773,
293.7548,solve.va_sample,2,326.773,
294.2550,solve.va_sample,2,326.773,
294.7553,solve.va_sample,2,326.773,
295.2555,solve.va_sample,2,326.773,
295.7558,solve.va_sample,2,326.773,
296.2560,solve.va_sample,2,326.773,
296.7563,solve.va_sample,2,326.773,
297.2565,solve.va_sample,2,326.773,
297.7567,solve.va_sample,2,326.773,
298.2570,solve.va_sample,2,326.773,
298.7572,solve.va_sample,2,326.773,
299.2575,solve.va_sample,2,326.773,
299.7577,solve.va_sample,2,326.773,
300.2579,solve.va_sample,2,326.773,
300.7582,solve.va_sample,2,326.773,
301.2584,solve.va_sample,2,326.773,
301.7587,solve.va_sample,2,326.773,
302.2589,solve.va_sample,2,326.773,
302.7592,solve.va_sample,2,326.773,
303.2594,solve.va_sample,2,326.773,
303.7596,solve.va_sample,2,326.773,
304.2599,solve.va_sample,2,326.773,
304.7601,solve.va_sample,2,326.773,
305.2604,solve.va_sample,2,326.773,
305.7606,solve.va_sample,2,326.773,
306.2608,solve.va_sample,2,326.773,
306.7611,solve.va_sample,2,326.773,
307.2613,solve.va_sample,2,326.773,
307.7615,solve.va_sample,2,326.773,
308.2618,solve.va_sample,2,326.773,
308.7620,solve.va_sample,2,326.773,
309.2623,solve.va_sample,2,326.773,
309.7625,solve.va_sample,2,326.773,
310.2627,solve.va_sample,2,326.773,
310.7630,solve.va_sample,2,326.773,
311.2632,solve.va_sample,2,326.773,
311.7635,solve.va_sample,2,326.773,
312.2637,solve.va_sample,2,326.773,
312.7640,solve.va_sample,2,326.773,
313.2642,solve.va_sample,2,326.773,
313.7645,solve.va_sample,2,326.773,
314.2647,solve.va_sample,2,326.773,
314.7649,solve.va_sample,2,326.773,
315.2651,solve.va_sample,2,326.773,
315.7654,solve.va_sample,2,326.773,
316.2656,solve.va_sample,2,326.773,
316.7658,solve.va_sample,2,326.773,
317.2661,solve.va_sample,2,326.773,
317.7663,solve.va_sample,2,326.773,
318.2666,solve.va_sample,2,326.773,
318.7668,solve.va_sample,2,326.773,
319.2670,solve.va_sample,2,326.773,
319.7673,solve.va_sample,2,326.773,
320.2675,solve.va_sample,2,326.773,
320.7677,solve.va_sample,2,326.773,
321.2680,solve.va_sample,2,326.773,
321.7682,solve.va_sample,2,326.773,
322.2685,solve.va_sample,2,326.773,
322.7687,solve.va_sample,2,326.773,
323.2690,solve.va_sample,2,326.773,
323.7692,solve.va_sample,2,326.773,
324.2694,solve.va_sample,2,326.773,
324.7697,solve.va_sample,2,326.773,
325.2699,solve.va_sample,2,326.773,
325.7701,solve.va_sample,2,326.773,
326.2704,solve.va_sample,2,326.773,
326.7706,solve.va_sample,2,326.773,
327.2708,solve.va_sample,2,326.773,
327.7711,solve.va_sample,2,326.773,
328.2713,solve.va_sample,2,326.773,
328.7716,solve.va_sample,2,326.773,
329.2718,solve.va_sample,2,326.773,
329.7720,solve.va_sample,2,326.773,
330.2723,solve.va_sample,2,326.773,
330.7725,solve.va_sample,2,326.773,
331.2727,solve.va_sample,2,326.773,
331.7730,solve.va_sample,2,326.773,
332.2733,solve.va_sample,2,326.773,
332.7735,solve.va_sample,2,326.773,
333.2737,solve.va_sample,2,326.773,
333.7740,solve.va_sample,2,326.773,
334.2742,solve.va_sample,2,326.773,
334.7744,solve.va_sample,2,326.773,
335.2747,solve.va_sample,2,326.773,
335.7749,solve.va_sample,2,326.773,
336.2752,solve.va_sample,2,326.773,
336.7754,solve.va_sample,2,326.773,
337.2756,solve.va_sample,2,326.773,
337.7759,solve.va_sample,2,326.773,
338.2761,solve.va_sample,2,326.773,
338.7763,solve.va_sample,2,326.773,
339.2766,solve.va_sample,2,326.773,
339.7768,solve.va_sample,2,326.773,
340.2770,solve.va_sample,2,326.773,
340.7773,solve.va_sample,2,326.773,
341.2775,solve.va_sample,2,326.773,
341.7778,solve.va_sample,2,326.773,
342.2780,solve.va_sample,2,326.773,
342.7783,solve.va_sample,2,326.773,
343.2785,solve.va_sample,2,326.773,
343.7789,solve.va_sample,2,326.773,
344.2791,solve.va_sample,2,326.773,
344.7793,solve.va_sample,2,326.773,
345.2796,solve.va_sample,2,326.773,
345.7798,solve.va_sample,2,326.773,
346.2800,solve.va_sample,2,326.773,
346.7803,solve.va_sample,2,326.773,
347.2805,solve.va_sample,2,326.773,
347.7808,solve.va_sample,2,326.773,
348.2810,solve.va_sample,2,326.773,
348.7812,solve.va_sample,2,326.773,
349.2815,solve.va_sample,2,326.773,
349.7817,solve.va_sample,2,326.773,
350.2820,solve.va_sample,2,326.773,
350.7822,solve.va_sample,2,326.773,
351.2824,solve.va_sample,2,326.773,
351.7827,solve.va_sample,2,326.773,
352.2830,solve.va_sample,2,326.773,
352.7832,solve.va_sample,2,326.773,
353.2835,solve.va_sample,2,326.773,
353.7837,solve.va_sample,2,326.773,
354.2839,solve.va_sample,2,326.773,
354.7841,solve.va_sample,2,326.773,
355.2844,solve.va_sample,2,326.773,
355.7846,solve.va_sample,2,326.773,
356.2849,solve.va_sample,2,326.773,
356.7851,solve.va_sample,2,326.773,
357.2854,solve.va_sample,2,326.773,
357.7856,solve.va_sample,2,326.773,
358.2858,solve.va_sample,2,326.773,
358.7861,solve.va_sample,2,326.773,
359.2863,solve.va_sample,2,326.773,
359.7866,solve.va_sample,2,326.773,
360.2868,solve.va_sample,2,326.773,
360.7870,solve.va_sample,2,326.773,
361.2873,solve.va_sample,2,326.773,
361.7875,solve.va_sample,2,326.773,
362.2878,solve.va_sample,2,326.773,
362.7880,solve.va_sample,2,326.773,
363.2883,solve.va_sample,2,326.773,
363.7885,solve.va_sample,2,326.773,
364.2887,solve.va_sample,2,326.773,
364.7890,solve.va_sample,2,326.773,
365.2892,solve.va_sample,2,326.773,
365.7895,solve.va_sample,2,326.773,
366.2897,solve.va_sample,2,326.773,
366.7899,solve.va_sample,2,326.773,
367.2902,solve.va_sample,2,326.773,
367.7904,solve.va_sample,2,326.773,
368.2906,solve.va_sample,2,326.773,
368.7909,solve.va_sample,2,326.773,
369.2911,solve.va_sample,2,326.773,
369.7914,solve.va_sample,2,326.773,
370.2916,solve.va_sample,2,326.773,
370.7918,solve.va_sample,2,326.773,
371.2921,solve.va_sample,2,326.773,
371.7923,solve.va_sample,2,326.773,
372.2926,solve.va_sample,2,326.773,
372.7928,solve.va_sample,2,326.773,
373.2930,solve.va_sample,2,326.773,
373.7933,solve.va_sample,2,326.773,
374.2935,solve.va_sample,2,326.773,
374.7937,solve.va_sample,2,326.773,
375.2940,solve.va_sample,2,326.773,
375.7942,solve.va_sample,2,326.773,
376.2945,solve.va_sample,2,326.773,
376.7947,solve.va_sample,2,326.773,
377.2949,solve.va_sample,2,326.773,
377.7951,solve.va_sample,2,326.773,
378.2954,solve.va_sample,2,326.773,
378.7956,solve.va_sample,2,326.773,
379.2958,solve.va_sample,2,326.773,
379.7961,solve.va_sample,2,326.773,
380.2963,solve.va_sample,2,326.773,
380.7965,solve.va_sample,2,326.773,
381.2968,solve.va_sample,2,326.773,
381.7970,solve.va_sample,2,326.773,
382.2973,solve.va_sample,2,326.773,
382.7976,solve.va_sample,2,326.773,
383.2978,solve.va_sample,2,326.773,
383.7980,solve.va_sample,2,326.773,
384.2983,solve.va_sample,2,326.773,
384.7985,solve.va_sample,2,326.773,
385.2987,solve.va_sample,2,326.773,
385.7990,solve.va_sample,2,326.773,
386.2992,solve.va_sample,2,326.773,
386.7994,solve.va_sample,2,326.773,
387.2997,solve.va_sample,2,326.773,
387.7999,solve.va_sample,2,326.773,
388.3001,solve.va_sample,2,326.773,
388.8004,solve.va_sample,2,326.773,
389.3006,solve.va_sample,2,326.773,
389.8009,solve.va_sample,2,326.773,
390.3011,solve.va_sample,2,326.773,
390.8013,solve.va_sample,2,326.773,
391.3016,solve.va_sample,2,326.773,
391.8019,solve.va_sample,2,326.773,
392.3021,solve.va_sample,2,326.773,
392.8023,solve.va_sample,2,326.773,
393.3026,solve.va_sample,2,326.773,
393.8028,solve.va_sample,2,326.773,
394.3031,solve.va_sample,2,326.773,
394.8033,solve.va_sample,2,326.773,
395.3036,solve.va_sample,2,326.773,
395.8038,solve.va_sample,2,326.773,
396.3040,solve.va_sample,2,326.773,
396.8043,solve.va_sample,2,326.773,
397.3045,solve.va_sample,2,326.773,
397.8047,solve.va_sample,2,326.773,
398.3050,solve.va_sample,2,326.773,
398.8052,solve.va_sample,2,326.773,
399.3054,solve.va_sample,2,326.773,
399.8057,solve.va_sample,2,326.773,
400.3059,solve.va_sample,2,326.773,
400.8061,solve.va_sample,2,326.773,
401.3064,solve.va_sample,2,326.773,
401.8067,solve.va_sample,2,326.773,
402.3069,solve.va_sample,2,326.773,
402.8072,solve.va_sample,2,326.773,
403.3074,solve.va_sample,2,326.773,
403.8077,solve.va_sample,2,326.773,
404.3079,solve.va_sample,2,326.773,
404.8081,solve.va_sample,2,326.773,
405.3084,solve.va_sample,2,326.773,
405.8086,solve.va_sample,2,326.773,
406.3088,solve.va_sample,2,326.773,
406.8091,solve.va_sample,2,326.773,
407.3093,solve.va_sample,2,326.773,
407.8095,solve.va_sample,2,326.773,
408.3098,solve.va_sample,2,326.773,
408.8100,solve.va_sample,2,326.773,
409.3103,solve.va_sample,2,326.773,
409.8105,solve.va_sample,2,326.773,
410.3107,solve.va_sample,2,326.773,
410.8109,solve.va_sample,2,326.773,
411.3112,solve.va_sample,2,326.773,
411.8114,solve.va_sample,2,326.773,
412.3116,solve.va_sample,2,326.773,
412.8118,solve.va_sample,2,326.773,
413.3121,solve.va_sample,2,326.773,
413.8123,solve.va_sample,2,326.773,
414.3125,solve.va_sample,2,326.773,
414.8128,solve.va_sample,2,326.773,
415.3130,solve.va_sample,2,326.773,
415.8133,solve.va_sample,2,326.773,
416.3135,solve.va_sample,2,326.773,
416.8138,solve.va_sample,2,326.773,
417.3141,solve.va_sample,2,326.773,
417.8143,solve.va_sample,2,326.773,
418.3145,solve.va_sample,2,326.773,
418.8148,solve.va_sample,2,326.773,
419.3150,solve.va_sample,2,326.773,
419.8153,solve.va_sample,2,326.773,
420.3155,solve.va_sample,2,326.773,
420.8157,solve.va_sample,2,326.773,
421.3160,solve.va_sample,2,326.773,
421.8162,solve.va_sample,2,326.773,
422.3165,solve.va_sample,2,326.773,
422.8167,solve.va_sample,2,326.773,
423.3169,solve.va_sample,2,326.773,
423.8172,solve.va_sample,2,326.773,
424.3174,solve.va_sample,2,326.773,
424.8176,solve.va_sample,2,326.773,
425.3179,solve.va_sample,2,326.773,
425.8181,solve.va_sample,2,326.773,
426.3183,solve.va_sample,2,326.773,
426.8186,solve.va_sample,2,326.773,
427.3188,solve.va_sample,2,326.773,
427.8190,solve.va_sample,2,326.773,
428.3193,solve.va_sample,2,326.773,
428.8195,solve.va_sample,2,326.773,
429.3198,solve.va_sample,2,326.773,
429.8200,solve.va_sample,2,326.773,
430.3202,solve.va_sample,2,326.773,
430.8205,solve.va_sample,2,326.773,
431.3208,solve.va_sample,2,326.773,
431.8210,solve.va_sample,2,326.773,
432.3212,solve.va_sample,2,326.773,
432.8215,solve.va_sample,2,326.773,
433.3217,solve.va_sample,2,326.773,
433.8219,solve.va_sample,2,326.773,
434.3222,solve.va_sample,2,326.773,
434.8224,solve.va_sample,2,326.773,
435.3226,solve.va_sample,2,326.773,
435.8229,solve.va_sample,2,326.773,
436.3231,solve.va_sample,2,326.773,
436.8233,solve.va_sample,2,326.773,
437.3236,solve.va_sample,2,326.773,
437.8238,solve.va_sample,2,326.773,
438.3240,solve.va_sample,2,326.773,
438.8243,solve.va_sample,2,326.773,
439.3245,solve.va_sample,2,326.773,
439.8247,solve.va_sample,2,326.773,
440.3250,solve.va_sample,2,326.773,
440.8252,solve.va_sample,2,326.773,
441.3255,solve.va_sample,2,326.773,
441.8257,solve.va_sample,2,326.773,
442.3259,solve.va_sample,2,326.773,
442.8262,solve.va_sample,2,326.773,
443.3264,solve.va_sample,2,326.773,
443.8266,solve.va_sample,2,326.773,
444.3269,solve.va_sample,2,326.773,
444.8271,solve.va_sample,2,326.773,
445.3274,solve.va_sample,2,326.773,
445.8276,solve.va_sample,2,326.773,
446.3279,solve.va_sample,2,326.773,
446.8281,solve.va_sample,2,326.773,
447.3283,solve.va_sample,2,326.773,
447.8286,solve.va_sample,2,326.773,
448.3288,solve.va_sample,2,326.773,
448.8290,solve.va_sample,2,326.773,
449.3293,solve.va_sample,2,326.773,
449.8295,solve.va_sample,2,326.773,
450.3298,solve.va_sample,2,326.773,
450.8300,solve.va_sample,2,326.773,
451.3302,solve.va_sample,2,326.773,
451.8305,solve.va_sample,2,326.773,
452.3307,solve.va_sample,2,326.773,
452.8309,solve.va_sample,2,326.773,
453.3312,solve.va_sample,2,326.773,
453.8314,solve.va_sample,2,326.773,
454.3316,solve.va_sample,2,326.773,
454.8319,solve.va_sample,2,326.773,
455.3321,solve.va_sample,2,326.773,
455.8323,solve.va_sample,2,326.773,
456.3326,solve.va_sample,2,326.773,
456.8328,solve.va_sample,2,326.773,
457.3330,solve.va_sample,2,326.773,
457.8333,solve.va_sample,2,326.773,
458.3335,solve.va_sample,2,326.773,
458.8338,solve.va_sample,2,326.773,
459.3340,solve.va_sample,2,326.773,
459.8343,solve.va_sample,2,326.773,
460.3345,solve.va_sample,2,326.773,
460.8348,solve.va_sample,2,326.773,
461.3350,solve.va_sample,2,326.773,
461.8352,solve.va_sample,2,326.773,
462.3355,solve.va_sample,2,326.773,
462.8357,solve.va_sample,2,326.773,
463.3359,solve.va_sample,2,326.773,
463.8362,solve.va_sample,2,326.773,
464.3364,solve.va_sample,2,326.773,
464.8366,solve.va_sample,2,326.773,
465.3369,solve.va_sample,2,326.773,
465.8371,solve.va_sample,2,326.773,
466.3374,solve.va_sample,2,326.773,
466.8376,solve.va_sample,2,326.773,
467.3378,solve.va_sample,2,326.773,
467.8381,solve.va_sample,2,326.773,
468.3383,solve.va_sample,2,326.773,
468.8385,solve.va_sample,2,326.773,
469.3388,solve.va_sample,2,326.773,
469.8390,solve.va_sample,2,326.773,
470.3392,solve.va_sample,2,326.773,
470.8395,solve.va_sample,2,326.773,
471.3397,solve.va_sample,2,326.773,
471.8399,solve.va_sample,2,326.773,
472.3402,solve.va_sample,2,326.773,
472.8404,solve.va_sample,2,326.773,
473.3406,solve.va_sample,2,326.773,
473.8409,solve.va_sample,2,326.773,
474.3411,solve.va_sample,2,326.773,
474.8414,solve.va_sample,2,326.773,
475.3416,solve.va_sample,2,326.773,
475.8419,solve.va_sample,2,326.773,
476.3422,solve.va_sample,2,326.773,
476.8425,solve.va_sample,2,326.773,
477.3427,solve.va_sample,2,326.773,
477.8430,solve.va_sample,2,326.773,
478.3432,solve.va_sample,2,326.773,
478.8435,solve.va_sample,2,326.773,
479.3437,solve.va_sample,2,326.773,
479.8440,solve.va_sample,2,326.773,
480.3442,solve.va_sample,2,326.773,
480.8445,solve.va_sample,2,326.773,
481.3447,solve.va_sample,2,326.773,
481.8450,solve.va_sample,2,326.773,
482.3452,solve.va_sample,2,326.773,
482.8454,solve.va_sample,2,326.773,
483.3457,solve.va_sample,2,326.773,
483.8459,solve.va_sample,2,326.773,
484.3462,solve.va_sample,2,326.773,
484.8464,solve.va_sample,2,326.773,
485.3466,solve.va_sample,2,326.773,
485.8469,solve.va_sample,2,326.773,
486.3471,solve.va_sample,2,326.773,
486.8474,solve.va_sample,2,326.773,
487.3476,solve.va_sample,2,326.773,
487.8479,solve.va_sample,2,326.773,
488.3481,solve.va_sample,2,326.773,
488.8484,solve.va_sample,2,326.773,
489.3486,solve.va_sample,2,326.773,
489.8489,solve.va_sample,2,326.773,
490.3491,solve.va_sample,2,326.773,
490.8494,solve.va_sample,2,326.773,
491.3497,solve.va_sample,2,326.773,
491.8499,solve.va_sample,2,326.773,
492.3501,solve.va_sample,2,326.773,
492.8504,solve.va_sample,2,326.773,
493.3506,solve.va_sample,2,326.773,
493.8509,solve.va_sample,2,326.773,
494.3511,solve.va_sample,2,326.773,
494.8514,solve.va_sample,2,326.773,
495.3516,solve.va_sample,2,326.773,
495.8518,solve.va_sample,2,326.773,
496.3521,solve.va_sample,2,326.773,
496.8524,solve.va_sample,2,326.773,
497.3526,solve.va_sample,2,326.773,
497.8528,solve.va_sample,2,326.773,
498.3531,solve.va_sample,2,326.773,
498.8534,solve.va_sample,2,326.773,
499.3536,solve.va_sample,2,326.773,
499.8539,solve.va_sample,2,326.773,
500.3541,solve.va_sample,2,326.773,
500.8543,solve.va_sample,2,326.773,
501.3546,solve.va_sample,2,326.773,
501.8548,solve.va_sample,2,326.773,
502.3551,solve.va_sample,2,326.773,
502.8554,solve.va_sample,2,326.773,
503.3556,solve.va_sample,2,326.773,
503.8558,solve.va_sample,2,326.773,
504.3561,solve.va_sample,2,326.773,
504.8563,solve.va_sample,2,326.773,
505.3566,solve.va_sample,2,326.773,
505.8569,solve.va_sample,2,326.773,
506.3571,solve.va_sample,2,326.773,
506.8574,solve.va_sample,2,326.773,
507.3576,solve.va_sample,2,326.773,
507.8578,solve.va_sample,2,326.773,
508.3581,solve.va_sample,2,326.773,
508.8583,solve.va_sample,2,326.773,
509.3585,solve.va_sample,2,326.773,
509.8588,solve.va_sample,2,326.773,
510.3590,solve.va_sample,2,326.773,
510.8593,solve.va_sample,2,326.773,
511.3595,solve.va_sample,2,326.773,
511.8597,solve.va_sample,2,326.773,
512.3600,solve.va_sample,2,326.773,
512.8602,solve.va_sample,2,326.773,
513.3604,solve.va_sample,2,326.773,
513.8607,solve.va_sample,2,326.773,
514.3609,solve.va_sample,2,326.773,
514.8611,solve.va_sample,2,326.773,
515.3614,solve.va_sample,2,326.773,
515.8616,solve.va_sample,2,326.773,
516.3619,solve.va_sample,2,326.773,
516.8621,solve.va_sample,2,326.773,
517.3624,solve.va_sample,2,326.773,
517.8626,solve.va_sample,2,326.773,
518.3629,solve.va_sample,2,326.773,
518.8631,solve.va_sample,2,326.773,
519.3633,solve.va_sample,2,326.773,
519.8636,solve.va_sample,2,326.773,
520.3638,solve.va_sample,2,326.773,
520.8641,solve.va_sample,2,326.773,
521.3643,solve.va_sample,2,326.773,
521.8646,solve.va_sample,2,326.773,
522.3648,solve.va_sample,2,326.773,
522.8651,solve.va_sample,2,326.773,
523.3653,solve.va_sample,2,326.773,
523.8656,solve.va_sample,2,326.773,
524.3658,solve.va_sample,2,326.773,
524.8660,solve.va_sample,2,326.773,
525.3663,solve.va_sample,2,326.773,
525.8666,solve.va_sample,2,326.773,
526.3668,solve.va_sample,2,326.773,
526.8670,solve.va_sample,2,326.773,
527.3673,solve.va_sample,2,326.773,
527.8675,solve.va_sample,2,326.773,
528.3678,solve.va_sample,2,326.773,
528.8680,solve.va_sample,2,326.773,
529.3683,solve.va_sample,2,326.773,
529.8685,solve.va_sample,2,326.773,
530.3687,solve.va_sample,2,326.773,
530.8690,solve.va_sample,2,326.773,
531.3693,solve.va_sample,2,326.773,
531.8695,solve.va_sample,2,326.773,
532.3697,solve.va_sample,2,326.773,
532.8700,solve.va_sample,2,326.773,
533.3702,solve.va_sample,2,326.773,
533.8705,solve.va_sample,2,326.773,
534.3707,solve.va_sample,2,326.773,
534.8709,solve.va_sample,2,326.773,
535.3712,solve.va_sample,2,326.773,
535.8714,solve.va_sample,2,326.773,
536.3716,solve.va_sample,2,326.773,
536.8719,solve.va_sample,2,326.773,
537.3721,solve.va_sample,2,326.773,
537.8723,solve.va_sample,2,326.773,
538.3726,solve.va_sample,2,326.773,
538.8728,solve.va_sample,2,326.773,
539.3730,solve.va_sample,2,326.773,
539.8733,solve.va_sample,2,326.773,
540.3736,solve.va_sample,2,326.773,
540.8738,solve.va_sample,2,326.773,
541.3740,solve.va_sample,2,326.773,
541.8743,solve.va_sample,2,326.773,
542.3745,solve.va_sample,2,326.773,
542.8747,solve.va_sample,2,326.773,
543.3750,solve.va_sample,2,326.773,
543.8752,solve.va_sample,2,326.773,
544.3754,solve.va_sample,2,326.773,
544.8757,solve.va_sample,2,326.773,
545.3759,solve.va_sample,2,326.773,
545.8762,solve.va_sample,2,326.773,
546.3764,solve.va_sample,2,326.773,
546.8767,solve.va_sample,2,326.773,
547.3769,solve.va_sample,2,326.773,
547.8771,solve.va_sample,2,326.773,
548.3774,solve.va_sample,2,326.773,
548.8776,solve.va_sample,2,326.773,
549.3778,solve.va_sample,2,326.773,
549.8781,solve.va_sample,2,326.773,
550.3783,solve.va_sample,2,326.773,
550.8785,solve.va_sample,2,326.773,
551.3788,solve.va_sample,2,326.773,
551.8790,solve.va_sample,2,326.773,
552.3793,solve.va_sample,2,326.773,
552.8795,solve.va_sample,2,326.773,
553.3797,solve.va_sample,2,326.773,
553.8800,solve.va_sample,2,326.773,
554.3802,solve.va_sample,2,326.773,
554.8804,solve.va_sample,2,326.773,
555.3807,solve.va_sample,2,326.773,
555.8809,solve.va_sample,2,326.773,
556.3812,solve.va_sample,2,326.773,
556.8814,solve.va_sample,2,326.773,
557.3816,solve.va_sample,2,326.773,
557.8819,solve.va_sample,2,326.773,
558.3821,solve.va_sample,2,326.773,
558.8823,solve.va_sample,2,326.773,
559.3826,solve.va_sample,2,326.773,
559.8828,solve.va_sample,2,326.773,
560.3830,solve.va_sample,2,326.773,
560.8833,solve.va_sample,2,326.773,
561.3835,solve.va_sample,2,326.773,
561.8838,solve.va_sample,2,326.773,
562.3840,solve.va_sample,2,326.773,
562.8842,solve.va_sample,2,326.773,
563.3845,solve.va_sample,2,326.773,
563.8847,solve.va_sample,2,326.773,
564.3850,solve.va_sample,2,326.773,
564.8852,solve.va_sample,2,326.773,
565.3854,solve.va_sample,2,326.773,
565.8857,solve.va_sample,2,326.773,
566.3859,solve.va_sample,2,326.773,
566.8862,solve.va_sample,2,326.773,
567.3864,solve.va_sample,2,326.773,
567.8866,solve.va_sample,2,326.773,
568.3868,solve.va_sample,2,326.773,
568.8871,solve.va_sample,2,326.773,
569.3873,solve.va_sample,2,326.773,
569.8876,solve.va_sample,2,326.773,
570.3878,solve.va_sample,2,326.773,
570.8880,solve.va_sample,2,326.773,
571.3883,solve.va_sample,2,326.773,
571.8885,solve.va_sample,2,326.773,
572.3888,solve.va_sample,2,326.773,
572.8890,solve.va_sample,2,326.773,
573.3892,solve.va_sample,2,326.773,
573.8895,solve.va_sample,2,326.773,
574.3897,solve.va_sample,2,326.773,
574.8900,solve.va_sample,2,326.773,
575.3902,solve.va_sample,2,326.773,
575.8905,solve.va_sample,2,326.773,
576.3907,solve.va_sample,2,326.773,
576.8909,solve.va_sample,2,326.773,
577.3912,solve.va_sample,2,326.773,
577.8914,solve.va_sample,2,326.773,
578.3916,solve.va_sample,2,326.773,
578.8919,solve.va_sample,2,326.773,
579.3921,solve.va_sample,2,326.773,
579.8924,solve.va_sample,2,326.773,
580.3926,solve.va_sample,2,326.773,
580.8928,solve.va_sample,2,326.773,
581.3931,solve.va_sample,2,326.773,
581.8933,solve.va_sample,2,326.773,
582.3936,solve.va_sample,2,326.773,
582.8938,solve.va_sample,2,326.773,
583.3940,solve.va_sample,2,326.773,
583.8943,solve.va_sample,2,326.773,
584.3945,solve.va_sample,2,326.773,
584.8948,solve.va_sample,2,326.773,
585.3950,solve.va_sample,2,326.773,
585.8952,solve.va_sample,2,326.773,
586.3955,solve.va_sample,2,326.773,
586.8957,solve.va_sample,2,326.773,
587.3959,solve.va_sample,2,326.773,
587.8962,solve.va_sample,2,326.773,
588.3964,solve.va_sample,2,326.773,
588.8967,solve.va_sample,2,326.773,
589.3969,solve.va_sample,2,326.773,
589.8972,solve.va_sample,2,326.773,
590.3974,solve.va_sample,2,326.773,
590.8976,solve.va_sample,2,326.773,
591.3979,solve.va_sample,2,326.773,
591.8981,solve.va_sample,2,326.773,
592.3984,solve.va_sample,2,326.773,
592.8986,solve.va_sample,2,326.773,
593.3988,solve.va_sample,2,326.773,
593.8991,solve.va_sample,2,326.773,
594.3993,solve.va_sample,2,326.773,
594.8995,solve.va_sample,2,326.773,
595.3998,solve.va_sample,2,326.773,
595.9001,solve.va_sample,2,326.773,
596.4003,solve.va_sample,2,326.773,
596.9006,solve.va_sample,2,326.773,
597.4009,solve.va_sample,2,326.773,
597.9011,solve.va_sample,2,326.773,
598.4014,solve.va_sample,2,327.031,
598.9016,solve.va_sample,2,327.031,
599.4018,solve.va_sample,2,327.031,
599.9021,solve.va_sample,2,327.031,
600.4023,solve.va_sample,2,327.031,
600.9026,solve.va_sample,2,327.031,
601.4028,solve.va_sample,2,327.031,
601.9031,solve.va_sample,2,327.031,
602.4033,solve.va_sample,2,327.031,
602.9036,solve.va_sample,2,327.031,
603.4038,solve.va_sample,2,327.031,
603.9041,solve.va_sample,2,327.031,
604.4043,solve.va_sample,2,327.031,
604.9045,solve.va_sample,2,327.031,
605.4048,solve.va_sample,2,327.031,
605.9050,solve.va_sample,2,327.031,
606.4053,solve.va_sample,2,327.031,
606.9056,solve.va_sample,2,327.031,
607.4058,solve.va_sample,2,327.031,
607.9060,solve.va_sample,2,327.031,
608.4063,solve.va_sample,2,327.031,
608.9065,solve.va_sample,2,327.031,
609.4067,solve.va_sample,2,327.031,
609.9070,solve.va_sample,2,327.031,
610.4072,solve.va_sample,2,327.031,
610.9075,solve.va_sample,2,327.031,
611.4077,solve.va_sample,2,327.031,
611.9079,solve.va_sample,2,327.031,
612.4082,solve.va_sample,2,327.031,
612.9084,solve.va_sample,2,327.031,
613.4086,solve.va_sample,2,327.031,
613.9089,solve.va_sample,2,327.031,
614.4091,solve.va_sample,2,327.031,
614.9093,solve.va_sample,2,327.031,
615.4096,solve.va_sample,2,327.031,
615.9098,solve.va_sample,2,327.031,
616.4101,solve.va_sample,2,327.031,
616.9104,solve.va_sample,2,327.031,
617.4106,solve.va_sample,2,327.031,
617.9109,solve.va_sample,2,327.031,
618.4111,solve.va_sample,2,327.031,
618.9114,solve.va_sample,2,327.031,
619.4116,solve.va_sample,2,327.031,
619.9118,solve.va_sample,2,327.031,
620.4121,solve.va_sample,2,327.031,
620.9123,solve.va_sample,2,327.031,
621.4125,solve.va_sample,2,327.031,
621.9128,solve.va_sample,2,327.031,
622.4130,solve.va_sample,2,327.031,
622.9133,solve.va_sample,2,327.031,
623.4135,solve.va_sample,2,327.031,
623.9137,solve.va_sample,2,327.031,
624.4140,solve.va_sample,2,327.031,
624.9142,solve.va_sample,2,327.031,
625.4145,solve.va_sample,2,327.031,
625.9147,solve.va_sample,2,327.031,
626.4149,solve.va_sample,2,327.031,
626.9152,solve.va_sample,2,327.031,
627.4154,solve.va_sample,2,327.031,
627.9157,solve.va_sample,2,327.031,
628.4159,solve.va_sample,2,327.031,
628.9161,solve.va_sample,2,327.031,
629.4164,solve.va_sample,2,327.031,
629.9166,solve.va_sample,2,327.031,
630.4168,solve.va_sample,2,327.031,
630.9171,solve.va_sample,2,327.031,
631.4174,solve.va_sample,2,327.031,
631.9176,solve.va_sample,2,327.031,
632.4178,solve.va_sample,2,327.031,
632.9181,solve.va_sample,2,327.031,
633.4183,solve.va_sample,2,327.031,
633.9186,solve.va_sample,2,327.031,
634.4188,solve.va_sample,2,327.031,
634.9191,solve.va_sample,2,327.031,
635.4193,solve.va_sample,2,327.031,
635.9195,solve.va_sample,2,327.031,
636.4198,solve.va_sample,2,327.031,
636.9200,solve.va_sample,2,327.031,
637.4203,solve.va_sample,2,327.031,
637.9205,solve.va_sample,2,327.031,
638.4208,solve.va_sample,2,327.031,
638.9210,solve.va_sample,2,327.031,
639.4213,solve.va_sample,2,327.031,
639.9215,solve.va_sample,2,327.031,
640.4217,solve.va_sample,2,327.031,
640.9220,solve.va_sample,2,327.031,
641.4222,solve.va_sample,2,327.031,
641.9224,solve.va_sample,2,327.031,
642.4226,solve.va_sample,2,327.031,
642.9229,solve.va_sample,2,327.031,
643.4231,solve.va_sample,2,327.031,
643.9233,solve.va_sample,2,327.031,
644.4236,solve.va_sample,2,327.031,
644.9238,solve.va_sample,2,327.031,
645.4241,solve.va_sample,2,327.031,
645.9243,solve.va_sample,2,327.031,
646.4246,solve.va_sample,2,327.031,
646.9248,solve.va_sample,2,327.031,
647.4251,solve.va_sample,2,327.031,
647.9253,solve.va_sample,2,327.031,
648.4256,solve.va_sample,2,327.031,
648.9258,solve.va_sample,2,327.031,
649.4261,solve.va_sample,2,327.031,
649.9263,solve.va_sample,2,327.031,
650.4266,solve.va_sample,2,327.031,
650.9268,solve.va_sample,2,327.031,
651.4271,solve.va_sample,2,327.031,
651.9273,solve.va_sample,2,327.031,
652.4276,solve.va_sample,2,327.031,
652.9278,solve.va_sample,2,327.031,
653.4280,solve.va_sample,2,327.031,
653.9283,solve.va_sample,2,327.031,
654.4285,solve.va_sample,2,327.031,
654.9288,solve.va_sample,2,327.031,
655.4290,solve.va_sample,2,327.031,
655.9293,solve.va_sample,2,327.031,
656.4296,solve.va_sample,2,327.031,
656.9298,solve.va_sample,2,327.031,
657.4300,solve.va_sample,2,327.031,
657.9303,solve.va_sample,2,327.031,
658.4305,solve.va_sample,2,327.031,
658.9308,solve.va_sample,2,327.031,
659.4310,solve.va_sample,2,327.031,
659.9313,solve.va_sample,2,327.031,
660.4315,solve.va_sample,2,327.031,
660.9318,solve.va_sample,2,327.031,
661.4320,solve.va_sample,2,327.031,
661.9322,solve.va_sample,2,327.031,
662.4325,solve.va_sample,2,327.031,
662.9327,solve.va_sample,2,327.031,
663.4329,solve.va_sample,2,327.031,
663.9332,solve.va_sample,2,327.031,
664.4334,solve.va_sample,2,327.031,
664.9337,solve.va_sample,2,327.031,
665.4339,solve.va_sample,2,327.031,
665.9341,solve.va_sample,2,327.031,
666.4344,solve.va_sample,2,327.031,
666.9346,solve.va_sample,2,327.031,
667.4348,solve.va_sample,2,327.031,
667.9351,solve.va_sample,2,327.031,
668.4353,solve.va_sample,2,327.031,
668.9355,solve.va_sample,2,327.031,
669.4358,solve.va_sample,2,327.031,
669.9360,solve.va_sample,2,327.031,
670.4362,solve.va_sample,2,327.031,
670.9365,solve.va_sample,2,327.031,
671.4367,solve.va_sample,2,327.031,
671.9369,solve.va_sample,2,327.031,
672.4372,solve.va_sample,2,327.031,
672.9374,solve.va_sample,2,327.031,
673.4377,solve.va_sample,2,327.031,
673.9379,solve.va_sample,2,327.031,
674.4382,solve.va_sample,2,327.031,
674.9384,solve.va_sample,2,327.031,
675.4386,solve.va_sample,2,327.031,
675.9389,solve.va_sample,2,327.031,
676.4391,solve.va_sample,2,327.031,
676.9393,solve.va_sample,2,327.031,
677.4396,solve.va_sample,2,327.031,
677.9398,solve.va_sample,2,327.031,
678.4400,solve.va_sample,2,327.031,
678.9403,solve.va_sample,2,327.031,
679.4405,solve.va_sample,2,327.031,
679.9408,solve.va_sample,2,327.031,
680.4410,solve.va_sample,2,327.031,
680.9413,solve.va_sample,2,327.031,
681.4415,solve.va_sample,2,327.031,
681.9417,solve.va_sample,2,327.031,
682.4419,solve.va_sample,2,327.031,
682.9422,solve.va_sample,2,327.031,
683.4424,solve.va_sample,2,327.031,
683.9426,solve.va_sample,2,327.031,
684.4429,solve.va_sample,2,327.031,
684.9431,solve.va_sample,2,327.031,
685.4433,solve.va_sample,2,327.031,
685.9436,solve.va_sample,2,327.031,
686.4438,solve.va_sample,2,327.031,
686.9440,solve.va_sample,2,327.031,
687.4443,solve.va_sample,2,327.031,
687.9445,solve.va_sample,2,327.031,
688.4448,solve.va_sample,2,327.031,
688.9450,solve.va_sample,2,327.031,
689.4453,solve.va_sample,2,327.031,
689.9455,solve.va_sample,2,327.031,
690.4458,solve.va_sample,2,327.031,
690.9460,solve.va_sample,2,327.031,
691.4462,solve.va_sample,2,327.031,
691.9465,solve.va_sample,2,327.031,
692.4467,solve.va_sample,2,327.031,
692.9469,solve.va_sample,2,327.031,
693.4472,solve.va_sample,2,327.031,
693.9474,solve.va_sample,2,327.031,
694.4477,solve.va_sample,2,327.031,
694.9479,solve.va_sample,2,327.031,
695.4481,solve.va_sample,2,327.031,
695.9484,solve.va_sample,2,327.031,
696.4486,solve.va_sample,2,327.031,
696.9489,solve.va_sample,2,327.031,
697.4491,solve.va_sample,2,327.031,
697.9494,solve.va_sample,2,327.031,
698.4496,solve.va_sample,2,327.031,
698.9498,solve.va_sample,2,327.031,
699.4501,solve.va_sample,2,327.031,
699.9503,solve.va_sample,2,327.031,
700.4505,solve.va_sample,2,327.031,
700.9508,solve.va_sample,2,327.031,
701.4510,solve.va_sample,2,327.031,
701.9512,solve.va_sample,2,327.031,
702.4515,solve.va_sample,2,327.031,
702.9517,solve.va_sample,2,327.031,
703.4520,solve.va_sample,2,327.031,
703.9522,solve.va_sample,2,327.031,
704.4525,solve.va_sample,2,327.031,
704.9527,solve.va_sample,2,327.031,
705.4529,solve.va_sample,2,327.031,
705.9532,solve.va_sample,2,327.031,
706.4534,solve.va_sample,2,327.031,
706.9536,solve.va_sample,2,327.031,
707.4539,solve.va_sample,2,327.031,
707.9541,solve.va_sample,2,327.031,
708.4544,solve.va_sample,2,327.031,
708.9546,solve.va_sample,2,327.031,
709.4548,solve.va_sample,2,327.031,
709.9551,solve.va_sample,2,327.031,
710.4554,solve.va_sample,2,327.031,
710.9556,solve.va_sample,2,327.031,
711.4558,solve.va_sample,2,327.031,
711.9561,solve.va_sample,2,327.031,
712.4563,solve.va_sample,2,327.031,
712.9566,solve.va_sample,2,327.031,
713.4568,solve.va_sample,2,327.031,
713.9570,solve.va_sample,2,327.031,
714.4573,solve.va_sample,2,327.031,
714.9575,solve.va_sample,2,327.031,
715.4578,solve.va_sample,2,327.031,
715.9580,solve.va_sample,2,327.031,
716.4583,solve.va_sample,2,327.031,
716.9585,solve.va_sample,2,327.031,
717.4588,solve.va_sample,2,327.031,
717.9590,solve.va_sample,2,327.031,
718.4593,solve.va_sample,2,327.031,
718.9595,solve.va_sample,2,327.031,
719.4597,solve.va_sample,2,327.031,
719.9600,solve.va_sample,2,327.031,
720.4602,solve.va_sample,2,327.031,
720.9605,solve.va_sample,2,327.031,
721.4607,solve.va_sample,2,327.031,
721.9609,solve.va_sample,2,327.031,
722.4611,solve.va_sample,2,327.031,
722.9614,solve.va_sample,2,327.031,
723.4616,solve.va_sample,2,327.031,
723.9619,solve.va_sample,2,327.031,
724.4621,solve.va_sample,2,327.031,
724.9623,solve.va_sample,2,327.031,
725.4626,solve.va_sample,2,327.031,
725.9628,solve.va_sample,2,327.031,
726.4630,solve.va_sample,2,327.031,
726.9633,solve.va_sample,2,327.031,
727.4635,solve.va_sample,2,327.031,
727.9638,solve.va_sample,2,327.031,
728.4640,solve.va_sample,2,327.031,
728.9643,solve.va_sample,2,327.031,
729.4645,solve.va_sample,2,327.031,
729.9648,solve.va_sample,2,327.031,
730.4650,solve.va_sample,2,327.031,
730.9652,solve.va_sample,2,327.031,
731.4655,solve.va_sample,2,327.031,
731.9658,solve.va_sample,2,327.031,
732.4660,solve.va_sample,2,327.031,
732.9662,solve.va_sample,2,327.031,
733.4665,solve.va_sample,2,327.031,
733.9667,solve.va_sample,2,327.031,
734.4669,solve.va_sample,2,327.031,
734.9672,solve.va_sample,2,327.031,
735.4674,solve.va_sample,2,327.031,
735.9677,solve.va_sample,2,327.031,
736.4679,solve.va_sample,2,327.031,
736.9681,solve.va_sample,2,327.031,
737.4684,solve.va_sample,2,327.031,
737.9686,solve.va_sample,2,327.031,
738.4688,solve.va_sample,2,327.031,
738.9691,solve.va_sample,2,327.031,
739.4693,solve.va_sample,2,327.031,
739.9695,solve.va_sample,2,327.031,
740.4698,solve.va_sample,2,327.031,
740.9700,solve.va_sample,2,327.031,
741.4703,solve.va_sample,2,327.031,
741.9705,solve.va_sample,2,327.031,
742.4708,solve.va_sample,2,327.031,
742.9710,solve.va_sample,2,327.031,
743.4713,solve.va_sample,2,327.031,
743.9715,solve.va_sample,2,327.031,
744.4717,solve.va_sample,2,327.031,
744.9720,solve.va_sample,2,327.031,
745.4722,solve.va_sample,2,327.031,
745.9725,solve.va_sample,2,327.031,
746.4728,solve.va_sample,2,327.031,
746.9730,solve.va_sample,2,327.031,
747.4733,solve.va_sample,2,327.031,
747.9735,solve.va_sample,2,327.031,
748.4737,solve.va_sample,2,327.031,
748.9740,solve.va_sample,2,327.031,
749.4742,solve.va_sample,2,327.031,
749.9745,solve.va_sample,2,327.031,
750.4747,solve.va_sample,2,327.031,
750.9749,solve.va_sample,2,327.031,
751.4751,solve.va_sample,2,327.031,
751.9754,solve.va_sample,2,327.031,
752.4756,solve.va_sample,2,327.031,
752.9759,solve.va_sample,2,327.031,
753.4761,solve.va_sample,2,327.031,
753.9764,solve.va_sample,2,327.031,
754.4766,solve.va_sample,2,327.031,
754.9769,solve.va_sample,2,327.031,
755.4771,solve.va_sample,2,327.031,
755.9773,solve.va_sample,2,327.031,
756.4776,solve.va_sample,2,327.031,
756.9778,solve.va_sample,2,327.031,
757.4781,solve.va_sample,2,327.031,
757.9783,solve.va_sample,2,327.031,
758.4786,solve.va_sample,2,327.031,
758.9788,solve.va_sample,2,327.031,
759.4790,solve.va_sample,2,327.031,
759.9793,solve.va_sample,2,327.031,
760.4796,solve.va_sample,2,327.031,
760.9798,solve.va_sample,2,327.031,
761.4800,solve.va_sample,2,327.031,
761.9803,solve.va_sample,2,327.031,
762.4805,solve.va_sample,2,327.031,
762.9808,solve.va_sample,2,327.031,
763.4810,solve.va_sample,2,327.031,
763.9813,solve.va_sample,2,327.031,
764.4815,solve.va_sample,2,327.031,
764.9818,solve.va_sample,2,327.031,
765.4820,solve.va_sample,2,327.031,
765.9823,solve.va_sample,2,327.031,
766.4825,solve.va_sample,2,327.031,
766.9828,solve.va_sample,2,327.031,
767.4830,solve.va_sample,2,327.031,
767.9833,solve.va_sample,2,327.031,
768.4835,solve.va_sample,2,327.031,
768.9838,solve.va_sample,2,327.031,
769.4840,solve.va_sample,2,327.031,
769.9843,solve.va_sample,2,327.031,
770.4845,solve.va_sample,2,327.031,
770.9847,solve.va_sample,2,327.031,
771.4850,solve.va_sample,2,327.031,
771.9852,solve.va_sample,2,327.031,
772.4855,solve.va_sample,2,327.031,
772.9857,solve.va_sample,2,327.031,
773.4860,solve.va_sample,2,327.031,
773.9863,solve.va_sample,2,327.031,
774.4865,solve.va_sample,2,327.031,
774.9867,solve.va_sample,2,327.031,
775.4870,solve.va_sample,2,327.031,
775.9873,solve.va_sample,2,327.031,
776.4875,solve.va_sample,2,327.031,
776.9877,solve.va_sample,2,327.031,
777.4880,solve.va_sample,2,327.031,
777.9882,solve.va_sample,2,327.031,
778.4885,solve.va_sample,2,327.031,
778.9887,solve.va_sample,2,327.031,
779.4889,solve.va_sample,2,327.031,
779.9892,solve.va_sample,2,327.031,
780.4894,solve.va_sample,2,327.031,
780.9897,solve.va_sample,2,327.031,
781.4899,solve.va_sample,2,327.031,
781.9901,solve.va_sample,2,327.031,
782.4904,solve.va_sample,2,327.031,
782.9906,solve.va_sample,2,327.031,
783.4909,solve.va_sample,2,327.031,
783.9911,solve.va_sample,2,327.031,
784.4914,solve.va_sample,2,327.031,
784.9916,solve.va_sample,2,327.031,
785.4918,solve.va_sample,2,327.031,
785.9921,solve.va_sample,2,327.031,
786.4923,solve.va_sample,2,327.031,
786.9926,solve.va_sample,2,327.031,
787.4928,solve.va_sample,2,327.031,
787.9931,solve.va_sample,2,327.031,
788.4933,solve.va_sample,2,327.031,
788.9936,solve.va_sample,2,327.031,
789.4938,solve.va_sample,2,327.031,
789.9941,solve.va_sample,2,327.031,
790.4943,solve.va_sample,2,327.031,
790.9946,solve.va_sample,2,327.031,
791.4948,solve.va_sample,2,327.031,
791.9950,solve.va_sample,2,327.031,
792.4953,solve.va_sample,2,327.031,
792.9955,solve.va_sample,2,327.031,
793.4957,solve.va_sample,2,327.031,
793.9960,solve.va_sample,2,327.031,
794.4962,solve.va_sample,2,327.031,
794.9965,solve.va_sample,2,327.031,
795.4967,solve.va_sample,2,327.031,
795.9969,solve.va_sample,2,327.031,
796.4971,solve.va_sample,2,327.031,
796.9974,solve.va_sample,2,327.031,
797.4976,solve.va_sample,2,327.031,
797.9978,solve.va_sample,2,327.031,
798.4981,solve.va_sample,2,327.031,
798.9983,solve.va_sample,2,327.031,
799.4986,solve.va_sample,2,327.031,
799.9988,solve.va_sample,2,327.031,
800.4990,solve.va_sample,2,327.031,
800.9993,solve.va_sample,2,327.031,
801.4995,solve.va_sample,2,327.031,
801.9997,solve.va_sample,2,327.031,
802.5000,solve.va_sample,2,327.031,
803.0002,solve.va_sample,2,327.031,
803.5005,solve.va_sample,2,327.031,
804.0007,solve.va_sample,2,327.031,
804.5009,solve.va_sample,2,327.031,
805.0012,solve.va_sample,2,327.031,
805.5014,solve.va_sample,2,327.031,
806.0016,solve.va_sample,2,327.031,
806.5019,solve.va_sample,2,327.031,
807.0021,solve.va_sample,2,327.031,
807.5024,solve.va_sample,2,327.031,
808.0026,solve.va_sample,2,327.031,
808.5028,solve.va_sample,2,327.031,
809.0031,solve.va_sample,2,327.031,
809.5033,solve.va_sample,2,327.031,
810.0036,solve.va_sample,2,327.031,
810.5038,solve.va_sample,2,327.031,
811.0041,solve.va_sample,2,327.031,
811.5043,solve.va_sample,2,327.031,
812.0046,solve.va_sample,2,327.031,
812.5048,solve.va_sample,2,327.031,
813.0050,solve.va_sample,2,327.031,
813.5053,solve.va_sample,2,327.031,
814.0055,solve.va_sample,2,327.031,
814.5058,solve.va_sample,2,327.031,
815.0060,solve.va_sample,2,327.031,
815.5063,solve.va_sample,2,327.031,
816.0065,solve.va_sample,2,327.031,
816.5067,solve.va_sample,2,327.031,
817.0070,solve.va_sample,2,327.031,
817.5073,solve.va_sample,2,327.031,
818.0075,solve.va_sample,2,327.031,
818.5077,solve.va_sample,2,327.031,
819.0079,solve.va_sample,2,327.031,
819.5082,solve.va_sample,2,327.031,
820.0084,solve.va_sample,2,327.031,
820.5086,solve.va_sample,2,327.031,
821.0089,solve.va_sample,2,327.031,
821.5091,solve.va_sample,2,327.031,
822.0093,solve.va_sample,2,327.031,
822.5096,solve.va_sample,2,327.031,
823.0098,solve.va_sample,2,327.031,
823.5100,solve.va_sample,2,327.031,
824.0103,solve.va_sample,2,327.031,
824.5105,solve.va_sample,2,327.031,
825.0108,solve.va_sample,2,327.031,
825.5110,solve.va_sample,2,327.031,
826.0112,solve.va_sample,2,327.031,
826.5115,solve.va_sample,2,327.031,
827.0117,solve.va_sample,2,327.031,
827.5119,solve.va_sample,2,327.031,
828.0122,solve.va_sample,2,327.031,
828.5124,solve.va_sample,2,327.031,
829.0127,solve.va_sample,2,327.031,
829.5129,solve.va_sample,2,327.031,
830.0131,solve.va_sample,2,327.031,
830.5134,solve.va_sample,2,327.031,
831.0136,solve.va_sample,2,327.031,
831.5138,solve.va_sample,2,327.031,
832.0141,solve.va_sample,2,327.031,
832.5143,solve.va_sample,2,327.031,
833.0146,solve.va_sample,2,327.031,
833.5148,solve.va_sample,2,327.031,
834.0150,solve.va_sample,2,327.031,
834.5153,solve.va_sample,2,327.031,
835.0155,solve.va_sample,2,327.031,
835.5157,solve.va_sample,2,327.031,
836.0160,solve.va_sample,2,327.031,
836.5163,solve.va_sample,2,327.031,
837.0165,solve.va_sample,2,327.031,
837.5168,solve.va_sample,2,327.031,
838.0170,solve.va_sample,2,327.031,
838.5173,solve.va_sample,2,327.031,
839.0175,solve.va_sample,2,327.031,
839.5177,solve.va_sample,2,327.031,
840.0180,solve.va_sample,2,327.031,
840.5182,solve.va_sample,2,327.031,
841.0184,solve.va_sample,2,327.031,
841.5187,solve.va_sample,2,327.031,
842.0189,solve.va_sample,2,327.031,
842.5191,solve.va_sample,2,327.031,
843.0194,solve.va_sample,2,327.031,
843.5196,solve.va_sample,2,327.031,
844.0198,solve.va_sample,2,327.031,
844.5201,solve.va_sample,2,327.031,
845.0203,solve.va_sample,2,327.031,
845.5206,solve.va_sample,2,327.031,
846.0208,solve.va_sample,2,327.031,
846.5211,solve.va_sample,2,327.031,
847.0213,solve.va_sample,2,327.031,
847.5216,solve.va_sample,2,327.031,
848.0218,solve.va_sample,2,327.031,
848.5220,solve.va_sample,2,327.031,
849.0223,solve.va_sample,2,327.031,
849.5225,solve.va_sample,2,327.031,
850.0227,solve.va_sample,2,327.031,
850.5230,solve.va_sample,2,327.031,
851.0232,solve.va_sample,2,327.031,
851.5235,solve.va_sample,2,327.031,
852.0237,solve.va_sample,2,327.031,
852.5239,solve.va_sample,2,327.031,
853.0242,solve.va_sample,2,327.031,
853.5244,solve.va_sample,2,327.031,
854.0246,solve.va_sample,2,327.031,
854.5249,solve.va_sample,2,327.031,
855.0251,solve.va_sample,2,327.031,
855.5253,solve.va_sample,2,327.031,
856.0256,solve.va_sample,2,327.031,
856.5258,solve.va_sample,2,327.031,
857.0260,solve.va_sample,2,327.031,
857.5263,solve.va_sample,2,327.031,
858.0265,solve.va_sample,2,327.031,
858.5268,solve.va_sample,2,327.031,
859.0270,solve.va_sample,2,327.031,
859.5273,solve.va_sample,2,327.031,
860.0275,solve.va_sample,2,327.031,
860.5277,solve.va_sample,2,327.031,
861.0280,solve.va_sample,2,327.031,
861.5282,solve.va_sample,2,327.031,
862.0284,solve.va_sample,2,327.031,
862.5287,solve.va_sample,2,327.031,
863.0289,solve.va_sample,2,327.031,
863.5291,solve.va_sample,2,327.031,
864.0294,solve.va_sample,2,327.031,
864.5296,solve.va_sample,2,327.031,
865.0298,solve.va_sample,2,327.031,
865.5301,solve.va_sample,2,327.031,
866.0303,solve.va_sample,2,327.031,
866.5305,solve.va_sample,2,327.031,
867.0308,solve.va_sample,2,327.031,
867.5310,solve.va_sample,2,327.031,
868.0313,solve.va_sample,2,327.031,
868.5315,solve.va_sample,2,327.031,
869.0317,solve.va_sample,2,327.031,
869.5319,solve.va_sample,2,327.031,
870.0322,solve.va_sample,2,327.031,
870.5324,solve.va_sample,2,327.031,
871.0327,solve.va_sample,2,327.031,
871.5329,solve.va_sample,2,327.031,
872.0331,solve.va_sample,2,327.031,
872.5334,solve.va_sample,2,327.031,
873.0336,solve.va_sample,2,327.031,
873.5339,solve.va_sample,2,327.031,
874.0341,solve.va_sample,2,327.031,
874.5344,solve.va_sample,2,327.031,
875.0346,solve.va_sample,2,327.031,
875.5348,solve.va_sample,2,327.031,
876.0351,solve.va_sample,2,327.031,
876.5353,solve.va_sample,2,327.031,
877.0355,solve.va_sample,2,327.031,
877.5358,solve.va_sample,2,327.031,
878.0360,solve.va_sample,2,327.031,
878.5362,solve.va_sample,2,327.031,
879.0365,solve.va_sample,2,327.031,
879.5367,solve.va_sample,2,327.031,
880.0370,solve.va_sample,2,327.031,
880.5372,solve.va_sample,2,327.031,
881.0374,solve.va_sample,2,327.031,
881.5377,solve.va_sample,2,327.031,
882.0379,solve.va_sample,2,327.031,
882.5381,solve.va_sample,2,327.031,
883.0384,solve.va_sample,2,327.031,
883.5386,solve.va_sample,2,327.031,
884.0389,solve.va_sample,2,327.031,
884.5391,solve.va_sample,2,327.031,
885.0393,solve.va_sample,2,327.031,
885.5396,solve.va_sample,2,327.031,
886.0398,solve.va_sample,2,327.031,
886.5401,solve.va_sample,2,327.031,
887.0403,solve.va_sample,2,327.031,
887.5405,solve.va_sample,2,327.031,
888.0408,solve.va_sample,2,327.031,
888.5410,solve.va_sample,2,327.031,
889.0413,solve.va_sample,2,327.031,
889.5415,solve.va_sample,2,327.031,
890.0418,solve.va_sample,2,327.031,
890.5420,solve.va_sample,2,327.031,
891.0423,solve.va_sample,2,327.031,
891.5425,solve.va_sample,2,327.031,
892.0427,solve.va_sample,2,327.031,
892.5430,solve.va_sample,2,327.031,
893.0432,solve.va_sample,2,327.031,
893.5435,solve.va_sample,2,327.031,
894.0437,solve.va_sample,2,327.031,
894.5439,solve.va_sample,2,327.031,
895.0441,solve.va_sample,2,327.031,
895.5444,solve.va_sample,2,327.031,
896.0446,solve.va_sample,2,327.031,
896.5449,solve.va_sample,2,327.031,
897.0451,solve.va_sample,2,327.031,
897.5454,solve.va_sample,2,327.031,
898.0456,solve.va_sample,2,327.031,
898.5459,solve.va_sample,2,327.031,
899.0461,solve.va_sample,2,327.031,
899.5463,solve.va_sample,2,327.031,
900.0466,solve.va_sample,2,327.031,
900.5468,solve.va_sample,2,327.031,
901.0470,solve.va_sample,2,327.031,
901.5473,solve.va_sample,2,327.031,
902.0476,solve.va_sample,2,327.031,
902.5478,solve.va_sample,2,327.031,
903.0480,solve.va_sample,2,327.031,
903.5483,solve.va_sample,2,327.031,
904.0485,solve.va_sample,2,327.031,
904.5488,solve.va_sample,2,327.031,
905.0490,solve.va_sample,2,327.031,
905.5492,solve.va_sample,2,327.031,
906.0495,solve.va_sample,2,327.031,
906.5497,solve.va_sample,2,327.031,
907.0499,solve.va_sample,2,327.031,
907.5502,solve.va_sample,2,327.031,
908.0504,solve.va_sample,2,327.031,
908.5506,solve.va_sample,2,327.031,
909.0509,solve.va_sample,2,327.031,
909.5511,solve.va_sample,2,327.031,
910.0513,solve.va_sample,2,327.031,
910.5516,solve.va_sample,2,327.031,
911.0518,solve.va_sample,2,327.031,
911.5520,solve.va_sample,2,327.031,
912.0523,solve.va_sample,2,327.031,
912.5525,solve.va_sample,2,327.031,
913.0527,solve.va_sample,2,327.031,
913.5530,solve.va_sample,2,327.031,
914.0532,solve.va_sample,2,327.031,
914.5535,solve.va_sample,2,327.031,
915.0537,solve.va_sample,2,327.031,
915.5539,solve.va_sample,2,327.031,
916.0542,solve.va_sample,2,327.031,
916.5545,solve.va_sample,2,327.031,
917.0547,solve.va_sample,2,327.031,
917.5549,solve.va_sample,2,327.031,
918.0552,solve.va_sample,2,327.031,
918.5554,solve.va_sample,2,327.031,
919.0556,solve.va_sample,2,327.031,
919.5559,solve.va_sample,2,327.031,
920.0561,solve.va_sample,2,327.031,
920.5564,solve.va_sample,2,327.031,
921.0566,solve.va_sample,2,327.031,
921.5568,solve.va_sample,2,327.031,
922.0570,solve.va_sample,2,327.031,
922.5573,solve.va_sample,2,327.031,
923.0575,solve.va_sample,2,327.031,
923.5578,solve.va_sample,2,327.031,
924.0580,solve.va_sample,2,327.031,
924.5582,solve.va_sample,2,327.031,
925.0585,solve.va_sample,2,327.031,
925.5587,solve.va_sample,2,327.031,
926.0589,solve.va_sample,2,327.031,
926.5592,solve.va_sample,2,327.031,
927.0594,solve.va_sample,2,327.031,
927.5596,solve.va_sample,2,327.031,
928.0599,solve.va_sample,2,327.031,
928.5601,solve.va_sample,2,327.031,
929.0603,solve.va_sample,2,327.031,
929.5606,solve.va_sample,2,327.031,
930.0608,solve.va_sample,2,327.031,
930.5611,solve.va_sample,2,327.031,
931.0613,solve.va_sample,2,327.031,
931.5616,solve.va_sample,2,327.031,
932.0618,solve.va_sample,2,327.031,
932.5620,solve.va_sample,2,327.031,
933.0623,solve.va_sample,2,327.031,
933.5625,solve.va_sample,2,327.031,
934.0627,solve.va_sample,2,327.031,
934.5630,solve.va_sample,2,327.031,
935.0632,solve.va_sample,2,327.031,
935.5635,solve.va_sample,2,327.031,
936.0637,solve.va_sample,2,327.031,
936.5639,solve.va_sample,2,327.031,
937.0642,solve.va_sample,2,327.031,
937.5644,solve.va_sample,2,327.031,
938.0646,solve.va_sample,2,327.031,
938.5649,solve.va_sample,2,327.031,
939.0651,solve.va_sample,2,327.031,
939.5653,solve.va_sample,2,327.031,
940.0656,solve.va_sample,2,327.031,
940.5658,solve.va_sample,2,327.031,
941.0660,solve.va_sample,2,327.031,
941.5663,solve.va_sample,2,327.031,
942.0665,solve.va_sample,2,327.031,
942.5667,solve.va_sample,2,327.031,
943.0670,solve.va_sample,2,327.031,
943.5672,solve.va_sample,2,327.031,
944.0675,solve.va_sample,2,327.289,
944.5677,solve.va_sample,2,327.289,
945.0680,solve.va_sample,2,327.289,
945.5682,solve.va_sample,2,327.289,
946.0685,solve.va_sample,2,327.289,
946.5687,solve.va_sample,2,327.289,
947.0689,solve.va_sample,2,327.289,
947.5692,solve.va_sample,2,327.289,
948.0694,solve.va_sample,2,327.289,
948.5696,solve.va_sample,2,327.289,
949.0699,solve.va_sample,2,327.289,
949.5701,solve.va_sample,2,327.289,
950.0703,solve.va_sample,2,327.289,
950.5706,solve.va_sample,2,327.289,
951.0708,solve.va_sample,2,327.289,
951.5710,solve.va_sample,2,327.289,
952.0713,solve.va_sample,2,327.289,
952.5715,solve.va_sample,2,327.289,
953.0717,solve.va_sample,2,327.289,
953.5720,solve.va_sample,2,327.289,
954.0722,solve.va_sample,2,327.289,
954.5725,solve.va_sample,2,327.289,
955.0727,solve.va_sample,2,327.289,
955.5729,solve.va_sample,2,327.289,
956.0732,solve.va_sample,2,327.289,
956.5734,solve.va_sample,2,327.289,
957.0736,solve.va_sample,2,327.289,
957.5739,solve.va_sample,2,327.289,
958.0741,solve.va_sample,2,327.289,
958.5743,solve.va_sample,2,327.289,
959.0746,solve.va_sample,2,327.289,
959.5748,solve.va_sample,2,327.289,
960.0751,solve.va_sample,2,327.289,
960.5753,solve.va_sample,2,327.289,
961.0756,solve.va_sample,2,327.289,
961.5758,solve.va_sample,2,327.289,
962.0760,solve.va_sample,2,327.289,
962.5763,solve.va_sample,2,327.289,
963.0765,solve.va_sample,2,327.289,
963.5767,solve.va_sample,2,327.289,
964.0770,solve.va_sample,2,327.289,
964.5772,solve.va_sample,2,327.289,
965.0774,solve.va_sample,2,327.289,
965.5777,solve.va_sample,2,327.289,
966.0779,solve.va_sample,2,327.289,
966.5782,solve.va_sample,2,327.289,
967.0784,solve.va_sample,2,327.289,
967.5786,solve.va_sample,2,327.289,
968.0788,solve.va_sample,2,327.289,
968.5791,solve.va_sample,2,327.289,
969.0793,solve.va_sample,2,327.289,
969.5796,solve.va_sample,2,327.289,
970.0798,solve.va_sample,2,327.289,
970.5800,solve.va_sample,2,327.289,
971.0803,solve.va_sample,2,327.289,
971.5805,solve.va_sample,2,327.289,
972.0807,solve.va_sample,2,327.289,
972.5810,solve.va_sample,2,327.289,
973.0812,solve.va_sample,2,327.289,
973.5815,solve.va_sample,2,327.289,
974.0817,solve.va_sample,2,327.289,
974.5820,solve.va_sample,2,327.289,
975.0822,solve.va_sample,2,327.289,
975.5824,solve.va_sample,2,327.289,
976.0827,solve.va_sample,2,327.289,
976.5829,solve.va_sample,2,327.289,
977.0831,solve.va_sample,2,327.289,
977.5834,solve.va_sample,2,327.289,
978.0836,solve.va_sample,2,327.289,
978.5838,solve.va_sample,2,327.289,
979.0841,solve.va_sample,2,327.289,
979.5843,solve.va_sample,2,327.289,
980.0845,solve.va_sample,2,327.289,
980.5848,solve.va_sample,2,327.289,
981.0850,solve.va_sample,2,327.289,
981.5852,solve.va_sample,2,327.289,
982.0855,solve.va_sample,2,327.289,
982.5857,solve.va_sample,2,327.289,
983.0859,solve.va_sample,2,327.289,
983.5862,solve.va_sample,2,327.289,
984.0864,solve.va_sample,2,327.289,
984.5866,solve.va_sample,2,327.289,
985.0869,solve.va_sample,2,327.289,
985.5871,solve.va_sample,2,327.289,
986.0873,solve.va_sample,2,327.289,
986.5876,solve.va_sample,2,327.289,
987.0878,solve.va_sample,2,327.289,
987.5881,solve.va_sample,2,327.289,
988.0883,solve.va_sample,2,327.289,
988.5886,solve.va_sample,2,327.289,
989.0888,solve.va_sample,2,327.289,
989.5890,solve.va_sample,2,327.289,
990.0893,solve.va_sample,2,327.289,
990.5895,solve.va_sample,2,327.289,
991.0897,solve.va_sample,2,327.289,
991.5899,solve.va_sample,2,327.289,
992.0902,solve.va_sample,2,327.289,
992.5904,solve.va_sample,2,327.289,
993.0907,solve.va_sample,2,327.289,
993.5909,solve.va_sample,2,327.289,
994.0911,solve.va_sample,2,327.289,
994.5914,solve.va_sample,2,327.289,
995.0916,solve.va_sample,2,327.289,
995.5919,solve.va_sample,2,327.289,
996.0921,solve.va_sample,2,327.289,
996.5923,solve.va_sample,2,327.289,
997.0926,solve.va_sample,2,327.289,
997.5928,solve.va_sample,2,327.289,
998.0931,solve.va_sample,2,327.289,
998.5933,solve.va_sample,2,327.289,
999.0935,solve.va_sample,2,327.289,
999.5938,solve.va_sample,2,327.289,
1000.0940,solve.va_sample,2,327.289,
1000.5942,solve.va_sample,2,327.289,
1001.0945,solve.va_sample,2,327.289,
1001.5947,solve.va_sample,2,327.289,
1002.0950,solve.va_sample,2,327.289,
1002.5953,solve.va_sample,2,327.289,
1003.0956,solve.va_sample,2,327.289,
1003.5958,solve.va_sample,2,327.289,
1004.0961,solve.va_sample,2,327.289,
1004.5964,solve.va_sample,2,327.289,
1005.0966,solve.va_sample,2,327.289,
1005.5968,solve.va_sample,2,327.289,
1006.0971,solve.va_sample,2,327.289,
1006.5973,solve.va_sample,2,327.289,
1007.0976,solve.va_sample,2,327.289,
1007.5978,solve.va_sample,2,327.289,
1008.0981,solve.va_sample,2,327.289,
1008.5983,solve.va_sample,2,327.289,
1009.0985,solve.va_sample,2,327.289,
1009.5988,solve.va_sample,2,327.289,
1010.0990,solve.va_sample,2,327.289,
1010.5993,solve.va_sample,2,327.289,
1011.0995,solve.va_sample,2,327.289,
1011.5997,solve.va_sample,2,327.289,
1012.1000,solve.va_sample,2,327.289,
1012.6002,solve.va_sample,2,327.289,
1013.1004,solve.va_sample,2,327.289,
1013.6007,solve.va_sample,2,327.289,
1014.1009,solve.va_sample,2,327.289,
1014.6011,solve.va_sample,2,327.289,
1015.1014,solve.va_sample,2,327.289,
1015.6017,solve.va_sample,2,327.289,
1016.1019,solve.va_sample,2,327.289,
1016.6021,solve.va_sample,2,327.289,
1017.1024,solve.va_sample,2,327.289,
1017.6026,solve.va_sample,2,327.289,
1018.1028,solve.va_sample,2,327.289,
1018.6031,solve.va_sample,2,327.289,
1019.1033,solve.va_sample,2,327.289,
1019.6036,solve.va_sample,2,327.289,
1020.1038,solve.va_sample,2,327.289,
1020.6040,solve.va_sample,2,327.289,
1021.1043,solve.va_sample,2,327.289,
1021.6045,solve.va_sample,2,327.289,
1022.1047,solve.va_sample,2,327.289,
1022.6050,solve.va_sample,2,327.289,
1023.1052,solve.va_sample,2,327.289,
1023.6054,solve.va_sample,2,327.289,
1024.1057,solve.va_sample,2,327.289,
1024.6059,solve.va_sample,2,327.289,
1025.1061,solve.va_sample,2,327.289,
1025.6064,solve.va_sample,2,327.289,
1026.1066,solve.va_sample,2,327.289,
1026.6068,solve.va_sample,2,327.289,
1027.1071,solve.va_sample,2,327.289,
1027.6073,solve.va_sample,2,327.289,
1028.1075,solve.va_sample,2,327.289,
1028.6078,solve.va_sample,2,327.289,
1029.1080,solve.va_sample,2,327.289,
1029.6083,solve.va_sample,2,327.289,
1030.1086,solve.va_sample,2,327.289,
1030.6088,solve.va_sample,2,327.289,
1031.1091,solve.va_sample,2,327.289,
1031.6093,solve.va_sample,2,327.289,
1032.1096,solve.va_sample,2,327.289,
1032.6098,solve.va_sample,2,327.289,
1033.1101,solve.va_sample,2,327.289,
1033.6103,solve.va_sample,2,327.289,
1034.1106,solve.va_sample,2,327.289,
1034.6108,solve.va_sample,2,327.289,
1035.1111,solve.va_sample,2,327.289,
1035.6113,solve.va_sample,2,327.289,
1036.1116,solve.va_sample,2,327.289,
1036.6118,solve.va_sample,2,327.289,
1037.1120,solve.va_sample,2,327.289,
1037.6123,solve.va_sample,2,327.289,
1038.1125,solve.va_sample,2,327.289,
1038.6127,solve.va_sample,2,327.289,
1039.1130,solve.va_sample,2,327.289,
1039.6132,solve.va_sample,2,327.289,
1040.1134,solve.va_sample,2,327.289,
1040.6137,solve.va_sample,2,327.289,
1041.1139,solve.va_sample,2,327.289,
1041.6142,solve.va_sample,2,327.289,
1042.1144,solve.va_sample,2,327.289,
1042.6146,solve.va_sample,2,327.289,
1043.1149,solve.va_sample,2,327.289,
1043.6151,solve.va_sample,2,327.289,
1044.1154,solve.va_sample,2,327.289,
1044.6156,solve.va_sample,2,327.289,
1045.1159,solve.va_sample,2,327.289,
1045.6161,solve.va_sample,2,327.289,
1046.1163,solve.va_sample,2,327.289,
1046.6166,solve.va_sample,2,327.289,
1047.1168,solve.va_sample,2,327.289,
1047.6170,solve.va_sample,2,327.289,
1048.1173,solve.va_sample,2,327.289,
1048.6175,solve.va_sample,2,327.289,
1049.1177,solve.va_sample,2,327.289,
1049.6180,solve.va_sample,2,327.289,
1050.1182,solve.va_sample,2,327.289,
1050.6184,solve.va_sample,2,327.289,
1051.1187,solve.va_sample,2,327.289,
1051.6189,solve.va_sample,2,327.289,
1052.1191,solve.va_sample,2,327.289,
1052.6194,solve.va_sample,2,327.289,
1053.1196,solve.va_sample,2,327.289,
1053.6198,solve.va_sample,2,327.289,
1054.1201,solve.va_sample,2,327.289,
1054.6203,solve.va_sample,2,327.289,
1055.1205,solve.va_sample,2,327.289,
1055.6208,solve.va_sample,2,327.289,
1056.1210,solve.va_sample,2,327.289,
1056.6212,solve.va_sample,2,327.289,
1057.1215,solve.va_sample,2,327.289,
1057.6217,solve.va_sample,2,327.289,
1058.1220,solve.va_sample,2,327.289,
1058.6222,solve.va_sample,2,327.289,
1059.1225,solve.va_sample,2,327.289,
1059.6227,solve.va_sample,2,327.289,
1060.1229,solve.va_sample,2,327.289,
1060.6232,solve.va_sample,2,327.289,
1061.1234,solve.va_sample,2,327.289,
1061.6237,solve.va_sample,2,327.289,
1062.1239,solve.va_sample,2,327.289,
1062.6241,solve.va_sample,2,327.289,
1063.1244,solve.va_sample,2,327.289,
1063.6246,solve.va_sample,2,327.289,
1064.1248,solve.va_sample,2,327.289,
1064.6251,solve.va_sample,2,327.289,
1065.1253,solve.va_sample,2,327.289,
1065.6256,solve.va_sample,2,327.289,
1066.1258,solve.va_sample,2,327.289,
1066.6261,solve.va_sample,2,327.289,
1067.1263,solve.va_sample,2,327.289,
1067.6266,solve.va_sample,2,327.289,
1068.1268,solve.va_sample,2,327.289,
1068.6271,solve.va_sample,2,327.289,
1069.1273,solve.va_sample,2,327.289,
1069.6276,solve.va_sample,2,327.289,
1070.1278,solve.va_sample,2,327.289,
1070.6280,solve.va_sample,2,327.289,
1071.1283,solve.va_sample,2,327.289,
1071.6285,solve.va_sample,2,327.289,
1072.1288,solve.va_sample,2,327.289,
1072.6290,solve.va_sample,2,327.289,
1073.1293,solve.va_sample,2,327.289,
1073.6295,solve.va_sample,2,327.289,
1074.1298,solve.va_sample,2,327.289,
1074.6300,solve.va_sample,2,327.289,
1075.1303,solve.va_sample,2,327.289,
1075.6306,solve.va_sample,2,327.289,
1076.1308,solve.va_sample,2,327.289,
1076.6311,solve.va_sample,2,327.289,
1077.1313,solve.va_sample,2,327.289,
1077.6316,solve.va_sample,2,327.289,
1078.1318,solve.va_sample,2,327.289,
1078.6321,solve.va_sample,2,327.289,
1079.1323,solve.va_sample,2,327.289,
1079.6326,solve.va_sample,2,327.289,
1080.1328,solve.va_sample,2,327.289,
1080.6330,solve.va_sample,2,327.289,
1081.1333,solve.va_sample,2,327.289,
1081.6335,solve.va_sample,2,327.289,
1082.1338,solve.va_sample,2,327.289,
1082.6340,solve.va_sample,2,327.289,
1083.1343,solve.va_sample,2,327.289,
1083.6345,solve.va_sample,2,327.289,
1084.1347,solve.va_sample,2,327.289,
1084.6350,solve.va_sample,2,327.289,
1085.1352,solve.va_sample,2,327.289,
1085.6355,solve.va_sample,2,327.289,
1086.1357,solve.va_sample,2,327.289,
1086.6360,solve.va_sample,2,327.289,
1087.1362,solve.va_sample,2,327.289,
1087.6365,solve.va_sample,2,327.289,
1088.1367,solve.va_sample,2,327.289,
1088.6370,solve.va_sample,2,327.289,
1089.1372,solve.va_sample,2,327.289,
1089.6374,solve.va_sample,2,327.289,
1090.1377,solve.va_sample,2,327.289,
1090.6379,solve.va_sample,2,327.289,
1091.1382,solve.va_sample,2,327.289,
1091.6384,solve.va_sample,2,327.289,
1092.1386,solve.va_sample,2,327.289,
1092.6389,solve.va_sample,2,327.289,
1093.1391,solve.va_sample,2,327.289,
1093.6394,solve.va_sample,2,327.289,
1094.1396,solve.va_sample,2,327.289,
1094.6399,solve.va_sample,2,327.289,
1095.1401,solve.va_sample,2,327.289,
1095.6403,solve.va_sample,2,327.289,
1096.1406,solve.va_sample,2,327.289,
1096.6408,solve.va_sample,2,327.289,
1097.1411,solve.va_sample,2,327.289,
1097.6413,solve.va_sample,2,327.289,
1098.1416,solve.va_sample,2,327.289,
1098.6418,solve.va_sample,2,327.289,
1099.1420,solve.va_sample,2,327.289,
1099.6423,solve.va_sample,2,327.289,
1100.1425,solve.va_sample,2,327.289,
1100.6428,solve.va_sample,2,327.289,
1101.1430,solve.va_sample,2,327.289,
1101.6433,solve.va_sample,2,327.289,
1102.1435,solve.va_sample,2,327.289,
1102.6438,solve.va_sample,2,327.289,
1103.1440,solve.va_sample,2,327.289,
1103.6442,solve.va_sample,2,327.289,
1104.1445,solve.va_sample,2,327.289,
1104.6447,solve.va_sample,2,327.289,
1105.1450,solve.va_sample,2,327.289,
1105.6453,solve.va_sample,2,327.289,
1106.1455,solve.va_sample,2,327.289,
1106.6457,solve.va_sample,2,327.289,
1107.1460,solve.va_sample,2,327.289,
1107.6462,solve.va_sample,2,327.289,
1108.1465,solve.va_sample,2,327.289,
1108.6467,solve.va_sample,2,327.289,
1109.1469,solve.va_sample,2,327.289,
1109.6472,solve.va_sample,2,327.289,
1110.1474,solve.va_sample,2,327.289,
1110.6477,solve.va_sample,2,327.289,
1111.1479,solve.va_sample,2,327.289,
1111.6482,solve.va_sample,2,327.289,
1112.1484,solve.va_sample,2,327.289,
1112.6486,solve.va_sample,2,327.289,
1113.1489,solve.va_sample,2,327.289,
1113.6491,solve.va_sample,2,327.289,
1114.1494,solve.va_sample,2,327.289,
1114.6496,solve.va_sample,2,327.289,
1115.1498,solve.va_sample,2,327.289,
1115.6501,solve.va_sample,2,327.289,
1116.1504,solve.va_sample,2,327.289,
1116.6506,solve.va_sample,2,327.289,
1117.1508,solve.va_sample,2,327.289,
1117.6511,solve.va_sample,2,327.289,
1118.1513,solve.va_sample,2,327.289,
1118.6516,solve.va_sample,2,327.289,
1119.1518,solve.va_sample,2,327.289,
1119.6520,solve.va_sample,2,327.289,
1120.1523,solve.va_sample,2,327.289,
1120.6525,solve.va_sample,2,327.289,
1121.1528,solve.va_sample,2,327.289,
1121.6530,solve.va_sample,2,327.289,
1122.1532,solve.va_sample,2,327.289,
1122.6535,solve.va_sample,2,327.289,
1123.1537,solve.va_sample,2,327.289,
1123.6539,solve.va_sample,2,327.289,
1124.1542,solve.va_sample,2,327.289,
1124.6544,solve.va_sample,2,327.289,
1125.1546,solve.va_sample,2,327.289,
1125.6549,solve.va_sample,2,327.289,
1126.1551,solve.va_sample,2,327.289,
1126.6554,solve.va_sample,2,327.289,
1127.1556,solve.va_sample,2,327.289,
1127.6558,solve.va_sample,2,327.289,
1128.1561,solve.va_sample,2,327.289,
1128.6563,solve.va_sample,2,327.289,
1129.1565,solve.va_sample,2,327.289,
1129.6568,solve.va_sample,2,327.289,
1130.1570,solve.va_sample,2,327.289,
1130.6573,solve.va_sample,2,327.289,
1131.1575,solve.va_sample,2,327.289,
1131.6577,solve.va_sample,2,327.289,
1132.1580,solve.va_sample,2,327.289,
1132.6582,solve.va_sample,2,327.289,
1133.1584,solve.va_sample,2,327.289,
1133.6587,solve.va_sample,2,327.289,
1134.1589,solve.va_sample,2,327.289,
1134.6592,solve.va_sample,2,327.289,
1135.1594,solve.va_sample,2,327.289,
1135.6596,solve.va_sample,2,327.289,
1136.1599,solve.va_sample,2,327.289,
1136.6601,solve.va_sample,2,327.289,
1137.1604,solve.va_sample,2,327.289,
1137.6606,solve.va_sample,2,327.289,
1138.1609,solve.va_sample,2,327.289,
1138.6611,solve.va_sample,2,327.289,
1139.1613,solve.va_sample,2,327.289,
1139.6616,solve.va_sample,2,327.289,
1140.1618,solve.va_sample,2,327.289,
1140.6620,solve.va_sample,2,327.289,
1141.1623,solve.va_sample,2,327.289,
1141.6625,solve.va_sample,2,327.289,
1142.1628,solve.va_sample,2,327.289,
1142.6630,solve.va_sample,2,327.289,
1143.1632,solve.va_sample,2,327.289,
1143.6635,solve.va_sample,2,327.289,
1144.1638,solve.va_sample,2,327.289,
1144.6640,solve.va_sample,2,327.289,
1145.1643,solve.va_sample,2,327.289,
1145.6645,solve.va_sample,2,327.289,
1146.1647,solve.va_sample,2,327.289,
1146.6650,solve.va_sample,2,327.289,
1147.1652,solve.va_sample,2,327.289,
1147.6655,solve.va_sample,2,327.289,
1148.1657,solve.va_sample,2,327.289,
1148.6659,solve.va_sample,2,327.289,
1149.1662,solve.va_sample,2,327.289,
1149.6664,solve.va_sample,2,327.289,
1150.1666,solve.va_sample,2,327.289,
1150.6669,solve.va_sample,2,327.289,
1151.1671,solve.va_sample,2,327.289,
1151.6673,solve.va_sample,2,327.289,
1152.1676,solve.va_sample,2,327.289,
1152.6678,solve.va_sample,2,327.289,
1153.1680,solve.va_sample,2,327.289,
1153.6683,solve.va_sample,2,327.289,
1154.1685,solve.va_sample,2,327.289,
1154.6687,solve.va_sample,2,327.289,
1155.1690,solve.va_sample,2,327.289,
1155.6692,solve.va_sample,2,327.289,
1156.1694,solve.va_sample,2,327.289,
1156.6697,solve.va_sample,2,327.289,
1157.1699,solve.va_sample,2,327.289,
1157.6701,solve.va_sample,2,327.289,
1158.1704,solve.va_sample,2,327.289,
1158.6706,solve.va_sample,2,327.289,
1159.1708,solve.va_sample,2,327.289,
1159.6711,solve.va_sample,2,327.289,
1160.1713,solve.va_sample,2,327.289,
1160.6716,solve.va_sample,2,327.289,
1161.1718,solve.va_sample,2,327.289,
1161.6720,solve.va_sample,2,327.289,
1162.1723,solve.va_sample,2,327.289,
1162.6725,solve.va_sample,2,327.289,
1163.1727,solve.va_sample,2,327.289,
1163.6730,solve.va_sample,2,327.289,
1164.1732,solve.va_sample,2,327.289,
1164.6734,solve.va_sample,2,327.289,
1165.1737,solve.va_sample,2,327.289,
1165.6739,solve.va_sample,2,327.289,
1166.1742,solve.va_sample,2,327.289,
1166.6744,solve.va_sample,2,327.289,
1167.1747,solve.va_sample,2,327.289,
1167.6749,solve.va_sample,2,327.289,
1168.1752,solve.va_sample,2,327.289,
1168.6754,solve.va_sample,2,327.289,
1169.1756,solve.va_sample,2,327.289,
1169.6759,solve.va_sample,2,327.289,
1170.1761,solve.va_sample,2,327.289,
1170.6764,solve.va_sample,2,327.289,
1171.1766,solve.va_sample,2,327.289,
1171.6769,solve.va_sample,2,327.289,
1172.1771,solve.va_sample,2,327.289,
1172.6774,solve.va_sample,2,327.289,
1173.1776,solve.va_sample,2,327.289,
1173.6779,solve.va_sample,2,327.289,
1174.1781,solve.va_sample,2,327.289,
1174.6784,solve.va_sample,2,327.289,
1175.1786,solve.va_sample,2,327.289,
1175.6789,solve.va_sample,2,327.289,
1176.1791,solve.va_sample,2,327.289,
1176.6793,solve.va_sample,2,327.289,
1177.1796,solve.va_sample,2,327.289,
1177.6798,solve.va_sample,2,327.289,
1178.1800,solve.va_sample,2,327.289,
1178.6803,solve.va_sample,2,327.289,
1179.1805,solve.va_sample,2,327.289,
1179.6807,solve.va_sample,2,327.289,
1180.1810,solve.va_sample,2,327.289,
1180.6812,solve.va_sample,2,327.289,
1181.1814,solve.va_sample,2,327.289,
1181.6817,solve.va_sample,2,327.289,
1182.1819,solve.va_sample,2,327.289,
1182.6821,solve.va_sample,2,327.289,
1183.1824,solve.va_sample,2,327.289,
1183.6826,solve.va_sample,2,327.289,
1184.1828,solve.va_sample,2,327.289,
1184.6831,solve.va_sample,2,327.289,
1185.1833,solve.va_sample,2,327.289,
1185.6835,solve.va_sample,2,327.289,
1186.1838,solve.va_sample,2,327.289,
1186.6840,solve.va_sample,2,327.289,
1187.1843,solve.va_sample,2,327.289,
1187.6845,solve.va_sample,2,327.289,
1188.1847,solve.va_sample,2,327.289,
1188.6850,solve.va_sample,2,327.289,
1189.1852,solve.va_sample,2,327.289,
1189.6855,solve.va_sample,2,327.289,
1190.1857,solve.va_sample,2,327.289,
1190.6859,solve.va_sample,2,327.289,
1191.1862,solve.va_sample,2,327.289,
1191.6864,solve.va_sample,2,327.289,
1192.1867,solve.va_sample,2,327.289,
1192.6869,solve.va_sample,2,327.289,
1193.1871,solve.va_sample,2,327.289,
1193.6874,solve.va_sample,2,327.289,
1194.1876,solve.va_sample,2,327.289,
1194.6878,solve.va_sample,2,327.289,
1195.1881,solve.va_sample,2,327.289,
1195.6883,solve.va_sample,2,327.289,
1196.1886,solve.va_sample,2,327.289,
1196.6889,solve.va_sample,2,327.289,
1197.1891,solve.va_sample,2,327.289,
1197.6894,solve.va_sample,2,327.289,
1198.1896,solve.va_sample,2,327.289,
1198.6899,solve.va_sample,2,327.289,
1199.1901,solve.va_sample,2,327.289,
1199.6904,solve.va_sample,2,327.289,
1200.1906,solve.va_sample,2,327.289,
1200.6908,solve.va_sample,2,327.289,
1201.1911,solve.va_sample,2,327.289,
1201.6913,solve.va_sample,2,327.289,
1202.1916,solve.va_sample,2,327.289,
1202.6918,solve.va_sample,2,327.289,
1203.1921,solve.va_sample,2,327.289,
1203.6923,solve.va_sample,2,327.289,
1204.1926,solve.va_sample,2,327.289,
1204.6928,solve.va_sample,2,327.289,
1205.1930,solve.va_sample,2,327.289,
1205.6933,solve.va_sample,2,327.289,
1206.1935,solve.va_sample,2,327.289,
1206.6937,solve.va_sample,2,327.289,
1207.1940,solve.va_sample,2,327.289,
1207.6942,solve.va_sample,2,327.289,
1208.1945,solve.va_sample,2,327.289,
1208.6947,solve.va_sample,2,327.289,
1209.1949,solve.va_sample,2,327.289,
1209.6952,solve.va_sample,2,327.289,
1210.1954,solve.va_sample,2,327.289,
1210.6956,solve.va_sample,2,327.289,
1211.1959,solve.va_sample,2,327.289,
1211.6961,solve.va_sample,2,327.289,
1212.1963,solve.va_sample,2,327.289,
1212.6966,solve.va_sample,2,327.289,
1213.1968,solve.va_sample,2,327.289,
1213.6970,solve.va_sample,2,327.289,
1214.1972,solve.va_sample,2,327.289,
1214.6975,solve.va_sample,2,327.289,
1215.1977,solve.va_sample,2,327.289,
1215.6979,solve.va_sample,2,327.289,
1216.1982,solve.va_sample,2,327.289,
1216.6985,solve.va_sample,2,327.289,
1217.1987,solve.va_sample,2,327.289,
1217.6989,solve.va_sample,2,327.289,
1218.1992,solve.va_sample,2,327.289,
1218.6994,solve.va_sample,2,327.289,
1219.1996,solve.va_sample,2,327.289,
1219.6999,solve.va_sample,2,327.289,
1220.2001,solve.va_sample,2,327.289,
1220.7004,solve.va_sample,2,327.289,
1221.2006,solve.va_sample,2,327.289,
1221.7008,solve.va_sample,2,327.289,
1222.2011,solve.va_sample,2,327.289,
1222.7013,solve.va_sample,2,327.289,
1223.2016,solve.va_sample,2,327.289,
1223.7018,solve.va_sample,2,327.289,
1224.2021,solve.va_sample,2,327.289,
1224.7023,solve.va_sample,2,327.289,
1225.2025,solve.va_sample,2,327.289,
1225.7028,solve.va_sample,2,327.289,
1226.2030,solve.va_sample,2,327.289,
1226.7033,solve.va_sample,2,327.289,
1227.2035,solve.va_sample,2,327.289,
1227.7038,solve.va_sample,2,327.289,
1228.2040,solve.va_sample,2,327.289,
1228.7042,solve.va_sample,2,327.289,
1229.2045,solve.va_sample,2,327.289,
1229.7047,solve.va_sample,2,327.289,
1230.2050,solve.va_sample,2,327.289,
1230.7052,solve.va_sample,2,327.289,
1231.2055,solve.va_sample,2,327.289,
1231.7057,solve.va_sample,2,327.289,
1232.2060,solve.va_sample,2,327.289,
1232.7062,solve.va_sample,2,327.289,
1233.2064,solve.va_sample,2,327.289,
1233.7067,solve.va_sample,2,327.289,
1234.2069,solve.va_sample,2,327.289,
1234.7072,solve.va_sample,2,327.289,
1235.2074,solve.va_sample,2,327.289,
1235.7076,solve.va_sample,2,327.289,
1236.2079,solve.va_sample,2,327.289,
1236.7081,solve.va_sample,2,327.289,
1237.2084,solve.va_sample,2,327.289,
1237.7086,solve.va_sample,2,327.289,
1238.2088,solve.va_sample,2,327.289,
1238.7091,solve.va_sample,2,327.289,
1239.2093,solve.va_sample,2,327.289,
1239.7096,solve.va_sample,2,327.289,
1240.2098,solve.va_sample,2,327.289,
1240.7101,solve.va_sample,2,327.289,
1241.2103,solve.va_sample,2,327.289,
1241.7106,solve.va_sample,2,327.289,
1242.2108,solve.va_sample,2,327.289,
1242.7111,solve.va_sample,2,327.289,
1243.2113,solve.va_sample,2,327.289,
1243.7116,solve.va_sample,2,327.289,
1244.2119,solve.va_sample,2,327.289,
1244.7121,solve.va_sample,2,327.289,
1245.2124,solve.va_sample,2,327.289,
1245.7126,solve.va_sample,2,327.289,
1246.2128,solve.va_sample,2,327.289,
1246.7131,solve.va_sample,2,327.289,
1247.2133,solve.va_sample,2,327.289,
1247.7135,solve.va_sample,2,327.289,
1248.2138,solve.va_sample,2,327.289,
1248.7140,solve.va_sample,2,327.289,
1249.2143,solve.va_sample,2,327.289,
1249.7145,solve.va_sample,2,327.289,
1250.2148,solve.va_sample,2,327.289,
1250.7150,solve.va_sample,2,327.289,
1251.2152,solve.va_sample,2,327.289,
1251.7155,solve.va_sample,2,327.289,
1252.2157,solve.va_sample,2,327.289,
1252.7160,solve.va_sample,2,327.289,
1253.2162,solve.va_sample,2,327.289,
1253.7165,solve.va_sample,2,327.289,
1254.2167,solve.va_sample,2,327.289,
1254.7170,solve.va_sample,2,327.289,
1255.2172,solve.va_sample,2,327.289,
1255.7175,solve.va_sample,2,327.289,
1256.2177,solve.va_sample,2,327.289,
1256.7180,solve.va_sample,2,327.289,
1257.2182,solve.va_sample,2,327.289,
1257.7185,solve.va_sample,2,327.289,
1258.2187,solve.va_sample,2,327.289,
1258.7190,solve.va_sample,2,327.289,
1259.2192,solve.va_sample,2,327.289,
1259.7195,solve.va_sample,2,327.289,
1260.2197,solve.va_sample,2,327.289,
1260.7200,solve.va_sample,2,327.289,
1261.2202,solve.va_sample,2,327.289,
1261.7204,solve.va_sample,2,327.289,
1262.2207,solve.va_sample,2,327.289,
1262.7209,solve.va_sample,2,327.289,
1263.2211,solve.va_sample,2,327.289,
1263.7214,solve.va_sample,2,327.289,
1264.2216,solve.va_sample,2,327.289,
1264.7218,solve.va_sample,2,327.289,
1265.2220,solve.va_sample,2,327.289,
1265.7223,solve.va_sample,2,327.289,
1266.2225,solve.va_sample,2,327.289,
1266.7227,solve.va_sample,2,327.289,
1267.2230,solve.va_sample,2,327.289,
1267.7232,solve.va_sample,2,327.289,
1268.2235,solve.va_sample,2,327.289,
1268.7237,solve.va_sample,2,327.289,
1269.2239,solve.va_sample,2,327.289,
1269.7242,solve.va_sample,2,327.289,
1270.2245,solve.va_sample,2,327.289,
1270.7247,solve.va_sample,2,327.289,
1271.2250,solve.va_sample,2,327.289,
1271.7253,solve.va_sample,2,327.289,
1272.2255,solve.va_sample,2,327.289,
1272.7258,solve.va_sample,2,327.289,
1273.2260,solve.va_sample,2,327.289,
1273.7263,solve.va_sample,2,327.289,
1274.2265,solve.va_sample,2,327.289,
1274.7267,solve.va_sample,2,327.289,
1275.2270,solve.va_sample,2,327.289,
1275.7272,solve.va_sample,2,327.289,
1276.2275,solve.va_sample,2,327.289,
1276.7277,solve.va_sample,2,327.289,
1277.2279,solve.va_sample,2,327.289,
1277.7282,solve.va_sample,2,327.289,
1278.2285,solve.va_sample,2,327.289,
1278.7287,solve.va_sample,2,327.289,
1279.2290,solve.va_sample,2,327.289,
1279.7292,solve.va_sample,2,327.289,
1280.2295,solve.va_sample,2,327.289,
1280.7297,solve.va_sample,2,327.289,
1281.2299,solve.va_sample,2,327.289,
1281.7302,solve.va_sample,2,327.289,
1282.2304,solve.va_sample,2,327.289,
1282.7306,solve.va_sample,2,327.289,
1283.2309,solve.va_sample,2,327.289,
1283.7311,solve.va_sample,2,327.289,
1284.2313,solve.va_sample,2,327.289,
1284.7316,solve.va_sample,2,327.289,
1285.2318,solve.va_sample,2,327.289,
1285.7321,solve.va_sample,2,327.289,
1286.2323,solve.va_sample,2,327.289,
1286.7326,solve.va_sample,2,327.289,
1287.2329,solve.va_sample,2,327.289,
1287.7331,solve.va_sample,2,327.289,
1288.2334,solve.va_sample,2,327.289,
1288.7336,solve.va_sample,2,327.289,
1289.2339,solve.va_sample,2,327.289,
1289.7341,solve.va_sample,2,327.289,
1290.2344,solve.va_sample,2,327.289,
1290.7346,solve.va_sample,2,327.289,
1291.2349,solve.va_sample,2,327.289,
1291.7351,solve.va_sample,2,327.289,
1292.2354,solve.va_sample,2,327.289,
1292.7356,solve.va_sample,2,327.289,
1293.2358,solve.va_sample,2,327.289,
1293.7361,solve.va_sample,2,327.289,
1294.2363,solve.va_sample,2,327.289,
1294.7366,solve.va_sample,2,327.289,
1295.2369,solve.va_sample,2,327.289,
1295.7371,solve.va_sample,2,327.547,
1296.2374,solve.va_sample,2,327.547,
1296.7376,solve.va_sample,2,327.547,
1297.2379,solve.va_sample,2,327.547,
1297.7382,solve.va_sample,2,327.547,
1298.2384,solve.va_sample,2,327.547,
1298.7386,solve.va_sample,2,327.547,
1299.2389,solve.va_sample,2,327.547,
1299.7391,solve.va_sample,2,327.547,
1300.2394,solve.va_sample,2,327.547,
1300.7396,solve.va_sample,2,327.547,
1301.2399,solve.va_sample,2,327.547,
1301.7402,solve.va_sample,2,327.547,
1302.2404,solve.va_sample,2,327.547,
1302.7407,solve.va_sample,2,327.547,
1303.2410,solve.va_sample,2,327.547,
1303.7412,solve.va_sample,2,327.547,
1304.2415,solve.va_sample,2,327.547,
1304.7417,solve.va_sample,2,327.547,
1305.2420,solve.va_sample,2,327.547,
1305.7422,solve.va_sample,2,327.547,
1306.2425,solve.va_sample,2,327.547,
1306.7427,solve.va_sample,2,327.547,
1307.2430,solve.va_sample,2,327.547,
1307.7432,solve.va_sample,2,327.547,
1308.2435,solve.va_sample,2,327.547,
1308.7437,solve.va_sample,2,327.547,
1309.2440,solve.va_sample,2,327.547,
1309.7442,solve.va_sample,2,327.547,
1310.2444,solve.va_sample,2,327.547,
1310.7447,solve.va_sample,2,327.547,
1311.2449,solve.va_sample,2,327.547,
1311.7452,solve.va_sample,2,327.547,
1312.2455,solve.va_sample,2,327.547,
1312.7457,solve.va_sample,2,327.547,
1313.2460,solve.va_sample,2,327.547,
1313.7463,solve.va_sample,2,327.547,
1314.2465,solve.va_sample,2,327.547,
1314.7468,solve.va_sample,2,327.547,
1315.2471,solve.va_sample,2,327.547,
1315.7473,solve.va_sample,2,327.547,
1316.2476,solve.va_sample,2,327.547,
1316.7478,solve.va_sample,2,327.547,
1317.2481,solve.va_sample,2,327.547,
1317.7483,solve.va_sample,2,327.547,
1318.2486,solve.va_sample,2,327.547,
1318.7488,solve.va_sample,2,327.547,
1319.2490,solve.va_sample,2,327.547,
1319.7493,solve.va_sample,2,327.547,
1320.2495,solve.va_sample,2,327.547,
1320.7498,solve.va_sample,2,327.547,
1321.2500,solve.va_sample,2,327.547,
1321.7503,solve.va_sample,2,327.547,
1322.2505,solve.va_sample,2,327.547,
1322.7508,solve.va_sample,2,327.547,
1323.2510,solve.va_sample,2,327.547,
1323.7513,solve.va_sample,2,327.547,
1324.2515,solve.va_sample,2,327.547,
1324.7518,solve.va_sample,2,327.547,
1325.2520,solve.va_sample,2,327.547,
1325.7523,solve.va_sample,2,327.547,
1326.2525,solve.va_sample,2,327.547,
1326.7527,solve.va_sample,2,327.547,
1327.2530,solve.va_sample,2,327.547,
1327.7532,solve.va_sample,2,327.547,
1328.2535,solve.va_sample,2,327.547,
1328.7537,solve.va_sample,2,327.547,
1329.2540,solve.va_sample,2,327.547,
1329.7543,solve.va_sample,2,327.547,
1330.2546,solve.va_sample,2,327.547,
1330.7548,solve.va_sample,2,327.547,
1331.2551,solve.va_sample,2,327.547,
1331.7553,solve.va_sample,2,327.547,
1332.2556,solve.va_sample,2,327.547,
1332.7558,solve.va_sample,2,327.547,
1333.2560,solve.va_sample,2,327.547,
1333.7563,solve.va_sample,2,327.547,
1334.2566,solve.va_sample,2,327.547,
1334.7568,solve.va_sample,2,327.547,
1335.2571,solve.va_sample,2,327.547,
1335.7573,solve.va_sample,2,327.547,
1336.2576,solve.va_sample,2,327.547,
1336.7578,solve.va_sample,2,327.547,
1337.2581,solve.va_sample,2,327.547,
1337.7583,solve.va_sample,2,327.547,
1338.2586,solve.va_sample,2,327.547,
1338.7588,solve.va_sample,2,327.547,
1339.2591,solve.va_sample,2,327.547,
1339.7593,solve.va_sample,2,327.547,
1340.2596,solve.va_sample,2,327.547,
1340.7598,solve.va_sample,2,327.547,
1341.2601,solve.va_sample,2,327.547,
1341.7603,solve.va_sample,2,327.547,
1342.2606,solve.va_sample,2,327.547,
1342.7608,solve.va_sample,2,327.547,
1343.2611,solve.va_sample,2,327.547,
1343.7614,solve.va_sample,2,327.547,
1344.2616,solve.va_sample,2,327.547,
1344.7618,solve.va_sample,2,327.547,
1345.2621,solve.va_sample,2,327.547,
1345.7623,solve.va_sample,2,327.547,
1346.2626,solve.va_sample,2,327.547,
1346.7628,solve.va_sample,2,327.547,
1347.2630,solve.va_sample,2,327.547,
1347.7633,solve.va_sample,2,327.547,
1348.2635,solve.va_sample,2,327.547,
1348.7638,solve.va_sample,2,327.547,
1349.2640,solve.va_sample,2,327.547,
1349.7643,solve.va_sample,2,327.547,
1350.2645,solve.va_sample,2,327.547,
1350.7647,solve.va_sample,2,327.547,
1351.2650,solve.va_sample,2,327.547,
1351.7652,solve.va_sample,2,327.547,
1352.2654,solve.va_sample,2,327.547,
1352.7657,solve.va_sample,2,327.547,
1353.2659,solve.va_sample,2,327.547,
1353.7661,solve.va_sample,2,327.547,
1354.2664,solve.va_sample,2,327.547,
1354.7666,solve.va_sample,2,327.547,
1355.2668,solve.va_sample,2,327.547,
1355.7671,solve.va_sample,2,327.547,
1356.2673,solve.va_sample,2,327.547,
1356.7676,solve.va_sample,2,327.547,
1357.2678,solve.va_sample,2,327.547,
1357.7681,solve.va_sample,2,327.547,
1358.2684,solve.va_sample,2,327.547,
1358.7686,solve.va_sample,2,327.547,
1359.2688,solve.va_sample,2,327.547,
1359.7691,solve.va_sample,2,327.547,
1360.2693,solve.va_sample,2,327.547,
1360.7695,solve.va_sample,2,327.547,
1361.2698,solve.va_sample,2,327.547,
1361.7700,solve.va_sample,2,327.547,
1362.2702,solve.va_sample,2,327.547,
1362.7705,solve.va_sample,2,327.547,
1363.2707,solve.va_sample,2,327.547,
1363.7710,solve.va_sample,2,327.547,
1364.2712,solve.va_sample,2,327.547,
1364.7715,solve.va_sample,2,327.547,
1365.2717,solve.va_sample,2,327.547,
1365.7719,solve.va_sample,2,327.547,
1366.2722,solve.va_sample,2,327.547,
1366.7724,solve.va_sample,2,327.547,
1367.2727,solve.va_sample,2,327.547,
1367.7729,solve.va_sample,2,327.547,
1368.2731,solve.va_sample,2,327.547,
1368.7734,solve.va_sample,2,327.547,
1369.2736,solve.va_sample,2,327.547,
1369.7738,solve.va_sample,2,327.547,
1370.2741,solve.va_sample,2,327.547,
1370.7743,solve.va_sample,2,327.547,
1371.2746,solve.va_sample,2,327.547,
1371.7748,solve.va_sample,2,327.547,
1372.2751,solve.va_sample,2,327.547,
1372.7753,solve.va_sample,2,327.547,
1373.2756,solve.va_sample,2,327.547,
1373.7758,solve.va_sample,2,327.547,
1374.2760,solve.va_sample,2,327.547,
1374.7763,solve.va_sample,2,327.547,
1375.2765,solve.va_sample,2,327.547,
1375.7768,solve.va_sample,2,327.547,
1376.2771,solve.va_sample,2,327.547,
1376.7773,solve.va_sample,2,327.547,
1377.2776,solve.va_sample,2,327.547,
1377.7778,solve.va_sample,2,327.547,
1378.2781,solve.va_sample,2,327.547,
1378.7783,solve.va_sample,2,327.547,
1379.2786,solve.va_sample,2,327.547,
1379.7788,solve.va_sample,2,327.547,
1380.2791,solve.va_sample,2,327.547,
1380.7793,solve.va_sample,2,327.547,
1381.2795,solve.va_sample,2,327.547,
1381.7798,solve.va_sample,2,327.547,
1382.2800,solve.va_sample,2,327.547,
1382.7803,solve.va_sample,2,327.547,
1383.2805,solve.va_sample,2,327.547,
1383.7808,solve.va_sample,2,327.547,
1384.2810,solve.va_sample,2,327.547,
1384.7812,solve.va_sample,2,327.547,
1385.2815,solve.va_sample,2,327.547,
1385.7818,solve.va_sample,2,327.547,
1386.2820,solve.va_sample,2,327.547,
1386.7823,solve.va_sample,2,327.547,
1387.2826,solve.va_sample,2,327.547,
1387.7828,solve.va_sample,2,327.547,
1388.2831,solve.va_sample,2,327.547,
1388.7833,solve.va_sample,2,327.547,
1389.2836,solve.va_sample,2,327.547,
1389.7838,solve.va_sample,2,327.547,
1390.2841,solve.va_sample,2,327.547,
1390.7844,solve.va_sample,2,327.547,
1391.2847,solve.va_sample,2,327.547,
1391.7849,solve.va_sample,2,327.547,
1392.2852,solve.va_sample,2,327.547,
1392.7854,solve.va_sample,2,327.547,
1393.2856,solve.va_sample,2,327.547,
1393.7859,solve.va_sample,2,327.547,
1394.2861,solve.va_sample,2,327.547,
1394.7863,solve.va_sample,2,327.547,
1395.2866,solve.va_sample,2,327.547,
1395.7868,solve.va_sample,2,327.547,
1396.2871,solve.va_sample,2,327.547,
1396.7874,solve.va_sample,2,327.547,
1397.2876,solve.va_sample,2,327.547,
1397.7879,solve.va_sample,2,327.547,
1398.2881,solve.va_sample,2,327.547,
1398.7884,solve.va_sample,2,327.547,
1399.2887,solve.va_sample,2,327.547,
1399.7889,solve.va_sample,2,327.547,
1400.2892,solve.va_sample,2,327.547,
1400.7894,solve.va_sample,2,327.547,
1401.2897,solve.va_sample,2,327.547,
1401.7899,solve.va_sample,2,327.547,
1402.2902,solve.va_sample,2,327.547,
1402.7904,solve.va_sample,2,327.547,
1403.2907,solve.va_sample,2,327.547,
1403.7909,solve.va_sample,2,327.547,
1404.2912,solve.va_sample,2,327.547,
1404.7914,solve.va_sample,2,327.547,
1405.2917,solve.va_sample,2,327.547,
1405.7920,solve.va_sample,2,327.547,
1406.2922,solve.va_sample,2,327.547,
1406.7924,solve.va_sample,2,327.547,
1407.2927,solve.va_sample,2,327.547,
1407.7929,solve.va_sample,2,327.547,
1408.2932,solve.va_sample,2,327.547,
1408.7934,solve.va_sample,2,327.547,
1409.2936,solve.va_sample,2,327.547,
1409.7939,solve.va_sample,2,327.547,
1410.2941,solve.va_sample,2,327.547,
1410.7944,solve.va_sample,2,327.547,
1411.2946,solve.va_sample,2,327.547,
1411.7948,solve.va_sample,2,327.547,
1412.2951,solve.va_sample,2,327.547,
1412.7953,solve.va_sample,2,327.547,
1413.2955,solve.va_sample,2,327.547,
1413.7958,solve.va_sample,2,327.547,
1414.2961,solve.va_sample,2,327.547,
1414.7963,solve.va_sample,2,327.547,
1415.2966,solve.va_sample,2,327.547,
1415.7968,solve.va_sample,2,327.547,
1416.2970,solve.va_sample,2,327.547,
1416.7973,solve.va_sample,2,327.547,
1417.2975,solve.va_sample,2,327.547,
1417.7978,solve.va_sample,2,327.547,
1418.2980,solve.va_sample,2,327.547,
1418.7983,solve.va_sample,2,327.547,
1419.2985,solve.va_sample,2,327.547,
1419.7988,solve.va_sample,2,327.547,
1420.2990,solve.va_sample,2,327.547,
1420.7993,solve.va_sample,2,327.547,
1421.2996,solve.va_sample,2,327.547,
1421.7998,solve.va_sample,2,327.547,
1422.3001,solve.va_sample,2,327.547,
1422.8003,solve.va_sample,2,327.547,
1423.3006,solve.va_sample,2,327.547,
1423.8008,solve.va_sample,2,327.547,
1424.3011,solve.va_sample,2,327.547,
1424.8014,solve.va_sample,2,327.547,
1425.3016,solve.va_sample,2,327.547,
1425.8019,solve.va_sample,2,327.547,
1426.3022,solve.va_sample,2,327.547,
1426.8024,solve.va_sample,2,327.547,
1427.3027,solve.va_sample,2,327.547,
1427.8029,solve.va_sample,2,327.547,
1428.3032,solve.va_sample,2,327.547,
1428.8035,solve.va_sample,2,327.547,
1429.3038,solve.va_sample,2,327.547,
1429.8040,solve.va_sample,2,327.547,
1430.3043,solve.va_sample,2,327.547,
1430.8045,solve.va_sample,2,327.547,
1431.3048,solve.va_sample,2,327.547,
1431.8051,solve.va_sample,2,327.547,
1432.3053,solve.va_sample,2,327.547,
1432.8056,solve.va_sample,2,327.547,
1433.3058,solve.va_sample,2,327.547,
1433.8061,solve.va_sample,2,327.547,
1434.3063,solve.va_sample,2,327.547,
1434.8066,solve.va_sample,2,327.547,
1435.3068,solve.va_sample,2,327.547,
1435.8071,solve.va_sample,2,327.547,
1436.3074,solve.va_sample,2,327.547,
1436.8076,solve.va_sample,2,327.547,
1437.3079,solve.va_sample,2,327.547,
1437.8081,solve.va_sample,2,327.547,
1438.3084,solve.va_sample,2,327.547,
1438.8086,solve.va_sample,2,327.547,
1439.3088,solve.va_sample,2,327.547,
1439.8091,solve.va_sample,2,327.547,
1440.3094,solve.va_sample,2,327.547,
1440.8096,solve.va_sample,2,327.547,
1441.3098,solve.va_sample,2,327.547,
1441.8101,solve.va_sample,2,327.547,
1442.3103,solve.va_sample,2,327.547,
1442.8106,solve.va_sample,2,327.547,
1443.3108,solve.va_sample,2,327.547,
1443.8111,solve.va_sample,2,327.547,
1444.3113,solve.va_sample,2,327.547,
1444.8116,solve.va_sample,2,327.547,
1445.3118,solve.va_sample,2,327.547,
1445.8120,solve.va_sample,2,327.547,
1446.3123,solve.va_sample,2,327.547,
1446.8125,solve.va_sample,2,327.547,
1447.3127,solve.va_sample,2,327.547,
1447.8130,solve.va_sample,2,327.547,
1448.3132,solve.va_sample,2,327.547,
1448.8134,solve.va_sample,2,327.547,
1449.3137,solve.va_sample,2,327.547,
1449.8139,solve.va_sample,2,327.547,
1450.3141,solve.va_sample,2,327.547,
1450.8144,solve.va_sample,2,327.547,
1451.3146,solve.va_sample,2,327.547,
1451.8149,solve.va_sample,2,327.547,
1452.3151,solve.va_sample,2,327.547,
1452.8154,solve.va_sample,2,327.547,
1453.3156,solve.va_sample,2,327.547,
1453.8158,solve.va_sample,2,327.547,
1454.3161,solve.va_sample,2,327.547,
1454.8163,solve.va_sample,2,327.547,
1455.3165,solve.va_sample,2,327.547,
1455.8168,solve.va_sample,2,327.547,
1456.3170,solve.va_sample,2,327.547,
1456.8173,solve.va_sample,2,327.547,
1457.3176,solve.va_sample,2,327.547,
1457.8178,solve.va_sample,2,327.547,
1458.3181,solve.va_sample,2,327.547,
1458.8183,solve.va_sample,2,327.547,
1459.3186,solve.va_sample,2,327.547,
1459.8188,solve.va_sample,2,327.547,
1460.3190,solve.va_sample,2,327.547,
1460.8193,solve.va_sample,2,327.547,
1461.3195,solve.va_sample,2,327.547,
1461.8198,solve.va_sample,2,327.547,
1462.3200,solve.va_sample,2,327.547,
1462.8203,solve.va_sample,2,327.547,
1463.3206,solve.va_sample,2,327.547,
1463.8208,solve.va_sample,2,327.547,
1464.3211,solve.va_sample,2,327.547,
1464.8214,solve.va_sample,2,327.547,
1465.3216,solve.va_sample,2,327.547,
1465.8219,solve.va_sample,2,327.547,
1466.3222,solve.va_sample,2,327.547,
1466.8224,solve.va_sample,2,327.547,
1467.3227,solve.va_sample,2,327.547,
1467.8229,solve.va_sample,2,327.547,
1468.3232,solve.va_sample,2,327.547,
1468.8235,solve.va_sample,2,327.547,
1469.3237,solve.va_sample,2,327.547,
1469.8240,solve.va_sample,2,327.547,
1470.3242,solve.va_sample,2,327.547,
1470.8245,solve.va_sample,2,327.547,
1471.3248,solve.va_sample,2,327.547,
1471.8250,solve.va_sample,2,327.547,
1472.3252,solve.va_sample,2,327.547,
1472.8255,solve.va_sample,2,327.547,
1473.3257,solve.va_sample,2,327.547,
1473.8260,solve.va_sample,2,327.547,
1474.3262,solve.va_sample,2,327.547,
1474.8265,solve.va_sample,2,327.547,
1475.3267,solve.va_sample,2,327.547,
1475.8270,solve.va_sample,2,327.547,
1476.3272,solve.va_sample,2,327.547,
1476.8275,solve.va_sample,2,327.547,
1477.3278,solve.va_sample,2,327.547,
1477.8280,solve.va_sample,2,327.547,
1478.3283,solve.va_sample,2,327.547,
1478.8285,solve.va_sample,2,327.547,
1479.3287,solve.va_sample,2,327.547,
1479.8289,solve.va_sample,2,327.547,
1480.3292,solve.va_sample,2,327.547,
1480.8294,solve.va_sample,2,327.547,
1481.3296,solve.va_sample,2,327.547,
1481.8299,solve.va_sample,2,327.547,
1482.3301,solve.va_sample,2,327.547,
1482.8303,solve.va_sample,2,327.547,
1483.3306,solve.va_sample,2,327.547,
1483.8308,solve.va_sample,2,327.547,
1484.3310,solve.va_sample,2,327.547,
1484.8313,solve.va_sample,2,327.547,
1485.3315,solve.va_sample,2,327.547,
1485.8318,solve.va_sample,2,327.547,
1486.3320,solve.va_sample,2,327.547,
1486.8323,solve.va_sample,2,327.547,
1487.3325,solve.va_sample,2,327.547,
1487.8327,solve.va_sample,2,327.547,
1488.3330,solve.va_sample,2,327.547,
1488.8332,solve.va_sample,2,327.547,
1489.3335,solve.va_sample,2,327.547,
1489.8337,solve.va_sample,2,327.547,
1490.3339,solve.va_sample,2,327.547,
1490.8342,solve.va_sample,2,327.547,
1491.3344,solve.va_sample,2,327.547,
1491.8346,solve.va_sample,2,327.547,
1492.3349,solve.va_sample,2,327.547,
1492.8351,solve.va_sample,2,327.547,
1493.3353,solve.va_sample,2,327.547,
1493.8356,solve.va_sample,2,327.547,
1494.3358,solve.va_sample,2,327.547,
1494.8361,solve.va_sample,2,327.547,
1495.3363,solve.va_sample,2,327.547,
1495.8366,solve.va_sample,2,327.547,
1496.3369,solve.va_sample,2,327.547,
1496.8371,solve.va_sample,2,327.547,
1497.3374,solve.va_sample,2,327.547,
1497.8377,solve.va_sample,2,327.547,
1498.3379,solve.va_sample,2,327.547,
1498.8382,solve.va_sample,2,327.547,
1499.3384,solve.va_sample,2,327.547,
1499.8387,solve.va_sample,2,327.547,
1500.3390,solve.va_sample,2,327.547,
1500.8392,solve.va_sample,2,327.547,
1501.3394,solve.va_sample,2,327.547,
1501.8397,solve.va_sample,2,327.547,
1502.3399,solve.va_sample,2,327.547,
1502.8401,solve.va_sample,2,327.547,
1503.3404,solve.va_sample,2,327.547,
1503.8406,solve.va_sample,2,327.547,
1504.3408,solve.va_sample,2,327.547,
1504.8411,solve.va_sample,2,327.547,
1505.3413,solve.va_sample,2,327.547,
1505.8416,solve.va_sample,2,327.547,
1506.3418,solve.va_sample,2,327.547,
1506.8421,solve.va_sample,2,327.547,
1507.3423,solve.va_sample,2,327.547,
1507.8425,solve.va_sample,2,327.547,
1508.3428,solve.va_sample,2,327.547,
1508.8430,solve.va_sample,2,327.547,
1509.3433,solve.va_sample,2,327.547,
1509.8436,solve.va_sample,2,327.547,
1510.3438,solve.va_sample,2,327.547,
1510.8441,solve.va_sample,2,327.547,
1511.3443,solve.va_sample,2,327.547,
1511.8446,solve.va_sample,2,327.547,
1512.3448,solve.va_sample,2,327.547,
1512.8451,solve.va_sample,2,327.547,
1513.3453,solve.va_sample,2,327.547,
1513.8455,solve.va_sample,2,327.547,
1514.3458,solve.va_sample,2,327.547,
1514.8461,solve.va_sample,2,327.547,
1515.3463,solve.va_sample,2,327.547,
1515.8466,solve.va_sample,2,327.547,
1516.3468,solve.va_sample,2,327.547,
1516.8470,solve.va_sample,2,327.547,
1517.3473,solve.va_sample,2,327.547,
1517.8475,solve.va_sample,2,327.547,
1518.3477,solve.va_sample,2,327.547,
1518.8480,solve.va_sample,2,327.547,
1519.3482,solve.va_sample,2,327.547,
1519.8485,solve.va_sample,2,327.547,
1520.3487,solve.va_sample,2,327.547,
1520.8489,solve.va_sample,2,327.547,
1521.3492,solve.va_sample,2,327.547,
1521.8494,solve.va_sample,2,327.547,
1522.3496,solve.va_sample,2,327.547,
1522.8499,solve.va_sample,2,327.547,
1523.3501,solve.va_sample,2,327.547,
1523.8504,solve.va_sample,2,327.547,
1524.3506,solve.va_sample,2,327.547,
1524.8508,solve.va_sample,2,327.547,
1525.3511,solve.va_sample,2,327.547,
1525.8513,solve.va_sample,2,327.547,
1526.3516,solve.va_sample,2,327.547,
1526.8518,solve.va_sample,2,327.547,
1527.3520,solve.va_sample,2,327.547,
1527.8523,solve.va_sample,2,327.547,
1528.3526,solve.va_sample,2,327.547,
1528.8528,solve.va_sample,2,327.547,
1529.3530,solve.va_sample,2,327.547,
1529.8533,solve.va_sample,2,327.547,
1530.3535,solve.va_sample,2,327.547,
1530.8538,solve.va_sample,2,327.547,
1531.3540,solve.va_sample,2,327.547,
1531.8542,solve.va_sample,2,327.547,
1532.3545,solve.va_sample,2,327.547,
1532.8547,solve.va_sample,2,327.547,
1533.3550,solve.va_sample,2,327.547,
1533.8552,solve.va_sample,2,327.547,
1534.3555,solve.va_sample,2,327.547,
1534.8557,solve.va_sample,2,327.547,
1535.3559,solve.va_sample,2,327.547,
1535.8562,solve.va_sample,2,327.547,
1536.3564,solve.va_sample,2,327.547,
1536.8567,solve.va_sample,2,327.547,
1537.3570,solve.va_sample,2,327.547,
1537.8572,solve.va_sample,2,327.547,
1538.3575,solve.va_sample,2,327.547,
1538.8578,solve.va_sample,2,327.547,
1539.3580,solve.va_sample,2,327.547,
1539.8583,solve.va_sample,2,327.547,
1540.3585,solve.va_sample,2,327.547,
1540.8588,solve.va_sample,2,327.547,
1541.3590,solve.va_sample,2,327.547,
1541.8593,solve.va_sample,2,327.547,
1542.3595,solve.va_sample,2,327.547,
1542.8598,solve.va_sample,2,327.547,
1543.3600,solve.va_sample,2,327.547,
1543.8603,solve.va_sample,2,327.547,
1544.3605,solve.va_sample,2,327.547,
1544.8608,solve.va_sample,2,327.547,
1545.3610,solve.va_sample,2,327.547,
1545.8612,solve.va_sample,2,327.547,
1546.3615,solve.va_sample,2,327.547,
1546.8617,solve.va_sample,2,327.547,
1547.3620,solve.va_sample,2,327.547,
1547.8622,solve.va_sample,2,327.547,
1548.3625,solve.va_sample,2,327.547,
1548.8627,solve.va_sample,2,327.547,
1549.3629,solve.va_sample,2,327.547,
1549.8632,solve.va_sample,2,327.547,
1550.3634,solve.va_sample,2,327.547,
1550.8636,solve.va_sample,2,327.547,
1551.3639,solve.va_sample,2,327.547,
1551.8641,solve.va_sample,2,327.547,
1552.3644,solve.va_sample,2,327.547,
1552.8646,solve.va_sample,2,327.547,
1553.3648,solve.va_sample,2,327.547,
1553.8650,solve.va_sample,2,327.547,
1554.3653,solve.va_sample,2,327.547,
1554.8655,solve.va_sample,2,327.547,
1555.3658,solve.va_sample,2,327.547,
1555.8661,solve.va_sample,2,327.547,
1556.3663,solve.va_sample,2,327.547,
1556.8666,solve.va_sample,2,327.547,
1557.3668,solve.va_sample,2,327.547,
1557.8671,solve.va_sample,2,327.547,
1558.3673,solve.va_sample,2,327.547,
1558.8676,solve.va_sample,2,327.547,
1559.3678,solve.va_sample,2,327.547,
1559.8680,solve.va_sample,2,327.547,
1560.3683,solve.va_sample,2,327.547,
1560.8685,solve.va_sample,2,327.547,
1561.3687,solve.va_sample,2,327.547,
1561.8690,solve.va_sample,2,327.547,
1562.3692,solve.va_sample,2,327.547,
1562.8695,solve.va_sample,2,327.547,
1563.3697,solve.va_sample,2,327.547,
1563.8700,solve.va_sample,2,327.547,
1564.3703,solve.va_sample,2,327.547,
1564.8705,solve.va_sample,2,327.547,
1565.3708,solve.va_sample,2,327.547,
1565.8710,solve.va_sample,2,327.547,
1566.3713,solve.va_sample,2,327.547,
1566.8715,solve.va_sample,2,327.547,
1567.3718,solve.va_sample,2,327.547,
1567.8720,solve.va_sample,2,327.547,
1568.3723,solve.va_sample,2,327.547,
1568.8725,solve.va_sample,2,327.547,
1569.3728,solve.va_sample,2,327.547,
1569.8730,solve.va_sample,2,327.547,
1570.3733,solve.va_sample,2,327.547,
1570.8735,solve.va_sample,2,327.547,
1571.3738,solve.va_sample,2,327.547,
1571.8741,solve.va_sample,2,327.547,
1572.3743,solve.va_sample,2,327.547,
1572.8746,solve.va_sample,2,327.547,
1573.3748,solve.va_sample,2,327.547,
1573.8750,solve.va_sample,2,327.547,
1574.3753,solve.va_sample,2,327.547,
1574.8755,solve.va_sample,2,327.547,
1575.3758,solve.va_sample,2,327.547,
1575.8760,solve.va_sample,2,327.547,
1576.3763,solve.va_sample,2,327.547,
1576.8766,solve.va_sample,2,327.547,
1577.3768,solve.va_sample,2,327.547,
1577.8771,solve.va_sample,2,327.547,
1578.3773,solve.va_sample,2,327.547,
1578.8776,solve.va_sample,2,327.547,
1579.3778,solve.va_sample,2,327.547,
1579.8781,solve.va_sample,2,327.547,
1580.3784,solve.va_sample,2,327.547,
1580.8786,solve.va_sample,2,327.547,
1581.3789,solve.va_sample,2,327.547,
1581.8791,solve.va_sample,2,327.547,
1582.3794,solve.va_sample,2,327.547,
1582.8796,solve.va_sample,2,327.547,
1583.3799,solve.va_sample,2,327.547,
1583.8801,solve.va_sample,2,327.547,
1584.3804,solve.va_sample,2,327.547,
1584.8807,solve.va_sample,2,327.547,
1585.3809,solve.va_sample,2,327.547,
1585.8812,solve.va_sample,2,327.547,
1586.3815,solve.va_sample,2,327.547,
1586.8817,solve.va_sample,2,327.547,
1587.3820,solve.va_sample,2,327.547,
1587.8822,solve.va_sample,2,327.547,
1588.3825,solve.va_sample,2,327.547,
1588.8827,solve.va_sample,2,327.547,
1589.3830,solve.va_sample,2,327.547,
1589.8833,solve.va_sample,2,327.547,
1590.3835,solve.va_sample,2,327.547,
1590.8837,solve.va_sample,2,327.547,
1591.3840,solve.va_sample,2,327.547,
1591.8842,solve.va_sample,2,327.547,
1592.3845,solve.va_sample,2,327.547,
1592.8847,solve.va_sample,2,327.547,
1593.3850,solve.va_sample,2,327.547,
1593.8853,solve.va_sample,2,327.547,
1594.3855,solve.va_sample,2,327.547,
1594.8858,solve.va_sample,2,327.547,
1595.3860,solve.va_sample,2,327.547,
1595.8863,solve.va_sample,2,327.547,
1596.3865,solve.va_sample,2,327.547,
1596.8868,solve.va_sample,2,327.547,
1597.3870,solve.va_sample,2,327.547,
1597.8873,solve.va_sample,2,327.547,
1598.3876,solve.va_sample,2,327.547,
1598.8878,solve.va_sample,2,327.547,
1599.3881,solve.va_sample,2,327.547,
1599.9103,solve.va_sample,2,332.445,
1600.4408,solve.va_sample,2,337.602,
1600.9619,solve.va_sample,2,342.758,
1601.4817,solve.va_sample,2,347.914,
1602.0026,solve.va_sample,2,353.070,
1602.0390,solve.va_sample,2,353.328,
1602.0419,solve.sample_eval,2,353.328,
1602.5390,solve.sample_eval,2,358.742,
1603.0760,solve.sample_eval,2,373.180,
1603.6066,solve.sample_eval,2,385.039,
1604.1325,solve.sample_eval,2,396.125,
1604.6683,solve.sample_eval,2,406.953,
1605.1990,solve.sample_eval,2,426.289,
1605.7297,solve.sample_eval,2,435.828,
1606.2717,solve.sample_eval,2,447.172,
1606.7972,solve.sample_eval,2,458.000,
1607.3279,solve.sample_eval,2,469.086,
1607.8636,solve.sample_eval,2,479.398,
1608.3892,solve.sample_eval,2,489.969,
1608.9148,solve.sample_eval,2,524.516,
1609.0804,solve.sample_eval,2,526.062,
1609.0820,solve,1,526.062,
1609.4557,(unmarked),0,535.238,
1609.8647,(unmarked),0,507.781,
