t_seconds,phase,depth,rss_mb,batch_id
0.0004,data_load,1,103.281,
0.0561,data_load,1,109.625,
0.0565,batch_build,1,109.625,
0.0877,batch_build,1,110.371,
0.0924,preflight,1,110.371,
0.5259,preflight,1,129.375,
0.5392,preflight.pyqubo_express,2,129.891,
0.6095,preflight.pyqubo_express,2,130.406,
0.6097,preflight.pyqubo_compile,2,130.406,
0.6556,preflight.pyqubo_compile,2,187.789,
0.6630,preflight.to_qubo,2,187.789,
0.7110,preflight.to_qubo,2,198.016,
0.7474,preflight,1,194.688,
0.8091,solve,1,195.406,
1.0516,solve,1,195.406,
1.2256,solve.pyqubo_express,2,196.438,
1.3056,solve.pyqubo_express,2,196.695,
1.3058,solve.pyqubo_compile,2,196.695,
1.3548,solve.pyqubo_compile,2,254.336,
1.3633,solve.to_qubo,2,254.336,
1.4111,solve.to_qubo,2,261.812,
1.4130,solve,1,261.812,
1.4134,solve,1,261.812,
1.4151,solve.va_model_build,2,261.812,
2.1089,solve.va_model_build,2,262.844,
2.1202,solve.va_model_build,2,325.750,
2.1204,solve.va_sample,2,325.750,
2.6092,solve.va_sample,2,326.266,
3.1095,solve.va_sample,2,326.266,
3.6097,solve.va_sample,2,326.266,
4.1100,solve.va_sample,2,326.266,
4.6103,solve.va_sample,2,326.266,
5.1105,solve.va_sample,2,326.266,
5.6108,solve.va_sample,2,326.266,
6.1110,solve.va_sample,2,326.266,
6.6113,solve.va_sample,2,326.266,
7.1115,solve.va_sample,2,326.266,
7.6118,solve.va_sample,2,326.266,
8.1120,solve.va_sample,2,326.266,
8.6122,solve.va_sample,2,326.266,
9.1125,solve.va_sample,2,326.266,
9.6127,solve.va_sample,2,326.266,
10.1130,solve.va_sample,2,326.266,
10.6132,solve.va_sample,2,326.266,
11.1135,solve.va_sample,2,326.266,
11.6137,solve.va_sample,2,326.266,
12.1139,solve.va_sample,2,326.266,
12.6142,solve.va_sample,2,326.266,
13.1144,solve.va_sample,2,326.266,
13.6146,solve.va_sample,2,326.266,
14.1148,solve.va_sample,2,326.266,
14.6151,solve.va_sample,2,326.266,
15.1153,solve.va_sample,2,326.266,
15.6155,solve.va_sample,2,326.266,
16.1158,solve.va_sample,2,326.266,
16.6161,solve.va_sample,2,326.266,
17.1163,solve.va_sample,2,326.266,
17.6165,solve.va_sample,2,326.266,
18.1168,solve.va_sample,2,326.266,
18.6170,solve.va_sample,2,326.266,
19.1173,solve.va_sample,2,326.266,
19.6175,solve.va_sample,2,326.266,
20.1177,solve.va_sample,2,326.266,
20.6180,solve.va_sample,2,326.266,
21.1182,solve.va_sample,2,326.266,
21.6184,solve.va_sample,2,326.266,
22.1187,solve.va_sample,2,326.266,
22.6189,solve.va_sample,2,326.266,
23.1191,solve.va_sample,2,326.266,
23.6194,solve.va_sample,2,326.266,
24.1196,solve.va_sample,2,326.266,
24.6198,solve.va_sample,2,326.266,
25.1201,solve.va_sample,2,326.266,
25.6203,solve.va_sample,2,326.266,
26.1205,solve.va_sample,2,326.266,
26.6208,solve.va_sample,2,326.266,
27.1210,solve.va_sample,2,326.266,
27.6213,solve.va_sample,2,326.266,
28.1215,solve.va_sample,2,326.266,
28.6218,solve.va_sample,2,326.266,
29.1220,solve.va_sample,2,326.266,
29.6223,solve.va_sample,2,326.266,
30.1225,solve.va_sample,2,326.266,
30.6228,solve.va_sample,2,326.266,
31.1230,solve.va_sample,2,326.266,
31.6233,solve.va_sample,2,326.266,
32.1235,solve.va_sample,2,326.266,
32.6238,solve.va_sample,2,326.266,
33.1240,solve.va_sample,2,326.266,
33.6242,solve.va_sample,2,326.266,
34.1245,solve.va_sample,2,326.266,
34.6247,solve.va_sample,2,326.266,
35.1250,solve.va_sample,2,326.266,
35.6252,solve.va_sample,2,326.266,
36.1255,solve.va_sample,2,326.266,
36.6257,solve.va_sample,2,326.266,
37.1260,solve.va_sample,2,326.266,
37.6262,solve.va_sample,2,326.266,
38.1265,solve.va_sample,2,326.266,
38.6267,solve.va_sample,2,326.266,
39.1269,solve.va_sample,2,326.266,
39.6272,solve.va_sample,2,326.266,
40.1274,solve.va_sample,2,326.266,
40.6277,solve.va_sample,2,326.266,
41.1279,solve.va_sample,2,326.266,
41.6281,solve.va_sample,2,326.266,
42.1284,solve.va_sample,2,326.266,
42.6286,solve.va_sample,2,326.266,
43.1289,solve.va_sample,2,326.266,
43.6291,solve.va_sample,2,326.266,
44.1294,solve.va_sample,2,326.266,
44.6296,solve.va_sample,2,326.266,
45.1299,solve.va_sample,2,326.266,
45.6301,solve.va_sample,2,326.266,
46.1304,solve.va_sample,2,326.266,
46.6306,solve.va_sample,2,326.266,
47.1309,solve.va_sample,2,326.266,
47.6311,solve.va_sample,2,326.266,
48.1314,solve.va_sample,2,326.266,
48.6316,solve.va_sample,2,326.266,
49.1318,solve.va_sample,2,326.266,
49.6321,solve.va_sample,2,326.266,
50.1323,solve.va_sample,2,326.266,
50.6326,solve.va_sample,2,326.266,
51.1328,solve.va_sample,2,326.266,
51.6330,solve.va_sample,2,326.266,
52.1333,solve.va_sample,2,326.266,
52.6335,solve.va_sample,2,326.266,
53.1337,solve.va_sample,2,326.266,
53.6340,solve.va_sample,2,326.266,
54.1342,solve.va_sample,2,326.266,
54.6344,solve.va_sample,2,326.266,
55.1346,solve.va_sample,2,326.266,
55.6349,solve.va_sample,2,326.266,
56.1351,solve.va_sample,2,326.266,
56.6353,solve.va_sample,2,326.266,
57.1356,solve.va_sample,2,326.266,
57.6358,solve.va_sample,2,326.266,
58.1360,solve.va_sample,2,326.266,
58.6362,solve.va_sample,2,326.266,
59.1365,solve.va_sample,2,326.266,
59.6368,solve.va_sample,2,326.266,
60.1370,solve.va_sample,2,326.266,
60.6373,solve.va_sample,2,326.266,
61.1375,solve.va_sample,2,326.266,
61.6377,solve.va_sample,2,326.266,
62.1380,solve.va_sample,2,326.266,
62.6382,solve.va_sample,2,326.266,
63.1385,solve.va_sample,2,326.266,
63.6387,solve.va_sample,2,326.266,
64.1389,solve.va_sample,2,326.266,
64.6392,solve.va_sample,2,326.266,
65.1395,solve.va_sample,2,326.266,
65.6397,solve.va_sample,2,326.266,
66.1399,solve.va_sample,2,326.266,
66.6402,solve.va_sample,2,326.266,
67.1404,solve.va_sample,2,326.266,
67.6407,solve.va_sample,2,326.266,
68.1409,solve.va_sample,2,326.266,
68.6411,solve.va_sample,2,326.266,
69.1414,solve.va_sample,2,326.266,
69.6416,solve.va_sample,2,326.266,
70.1418,solve.va_sample,2,326.266,
70.6421,solve.va_sample,2,326.266,
71.1423,solve.va_sample,2,326.266,
71.6426,solve.va_sample,2,326.266,
72.1428,solve.va_sample,2,326.266,
72.6430,solve.va_sample,2,326.266,
73.1433,solve.va_sample,2,326.266,
73.6435,solve.va_sample,2,326.266,
74.1438,solve.va_sample,2,326.266,
74.6440,solve.va_sample,2,326.266,
75.1442,solve.va_sample,2,326.266,
75.6445,solve.va_sample,2,326.266,
76.1447,solve.va_sample,2,326.266,
76.6450,solve.va_sample,2,326.266,
77.1452,solve.va_sample,2,326.266,
77.6454,solve.va_sample,2,326.266,
78.1456,solve.va_sample,2,326.266,
78.6459,solve.va_sample,2,326.266,
79.1461,solve.va_sample,2,326.266,
79.6463,solve.va_sample,2,326.266,
80.1465,solve.va_sample,2,326.266,
80.6468,solve.va_sample,2,326.266,
81.1470,solve.va_sample,2,326.266,
81.6472,solve.va_sample,2,326.266,
82.1475,solve.va_sample,2,326.266,
82.6477,solve.va_sample,2,326.266,
83.1479,solve.va_sample,2,326.266,
83.6481,solve.va_sample,2,326.266,
84.1484,solve.va_sample,2,326.266,
84.6486,solve.va_sample,2,326.266,
85.1488,solve.va_sample,2,326.266,
85.6491,solve.va_sample,2,326.266,
86.1493,solve.va_sample,2,326.266,
86.6496,solve.va_sample,2,326.266,
87.1498,solve.va_sample,2,326.266,
87.6501,solve.va_sample,2,326.266,
88.1503,solve.va_sample,2,326.266,
88.6506,solve.va_sample,2,326.266,
89.1508,solve.va_sample,2,326.266,
89.6510,solve.va_sample,2,326.266,
90.1513,solve.va_sample,2,326.266,
90.6515,solve.va_sample,2,326.266,
91.1518,solve.va_sample,2,326.266,
91.6520,solve.va_sample,2,326.266,
92.1522,solve.va_sample,2,326.266,
92.6524,solve.va_sample,2,326.266,
93.1527,solve.va_sample,2,326.266,
93.6529,solve.va_sample,2,326.266,
94.1531,solve.va_sample,2,326.266,
94.6534,solve.va_sample,2,326.266,
95.1536,solve.va_sample,2,326.266,
95.6538,solve.va_sample,2,326.266,
96.1540,solve.va_sample,2,326.266,
96.6543,solve.va_sample,2,326.266,
97.1545,solve.va_sample,2,326.266,
97.6548,solve.va_sample,2,326.266,
98.1550,solve.va_sample,2,326.266,
98.6552,solve.va_sample,2,326.266,
99.1555,solve.va_sample,2,326.266,
99.6557,solve.va_sample,2,326.266,
100.1559,solve.va_sample,2,326.266,
100.6561,solve.va_sample,2,326.266,
101.1564,solve.va_sample,2,326.266,
101.6566,solve.va_sample,2,326.266,
102.1568,solve.va_sample,2,326.266,
102.6571,solve.va_sample,2,326.266,
103.1573,solve.va_sample,2,326.266,
103.6576,solve.va_sample,2,326.266,
104.1578,solve.va_sample,2,326.266,
104.6580,solve.va_sample,2,326.266,
105.1583,solve.va_sample,2,326.266,
105.6585,solve.va_sample,2,326.266,
106.1587,solve.va_sample,2,326.266,
106.6590,solve.va_sample,2,326.266,
107.1592,solve.va_sample,2,326.266,
107.6594,solve.va_sample,2,326.266,
108.1596,solve.va_sample,2,326.266,
108.6599,solve.va_sample,2,326.266,
109.1601,solve.va_sample,2,326.266,
109.6603,solve.va_sample,2,326.266,
110.1605,solve.va_sample,2,326.266,
110.6608,solve.va_sample,2,326.266,
111.1610,solve.va_sample,2,326.266,
111.6613,solve.va_sample,2,326.266,
112.1616,solve.va_sample,2,326.266,
112.6618,solve.va_sample,2,326.266,
113.1621,solve.va_sample,2,326.266,
113.6623,solve.va_sample,2,326.266,
114.1626,solve.va_sample,2,326.266,
114.6628,solve.va_sample,2,326.266,
115.1631,solve.va_sample,2,326.266,
115.6633,solve.va_sample,2,326.266,
116.1636,solve.va_sample,2,326.266,
116.6638,solve.va_sample,2,326.266,
117.1641,solve.va_sample,2,326.266,
117.6643,solve.va_sample,2,326.266,
118.1646,solve.va_sample,2,326.266,
118.6648,solve.va_sample,2,326.266,
119.1650,solve.va_sample,2,326.266,
119.6653,solve.va_sample,2,326.266,
120.1655,solve.va_sample,2,326.266,
120.6658,solve.va_sample,2,326.266,
121.1660,solve.va_sample,2,326.266,
121.6663,solve.va_sample,2,326.266,
122.1666,solve.va_sample,2,326.266,
122.6668,solve.va_sample,2,326.266,
123.1671,solve.va_sample,2,326.266,
123.6673,solve.va_sample,2,326.266,
124.1676,solve.va_sample,2,326.266,
124.6679,solve.va_sample,2,326.266,
125.1681,solve.va_sample,2,326.266,
125.6684,solve.va_sample,2,326.266,
126.1686,solve.va_sample,2,326.266,
126.6689,solve.va_sample,2,326.266,
127.1691,solve.va_sample,2,326.266,
127.6693,solve.va_sample,2,326.266,
128.1696,solve.va_sample,2,326.266,
128.6698,solve.va_sample,2,326.266,
129.1700,solve.va_sample,2,326.266,
129.6703,solve.va_sample,2,326.266,
130.1705,solve.va_sample,2,326.266,
130.6707,solve.va_sample,2,326.266,
131.1710,solve.va_sample,2,326.266,
131.6712,solve.va_sample,2,326.266,
132.1715,solve.va_sample,2,326.266,
132.6717,solve.va_sample,2,326.266,
133.1719,solve.va_sample,2,326.266,
133.6722,solve.va_sample,2,326.266,
134.1724,solve.va_sample,2,326.266,
134.6726,solve.va_sample,2,326.266,
135.1729,solve.va_sample,2,326.266,
135.6731,solve.va_sample,2,326.266,
136.1733,solve.va_sample,2,326.266,
136.6736,solve.va_sample,2,326.266,
137.1738,solve.va_sample,2,326.266,
137.6741,solve.va_sample,2,326.266,
138.1743,solve.va_sample,2,326.266,
138.6746,solve.va_sample,2,326.266,
139.1748,solve.va_sample,2,326.266,
139.6751,solve.va_sample,2,326.266,
140.1753,solve.va_sample,2,326.266,
140.6756,solve.va_sample,2,326.266,
141.1758,solve.va_sample,2,326.266,
141.6760,solve.va_sample,2,326.266,
142.1763,solve.va_sample,2,326.266,
142.6765,solve.va_sample,2,326.266,
143.1768,solve.va_sample,2,326.266,
143.6770,solve.va_sample,2,326.266,
144.1772,solve.va_sample,2,326.266,
144.6775,solve.va_sample,2,326.266,
145.1777,solve.va_sample,2,326.266,
145.6780,solve.va_sample,2,326.266,
146.1782,solve.va_sample,2,326.266,
146.6784,solve.va_sample,2,326.266,
147.1787,solve.va_sample,2,326.266,
147.6789,solve.va_sample,2,326.266,
148.1791,solve.va_sample,2,326.266,
148.6794,solve.va_sample,2,326.266,
149.1796,solve.va_sample,2,326.266,
149.6799,solve.va_sample,2,326.266,
150.1801,solve.va_sample,2,326.266,
150.6804,solve.va_sample,2,326.266,
151.1806,solve.va_sample,2,326.266,
151.6809,solve.va_sample,2,326.266,
152.1811,solve.va_sample,2,326.266,
152.6813,solve.va_sample,2,326.266,
153.1816,solve.va_sample,2,326.266,
153.6818,solve.va_sample,2,326.266,
154.1821,solve.va_sample,2,326.266,
154.6823,solve.va_sample,2,326.266,
155.1825,solve.va_sample,2,326.266,
155.6828,solve.va_sample,2,326.266,
156.1830,solve.va_sample,2,326.266,
156.6832,solve.va_sample,2,326.266,
157.1835,solve.va_sample,2,326.266,
157.6837,solve.va_sample,2,326.266,
158.1839,solve.va_sample,2,326.266,
158.6842,solve.va_sample,2,326.266,
159.1844,solve.va_sample,2,326.266,
159.6847,solve.va_sample,2,326.266,
160.1849,solve.va_sample,2,326.266,
160.6852,solve.va_sample,2,326.266,
161.1854,solve.va_sample,2,326.266,
161.6857,solve.va_sample,2,326.266,
162.1859,solve.va_sample,2,326.266,
162.6861,solve.va_sample,2,326.266,
163.1864,solve.va_sample,2,326.266,
163.6866,solve.va_sample,2,326.266,
164.1869,solve.va_sample,2,326.266,
164.6871,solve.va_sample,2,326.266,
165.1873,solve.va_sample,2,326.266,
165.6876,solve.va_sample,2,326.266,
166.1878,solve.va_sample,2,326.266,
166.6881,solve.va_sample,2,326.266,
167.1883,solve.va_sample,2,326.266,
167.6885,solve.va_sample,2,326.266,
168.1888,solve.va_sample,2,326.266,
168.6890,solve.va_sample,2,326.266,
169.1892,solve.va_sample,2,326.266,
169.6895,solve.va_sample,2,326.266,
170.1897,solve.va_sample,2,326.266,
170.6899,solve.va_sample,2,326.266,
171.1902,solve.va_sample,2,326.266,
171.6904,solve.va_sample,2,326.266,
172.1906,solve.va_sample,2,326.266,
172.6909,solve.va_sample,2,326.266,
173.1911,solve.va_sample,2,326.266,
173.6914,solve.va_sample,2,326.266,
174.1916,solve.va_sample,2,326.266,
174.6919,solve.va_sample,2,326.266,
175.1921,solve.va_sample,2,326.266,
175.6923,solve.va_sample,2,326.266,
176.1925,solve.va_sample,2,326.266,
176.6928,solve.va_sample,2,326.266,
177.1930,solve.va_sample,2,326.266,
177.6933,solve.va_sample,2,326.266,
178.1935,solve.va_sample,2,326.266,
178.6937,solve.va_sample,2,326.266,
179.1940,solve.va_sample,2,326.266,
179.6942,solve.va_sample,2,326.266,
180.1944,solve.va_sample,2,326.266,
180.6947,solve.va_sample,2,326.266,
181.1949,solve.va_sample,2,326.266,
181.6951,solve.va_sample,2,326.266,
182.1954,solve.va_sample,2,326.266,
182.6956,solve.va_sample,2,326.266,
183.1958,solve.va_sample,2,326.266,
183.6961,solve.va_sample,2,326.266,
184.1963,solve.va_sample,2,326.266,
184.6966,solve.va_sample,2,326.266,
185.1968,solve.va_sample,2,326.266,
185.6971,solve.va_sample,2,326.266,
186.1973,solve.va_sample,2,326.266,
186.6976,solve.va_sample,2,326.266,
187.1978,solve.va_sample,2,326.266,
187.6981,solve.va_sample,2,326.266,
188.1983,solve.va_sample,2,326.266,
188.6986,solve.va_sample,2,326.266,
189.1988,solve.va_sample,2,326.266,
189.6991,solve.va_sample,2,326.266,
190.1993,solve.va_sample,2,326.266,
190.6995,solve.va_sample,2,326.266,
191.1998,solve.va_sample,2,326.266,
191.7000,solve.va_sample,2,326.266,
192.2003,solve.va_sample,2,326.266,
192.7005,solve.va_sample,2,326.266,
193.2008,solve.va_sample,2,326.266,
193.7010,solve.va_sample,2,326.266,
194.2013,solve.va_sample,2,326.266,
194.7015,solve.va_sample,2,326.266,
195.2018,solve.va_sample,2,326.266,
195.7020,solve.va_sample,2,326.266,
196.2023,solve.va_sample,2,326.266,
196.7025,solve.va_sample,2,326.266,
197.2027,solve.va_sample,2,326.266,
197.7030,solve.va_sample,2,326.266,
198.2032,solve.va_sample,2,326.266,
198.7035,solve.va_sample,2,326.266,
199.2038,solve.va_sample,2,326.266,
199.7040,solve.va_sample,2,326.266,
200.2043,solve.va_sample,2,326.266,
200.7046,solve.va_sample,2,326.266,
201.2048,solve.va_sample,2,326.266,
201.7051,solve.va_sample,2,326.266,
202.2053,solve.va_sample,2,326.266,
202.7056,solve.va_sample,2,326.266,
203.2058,solve.va_sample,2,326.266,
203.7060,solve.va_sample,2,326.266,
204.2063,solve.va_sample,2,326.266,
204.7065,solve.va_sample,2,326.266,
205.2067,solve.va_sample,2,326.266,
205.7070,solve.va_sample,2,326.266,
206.2072,solve.va_sample,2,326.266,
206.7075,solve.va_sample,2,326.266,
207.2077,solve.va_sample,2,326.266,
207.7080,solve.va_sample,2,326.266,
208.2082,solve.va_sample,2,326.266,
208.7084,solve.va_sample,2,326.266,
209.2087,solve.va_sample,2,326.266,
209.7089,solve.va_sample,2,326.266,
210.2092,solve.va_sample,2,326.266,
210.7094,solve.va_sample,2,326.266,
211.2096,solve.va_sample,2,326.266,
211.7099,solve.va_sample,2,326.266,
212.2101,solve.va_sample,2,326.266,
212.7103,solve.va_sample,2,326.266,
213.2105,solve.va_sample,2,326.266,
213.7108,solve.va_sample,2,326.266,
214.2110,solve.va_sample,2,326.266,
214.7113,solve.va_sample,2,326.266,
215.2115,solve.va_sample,2,326.266,
215.7118,solve.va_sample,2,326.266,
216.2120,solve.va_sample,2,326.266,
216.7123,solve.va_sample,2,326.266,
217.2125,solve.va_sample,2,326.266,
217.7128,solve.va_sample,2,326.266,
218.2130,solve.va_sample,2,326.266,
218.7133,solve.va_sample,2,326.266,
219.2135,solve.va_sample,2,326.266,
219.7138,solve.va_sample,2,326.266,
220.2140,solve.va_sample,2,326.266,
220.7142,solve.va_sample,2,326.266,
221.2145,solve.va_sample,2,326.266,
221.7147,solve.va_sample,2,326.266,
222.2150,solve.va_sample,2,326.266,
222.7152,solve.va_sample,2,326.266,
223.2155,solve.va_sample,2,326.266,
223.7157,solve.va_sample,2,326.266,
224.2159,solve.va_sample,2,326.266,
224.7162,solve.va_sample,2,326.266,
225.2164,solve.va_sample,2,326.266,
225.7167,solve.va_sample,2,326.266,
226.2169,solve.va_sample,2,326.266,
226.7172,solve.va_sample,2,326.266,
227.2174,solve.va_sample,2,326.266,
227.7177,solve.va_sample,2,326.266,
228.2179,solve.va_sample,2,326.266,
228.7181,solve.va_sample,2,326.266,
229.2183,solve.va_sample,2,326.266,
229.7186,solve.va_sample,2,326.266,
230.2189,solve.va_sample,2,326.266,
230.7191,solve.va_sample,2,326.266,
231.2193,solve.va_sample,2,326.266,
231.7196,solve.va_sample,2,326.266,
232.2198,solve.va_sample,2,326.266,
232.7200,solve.va_sample,2,326.266,
233.2203,solve.va_sample,2,326.266,
233.7205,solve.va_sample,2,326.266,
234.2208,solve.va_sample,2,326.266,
234.7210,solve.va_sample,2,326.266,
235.2213,solve.va_sample,2,326.266,
235.7215,solve.va_sample,2,326.266,
236.2217,solve.va_sample,2,326.266,
236.7220,solve.va_sample,2,326.266,
237.2222,solve.va_sample,2,326.266,
237.7224,solve.va_sample,2,326.266,
238.2227,solve.va_sample,2,326.266,
238.7229,solve.va_sample,2,326.266,
239.2232,solve.va_sample,2,326.266,
239.7234,solve.va_sample,2,326.266,
240.2236,solve.va_sample,2,326.266,
240.7239,solve.va_sample,2,326.266,
241.2241,solve.va_sample,2,326.266,
241.7244,solve.va_sample,2,326.266,
242.2246,solve.va_sample,2,326.266,
242.7248,solve.va_sample,2,326.266,
243.2251,solve.va_sample,2,326.266,
243.7253,solve.va_sample,2,326.266,
244.2256,solve.va_sample,2,326.266,
244.7259,solve.va_sample,2,326.266,
245.2261,solve.va_sample,2,326.266,
245.7264,solve.va_sample,2,326.266,
246.2266,solve.va_sample,2,326.266,
246.7268,solve.va_sample,2,326.266,
247.2271,solve.va_sample,2,326.266,
247.7273,solve.va_sample,2,326.266,
248.2275,solve.va_sample,2,326.266,
248.7278,solve.va_sample,2,326.266,
249.2280,solve.va_sample,2,326.266,
249.7283,solve.va_sample,2,326.266,
250.2285,solve.va_sample,2,326.520,
250.7288,solve.va_sample,2,326.520,
251.2290,solve.va_sample,2,326.520,
251.7293,solve.va_sample,2,326.520,
252.2295,solve.va_sample,2,326.520,
252.7298,solve.va_sample,2,326.520,
253.2300,solve.va_sample,2,326.520,
253.7302,solve.va_sample,2,326.520,
254.2305,solve.va_sample,2,326.520,
254.7307,solve.va_sample,2,326.520,
255.2309,solve.va_sample,2,326.520,
255.7312,solve.va_sample,2,326.520,
256.2314,solve.va_sample,2,326.520,
256.7316,solve.va_sample,2,326.520,
257.2319,solve.va_sample,2,326.520,
257.7321,solve.va_sample,2,326.520,
258.2323,solve.va_sample,2,326.520,
258.7326,solve.va_sample,2,326.520,
259.2329,solve.va_sample,2,326.520,
259.7331,solve.va_sample,2,326.520,
260.2333,solve.va_sample,2,326.520,
260.7336,solve.va_sample,2,326.520,
261.2338,solve.va_sample,2,326.520,
261.7341,solve.va_sample,2,326.520,
262.2343,solve.va_sample,2,326.520,
262.7345,solve.va_sample,2,326.520,
263.2348,solve.va_sample,2,326.520,
263.7350,solve.va_sample,2,326.520,
264.2353,solve.va_sample,2,326.520,
264.7355,solve.va_sample,2,326.520,
265.2358,solve.va_sample,2,326.520,
265.7360,solve.va_sample,2,326.520,
266.2362,solve.va_sample,2,326.520,
266.7365,solve.va_sample,2,326.520,
267.2367,solve.va_sample,2,326.520,
267.7370,solve.va_sample,2,326.520,
268.2372,solve.va_sample,2,326.520,
268.7375,solve.va_sample,2,326.520,
269.2377,solve.va_sample,2,326.520,
269.7379,solve.va_sample,2,326.520,
270.2382,solve.va_sample,2,326.520,
270.7384,solve.va_sample,2,326.520,
271.2387,solve.va_sample,2,326.520,
271.7389,solve.va_sample,2,326.520,
272.2391,solve.va_sample,2,326.520,
272.7393,solve.va_sample,2,326.520,
273.2396,solve.va_sample,2,326.520,
273.7399,solve.va_sample,2,326.520,
274.2401,solve.va_sample,2,326.520,
274.7404,solve.va_sample,2,326.520,
275.2406,solve.va_sample,2,326.520,
275.7408,solve.va_sample,2,326.520,
276.2411,solve.va_sample,2,326.520,
276.7413,solve.va_sample,2,326.520,
277.2416,solve.va_sample,2,326.520,
277.7418,solve.va_sample,2,326.520,
278.2421,solve.va_sample,2,326.520,
278.7423,solve.va_sample,2,326.520,
279.2425,solve.va_sample,2,326.520,
279.7428,solve.va_sample,2,326.520,
280.2430,solve.va_sample,2,326.520,
280.7433,solve.va_sample,2,326.520,
281.2435,solve.va_sample,2,326.520,
281.7438,solve.va_sample,2,326.520,
282.2440,solve.va_sample,2,326.520,
282.7442,solve.va_sample,2,326.520,
283.2445,solve.va_sample,2,326.520,
283.7447,solve.va_sample,2,326.520,
284.2450,solve.va_sample,2,326.520,
284.7452,solve.va_sample,2,326.520,
285.2455,solve.va_sample,2,326.520,
285.7458,solve.va_sample,2,326.520,
286.2460,solve.va_sample,2,326.520,
286.7462,solve.va_sample,2,326.520,
287.2465,solve.va_sample,2,326.520,
287.7468,solve.va_sample,2,326.520,
288.2470,solve.va_sample,2,326.520,
288.7473,solve.va_sample,2,326.520,
289.2475,solve.va_sample,2,326.520,
289.7477,solve.va_sample,2,326.520,
290.2480,solve.va_sample,2,326.520,
290.7482,solve.va_sample,2,326.520,
291.2484,solve.va_sample,2,326.520,
291.7487,solve.va_sample,2,326.520,
292.2489,solve.va_sample,2,326.520,
292.7491,solve.va_sample,2,326.520,
293.2494,solve.va_sample,2,326.520,
293.7496,solve.va_sample,2,326.520,
294.2499,solve.va_sample,2,326.520,
294.7501,solve.va_sample,2,326.520,
295.2504,solve.va_sample,2,326.520,
295.7506,solve.va_sample,2,326.520,
296.2509,solve.va_sample,2,326.520,
296.7511,solve.va_sample,2,326.520,
297.2513,solve.va_sample,2,326.520,
297.7516,solve.va_sample,2,326.520,
298.2518,solve.va_sample,2,326.520,
298.7520,solve.va_sample,2,326.520,
299.2523,solve.va_sample,2,326.520,
299.7525,solve.va_sample,2,326.520,
300.2527,solve.va_sample,2,326.520,
300.7530,solve.va_sample,2,326.520,
301.2533,solve.va_sample,2,326.520,
301.7535,solve.va_sample,2,326.520,
302.2538,solve.va_sample,2,326.520,
302.7540,solve.va_sample,2,326.520,
303.2542,solve.va_sample,2,326.520,
303.7545,solve.va_sample,2,326.520,
304.2547,solve.va_sample,2,326.520,
304.7550,solve.va_sample,2,326.520,
305.2553,solve.va_sample,2,326.520,
305.7555,solve.va_sample,2,326.520,
306.2558,solve.va_sample,2,326.520,
306.7560,solve.va_sample,2,326.520,
307.2563,solve.va_sample,2,326.520,
307.7565,solve.va_sample,2,326.520,
308.2568,solve.va_sample,2,326.520,
308.7570,solve.va_sample,2,326.520,
309.2573,solve.va_sample,2,326.520,
309.7576,solve.va_sample,2,326.520,
310.2578,solve.va_sample,2,326.520,
310.7581,solve.va_sample,2,326.520,
311.2583,solve.va_sample,2,326.520,
311.7586,solve.va_sample,2,326.520,
312.2588,solve.va_sample,2,326.520,
312.7591,solve.va_sample,2,326.520,
313.2593,solve.va_sample,2,326.520,
313.7595,solve.va_sample,2,326.520,
314.2598,solve.va_sample,2,326.520,
314.7600,solve.va_sample,2,326.520,
315.2603,solve.va_sample,2,326.520,
315.7605,solve.va_sample,2,326.520,
316.2608,solve.va_sample,2,326.520,
316.7610,solve.va_sample,2,326.520,
317.2613,solve.va_sample,2,326.520,
317.7616,solve.va_sample,2,326.520,
318.2618,solve.va_sample,2,326.520,
318.7620,solve.va_sample,2,326.520,
319.2623,solve.va_sample,2,326.520,
319.7626,solve.va_sample,2,326.520,
320.2628,solve.va_sample,2,326.520,
320.7631,solve.va_sample,2,326.520,
321.2633,solve.va_sample,2,326.520,
321.7636,solve.va_sample,2,326.520,
322.2639,solve.va_sample,2,326.520,
322.7641,solve.va_sample,2,326.520,
323.2644,solve.va_sample,2,326.520,
323.7646,solve.va_sample,2,326.520,
324.2649,solve.va_sample,2,326.520,
324.7651,solve.va_sample,2,326.520,
325.2654,solve.va_sample,2,326.520,
325.7657,solve.va_sample,2,326.520,
326.2659,solve.va_sample,2,326.520,
326.7662,solve.va_sample,2,326.520,
327.2664,solve.va_sample,2,326.520,
327.7667,solve.va_sample,2,326.520,
328.2669,solve.va_sample,2,326.520,
328.7672,solve.va_sample,2,326.520,
329.2674,solve.va_sample,2,326.520,
329.7677,solve.va_sample,2,326.520,
330.2679,solve.va_sample,2,326.520,
330.7681,solve.va_sample,2,326.520,
331.2684,solve.va_sample,2,326.520,
331.7686,solve.va_sample,2,326.520,
332.2689,solve.va_sample,2,326.520,
332.7691,solve.va_sample,2,326.520,
333.2693,solve.va_sample,2,326.520,
333.7696,solve.va_sample,2,326.520,
334.2698,solve.va_sample,2,326.520,
334.7701,solve.va_sample,2,326.520,
335.2703,solve.va_sample,2,326.520,
335.7705,solve.va_sample,2,326.520,
336.2708,solve.va_sample,2,326.520,
336.7710,solve.va_sample,2,326.520,
337.2713,solve.va_sample,2,326.520,
337.7715,solve.va_sample,2,326.520,
338.2717,solve.va_sample,2,326.520,
338.7720,solve.va_sample,2,326.520,
339.2722,solve.va_sample,2,326.520,
339.7725,solve.va_sample,2,326.520,
340.2727,solve.va_sample,2,326.520,
340.7729,solve.va_sample,2,326.520,
341.2732,solve.va_sample,2,326.520,
341.7734,solve.va_sample,2,326.520,
342.2737,solve.va_sample,2,326.520,
342.7739,solve.va_sample,2,326.520,
343.2742,solve.va_sample,2,326.520,
343.7745,solve.va_sample,2,326.520,
344.2748,solve.va_sample,2,326.520,
344.7751,solve.va_sample,2,326.520,
345.2753,solve.va_sample,2,326.520,
345.7756,solve.va_sample,2,326.520,
346.2758,solve.va_sample,2,326.520,
346.7760,solve.va_sample,2,326.520,
347.2763,solve.va_sample,2,326.520,
347.7765,solve.va_sample,2,326.520,
348.2768,solve.va_sample,2,326.520,
348.7770,solve.va_sample,2,326.520,
349.2773,solve.va_sample,2,326.520,
349.7775,solve.va_sample,2,326.520,
350.2778,solve.va_sample,2,326.520,
350.7780,solve.va_sample,2,326.520,
351.2783,solve.va_sample,2,326.520,
351.7785,solve.va_sample,2,326.520,
352.2788,solve.va_sample,2,326.520,
352.7790,solve.va_sample,2,326.520,
353.2793,solve.va_sample,2,326.520,
353.7795,solve.va_sample,2,326.520,
354.2798,solve.va_sample,2,326.520,
354.7800,solve.va_sample,2,326.520,
355.2802,solve.va_sample,2,326.520,
355.7805,solve.va_sample,2,326.520,
356.2807,solve.va_sample,2,326.520,
356.7810,solve.va_sample,2,326.520,
357.2812,solve.va_sample,2,326.520,
357.7815,solve.va_sample,2,326.520,
358.2818,solve.va_sample,2,326.520,
358.7820,solve.va_sample,2,326.520,
359.2823,solve.va_sample,2,326.520,
359.7825,solve.va_sample,2,326.520,
360.2828,solve.va_sample,2,326.520,
360.7830,solve.va_sample,2,326.520,
361.2832,solve.va_sample,2,326.520,
361.7835,solve.va_sample,2,326.520,
362.2837,solve.va_sample,2,326.520,
362.7839,solve.va_sample,2,326.520,
363.2842,solve.va_sample,2,326.520,
363.7844,solve.va_sample,2,326.520,
364.2846,solve.va_sample,2,326.520,
364.7849,solve.va_sample,2,326.520,
365.2851,solve.va_sample,2,326.520,
365.7854,solve.va_sample,2,326.520,
366.2856,solve.va_sample,2,326.520,
366.7859,solve.va_sample,2,326.520,
367.2861,solve.va_sample,2,326.520,
367.7864,solve.va_sample,2,326.520,
368.2866,solve.va_sample,2,326.520,
368.7869,solve.va_sample,2,326.520,
369.2871,solve.va_sample,2,326.520,
369.7873,solve.va_sample,2,326.520,
370.2876,solve.va_sample,2,326.520,
370.7878,solve.va_sample,2,326.520,
371.2880,solve.va_sample,2,326.520,
371.7883,solve.va_sample,2,326.520,
372.2885,solve.va_sample,2,326.520,
372.7888,solve.va_sample,2,326.520,
373.2890,solve.va_sample,2,326.520,
373.7893,solve.va_sample,2,326.520,
374.2895,solve.va_sample,2,326.520,
374.7897,solve.va_sample,2,326.520,
375.2900,solve.va_sample,2,326.520,
375.7902,solve.va_sample,2,326.520,
376.2904,solve.va_sample,2,326.520,
376.7906,solve.va_sample,2,326.520,
377.2909,solve.va_sample,2,326.520,
377.7911,solve.va_sample,2,326.520,
378.2913,solve.va_sample,2,326.520,
378.7916,solve.va_sample,2,326.520,
379.2918,solve.va_sample,2,326.520,
379.7921,solve.va_sample,2,326.520,
380.2923,solve.va_sample,2,326.520,
380.7925,solve.va_sample,2,326.520,
381.2928,solve.va_sample,2,326.520,
381.7930,solve.va_sample,2,326.520,
382.2932,solve.va_sample,2,326.520,
382.7935,solve.va_sample,2,326.520,
383.2937,solve.va_sample,2,326.520,
383.7940,solve.va_sample,2,326.520,
384.2942,solve.va_sample,2,326.520,
384.7944,solve.va_sample,2,326.520,
385.2947,solve.va_sample,2,326.520,
385.7949,solve.va_sample,2,326.520,
386.2952,solve.va_sample,2,326.520,
386.7955,solve.va_sample,2,326.520,
387.2957,solve.va_sample,2,326.520,
387.7959,solve.va_sample,2,326.520,
388.2962,solve.va_sample,2,326.520,
388.7964,solve.va_sample,2,326.520,
389.2967,solve.va_sample,2,326.520,
389.7969,solve.va_sample,2,326.520,
390.2971,solve.va_sample,2,326.520,
390.7973,solve.va_sample,2,326.520,
391.2976,solve.va_sample,2,326.520,
391.7978,solve.va_sample,2,326.520,
392.2981,solve.va_sample,2,326.520,
392.7983,solve.va_sample,2,326.520,
393.2986,solve.va_sample,2,326.520,
393.7988,solve.va_sample,2,326.520,
394.2990,solve.va_sample,2,326.520,
394.7993,solve.va_sample,2,326.520,
395.2995,solve.va_sample,2,326.520,
395.7997,solve.va_sample,2,326.520,
396.3000,solve.va_sample,2,326.520,
396.8002,solve.va_sample,2,326.520,
397.3004,solve.va_sample,2,326.520,
397.8007,solve.va_sample,2,326.520,
398.3009,solve.va_sample,2,326.520,
398.8011,solve.va_sample,2,326.520,
399.3014,solve.va_sample,2,326.520,
399.8016,solve.va_sample,2,326.520,
400.3018,solve.va_sample,2,326.520,
400.8021,solve.va_sample,2,326.520,
401.3023,solve.va_sample,2,326.520,
401.8026,solve.va_sample,2,326.520,
402.3028,solve.va_sample,2,326.520,
402.8030,solve.va_sample,2,326.520,
403.3033,solve.va_sample,2,326.520,
403.8035,solve.va_sample,2,326.520,
404.3038,solve.va_sample,2,326.520,
404.8040,solve.va_sample,2,326.520,
405.3042,solve.va_sample,2,326.520,
405.8045,solve.va_sample,2,326.520,
406.3047,solve.va_sample,2,326.520,
406.8050,solve.va_sample,2,326.520,
407.3052,solve.va_sample,2,326.520,
407.8054,solve.va_sample,2,326.520,
408.3057,solve.va_sample,2,326.520,
408.8059,solve.va_sample,2,326.520,
409.3062,solve.va_sample,2,326.520,
409.8064,solve.va_sample,2,326.520,
410.3066,solve.va_sample,2,326.520,
410.8069,solve.va_sample,2,326.520,
411.3071,solve.va_sample,2,326.520,
411.8074,solve.va_sample,2,326.520,
412.3076,solve.va_sample,2,326.520,
412.8078,solve.va_sample,2,326.520,
413.3081,solve.va_sample,2,326.520,
413.8083,solve.va_sample,2,326.520,
414.3085,solve.va_sample,2,326.520,
414.8088,solve.va_sample,2,326.520,
415.3090,solve.va_sample,2,326.520,
415.8093,solve.va_sample,2,326.520,
416.3095,solve.va_sample,2,326.520,
416.8098,solve.va_sample,2,326.520,
417.3100,solve.va_sample,2,326.520,
417.8103,solve.va_sample,2,326.520,
418.3105,solve.va_sample,2,326.520,
418.8107,solve.va_sample,2,326.520,
419.3110,solve.va_sample,2,326.520,
419.8112,solve.va_sample,2,326.520,
420.3115,solve.va_sample,2,326.520,
420.8117,solve.va_sample,2,326.520,
421.3120,solve.va_sample,2,326.520,
421.8122,solve.va_sample,2,326.520,
422.3124,solve.va_sample,2,326.520,
422.8127,solve.va_sample,2,326.520,
423.3129,solve.va_sample,2,326.520,
423.8131,solve.va_sample,2,326.520,
424.3134,solve.va_sample,2,326.520,
424.8136,solve.va_sample,2,326.520,
425.3139,solve.va_sample,2,326.520,
425.8141,solve.va_sample,2,326.520,
426.3143,solve.va_sample,2,326.520,
426.8146,solve.va_sample,2,326.520,
427.3148,solve.va_sample,2,326.520,
427.8151,solve.va_sample,2,326.520,
428.3153,solve.va_sample,2,326.520,
428.8156,solve.va_sample,2,326.520,
429.3158,solve.va_sample,2,326.520,
429.8161,solve.va_sample,2,326.520,
430.3163,solve.va_sample,2,326.520,
430.8166,solve.va_sample,2,326.520,
431.3168,solve.va_sample,2,326.520,
431.8170,solve.va_sample,2,326.520,
432.3173,solve.va_sample,2,326.520,
432.8175,solve.va_sample,2,326.520,
433.3177,solve.va_sample,2,326.520,
433.8180,solve.va_sample,2,326.520,
434.3182,solve.va_sample,2,326.520,
434.8185,solve.va_sample,2,326.520,
435.3187,solve.va_sample,2,326.520,
435.8189,solve.va_sample,2,326.520,
436.3192,solve.va_sample,2,326.520,
436.8194,solve.va_sample,2,326.520,
437.3196,solve.va_sample,2,326.520,
437.8199,solve.va_sample,2,326.520,
438.3201,solve.va_sample,2,326.520,
438.8203,solve.va_sample,2,326.520,
439.3206,solve.va_sample,2,326.520,
439.8208,solve.va_sample,2,326.520,
440.3211,solve.va_sample,2,326.520,
440.8213,solve.va_sample,2,326.520,
441.3215,solve.va_sample,2,326.520,
441.8218,solve.va_sample,2,326.520,
442.3220,solve.va_sample,2,326.520,
442.8223,solve.va_sample,2,326.520,
443.3225,solve.va_sample,2,326.520,
443.8228,solve.va_sample,2,326.520,
444.3230,solve.va_sample,2,326.520,
444.8233,solve.va_sample,2,326.520,
445.3235,solve.va_sample,2,326.520,
445.8237,solve.va_sample,2,326.520,
446.3240,solve.va_sample,2,326.520,
446.8242,solve.va_sample,2,326.520,
447.3244,solve.va_sample,2,326.520,
447.8247,solve.va_sample,2,326.520,
448.3249,solve.va_sample,2,326.520,
448.8251,solve.va_sample,2,326.520,
449.3254,solve.va_sample,2,326.520,
449.8256,solve.va_sample,2,326.520,
450.3259,solve.va_sample,2,326.520,
450.8261,solve.va_sample,2,326.520,
451.3263,solve.va_sample,2,326.520,
451.8266,solve.va_sample,2,326.520,
452.3268,solve.va_sample,2,326.520,
452.8270,solve.va_sample,2,326.520,
453.3273,solve.va_sample,2,326.520,
453.8275,solve.va_sample,2,326.520,
454.3277,solve.va_sample,2,326.520,
454.8280,solve.va_sample,2,326.520,
455.3282,solve.va_sample,2,326.520,
455.8284,solve.va_sample,2,326.520,
456.3287,solve.va_sample,2,326.520,
456.8289,solve.va_sample,2,326.520,
457.3291,solve.va_sample,2,326.520,
457.8294,solve.va_sample,2,326.520,
458.3297,solve.va_sample,2,326.520,
458.8299,solve.va_sample,2,326.520,
459.3301,solve.va_sample,2,326.520,
459.8303,solve.va_sample,2,326.520,
460.3306,solve.va_sample,2,326.520,
460.8308,solve.va_sample,2,326.520,
461.3310,solve.va_sample,2,326.520,
461.8313,solve.va_sample,2,326.520,
462.3315,solve.va_sample,2,326.520,
462.8317,solve.va_sample,2,326.520,
463.3320,solve.va_sample,2,326.520,
463.8322,solve.va_sample,2,326.520,
464.3324,solve.va_sample,2,326.520,
464.8327,solve.va_sample,2,326.520,
465.3329,solve.va_sample,2,326.520,
465.8331,solve.va_sample,2,326.520,
466.3334,solve.va_sample,2,326.520,
466.8336,solve.va_sample,2,326.520,
467.3339,solve.va_sample,2,326.520,
467.8341,solve.va_sample,2,326.520,
468.3343,solve.va_sample,2,326.520,
468.8346,solve.va_sample,2,326.520,
469.3348,solve.va_sample,2,326.520,
469.8350,solve.va_sample,2,326.520,
470.3353,solve.va_sample,2,326.520,
470.8355,solve.va_sample,2,326.520,
471.3357,solve.va_sample,2,326.520,
471.8359,solve.va_sample,2,326.520,
472.3362,solve.va_sample,2,326.520,
472.8364,solve.va_sample,2,326.520,
473.3367,solve.va_sample,2,326.520,
473.8369,solve.va_sample,2,326.520,
474.3371,solve.va_sample,2,326.520,
474.8374,solve.va_sample,2,326.520,
475.3376,solve.va_sample,2,326.520,
475.8378,solve.va_sample,2,326.520,
476.3381,solve.va_sample,2,326.520,
476.8383,solve.va_sample,2,326.520,
477.3386,solve.va_sample,2,326.520,
477.8388,solve.va_sample,2,326.520,
478.3391,solve.va_sample,2,326.520,
478.8393,solve.va_sample,2,326.520,
479.3395,solve.va_sample,2,326.520,
479.8398,solve.va_sample,2,326.520,
480.3400,solve.va_sample,2,326.520,
480.8402,solve.va_sample,2,326.520,
481.3405,solve.va_sample,2,326.520,
481.8407,solve.va_sample,2,326.520,
482.3409,solve.va_sample,2,326.520,
482.8412,solve.va_sample,2,326.520,
483.3414,solve.va_sample,2,326.520,
483.8416,solve.va_sample,2,326.520,
484.3419,solve.va_sample,2,326.520,
484.8421,solve.va_sample,2,326.520,
485.3423,solve.va_sample,2,326.520,
485.8425,solve.va_sample,2,326.520,
486.3428,solve.va_sample,2,326.520,
486.8431,solve.va_sample,2,326.520,
487.3433,solve.va_sample,2,326.520,
487.8435,solve.va_sample,2,326.520,
488.3438,solve.va_sample,2,326.520,
488.8440,solve.va_sample,2,326.520,
489.3442,solve.va_sample,2,326.520,
489.8445,solve.va_sample,2,326.520,
490.3447,solve.va_sample,2,326.520,
490.8450,solve.va_sample,2,326.520,
491.3452,solve.va_sample,2,326.520,
491.8454,solve.va_sample,2,326.520,
492.3457,solve.va_sample,2,326.520,
492.8459,solve.va_sample,2,326.520,
493.3461,solve.va_sample,2,326.520,
493.8464,solve.va_sample,2,326.520,
494.3466,solve.va_sample,2,326.520,
494.8469,solve.va_sample,2,326.520,
495.3471,solve.va_sample,2,326.520,
495.8473,solve.va_sample,2,326.520,
496.3476,solve.va_sample,2,326.520,
496.8478,solve.va_sample,2,326.520,
497.3481,solve.va_sample,2,326.520,
497.8483,solve.va_sample,2,326.520,
498.3486,solve.va_sample,2,326.520,
498.8488,solve.va_sample,2,326.520,
499.3491,solve.va_sample,2,326.520,
499.8494,solve.va_sample,2,326.520,
500.3496,solve.va_sample,2,326.520,
500.8499,solve.va_sample,2,326.520,
501.3501,solve.va_sample,2,326.520,
501.8504,solve.va_sample,2,326.520,
502.3506,solve.va_sample,2,326.520,
502.8508,solve.va_sample,2,326.520,
503.3511,solve.va_sample,2,326.520,
503.8513,solve.va_sample,2,326.520,
504.3515,solve.va_sample,2,326.520,
504.8518,solve.va_sample,2,326.520,
505.3520,solve.va_sample,2,326.520,
505.8522,solve.va_sample,2,326.520,
506.3525,solve.va_sample,2,326.520,
506.8528,solve.va_sample,2,326.520,
507.3530,solve.va_sample,2,326.520,
507.8533,solve.va_sample,2,326.520,
508.3535,solve.va_sample,2,326.520,
508.8538,solve.va_sample,2,326.520,
509.3540,solve.va_sample,2,326.520,
509.8543,solve.va_sample,2,326.520,
510.3545,solve.va_sample,2,326.520,
510.8548,solve.va_sample,2,326.520,
511.3550,solve.va_sample,2,326.520,
511.8553,solve.va_sample,2,326.520,
512.3555,solve.va_sample,2,326.520,
512.8558,solve.va_sample,2,326.520,
513.3560,solve.va_sample,2,326.520,
513.8563,solve.va_sample,2,326.520,
514.3565,solve.va_sample,2,326.520,
514.8568,solve.va_sample,2,326.520,
515.3571,solve.va_sample,2,326.520,
515.8573,solve.va_sample,2,326.520,
516.3575,solve.va_sample,2,326.520,
516.8578,solve.va_sample,2,326.520,
517.3580,solve.va_sample,2,326.520,
517.8582,solve.va_sample,2,326.520,
518.3585,solve.va_sample,2,326.520,
518.8587,solve.va_sample,2,326.520,
519.3590,solve.va_sample,2,326.520,
519.8592,solve.va_sample,2,326.520,
520.3594,solve.va_sample,2,326.520,
520.8597,solve.va_sample,2,326.520,
521.3599,solve.va_sample,2,326.520,
521.8602,solve.va_sample,2,326.520,
522.3604,solve.va_sample,2,326.520,
522.8606,solve.va_sample,2,326.520,
523.3609,solve.va_sample,2,326.520,
523.8611,solve.va_sample,2,326.520,
524.3614,solve.va_sample,2,326.520,
524.8616,solve.va_sample,2,326.520,
525.3618,solve.va_sample,2,326.520,
525.8621,solve.va_sample,2,326.520,
526.3623,solve.va_sample,2,326.520,
526.8626,solve.va_sample,2,326.520,
527.3628,solve.va_sample,2,326.520,
527.8630,solve.va_sample,2,326.520,
528.3633,solve.va_sample,2,326.520,
528.8635,solve.va_sample,2,326.520,
529.3638,solve.va_sample,2,326.520,
529.8641,solve.va_sample,2,326.520,
530.3643,solve.va_sample,2,326.520,
530.8645,solve.va_sample,2,326.520,
531.3648,solve.va_sample,2,326.520,
531.8650,solve.va_sample,2,326.520,
532.3652,solve.va_sample,2,326.520,
532.8655,solve.va_sample,2,326.520,
533.3657,solve.va_sample,2,326.520,
533.8660,solve.va_sample,2,326.520,
534.3662,solve.va_sample,2,326.520,
534.8664,solve.va_sample,2,326.520,
535.3667,solve.va_sample,2,326.520,
535.8669,solve.va_sample,2,326.520,
536.3671,solve.va_sample,2,326.520,
536.8674,solve.va_sample,2,326.520,
537.3676,solve.va_sample,2,326.520,
537.8679,solve.va_sample,2,326.520,
538.3681,solve.va_sample,2,326.520,
538.8683,solve.va_sample,2,326.520,
539.3686,solve.va_sample,2,326.520,
539.8688,solve.va_sample,2,326.520,
540.3691,solve.va_sample,2,326.520,
540.8693,solve.va_sample,2,326.520,
541.3696,solve.va_sample,2,326.520,
541.8698,solve.va_sample,2,326.520,
542.3700,solve.va_sample,2,326.520,
542.8703,solve.va_sample,2,326.520,
543.3706,solve.va_sample,2,326.520,
543.8708,solve.va_sample,2,326.520,
544.3711,solve.va_sample,2,326.520,
544.8713,solve.va_sample,2,326.520,
545.3715,solve.va_sample,2,326.520,
545.8718,solve.va_sample,2,326.520,
546.3720,solve.va_sample,2,326.520,
546.8722,solve.va_sample,2,326.520,
547.3725,solve.va_sample,2,326.520,
547.8727,solve.va_sample,2,326.520,
548.3729,solve.va_sample,2,326.520,
548.8732,solve.va_sample,2,326.520,
549.3734,solve.va_sample,2,326.520,
549.8736,solve.va_sample,2,326.520,
550.3739,solve.va_sample,2,326.520,
550.8741,solve.va_sample,2,326.520,
551.3744,solve.va_sample,2,326.520,
551.8746,solve.va_sample,2,326.520,
552.3749,solve.va_sample,2,326.520,
552.8751,solve.va_sample,2,326.520,
553.3754,solve.va_sample,2,326.520,
553.8756,solve.va_sample,2,326.520,
554.3758,solve.va_sample,2,326.520,
554.8761,solve.va_sample,2,326.520,
555.3763,solve.va_sample,2,326.520,
555.8766,solve.va_sample,2,326.520,
556.3768,solve.va_sample,2,326.520,
556.8770,solve.va_sample,2,326.520,
557.3773,solve.va_sample,2,326.520,
557.8775,solve.va_sample,2,326.520,
558.3778,solve.va_sample,2,326.520,
558.8780,solve.va_sample,2,326.520,
559.3782,solve.va_sample,2,326.520,
559.8785,solve.va_sample,2,326.520,
560.3787,solve.va_sample,2,326.520,
560.8789,solve.va_sample,2,326.520,
561.3792,solve.va_sample,2,326.520,
561.8794,solve.va_sample,2,326.520,
562.3797,solve.va_sample,2,326.520,
562.8800,solve.va_sample,2,326.520,
563.3802,solve.va_sample,2,326.520,
563.8804,solve.va_sample,2,326.520,
564.3807,solve.va_sample,2,326.520,
564.8809,solve.va_sample,2,326.520,
565.3811,solve.va_sample,2,326.520,
565.8814,solve.va_sample,2,326.520,
566.3816,solve.va_sample,2,326.520,
566.8819,solve.va_sample,2,326.520,
567.3821,solve.va_sample,2,326.520,
567.8824,solve.va_sample,2,326.520,
568.3826,solve.va_sample,2,326.520,
568.8829,solve.va_sample,2,326.520,
569.3831,solve.va_sample,2,326.520,
569.8833,solve.va_sample,2,326.520,
570.3836,solve.va_sample,2,326.520,
570.8838,solve.va_sample,2,326.520,
571.3841,solve.va_sample,2,326.520,
571.8843,solve.va_sample,2,326.520,
572.3846,solve.va_sample,2,326.520,
572.8848,solve.va_sample,2,326.520,
573.3851,solve.va_sample,2,326.520,
573.8853,solve.va_sample,2,326.520,
574.3855,solve.va_sample,2,326.520,
574.8857,solve.va_sample,2,326.520,
575.3860,solve.va_sample,2,326.520,
575.8862,solve.va_sample,2,326.520,
576.3865,solve.va_sample,2,326.520,
576.8867,solve.va_sample,2,326.520,
577.3869,solve.va_sample,2,326.520,
577.8871,solve.va_sample,2,326.520,
578.3874,solve.va_sample,2,326.520,
578.8876,solve.va_sample,2,326.520,
579.3879,solve.va_sample,2,326.520,
579.8881,solve.va_sample,2,326.520,
580.3884,solve.va_sample,2,326.520,
580.8886,solve.va_sample,2,326.520,
581.3888,solve.va_sample,2,326.520,
581.8891,solve.va_sample,2,326.520,
582.3893,solve.va_sample,2,326.520,
582.8896,solve.va_sample,2,326.520,
583.3898,solve.va_sample,2,326.520,
583.8901,solve.va_sample,2,326.520,
584.3903,solve.va_sample,2,326.520,
584.8906,solve.va_sample,2,326.520,
585.3908,solve.va_sample,2,326.520,
585.8911,solve.va_sample,2,326.520,
586.3913,solve.va_sample,2,326.520,
586.8916,solve.va_sample,2,326.520,
587.3918,solve.va_sample,2,326.520,
587.8920,solve.va_sample,2,326.520,
588.3922,solve.va_sample,2,326.520,
588.8925,solve.va_sample,2,326.520,
589.3927,solve.va_sample,2,326.520,
589.8929,solve.va_sample,2,326.520,
590.3932,solve.va_sample,2,326.520,
590.8934,solve.va_sample,2,326.520,
591.3936,solve.va_sample,2,326.520,
591.8939,solve.va_sample,2,326.520,
592.3941,solve.va_sample,2,326.520,
592.8943,solve.va_sample,2,326.520,
593.3946,solve.va_sample,2,326.520,
593.8948,solve.va_sample,2,326.520,
594.3950,solve.va_sample,2,326.520,
594.8953,solve.va_sample,2,326.520,
595.3955,solve.va_sample,2,326.520,
595.8958,solve.va_sample,2,326.520,
596.3960,solve.va_sample,2,326.520,
596.8963,solve.va_sample,2,326.520,
597.3965,solve.va_sample,2,326.520,
597.8968,solve.va_sample,2,326.520,
598.3971,solve.va_sample,2,326.777,
598.8973,solve.va_sample,2,326.777,
599.3975,solve.va_sample,2,326.777,
599.8978,solve.va_sample,2,326.777,
600.3980,solve.va_sample,2,326.777,
600.8983,solve.va_sample,2,326.777,
601.3985,solve.va_sample,2,326.777,
601.8987,solve.va_sample,2,326.777,
602.3990,solve.va_sample,2,326.777,
602.8992,solve.va_sample,2,326.777,
603.3994,solve.va_sample,2,326.777,
603.8996,solve.va_sample,2,326.777,
604.3999,solve.va_sample,2,326.777,
604.9001,solve.va_sample,2,326.777,
605.4003,solve.va_sample,2,326.777,
605.9006,solve.va_sample,2,326.777,
606.4008,solve.va_sample,2,326.777,
606.9011,solve.va_sample,2,326.777,
607.4013,solve.va_sample,2,326.777,
607.9016,solve.va_sample,2,326.777,
608.4018,solve.va_sample,2,326.777,
608.9020,solve.va_sample,2,326.777,
609.4023,solve.va_sample,2,326.777,
609.9025,solve.va_sample,2,326.777,
610.4027,solve.va_sample,2,326.777,
610.9030,solve.va_sample,2,326.777,
611.4032,solve.va_sample,2,326.777,
611.9035,solve.va_sample,2,326.777,
612.4037,solve.va_sample,2,326.777,
612.9039,solve.va_sample,2,326.777,
613.4041,solve.va_sample,2,326.777,
613.9044,solve.va_sample,2,326.777,
614.4046,solve.va_sample,2,326.777,
614.9049,solve.va_sample,2,326.777,
615.4051,solve.va_sample,2,326.777,
615.9054,solve.va_sample,2,326.777,
616.4056,solve.va_sample,2,326.777,
616.9058,solve.va_sample,2,326.777,
617.4061,solve.va_sample,2,326.777,
617.9063,solve.va_sample,2,326.777,
618.4065,solve.va_sample,2,326.777,
618.9068,solve.va_sample,2,326.777,
619.4071,solve.va_sample,2,326.777,
619.9073,solve.va_sample,2,326.777,
620.4075,solve.va_sample,2,326.777,
620.9078,solve.va_sample,2,326.777,
621.4081,solve.va_sample,2,326.777,
621.9083,solve.va_sample,2,326.777,
622.4085,solve.va_sample,2,326.777,
622.9088,solve.va_sample,2,326.777,
623.4091,solve.va_sample,2,326.777,
623.9093,solve.va_sample,2,326.777,
624.4095,solve.va_sample,2,326.777,
624.9098,solve.va_sample,2,326.777,
625.4100,solve.va_sample,2,326.777,
625.9102,solve.va_sample,2,326.777,
626.4105,solve.va_sample,2,326.777,
626.9107,solve.va_sample,2,326.777,
627.4110,solve.va_sample,2,326.777,
627.9112,solve.va_sample,2,326.777,
628.4115,solve.va_sample,2,326.777,
628.9117,solve.va_sample,2,326.777,
629.4120,solve.va_sample,2,326.777,
629.9122,solve.va_sample,2,326.777,
630.4124,solve.va_sample,2,326.777,
630.9127,solve.va_sample,2,326.777,
631.4129,solve.va_sample,2,326.777,
631.9131,solve.va_sample,2,326.777,
632.4134,solve.va_sample,2,326.777,
632.9136,solve.va_sample,2,326.777,
633.4138,solve.va_sample,2,326.777,
633.9141,solve.va_sample,2,326.777,
634.4143,solve.va_sample,2,326.777,
634.9145,solve.va_sample,2,326.777,
635.4148,solve.va_sample,2,326.777,
635.9150,solve.va_sample,2,326.777,
636.4153,solve.va_sample,2,326.777,
636.9155,solve.va_sample,2,326.777,
637.4157,solve.va_sample,2,326.777,
637.9160,solve.va_sample,2,326.777,
638.4163,solve.va_sample,2,326.777,
638.9165,solve.va_sample,2,326.777,
639.4167,solve.va_sample,2,326.777,
639.9170,solve.va_sample,2,326.777,
640.4172,solve.va_sample,2,326.777,
640.9175,solve.va_sample,2,326.777,
641.4177,solve.va_sample,2,326.777,
641.9179,solve.va_sample,2,326.777,
642.4182,solve.va_sample,2,326.777,
642.9184,solve.va_sample,2,326.777,
643.4186,solve.va_sample,2,326.777,
643.9189,solve.va_sample,2,326.777,
644.4192,solve.va_sample,2,326.777,
644.9194,solve.va_sample,2,326.777,
645.4196,solve.va_sample,2,326.777,
645.9199,solve.va_sample,2,326.777,
646.4201,solve.va_sample,2,326.777,
646.9204,solve.va_sample,2,326.777,
647.4206,solve.va_sample,2,326.777,
647.9208,solve.va_sample,2,326.777,
648.4211,solve.va_sample,2,326.777,
648.9213,solve.va_sample,2,326.777,
649.4215,solve.va_sample,2,326.777,
649.9218,solve.va_sample,2,326.777,
650.4220,solve.va_sample,2,326.777,
650.9222,solve.va_sample,2,326.777,
651.4225,solve.va_sample,2,326.777,
651.9227,solve.va_sample,2,326.777,
652.4230,solve.va_sample,2,326.777,
652.9232,solve.va_sample,2,326.777,
653.4235,solve.va_sample,2,326.777,
653.9237,solve.va_sample,2,326.777,
654.4240,solve.va_sample,2,326.777,
654.9242,solve.va_sample,2,326.777,
655.4245,solve.va_sample,2,326.777,
655.9247,solve.va_sample,2,326.777,
656.4250,solve.va_sample,2,326.777,
656.9252,solve.va_sample,2,326.777,
657.4254,solve.va_sample,2,326.777,
657.9257,solve.va_sample,2,326.777,
658.4260,solve.va_sample,2,326.777,
658.9262,solve.va_sample,2,326.777,
659.4264,solve.va_sample,2,326.777,
659.9266,solve.va_sample,2,326.777,
660.4269,solve.va_sample,2,326.777,
660.9271,solve.va_sample,2,326.777,
661.4273,solve.va_sample,2,326.777,
661.9276,solve.va_sample,2,326.777,
662.4278,solve.va_sample,2,326.777,
662.9281,solve.va_sample,2,326.777,
663.4283,solve.va_sample,2,326.777,
663.9286,solve.va_sample,2,326.777,
664.4288,solve.va_sample,2,326.777,
664.9291,solve.va_sample,2,326.777,
665.4293,solve.va_sample,2,326.777,
665.9296,solve.va_sample,2,326.777,
666.4298,solve.va_sample,2,326.777,
666.9301,solve.va_sample,2,326.777,
667.4303,solve.va_sample,2,326.777,
667.9306,solve.va_sample,2,326.777,
668.4309,solve.va_sample,2,326.777,
668.9311,solve.va_sample,2,326.777,
669.4313,solve.va_sample,2,326.777,
669.9316,solve.va_sample,2,326.777,
670.4318,solve.va_sample,2,326.777,
670.9321,solve.va_sample,2,326.777,
671.4323,solve.va_sample,2,326.777,
671.9326,solve.va_sample,2,326.777,
672.4329,solve.va_sample,2,326.777,
672.9331,solve.va_sample,2,326.777,
673.4333,solve.va_sample,2,326.777,
673.9336,solve.va_sample,2,326.777,
674.4338,solve.va_sample,2,326.777,
674.9340,solve.va_sample,2,326.777,
675.4343,solve.va_sample,2,326.777,
675.9345,solve.va_sample,2,326.777,
676.4348,solve.va_sample,2,326.777,
676.9350,solve.va_sample,2,326.777,
677.4353,solve.va_sample,2,326.777,
677.9355,solve.va_sample,2,326.777,
678.4357,solve.va_sample,2,326.777,
678.9360,solve.va_sample,2,326.777,
679.4362,solve.va_sample,2,326.777,
679.9364,solve.va_sample,2,326.777,
680.4367,solve.va_sample,2,326.777,
680.9369,solve.va_sample,2,326.777,
681.4372,solve.va_sample,2,326.777,
681.9374,solve.va_sample,2,326.777,
682.4376,solve.va_sample,2,326.777,
682.9379,solve.va_sample,2,326.777,
683.4381,solve.va_sample,2,326.777,
683.9384,solve.va_sample,2,326.777,
684.4386,solve.va_sample,2,326.777,
684.9389,solve.va_sample,2,326.777,
685.4391,solve.va_sample,2,326.777,
685.9394,solve.va_sample,2,326.777,
686.4396,solve.va_sample,2,326.777,
686.9399,solve.va_sample,2,326.777,
687.4401,solve.va_sample,2,326.777,
687.9403,solve.va_sample,2,326.777,
688.4405,solve.va_sample,2,326.777,
688.9408,solve.va_sample,2,326.777,
689.4410,solve.va_sample,2,326.777,
689.9413,solve.va_sample,2,326.777,
690.4415,solve.va_sample,2,326.777,
690.9418,solve.va_sample,2,326.777,
691.4420,solve.va_sample,2,326.777,
691.9422,solve.va_sample,2,326.777,
692.4425,solve.va_sample,2,326.777,
692.9427,solve.va_sample,2,326.777,
693.4430,solve.va_sample,2,326.777,
693.9432,solve.va_sample,2,326.777,
694.4434,solve.va_sample,2,326.777,
694.9437,solve.va_sample,2,326.777,
695.4439,solve.va_sample,2,326.777,
695.9441,solve.va_sample,2,326.777,
696.4444,solve.va_sample,2,326.777,
696.9446,solve.va_sample,2,326.777,
697.4449,solve.va_sample,2,326.777,
697.9451,solve.va_sample,2,326.777,
698.4454,solve.va_sample,2,326.777,
698.9456,solve.va_sample,2,326.777,
699.4458,solve.va_sample,2,326.777,
699.9461,solve.va_sample,2,326.777,
700.4464,solve.va_sample,2,326.777,
700.9466,solve.va_sample,2,326.777,
701.4469,solve.va_sample,2,326.777,
701.9471,solve.va_sample,2,326.777,
702.4473,solve.va_sample,2,326.777,
702.9476,solve.va_sample,2,326.777,
703.4478,solve.va_sample,2,326.777,
703.9481,solve.va_sample,2,326.777,
704.4483,solve.va_sample,2,326.777,
704.9485,solve.va_sample,2,326.777,
705.4488,solve.va_sample,2,326.777,
705.9490,solve.va_sample,2,326.777,
706.4493,solve.va_sample,2,326.777,
706.9495,solve.va_sample,2,326.777,
707.4498,solve.va_sample,2,326.777,
707.9500,solve.va_sample,2,326.777,
708.4502,solve.va_sample,2,326.777,
708.9505,solve.va_sample,2,326.777,
709.4507,solve.va_sample,2,326.777,
709.9510,solve.va_sample,2,326.777,
710.4512,solve.va_sample,2,326.777,
710.9514,solve.va_sample,2,326.777,
711.4517,solve.va_sample,2,326.777,
711.9519,solve.va_sample,2,326.777,
712.4521,solve.va_sample,2,326.777,
712.9524,solve.va_sample,2,326.777,
713.4526,solve.va_sample,2,326.777,
713.9528,solve.va_sample,2,326.777,
714.4531,solve.va_sample,2,326.777,
714.9534,solve.va_sample,2,326.777,
715.4536,solve.va_sample,2,326.777,
715.9538,solve.va_sample,2,326.777,
716.4541,solve.va_sample,2,326.777,
716.9543,solve.va_sample,2,326.777,
717.4545,solve.va_sample,2,326.777,
717.9548,solve.va_sample,2,326.777,
718.4550,solve.va_sample,2,326.777,
718.9553,solve.va_sample,2,326.777,
719.4555,solve.va_sample,2,326.777,
719.9558,solve.va_sample,2,326.777,
720.4560,solve.va_sample,2,326.777,
720.9563,solve.va_sample,2,326.777,
721.4566,solve.va_sample,2,326.777,
721.9568,solve.va_sample,2,326.777,
722.4570,solve.va_sample,2,326.777,
722.9573,solve.va_sample,2,326.777,
723.4575,solve.va_sample,2,326.777,
723.9578,solve.va_sample,2,326.777,
724.4580,solve.va_sample,2,326.777,
724.9583,solve.va_sample,2,326.777,
725.4585,solve.va_sample,2,326.777,
725.9588,solve.va_sample,2,326.777,
726.4590,solve.va_sample,2,326.777,
726.9593,solve.va_sample,2,326.777,
727.4595,solve.va_sample,2,326.777,
727.9598,solve.va_sample,2,326.777,
728.4600,solve.va_sample,2,326.777,
728.9603,solve.va_sample,2,326.777,
729.4606,solve.va_sample,2,326.777,
729.9608,solve.va_sample,2,326.777,
730.4610,solve.va_sample,2,326.777,
730.9613,solve.va_sample,2,326.777,
731.4615,solve.va_sample,2,326.777,
731.9618,solve.va_sample,2,326.777,
732.4620,solve.va_sample,2,326.777,
732.9623,solve.va_sample,2,326.777,
733.4625,solve.va_sample,2,326.777,
733.9627,solve.va_sample,2,326.777,
734.4630,solve.va_sample,2,326.777,
734.9632,solve.va_sample,2,326.777,
735.4635,solve.va_sample,2,326.777,
735.9637,solve.va_sample,2,326.777,
736.4639,solve.va_sample,2,326.777,
736.9642,solve.va_sample,2,326.777,
737.4644,solve.va_sample,2,326.777,
737.9647,solve.va_sample,2,326.777,
738.4649,solve.va_sample,2,326.777,
738.9652,solve.va_sample,2,326.777,
739.4654,solve.va_sample,2,326.777,
739.9656,solve.va_sample,2,326.777,
740.4659,solve.va_sample,2,326.777,
740.9661,solve.va_sample,2,326.777,
741.4664,solve.va_sample,2,326.777,
741.9666,solve.va_sample,2,326.777,
742.4669,solve.va_sample,2,326.777,
742.9671,solve.va_sample,2,326.777,
743.4674,solve.va_sample,2,326.777,
743.9676,solve.va_sample,2,326.777,
744.4678,solve.va_sample,2,326.777,
744.9681,solve.va_sample,2,326.777,
745.4683,solve.va_sample,2,326.777,
745.9685,solve.va_sample,2,326.777,
746.4688,solve.va_sample,2,326.777,
746.9690,solve.va_sample,2,326.777,
747.4693,solve.va_sample,2,326.777,
747.9695,solve.va_sample,2,326.777,
748.4697,solve.va_sample,2,326.777,
748.9700,solve.va_sample,2,326.777,
749.4702,solve.va_sample,2,326.777,
749.9705,solve.va_sample,2,326.777,
750.4707,solve.va_sample,2,326.777,
750.9710,solve.va_sample,2,326.777,
751.4712,solve.va_sample,2,326.777,
751.9715,solve.va_sample,2,326.777,
752.4717,solve.va_sample,2,326.777,
752.9720,solve.va_sample,2,326.777,
753.4722,solve.va_sample,2,326.777,
753.9725,solve.va_sample,2,326.777,
754.4727,solve.va_sample,2,326.777,
754.9730,solve.va_sample,2,326.777,
755.4732,solve.va_sample,2,326.777,
755.9735,solve.va_sample,2,326.777,
756.4737,solve.va_sample,2,326.777,
756.9740,solve.va_sample,2,326.777,
757.4742,solve.va_sample,2,326.777,
757.9745,solve.va_sample,2,326.777,
758.4747,solve.va_sample,2,326.777,
758.9750,solve.va_sample,2,326.777,
759.4752,solve.va_sample,2,326.777,
759.9754,solve.va_sample,2,326.777,
760.4757,solve.va_sample,2,326.777,
760.9759,solve.va_sample,2,326.777,
761.4761,solve.va_sample,2,326.777,
761.9764,solve.va_sample,2,326.777,
762.4766,solve.va_sample,2,326.777,
762.9769,solve.va_sample,2,326.777,
763.4771,solve.va_sample,2,326.777,
763.9774,solve.va_sample,2,326.777,
764.4776,solve.va_sample,2,326.777,
764.9779,solve.va_sample,2,326.777,
765.4781,solve.va_sample,2,326.777,
765.9784,solve.va_sample,2,326.777,
766.4786,solve.va_sample,2,326.777,
766.9788,solve.va_sample,2,326.777,
767.4791,solve.va_sample,2,326.777,
767.9793,solve.va_sample,2,326.777,
768.4796,solve.va_sample,2,326.777,
768.9798,solve.va_sample,2,326.777,
769.4801,solve.va_sample,2,326.777,
769.9803,solve.va_sample,2,326.777,
770.4805,solve.va_sample,2,326.777,
770.9808,solve.va_sample,2,326.777,
771.4811,solve.va_sample,2,326.777,
771.9813,solve.va_sample,2,326.777,
772.4816,solve.va_sample,2,326.777,
772.9818,solve.va_sample,2,326.777,
773.4820,solve.va_sample,2,326.777,
773.9823,solve.va_sample,2,326.777,
774.4825,solve.va_sample,2,326.777,
774.9828,solve.va_sample,2,326.777,
775.4830,solve.va_sample,2,326.777,
775.9832,solve.va_sample,2,326.777,
776.4834,solve.va_sample,2,326.777,
776.9837,solve.va_sample,2,326.777,
777.4840,solve.va_sample,2,326.777,
777.9842,solve.va_sample,2,326.777,
778.4845,solve.va_sample,2,326.777,
778.9848,solve.va_sample,2,326.777,
779.4850,solve.va_sample,2,326.777,
779.9853,solve.va_sample,2,326.777,
780.4855,solve.va_sample,2,326.777,
780.9858,solve.va_sample,2,326.777,
781.4860,solve.va_sample,2,326.777,
781.9863,solve.va_sample,2,326.777,
782.4865,solve.va_sample,2,326.777,
782.9868,solve.va_sample,2,326.777,
783.4870,solve.va_sample,2,326.777,
783.9873,solve.va_sample,2,326.777,
784.4875,solve.va_sample,2,326.777,
784.9878,solve.va_sample,2,326.777,
785.4880,solve.va_sample,2,326.777,
785.9883,solve.va_sample,2,326.777,
786.4885,solve.va_sample,2,326.777,
786.9888,solve.va_sample,2,326.777,
787.4890,solve.va_sample,2,326.777,
787.9893,solve.va_sample,2,326.777,
788.4895,solve.va_sample,2,326.777,
788.9897,solve.va_sample,2,326.777,
789.4900,solve.va_sample,2,326.777,
789.9902,solve.va_sample,2,326.777,
790.4904,solve.va_sample,2,326.777,
790.9907,solve.va_sample,2,326.777,
791.4909,solve.va_sample,2,326.777,
791.9912,solve.va_sample,2,326.777,
792.4914,solve.va_sample,2,326.777,
792.9917,solve.va_sample,2,326.777,
793.4919,solve.va_sample,2,326.777,
793.9922,solve.va_sample,2,326.777,
794.4924,solve.va_sample,2,326.777,
794.9926,solve.va_sample,2,326.777,
795.4929,solve.va_sample,2,326.777,
795.9931,solve.va_sample,2,326.777,
796.4934,solve.va_sample,2,326.777,
796.9936,solve.va_sample,2,326.777,
797.4939,solve.va_sample,2,326.777,
797.9941,solve.va_sample,2,326.777,
798.4944,solve.va_sample,2,326.777,
798.9946,solve.va_sample,2,326.777,
799.4949,solve.va_sample,2,326.777,
799.9951,solve.va_sample,2,326.777,
800.4954,solve.va_sample,2,326.777,
800.9956,solve.va_sample,2,326.777,
801.4958,solve.va_sample,2,326.777,
801.9961,solve.va_sample,2,326.777,
802.4963,solve.va_sample,2,326.777,
802.9965,solve.va_sample,2,326.777,
803.4968,solve.va_sample,2,326.777,
803.9970,solve.va_sample,2,326.777,
804.4972,solve.va_sample,2,326.777,
804.9975,solve.va_sample,2,326.777,
805.4977,solve.va_sample,2,326.777,
805.9980,solve.va_sample,2,326.777,
806.4982,solve.va_sample,2,326.777,
806.9985,solve.va_sample,2,326.777,
807.4987,solve.va_sample,2,326.777,
807.9989,solve.va_sample,2,326.777,
808.4992,solve.va_sample,2,326.777,
808.9994,solve.va_sample,2,326.777,
809.4997,solve.va_sample,2,326.777,
809.9999,solve.va_sample,2,326.777,
810.5001,solve.va_sample,2,326.777,
811.0004,solve.va_sample,2,326.777,
811.5007,solve.va_sample,2,326.777,
812.0009,solve.va_sample,2,326.777,
812.5012,solve.va_sample,2,326.777,
813.0014,solve.va_sample,2,326.777,
813.5017,solve.va_sample,2,326.777,
814.0019,solve.va_sample,2,326.777,
814.5022,solve.va_sample,2,326.777,
815.0024,solve.va_sample,2,326.777,
815.5026,solve.va_sample,2,326.777,
816.0029,solve.va_sample,2,326.777,
816.5031,solve.va_sample,2,326.777,
817.0033,solve.va_sample,2,326.777,
817.5036,solve.va_sample,2,326.777,
818.0038,solve.va_sample,2,326.777,
818.5041,solve.va_sample,2,326.777,
819.0043,solve.va_sample,2,326.777,
819.5046,solve.va_sample,2,326.777,
820.0048,solve.va_sample,2,326.777,
820.5051,solve.va_sample,2,326.777,
821.0053,solve.va_sample,2,326.777,
821.5055,solve.va_sample,2,326.777,
822.0058,solve.va_sample,2,326.777,
822.5061,solve.va_sample,2,326.777,
823.0063,solve.va_sample,2,326.777,
823.5066,solve.va_sample,2,326.777,
824.0068,solve.va_sample,2,326.777,
824.5071,solve.va_sample,2,326.777,
825.0073,solve.va_sample,2,326.777,
825.5075,solve.va_sample,2,326.777,
826.0078,solve.va_sample,2,326.777,
826.5080,solve.va_sample,2,326.777,
827.0083,solve.va_sample,2,326.777,
827.5086,solve.va_sample,2,326.777,
828.0088,solve.va_sample,2,326.777,
828.5091,solve.va_sample,2,326.777,
829.0093,solve.va_sample,2,326.777,
829.5096,solve.va_sample,2,326.777,
830.0098,solve.va_sample,2,326.777,
830.5100,solve.va_sample,2,326.777,
831.0103,solve.va_sample,2,326.777,
831.5105,solve.va_sample,2,326.777,
832.0107,solve.va_sample,2,326.777,
832.5110,solve.va_sample,2,326.777,
833.0112,solve.va_sample,2,326.777,
833.5114,solve.va_sample,2,326.777,
834.0117,solve.va_sample,2,326.777,
834.5119,solve.va_sample,2,326.777,
835.0122,solve.va_sample,2,326.777,
835.5124,solve.va_sample,2,326.777,
836.0126,solve.va_sample,2,326.777,
836.5129,solve.va_sample,2,326.777,
837.0131,solve.va_sample,2,326.777,
837.5134,solve.va_sample,2,326.777,
838.0136,solve.va_sample,2,326.777,
838.5139,solve.va_sample,2,326.777,
839.0141,solve.va_sample,2,326.777,
839.5143,solve.va_sample,2,326.777,
840.0146,solve.va_sample,2,326.777,
840.5148,solve.va_sample,2,326.777,
841.0150,solve.va_sample,2,326.777,
841.5153,solve.va_sample,2,326.777,
842.0155,solve.va_sample,2,326.777,
842.5158,solve.va_sample,2,326.777,
843.0160,solve.va_sample,2,326.777,
843.5163,solve.va_sample,2,326.777,
844.0165,solve.va_sample,2,326.777,
844.5168,solve.va_sample,2,326.777,
845.0170,solve.va_sample,2,326.777,
845.5173,solve.va_sample,2,326.777,
846.0175,solve.va_sample,2,326.777,
846.5178,solve.va_sample,2,326.777,
847.0180,solve.va_sample,2,326.777,
847.5182,solve.va_sample,2,326.777,
848.0185,solve.va_sample,2,326.777,
848.5187,solve.va_sample,2,326.777,
849.0190,solve.va_sample,2,326.777,
849.5192,solve.va_sample,2,326.777,
850.0195,solve.va_sample,2,326.777,
850.5197,solve.va_sample,2,326.777,
851.0199,solve.va_sample,2,326.777,
851.5202,solve.va_sample,2,326.777,
852.0204,solve.va_sample,2,326.777,
852.5207,solve.va_sample,2,326.777,
853.0209,solve.va_sample,2,326.777,
853.5211,solve.va_sample,2,326.777,
854.0214,solve.va_sample,2,326.777,
854.5216,solve.va_sample,2,326.777,
855.0219,solve.va_sample,2,326.777,
855.5221,solve.va_sample,2,326.777,
856.0224,solve.va_sample,2,326.777,
856.5226,solve.va_sample,2,326.777,
857.0229,solve.va_sample,2,326.777,
857.5231,solve.va_sample,2,326.777,
858.0233,solve.va_sample,2,326.777,
858.5236,solve.va_sample,2,326.777,
859.0239,solve.va_sample,2,326.777,
859.5241,solve.va_sample,2,326.777,
860.0244,solve.va_sample,2,326.777,
860.5246,solve.va_sample,2,326.777,
861.0249,solve.va_sample,2,326.777,
861.5251,solve.va_sample,2,326.777,
862.0253,solve.va_sample,2,326.777,
862.5256,solve.va_sample,2,326.777,
863.0259,solve.va_sample,2,326.777,
863.5261,solve.va_sample,2,326.777,
864.0263,solve.va_sample,2,326.777,
864.5266,solve.va_sample,2,326.777,
865.0268,solve.va_sample,2,326.777,
865.5271,solve.va_sample,2,326.777,
866.0273,solve.va_sample,2,326.777,
866.5275,solve.va_sample,2,326.777,
867.0278,solve.va_sample,2,326.777,
867.5280,solve.va_sample,2,326.777,
868.0283,solve.va_sample,2,326.777,
868.5285,solve.va_sample,2,326.777,
869.0287,solve.va_sample,2,326.777,
869.5290,solve.va_sample,2,326.777,
870.0292,solve.va_sample,2,326.777,
870.5294,solve.va_sample,2,326.777,
871.0297,solve.va_sample,2,326.777,
871.5300,solve.va_sample,2,326.777,
872.0302,solve.va_sample,2,326.777,
872.5305,solve.va_sample,2,326.777,
873.0307,solve.va_sample,2,326.777,
873.5309,solve.va_sample,2,326.777,
874.0312,solve.va_sample,2,326.777,
874.5314,solve.va_sample,2,326.777,
875.0316,solve.va_sample,2,326.777,
875.5319,solve.va_sample,2,326.777,
876.0321,solve.va_sample,2,326.777,
876.5323,solve.va_sample,2,326.777,
877.0326,solve.va_sample,2,326.777,
877.5328,solve.va_sample,2,326.777,
878.0330,solve.va_sample,2,326.777,
878.5333,solve.va_sample,2,326.777,
879.0335,solve.va_sample,2,326.777,
879.5337,solve.va_sample,2,326.777,
880.0340,solve.va_sample,2,326.777,
880.5342,solve.va_sample,2,326.777,
881.0344,solve.va_sample,2,326.777,
881.5347,solve.va_sample,2,326.777,
882.0349,solve.va_sample,2,326.777,
882.5351,solve.va_sample,2,326.777,
883.0354,solve.va_sample,2,326.777,
883.5356,solve.va_sample,2,326.777,
884.0358,solve.va_sample,2,326.777,
884.5361,solve.va_sample,2,326.777,
885.0363,solve.va_sample,2,326.777,
885.5366,solve.va_sample,2,326.777,
886.0368,solve.va_sample,2,326.777,
886.5371,solve.va_sample,2,326.777,
887.0373,solve.va_sample,2,326.777,
887.5376,solve.va_sample,2,326.777,
888.0378,solve.va_sample,2,326.777,
888.5381,solve.va_sample,2,326.777,
889.0383,solve.va_sample,2,326.777,
889.5385,solve.va_sample,2,326.777,
890.0388,solve.va_sample,2,326.777,
890.5390,solve.va_sample,2,326.777,
891.0392,solve.va_sample,2,326.777,
891.5395,solve.va_sample,2,326.777,
892.0397,solve.va_sample,2,326.777,
892.5400,solve.va_sample,2,326.777,
893.0402,solve.va_sample,2,326.777,
893.5404,solve.va_sample,2,326.777,
894.0407,solve.va_sample,2,326.777,
894.5409,solve.va_sample,2,326.777,
895.0412,solve.va_sample,2,326.777,
895.5414,solve.va_sample,2,326.777,
896.0416,solve.va_sample,2,326.777,
896.5419,solve.va_sample,2,326.777,
897.0422,solve.va_sample,2,326.777,
897.5424,solve.va_sample,2,326.777,
898.0427,solve.va_sample,2,326.777,
898.5429,solve.va_sample,2,326.777,
899.0432,solve.va_sample,2,326.777,
899.5435,solve.va_sample,2,326.777,
900.0437,solve.va_sample,2,326.777,
900.5440,solve.va_sample,2,326.777,
901.0442,solve.va_sample,2,326.777,
901.5444,solve.va_sample,2,326.777,
902.0447,solve.va_sample,2,326.777,
902.5449,solve.va_sample,2,326.777,
903.0451,solve.va_sample,2,326.777,
903.5454,solve.va_sample,2,326.777,
904.0456,solve.va_sample,2,326.777,
904.5458,solve.va_sample,2,326.777,
905.0461,solve.va_sample,2,326.777,
905.5463,solve.va_sample,2,326.777,
906.0466,solve.va_sample,2,326.777,
906.5468,solve.va_sample,2,326.777,
907.0471,solve.va_sample,2,326.777,
907.5473,solve.va_sample,2,326.777,
908.0476,solve.va_sample,2,326.777,
908.5478,solve.va_sample,2,326.777,
909.0481,solve.va_sample,2,326.777,
909.5483,solve.va_sample,2,326.777,
910.0485,solve.va_sample,2,326.777,
910.5488,solve.va_sample,2,326.777,
911.0490,solve.va_sample,2,326.777,
911.5493,solve.va_sample,2,326.777,
912.0495,solve.va_sample,2,326.777,
912.5498,solve.va_sample,2,326.777,
913.0500,solve.va_sample,2,326.777,
913.5502,solve.va_sample,2,326.777,
914.0505,solve.va_sample,2,326.777,
914.5507,solve.va_sample,2,326.777,
915.0510,solve.va_sample,2,326.777,
915.5512,solve.va_sample,2,326.777,
916.0515,solve.va_sample,2,326.777,
916.5517,solve.va_sample,2,326.777,
917.0519,solve.va_sample,2,326.777,
917.5522,solve.va_sample,2,326.777,
918.0524,solve.va_sample,2,326.777,
918.5527,solve.va_sample,2,326.777,
919.0529,solve.va_sample,2,326.777,
919.5531,solve.va_sample,2,326.777,
920.0534,solve.va_sample,2,326.777,
920.5536,solve.va_sample,2,326.777,
921.0538,solve.va_sample,2,326.777,
921.5541,solve.va_sample,2,326.777,
922.0543,solve.va_sample,2,326.777,
922.5546,solve.va_sample,2,326.777,
923.0548,solve.va_sample,2,326.777,
923.5550,solve.va_sample,2,326.777,
924.0553,solve.va_sample,2,326.777,
924.5555,solve.va_sample,2,326.777,
925.0558,solve.va_sample,2,326.777,
925.5560,solve.va_sample,2,326.777,
926.0563,solve.va_sample,2,326.777,
926.5565,solve.va_sample,2,326.777,
927.0568,solve.va_sample,2,326.777,
927.5570,solve.va_sample,2,326.777,
928.0573,solve.va_sample,2,326.777,
928.5576,solve.va_sample,2,326.777,
929.0578,solve.va_sample,2,326.777,
929.5581,solve.va_sample,2,326.777,
930.0583,solve.va_sample,2,326.777,
930.5586,solve.va_sample,2,326.777,
931.0589,solve.va_sample,2,326.777,
931.5591,solve.va_sample,2,326.777,
932.0593,solve.va_sample,2,326.777,
932.5596,solve.va_sample,2,326.777,
933.0598,solve.va_sample,2,326.777,
933.5601,solve.va_sample,2,326.777,
934.0603,solve.va_sample,2,326.777,
934.5606,solve.va_sample,2,326.777,
935.0609,solve.va_sample,2,326.777,
935.5611,solve.va_sample,2,326.777,
936.0614,solve.va_sample,2,326.777,
936.5616,solve.va_sample,2,326.777,
937.0619,solve.va_sample,2,326.777,
937.5621,solve.va_sample,2,326.777,
938.0624,solve.va_sample,2,326.777,
938.5626,solve.va_sample,2,326.777,
939.0629,solve.va_sample,2,326.777,
939.5631,solve.va_sample,2,326.777,
940.0634,solve.va_sample,2,326.777,
940.5636,solve.va_sample,2,326.777,
941.0639,solve.va_sample,2,326.777,
941.5641,solve.va_sample,2,326.777,
942.0644,solve.va_sample,2,326.777,
942.5646,solve.va_sample,2,326.777,
943.0649,solve.va_sample,2,326.777,
943.5651,solve.va_sample,2,326.777,
944.0654,solve.va_sample,2,327.035,
944.5656,solve.va_sample,2,327.035,
945.0659,solve.va_sample,2,327.035,
945.5661,solve.va_sample,2,327.035,
946.0664,solve.va_sample,2,327.035,
946.5666,solve.va_sample,2,327.035,
947.0669,solve.va_sample,2,327.035,
947.5671,solve.va_sample,2,327.035,
948.0674,solve.va_sample,2,327.035,
948.5676,solve.va_sample,2,327.035,
949.0679,solve.va_sample,2,327.035,
949.5682,solve.va_sample,2,327.035,
950.0684,solve.va_sample,2,327.035,
950.5687,solve.va_sample,2,327.035,
951.0689,solve.va_sample,2,327.035,
951.5692,solve.va_sample,2,327.035,
952.0695,solve.va_sample,2,327.035,
952.5697,solve.va_sample,2,327.035,
953.0700,solve.va_sample,2,327.035,
953.5702,solve.va_sample,2,327.035,
954.0705,solve.va_sample,2,327.035,
954.5708,solve.va_sample,2,327.035,
955.0711,solve.va_sample,2,327.035,
955.5713,solve.va_sample,2,327.035,
956.0716,solve.va_sample,2,327.035,
956.5718,solve.va_sample,2,327.035,
957.0721,solve.va_sample,2,327.035,
957.5724,solve.va_sample,2,327.035,
958.0726,solve.va_sample,2,327.035,
958.5729,solve.va_sample,2,327.035,
959.0731,solve.va_sample,2,327.035,
959.5734,solve.va_sample,2,327.035,
960.0736,solve.va_sample,2,327.035,
960.5739,solve.va_sample,2,327.035,
961.0741,solve.va_sample,2,327.035,
961.5744,solve.va_sample,2,327.035,
962.0746,solve.va_sample,2,327.035,
962.5749,solve.va_sample,2,327.035,
963.0752,solve.va_sample,2,327.035,
963.5754,solve.va_sample,2,327.035,
964.0757,solve.va_sample,2,327.035,
964.5759,solve.va_sample,2,327.035,
965.0762,solve.va_sample,2,327.035,
965.5764,solve.va_sample,2,327.035,
966.0767,solve.va_sample,2,327.035,
966.5770,solve.va_sample,2,327.035,
967.0772,solve.va_sample,2,327.035,
967.5775,solve.va_sample,2,327.035,
968.0777,solve.va_sample,2,327.035,
968.5780,solve.va_sample,2,327.035,
969.0782,solve.va_sample,2,327.035,
969.5785,solve.va_sample,2,327.035,
970.0788,solve.va_sample,2,327.035,
970.5790,solve.va_sample,2,327.035,
971.0793,solve.va_sample,2,327.035,
971.5795,solve.va_sample,2,327.035,
972.0798,solve.va_sample,2,327.035,
972.5800,solve.va_sample,2,327.035,
973.0802,solve.va_sample,2,327.035,
973.5805,solve.va_sample,2,327.035,
974.0807,solve.va_sample,2,327.035,
974.5810,solve.va_sample,2,327.035,
975.0812,solve.va_sample,2,327.035,
975.5814,solve.va_sample,2,327.035,
976.0816,solve.va_sample,2,327.035,
976.5819,solve.va_sample,2,327.035,
977.0821,solve.va_sample,2,327.035,
977.5824,solve.va_sample,2,327.035,
978.0826,solve.va_sample,2,327.035,
978.5829,solve.va_sample,2,327.035,
979.0832,solve.va_sample,2,327.035,
979.5834,solve.va_sample,2,327.035,
980.0837,solve.va_sample,2,327.035,
980.5839,solve.va_sample,2,327.035,
981.0842,solve.va_sample,2,327.035,
981.5844,solve.va_sample,2,327.035,
982.0847,solve.va_sample,2,327.035,
982.5849,solve.va_sample,2,327.035,
983.0852,solve.va_sample,2,327.035,
983.5854,solve.va_sample,2,327.035,
984.0857,solve.va_sample,2,327.035,
984.5859,solve.va_sample,2,327.035,
985.0862,solve.va_sample,2,327.035,
985.5864,solve.va_sample,2,327.035,
986.0867,solve.va_sample,2,327.035,
986.5869,solve.va_sample,2,327.035,
987.0872,solve.va_sample,2,327.035,
987.5874,solve.va_sample,2,327.035,
988.0876,solve.va_sample,2,327.035,
988.5879,solve.va_sample,2,327.035,
989.0881,solve.va_sample,2,327.035,
989.5884,solve.va_sample,2,327.035,
990.0886,solve.va_sample,2,327.035,
990.5889,solve.va_sample,2,327.035,
991.0891,solve.va_sample,2,327.035,
991.5894,solve.va_sample,2,327.035,
992.0896,solve.va_sample,2,327.035,
992.5899,solve.va_sample,2,327.035,
993.0901,solve.va_sample,2,327.035,
993.5904,solve.va_sample,2,327.035,
994.0906,solve.va_sample,2,327.035,
994.5909,solve.va_sample,2,327.035,
995.0911,solve.va_sample,2,327.035,
995.5914,solve.va_sample,2,327.035,
996.0916,solve.va_sample,2,327.035,
996.5919,solve.va_sample,2,327.035,
997.0921,solve.va_sample,2,327.035,
997.5924,solve.va_sample,2,327.035,
998.0927,solve.va_sample,2,327.035,
998.5929,solve.va_sample,2,327.035,
999.0932,solve.va_sample,2,327.035,
999.5934,solve.va_sample,2,327.035,
1000.0936,solve.va_sample,2,327.035,
1000.5939,solve.va_sample,2,327.035,
1001.0941,solve.va_sample,2,327.035,
1001.5944,solve.va_sample,2,327.035,
1002.0946,solve.va_sample,2,327.035,
1002.5948,solve.va_sample,2,327.035,
1003.0951,solve.va_sample,2,327.035,
1003.5953,solve.va_sample,2,327.035,
1004.0955,solve.va_sample,2,327.035,
1004.5958,solve.va_sample,2,327.035,
1005.0960,solve.va_sample,2,327.035,
1005.5962,solve.va_sample,2,327.035,
1006.0965,solve.va_sample,2,327.035,
1006.5967,solve.va_sample,2,327.035,
1007.0969,solve.va_sample,2,327.035,
1007.5972,solve.va_sample,2,327.035,
1008.0974,solve.va_sample,2,327.035,
1008.5976,solve.va_sample,2,327.035,
1009.0979,solve.va_sample,2,327.035,
1009.5981,solve.va_sample,2,327.035,
1010.0983,solve.va_sample,2,327.035,
1010.5985,solve.va_sample,2,327.035,
1011.0988,solve.va_sample,2,327.035,
1011.5990,solve.va_sample,2,327.035,
1012.0992,solve.va_sample,2,327.035,
1012.5995,solve.va_sample,2,327.035,
1013.0998,solve.va_sample,2,327.035,
1013.6000,solve.va_sample,2,327.035,
1014.1002,solve.va_sample,2,327.035,
1014.6005,solve.va_sample,2,327.035,
1015.1007,solve.va_sample,2,327.035,
1015.6009,solve.va_sample,2,327.035,
1016.1012,solve.va_sample,2,327.035,
1016.6014,solve.va_sample,2,327.035,
1017.1017,solve.va_sample,2,327.035,
1017.6020,solve.va_sample,2,327.035,
1018.1022,solve.va_sample,2,327.035,
1018.6025,solve.va_sample,2,327.035,
1019.1027,solve.va_sample,2,327.035,
1019.6029,solve.va_sample,2,327.035,
1020.1032,solve.va_sample,2,327.035,
1020.6034,solve.va_sample,2,327.035,
1021.1036,solve.va_sample,2,327.035,
1021.6039,solve.va_sample,2,327.035,
1022.1041,solve.va_sample,2,327.035,
1022.6044,solve.va_sample,2,327.035,
1023.1046,solve.va_sample,2,327.035,
1023.6048,solve.va_sample,2,327.035,
1024.1051,solve.va_sample,2,327.035,
1024.6053,solve.va_sample,2,327.035,
1025.1056,solve.va_sample,2,327.035,
1025.6058,solve.va_sample,2,327.035,
1026.1061,solve.va_sample,2,327.035,
1026.6064,solve.va_sample,2,327.035,
1027.1066,solve.va_sample,2,327.035,
1027.6069,solve.va_sample,2,327.035,
1028.1071,solve.va_sample,2,327.035,
1028.6073,solve.va_sample,2,327.035,
1029.1076,solve.va_sample,2,327.035,
1029.6078,solve.va_sample,2,327.035,
1030.1081,solve.va_sample,2,327.035,
1030.6083,solve.va_sample,2,327.035,
1031.1085,solve.va_sample,2,327.035,
1031.6088,solve.va_sample,2,327.035,
1032.1090,solve.va_sample,2,327.035,
1032.6093,solve.va_sample,2,327.035,
1033.1095,solve.va_sample,2,327.035,
1033.6098,solve.va_sample,2,327.035,
1034.1101,solve.va_sample,2,327.035,
1034.6103,solve.va_sample,2,327.035,
1035.1105,solve.va_sample,2,327.035,
1035.6108,solve.va_sample,2,327.035,
1036.1110,solve.va_sample,2,327.035,
1036.6113,solve.va_sample,2,327.035,
1037.1115,solve.va_sample,2,327.035,
1037.6118,solve.va_sample,2,327.035,
1038.1120,solve.va_sample,2,327.035,
1038.6123,solve.va_sample,2,327.035,
1039.1125,solve.va_sample,2,327.035,
1039.6127,solve.va_sample,2,327.035,
1040.1130,solve.va_sample,2,327.035,
1040.6132,solve.va_sample,2,327.035,
1041.1135,solve.va_sample,2,327.035,
1041.6137,solve.va_sample,2,327.035,
1042.1140,solve.va_sample,2,327.035,
1042.6142,solve.va_sample,2,327.035,
1043.1144,solve.va_sample,2,327.035,
1043.6147,solve.va_sample,2,327.035,
1044.1149,solve.va_sample,2,327.035,
1044.6151,solve.va_sample,2,327.035,
1045.1154,solve.va_sample,2,327.035,
1045.6156,solve.va_sample,2,327.035,
1046.1159,solve.va_sample,2,327.035,
1046.6161,solve.va_sample,2,327.035,
1047.1163,solve.va_sample,2,327.035,
1047.6166,solve.va_sample,2,327.035,
1048.1168,solve.va_sample,2,327.035,
1048.6170,solve.va_sample,2,327.035,
1049.1173,solve.va_sample,2,327.035,
1049.6175,solve.va_sample,2,327.035,
1050.1178,solve.va_sample,2,327.035,
1050.6180,solve.va_sample,2,327.035,
1051.1183,solve.va_sample,2,327.035,
1051.6185,solve.va_sample,2,327.035,
1052.1188,solve.va_sample,2,327.035,
1052.6190,solve.va_sample,2,327.035,
1053.1192,solve.va_sample,2,327.035,
1053.6195,solve.va_sample,2,327.035,
1054.1197,solve.va_sample,2,327.035,
1054.6200,solve.va_sample,2,327.035,
1055.1203,solve.va_sample,2,327.035,
1055.6205,solve.va_sample,2,327.035,
1056.1207,solve.va_sample,2,327.035,
1056.6210,solve.va_sample,2,327.035,
1057.1212,solve.va_sample,2,327.035,
1057.6215,solve.va_sample,2,327.035,
1058.1217,solve.va_sample,2,327.035,
1058.6219,solve.va_sample,2,327.035,
1059.1222,solve.va_sample,2,327.035,
1059.6224,solve.va_sample,2,327.035,
1060.1227,solve.va_sample,2,327.035,
1060.6229,solve.va_sample,2,327.035,
1061.1231,solve.va_sample,2,327.035,
1061.6234,solve.va_sample,2,327.035,
1062.1236,solve.va_sample,2,327.035,
1062.6239,solve.va_sample,2,327.035,
1063.1241,solve.va_sample,2,327.035,
1063.6244,solve.va_sample,2,327.035,
1064.1246,solve.va_sample,2,327.035,
1064.6249,solve.va_sample,2,327.035,
1065.1251,solve.va_sample,2,327.035,
1065.6254,solve.va_sample,2,327.035,
1066.1256,solve.va_sample,2,327.035,
1066.6259,solve.va_sample,2,327.035,
1067.1261,solve.va_sample,2,327.035,
1067.6264,solve.va_sample,2,327.035,
1068.1267,solve.va_sample,2,327.035,
1068.6269,solve.va_sample,2,327.035,
1069.1272,solve.va_sample,2,327.035,
1069.6274,solve.va_sample,2,327.035,
1070.1277,solve.va_sample,2,327.035,
1070.6279,solve.va_sample,2,327.035,
1071.1281,solve.va_sample,2,327.035,
1071.6284,solve.va_sample,2,327.035,
1072.1286,solve.va_sample,2,327.035,
1072.6288,solve.va_sample,2,327.035,
1073.1291,solve.va_sample,2,327.035,
1073.6293,solve.va_sample,2,327.035,
1074.1296,solve.va_sample,2,327.035,
1074.6298,solve.va_sample,2,327.035,
1075.1300,solve.va_sample,2,327.035,
1075.6303,solve.va_sample,2,327.035,
1076.1305,solve.va_sample,2,327.035,
1076.6308,solve.va_sample,2,327.035,
1077.1310,solve.va_sample,2,327.035,
1077.6313,solve.va_sample,2,327.035,
1078.1315,solve.va_sample,2,327.035,
1078.6318,solve.va_sample,2,327.035,
1079.1320,solve.va_sample,2,327.035,
1079.6322,solve.va_sample,2,327.035,
1080.1325,solve.va_sample,2,327.035,
1080.6327,solve.va_sample,2,327.035,
1081.1329,solve.va_sample,2,327.035,
1081.6332,solve.va_sample,2,327.035,
1082.1334,solve.va_sample,2,327.035,
1082.6337,solve.va_sample,2,327.035,
1083.1339,solve.va_sample,2,327.035,
1083.6341,solve.va_sample,2,327.035,
1084.1344,solve.va_sample,2,327.035,
1084.6346,solve.va_sample,2,327.035,
1085.1349,solve.va_sample,2,327.035,
1085.6351,solve.va_sample,2,327.035,
1086.1354,solve.va_sample,2,327.035,
1086.6356,solve.va_sample,2,327.035,
1087.1359,solve.va_sample,2,327.035,
1087.6361,solve.va_sample,2,327.035,
1088.1363,solve.va_sample,2,327.035,
1088.6366,solve.va_sample,2,327.035,
1089.1368,solve.va_sample,2,327.035,
1089.6370,solve.va_sample,2,327.035,
1090.1373,solve.va_sample,2,327.035,
1090.6375,solve.va_sample,2,327.035,
1091.1377,solve.va_sample,2,327.035,
1091.6380,solve.va_sample,2,327.035,
1092.1382,solve.va_sample,2,327.035,
1092.6384,solve.va_sample,2,327.035,
1093.1387,solve.va_sample,2,327.035,
1093.6389,solve.va_sample,2,327.035,
1094.1391,solve.va_sample,2,327.035,
1094.6394,solve.va_sample,2,327.035,
1095.1396,solve.va_sample,2,327.035,
1095.6398,solve.va_sample,2,327.035,
1096.1401,solve.va_sample,2,327.035,
1096.6403,solve.va_sample,2,327.035,
1097.1405,solve.va_sample,2,327.035,
1097.6408,solve.va_sample,2,327.035,
1098.1411,solve.va_sample,2,327.035,
1098.6413,solve.va_sample,2,327.035,
1099.1416,solve.va_sample,2,327.035,
1099.6418,solve.va_sample,2,327.035,
1100.1421,solve.va_sample,2,327.035,
1100.6423,solve.va_sample,2,327.035,
1101.1425,solve.va_sample,2,327.035,
1101.6428,solve.va_sample,2,327.035,
1102.1430,solve.va_sample,2,327.035,
1102.6433,solve.va_sample,2,327.035,
1103.1435,solve.va_sample,2,327.035,
1103.6437,solve.va_sample,2,327.035,
1104.1440,solve.va_sample,2,327.035,
1104.6442,solve.va_sample,2,327.035,
1105.1444,solve.va_sample,2,327.035,
1105.6447,solve.va_sample,2,327.035,
1106.1449,solve.va_sample,2,327.035,
1106.6451,solve.va_sample,2,327.035,
1107.1454,solve.va_sample,2,327.035,
1107.6456,solve.va_sample,2,327.035,
1108.1458,solve.va_sample,2,327.035,
1108.6461,solve.va_sample,2,327.035,
1109.1463,solve.va_sample,2,327.035,
1109.6465,solve.va_sample,2,327.035,
1110.1468,solve.va_sample,2,327.035,
1110.6470,solve.va_sample,2,327.035,
1111.1472,solve.va_sample,2,327.035,
1111.6475,solve.va_sample,2,327.035,
1112.1478,solve.va_sample,2,327.035,
1112.6480,solve.va_sample,2,327.035,
1113.1482,solve.va_sample,2,327.035,
1113.6484,solve.va_sample,2,327.035,
1114.1487,solve.va_sample,2,327.035,
1114.6489,solve.va_sample,2,327.035,
1115.1491,solve.va_sample,2,327.035,
1115.6494,solve.va_sample,2,327.035,
1116.1496,solve.va_sample,2,327.035,
1116.6498,solve.va_sample,2,327.035,
1117.1501,solve.va_sample,2,327.035,
1117.6503,solve.va_sample,2,327.035,
1118.1505,solve.va_sample,2,327.035,
1118.6508,solve.va_sample,2,327.035,
1119.1510,solve.va_sample,2,327.035,
1119.6513,solve.va_sample,2,327.035,
1120.1515,solve.va_sample,2,327.035,
1120.6517,solve.va_sample,2,327.035,
1121.1520,solve.va_sample,2,327.035,
1121.6522,solve.va_sample,2,327.035,
1122.1524,solve.va_sample,2,327.035,
1122.6527,solve.va_sample,2,327.035,
1123.1529,solve.va_sample,2,327.035,
1123.6531,solve.va_sample,2,327.035,
1124.1534,solve.va_sample,2,327.035,
1124.6536,solve.va_sample,2,327.035,
1125.1538,solve.va_sample,2,327.035,
1125.6541,solve.va_sample,2,327.035,
1126.1544,solve.va_sample,2,327.035,
1126.6546,solve.va_sample,2,327.035,
1127.1549,solve.va_sample,2,327.035,
1127.6551,solve.va_sample,2,327.035,
1128.1553,solve.va_sample,2,327.035,
1128.6556,solve.va_sample,2,327.035,
1129.1558,solve.va_sample,2,327.035,
1129.6560,solve.va_sample,2,327.035,
1130.1563,solve.va_sample,2,327.035,
1130.6565,solve.va_sample,2,327.035,
1131.1567,solve.va_sample,2,327.035,
1131.6570,solve.va_sample,2,327.035,
1132.1572,solve.va_sample,2,327.035,
1132.6574,solve.va_sample,2,327.035,
1133.1577,solve.va_sample,2,327.035,
1133.6579,solve.va_sample,2,327.035,
1134.1581,solve.va_sample,2,327.035,
1134.6584,solve.va_sample,2,327.035,
1135.1586,solve.va_sample,2,327.035,
1135.6589,solve.va_sample,2,327.035,
1136.1591,solve.va_sample,2,327.035,
1136.6593,solve.va_sample,2,327.035,
1137.1596,solve.va_sample,2,327.035,
1137.6598,solve.va_sample,2,327.035,
1138.1600,solve.va_sample,2,327.035,
1138.6603,solve.va_sample,2,327.035,
1139.1605,solve.va_sample,2,327.035,
1139.6608,solve.va_sample,2,327.035,
1140.1610,solve.va_sample,2,327.035,
1140.6612,solve.va_sample,2,327.035,
1141.1615,solve.va_sample,2,327.035,
1141.6617,solve.va_sample,2,327.035,
1142.1620,solve.va_sample,2,327.035,
1142.6622,solve.va_sample,2,327.035,
1143.1624,solve.va_sample,2,327.035,
1143.6627,solve.va_sample,2,327.035,
1144.1629,solve.va_sample,2,327.035,
1144.6632,solve.va_sample,2,327.035,
1145.1634,solve.va_sample,2,327.035,
1145.6637,solve.va_sample,2,327.035,
1146.1639,solve.va_sample,2,327.035,
1146.6642,solve.va_sample,2,327.035,
1147.1644,solve.va_sample,2,327.035,
1147.6646,solve.va_sample,2,327.035,
1148.1649,solve.va_sample,2,327.035,
1148.6651,solve.va_sample,2,327.035,
1149.1653,solve.va_sample,2,327.035,
1149.6656,solve.va_sample,2,327.035,
1150.1658,solve.va_sample,2,327.035,
1150.6660,solve.va_sample,2,327.035,
1151.1663,solve.va_sample,2,327.035,
1151.6665,solve.va_sample,2,327.035,
1152.1668,solve.va_sample,2,327.035,
1152.6670,solve.va_sample,2,327.035,
1153.1672,solve.va_sample,2,327.035,
1153.6675,solve.va_sample,2,327.035,
1154.1677,solve.va_sample,2,327.035,
1154.6680,solve.va_sample,2,327.035,
1155.1682,solve.va_sample,2,327.035,
1155.6685,solve.va_sample,2,327.035,
1156.1687,solve.va_sample,2,327.035,
1156.6690,solve.va_sample,2,327.035,
1157.1693,solve.va_sample,2,327.035,
1157.6695,solve.va_sample,2,327.035,
1158.1697,solve.va_sample,2,327.035,
1158.6700,solve.va_sample,2,327.035,
1159.1702,solve.va_sample,2,327.035,
1159.6705,solve.va_sample,2,327.035,
1160.1707,solve.va_sample,2,327.035,
1160.6710,solve.va_sample,2,327.035,
1161.1712,solve.va_sample,2,327.035,
1161.6714,solve.va_sample,2,327.035,
1162.1717,solve.va_sample,2,327.035,
1162.6719,solve.va_sample,2,327.035,
1163.1721,solve.va_sample,2,327.035,
1163.6723,solve.va_sample,2,327.035,
1164.1726,solve.va_sample,2,327.035,
1164.6728,solve.va_sample,2,327.035,
1165.1730,solve.va_sample,2,327.035,
1165.6733,solve.va_sample,2,327.035,
1166.1735,solve.va_sample,2,327.035,
1166.6738,solve.va_sample,2,327.035,
1167.1740,solve.va_sample,2,327.035,
1167.6742,solve.va_sample,2,327.035,
1168.1745,solve.va_sample,2,327.035,
1168.6747,solve.va_sample,2,327.035,
1169.1750,solve.va_sample,2,327.035,
1169.6752,solve.va_sample,2,327.035,
1170.1754,solve.va_sample,2,327.035,
1170.6756,solve.va_sample,2,327.035,
1171.1759,solve.va_sample,2,327.035,
1171.6761,solve.va_sample,2,327.035,
1172.1763,solve.va_sample,2,327.035,
1172.6766,solve.va_sample,2,327.035,
1173.1768,solve.va_sample,2,327.035,
1173.6770,solve.va_sample,2,327.035,
1174.1773,solve.va_sample,2,327.035,
1174.6775,solve.va_sample,2,327.035,
1175.1778,solve.va_sample,2,327.035,
1175.6780,solve.va_sample,2,327.035,
1176.1782,solve.va_sample,2,327.035,
1176.6785,solve.va_sample,2,327.035,
1177.1787,solve.va_sample,2,327.035,
1177.6789,solve.va_sample,2,327.035,
1178.1792,solve.va_sample,2,327.035,
1178.6794,solve.va_sample,2,327.035,
1179.1796,solve.va_sample,2,327.035,
1179.6799,solve.va_sample,2,327.035,
1180.1801,solve.va_sample,2,327.035,
1180.6803,solve.va_sample,2,327.035,
1181.1806,solve.va_sample,2,327.035,
1181.6808,solve.va_sample,2,327.035,
1182.1811,solve.va_sample,2,327.035,
1182.6813,solve.va_sample,2,327.035,
1183.1816,solve.va_sample,2,327.035,
1183.6818,solve.va_sample,2,327.035,
1184.1821,solve.va_sample,2,327.035,
1184.6823,solve.va_sample,2,327.035,
1185.1826,solve.va_sample,2,327.035,
1185.6829,solve.va_sample,2,327.035,
1186.1831,solve.va_sample,2,327.035,
1186.6834,solve.va_sample,2,327.035,
1187.1836,solve.va_sample,2,327.035,
1187.6839,solve.va_sample,2,327.035,
1188.1841,solve.va_sample,2,327.035,
1188.6844,solve.va_sample,2,327.035,
1189.1846,solve.va_sample,2,327.035,
1189.6849,solve.va_sample,2,327.035,
1190.1852,solve.va_sample,2,327.035,
1190.6854,solve.va_sample,2,327.035,
1191.1857,solve.va_sample,2,327.035,
1191.6859,solve.va_sample,2,327.035,
1192.1862,solve.va_sample,2,327.035,
1192.6864,solve.va_sample,2,327.035,
1193.1866,solve.va_sample,2,327.035,
1193.6869,solve.va_sample,2,327.035,
1194.1871,solve.va_sample,2,327.035,
1194.6873,solve.va_sample,2,327.035,
1195.1876,solve.va_sample,2,327.035,
1195.6878,solve.va_sample,2,327.035,
1196.1881,solve.va_sample,2,327.035,
1196.6883,solve.va_sample,2,327.035,
1197.1885,solve.va_sample,2,327.035,
1197.6888,solve.va_sample,2,327.035,
1198.1891,solve.va_sample,2,327.035,
1198.6893,solve.va_sample,2,327.035,
1199.1895,solve.va_sample,2,327.035,
1199.6898,solve.va_sample,2,327.035,
1200.1900,solve.va_sample,2,327.035,
1200.6903,solve.va_sample,2,327.035,
1201.1905,solve.va_sample,2,327.035,
1201.6907,solve.va_sample,2,327.035,
1202.1910,solve.va_sample,2,327.035,
1202.6912,solve.va_sample,2,327.035,
1203.1914,solve.va_sample,2,327.035,
1203.6916,solve.va_sample,2,327.035,
1204.1919,solve.va_sample,2,327.035,
1204.6921,solve.va_sample,2,327.035,
1205.1924,solve.va_sample,2,327.035,
1205.6926,solve.va_sample,2,327.035,
1206.1929,solve.va_sample,2,327.035,
1206.6931,solve.va_sample,2,327.035,
1207.1933,solve.va_sample,2,327.035,
1207.6936,solve.va_sample,2,327.035,
1208.1939,solve.va_sample,2,327.035,
1208.6941,solve.va_sample,2,327.035,
1209.1943,solve.va_sample,2,327.035,
1209.6946,solve.va_sample,2,327.035,
1210.1948,solve.va_sample,2,327.035,
1210.6950,solve.va_sample,2,327.035,
1211.1953,solve.va_sample,2,327.035,
1211.6955,solve.va_sample,2,327.035,
1212.1958,solve.va_sample,2,327.035,
1212.6960,solve.va_sample,2,327.035,
1213.1963,solve.va_sample,2,327.035,
1213.6965,solve.va_sample,2,327.035,
1214.1967,solve.va_sample,2,327.035,
1214.6970,solve.va_sample,2,327.035,
1215.1972,solve.va_sample,2,327.035,
1215.6974,solve.va_sample,2,327.035,
1216.1977,solve.va_sample,2,327.035,
1216.6979,solve.va_sample,2,327.035,
1217.1982,solve.va_sample,2,327.035,
1217.6984,solve.va_sample,2,327.035,
1218.1986,solve.va_sample,2,327.035,
1218.6989,solve.va_sample,2,327.035,
1219.1991,solve.va_sample,2,327.035,
1219.6993,solve.va_sample,2,327.035,
1220.1996,solve.va_sample,2,327.035,
1220.6998,solve.va_sample,2,327.035,
1221.2001,solve.va_sample,2,327.035,
1221.7003,solve.va_sample,2,327.035,
1222.2005,solve.va_sample,2,327.035,
1222.7008,solve.va_sample,2,327.035,
1223.2010,solve.va_sample,2,327.035,
1223.7013,solve.va_sample,2,327.035,
1224.2015,solve.va_sample,2,327.035,
1224.7017,solve.va_sample,2,327.035,
1225.2020,solve.va_sample,2,327.035,
1225.7022,solve.va_sample,2,327.035,
1226.2025,solve.va_sample,2,327.035,
1226.7027,solve.va_sample,2,327.035,
1227.2029,solve.va_sample,2,327.035,
1227.7032,solve.va_sample,2,327.035,
1228.2034,solve.va_sample,2,327.035,
1228.7036,solve.va_sample,2,327.035,
1229.2039,solve.va_sample,2,327.035,
1229.7041,solve.va_sample,2,327.035,
1230.2043,solve.va_sample,2,327.035,
1230.7046,solve.va_sample,2,327.035,
1231.2048,solve.va_sample,2,327.035,
1231.7050,solve.va_sample,2,327.035,
1232.2053,solve.va_sample,2,327.035,
1232.7055,solve.va_sample,2,327.035,
1233.2057,solve.va_sample,2,327.035,
1233.7059,solve.va_sample,2,327.035,
1234.2062,solve.va_sample,2,327.035,
1234.7064,solve.va_sample,2,327.035,
1235.2067,solve.va_sample,2,327.035,
1235.7069,solve.va_sample,2,327.035,
1236.2071,solve.va_sample,2,327.035,
1236.7074,solve.va_sample,2,327.035,
1237.2076,solve.va_sample,2,327.035,
1237.7079,solve.va_sample,2,327.035,
1238.2081,solve.va_sample,2,327.035,
1238.7083,solve.va_sample,2,327.035,
1239.2086,solve.va_sample,2,327.035,
1239.7088,solve.va_sample,2,327.035,
1240.2091,solve.va_sample,2,327.035,
1240.7093,solve.va_sample,2,327.035,
1241.2095,solve.va_sample,2,327.035,
1241.7098,solve.va_sample,2,327.035,
1242.2100,solve.va_sample,2,327.035,
1242.7103,solve.va_sample,2,327.035,
1243.2105,solve.va_sample,2,327.035,
1243.7108,solve.va_sample,2,327.035,
1244.2110,solve.va_sample,2,327.035,
1244.7112,solve.va_sample,2,327.035,
1245.2115,solve.va_sample,2,327.035,
1245.7117,solve.va_sample,2,327.035,
1246.2120,solve.va_sample,2,327.035,
1246.7122,solve.va_sample,2,327.035,
1247.2124,solve.va_sample,2,327.035,
1247.7126,solve.va_sample,2,327.035,
1248.2129,solve.va_sample,2,327.035,
1248.7131,solve.va_sample,2,327.035,
1249.2133,solve.va_sample,2,327.035,
1249.7136,solve.va_sample,2,327.035,
1250.2138,solve.va_sample,2,327.035,
1250.7140,solve.va_sample,2,327.035,
1251.2143,solve.va_sample,2,327.035,
1251.7145,solve.va_sample,2,327.035,
1252.2147,solve.va_sample,2,327.035,
1252.7149,solve.va_sample,2,327.035,
1253.2152,solve.va_sample,2,327.035,
1253.7154,solve.va_sample,2,327.035,
1254.2157,solve.va_sample,2,327.035,
1254.7159,solve.va_sample,2,327.035,
1255.2161,solve.va_sample,2,327.035,
1255.7164,solve.va_sample,2,327.035,
1256.2166,solve.va_sample,2,327.035,
1256.7168,solve.va_sample,2,327.035,
1257.2170,solve.va_sample,2,327.035,
1257.7173,solve.va_sample,2,327.035,
1258.2175,solve.va_sample,2,327.035,
1258.7177,solve.va_sample,2,327.035,
1259.2180,solve.va_sample,2,327.035,
1259.7182,solve.va_sample,2,327.035,
1260.2185,solve.va_sample,2,327.035,
1260.7187,solve.va_sample,2,327.035,
1261.2190,solve.va_sample,2,327.035,
1261.7192,solve.va_sample,2,327.035,
1262.2194,solve.va_sample,2,327.035,
1262.7197,solve.va_sample,2,327.035,
1263.2199,solve.va_sample,2,327.035,
1263.7201,solve.va_sample,2,327.035,
1264.2203,solve.va_sample,2,327.035,
1264.7206,solve.va_sample,2,327.035,
1265.2209,solve.va_sample,2,327.035,
1265.7211,solve.va_sample,2,327.035,
1266.2213,solve.va_sample,2,327.035,
1266.7216,solve.va_sample,2,327.035,
1267.2218,solve.va_sample,2,327.035,
1267.7221,solve.va_sample,2,327.035,
1268.2223,solve.va_sample,2,327.035,
1268.7226,solve.va_sample,2,327.035,
1269.2228,solve.va_sample,2,327.035,
1269.7230,solve.va_sample,2,327.035,
1270.2233,solve.va_sample,2,327.035,
1270.7235,solve.va_sample,2,327.035,
1271.2238,solve.va_sample,2,327.035,
1271.7240,solve.va_sample,2,327.035,
1272.2243,solve.va_sample,2,327.035,
1272.7245,solve.va_sample,2,327.035,
1273.2248,solve.va_sample,2,327.035,
1273.7250,solve.va_sample,2,327.035,
1274.2253,solve.va_sample,2,327.035,
1274.7255,solve.va_sample,2,327.035,
1275.2258,solve.va_sample,2,327.035,
1275.7260,solve.va_sample,2,327.035,
1276.2263,solve.va_sample,2,327.035,
1276.7265,solve.va_sample,2,327.035,
1277.2268,solve.va_sample,2,327.035,
1277.7270,solve.va_sample,2,327.035,
1278.2273,solve.va_sample,2,327.035,
1278.7275,solve.va_sample,2,327.035,
1279.2278,solve.va_sample,2,327.035,
1279.7280,solve.va_sample,2,327.035,
1280.2283,solve.va_sample,2,327.035,
1280.7285,solve.va_sample,2,327.035,
1281.2288,solve.va_sample,2,327.035,
1281.7290,solve.va_sample,2,327.035,
1282.2293,solve.va_sample,2,327.035,
1282.7295,solve.va_sample,2,327.035,
1283.2298,solve.va_sample,2,327.035,
1283.7300,solve.va_sample,2,327.035,
1284.2303,solve.va_sample,2,327.035,
1284.7305,solve.va_sample,2,327.035,
1285.2307,solve.va_sample,2,327.035,
1285.7310,solve.va_sample,2,327.035,
1286.2312,solve.va_sample,2,327.035,
1286.7315,solve.va_sample,2,327.035,
1287.2317,solve.va_sample,2,327.035,
1287.7319,solve.va_sample,2,327.035,
1288.2322,solve.va_sample,2,327.035,
1288.7324,solve.va_sample,2,327.035,
1289.2327,solve.va_sample,2,327.035,
1289.7329,solve.va_sample,2,327.035,
1290.2332,solve.va_sample,2,327.035,
1290.7334,solve.va_sample,2,327.035,
1291.2337,solve.va_sample,2,327.035,
1291.7339,solve.va_sample,2,327.035,
1292.2342,solve.va_sample,2,327.035,
1292.7344,solve.va_sample,2,327.035,
1293.2347,solve.va_sample,2,327.035,
1293.7349,solve.va_sample,2,327.035,
1294.2352,solve.va_sample,2,327.035,
1294.7354,solve.va_sample,2,327.035,
1295.2357,solve.va_sample,2,327.035,
1295.7359,solve.va_sample,2,327.293,
1296.2362,solve.va_sample,2,327.293,
1296.7364,solve.va_sample,2,327.293,
1297.2367,solve.va_sample,2,327.293,
1297.7369,solve.va_sample,2,327.293,
1298.2371,solve.va_sample,2,327.293,
1298.7374,solve.va_sample,2,327.293,
1299.2376,solve.va_sample,2,327.293,
1299.7378,solve.va_sample,2,327.293,
1300.2381,solve.va_sample,2,327.293,
1300.7383,solve.va_sample,2,327.293,
1301.2385,solve.va_sample,2,327.293,
1301.7388,solve.va_sample,2,327.293,
1302.2390,solve.va_sample,2,327.293,
1302.7392,solve.va_sample,2,327.293,
1303.2395,solve.va_sample,2,327.293,
1303.7397,solve.va_sample,2,327.293,
1304.2400,solve.va_sample,2,327.293,
1304.7402,solve.va_sample,2,327.293,
1305.2405,solve.va_sample,2,327.293,
1305.7407,solve.va_sample,2,327.293,
1306.2410,solve.va_sample,2,327.293,
1306.7412,solve.va_sample,2,327.293,
1307.2415,solve.va_sample,2,327.293,
1307.7417,solve.va_sample,2,327.293,
1308.2420,solve.va_sample,2,327.293,
1308.7422,solve.va_sample,2,327.293,
1309.2425,solve.va_sample,2,327.293,
1309.7427,solve.va_sample,2,327.293,
1310.2430,solve.va_sample,2,327.293,
1310.7432,solve.va_sample,2,327.293,
1311.2435,solve.va_sample,2,327.293,
1311.7437,solve.va_sample,2,327.293,
1312.2440,solve.va_sample,2,327.293,
1312.7442,solve.va_sample,2,327.293,
1313.2444,solve.va_sample,2,327.293,
1313.7447,solve.va_sample,2,327.293,
1314.2449,solve.va_sample,2,327.293,
1314.7452,solve.va_sample,2,327.293,
1315.2454,solve.va_sample,2,327.293,
1315.7456,solve.va_sample,2,327.293,
1316.2458,solve.va_sample,2,327.293,
1316.7461,solve.va_sample,2,327.293,
1317.2463,solve.va_sample,2,327.293,
1317.7466,solve.va_sample,2,327.293,
1318.2468,solve.va_sample,2,327.293,
1318.7470,solve.va_sample,2,327.293,
1319.2473,solve.va_sample,2,327.293,
1319.7475,solve.va_sample,2,327.293,
1320.2477,solve.va_sample,2,327.293,
1320.7480,solve.va_sample,2,327.293,
1321.2482,solve.va_sample,2,327.293,
1321.7484,solve.va_sample,2,327.293,
1322.2487,solve.va_sample,2,327.293,
1322.7489,solve.va_sample,2,327.293,
1323.2491,solve.va_sample,2,327.293,
1323.7494,solve.va_sample,2,327.293,
1324.2496,solve.va_sample,2,327.293,
1324.7499,solve.va_sample,2,327.293,
1325.2501,solve.va_sample,2,327.293,
1325.7504,solve.va_sample,2,327.293,
1326.2506,solve.va_sample,2,327.293,
1326.7508,solve.va_sample,2,327.293,
1327.2511,solve.va_sample,2,327.293,
1327.7513,solve.va_sample,2,327.293,
1328.2516,solve.va_sample,2,327.293,
1328.7518,solve.va_sample,2,327.293,
1329.2521,solve.va_sample,2,327.293,
1329.7523,solve.va_sample,2,327.293,
1330.2525,solve.va_sample,2,327.293,
1330.7528,solve.va_sample,2,327.293,
1331.2530,solve.va_sample,2,327.293,
1331.7532,solve.va_sample,2,327.293,
1332.2535,solve.va_sample,2,327.293,
1332.7537,solve.va_sample,2,327.293,
1333.2540,solve.va_sample,2,327.293,
1333.7542,solve.va_sample,2,327.293,
1334.2544,solve.va_sample,2,327.293,
1334.7547,solve.va_sample,2,327.293,
1335.2549,solve.va_sample,2,327.293,
1335.7551,solve.va_sample,2,327.293,
1336.2554,solve.va_sample,2,327.293,
1336.7556,solve.va_sample,2,327.293,
1337.2558,solve.va_sample,2,327.293,
1337.7561,solve.va_sample,2,327.293,
1338.2563,solve.va_sample,2,327.293,
1338.7565,solve.va_sample,2,327.293,
1339.2568,solve.va_sample,2,327.293,
1339.7571,solve.va_sample,2,327.293,
1340.2573,solve.va_sample,2,327.293,
1340.7576,solve.va_sample,2,327.293,
1341.2578,solve.va_sample,2,327.293,
1341.7581,solve.va_sample,2,327.293,
1342.2583,solve.va_sample,2,327.293,
1342.7585,solve.va_sample,2,327.293,
1343.2588,solve.va_sample,2,327.293,
1343.7590,solve.va_sample,2,327.293,
1344.2593,solve.va_sample,2,327.293,
1344.7595,solve.va_sample,2,327.293,
1345.2597,solve.va_sample,2,327.293,
1345.7600,solve.va_sample,2,327.293,
1346.2602,solve.va_sample,2,327.293,
1346.7604,solve.va_sample,2,327.293,
1347.2607,solve.va_sample,2,327.293,
1347.7609,solve.va_sample,2,327.293,
1348.2612,solve.va_sample,2,327.293,
1348.7614,solve.va_sample,2,327.293,
1349.2616,solve.va_sample,2,327.293,
1349.7619,solve.va_sample,2,327.293,
1350.2621,solve.va_sample,2,327.293,
1350.7623,solve.va_sample,2,327.293,
1351.2626,solve.va_sample,2,327.293,
1351.7628,solve.va_sample,2,327.293,
1352.2630,solve.va_sample,2,327.293,
1352.7633,solve.va_sample,2,327.293,
1353.2635,solve.va_sample,2,327.293,
1353.7638,solve.va_sample,2,327.293,
1354.2640,solve.va_sample,2,327.293,
1354.7643,solve.va_sample,2,327.293,
1355.2645,solve.va_sample,2,327.293,
1355.7648,solve.va_sample,2,327.293,
1356.2650,solve.va_sample,2,327.293,
1356.7653,solve.va_sample,2,327.293,
1357.2655,solve.va_sample,2,327.293,
1357.7658,solve.va_sample,2,327.293,
1358.2660,solve.va_sample,2,327.293,
1358.7662,solve.va_sample,2,327.293,
1359.2665,solve.va_sample,2,327.293,
1359.7667,solve.va_sample,2,327.293,
1360.2670,solve.va_sample,2,327.293,
1360.7672,solve.va_sample,2,327.293,
1361.2675,solve.va_sample,2,327.293,
1361.7677,solve.va_sample,2,327.293,
1362.2680,solve.va_sample,2,327.293,
1362.7682,solve.va_sample,2,327.293,
1363.2685,solve.va_sample,2,327.293,
1363.7687,solve.va_sample,2,327.293,
1364.2690,solve.va_sample,2,327.293,
1364.7693,solve.va_sample,2,327.293,
1365.2695,solve.va_sample,2,327.293,
1365.7698,solve.va_sample,2,327.293,
1366.2700,solve.va_sample,2,327.293,
1366.7703,solve.va_sample,2,327.293,
1367.2705,solve.va_sample,2,327.293,
1367.7708,solve.va_sample,2,327.293,
1368.2710,solve.va_sample,2,327.293,
1368.7713,solve.va_sample,2,327.293,
1369.2715,solve.va_sample,2,327.293,
1369.7717,solve.va_sample,2,327.293,
1370.2720,solve.va_sample,2,327.293,
1370.7722,solve.va_sample,2,327.293,
1371.2725,solve.va_sample,2,327.293,
1371.7727,solve.va_sample,2,327.293,
1372.2729,solve.va_sample,2,327.293,
1372.7732,solve.va_sample,2,327.293,
1373.2735,solve.va_sample,2,327.293,
1373.7737,solve.va_sample,2,327.293,
1374.2740,solve.va_sample,2,327.293,
1374.7742,solve.va_sample,2,327.293,
1375.2745,solve.va_sample,2,327.293,
1375.7747,solve.va_sample,2,327.293,
1376.2750,solve.va_sample,2,327.293,
1376.7752,solve.va_sample,2,327.293,
1377.2754,solve.va_sample,2,327.293,
1377.7757,solve.va_sample,2,327.293,
1378.2759,solve.va_sample,2,327.293,
1378.7762,solve.va_sample,2,327.293,
1379.2764,solve.va_sample,2,327.293,
1379.7767,solve.va_sample,2,327.293,
1380.2769,solve.va_sample,2,327.293,
1380.7772,solve.va_sample,2,327.293,
1381.2774,solve.va_sample,2,327.293,
1381.7777,solve.va_sample,2,327.293,
1382.2779,solve.va_sample,2,327.293,
1382.7782,solve.va_sample,2,327.293,
1383.2784,solve.va_sample,2,327.293,
1383.7786,solve.va_sample,2,327.293,
1384.2789,solve.va_sample,2,327.293,
1384.7792,solve.va_sample,2,327.293,
1385.2794,solve.va_sample,2,327.293,
1385.7797,solve.va_sample,2,327.293,
1386.2799,solve.va_sample,2,327.293,
1386.7802,solve.va_sample,2,327.293,
1387.2804,solve.va_sample,2,327.293,
1387.7806,solve.va_sample,2,327.293,
1388.2809,solve.va_sample,2,327.293,
1388.7811,solve.va_sample,2,327.293,
1389.2814,solve.va_sample,2,327.293,
1389.7816,solve.va_sample,2,327.293,
1390.2818,solve.va_sample,2,327.293,
1390.7821,solve.va_sample,2,327.293,
1391.2823,solve.va_sample,2,327.293,
1391.7826,solve.va_sample,2,327.293,
1392.2828,solve.va_sample,2,327.293,
1392.7831,solve.va_sample,2,327.293,
1393.2833,solve.va_sample,2,327.293,
1393.7836,solve.va_sample,2,327.293,
1394.2838,solve.va_sample,2,327.293,
1394.7840,solve.va_sample,2,327.293,
1395.2843,solve.va_sample,2,327.293,
1395.7845,solve.va_sample,2,327.293,
1396.2848,solve.va_sample,2,327.293,
1396.7850,solve.va_sample,2,327.293,
1397.2853,solve.va_sample,2,327.293,
1397.7855,solve.va_sample,2,327.293,
1398.2858,solve.va_sample,2,327.293,
1398.7860,solve.va_sample,2,327.293,
1399.2863,solve.va_sample,2,327.293,
1399.7865,solve.va_sample,2,327.293,
1400.2867,solve.va_sample,2,327.293,
1400.7870,solve.va_sample,2,327.293,
1401.2872,solve.va_sample,2,327.293,
1401.7875,solve.va_sample,2,327.293,
1402.2877,solve.va_sample,2,327.293,
1402.7879,solve.va_sample,2,327.293,
1403.2881,solve.va_sample,2,327.293,
1403.7884,solve.va_sample,2,327.293,
1404.2886,solve.va_sample,2,327.293,
1404.7888,solve.va_sample,2,327.293,
1405.2891,solve.va_sample,2,327.293,
1405.7893,solve.va_sample,2,327.293,
1406.2896,solve.va_sample,2,327.293,
1406.7898,solve.va_sample,2,327.293,
1407.2901,solve.va_sample,2,327.293,
1407.7903,solve.va_sample,2,327.293,
1408.2905,solve.va_sample,2,327.293,
1408.7908,solve.va_sample,2,327.293,
1409.2910,solve.va_sample,2,327.293,
1409.7913,solve.va_sample,2,327.293,
1410.2915,solve.va_sample,2,327.293,
1410.7918,solve.va_sample,2,327.293,
1411.2920,solve.va_sample,2,327.293,
1411.7922,solve.va_sample,2,327.293,
1412.2925,solve.va_sample,2,327.293,
1412.7927,solve.va_sample,2,327.293,
1413.2930,solve.va_sample,2,327.293,
1413.7932,solve.va_sample,2,327.293,
1414.2934,solve.va_sample,2,327.293,
1414.7937,solve.va_sample,2,327.293,
1415.2940,solve.va_sample,2,327.293,
1415.7942,solve.va_sample,2,327.293,
1416.2945,solve.va_sample,2,327.293,
1416.7947,solve.va_sample,2,327.293,
1417.2950,solve.va_sample,2,327.293,
1417.7953,solve.va_sample,2,327.293,
1418.2955,solve.va_sample,2,327.293,
1418.7958,solve.va_sample,2,327.293,
1419.2960,solve.va_sample,2,327.293,
1419.7963,solve.va_sample,2,327.293,
1420.2966,solve.va_sample,2,327.293,
1420.7968,solve.va_sample,2,327.293,
1421.2970,solve.va_sample,2,327.293,
1421.7973,solve.va_sample,2,327.293,
1422.2975,solve.va_sample,2,327.293,
1422.7978,solve.va_sample,2,327.293,
1423.2981,solve.va_sample,2,327.293,
1423.7983,solve.va_sample,2,327.293,
1424.2986,solve.va_sample,2,327.293,
1424.7989,solve.va_sample,2,327.293,
1425.2991,solve.va_sample,2,327.293,
1425.7994,solve.va_sample,2,327.293,
1426.2996,solve.va_sample,2,327.293,
1426.7999,solve.va_sample,2,327.293,
1427.3001,solve.va_sample,2,327.293,
1427.8004,solve.va_sample,2,327.293,
1428.3006,solve.va_sample,2,327.293,
1428.8009,solve.va_sample,2,327.293,
1429.3011,solve.va_sample,2,327.293,
1429.8014,solve.va_sample,2,327.293,
1430.3016,solve.va_sample,2,327.293,
1430.8018,solve.va_sample,2,327.293,
1431.3021,solve.va_sample,2,327.293,
1431.8023,solve.va_sample,2,327.293,
1432.3026,solve.va_sample,2,327.293,
1432.8029,solve.va_sample,2,327.293,
1433.3031,solve.va_sample,2,327.293,
1433.8033,solve.va_sample,2,327.293,
1434.3036,solve.va_sample,2,327.293,
1434.8038,solve.va_sample,2,327.293,
1435.3041,solve.va_sample,2,327.293,
1435.8043,solve.va_sample,2,327.293,
1436.3045,solve.va_sample,2,327.293,
1436.8048,solve.va_sample,2,327.293,
1437.3050,solve.va_sample,2,327.293,
1437.8053,solve.va_sample,2,327.293,
1438.3055,solve.va_sample,2,327.293,
1438.8058,solve.va_sample,2,327.293,
1439.3060,solve.va_sample,2,327.293,
1439.8063,solve.va_sample,2,327.293,
1440.3065,solve.va_sample,2,327.293,
1440.8067,solve.va_sample,2,327.293,
1441.3070,solve.va_sample,2,327.293,
1441.8072,solve.va_sample,2,327.293,
1442.3075,solve.va_sample,2,327.293,
1442.8077,solve.va_sample,2,327.293,
1443.3079,solve.va_sample,2,327.293,
1443.8081,solve.va_sample,2,327.293,
1444.3084,solve.va_sample,2,327.293,
1444.8087,solve.va_sample,2,327.293,
1445.3090,solve.va_sample,2,327.293,
1445.8092,solve.va_sample,2,327.293,
1446.3094,solve.va_sample,2,327.293,
1446.8097,solve.va_sample,2,327.293,
1447.3100,solve.va_sample,2,327.293,
1447.8102,solve.va_sample,2,327.293,
1448.3105,solve.va_sample,2,327.293,
1448.8107,solve.va_sample,2,327.293,
1449.3110,solve.va_sample,2,327.293,
1449.8112,solve.va_sample,2,327.293,
1450.3115,solve.va_sample,2,327.293,
1450.8117,solve.va_sample,2,327.293,
1451.3120,solve.va_sample,2,327.293,
1451.8123,solve.va_sample,2,327.293,
1452.3125,solve.va_sample,2,327.293,
1452.8128,solve.va_sample,2,327.293,
1453.3130,solve.va_sample,2,327.293,
1453.8133,solve.va_sample,2,327.293,
1454.3135,solve.va_sample,2,327.293,
1454.8137,solve.va_sample,2,327.293,
1455.3140,solve.va_sample,2,327.293,
1455.8142,solve.va_sample,2,327.293,
1456.3144,solve.va_sample,2,327.293,
1456.8147,solve.va_sample,2,327.293,
1457.3149,solve.va_sample,2,327.293,
1457.8152,solve.va_sample,2,327.293,
1458.3154,solve.va_sample,2,327.293,
1458.8157,solve.va_sample,2,327.293,
1459.3159,solve.va_sample,2,327.293,
1459.8162,solve.va_sample,2,327.293,
1460.3164,solve.va_sample,2,327.293,
1460.8167,solve.va_sample,2,327.293,
1461.3169,solve.va_sample,2,327.293,
1461.8172,solve.va_sample,2,327.293,
1462.3174,solve.va_sample,2,327.293,
1462.8176,solve.va_sample,2,327.293,
1463.3179,solve.va_sample,2,327.293,
1463.8181,solve.va_sample,2,327.293,
1464.3184,solve.va_sample,2,327.293,
1464.8186,solve.va_sample,2,327.293,
1465.3189,solve.va_sample,2,327.293,
1465.8191,solve.va_sample,2,327.293,
1466.3194,solve.va_sample,2,327.293,
1466.8196,solve.va_sample,2,327.293,
1467.3199,solve.va_sample,2,327.293,
1467.8201,solve.va_sample,2,327.293,
1468.3204,solve.va_sample,2,327.293,
1468.8206,solve.va_sample,2,327.293,
1469.3208,solve.va_sample,2,327.293,
1469.8211,solve.va_sample,2,327.293,
1470.3213,solve.va_sample,2,327.293,
1470.8215,solve.va_sample,2,327.293,
1471.3218,solve.va_sample,2,327.293,
1471.8220,solve.va_sample,2,327.293,
1472.3222,solve.va_sample,2,327.293,
1472.8225,solve.va_sample,2,327.293,
1473.3227,solve.va_sample,2,327.293,
1473.8230,solve.va_sample,2,327.293,
1474.3232,solve.va_sample,2,327.293,
1474.8235,solve.va_sample,2,327.293,
1475.3237,solve.va_sample,2,327.293,
1475.8240,solve.va_sample,2,327.293,
1476.3243,solve.va_sample,2,327.293,
1476.8245,solve.va_sample,2,327.293,
1477.3248,solve.va_sample,2,327.293,
1477.8250,solve.va_sample,2,327.293,
1478.3253,solve.va_sample,2,327.293,
1478.8255,solve.va_sample,2,327.293,
1479.3258,solve.va_sample,2,327.293,
1479.8260,solve.va_sample,2,327.293,
1480.3263,solve.va_sample,2,327.293,
1480.8265,solve.va_sample,2,327.293,
1481.3268,solve.va_sample,2,327.293,
1481.8270,solve.va_sample,2,327.293,
1482.3273,solve.va_sample,2,327.293,
1482.8275,solve.va_sample,2,327.293,
1483.3277,solve.va_sample,2,327.293,
1483.8280,solve.va_sample,2,327.293,
1484.3282,solve.va_sample,2,327.293,
1484.8284,solve.va_sample,2,327.293,
1485.3287,solve.va_sample,2,327.293,
1485.8289,solve.va_sample,2,327.293,
1486.3292,solve.va_sample,2,327.293,
1486.8294,solve.va_sample,2,327.293,
1487.3297,solve.va_sample,2,327.293,
1487.8300,solve.va_sample,2,327.293,
1488.3302,solve.va_sample,2,327.293,
1488.8305,solve.va_sample,2,327.293,
1489.3307,solve.va_sample,2,327.293,
1489.8310,solve.va_sample,2,327.293,
1490.3313,solve.va_sample,2,327.293,
1490.8315,solve.va_sample,2,327.293,
1491.3318,solve.va_sample,2,327.293,
1491.8320,solve.va_sample,2,327.293,
1492.3322,solve.va_sample,2,327.293,
1492.8325,solve.va_sample,2,327.293,
1493.3327,solve.va_sample,2,327.293,
1493.8330,solve.va_sample,2,327.293,
1494.3332,solve.va_sample,2,327.293,
1494.8335,solve.va_sample,2,327.293,
1495.3338,solve.va_sample,2,327.293,
1495.8341,solve.va_sample,2,327.293,
1496.3343,solve.va_sample,2,327.293,
1496.8345,solve.va_sample,2,327.293,
1497.3348,solve.va_sample,2,327.293,
1497.8351,solve.va_sample,2,327.293,
1498.3353,solve.va_sample,2,327.293,
1498.8356,solve.va_sample,2,327.293,
1499.3358,solve.va_sample,2,327.293,
1499.8361,solve.va_sample,2,327.293,
1500.3363,solve.va_sample,2,327.293,
1500.8366,solve.va_sample,2,327.293,
1501.3368,solve.va_sample,2,327.293,
1501.8370,solve.va_sample,2,327.293,
1502.3373,solve.va_sample,2,327.293,
1502.8375,solve.va_sample,2,327.293,
1503.3378,solve.va_sample,2,327.293,
1503.8380,solve.va_sample,2,327.293,
1504.3383,solve.va_sample,2,327.293,
1504.8385,solve.va_sample,2,327.293,
1505.3388,solve.va_sample,2,327.293,
1505.8390,solve.va_sample,2,327.293,
1506.3393,solve.va_sample,2,327.293,
1506.8395,solve.va_sample,2,327.293,
1507.3398,solve.va_sample,2,327.293,
1507.8400,solve.va_sample,2,327.293,
1508.3403,solve.va_sample,2,327.293,
1508.8405,solve.va_sample,2,327.293,
1509.3407,solve.va_sample,2,327.293,
1509.8410,solve.va_sample,2,327.293,
1510.3413,solve.va_sample,2,327.293,
1510.8415,solve.va_sample,2,327.293,
1511.3418,solve.va_sample,2,327.293,
1511.8420,solve.va_sample,2,327.293,
1512.3422,solve.va_sample,2,327.293,
1512.8425,solve.va_sample,2,327.293,
1513.3427,solve.va_sample,2,327.293,
1513.8430,solve.va_sample,2,327.293,
1514.3432,solve.va_sample,2,327.293,
1514.8435,solve.va_sample,2,327.293,
1515.3437,solve.va_sample,2,327.293,
1515.8440,solve.va_sample,2,327.293,
1516.3442,solve.va_sample,2,327.293,
1516.8444,solve.va_sample,2,327.293,
1517.3446,solve.va_sample,2,327.293,
1517.8449,solve.va_sample,2,327.293,
1518.3451,solve.va_sample,2,327.293,
1518.8453,solve.va_sample,2,327.293,
1519.3456,solve.va_sample,2,327.293,
1519.8458,solve.va_sample,2,327.293,
1520.3461,solve.va_sample,2,327.293,
1520.8463,solve.va_sample,2,327.293,
1521.3466,solve.va_sample,2,327.293,
1521.8468,solve.va_sample,2,327.293,
1522.3471,solve.va_sample,2,327.293,
1522.8473,solve.va_sample,2,327.293,
1523.3475,solve.va_sample,2,327.293,
1523.8478,solve.va_sample,2,327.293,
1524.3480,solve.va_sample,2,327.293,
1524.8483,solve.va_sample,2,327.293,
1525.3485,solve.va_sample,2,327.293,
1525.8488,solve.va_sample,2,327.293,
1526.3490,solve.va_sample,2,327.293,
1526.8493,solve.va_sample,2,327.293,
1527.3495,solve.va_sample,2,327.293,
1527.8497,solve.va_sample,2,327.293,
1528.3500,solve.va_sample,2,327.293,
1528.8502,solve.va_sample,2,327.293,
1529.3505,solve.va_sample,2,327.293,
1529.8507,solve.va_sample,2,327.293,
1530.3510,solve.va_sample,2,327.293,
1530.8512,solve.va_sample,2,327.293,
1531.3514,solve.va_sample,2,327.293,
1531.8517,solve.va_sample,2,327.293,
1532.3519,solve.va_sample,2,327.293,
1532.8522,solve.va_sample,2,327.293,
1533.3524,solve.va_sample,2,327.293,
1533.8526,solve.va_sample,2,327.293,
1534.3529,solve.va_sample,2,327.293,
1534.8531,solve.va_sample,2,327.293,
1535.3534,solve.va_sample,2,327.293,
1535.8536,solve.va_sample,2,327.293,
1536.3538,solve.va_sample,2,327.293,
1536.8541,solve.va_sample,2,327.293,
1537.3543,solve.va_sample,2,327.293,
1537.8546,solve.va_sample,2,327.293,
1538.3548,solve.va_sample,2,327.293,
1538.8551,solve.va_sample,2,327.293,
1539.3553,solve.va_sample,2,327.293,
1539.8556,solve.va_sample,2,327.293,
1540.3558,solve.va_sample,2,327.293,
1540.8561,solve.va_sample,2,327.293,
1541.3563,solve.va_sample,2,327.293,
1541.8565,solve.va_sample,2,327.293,
1542.3568,solve.va_sample,2,327.293,
1542.8570,solve.va_sample,2,327.293,
1543.3573,solve.va_sample,2,327.293,
1543.8575,solve.va_sample,2,327.293,
1544.3578,solve.va_sample,2,327.293,
1544.8580,solve.va_sample,2,327.293,
1545.3583,solve.va_sample,2,327.293,
1545.8585,solve.va_sample,2,327.293,
1546.3588,solve.va_sample,2,327.293,
1546.8590,solve.va_sample,2,327.293,
1547.3593,solve.va_sample,2,327.293,
1547.8596,solve.va_sample,2,327.293,
1548.3598,solve.va_sample,2,327.293,
1548.8601,solve.va_sample,2,327.293,
1549.3603,solve.va_sample,2,327.293,
1549.8606,solve.va_sample,2,327.293,
1550.3608,solve.va_sample,2,327.293,
1550.8611,solve.va_sample,2,327.293,
1551.3613,solve.va_sample,2,327.293,
1551.8616,solve.va_sample,2,327.293,
1552.3618,solve.va_sample,2,327.293,
1552.8621,solve.va_sample,2,327.293,
1553.3623,solve.va_sample,2,327.293,
1553.8626,solve.va_sample,2,327.293,
1554.3628,solve.va_sample,2,327.293,
1554.8631,solve.va_sample,2,327.293,
1555.3633,solve.va_sample,2,327.293,
1555.8635,solve.va_sample,2,327.293,
1556.3638,solve.va_sample,2,327.293,
1556.8640,solve.va_sample,2,327.293,
1557.3643,solve.va_sample,2,327.293,
1557.8645,solve.va_sample,2,327.293,
1558.3648,solve.va_sample,2,327.293,
1558.8650,solve.va_sample,2,327.293,
1559.3653,solve.va_sample,2,327.293,
1559.8655,solve.va_sample,2,327.293,
1560.3658,solve.va_sample,2,327.293,
1560.8660,solve.va_sample,2,327.293,
1561.3663,solve.va_sample,2,327.293,
1561.8665,solve.va_sample,2,327.293,
1562.3668,solve.va_sample,2,327.293,
1562.8670,solve.va_sample,2,327.293,
1563.3673,solve.va_sample,2,327.293,
1563.8675,solve.va_sample,2,327.293,
1564.3678,solve.va_sample,2,327.293,
1564.8681,solve.va_sample,2,327.293,
1565.3683,solve.va_sample,2,327.293,
1565.8686,solve.va_sample,2,327.293,
1566.3689,solve.va_sample,2,327.293,
1566.8691,solve.va_sample,2,327.293,
1567.3693,solve.va_sample,2,327.293,
1567.8696,solve.va_sample,2,327.293,
1568.3698,solve.va_sample,2,327.293,
1568.8700,solve.va_sample,2,327.293,
1569.3703,solve.va_sample,2,327.293,
1569.8705,solve.va_sample,2,327.293,
1570.3708,solve.va_sample,2,327.293,
1570.8710,solve.va_sample,2,327.293,
1571.3712,solve.va_sample,2,327.293,
1571.8715,solve.va_sample,2,327.293,
1572.3718,solve.va_sample,2,327.293,
1572.8720,solve.va_sample,2,327.293,
1573.3723,solve.va_sample,2,327.293,
1573.8725,solve.va_sample,2,327.293,
1574.3728,solve.va_sample,2,327.293,
1574.8730,solve.va_sample,2,327.293,
1575.3733,solve.va_sample,2,327.293,
1575.8735,solve.va_sample,2,327.293,
1576.3738,solve.va_sample,2,327.293,
1576.8741,solve.va_sample,2,327.293,
1577.3743,solve.va_sample,2,327.293,
1577.8746,solve.va_sample,2,327.293,
1578.3748,solve.va_sample,2,327.293,
1578.8751,solve.va_sample,2,327.293,
1579.3753,solve.va_sample,2,327.293,
1579.8756,solve.va_sample,2,327.293,
1580.3758,solve.va_sample,2,327.293,
1580.8761,solve.va_sample,2,327.293,
1581.3763,solve.va_sample,2,327.293,
1581.8766,solve.va_sample,2,327.293,
1582.3768,solve.va_sample,2,327.293,
1582.8770,solve.va_sample,2,327.293,
1583.3773,solve.va_sample,2,327.293,
1583.8775,solve.va_sample,2,327.293,
1584.3777,solve.va_sample,2,327.293,
1584.8780,solve.va_sample,2,327.293,
1585.3782,solve.va_sample,2,327.293,
1585.8785,solve.va_sample,2,327.293,
1586.3787,solve.va_sample,2,327.293,
1586.8789,solve.va_sample,2,327.293,
1587.3792,solve.va_sample,2,327.293,
1587.8794,solve.va_sample,2,327.293,
1588.3796,solve.va_sample,2,327.293,
1588.8799,solve.va_sample,2,327.293,
1589.3801,solve.va_sample,2,327.293,
1589.8804,solve.va_sample,2,327.293,
1590.3806,solve.va_sample,2,327.293,
1590.8808,solve.va_sample,2,327.293,
1591.3811,solve.va_sample,2,327.293,
1591.8813,solve.va_sample,2,327.293,
1592.3815,solve.va_sample,2,327.293,
1592.8818,solve.va_sample,2,327.293,
1593.3820,solve.va_sample,2,327.293,
1593.8822,solve.va_sample,2,327.293,
1594.3825,solve.va_sample,2,327.293,
1594.8827,solve.va_sample,2,327.293,
1595.3829,solve.va_sample,2,327.293,
1595.8832,solve.va_sample,2,327.293,
1596.4176,solve.va_sample,2,333.738,
1596.9542,solve.va_sample,2,338.895,
1597.4962,solve.va_sample,2,344.309,
1598.0338,solve.va_sample,2,349.465,
1598.3906,solve.va_sample,2,353.074,
1598.3935,solve.sample_eval,2,353.332,
1598.5594,solve.sample_eval,2,354.105,
1599.1052,solve.sample_eval,2,363.902,
1599.6357,solve.sample_eval,2,378.340,
1600.1664,solve.sample_eval,2,389.684,
1600.6977,solve.sample_eval,2,400.512,
1601.2334,solve.sample_eval,2,423.715,
1601.7793,solve.sample_eval,2,430.160,
1602.3150,solve.sample_eval,2,441.762,
1602.8507,solve.sample_eval,2,453.363,
1603.3764,solve.sample_eval,2,464.191,
1603.9174,solve.sample_eval,2,475.277,
1604.4480,solve.sample_eval,2,486.879,
1604.9841,solve.sample_eval,2,523.230,
1605.2885,solve.sample_eval,2,525.809,
1605.2900,solve,1,525.809,
1605.5666,(unmarked),0,534.285,
1606.0526,(unmarked),0,506.641,
