t_seconds,phase,depth,rss_mb,batch_id
0.0005,data_load,1,103.277,
0.0559,data_load,1,109.867,
0.0562,batch_build,1,109.867,
0.0866,batch_build,1,110.359,
0.0912,preflight,1,110.359,
0.5144,preflight.pyqubo_express,2,129.891,
0.5145,preflight.pyqubo_express,2,129.891,
0.5939,preflight.pyqubo_express,2,130.406,
0.5941,preflight.pyqubo_compile,2,130.406,
0.6403,preflight.pyqubo_compile,2,187.789,
0.6477,preflight.to_qubo,2,187.789,
0.6952,preflight.to_qubo,2,198.016,
0.7315,preflight,1,194.688,
0.7938,solve,1,195.406,
1.0400,solve,1,195.406,
1.2109,solve.pyqubo_express,2,196.438,
1.2906,solve.pyqubo_express,2,196.695,
1.2908,solve.pyqubo_compile,2,196.695,
1.3400,solve.pyqubo_compile,2,254.344,
1.3486,solve.to_qubo,2,254.344,
1.3962,solve.to_qubo,2,261.820,
1.3981,solve,1,261.820,
1.3999,solve,1,261.820,
1.4011,solve.va_model_build,2,261.820,
2.0990,solve.va_model_build,2,262.852,
2.1104,solve.va_model_build,2,326.273,
2.1107,solve.va_sample,2,326.273,
2.5993,solve.va_sample,2,326.531,
3.0996,solve.va_sample,2,326.531,
3.5998,solve.va_sample,2,326.531,
4.1001,solve.va_sample,2,326.531,
4.6003,solve.va_sample,2,326.531,
5.1006,solve.va_sample,2,326.531,
5.6008,solve.va_sample,2,326.531,
6.1010,solve.va_sample,2,326.531,
6.6013,solve.va_sample,2,326.531,
7.1015,solve.va_sample,2,326.531,
7.6018,solve.va_sample,2,326.531,
8.1020,solve.va_sample,2,326.531,
8.6023,solve.va_sample,2,326.531,
9.1026,solve.va_sample,2,326.531,
9.6028,solve.va_sample,2,326.531,
10.1031,solve.va_sample,2,326.531,
10.6033,solve.va_sample,2,326.531,
11.1035,solve.va_sample,2,326.531,
11.6038,solve.va_sample,2,326.531,
12.1040,solve.va_sample,2,326.531,
12.6043,solve.va_sample,2,326.531,
13.1045,solve.va_sample,2,326.531,
13.6048,solve.va_sample,2,326.531,
14.1050,solve.va_sample,2,326.531,
14.6052,solve.va_sample,2,326.531,
15.1055,solve.va_sample,2,326.531,
15.6057,solve.va_sample,2,326.531,
16.1059,solve.va_sample,2,326.531,
16.6062,solve.va_sample,2,326.531,
17.1065,solve.va_sample,2,326.531,
17.6068,solve.va_sample,2,326.531,
18.1070,solve.va_sample,2,326.531,
18.6073,solve.va_sample,2,326.531,
19.1075,solve.va_sample,2,326.531,
19.6078,solve.va_sample,2,326.531,
20.1080,solve.va_sample,2,326.531,
20.6082,solve.va_sample,2,326.531,
21.1085,solve.va_sample,2,326.531,
21.6087,solve.va_sample,2,326.531,
22.1090,solve.va_sample,2,326.531,
22.6092,solve.va_sample,2,326.531,
23.1094,solve.va_sample,2,326.531,
23.6097,solve.va_sample,2,326.531,
24.1099,solve.va_sample,2,326.531,
24.6102,solve.va_sample,2,326.531,
25.1104,solve.va_sample,2,326.531,
25.6107,solve.va_sample,2,326.531,
26.1109,solve.va_sample,2,326.531,
26.6111,solve.va_sample,2,326.531,
27.1114,solve.va_sample,2,326.531,
27.6116,solve.va_sample,2,326.531,
28.1118,solve.va_sample,2,326.531,
28.6121,solve.va_sample,2,326.531,
29.1123,solve.va_sample,2,326.531,
29.6125,solve.va_sample,2,326.531,
30.1128,solve.va_sample,2,326.531,
30.6130,solve.va_sample,2,326.531,
31.1133,solve.va_sample,2,326.531,
31.6135,solve.va_sample,2,326.531,
32.1138,solve.va_sample,2,326.531,
32.6140,solve.va_sample,2,326.531,
33.1143,solve.va_sample,2,326.531,
33.6145,solve.va_sample,2,326.531,
34.1147,solve.va_sample,2,326.531,
34.6150,solve.va_sample,2,326.531,
35.1152,solve.va_sample,2,326.531,
35.6154,solve.va_sample,2,326.531,
36.1157,solve.va_sample,2,326.531,
36.6159,solve.va_sample,2,326.531,
37.1162,solve.va_sample,2,326.531,
37.6164,solve.va_sample,2,326.531,
38.1167,solve.va_sample,2,326.531,
38.6170,solve.va_sample,2,326.531,
39.1172,solve.va_sample,2,326.531,
39.6174,solve.va_sample,2,326.531,
40.1177,solve.va_sample,2,326.531,
40.6179,solve.va_sample,2,326.531,
41.1182,solve.va_sample,2,326.531,
41.6184,solve.va_sample,2,326.531,
42.1187,solve.va_sample,2,326.531,
42.6189,solve.va_sample,2,326.531,
43.1192,solve.va_sample,2,326.531,
43.6194,solve.va_sample,2,326.531,
44.1196,solve.va_sample,2,326.531,
44.6199,solve.va_sample,2,326.531,
45.1202,solve.va_sample,2,326.531,
45.6204,solve.va_sample,2,326.531,
46.1207,solve.va_sample,2,326.531,
46.6209,solve.va_sample,2,326.531,
47.1212,solve.va_sample,2,326.531,
47.6214,solve.va_sample,2,326.531,
48.1217,solve.va_sample,2,326.531,
48.6219,solve.va_sample,2,326.531,
49.1222,solve.va_sample,2,326.531,
49.6224,solve.va_sample,2,326.531,
50.1227,solve.va_sample,2,326.531,
50.6230,solve.va_sample,2,326.531,
51.1232,solve.va_sample,2,326.531,
51.6235,solve.va_sample,2,326.531,
52.1237,solve.va_sample,2,326.531,
52.6240,solve.va_sample,2,326.531,
53.1242,solve.va_sample,2,326.531,
53.6245,solve.va_sample,2,326.531,
54.1248,solve.va_sample,2,326.531,
54.6250,solve.va_sample,2,326.531,
55.1253,solve.va_sample,2,326.531,
55.6255,solve.va_sample,2,326.531,
56.1258,solve.va_sample,2,326.531,
56.6260,solve.va_sample,2,326.531,
57.1263,solve.va_sample,2,326.531,
57.6265,solve.va_sample,2,326.531,
58.1268,solve.va_sample,2,326.531,
58.6271,solve.va_sample,2,326.531,
59.1273,solve.va_sample,2,326.531,
59.6276,solve.va_sample,2,326.531,
60.1279,solve.va_sample,2,326.531,
60.6281,solve.va_sample,2,326.531,
61.1284,solve.va_sample,2,326.531,
61.6286,solve.va_sample,2,326.531,
62.1289,solve.va_sample,2,326.531,
62.6291,solve.va_sample,2,326.531,
63.1293,solve.va_sample,2,326.531,
63.6296,solve.va_sample,2,326.531,
64.1298,solve.va_sample,2,326.531,
64.6301,solve.va_sample,2,326.531,
65.1303,solve.va_sample,2,326.531,
65.6306,solve.va_sample,2,326.531,
66.1308,solve.va_sample,2,326.531,
66.6311,solve.va_sample,2,326.531,
67.1313,solve.va_sample,2,326.531,
67.6316,solve.va_sample,2,326.531,
68.1318,solve.va_sample,2,326.531,
68.6321,solve.va_sample,2,326.531,
69.1323,solve.va_sample,2,326.531,
69.6326,solve.va_sample,2,326.531,
70.1328,solve.va_sample,2,326.531,
70.6330,solve.va_sample,2,326.531,
71.1333,solve.va_sample,2,326.531,
71.6335,solve.va_sample,2,326.531,
72.1338,solve.va_sample,2,326.531,
72.6340,solve.va_sample,2,326.531,
73.1343,solve.va_sample,2,326.531,
73.6345,solve.va_sample,2,326.531,
74.1348,solve.va_sample,2,326.531,
74.6350,solve.va_sample,2,326.531,
75.1352,solve.va_sample,2,326.531,
75.6355,solve.va_sample,2,326.531,
76.1358,solve.va_sample,2,326.531,
76.6360,solve.va_sample,2,326.531,
77.1363,solve.va_sample,2,326.531,
77.6366,solve.va_sample,2,326.531,
78.1368,solve.va_sample,2,326.531,
78.6371,solve.va_sample,2,326.531,
79.1374,solve.va_sample,2,326.531,
79.6376,solve.va_sample,2,326.531,
80.1379,solve.va_sample,2,326.531,
80.6381,solve.va_sample,2,326.531,
81.1383,solve.va_sample,2,326.531,
81.6386,solve.va_sample,2,326.531,
82.1388,solve.va_sample,2,326.531,
82.6391,solve.va_sample,2,326.531,
83.1393,solve.va_sample,2,326.531,
83.6396,solve.va_sample,2,326.531,
84.1398,solve.va_sample,2,326.531,
84.6401,solve.va_sample,2,326.531,
85.1403,solve.va_sample,2,326.531,
85.6406,solve.va_sample,2,326.531,
86.1408,solve.va_sample,2,326.531,
86.6411,solve.va_sample,2,326.531,
87.1414,solve.va_sample,2,326.531,
87.6416,solve.va_sample,2,326.531,
88.1419,solve.va_sample,2,326.531,
88.6421,solve.va_sample,2,326.531,
89.1423,solve.va_sample,2,326.531,
89.6426,solve.va_sample,2,326.531,
90.1428,solve.va_sample,2,326.531,
90.6431,solve.va_sample,2,326.531,
91.1433,solve.va_sample,2,326.531,
91.6436,solve.va_sample,2,326.531,
92.1438,solve.va_sample,2,326.531,
92.6441,solve.va_sample,2,326.531,
93.1444,solve.va_sample,2,326.531,
93.6446,solve.va_sample,2,326.531,
94.1449,solve.va_sample,2,326.531,
94.6451,solve.va_sample,2,326.531,
95.1453,solve.va_sample,2,326.531,
95.6456,solve.va_sample,2,326.531,
96.1458,solve.va_sample,2,326.531,
96.6461,solve.va_sample,2,326.531,
97.1464,solve.va_sample,2,326.531,
97.6466,solve.va_sample,2,326.531,
98.1468,solve.va_sample,2,326.531,
98.6471,solve.va_sample,2,326.531,
99.1474,solve.va_sample,2,326.531,
99.6476,solve.va_sample,2,326.531,
100.1479,solve.va_sample,2,326.531,
100.6481,solve.va_sample,2,326.531,
101.1484,solve.va_sample,2,326.531,
101.6486,solve.va_sample,2,326.531,
102.1489,solve.va_sample,2,326.531,
102.6492,solve.va_sample,2,326.531,
103.1494,solve.va_sample,2,326.531,
103.6497,solve.va_sample,2,326.531,
104.1499,solve.va_sample,2,326.531,
104.6502,solve.va_sample,2,326.531,
105.1504,solve.va_sample,2,326.531,
105.6506,solve.va_sample,2,326.531,
106.1509,solve.va_sample,2,326.531,
106.6511,solve.va_sample,2,326.531,
107.1514,solve.va_sample,2,326.531,
107.6516,solve.va_sample,2,326.531,
108.1519,solve.va_sample,2,326.531,
108.6521,solve.va_sample,2,326.531,
109.1524,solve.va_sample,2,326.531,
109.6526,solve.va_sample,2,326.531,
110.1529,solve.va_sample,2,326.531,
110.6532,solve.va_sample,2,326.531,
111.1534,solve.va_sample,2,326.531,
111.6537,solve.va_sample,2,326.531,
112.1539,solve.va_sample,2,326.531,
112.6542,solve.va_sample,2,326.531,
113.1544,solve.va_sample,2,326.531,
113.6547,solve.va_sample,2,326.531,
114.1549,solve.va_sample,2,326.531,
114.6551,solve.va_sample,2,326.531,
115.1554,solve.va_sample,2,326.531,
115.6557,solve.va_sample,2,326.531,
116.1559,solve.va_sample,2,326.531,
116.6562,solve.va_sample,2,326.531,
117.1564,solve.va_sample,2,326.531,
117.6567,solve.va_sample,2,326.531,
118.1569,solve.va_sample,2,326.531,
118.6572,solve.va_sample,2,326.531,
119.1575,solve.va_sample,2,326.531,
119.6577,solve.va_sample,2,326.531,
120.1580,solve.va_sample,2,326.531,
120.6582,solve.va_sample,2,326.531,
121.1585,solve.va_sample,2,326.531,
121.6587,solve.va_sample,2,326.531,
122.1589,solve.va_sample,2,326.531,
122.6592,solve.va_sample,2,326.531,
123.1594,solve.va_sample,2,326.531,
123.6597,solve.va_sample,2,326.531,
124.1599,solve.va_sample,2,326.531,
124.6601,solve.va_sample,2,326.531,
125.1604,solve.va_sample,2,326.531,
125.6607,solve.va_sample,2,326.531,
126.1609,solve.va_sample,2,326.531,
126.6612,solve.va_sample,2,326.531,
127.1615,solve.va_sample,2,326.531,
127.6617,solve.va_sample,2,326.531,
128.1620,solve.va_sample,2,326.531,
128.6622,solve.va_sample,2,326.531,
129.1625,solve.va_sample,2,326.531,
129.6627,solve.va_sample,2,326.531,
130.1630,solve.va_sample,2,326.531,
130.6632,solve.va_sample,2,326.531,
131.1635,solve.va_sample,2,326.531,
131.6637,solve.va_sample,2,326.531,
132.1640,solve.va_sample,2,326.531,
132.6642,solve.va_sample,2,326.531,
133.1645,solve.va_sample,2,326.531,
133.6647,solve.va_sample,2,326.531,
134.1650,solve.va_sample,2,326.531,
134.6652,solve.va_sample,2,326.531,
135.1655,solve.va_sample,2,326.531,
135.6657,solve.va_sample,2,326.531,
136.1660,solve.va_sample,2,326.531,
136.6663,solve.va_sample,2,326.531,
137.1666,solve.va_sample,2,326.531,
137.6668,solve.va_sample,2,326.531,
138.1671,solve.va_sample,2,326.531,
138.6673,solve.va_sample,2,326.531,
139.1676,solve.va_sample,2,326.531,
139.6678,solve.va_sample,2,326.531,
140.1680,solve.va_sample,2,326.531,
140.6683,solve.va_sample,2,326.531,
141.1685,solve.va_sample,2,326.531,
141.6688,solve.va_sample,2,326.531,
142.1690,solve.va_sample,2,326.531,
142.6692,solve.va_sample,2,326.531,
143.1695,solve.va_sample,2,326.531,
143.6698,solve.va_sample,2,326.531,
144.1700,solve.va_sample,2,326.531,
144.6703,solve.va_sample,2,326.531,
145.1706,solve.va_sample,2,326.531,
145.6708,solve.va_sample,2,326.531,
146.1710,solve.va_sample,2,326.531,
146.6713,solve.va_sample,2,326.531,
147.1715,solve.va_sample,2,326.531,
147.6718,solve.va_sample,2,326.531,
148.1720,solve.va_sample,2,326.531,
148.6723,solve.va_sample,2,326.531,
149.1726,solve.va_sample,2,326.531,
149.6728,solve.va_sample,2,326.531,
150.1731,solve.va_sample,2,326.531,
150.6733,solve.va_sample,2,326.531,
151.1736,solve.va_sample,2,326.531,
151.6738,solve.va_sample,2,326.531,
152.1741,solve.va_sample,2,326.531,
152.6744,solve.va_sample,2,326.531,
153.1746,solve.va_sample,2,326.531,
153.6749,solve.va_sample,2,326.531,
154.1751,solve.va_sample,2,326.531,
154.6754,solve.va_sample,2,326.531,
155.1756,solve.va_sample,2,326.531,
155.6758,solve.va_sample,2,326.531,
156.1761,solve.va_sample,2,326.531,
156.6763,solve.va_sample,2,326.531,
157.1766,solve.va_sample,2,326.531,
157.6768,solve.va_sample,2,326.531,
158.1771,solve.va_sample,2,326.531,
158.6773,solve.va_sample,2,326.531,
159.1776,solve.va_sample,2,326.531,
159.6778,solve.va_sample,2,326.531,
160.1781,solve.va_sample,2,326.531,
160.6783,solve.va_sample,2,326.531,
161.1786,solve.va_sample,2,326.531,
161.6788,solve.va_sample,2,326.531,
162.1791,solve.va_sample,2,326.531,
162.6793,solve.va_sample,2,326.531,
163.1796,solve.va_sample,2,326.531,
163.6798,solve.va_sample,2,326.531,
164.1801,solve.va_sample,2,326.531,
164.6803,solve.va_sample,2,326.531,
165.1806,solve.va_sample,2,326.531,
165.6808,solve.va_sample,2,326.531,
166.1811,solve.va_sample,2,326.531,
166.6813,solve.va_sample,2,326.531,
167.1815,solve.va_sample,2,326.531,
167.6818,solve.va_sample,2,326.531,
168.1820,solve.va_sample,2,326.531,
168.6822,solve.va_sample,2,326.531,
169.1825,solve.va_sample,2,326.531,
169.6827,solve.va_sample,2,326.531,
170.1830,solve.va_sample,2,326.531,
170.6832,solve.va_sample,2,326.531,
171.1835,solve.va_sample,2,326.531,
171.6837,solve.va_sample,2,326.531,
172.1840,solve.va_sample,2,326.531,
172.6842,solve.va_sample,2,326.531,
173.1845,solve.va_sample,2,326.531,
173.6847,solve.va_sample,2,326.531,
174.1850,solve.va_sample,2,326.531,
174.6852,solve.va_sample,2,326.531,
175.1855,solve.va_sample,2,326.531,
175.6857,solve.va_sample,2,326.531,
176.1860,solve.va_sample,2,326.531,
176.6862,solve.va_sample,2,326.531,
177.1865,solve.va_sample,2,326.531,
177.6867,solve.va_sample,2,326.531,
178.1869,solve.va_sample,2,326.531,
178.6872,solve.va_sample,2,326.531,
179.1875,solve.va_sample,2,326.531,
179.6878,solve.va_sample,2,326.531,
180.1880,solve.va_sample,2,326.531,
180.6883,solve.va_sample,2,326.531,
181.1885,solve.va_sample,2,326.531,
181.6888,solve.va_sample,2,326.531,
182.1890,solve.va_sample,2,326.531,
182.6893,solve.va_sample,2,326.531,
183.1895,solve.va_sample,2,326.531,
183.6898,solve.va_sample,2,326.531,
184.1901,solve.va_sample,2,326.531,
184.6903,solve.va_sample,2,326.531,
185.1906,solve.va_sample,2,326.531,
185.6908,solve.va_sample,2,326.531,
186.1911,solve.va_sample,2,326.531,
186.6913,solve.va_sample,2,326.531,
187.1916,solve.va_sample,2,326.531,
187.6918,solve.va_sample,2,326.531,
188.1921,solve.va_sample,2,326.531,
188.6923,solve.va_sample,2,326.531,
189.1926,solve.va_sample,2,326.531,
189.6929,solve.va_sample,2,326.531,
190.1932,solve.va_sample,2,326.531,
190.6934,solve.va_sample,2,326.531,
191.1937,solve.va_sample,2,326.531,
191.6940,solve.va_sample,2,326.531,
192.1942,solve.va_sample,2,326.531,
192.6945,solve.va_sample,2,326.531,
193.1947,solve.va_sample,2,326.531,
193.6950,solve.va_sample,2,326.531,
194.1952,solve.va_sample,2,326.531,
194.6955,solve.va_sample,2,326.531,
195.1957,solve.va_sample,2,326.531,
195.6960,solve.va_sample,2,326.531,
196.1962,solve.va_sample,2,326.531,
196.6964,solve.va_sample,2,326.531,
197.1967,solve.va_sample,2,326.531,
197.6970,solve.va_sample,2,326.531,
198.1973,solve.va_sample,2,326.531,
198.6975,solve.va_sample,2,326.531,
199.1978,solve.va_sample,2,326.531,
199.6980,solve.va_sample,2,326.531,
200.1983,solve.va_sample,2,326.531,
200.6985,solve.va_sample,2,326.531,
201.1988,solve.va_sample,2,326.531,
201.6990,solve.va_sample,2,326.531,
202.1993,solve.va_sample,2,326.531,
202.6996,solve.va_sample,2,326.531,
203.1998,solve.va_sample,2,326.531,
203.7001,solve.va_sample,2,326.531,
204.2004,solve.va_sample,2,326.531,
204.7006,solve.va_sample,2,326.531,
205.2009,solve.va_sample,2,326.531,
205.7011,solve.va_sample,2,326.531,
206.2013,solve.va_sample,2,326.531,
206.7016,solve.va_sample,2,326.531,
207.2018,solve.va_sample,2,326.531,
207.7021,solve.va_sample,2,326.531,
208.2023,solve.va_sample,2,326.531,
208.7026,solve.va_sample,2,326.531,
209.2029,solve.va_sample,2,326.531,
209.7031,solve.va_sample,2,326.531,
210.2034,solve.va_sample,2,326.531,
210.7036,solve.va_sample,2,326.531,
211.2038,solve.va_sample,2,326.531,
211.7041,solve.va_sample,2,326.531,
212.2044,solve.va_sample,2,326.531,
212.7046,solve.va_sample,2,326.531,
213.2049,solve.va_sample,2,326.531,
213.7051,solve.va_sample,2,326.531,
214.2054,solve.va_sample,2,326.531,
214.7057,solve.va_sample,2,326.531,
215.2059,solve.va_sample,2,326.531,
215.7062,solve.va_sample,2,326.531,
216.2065,solve.va_sample,2,326.531,
216.7067,solve.va_sample,2,326.531,
217.2070,solve.va_sample,2,326.531,
217.7072,solve.va_sample,2,326.531,
218.2075,solve.va_sample,2,326.531,
218.7077,solve.va_sample,2,326.531,
219.2079,solve.va_sample,2,326.531,
219.7082,solve.va_sample,2,326.531,
220.2084,solve.va_sample,2,326.531,
220.7087,solve.va_sample,2,326.531,
221.2089,solve.va_sample,2,326.531,
221.7092,solve.va_sample,2,326.531,
222.2094,solve.va_sample,2,326.531,
222.7097,solve.va_sample,2,326.531,
223.2099,solve.va_sample,2,326.531,
223.7102,solve.va_sample,2,326.531,
224.2104,solve.va_sample,2,326.531,
224.7107,solve.va_sample,2,326.531,
225.2109,solve.va_sample,2,326.531,
225.7112,solve.va_sample,2,326.531,
226.2115,solve.va_sample,2,326.531,
226.7117,solve.va_sample,2,326.531,
227.2120,solve.va_sample,2,326.531,
227.7122,solve.va_sample,2,326.531,
228.2125,solve.va_sample,2,326.531,
228.7127,solve.va_sample,2,326.531,
229.2130,solve.va_sample,2,326.531,
229.7132,solve.va_sample,2,326.531,
230.2135,solve.va_sample,2,326.531,
230.7137,solve.va_sample,2,326.531,
231.2140,solve.va_sample,2,326.531,
231.7143,solve.va_sample,2,326.531,
232.2145,solve.va_sample,2,326.531,
232.7147,solve.va_sample,2,326.531,
233.2150,solve.va_sample,2,326.531,
233.7153,solve.va_sample,2,326.531,
234.2155,solve.va_sample,2,326.531,
234.7158,solve.va_sample,2,326.531,
235.2160,solve.va_sample,2,326.531,
235.7163,solve.va_sample,2,326.531,
236.2165,solve.va_sample,2,326.531,
236.7168,solve.va_sample,2,326.531,
237.2170,solve.va_sample,2,326.531,
237.7173,solve.va_sample,2,326.531,
238.2176,solve.va_sample,2,326.531,
238.7178,solve.va_sample,2,326.531,
239.2181,solve.va_sample,2,326.531,
239.7184,solve.va_sample,2,326.531,
240.2186,solve.va_sample,2,326.531,
240.7189,solve.va_sample,2,326.531,
241.2191,solve.va_sample,2,326.531,
241.7194,solve.va_sample,2,326.531,
242.2196,solve.va_sample,2,326.531,
242.7199,solve.va_sample,2,326.531,
243.2202,solve.va_sample,2,326.531,
243.7204,solve.va_sample,2,326.531,
244.2207,solve.va_sample,2,326.531,
244.7210,solve.va_sample,2,326.531,
245.2213,solve.va_sample,2,326.531,
245.7215,solve.va_sample,2,326.531,
246.2217,solve.va_sample,2,326.531,
246.7220,solve.va_sample,2,326.531,
247.2222,solve.va_sample,2,326.531,
247.7225,solve.va_sample,2,326.531,
248.2227,solve.va_sample,2,326.531,
248.7229,solve.va_sample,2,326.531,
249.2232,solve.va_sample,2,326.531,
249.7235,solve.va_sample,2,326.531,
250.2237,solve.va_sample,2,326.531,
250.7240,solve.va_sample,2,326.531,
251.2243,solve.va_sample,2,326.785,
251.7245,solve.va_sample,2,326.785,
252.2248,solve.va_sample,2,326.785,
252.7250,solve.va_sample,2,326.785,
253.2252,solve.va_sample,2,326.785,
253.7255,solve.va_sample,2,326.785,
254.2258,solve.va_sample,2,326.785,
254.7260,solve.va_sample,2,326.785,
255.2262,solve.va_sample,2,326.785,
255.7265,solve.va_sample,2,326.785,
256.2267,solve.va_sample,2,326.785,
256.7270,solve.va_sample,2,326.785,
257.2272,solve.va_sample,2,326.785,
257.7275,solve.va_sample,2,326.785,
258.2277,solve.va_sample,2,326.785,
258.7280,solve.va_sample,2,326.785,
259.2283,solve.va_sample,2,326.785,
259.7285,solve.va_sample,2,326.785,
260.2288,solve.va_sample,2,326.785,
260.7290,solve.va_sample,2,326.785,
261.2293,solve.va_sample,2,326.785,
261.7295,solve.va_sample,2,326.785,
262.2297,solve.va_sample,2,326.785,
262.7300,solve.va_sample,2,326.785,
263.2302,solve.va_sample,2,326.785,
263.7305,solve.va_sample,2,326.785,
264.2308,solve.va_sample,2,326.785,
264.7310,solve.va_sample,2,326.785,
265.2313,solve.va_sample,2,326.785,
265.7315,solve.va_sample,2,326.785,
266.2318,solve.va_sample,2,326.785,
266.7320,solve.va_sample,2,326.785,
267.2323,solve.va_sample,2,326.785,
267.7325,solve.va_sample,2,326.785,
268.2328,solve.va_sample,2,326.785,
268.7330,solve.va_sample,2,326.785,
269.2333,solve.va_sample,2,326.785,
269.7335,solve.va_sample,2,326.785,
270.2337,solve.va_sample,2,326.785,
270.7340,solve.va_sample,2,326.785,
271.2343,solve.va_sample,2,326.785,
271.7345,solve.va_sample,2,326.785,
272.2348,solve.va_sample,2,326.785,
272.7350,solve.va_sample,2,326.785,
273.2353,solve.va_sample,2,326.785,
273.7356,solve.va_sample,2,326.785,
274.2358,solve.va_sample,2,326.785,
274.7361,solve.va_sample,2,326.785,
275.2363,solve.va_sample,2,326.785,
275.7366,solve.va_sample,2,326.785,
276.2368,solve.va_sample,2,326.785,
276.7371,solve.va_sample,2,326.785,
277.2373,solve.va_sample,2,326.785,
277.7376,solve.va_sample,2,326.785,
278.2378,solve.va_sample,2,326.785,
278.7381,solve.va_sample,2,326.785,
279.2384,solve.va_sample,2,326.785,
279.7386,solve.va_sample,2,326.785,
280.2389,solve.va_sample,2,326.785,
280.7391,solve.va_sample,2,326.785,
281.2394,solve.va_sample,2,326.785,
281.7396,solve.va_sample,2,326.785,
282.2399,solve.va_sample,2,326.785,
282.7401,solve.va_sample,2,326.785,
283.2404,solve.va_sample,2,326.785,
283.7406,solve.va_sample,2,326.785,
284.2409,solve.va_sample,2,326.785,
284.7412,solve.va_sample,2,326.785,
285.2414,solve.va_sample,2,326.785,
285.7417,solve.va_sample,2,326.785,
286.2419,solve.va_sample,2,326.785,
286.7422,solve.va_sample,2,326.785,
287.2424,solve.va_sample,2,326.785,
287.7427,solve.va_sample,2,326.785,
288.2430,solve.va_sample,2,326.785,
288.7432,solve.va_sample,2,326.785,
289.2435,solve.va_sample,2,326.785,
289.7437,solve.va_sample,2,326.785,
290.2440,solve.va_sample,2,326.785,
290.7442,solve.va_sample,2,326.785,
291.2444,solve.va_sample,2,326.785,
291.7447,solve.va_sample,2,326.785,
292.2449,solve.va_sample,2,326.785,
292.7452,solve.va_sample,2,326.785,
293.2454,solve.va_sample,2,326.785,
293.7457,solve.va_sample,2,326.785,
294.2460,solve.va_sample,2,326.785,
294.7462,solve.va_sample,2,326.785,
295.2465,solve.va_sample,2,326.785,
295.7468,solve.va_sample,2,326.785,
296.2470,solve.va_sample,2,326.785,
296.7472,solve.va_sample,2,326.785,
297.2475,solve.va_sample,2,326.785,
297.7478,solve.va_sample,2,326.785,
298.2480,solve.va_sample,2,326.785,
298.7483,solve.va_sample,2,326.785,
299.2485,solve.va_sample,2,326.785,
299.7488,solve.va_sample,2,326.785,
300.2491,solve.va_sample,2,326.785,
300.7493,solve.va_sample,2,326.785,
301.2496,solve.va_sample,2,326.785,
301.7498,solve.va_sample,2,326.785,
302.2501,solve.va_sample,2,326.785,
302.7504,solve.va_sample,2,326.785,
303.2506,solve.va_sample,2,326.785,
303.7509,solve.va_sample,2,326.785,
304.2512,solve.va_sample,2,326.785,
304.7514,solve.va_sample,2,326.785,
305.2517,solve.va_sample,2,326.785,
305.7519,solve.va_sample,2,326.785,
306.2522,solve.va_sample,2,326.785,
306.7525,solve.va_sample,2,326.785,
307.2527,solve.va_sample,2,326.785,
307.7530,solve.va_sample,2,326.785,
308.2532,solve.va_sample,2,326.785,
308.7535,solve.va_sample,2,326.785,
309.2538,solve.va_sample,2,326.785,
309.7540,solve.va_sample,2,326.785,
310.2543,solve.va_sample,2,326.785,
310.7545,solve.va_sample,2,326.785,
311.2548,solve.va_sample,2,326.785,
311.7550,solve.va_sample,2,326.785,
312.2553,solve.va_sample,2,326.785,
312.7555,solve.va_sample,2,326.785,
313.2558,solve.va_sample,2,326.785,
313.7560,solve.va_sample,2,326.785,
314.2563,solve.va_sample,2,326.785,
314.7566,solve.va_sample,2,326.785,
315.2568,solve.va_sample,2,326.785,
315.7571,solve.va_sample,2,326.785,
316.2573,solve.va_sample,2,326.785,
316.7576,solve.va_sample,2,326.785,
317.2579,solve.va_sample,2,326.785,
317.7581,solve.va_sample,2,326.785,
318.2584,solve.va_sample,2,326.785,
318.7586,solve.va_sample,2,326.785,
319.2588,solve.va_sample,2,326.785,
319.7591,solve.va_sample,2,326.785,
320.2593,solve.va_sample,2,326.785,
320.7595,solve.va_sample,2,326.785,
321.2598,solve.va_sample,2,326.785,
321.7600,solve.va_sample,2,326.785,
322.2602,solve.va_sample,2,326.785,
322.7605,solve.va_sample,2,326.785,
323.2607,solve.va_sample,2,326.785,
323.7610,solve.va_sample,2,326.785,
324.2612,solve.va_sample,2,326.785,
324.7615,solve.va_sample,2,326.785,
325.2617,solve.va_sample,2,326.785,
325.7619,solve.va_sample,2,326.785,
326.2622,solve.va_sample,2,326.785,
326.7624,solve.va_sample,2,326.785,
327.2627,solve.va_sample,2,326.785,
327.7629,solve.va_sample,2,326.785,
328.2631,solve.va_sample,2,326.785,
328.7634,solve.va_sample,2,326.785,
329.2636,solve.va_sample,2,326.785,
329.7638,solve.va_sample,2,326.785,
330.2641,solve.va_sample,2,326.785,
330.7644,solve.va_sample,2,326.785,
331.2646,solve.va_sample,2,326.785,
331.7648,solve.va_sample,2,326.785,
332.2651,solve.va_sample,2,326.785,
332.7653,solve.va_sample,2,326.785,
333.2656,solve.va_sample,2,326.785,
333.7659,solve.va_sample,2,326.785,
334.2661,solve.va_sample,2,326.785,
334.7664,solve.va_sample,2,326.785,
335.2666,solve.va_sample,2,326.785,
335.7668,solve.va_sample,2,326.785,
336.2671,solve.va_sample,2,326.785,
336.7673,solve.va_sample,2,326.785,
337.2676,solve.va_sample,2,326.785,
337.7678,solve.va_sample,2,326.785,
338.2681,solve.va_sample,2,326.785,
338.7683,solve.va_sample,2,326.785,
339.2686,solve.va_sample,2,326.785,
339.7688,solve.va_sample,2,326.785,
340.2691,solve.va_sample,2,326.785,
340.7693,solve.va_sample,2,326.785,
341.2696,solve.va_sample,2,326.785,
341.7698,solve.va_sample,2,326.785,
342.2701,solve.va_sample,2,326.785,
342.7703,solve.va_sample,2,326.785,
343.2706,solve.va_sample,2,326.785,
343.7708,solve.va_sample,2,326.785,
344.2712,solve.va_sample,2,326.785,
344.7715,solve.va_sample,2,326.785,
345.2718,solve.va_sample,2,326.785,
345.7720,solve.va_sample,2,326.785,
346.2722,solve.va_sample,2,326.785,
346.7725,solve.va_sample,2,326.785,
347.2727,solve.va_sample,2,326.785,
347.7730,solve.va_sample,2,326.785,
348.2732,solve.va_sample,2,326.785,
348.7734,solve.va_sample,2,326.785,
349.2737,solve.va_sample,2,326.785,
349.7739,solve.va_sample,2,326.785,
350.2742,solve.va_sample,2,326.785,
350.7745,solve.va_sample,2,326.785,
351.2747,solve.va_sample,2,326.785,
351.7749,solve.va_sample,2,326.785,
352.2752,solve.va_sample,2,326.785,
352.7754,solve.va_sample,2,326.785,
353.2757,solve.va_sample,2,326.785,
353.7760,solve.va_sample,2,326.785,
354.2762,solve.va_sample,2,326.785,
354.7765,solve.va_sample,2,326.785,
355.2767,solve.va_sample,2,326.785,
355.7770,solve.va_sample,2,326.785,
356.2772,solve.va_sample,2,326.785,
356.7775,solve.va_sample,2,326.785,
357.2777,solve.va_sample,2,326.785,
357.7779,solve.va_sample,2,326.785,
358.2782,solve.va_sample,2,326.785,
358.7785,solve.va_sample,2,326.785,
359.2787,solve.va_sample,2,326.785,
359.7790,solve.va_sample,2,326.785,
360.2792,solve.va_sample,2,326.785,
360.7795,solve.va_sample,2,326.785,
361.2797,solve.va_sample,2,326.785,
361.7799,solve.va_sample,2,326.785,
362.2802,solve.va_sample,2,326.785,
362.7804,solve.va_sample,2,326.785,
363.2807,solve.va_sample,2,326.785,
363.7809,solve.va_sample,2,326.785,
364.2812,solve.va_sample,2,326.785,
364.7814,solve.va_sample,2,326.785,
365.2817,solve.va_sample,2,326.785,
365.7819,solve.va_sample,2,326.785,
366.2822,solve.va_sample,2,326.785,
366.7824,solve.va_sample,2,326.785,
367.2827,solve.va_sample,2,326.785,
367.7829,solve.va_sample,2,326.785,
368.2832,solve.va_sample,2,326.785,
368.7834,solve.va_sample,2,326.785,
369.2837,solve.va_sample,2,326.785,
369.7840,solve.va_sample,2,326.785,
370.2842,solve.va_sample,2,326.785,
370.7845,solve.va_sample,2,326.785,
371.2847,solve.va_sample,2,326.785,
371.7850,solve.va_sample,2,326.785,
372.2852,solve.va_sample,2,326.785,
372.7855,solve.va_sample,2,326.785,
373.2857,solve.va_sample,2,326.785,
373.7860,solve.va_sample,2,326.785,
374.2863,solve.va_sample,2,326.785,
374.7865,solve.va_sample,2,326.785,
375.2868,solve.va_sample,2,326.785,
375.7870,solve.va_sample,2,326.785,
376.2873,solve.va_sample,2,326.785,
376.7875,solve.va_sample,2,326.785,
377.2878,solve.va_sample,2,326.785,
377.7880,solve.va_sample,2,326.785,
378.2883,solve.va_sample,2,326.785,
378.7885,solve.va_sample,2,326.785,
379.2888,solve.va_sample,2,326.785,
379.7890,solve.va_sample,2,326.785,
380.2893,solve.va_sample,2,326.785,
380.7895,solve.va_sample,2,326.785,
381.2897,solve.va_sample,2,326.785,
381.7900,solve.va_sample,2,326.785,
382.2902,solve.va_sample,2,326.785,
382.7905,solve.va_sample,2,326.785,
383.2907,solve.va_sample,2,326.785,
383.7910,solve.va_sample,2,326.785,
384.2912,solve.va_sample,2,326.785,
384.7915,solve.va_sample,2,326.785,
385.2917,solve.va_sample,2,326.785,
385.7920,solve.va_sample,2,326.785,
386.2923,solve.va_sample,2,326.785,
386.7925,solve.va_sample,2,326.785,
387.2928,solve.va_sample,2,326.785,
387.7930,solve.va_sample,2,326.785,
388.2933,solve.va_sample,2,326.785,
388.7935,solve.va_sample,2,326.785,
389.2938,solve.va_sample,2,326.785,
389.7940,solve.va_sample,2,326.785,
390.2943,solve.va_sample,2,326.785,
390.7945,solve.va_sample,2,326.785,
391.2948,solve.va_sample,2,326.785,
391.7951,solve.va_sample,2,326.785,
392.2953,solve.va_sample,2,326.785,
392.7955,solve.va_sample,2,326.785,
393.2958,solve.va_sample,2,326.785,
393.7960,solve.va_sample,2,326.785,
394.2963,solve.va_sample,2,326.785,
394.7965,solve.va_sample,2,326.785,
395.2968,solve.va_sample,2,326.785,
395.7970,solve.va_sample,2,326.785,
396.2973,solve.va_sample,2,326.785,
396.7975,solve.va_sample,2,326.785,
397.2977,solve.va_sample,2,326.785,
397.7980,solve.va_sample,2,326.785,
398.2982,solve.va_sample,2,326.785,
398.7985,solve.va_sample,2,326.785,
399.2987,solve.va_sample,2,326.785,
399.7989,solve.va_sample,2,326.785,
400.2992,solve.va_sample,2,326.785,
400.7994,solve.va_sample,2,326.785,
401.2997,solve.va_sample,2,326.785,
401.8000,solve.va_sample,2,326.785,
402.3002,solve.va_sample,2,326.785,
402.8004,solve.va_sample,2,326.785,
403.3007,solve.va_sample,2,326.785,
403.8010,solve.va_sample,2,326.785,
404.3012,solve.va_sample,2,326.785,
404.8015,solve.va_sample,2,326.785,
405.3017,solve.va_sample,2,326.785,
405.8019,solve.va_sample,2,326.785,
406.3022,solve.va_sample,2,326.785,
406.8024,solve.va_sample,2,326.785,
407.3027,solve.va_sample,2,326.785,
407.8029,solve.va_sample,2,326.785,
408.3032,solve.va_sample,2,326.785,
408.8034,solve.va_sample,2,326.785,
409.3036,solve.va_sample,2,326.785,
409.8039,solve.va_sample,2,326.785,
410.3041,solve.va_sample,2,326.785,
410.8043,solve.va_sample,2,326.785,
411.3046,solve.va_sample,2,326.785,
411.8048,solve.va_sample,2,326.785,
412.3050,solve.va_sample,2,326.785,
412.8053,solve.va_sample,2,326.785,
413.3055,solve.va_sample,2,326.785,
413.8058,solve.va_sample,2,326.785,
414.3060,solve.va_sample,2,326.785,
414.8062,solve.va_sample,2,326.785,
415.3065,solve.va_sample,2,326.785,
415.8067,solve.va_sample,2,326.785,
416.3070,solve.va_sample,2,326.785,
416.8072,solve.va_sample,2,326.785,
417.3075,solve.va_sample,2,326.785,
417.8077,solve.va_sample,2,326.785,
418.3080,solve.va_sample,2,326.785,
418.8082,solve.va_sample,2,326.785,
419.3084,solve.va_sample,2,326.785,
419.8087,solve.va_sample,2,326.785,
420.3090,solve.va_sample,2,326.785,
420.8092,solve.va_sample,2,326.785,
421.3094,solve.va_sample,2,326.785,
421.8097,solve.va_sample,2,326.785,
422.3099,solve.va_sample,2,326.785,
422.8101,solve.va_sample,2,326.785,
423.3104,solve.va_sample,2,326.785,
423.8107,solve.va_sample,2,326.785,
424.3109,solve.va_sample,2,326.785,
424.8111,solve.va_sample,2,326.785,
425.3114,solve.va_sample,2,326.785,
425.8116,solve.va_sample,2,326.785,
426.3119,solve.va_sample,2,326.785,
426.8121,solve.va_sample,2,326.785,
427.3123,solve.va_sample,2,326.785,
427.8126,solve.va_sample,2,326.785,
428.3128,solve.va_sample,2,326.785,
428.8130,solve.va_sample,2,326.785,
429.3133,solve.va_sample,2,326.785,
429.8135,solve.va_sample,2,326.785,
430.3138,solve.va_sample,2,326.785,
430.8140,solve.va_sample,2,326.785,
431.3143,solve.va_sample,2,326.785,
431.8145,solve.va_sample,2,326.785,
432.3148,solve.va_sample,2,326.785,
432.8150,solve.va_sample,2,326.785,
433.3153,solve.va_sample,2,326.785,
433.8155,solve.va_sample,2,326.785,
434.3158,solve.va_sample,2,326.785,
434.8160,solve.va_sample,2,326.785,
435.3163,solve.va_sample,2,326.785,
435.8165,solve.va_sample,2,326.785,
436.3167,solve.va_sample,2,326.785,
436.8170,solve.va_sample,2,326.785,
437.3172,solve.va_sample,2,326.785,
437.8174,solve.va_sample,2,326.785,
438.3177,solve.va_sample,2,326.785,
438.8179,solve.va_sample,2,326.785,
439.3181,solve.va_sample,2,326.785,
439.8184,solve.va_sample,2,326.785,
440.3186,solve.va_sample,2,326.785,
440.8189,solve.va_sample,2,326.785,
441.3191,solve.va_sample,2,326.785,
441.8193,solve.va_sample,2,326.785,
442.3196,solve.va_sample,2,326.785,
442.8198,solve.va_sample,2,326.785,
443.3200,solve.va_sample,2,326.785,
443.8203,solve.va_sample,2,326.785,
444.3205,solve.va_sample,2,326.785,
444.8208,solve.va_sample,2,326.785,
445.3211,solve.va_sample,2,326.785,
445.8213,solve.va_sample,2,326.785,
446.3216,solve.va_sample,2,326.785,
446.8218,solve.va_sample,2,326.785,
447.3220,solve.va_sample,2,326.785,
447.8223,solve.va_sample,2,326.785,
448.3225,solve.va_sample,2,326.785,
448.8227,solve.va_sample,2,326.785,
449.3230,solve.va_sample,2,326.785,
449.8232,solve.va_sample,2,326.785,
450.3235,solve.va_sample,2,326.785,
450.8237,solve.va_sample,2,326.785,
451.3240,solve.va_sample,2,326.785,
451.8242,solve.va_sample,2,326.785,
452.3245,solve.va_sample,2,326.785,
452.8247,solve.va_sample,2,326.785,
453.3250,solve.va_sample,2,326.785,
453.8252,solve.va_sample,2,326.785,
454.3255,solve.va_sample,2,326.785,
454.8257,solve.va_sample,2,326.785,
455.3260,solve.va_sample,2,326.785,
455.8262,solve.va_sample,2,326.785,
456.3265,solve.va_sample,2,326.785,
456.8267,solve.va_sample,2,326.785,
457.3270,solve.va_sample,2,326.785,
457.8272,solve.va_sample,2,326.785,
458.3275,solve.va_sample,2,326.785,
458.8277,solve.va_sample,2,326.785,
459.3280,solve.va_sample,2,326.785,
459.8282,solve.va_sample,2,326.785,
460.3285,solve.va_sample,2,326.785,
460.8287,solve.va_sample,2,326.785,
461.3290,solve.va_sample,2,326.785,
461.8292,solve.va_sample,2,326.785,
462.3294,solve.va_sample,2,326.785,
462.8297,solve.va_sample,2,326.785,
463.3300,solve.va_sample,2,326.785,
463.8302,solve.va_sample,2,326.785,
464.3305,solve.va_sample,2,326.785,
464.8307,solve.va_sample,2,326.785,
465.3310,solve.va_sample,2,326.785,
465.8312,solve.va_sample,2,326.785,
466.3315,solve.va_sample,2,326.785,
466.8318,solve.va_sample,2,326.785,
467.3320,solve.va_sample,2,326.785,
467.8323,solve.va_sample,2,326.785,
468.3325,solve.va_sample,2,326.785,
468.8328,solve.va_sample,2,326.785,
469.3330,solve.va_sample,2,326.785,
469.8333,solve.va_sample,2,326.785,
470.3335,solve.va_sample,2,326.785,
470.8337,solve.va_sample,2,326.785,
471.3340,solve.va_sample,2,326.785,
471.8343,solve.va_sample,2,326.785,
472.3345,solve.va_sample,2,326.785,
472.8348,solve.va_sample,2,326.785,
473.3350,solve.va_sample,2,326.785,
473.8353,solve.va_sample,2,326.785,
474.3355,solve.va_sample,2,326.785,
474.8358,solve.va_sample,2,326.785,
475.3360,solve.va_sample,2,326.785,
475.8363,solve.va_sample,2,326.785,
476.3365,solve.va_sample,2,326.785,
476.8367,solve.va_sample,2,326.785,
477.3370,solve.va_sample,2,326.785,
477.8373,solve.va_sample,2,326.785,
478.3375,solve.va_sample,2,326.785,
478.8378,solve.va_sample,2,326.785,
479.3381,solve.va_sample,2,326.785,
479.8383,solve.va_sample,2,326.785,
480.3386,solve.va_sample,2,326.785,
480.8389,solve.va_sample,2,326.785,
481.3391,solve.va_sample,2,326.785,
481.8394,solve.va_sample,2,326.785,
482.3397,solve.va_sample,2,326.785,
482.8399,solve.va_sample,2,326.785,
483.3402,solve.va_sample,2,326.785,
483.8405,solve.va_sample,2,326.785,
484.3407,solve.va_sample,2,326.785,
484.8410,solve.va_sample,2,326.785,
485.3412,solve.va_sample,2,326.785,
485.8415,solve.va_sample,2,326.785,
486.3417,solve.va_sample,2,326.785,
486.8419,solve.va_sample,2,326.785,
487.3422,solve.va_sample,2,326.785,
487.8425,solve.va_sample,2,326.785,
488.3427,solve.va_sample,2,326.785,
488.8430,solve.va_sample,2,326.785,
489.3432,solve.va_sample,2,326.785,
489.8435,solve.va_sample,2,326.785,
490.3437,solve.va_sample,2,326.785,
490.8440,solve.va_sample,2,326.785,
491.3442,solve.va_sample,2,326.785,
491.8445,solve.va_sample,2,326.785,
492.3447,solve.va_sample,2,326.785,
492.8450,solve.va_sample,2,326.785,
493.3452,solve.va_sample,2,326.785,
493.8455,solve.va_sample,2,326.785,
494.3457,solve.va_sample,2,326.785,
494.8460,solve.va_sample,2,326.785,
495.3462,solve.va_sample,2,326.785,
495.8465,solve.va_sample,2,326.785,
496.3468,solve.va_sample,2,326.785,
496.8470,solve.va_sample,2,326.785,
497.3473,solve.va_sample,2,326.785,
497.8476,solve.va_sample,2,326.785,
498.3478,solve.va_sample,2,326.785,
498.8481,solve.va_sample,2,326.785,
499.3483,solve.va_sample,2,326.785,
499.8486,solve.va_sample,2,326.785,
500.3488,solve.va_sample,2,326.785,
500.8491,solve.va_sample,2,326.785,
501.3493,solve.va_sample,2,326.785,
501.8496,solve.va_sample,2,326.785,
502.3499,solve.va_sample,2,326.785,
502.8501,solve.va_sample,2,326.785,
503.3503,solve.va_sample,2,326.785,
503.8506,solve.va_sample,2,326.785,
504.3508,solve.va_sample,2,326.785,
504.8511,solve.va_sample,2,326.785,
505.3514,solve.va_sample,2,326.785,
505.8516,solve.va_sample,2,326.785,
506.3518,solve.va_sample,2,326.785,
506.8521,solve.va_sample,2,326.785,
507.3523,solve.va_sample,2,326.785,
507.8526,solve.va_sample,2,326.785,
508.3528,solve.va_sample,2,326.785,
508.8531,solve.va_sample,2,326.785,
509.3533,solve.va_sample,2,326.785,
509.8536,solve.va_sample,2,326.785,
510.3538,solve.va_sample,2,326.785,
510.8540,solve.va_sample,2,326.785,
511.3543,solve.va_sample,2,326.785,
511.8545,solve.va_sample,2,326.785,
512.3548,solve.va_sample,2,326.785,
512.8550,solve.va_sample,2,326.785,
513.3552,solve.va_sample,2,326.785,
513.8555,solve.va_sample,2,326.785,
514.3557,solve.va_sample,2,326.785,
514.8560,solve.va_sample,2,326.785,
515.3562,solve.va_sample,2,326.785,
515.8565,solve.va_sample,2,326.785,
516.3567,solve.va_sample,2,326.785,
516.8570,solve.va_sample,2,326.785,
517.3572,solve.va_sample,2,326.785,
517.8575,solve.va_sample,2,326.785,
518.3577,solve.va_sample,2,326.785,
518.8579,solve.va_sample,2,326.785,
519.3582,solve.va_sample,2,326.785,
519.8584,solve.va_sample,2,326.785,
520.3587,solve.va_sample,2,326.785,
520.8589,solve.va_sample,2,326.785,
521.3592,solve.va_sample,2,326.785,
521.8594,solve.va_sample,2,326.785,
522.3596,solve.va_sample,2,326.785,
522.8599,solve.va_sample,2,326.785,
523.3602,solve.va_sample,2,326.785,
523.8604,solve.va_sample,2,326.785,
524.3607,solve.va_sample,2,326.785,
524.8609,solve.va_sample,2,326.785,
525.3612,solve.va_sample,2,326.785,
525.8614,solve.va_sample,2,326.785,
526.3617,solve.va_sample,2,326.785,
526.8619,solve.va_sample,2,326.785,
527.3622,solve.va_sample,2,326.785,
527.8624,solve.va_sample,2,326.785,
528.3626,solve.va_sample,2,326.785,
528.8629,solve.va_sample,2,326.785,
529.3631,solve.va_sample,2,326.785,
529.8634,solve.va_sample,2,326.785,
530.3636,solve.va_sample,2,326.785,
530.8638,solve.va_sample,2,326.785,
531.3641,solve.va_sample,2,326.785,
531.8643,solve.va_sample,2,326.785,
532.3646,solve.va_sample,2,326.785,
532.8648,solve.va_sample,2,326.785,
533.3651,solve.va_sample,2,326.785,
533.8653,solve.va_sample,2,326.785,
534.3655,solve.va_sample,2,326.785,
534.8658,solve.va_sample,2,326.785,
535.3660,solve.va_sample,2,326.785,
535.8662,solve.va_sample,2,326.785,
536.3665,solve.va_sample,2,326.785,
536.8667,solve.va_sample,2,326.785,
537.3669,solve.va_sample,2,326.785,
537.8671,solve.va_sample,2,326.785,
538.3674,solve.va_sample,2,326.785,
538.8677,solve.va_sample,2,326.785,
539.3679,solve.va_sample,2,326.785,
539.8682,solve.va_sample,2,326.785,
540.3684,solve.va_sample,2,326.785,
540.8687,solve.va_sample,2,326.785,
541.3689,solve.va_sample,2,326.785,
541.8692,solve.va_sample,2,326.785,
542.3694,solve.va_sample,2,326.785,
542.8697,solve.va_sample,2,326.785,
543.3699,solve.va_sample,2,326.785,
543.8702,solve.va_sample,2,326.785,
544.3705,solve.va_sample,2,326.785,
544.8707,solve.va_sample,2,326.785,
545.3710,solve.va_sample,2,326.785,
545.8712,solve.va_sample,2,326.785,
546.3715,solve.va_sample,2,326.785,
546.8717,solve.va_sample,2,326.785,
547.3719,solve.va_sample,2,326.785,
547.8722,solve.va_sample,2,326.785,
548.3724,solve.va_sample,2,326.785,
548.8727,solve.va_sample,2,326.785,
549.3729,solve.va_sample,2,326.785,
549.8732,solve.va_sample,2,326.785,
550.3734,solve.va_sample,2,326.785,
550.8737,solve.va_sample,2,326.785,
551.3740,solve.va_sample,2,326.785,
551.8742,solve.va_sample,2,326.785,
552.3745,solve.va_sample,2,326.785,
552.8747,solve.va_sample,2,326.785,
553.3750,solve.va_sample,2,326.785,
553.8753,solve.va_sample,2,326.785,
554.3755,solve.va_sample,2,326.785,
554.8758,solve.va_sample,2,326.785,
555.3760,solve.va_sample,2,326.785,
555.8762,solve.va_sample,2,326.785,
556.3765,solve.va_sample,2,326.785,
556.8768,solve.va_sample,2,326.785,
557.3770,solve.va_sample,2,326.785,
557.8773,solve.va_sample,2,326.785,
558.3776,solve.va_sample,2,326.785,
558.8779,solve.va_sample,2,326.785,
559.3781,solve.va_sample,2,326.785,
559.8784,solve.va_sample,2,326.785,
560.3786,solve.va_sample,2,326.785,
560.8789,solve.va_sample,2,326.785,
561.3791,solve.va_sample,2,326.785,
561.8793,solve.va_sample,2,326.785,
562.3796,solve.va_sample,2,326.785,
562.8798,solve.va_sample,2,326.785,
563.3801,solve.va_sample,2,326.785,
563.8803,solve.va_sample,2,326.785,
564.3806,solve.va_sample,2,326.785,
564.8809,solve.va_sample,2,326.785,
565.3811,solve.va_sample,2,326.785,
565.8814,solve.va_sample,2,326.785,
566.3816,solve.va_sample,2,326.785,
566.8819,solve.va_sample,2,326.785,
567.3822,solve.va_sample,2,326.785,
567.8824,solve.va_sample,2,326.785,
568.3827,solve.va_sample,2,326.785,
568.8829,solve.va_sample,2,326.785,
569.3832,solve.va_sample,2,326.785,
569.8834,solve.va_sample,2,326.785,
570.3836,solve.va_sample,2,326.785,
570.8839,solve.va_sample,2,326.785,
571.3841,solve.va_sample,2,326.785,
571.8844,solve.va_sample,2,326.785,
572.3847,solve.va_sample,2,326.785,
572.8850,solve.va_sample,2,326.785,
573.3853,solve.va_sample,2,326.785,
573.8855,solve.va_sample,2,326.785,
574.3858,solve.va_sample,2,326.785,
574.8860,solve.va_sample,2,326.785,
575.3863,solve.va_sample,2,326.785,
575.8865,solve.va_sample,2,326.785,
576.3867,solve.va_sample,2,326.785,
576.8870,solve.va_sample,2,326.785,
577.3872,solve.va_sample,2,326.785,
577.8875,solve.va_sample,2,326.785,
578.3877,solve.va_sample,2,326.785,
578.8879,solve.va_sample,2,326.785,
579.3882,solve.va_sample,2,326.785,
579.8884,solve.va_sample,2,326.785,
580.3886,solve.va_sample,2,326.785,
580.8889,solve.va_sample,2,326.785,
581.3891,solve.va_sample,2,326.785,
581.8894,solve.va_sample,2,326.785,
582.3896,solve.va_sample,2,326.785,
582.8898,solve.va_sample,2,326.785,
583.3901,solve.va_sample,2,326.785,
583.8904,solve.va_sample,2,326.785,
584.3906,solve.va_sample,2,326.785,
584.8908,solve.va_sample,2,326.785,
585.3911,solve.va_sample,2,326.785,
585.8913,solve.va_sample,2,326.785,
586.3916,solve.va_sample,2,326.785,
586.8918,solve.va_sample,2,326.785,
587.3921,solve.va_sample,2,326.785,
587.8923,solve.va_sample,2,326.785,
588.3926,solve.va_sample,2,326.785,
588.8928,solve.va_sample,2,326.785,
589.3931,solve.va_sample,2,326.785,
589.8933,solve.va_sample,2,326.785,
590.3936,solve.va_sample,2,326.785,
590.8938,solve.va_sample,2,326.785,
591.3941,solve.va_sample,2,326.785,
591.8943,solve.va_sample,2,326.785,
592.3946,solve.va_sample,2,326.785,
592.8948,solve.va_sample,2,326.785,
593.3951,solve.va_sample,2,326.785,
593.8953,solve.va_sample,2,326.785,
594.3956,solve.va_sample,2,326.785,
594.8958,solve.va_sample,2,326.785,
595.3961,solve.va_sample,2,326.785,
595.8963,solve.va_sample,2,326.785,
596.3965,solve.va_sample,2,326.785,
596.8968,solve.va_sample,2,326.785,
597.3970,solve.va_sample,2,326.785,
597.8973,solve.va_sample,2,326.785,
598.3975,solve.va_sample,2,327.043,
598.8977,solve.va_sample,2,327.043,
599.3980,solve.va_sample,2,327.043,
599.8982,solve.va_sample,2,327.043,
600.3985,solve.va_sample,2,327.043,
600.8987,solve.va_sample,2,327.043,
601.3990,solve.va_sample,2,327.043,
601.8992,solve.va_sample,2,327.043,
602.3995,solve.va_sample,2,327.043,
602.8997,solve.va_sample,2,327.043,
603.4000,solve.va_sample,2,327.043,
603.9002,solve.va_sample,2,327.043,
604.4005,solve.va_sample,2,327.043,
604.9007,solve.va_sample,2,327.043,
605.4009,solve.va_sample,2,327.043,
605.9012,solve.va_sample,2,327.043,
606.4014,solve.va_sample,2,327.043,
606.9017,solve.va_sample,2,327.043,
607.4019,solve.va_sample,2,327.043,
607.9021,solve.va_sample,2,327.043,
608.4024,solve.va_sample,2,327.043,
608.9026,solve.va_sample,2,327.043,
609.4028,solve.va_sample,2,327.043,
609.9031,solve.va_sample,2,327.043,
610.4033,solve.va_sample,2,327.043,
610.9035,solve.va_sample,2,327.043,
611.4038,solve.va_sample,2,327.043,
611.9040,solve.va_sample,2,327.043,
612.4043,solve.va_sample,2,327.043,
612.9045,solve.va_sample,2,327.043,
613.4048,solve.va_sample,2,327.043,
613.9050,solve.va_sample,2,327.043,
614.4053,solve.va_sample,2,327.043,
614.9056,solve.va_sample,2,327.043,
615.4058,solve.va_sample,2,327.043,
615.9061,solve.va_sample,2,327.043,
616.4063,solve.va_sample,2,327.043,
616.9065,solve.va_sample,2,327.043,
617.4068,solve.va_sample,2,327.043,
617.9070,solve.va_sample,2,327.043,
618.4072,solve.va_sample,2,327.043,
618.9075,solve.va_sample,2,327.043,
619.4077,solve.va_sample,2,327.043,
619.9080,solve.va_sample,2,327.043,
620.4082,solve.va_sample,2,327.043,
620.9084,solve.va_sample,2,327.043,
621.4087,solve.va_sample,2,327.043,
621.9089,solve.va_sample,2,327.043,
622.4091,solve.va_sample,2,327.043,
622.9094,solve.va_sample,2,327.043,
623.4096,solve.va_sample,2,327.043,
623.9099,solve.va_sample,2,327.043,
624.4101,solve.va_sample,2,327.043,
624.9104,solve.va_sample,2,327.043,
625.4106,solve.va_sample,2,327.043,
625.9108,solve.va_sample,2,327.043,
626.4111,solve.va_sample,2,327.043,
626.9113,solve.va_sample,2,327.043,
627.4115,solve.va_sample,2,327.043,
627.9118,solve.va_sample,2,327.043,
628.4120,solve.va_sample,2,327.043,
628.9122,solve.va_sample,2,327.043,
629.4125,solve.va_sample,2,327.043,
629.9128,solve.va_sample,2,327.043,
630.4130,solve.va_sample,2,327.043,
630.9132,solve.va_sample,2,327.043,
631.4135,solve.va_sample,2,327.043,
631.9137,solve.va_sample,2,327.043,
632.4139,solve.va_sample,2,327.043,
632.9142,solve.va_sample,2,327.043,
633.4144,solve.va_sample,2,327.043,
633.9147,solve.va_sample,2,327.043,
634.4149,solve.va_sample,2,327.043,
634.9152,solve.va_sample,2,327.043,
635.4154,solve.va_sample,2,327.043,
635.9157,solve.va_sample,2,327.043,
636.4159,solve.va_sample,2,327.043,
636.9161,solve.va_sample,2,327.043,
637.4164,solve.va_sample,2,327.043,
637.9166,solve.va_sample,2,327.043,
638.4168,solve.va_sample,2,327.043,
638.9171,solve.va_sample,2,327.043,
639.4173,solve.va_sample,2,327.043,
639.9175,solve.va_sample,2,327.043,
640.4178,solve.va_sample,2,327.043,
640.9180,solve.va_sample,2,327.043,
641.4182,solve.va_sample,2,327.043,
641.9184,solve.va_sample,2,327.043,
642.4187,solve.va_sample,2,327.043,
642.9189,solve.va_sample,2,327.043,
643.4192,solve.va_sample,2,327.043,
643.9194,solve.va_sample,2,327.043,
644.4197,solve.va_sample,2,327.043,
644.9199,solve.va_sample,2,327.043,
645.4202,solve.va_sample,2,327.043,
645.9204,solve.va_sample,2,327.043,
646.4206,solve.va_sample,2,327.043,
646.9209,solve.va_sample,2,327.043,
647.4211,solve.va_sample,2,327.043,
647.9213,solve.va_sample,2,327.043,
648.4216,solve.va_sample,2,327.043,
648.9218,solve.va_sample,2,327.043,
649.4221,solve.va_sample,2,327.043,
649.9223,solve.va_sample,2,327.043,
650.4226,solve.va_sample,2,327.043,
650.9228,solve.va_sample,2,327.043,
651.4230,solve.va_sample,2,327.043,
651.9233,solve.va_sample,2,327.043,
652.4235,solve.va_sample,2,327.043,
652.9237,solve.va_sample,2,327.043,
653.4240,solve.va_sample,2,327.043,
653.9243,solve.va_sample,2,327.043,
654.4245,solve.va_sample,2,327.043,
654.9248,solve.va_sample,2,327.043,
655.4250,solve.va_sample,2,327.043,
655.9253,solve.va_sample,2,327.043,
656.4255,solve.va_sample,2,327.043,
656.9257,solve.va_sample,2,327.043,
657.4260,solve.va_sample,2,327.043,
657.9262,solve.va_sample,2,327.043,
658.4265,solve.va_sample,2,327.043,
658.9268,solve.va_sample,2,327.043,
659.4270,solve.va_sample,2,327.043,
659.9273,solve.va_sample,2,327.043,
660.4275,solve.va_sample,2,327.043,
660.9277,solve.va_sample,2,327.043,
661.4280,solve.va_sample,2,327.043,
661.9282,solve.va_sample,2,327.043,
662.4285,solve.va_sample,2,327.043,
662.9287,solve.va_sample,2,327.043,
663.4290,solve.va_sample,2,327.043,
663.9293,solve.va_sample,2,327.043,
664.4295,solve.va_sample,2,327.043,
664.9298,solve.va_sample,2,327.043,
665.4300,solve.va_sample,2,327.043,
665.9302,solve.va_sample,2,327.043,
666.4305,solve.va_sample,2,327.043,
666.9307,solve.va_sample,2,327.043,
667.4310,solve.va_sample,2,327.043,
667.9312,solve.va_sample,2,327.043,
668.4314,solve.va_sample,2,327.043,
668.9317,solve.va_sample,2,327.043,
669.4319,solve.va_sample,2,327.043,
669.9322,solve.va_sample,2,327.043,
670.4324,solve.va_sample,2,327.043,
670.9326,solve.va_sample,2,327.043,
671.4329,solve.va_sample,2,327.043,
671.9331,solve.va_sample,2,327.043,
672.4334,solve.va_sample,2,327.043,
672.9336,solve.va_sample,2,327.043,
673.4339,solve.va_sample,2,327.043,
673.9342,solve.va_sample,2,327.043,
674.4344,solve.va_sample,2,327.043,
674.9346,solve.va_sample,2,327.043,
675.4349,solve.va_sample,2,327.043,
675.9351,solve.va_sample,2,327.043,
676.4354,solve.va_sample,2,327.043,
676.9356,solve.va_sample,2,327.043,
677.4358,solve.va_sample,2,327.043,
677.9361,solve.va_sample,2,327.043,
678.4363,solve.va_sample,2,327.043,
678.9366,solve.va_sample,2,327.043,
679.4368,solve.va_sample,2,327.043,
679.9370,solve.va_sample,2,327.043,
680.4373,solve.va_sample,2,327.043,
680.9375,solve.va_sample,2,327.043,
681.4378,solve.va_sample,2,327.043,
681.9380,solve.va_sample,2,327.043,
682.4383,solve.va_sample,2,327.043,
682.9385,solve.va_sample,2,327.043,
683.4387,solve.va_sample,2,327.043,
683.9390,solve.va_sample,2,327.043,
684.4392,solve.va_sample,2,327.043,
684.9395,solve.va_sample,2,327.043,
685.4398,solve.va_sample,2,327.043,
685.9400,solve.va_sample,2,327.043,
686.4402,solve.va_sample,2,327.043,
686.9405,solve.va_sample,2,327.043,
687.4408,solve.va_sample,2,327.043,
687.9410,solve.va_sample,2,327.043,
688.4412,solve.va_sample,2,327.043,
688.9415,solve.va_sample,2,327.043,
689.4417,solve.va_sample,2,327.043,
689.9420,solve.va_sample,2,327.043,
690.4422,solve.va_sample,2,327.043,
690.9425,solve.va_sample,2,327.043,
691.4427,solve.va_sample,2,327.043,
691.9430,solve.va_sample,2,327.043,
692.4433,solve.va_sample,2,327.043,
692.9435,solve.va_sample,2,327.043,
693.4437,solve.va_sample,2,327.043,
693.9440,solve.va_sample,2,327.043,
694.4442,solve.va_sample,2,327.043,
694.9445,solve.va_sample,2,327.043,
695.4447,solve.va_sample,2,327.043,
695.9449,solve.va_sample,2,327.043,
696.4452,solve.va_sample,2,327.043,
696.9454,solve.va_sample,2,327.043,
697.4457,solve.va_sample,2,327.043,
697.9459,solve.va_sample,2,327.043,
698.4462,solve.va_sample,2,327.043,
698.9464,solve.va_sample,2,327.043,
699.4467,solve.va_sample,2,327.043,
699.9469,solve.va_sample,2,327.043,
700.4471,solve.va_sample,2,327.043,
700.9474,solve.va_sample,2,327.043,
701.4477,solve.va_sample,2,327.043,
701.9479,solve.va_sample,2,327.043,
702.4481,solve.va_sample,2,327.043,
702.9484,solve.va_sample,2,327.043,
703.4486,solve.va_sample,2,327.043,
703.9489,solve.va_sample,2,327.043,
704.4491,solve.va_sample,2,327.043,
704.9493,solve.va_sample,2,327.043,
705.4496,solve.va_sample,2,327.043,
705.9498,solve.va_sample,2,327.043,
706.4501,solve.va_sample,2,327.043,
706.9503,solve.va_sample,2,327.043,
707.4505,solve.va_sample,2,327.043,
707.9508,solve.va_sample,2,327.043,
708.4510,solve.va_sample,2,327.043,
708.9513,solve.va_sample,2,327.043,
709.4515,solve.va_sample,2,327.043,
709.9518,solve.va_sample,2,327.043,
710.4520,solve.va_sample,2,327.043,
710.9523,solve.va_sample,2,327.043,
711.4525,solve.va_sample,2,327.043,
711.9528,solve.va_sample,2,327.043,
712.4530,solve.va_sample,2,327.043,
712.9533,solve.va_sample,2,327.043,
713.4535,solve.va_sample,2,327.043,
713.9537,solve.va_sample,2,327.043,
714.4540,solve.va_sample,2,327.043,
714.9542,solve.va_sample,2,327.043,
715.4545,solve.va_sample,2,327.043,
715.9547,solve.va_sample,2,327.043,
716.4550,solve.va_sample,2,327.043,
716.9552,solve.va_sample,2,327.043,
717.4554,solve.va_sample,2,327.043,
717.9557,solve.va_sample,2,327.043,
718.4559,solve.va_sample,2,327.043,
718.9562,solve.va_sample,2,327.043,
719.4565,solve.va_sample,2,327.043,
719.9567,solve.va_sample,2,327.043,
720.4570,solve.va_sample,2,327.043,
720.9573,solve.va_sample,2,327.043,
721.4575,solve.va_sample,2,327.043,
721.9577,solve.va_sample,2,327.043,
722.4580,solve.va_sample,2,327.043,
722.9582,solve.va_sample,2,327.043,
723.4584,solve.va_sample,2,327.043,
723.9587,solve.va_sample,2,327.043,
724.4589,solve.va_sample,2,327.043,
724.9591,solve.va_sample,2,327.043,
725.4594,solve.va_sample,2,327.043,
725.9596,solve.va_sample,2,327.043,
726.4598,solve.va_sample,2,327.043,
726.9601,solve.va_sample,2,327.043,
727.4603,solve.va_sample,2,327.043,
727.9605,solve.va_sample,2,327.043,
728.4608,solve.va_sample,2,327.043,
728.9610,solve.va_sample,2,327.043,
729.4613,solve.va_sample,2,327.043,
729.9616,solve.va_sample,2,327.043,
730.4618,solve.va_sample,2,327.043,
730.9621,solve.va_sample,2,327.043,
731.4623,solve.va_sample,2,327.043,
731.9626,solve.va_sample,2,327.043,
732.4628,solve.va_sample,2,327.043,
732.9630,solve.va_sample,2,327.043,
733.4633,solve.va_sample,2,327.043,
733.9635,solve.va_sample,2,327.043,
734.4637,solve.va_sample,2,327.043,
734.9640,solve.va_sample,2,327.043,
735.4642,solve.va_sample,2,327.043,
735.9645,solve.va_sample,2,327.043,
736.4647,solve.va_sample,2,327.043,
736.9649,solve.va_sample,2,327.043,
737.4652,solve.va_sample,2,327.043,
737.9655,solve.va_sample,2,327.043,
738.4657,solve.va_sample,2,327.043,
738.9660,solve.va_sample,2,327.043,
739.4662,solve.va_sample,2,327.043,
739.9665,solve.va_sample,2,327.043,
740.4667,solve.va_sample,2,327.043,
740.9669,solve.va_sample,2,327.043,
741.4672,solve.va_sample,2,327.043,
741.9674,solve.va_sample,2,327.043,
742.4677,solve.va_sample,2,327.043,
742.9679,solve.va_sample,2,327.043,
743.4682,solve.va_sample,2,327.043,
743.9684,solve.va_sample,2,327.043,
744.4687,solve.va_sample,2,327.043,
744.9690,solve.va_sample,2,327.043,
745.4692,solve.va_sample,2,327.043,
745.9695,solve.va_sample,2,327.043,
746.4698,solve.va_sample,2,327.043,
746.9700,solve.va_sample,2,327.043,
747.4703,solve.va_sample,2,327.043,
747.9705,solve.va_sample,2,327.043,
748.4708,solve.va_sample,2,327.043,
748.9710,solve.va_sample,2,327.043,
749.4713,solve.va_sample,2,327.043,
749.9716,solve.va_sample,2,327.043,
750.4718,solve.va_sample,2,327.043,
750.9721,solve.va_sample,2,327.043,
751.4723,solve.va_sample,2,327.043,
751.9726,solve.va_sample,2,327.043,
752.4729,solve.va_sample,2,327.043,
752.9731,solve.va_sample,2,327.043,
753.4733,solve.va_sample,2,327.043,
753.9736,solve.va_sample,2,327.043,
754.4738,solve.va_sample,2,327.043,
754.9741,solve.va_sample,2,327.043,
755.4743,solve.va_sample,2,327.043,
755.9746,solve.va_sample,2,327.043,
756.4748,solve.va_sample,2,327.043,
756.9751,solve.va_sample,2,327.043,
757.4754,solve.va_sample,2,327.043,
757.9756,solve.va_sample,2,327.043,
758.4759,solve.va_sample,2,327.043,
758.9761,solve.va_sample,2,327.043,
759.4764,solve.va_sample,2,327.043,
759.9766,solve.va_sample,2,327.043,
760.4769,solve.va_sample,2,327.043,
760.9771,solve.va_sample,2,327.043,
761.4774,solve.va_sample,2,327.043,
761.9776,solve.va_sample,2,327.043,
762.4779,solve.va_sample,2,327.043,
762.9781,solve.va_sample,2,327.043,
763.4784,solve.va_sample,2,327.043,
763.9786,solve.va_sample,2,327.043,
764.4789,solve.va_sample,2,327.043,
764.9791,solve.va_sample,2,327.043,
765.4794,solve.va_sample,2,327.043,
765.9796,solve.va_sample,2,327.043,
766.4799,solve.va_sample,2,327.043,
766.9801,solve.va_sample,2,327.043,
767.4804,solve.va_sample,2,327.043,
767.9806,solve.va_sample,2,327.043,
768.4809,solve.va_sample,2,327.043,
768.9811,solve.va_sample,2,327.043,
769.4814,solve.va_sample,2,327.043,
769.9816,solve.va_sample,2,327.043,
770.4819,solve.va_sample,2,327.043,
770.9822,solve.va_sample,2,327.043,
771.4824,solve.va_sample,2,327.043,
771.9827,solve.va_sample,2,327.043,
772.4829,solve.va_sample,2,327.043,
772.9832,solve.va_sample,2,327.043,
773.4834,solve.va_sample,2,327.043,
773.9837,solve.va_sample,2,327.043,
774.4839,solve.va_sample,2,327.043,
774.9841,solve.va_sample,2,327.043,
775.4844,solve.va_sample,2,327.043,
775.9846,solve.va_sample,2,327.043,
776.4849,solve.va_sample,2,327.043,
776.9852,solve.va_sample,2,327.043,
777.4854,solve.va_sample,2,327.043,
777.9857,solve.va_sample,2,327.043,
778.4859,solve.va_sample,2,327.043,
778.9862,solve.va_sample,2,327.043,
779.4865,solve.va_sample,2,327.043,
779.9868,solve.va_sample,2,327.043,
780.4870,solve.va_sample,2,327.043,
780.9873,solve.va_sample,2,327.043,
781.4876,solve.va_sample,2,327.043,
781.9878,solve.va_sample,2,327.043,
782.4881,solve.va_sample,2,327.043,
782.9884,solve.va_sample,2,327.043,
783.4886,solve.va_sample,2,327.043,
783.9889,solve.va_sample,2,327.043,
784.4892,solve.va_sample,2,327.043,
784.9895,solve.va_sample,2,327.043,
785.4897,solve.va_sample,2,327.043,
785.9900,solve.va_sample,2,327.043,
786.4902,solve.va_sample,2,327.043,
786.9905,solve.va_sample,2,327.043,
787.4908,solve.va_sample,2,327.043,
787.9910,solve.va_sample,2,327.043,
788.4913,solve.va_sample,2,327.043,
788.9915,solve.va_sample,2,327.043,
789.4917,solve.va_sample,2,327.043,
789.9920,solve.va_sample,2,327.043,
790.4922,solve.va_sample,2,327.043,
790.9925,solve.va_sample,2,327.043,
791.4928,solve.va_sample,2,327.043,
791.9930,solve.va_sample,2,327.043,
792.4933,solve.va_sample,2,327.043,
792.9936,solve.va_sample,2,327.043,
793.4938,solve.va_sample,2,327.043,
793.9941,solve.va_sample,2,327.043,
794.4944,solve.va_sample,2,327.043,
794.9946,solve.va_sample,2,327.043,
795.4949,solve.va_sample,2,327.043,
795.9951,solve.va_sample,2,327.043,
796.4954,solve.va_sample,2,327.043,
796.9956,solve.va_sample,2,327.043,
797.4959,solve.va_sample,2,327.043,
797.9962,solve.va_sample,2,327.043,
798.4964,solve.va_sample,2,327.043,
798.9967,solve.va_sample,2,327.043,
799.4969,solve.va_sample,2,327.043,
799.9972,solve.va_sample,2,327.043,
800.4975,solve.va_sample,2,327.043,
800.9977,solve.va_sample,2,327.043,
801.4979,solve.va_sample,2,327.043,
801.9982,solve.va_sample,2,327.043,
802.4984,solve.va_sample,2,327.043,
802.9987,solve.va_sample,2,327.043,
803.4989,solve.va_sample,2,327.043,
803.9992,solve.va_sample,2,327.043,
804.4994,solve.va_sample,2,327.043,
804.9997,solve.va_sample,2,327.043,
805.4999,solve.va_sample,2,327.043,
806.0002,solve.va_sample,2,327.043,
806.5004,solve.va_sample,2,327.043,
807.0007,solve.va_sample,2,327.043,
807.5009,solve.va_sample,2,327.043,
808.0011,solve.va_sample,2,327.043,
808.5014,solve.va_sample,2,327.043,
809.0016,solve.va_sample,2,327.043,
809.5018,solve.va_sample,2,327.043,
810.0020,solve.va_sample,2,327.043,
810.5023,solve.va_sample,2,327.043,
811.0025,solve.va_sample,2,327.043,
811.5028,solve.va_sample,2,327.043,
812.0030,solve.va_sample,2,327.043,
812.5033,solve.va_sample,2,327.043,
813.0035,solve.va_sample,2,327.043,
813.5038,solve.va_sample,2,327.043,
814.0041,solve.va_sample,2,327.043,
814.5043,solve.va_sample,2,327.043,
815.0046,solve.va_sample,2,327.043,
815.5048,solve.va_sample,2,327.043,
816.0050,solve.va_sample,2,327.043,
816.5053,solve.va_sample,2,327.043,
817.0055,solve.va_sample,2,327.043,
817.5057,solve.va_sample,2,327.043,
818.0060,solve.va_sample,2,327.043,
818.5062,solve.va_sample,2,327.043,
819.0064,solve.va_sample,2,327.043,
819.5067,solve.va_sample,2,327.043,
820.0069,solve.va_sample,2,327.043,
820.5072,solve.va_sample,2,327.043,
821.0074,solve.va_sample,2,327.043,
821.5076,solve.va_sample,2,327.043,
822.0079,solve.va_sample,2,327.043,
822.5081,solve.va_sample,2,327.043,
823.0083,solve.va_sample,2,327.043,
823.5086,solve.va_sample,2,327.043,
824.0088,solve.va_sample,2,327.043,
824.5090,solve.va_sample,2,327.043,
825.0093,solve.va_sample,2,327.043,
825.5095,solve.va_sample,2,327.043,
826.0097,solve.va_sample,2,327.043,
826.5100,solve.va_sample,2,327.043,
827.0102,solve.va_sample,2,327.043,
827.5105,solve.va_sample,2,327.043,
828.0107,solve.va_sample,2,327.043,
828.5110,solve.va_sample,2,327.043,
829.0112,solve.va_sample,2,327.043,
829.5114,solve.va_sample,2,327.043,
830.0117,solve.va_sample,2,327.043,
830.5119,solve.va_sample,2,327.043,
831.0122,solve.va_sample,2,327.043,
831.5124,solve.va_sample,2,327.043,
832.0126,solve.va_sample,2,327.043,
832.5128,solve.va_sample,2,327.043,
833.0131,solve.va_sample,2,327.043,
833.5133,solve.va_sample,2,327.043,
834.0136,solve.va_sample,2,327.043,
834.5138,solve.va_sample,2,327.043,
835.0140,solve.va_sample,2,327.043,
835.5143,solve.va_sample,2,327.043,
836.0145,solve.va_sample,2,327.043,
836.5148,solve.va_sample,2,327.043,
837.0150,solve.va_sample,2,327.043,
837.5153,solve.va_sample,2,327.043,
838.0155,solve.va_sample,2,327.043,
838.5158,solve.va_sample,2,327.043,
839.0161,solve.va_sample,2,327.043,
839.5163,solve.va_sample,2,327.043,
840.0166,solve.va_sample,2,327.043,
840.5169,solve.va_sample,2,327.043,
841.0171,solve.va_sample,2,327.043,
841.5174,solve.va_sample,2,327.043,
842.0177,solve.va_sample,2,327.043,
842.5179,solve.va_sample,2,327.043,
843.0182,solve.va_sample,2,327.043,
843.5185,solve.va_sample,2,327.043,
844.0187,solve.va_sample,2,327.043,
844.5189,solve.va_sample,2,327.043,
845.0192,solve.va_sample,2,327.043,
845.5195,solve.va_sample,2,327.043,
846.0197,solve.va_sample,2,327.043,
846.5200,solve.va_sample,2,327.043,
847.0202,solve.va_sample,2,327.043,
847.5205,solve.va_sample,2,327.043,
848.0207,solve.va_sample,2,327.043,
848.5210,solve.va_sample,2,327.043,
849.0212,solve.va_sample,2,327.043,
849.5215,solve.va_sample,2,327.043,
850.0217,solve.va_sample,2,327.043,
850.5220,solve.va_sample,2,327.043,
851.0222,solve.va_sample,2,327.043,
851.5225,solve.va_sample,2,327.043,
852.0227,solve.va_sample,2,327.043,
852.5229,solve.va_sample,2,327.043,
853.0232,solve.va_sample,2,327.043,
853.5234,solve.va_sample,2,327.043,
854.0237,solve.va_sample,2,327.043,
854.5239,solve.va_sample,2,327.043,
855.0242,solve.va_sample,2,327.043,
855.5244,solve.va_sample,2,327.043,
856.0246,solve.va_sample,2,327.043,
856.5249,solve.va_sample,2,327.043,
857.0252,solve.va_sample,2,327.043,
857.5255,solve.va_sample,2,327.043,
858.0257,solve.va_sample,2,327.043,
858.5259,solve.va_sample,2,327.043,
859.0262,solve.va_sample,2,327.043,
859.5264,solve.va_sample,2,327.043,
860.0267,solve.va_sample,2,327.043,
860.5269,solve.va_sample,2,327.043,
861.0271,solve.va_sample,2,327.043,
861.5274,solve.va_sample,2,327.043,
862.0276,solve.va_sample,2,327.043,
862.5278,solve.va_sample,2,327.043,
863.0281,solve.va_sample,2,327.043,
863.5283,solve.va_sample,2,327.043,
864.0285,solve.va_sample,2,327.043,
864.5288,solve.va_sample,2,327.043,
865.0290,solve.va_sample,2,327.043,
865.5292,solve.va_sample,2,327.043,
866.0295,solve.va_sample,2,327.043,
866.5297,solve.va_sample,2,327.043,
867.0299,solve.va_sample,2,327.043,
867.5302,solve.va_sample,2,327.043,
868.0304,solve.va_sample,2,327.043,
868.5306,solve.va_sample,2,327.043,
869.0309,solve.va_sample,2,327.043,
869.5311,solve.va_sample,2,327.043,
870.0314,solve.va_sample,2,327.043,
870.5316,solve.va_sample,2,327.043,
871.0319,solve.va_sample,2,327.043,
871.5321,solve.va_sample,2,327.043,
872.0323,solve.va_sample,2,327.043,
872.5326,solve.va_sample,2,327.043,
873.0328,solve.va_sample,2,327.043,
873.5331,solve.va_sample,2,327.043,
874.0333,solve.va_sample,2,327.043,
874.5336,solve.va_sample,2,327.043,
875.0338,solve.va_sample,2,327.043,
875.5340,solve.va_sample,2,327.043,
876.0343,solve.va_sample,2,327.043,
876.5345,solve.va_sample,2,327.043,
877.0348,solve.va_sample,2,327.043,
877.5350,solve.va_sample,2,327.043,
878.0352,solve.va_sample,2,327.043,
878.5355,solve.va_sample,2,327.043,
879.0357,solve.va_sample,2,327.043,
879.5360,solve.va_sample,2,327.043,
880.0363,solve.va_sample,2,327.043,
880.5365,solve.va_sample,2,327.043,
881.0367,solve.va_sample,2,327.043,
881.5370,solve.va_sample,2,327.043,
882.0372,solve.va_sample,2,327.043,
882.5375,solve.va_sample,2,327.043,
883.0377,solve.va_sample,2,327.043,
883.5379,solve.va_sample,2,327.043,
884.0382,solve.va_sample,2,327.043,
884.5385,solve.va_sample,2,327.043,
885.0387,solve.va_sample,2,327.043,
885.5390,solve.va_sample,2,327.043,
886.0392,solve.va_sample,2,327.043,
886.5395,solve.va_sample,2,327.043,
887.0397,solve.va_sample,2,327.043,
887.5399,solve.va_sample,2,327.043,
888.0402,solve.va_sample,2,327.043,
888.5404,solve.va_sample,2,327.043,
889.0407,solve.va_sample,2,327.043,
889.5409,solve.va_sample,2,327.043,
890.0412,solve.va_sample,2,327.043,
890.5414,solve.va_sample,2,327.043,
891.0416,solve.va_sample,2,327.043,
891.5419,solve.va_sample,2,327.043,
892.0421,solve.va_sample,2,327.043,
892.5424,solve.va_sample,2,327.043,
893.0426,solve.va_sample,2,327.043,
893.5429,solve.va_sample,2,327.043,
894.0431,solve.va_sample,2,327.043,
894.5433,solve.va_sample,2,327.043,
895.0436,solve.va_sample,2,327.043,
895.5438,solve.va_sample,2,327.043,
896.0440,solve.va_sample,2,327.043,
896.5443,solve.va_sample,2,327.043,
897.0446,solve.va_sample,2,327.043,
897.5448,solve.va_sample,2,327.043,
898.0450,solve.va_sample,2,327.043,
898.5453,solve.va_sample,2,327.043,
899.0456,solve.va_sample,2,327.043,
899.5458,solve.va_sample,2,327.043,
900.0461,solve.va_sample,2,327.043,
900.5464,solve.va_sample,2,327.043,
901.0466,solve.va_sample,2,327.043,
901.5469,solve.va_sample,2,327.043,
902.0471,solve.va_sample,2,327.043,
902.5473,solve.va_sample,2,327.043,
903.0476,solve.va_sample,2,327.043,
903.5478,solve.va_sample,2,327.043,
904.0480,solve.va_sample,2,327.043,
904.5483,solve.va_sample,2,327.043,
905.0485,solve.va_sample,2,327.043,
905.5487,solve.va_sample,2,327.043,
906.0490,solve.va_sample,2,327.043,
906.5492,solve.va_sample,2,327.043,
907.0494,solve.va_sample,2,327.043,
907.5497,solve.va_sample,2,327.043,
908.0499,solve.va_sample,2,327.043,
908.5501,solve.va_sample,2,327.043,
909.0504,solve.va_sample,2,327.043,
909.5506,solve.va_sample,2,327.043,
910.0509,solve.va_sample,2,327.043,
910.5511,solve.va_sample,2,327.043,
911.0514,solve.va_sample,2,327.043,
911.5516,solve.va_sample,2,327.043,
912.0518,solve.va_sample,2,327.043,
912.5521,solve.va_sample,2,327.043,
913.0523,solve.va_sample,2,327.043,
913.5526,solve.va_sample,2,327.043,
914.0528,solve.va_sample,2,327.043,
914.5530,solve.va_sample,2,327.043,
915.0533,solve.va_sample,2,327.043,
915.5535,solve.va_sample,2,327.043,
916.0537,solve.va_sample,2,327.043,
916.5540,solve.va_sample,2,327.043,
917.0542,solve.va_sample,2,327.043,
917.5545,solve.va_sample,2,327.043,
918.0547,solve.va_sample,2,327.043,
918.5550,solve.va_sample,2,327.043,
919.0552,solve.va_sample,2,327.043,
919.5555,solve.va_sample,2,327.043,
920.0557,solve.va_sample,2,327.043,
920.5559,solve.va_sample,2,327.043,
921.0561,solve.va_sample,2,327.043,
921.5564,solve.va_sample,2,327.043,
922.0566,solve.va_sample,2,327.043,
922.5568,solve.va_sample,2,327.043,
923.0571,solve.va_sample,2,327.043,
923.5573,solve.va_sample,2,327.043,
924.0575,solve.va_sample,2,327.043,
924.5578,solve.va_sample,2,327.043,
925.0581,solve.va_sample,2,327.043,
925.5583,solve.va_sample,2,327.043,
926.0585,solve.va_sample,2,327.043,
926.5588,solve.va_sample,2,327.043,
927.0590,solve.va_sample,2,327.043,
927.5593,solve.va_sample,2,327.043,
928.0595,solve.va_sample,2,327.043,
928.5598,solve.va_sample,2,327.043,
929.0600,solve.va_sample,2,327.043,
929.5603,solve.va_sample,2,327.043,
930.0605,solve.va_sample,2,327.043,
930.5607,solve.va_sample,2,327.043,
931.0610,solve.va_sample,2,327.043,
931.5612,solve.va_sample,2,327.043,
932.0614,solve.va_sample,2,327.043,
932.5617,solve.va_sample,2,327.043,
933.0620,solve.va_sample,2,327.043,
933.5622,solve.va_sample,2,327.043,
934.0625,solve.va_sample,2,327.043,
934.5627,solve.va_sample,2,327.043,
935.0630,solve.va_sample,2,327.043,
935.5633,solve.va_sample,2,327.043,
936.0635,solve.va_sample,2,327.043,
936.5637,solve.va_sample,2,327.043,
937.0640,solve.va_sample,2,327.043,
937.5642,solve.va_sample,2,327.043,
938.0645,solve.va_sample,2,327.043,
938.5647,solve.va_sample,2,327.043,
939.0650,solve.va_sample,2,327.043,
939.5652,solve.va_sample,2,327.043,
940.0655,solve.va_sample,2,327.043,
940.5657,solve.va_sample,2,327.043,
941.0660,solve.va_sample,2,327.043,
941.5662,solve.va_sample,2,327.043,
942.0665,solve.va_sample,2,327.043,
942.5667,solve.va_sample,2,327.043,
943.0669,solve.va_sample,2,327.043,
943.5672,solve.va_sample,2,327.043,
944.0674,solve.va_sample,2,327.301,
944.5677,solve.va_sample,2,327.301,
945.0679,solve.va_sample,2,327.301,
945.5682,solve.va_sample,2,327.301,
946.0684,solve.va_sample,2,327.301,
946.5686,solve.va_sample,2,327.301,
947.0689,solve.va_sample,2,327.301,
947.5691,solve.va_sample,2,327.301,
948.0693,solve.va_sample,2,327.301,
948.5695,solve.va_sample,2,327.301,
949.0698,solve.va_sample,2,327.301,
949.5700,solve.va_sample,2,327.301,
950.0702,solve.va_sample,2,327.301,
950.5705,solve.va_sample,2,327.301,
951.0707,solve.va_sample,2,327.301,
951.5709,solve.va_sample,2,327.301,
952.0712,solve.va_sample,2,327.301,
952.5714,solve.va_sample,2,327.301,
953.0716,solve.va_sample,2,327.301,
953.5719,solve.va_sample,2,327.301,
954.0721,solve.va_sample,2,327.301,
954.5723,solve.va_sample,2,327.301,
955.0725,solve.va_sample,2,327.301,
955.5728,solve.va_sample,2,327.301,
956.0731,solve.va_sample,2,327.301,
956.5733,solve.va_sample,2,327.301,
957.0735,solve.va_sample,2,327.301,
957.5738,solve.va_sample,2,327.301,
958.0740,solve.va_sample,2,327.301,
958.5743,solve.va_sample,2,327.301,
959.0745,solve.va_sample,2,327.301,
959.5748,solve.va_sample,2,327.301,
960.0750,solve.va_sample,2,327.301,
960.5753,solve.va_sample,2,327.301,
961.0756,solve.va_sample,2,327.301,
961.5758,solve.va_sample,2,327.301,
962.0760,solve.va_sample,2,327.301,
962.5763,solve.va_sample,2,327.301,
963.0765,solve.va_sample,2,327.301,
963.5768,solve.va_sample,2,327.301,
964.0770,solve.va_sample,2,327.301,
964.5773,solve.va_sample,2,327.301,
965.0775,solve.va_sample,2,327.301,
965.5777,solve.va_sample,2,327.301,
966.0780,solve.va_sample,2,327.301,
966.5782,solve.va_sample,2,327.301,
967.0785,solve.va_sample,2,327.301,
967.5787,solve.va_sample,2,327.301,
968.0789,solve.va_sample,2,327.301,
968.5792,solve.va_sample,2,327.301,
969.0794,solve.va_sample,2,327.301,
969.5797,solve.va_sample,2,327.301,
970.0800,solve.va_sample,2,327.301,
970.5802,solve.va_sample,2,327.301,
971.0805,solve.va_sample,2,327.301,
971.5807,solve.va_sample,2,327.301,
972.0810,solve.va_sample,2,327.301,
972.5812,solve.va_sample,2,327.301,
973.0815,solve.va_sample,2,327.301,
973.5817,solve.va_sample,2,327.301,
974.0820,solve.va_sample,2,327.301,
974.5822,solve.va_sample,2,327.301,
975.0825,solve.va_sample,2,327.301,
975.5827,solve.va_sample,2,327.301,
976.0830,solve.va_sample,2,327.301,
976.5832,solve.va_sample,2,327.301,
977.0835,solve.va_sample,2,327.301,
977.5837,solve.va_sample,2,327.301,
978.0840,solve.va_sample,2,327.301,
978.5842,solve.va_sample,2,327.301,
979.0845,solve.va_sample,2,327.301,
979.5847,solve.va_sample,2,327.301,
980.0850,solve.va_sample,2,327.301,
980.5852,solve.va_sample,2,327.301,
981.0854,solve.va_sample,2,327.301,
981.5857,solve.va_sample,2,327.301,
982.0859,solve.va_sample,2,327.301,
982.5862,solve.va_sample,2,327.301,
983.0864,solve.va_sample,2,327.301,
983.5867,solve.va_sample,2,327.301,
984.0870,solve.va_sample,2,327.301,
984.5872,solve.va_sample,2,327.301,
985.0875,solve.va_sample,2,327.301,
985.5877,solve.va_sample,2,327.301,
986.0879,solve.va_sample,2,327.301,
986.5882,solve.va_sample,2,327.301,
987.0884,solve.va_sample,2,327.301,
987.5887,solve.va_sample,2,327.301,
988.0889,solve.va_sample,2,327.301,
988.5891,solve.va_sample,2,327.301,
989.0894,solve.va_sample,2,327.301,
989.5896,solve.va_sample,2,327.301,
990.0898,solve.va_sample,2,327.301,
990.5901,solve.va_sample,2,327.301,
991.0903,solve.va_sample,2,327.301,
991.5905,solve.va_sample,2,327.301,
992.0908,solve.va_sample,2,327.301,
992.5911,solve.va_sample,2,327.301,
993.0913,solve.va_sample,2,327.301,
993.5916,solve.va_sample,2,327.301,
994.0918,solve.va_sample,2,327.301,
994.5921,solve.va_sample,2,327.301,
995.0923,solve.va_sample,2,327.301,
995.5926,solve.va_sample,2,327.301,
996.0928,solve.va_sample,2,327.301,
996.5931,solve.va_sample,2,327.301,
997.0933,solve.va_sample,2,327.301,
997.5936,solve.va_sample,2,327.301,
998.0939,solve.va_sample,2,327.301,
998.5942,solve.va_sample,2,327.301,
999.0944,solve.va_sample,2,327.301,
999.5946,solve.va_sample,2,327.301,
1000.0949,solve.va_sample,2,327.301,
1000.5951,solve.va_sample,2,327.301,
1001.0953,solve.va_sample,2,327.301,
1001.5956,solve.va_sample,2,327.301,
1002.0958,solve.va_sample,2,327.301,
1002.5960,solve.va_sample,2,327.301,
1003.0963,solve.va_sample,2,327.301,
1003.5966,solve.va_sample,2,327.301,
1004.0968,solve.va_sample,2,327.301,
1004.5971,solve.va_sample,2,327.301,
1005.0973,solve.va_sample,2,327.301,
1005.5976,solve.va_sample,2,327.301,
1006.0978,solve.va_sample,2,327.301,
1006.5980,solve.va_sample,2,327.301,
1007.0983,solve.va_sample,2,327.301,
1007.5986,solve.va_sample,2,327.301,
1008.0988,solve.va_sample,2,327.301,
1008.5990,solve.va_sample,2,327.301,
1009.0993,solve.va_sample,2,327.301,
1009.5996,solve.va_sample,2,327.301,
1010.0998,solve.va_sample,2,327.301,
1010.6000,solve.va_sample,2,327.301,
1011.1003,solve.va_sample,2,327.301,
1011.6005,solve.va_sample,2,327.301,
1012.1008,solve.va_sample,2,327.301,
1012.6011,solve.va_sample,2,327.301,
1013.1013,solve.va_sample,2,327.301,
1013.6016,solve.va_sample,2,327.301,
1014.1018,solve.va_sample,2,327.301,
1014.6021,solve.va_sample,2,327.301,
1015.1023,solve.va_sample,2,327.301,
1015.6025,solve.va_sample,2,327.301,
1016.1028,solve.va_sample,2,327.301,
1016.6030,solve.va_sample,2,327.301,
1017.1032,solve.va_sample,2,327.301,
1017.6035,solve.va_sample,2,327.301,
1018.1037,solve.va_sample,2,327.301,
1018.6040,solve.va_sample,2,327.301,
1019.1043,solve.va_sample,2,327.301,
1019.6045,solve.va_sample,2,327.301,
1020.1048,solve.va_sample,2,327.301,
1020.6050,solve.va_sample,2,327.301,
1021.1053,solve.va_sample,2,327.301,
1021.6055,solve.va_sample,2,327.301,
1022.1058,solve.va_sample,2,327.301,
1022.6060,solve.va_sample,2,327.301,
1023.1062,solve.va_sample,2,327.301,
1023.6065,solve.va_sample,2,327.301,
1024.1068,solve.va_sample,2,327.301,
1024.6070,solve.va_sample,2,327.301,
1025.1072,solve.va_sample,2,327.301,
1025.6075,solve.va_sample,2,327.301,
1026.1077,solve.va_sample,2,327.301,
1026.6079,solve.va_sample,2,327.301,
1027.1082,solve.va_sample,2,327.301,
1027.6084,solve.va_sample,2,327.301,
1028.1087,solve.va_sample,2,327.301,
1028.6089,solve.va_sample,2,327.301,
1029.1091,solve.va_sample,2,327.301,
1029.6094,solve.va_sample,2,327.301,
1030.1097,solve.va_sample,2,327.301,
1030.6099,solve.va_sample,2,327.301,
1031.1102,solve.va_sample,2,327.301,
1031.6104,solve.va_sample,2,327.301,
1032.1107,solve.va_sample,2,327.301,
1032.6109,solve.va_sample,2,327.301,
1033.1111,solve.va_sample,2,327.301,
1033.6115,solve.va_sample,2,327.301,
1034.1117,solve.va_sample,2,327.301,
1034.6119,solve.va_sample,2,327.301,
1035.1122,solve.va_sample,2,327.301,
1035.6124,solve.va_sample,2,327.301,
1036.1126,solve.va_sample,2,327.301,
1036.6129,solve.va_sample,2,327.301,
1037.1131,solve.va_sample,2,327.301,
1037.6133,solve.va_sample,2,327.301,
1038.1136,solve.va_sample,2,327.301,
1038.6138,solve.va_sample,2,327.301,
1039.1140,solve.va_sample,2,327.301,
1039.6143,solve.va_sample,2,327.301,
1040.1145,solve.va_sample,2,327.301,
1040.6147,solve.va_sample,2,327.301,
1041.1149,solve.va_sample,2,327.301,
1041.6152,solve.va_sample,2,327.301,
1042.1155,solve.va_sample,2,327.301,
1042.6157,solve.va_sample,2,327.301,
1043.1159,solve.va_sample,2,327.301,
1043.6162,solve.va_sample,2,327.301,
1044.1165,solve.va_sample,2,327.301,
1044.6167,solve.va_sample,2,327.301,
1045.1170,solve.va_sample,2,327.301,
1045.6172,solve.va_sample,2,327.301,
1046.1175,solve.va_sample,2,327.301,
1046.6177,solve.va_sample,2,327.301,
1047.1180,solve.va_sample,2,327.301,
1047.6182,solve.va_sample,2,327.301,
1048.1184,solve.va_sample,2,327.301,
1048.6187,solve.va_sample,2,327.301,
1049.1189,solve.va_sample,2,327.301,
1049.6192,solve.va_sample,2,327.301,
1050.1194,solve.va_sample,2,327.301,
1050.6196,solve.va_sample,2,327.301,
1051.1199,solve.va_sample,2,327.301,
1051.6201,solve.va_sample,2,327.301,
1052.1203,solve.va_sample,2,327.301,
1052.6206,solve.va_sample,2,327.301,
1053.1208,solve.va_sample,2,327.301,
1053.6211,solve.va_sample,2,327.301,
1054.1213,solve.va_sample,2,327.301,
1054.6216,solve.va_sample,2,327.301,
1055.1218,solve.va_sample,2,327.301,
1055.6221,solve.va_sample,2,327.301,
1056.1223,solve.va_sample,2,327.301,
1056.6226,solve.va_sample,2,327.301,
1057.1228,solve.va_sample,2,327.301,
1057.6230,solve.va_sample,2,327.301,
1058.1233,solve.va_sample,2,327.301,
1058.6235,solve.va_sample,2,327.301,
1059.1238,solve.va_sample,2,327.301,
1059.6240,solve.va_sample,2,327.301,
1060.1242,solve.va_sample,2,327.301,
1060.6245,solve.va_sample,2,327.301,
1061.1247,solve.va_sample,2,327.301,
1061.6250,solve.va_sample,2,327.301,
1062.1252,solve.va_sample,2,327.301,
1062.6255,solve.va_sample,2,327.301,
1063.1257,solve.va_sample,2,327.301,
1063.6260,solve.va_sample,2,327.301,
1064.1263,solve.va_sample,2,327.301,
1064.6265,solve.va_sample,2,327.301,
1065.1268,solve.va_sample,2,327.301,
1065.6270,solve.va_sample,2,327.301,
1066.1273,solve.va_sample,2,327.301,
1066.6275,solve.va_sample,2,327.301,
1067.1278,solve.va_sample,2,327.301,
1067.6280,solve.va_sample,2,327.301,
1068.1283,solve.va_sample,2,327.301,
1068.6285,solve.va_sample,2,327.301,
1069.1288,solve.va_sample,2,327.301,
1069.6290,solve.va_sample,2,327.301,
1070.1293,solve.va_sample,2,327.301,
1070.6295,solve.va_sample,2,327.301,
1071.1298,solve.va_sample,2,327.301,
1071.6300,solve.va_sample,2,327.301,
1072.1303,solve.va_sample,2,327.301,
1072.6305,solve.va_sample,2,327.301,
1073.1307,solve.va_sample,2,327.301,
1073.6310,solve.va_sample,2,327.301,
1074.1313,solve.va_sample,2,327.301,
1074.6315,solve.va_sample,2,327.301,
1075.1318,solve.va_sample,2,327.301,
1075.6320,solve.va_sample,2,327.301,
1076.1322,solve.va_sample,2,327.301,
1076.6325,solve.va_sample,2,327.301,
1077.1327,solve.va_sample,2,327.301,
1077.6329,solve.va_sample,2,327.301,
1078.1332,solve.va_sample,2,327.301,
1078.6335,solve.va_sample,2,327.301,
1079.1337,solve.va_sample,2,327.301,
1079.6339,solve.va_sample,2,327.301,
1080.1342,solve.va_sample,2,327.301,
1080.6344,solve.va_sample,2,327.301,
1081.1347,solve.va_sample,2,327.301,
1081.6349,solve.va_sample,2,327.301,
1082.1352,solve.va_sample,2,327.301,
1082.6355,solve.va_sample,2,327.301,
1083.1358,solve.va_sample,2,327.301,
1083.6361,solve.va_sample,2,327.301,
1084.1363,solve.va_sample,2,327.301,
1084.6366,solve.va_sample,2,327.301,
1085.1368,solve.va_sample,2,327.301,
1085.6371,solve.va_sample,2,327.301,
1086.1373,solve.va_sample,2,327.301,
1086.6375,solve.va_sample,2,327.301,
1087.1378,solve.va_sample,2,327.301,
1087.6380,solve.va_sample,2,327.301,
1088.1383,solve.va_sample,2,327.301,
1088.6385,solve.va_sample,2,327.301,
1089.1388,solve.va_sample,2,327.301,
1089.6390,solve.va_sample,2,327.301,
1090.1392,solve.va_sample,2,327.301,
1090.6395,solve.va_sample,2,327.301,
1091.1398,solve.va_sample,2,327.301,
1091.6400,solve.va_sample,2,327.301,
1092.1403,solve.va_sample,2,327.301,
1092.6406,solve.va_sample,2,327.301,
1093.1408,solve.va_sample,2,327.301,
1093.6411,solve.va_sample,2,327.301,
1094.1414,solve.va_sample,2,327.301,
1094.6416,solve.va_sample,2,327.301,
1095.1419,solve.va_sample,2,327.301,
1095.6421,solve.va_sample,2,327.301,
1096.1424,solve.va_sample,2,327.301,
1096.6426,solve.va_sample,2,327.301,
1097.1429,solve.va_sample,2,327.301,
1097.6431,solve.va_sample,2,327.301,
1098.1433,solve.va_sample,2,327.301,
1098.6436,solve.va_sample,2,327.301,
1099.1438,solve.va_sample,2,327.301,
1099.6441,solve.va_sample,2,327.301,
1100.1443,solve.va_sample,2,327.301,
1100.6445,solve.va_sample,2,327.301,
1101.1448,solve.va_sample,2,327.301,
1101.6450,solve.va_sample,2,327.301,
1102.1453,solve.va_sample,2,327.301,
1102.6455,solve.va_sample,2,327.301,
1103.1458,solve.va_sample,2,327.301,
1103.6460,solve.va_sample,2,327.301,
1104.1463,solve.va_sample,2,327.301,
1104.6466,solve.va_sample,2,327.301,
1105.1468,solve.va_sample,2,327.301,
1105.6471,solve.va_sample,2,327.301,
1106.1473,solve.va_sample,2,327.301,
1106.6476,solve.va_sample,2,327.301,
1107.1478,solve.va_sample,2,327.301,
1107.6481,solve.va_sample,2,327.301,
1108.1483,solve.va_sample,2,327.301,
1108.6486,solve.va_sample,2,327.301,
1109.1488,solve.va_sample,2,327.301,
1109.6490,solve.va_sample,2,327.301,
1110.1493,solve.va_sample,2,327.301,
1110.6495,solve.va_sample,2,327.301,
1111.1498,solve.va_sample,2,327.301,
1111.6500,solve.va_sample,2,327.301,
1112.1502,solve.va_sample,2,327.301,
1112.6505,solve.va_sample,2,327.301,
1113.1508,solve.va_sample,2,327.301,
1113.6511,solve.va_sample,2,327.301,
1114.1513,solve.va_sample,2,327.301,
1114.6516,solve.va_sample,2,327.301,
1115.1518,solve.va_sample,2,327.301,
1115.6520,solve.va_sample,2,327.301,
1116.1523,solve.va_sample,2,327.301,
1116.6525,solve.va_sample,2,327.301,
1117.1528,solve.va_sample,2,327.301,
1117.6530,solve.va_sample,2,327.301,
1118.1533,solve.va_sample,2,327.301,
1118.6535,solve.va_sample,2,327.301,
1119.1538,solve.va_sample,2,327.301,
1119.6540,solve.va_sample,2,327.301,
1120.1543,solve.va_sample,2,327.301,
1120.6545,solve.va_sample,2,327.301,
1121.1548,solve.va_sample,2,327.301,
1121.6550,solve.va_sample,2,327.301,
1122.1553,solve.va_sample,2,327.301,
1122.6555,solve.va_sample,2,327.301,
1123.1557,solve.va_sample,2,327.301,
1123.6560,solve.va_sample,2,327.301,
1124.1562,solve.va_sample,2,327.301,
1124.6565,solve.va_sample,2,327.301,
1125.1567,solve.va_sample,2,327.301,
1125.6569,solve.va_sample,2,327.301,
1126.1572,solve.va_sample,2,327.301,
1126.6574,solve.va_sample,2,327.301,
1127.1577,solve.va_sample,2,327.301,
1127.6580,solve.va_sample,2,327.301,
1128.1582,solve.va_sample,2,327.301,
1128.6585,solve.va_sample,2,327.301,
1129.1587,solve.va_sample,2,327.301,
1129.6590,solve.va_sample,2,327.301,
1130.1592,solve.va_sample,2,327.301,
1130.6595,solve.va_sample,2,327.301,
1131.1597,solve.va_sample,2,327.301,
1131.6599,solve.va_sample,2,327.301,
1132.1602,solve.va_sample,2,327.301,
1132.6604,solve.va_sample,2,327.301,
1133.1607,solve.va_sample,2,327.301,
1133.6609,solve.va_sample,2,327.301,
1134.1612,solve.va_sample,2,327.301,
1134.6614,solve.va_sample,2,327.301,
1135.1617,solve.va_sample,2,327.301,
1135.6619,solve.va_sample,2,327.301,
1136.1622,solve.va_sample,2,327.301,
1136.6624,solve.va_sample,2,327.301,
1137.1626,solve.va_sample,2,327.301,
1137.6629,solve.va_sample,2,327.301,
1138.1631,solve.va_sample,2,327.301,
1138.6634,solve.va_sample,2,327.301,
1139.1637,solve.va_sample,2,327.301,
1139.6639,solve.va_sample,2,327.301,
1140.1642,solve.va_sample,2,327.301,
1140.6644,solve.va_sample,2,327.301,
1141.1647,solve.va_sample,2,327.301,
1141.6649,solve.va_sample,2,327.301,
1142.1652,solve.va_sample,2,327.301,
1142.6654,solve.va_sample,2,327.301,
1143.1657,solve.va_sample,2,327.301,
1143.6659,solve.va_sample,2,327.301,
1144.1662,solve.va_sample,2,327.301,
1144.6664,solve.va_sample,2,327.301,
1145.1667,solve.va_sample,2,327.301,
1145.6669,solve.va_sample,2,327.301,
1146.1671,solve.va_sample,2,327.301,
1146.6674,solve.va_sample,2,327.301,
1147.1676,solve.va_sample,2,327.301,
1147.6679,solve.va_sample,2,327.301,
1148.1681,solve.va_sample,2,327.301,
1148.6683,solve.va_sample,2,327.301,
1149.1686,solve.va_sample,2,327.301,
1149.6688,solve.va_sample,2,327.301,
1150.1691,solve.va_sample,2,327.301,
1150.6693,solve.va_sample,2,327.301,
1151.1696,solve.va_sample,2,327.301,
1151.6698,solve.va_sample,2,327.301,
1152.1701,solve.va_sample,2,327.301,
1152.6703,solve.va_sample,2,327.301,
1153.1706,solve.va_sample,2,327.301,
1153.6708,solve.va_sample,2,327.301,
1154.1711,solve.va_sample,2,327.301,
1154.6713,solve.va_sample,2,327.301,
1155.1716,solve.va_sample,2,327.301,
1155.6718,solve.va_sample,2,327.301,
1156.1721,solve.va_sample,2,327.301,
1156.6723,solve.va_sample,2,327.301,
1157.1725,solve.va_sample,2,327.301,
1157.6728,solve.va_sample,2,327.301,
1158.1730,solve.va_sample,2,327.301,
1158.6733,solve.va_sample,2,327.301,
1159.1735,solve.va_sample,2,327.301,
1159.6737,solve.va_sample,2,327.301,
1160.1740,solve.va_sample,2,327.301,
1160.6742,solve.va_sample,2,327.301,
1161.1745,solve.va_sample,2,327.301,
1161.6747,solve.va_sample,2,327.301,
1162.1750,solve.va_sample,2,327.301,
1162.6752,solve.va_sample,2,327.301,
1163.1754,solve.va_sample,2,327.301,
1163.6757,solve.va_sample,2,327.301,
1164.1759,solve.va_sample,2,327.301,
1164.6762,solve.va_sample,2,327.301,
1165.1765,solve.va_sample,2,327.301,
1165.6767,solve.va_sample,2,327.301,
1166.1770,solve.va_sample,2,327.301,
1166.6772,solve.va_sample,2,327.301,
1167.1775,solve.va_sample,2,327.301,
1167.6777,solve.va_sample,2,327.301,
1168.1780,solve.va_sample,2,327.301,
1168.6782,solve.va_sample,2,327.301,
1169.1785,solve.va_sample,2,327.301,
1169.6787,solve.va_sample,2,327.301,
1170.1790,solve.va_sample,2,327.301,
1170.6792,solve.va_sample,2,327.301,
1171.1795,solve.va_sample,2,327.301,
1171.6797,solve.va_sample,2,327.301,
1172.1799,solve.va_sample,2,327.301,
1172.6802,solve.va_sample,2,327.301,
1173.1804,solve.va_sample,2,327.301,
1173.6807,solve.va_sample,2,327.301,
1174.1809,solve.va_sample,2,327.301,
1174.6812,solve.va_sample,2,327.301,
1175.1814,solve.va_sample,2,327.301,
1175.6817,solve.va_sample,2,327.301,
1176.1819,solve.va_sample,2,327.301,
1176.6821,solve.va_sample,2,327.301,
1177.1824,solve.va_sample,2,327.301,
1177.6826,solve.va_sample,2,327.301,
1178.1828,solve.va_sample,2,327.301,
1178.6831,solve.va_sample,2,327.301,
1179.1833,solve.va_sample,2,327.301,
1179.6835,solve.va_sample,2,327.301,
1180.1838,solve.va_sample,2,327.301,
1180.6840,solve.va_sample,2,327.301,
1181.1842,solve.va_sample,2,327.301,
1181.6845,solve.va_sample,2,327.301,
1182.1847,solve.va_sample,2,327.301,
1182.6849,solve.va_sample,2,327.301,
1183.1852,solve.va_sample,2,327.301,
1183.6855,solve.va_sample,2,327.301,
1184.1857,solve.va_sample,2,327.301,
1184.6859,solve.va_sample,2,327.301,
1185.1862,solve.va_sample,2,327.301,
1185.6864,solve.va_sample,2,327.301,
1186.1867,solve.va_sample,2,327.301,
1186.6869,solve.va_sample,2,327.301,
1187.1871,solve.va_sample,2,327.301,
1187.6874,solve.va_sample,2,327.301,
1188.1876,solve.va_sample,2,327.301,
1188.6878,solve.va_sample,2,327.301,
1189.1881,solve.va_sample,2,327.301,
1189.6883,solve.va_sample,2,327.301,
1190.1886,solve.va_sample,2,327.301,
1190.6888,solve.va_sample,2,327.301,
1191.1890,solve.va_sample,2,327.301,
1191.6893,solve.va_sample,2,327.301,
1192.1895,solve.va_sample,2,327.301,
1192.6898,solve.va_sample,2,327.301,
1193.1900,solve.va_sample,2,327.301,
1193.6903,solve.va_sample,2,327.301,
1194.1905,solve.va_sample,2,327.301,
1194.6907,solve.va_sample,2,327.301,
1195.1910,solve.va_sample,2,327.301,
1195.6912,solve.va_sample,2,327.301,
1196.1915,solve.va_sample,2,327.301,
1196.6918,solve.va_sample,2,327.301,
1197.1920,solve.va_sample,2,327.301,
1197.6923,solve.va_sample,2,327.301,
1198.1925,solve.va_sample,2,327.301,
1198.6928,solve.va_sample,2,327.301,
1199.1930,solve.va_sample,2,327.301,
1199.6933,solve.va_sample,2,327.301,
1200.1936,solve.va_sample,2,327.301,
1200.6938,solve.va_sample,2,327.301,
1201.1941,solve.va_sample,2,327.301,
1201.6943,solve.va_sample,2,327.301,
1202.1946,solve.va_sample,2,327.301,
1202.6948,solve.va_sample,2,327.301,
1203.1950,solve.va_sample,2,327.301,
1203.6953,solve.va_sample,2,327.301,
1204.1955,solve.va_sample,2,327.301,
1204.6958,solve.va_sample,2,327.301,
1205.1960,solve.va_sample,2,327.301,
1205.6963,solve.va_sample,2,327.301,
1206.1965,solve.va_sample,2,327.301,
1206.6967,solve.va_sample,2,327.301,
1207.1970,solve.va_sample,2,327.301,
1207.6972,solve.va_sample,2,327.301,
1208.1975,solve.va_sample,2,327.301,
1208.6977,solve.va_sample,2,327.301,
1209.1979,solve.va_sample,2,327.301,
1209.6982,solve.va_sample,2,327.301,
1210.1984,solve.va_sample,2,327.301,
1210.6987,solve.va_sample,2,327.301,
1211.1989,solve.va_sample,2,327.301,
1211.6992,solve.va_sample,2,327.301,
1212.1995,solve.va_sample,2,327.301,
1212.6997,solve.va_sample,2,327.301,
1213.2000,solve.va_sample,2,327.301,
1213.7003,solve.va_sample,2,327.301,
1214.2005,solve.va_sample,2,327.301,
1214.7008,solve.va_sample,2,327.301,
1215.2010,solve.va_sample,2,327.301,
1215.7012,solve.va_sample,2,327.301,
1216.2015,solve.va_sample,2,327.301,
1216.7017,solve.va_sample,2,327.301,
1217.2020,solve.va_sample,2,327.301,
1217.7022,solve.va_sample,2,327.301,
1218.2024,solve.va_sample,2,327.301,
1218.7027,solve.va_sample,2,327.301,
1219.2029,solve.va_sample,2,327.301,
1219.7031,solve.va_sample,2,327.301,
1220.2034,solve.va_sample,2,327.301,
1220.7036,solve.va_sample,2,327.301,
1221.2038,solve.va_sample,2,327.301,
1221.7041,solve.va_sample,2,327.301,
1222.2043,solve.va_sample,2,327.301,
1222.7045,solve.va_sample,2,327.301,
1223.2048,solve.va_sample,2,327.301,
1223.7050,solve.va_sample,2,327.301,
1224.2053,solve.va_sample,2,327.301,
1224.7056,solve.va_sample,2,327.301,
1225.2058,solve.va_sample,2,327.301,
1225.7061,solve.va_sample,2,327.301,
1226.2063,solve.va_sample,2,327.301,
1226.7066,solve.va_sample,2,327.301,
1227.2068,solve.va_sample,2,327.301,
1227.7070,solve.va_sample,2,327.301,
1228.2073,solve.va_sample,2,327.301,
1228.7075,solve.va_sample,2,327.301,
1229.2078,solve.va_sample,2,327.301,
1229.7080,solve.va_sample,2,327.301,
1230.2082,solve.va_sample,2,327.301,
1230.7085,solve.va_sample,2,327.301,
1231.2087,solve.va_sample,2,327.301,
1231.7089,solve.va_sample,2,327.301,
1232.2092,solve.va_sample,2,327.301,
1232.7094,solve.va_sample,2,327.301,
1233.2096,solve.va_sample,2,327.301,
1233.7099,solve.va_sample,2,327.301,
1234.2102,solve.va_sample,2,327.301,
1234.7104,solve.va_sample,2,327.301,
1235.2106,solve.va_sample,2,327.301,
1235.7109,solve.va_sample,2,327.301,
1236.2111,solve.va_sample,2,327.301,
1236.7113,solve.va_sample,2,327.301,
1237.2116,solve.va_sample,2,327.301,
1237.7118,solve.va_sample,2,327.301,
1238.2120,solve.va_sample,2,327.301,
1238.7123,solve.va_sample,2,327.301,
1239.2125,solve.va_sample,2,327.301,
1239.7128,solve.va_sample,2,327.301,
1240.2130,solve.va_sample,2,327.301,
1240.7133,solve.va_sample,2,327.301,
1241.2135,solve.va_sample,2,327.301,
1241.7137,solve.va_sample,2,327.301,
1242.2140,solve.va_sample,2,327.301,
1242.7142,solve.va_sample,2,327.301,
1243.2145,solve.va_sample,2,327.301,
1243.7148,solve.va_sample,2,327.301,
1244.2150,solve.va_sample,2,327.301,
1244.7152,solve.va_sample,2,327.301,
1245.2155,solve.va_sample,2,327.301,
1245.7157,solve.va_sample,2,327.301,
1246.2159,solve.va_sample,2,327.301,
1246.7162,solve.va_sample,2,327.301,
1247.2164,solve.va_sample,2,327.301,
1247.7166,solve.va_sample,2,327.301,
1248.2169,solve.va_sample,2,327.301,
1248.7171,solve.va_sample,2,327.301,
1249.2173,solve.va_sample,2,327.301,
1249.7176,solve.va_sample,2,327.301,
1250.2178,solve.va_sample,2,327.301,
1250.7180,solve.va_sample,2,327.301,
1251.2183,solve.va_sample,2,327.301,
1251.7185,solve.va_sample,2,327.301,
1252.2188,solve.va_sample,2,327.301,
1252.7190,solve.va_sample,2,327.301,
1253.2193,solve.va_sample,2,327.301,
1253.7195,solve.va_sample,2,327.301,
1254.2198,solve.va_sample,2,327.301,
1254.7201,solve.va_sample,2,327.301,
1255.2203,solve.va_sample,2,327.301,
1255.7205,solve.va_sample,2,327.301,
1256.2208,solve.va_sample,2,327.301,
1256.7210,solve.va_sample,2,327.301,
1257.2213,solve.va_sample,2,327.301,
1257.7215,solve.va_sample,2,327.301,
1258.2217,solve.va_sample,2,327.301,
1258.7220,solve.va_sample,2,327.301,
1259.2223,solve.va_sample,2,327.301,
1259.7225,solve.va_sample,2,327.301,
1260.2228,solve.va_sample,2,327.301,
1260.7230,solve.va_sample,2,327.301,
1261.2233,solve.va_sample,2,327.301,
1261.7235,solve.va_sample,2,327.301,
1262.2238,solve.va_sample,2,327.301,
1262.7240,solve.va_sample,2,327.301,
1263.2243,solve.va_sample,2,327.301,
1263.7246,solve.va_sample,2,327.301,
1264.2248,solve.va_sample,2,327.301,
1264.7250,solve.va_sample,2,327.301,
1265.2253,solve.va_sample,2,327.301,
1265.7256,solve.va_sample,2,327.301,
1266.2258,solve.va_sample,2,327.301,
1266.7260,solve.va_sample,2,327.301,
1267.2263,solve.va_sample,2,327.301,
1267.7265,solve.va_sample,2,327.301,
1268.2268,solve.va_sample,2,327.301,
1268.7271,solve.va_sample,2,327.301,
1269.2273,solve.va_sample,2,327.301,
1269.7276,solve.va_sample,2,327.301,
1270.2279,solve.va_sample,2,327.301,
1270.7281,solve.va_sample,2,327.301,
1271.2283,solve.va_sample,2,327.301,
1271.7286,solve.va_sample,2,327.301,
1272.2288,solve.va_sample,2,327.301,
1272.7291,solve.va_sample,2,327.301,
1273.2293,solve.va_sample,2,327.301,
1273.7296,solve.va_sample,2,327.301,
1274.2298,solve.va_sample,2,327.301,
1274.7301,solve.va_sample,2,327.301,
1275.2303,solve.va_sample,2,327.301,
1275.7306,solve.va_sample,2,327.301,
1276.2308,solve.va_sample,2,327.301,
1276.7310,solve.va_sample,2,327.301,
1277.2313,solve.va_sample,2,327.301,
1277.7315,solve.va_sample,2,327.301,
1278.2318,solve.va_sample,2,327.301,
1278.7320,solve.va_sample,2,327.301,
1279.2323,solve.va_sample,2,327.301,
1279.7325,solve.va_sample,2,327.301,
1280.2327,solve.va_sample,2,327.301,
1280.7330,solve.va_sample,2,327.301,
1281.2332,solve.va_sample,2,327.301,
1281.7335,solve.va_sample,2,327.301,
1282.2337,solve.va_sample,2,327.301,
1282.7339,solve.va_sample,2,327.301,
1283.2342,solve.va_sample,2,327.301,
1283.7345,solve.va_sample,2,327.301,
1284.2347,solve.va_sample,2,327.301,
1284.7350,solve.va_sample,2,327.301,
1285.2353,solve.va_sample,2,327.301,
1285.7355,solve.va_sample,2,327.301,
1286.2358,solve.va_sample,2,327.301,
1286.7360,solve.va_sample,2,327.301,
1287.2363,solve.va_sample,2,327.301,
1287.7365,solve.va_sample,2,327.301,
1288.2368,solve.va_sample,2,327.301,
1288.7370,solve.va_sample,2,327.301,
1289.2372,solve.va_sample,2,327.301,
1289.7375,solve.va_sample,2,327.301,
1290.2377,solve.va_sample,2,327.301,
1290.7380,solve.va_sample,2,327.301,
1291.2382,solve.va_sample,2,327.301,
1291.7385,solve.va_sample,2,327.301,
1292.2387,solve.va_sample,2,327.301,
1292.7390,solve.va_sample,2,327.301,
1293.2392,solve.va_sample,2,327.301,
1293.7395,solve.va_sample,2,327.301,
1294.2398,solve.va_sample,2,327.301,
1294.7400,solve.va_sample,2,327.301,
1295.2403,solve.va_sample,2,327.559,
1295.7405,solve.va_sample,2,327.559,
1296.2408,solve.va_sample,2,327.559,
1296.7410,solve.va_sample,2,327.559,
1297.2413,solve.va_sample,2,327.559,
1297.7415,solve.va_sample,2,327.559,
1298.2418,solve.va_sample,2,327.559,
1298.7420,solve.va_sample,2,327.559,
1299.2423,solve.va_sample,2,327.559,
1299.7425,solve.va_sample,2,327.559,
1300.2427,solve.va_sample,2,327.559,
1300.7430,solve.va_sample,2,327.559,
1301.2432,solve.va_sample,2,327.559,
1301.7434,solve.va_sample,2,327.559,
1302.2437,solve.va_sample,2,327.559,
1302.7439,solve.va_sample,2,327.559,
1303.2441,solve.va_sample,2,327.559,
1303.7444,solve.va_sample,2,327.559,
1304.2447,solve.va_sample,2,327.559,
1304.7449,solve.va_sample,2,327.559,
1305.2451,solve.va_sample,2,327.559,
1305.7454,solve.va_sample,2,327.559,
1306.2456,solve.va_sample,2,327.559,
1306.7458,solve.va_sample,2,327.559,
1307.2461,solve.va_sample,2,327.559,
1307.7463,solve.va_sample,2,327.559,
1308.2466,solve.va_sample,2,327.559,
1308.7468,solve.va_sample,2,327.559,
1309.2471,solve.va_sample,2,327.559,
1309.7473,solve.va_sample,2,327.559,
1310.2475,solve.va_sample,2,327.559,
1310.7478,solve.va_sample,2,327.559,
1311.2480,solve.va_sample,2,327.559,
1311.7483,solve.va_sample,2,327.559,
1312.2485,solve.va_sample,2,327.559,
1312.7488,solve.va_sample,2,327.559,
1313.2490,solve.va_sample,2,327.559,
1313.7493,solve.va_sample,2,327.559,
1314.2496,solve.va_sample,2,327.559,
1314.7498,solve.va_sample,2,327.559,
1315.2500,solve.va_sample,2,327.559,
1315.7503,solve.va_sample,2,327.559,
1316.2505,solve.va_sample,2,327.559,
1316.7508,solve.va_sample,2,327.559,
1317.2510,solve.va_sample,2,327.559,
1317.7512,solve.va_sample,2,327.559,
1318.2515,solve.va_sample,2,327.559,
1318.7518,solve.va_sample,2,327.559,
1319.2520,solve.va_sample,2,327.559,
1319.7522,solve.va_sample,2,327.559,
1320.2525,solve.va_sample,2,327.559,
1320.7527,solve.va_sample,2,327.559,
1321.2530,solve.va_sample,2,327.559,
1321.7532,solve.va_sample,2,327.559,
1322.2534,solve.va_sample,2,327.559,
1322.7537,solve.va_sample,2,327.559,
1323.2539,solve.va_sample,2,327.559,
1323.7542,solve.va_sample,2,327.559,
1324.2544,solve.va_sample,2,327.559,
1324.7547,solve.va_sample,2,327.559,
1325.2549,solve.va_sample,2,327.559,
1325.7552,solve.va_sample,2,327.559,
1326.2555,solve.va_sample,2,327.559,
1326.7557,solve.va_sample,2,327.559,
1327.2559,solve.va_sample,2,327.559,
1327.7562,solve.va_sample,2,327.559,
1328.2564,solve.va_sample,2,327.559,
1328.7566,solve.va_sample,2,327.559,
1329.2569,solve.va_sample,2,327.559,
1329.7571,solve.va_sample,2,327.559,
1330.2574,solve.va_sample,2,327.559,
1330.7577,solve.va_sample,2,327.559,
1331.2579,solve.va_sample,2,327.559,
1331.7582,solve.va_sample,2,327.559,
1332.2584,solve.va_sample,2,327.559,
1332.7587,solve.va_sample,2,327.559,
1333.2589,solve.va_sample,2,327.559,
1333.7592,solve.va_sample,2,327.559,
1334.2594,solve.va_sample,2,327.559,
1334.7597,solve.va_sample,2,327.559,
1335.2599,solve.va_sample,2,327.559,
1335.7602,solve.va_sample,2,327.559,
1336.2604,solve.va_sample,2,327.559,
1336.7607,solve.va_sample,2,327.559,
1337.2609,solve.va_sample,2,327.559,
1337.7611,solve.va_sample,2,327.559,
1338.2614,solve.va_sample,2,327.559,
1338.7616,solve.va_sample,2,327.559,
1339.2619,solve.va_sample,2,327.559,
1339.7622,solve.va_sample,2,327.559,
1340.2624,solve.va_sample,2,327.559,
1340.7626,solve.va_sample,2,327.559,
1341.2629,solve.va_sample,2,327.559,
1341.7631,solve.va_sample,2,327.559,
1342.2633,solve.va_sample,2,327.559,
1342.7636,solve.va_sample,2,327.559,
1343.2638,solve.va_sample,2,327.559,
1343.7641,solve.va_sample,2,327.559,
1344.2643,solve.va_sample,2,327.559,
1344.7646,solve.va_sample,2,327.559,
1345.2648,solve.va_sample,2,327.559,
1345.7651,solve.va_sample,2,327.559,
1346.2653,solve.va_sample,2,327.559,
1346.7655,solve.va_sample,2,327.559,
1347.2658,solve.va_sample,2,327.559,
1347.7660,solve.va_sample,2,327.559,
1348.2663,solve.va_sample,2,327.559,
1348.7665,solve.va_sample,2,327.559,
1349.2668,solve.va_sample,2,327.559,
1349.7670,solve.va_sample,2,327.559,
1350.2673,solve.va_sample,2,327.559,
1350.7676,solve.va_sample,2,327.559,
1351.2678,solve.va_sample,2,327.559,
1351.7680,solve.va_sample,2,327.559,
1352.2683,solve.va_sample,2,327.559,
1352.7685,solve.va_sample,2,327.559,
1353.2688,solve.va_sample,2,327.559,
1353.7691,solve.va_sample,2,327.559,
1354.2693,solve.va_sample,2,327.559,
1354.7696,solve.va_sample,2,327.559,
1355.2698,solve.va_sample,2,327.559,
1355.7700,solve.va_sample,2,327.559,
1356.2703,solve.va_sample,2,327.559,
1356.7705,solve.va_sample,2,327.559,
1357.2708,solve.va_sample,2,327.559,
1357.7710,solve.va_sample,2,327.559,
1358.2712,solve.va_sample,2,327.559,
1358.7715,solve.va_sample,2,327.559,
1359.2717,solve.va_sample,2,327.559,
1359.7719,solve.va_sample,2,327.559,
1360.2722,solve.va_sample,2,327.559,
1360.7724,solve.va_sample,2,327.559,
1361.2726,solve.va_sample,2,327.559,
1361.7729,solve.va_sample,2,327.559,
1362.2731,solve.va_sample,2,327.559,
1362.7733,solve.va_sample,2,327.559,
1363.2736,solve.va_sample,2,327.559,
1363.7738,solve.va_sample,2,327.559,
1364.2741,solve.va_sample,2,327.559,
1364.7743,solve.va_sample,2,327.559,
1365.2746,solve.va_sample,2,327.559,
1365.7749,solve.va_sample,2,327.559,
1366.2751,solve.va_sample,2,327.559,
1366.7753,solve.va_sample,2,327.559,
1367.2756,solve.va_sample,2,327.559,
1367.7758,solve.va_sample,2,327.559,
1368.2761,solve.va_sample,2,327.559,
1368.7763,solve.va_sample,2,327.559,
1369.2766,solve.va_sample,2,327.559,
1369.7768,solve.va_sample,2,327.559,
1370.2770,solve.va_sample,2,327.559,
1370.7773,solve.va_sample,2,327.559,
1371.2775,solve.va_sample,2,327.559,
1371.7777,solve.va_sample,2,327.559,
1372.2780,solve.va_sample,2,327.559,
1372.7782,solve.va_sample,2,327.559,
1373.2785,solve.va_sample,2,327.559,
1373.7787,solve.va_sample,2,327.559,
1374.2790,solve.va_sample,2,327.559,
1374.7792,solve.va_sample,2,327.559,
1375.2795,solve.va_sample,2,327.559,
1375.7797,solve.va_sample,2,327.559,
1376.2799,solve.va_sample,2,327.559,
1376.7802,solve.va_sample,2,327.559,
1377.2804,solve.va_sample,2,327.559,
1377.7806,solve.va_sample,2,327.559,
1378.2809,solve.va_sample,2,327.559,
1378.7812,solve.va_sample,2,327.559,
1379.2814,solve.va_sample,2,327.559,
1379.7817,solve.va_sample,2,327.559,
1380.2820,solve.va_sample,2,327.559,
1380.7822,solve.va_sample,2,327.559,
1381.2825,solve.va_sample,2,327.559,
1381.7827,solve.va_sample,2,327.559,
1382.2830,solve.va_sample,2,327.559,
1382.7833,solve.va_sample,2,327.559,
1383.2836,solve.va_sample,2,327.559,
1383.7839,solve.va_sample,2,327.559,
1384.2841,solve.va_sample,2,327.559,
1384.7844,solve.va_sample,2,327.559,
1385.2846,solve.va_sample,2,327.559,
1385.7848,solve.va_sample,2,327.559,
1386.2851,solve.va_sample,2,327.559,
1386.7853,solve.va_sample,2,327.559,
1387.2856,solve.va_sample,2,327.559,
1387.7858,solve.va_sample,2,327.559,
1388.2861,solve.va_sample,2,327.559,
1388.7863,solve.va_sample,2,327.559,
1389.2866,solve.va_sample,2,327.559,
1389.7868,solve.va_sample,2,327.559,
1390.2871,solve.va_sample,2,327.559,
1390.7873,solve.va_sample,2,327.559,
1391.2876,solve.va_sample,2,327.559,
1391.7878,solve.va_sample,2,327.559,
1392.2881,solve.va_sample,2,327.559,
1392.7883,solve.va_sample,2,327.559,
1393.2886,solve.va_sample,2,327.559,
1393.7889,solve.va_sample,2,327.559,
1394.2892,solve.va_sample,2,327.559,
1394.7894,solve.va_sample,2,327.559,
1395.2896,solve.va_sample,2,327.559,
1395.7899,solve.va_sample,2,327.559,
1396.2902,solve.va_sample,2,327.559,
1396.7904,solve.va_sample,2,327.559,
1397.2907,solve.va_sample,2,327.559,
1397.7909,solve.va_sample,2,327.559,
1398.2912,solve.va_sample,2,327.559,
1398.7914,solve.va_sample,2,327.559,
1399.2917,solve.va_sample,2,327.559,
1399.7919,solve.va_sample,2,327.559,
1400.2922,solve.va_sample,2,327.559,
1400.7924,solve.va_sample,2,327.559,
1401.2926,solve.va_sample,2,327.559,
1401.7929,solve.va_sample,2,327.559,
1402.2931,solve.va_sample,2,327.559,
1402.7934,solve.va_sample,2,327.559,
1403.2936,solve.va_sample,2,327.559,
1403.7939,solve.va_sample,2,327.559,
1404.2942,solve.va_sample,2,327.559,
1404.7945,solve.va_sample,2,327.559,
1405.2947,solve.va_sample,2,327.559,
1405.7950,solve.va_sample,2,327.559,
1406.2952,solve.va_sample,2,327.559,
1406.7955,solve.va_sample,2,327.559,
1407.2957,solve.va_sample,2,327.559,
1407.7960,solve.va_sample,2,327.559,
1408.2962,solve.va_sample,2,327.559,
1408.7964,solve.va_sample,2,327.559,
1409.2967,solve.va_sample,2,327.559,
1409.7969,solve.va_sample,2,327.559,
1410.2972,solve.va_sample,2,327.559,
1410.7974,solve.va_sample,2,327.559,
1411.2977,solve.va_sample,2,327.559,
1411.7979,solve.va_sample,2,327.559,
1412.2982,solve.va_sample,2,327.559,
1412.7984,solve.va_sample,2,327.559,
1413.2987,solve.va_sample,2,327.559,
1413.7990,solve.va_sample,2,327.559,
1414.2992,solve.va_sample,2,327.559,
1414.7995,solve.va_sample,2,327.559,
1415.2997,solve.va_sample,2,327.559,
1415.7999,solve.va_sample,2,327.559,
1416.3002,solve.va_sample,2,327.559,
1416.8004,solve.va_sample,2,327.559,
1417.3007,solve.va_sample,2,327.559,
1417.8009,solve.va_sample,2,327.559,
1418.3012,solve.va_sample,2,327.559,
1418.8014,solve.va_sample,2,327.559,
1419.3016,solve.va_sample,2,327.559,
1419.8019,solve.va_sample,2,327.559,
1420.3021,solve.va_sample,2,327.559,
1420.8023,solve.va_sample,2,327.559,
1421.3026,solve.va_sample,2,327.559,
1421.8028,solve.va_sample,2,327.559,
1422.3030,solve.va_sample,2,327.559,
1422.8033,solve.va_sample,2,327.559,
1423.3035,solve.va_sample,2,327.559,
1423.8038,solve.va_sample,2,327.559,
1424.3040,solve.va_sample,2,327.559,
1424.8043,solve.va_sample,2,327.559,
1425.3045,solve.va_sample,2,327.559,
1425.8048,solve.va_sample,2,327.559,
1426.3050,solve.va_sample,2,327.559,
1426.8053,solve.va_sample,2,327.559,
1427.3055,solve.va_sample,2,327.559,
1427.8057,solve.va_sample,2,327.559,
1428.3060,solve.va_sample,2,327.559,
1428.8062,solve.va_sample,2,327.559,
1429.3065,solve.va_sample,2,327.559,
1429.8067,solve.va_sample,2,327.559,
1430.3069,solve.va_sample,2,327.559,
1430.8072,solve.va_sample,2,327.559,
1431.3074,solve.va_sample,2,327.559,
1431.8077,solve.va_sample,2,327.559,
1432.3079,solve.va_sample,2,327.559,
1432.8082,solve.va_sample,2,327.559,
1433.3084,solve.va_sample,2,327.559,
1433.8087,solve.va_sample,2,327.559,
1434.3089,solve.va_sample,2,327.559,
1434.8092,solve.va_sample,2,327.559,
1435.3094,solve.va_sample,2,327.559,
1435.8096,solve.va_sample,2,327.559,
1436.3099,solve.va_sample,2,327.559,
1436.8101,solve.va_sample,2,327.559,
1437.3104,solve.va_sample,2,327.559,
1437.8106,solve.va_sample,2,327.559,
1438.3109,solve.va_sample,2,327.559,
1438.8111,solve.va_sample,2,327.559,
1439.3113,solve.va_sample,2,327.559,
1439.8116,solve.va_sample,2,327.559,
1440.3119,solve.va_sample,2,327.559,
1440.8121,solve.va_sample,2,327.559,
1441.3123,solve.va_sample,2,327.559,
1441.8126,solve.va_sample,2,327.559,
1442.3128,solve.va_sample,2,327.559,
1442.8131,solve.va_sample,2,327.559,
1443.3133,solve.va_sample,2,327.559,
1443.8136,solve.va_sample,2,327.559,
1444.3138,solve.va_sample,2,327.559,
1444.8141,solve.va_sample,2,327.559,
1445.3143,solve.va_sample,2,327.559,
1445.8145,solve.va_sample,2,327.559,
1446.3148,solve.va_sample,2,327.559,
1446.8150,solve.va_sample,2,327.559,
1447.3153,solve.va_sample,2,327.559,
1447.8155,solve.va_sample,2,327.559,
1448.3157,solve.va_sample,2,327.559,
1448.8160,solve.va_sample,2,327.559,
1449.3162,solve.va_sample,2,327.559,
1449.8164,solve.va_sample,2,327.559,
1450.3167,solve.va_sample,2,327.559,
1450.8170,solve.va_sample,2,327.559,
1451.3172,solve.va_sample,2,327.559,
1451.8175,solve.va_sample,2,327.559,
1452.3177,solve.va_sample,2,327.559,
1452.8179,solve.va_sample,2,327.559,
1453.3182,solve.va_sample,2,327.559,
1453.8185,solve.va_sample,2,327.559,
1454.3187,solve.va_sample,2,327.559,
1454.8190,solve.va_sample,2,327.559,
1455.3192,solve.va_sample,2,327.559,
1455.8194,solve.va_sample,2,327.559,
1456.3197,solve.va_sample,2,327.559,
1456.8199,solve.va_sample,2,327.559,
1457.3202,solve.va_sample,2,327.559,
1457.8204,solve.va_sample,2,327.559,
1458.3206,solve.va_sample,2,327.559,
1458.8209,solve.va_sample,2,327.559,
1459.3211,solve.va_sample,2,327.559,
1459.8214,solve.va_sample,2,327.559,
1460.3216,solve.va_sample,2,327.559,
1460.8218,solve.va_sample,2,327.559,
1461.3221,solve.va_sample,2,327.559,
1461.8223,solve.va_sample,2,327.559,
1462.3225,solve.va_sample,2,327.559,
1462.8228,solve.va_sample,2,327.559,
1463.3230,solve.va_sample,2,327.559,
1463.8233,solve.va_sample,2,327.559,
1464.3235,solve.va_sample,2,327.559,
1464.8238,solve.va_sample,2,327.559,
1465.3240,solve.va_sample,2,327.559,
1465.8243,solve.va_sample,2,327.559,
1466.3245,solve.va_sample,2,327.559,
1466.8248,solve.va_sample,2,327.559,
1467.3250,solve.va_sample,2,327.559,
1467.8253,solve.va_sample,2,327.559,
1468.3255,solve.va_sample,2,327.559,
1468.8257,solve.va_sample,2,327.559,
1469.3260,solve.va_sample,2,327.559,
1469.8262,solve.va_sample,2,327.559,
1470.3265,solve.va_sample,2,327.559,
1470.8267,solve.va_sample,2,327.559,
1471.3269,solve.va_sample,2,327.559,
1471.8272,solve.va_sample,2,327.559,
1472.3274,solve.va_sample,2,327.559,
1472.8277,solve.va_sample,2,327.559,
1473.3279,solve.va_sample,2,327.559,
1473.8282,solve.va_sample,2,327.559,
1474.3285,solve.va_sample,2,327.559,
1474.8287,solve.va_sample,2,327.559,
1475.3289,solve.va_sample,2,327.559,
1475.8292,solve.va_sample,2,327.559,
1476.3294,solve.va_sample,2,327.559,
1476.8297,solve.va_sample,2,327.559,
1477.3299,solve.va_sample,2,327.559,
1477.8301,solve.va_sample,2,327.559,
1478.3304,solve.va_sample,2,327.559,
1478.8306,solve.va_sample,2,327.559,
1479.3308,solve.va_sample,2,327.559,
1479.8310,solve.va_sample,2,327.559,
1480.3313,solve.va_sample,2,327.559,
1480.8315,solve.va_sample,2,327.559,
1481.3318,solve.va_sample,2,327.559,
1481.8320,solve.va_sample,2,327.559,
1482.3323,solve.va_sample,2,327.559,
1482.8325,solve.va_sample,2,327.559,
1483.3328,solve.va_sample,2,327.559,
1483.8330,solve.va_sample,2,327.559,
1484.3333,solve.va_sample,2,327.559,
1484.8335,solve.va_sample,2,327.559,
1485.3338,solve.va_sample,2,327.559,
1485.8340,solve.va_sample,2,327.559,
1486.3343,solve.va_sample,2,327.559,
1486.8345,solve.va_sample,2,327.559,
1487.3347,solve.va_sample,2,327.559,
1487.8350,solve.va_sample,2,327.559,
1488.3352,solve.va_sample,2,327.559,
1488.8354,solve.va_sample,2,327.559,
1489.3357,solve.va_sample,2,327.559,
1489.8359,solve.va_sample,2,327.559,
1490.3362,solve.va_sample,2,327.559,
1490.8364,solve.va_sample,2,327.559,
1491.3366,solve.va_sample,2,327.559,
1491.8368,solve.va_sample,2,327.559,
1492.3371,solve.va_sample,2,327.559,
1492.8373,solve.va_sample,2,327.559,
1493.3375,solve.va_sample,2,327.559,
1493.8378,solve.va_sample,2,327.559,
1494.3380,solve.va_sample,2,327.559,
1494.8383,solve.va_sample,2,327.559,
1495.3385,solve.va_sample,2,327.559,
1495.8388,solve.va_sample,2,327.559,
1496.3390,solve.va_sample,2,327.559,
1496.8393,solve.va_sample,2,327.559,
1497.3395,solve.va_sample,2,327.559,
1497.8398,solve.va_sample,2,327.559,
1498.3400,solve.va_sample,2,327.559,
1498.8403,solve.va_sample,2,327.559,
1499.3405,solve.va_sample,2,327.559,
1499.8408,solve.va_sample,2,327.559,
1500.3410,solve.va_sample,2,327.559,
1500.8413,solve.va_sample,2,327.559,
1501.3415,solve.va_sample,2,327.559,
1501.8418,solve.va_sample,2,327.559,
1502.3420,solve.va_sample,2,327.559,
1502.8423,solve.va_sample,2,327.559,
1503.3425,solve.va_sample,2,327.559,
1503.8428,solve.va_sample,2,327.559,
1504.3430,solve.va_sample,2,327.559,
1504.8433,solve.va_sample,2,327.559,
1505.3435,solve.va_sample,2,327.559,
1505.8437,solve.va_sample,2,327.559,
1506.3440,solve.va_sample,2,327.559,
1506.8442,solve.va_sample,2,327.559,
1507.3444,solve.va_sample,2,327.559,
1507.8447,solve.va_sample,2,327.559,
1508.3449,solve.va_sample,2,327.559,
1508.8452,solve.va_sample,2,327.559,
1509.3454,solve.va_sample,2,327.559,
1509.8457,solve.va_sample,2,327.559,
1510.3459,solve.va_sample,2,327.559,
1510.8462,solve.va_sample,2,327.559,
1511.3465,solve.va_sample,2,327.559,
1511.8467,solve.va_sample,2,327.559,
1512.3470,solve.va_sample,2,327.559,
1512.8472,solve.va_sample,2,327.559,
1513.3475,solve.va_sample,2,327.559,
1513.8478,solve.va_sample,2,327.559,
1514.3480,solve.va_sample,2,327.559,
1514.8482,solve.va_sample,2,327.559,
1515.3485,solve.va_sample,2,327.559,
1515.8487,solve.va_sample,2,327.559,
1516.3490,solve.va_sample,2,327.559,
1516.8492,solve.va_sample,2,327.559,
1517.3495,solve.va_sample,2,327.559,
1517.8497,solve.va_sample,2,327.559,
1518.3499,solve.va_sample,2,327.559,
1518.8502,solve.va_sample,2,327.559,
1519.3504,solve.va_sample,2,327.559,
1519.8506,solve.va_sample,2,327.559,
1520.3509,solve.va_sample,2,327.559,
1520.8511,solve.va_sample,2,327.559,
1521.3513,solve.va_sample,2,327.559,
1521.8516,solve.va_sample,2,327.559,
1522.3518,solve.va_sample,2,327.559,
1522.8520,solve.va_sample,2,327.559,
1523.3523,solve.va_sample,2,327.559,
1523.8525,solve.va_sample,2,327.559,
1524.3528,solve.va_sample,2,327.559,
1524.8531,solve.va_sample,2,327.559,
1525.3533,solve.va_sample,2,327.559,
1525.8536,solve.va_sample,2,327.559,
1526.3538,solve.va_sample,2,327.559,
1526.8541,solve.va_sample,2,327.559,
1527.3543,solve.va_sample,2,327.559,
1527.8545,solve.va_sample,2,327.559,
1528.3548,solve.va_sample,2,327.559,
1528.8550,solve.va_sample,2,327.559,
1529.3553,solve.va_sample,2,327.559,
1529.8555,solve.va_sample,2,327.559,
1530.3557,solve.va_sample,2,327.559,
1530.8560,solve.va_sample,2,327.559,
1531.3562,solve.va_sample,2,327.559,
1531.8565,solve.va_sample,2,327.559,
1532.3567,solve.va_sample,2,327.559,
1532.8569,solve.va_sample,2,327.559,
1533.3572,solve.va_sample,2,327.559,
1533.8575,solve.va_sample,2,327.559,
1534.3577,solve.va_sample,2,327.559,
1534.8580,solve.va_sample,2,327.559,
1535.3582,solve.va_sample,2,327.559,
1535.8584,solve.va_sample,2,327.559,
1536.3587,solve.va_sample,2,327.559,
1536.8589,solve.va_sample,2,327.559,
1537.3591,solve.va_sample,2,327.559,
1537.8594,solve.va_sample,2,327.559,
1538.3596,solve.va_sample,2,327.559,
1538.8599,solve.va_sample,2,327.559,
1539.3601,solve.va_sample,2,327.559,
1539.8604,solve.va_sample,2,327.559,
1540.3606,solve.va_sample,2,327.559,
1540.8608,solve.va_sample,2,327.559,
1541.3610,solve.va_sample,2,327.559,
1541.8613,solve.va_sample,2,327.559,
1542.3615,solve.va_sample,2,327.559,
1542.8618,solve.va_sample,2,327.559,
1543.3620,solve.va_sample,2,327.559,
1543.8623,solve.va_sample,2,327.559,
1544.3625,solve.va_sample,2,327.559,
1544.8627,solve.va_sample,2,327.559,
1545.3630,solve.va_sample,2,327.559,
1545.8632,solve.va_sample,2,327.559,
1546.3635,solve.va_sample,2,327.559,
1546.8637,solve.va_sample,2,327.559,
1547.3639,solve.va_sample,2,327.559,
1547.8642,solve.va_sample,2,327.559,
1548.3644,solve.va_sample,2,327.559,
1548.8646,solve.va_sample,2,327.559,
1549.3648,solve.va_sample,2,327.559,
1549.8651,solve.va_sample,2,327.559,
1550.3653,solve.va_sample,2,327.559,
1550.8655,solve.va_sample,2,327.559,
1551.3658,solve.va_sample,2,327.559,
1551.8660,solve.va_sample,2,327.559,
1552.3662,solve.va_sample,2,327.559,
1552.8665,solve.va_sample,2,327.559,
1553.3668,solve.va_sample,2,327.559,
1553.8670,solve.va_sample,2,327.559,
1554.3673,solve.va_sample,2,327.559,
1554.8675,solve.va_sample,2,327.559,
1555.3678,solve.va_sample,2,327.559,
1555.8680,solve.va_sample,2,327.559,
1556.3682,solve.va_sample,2,327.559,
1556.8685,solve.va_sample,2,327.559,
1557.3687,solve.va_sample,2,327.559,
1557.8689,solve.va_sample,2,327.559,
1558.3692,solve.va_sample,2,327.559,
1558.8695,solve.va_sample,2,327.559,
1559.3697,solve.va_sample,2,327.559,
1559.8700,solve.va_sample,2,327.559,
1560.3702,solve.va_sample,2,327.559,
1560.8705,solve.va_sample,2,327.559,
1561.3707,solve.va_sample,2,327.559,
1561.8709,solve.va_sample,2,327.559,
1562.3712,solve.va_sample,2,327.559,
1562.8714,solve.va_sample,2,327.559,
1563.3716,solve.va_sample,2,327.559,
1563.8719,solve.va_sample,2,327.559,
1564.3722,solve.va_sample,2,327.559,
1564.8724,solve.va_sample,2,327.559,
1565.3727,solve.va_sample,2,327.559,
1565.8729,solve.va_sample,2,327.559,
1566.3731,solve.va_sample,2,327.559,
1566.8734,solve.va_sample,2,327.559,
1567.3736,solve.va_sample,2,327.559,
1567.8739,solve.va_sample,2,327.559,
1568.3741,solve.va_sample,2,327.559,
1568.8744,solve.va_sample,2,327.559,
1569.3746,solve.va_sample,2,327.559,
1569.8749,solve.va_sample,2,327.559,
1570.3751,solve.va_sample,2,327.559,
1570.8753,solve.va_sample,2,327.559,
1571.3756,solve.va_sample,2,327.559,
1571.8759,solve.va_sample,2,327.559,
1572.3761,solve.va_sample,2,327.559,
1572.8763,solve.va_sample,2,327.559,
1573.3766,solve.va_sample,2,327.559,
1573.8768,solve.va_sample,2,327.559,
1574.3771,solve.va_sample,2,327.559,
1574.8773,solve.va_sample,2,327.559,
1575.3776,solve.va_sample,2,327.559,
1575.8778,solve.va_sample,2,327.559,
1576.3780,solve.va_sample,2,327.559,
1576.8783,solve.va_sample,2,327.559,
1577.3786,solve.va_sample,2,327.559,
1577.8788,solve.va_sample,2,327.559,
1578.3791,solve.va_sample,2,327.559,
1578.8793,solve.va_sample,2,327.559,
1579.3795,solve.va_sample,2,327.559,
1579.8798,solve.va_sample,2,327.559,
1580.3800,solve.va_sample,2,327.559,
1580.8803,solve.va_sample,2,327.559,
1581.3806,solve.va_sample,2,327.559,
1581.8808,solve.va_sample,2,327.559,
1582.3810,solve.va_sample,2,327.559,
1582.8813,solve.va_sample,2,327.559,
1583.3815,solve.va_sample,2,327.559,
1583.8818,solve.va_sample,2,327.559,
1584.3820,solve.va_sample,2,327.559,
1584.8823,solve.va_sample,2,327.559,
1585.3825,solve.va_sample,2,327.559,
1585.8828,solve.va_sample,2,327.559,
1586.3830,solve.va_sample,2,327.559,
1586.8832,solve.va_sample,2,327.559,
1587.3835,solve.va_sample,2,327.559,
1587.8837,solve.va_sample,2,327.559,
1588.3839,solve.va_sample,2,327.559,
1588.8842,solve.va_sample,2,327.559,
1589.3844,solve.va_sample,2,327.559,
1589.8847,solve.va_sample,2,327.559,
1590.3849,solve.va_sample,2,327.559,
1590.8851,solve.va_sample,2,327.559,
1591.3854,solve.va_sample,2,327.559,
1591.8856,solve.va_sample,2,327.559,
1592.3858,solve.va_sample,2,327.559,
1592.8860,solve.va_sample,2,327.559,
1593.3863,solve.va_sample,2,327.559,
1593.8865,solve.va_sample,2,327.559,
1594.3868,solve.va_sample,2,327.559,
1594.8870,solve.va_sample,2,327.559,
1595.3873,solve.va_sample,2,327.559,
1595.9085,solve.va_sample,2,334.004,
1596.4368,solve.va_sample,2,339.160,
1596.9665,solve.va_sample,2,344.316,
1597.4865,solve.va_sample,2,349.215,
1597.9144,solve.va_sample,2,353.340,
1597.9173,solve.sample_eval,2,353.340,
1598.0121,solve.sample_eval,2,353.340,
1598.5377,solve.sample_eval,2,361.848,
1599.0633,solve.sample_eval,2,376.801,
1599.5990,solve.sample_eval,2,387.629,
1600.1246,solve.sample_eval,2,398.973,
1600.6603,solve.sample_eval,2,422.949,
1601.1960,solve.sample_eval,2,427.848,
1601.7216,solve.sample_eval,2,439.449,
1602.2477,solve.sample_eval,2,450.277,
1602.7733,solve.sample_eval,2,461.363,
1603.2989,solve.sample_eval,2,471.934,
1603.8305,solve.sample_eval,2,483.277,
1604.3667,solve.sample_eval,2,493.848,
1604.8737,solve.sample_eval,2,526.074,
1604.8738,solve.sample_eval,2,526.074,
1604.8754,solve,1,526.074,
1605.3961,(unmarked),0,535.375,
1605.6813,(unmarked),0,507.727,
