t_seconds,phase,depth,rss_mb,batch_id
0.0004,data_load,1,103.281,
0.0581,data_load,1,109.625,
0.0585,batch_build,1,109.625,
0.0890,batch_build,1,110.371,
0.0937,preflight,1,110.371,
0.5175,preflight.pyqubo_express,2,129.891,
0.5176,preflight.pyqubo_express,2,129.891,
0.5973,preflight.pyqubo_express,2,130.406,
0.5975,preflight.pyqubo_compile,2,130.406,
0.6436,preflight.pyqubo_compile,2,187.789,
0.6510,preflight.to_qubo,2,187.789,
0.6990,preflight.to_qubo,2,198.016,
0.7358,preflight,1,194.688,
0.8276,solve,1,195.406,
1.0431,solve,1,195.406,
1.2731,solve.pyqubo_express,2,196.438,
1.3589,solve.pyqubo_express,2,196.695,
1.3591,solve.pyqubo_compile,2,196.695,
1.4084,solve.pyqubo_compile,2,254.340,
1.4171,solve.to_qubo,2,254.340,
1.4656,solve.to_qubo,2,261.816,
1.4675,solve,1,261.816,
1.4698,solve,1,261.816,
1.4725,solve.va_model_build,2,261.816,
2.2314,solve.va_model_build,2,262.590,
2.2427,solve.va_model_build,2,325.754,
2.2429,solve.va_sample,2,325.754,
2.7317,solve.va_sample,2,326.270,
3.2320,solve.va_sample,2,326.270,
3.7322,solve.va_sample,2,326.270,
4.2325,solve.va_sample,2,326.270,
4.7327,solve.va_sample,2,326.270,
5.2330,solve.va_sample,2,326.270,
5.7332,solve.va_sample,2,326.270,
6.2335,solve.va_sample,2,326.270,
6.7337,solve.va_sample,2,326.270,
7.2340,solve.va_sample,2,326.270,
7.7342,solve.va_sample,2,326.270,
8.2344,solve.va_sample,2,326.270,
8.7347,solve.va_sample,2,326.270,
9.2349,solve.va_sample,2,326.270,
9.7352,solve.va_sample,2,326.270,
10.2354,solve.va_sample,2,326.270,
10.7356,solve.va_sample,2,326.270,
11.2359,solve.va_sample,2,326.270,
11.7361,solve.va_sample,2,326.270,
12.2364,solve.va_sample,2,326.270,
12.7366,solve.va_sample,2,326.270,
13.2368,solve.va_sample,2,326.270,
13.7371,solve.va_sample,2,326.270,
14.2373,solve.va_sample,2,326.270,
14.7375,solve.va_sample,2,326.270,
15.2378,solve.va_sample,2,326.270,
15.7381,solve.va_sample,2,326.270,
16.2383,solve.va_sample,2,326.270,
16.7386,solve.va_sample,2,326.270,
17.2388,solve.va_sample,2,326.270,
17.7391,solve.va_sample,2,326.270,
18.2393,solve.va_sample,2,326.270,
18.7396,solve.va_sample,2,326.270,
19.2398,solve.va_sample,2,326.270,
19.7400,solve.va_sample,2,326.270,
20.2403,solve.va_sample,2,326.270,
20.7405,solve.va_sample,2,326.270,
21.2408,solve.va_sample,2,326.270,
21.7410,solve.va_sample,2,326.270,
22.2412,solve.va_sample,2,326.270,
22.7415,solve.va_sample,2,326.270,
23.2417,solve.va_sample,2,326.270,
23.7420,solve.va_sample,2,326.270,
24.2422,solve.va_sample,2,326.270,
24.7424,solve.va_sample,2,326.270,
25.2427,solve.va_sample,2,326.270,
25.7430,solve.va_sample,2,326.270,
26.2432,solve.va_sample,2,326.270,
26.7435,solve.va_sample,2,326.270,
27.2437,solve.va_sample,2,326.270,
27.7439,solve.va_sample,2,326.270,
28.2442,solve.va_sample,2,326.270,
28.7445,solve.va_sample,2,326.270,
29.2447,solve.va_sample,2,326.270,
29.7449,solve.va_sample,2,326.270,
30.2452,solve.va_sample,2,326.270,
30.7455,solve.va_sample,2,326.270,
31.2457,solve.va_sample,2,326.270,
31.7460,solve.va_sample,2,326.270,
32.2462,solve.va_sample,2,326.270,
32.7465,solve.va_sample,2,326.270,
33.2467,solve.va_sample,2,326.270,
33.7469,solve.va_sample,2,326.270,
34.2472,solve.va_sample,2,326.270,
34.7474,solve.va_sample,2,326.270,
35.2477,solve.va_sample,2,326.270,
35.7480,solve.va_sample,2,326.270,
36.2482,solve.va_sample,2,326.270,
36.7485,solve.va_sample,2,326.270,
37.2487,solve.va_sample,2,326.270,
37.7490,solve.va_sample,2,326.270,
38.2492,solve.va_sample,2,326.270,
38.7494,solve.va_sample,2,326.270,
39.2497,solve.va_sample,2,326.270,
39.7499,solve.va_sample,2,326.270,
40.2501,solve.va_sample,2,326.270,
40.7504,solve.va_sample,2,326.270,
41.2506,solve.va_sample,2,326.270,
41.7508,solve.va_sample,2,326.270,
42.2511,solve.va_sample,2,326.270,
42.7513,solve.va_sample,2,326.270,
43.2516,solve.va_sample,2,326.270,
43.7518,solve.va_sample,2,326.270,
44.2521,solve.va_sample,2,326.270,
44.7523,solve.va_sample,2,326.270,
45.2526,solve.va_sample,2,326.270,
45.7528,solve.va_sample,2,326.270,
46.2531,solve.va_sample,2,326.270,
46.7533,solve.va_sample,2,326.270,
47.2536,solve.va_sample,2,326.270,
47.7538,solve.va_sample,2,326.270,
48.2540,solve.va_sample,2,326.270,
48.7543,solve.va_sample,2,326.270,
49.2545,solve.va_sample,2,326.270,
49.7548,solve.va_sample,2,326.270,
50.2550,solve.va_sample,2,326.270,
50.7553,solve.va_sample,2,326.270,
51.2555,solve.va_sample,2,326.270,
51.7557,solve.va_sample,2,326.270,
52.2560,solve.va_sample,2,326.270,
52.7562,solve.va_sample,2,326.270,
53.2565,solve.va_sample,2,326.270,
53.7567,solve.va_sample,2,326.270,
54.2569,solve.va_sample,2,326.270,
54.7572,solve.va_sample,2,326.270,
55.2574,solve.va_sample,2,326.270,
55.7577,solve.va_sample,2,326.270,
56.2579,solve.va_sample,2,326.270,
56.7582,solve.va_sample,2,326.270,
57.2584,solve.va_sample,2,326.270,
57.7587,solve.va_sample,2,326.270,
58.2589,solve.va_sample,2,326.270,
58.7591,solve.va_sample,2,326.270,
59.2594,solve.va_sample,2,326.270,
59.7596,solve.va_sample,2,326.270,
60.2599,solve.va_sample,2,326.270,
60.7601,solve.va_sample,2,326.270,
61.2603,solve.va_sample,2,326.270,
61.7606,solve.va_sample,2,326.270,
62.2608,solve.va_sample,2,326.270,
62.7610,solve.va_sample,2,326.270,
63.2613,solve.va_sample,2,326.270,
63.7615,solve.va_sample,2,326.270,
64.2617,solve.va_sample,2,326.270,
64.7620,solve.va_sample,2,326.270,
65.2623,solve.va_sample,2,326.270,
65.7625,solve.va_sample,2,326.270,
66.2628,solve.va_sample,2,326.270,
66.7630,solve.va_sample,2,326.270,
67.2632,solve.va_sample,2,326.270,
67.7635,solve.va_sample,2,326.270,
68.2637,solve.va_sample,2,326.270,
68.7640,solve.va_sample,2,326.270,
69.2642,solve.va_sample,2,326.270,
69.7644,solve.va_sample,2,326.270,
70.2647,solve.va_sample,2,326.270,
70.7649,solve.va_sample,2,326.270,
71.2652,solve.va_sample,2,326.270,
71.7654,solve.va_sample,2,326.270,
72.2656,solve.va_sample,2,326.270,
72.7659,solve.va_sample,2,326.270,
73.2661,solve.va_sample,2,326.270,
73.7663,solve.va_sample,2,326.270,
74.2666,solve.va_sample,2,326.270,
74.7669,solve.va_sample,2,326.270,
75.2671,solve.va_sample,2,326.270,
75.7674,solve.va_sample,2,326.270,
76.2676,solve.va_sample,2,326.270,
76.7679,solve.va_sample,2,326.270,
77.2681,solve.va_sample,2,326.270,
77.7684,solve.va_sample,2,326.270,
78.2686,solve.va_sample,2,326.270,
78.7688,solve.va_sample,2,326.270,
79.2691,solve.va_sample,2,326.270,
79.7693,solve.va_sample,2,326.270,
80.2696,solve.va_sample,2,326.270,
80.7698,solve.va_sample,2,326.270,
81.2701,solve.va_sample,2,326.270,
81.7703,solve.va_sample,2,326.270,
82.2706,solve.va_sample,2,326.270,
82.7708,solve.va_sample,2,326.270,
83.2710,solve.va_sample,2,326.270,
83.7713,solve.va_sample,2,326.270,
84.2715,solve.va_sample,2,326.270,
84.7717,solve.va_sample,2,326.270,
85.2720,solve.va_sample,2,326.270,
85.7723,solve.va_sample,2,326.270,
86.2725,solve.va_sample,2,326.270,
86.7728,solve.va_sample,2,326.270,
87.2730,solve.va_sample,2,326.270,
87.7732,solve.va_sample,2,326.270,
88.2735,solve.va_sample,2,326.270,
88.7737,solve.va_sample,2,326.270,
89.2740,solve.va_sample,2,326.270,
89.7742,solve.va_sample,2,326.270,
90.2745,solve.va_sample,2,326.270,
90.7748,solve.va_sample,2,326.270,
91.2750,solve.va_sample,2,326.270,
91.7753,solve.va_sample,2,326.270,
92.2755,solve.va_sample,2,326.270,
92.7757,solve.va_sample,2,326.270,
93.2760,solve.va_sample,2,326.270,
93.7762,solve.va_sample,2,326.270,
94.2765,solve.va_sample,2,326.270,
94.7767,solve.va_sample,2,326.270,
95.2770,solve.va_sample,2,326.270,
95.7772,solve.va_sample,2,326.270,
96.2775,solve.va_sample,2,326.270,
96.7777,solve.va_sample,2,326.270,
97.2780,solve.va_sample,2,326.270,
97.7782,solve.va_sample,2,326.270,
98.2784,solve.va_sample,2,326.270,
98.7787,solve.va_sample,2,326.270,
99.2789,solve.va_sample,2,326.270,
99.7792,solve.va_sample,2,326.270,
100.2794,solve.va_sample,2,326.270,
100.7797,solve.va_sample,2,326.270,
101.2799,solve.va_sample,2,326.270,
101.7801,solve.va_sample,2,326.270,
102.2804,solve.va_sample,2,326.270,
102.7807,solve.va_sample,2,326.270,
103.2809,solve.va_sample,2,326.270,
103.7812,solve.va_sample,2,326.270,
104.2814,solve.va_sample,2,326.270,
104.7816,solve.va_sample,2,326.270,
105.2819,solve.va_sample,2,326.270,
105.7822,solve.va_sample,2,326.270,
106.2824,solve.va_sample,2,326.270,
106.7827,solve.va_sample,2,326.270,
107.2829,solve.va_sample,2,326.270,
107.7831,solve.va_sample,2,326.270,
108.2834,solve.va_sample,2,326.270,
108.7836,solve.va_sample,2,326.270,
109.2839,solve.va_sample,2,326.270,
109.7841,solve.va_sample,2,326.270,
110.2843,solve.va_sample,2,326.270,
110.7846,solve.va_sample,2,326.270,
111.2848,solve.va_sample,2,326.270,
111.7850,solve.va_sample,2,326.270,
112.2853,solve.va_sample,2,326.270,
112.7855,solve.va_sample,2,326.270,
113.2857,solve.va_sample,2,326.270,
113.7860,solve.va_sample,2,326.270,
114.2862,solve.va_sample,2,326.270,
114.7864,solve.va_sample,2,326.270,
115.2867,solve.va_sample,2,326.270,
115.7870,solve.va_sample,2,326.270,
116.2872,solve.va_sample,2,326.270,
116.7875,solve.va_sample,2,326.270,
117.2877,solve.va_sample,2,326.270,
117.7880,solve.va_sample,2,326.270,
118.2882,solve.va_sample,2,326.270,
118.7885,solve.va_sample,2,326.270,
119.2887,solve.va_sample,2,326.270,
119.7889,solve.va_sample,2,326.270,
120.2892,solve.va_sample,2,326.270,
120.7894,solve.va_sample,2,326.270,
121.2897,solve.va_sample,2,326.270,
121.7899,solve.va_sample,2,326.270,
122.2901,solve.va_sample,2,326.270,
122.7904,solve.va_sample,2,326.270,
123.2906,solve.va_sample,2,326.270,
123.7908,solve.va_sample,2,326.270,
124.2911,solve.va_sample,2,326.270,
124.7913,solve.va_sample,2,326.270,
125.2916,solve.va_sample,2,326.270,
125.7919,solve.va_sample,2,326.270,
126.2921,solve.va_sample,2,326.270,
126.7923,solve.va_sample,2,326.270,
127.2926,solve.va_sample,2,326.270,
127.7928,solve.va_sample,2,326.270,
128.2930,solve.va_sample,2,326.270,
128.7933,solve.va_sample,2,326.270,
129.2935,solve.va_sample,2,326.270,
129.7937,solve.va_sample,2,326.270,
130.2940,solve.va_sample,2,326.270,
130.7942,solve.va_sample,2,326.270,
131.2945,solve.va_sample,2,326.270,
131.7947,solve.va_sample,2,326.270,
132.2950,solve.va_sample,2,326.270,
132.7952,solve.va_sample,2,326.270,
133.2955,solve.va_sample,2,326.270,
133.7957,solve.va_sample,2,326.270,
134.2959,solve.va_sample,2,326.270,
134.7962,solve.va_sample,2,326.270,
135.2964,solve.va_sample,2,326.270,
135.7967,solve.va_sample,2,326.270,
136.2969,solve.va_sample,2,326.270,
136.7972,solve.va_sample,2,326.270,
137.2974,solve.va_sample,2,326.270,
137.7977,solve.va_sample,2,326.270,
138.2979,solve.va_sample,2,326.270,
138.7982,solve.va_sample,2,326.270,
139.2984,solve.va_sample,2,326.270,
139.7987,solve.va_sample,2,326.270,
140.2990,solve.va_sample,2,326.270,
140.7992,solve.va_sample,2,326.270,
141.2994,solve.va_sample,2,326.270,
141.7997,solve.va_sample,2,326.270,
142.2999,solve.va_sample,2,326.270,
142.8002,solve.va_sample,2,326.270,
143.3004,solve.va_sample,2,326.270,
143.8006,solve.va_sample,2,326.270,
144.3009,solve.va_sample,2,326.270,
144.8011,solve.va_sample,2,326.270,
145.3014,solve.va_sample,2,326.270,
145.8016,solve.va_sample,2,326.270,
146.3019,solve.va_sample,2,326.270,
146.8021,solve.va_sample,2,326.270,
147.3023,solve.va_sample,2,326.270,
147.8026,solve.va_sample,2,326.270,
148.3028,solve.va_sample,2,326.270,
148.8031,solve.va_sample,2,326.270,
149.3033,solve.va_sample,2,326.270,
149.8035,solve.va_sample,2,326.270,
150.3037,solve.va_sample,2,326.270,
150.8040,solve.va_sample,2,326.270,
151.3043,solve.va_sample,2,326.270,
151.8045,solve.va_sample,2,326.270,
152.3048,solve.va_sample,2,326.270,
152.8050,solve.va_sample,2,326.270,
153.3052,solve.va_sample,2,326.270,
153.8054,solve.va_sample,2,326.270,
154.3057,solve.va_sample,2,326.270,
154.8059,solve.va_sample,2,326.270,
155.3061,solve.va_sample,2,326.270,
155.8064,solve.va_sample,2,326.270,
156.3066,solve.va_sample,2,326.270,
156.8069,solve.va_sample,2,326.270,
157.3072,solve.va_sample,2,326.270,
157.8074,solve.va_sample,2,326.270,
158.3076,solve.va_sample,2,326.270,
158.8079,solve.va_sample,2,326.270,
159.3081,solve.va_sample,2,326.270,
159.8084,solve.va_sample,2,326.270,
160.3087,solve.va_sample,2,326.270,
160.8089,solve.va_sample,2,326.270,
161.3092,solve.va_sample,2,326.270,
161.8094,solve.va_sample,2,326.270,
162.3097,solve.va_sample,2,326.270,
162.8099,solve.va_sample,2,326.270,
163.3101,solve.va_sample,2,326.270,
163.8104,solve.va_sample,2,326.270,
164.3106,solve.va_sample,2,326.270,
164.8109,solve.va_sample,2,326.270,
165.3111,solve.va_sample,2,326.270,
165.8114,solve.va_sample,2,326.270,
166.3116,solve.va_sample,2,326.270,
166.8119,solve.va_sample,2,326.270,
167.3121,solve.va_sample,2,326.270,
167.8123,solve.va_sample,2,326.270,
168.3126,solve.va_sample,2,326.270,
168.8129,solve.va_sample,2,326.270,
169.3131,solve.va_sample,2,326.270,
169.8134,solve.va_sample,2,326.270,
170.3136,solve.va_sample,2,326.270,
170.8138,solve.va_sample,2,326.270,
171.3141,solve.va_sample,2,326.270,
171.8143,solve.va_sample,2,326.270,
172.3146,solve.va_sample,2,326.270,
172.8148,solve.va_sample,2,326.270,
173.3150,solve.va_sample,2,326.270,
173.8153,solve.va_sample,2,326.270,
174.3155,solve.va_sample,2,326.270,
174.8158,solve.va_sample,2,326.270,
175.3160,solve.va_sample,2,326.270,
175.8162,solve.va_sample,2,326.270,
176.3165,solve.va_sample,2,326.270,
176.8167,solve.va_sample,2,326.270,
177.3169,solve.va_sample,2,326.270,
177.8172,solve.va_sample,2,326.270,
178.3174,solve.va_sample,2,326.270,
178.8176,solve.va_sample,2,326.270,
179.3178,solve.va_sample,2,326.270,
179.8181,solve.va_sample,2,326.270,
180.3183,solve.va_sample,2,326.270,
180.8186,solve.va_sample,2,326.270,
181.3188,solve.va_sample,2,326.270,
181.8190,solve.va_sample,2,326.270,
182.3192,solve.va_sample,2,326.270,
182.8195,solve.va_sample,2,326.270,
183.3197,solve.va_sample,2,326.270,
183.8199,solve.va_sample,2,326.270,
184.3201,solve.va_sample,2,326.270,
184.8204,solve.va_sample,2,326.270,
185.3206,solve.va_sample,2,326.270,
185.8209,solve.va_sample,2,326.270,
186.3211,solve.va_sample,2,326.270,
186.8213,solve.va_sample,2,326.270,
187.3215,solve.va_sample,2,326.270,
187.8218,solve.va_sample,2,326.270,
188.3220,solve.va_sample,2,326.270,
188.8223,solve.va_sample,2,326.270,
189.3225,solve.va_sample,2,326.270,
189.8227,solve.va_sample,2,326.270,
190.3230,solve.va_sample,2,326.270,
190.8232,solve.va_sample,2,326.270,
191.3234,solve.va_sample,2,326.270,
191.8237,solve.va_sample,2,326.270,
192.3239,solve.va_sample,2,326.270,
192.8241,solve.va_sample,2,326.270,
193.3243,solve.va_sample,2,326.270,
193.8246,solve.va_sample,2,326.270,
194.3248,solve.va_sample,2,326.270,
194.8250,solve.va_sample,2,326.270,
195.3253,solve.va_sample,2,326.270,
195.8255,solve.va_sample,2,326.270,
196.3257,solve.va_sample,2,326.270,
196.8260,solve.va_sample,2,326.270,
197.3262,solve.va_sample,2,326.270,
197.8264,solve.va_sample,2,326.270,
198.3266,solve.va_sample,2,326.270,
198.8269,solve.va_sample,2,326.270,
199.3271,solve.va_sample,2,326.270,
199.8273,solve.va_sample,2,326.270,
200.3276,solve.va_sample,2,326.270,
200.8279,solve.va_sample,2,326.270,
201.3281,solve.va_sample,2,326.270,
201.8284,solve.va_sample,2,326.270,
202.3286,solve.va_sample,2,326.270,
202.8289,solve.va_sample,2,326.270,
203.3291,solve.va_sample,2,326.270,
203.8293,solve.va_sample,2,326.270,
204.3296,solve.va_sample,2,326.270,
204.8298,solve.va_sample,2,326.270,
205.3300,solve.va_sample,2,326.270,
205.8303,solve.va_sample,2,326.270,
206.3305,solve.va_sample,2,326.270,
206.8308,solve.va_sample,2,326.270,
207.3310,solve.va_sample,2,326.270,
207.8313,solve.va_sample,2,326.270,
208.3315,solve.va_sample,2,326.270,
208.8317,solve.va_sample,2,326.270,
209.3320,solve.va_sample,2,326.270,
209.8322,solve.va_sample,2,326.270,
210.3325,solve.va_sample,2,326.270,
210.8328,solve.va_sample,2,326.270,
211.3330,solve.va_sample,2,326.270,
211.8333,solve.va_sample,2,326.270,
212.3335,solve.va_sample,2,326.270,
212.8338,solve.va_sample,2,326.270,
213.3340,solve.va_sample,2,326.270,
213.8342,solve.va_sample,2,326.270,
214.3345,solve.va_sample,2,326.270,
214.8347,solve.va_sample,2,326.270,
215.3350,solve.va_sample,2,326.270,
215.8352,solve.va_sample,2,326.270,
216.3355,solve.va_sample,2,326.270,
216.8357,solve.va_sample,2,326.270,
217.3360,solve.va_sample,2,326.270,
217.8362,solve.va_sample,2,326.270,
218.3365,solve.va_sample,2,326.270,
218.8367,solve.va_sample,2,326.270,
219.3369,solve.va_sample,2,326.270,
219.8372,solve.va_sample,2,326.270,
220.3375,solve.va_sample,2,326.270,
220.8377,solve.va_sample,2,326.270,
221.3380,solve.va_sample,2,326.270,
221.8382,solve.va_sample,2,326.270,
222.3384,solve.va_sample,2,326.270,
222.8387,solve.va_sample,2,326.270,
223.3389,solve.va_sample,2,326.270,
223.8392,solve.va_sample,2,326.270,
224.3394,solve.va_sample,2,326.270,
224.8397,solve.va_sample,2,326.270,
225.3399,solve.va_sample,2,326.270,
225.8402,solve.va_sample,2,326.270,
226.3405,solve.va_sample,2,326.270,
226.8408,solve.va_sample,2,326.270,
227.3410,solve.va_sample,2,326.270,
227.8412,solve.va_sample,2,326.270,
228.3415,solve.va_sample,2,326.270,
228.8417,solve.va_sample,2,326.270,
229.3419,solve.va_sample,2,326.270,
229.8422,solve.va_sample,2,326.270,
230.3425,solve.va_sample,2,326.270,
230.8427,solve.va_sample,2,326.270,
231.3430,solve.va_sample,2,326.270,
231.8432,solve.va_sample,2,326.270,
232.3435,solve.va_sample,2,326.270,
232.8437,solve.va_sample,2,326.270,
233.3440,solve.va_sample,2,326.270,
233.8442,solve.va_sample,2,326.270,
234.3445,solve.va_sample,2,326.270,
234.8447,solve.va_sample,2,326.270,
235.3449,solve.va_sample,2,326.270,
235.8452,solve.va_sample,2,326.270,
236.3454,solve.va_sample,2,326.270,
236.8456,solve.va_sample,2,326.270,
237.3459,solve.va_sample,2,326.270,
237.8461,solve.va_sample,2,326.270,
238.3463,solve.va_sample,2,326.270,
238.8466,solve.va_sample,2,326.270,
239.3468,solve.va_sample,2,326.270,
239.8470,solve.va_sample,2,326.270,
240.3473,solve.va_sample,2,326.270,
240.8475,solve.va_sample,2,326.270,
241.3478,solve.va_sample,2,326.270,
241.8480,solve.va_sample,2,326.270,
242.3483,solve.va_sample,2,326.270,
242.8485,solve.va_sample,2,326.270,
243.3488,solve.va_sample,2,326.270,
243.8490,solve.va_sample,2,326.270,
244.3493,solve.va_sample,2,326.270,
244.8495,solve.va_sample,2,326.270,
245.3498,solve.va_sample,2,326.270,
245.8500,solve.va_sample,2,326.270,
246.3503,solve.va_sample,2,326.270,
246.8505,solve.va_sample,2,326.270,
247.3508,solve.va_sample,2,326.270,
247.8510,solve.va_sample,2,326.270,
248.3513,solve.va_sample,2,326.270,
248.8515,solve.va_sample,2,326.270,
249.3518,solve.va_sample,2,326.270,
249.8520,solve.va_sample,2,326.523,
250.3523,solve.va_sample,2,326.523,
250.8525,solve.va_sample,2,326.523,
251.3528,solve.va_sample,2,326.523,
251.8530,solve.va_sample,2,326.523,
252.3532,solve.va_sample,2,326.523,
252.8535,solve.va_sample,2,326.523,
253.3537,solve.va_sample,2,326.523,
253.8540,solve.va_sample,2,326.523,
254.3542,solve.va_sample,2,326.523,
254.8545,solve.va_sample,2,326.523,
255.3548,solve.va_sample,2,326.523,
255.8550,solve.va_sample,2,326.523,
256.3553,solve.va_sample,2,326.523,
256.8555,solve.va_sample,2,326.523,
257.3557,solve.va_sample,2,326.523,
257.8560,solve.va_sample,2,326.523,
258.3562,solve.va_sample,2,326.523,
258.8565,solve.va_sample,2,326.523,
259.3568,solve.va_sample,2,326.523,
259.8571,solve.va_sample,2,326.523,
260.3574,solve.va_sample,2,326.523,
260.8577,solve.va_sample,2,326.523,
261.3579,solve.va_sample,2,326.523,
261.8582,solve.va_sample,2,326.523,
262.3584,solve.va_sample,2,326.523,
262.8587,solve.va_sample,2,326.523,
263.3589,solve.va_sample,2,326.523,
263.8592,solve.va_sample,2,326.523,
264.3594,solve.va_sample,2,326.523,
264.8597,solve.va_sample,2,326.523,
265.3599,solve.va_sample,2,326.523,
265.8601,solve.va_sample,2,326.523,
266.3604,solve.va_sample,2,326.523,
266.8606,solve.va_sample,2,326.523,
267.3609,solve.va_sample,2,326.523,
267.8611,solve.va_sample,2,326.523,
268.3614,solve.va_sample,2,326.523,
268.8616,solve.va_sample,2,326.523,
269.3618,solve.va_sample,2,326.523,
269.8621,solve.va_sample,2,326.523,
270.3623,solve.va_sample,2,326.523,
270.8626,solve.va_sample,2,326.523,
271.3628,solve.va_sample,2,326.523,
271.8631,solve.va_sample,2,326.523,
272.3633,solve.va_sample,2,326.523,
272.8636,solve.va_sample,2,326.523,
273.3638,solve.va_sample,2,326.523,
273.8640,solve.va_sample,2,326.523,
274.3643,solve.va_sample,2,326.523,
274.8645,solve.va_sample,2,326.523,
275.3648,solve.va_sample,2,326.523,
275.8651,solve.va_sample,2,326.523,
276.3653,solve.va_sample,2,326.523,
276.8656,solve.va_sample,2,326.523,
277.3658,solve.va_sample,2,326.523,
277.8661,solve.va_sample,2,326.523,
278.3663,solve.va_sample,2,326.523,
278.8666,solve.va_sample,2,326.523,
279.3669,solve.va_sample,2,326.523,
279.8671,solve.va_sample,2,326.523,
280.3674,solve.va_sample,2,326.523,
280.8676,solve.va_sample,2,326.523,
281.3679,solve.va_sample,2,326.523,
281.8682,solve.va_sample,2,326.523,
282.3684,solve.va_sample,2,326.523,
282.8687,solve.va_sample,2,326.523,
283.3689,solve.va_sample,2,326.523,
283.8692,solve.va_sample,2,326.523,
284.3695,solve.va_sample,2,326.523,
284.8697,solve.va_sample,2,326.523,
285.3699,solve.va_sample,2,326.523,
285.8702,solve.va_sample,2,326.523,
286.3705,solve.va_sample,2,326.523,
286.8708,solve.va_sample,2,326.523,
287.3710,solve.va_sample,2,326.523,
287.8713,solve.va_sample,2,326.523,
288.3715,solve.va_sample,2,326.523,
288.8718,solve.va_sample,2,326.523,
289.3720,solve.va_sample,2,326.523,
289.8723,solve.va_sample,2,326.523,
290.3725,solve.va_sample,2,326.523,
290.8727,solve.va_sample,2,326.523,
291.3730,solve.va_sample,2,326.523,
291.8732,solve.va_sample,2,326.523,
292.3735,solve.va_sample,2,326.523,
292.8737,solve.va_sample,2,326.523,
293.3740,solve.va_sample,2,326.523,
293.8742,solve.va_sample,2,326.523,
294.3745,solve.va_sample,2,326.523,
294.8747,solve.va_sample,2,326.523,
295.3750,solve.va_sample,2,326.523,
295.8752,solve.va_sample,2,326.523,
296.3754,solve.va_sample,2,326.523,
296.8757,solve.va_sample,2,326.523,
297.3759,solve.va_sample,2,326.523,
297.8762,solve.va_sample,2,326.523,
298.3764,solve.va_sample,2,326.523,
298.8766,solve.va_sample,2,326.523,
299.3769,solve.va_sample,2,326.523,
299.8772,solve.va_sample,2,326.523,
300.3774,solve.va_sample,2,326.523,
300.8777,solve.va_sample,2,326.523,
301.3780,solve.va_sample,2,326.523,
301.8782,solve.va_sample,2,326.523,
302.3785,solve.va_sample,2,326.523,
302.8787,solve.va_sample,2,326.523,
303.3790,solve.va_sample,2,326.523,
303.8792,solve.va_sample,2,326.523,
304.3795,solve.va_sample,2,326.523,
304.8797,solve.va_sample,2,326.523,
305.3799,solve.va_sample,2,326.523,
305.8802,solve.va_sample,2,326.523,
306.3804,solve.va_sample,2,326.523,
306.8807,solve.va_sample,2,326.523,
307.3809,solve.va_sample,2,326.523,
307.8812,solve.va_sample,2,326.523,
308.3814,solve.va_sample,2,326.523,
308.8817,solve.va_sample,2,326.523,
309.3819,solve.va_sample,2,326.523,
309.8822,solve.va_sample,2,326.523,
310.3824,solve.va_sample,2,326.523,
310.8826,solve.va_sample,2,326.523,
311.3829,solve.va_sample,2,326.523,
311.8831,solve.va_sample,2,326.523,
312.3833,solve.va_sample,2,326.523,
312.8836,solve.va_sample,2,326.523,
313.3838,solve.va_sample,2,326.523,
313.8840,solve.va_sample,2,326.523,
314.3842,solve.va_sample,2,326.523,
314.8845,solve.va_sample,2,326.523,
315.3847,solve.va_sample,2,326.523,
315.8850,solve.va_sample,2,326.523,
316.3852,solve.va_sample,2,326.523,
316.8854,solve.va_sample,2,326.523,
317.3857,solve.va_sample,2,326.523,
317.8859,solve.va_sample,2,326.523,
318.3861,solve.va_sample,2,326.523,
318.8864,solve.va_sample,2,326.523,
319.3866,solve.va_sample,2,326.523,
319.8868,solve.va_sample,2,326.523,
320.3871,solve.va_sample,2,326.523,
320.8873,solve.va_sample,2,326.523,
321.3876,solve.va_sample,2,326.523,
321.8878,solve.va_sample,2,326.523,
322.3881,solve.va_sample,2,326.523,
322.8884,solve.va_sample,2,326.523,
323.3886,solve.va_sample,2,326.523,
323.8889,solve.va_sample,2,326.523,
324.3891,solve.va_sample,2,326.523,
324.8894,solve.va_sample,2,326.523,
325.3896,solve.va_sample,2,326.523,
325.8899,solve.va_sample,2,326.523,
326.3901,solve.va_sample,2,326.523,
326.8904,solve.va_sample,2,326.523,
327.3906,solve.va_sample,2,326.523,
327.8909,solve.va_sample,2,326.523,
328.3911,solve.va_sample,2,326.523,
328.8914,solve.va_sample,2,326.523,
329.3916,solve.va_sample,2,326.523,
329.8919,solve.va_sample,2,326.523,
330.3921,solve.va_sample,2,326.523,
330.8924,solve.va_sample,2,326.523,
331.3927,solve.va_sample,2,326.523,
331.8929,solve.va_sample,2,326.523,
332.3931,solve.va_sample,2,326.523,
332.8934,solve.va_sample,2,326.523,
333.3936,solve.va_sample,2,326.523,
333.8939,solve.va_sample,2,326.523,
334.3941,solve.va_sample,2,326.523,
334.8944,solve.va_sample,2,326.523,
335.3947,solve.va_sample,2,326.523,
335.8949,solve.va_sample,2,326.523,
336.3951,solve.va_sample,2,326.523,
336.8954,solve.va_sample,2,326.523,
337.3956,solve.va_sample,2,326.523,
337.8959,solve.va_sample,2,326.523,
338.3961,solve.va_sample,2,326.523,
338.8963,solve.va_sample,2,326.523,
339.3966,solve.va_sample,2,326.523,
339.8968,solve.va_sample,2,326.523,
340.3971,solve.va_sample,2,326.523,
340.8973,solve.va_sample,2,326.523,
341.3975,solve.va_sample,2,326.523,
341.8978,solve.va_sample,2,326.523,
342.3980,solve.va_sample,2,326.523,
342.8983,solve.va_sample,2,326.523,
343.3985,solve.va_sample,2,326.523,
343.8989,solve.va_sample,2,326.523,
344.3991,solve.va_sample,2,326.523,
344.8994,solve.va_sample,2,326.523,
345.3996,solve.va_sample,2,326.523,
345.8998,solve.va_sample,2,326.523,
346.4000,solve.va_sample,2,326.523,
346.9003,solve.va_sample,2,326.523,
347.4005,solve.va_sample,2,326.523,
347.9007,solve.va_sample,2,326.523,
348.4009,solve.va_sample,2,326.523,
348.9012,solve.va_sample,2,326.523,
349.4014,solve.va_sample,2,326.523,
349.9016,solve.va_sample,2,326.523,
350.4019,solve.va_sample,2,326.523,
350.9021,solve.va_sample,2,326.523,
351.4023,solve.va_sample,2,326.523,
351.9026,solve.va_sample,2,326.523,
352.4028,solve.va_sample,2,326.523,
352.9030,solve.va_sample,2,326.523,
353.4032,solve.va_sample,2,326.523,
353.9035,solve.va_sample,2,326.523,
354.4037,solve.va_sample,2,326.523,
354.9039,solve.va_sample,2,326.523,
355.4041,solve.va_sample,2,326.523,
355.9044,solve.va_sample,2,326.523,
356.4046,solve.va_sample,2,326.523,
356.9048,solve.va_sample,2,326.523,
357.4051,solve.va_sample,2,326.523,
357.9053,solve.va_sample,2,326.523,
358.4056,solve.va_sample,2,326.523,
358.9058,solve.va_sample,2,326.523,
359.4060,solve.va_sample,2,326.523,
359.9063,solve.va_sample,2,326.523,
360.4065,solve.va_sample,2,326.523,
360.9067,solve.va_sample,2,326.523,
361.4069,solve.va_sample,2,326.523,
361.9072,solve.va_sample,2,326.523,
362.4074,solve.va_sample,2,326.523,
362.9076,solve.va_sample,2,326.523,
363.4079,solve.va_sample,2,326.523,
363.9081,solve.va_sample,2,326.523,
364.4083,solve.va_sample,2,326.523,
364.9085,solve.va_sample,2,326.523,
365.4088,solve.va_sample,2,326.523,
365.9090,solve.va_sample,2,326.523,
366.4092,solve.va_sample,2,326.523,
366.9095,solve.va_sample,2,326.523,
367.4097,solve.va_sample,2,326.523,
367.9099,solve.va_sample,2,326.523,
368.4101,solve.va_sample,2,326.523,
368.9104,solve.va_sample,2,326.523,
369.4106,solve.va_sample,2,326.523,
369.9109,solve.va_sample,2,326.523,
370.4111,solve.va_sample,2,326.523,
370.9113,solve.va_sample,2,326.523,
371.4116,solve.va_sample,2,326.523,
371.9118,solve.va_sample,2,326.523,
372.4121,solve.va_sample,2,326.523,
372.9123,solve.va_sample,2,326.523,
373.4125,solve.va_sample,2,326.523,
373.9127,solve.va_sample,2,326.523,
374.4130,solve.va_sample,2,326.523,
374.9132,solve.va_sample,2,326.523,
375.4134,solve.va_sample,2,326.523,
375.9136,solve.va_sample,2,326.523,
376.4139,solve.va_sample,2,326.523,
376.9141,solve.va_sample,2,326.523,
377.4143,solve.va_sample,2,326.523,
377.9146,solve.va_sample,2,326.523,
378.4148,solve.va_sample,2,326.523,
378.9150,solve.va_sample,2,326.523,
379.4152,solve.va_sample,2,326.523,
379.9155,solve.va_sample,2,326.523,
380.4157,solve.va_sample,2,326.523,
380.9160,solve.va_sample,2,326.523,
381.4162,solve.va_sample,2,326.523,
381.9164,solve.va_sample,2,326.523,
382.4167,solve.va_sample,2,326.523,
382.9169,solve.va_sample,2,326.523,
383.4171,solve.va_sample,2,326.523,
383.9174,solve.va_sample,2,326.523,
384.4176,solve.va_sample,2,326.523,
384.9178,solve.va_sample,2,326.523,
385.4181,solve.va_sample,2,326.523,
385.9183,solve.va_sample,2,326.523,
386.4185,solve.va_sample,2,326.523,
386.9188,solve.va_sample,2,326.523,
387.4190,solve.va_sample,2,326.523,
387.9192,solve.va_sample,2,326.523,
388.4195,solve.va_sample,2,326.523,
388.9197,solve.va_sample,2,326.523,
389.4199,solve.va_sample,2,326.523,
389.9202,solve.va_sample,2,326.523,
390.4204,solve.va_sample,2,326.523,
390.9207,solve.va_sample,2,326.523,
391.4209,solve.va_sample,2,326.523,
391.9211,solve.va_sample,2,326.523,
392.4214,solve.va_sample,2,326.523,
392.9216,solve.va_sample,2,326.523,
393.4219,solve.va_sample,2,326.523,
393.9221,solve.va_sample,2,326.523,
394.4223,solve.va_sample,2,326.523,
394.9226,solve.va_sample,2,326.523,
395.4228,solve.va_sample,2,326.523,
395.9230,solve.va_sample,2,326.523,
396.4233,solve.va_sample,2,326.523,
396.9235,solve.va_sample,2,326.523,
397.4237,solve.va_sample,2,326.523,
397.9240,solve.va_sample,2,326.523,
398.4242,solve.va_sample,2,326.523,
398.9244,solve.va_sample,2,326.523,
399.4247,solve.va_sample,2,326.523,
399.9249,solve.va_sample,2,326.523,
400.4251,solve.va_sample,2,326.523,
400.9254,solve.va_sample,2,326.523,
401.4256,solve.va_sample,2,326.523,
401.9258,solve.va_sample,2,326.523,
402.4261,solve.va_sample,2,326.523,
402.9263,solve.va_sample,2,326.523,
403.4266,solve.va_sample,2,326.523,
403.9268,solve.va_sample,2,326.523,
404.4270,solve.va_sample,2,326.523,
404.9272,solve.va_sample,2,326.523,
405.4275,solve.va_sample,2,326.523,
405.9277,solve.va_sample,2,326.523,
406.4279,solve.va_sample,2,326.523,
406.9282,solve.va_sample,2,326.523,
407.4284,solve.va_sample,2,326.523,
407.9286,solve.va_sample,2,326.523,
408.4289,solve.va_sample,2,326.523,
408.9291,solve.va_sample,2,326.523,
409.4293,solve.va_sample,2,326.523,
409.9295,solve.va_sample,2,326.523,
410.4298,solve.va_sample,2,326.523,
410.9300,solve.va_sample,2,326.523,
411.4302,solve.va_sample,2,326.523,
411.9305,solve.va_sample,2,326.523,
412.4307,solve.va_sample,2,326.523,
412.9309,solve.va_sample,2,326.523,
413.4311,solve.va_sample,2,326.523,
413.9314,solve.va_sample,2,326.523,
414.4316,solve.va_sample,2,326.523,
414.9318,solve.va_sample,2,326.523,
415.4321,solve.va_sample,2,326.523,
415.9323,solve.va_sample,2,326.523,
416.4326,solve.va_sample,2,326.523,
416.9328,solve.va_sample,2,326.523,
417.4330,solve.va_sample,2,326.523,
417.9333,solve.va_sample,2,326.523,
418.4335,solve.va_sample,2,326.523,
418.9337,solve.va_sample,2,326.523,
419.4340,solve.va_sample,2,326.523,
419.9342,solve.va_sample,2,326.523,
420.4345,solve.va_sample,2,326.523,
420.9347,solve.va_sample,2,326.523,
421.4349,solve.va_sample,2,326.523,
421.9352,solve.va_sample,2,326.523,
422.4354,solve.va_sample,2,326.523,
422.9356,solve.va_sample,2,326.523,
423.4359,solve.va_sample,2,326.523,
423.9361,solve.va_sample,2,326.523,
424.4364,solve.va_sample,2,326.523,
424.9366,solve.va_sample,2,326.523,
425.4368,solve.va_sample,2,326.523,
425.9371,solve.va_sample,2,326.523,
426.4373,solve.va_sample,2,326.523,
426.9375,solve.va_sample,2,326.523,
427.4378,solve.va_sample,2,326.523,
427.9380,solve.va_sample,2,326.523,
428.4382,solve.va_sample,2,326.523,
428.9385,solve.va_sample,2,326.523,
429.4387,solve.va_sample,2,326.523,
429.9390,solve.va_sample,2,326.523,
430.4392,solve.va_sample,2,326.523,
430.9395,solve.va_sample,2,326.523,
431.4397,solve.va_sample,2,326.523,
431.9399,solve.va_sample,2,326.523,
432.4402,solve.va_sample,2,326.523,
432.9404,solve.va_sample,2,326.523,
433.4406,solve.va_sample,2,326.523,
433.9409,solve.va_sample,2,326.523,
434.4411,solve.va_sample,2,326.523,
434.9414,solve.va_sample,2,326.523,
435.4416,solve.va_sample,2,326.523,
435.9418,solve.va_sample,2,326.523,
436.4420,solve.va_sample,2,326.523,
436.9423,solve.va_sample,2,326.523,
437.4425,solve.va_sample,2,326.523,
437.9427,solve.va_sample,2,326.523,
438.4430,solve.va_sample,2,326.523,
438.9432,solve.va_sample,2,326.523,
439.4434,solve.va_sample,2,326.523,
439.9437,solve.va_sample,2,326.523,
440.4440,solve.va_sample,2,326.523,
440.9442,solve.va_sample,2,326.523,
441.4445,solve.va_sample,2,326.523,
441.9447,solve.va_sample,2,326.523,
442.4450,solve.va_sample,2,326.523,
442.9452,solve.va_sample,2,326.523,
443.4454,solve.va_sample,2,326.523,
443.9457,solve.va_sample,2,326.523,
444.4459,solve.va_sample,2,326.523,
444.9462,solve.va_sample,2,326.523,
445.4464,solve.va_sample,2,326.523,
445.9467,solve.va_sample,2,326.523,
446.4469,solve.va_sample,2,326.523,
446.9471,solve.va_sample,2,326.523,
447.4474,solve.va_sample,2,326.523,
447.9476,solve.va_sample,2,326.523,
448.4478,solve.va_sample,2,326.523,
448.9481,solve.va_sample,2,326.523,
449.4483,solve.va_sample,2,326.523,
449.9486,solve.va_sample,2,326.523,
450.4488,solve.va_sample,2,326.523,
450.9490,solve.va_sample,2,326.523,
451.4493,solve.va_sample,2,326.523,
451.9495,solve.va_sample,2,326.523,
452.4497,solve.va_sample,2,326.523,
452.9500,solve.va_sample,2,326.523,
453.4502,solve.va_sample,2,326.523,
453.9504,solve.va_sample,2,326.523,
454.4507,solve.va_sample,2,326.523,
454.9509,solve.va_sample,2,326.523,
455.4511,solve.va_sample,2,326.523,
455.9514,solve.va_sample,2,326.523,
456.4516,solve.va_sample,2,326.523,
456.9519,solve.va_sample,2,326.523,
457.4521,solve.va_sample,2,326.523,
457.9523,solve.va_sample,2,326.523,
458.4526,solve.va_sample,2,326.523,
458.9529,solve.va_sample,2,326.523,
459.4531,solve.va_sample,2,326.523,
459.9534,solve.va_sample,2,326.523,
460.4536,solve.va_sample,2,326.523,
460.9539,solve.va_sample,2,326.523,
461.4541,solve.va_sample,2,326.523,
461.9544,solve.va_sample,2,326.523,
462.4547,solve.va_sample,2,326.523,
462.9549,solve.va_sample,2,326.523,
463.4552,solve.va_sample,2,326.523,
463.9554,solve.va_sample,2,326.523,
464.4557,solve.va_sample,2,326.523,
464.9559,solve.va_sample,2,326.523,
465.4562,solve.va_sample,2,326.523,
465.9565,solve.va_sample,2,326.523,
466.4567,solve.va_sample,2,326.523,
466.9570,solve.va_sample,2,326.523,
467.4572,solve.va_sample,2,326.523,
467.9575,solve.va_sample,2,326.523,
468.4577,solve.va_sample,2,326.523,
468.9580,solve.va_sample,2,326.523,
469.4583,solve.va_sample,2,326.523,
469.9585,solve.va_sample,2,326.523,
470.4588,solve.va_sample,2,326.523,
470.9590,solve.va_sample,2,326.523,
471.4593,solve.va_sample,2,326.523,
471.9596,solve.va_sample,2,326.523,
472.4598,solve.va_sample,2,326.523,
472.9601,solve.va_sample,2,326.523,
473.4603,solve.va_sample,2,326.523,
473.9605,solve.va_sample,2,326.523,
474.4608,solve.va_sample,2,326.523,
474.9610,solve.va_sample,2,326.523,
475.4612,solve.va_sample,2,326.523,
475.9615,solve.va_sample,2,326.523,
476.4617,solve.va_sample,2,326.523,
476.9619,solve.va_sample,2,326.523,
477.4622,solve.va_sample,2,326.523,
477.9624,solve.va_sample,2,326.523,
478.4627,solve.va_sample,2,326.523,
478.9629,solve.va_sample,2,326.523,
479.4632,solve.va_sample,2,326.523,
479.9634,solve.va_sample,2,326.523,
480.4636,solve.va_sample,2,326.523,
480.9639,solve.va_sample,2,326.523,
481.4641,solve.va_sample,2,326.523,
481.9644,solve.va_sample,2,326.523,
482.4646,solve.va_sample,2,326.523,
482.9649,solve.va_sample,2,326.523,
483.4651,solve.va_sample,2,326.523,
483.9653,solve.va_sample,2,326.523,
484.4656,solve.va_sample,2,326.523,
484.9658,solve.va_sample,2,326.523,
485.4661,solve.va_sample,2,326.523,
485.9663,solve.va_sample,2,326.523,
486.4666,solve.va_sample,2,326.523,
486.9668,solve.va_sample,2,326.523,
487.4671,solve.va_sample,2,326.523,
487.9673,solve.va_sample,2,326.523,
488.4676,solve.va_sample,2,326.523,
488.9678,solve.va_sample,2,326.523,
489.4680,solve.va_sample,2,326.523,
489.9682,solve.va_sample,2,326.523,
490.4685,solve.va_sample,2,326.523,
490.9687,solve.va_sample,2,326.523,
491.4689,solve.va_sample,2,326.523,
491.9692,solve.va_sample,2,326.523,
492.4694,solve.va_sample,2,326.523,
492.9697,solve.va_sample,2,326.523,
493.4699,solve.va_sample,2,326.523,
493.9701,solve.va_sample,2,326.523,
494.4704,solve.va_sample,2,326.523,
494.9706,solve.va_sample,2,326.523,
495.4709,solve.va_sample,2,326.523,
495.9711,solve.va_sample,2,326.523,
496.4713,solve.va_sample,2,326.523,
496.9716,solve.va_sample,2,326.523,
497.4718,solve.va_sample,2,326.523,
497.9721,solve.va_sample,2,326.523,
498.4723,solve.va_sample,2,326.523,
498.9726,solve.va_sample,2,326.523,
499.4728,solve.va_sample,2,326.523,
499.9731,solve.va_sample,2,326.523,
500.4733,solve.va_sample,2,326.523,
500.9736,solve.va_sample,2,326.523,
501.4738,solve.va_sample,2,326.523,
501.9741,solve.va_sample,2,326.523,
502.4743,solve.va_sample,2,326.523,
502.9745,solve.va_sample,2,326.523,
503.4748,solve.va_sample,2,326.523,
503.9750,solve.va_sample,2,326.523,
504.4752,solve.va_sample,2,326.523,
504.9755,solve.va_sample,2,326.523,
505.4757,solve.va_sample,2,326.523,
505.9759,solve.va_sample,2,326.523,
506.4762,solve.va_sample,2,326.523,
506.9764,solve.va_sample,2,326.523,
507.4767,solve.va_sample,2,326.523,
507.9769,solve.va_sample,2,326.523,
508.4772,solve.va_sample,2,326.523,
508.9775,solve.va_sample,2,326.523,
509.4777,solve.va_sample,2,326.523,
509.9780,solve.va_sample,2,326.523,
510.4782,solve.va_sample,2,326.523,
510.9785,solve.va_sample,2,326.523,
511.4787,solve.va_sample,2,326.523,
511.9790,solve.va_sample,2,326.523,
512.4792,solve.va_sample,2,326.523,
512.9795,solve.va_sample,2,326.523,
513.4798,solve.va_sample,2,326.523,
513.9800,solve.va_sample,2,326.523,
514.4803,solve.va_sample,2,326.523,
514.9805,solve.va_sample,2,326.523,
515.4808,solve.va_sample,2,326.523,
515.9810,solve.va_sample,2,326.523,
516.4813,solve.va_sample,2,326.523,
516.9815,solve.va_sample,2,326.523,
517.4818,solve.va_sample,2,326.523,
517.9820,solve.va_sample,2,326.523,
518.4822,solve.va_sample,2,326.523,
518.9825,solve.va_sample,2,326.523,
519.4827,solve.va_sample,2,326.523,
519.9830,solve.va_sample,2,326.523,
520.4832,solve.va_sample,2,326.523,
520.9835,solve.va_sample,2,326.523,
521.4837,solve.va_sample,2,326.523,
521.9840,solve.va_sample,2,326.523,
522.4842,solve.va_sample,2,326.523,
522.9844,solve.va_sample,2,326.523,
523.4847,solve.va_sample,2,326.523,
523.9850,solve.va_sample,2,326.523,
524.4852,solve.va_sample,2,326.523,
524.9855,solve.va_sample,2,326.523,
525.4858,solve.va_sample,2,326.523,
525.9861,solve.va_sample,2,326.523,
526.4863,solve.va_sample,2,326.523,
526.9866,solve.va_sample,2,326.523,
527.4868,solve.va_sample,2,326.523,
527.9871,solve.va_sample,2,326.523,
528.4874,solve.va_sample,2,326.523,
528.9876,solve.va_sample,2,326.523,
529.4879,solve.va_sample,2,326.523,
529.9882,solve.va_sample,2,326.523,
530.4884,solve.va_sample,2,326.523,
530.9887,solve.va_sample,2,326.523,
531.4889,solve.va_sample,2,326.523,
531.9891,solve.va_sample,2,326.523,
532.4894,solve.va_sample,2,326.523,
532.9896,solve.va_sample,2,326.523,
533.4899,solve.va_sample,2,326.523,
533.9901,solve.va_sample,2,326.523,
534.4904,solve.va_sample,2,326.523,
534.9906,solve.va_sample,2,326.523,
535.4909,solve.va_sample,2,326.523,
535.9912,solve.va_sample,2,326.523,
536.4914,solve.va_sample,2,326.523,
536.9917,solve.va_sample,2,326.523,
537.4919,solve.va_sample,2,326.523,
537.9922,solve.va_sample,2,326.523,
538.4925,solve.va_sample,2,326.523,
538.9927,solve.va_sample,2,326.523,
539.4930,solve.va_sample,2,326.523,
539.9932,solve.va_sample,2,326.523,
540.4935,solve.va_sample,2,326.523,
540.9938,solve.va_sample,2,326.523,
541.4940,solve.va_sample,2,326.523,
541.9943,solve.va_sample,2,326.523,
542.4945,solve.va_sample,2,326.523,
542.9948,solve.va_sample,2,326.523,
543.4951,solve.va_sample,2,326.523,
543.9953,solve.va_sample,2,326.523,
544.4956,solve.va_sample,2,326.523,
544.9958,solve.va_sample,2,326.523,
545.4961,solve.va_sample,2,326.523,
545.9963,solve.va_sample,2,326.523,
546.4966,solve.va_sample,2,326.523,
546.9968,solve.va_sample,2,326.523,
547.4971,solve.va_sample,2,326.523,
547.9973,solve.va_sample,2,326.523,
548.4976,solve.va_sample,2,326.523,
548.9978,solve.va_sample,2,326.523,
549.4981,solve.va_sample,2,326.523,
549.9983,solve.va_sample,2,326.523,
550.4986,solve.va_sample,2,326.523,
550.9989,solve.va_sample,2,326.523,
551.4991,solve.va_sample,2,326.523,
551.9994,solve.va_sample,2,326.523,
552.4996,solve.va_sample,2,326.523,
552.9999,solve.va_sample,2,326.523,
553.5001,solve.va_sample,2,326.523,
554.0004,solve.va_sample,2,326.523,
554.5007,solve.va_sample,2,326.523,
555.0009,solve.va_sample,2,326.523,
555.5012,solve.va_sample,2,326.523,
556.0015,solve.va_sample,2,326.523,
556.5017,solve.va_sample,2,326.523,
557.0020,solve.va_sample,2,326.523,
557.5022,solve.va_sample,2,326.523,
558.0025,solve.va_sample,2,326.523,
558.5028,solve.va_sample,2,326.523,
559.0030,solve.va_sample,2,326.523,
559.5032,solve.va_sample,2,326.523,
560.0035,solve.va_sample,2,326.523,
560.5038,solve.va_sample,2,326.523,
561.0040,solve.va_sample,2,326.523,
561.5042,solve.va_sample,2,326.523,
562.0045,solve.va_sample,2,326.523,
562.5047,solve.va_sample,2,326.523,
563.0050,solve.va_sample,2,326.523,
563.5052,solve.va_sample,2,326.523,
564.0055,solve.va_sample,2,326.523,
564.5058,solve.va_sample,2,326.523,
565.0060,solve.va_sample,2,326.523,
565.5063,solve.va_sample,2,326.523,
566.0065,solve.va_sample,2,326.523,
566.5068,solve.va_sample,2,326.523,
567.0071,solve.va_sample,2,326.523,
567.5073,solve.va_sample,2,326.523,
568.0076,solve.va_sample,2,326.523,
568.5078,solve.va_sample,2,326.523,
569.0081,solve.va_sample,2,326.523,
569.5083,solve.va_sample,2,326.523,
570.0086,solve.va_sample,2,326.523,
570.5088,solve.va_sample,2,326.523,
571.0091,solve.va_sample,2,326.523,
571.5094,solve.va_sample,2,326.523,
572.0096,solve.va_sample,2,326.523,
572.5099,solve.va_sample,2,326.523,
573.0101,solve.va_sample,2,326.523,
573.5104,solve.va_sample,2,326.523,
574.0106,solve.va_sample,2,326.523,
574.5109,solve.va_sample,2,326.523,
575.0111,solve.va_sample,2,326.523,
575.5113,solve.va_sample,2,326.523,
576.0116,solve.va_sample,2,326.523,
576.5119,solve.va_sample,2,326.523,
577.0121,solve.va_sample,2,326.523,
577.5124,solve.va_sample,2,326.523,
578.0126,solve.va_sample,2,326.523,
578.5129,solve.va_sample,2,326.523,
579.0131,solve.va_sample,2,326.523,
579.5134,solve.va_sample,2,326.523,
580.0137,solve.va_sample,2,326.523,
580.5139,solve.va_sample,2,326.523,
581.0142,solve.va_sample,2,326.523,
581.5145,solve.va_sample,2,326.523,
582.0148,solve.va_sample,2,326.523,
582.5150,solve.va_sample,2,326.523,
583.0153,solve.va_sample,2,326.523,
583.5155,solve.va_sample,2,326.523,
584.0158,solve.va_sample,2,326.523,
584.5160,solve.va_sample,2,326.523,
585.0163,solve.va_sample,2,326.523,
585.5165,solve.va_sample,2,326.523,
586.0168,solve.va_sample,2,326.523,
586.5171,solve.va_sample,2,326.523,
587.0173,solve.va_sample,2,326.523,
587.5176,solve.va_sample,2,326.523,
588.0178,solve.va_sample,2,326.523,
588.5180,solve.va_sample,2,326.523,
589.0183,solve.va_sample,2,326.523,
589.5185,solve.va_sample,2,326.523,
590.0188,solve.va_sample,2,326.523,
590.5190,solve.va_sample,2,326.523,
591.0193,solve.va_sample,2,326.523,
591.5196,solve.va_sample,2,326.523,
592.0198,solve.va_sample,2,326.523,
592.5201,solve.va_sample,2,326.523,
593.0203,solve.va_sample,2,326.523,
593.5206,solve.va_sample,2,326.523,
594.0208,solve.va_sample,2,326.523,
594.5211,solve.va_sample,2,326.523,
595.0214,solve.va_sample,2,326.523,
595.5216,solve.va_sample,2,326.523,
596.0219,solve.va_sample,2,326.523,
596.5221,solve.va_sample,2,326.523,
597.0224,solve.va_sample,2,326.523,
597.5226,solve.va_sample,2,326.523,
598.0229,solve.va_sample,2,326.523,
598.5231,solve.va_sample,2,326.781,
599.0234,solve.va_sample,2,326.781,
599.5237,solve.va_sample,2,326.781,
600.0239,solve.va_sample,2,326.781,
600.5242,solve.va_sample,2,326.781,
601.0244,solve.va_sample,2,326.781,
601.5247,solve.va_sample,2,326.781,
602.0249,solve.va_sample,2,326.781,
602.5252,solve.va_sample,2,326.781,
603.0254,solve.va_sample,2,326.781,
603.5257,solve.va_sample,2,326.781,
604.0259,solve.va_sample,2,326.781,
604.5262,solve.va_sample,2,326.781,
605.0264,solve.va_sample,2,326.781,
605.5267,solve.va_sample,2,326.781,
606.0269,solve.va_sample,2,326.781,
606.5272,solve.va_sample,2,326.781,
607.0274,solve.va_sample,2,326.781,
607.5277,solve.va_sample,2,326.781,
608.0280,solve.va_sample,2,326.781,
608.5282,solve.va_sample,2,326.781,
609.0285,solve.va_sample,2,326.781,
609.5287,solve.va_sample,2,326.781,
610.0290,solve.va_sample,2,326.781,
610.5292,solve.va_sample,2,326.781,
611.0295,solve.va_sample,2,326.781,
611.5297,solve.va_sample,2,326.781,
612.0300,solve.va_sample,2,326.781,
612.5303,solve.va_sample,2,326.781,
613.0305,solve.va_sample,2,326.781,
613.5308,solve.va_sample,2,326.781,
614.0310,solve.va_sample,2,326.781,
614.5313,solve.va_sample,2,326.781,
615.0316,solve.va_sample,2,326.781,
615.5319,solve.va_sample,2,326.781,
616.0321,solve.va_sample,2,326.781,
616.5324,solve.va_sample,2,326.781,
617.0326,solve.va_sample,2,326.781,
617.5328,solve.va_sample,2,326.781,
618.0331,solve.va_sample,2,326.781,
618.5333,solve.va_sample,2,326.781,
619.0336,solve.va_sample,2,326.781,
619.5338,solve.va_sample,2,326.781,
620.0341,solve.va_sample,2,326.781,
620.5344,solve.va_sample,2,326.781,
621.0346,solve.va_sample,2,326.781,
621.5349,solve.va_sample,2,326.781,
622.0351,solve.va_sample,2,326.781,
622.5354,solve.va_sample,2,326.781,
623.0356,solve.va_sample,2,326.781,
623.5359,solve.va_sample,2,326.781,
624.0361,solve.va_sample,2,326.781,
624.5364,solve.va_sample,2,326.781,
625.0366,solve.va_sample,2,326.781,
625.5369,solve.va_sample,2,326.781,
626.0371,solve.va_sample,2,326.781,
626.5374,solve.va_sample,2,326.781,
627.0376,solve.va_sample,2,326.781,
627.5379,solve.va_sample,2,326.781,
628.0381,solve.va_sample,2,326.781,
628.5384,solve.va_sample,2,326.781,
629.0386,solve.va_sample,2,326.781,
629.5389,solve.va_sample,2,326.781,
630.0391,solve.va_sample,2,326.781,
630.5394,solve.va_sample,2,326.781,
631.0397,solve.va_sample,2,326.781,
631.5399,solve.va_sample,2,326.781,
632.0401,solve.va_sample,2,326.781,
632.5404,solve.va_sample,2,326.781,
633.0406,solve.va_sample,2,326.781,
633.5409,solve.va_sample,2,326.781,
634.0411,solve.va_sample,2,326.781,
634.5414,solve.va_sample,2,326.781,
635.0416,solve.va_sample,2,326.781,
635.5419,solve.va_sample,2,326.781,
636.0421,solve.va_sample,2,326.781,
636.5424,solve.va_sample,2,326.781,
637.0426,solve.va_sample,2,326.781,
637.5429,solve.va_sample,2,326.781,
638.0431,solve.va_sample,2,326.781,
638.5434,solve.va_sample,2,326.781,
639.0436,solve.va_sample,2,326.781,
639.5439,solve.va_sample,2,326.781,
640.0441,solve.va_sample,2,326.781,
640.5444,solve.va_sample,2,326.781,
641.0446,solve.va_sample,2,326.781,
641.5448,solve.va_sample,2,326.781,
642.0451,solve.va_sample,2,326.781,
642.5453,solve.va_sample,2,326.781,
643.0456,solve.va_sample,2,326.781,
643.5458,solve.va_sample,2,326.781,
644.0461,solve.va_sample,2,326.781,
644.5464,solve.va_sample,2,326.781,
645.0466,solve.va_sample,2,326.781,
645.5468,solve.va_sample,2,326.781,
646.0471,solve.va_sample,2,326.781,
646.5473,solve.va_sample,2,326.781,
647.0476,solve.va_sample,2,326.781,
647.5478,solve.va_sample,2,326.781,
648.0481,solve.va_sample,2,326.781,
648.5483,solve.va_sample,2,326.781,
649.0486,solve.va_sample,2,326.781,
649.5488,solve.va_sample,2,326.781,
650.0491,solve.va_sample,2,326.781,
650.5493,solve.va_sample,2,326.781,
651.0496,solve.va_sample,2,326.781,
651.5498,solve.va_sample,2,326.781,
652.0501,solve.va_sample,2,326.781,
652.5503,solve.va_sample,2,326.781,
653.0506,solve.va_sample,2,326.781,
653.5508,solve.va_sample,2,326.781,
654.0511,solve.va_sample,2,326.781,
654.5514,solve.va_sample,2,326.781,
655.0516,solve.va_sample,2,326.781,
655.5519,solve.va_sample,2,326.781,
656.0521,solve.va_sample,2,326.781,
656.5524,solve.va_sample,2,326.781,
657.0527,solve.va_sample,2,326.781,
657.5529,solve.va_sample,2,326.781,
658.0532,solve.va_sample,2,326.781,
658.5534,solve.va_sample,2,326.781,
659.0537,solve.va_sample,2,326.781,
659.5539,solve.va_sample,2,326.781,
660.0541,solve.va_sample,2,326.781,
660.5544,solve.va_sample,2,326.781,
661.0546,solve.va_sample,2,326.781,
661.5549,solve.va_sample,2,326.781,
662.0551,solve.va_sample,2,326.781,
662.5554,solve.va_sample,2,326.781,
663.0556,solve.va_sample,2,326.781,
663.5559,solve.va_sample,2,326.781,
664.0561,solve.va_sample,2,326.781,
664.5564,solve.va_sample,2,326.781,
665.0566,solve.va_sample,2,326.781,
665.5569,solve.va_sample,2,326.781,
666.0571,solve.va_sample,2,326.781,
666.5574,solve.va_sample,2,326.781,
667.0576,solve.va_sample,2,326.781,
667.5579,solve.va_sample,2,326.781,
668.0581,solve.va_sample,2,326.781,
668.5584,solve.va_sample,2,326.781,
669.0586,solve.va_sample,2,326.781,
669.5589,solve.va_sample,2,326.781,
670.0592,solve.va_sample,2,326.781,
670.5594,solve.va_sample,2,326.781,
671.0597,solve.va_sample,2,326.781,
671.5599,solve.va_sample,2,326.781,
672.0602,solve.va_sample,2,326.781,
672.5604,solve.va_sample,2,326.781,
673.0607,solve.va_sample,2,326.781,
673.5609,solve.va_sample,2,326.781,
674.0612,solve.va_sample,2,326.781,
674.5614,solve.va_sample,2,326.781,
675.0616,solve.va_sample,2,326.781,
675.5619,solve.va_sample,2,326.781,
676.0621,solve.va_sample,2,326.781,
676.5624,solve.va_sample,2,326.781,
677.0626,solve.va_sample,2,326.781,
677.5629,solve.va_sample,2,326.781,
678.0631,solve.va_sample,2,326.781,
678.5634,solve.va_sample,2,326.781,
679.0637,solve.va_sample,2,326.781,
679.5639,solve.va_sample,2,326.781,
680.0642,solve.va_sample,2,326.781,
680.5645,solve.va_sample,2,326.781,
681.0647,solve.va_sample,2,326.781,
681.5650,solve.va_sample,2,326.781,
682.0652,solve.va_sample,2,326.781,
682.5655,solve.va_sample,2,326.781,
683.0658,solve.va_sample,2,326.781,
683.5660,solve.va_sample,2,326.781,
684.0663,solve.va_sample,2,326.781,
684.5665,solve.va_sample,2,326.781,
685.0668,solve.va_sample,2,326.781,
685.5670,solve.va_sample,2,326.781,
686.0673,solve.va_sample,2,326.781,
686.5675,solve.va_sample,2,326.781,
687.0678,solve.va_sample,2,326.781,
687.5680,solve.va_sample,2,326.781,
688.0683,solve.va_sample,2,326.781,
688.5685,solve.va_sample,2,326.781,
689.0688,solve.va_sample,2,326.781,
689.5690,solve.va_sample,2,326.781,
690.0693,solve.va_sample,2,326.781,
690.5695,solve.va_sample,2,326.781,
691.0697,solve.va_sample,2,326.781,
691.5700,solve.va_sample,2,326.781,
692.0703,solve.va_sample,2,326.781,
692.5705,solve.va_sample,2,326.781,
693.0708,solve.va_sample,2,326.781,
693.5710,solve.va_sample,2,326.781,
694.0713,solve.va_sample,2,326.781,
694.5715,solve.va_sample,2,326.781,
695.0717,solve.va_sample,2,326.781,
695.5720,solve.va_sample,2,326.781,
696.0722,solve.va_sample,2,326.781,
696.5725,solve.va_sample,2,326.781,
697.0728,solve.va_sample,2,326.781,
697.5730,solve.va_sample,2,326.781,
698.0733,solve.va_sample,2,326.781,
698.5735,solve.va_sample,2,326.781,
699.0738,solve.va_sample,2,326.781,
699.5741,solve.va_sample,2,326.781,
700.0743,solve.va_sample,2,326.781,
700.5746,solve.va_sample,2,326.781,
701.0748,solve.va_sample,2,326.781,
701.5750,solve.va_sample,2,326.781,
702.0753,solve.va_sample,2,326.781,
702.5755,solve.va_sample,2,326.781,
703.0758,solve.va_sample,2,326.781,
703.5760,solve.va_sample,2,326.781,
704.0762,solve.va_sample,2,326.781,
704.5765,solve.va_sample,2,326.781,
705.0767,solve.va_sample,2,326.781,
705.5770,solve.va_sample,2,326.781,
706.0772,solve.va_sample,2,326.781,
706.5775,solve.va_sample,2,326.781,
707.0777,solve.va_sample,2,326.781,
707.5780,solve.va_sample,2,326.781,
708.0782,solve.va_sample,2,326.781,
708.5785,solve.va_sample,2,326.781,
709.0788,solve.va_sample,2,326.781,
709.5790,solve.va_sample,2,326.781,
710.0793,solve.va_sample,2,326.781,
710.5796,solve.va_sample,2,326.781,
711.0798,solve.va_sample,2,326.781,
711.5801,solve.va_sample,2,326.781,
712.0803,solve.va_sample,2,326.781,
712.5806,solve.va_sample,2,326.781,
713.0809,solve.va_sample,2,326.781,
713.5811,solve.va_sample,2,326.781,
714.0814,solve.va_sample,2,326.781,
714.5816,solve.va_sample,2,326.781,
715.0818,solve.va_sample,2,326.781,
715.5821,solve.va_sample,2,326.781,
716.0823,solve.va_sample,2,326.781,
716.5826,solve.va_sample,2,326.781,
717.0828,solve.va_sample,2,326.781,
717.5830,solve.va_sample,2,326.781,
718.0833,solve.va_sample,2,326.781,
718.5835,solve.va_sample,2,326.781,
719.0837,solve.va_sample,2,326.781,
719.5840,solve.va_sample,2,326.781,
720.0842,solve.va_sample,2,326.781,
720.5845,solve.va_sample,2,326.781,
721.0847,solve.va_sample,2,326.781,
721.5850,solve.va_sample,2,326.781,
722.0852,solve.va_sample,2,326.781,
722.5855,solve.va_sample,2,326.781,
723.0857,solve.va_sample,2,326.781,
723.5859,solve.va_sample,2,326.781,
724.0862,solve.va_sample,2,326.781,
724.5864,solve.va_sample,2,326.781,
725.0866,solve.va_sample,2,326.781,
725.5869,solve.va_sample,2,326.781,
726.0871,solve.va_sample,2,326.781,
726.5874,solve.va_sample,2,326.781,
727.0876,solve.va_sample,2,326.781,
727.5878,solve.va_sample,2,326.781,
728.0881,solve.va_sample,2,326.781,
728.5884,solve.va_sample,2,326.781,
729.0886,solve.va_sample,2,326.781,
729.5888,solve.va_sample,2,326.781,
730.0891,solve.va_sample,2,326.781,
730.5893,solve.va_sample,2,326.781,
731.0896,solve.va_sample,2,326.781,
731.5898,solve.va_sample,2,326.781,
732.0900,solve.va_sample,2,326.781,
732.5903,solve.va_sample,2,326.781,
733.0905,solve.va_sample,2,326.781,
733.5907,solve.va_sample,2,326.781,
734.0910,solve.va_sample,2,326.781,
734.5912,solve.va_sample,2,326.781,
735.0915,solve.va_sample,2,326.781,
735.5917,solve.va_sample,2,326.781,
736.0919,solve.va_sample,2,326.781,
736.5922,solve.va_sample,2,326.781,
737.0924,solve.va_sample,2,326.781,
737.5927,solve.va_sample,2,326.781,
738.0929,solve.va_sample,2,326.781,
738.5932,solve.va_sample,2,326.781,
739.0934,solve.va_sample,2,326.781,
739.5937,solve.va_sample,2,326.781,
740.0939,solve.va_sample,2,326.781,
740.5942,solve.va_sample,2,326.781,
741.0945,solve.va_sample,2,326.781,
741.5947,solve.va_sample,2,326.781,
742.0950,solve.va_sample,2,326.781,
742.5952,solve.va_sample,2,326.781,
743.0955,solve.va_sample,2,326.781,
743.5957,solve.va_sample,2,326.781,
744.0960,solve.va_sample,2,326.781,
744.5962,solve.va_sample,2,326.781,
745.0964,solve.va_sample,2,326.781,
745.5967,solve.va_sample,2,326.781,
746.0970,solve.va_sample,2,326.781,
746.5972,solve.va_sample,2,326.781,
747.0974,solve.va_sample,2,326.781,
747.5977,solve.va_sample,2,326.781,
748.0979,solve.va_sample,2,326.781,
748.5982,solve.va_sample,2,326.781,
749.0984,solve.va_sample,2,326.781,
749.5987,solve.va_sample,2,326.781,
750.0989,solve.va_sample,2,326.781,
750.5991,solve.va_sample,2,326.781,
751.0994,solve.va_sample,2,326.781,
751.5997,solve.va_sample,2,326.781,
752.0999,solve.va_sample,2,326.781,
752.6002,solve.va_sample,2,326.781,
753.1004,solve.va_sample,2,326.781,
753.6007,solve.va_sample,2,326.781,
754.1009,solve.va_sample,2,326.781,
754.6012,solve.va_sample,2,326.781,
755.1014,solve.va_sample,2,326.781,
755.6016,solve.va_sample,2,326.781,
756.1019,solve.va_sample,2,326.781,
756.6022,solve.va_sample,2,326.781,
757.1024,solve.va_sample,2,326.781,
757.6027,solve.va_sample,2,326.781,
758.1029,solve.va_sample,2,326.781,
758.6032,solve.va_sample,2,326.781,
759.1034,solve.va_sample,2,326.781,
759.6036,solve.va_sample,2,326.781,
760.1039,solve.va_sample,2,326.781,
760.6041,solve.va_sample,2,326.781,
761.1044,solve.va_sample,2,326.781,
761.6046,solve.va_sample,2,326.781,
762.1049,solve.va_sample,2,326.781,
762.6051,solve.va_sample,2,326.781,
763.1054,solve.va_sample,2,326.781,
763.6056,solve.va_sample,2,326.781,
764.1058,solve.va_sample,2,326.781,
764.6061,solve.va_sample,2,326.781,
765.1063,solve.va_sample,2,326.781,
765.6065,solve.va_sample,2,326.781,
766.1068,solve.va_sample,2,326.781,
766.6070,solve.va_sample,2,326.781,
767.1072,solve.va_sample,2,326.781,
767.6075,solve.va_sample,2,326.781,
768.1077,solve.va_sample,2,326.781,
768.6080,solve.va_sample,2,326.781,
769.1082,solve.va_sample,2,326.781,
769.6084,solve.va_sample,2,326.781,
770.1087,solve.va_sample,2,326.781,
770.6090,solve.va_sample,2,326.781,
771.1092,solve.va_sample,2,326.781,
771.6095,solve.va_sample,2,326.781,
772.1097,solve.va_sample,2,326.781,
772.6100,solve.va_sample,2,326.781,
773.1102,solve.va_sample,2,326.781,
773.6104,solve.va_sample,2,326.781,
774.1107,solve.va_sample,2,326.781,
774.6109,solve.va_sample,2,326.781,
775.1112,solve.va_sample,2,326.781,
775.6114,solve.va_sample,2,326.781,
776.1117,solve.va_sample,2,326.781,
776.6119,solve.va_sample,2,326.781,
777.1121,solve.va_sample,2,326.781,
777.6124,solve.va_sample,2,326.781,
778.1126,solve.va_sample,2,326.781,
778.6129,solve.va_sample,2,326.781,
779.1131,solve.va_sample,2,326.781,
779.6133,solve.va_sample,2,326.781,
780.1136,solve.va_sample,2,326.781,
780.6138,solve.va_sample,2,326.781,
781.1141,solve.va_sample,2,326.781,
781.6143,solve.va_sample,2,326.781,
782.1146,solve.va_sample,2,326.781,
782.6148,solve.va_sample,2,326.781,
783.1151,solve.va_sample,2,326.781,
783.6153,solve.va_sample,2,326.781,
784.1155,solve.va_sample,2,326.781,
784.6158,solve.va_sample,2,326.781,
785.1160,solve.va_sample,2,326.781,
785.6163,solve.va_sample,2,326.781,
786.1165,solve.va_sample,2,326.781,
786.6167,solve.va_sample,2,326.781,
787.1170,solve.va_sample,2,326.781,
787.6172,solve.va_sample,2,326.781,
788.1175,solve.va_sample,2,326.781,
788.6177,solve.va_sample,2,326.781,
789.1180,solve.va_sample,2,326.781,
789.6182,solve.va_sample,2,326.781,
790.1184,solve.va_sample,2,326.781,
790.6187,solve.va_sample,2,326.781,
791.1189,solve.va_sample,2,326.781,
791.6192,solve.va_sample,2,326.781,
792.1194,solve.va_sample,2,326.781,
792.6197,solve.va_sample,2,326.781,
793.1199,solve.va_sample,2,326.781,
793.6201,solve.va_sample,2,326.781,
794.1204,solve.va_sample,2,326.781,
794.6206,solve.va_sample,2,326.781,
795.1209,solve.va_sample,2,326.781,
795.6211,solve.va_sample,2,326.781,
796.1213,solve.va_sample,2,326.781,
796.6216,solve.va_sample,2,326.781,
797.1218,solve.va_sample,2,326.781,
797.6220,solve.va_sample,2,326.781,
798.1223,solve.va_sample,2,326.781,
798.6225,solve.va_sample,2,326.781,
799.1228,solve.va_sample,2,326.781,
799.6230,solve.va_sample,2,326.781,
800.1233,solve.va_sample,2,326.781,
800.6236,solve.va_sample,2,326.781,
801.1238,solve.va_sample,2,326.781,
801.6240,solve.va_sample,2,326.781,
802.1243,solve.va_sample,2,326.781,
802.6245,solve.va_sample,2,326.781,
803.1248,solve.va_sample,2,326.781,
803.6250,solve.va_sample,2,326.781,
804.1253,solve.va_sample,2,326.781,
804.6255,solve.va_sample,2,326.781,
805.1257,solve.va_sample,2,326.781,
805.6260,solve.va_sample,2,326.781,
806.1262,solve.va_sample,2,326.781,
806.6265,solve.va_sample,2,326.781,
807.1267,solve.va_sample,2,326.781,
807.6269,solve.va_sample,2,326.781,
808.1272,solve.va_sample,2,326.781,
808.6274,solve.va_sample,2,326.781,
809.1277,solve.va_sample,2,326.781,
809.6279,solve.va_sample,2,326.781,
810.1281,solve.va_sample,2,326.781,
810.6284,solve.va_sample,2,326.781,
811.1287,solve.va_sample,2,326.781,
811.6289,solve.va_sample,2,326.781,
812.1292,solve.va_sample,2,326.781,
812.6295,solve.va_sample,2,326.781,
813.1297,solve.va_sample,2,326.781,
813.6300,solve.va_sample,2,326.781,
814.1302,solve.va_sample,2,326.781,
814.6304,solve.va_sample,2,326.781,
815.1307,solve.va_sample,2,326.781,
815.6309,solve.va_sample,2,326.781,
816.1312,solve.va_sample,2,326.781,
816.6314,solve.va_sample,2,326.781,
817.1316,solve.va_sample,2,326.781,
817.6319,solve.va_sample,2,326.781,
818.1321,solve.va_sample,2,326.781,
818.6324,solve.va_sample,2,326.781,
819.1326,solve.va_sample,2,326.781,
819.6329,solve.va_sample,2,326.781,
820.1331,solve.va_sample,2,326.781,
820.6333,solve.va_sample,2,326.781,
821.1336,solve.va_sample,2,326.781,
821.6338,solve.va_sample,2,326.781,
822.1341,solve.va_sample,2,326.781,
822.6343,solve.va_sample,2,326.781,
823.1346,solve.va_sample,2,326.781,
823.6348,solve.va_sample,2,326.781,
824.1350,solve.va_sample,2,326.781,
824.6353,solve.va_sample,2,326.781,
825.1355,solve.va_sample,2,326.781,
825.6357,solve.va_sample,2,326.781,
826.1360,solve.va_sample,2,326.781,
826.6363,solve.va_sample,2,326.781,
827.1366,solve.va_sample,2,326.781,
827.6369,solve.va_sample,2,326.781,
828.1371,solve.va_sample,2,326.781,
828.6374,solve.va_sample,2,326.781,
829.1376,solve.va_sample,2,326.781,
829.6379,solve.va_sample,2,326.781,
830.1381,solve.va_sample,2,326.781,
830.6384,solve.va_sample,2,326.781,
831.1386,solve.va_sample,2,326.781,
831.6389,solve.va_sample,2,326.781,
832.1391,solve.va_sample,2,326.781,
832.6394,solve.va_sample,2,326.781,
833.1396,solve.va_sample,2,326.781,
833.6399,solve.va_sample,2,326.781,
834.1401,solve.va_sample,2,326.781,
834.6404,solve.va_sample,2,326.781,
835.1406,solve.va_sample,2,326.781,
835.6408,solve.va_sample,2,326.781,
836.1411,solve.va_sample,2,326.781,
836.6413,solve.va_sample,2,326.781,
837.1416,solve.va_sample,2,326.781,
837.6419,solve.va_sample,2,326.781,
838.1422,solve.va_sample,2,326.781,
838.6425,solve.va_sample,2,326.781,
839.1427,solve.va_sample,2,326.781,
839.6430,solve.va_sample,2,326.781,
840.1432,solve.va_sample,2,326.781,
840.6435,solve.va_sample,2,326.781,
841.1438,solve.va_sample,2,326.781,
841.6440,solve.va_sample,2,326.781,
842.1443,solve.va_sample,2,326.781,
842.6445,solve.va_sample,2,326.781,
843.1448,solve.va_sample,2,326.781,
843.6450,solve.va_sample,2,326.781,
844.1452,solve.va_sample,2,326.781,
844.6455,solve.va_sample,2,326.781,
845.1457,solve.va_sample,2,326.781,
845.6460,solve.va_sample,2,326.781,
846.1462,solve.va_sample,2,326.781,
846.6465,solve.va_sample,2,326.781,
847.1467,solve.va_sample,2,326.781,
847.6469,solve.va_sample,2,326.781,
848.1472,solve.va_sample,2,326.781,
848.6474,solve.va_sample,2,326.781,
849.1477,solve.va_sample,2,326.781,
849.6479,solve.va_sample,2,326.781,
850.1481,solve.va_sample,2,326.781,
850.6484,solve.va_sample,2,326.781,
851.1486,solve.va_sample,2,326.781,
851.6489,solve.va_sample,2,326.781,
852.1491,solve.va_sample,2,326.781,
852.6493,solve.va_sample,2,326.781,
853.1496,solve.va_sample,2,326.781,
853.6498,solve.va_sample,2,326.781,
854.1501,solve.va_sample,2,326.781,
854.6503,solve.va_sample,2,326.781,
855.1506,solve.va_sample,2,326.781,
855.6508,solve.va_sample,2,326.781,
856.1511,solve.va_sample,2,326.781,
856.6513,solve.va_sample,2,326.781,
857.1516,solve.va_sample,2,326.781,
857.6518,solve.va_sample,2,326.781,
858.1521,solve.va_sample,2,326.781,
858.6523,solve.va_sample,2,326.781,
859.1526,solve.va_sample,2,326.781,
859.6528,solve.va_sample,2,326.781,
860.1531,solve.va_sample,2,326.781,
860.6534,solve.va_sample,2,326.781,
861.1536,solve.va_sample,2,326.781,
861.6539,solve.va_sample,2,326.781,
862.1542,solve.va_sample,2,326.781,
862.6544,solve.va_sample,2,326.781,
863.1547,solve.va_sample,2,326.781,
863.6549,solve.va_sample,2,326.781,
864.1551,solve.va_sample,2,326.781,
864.6554,solve.va_sample,2,326.781,
865.1556,solve.va_sample,2,326.781,
865.6558,solve.va_sample,2,326.781,
866.1561,solve.va_sample,2,326.781,
866.6563,solve.va_sample,2,326.781,
867.1565,solve.va_sample,2,326.781,
867.6568,solve.va_sample,2,326.781,
868.1570,solve.va_sample,2,326.781,
868.6572,solve.va_sample,2,326.781,
869.1575,solve.va_sample,2,326.781,
869.6578,solve.va_sample,2,326.781,
870.1580,solve.va_sample,2,326.781,
870.6583,solve.va_sample,2,326.781,
871.1586,solve.va_sample,2,326.781,
871.6588,solve.va_sample,2,326.781,
872.1591,solve.va_sample,2,326.781,
872.6593,solve.va_sample,2,326.781,
873.1596,solve.va_sample,2,326.781,
873.6598,solve.va_sample,2,326.781,
874.1601,solve.va_sample,2,326.781,
874.6603,solve.va_sample,2,326.781,
875.1606,solve.va_sample,2,326.781,
875.6608,solve.va_sample,2,326.781,
876.1610,solve.va_sample,2,326.781,
876.6613,solve.va_sample,2,326.781,
877.1615,solve.va_sample,2,326.781,
877.6617,solve.va_sample,2,326.781,
878.1620,solve.va_sample,2,326.781,
878.6622,solve.va_sample,2,326.781,
879.1625,solve.va_sample,2,326.781,
879.6627,solve.va_sample,2,326.781,
880.1629,solve.va_sample,2,326.781,
880.6632,solve.va_sample,2,326.781,
881.1634,solve.va_sample,2,326.781,
881.6637,solve.va_sample,2,326.781,
882.1639,solve.va_sample,2,326.781,
882.6641,solve.va_sample,2,326.781,
883.1644,solve.va_sample,2,326.781,
883.6646,solve.va_sample,2,326.781,
884.1649,solve.va_sample,2,326.781,
884.6652,solve.va_sample,2,326.781,
885.1654,solve.va_sample,2,326.781,
885.6656,solve.va_sample,2,326.781,
886.1659,solve.va_sample,2,326.781,
886.6661,solve.va_sample,2,326.781,
887.1664,solve.va_sample,2,326.781,
887.6666,solve.va_sample,2,326.781,
888.1668,solve.va_sample,2,326.781,
888.6671,solve.va_sample,2,326.781,
889.1673,solve.va_sample,2,326.781,
889.6676,solve.va_sample,2,326.781,
890.1678,solve.va_sample,2,326.781,
890.6680,solve.va_sample,2,326.781,
891.1683,solve.va_sample,2,326.781,
891.6685,solve.va_sample,2,326.781,
892.1687,solve.va_sample,2,326.781,
892.6690,solve.va_sample,2,326.781,
893.1692,solve.va_sample,2,326.781,
893.6695,solve.va_sample,2,326.781,
894.1697,solve.va_sample,2,326.781,
894.6699,solve.va_sample,2,326.781,
895.1702,solve.va_sample,2,326.781,
895.6704,solve.va_sample,2,326.781,
896.1707,solve.va_sample,2,326.781,
896.6709,solve.va_sample,2,326.781,
897.1711,solve.va_sample,2,326.781,
897.6714,solve.va_sample,2,326.781,
898.1716,solve.va_sample,2,326.781,
898.6719,solve.va_sample,2,326.781,
899.1721,solve.va_sample,2,326.781,
899.6724,solve.va_sample,2,326.781,
900.1726,solve.va_sample,2,326.781,
900.6728,solve.va_sample,2,326.781,
901.1731,solve.va_sample,2,326.781,
901.6733,solve.va_sample,2,326.781,
902.1736,solve.va_sample,2,326.781,
902.6738,solve.va_sample,2,326.781,
903.1740,solve.va_sample,2,326.781,
903.6743,solve.va_sample,2,326.781,
904.1745,solve.va_sample,2,326.781,
904.6748,solve.va_sample,2,326.781,
905.1750,solve.va_sample,2,326.781,
905.6752,solve.va_sample,2,326.781,
906.1755,solve.va_sample,2,326.781,
906.6757,solve.va_sample,2,326.781,
907.1759,solve.va_sample,2,326.781,
907.6762,solve.va_sample,2,326.781,
908.1764,solve.va_sample,2,326.781,
908.6767,solve.va_sample,2,326.781,
909.1769,solve.va_sample,2,326.781,
909.6772,solve.va_sample,2,326.781,
910.1774,solve.va_sample,2,326.781,
910.6777,solve.va_sample,2,326.781,
911.1779,solve.va_sample,2,326.781,
911.6782,solve.va_sample,2,326.781,
912.1784,solve.va_sample,2,326.781,
912.6787,solve.va_sample,2,326.781,
913.1790,solve.va_sample,2,326.781,
913.6792,solve.va_sample,2,326.781,
914.1795,solve.va_sample,2,326.781,
914.6797,solve.va_sample,2,326.781,
915.1800,solve.va_sample,2,326.781,
915.6802,solve.va_sample,2,326.781,
916.1805,solve.va_sample,2,326.781,
916.6807,solve.va_sample,2,326.781,
917.1810,solve.va_sample,2,326.781,
917.6812,solve.va_sample,2,326.781,
918.1815,solve.va_sample,2,326.781,
918.6817,solve.va_sample,2,326.781,
919.1819,solve.va_sample,2,326.781,
919.6822,solve.va_sample,2,326.781,
920.1825,solve.va_sample,2,326.781,
920.6827,solve.va_sample,2,326.781,
921.1830,solve.va_sample,2,326.781,
921.6832,solve.va_sample,2,326.781,
922.1835,solve.va_sample,2,326.781,
922.6837,solve.va_sample,2,326.781,
923.1839,solve.va_sample,2,326.781,
923.6842,solve.va_sample,2,326.781,
924.1844,solve.va_sample,2,326.781,
924.6847,solve.va_sample,2,326.781,
925.1850,solve.va_sample,2,326.781,
925.6852,solve.va_sample,2,326.781,
926.1855,solve.va_sample,2,326.781,
926.6857,solve.va_sample,2,326.781,
927.1860,solve.va_sample,2,326.781,
927.6863,solve.va_sample,2,326.781,
928.1865,solve.va_sample,2,326.781,
928.6867,solve.va_sample,2,326.781,
929.1870,solve.va_sample,2,326.781,
929.6872,solve.va_sample,2,326.781,
930.1875,solve.va_sample,2,326.781,
930.6877,solve.va_sample,2,326.781,
931.1879,solve.va_sample,2,326.781,
931.6882,solve.va_sample,2,326.781,
932.1884,solve.va_sample,2,326.781,
932.6887,solve.va_sample,2,326.781,
933.1889,solve.va_sample,2,326.781,
933.6892,solve.va_sample,2,326.781,
934.1894,solve.va_sample,2,326.781,
934.6897,solve.va_sample,2,326.781,
935.1900,solve.va_sample,2,326.781,
935.6903,solve.va_sample,2,326.781,
936.1905,solve.va_sample,2,326.781,
936.6908,solve.va_sample,2,326.781,
937.1910,solve.va_sample,2,326.781,
937.6912,solve.va_sample,2,326.781,
938.1915,solve.va_sample,2,326.781,
938.6917,solve.va_sample,2,326.781,
939.1920,solve.va_sample,2,326.781,
939.6922,solve.va_sample,2,326.781,
940.1925,solve.va_sample,2,326.781,
940.6927,solve.va_sample,2,326.781,
941.1930,solve.va_sample,2,326.781,
941.6933,solve.va_sample,2,326.781,
942.1935,solve.va_sample,2,326.781,
942.6938,solve.va_sample,2,326.781,
943.1940,solve.va_sample,2,326.781,
943.6942,solve.va_sample,2,326.781,
944.1945,solve.va_sample,2,327.039,
944.6947,solve.va_sample,2,327.039,
945.1950,solve.va_sample,2,327.039,
945.6953,solve.va_sample,2,327.039,
946.1955,solve.va_sample,2,327.039,
946.6958,solve.va_sample,2,327.039,
947.1960,solve.va_sample,2,327.039,
947.6963,solve.va_sample,2,327.039,
948.1965,solve.va_sample,2,327.039,
948.6968,solve.va_sample,2,327.039,
949.1970,solve.va_sample,2,327.039,
949.6973,solve.va_sample,2,327.039,
950.1975,solve.va_sample,2,327.039,
950.6977,solve.va_sample,2,327.039,
951.1980,solve.va_sample,2,327.039,
951.6982,solve.va_sample,2,327.039,
952.1985,solve.va_sample,2,327.039,
952.6987,solve.va_sample,2,327.039,
953.1990,solve.va_sample,2,327.039,
953.6992,solve.va_sample,2,327.039,
954.1995,solve.va_sample,2,327.039,
954.6997,solve.va_sample,2,327.039,
955.2000,solve.va_sample,2,327.039,
955.7003,solve.va_sample,2,327.039,
956.2005,solve.va_sample,2,327.039,
956.7008,solve.va_sample,2,327.039,
957.2010,solve.va_sample,2,327.039,
957.7013,solve.va_sample,2,327.039,
958.2015,solve.va_sample,2,327.039,
958.7017,solve.va_sample,2,327.039,
959.2020,solve.va_sample,2,327.039,
959.7022,solve.va_sample,2,327.039,
960.2025,solve.va_sample,2,327.039,
960.7027,solve.va_sample,2,327.039,
961.2030,solve.va_sample,2,327.039,
961.7032,solve.va_sample,2,327.039,
962.2035,solve.va_sample,2,327.039,
962.7037,solve.va_sample,2,327.039,
963.2039,solve.va_sample,2,327.039,
963.7042,solve.va_sample,2,327.039,
964.2044,solve.va_sample,2,327.039,
964.7047,solve.va_sample,2,327.039,
965.2050,solve.va_sample,2,327.039,
965.7052,solve.va_sample,2,327.039,
966.2055,solve.va_sample,2,327.039,
966.7057,solve.va_sample,2,327.039,
967.2060,solve.va_sample,2,327.039,
967.7062,solve.va_sample,2,327.039,
968.2064,solve.va_sample,2,327.039,
968.7067,solve.va_sample,2,327.039,
969.2069,solve.va_sample,2,327.039,
969.7072,solve.va_sample,2,327.039,
970.2075,solve.va_sample,2,327.039,
970.7077,solve.va_sample,2,327.039,
971.2079,solve.va_sample,2,327.039,
971.7082,solve.va_sample,2,327.039,
972.2084,solve.va_sample,2,327.039,
972.7087,solve.va_sample,2,327.039,
973.2089,solve.va_sample,2,327.039,
973.7091,solve.va_sample,2,327.039,
974.2094,solve.va_sample,2,327.039,
974.7096,solve.va_sample,2,327.039,
975.2099,solve.va_sample,2,327.039,
975.7102,solve.va_sample,2,327.039,
976.2104,solve.va_sample,2,327.039,
976.7107,solve.va_sample,2,327.039,
977.2109,solve.va_sample,2,327.039,
977.7111,solve.va_sample,2,327.039,
978.2114,solve.va_sample,2,327.039,
978.7116,solve.va_sample,2,327.039,
979.2119,solve.va_sample,2,327.039,
979.7121,solve.va_sample,2,327.039,
980.2124,solve.va_sample,2,327.039,
980.7127,solve.va_sample,2,327.039,
981.2129,solve.va_sample,2,327.039,
981.7132,solve.va_sample,2,327.039,
982.2135,solve.va_sample,2,327.039,
982.7137,solve.va_sample,2,327.039,
983.2139,solve.va_sample,2,327.039,
983.7142,solve.va_sample,2,327.039,
984.2144,solve.va_sample,2,327.039,
984.7147,solve.va_sample,2,327.039,
985.2150,solve.va_sample,2,327.039,
985.7153,solve.va_sample,2,327.039,
986.2155,solve.va_sample,2,327.039,
986.7158,solve.va_sample,2,327.039,
987.2160,solve.va_sample,2,327.039,
987.7163,solve.va_sample,2,327.039,
988.2165,solve.va_sample,2,327.039,
988.7168,solve.va_sample,2,327.039,
989.2170,solve.va_sample,2,327.039,
989.7173,solve.va_sample,2,327.039,
990.2176,solve.va_sample,2,327.039,
990.7178,solve.va_sample,2,327.039,
991.2181,solve.va_sample,2,327.039,
991.7184,solve.va_sample,2,327.039,
992.2187,solve.va_sample,2,327.039,
992.7189,solve.va_sample,2,327.039,
993.2192,solve.va_sample,2,327.039,
993.7194,solve.va_sample,2,327.039,
994.2197,solve.va_sample,2,327.039,
994.7200,solve.va_sample,2,327.039,
995.2203,solve.va_sample,2,327.039,
995.7205,solve.va_sample,2,327.039,
996.2208,solve.va_sample,2,327.039,
996.7210,solve.va_sample,2,327.039,
997.2213,solve.va_sample,2,327.039,
997.7216,solve.va_sample,2,327.039,
998.2218,solve.va_sample,2,327.039,
998.7221,solve.va_sample,2,327.039,
999.2224,solve.va_sample,2,327.039,
999.7227,solve.va_sample,2,327.039,
1000.2229,solve.va_sample,2,327.039,
1000.7232,solve.va_sample,2,327.039,
1001.2234,solve.va_sample,2,327.039,
1001.7237,solve.va_sample,2,327.039,
1002.2239,solve.va_sample,2,327.039,
1002.7242,solve.va_sample,2,327.039,
1003.2244,solve.va_sample,2,327.039,
1003.7247,solve.va_sample,2,327.039,
1004.2249,solve.va_sample,2,327.039,
1004.7252,solve.va_sample,2,327.039,
1005.2255,solve.va_sample,2,327.039,
1005.7257,solve.va_sample,2,327.039,
1006.2260,solve.va_sample,2,327.039,
1006.7262,solve.va_sample,2,327.039,
1007.2265,solve.va_sample,2,327.039,
1007.7267,solve.va_sample,2,327.039,
1008.2270,solve.va_sample,2,327.039,
1008.7272,solve.va_sample,2,327.039,
1009.2275,solve.va_sample,2,327.039,
1009.7277,solve.va_sample,2,327.039,
1010.2280,solve.va_sample,2,327.039,
1010.7282,solve.va_sample,2,327.039,
1011.2285,solve.va_sample,2,327.039,
1011.7288,solve.va_sample,2,327.039,
1012.2290,solve.va_sample,2,327.039,
1012.7293,solve.va_sample,2,327.039,
1013.2296,solve.va_sample,2,327.039,
1013.7298,solve.va_sample,2,327.039,
1014.2301,solve.va_sample,2,327.039,
1014.7303,solve.va_sample,2,327.039,
1015.2306,solve.va_sample,2,327.039,
1015.7309,solve.va_sample,2,327.039,
1016.2312,solve.va_sample,2,327.039,
1016.7314,solve.va_sample,2,327.039,
1017.2317,solve.va_sample,2,327.039,
1017.7319,solve.va_sample,2,327.039,
1018.2322,solve.va_sample,2,327.039,
1018.7325,solve.va_sample,2,327.039,
1019.2327,solve.va_sample,2,327.039,
1019.7330,solve.va_sample,2,327.039,
1020.2332,solve.va_sample,2,327.039,
1020.7335,solve.va_sample,2,327.039,
1021.2338,solve.va_sample,2,327.039,
1021.7340,solve.va_sample,2,327.039,
1022.2343,solve.va_sample,2,327.039,
1022.7345,solve.va_sample,2,327.039,
1023.2348,solve.va_sample,2,327.039,
1023.7350,solve.va_sample,2,327.039,
1024.2353,solve.va_sample,2,327.039,
1024.7356,solve.va_sample,2,327.039,
1025.2359,solve.va_sample,2,327.039,
1025.7361,solve.va_sample,2,327.039,
1026.2364,solve.va_sample,2,327.039,
1026.7366,solve.va_sample,2,327.039,
1027.2369,solve.va_sample,2,327.039,
1027.7372,solve.va_sample,2,327.039,
1028.2374,solve.va_sample,2,327.039,
1028.7376,solve.va_sample,2,327.039,
1029.2379,solve.va_sample,2,327.039,
1029.7382,solve.va_sample,2,327.039,
1030.2384,solve.va_sample,2,327.039,
1030.7387,solve.va_sample,2,327.039,
1031.2389,solve.va_sample,2,327.039,
1031.7392,solve.va_sample,2,327.039,
1032.2394,solve.va_sample,2,327.039,
1032.7397,solve.va_sample,2,327.039,
1033.2400,solve.va_sample,2,327.039,
1033.7402,solve.va_sample,2,327.039,
1034.2405,solve.va_sample,2,327.039,
1034.7407,solve.va_sample,2,327.039,
1035.2410,solve.va_sample,2,327.039,
1035.7413,solve.va_sample,2,327.039,
1036.2415,solve.va_sample,2,327.039,
1036.7418,solve.va_sample,2,327.039,
1037.2420,solve.va_sample,2,327.039,
1037.7423,solve.va_sample,2,327.039,
1038.2425,solve.va_sample,2,327.039,
1038.7428,solve.va_sample,2,327.039,
1039.2430,solve.va_sample,2,327.039,
1039.7432,solve.va_sample,2,327.039,
1040.2435,solve.va_sample,2,327.039,
1040.7438,solve.va_sample,2,327.039,
1041.2440,solve.va_sample,2,327.039,
1041.7443,solve.va_sample,2,327.039,
1042.2446,solve.va_sample,2,327.039,
1042.7448,solve.va_sample,2,327.039,
1043.2451,solve.va_sample,2,327.039,
1043.7453,solve.va_sample,2,327.039,
1044.2456,solve.va_sample,2,327.039,
1044.7458,solve.va_sample,2,327.039,
1045.2461,solve.va_sample,2,327.039,
1045.7463,solve.va_sample,2,327.039,
1046.2466,solve.va_sample,2,327.039,
1046.7468,solve.va_sample,2,327.039,
1047.2471,solve.va_sample,2,327.039,
1047.7473,solve.va_sample,2,327.039,
1048.2476,solve.va_sample,2,327.039,
1048.7478,solve.va_sample,2,327.039,
1049.2480,solve.va_sample,2,327.039,
1049.7483,solve.va_sample,2,327.039,
1050.2485,solve.va_sample,2,327.039,
1050.7488,solve.va_sample,2,327.039,
1051.2490,solve.va_sample,2,327.039,
1051.7492,solve.va_sample,2,327.039,
1052.2495,solve.va_sample,2,327.039,
1052.7498,solve.va_sample,2,327.039,
1053.2500,solve.va_sample,2,327.039,
1053.7502,solve.va_sample,2,327.039,
1054.2505,solve.va_sample,2,327.039,
1054.7507,solve.va_sample,2,327.039,
1055.2510,solve.va_sample,2,327.039,
1055.7513,solve.va_sample,2,327.039,
1056.2515,solve.va_sample,2,327.039,
1056.7517,solve.va_sample,2,327.039,
1057.2520,solve.va_sample,2,327.039,
1057.7522,solve.va_sample,2,327.039,
1058.2525,solve.va_sample,2,327.039,
1058.7527,solve.va_sample,2,327.039,
1059.2530,solve.va_sample,2,327.039,
1059.7532,solve.va_sample,2,327.039,
1060.2534,solve.va_sample,2,327.039,
1060.7537,solve.va_sample,2,327.039,
1061.2539,solve.va_sample,2,327.039,
1061.7542,solve.va_sample,2,327.039,
1062.2544,solve.va_sample,2,327.039,
1062.7546,solve.va_sample,2,327.039,
1063.2549,solve.va_sample,2,327.039,
1063.7551,solve.va_sample,2,327.039,
1064.2554,solve.va_sample,2,327.039,
1064.7556,solve.va_sample,2,327.039,
1065.2558,solve.va_sample,2,327.039,
1065.7561,solve.va_sample,2,327.039,
1066.2563,solve.va_sample,2,327.039,
1066.7566,solve.va_sample,2,327.039,
1067.2568,solve.va_sample,2,327.039,
1067.7570,solve.va_sample,2,327.039,
1068.2573,solve.va_sample,2,327.039,
1068.7575,solve.va_sample,2,327.039,
1069.2577,solve.va_sample,2,327.039,
1069.7580,solve.va_sample,2,327.039,
1070.2582,solve.va_sample,2,327.039,
1070.7585,solve.va_sample,2,327.039,
1071.2587,solve.va_sample,2,327.039,
1071.7590,solve.va_sample,2,327.039,
1072.2592,solve.va_sample,2,327.039,
1072.7594,solve.va_sample,2,327.039,
1073.2597,solve.va_sample,2,327.039,
1073.7599,solve.va_sample,2,327.039,
1074.2602,solve.va_sample,2,327.039,
1074.7604,solve.va_sample,2,327.039,
1075.2607,solve.va_sample,2,327.039,
1075.7609,solve.va_sample,2,327.039,
1076.2612,solve.va_sample,2,327.039,
1076.7614,solve.va_sample,2,327.039,
1077.2617,solve.va_sample,2,327.039,
1077.7619,solve.va_sample,2,327.039,
1078.2621,solve.va_sample,2,327.039,
1078.7624,solve.va_sample,2,327.039,
1079.2626,solve.va_sample,2,327.039,
1079.7629,solve.va_sample,2,327.039,
1080.2631,solve.va_sample,2,327.039,
1080.7634,solve.va_sample,2,327.039,
1081.2636,solve.va_sample,2,327.039,
1081.7638,solve.va_sample,2,327.039,
1082.2641,solve.va_sample,2,327.039,
1082.7643,solve.va_sample,2,327.039,
1083.2646,solve.va_sample,2,327.039,
1083.7648,solve.va_sample,2,327.039,
1084.2651,solve.va_sample,2,327.039,
1084.7653,solve.va_sample,2,327.039,
1085.2656,solve.va_sample,2,327.039,
1085.7658,solve.va_sample,2,327.039,
1086.2661,solve.va_sample,2,327.039,
1086.7663,solve.va_sample,2,327.039,
1087.2665,solve.va_sample,2,327.039,
1087.7668,solve.va_sample,2,327.039,
1088.2670,solve.va_sample,2,327.039,
1088.7672,solve.va_sample,2,327.039,
1089.2675,solve.va_sample,2,327.039,
1089.7677,solve.va_sample,2,327.039,
1090.2680,solve.va_sample,2,327.039,
1090.7682,solve.va_sample,2,327.039,
1091.2684,solve.va_sample,2,327.039,
1091.7687,solve.va_sample,2,327.039,
1092.2689,solve.va_sample,2,327.039,
1092.7691,solve.va_sample,2,327.039,
1093.2694,solve.va_sample,2,327.039,
1093.7696,solve.va_sample,2,327.039,
1094.2699,solve.va_sample,2,327.039,
1094.7701,solve.va_sample,2,327.039,
1095.2704,solve.va_sample,2,327.039,
1095.7706,solve.va_sample,2,327.039,
1096.2708,solve.va_sample,2,327.039,
1096.7711,solve.va_sample,2,327.039,
1097.2713,solve.va_sample,2,327.039,
1097.7716,solve.va_sample,2,327.039,
1098.2718,solve.va_sample,2,327.039,
1098.7721,solve.va_sample,2,327.039,
1099.2724,solve.va_sample,2,327.039,
1099.7726,solve.va_sample,2,327.039,
1100.2729,solve.va_sample,2,327.039,
1100.7731,solve.va_sample,2,327.039,
1101.2734,solve.va_sample,2,327.039,
1101.7736,solve.va_sample,2,327.039,
1102.2739,solve.va_sample,2,327.039,
1102.7741,solve.va_sample,2,327.039,
1103.2744,solve.va_sample,2,327.039,
1103.7746,solve.va_sample,2,327.039,
1104.2749,solve.va_sample,2,327.039,
1104.7751,solve.va_sample,2,327.039,
1105.2753,solve.va_sample,2,327.039,
1105.7756,solve.va_sample,2,327.039,
1106.2758,solve.va_sample,2,327.039,
1106.7761,solve.va_sample,2,327.039,
1107.2763,solve.va_sample,2,327.039,
1107.7765,solve.va_sample,2,327.039,
1108.2768,solve.va_sample,2,327.039,
1108.7770,solve.va_sample,2,327.039,
1109.2772,solve.va_sample,2,327.039,
1109.7775,solve.va_sample,2,327.039,
1110.2777,solve.va_sample,2,327.039,
1110.7780,solve.va_sample,2,327.039,
1111.2782,solve.va_sample,2,327.039,
1111.7785,solve.va_sample,2,327.039,
1112.2787,solve.va_sample,2,327.039,
1112.7790,solve.va_sample,2,327.039,
1113.2793,solve.va_sample,2,327.039,
1113.7795,solve.va_sample,2,327.039,
1114.2798,solve.va_sample,2,327.039,
1114.7800,solve.va_sample,2,327.039,
1115.2802,solve.va_sample,2,327.039,
1115.7805,solve.va_sample,2,327.039,
1116.2807,solve.va_sample,2,327.039,
1116.7810,solve.va_sample,2,327.039,
1117.2812,solve.va_sample,2,327.039,
1117.7815,solve.va_sample,2,327.039,
1118.2817,solve.va_sample,2,327.039,
1118.7819,solve.va_sample,2,327.039,
1119.2822,solve.va_sample,2,327.039,
1119.7824,solve.va_sample,2,327.039,
1120.2827,solve.va_sample,2,327.039,
1120.7829,solve.va_sample,2,327.039,
1121.2831,solve.va_sample,2,327.039,
1121.7834,solve.va_sample,2,327.039,
1122.2836,solve.va_sample,2,327.039,
1122.7839,solve.va_sample,2,327.039,
1123.2841,solve.va_sample,2,327.039,
1123.7843,solve.va_sample,2,327.039,
1124.2846,solve.va_sample,2,327.039,
1124.7848,solve.va_sample,2,327.039,
1125.2851,solve.va_sample,2,327.039,
1125.7853,solve.va_sample,2,327.039,
1126.2856,solve.va_sample,2,327.039,
1126.7859,solve.va_sample,2,327.039,
1127.2862,solve.va_sample,2,327.039,
1127.7864,solve.va_sample,2,327.039,
1128.2867,solve.va_sample,2,327.039,
1128.7869,solve.va_sample,2,327.039,
1129.2872,solve.va_sample,2,327.039,
1129.7874,solve.va_sample,2,327.039,
1130.2877,solve.va_sample,2,327.039,
1130.7879,solve.va_sample,2,327.039,
1131.2881,solve.va_sample,2,327.039,
1131.7884,solve.va_sample,2,327.039,
1132.2887,solve.va_sample,2,327.039,
1132.7889,solve.va_sample,2,327.039,
1133.2891,solve.va_sample,2,327.039,
1133.7894,solve.va_sample,2,327.039,
1134.2896,solve.va_sample,2,327.039,
1134.7899,solve.va_sample,2,327.039,
1135.2901,solve.va_sample,2,327.039,
1135.7904,solve.va_sample,2,327.039,
1136.2906,solve.va_sample,2,327.039,
1136.7909,solve.va_sample,2,327.039,
1137.2912,solve.va_sample,2,327.039,
1137.7914,solve.va_sample,2,327.039,
1138.2917,solve.va_sample,2,327.039,
1138.7919,solve.va_sample,2,327.039,
1139.2922,solve.va_sample,2,327.039,
1139.7924,solve.va_sample,2,327.039,
1140.2927,solve.va_sample,2,327.039,
1140.7929,solve.va_sample,2,327.039,
1141.2932,solve.va_sample,2,327.039,
1141.7934,solve.va_sample,2,327.039,
1142.2937,solve.va_sample,2,327.039,
1142.7939,solve.va_sample,2,327.039,
1143.2942,solve.va_sample,2,327.039,
1143.7944,solve.va_sample,2,327.039,
1144.2947,solve.va_sample,2,327.039,
1144.7949,solve.va_sample,2,327.039,
1145.2951,solve.va_sample,2,327.039,
1145.7954,solve.va_sample,2,327.039,
1146.2956,solve.va_sample,2,327.039,
1146.7959,solve.va_sample,2,327.039,
1147.2961,solve.va_sample,2,327.039,
1147.7963,solve.va_sample,2,327.039,
1148.2966,solve.va_sample,2,327.039,
1148.7968,solve.va_sample,2,327.039,
1149.2971,solve.va_sample,2,327.039,
1149.7973,solve.va_sample,2,327.039,
1150.2976,solve.va_sample,2,327.039,
1150.7978,solve.va_sample,2,327.039,
1151.2980,solve.va_sample,2,327.039,
1151.7983,solve.va_sample,2,327.039,
1152.2985,solve.va_sample,2,327.039,
1152.7987,solve.va_sample,2,327.039,
1153.2990,solve.va_sample,2,327.039,
1153.7992,solve.va_sample,2,327.039,
1154.2994,solve.va_sample,2,327.039,
1154.7997,solve.va_sample,2,327.039,
1155.2999,solve.va_sample,2,327.039,
1155.8002,solve.va_sample,2,327.039,
1156.3004,solve.va_sample,2,327.039,
1156.8007,solve.va_sample,2,327.039,
1157.3009,solve.va_sample,2,327.039,
1157.8012,solve.va_sample,2,327.039,
1158.3014,solve.va_sample,2,327.039,
1158.8017,solve.va_sample,2,327.039,
1159.3019,solve.va_sample,2,327.039,
1159.8022,solve.va_sample,2,327.039,
1160.3024,solve.va_sample,2,327.039,
1160.8026,solve.va_sample,2,327.039,
1161.3029,solve.va_sample,2,327.039,
1161.8031,solve.va_sample,2,327.039,
1162.3034,solve.va_sample,2,327.039,
1162.8036,solve.va_sample,2,327.039,
1163.3038,solve.va_sample,2,327.039,
1163.8041,solve.va_sample,2,327.039,
1164.3043,solve.va_sample,2,327.039,
1164.8046,solve.va_sample,2,327.039,
1165.3048,solve.va_sample,2,327.039,
1165.8050,solve.va_sample,2,327.039,
1166.3053,solve.va_sample,2,327.039,
1166.8055,solve.va_sample,2,327.039,
1167.3057,solve.va_sample,2,327.039,
1167.8060,solve.va_sample,2,327.039,
1168.3062,solve.va_sample,2,327.039,
1168.8065,solve.va_sample,2,327.039,
1169.3067,solve.va_sample,2,327.039,
1169.8070,solve.va_sample,2,327.039,
1170.3072,solve.va_sample,2,327.039,
1170.8074,solve.va_sample,2,327.039,
1171.3077,solve.va_sample,2,327.039,
1171.8080,solve.va_sample,2,327.039,
1172.3082,solve.va_sample,2,327.039,
1172.8084,solve.va_sample,2,327.039,
1173.3087,solve.va_sample,2,327.039,
1173.8089,solve.va_sample,2,327.039,
1174.3092,solve.va_sample,2,327.039,
1174.8094,solve.va_sample,2,327.039,
1175.3097,solve.va_sample,2,327.039,
1175.8099,solve.va_sample,2,327.039,
1176.3101,solve.va_sample,2,327.039,
1176.8104,solve.va_sample,2,327.039,
1177.3106,solve.va_sample,2,327.039,
1177.8108,solve.va_sample,2,327.039,
1178.3111,solve.va_sample,2,327.039,
1178.8113,solve.va_sample,2,327.039,
1179.3116,solve.va_sample,2,327.039,
1179.8118,solve.va_sample,2,327.039,
1180.3120,solve.va_sample,2,327.039,
1180.8123,solve.va_sample,2,327.039,
1181.3125,solve.va_sample,2,327.039,
1181.8127,solve.va_sample,2,327.039,
1182.3130,solve.va_sample,2,327.039,
1182.8132,solve.va_sample,2,327.039,
1183.3135,solve.va_sample,2,327.039,
1183.8138,solve.va_sample,2,327.039,
1184.3140,solve.va_sample,2,327.039,
1184.8142,solve.va_sample,2,327.039,
1185.3145,solve.va_sample,2,327.039,
1185.8147,solve.va_sample,2,327.039,
1186.3150,solve.va_sample,2,327.039,
1186.8152,solve.va_sample,2,327.039,
1187.3154,solve.va_sample,2,327.039,
1187.8157,solve.va_sample,2,327.039,
1188.3159,solve.va_sample,2,327.039,
1188.8162,solve.va_sample,2,327.039,
1189.3164,solve.va_sample,2,327.039,
1189.8167,solve.va_sample,2,327.039,
1190.3169,solve.va_sample,2,327.039,
1190.8171,solve.va_sample,2,327.039,
1191.3174,solve.va_sample,2,327.039,
1191.8176,solve.va_sample,2,327.039,
1192.3179,solve.va_sample,2,327.039,
1192.8181,solve.va_sample,2,327.039,
1193.3183,solve.va_sample,2,327.039,
1193.8186,solve.va_sample,2,327.039,
1194.3188,solve.va_sample,2,327.039,
1194.8191,solve.va_sample,2,327.039,
1195.3193,solve.va_sample,2,327.039,
1195.8196,solve.va_sample,2,327.039,
1196.3198,solve.va_sample,2,327.039,
1196.8201,solve.va_sample,2,327.039,
1197.3203,solve.va_sample,2,327.039,
1197.8205,solve.va_sample,2,327.039,
1198.3208,solve.va_sample,2,327.039,
1198.8211,solve.va_sample,2,327.039,
1199.3213,solve.va_sample,2,327.039,
1199.8216,solve.va_sample,2,327.039,
1200.3218,solve.va_sample,2,327.039,
1200.8221,solve.va_sample,2,327.039,
1201.3223,solve.va_sample,2,327.039,
1201.8226,solve.va_sample,2,327.039,
1202.3228,solve.va_sample,2,327.039,
1202.8230,solve.va_sample,2,327.039,
1203.3233,solve.va_sample,2,327.039,
1203.8235,solve.va_sample,2,327.039,
1204.3237,solve.va_sample,2,327.039,
1204.8240,solve.va_sample,2,327.039,
1205.3242,solve.va_sample,2,327.039,
1205.8245,solve.va_sample,2,327.039,
1206.3247,solve.va_sample,2,327.039,
1206.8249,solve.va_sample,2,327.039,
1207.3252,solve.va_sample,2,327.039,
1207.8255,solve.va_sample,2,327.039,
1208.3257,solve.va_sample,2,327.039,
1208.8259,solve.va_sample,2,327.039,
1209.3262,solve.va_sample,2,327.039,
1209.8264,solve.va_sample,2,327.039,
1210.3266,solve.va_sample,2,327.039,
1210.8269,solve.va_sample,2,327.039,
1211.3271,solve.va_sample,2,327.039,
1211.8274,solve.va_sample,2,327.039,
1212.3276,solve.va_sample,2,327.039,
1212.8279,solve.va_sample,2,327.039,
1213.3281,solve.va_sample,2,327.039,
1213.8284,solve.va_sample,2,327.039,
1214.3286,solve.va_sample,2,327.039,
1214.8289,solve.va_sample,2,327.039,
1215.3291,solve.va_sample,2,327.039,
1215.8294,solve.va_sample,2,327.039,
1216.3296,solve.va_sample,2,327.039,
1216.8299,solve.va_sample,2,327.039,
1217.3301,solve.va_sample,2,327.039,
1217.8303,solve.va_sample,2,327.039,
1218.3306,solve.va_sample,2,327.039,
1218.8308,solve.va_sample,2,327.039,
1219.3311,solve.va_sample,2,327.039,
1219.8313,solve.va_sample,2,327.039,
1220.3316,solve.va_sample,2,327.039,
1220.8318,solve.va_sample,2,327.039,
1221.3321,solve.va_sample,2,327.039,
1221.8323,solve.va_sample,2,327.039,
1222.3325,solve.va_sample,2,327.039,
1222.8328,solve.va_sample,2,327.039,
1223.3330,solve.va_sample,2,327.039,
1223.8333,solve.va_sample,2,327.039,
1224.3335,solve.va_sample,2,327.039,
1224.8337,solve.va_sample,2,327.039,
1225.3340,solve.va_sample,2,327.039,
1225.8342,solve.va_sample,2,327.039,
1226.3345,solve.va_sample,2,327.039,
1226.8347,solve.va_sample,2,327.039,
1227.3350,solve.va_sample,2,327.039,
1227.8352,solve.va_sample,2,327.039,
1228.3355,solve.va_sample,2,327.039,
1228.8357,solve.va_sample,2,327.039,
1229.3360,solve.va_sample,2,327.039,
1229.8362,solve.va_sample,2,327.039,
1230.3365,solve.va_sample,2,327.039,
1230.8367,solve.va_sample,2,327.039,
1231.3370,solve.va_sample,2,327.039,
1231.8373,solve.va_sample,2,327.039,
1232.3375,solve.va_sample,2,327.039,
1232.8377,solve.va_sample,2,327.039,
1233.3380,solve.va_sample,2,327.039,
1233.8382,solve.va_sample,2,327.039,
1234.3385,solve.va_sample,2,327.039,
1234.8387,solve.va_sample,2,327.039,
1235.3390,solve.va_sample,2,327.039,
1235.8392,solve.va_sample,2,327.039,
1236.3395,solve.va_sample,2,327.039,
1236.8397,solve.va_sample,2,327.039,
1237.3399,solve.va_sample,2,327.039,
1237.8402,solve.va_sample,2,327.039,
1238.3404,solve.va_sample,2,327.039,
1238.8407,solve.va_sample,2,327.039,
1239.3409,solve.va_sample,2,327.039,
1239.8412,solve.va_sample,2,327.039,
1240.3414,solve.va_sample,2,327.039,
1240.8416,solve.va_sample,2,327.039,
1241.3419,solve.va_sample,2,327.039,
1241.8422,solve.va_sample,2,327.039,
1242.3424,solve.va_sample,2,327.039,
1242.8427,solve.va_sample,2,327.039,
1243.3429,solve.va_sample,2,327.039,
1243.8432,solve.va_sample,2,327.039,
1244.3434,solve.va_sample,2,327.039,
1244.8437,solve.va_sample,2,327.039,
1245.3439,solve.va_sample,2,327.039,
1245.8441,solve.va_sample,2,327.039,
1246.3444,solve.va_sample,2,327.039,
1246.8446,solve.va_sample,2,327.039,
1247.3449,solve.va_sample,2,327.039,
1247.8451,solve.va_sample,2,327.039,
1248.3454,solve.va_sample,2,327.039,
1248.8456,solve.va_sample,2,327.039,
1249.3458,solve.va_sample,2,327.039,
1249.8461,solve.va_sample,2,327.039,
1250.3463,solve.va_sample,2,327.039,
1250.8466,solve.va_sample,2,327.039,
1251.3468,solve.va_sample,2,327.039,
1251.8471,solve.va_sample,2,327.039,
1252.3473,solve.va_sample,2,327.039,
1252.8476,solve.va_sample,2,327.039,
1253.3478,solve.va_sample,2,327.039,
1253.8480,solve.va_sample,2,327.039,
1254.3483,solve.va_sample,2,327.039,
1254.8485,solve.va_sample,2,327.039,
1255.3488,solve.va_sample,2,327.039,
1255.8490,solve.va_sample,2,327.039,
1256.3493,solve.va_sample,2,327.039,
1256.8495,solve.va_sample,2,327.039,
1257.3498,solve.va_sample,2,327.039,
1257.8500,solve.va_sample,2,327.039,
1258.3502,solve.va_sample,2,327.039,
1258.8505,solve.va_sample,2,327.039,
1259.3508,solve.va_sample,2,327.039,
1259.8510,solve.va_sample,2,327.039,
1260.3512,solve.va_sample,2,327.039,
1260.8515,solve.va_sample,2,327.039,
1261.3517,solve.va_sample,2,327.039,
1261.8520,solve.va_sample,2,327.039,
1262.3522,solve.va_sample,2,327.039,
1262.8524,solve.va_sample,2,327.039,
1263.3527,solve.va_sample,2,327.039,
1263.8529,solve.va_sample,2,327.039,
1264.3532,solve.va_sample,2,327.039,
1264.8534,solve.va_sample,2,327.039,
1265.3536,solve.va_sample,2,327.039,
1265.8539,solve.va_sample,2,327.039,
1266.3541,solve.va_sample,2,327.039,
1266.8544,solve.va_sample,2,327.039,
1267.3546,solve.va_sample,2,327.039,
1267.8549,solve.va_sample,2,327.039,
1268.3551,solve.va_sample,2,327.039,
1268.8554,solve.va_sample,2,327.039,
1269.3556,solve.va_sample,2,327.039,
1269.8559,solve.va_sample,2,327.039,
1270.3561,solve.va_sample,2,327.039,
1270.8564,solve.va_sample,2,327.039,
1271.3566,solve.va_sample,2,327.039,
1271.8569,solve.va_sample,2,327.039,
1272.3571,solve.va_sample,2,327.039,
1272.8574,solve.va_sample,2,327.039,
1273.3576,solve.va_sample,2,327.039,
1273.8578,solve.va_sample,2,327.039,
1274.3581,solve.va_sample,2,327.039,
1274.8583,solve.va_sample,2,327.039,
1275.3586,solve.va_sample,2,327.039,
1275.8588,solve.va_sample,2,327.039,
1276.3590,solve.va_sample,2,327.039,
1276.8593,solve.va_sample,2,327.039,
1277.3595,solve.va_sample,2,327.039,
1277.8598,solve.va_sample,2,327.039,
1278.3600,solve.va_sample,2,327.039,
1278.8602,solve.va_sample,2,327.039,
1279.3605,solve.va_sample,2,327.039,
1279.8607,solve.va_sample,2,327.039,
1280.3610,solve.va_sample,2,327.039,
1280.8613,solve.va_sample,2,327.039,
1281.3615,solve.va_sample,2,327.039,
1281.8617,solve.va_sample,2,327.039,
1282.3620,solve.va_sample,2,327.039,
1282.8622,solve.va_sample,2,327.039,
1283.3625,solve.va_sample,2,327.039,
1283.8627,solve.va_sample,2,327.039,
1284.3630,solve.va_sample,2,327.039,
1284.8633,solve.va_sample,2,327.039,
1285.3635,solve.va_sample,2,327.039,
1285.8637,solve.va_sample,2,327.039,
1286.3640,solve.va_sample,2,327.039,
1286.8642,solve.va_sample,2,327.039,
1287.3645,solve.va_sample,2,327.039,
1287.8647,solve.va_sample,2,327.039,
1288.3649,solve.va_sample,2,327.039,
1288.8652,solve.va_sample,2,327.039,
1289.3654,solve.va_sample,2,327.039,
1289.8656,solve.va_sample,2,327.039,
1290.3659,solve.va_sample,2,327.039,
1290.8661,solve.va_sample,2,327.039,
1291.3664,solve.va_sample,2,327.039,
1291.8667,solve.va_sample,2,327.039,
1292.3669,solve.va_sample,2,327.039,
1292.8672,solve.va_sample,2,327.039,
1293.3674,solve.va_sample,2,327.039,
1293.8677,solve.va_sample,2,327.039,
1294.3679,solve.va_sample,2,327.039,
1294.8681,solve.va_sample,2,327.039,
1295.3684,solve.va_sample,2,327.039,
1295.8687,solve.va_sample,2,327.297,
1296.3690,solve.va_sample,2,327.297,
1296.8692,solve.va_sample,2,327.297,
1297.3695,solve.va_sample,2,327.297,
1297.8697,solve.va_sample,2,327.297,
1298.3700,solve.va_sample,2,327.297,
1298.8702,solve.va_sample,2,327.297,
1299.3705,solve.va_sample,2,327.297,
1299.8708,solve.va_sample,2,327.297,
1300.3710,solve.va_sample,2,327.297,
1300.8713,solve.va_sample,2,327.297,
1301.3715,solve.va_sample,2,327.297,
1301.8718,solve.va_sample,2,327.297,
1302.3720,solve.va_sample,2,327.297,
1302.8723,solve.va_sample,2,327.297,
1303.3725,solve.va_sample,2,327.297,
1303.8728,solve.va_sample,2,327.297,
1304.3730,solve.va_sample,2,327.297,
1304.8733,solve.va_sample,2,327.297,
1305.3735,solve.va_sample,2,327.297,
1305.8738,solve.va_sample,2,327.297,
1306.3740,solve.va_sample,2,327.297,
1306.8742,solve.va_sample,2,327.297,
1307.3745,solve.va_sample,2,327.297,
1307.8747,solve.va_sample,2,327.297,
1308.3750,solve.va_sample,2,327.297,
1308.8752,solve.va_sample,2,327.297,
1309.3755,solve.va_sample,2,327.297,
1309.8757,solve.va_sample,2,327.297,
1310.3759,solve.va_sample,2,327.297,
1310.8762,solve.va_sample,2,327.297,
1311.3764,solve.va_sample,2,327.297,
1311.8767,solve.va_sample,2,327.297,
1312.3769,solve.va_sample,2,327.297,
1312.8772,solve.va_sample,2,327.297,
1313.3774,solve.va_sample,2,327.297,
1313.8777,solve.va_sample,2,327.297,
1314.3779,solve.va_sample,2,327.297,
1314.8782,solve.va_sample,2,327.297,
1315.3784,solve.va_sample,2,327.297,
1315.8787,solve.va_sample,2,327.297,
1316.3789,solve.va_sample,2,327.297,
1316.8792,solve.va_sample,2,327.297,
1317.3795,solve.va_sample,2,327.297,
1317.8797,solve.va_sample,2,327.297,
1318.3800,solve.va_sample,2,327.297,
1318.8802,solve.va_sample,2,327.297,
1319.3805,solve.va_sample,2,327.297,
1319.8807,solve.va_sample,2,327.297,
1320.3810,solve.va_sample,2,327.297,
1320.8813,solve.va_sample,2,327.297,
1321.3815,solve.va_sample,2,327.297,
1321.8818,solve.va_sample,2,327.297,
1322.3821,solve.va_sample,2,327.297,
1322.8823,solve.va_sample,2,327.297,
1323.3826,solve.va_sample,2,327.297,
1323.8828,solve.va_sample,2,327.297,
1324.3830,solve.va_sample,2,327.297,
1324.8833,solve.va_sample,2,327.297,
1325.3835,solve.va_sample,2,327.297,
1325.8838,solve.va_sample,2,327.297,
1326.3840,solve.va_sample,2,327.297,
1326.8842,solve.va_sample,2,327.297,
1327.3845,solve.va_sample,2,327.297,
1327.8848,solve.va_sample,2,327.297,
1328.3850,solve.va_sample,2,327.297,
1328.8853,solve.va_sample,2,327.297,
1329.3855,solve.va_sample,2,327.297,
1329.8857,solve.va_sample,2,327.297,
1330.3860,solve.va_sample,2,327.297,
1330.8862,solve.va_sample,2,327.297,
1331.3865,solve.va_sample,2,327.297,
1331.8867,solve.va_sample,2,327.297,
1332.3870,solve.va_sample,2,327.297,
1332.8872,solve.va_sample,2,327.297,
1333.3875,solve.va_sample,2,327.297,
1333.8877,solve.va_sample,2,327.297,
1334.3880,solve.va_sample,2,327.297,
1334.8882,solve.va_sample,2,327.297,
1335.3885,solve.va_sample,2,327.297,
1335.8887,solve.va_sample,2,327.297,
1336.3890,solve.va_sample,2,327.297,
1336.8892,solve.va_sample,2,327.297,
1337.3895,solve.va_sample,2,327.297,
1337.8897,solve.va_sample,2,327.297,
1338.3900,solve.va_sample,2,327.297,
1338.8902,solve.va_sample,2,327.297,
1339.3905,solve.va_sample,2,327.297,
1339.8908,solve.va_sample,2,327.297,
1340.3910,solve.va_sample,2,327.297,
1340.8913,solve.va_sample,2,327.297,
1341.3915,solve.va_sample,2,327.297,
1341.8918,solve.va_sample,2,327.297,
1342.3920,solve.va_sample,2,327.297,
1342.8923,solve.va_sample,2,327.297,
1343.3925,solve.va_sample,2,327.297,
1343.8928,solve.va_sample,2,327.297,
1344.3930,solve.va_sample,2,327.297,
1344.8933,solve.va_sample,2,327.297,
1345.3935,solve.va_sample,2,327.297,
1345.8938,solve.va_sample,2,327.297,
1346.3940,solve.va_sample,2,327.297,
1346.8942,solve.va_sample,2,327.297,
1347.3945,solve.va_sample,2,327.297,
1347.8947,solve.va_sample,2,327.297,
1348.3950,solve.va_sample,2,327.297,
1348.8952,solve.va_sample,2,327.297,
1349.3955,solve.va_sample,2,327.297,
1349.8957,solve.va_sample,2,327.297,
1350.3960,solve.va_sample,2,327.297,
1350.8962,solve.va_sample,2,327.297,
1351.3965,solve.va_sample,2,327.297,
1351.8967,solve.va_sample,2,327.297,
1352.3970,solve.va_sample,2,327.297,
1352.8972,solve.va_sample,2,327.297,
1353.3975,solve.va_sample,2,327.297,
1353.8977,solve.va_sample,2,327.297,
1354.3980,solve.va_sample,2,327.297,
1354.8982,solve.va_sample,2,327.297,
1355.3985,solve.va_sample,2,327.297,
1355.8987,solve.va_sample,2,327.297,
1356.3990,solve.va_sample,2,327.297,
1356.8993,solve.va_sample,2,327.297,
1357.3995,solve.va_sample,2,327.297,
1357.8997,solve.va_sample,2,327.297,
1358.4000,solve.va_sample,2,327.297,
1358.9002,solve.va_sample,2,327.297,
1359.4005,solve.va_sample,2,327.297,
1359.9007,solve.va_sample,2,327.297,
1360.4010,solve.va_sample,2,327.297,
1360.9012,solve.va_sample,2,327.297,
1361.4015,solve.va_sample,2,327.297,
1361.9017,solve.va_sample,2,327.297,
1362.4020,solve.va_sample,2,327.297,
1362.9022,solve.va_sample,2,327.297,
1363.4025,solve.va_sample,2,327.297,
1363.9027,solve.va_sample,2,327.297,
1364.4030,solve.va_sample,2,327.297,
1364.9032,solve.va_sample,2,327.297,
1365.4035,solve.va_sample,2,327.297,
1365.9037,solve.va_sample,2,327.297,
1366.4040,solve.va_sample,2,327.297,
1366.9042,solve.va_sample,2,327.297,
1367.4045,solve.va_sample,2,327.297,
1367.9047,solve.va_sample,2,327.297,
1368.4050,solve.va_sample,2,327.297,
1368.9052,solve.va_sample,2,327.297,
1369.4055,solve.va_sample,2,327.297,
1369.9057,solve.va_sample,2,327.297,
1370.4060,solve.va_sample,2,327.297,
1370.9062,solve.va_sample,2,327.297,
1371.4065,solve.va_sample,2,327.297,
1371.9067,solve.va_sample,2,327.297,
1372.4070,solve.va_sample,2,327.297,
1372.9072,solve.va_sample,2,327.297,
1373.4075,solve.va_sample,2,327.297,
1373.9077,solve.va_sample,2,327.297,
1374.4080,solve.va_sample,2,327.297,
1374.9082,solve.va_sample,2,327.297,
1375.4085,solve.va_sample,2,327.297,
1375.9087,solve.va_sample,2,327.297,
1376.4089,solve.va_sample,2,327.297,
1376.9092,solve.va_sample,2,327.297,
1377.4094,solve.va_sample,2,327.297,
1377.9097,solve.va_sample,2,327.297,
1378.4099,solve.va_sample,2,327.297,
1378.9101,solve.va_sample,2,327.297,
1379.4104,solve.va_sample,2,327.297,
1379.9106,solve.va_sample,2,327.297,
1380.4109,solve.va_sample,2,327.297,
1380.9111,solve.va_sample,2,327.297,
1381.4114,solve.va_sample,2,327.297,
1381.9116,solve.va_sample,2,327.297,
1382.4119,solve.va_sample,2,327.297,
1382.9121,solve.va_sample,2,327.297,
1383.4124,solve.va_sample,2,327.297,
1383.9126,solve.va_sample,2,327.297,
1384.4129,solve.va_sample,2,327.297,
1384.9131,solve.va_sample,2,327.297,
1385.4134,solve.va_sample,2,327.297,
1385.9136,solve.va_sample,2,327.297,
1386.4139,solve.va_sample,2,327.297,
1386.9141,solve.va_sample,2,327.297,
1387.4144,solve.va_sample,2,327.297,
1387.9146,solve.va_sample,2,327.297,
1388.4149,solve.va_sample,2,327.297,
1388.9151,solve.va_sample,2,327.297,
1389.4154,solve.va_sample,2,327.297,
1389.9156,solve.va_sample,2,327.297,
1390.4159,solve.va_sample,2,327.297,
1390.9161,solve.va_sample,2,327.297,
1391.4164,solve.va_sample,2,327.297,
1391.9166,solve.va_sample,2,327.297,
1392.4169,solve.va_sample,2,327.297,
1392.9171,solve.va_sample,2,327.297,
1393.4174,solve.va_sample,2,327.297,
1393.9176,solve.va_sample,2,327.297,
1394.4179,solve.va_sample,2,327.297,
1394.9181,solve.va_sample,2,327.297,
1395.4184,solve.va_sample,2,327.297,
1395.9186,solve.va_sample,2,327.297,
1396.4189,solve.va_sample,2,327.297,
1396.9191,solve.va_sample,2,327.297,
1397.4194,solve.va_sample,2,327.297,
1397.9196,solve.va_sample,2,327.297,
1398.4199,solve.va_sample,2,327.297,
1398.9202,solve.va_sample,2,327.297,
1399.4204,solve.va_sample,2,327.297,
1399.9207,solve.va_sample,2,327.297,
1400.4210,solve.va_sample,2,327.297,
1400.9212,solve.va_sample,2,327.297,
1401.4215,solve.va_sample,2,327.297,
1401.9217,solve.va_sample,2,327.297,
1402.4220,solve.va_sample,2,327.297,
1402.9222,solve.va_sample,2,327.297,
1403.4224,solve.va_sample,2,327.297,
1403.9227,solve.va_sample,2,327.297,
1404.4229,solve.va_sample,2,327.297,
1404.9232,solve.va_sample,2,327.297,
1405.4234,solve.va_sample,2,327.297,
1405.9237,solve.va_sample,2,327.297,
1406.4239,solve.va_sample,2,327.297,
1406.9241,solve.va_sample,2,327.297,
1407.4244,solve.va_sample,2,327.297,
1407.9247,solve.va_sample,2,327.297,
1408.4249,solve.va_sample,2,327.297,
1408.9251,solve.va_sample,2,327.297,
1409.4254,solve.va_sample,2,327.297,
1409.9256,solve.va_sample,2,327.297,
1410.4259,solve.va_sample,2,327.297,
1410.9261,solve.va_sample,2,327.297,
1411.4264,solve.va_sample,2,327.297,
1411.9266,solve.va_sample,2,327.297,
1412.4269,solve.va_sample,2,327.297,
1412.9271,solve.va_sample,2,327.297,
1413.4274,solve.va_sample,2,327.297,
1413.9276,solve.va_sample,2,327.297,
1414.4279,solve.va_sample,2,327.297,
1414.9281,solve.va_sample,2,327.297,
1415.4284,solve.va_sample,2,327.297,
1415.9286,solve.va_sample,2,327.297,
1416.4289,solve.va_sample,2,327.297,
1416.9291,solve.va_sample,2,327.297,
1417.4294,solve.va_sample,2,327.297,
1417.9296,solve.va_sample,2,327.297,
1418.4299,solve.va_sample,2,327.297,
1418.9301,solve.va_sample,2,327.297,
1419.4304,solve.va_sample,2,327.297,
1419.9306,solve.va_sample,2,327.297,
1420.4309,solve.va_sample,2,327.297,
1420.9311,solve.va_sample,2,327.297,
1421.4314,solve.va_sample,2,327.297,
1421.9316,solve.va_sample,2,327.297,
1422.4319,solve.va_sample,2,327.297,
1422.9321,solve.va_sample,2,327.297,
1423.4324,solve.va_sample,2,327.297,
1423.9326,solve.va_sample,2,327.297,
1424.4329,solve.va_sample,2,327.297,
1424.9332,solve.va_sample,2,327.297,
1425.4334,solve.va_sample,2,327.297,
1425.9337,solve.va_sample,2,327.297,
1426.4339,solve.va_sample,2,327.297,
1426.9342,solve.va_sample,2,327.297,
1427.4345,solve.va_sample,2,327.297,
1427.9347,solve.va_sample,2,327.297,
1428.4350,solve.va_sample,2,327.297,
1428.9352,solve.va_sample,2,327.297,
1429.4355,solve.va_sample,2,327.297,
1429.9357,solve.va_sample,2,327.297,
1430.4360,solve.va_sample,2,327.297,
1430.9362,solve.va_sample,2,327.297,
1431.4365,solve.va_sample,2,327.297,
1431.9367,solve.va_sample,2,327.297,
1432.4370,solve.va_sample,2,327.297,
1432.9372,solve.va_sample,2,327.297,
1433.4375,solve.va_sample,2,327.297,
1433.9377,solve.va_sample,2,327.297,
1434.4380,solve.va_sample,2,327.297,
1434.9382,solve.va_sample,2,327.297,
1435.4385,solve.va_sample,2,327.297,
1435.9387,solve.va_sample,2,327.297,
1436.4390,solve.va_sample,2,327.297,
1436.9392,solve.va_sample,2,327.297,
1437.4395,solve.va_sample,2,327.297,
1437.9397,solve.va_sample,2,327.297,
1438.4400,solve.va_sample,2,327.297,
1438.9402,solve.va_sample,2,327.297,
1439.4405,solve.va_sample,2,327.297,
1439.9407,solve.va_sample,2,327.297,
1440.4410,solve.va_sample,2,327.297,
1440.9412,solve.va_sample,2,327.297,
1441.4415,solve.va_sample,2,327.297,
1441.9417,solve.va_sample,2,327.297,
1442.4420,solve.va_sample,2,327.297,
1442.9422,solve.va_sample,2,327.297,
1443.4425,solve.va_sample,2,327.297,
1443.9427,solve.va_sample,2,327.297,
1444.4430,solve.va_sample,2,327.297,
1444.9432,solve.va_sample,2,327.297,
1445.4435,solve.va_sample,2,327.297,
1445.9437,solve.va_sample,2,327.297,
1446.4439,solve.va_sample,2,327.297,
1446.9442,solve.va_sample,2,327.297,
1447.4444,solve.va_sample,2,327.297,
1447.9447,solve.va_sample,2,327.297,
1448.4449,solve.va_sample,2,327.297,
1448.9452,solve.va_sample,2,327.297,
1449.4454,solve.va_sample,2,327.297,
1449.9457,solve.va_sample,2,327.297,
1450.4459,solve.va_sample,2,327.297,
1450.9462,solve.va_sample,2,327.297,
1451.4464,solve.va_sample,2,327.297,
1451.9467,solve.va_sample,2,327.297,
1452.4469,solve.va_sample,2,327.297,
1452.9471,solve.va_sample,2,327.297,
1453.4474,solve.va_sample,2,327.297,
1453.9477,solve.va_sample,2,327.297,
1454.4479,solve.va_sample,2,327.297,
1454.9482,solve.va_sample,2,327.297,
1455.4484,solve.va_sample,2,327.297,
1455.9487,solve.va_sample,2,327.297,
1456.4489,solve.va_sample,2,327.297,
1456.9492,solve.va_sample,2,327.297,
1457.4494,solve.va_sample,2,327.297,
1457.9496,solve.va_sample,2,327.297,
1458.4499,solve.va_sample,2,327.297,
1458.9501,solve.va_sample,2,327.297,
1459.4504,solve.va_sample,2,327.297,
1459.9507,solve.va_sample,2,327.297,
1460.4509,solve.va_sample,2,327.297,
1460.9512,solve.va_sample,2,327.297,
1461.4514,solve.va_sample,2,327.297,
1461.9517,solve.va_sample,2,327.297,
1462.4519,solve.va_sample,2,327.297,
1462.9522,solve.va_sample,2,327.297,
1463.4525,solve.va_sample,2,327.297,
1463.9527,solve.va_sample,2,327.297,
1464.4529,solve.va_sample,2,327.297,
1464.9532,solve.va_sample,2,327.297,
1465.4534,solve.va_sample,2,327.297,
1465.9537,solve.va_sample,2,327.297,
1466.4539,solve.va_sample,2,327.297,
1466.9541,solve.va_sample,2,327.297,
1467.4544,solve.va_sample,2,327.297,
1467.9546,solve.va_sample,2,327.297,
1468.4549,solve.va_sample,2,327.297,
1468.9551,solve.va_sample,2,327.297,
1469.4554,solve.va_sample,2,327.297,
1469.9556,solve.va_sample,2,327.297,
1470.4559,solve.va_sample,2,327.297,
1470.9561,solve.va_sample,2,327.297,
1471.4564,solve.va_sample,2,327.297,
1471.9566,solve.va_sample,2,327.297,
1472.4569,solve.va_sample,2,327.297,
1472.9571,solve.va_sample,2,327.297,
1473.4574,solve.va_sample,2,327.297,
1473.9576,solve.va_sample,2,327.297,
1474.4579,solve.va_sample,2,327.297,
1474.9581,solve.va_sample,2,327.297,
1475.4584,solve.va_sample,2,327.297,
1475.9586,solve.va_sample,2,327.297,
1476.4589,solve.va_sample,2,327.297,
1476.9591,solve.va_sample,2,327.297,
1477.4594,solve.va_sample,2,327.297,
1477.9596,solve.va_sample,2,327.297,
1478.4598,solve.va_sample,2,327.297,
1478.9601,solve.va_sample,2,327.297,
1479.4604,solve.va_sample,2,327.297,
1479.9606,solve.va_sample,2,327.297,
1480.4608,solve.va_sample,2,327.297,
1480.9611,solve.va_sample,2,327.297,
1481.4613,solve.va_sample,2,327.297,
1481.9616,solve.va_sample,2,327.297,
1482.4618,solve.va_sample,2,327.297,
1482.9620,solve.va_sample,2,327.297,
1483.4623,solve.va_sample,2,327.297,
1483.9626,solve.va_sample,2,327.297,
1484.4628,solve.va_sample,2,327.297,
1484.9631,solve.va_sample,2,327.297,
1485.4633,solve.va_sample,2,327.297,
1485.9636,solve.va_sample,2,327.297,
1486.4638,solve.va_sample,2,327.297,
1486.9641,solve.va_sample,2,327.297,
1487.4643,solve.va_sample,2,327.297,
1487.9646,solve.va_sample,2,327.297,
1488.4648,solve.va_sample,2,327.297,
1488.9651,solve.va_sample,2,327.297,
1489.4653,solve.va_sample,2,327.297,
1489.9655,solve.va_sample,2,327.297,
1490.4658,solve.va_sample,2,327.297,
1490.9660,solve.va_sample,2,327.297,
1491.4662,solve.va_sample,2,327.297,
1491.9665,solve.va_sample,2,327.297,
1492.4667,solve.va_sample,2,327.297,
1492.9669,solve.va_sample,2,327.297,
1493.4672,solve.va_sample,2,327.297,
1493.9674,solve.va_sample,2,327.297,
1494.4677,solve.va_sample,2,327.297,
1494.9679,solve.va_sample,2,327.297,
1495.4681,solve.va_sample,2,327.297,
1495.9684,solve.va_sample,2,327.297,
1496.4686,solve.va_sample,2,327.297,
1496.9689,solve.va_sample,2,327.297,
1497.4691,solve.va_sample,2,327.297,
1497.9694,solve.va_sample,2,327.297,
1498.4697,solve.va_sample,2,327.297,
1498.9699,solve.va_sample,2,327.297,
1499.4701,solve.va_sample,2,327.297,
1499.9704,solve.va_sample,2,327.297,
1500.4706,solve.va_sample,2,327.297,
1500.9709,solve.va_sample,2,327.297,
1501.4711,solve.va_sample,2,327.297,
1501.9714,solve.va_sample,2,327.297,
1502.4716,solve.va_sample,2,327.297,
1502.9719,solve.va_sample,2,327.297,
1503.4721,solve.va_sample,2,327.297,
1503.9724,solve.va_sample,2,327.297,
1504.4726,solve.va_sample,2,327.297,
1504.9729,solve.va_sample,2,327.297,
1505.4731,solve.va_sample,2,327.297,
1505.9733,solve.va_sample,2,327.297,
1506.4736,solve.va_sample,2,327.297,
1506.9738,solve.va_sample,2,327.297,
1507.4741,solve.va_sample,2,327.297,
1507.9743,solve.va_sample,2,327.297,
1508.4745,solve.va_sample,2,327.297,
1508.9748,solve.va_sample,2,327.297,
1509.4750,solve.va_sample,2,327.297,
1509.9753,solve.va_sample,2,327.297,
1510.4755,solve.va_sample,2,327.297,
1510.9757,solve.va_sample,2,327.297,
1511.4760,solve.va_sample,2,327.297,
1511.9762,solve.va_sample,2,327.297,
1512.4765,solve.va_sample,2,327.297,
1512.9768,solve.va_sample,2,327.297,
1513.4770,solve.va_sample,2,327.297,
1513.9772,solve.va_sample,2,327.297,
1514.4775,solve.va_sample,2,327.297,
1514.9777,solve.va_sample,2,327.297,
1515.4780,solve.va_sample,2,327.297,
1515.9782,solve.va_sample,2,327.297,
1516.4784,solve.va_sample,2,327.297,
1516.9787,solve.va_sample,2,327.297,
1517.4789,solve.va_sample,2,327.297,
1517.9791,solve.va_sample,2,327.297,
1518.4794,solve.va_sample,2,327.297,
1518.9796,solve.va_sample,2,327.297,
1519.4799,solve.va_sample,2,327.297,
1519.9801,solve.va_sample,2,327.297,
1520.4804,solve.va_sample,2,327.297,
1520.9807,solve.va_sample,2,327.297,
1521.4809,solve.va_sample,2,327.297,
1521.9812,solve.va_sample,2,327.297,
1522.4814,solve.va_sample,2,327.297,
1522.9816,solve.va_sample,2,327.297,
1523.4819,solve.va_sample,2,327.297,
1523.9821,solve.va_sample,2,327.297,
1524.4824,solve.va_sample,2,327.297,
1524.9826,solve.va_sample,2,327.297,
1525.4828,solve.va_sample,2,327.297,
1525.9831,solve.va_sample,2,327.297,
1526.4834,solve.va_sample,2,327.297,
1526.9836,solve.va_sample,2,327.297,
1527.4839,solve.va_sample,2,327.297,
1527.9841,solve.va_sample,2,327.297,
1528.4844,solve.va_sample,2,327.297,
1528.9846,solve.va_sample,2,327.297,
1529.4849,solve.va_sample,2,327.297,
1529.9851,solve.va_sample,2,327.297,
1530.4854,solve.va_sample,2,327.297,
1530.9856,solve.va_sample,2,327.297,
1531.4859,solve.va_sample,2,327.297,
1531.9861,solve.va_sample,2,327.297,
1532.4864,solve.va_sample,2,327.297,
1532.9867,solve.va_sample,2,327.297,
1533.4869,solve.va_sample,2,327.297,
1533.9872,solve.va_sample,2,327.297,
1534.4874,solve.va_sample,2,327.297,
1534.9877,solve.va_sample,2,327.297,
1535.4879,solve.va_sample,2,327.297,
1535.9882,solve.va_sample,2,327.297,
1536.4884,solve.va_sample,2,327.297,
1536.9887,solve.va_sample,2,327.297,
1537.4889,solve.va_sample,2,327.297,
1537.9892,solve.va_sample,2,327.297,
1538.4894,solve.va_sample,2,327.297,
1538.9897,solve.va_sample,2,327.297,
1539.4899,solve.va_sample,2,327.297,
1539.9902,solve.va_sample,2,327.297,
1540.4905,solve.va_sample,2,327.297,
1540.9908,solve.va_sample,2,327.297,
1541.4910,solve.va_sample,2,327.297,
1541.9912,solve.va_sample,2,327.297,
1542.4915,solve.va_sample,2,327.297,
1542.9917,solve.va_sample,2,327.297,
1543.4920,solve.va_sample,2,327.297,
1543.9922,solve.va_sample,2,327.297,
1544.4925,solve.va_sample,2,327.297,
1544.9927,solve.va_sample,2,327.297,
1545.4930,solve.va_sample,2,327.297,
1545.9932,solve.va_sample,2,327.297,
1546.4935,solve.va_sample,2,327.297,
1546.9938,solve.va_sample,2,327.297,
1547.4940,solve.va_sample,2,327.297,
1547.9942,solve.va_sample,2,327.297,
1548.4945,solve.va_sample,2,327.297,
1548.9947,solve.va_sample,2,327.297,
1549.4950,solve.va_sample,2,327.297,
1549.9952,solve.va_sample,2,327.297,
1550.4954,solve.va_sample,2,327.297,
1550.9957,solve.va_sample,2,327.297,
1551.4959,solve.va_sample,2,327.297,
1551.9961,solve.va_sample,2,327.297,
1552.4964,solve.va_sample,2,327.297,
1552.9966,solve.va_sample,2,327.297,
1553.4968,solve.va_sample,2,327.297,
1553.9970,solve.va_sample,2,327.297,
1554.4973,solve.va_sample,2,327.297,
1554.9976,solve.va_sample,2,327.297,
1555.4979,solve.va_sample,2,327.297,
1555.9981,solve.va_sample,2,327.297,
1556.4984,solve.va_sample,2,327.297,
1556.9986,solve.va_sample,2,327.297,
1557.4988,solve.va_sample,2,327.297,
1557.9991,solve.va_sample,2,327.297,
1558.4993,solve.va_sample,2,327.297,
1558.9996,solve.va_sample,2,327.297,
1559.4998,solve.va_sample,2,327.297,
1560.0000,solve.va_sample,2,327.297,
1560.5003,solve.va_sample,2,327.297,
1561.0005,solve.va_sample,2,327.297,
1561.5007,solve.va_sample,2,327.297,
1562.0010,solve.va_sample,2,327.297,
1562.5012,solve.va_sample,2,327.297,
1563.0015,solve.va_sample,2,327.297,
1563.5017,solve.va_sample,2,327.297,
1564.0019,solve.va_sample,2,327.297,
1564.5022,solve.va_sample,2,327.297,
1565.0024,solve.va_sample,2,327.297,
1565.5027,solve.va_sample,2,327.297,
1566.0030,solve.va_sample,2,327.297,
1566.5032,solve.va_sample,2,327.297,
1567.0035,solve.va_sample,2,327.297,
1567.5037,solve.va_sample,2,327.297,
1568.0040,solve.va_sample,2,327.297,
1568.5042,solve.va_sample,2,327.297,
1569.0045,solve.va_sample,2,327.297,
1569.5048,solve.va_sample,2,327.297,
1570.0050,solve.va_sample,2,327.297,
1570.5053,solve.va_sample,2,327.297,
1571.0055,solve.va_sample,2,327.297,
1571.5057,solve.va_sample,2,327.297,
1572.0060,solve.va_sample,2,327.297,
1572.5063,solve.va_sample,2,327.297,
1573.0065,solve.va_sample,2,327.297,
1573.5067,solve.va_sample,2,327.297,
1574.0070,solve.va_sample,2,327.297,
1574.5072,solve.va_sample,2,327.297,
1575.0075,solve.va_sample,2,327.297,
1575.5077,solve.va_sample,2,327.297,
1576.0080,solve.va_sample,2,327.297,
1576.5082,solve.va_sample,2,327.297,
1577.0085,solve.va_sample,2,327.297,
1577.5087,solve.va_sample,2,327.297,
1578.0090,solve.va_sample,2,327.297,
1578.5092,solve.va_sample,2,327.297,
1579.0094,solve.va_sample,2,327.297,
1579.5097,solve.va_sample,2,327.297,
1580.0100,solve.va_sample,2,327.297,
1580.5102,solve.va_sample,2,327.297,
1581.0105,solve.va_sample,2,327.297,
1581.5107,solve.va_sample,2,327.297,
1582.0110,solve.va_sample,2,327.297,
1582.5112,solve.va_sample,2,327.297,
1583.0115,solve.va_sample,2,327.297,
1583.5118,solve.va_sample,2,327.297,
1584.0120,solve.va_sample,2,327.297,
1584.5122,solve.va_sample,2,327.297,
1585.0125,solve.va_sample,2,327.297,
1585.5128,solve.va_sample,2,327.297,
1586.0130,solve.va_sample,2,327.297,
1586.5133,solve.va_sample,2,327.297,
1587.0135,solve.va_sample,2,327.297,
1587.5138,solve.va_sample,2,327.297,
1588.0140,solve.va_sample,2,327.297,
1588.5142,solve.va_sample,2,327.297,
1589.0145,solve.va_sample,2,327.297,
1589.5147,solve.va_sample,2,327.297,
1590.0150,solve.va_sample,2,327.297,
1590.5152,solve.va_sample,2,327.297,
1591.0155,solve.va_sample,2,327.297,
1591.5158,solve.va_sample,2,327.297,
1592.0160,solve.va_sample,2,327.297,
1592.5163,solve.va_sample,2,327.297,
1593.0165,solve.va_sample,2,327.297,
1593.5167,solve.va_sample,2,327.297,
1594.0170,solve.va_sample,2,327.297,
1594.5172,solve.va_sample,2,327.297,
1595.0175,solve.va_sample,2,327.297,
1595.5177,solve.va_sample,2,327.297,
1596.0180,solve.va_sample,2,327.297,
1596.5183,solve.va_sample,2,327.297,
1597.0185,solve.va_sample,2,327.297,
1597.5395,solve.va_sample,2,333.227,
1598.0670,solve.va_sample,2,338.383,
1598.5968,solve.va_sample,2,343.539,
1599.1279,solve.va_sample,2,348.438,
1599.5881,solve.va_sample,2,353.078,
1599.5911,solve.sample_eval,2,353.336,
1599.6535,solve.sample_eval,2,353.336,
1600.1893,solve.sample_eval,2,360.555,
1600.7250,solve.sample_eval,2,375.766,
1601.2607,solve.sample_eval,2,387.367,
1601.7863,solve.sample_eval,2,398.711,
1602.3220,solve.sample_eval,2,422.688,
1602.8527,solve.sample_eval,2,427.844,
1603.3783,solve.sample_eval,2,438.414,
1603.9140,solve.sample_eval,2,450.016,
1604.4400,solve.sample_eval,2,461.102,
1604.9758,solve.sample_eval,2,471.930,
1605.5120,solve.sample_eval,2,483.016,
1606.0376,solve.sample_eval,2,493.586,
1606.5231,solve.sample_eval,2,525.812,
1606.5245,solve,1,525.812,
1606.8009,(unmarked),0,534.301,
1607.3014,(unmarked),0,506.324,
1607.3088,(unmarked),0,506.641,
