hub_id,part_id,part_cost_P_k,hub_existing_T_j,new_hub_transfer_cost
H001,P0001,176.76,0,50.0
H001,P0002,108.69,0,50.0
H001,P0003,166.06,0,50.0
H001,P0004,34.77,0,50.0
H001,P0005,362.15,0,50.0
H001,P0007,145.2,0,50.0
H001,P0008,266.5,0,50.0
H001,P0009,84.25,0,50.0
H001,P0010,1446.53,0,50.0
H001,P0011,430.68,0,50.0
H001,P0012,424.22,0,50.0
H001,P0013,160.44,0,50.0
H001,P0014,73.83,0,50.0
H001,P0015,219.64,0,50.0
H001,P0016,72.66,0,50.0
H001,P0018,172.97,0,50.0
H001,P0019,425.6,0,50.0
H001,P0020,208.21,0,50.0
H001,P0021,160.14,0,50.0
H001,P0022,487.96,0,50.0
H001,P0023,126.13,0,50.0
H001,P0025,88.44,0,50.0
H001,P0026,519.91,0,50.0
H001,P0027,144.07,0,50.0
H001,P0028,83.54,0,50.0
H001,P0029,24.05,0,50.0
H001,P0030,54.73,0,50.0
H001,P0031,185.5,0,50.0
H001,P0032,237.18,0,50.0
H001,P0033,625.97,0,50.0
H001,P0034,74.81,0,50.0
H001,P0035,219.22,0,50.0
H001,P0036,449.44,0,50.0
H001,P0037,17.9,0,50.0
H001,P0040,50.33,0,50.0
H001,P0042,203.23,0,50.0
H001,P0043,418.05,0,50.0
H001,P0044,251.54,0,50.0
H001,P0045,183.89,0,50.0
H001,P0046,125.04,0,50.0
H001,P0047,69.69,0,50.0
H001,P0049,24.84,0,50.0
H001,P0050,118.64,0,50.0
H001,P0051,282.75,0,50.0
H001,P0052,49.66,0,50.0
H001,P0053,298.7,0,50.0
H001,P0054,338.47,0,50.0
H001,P0055,150.09,0,50.0
H001,P0056,122.12,0,50.0
H001,P0057,230.63,0,50.0
H001,P0058,249.7,0,50.0
H001,P0059,111.85,0,50.0
H001,P0060,895.67,0,50.0
H001,P0061,551.94,0,50.0
H001,P0062,346.54,0,50.0
H001,P0063,493.96,0,50.0
H001,P0064,455.68,0,50.0
H001,P0065,40.42,0,50.0
H001,P0066,1384.54,0,50.0
H001,P0067,38.17,0,50.0
H001,P0068,169.5,0,50.0
H001,P0069,51.69,0,50.0
H001,P0070,248.21,0,50.0
H001,P0071,208.78,0,50.0
H001,P0072,174.63,0,50.0
H001,P0073,10.56,0,50.0
H001,P0075,176.16,0,50.0
H001,P0076,22.06,0,50.0
H001,P0078,122.32,0,50.0
H001,P0079,70.79,0,50.0
H001,P0080,207.1,0,50.0
H001,P0081,86.42,0,50.0
H001,P0082,199.76,0,50.0
H001,P0083,101.1,0,50.0
H001,P0084,62.38,0,50.0
H001,P0085,50.01,0,50.0
H001,P0086,290.19,0,50.0
H001,P0087,153.68,0,50.0
H001,P0089,82.9,0,50.0
H001,P0090,63.37,0,50.0
H001,P0091,978.89,0,50.0
H001,P0092,197.85,0,50.0
H001,P0093,165.25,0,50.0
H001,P0095,78.23,0,50.0
H001,P0096,52.21,0,50.0
H001,P0097,88.93,0,50.0
H001,P0098,163.61,0,50.0
H001,P0099,116.52,0,50.0
H001,P0100,102.53,0,50.0
H001,P0102,93.53,0,50.0
H001,P0103,51.65,0,50.0
H001,P0105,108.64,0,50.0
H001,P0106,105.85,0,50.0
H001,P0107,219.55,0,50.0
H001,P0108,200.89,0,50.0
H001,P0109,49.86,0,50.0
H001,P0110,70.56,0,50.0
H001,P0111,38.73,0,50.0
H001,P0113,179.88,0,50.0
H001,P0114,87.55,0,50.0
H001,P0115,58.07,0,50.0
H001,P0116,40.87,0,50.0
H001,P0117,426.37,0,50.0
H001,P0118,92.96,0,50.0
H001,P0119,167.35,0,50.0
H001,P0121,57.25,0,50.0
H001,P0122,199.54,0,50.0
H001,P0123,151.15,0,50.0
H001,P0124,439.66,0,50.0
H001,P0125,230.7,0,50.0
H001,P0126,43.35,0,50.0
H001,P0127,119.49,0,50.0
H001,P0128,121.12,0,50.0
H001,P0129,124.87,0,50.0
H001,P0130,43.48,0,50.0
H001,P0131,29.33,0,50.0
H001,P0132,118.62,0,50.0
H001,P0133,182.63,0,50.0
H001,P0134,45.36,0,50.0
H001,P0135,716.52,0,50.0
H001,P0136,241.63,0,50.0
H001,P0137,85.95,0,50.0
H001,P0138,851.47,0,50.0
H001,P0139,33.81,0,50.0
H001,P0140,53.6,0,50.0
H001,P0141,50.65,0,50.0
H001,P0142,386.97,0,50.0
H001,P0143,68.49,0,50.0
H001,P0144,260.73,0,50.0
H001,P0145,168.49,0,50.0
H001,P0146,79.12,0,50.0
H001,P0147,151.11,0,50.0
H001,P0148,46.16,0,50.0
H001,P0149,286.51,0,50.0
H001,P0150,55.17,0,50.0
H002,P0001,176.76,0,50.0
H002,P0002,108.69,0,50.0
H002,P0003,166.06,0,50.0
H002,P0006,121.39,0,50.0
H002,P0007,145.2,0,50.0
H002,P0008,266.5,0,50.0
H002,P0009,84.25,0,50.0
H002,P0010,1446.53,0,50.0
H002,P0011,430.68,0,50.0
H002,P0012,424.22,0,50.0
H002,P0013,160.44,0,50.0
H002,P0014,73.83,0,50.0
H002,P0015,219.64,0,50.0
H002,P0016,72.66,0,50.0
H002,P0018,172.97,0,50.0
H002,P0019,425.6,0,50.0
H002,P0020,208.21,0,50.0
H002,P0021,160.14,0,50.0
H002,P0023,126.13,0,50.0
H002,P0024,86.75,0,50.0
H002,P0025,88.44,0,50.0
H002,P0026,519.91,0,50.0
H002,P0027,144.07,0,50.0
H002,P0028,83.54,0,50.0
H002,P0029,24.05,0,50.0
H002,P0030,54.73,0,50.0
H002,P0031,185.5,0,50.0
H002,P0032,237.18,0,50.0
H002,P0033,625.97,0,50.0
H002,P0035,219.22,0,50.0
H002,P0036,449.44,0,50.0
H002,P0037,17.9,0,50.0
H002,P0039,50.38,0,50.0
H002,P0040,50.33,0,50.0
H002,P0041,324.42,0,50.0
H002,P0043,418.05,0,50.0
H002,P0044,251.54,0,50.0
H002,P0045,183.89,0,50.0
H002,P0046,125.04,0,50.0
H002,P0047,69.69,0,50.0
H002,P0048,238.05,0,50.0
H002,P0049,24.84,0,50.0
H002,P0050,118.64,0,50.0
H002,P0051,282.75,0,50.0
H002,P0052,49.66,0,50.0
H002,P0053,298.7,0,50.0
H002,P0055,150.09,0,50.0
H002,P0056,122.12,0,50.0
H002,P0057,230.63,0,50.0
H002,P0058,249.7,0,50.0
H002,P0059,111.85,0,50.0
H002,P0061,551.94,0,50.0
H002,P0062,346.54,0,50.0
H002,P0063,493.96,0,50.0
H002,P0064,455.68,0,50.0
H002,P0065,40.42,0,50.0
H002,P0066,1384.54,0,50.0
H002,P0067,38.17,0,50.0
H002,P0068,169.5,0,50.0
H002,P0069,51.69,0,50.0
H002,P0070,248.21,0,50.0
H002,P0071,208.78,0,50.0
H002,P0072,174.63,0,50.0
H002,P0073,10.56,0,50.0
H002,P0074,289.71,0,50.0
H002,P0076,22.06,0,50.0
H002,P0078,122.32,0,50.0
H002,P0079,70.79,0,50.0
H002,P0080,207.1,0,50.0
H002,P0081,86.42,0,50.0
H002,P0083,101.1,0,50.0
H002,P0084,62.38,0,50.0
H002,P0085,50.01,0,50.0
H002,P0087,153.68,0,50.0
H002,P0089,82.9,0,50.0
H002,P0090,63.37,0,50.0
H002,P0091,978.89,0,50.0
H002,P0092,197.85,0,50.0
H002,P0093,165.25,0,50.0
H002,P0094,554.13,0,50.0
H002,P0096,52.21,0,50.0
H002,P0097,88.93,0,50.0
H002,P0098,163.61,0,50.0
H002,P0099,116.52,0,50.0
H002,P0100,102.53,0,50.0
H002,P0101,160.46,0,50.0
H002,P0102,93.53,0,50.0
H002,P0103,51.65,0,50.0
H002,P0104,272.0,0,50.0
H002,P0105,108.64,0,50.0
H002,P0107,219.55,0,50.0
H002,P0109,49.86,0,50.0
H002,P0110,70.56,0,50.0
H002,P0111,38.73,0,50.0
H002,P0113,179.88,0,50.0
H002,P0114,87.55,0,50.0
H002,P0116,40.87,0,50.0
H002,P0117,426.37,0,50.0
H002,P0118,92.96,0,50.0
H002,P0119,167.35,0,50.0
H002,P0120,125.87,0,50.0
H002,P0121,57.25,0,50.0
H002,P0122,199.54,0,50.0
H002,P0123,151.15,0,50.0
H002,P0124,439.66,0,50.0
H002,P0125,230.7,0,50.0
H002,P0126,43.35,0,50.0
H002,P0127,119.49,0,50.0
H002,P0129,124.87,0,50.0
H002,P0130,43.48,0,50.0
H002,P0131,29.33,0,50.0
H002,P0132,118.62,0,50.0
H002,P0133,182.63,0,50.0
H002,P0134,45.36,0,50.0
H002,P0135,716.52,0,50.0
H002,P0136,241.63,0,50.0
H002,P0137,85.95,0,50.0
H002,P0138,851.47,0,50.0
H002,P0139,33.81,0,50.0
H002,P0142,386.97,0,50.0
H002,P0143,68.49,0,50.0
H002,P0145,168.49,0,50.0
H002,P0146,79.12,0,50.0
H002,P0147,151.11,0,50.0
H002,P0148,46.16,0,50.0
H002,P0150,55.17,0,50.0
H003,P0002,108.69,1,0.0
H003,P0003,166.06,1,0.0
H003,P0004,34.77,1,0.0
H003,P0007,145.2,1,0.0
H003,P0010,1446.53,1,0.0
H003,P0011,430.68,1,0.0
H003,P0012,424.22,1,0.0
H003,P0013,160.44,1,0.0
H003,P0014,73.83,1,0.0
H003,P0016,72.66,1,0.0
H003,P0019,425.6,1,0.0
H003,P0020,208.21,1,0.0
H003,P0023,126.13,1,0.0
H003,P0025,88.44,1,0.0
H003,P0026,519.91,1,0.0
H003,P0027,144.07,1,0.0
H003,P0028,83.54,1,0.0
H003,P0030,54.73,1,0.0
H003,P0031,185.5,1,0.0
H003,P0032,237.18,1,0.0
H003,P0033,625.97,1,0.0
H003,P0034,74.81,1,0.0
H003,P0035,219.22,1,0.0
H003,P0036,449.44,1,0.0
H003,P0038,1120.7,1,0.0
H003,P0039,50.38,1,0.0
H003,P0043,418.05,1,0.0
H003,P0045,183.89,1,0.0
H003,P0046,125.04,1,0.0
H003,P0047,69.69,1,0.0
H003,P0049,24.84,1,0.0
H003,P0050,118.64,1,0.0
H003,P0051,282.75,1,0.0
H003,P0052,49.66,1,0.0
H003,P0053,298.7,1,0.0
H003,P0054,338.47,1,0.0
H003,P0055,150.09,1,0.0
H003,P0056,122.12,1,0.0
H003,P0058,249.7,1,0.0
H003,P0059,111.85,1,0.0
H003,P0060,895.67,1,0.0
H003,P0061,551.94,1,0.0
H003,P0062,346.54,1,0.0
H003,P0063,493.96,1,0.0
H003,P0064,455.68,1,0.0
H003,P0065,40.42,1,0.0
H003,P0066,1384.54,1,0.0
H003,P0067,38.17,1,0.0
H003,P0069,51.69,1,0.0
H003,P0070,248.21,1,0.0
H003,P0071,208.78,1,0.0
H003,P0073,10.56,1,0.0
H003,P0075,176.16,1,0.0
H003,P0077,547.47,1,0.0
H003,P0078,122.32,1,0.0
H003,P0079,70.79,1,0.0
H003,P0081,86.42,1,0.0
H003,P0082,199.76,1,0.0
H003,P0083,101.1,1,0.0
H003,P0084,62.38,1,0.0
H003,P0086,290.19,1,0.0
H003,P0087,153.68,1,0.0
H003,P0089,82.9,1,0.0
H003,P0092,197.85,1,0.0
H003,P0093,165.25,1,0.0
H003,P0095,78.23,1,0.0
H003,P0097,88.93,1,0.0
H003,P0098,163.61,1,0.0
H003,P0099,116.52,1,0.0
H003,P0100,102.53,1,0.0
H003,P0101,160.46,1,0.0
H003,P0102,93.53,1,0.0
H003,P0104,272.0,1,0.0
H003,P0105,108.64,1,0.0
H003,P0106,105.85,1,0.0
H003,P0107,219.55,1,0.0
H003,P0108,200.89,1,0.0
H003,P0109,49.86,1,0.0
H003,P0110,70.56,1,0.0
H003,P0111,38.73,1,0.0
H003,P0113,179.88,1,0.0
H003,P0116,40.87,1,0.0
H003,P0117,426.37,1,0.0
H003,P0118,92.96,1,0.0
H003,P0120,125.87,1,0.0
H003,P0121,57.25,1,0.0
H003,P0122,199.54,1,0.0
H003,P0123,151.15,1,0.0
H003,P0124,439.66,1,0.0
H003,P0125,230.7,1,0.0
H003,P0126,43.35,1,0.0
H003,P0127,119.49,1,0.0
H003,P0128,121.12,1,0.0
H003,P0129,124.87,1,0.0
H003,P0131,29.33,1,0.0
H003,P0132,118.62,1,0.0
H003,P0133,182.63,1,0.0
H003,P0134,45.36,1,0.0
H003,P0135,716.52,1,0.0
H003,P0138,851.47,1,0.0
H003,P0139,33.81,1,0.0
H003,P0140,53.6,1,0.0
H003,P0142,386.97,1,0.0
H003,P0143,68.49,1,0.0
H003,P0145,168.49,1,0.0
H003,P0146,79.12,1,0.0
H003,P0147,151.11,1,0.0
H003,P0148,46.16,1,0.0
H003,P0150,55.17,1,0.0
H004,P0001,176.76,1,0.0
H004,P0002,108.69,1,0.0
H004,P0003,166.06,1,0.0
H004,P0004,34.77,1,0.0
H004,P0005,362.15,1,0.0
H004,P0006,121.39,1,0.0
H004,P0007,145.2,1,0.0
H004,P0008,266.5,1,0.0
H004,P0010,1446.53,1,0.0
H004,P0011,430.68,1,0.0
H004,P0012,424.22,1,0.0
H004,P0013,160.44,1,0.0
H004,P0016,72.66,1,0.0
H004,P0018,172.97,1,0.0
H004,P0019,425.6,1,0.0
H004,P0020,208.21,1,0.0
H004,P0021,160.14,1,0.0
H004,P0023,126.13,1,0.0
H004,P0025,88.44,1,0.0
H004,P0027,144.07,1,0.0
H004,P0028,83.54,1,0.0
H004,P0030,54.73,1,0.0
H004,P0031,185.5,1,0.0
H004,P0032,237.18,1,0.0
H004,P0033,625.97,1,0.0
H004,P0034,74.81,1,0.0
H004,P0035,219.22,1,0.0
H004,P0037,17.9,1,0.0
H004,P0038,1120.7,1,0.0
H004,P0040,50.33,1,0.0
H004,P0041,324.42,1,0.0
H004,P0042,203.23,1,0.0
H004,P0043,418.05,1,0.0
H004,P0044,251.54,1,0.0
H004,P0045,183.89,1,0.0
H004,P0046,125.04,1,0.0
H004,P0047,69.69,1,0.0
H004,P0049,24.84,1,0.0
H004,P0050,118.64,1,0.0
H004,P0052,49.66,1,0.0
H004,P0053,298.7,1,0.0
H004,P0054,338.47,1,0.0
H004,P0056,122.12,1,0.0
H004,P0057,230.63,1,0.0
H004,P0059,111.85,1,0.0
H004,P0060,895.67,1,0.0
H004,P0061,551.94,1,0.0
H004,P0063,493.96,1,0.0
H004,P0064,455.68,1,0.0
H004,P0065,40.42,1,0.0
H004,P0066,1384.54,1,0.0
H004,P0067,38.17,1,0.0
H004,P0068,169.5,1,0.0
H004,P0069,51.69,1,0.0
H004,P0070,248.21,1,0.0
H004,P0071,208.78,1,0.0
H004,P0072,174.63,1,0.0
H004,P0073,10.56,1,0.0
H004,P0075,176.16,1,0.0
H004,P0076,22.06,1,0.0
H004,P0078,122.32,1,0.0
H004,P0079,70.79,1,0.0
H004,P0080,207.1,1,0.0
H004,P0081,86.42,1,0.0
H004,P0083,101.1,1,0.0
H004,P0084,62.38,1,0.0
H004,P0085,50.01,1,0.0
H004,P0087,153.68,1,0.0
H004,P0088,70.94,1,0.0
H004,P0089,82.9,1,0.0
H004,P0091,978.89,1,0.0
H004,P0092,197.85,1,0.0
H004,P0093,165.25,1,0.0
H004,P0094,554.13,1,0.0
H004,P0095,78.23,1,0.0
H004,P0097,88.93,1,0.0
H004,P0098,163.61,1,0.0
H004,P0099,116.52,1,0.0
H004,P0102,93.53,1,0.0
H004,P0103,51.65,1,0.0
H004,P0105,108.64,1,0.0
H004,P0106,105.85,1,0.0
H004,P0107,219.55,1,0.0
H004,P0108,200.89,1,0.0
H004,P0109,49.86,1,0.0
H004,P0110,70.56,1,0.0
H004,P0111,38.73,1,0.0
H004,P0113,179.88,1,0.0
H004,P0114,87.55,1,0.0
H004,P0117,426.37,1,0.0
H004,P0118,92.96,1,0.0
H004,P0119,167.35,1,0.0
H004,P0121,57.25,1,0.0
H004,P0122,199.54,1,0.0
H004,P0124,439.66,1,0.0
H004,P0125,230.7,1,0.0
H004,P0126,43.35,1,0.0
H004,P0127,119.49,1,0.0
H004,P0129,124.87,1,0.0
H004,P0131,29.33,1,0.0
H004,P0132,118.62,1,0.0
H004,P0133,182.63,1,0.0
H004,P0134,45.36,1,0.0
H004,P0135,716.52,1,0.0
H004,P0136,241.63,1,0.0
H004,P0137,85.95,1,0.0
H004,P0138,851.47,1,0.0
H004,P0140,53.6,1,0.0
H004,P0141,50.65,1,0.0
H004,P0142,386.97,1,0.0
H004,P0143,68.49,1,0.0
H004,P0144,260.73,1,0.0
H004,P0145,168.49,1,0.0
H004,P0146,79.12,1,0.0
H004,P0147,151.11,1,0.0
H004,P0148,46.16,1,0.0
H004,P0149,286.51,1,0.0
H004,P0150,55.17,1,0.0
H005,P0001,176.76,0,50.0
H005,P0002,108.69,0,50.0
H005,P0003,166.06,0,50.0
H005,P0004,34.77,0,50.0
H005,P0005,362.15,0,50.0
H005,P0006,121.39,0,50.0
H005,P0007,145.2,0,50.0
H005,P0009,84.25,0,50.0
H005,P0010,1446.53,0,50.0
H005,P0011,430.68,0,50.0
H005,P0012,424.22,0,50.0
H005,P0013,160.44,0,50.0
H005,P0014,73.83,0,50.0
H005,P0015,219.64,0,50.0
H005,P0016,72.66,0,50.0
H005,P0017,172.71,0,50.0
H005,P0018,172.97,0,50.0
H005,P0019,425.6,0,50.0
H005,P0020,208.21,0,50.0
H005,P0021,160.14,0,50.0
H005,P0022,487.96,0,50.0
H005,P0023,126.13,0,50.0
H005,P0024,86.75,0,50.0
H005,P0025,88.44,0,50.0
H005,P0027,144.07,0,50.0
H005,P0029,24.05,0,50.0
H005,P0030,54.73,0,50.0
H005,P0031,185.5,0,50.0
H005,P0032,237.18,0,50.0
H005,P0033,625.97,0,50.0
H005,P0034,74.81,0,50.0
H005,P0036,449.44,0,50.0
H005,P0037,17.9,0,50.0
H005,P0039,50.38,0,50.0
H005,P0041,324.42,0,50.0
H005,P0042,203.23,0,50.0
H005,P0043,418.05,0,50.0
H005,P0045,183.89,0,50.0
H005,P0046,125.04,0,50.0
H005,P0047,69.69,0,50.0
H005,P0048,238.05,0,50.0
H005,P0049,24.84,0,50.0
H005,P0050,118.64,0,50.0
H005,P0051,282.75,0,50.0
H005,P0052,49.66,0,50.0
H005,P0054,338.47,0,50.0
H005,P0055,150.09,0,50.0
H005,P0057,230.63,0,50.0
H005,P0059,111.85,0,50.0
H005,P0060,895.67,0,50.0
H005,P0061,551.94,0,50.0
H005,P0062,346.54,0,50.0
H005,P0063,493.96,0,50.0
H005,P0064,455.68,0,50.0
H005,P0065,40.42,0,50.0
H005,P0066,1384.54,0,50.0
H005,P0067,38.17,0,50.0
H005,P0068,169.5,0,50.0
H005,P0069,51.69,0,50.0
H005,P0070,248.21,0,50.0
H005,P0071,208.78,0,50.0
H005,P0072,174.63,0,50.0
H005,P0073,10.56,0,50.0
H005,P0076,22.06,0,50.0
H005,P0077,547.47,0,50.0
H005,P0078,122.32,0,50.0
H005,P0079,70.79,0,50.0
H005,P0081,86.42,0,50.0
H005,P0082,199.76,0,50.0
H005,P0083,101.1,0,50.0
H005,P0084,62.38,0,50.0
H005,P0085,50.01,0,50.0
H005,P0086,290.19,0,50.0
H005,P0087,153.68,0,50.0
H005,P0089,82.9,0,50.0
H005,P0090,63.37,0,50.0
H005,P0091,978.89,0,50.0
H005,P0092,197.85,0,50.0
H005,P0093,165.25,0,50.0
H005,P0095,78.23,0,50.0
H005,P0096,52.21,0,50.0
H005,P0097,88.93,0,50.0
H005,P0098,163.61,0,50.0
H005,P0099,116.52,0,50.0
H005,P0100,102.53,0,50.0
H005,P0101,160.46,0,50.0
H005,P0103,51.65,0,50.0
H005,P0105,108.64,0,50.0
H005,P0106,105.85,0,50.0
H005,P0107,219.55,0,50.0
H005,P0108,200.89,0,50.0
H005,P0109,49.86,0,50.0
H005,P0110,70.56,0,50.0
H005,P0111,38.73,0,50.0
H005,P0113,179.88,0,50.0
H005,P0114,87.55,0,50.0
H005,P0117,426.37,0,50.0
H005,P0118,92.96,0,50.0
H005,P0119,167.35,0,50.0
H005,P0120,125.87,0,50.0
H005,P0121,57.25,0,50.0
H005,P0122,199.54,0,50.0
H005,P0123,151.15,0,50.0
H005,P0124,439.66,0,50.0
H005,P0125,230.7,0,50.0
H005,P0126,43.35,0,50.0
H005,P0127,119.49,0,50.0
H005,P0128,121.12,0,50.0
H005,P0129,124.87,0,50.0
H005,P0130,43.48,0,50.0
H005,P0131,29.33,0,50.0
H005,P0132,118.62,0,50.0
H005,P0133,182.63,0,50.0
H005,P0134,45.36,0,50.0
H005,P0135,716.52,0,50.0
H005,P0137,85.95,0,50.0
H005,P0138,851.47,0,50.0
H005,P0139,33.81,0,50.0
H005,P0140,53.6,0,50.0
H005,P0142,386.97,0,50.0
H005,P0143,68.49,0,50.0
H005,P0144,260.73,0,50.0
H005,P0145,168.49,0,50.0
H005,P0146,79.12,0,50.0
H005,P0147,151.11,0,50.0
H005,P0150,55.17,0,50.0
H006,P0001,176.76,1,0.0
H006,P0002,108.69,1,0.0
H006,P0003,166.06,1,0.0
H006,P0004,34.77,1,0.0
H006,P0006,121.39,1,0.0
H006,P0007,145.2,1,0.0
H006,P0010,1446.53,1,0.0
H006,P0011,430.68,1,0.0
H006,P0012,424.22,1,0.0
H006,P0013,160.44,1,0.0
H006,P0014,73.83,1,0.0
H006,P0016,72.66,1,0.0
H006,P0017,172.71,1,0.0
H006,P0019,425.6,1,0.0
H006,P0020,208.21,1,0.0
H006,P0021,160.14,1,0.0
H006,P0023,126.13,1,0.0
H006,P0024,86.75,1,0.0
H006,P0025,88.44,1,0.0
H006,P0026,519.91,1,0.0
H006,P0027,144.07,1,0.0
H006,P0028,83.54,1,0.0
H006,P0029,24.05,1,0.0
H006,P0030,54.73,1,0.0
H006,P0031,185.5,1,0.0
H006,P0032,237.18,1,0.0
H006,P0033,625.97,1,0.0
H006,P0034,74.81,1,0.0
H006,P0035,219.22,1,0.0
H006,P0036,449.44,1,0.0
H006,P0037,17.9,1,0.0
H006,P0038,1120.7,1,0.0
H006,P0039,50.38,1,0.0
H006,P0040,50.33,1,0.0
H006,P0042,203.23,1,0.0
H006,P0043,418.05,1,0.0
H006,P0045,183.89,1,0.0
H006,P0046,125.04,1,0.0
H006,P0047,69.69,1,0.0
H006,P0048,238.05,1,0.0
H006,P0049,24.84,1,0.0
H006,P0050,118.64,1,0.0
H006,P0052,49.66,1,0.0
H006,P0053,298.7,1,0.0
H006,P0054,338.47,1,0.0
H006,P0056,122.12,1,0.0
H006,P0057,230.63,1,0.0
H006,P0059,111.85,1,0.0
H006,P0060,895.67,1,0.0
H006,P0061,551.94,1,0.0
H006,P0063,493.96,1,0.0
H006,P0064,455.68,1,0.0
H006,P0065,40.42,1,0.0
H006,P0066,1384.54,1,0.0
H006,P0067,38.17,1,0.0
H006,P0068,169.5,1,0.0
H006,P0069,51.69,1,0.0
H006,P0073,10.56,1,0.0
H006,P0075,176.16,1,0.0
H006,P0077,547.47,1,0.0
H006,P0078,122.32,1,0.0
H006,P0079,70.79,1,0.0
H006,P0081,86.42,1,0.0
H006,P0082,199.76,1,0.0
H006,P0084,62.38,1,0.0
H006,P0085,50.01,1,0.0
H006,P0086,290.19,1,0.0
H006,P0087,153.68,1,0.0
H006,P0089,82.9,1,0.0
H006,P0090,63.37,1,0.0
H006,P0091,978.89,1,0.0
H006,P0092,197.85,1,0.0
H006,P0093,165.25,1,0.0
H006,P0095,78.23,1,0.0
H006,P0097,88.93,1,0.0
H006,P0098,163.61,1,0.0
H006,P0099,116.52,1,0.0
H006,P0100,102.53,1,0.0
H006,P0101,160.46,1,0.0
H006,P0102,93.53,1,0.0
H006,P0103,51.65,1,0.0
H006,P0105,108.64,1,0.0
H006,P0106,105.85,1,0.0
H006,P0107,219.55,1,0.0
H006,P0108,200.89,1,0.0
H006,P0109,49.86,1,0.0
H006,P0110,70.56,1,0.0
H006,P0111,38.73,1,0.0
H006,P0112,46.06,1,0.0
H006,P0113,179.88,1,0.0
H006,P0114,87.55,1,0.0
H006,P0117,426.37,1,0.0
H006,P0118,92.96,1,0.0
H006,P0119,167.35,1,0.0
H006,P0120,125.87,1,0.0
H006,P0121,57.25,1,0.0
H006,P0122,199.54,1,0.0
H006,P0123,151.15,1,0.0
H006,P0124,439.66,1,0.0
H006,P0125,230.7,1,0.0
H006,P0126,43.35,1,0.0
H006,P0127,119.49,1,0.0
H006,P0128,121.12,1,0.0
H006,P0129,124.87,1,0.0
H006,P0131,29.33,1,0.0
H006,P0133,182.63,1,0.0
H006,P0134,45.36,1,0.0
H006,P0136,241.63,1,0.0
H006,P0137,85.95,1,0.0
H006,P0139,33.81,1,0.0
H006,P0140,53.6,1,0.0
H006,P0142,386.97,1,0.0
H006,P0143,68.49,1,0.0
H006,P0144,260.73,1,0.0
H006,P0145,168.49,1,0.0
H006,P0146,79.12,1,0.0
H006,P0147,151.11,1,0.0
H006,P0148,46.16,1,0.0
H006,P0149,286.51,1,0.0
H006,P0150,55.17,1,0.0
H007,P0002,108.69,1,0.0
H007,P0003,166.06,1,0.0
H007,P0005,362.15,1,0.0
H007,P0006,121.39,1,0.0
H007,P0007,145.2,1,0.0
H007,P0009,84.25,1,0.0
H007,P0010,1446.53,1,0.0
H007,P0011,430.68,1,0.0
H007,P0012,424.22,1,0.0
H007,P0013,160.44,1,0.0
H007,P0014,73.83,1,0.0
H007,P0016,72.66,1,0.0
H007,P0017,172.71,1,0.0
H007,P0018,172.97,1,0.0
H007,P0019,425.6,1,0.0
H007,P0020,208.21,1,0.0
H007,P0022,487.96,1,0.0
H007,P0023,126.13,1,0.0
H007,P0025,88.44,1,0.0
H007,P0027,144.07,1,0.0
H007,P0028,83.54,1,0.0
H007,P0029,24.05,1,0.0
H007,P0030,54.73,1,0.0
H007,P0032,237.18,1,0.0
H007,P0034,74.81,1,0.0
H007,P0036,449.44,1,0.0
H007,P0037,17.9,1,0.0
H007,P0039,50.38,1,0.0
H007,P0040,50.33,1,0.0
H007,P0043,418.05,1,0.0
H007,P0044,251.54,1,0.0
H007,P0045,183.89,1,0.0
H007,P0046,125.04,1,0.0
H007,P0047,69.69,1,0.0
H007,P0049,24.84,1,0.0
H007,P0050,118.64,1,0.0
H007,P0051,282.75,1,0.0
H007,P0052,49.66,1,0.0
H007,P0053,298.7,1,0.0
H007,P0054,338.47,1,0.0
H007,P0057,230.63,1,0.0
H007,P0058,249.7,1,0.0
H007,P0059,111.85,1,0.0
H007,P0061,551.94,1,0.0
H007,P0062,346.54,1,0.0
H007,P0063,493.96,1,0.0
H007,P0064,455.68,1,0.0
H007,P0067,38.17,1,0.0
H007,P0068,169.5,1,0.0
H007,P0069,51.69,1,0.0
H007,P0070,248.21,1,0.0
H007,P0071,208.78,1,0.0
H007,P0072,174.63,1,0.0
H007,P0073,10.56,1,0.0
H007,P0075,176.16,1,0.0
H007,P0076,22.06,1,0.0
H007,P0077,547.47,1,0.0
H007,P0078,122.32,1,0.0
H007,P0079,70.79,1,0.0
H007,P0081,86.42,1,0.0
H007,P0082,199.76,1,0.0
H007,P0083,101.1,1,0.0
H007,P0084,62.38,1,0.0
H007,P0085,50.01,1,0.0
H007,P0087,153.68,1,0.0
H007,P0091,978.89,1,0.0
H007,P0093,165.25,1,0.0
H007,P0094,554.13,1,0.0
H007,P0097,88.93,1,0.0
H007,P0098,163.61,1,0.0
H007,P0099,116.52,1,0.0
H007,P0101,160.46,1,0.0
H007,P0102,93.53,1,0.0
H007,P0104,272.0,1,0.0
H007,P0105,108.64,1,0.0
H007,P0108,200.89,1,0.0
H007,P0110,70.56,1,0.0
H007,P0113,179.88,1,0.0
H007,P0114,87.55,1,0.0
H007,P0115,58.07,1,0.0
H007,P0116,40.87,1,0.0
H007,P0117,426.37,1,0.0
H007,P0119,167.35,1,0.0
H007,P0122,199.54,1,0.0
H007,P0124,439.66,1,0.0
H007,P0126,43.35,1,0.0
H007,P0127,119.49,1,0.0
H007,P0128,121.12,1,0.0
H007,P0129,124.87,1,0.0
H007,P0130,43.48,1,0.0
H007,P0131,29.33,1,0.0
H007,P0133,182.63,1,0.0
H007,P0134,45.36,1,0.0
H007,P0136,241.63,1,0.0
H007,P0138,851.47,1,0.0
H007,P0140,53.6,1,0.0
H007,P0141,50.65,1,0.0
H007,P0142,386.97,1,0.0
H007,P0143,68.49,1,0.0
H007,P0145,168.49,1,0.0
H007,P0146,79.12,1,0.0
H007,P0147,151.11,1,0.0
H007,P0148,46.16,1,0.0
H007,P0149,286.51,1,0.0
H007,P0150,55.17,1,0.0
H008,P0001,176.76,1,0.0
H008,P0002,108.69,1,0.0
H008,P0003,166.06,1,0.0
H008,P0006,121.39,1,0.0
H008,P0007,145.2,1,0.0
H008,P0008,266.5,1,0.0
H008,P0009,84.25,1,0.0
H008,P0010,1446.53,1,0.0
H008,P0011,430.68,1,0.0
H008,P0012,424.22,1,0.0
H008,P0013,160.44,1,0.0
H008,P0014,73.83,1,0.0
H008,P0015,219.64,1,0.0
H008,P0016,72.66,1,0.0
H008,P0018,172.97,1,0.0
H008,P0019,425.6,1,0.0
H008,P0020,208.21,1,0.0
H008,P0021,160.14,1,0.0
H008,P0022,487.96,1,0.0
H008,P0023,126.13,1,0.0
H008,P0025,88.44,1,0.0
H008,P0026,519.91,1,0.0
H008,P0027,144.07,1,0.0
H008,P0028,83.54,1,0.0
H008,P0029,24.05,1,0.0
H008,P0030,54.73,1,0.0
H008,P0031,185.5,1,0.0
H008,P0032,237.18,1,0.0
H008,P0033,625.97,1,0.0
H008,P0034,74.81,1,0.0
H008,P0036,449.44,1,0.0
H008,P0037,17.9,1,0.0
H008,P0038,1120.7,1,0.0
H008,P0039,50.38,1,0.0
H008,P0040,50.33,1,0.0
H008,P0043,418.05,1,0.0
H008,P0044,251.54,1,0.0
H008,P0045,183.89,1,0.0
H008,P0046,125.04,1,0.0
H008,P0047,69.69,1,0.0
H008,P0048,238.05,1,0.0
H008,P0049,24.84,1,0.0
H008,P0050,118.64,1,0.0
H008,P0051,282.75,1,0.0
H008,P0052,49.66,1,0.0
H008,P0053,298.7,1,0.0
H008,P0054,338.47,1,0.0
H008,P0055,150.09,1,0.0
H008,P0056,122.12,1,0.0
H008,P0057,230.63,1,0.0
H008,P0058,249.7,1,0.0
H008,P0059,111.85,1,0.0
H008,P0060,895.67,1,0.0
H008,P0061,551.94,1,0.0
H008,P0062,346.54,1,0.0
H008,P0063,493.96,1,0.0
H008,P0064,455.68,1,0.0
H008,P0065,40.42,1,0.0
H008,P0066,1384.54,1,0.0
H008,P0067,38.17,1,0.0
H008,P0068,169.5,1,0.0
H008,P0069,51.69,1,0.0
H008,P0070,248.21,1,0.0
H008,P0071,208.78,1,0.0
H008,P0072,174.63,1,0.0
H008,P0073,10.56,1,0.0
H008,P0075,176.16,1,0.0
H008,P0076,22.06,1,0.0
H008,P0077,547.47,1,0.0
H008,P0078,122.32,1,0.0
H008,P0079,70.79,1,0.0
H008,P0081,86.42,1,0.0
H008,P0082,199.76,1,0.0
H008,P0083,101.1,1,0.0
H008,P0084,62.38,1,0.0
H008,P0085,50.01,1,0.0
H008,P0087,153.68,1,0.0
H008,P0090,63.37,1,0.0
H008,P0091,978.89,1,0.0
H008,P0092,197.85,1,0.0
H008,P0093,165.25,1,0.0
H008,P0094,554.13,1,0.0
H008,P0095,78.23,1,0.0
H008,P0096,52.21,1,0.0
H008,P0097,88.93,1,0.0
H008,P0098,163.61,1,0.0
H008,P0099,116.52,1,0.0
H008,P0100,102.53,1,0.0
H008,P0101,160.46,1,0.0
H008,P0102,93.53,1,0.0
H008,P0103,51.65,1,0.0
H008,P0105,108.64,1,0.0
H008,P0106,105.85,1,0.0
H008,P0107,219.55,1,0.0
H008,P0109,49.86,1,0.0
H008,P0110,70.56,1,0.0
H008,P0111,38.73,1,0.0
H008,P0113,179.88,1,0.0
H008,P0114,87.55,1,0.0
H008,P0115,58.07,1,0.0
H008,P0117,426.37,1,0.0
H008,P0118,92.96,1,0.0
H008,P0119,167.35,1,0.0
H008,P0120,125.87,1,0.0
H008,P0121,57.25,1,0.0
H008,P0122,199.54,1,0.0
H008,P0123,151.15,1,0.0
H008,P0124,439.66,1,0.0
H008,P0125,230.7,1,0.0
H008,P0126,43.35,1,0.0
H008,P0127,119.49,1,0.0
H008,P0128,121.12,1,0.0
H008,P0129,124.87,1,0.0
H008,P0130,43.48,1,0.0
H008,P0131,29.33,1,0.0
H008,P0132,118.62,1,0.0
H008,P0133,182.63,1,0.0
H008,P0134,45.36,1,0.0
H008,P0135,716.52,1,0.0
H008,P0136,241.63,1,0.0
H008,P0137,85.95,1,0.0
H008,P0138,851.47,1,0.0
H008,P0139,33.81,1,0.0
H008,P0141,50.65,1,0.0
H008,P0142,386.97,1,0.0
H008,P0144,260.73,1,0.0
H008,P0145,168.49,1,0.0
H008,P0146,79.12,1,0.0
H008,P0147,151.11,1,0.0
H008,P0148,46.16,1,0.0
H008,P0149,286.51,1,0.0
H008,P0150,55.17,1,0.0
H009,P0001,176.76,1,0.0
H009,P0002,108.69,1,0.0
H009,P0003,166.06,1,0.0
H009,P0004,34.77,1,0.0
H009,P0005,362.15,1,0.0
H009,P0006,121.39,1,0.0
H009,P0007,145.2,1,0.0
H009,P0008,266.5,1,0.0
H009,P0009,84.25,1,0.0
H009,P0010,1446.53,1,0.0
H009,P0011,430.68,1,0.0
H009,P0014,73.83,1,0.0
H009,P0015,219.64,1,0.0
H009,P0016,72.66,1,0.0
H009,P0020,208.21,1,0.0
H009,P0021,160.14,1,0.0
H009,P0023,126.13,1,0.0
H009,P0025,88.44,1,0.0
H009,P0027,144.07,1,0.0
H009,P0032,237.18,1,0.0
H009,P0033,625.97,1,0.0
H009,P0035,219.22,1,0.0
H009,P0036,449.44,1,0.0
H009,P0037,17.9,1,0.0
H009,P0038,1120.7,1,0.0
H009,P0040,50.33,1,0.0
H009,P0043,418.05,1,0.0
H009,P0044,251.54,1,0.0
H009,P0045,183.89,1,0.0
H009,P0046,125.04,1,0.0
H009,P0047,69.69,1,0.0
H009,P0048,238.05,1,0.0
H009,P0049,24.84,1,0.0
H009,P0050,118.64,1,0.0
H009,P0051,282.75,1,0.0
H009,P0052,49.66,1,0.0
H009,P0053,298.7,1,0.0
H009,P0056,122.12,1,0.0
H009,P0059,111.85,1,0.0
H009,P0061,551.94,1,0.0
H009,P0062,346.54,1,0.0
H009,P0064,455.68,1,0.0
H009,P0065,40.42,1,0.0
H009,P0067,38.17,1,0.0
H009,P0068,169.5,1,0.0
H009,P0069,51.69,1,0.0
H009,P0070,248.21,1,0.0
H009,P0076,22.06,1,0.0
H009,P0079,70.79,1,0.0
H009,P0080,207.1,1,0.0
H009,P0081,86.42,1,0.0
H009,P0082,199.76,1,0.0
H009,P0083,101.1,1,0.0
H009,P0084,62.38,1,0.0
H009,P0085,50.01,1,0.0
H009,P0087,153.68,1,0.0
H009,P0088,70.94,1,0.0
H009,P0092,197.85,1,0.0
H009,P0093,165.25,1,0.0
H009,P0096,52.21,1,0.0
H009,P0097,88.93,1,0.0
H009,P0098,163.61,1,0.0
H009,P0099,116.52,1,0.0
H009,P0100,102.53,1,0.0
H009,P0103,51.65,1,0.0
H009,P0105,108.64,1,0.0
H009,P0106,105.85,1,0.0
H009,P0107,219.55,1,0.0
H009,P0108,200.89,1,0.0
H009,P0109,49.86,1,0.0
H009,P0110,70.56,1,0.0
H009,P0112,46.06,1,0.0
H009,P0114,87.55,1,0.0
H009,P0115,58.07,1,0.0
H009,P0117,426.37,1,0.0
H009,P0118,92.96,1,0.0
H009,P0119,167.35,1,0.0
H009,P0121,57.25,1,0.0
H009,P0122,199.54,1,0.0
H009,P0123,151.15,1,0.0
H009,P0124,439.66,1,0.0
H009,P0125,230.7,1,0.0
H009,P0126,43.35,1,0.0
H009,P0128,121.12,1,0.0
H009,P0129,124.87,1,0.0
H009,P0131,29.33,1,0.0
H009,P0133,182.63,1,0.0
H009,P0134,45.36,1,0.0
H009,P0135,716.52,1,0.0
H009,P0136,241.63,1,0.0
H009,P0137,85.95,1,0.0
H009,P0139,33.81,1,0.0
H009,P0140,53.6,1,0.0
H009,P0141,50.65,1,0.0
H009,P0142,386.97,1,0.0
H009,P0143,68.49,1,0.0
H009,P0145,168.49,1,0.0
H009,P0146,79.12,1,0.0
H009,P0147,151.11,1,0.0
H009,P0148,46.16,1,0.0
H010,P0001,176.76,1,0.0
H010,P0002,108.69,1,0.0
H010,P0003,166.06,1,0.0
H010,P0005,362.15,1,0.0
H010,P0006,121.39,1,0.0
H010,P0007,145.2,1,0.0
H010,P0008,266.5,1,0.0
H010,P0010,1446.53,1,0.0
H010,P0011,430.68,1,0.0
H010,P0013,160.44,1,0.0
H010,P0016,72.66,1,0.0
H010,P0017,172.71,1,0.0
H010,P0018,172.97,1,0.0
H010,P0019,425.6,1,0.0
H010,P0020,208.21,1,0.0
H010,P0021,160.14,1,0.0
H010,P0022,487.96,1,0.0
H010,P0023,126.13,1,0.0
H010,P0024,86.75,1,0.0
H010,P0026,519.91,1,0.0
H010,P0027,144.07,1,0.0
H010,P0028,83.54,1,0.0
H010,P0030,54.73,1,0.0
H010,P0031,185.5,1,0.0
H010,P0032,237.18,1,0.0
H010,P0033,625.97,1,0.0
H010,P0034,74.81,1,0.0
H010,P0036,449.44,1,0.0
H010,P0037,17.9,1,0.0
H010,P0038,1120.7,1,0.0
H010,P0040,50.33,1,0.0
H010,P0041,324.42,1,0.0
H010,P0042,203.23,1,0.0
H010,P0044,251.54,1,0.0
H010,P0045,183.89,1,0.0
H010,P0046,125.04,1,0.0
H010,P0047,69.69,1,0.0
H010,P0048,238.05,1,0.0
H010,P0049,24.84,1,0.0
H010,P0050,118.64,1,0.0
H010,P0051,282.75,1,0.0
H010,P0052,49.66,1,0.0
H010,P0053,298.7,1,0.0
H010,P0054,338.47,1,0.0
H010,P0055,150.09,1,0.0
H010,P0057,230.63,1,0.0
H010,P0059,111.85,1,0.0
H010,P0061,551.94,1,0.0
H010,P0063,493.96,1,0.0
H010,P0064,455.68,1,0.0
H010,P0066,1384.54,1,0.0
H010,P0067,38.17,1,0.0
H010,P0068,169.5,1,0.0
H010,P0069,51.69,1,0.0
H010,P0071,208.78,1,0.0
H010,P0072,174.63,1,0.0
H010,P0073,10.56,1,0.0
H010,P0076,22.06,1,0.0
H010,P0078,122.32,1,0.0
H010,P0079,70.79,1,0.0
H010,P0080,207.1,1,0.0
H010,P0081,86.42,1,0.0
H010,P0082,199.76,1,0.0
H010,P0083,101.1,1,0.0
H010,P0084,62.38,1,0.0
H010,P0085,50.01,1,0.0
H010,P0086,290.19,1,0.0
H010,P0087,153.68,1,0.0
H010,P0088,70.94,1,0.0
H010,P0090,63.37,1,0.0
H010,P0091,978.89,1,0.0
H010,P0093,165.25,1,0.0
H010,P0095,78.23,1,0.0
H010,P0097,88.93,1,0.0
H010,P0098,163.61,1,0.0
H010,P0099,116.52,1,0.0
H010,P0100,102.53,1,0.0
H010,P0102,93.53,1,0.0
H010,P0103,51.65,1,0.0
H010,P0105,108.64,1,0.0
H010,P0106,105.85,1,0.0
H010,P0107,219.55,1,0.0
H010,P0108,200.89,1,0.0
H010,P0109,49.86,1,0.0
H010,P0110,70.56,1,0.0
H010,P0111,38.73,1,0.0
H010,P0113,179.88,1,0.0
H010,P0114,87.55,1,0.0
H010,P0115,58.07,1,0.0
H010,P0116,40.87,1,0.0
H010,P0118,92.96,1,0.0
H010,P0119,167.35,1,0.0
H010,P0120,125.87,1,0.0
H010,P0121,57.25,1,0.0
H010,P0123,151.15,1,0.0
H010,P0124,439.66,1,0.0
H010,P0126,43.35,1,0.0
H010,P0128,121.12,1,0.0
H010,P0129,124.87,1,0.0
H010,P0131,29.33,1,0.0
H010,P0132,118.62,1,0.0
H010,P0133,182.63,1,0.0
H010,P0134,45.36,1,0.0
H010,P0135,716.52,1,0.0
H010,P0136,241.63,1,0.0
H010,P0137,85.95,1,0.0
H010,P0139,33.81,1,0.0
H010,P0140,53.6,1,0.0
H010,P0141,50.65,1,0.0
H010,P0142,386.97,1,0.0
H010,P0143,68.49,1,0.0
H010,P0145,168.49,1,0.0
H010,P0146,79.12,1,0.0
H010,P0147,151.11,1,0.0
H010,P0148,46.16,1,0.0
H010,P0150,55.17,1,0.0
H011,P0001,176.76,1,0.0
H011,P0002,108.69,1,0.0
H011,P0003,166.06,1,0.0
H011,P0004,34.77,1,0.0
H011,P0005,362.15,1,0.0
H011,P0007,145.2,1,0.0
H011,P0009,84.25,1,0.0
H011,P0010,1446.53,1,0.0
H011,P0011,430.68,1,0.0
H011,P0012,424.22,1,0.0
H011,P0014,73.83,1,0.0
H011,P0016,72.66,1,0.0
H011,P0018,172.97,1,0.0
H011,P0019,425.6,1,0.0
H011,P0020,208.21,1,0.0
H011,P0021,160.14,1,0.0
H011,P0022,487.96,1,0.0
H011,P0023,126.13,1,0.0
H011,P0025,88.44,1,0.0
H011,P0027,144.07,1,0.0
H011,P0028,83.54,1,0.0
H011,P0030,54.73,1,0.0
H011,P0031,185.5,1,0.0
H011,P0032,237.18,1,0.0
H011,P0034,74.81,1,0.0
H011,P0036,449.44,1,0.0
H011,P0037,17.9,1,0.0
H011,P0039,50.38,1,0.0
H011,P0043,418.05,1,0.0
H011,P0044,251.54,1,0.0
H011,P0045,183.89,1,0.0
H011,P0046,125.04,1,0.0
H011,P0047,69.69,1,0.0
H011,P0052,49.66,1,0.0
H011,P0054,338.47,1,0.0
H011,P0055,150.09,1,0.0
H011,P0056,122.12,1,0.0
H011,P0057,230.63,1,0.0
H011,P0059,111.85,1,0.0
H011,P0061,551.94,1,0.0
H011,P0062,346.54,1,0.0
H011,P0064,455.68,1,0.0
H011,P0065,40.42,1,0.0
H011,P0066,1384.54,1,0.0
H011,P0067,38.17,1,0.0
H011,P0069,51.69,1,0.0
H011,P0070,248.21,1,0.0
H011,P0071,208.78,1,0.0
H011,P0073,10.56,1,0.0
H011,P0074,289.71,1,0.0
H011,P0075,176.16,1,0.0
H011,P0078,122.32,1,0.0
H011,P0079,70.79,1,0.0
H011,P0081,86.42,1,0.0
H011,P0083,101.1,1,0.0
H011,P0084,62.38,1,0.0
H011,P0086,290.19,1,0.0
H011,P0087,153.68,1,0.0
H011,P0088,70.94,1,0.0
H011,P0091,978.89,1,0.0
H011,P0092,197.85,1,0.0
H011,P0093,165.25,1,0.0
H011,P0094,554.13,1,0.0
H011,P0096,52.21,1,0.0
H011,P0098,163.61,1,0.0
H011,P0099,116.52,1,0.0
H011,P0102,93.53,1,0.0
H011,P0103,51.65,1,0.0
H011,P0104,272.0,1,0.0
H011,P0105,108.64,1,0.0
H011,P0106,105.85,1,0.0
H011,P0109,49.86,1,0.0
H011,P0110,70.56,1,0.0
H011,P0111,38.73,1,0.0
H011,P0112,46.06,1,0.0
H011,P0113,179.88,1,0.0
H011,P0114,87.55,1,0.0
H011,P0115,58.07,1,0.0
H011,P0116,40.87,1,0.0
H011,P0117,426.37,1,0.0
H011,P0118,92.96,1,0.0
H011,P0119,167.35,1,0.0
H011,P0121,57.25,1,0.0
H011,P0124,439.66,1,0.0
H011,P0126,43.35,1,0.0
H011,P0127,119.49,1,0.0
H011,P0129,124.87,1,0.0
H011,P0131,29.33,1,0.0
H011,P0132,118.62,1,0.0
H011,P0133,182.63,1,0.0
H011,P0135,716.52,1,0.0
H011,P0136,241.63,1,0.0
H011,P0140,53.6,1,0.0
H011,P0141,50.65,1,0.0
H011,P0142,386.97,1,0.0
H011,P0143,68.49,1,0.0
H011,P0144,260.73,1,0.0
H011,P0145,168.49,1,0.0
H011,P0146,79.12,1,0.0
H011,P0147,151.11,1,0.0
H011,P0148,46.16,1,0.0
H011,P0150,55.17,1,0.0
H012,P0001,176.76,1,0.0
H012,P0002,108.69,1,0.0
H012,P0003,166.06,1,0.0
H012,P0006,121.39,1,0.0
H012,P0007,145.2,1,0.0
H012,P0008,266.5,1,0.0
H012,P0010,1446.53,1,0.0
H012,P0011,430.68,1,0.0
H012,P0012,424.22,1,0.0
H012,P0013,160.44,1,0.0
H012,P0014,73.83,1,0.0
H012,P0015,219.64,1,0.0
H012,P0016,72.66,1,0.0
H012,P0018,172.97,1,0.0
H012,P0019,425.6,1,0.0
H012,P0020,208.21,1,0.0
H012,P0021,160.14,1,0.0
H012,P0022,487.96,1,0.0
H012,P0023,126.13,1,0.0
H012,P0025,88.44,1,0.0
H012,P0026,519.91,1,0.0
H012,P0027,144.07,1,0.0
H012,P0028,83.54,1,0.0
H012,P0029,24.05,1,0.0
H012,P0030,54.73,1,0.0
H012,P0031,185.5,1,0.0
H012,P0032,237.18,1,0.0
H012,P0033,625.97,1,0.0
H012,P0034,74.81,1,0.0
H012,P0035,219.22,1,0.0
H012,P0036,449.44,1,0.0
H012,P0037,17.9,1,0.0
H012,P0038,1120.7,1,0.0
H012,P0039,50.38,1,0.0
H012,P0040,50.33,1,0.0
H012,P0044,251.54,1,0.0
H012,P0045,183.89,1,0.0
H012,P0046,125.04,1,0.0
H012,P0048,238.05,1,0.0
H012,P0049,24.84,1,0.0
H012,P0050,118.64,1,0.0
H012,P0051,282.75,1,0.0
H012,P0052,49.66,1,0.0
H012,P0053,298.7,1,0.0
H012,P0054,338.47,1,0.0
H012,P0055,150.09,1,0.0
H012,P0056,122.12,1,0.0
H012,P0057,230.63,1,0.0
H012,P0059,111.85,1,0.0
H012,P0060,895.67,1,0.0
H012,P0061,551.94,1,0.0
H012,P0063,493.96,1,0.0
H012,P0064,455.68,1,0.0
H012,P0065,40.42,1,0.0
H012,P0066,1384.54,1,0.0
H012,P0067,38.17,1,0.0
H012,P0068,169.5,1,0.0
H012,P0069,51.69,1,0.0
H012,P0070,248.21,1,0.0
H012,P0071,208.78,1,0.0
H012,P0073,10.56,1,0.0
H012,P0074,289.71,1,0.0
H012,P0076,22.06,1,0.0
H012,P0077,547.47,1,0.0
H012,P0078,122.32,1,0.0
H012,P0079,70.79,1,0.0
H012,P0080,207.1,1,0.0
H012,P0081,86.42,1,0.0
H012,P0082,199.76,1,0.0
H012,P0083,101.1,1,0.0
H012,P0084,62.38,1,0.0
H012,P0085,50.01,1,0.0
H012,P0086,290.19,1,0.0
H012,P0087,153.68,1,0.0
H012,P0088,70.94,1,0.0
H012,P0089,82.9,1,0.0
H012,P0091,978.89,1,0.0
H012,P0092,197.85,1,0.0
H012,P0093,165.25,1,0.0
H012,P0094,554.13,1,0.0
H012,P0095,78.23,1,0.0
H012,P0096,52.21,1,0.0
H012,P0097,88.93,1,0.0
H012,P0098,163.61,1,0.0
H012,P0099,116.52,1,0.0
H012,P0100,102.53,1,0.0
H012,P0101,160.46,1,0.0
H012,P0102,93.53,1,0.0
H012,P0103,51.65,1,0.0
H012,P0105,108.64,1,0.0
H012,P0106,105.85,1,0.0
H012,P0107,219.55,1,0.0
H012,P0108,200.89,1,0.0
H012,P0110,70.56,1,0.0
H012,P0114,87.55,1,0.0
H012,P0115,58.07,1,0.0
H012,P0117,426.37,1,0.0
H012,P0118,92.96,1,0.0
H012,P0119,167.35,1,0.0
H012,P0120,125.87,1,0.0
H012,P0121,57.25,1,0.0
H012,P0122,199.54,1,0.0
H012,P0123,151.15,1,0.0
H012,P0124,439.66,1,0.0
H012,P0125,230.7,1,0.0
H012,P0126,43.35,1,0.0
H012,P0127,119.49,1,0.0
H012,P0128,121.12,1,0.0
H012,P0129,124.87,1,0.0
H012,P0130,43.48,1,0.0
H012,P0131,29.33,1,0.0
H012,P0133,182.63,1,0.0
H012,P0134,45.36,1,0.0
H012,P0135,716.52,1,0.0
H012,P0136,241.63,1,0.0
H012,P0137,85.95,1,0.0
H012,P0138,851.47,1,0.0
H012,P0139,33.81,1,0.0
H012,P0140,53.6,1,0.0
H012,P0141,50.65,1,0.0
H012,P0142,386.97,1,0.0
H012,P0143,68.49,1,0.0
H012,P0144,260.73,1,0.0
H012,P0145,168.49,1,0.0
H012,P0146,79.12,1,0.0
H012,P0147,151.11,1,0.0
H012,P0148,46.16,1,0.0
H012,P0149,286.51,1,0.0
H012,P0150,55.17,1,0.0
H013,P0002,108.69,0,50.0
H013,P0003,166.06,0,50.0
H013,P0004,34.77,0,50.0
H013,P0006,121.39,0,50.0
H013,P0007,145.2,0,50.0
H013,P0008,266.5,0,50.0
H013,P0009,84.25,0,50.0
H013,P0013,160.44,0,50.0
H013,P0014,73.83,0,50.0
H013,P0018,172.97,0,50.0
H013,P0020,208.21,0,50.0
H013,P0021,160.14,0,50.0
H013,P0023,126.13,0,50.0
H013,P0025,88.44,0,50.0
H013,P0027,144.07,0,50.0
H013,P0028,83.54,0,50.0
H013,P0029,24.05,0,50.0
H013,P0030,54.73,0,50.0
H013,P0031,185.5,0,50.0
H013,P0032,237.18,0,50.0
H013,P0033,625.97,0,50.0
H013,P0036,449.44,0,50.0
H013,P0037,17.9,0,50.0
H013,P0038,1120.7,0,50.0
H013,P0039,50.38,0,50.0
H013,P0043,418.05,0,50.0
H013,P0045,183.89,0,50.0
H013,P0046,125.04,0,50.0
H013,P0047,69.69,0,50.0
H013,P0049,24.84,0,50.0
H013,P0050,118.64,0,50.0
H013,P0052,49.66,0,50.0
H013,P0055,150.09,0,50.0
H013,P0057,230.63,0,50.0
H013,P0058,249.7,0,50.0
H013,P0059,111.85,0,50.0
H013,P0060,895.67,0,50.0
H013,P0061,551.94,0,50.0
H013,P0062,346.54,0,50.0
H013,P0063,493.96,0,50.0
H013,P0064,455.68,0,50.0
H013,P0065,40.42,0,50.0
H013,P0066,1384.54,0,50.0
H013,P0067,38.17,0,50.0
H013,P0068,169.5,0,50.0
H013,P0069,51.69,0,50.0
H013,P0070,248.21,0,50.0
H013,P0071,208.78,0,50.0
H013,P0073,10.56,0,50.0
H013,P0075,176.16,0,50.0
H013,P0076,22.06,0,50.0
H013,P0077,547.47,0,50.0
H013,P0078,122.32,0,50.0
H013,P0079,70.79,0,50.0
H013,P0080,207.1,0,50.0
H013,P0081,86.42,0,50.0
H013,P0083,101.1,0,50.0
H013,P0084,62.38,0,50.0
H013,P0085,50.01,0,50.0
H013,P0087,153.68,0,50.0
H013,P0089,82.9,0,50.0
H013,P0090,63.37,0,50.0
H013,P0093,165.25,0,50.0
H013,P0095,78.23,0,50.0
H013,P0097,88.93,0,50.0
H013,P0098,163.61,0,50.0
H013,P0099,116.52,0,50.0
H013,P0100,102.53,0,50.0
H013,P0101,160.46,0,50.0
H013,P0102,93.53,0,50.0
H013,P0104,272.0,0,50.0
H013,P0105,108.64,0,50.0
H013,P0106,105.85,0,50.0
H013,P0107,219.55,0,50.0
H013,P0108,200.89,0,50.0
H013,P0110,70.56,0,50.0
H013,P0111,38.73,0,50.0
H013,P0113,179.88,0,50.0
H013,P0114,87.55,0,50.0
H013,P0115,58.07,0,50.0
H013,P0116,40.87,0,50.0
H013,P0117,426.37,0,50.0
H013,P0119,167.35,0,50.0
H013,P0121,57.25,0,50.0
H013,P0122,199.54,0,50.0
H013,P0124,439.66,0,50.0
H013,P0125,230.7,0,50.0
H013,P0126,43.35,0,50.0
H013,P0127,119.49,0,50.0
H013,P0129,124.87,0,50.0
H013,P0130,43.48,0,50.0
H013,P0131,29.33,0,50.0
H013,P0132,118.62,0,50.0
H013,P0133,182.63,0,50.0
H013,P0134,45.36,0,50.0
H013,P0137,85.95,0,50.0
H013,P0141,50.65,0,50.0
H013,P0142,386.97,0,50.0
H013,P0143,68.49,0,50.0
H013,P0144,260.73,0,50.0
H013,P0145,168.49,0,50.0
H013,P0146,79.12,0,50.0
H013,P0147,151.11,0,50.0
H013,P0148,46.16,0,50.0
H013,P0150,55.17,0,50.0
H014,P0002,108.69,1,0.0
H014,P0003,166.06,1,0.0
H014,P0004,34.77,1,0.0
H014,P0005,362.15,1,0.0
H014,P0006,121.39,1,0.0
H014,P0007,145.2,1,0.0
H014,P0008,266.5,1,0.0
H014,P0009,84.25,1,0.0
H014,P0010,1446.53,1,0.0
H014,P0011,430.68,1,0.0
H014,P0012,424.22,1,0.0
H014,P0013,160.44,1,0.0
H014,P0014,73.83,1,0.0
H014,P0015,219.64,1,0.0
H014,P0016,72.66,1,0.0
H014,P0018,172.97,1,0.0
H014,P0020,208.21,1,0.0
H014,P0021,160.14,1,0.0
H014,P0022,487.96,1,0.0
H014,P0023,126.13,1,0.0
H014,P0024,86.75,1,0.0
H014,P0025,88.44,1,0.0
H014,P0026,519.91,1,0.0
H014,P0027,144.07,1,0.0
H014,P0028,83.54,1,0.0
H014,P0029,24.05,1,0.0
H014,P0030,54.73,1,0.0
H014,P0031,185.5,1,0.0
H014,P0032,237.18,1,0.0
H014,P0033,625.97,1,0.0
H014,P0035,219.22,1,0.0
H014,P0037,17.9,1,0.0
H014,P0038,1120.7,1,0.0
H014,P0039,50.38,1,0.0
H014,P0040,50.33,1,0.0
H014,P0042,203.23,1,0.0
H014,P0043,418.05,1,0.0
H014,P0044,251.54,1,0.0
H014,P0045,183.89,1,0.0
H014,P0046,125.04,1,0.0
H014,P0047,69.69,1,0.0
H014,P0049,24.84,1,0.0
H014,P0050,118.64,1,0.0
H014,P0052,49.66,1,0.0
H014,P0054,338.47,1,0.0
H014,P0056,122.12,1,0.0
H014,P0057,230.63,1,0.0
H014,P0059,111.85,1,0.0
H014,P0060,895.67,1,0.0
H014,P0061,551.94,1,0.0
H014,P0063,493.96,1,0.0
H014,P0064,455.68,1,0.0
H014,P0065,40.42,1,0.0
H014,P0066,1384.54,1,0.0
H014,P0067,38.17,1,0.0
H014,P0068,169.5,1,0.0
H014,P0069,51.69,1,0.0
H014,P0070,248.21,1,0.0
H014,P0071,208.78,1,0.0
H014,P0072,174.63,1,0.0
H014,P0073,10.56,1,0.0
H014,P0074,289.71,1,0.0
H014,P0076,22.06,1,0.0
H014,P0078,122.32,1,0.0
H014,P0079,70.79,1,0.0
H014,P0081,86.42,1,0.0
H014,P0083,101.1,1,0.0
H014,P0084,62.38,1,0.0
H014,P0085,50.01,1,0.0
H014,P0086,290.19,1,0.0
H014,P0087,153.68,1,0.0
H014,P0088,70.94,1,0.0
H014,P0089,82.9,1,0.0
H014,P0092,197.85,1,0.0
H014,P0093,165.25,1,0.0
H014,P0094,554.13,1,0.0
H014,P0095,78.23,1,0.0
H014,P0096,52.21,1,0.0
H014,P0097,88.93,1,0.0
H014,P0098,163.61,1,0.0
H014,P0099,116.52,1,0.0
H014,P0100,102.53,1,0.0
H014,P0101,160.46,1,0.0
H014,P0103,51.65,1,0.0
H014,P0105,108.64,1,0.0
H014,P0106,105.85,1,0.0
H014,P0107,219.55,1,0.0
H014,P0108,200.89,1,0.0
H014,P0109,49.86,1,0.0
H014,P0110,70.56,1,0.0
H014,P0111,38.73,1,0.0
H014,P0113,179.88,1,0.0
H014,P0114,87.55,1,0.0
H014,P0115,58.07,1,0.0
H014,P0116,40.87,1,0.0
H014,P0117,426.37,1,0.0
H014,P0118,92.96,1,0.0
H014,P0121,57.25,1,0.0
H014,P0122,199.54,1,0.0
H014,P0123,151.15,1,0.0
H014,P0124,439.66,1,0.0
H014,P0126,43.35,1,0.0
H014,P0128,121.12,1,0.0
H014,P0129,124.87,1,0.0
H014,P0131,29.33,1,0.0
H014,P0132,118.62,1,0.0
H014,P0133,182.63,1,0.0
H014,P0134,45.36,1,0.0
H014,P0135,716.52,1,0.0
H014,P0137,85.95,1,0.0
H014,P0139,33.81,1,0.0
H014,P0141,50.65,1,0.0
H014,P0142,386.97,1,0.0
H014,P0144,260.73,1,0.0
H014,P0145,168.49,1,0.0
H014,P0146,79.12,1,0.0
H014,P0147,151.11,1,0.0
H014,P0149,286.51,1,0.0
H014,P0150,55.17,1,0.0
H015,P0001,176.76,1,0.0
H015,P0002,108.69,1,0.0
H015,P0003,166.06,1,0.0
H015,P0004,34.77,1,0.0
H015,P0005,362.15,1,0.0
H015,P0006,121.39,1,0.0
H015,P0007,145.2,1,0.0
H015,P0008,266.5,1,0.0
H015,P0010,1446.53,1,0.0
H015,P0011,430.68,1,0.0
H015,P0012,424.22,1,0.0
H015,P0013,160.44,1,0.0
H015,P0014,73.83,1,0.0
H015,P0015,219.64,1,0.0
H015,P0016,72.66,1,0.0
H015,P0017,172.71,1,0.0
H015,P0018,172.97,1,0.0
H015,P0019,425.6,1,0.0
H015,P0020,208.21,1,0.0
H015,P0021,160.14,1,0.0
H015,P0022,487.96,1,0.0
H015,P0023,126.13,1,0.0
H015,P0024,86.75,1,0.0
H015,P0025,88.44,1,0.0
H015,P0026,519.91,1,0.0
H015,P0027,144.07,1,0.0
H015,P0028,83.54,1,0.0
H015,P0029,24.05,1,0.0
H015,P0030,54.73,1,0.0
H015,P0031,185.5,1,0.0
H015,P0032,237.18,1,0.0
H015,P0033,625.97,1,0.0
H015,P0034,74.81,1,0.0
H015,P0035,219.22,1,0.0
H015,P0036,449.44,1,0.0
H015,P0037,17.9,1,0.0
H015,P0038,1120.7,1,0.0
H015,P0039,50.38,1,0.0
H015,P0040,50.33,1,0.0
H015,P0041,324.42,1,0.0
H015,P0043,418.05,1,0.0
H015,P0044,251.54,1,0.0
H015,P0045,183.89,1,0.0
H015,P0046,125.04,1,0.0
H015,P0047,69.69,1,0.0
H015,P0048,238.05,1,0.0
H015,P0049,24.84,1,0.0
H015,P0050,118.64,1,0.0
H015,P0051,282.75,1,0.0
H015,P0052,49.66,1,0.0
H015,P0053,298.7,1,0.0
H015,P0054,338.47,1,0.0
H015,P0055,150.09,1,0.0
H015,P0056,122.12,1,0.0
H015,P0057,230.63,1,0.0
H015,P0058,249.7,1,0.0
H015,P0059,111.85,1,0.0
H015,P0060,895.67,1,0.0
H015,P0061,551.94,1,0.0
H015,P0062,346.54,1,0.0
H015,P0063,493.96,1,0.0
H015,P0064,455.68,1,0.0
H015,P0065,40.42,1,0.0
H015,P0066,1384.54,1,0.0
H015,P0067,38.17,1,0.0
H015,P0068,169.5,1,0.0
H015,P0069,51.69,1,0.0
H015,P0070,248.21,1,0.0
H015,P0071,208.78,1,0.0
H015,P0072,174.63,1,0.0
H015,P0073,10.56,1,0.0
H015,P0074,289.71,1,0.0
H015,P0075,176.16,1,0.0
H015,P0076,22.06,1,0.0
H015,P0077,547.47,1,0.0
H015,P0078,122.32,1,0.0
H015,P0079,70.79,1,0.0
H015,P0080,207.1,1,0.0
H015,P0081,86.42,1,0.0
H015,P0082,199.76,1,0.0
H015,P0083,101.1,1,0.0
H015,P0084,62.38,1,0.0
H015,P0085,50.01,1,0.0
H015,P0086,290.19,1,0.0
H015,P0087,153.68,1,0.0
H015,P0088,70.94,1,0.0
H015,P0089,82.9,1,0.0
H015,P0090,63.37,1,0.0
H015,P0091,978.89,1,0.0
H015,P0092,197.85,1,0.0
H015,P0093,165.25,1,0.0
H015,P0094,554.13,1,0.0
H015,P0095,78.23,1,0.0
H015,P0097,88.93,1,0.0
H015,P0098,163.61,1,0.0
H015,P0099,116.52,1,0.0
H015,P0100,102.53,1,0.0
H015,P0101,160.46,1,0.0
H015,P0102,93.53,1,0.0
H015,P0103,51.65,1,0.0
H015,P0104,272.0,1,0.0
H015,P0105,108.64,1,0.0
H015,P0106,105.85,1,0.0
H015,P0107,219.55,1,0.0
H015,P0108,200.89,1,0.0
H015,P0109,49.86,1,0.0
H015,P0110,70.56,1,0.0
H015,P0111,38.73,1,0.0
H015,P0112,46.06,1,0.0
H015,P0113,179.88,1,0.0
H015,P0114,87.55,1,0.0
H015,P0115,58.07,1,0.0
H015,P0116,40.87,1,0.0
H015,P0117,426.37,1,0.0
H015,P0118,92.96,1,0.0
H015,P0119,167.35,1,0.0
H015,P0121,57.25,1,0.0
H015,P0122,199.54,1,0.0
H015,P0123,151.15,1,0.0
H015,P0124,439.66,1,0.0
H015,P0125,230.7,1,0.0
H015,P0126,43.35,1,0.0
H015,P0127,119.49,1,0.0
H015,P0128,121.12,1,0.0
H015,P0129,124.87,1,0.0
H015,P0130,43.48,1,0.0
H015,P0131,29.33,1,0.0
H015,P0132,118.62,1,0.0
H015,P0133,182.63,1,0.0
H015,P0134,45.36,1,0.0
H015,P0135,716.52,1,0.0
H015,P0136,241.63,1,0.0
H015,P0137,85.95,1,0.0
H015,P0138,851.47,1,0.0
H015,P0140,53.6,1,0.0
H015,P0141,50.65,1,0.0
H015,P0142,386.97,1,0.0
H015,P0143,68.49,1,0.0
H015,P0145,168.49,1,0.0
H015,P0146,79.12,1,0.0
H015,P0147,151.11,1,0.0
H015,P0148,46.16,1,0.0
H015,P0149,286.51,1,0.0
H015,P0150,55.17,1,0.0
H016,P0002,108.69,1,0.0
H016,P0003,166.06,1,0.0
H016,P0004,34.77,1,0.0
H016,P0007,145.2,1,0.0
H016,P0008,266.5,1,0.0
H016,P0009,84.25,1,0.0
H016,P0011,430.68,1,0.0
H016,P0012,424.22,1,0.0
H016,P0013,160.44,1,0.0
H016,P0014,73.83,1,0.0
H016,P0016,72.66,1,0.0
H016,P0017,172.71,1,0.0
H016,P0018,172.97,1,0.0
H016,P0019,425.6,1,0.0
H016,P0020,208.21,1,0.0
H016,P0021,160.14,1,0.0
H016,P0023,126.13,1,0.0
H016,P0025,88.44,1,0.0
H016,P0026,519.91,1,0.0
H016,P0027,144.07,1,0.0
H016,P0028,83.54,1,0.0
H016,P0029,24.05,1,0.0
H016,P0030,54.73,1,0.0
H016,P0031,185.5,1,0.0
H016,P0032,237.18,1,0.0
H016,P0033,625.97,1,0.0
H016,P0034,74.81,1,0.0
H016,P0035,219.22,1,0.0
H016,P0036,449.44,1,0.0
H016,P0037,17.9,1,0.0
H016,P0038,1120.7,1,0.0
H016,P0039,50.38,1,0.0
H016,P0040,50.33,1,0.0
H016,P0041,324.42,1,0.0
H016,P0043,418.05,1,0.0
H016,P0044,251.54,1,0.0
H016,P0045,183.89,1,0.0
H016,P0046,125.04,1,0.0
H016,P0047,69.69,1,0.0
H016,P0048,238.05,1,0.0
H016,P0050,118.64,1,0.0
H016,P0051,282.75,1,0.0
H016,P0052,49.66,1,0.0
H016,P0053,298.7,1,0.0
H016,P0054,338.47,1,0.0
H016,P0055,150.09,1,0.0
H016,P0056,122.12,1,0.0
H016,P0057,230.63,1,0.0
H016,P0058,249.7,1,0.0
H016,P0059,111.85,1,0.0
H016,P0060,895.67,1,0.0
H016,P0061,551.94,1,0.0
H016,P0062,346.54,1,0.0
H016,P0063,493.96,1,0.0
H016,P0064,455.68,1,0.0
H016,P0065,40.42,1,0.0
H016,P0067,38.17,1,0.0
H016,P0068,169.5,1,0.0
H016,P0069,51.69,1,0.0
H016,P0070,248.21,1,0.0
H016,P0071,208.78,1,0.0
H016,P0072,174.63,1,0.0
H016,P0073,10.56,1,0.0
H016,P0074,289.71,1,0.0
H016,P0075,176.16,1,0.0
H016,P0076,22.06,1,0.0
H016,P0078,122.32,1,0.0
H016,P0079,70.79,1,0.0
H016,P0081,86.42,1,0.0
H016,P0083,101.1,1,0.0
H016,P0084,62.38,1,0.0
H016,P0086,290.19,1,0.0
H016,P0087,153.68,1,0.0
H016,P0088,70.94,1,0.0
H016,P0089,82.9,1,0.0
H016,P0090,63.37,1,0.0
H016,P0091,978.89,1,0.0
H016,P0092,197.85,1,0.0
H016,P0093,165.25,1,0.0
H016,P0094,554.13,1,0.0
H016,P0095,78.23,1,0.0
H016,P0096,52.21,1,0.0
H016,P0097,88.93,1,0.0
H016,P0098,163.61,1,0.0
H016,P0099,116.52,1,0.0
H016,P0100,102.53,1,0.0
H016,P0101,160.46,1,0.0
H016,P0102,93.53,1,0.0
H016,P0103,51.65,1,0.0
H016,P0104,272.0,1,0.0
H016,P0105,108.64,1,0.0
H016,P0106,105.85,1,0.0
H016,P0107,219.55,1,0.0
H016,P0108,200.89,1,0.0
H016,P0109,49.86,1,0.0
H016,P0110,70.56,1,0.0
H016,P0113,179.88,1,0.0
H016,P0114,87.55,1,0.0
H016,P0115,58.07,1,0.0
H016,P0117,426.37,1,0.0
H016,P0118,92.96,1,0.0
H016,P0119,167.35,1,0.0
H016,P0121,57.25,1,0.0
H016,P0123,151.15,1,0.0
H016,P0124,439.66,1,0.0
H016,P0125,230.7,1,0.0
H016,P0126,43.35,1,0.0
H016,P0127,119.49,1,0.0
H016,P0128,121.12,1,0.0
H016,P0129,124.87,1,0.0
H016,P0130,43.48,1,0.0
H016,P0131,29.33,1,0.0
H016,P0133,182.63,1,0.0
H016,P0134,45.36,1,0.0
H016,P0136,241.63,1,0.0
H016,P0137,85.95,1,0.0
H016,P0138,851.47,1,0.0
H016,P0139,33.81,1,0.0
H016,P0140,53.6,1,0.0
H016,P0141,50.65,1,0.0
H016,P0142,386.97,1,0.0
H016,P0143,68.49,1,0.0
H016,P0144,260.73,1,0.0
H016,P0145,168.49,1,0.0
H016,P0146,79.12,1,0.0
H016,P0147,151.11,1,0.0
H016,P0148,46.16,1,0.0
H016,P0150,55.17,1,0.0
H017,P0001,176.76,1,0.0
H017,P0002,108.69,1,0.0
H017,P0003,166.06,1,0.0
H017,P0004,34.77,1,0.0
H017,P0007,145.2,1,0.0
H017,P0011,430.68,1,0.0
H017,P0013,160.44,1,0.0
H017,P0014,73.83,1,0.0
H017,P0016,72.66,1,0.0
H017,P0018,172.97,1,0.0
H017,P0019,425.6,1,0.0
H017,P0021,160.14,1,0.0
H017,P0023,126.13,1,0.0
H017,P0025,88.44,1,0.0
H017,P0027,144.07,1,0.0
H017,P0028,83.54,1,0.0
H017,P0029,24.05,1,0.0
H017,P0030,54.73,1,0.0
H017,P0031,185.5,1,0.0
H017,P0032,237.18,1,0.0
H017,P0033,625.97,1,0.0
H017,P0034,74.81,1,0.0
H017,P0035,219.22,1,0.0
H017,P0036,449.44,1,0.0
H017,P0037,17.9,1,0.0
H017,P0038,1120.7,1,0.0
H017,P0039,50.38,1,0.0
H017,P0040,50.33,1,0.0
H017,P0042,203.23,1,0.0
H017,P0043,418.05,1,0.0
H017,P0044,251.54,1,0.0
H017,P0045,183.89,1,0.0
H017,P0046,125.04,1,0.0
H017,P0047,69.69,1,0.0
H017,P0049,24.84,1,0.0
H017,P0051,282.75,1,0.0
H017,P0052,49.66,1,0.0
H017,P0053,298.7,1,0.0
H017,P0054,338.47,1,0.0
H017,P0055,150.09,1,0.0
H017,P0056,122.12,1,0.0
H017,P0057,230.63,1,0.0
H017,P0059,111.85,1,0.0
H017,P0060,895.67,1,0.0
H017,P0061,551.94,1,0.0
H017,P0062,346.54,1,0.0
H017,P0063,493.96,1,0.0
H017,P0064,455.68,1,0.0
H017,P0065,40.42,1,0.0
H017,P0066,1384.54,1,0.0
H017,P0067,38.17,1,0.0
H017,P0068,169.5,1,0.0
H017,P0069,51.69,1,0.0
H017,P0070,248.21,1,0.0
H017,P0071,208.78,1,0.0
H017,P0073,10.56,1,0.0
H017,P0076,22.06,1,0.0
H017,P0077,547.47,1,0.0
H017,P0078,122.32,1,0.0
H017,P0079,70.79,1,0.0
H017,P0080,207.1,1,0.0
H017,P0081,86.42,1,0.0
H017,P0083,101.1,1,0.0
H017,P0084,62.38,1,0.0
H017,P0085,50.01,1,0.0
H017,P0086,290.19,1,0.0
H017,P0087,153.68,1,0.0
H017,P0089,82.9,1,0.0
H017,P0091,978.89,1,0.0
H017,P0092,197.85,1,0.0
H017,P0093,165.25,1,0.0
H017,P0094,554.13,1,0.0
H017,P0095,78.23,1,0.0
H017,P0097,88.93,1,0.0
H017,P0098,163.61,1,0.0
H017,P0099,116.52,1,0.0
H017,P0100,102.53,1,0.0
H017,P0101,160.46,1,0.0
H017,P0102,93.53,1,0.0
H017,P0103,51.65,1,0.0
H017,P0105,108.64,1,0.0
H017,P0106,105.85,1,0.0
H017,P0107,219.55,1,0.0
H017,P0108,200.89,1,0.0
H017,P0109,49.86,1,0.0
H017,P0114,87.55,1,0.0
H017,P0115,58.07,1,0.0
H017,P0118,92.96,1,0.0
H017,P0119,167.35,1,0.0
H017,P0121,57.25,1,0.0
H017,P0122,199.54,1,0.0
H017,P0123,151.15,1,0.0
H017,P0124,439.66,1,0.0
H017,P0125,230.7,1,0.0
H017,P0126,43.35,1,0.0
H017,P0128,121.12,1,0.0
H017,P0129,124.87,1,0.0
H017,P0130,43.48,1,0.0
H017,P0131,29.33,1,0.0
H017,P0132,118.62,1,0.0
H017,P0133,182.63,1,0.0
H017,P0134,45.36,1,0.0
H017,P0136,241.63,1,0.0
H017,P0138,851.47,1,0.0
H017,P0140,53.6,1,0.0
H017,P0142,386.97,1,0.0
H017,P0143,68.49,1,0.0
H017,P0144,260.73,1,0.0
H017,P0145,168.49,1,0.0
H017,P0146,79.12,1,0.0
H017,P0147,151.11,1,0.0
H017,P0148,46.16,1,0.0
H017,P0149,286.51,1,0.0
H017,P0150,55.17,1,0.0
H018,P0001,176.76,1,0.0
H018,P0002,108.69,1,0.0
H018,P0003,166.06,1,0.0
H018,P0005,362.15,1,0.0
H018,P0007,145.2,1,0.0
H018,P0009,84.25,1,0.0
H018,P0010,1446.53,1,0.0
H018,P0011,430.68,1,0.0
H018,P0012,424.22,1,0.0
H018,P0013,160.44,1,0.0
H018,P0014,73.83,1,0.0
H018,P0015,219.64,1,0.0
H018,P0016,72.66,1,0.0
H018,P0018,172.97,1,0.0
H018,P0019,425.6,1,0.0
H018,P0020,208.21,1,0.0
H018,P0021,160.14,1,0.0
H018,P0023,126.13,1,0.0
H018,P0024,86.75,1,0.0
H018,P0025,88.44,1,0.0
H018,P0026,519.91,1,0.0
H018,P0027,144.07,1,0.0
H018,P0028,83.54,1,0.0
H018,P0029,24.05,1,0.0
H018,P0030,54.73,1,0.0
H018,P0032,237.18,1,0.0
H018,P0033,625.97,1,0.0
H018,P0034,74.81,1,0.0
H018,P0035,219.22,1,0.0
H018,P0036,449.44,1,0.0
H018,P0037,17.9,1,0.0
H018,P0038,1120.7,1,0.0
H018,P0041,324.42,1,0.0
H018,P0045,183.89,1,0.0
H018,P0046,125.04,1,0.0
H018,P0047,69.69,1,0.0
H018,P0049,24.84,1,0.0
H018,P0050,118.64,1,0.0
H018,P0051,282.75,1,0.0
H018,P0052,49.66,1,0.0
H018,P0054,338.47,1,0.0
H018,P0057,230.63,1,0.0
H018,P0058,249.7,1,0.0
H018,P0059,111.85,1,0.0
H018,P0061,551.94,1,0.0
H018,P0062,346.54,1,0.0
H018,P0063,493.96,1,0.0
H018,P0064,455.68,1,0.0
H018,P0065,40.42,1,0.0
H018,P0066,1384.54,1,0.0
H018,P0067,38.17,1,0.0
H018,P0069,51.69,1,0.0
H018,P0070,248.21,1,0.0
H018,P0071,208.78,1,0.0
H018,P0073,10.56,1,0.0
H018,P0075,176.16,1,0.0
H018,P0076,22.06,1,0.0
H018,P0077,547.47,1,0.0
H018,P0078,122.32,1,0.0
H018,P0079,70.79,1,0.0
H018,P0080,207.1,1,0.0
H018,P0081,86.42,1,0.0
H018,P0082,199.76,1,0.0
H018,P0083,101.1,1,0.0
H018,P0084,62.38,1,0.0
H018,P0086,290.19,1,0.0
H018,P0087,153.68,1,0.0
H018,P0088,70.94,1,0.0
H018,P0091,978.89,1,0.0
H018,P0092,197.85,1,0.0
H018,P0093,165.25,1,0.0
H018,P0094,554.13,1,0.0
H018,P0095,78.23,1,0.0
H018,P0096,52.21,1,0.0
H018,P0097,88.93,1,0.0
H018,P0098,163.61,1,0.0
H018,P0099,116.52,1,0.0
H018,P0100,102.53,1,0.0
H018,P0101,160.46,1,0.0
H018,P0103,51.65,1,0.0
H018,P0105,108.64,1,0.0
H018,P0108,200.89,1,0.0
H018,P0109,49.86,1,0.0
H018,P0111,38.73,1,0.0
H018,P0113,179.88,1,0.0
H018,P0114,87.55,1,0.0
H018,P0116,40.87,1,0.0
H018,P0118,92.96,1,0.0
H018,P0119,167.35,1,0.0
H018,P0121,57.25,1,0.0
H018,P0124,439.66,1,0.0
H018,P0127,119.49,1,0.0
H018,P0128,121.12,1,0.0
H018,P0129,124.87,1,0.0
H018,P0130,43.48,1,0.0
H018,P0131,29.33,1,0.0
H018,P0132,118.62,1,0.0
H018,P0133,182.63,1,0.0
H018,P0134,45.36,1,0.0
H018,P0136,241.63,1,0.0
H018,P0137,85.95,1,0.0
H018,P0138,851.47,1,0.0
H018,P0140,53.6,1,0.0
H018,P0141,50.65,1,0.0
H018,P0142,386.97,1,0.0
H018,P0143,68.49,1,0.0
H018,P0144,260.73,1,0.0
H018,P0145,168.49,1,0.0
H018,P0146,79.12,1,0.0
H018,P0147,151.11,1,0.0
H018,P0148,46.16,1,0.0
H018,P0149,286.51,1,0.0
H018,P0150,55.17,1,0.0
H019,P0002,108.69,1,0.0
H019,P0003,166.06,1,0.0
H019,P0004,34.77,1,0.0
H019,P0007,145.2,1,0.0
H019,P0008,266.5,1,0.0
H019,P0010,1446.53,1,0.0
H019,P0011,430.68,1,0.0
H019,P0012,424.22,1,0.0
H019,P0013,160.44,1,0.0
H019,P0014,73.83,1,0.0
H019,P0016,72.66,1,0.0
H019,P0018,172.97,1,0.0
H019,P0019,425.6,1,0.0
H019,P0020,208.21,1,0.0
H019,P0021,160.14,1,0.0
H019,P0023,126.13,1,0.0
H019,P0025,88.44,1,0.0
H019,P0026,519.91,1,0.0
H019,P0027,144.07,1,0.0
H019,P0028,83.54,1,0.0
H019,P0029,24.05,1,0.0
H019,P0031,185.5,1,0.0
H019,P0032,237.18,1,0.0
H019,P0034,74.81,1,0.0
H019,P0036,449.44,1,0.0
H019,P0038,1120.7,1,0.0
H019,P0039,50.38,1,0.0
H019,P0042,203.23,1,0.0
H019,P0044,251.54,1,0.0
H019,P0045,183.89,1,0.0
H019,P0046,125.04,1,0.0
H019,P0047,69.69,1,0.0
H019,P0049,24.84,1,0.0
H019,P0052,49.66,1,0.0
H019,P0053,298.7,1,0.0
H019,P0054,338.47,1,0.0
H019,P0056,122.12,1,0.0
H019,P0058,249.7,1,0.0
H019,P0059,111.85,1,0.0
H019,P0060,895.67,1,0.0
H019,P0061,551.94,1,0.0
H019,P0063,493.96,1,0.0
H019,P0064,455.68,1,0.0
H019,P0065,40.42,1,0.0
H019,P0066,1384.54,1,0.0
H019,P0067,38.17,1,0.0
H019,P0068,169.5,1,0.0
H019,P0069,51.69,1,0.0
H019,P0071,208.78,1,0.0
H019,P0072,174.63,1,0.0
H019,P0073,10.56,1,0.0
H019,P0077,547.47,1,0.0
H019,P0078,122.32,1,0.0
H019,P0079,70.79,1,0.0
H019,P0081,86.42,1,0.0
H019,P0083,101.1,1,0.0
H019,P0084,62.38,1,0.0
H019,P0085,50.01,1,0.0
H019,P0086,290.19,1,0.0
H019,P0087,153.68,1,0.0
H019,P0089,82.9,1,0.0
H019,P0092,197.85,1,0.0
H019,P0094,554.13,1,0.0
H019,P0095,78.23,1,0.0
H019,P0097,88.93,1,0.0
H019,P0098,163.61,1,0.0
H019,P0099,116.52,1,0.0
H019,P0100,102.53,1,0.0
H019,P0101,160.46,1,0.0
H019,P0103,51.65,1,0.0
H019,P0104,272.0,1,0.0
H019,P0105,108.64,1,0.0
H019,P0106,105.85,1,0.0
H019,P0108,200.89,1,0.0
H019,P0109,49.86,1,0.0
H019,P0111,38.73,1,0.0
H019,P0112,46.06,1,0.0
H019,P0113,179.88,1,0.0
H019,P0114,87.55,1,0.0
H019,P0115,58.07,1,0.0
H019,P0118,92.96,1,0.0
H019,P0119,167.35,1,0.0
H019,P0121,57.25,1,0.0
H019,P0124,439.66,1,0.0
H019,P0125,230.7,1,0.0
H019,P0126,43.35,1,0.0
H019,P0127,119.49,1,0.0
H019,P0128,121.12,1,0.0
H019,P0129,124.87,1,0.0
H019,P0130,43.48,1,0.0
H019,P0131,29.33,1,0.0
H019,P0133,182.63,1,0.0
H019,P0134,45.36,1,0.0
H019,P0135,716.52,1,0.0
H019,P0136,241.63,1,0.0
H019,P0137,85.95,1,0.0
H019,P0139,33.81,1,0.0
H019,P0140,53.6,1,0.0
H019,P0142,386.97,1,0.0
H019,P0143,68.49,1,0.0
H019,P0145,168.49,1,0.0
H019,P0146,79.12,1,0.0
H019,P0147,151.11,1,0.0
H019,P0148,46.16,1,0.0
H019,P0149,286.51,1,0.0
H019,P0150,55.17,1,0.0
H020,P0001,176.76,1,0.0
H020,P0002,108.69,1,0.0
H020,P0003,166.06,1,0.0
H020,P0004,34.77,1,0.0
H020,P0005,362.15,1,0.0
H020,P0007,145.2,1,0.0
H020,P0009,84.25,1,0.0
H020,P0010,1446.53,1,0.0
H020,P0011,430.68,1,0.0
H020,P0012,424.22,1,0.0
H020,P0013,160.44,1,0.0
H020,P0014,73.83,1,0.0
H020,P0015,219.64,1,0.0
H020,P0016,72.66,1,0.0
H020,P0018,172.97,1,0.0
H020,P0019,425.6,1,0.0
H020,P0020,208.21,1,0.0
H020,P0021,160.14,1,0.0
H020,P0022,487.96,1,0.0
H020,P0023,126.13,1,0.0
H020,P0026,519.91,1,0.0
H020,P0027,144.07,1,0.0
H020,P0028,83.54,1,0.0
H020,P0029,24.05,1,0.0
H020,P0030,54.73,1,0.0
H020,P0031,185.5,1,0.0
H020,P0032,237.18,1,0.0
H020,P0033,625.97,1,0.0
H020,P0034,74.81,1,0.0
H020,P0035,219.22,1,0.0
H020,P0036,449.44,1,0.0
H020,P0037,17.9,1,0.0
H020,P0038,1120.7,1,0.0
H020,P0039,50.38,1,0.0
H020,P0040,50.33,1,0.0
H020,P0041,324.42,1,0.0
H020,P0042,203.23,1,0.0
H020,P0043,418.05,1,0.0
H020,P0045,183.89,1,0.0
H020,P0046,125.04,1,0.0
H020,P0047,69.69,1,0.0
H020,P0048,238.05,1,0.0
H020,P0049,24.84,1,0.0
H020,P0050,118.64,1,0.0
H020,P0051,282.75,1,0.0
H020,P0052,49.66,1,0.0
H020,P0053,298.7,1,0.0
H020,P0054,338.47,1,0.0
H020,P0056,122.12,1,0.0
H020,P0057,230.63,1,0.0
H020,P0059,111.85,1,0.0
H020,P0060,895.67,1,0.0
H020,P0061,551.94,1,0.0
H020,P0062,346.54,1,0.0
H020,P0063,493.96,1,0.0
H020,P0064,455.68,1,0.0
H020,P0065,40.42,1,0.0
H020,P0066,1384.54,1,0.0
H020,P0067,38.17,1,0.0
H020,P0068,169.5,1,0.0
H020,P0069,51.69,1,0.0
H020,P0070,248.21,1,0.0
H020,P0071,208.78,1,0.0
H020,P0073,10.56,1,0.0
H020,P0075,176.16,1,0.0
H020,P0076,22.06,1,0.0
H020,P0077,547.47,1,0.0
H020,P0078,122.32,1,0.0
H020,P0079,70.79,1,0.0
H020,P0080,207.1,1,0.0
H020,P0081,86.42,1,0.0
H020,P0082,199.76,1,0.0
H020,P0083,101.1,1,0.0
H020,P0084,62.38,1,0.0
H020,P0085,50.01,1,0.0
H020,P0086,290.19,1,0.0
H020,P0087,153.68,1,0.0
H020,P0089,82.9,1,0.0
H020,P0090,63.37,1,0.0
H020,P0091,978.89,1,0.0
H020,P0092,197.85,1,0.0
H020,P0093,165.25,1,0.0
H020,P0096,52.21,1,0.0
H020,P0097,88.93,1,0.0
H020,P0098,163.61,1,0.0
H020,P0099,116.52,1,0.0
H020,P0100,102.53,1,0.0
H020,P0101,160.46,1,0.0
H020,P0102,93.53,1,0.0
H020,P0103,51.65,1,0.0
H020,P0104,272.0,1,0.0
H020,P0105,108.64,1,0.0
H020,P0106,105.85,1,0.0
H020,P0107,219.55,1,0.0
H020,P0109,49.86,1,0.0
H020,P0110,70.56,1,0.0
H020,P0111,38.73,1,0.0
H020,P0112,46.06,1,0.0
H020,P0114,87.55,1,0.0
H020,P0116,40.87,1,0.0
H020,P0117,426.37,1,0.0
H020,P0118,92.96,1,0.0
H020,P0119,167.35,1,0.0
H020,P0120,125.87,1,0.0
H020,P0121,57.25,1,0.0
H020,P0122,199.54,1,0.0
H020,P0124,439.66,1,0.0
H020,P0125,230.7,1,0.0
H020,P0126,43.35,1,0.0
H020,P0127,119.49,1,0.0
H020,P0129,124.87,1,0.0
H020,P0131,29.33,1,0.0
H020,P0132,118.62,1,0.0
H020,P0133,182.63,1,0.0
H020,P0134,45.36,1,0.0
H020,P0135,716.52,1,0.0
H020,P0136,241.63,1,0.0
H020,P0137,85.95,1,0.0
H020,P0138,851.47,1,0.0
H020,P0139,33.81,1,0.0
H020,P0140,53.6,1,0.0
H020,P0141,50.65,1,0.0
H020,P0142,386.97,1,0.0
H020,P0143,68.49,1,0.0
H020,P0144,260.73,1,0.0
H020,P0145,168.49,1,0.0
H020,P0146,79.12,1,0.0
H020,P0147,151.11,1,0.0
H020,P0148,46.16,1,0.0
H020,P0149,286.51,1,0.0
H020,P0150,55.17,1,0.0
H021,P0001,176.76,1,0.0
H021,P0002,108.69,1,0.0
H021,P0003,166.06,1,0.0
H021,P0007,145.2,1,0.0
H021,P0010,1446.53,1,0.0
H021,P0011,430.68,1,0.0
H021,P0012,424.22,1,0.0
H021,P0013,160.44,1,0.0
H021,P0014,73.83,1,0.0
H021,P0017,172.71,1,0.0
H021,P0018,172.97,1,0.0
H021,P0019,425.6,1,0.0
H021,P0020,208.21,1,0.0
H021,P0022,487.96,1,0.0
H021,P0023,126.13,1,0.0
H021,P0024,86.75,1,0.0
H021,P0025,88.44,1,0.0
H021,P0026,519.91,1,0.0
H021,P0027,144.07,1,0.0
H021,P0028,83.54,1,0.0
H021,P0030,54.73,1,0.0
H021,P0031,185.5,1,0.0
H021,P0032,237.18,1,0.0
H021,P0033,625.97,1,0.0
H021,P0035,219.22,1,0.0
H021,P0036,449.44,1,0.0
H021,P0038,1120.7,1,0.0
H021,P0039,50.38,1,0.0
H021,P0041,324.42,1,0.0
H021,P0043,418.05,1,0.0
H021,P0044,251.54,1,0.0
H021,P0046,125.04,1,0.0
H021,P0047,69.69,1,0.0
H021,P0048,238.05,1,0.0
H021,P0049,24.84,1,0.0
H021,P0050,118.64,1,0.0
H021,P0051,282.75,1,0.0
H021,P0052,49.66,1,0.0
H021,P0053,298.7,1,0.0
H021,P0054,338.47,1,0.0
H021,P0055,150.09,1,0.0
H021,P0056,122.12,1,0.0
H021,P0057,230.63,1,0.0
H021,P0058,249.7,1,0.0
H021,P0059,111.85,1,0.0
H021,P0060,895.67,1,0.0
H021,P0061,551.94,1,0.0
H021,P0062,346.54,1,0.0
H021,P0063,493.96,1,0.0
H021,P0064,455.68,1,0.0
H021,P0066,1384.54,1,0.0
H021,P0067,38.17,1,0.0
H021,P0068,169.5,1,0.0
H021,P0069,51.69,1,0.0
H021,P0070,248.21,1,0.0
H021,P0071,208.78,1,0.0
H021,P0072,174.63,1,0.0
H021,P0073,10.56,1,0.0
H021,P0075,176.16,1,0.0
H021,P0077,547.47,1,0.0
H021,P0078,122.32,1,0.0
H021,P0079,70.79,1,0.0
H021,P0080,207.1,1,0.0
H021,P0081,86.42,1,0.0
H021,P0082,199.76,1,0.0
H021,P0083,101.1,1,0.0
H021,P0084,62.38,1,0.0
H021,P0085,50.01,1,0.0
H021,P0086,290.19,1,0.0
H021,P0087,153.68,1,0.0
H021,P0091,978.89,1,0.0
H021,P0092,197.85,1,0.0
H021,P0093,165.25,1,0.0
H021,P0094,554.13,1,0.0
H021,P0097,88.93,1,0.0
H021,P0098,163.61,1,0.0
H021,P0100,102.53,1,0.0
H021,P0101,160.46,1,0.0
H021,P0102,93.53,1,0.0
H021,P0106,105.85,1,0.0
H021,P0107,219.55,1,0.0
H021,P0108,200.89,1,0.0
H021,P0110,70.56,1,0.0
H021,P0112,46.06,1,0.0
H021,P0113,179.88,1,0.0
H021,P0114,87.55,1,0.0
H021,P0115,58.07,1,0.0
H021,P0117,426.37,1,0.0
H021,P0118,92.96,1,0.0
H021,P0119,167.35,1,0.0
H021,P0120,125.87,1,0.0
H021,P0121,57.25,1,0.0
H021,P0122,199.54,1,0.0
H021,P0124,439.66,1,0.0
H021,P0125,230.7,1,0.0
H021,P0126,43.35,1,0.0
H021,P0131,29.33,1,0.0
H021,P0133,182.63,1,0.0
H021,P0134,45.36,1,0.0
H021,P0136,241.63,1,0.0
H021,P0137,85.95,1,0.0
H021,P0138,851.47,1,0.0
H021,P0139,33.81,1,0.0
H021,P0140,53.6,1,0.0
H021,P0141,50.65,1,0.0
H021,P0142,386.97,1,0.0
H021,P0144,260.73,1,0.0
H021,P0145,168.49,1,0.0
H021,P0146,79.12,1,0.0
H021,P0147,151.11,1,0.0
H021,P0148,46.16,1,0.0
H021,P0150,55.17,1,0.0
H022,P0001,176.76,0,50.0
H022,P0002,108.69,0,50.0
H022,P0003,166.06,0,50.0
H022,P0004,34.77,0,50.0
H022,P0006,121.39,0,50.0
H022,P0007,145.2,0,50.0
H022,P0009,84.25,0,50.0
H022,P0010,1446.53,0,50.0
H022,P0012,424.22,0,50.0
H022,P0015,219.64,0,50.0
H022,P0016,72.66,0,50.0
H022,P0017,172.71,0,50.0
H022,P0018,172.97,0,50.0
H022,P0020,208.21,0,50.0
H022,P0023,126.13,0,50.0
H022,P0027,144.07,0,50.0
H022,P0028,83.54,0,50.0
H022,P0031,185.5,0,50.0
H022,P0032,237.18,0,50.0
H022,P0036,449.44,0,50.0
H022,P0037,17.9,0,50.0
H022,P0038,1120.7,0,50.0
H022,P0039,50.38,0,50.0
H022,P0043,418.05,0,50.0
H022,P0044,251.54,0,50.0
H022,P0045,183.89,0,50.0
H022,P0049,24.84,0,50.0
H022,P0050,118.64,0,50.0
H022,P0052,49.66,0,50.0
H022,P0053,298.7,0,50.0
H022,P0054,338.47,0,50.0
H022,P0055,150.09,0,50.0
H022,P0057,230.63,0,50.0
H022,P0059,111.85,0,50.0
H022,P0060,895.67,0,50.0
H022,P0061,551.94,0,50.0
H022,P0063,493.96,0,50.0
H022,P0064,455.68,0,50.0
H022,P0067,38.17,0,50.0
H022,P0069,51.69,0,50.0
H022,P0070,248.21,0,50.0
H022,P0071,208.78,0,50.0
H022,P0072,174.63,0,50.0
H022,P0073,10.56,0,50.0
H022,P0075,176.16,0,50.0
H022,P0079,70.79,0,50.0
H022,P0080,207.1,0,50.0
H022,P0081,86.42,0,50.0
H022,P0083,101.1,0,50.0
H022,P0084,62.38,0,50.0
H022,P0085,50.01,0,50.0
H022,P0087,153.68,0,50.0
H022,P0088,70.94,0,50.0
H022,P0089,82.9,0,50.0
H022,P0093,165.25,0,50.0
H022,P0094,554.13,0,50.0
H022,P0096,52.21,0,50.0
H022,P0097,88.93,0,50.0
H022,P0098,163.61,0,50.0
H022,P0099,116.52,0,50.0
H022,P0101,160.46,0,50.0
H022,P0105,108.64,0,50.0
H022,P0106,105.85,0,50.0
H022,P0107,219.55,0,50.0
H022,P0108,200.89,0,50.0
H022,P0113,179.88,0,50.0
H022,P0114,87.55,0,50.0
H022,P0116,40.87,0,50.0
H022,P0119,167.35,0,50.0
H022,P0120,125.87,0,50.0
H022,P0122,199.54,0,50.0
H022,P0123,151.15,0,50.0
H022,P0124,439.66,0,50.0
H022,P0128,121.12,0,50.0
H022,P0129,124.87,0,50.0
H022,P0132,118.62,0,50.0
H022,P0133,182.63,0,50.0
H022,P0134,45.36,0,50.0
H022,P0135,716.52,0,50.0
H022,P0136,241.63,0,50.0
H022,P0138,851.47,0,50.0
H022,P0142,386.97,0,50.0
H022,P0144,260.73,0,50.0
H022,P0145,168.49,0,50.0
H022,P0146,79.12,0,50.0
H022,P0147,151.11,0,50.0
H022,P0148,46.16,0,50.0
H022,P0149,286.51,0,50.0
H022,P0150,55.17,0,50.0
H023,P0001,176.76,0,50.0
H023,P0002,108.69,0,50.0
H023,P0003,166.06,0,50.0
H023,P0007,145.2,0,50.0
H023,P0009,84.25,0,50.0
H023,P0011,430.68,0,50.0
H023,P0012,424.22,0,50.0
H023,P0013,160.44,0,50.0
H023,P0015,219.64,0,50.0
H023,P0016,72.66,0,50.0
H023,P0017,172.71,0,50.0
H023,P0018,172.97,0,50.0
H023,P0019,425.6,0,50.0
H023,P0021,160.14,0,50.0
H023,P0023,126.13,0,50.0
H023,P0025,88.44,0,50.0
H023,P0026,519.91,0,50.0
H023,P0027,144.07,0,50.0
H023,P0028,83.54,0,50.0
H023,P0029,24.05,0,50.0
H023,P0030,54.73,0,50.0
H023,P0031,185.5,0,50.0
H023,P0032,237.18,0,50.0
H023,P0033,625.97,0,50.0
H023,P0034,74.81,0,50.0
H023,P0036,449.44,0,50.0
H023,P0037,17.9,0,50.0
H023,P0038,1120.7,0,50.0
H023,P0039,50.38,0,50.0
H023,P0040,50.33,0,50.0
H023,P0041,324.42,0,50.0
H023,P0042,203.23,0,50.0
H023,P0043,418.05,0,50.0
H023,P0044,251.54,0,50.0
H023,P0045,183.89,0,50.0
H023,P0047,69.69,0,50.0
H023,P0048,238.05,0,50.0
H023,P0049,24.84,0,50.0
H023,P0050,118.64,0,50.0
H023,P0051,282.75,0,50.0
H023,P0052,49.66,0,50.0
H023,P0053,298.7,0,50.0
H023,P0055,150.09,0,50.0
H023,P0058,249.7,0,50.0
H023,P0059,111.85,0,50.0
H023,P0060,895.67,0,50.0
H023,P0061,551.94,0,50.0
H023,P0064,455.68,0,50.0
H023,P0065,40.42,0,50.0
H023,P0066,1384.54,0,50.0
H023,P0067,38.17,0,50.0
H023,P0069,51.69,0,50.0
H023,P0070,248.21,0,50.0
H023,P0071,208.78,0,50.0
H023,P0073,10.56,0,50.0
H023,P0077,547.47,0,50.0
H023,P0079,70.79,0,50.0
H023,P0081,86.42,0,50.0
H023,P0082,199.76,0,50.0
H023,P0083,101.1,0,50.0
H023,P0085,50.01,0,50.0
H023,P0087,153.68,0,50.0
H023,P0088,70.94,0,50.0
H023,P0089,82.9,0,50.0
H023,P0091,978.89,0,50.0
H023,P0092,197.85,0,50.0
H023,P0093,165.25,0,50.0
H023,P0094,554.13,0,50.0
H023,P0098,163.61,0,50.0
H023,P0099,116.52,0,50.0
H023,P0101,160.46,0,50.0
H023,P0103,51.65,0,50.0
H023,P0104,272.0,0,50.0
H023,P0105,108.64,0,50.0
H023,P0106,105.85,0,50.0
H023,P0107,219.55,0,50.0
H023,P0108,200.89,0,50.0
H023,P0109,49.86,0,50.0
H023,P0110,70.56,0,50.0
H023,P0111,38.73,0,50.0
H023,P0113,179.88,0,50.0
H023,P0115,58.07,0,50.0
H023,P0116,40.87,0,50.0
H023,P0117,426.37,0,50.0
H023,P0118,92.96,0,50.0
H023,P0119,167.35,0,50.0
H023,P0121,57.25,0,50.0
H023,P0122,199.54,0,50.0
H023,P0123,151.15,0,50.0
H023,P0124,439.66,0,50.0
H023,P0125,230.7,0,50.0
H023,P0126,43.35,0,50.0
H023,P0127,119.49,0,50.0
H023,P0128,121.12,0,50.0
H023,P0131,29.33,0,50.0
H023,P0133,182.63,0,50.0
H023,P0134,45.36,0,50.0
H023,P0135,716.52,0,50.0
H023,P0137,85.95,0,50.0
H023,P0138,851.47,0,50.0
H023,P0139,33.81,0,50.0
H023,P0140,53.6,0,50.0
H023,P0142,386.97,0,50.0
H023,P0143,68.49,0,50.0
H023,P0144,260.73,0,50.0
H023,P0145,168.49,0,50.0
H023,P0146,79.12,0,50.0
H023,P0147,151.11,0,50.0
H023,P0149,286.51,0,50.0
H023,P0150,55.17,0,50.0
H024,P0002,108.69,0,50.0
H024,P0003,166.06,0,50.0
H024,P0004,34.77,0,50.0
H024,P0005,362.15,0,50.0
H024,P0006,121.39,0,50.0
H024,P0007,145.2,0,50.0
H024,P0009,84.25,0,50.0
H024,P0010,1446.53,0,50.0
H024,P0011,430.68,0,50.0
H024,P0012,424.22,0,50.0
H024,P0013,160.44,0,50.0
H024,P0014,73.83,0,50.0
H024,P0015,219.64,0,50.0
H024,P0016,72.66,0,50.0
H024,P0018,172.97,0,50.0
H024,P0019,425.6,0,50.0
H024,P0020,208.21,0,50.0
H024,P0021,160.14,0,50.0
H024,P0023,126.13,0,50.0
H024,P0024,86.75,0,50.0
H024,P0025,88.44,0,50.0
H024,P0027,144.07,0,50.0
H024,P0028,83.54,0,50.0
H024,P0029,24.05,0,50.0
H024,P0030,54.73,0,50.0
H024,P0031,185.5,0,50.0
H024,P0032,237.18,0,50.0
H024,P0037,17.9,0,50.0
H024,P0039,50.38,0,50.0
H024,P0040,50.33,0,50.0
H024,P0041,324.42,0,50.0
H024,P0042,203.23,0,50.0
H024,P0043,418.05,0,50.0
H024,P0044,251.54,0,50.0
H024,P0045,183.89,0,50.0
H024,P0046,125.04,0,50.0
H024,P0047,69.69,0,50.0
H024,P0048,238.05,0,50.0
H024,P0049,24.84,0,50.0
H024,P0050,118.64,0,50.0
H024,P0051,282.75,0,50.0
H024,P0052,49.66,0,50.0
H024,P0053,298.7,0,50.0
H024,P0055,150.09,0,50.0
H024,P0056,122.12,0,50.0
H024,P0057,230.63,0,50.0
H024,P0058,249.7,0,50.0
H024,P0059,111.85,0,50.0
H024,P0060,895.67,0,50.0
H024,P0061,551.94,0,50.0
H024,P0062,346.54,0,50.0
H024,P0063,493.96,0,50.0
H024,P0064,455.68,0,50.0
H024,P0065,40.42,0,50.0
H024,P0068,169.5,0,50.0
H024,P0069,51.69,0,50.0
H024,P0070,248.21,0,50.0
H024,P0072,174.63,0,50.0
H024,P0073,10.56,0,50.0
H024,P0074,289.71,0,50.0
H024,P0075,176.16,0,50.0
H024,P0077,547.47,0,50.0
H024,P0078,122.32,0,50.0
H024,P0079,70.79,0,50.0
H024,P0081,86.42,0,50.0
H024,P0082,199.76,0,50.0
H024,P0083,101.1,0,50.0
H024,P0084,62.38,0,50.0
H024,P0085,50.01,0,50.0
H024,P0086,290.19,0,50.0
H024,P0087,153.68,0,50.0
H024,P0088,70.94,0,50.0
H024,P0089,82.9,0,50.0
H024,P0090,63.37,0,50.0
H024,P0092,197.85,0,50.0
H024,P0093,165.25,0,50.0
H024,P0094,554.13,0,50.0
H024,P0097,88.93,0,50.0
H024,P0098,163.61,0,50.0
H024,P0099,116.52,0,50.0
H024,P0100,102.53,0,50.0
H024,P0101,160.46,0,50.0
H024,P0102,93.53,0,50.0
H024,P0104,272.0,0,50.0
H024,P0105,108.64,0,50.0
H024,P0106,105.85,0,50.0
H024,P0107,219.55,0,50.0
H024,P0108,200.89,0,50.0
H024,P0109,49.86,0,50.0
H024,P0111,38.73,0,50.0
H024,P0113,179.88,0,50.0
H024,P0115,58.07,0,50.0
H024,P0116,40.87,0,50.0
H024,P0117,426.37,0,50.0
H024,P0118,92.96,0,50.0
H024,P0119,167.35,0,50.0
H024,P0121,57.25,0,50.0
H024,P0122,199.54,0,50.0
H024,P0123,151.15,0,50.0
H024,P0124,439.66,0,50.0
H024,P0125,230.7,0,50.0
H024,P0126,43.35,0,50.0
H024,P0127,119.49,0,50.0
H024,P0128,121.12,0,50.0
H024,P0129,124.87,0,50.0
H024,P0130,43.48,0,50.0
H024,P0131,29.33,0,50.0
H024,P0133,182.63,0,50.0
H024,P0134,45.36,0,50.0
H024,P0136,241.63,0,50.0
H024,P0137,85.95,0,50.0
H024,P0138,851.47,0,50.0
H024,P0139,33.81,0,50.0
H024,P0140,53.6,0,50.0
H024,P0141,50.65,0,50.0
H024,P0142,386.97,0,50.0
H024,P0143,68.49,0,50.0
H024,P0145,168.49,0,50.0
H024,P0146,79.12,0,50.0
H024,P0147,151.11,0,50.0
H024,P0150,55.17,0,50.0
H025,P0001,176.76,1,0.0
H025,P0002,108.69,1,0.0
H025,P0003,166.06,1,0.0
H025,P0004,34.77,1,0.0
H025,P0005,362.15,1,0.0
H025,P0006,121.39,1,0.0
H025,P0007,145.2,1,0.0
H025,P0008,266.5,1,0.0
H025,P0010,1446.53,1,0.0
H025,P0011,430.68,1,0.0
H025,P0012,424.22,1,0.0
H025,P0013,160.44,1,0.0
H025,P0014,73.83,1,0.0
H025,P0015,219.64,1,0.0
H025,P0016,72.66,1,0.0
H025,P0017,172.71,1,0.0
H025,P0018,172.97,1,0.0
H025,P0019,425.6,1,0.0
H025,P0020,208.21,1,0.0
H025,P0021,160.14,1,0.0
H025,P0023,126.13,1,0.0
H025,P0025,88.44,1,0.0
H025,P0026,519.91,1,0.0
H025,P0027,144.07,1,0.0
H025,P0028,83.54,1,0.0
H025,P0029,24.05,1,0.0
H025,P0030,54.73,1,0.0
H025,P0031,185.5,1,0.0
H025,P0032,237.18,1,0.0
H025,P0034,74.81,1,0.0
H025,P0035,219.22,1,0.0
H025,P0036,449.44,1,0.0
H025,P0038,1120.7,1,0.0
H025,P0039,50.38,1,0.0
H025,P0040,50.33,1,0.0
H025,P0041,324.42,1,0.0
H025,P0042,203.23,1,0.0
H025,P0043,418.05,1,0.0
H025,P0044,251.54,1,0.0
H025,P0045,183.89,1,0.0
H025,P0046,125.04,1,0.0
H025,P0047,69.69,1,0.0
H025,P0048,238.05,1,0.0
H025,P0049,24.84,1,0.0
H025,P0050,118.64,1,0.0
H025,P0051,282.75,1,0.0
H025,P0052,49.66,1,0.0
H025,P0053,298.7,1,0.0
H025,P0057,230.63,1,0.0
H025,P0059,111.85,1,0.0
H025,P0061,551.94,1,0.0
H025,P0062,346.54,1,0.0
H025,P0063,493.96,1,0.0
H025,P0064,455.68,1,0.0
H025,P0065,40.42,1,0.0
H025,P0066,1384.54,1,0.0
H025,P0067,38.17,1,0.0
H025,P0069,51.69,1,0.0
H025,P0070,248.21,1,0.0
H025,P0071,208.78,1,0.0
H025,P0072,174.63,1,0.0
H025,P0076,22.06,1,0.0
H025,P0077,547.47,1,0.0
H025,P0078,122.32,1,0.0
H025,P0079,70.79,1,0.0
H025,P0081,86.42,1,0.0
H025,P0082,199.76,1,0.0
H025,P0083,101.1,1,0.0
H025,P0084,62.38,1,0.0
H025,P0085,50.01,1,0.0
H025,P0087,153.68,1,0.0
H025,P0089,82.9,1,0.0
H025,P0090,63.37,1,0.0
H025,P0091,978.89,1,0.0
H025,P0092,197.85,1,0.0
H025,P0093,165.25,1,0.0
H025,P0095,78.23,1,0.0
H025,P0096,52.21,1,0.0
H025,P0097,88.93,1,0.0
H025,P0098,163.61,1,0.0
H025,P0100,102.53,1,0.0
H025,P0101,160.46,1,0.0
H025,P0102,93.53,1,0.0
H025,P0103,51.65,1,0.0
H025,P0105,108.64,1,0.0
H025,P0106,105.85,1,0.0
H025,P0107,219.55,1,0.0
H025,P0108,200.89,1,0.0
H025,P0109,49.86,1,0.0
H025,P0110,70.56,1,0.0
H025,P0111,38.73,1,0.0
H025,P0113,179.88,1,0.0
H025,P0115,58.07,1,0.0
H025,P0116,40.87,1,0.0
H025,P0119,167.35,1,0.0
H025,P0121,57.25,1,0.0
H025,P0122,199.54,1,0.0
H025,P0124,439.66,1,0.0
H025,P0125,230.7,1,0.0
H025,P0126,43.35,1,0.0
H025,P0127,119.49,1,0.0
H025,P0128,121.12,1,0.0
H025,P0129,124.87,1,0.0
H025,P0130,43.48,1,0.0
H025,P0131,29.33,1,0.0
H025,P0133,182.63,1,0.0
H025,P0134,45.36,1,0.0
H025,P0135,716.52,1,0.0
H025,P0137,85.95,1,0.0
H025,P0138,851.47,1,0.0
H025,P0140,53.6,1,0.0
H025,P0141,50.65,1,0.0
H025,P0142,386.97,1,0.0
H025,P0143,68.49,1,0.0
H025,P0145,168.49,1,0.0
H025,P0146,79.12,1,0.0
H025,P0147,151.11,1,0.0
H025,P0148,46.16,1,0.0
H025,P0150,55.17,1,0.0
H026,P0001,176.76,1,0.0
H026,P0002,108.69,1,0.0
H026,P0003,166.06,1,0.0
H026,P0004,34.77,1,0.0
H026,P0005,362.15,1,0.0
H026,P0008,266.5,1,0.0
H026,P0010,1446.53,1,0.0
H026,P0012,424.22,1,0.0
H026,P0013,160.44,1,0.0
H026,P0014,73.83,1,0.0
H026,P0016,72.66,1,0.0
H026,P0017,172.71,1,0.0
H026,P0018,172.97,1,0.0
H026,P0019,425.6,1,0.0
H026,P0020,208.21,1,0.0
H026,P0021,160.14,1,0.0
H026,P0023,126.13,1,0.0
H026,P0027,144.07,1,0.0
H026,P0029,24.05,1,0.0
H026,P0030,54.73,1,0.0
H026,P0031,185.5,1,0.0
H026,P0032,237.18,1,0.0
H026,P0033,625.97,1,0.0
H026,P0034,74.81,1,0.0
H026,P0036,449.44,1,0.0
H026,P0037,17.9,1,0.0
H026,P0040,50.33,1,0.0
H026,P0041,324.42,1,0.0
H026,P0043,418.05,1,0.0
H026,P0045,183.89,1,0.0
H026,P0046,125.04,1,0.0
H026,P0050,118.64,1,0.0
H026,P0051,282.75,1,0.0
H026,P0052,49.66,1,0.0
H026,P0054,338.47,1,0.0
H026,P0055,150.09,1,0.0
H026,P0056,122.12,1,0.0
H026,P0057,230.63,1,0.0
H026,P0058,249.7,1,0.0
H026,P0059,111.85,1,0.0
H026,P0061,551.94,1,0.0
H026,P0062,346.54,1,0.0
H026,P0063,493.96,1,0.0
H026,P0064,455.68,1,0.0
H026,P0065,40.42,1,0.0
H026,P0067,38.17,1,0.0
H026,P0068,169.5,1,0.0
H026,P0069,51.69,1,0.0
H026,P0070,248.21,1,0.0
H026,P0071,208.78,1,0.0
H026,P0073,10.56,1,0.0
H026,P0075,176.16,1,0.0
H026,P0076,22.06,1,0.0
H026,P0077,547.47,1,0.0
H026,P0078,122.32,1,0.0
H026,P0079,70.79,1,0.0
H026,P0080,207.1,1,0.0
H026,P0081,86.42,1,0.0
H026,P0082,199.76,1,0.0
H026,P0083,101.1,1,0.0
H026,P0084,62.38,1,0.0
H026,P0085,50.01,1,0.0
H026,P0087,153.68,1,0.0
H026,P0090,63.37,1,0.0
H026,P0091,978.89,1,0.0
H026,P0093,165.25,1,0.0
H026,P0095,78.23,1,0.0
H026,P0096,52.21,1,0.0
H026,P0097,88.93,1,0.0
H026,P0098,163.61,1,0.0
H026,P0099,116.52,1,0.0
H026,P0101,160.46,1,0.0
H026,P0102,93.53,1,0.0
H026,P0103,51.65,1,0.0
H026,P0104,272.0,1,0.0
H026,P0105,108.64,1,0.0
H026,P0106,105.85,1,0.0
H026,P0107,219.55,1,0.0
H026,P0108,200.89,1,0.0
H026,P0109,49.86,1,0.0
H026,P0110,70.56,1,0.0
H026,P0111,38.73,1,0.0
H026,P0112,46.06,1,0.0
H026,P0113,179.88,1,0.0
H026,P0114,87.55,1,0.0
H026,P0115,58.07,1,0.0
H026,P0116,40.87,1,0.0
H026,P0117,426.37,1,0.0
H026,P0119,167.35,1,0.0
H026,P0120,125.87,1,0.0
H026,P0121,57.25,1,0.0
H026,P0122,199.54,1,0.0
H026,P0124,439.66,1,0.0
H026,P0125,230.7,1,0.0
H026,P0126,43.35,1,0.0
H026,P0127,119.49,1,0.0
H026,P0129,124.87,1,0.0
H026,P0131,29.33,1,0.0
H026,P0133,182.63,1,0.0
H026,P0134,45.36,1,0.0
H026,P0135,716.52,1,0.0
H026,P0136,241.63,1,0.0
H026,P0138,851.47,1,0.0
H026,P0139,33.81,1,0.0
H026,P0140,53.6,1,0.0
H026,P0141,50.65,1,0.0
H026,P0142,386.97,1,0.0
H026,P0143,68.49,1,0.0
H026,P0144,260.73,1,0.0
H026,P0145,168.49,1,0.0
H026,P0146,79.12,1,0.0
H026,P0147,151.11,1,0.0
H026,P0148,46.16,1,0.0
H026,P0150,55.17,1,0.0
H027,P0001,176.76,1,0.0
H027,P0002,108.69,1,0.0
H027,P0003,166.06,1,0.0
H027,P0004,34.77,1,0.0
H027,P0006,121.39,1,0.0
H027,P0007,145.2,1,0.0
H027,P0008,266.5,1,0.0
H027,P0009,84.25,1,0.0
H027,P0010,1446.53,1,0.0
H027,P0012,424.22,1,0.0
H027,P0013,160.44,1,0.0
H027,P0014,73.83,1,0.0
H027,P0015,219.64,1,0.0
H027,P0016,72.66,1,0.0
H027,P0019,425.6,1,0.0
H027,P0020,208.21,1,0.0
H027,P0021,160.14,1,0.0
H027,P0023,126.13,1,0.0
H027,P0025,88.44,1,0.0
H027,P0027,144.07,1,0.0
H027,P0028,83.54,1,0.0
H027,P0029,24.05,1,0.0
H027,P0030,54.73,1,0.0
H027,P0031,185.5,1,0.0
H027,P0032,237.18,1,0.0
H027,P0033,625.97,1,0.0
H027,P0034,74.81,1,0.0
H027,P0037,17.9,1,0.0
H027,P0038,1120.7,1,0.0
H027,P0039,50.38,1,0.0
H027,P0040,50.33,1,0.0
H027,P0041,324.42,1,0.0
H027,P0043,418.05,1,0.0
H027,P0044,251.54,1,0.0
H027,P0045,183.89,1,0.0
H027,P0046,125.04,1,0.0
H027,P0049,24.84,1,0.0
H027,P0050,118.64,1,0.0
H027,P0051,282.75,1,0.0
H027,P0052,49.66,1,0.0
H027,P0054,338.47,1,0.0
H027,P0055,150.09,1,0.0
H027,P0056,122.12,1,0.0
H027,P0057,230.63,1,0.0
H027,P0059,111.85,1,0.0
H027,P0060,895.67,1,0.0
H027,P0061,551.94,1,0.0
H027,P0062,346.54,1,0.0
H027,P0063,493.96,1,0.0
H027,P0064,455.68,1,0.0
H027,P0065,40.42,1,0.0
H027,P0067,38.17,1,0.0
H027,P0069,51.69,1,0.0
H027,P0070,248.21,1,0.0
H027,P0071,208.78,1,0.0
H027,P0072,174.63,1,0.0
H027,P0073,10.56,1,0.0
H027,P0075,176.16,1,0.0
H027,P0076,22.06,1,0.0
H027,P0078,122.32,1,0.0
H027,P0079,70.79,1,0.0
H027,P0080,207.1,1,0.0
H027,P0081,86.42,1,0.0
H027,P0082,199.76,1,0.0
H027,P0083,101.1,1,0.0
H027,P0085,50.01,1,0.0
H027,P0087,153.68,1,0.0
H027,P0088,70.94,1,0.0
H027,P0089,82.9,1,0.0
H027,P0091,978.89,1,0.0
H027,P0092,197.85,1,0.0
H027,P0093,165.25,1,0.0
H027,P0094,554.13,1,0.0
H027,P0096,52.21,1,0.0
H027,P0097,88.93,1,0.0
H027,P0098,163.61,1,0.0
H027,P0099,116.52,1,0.0
H027,P0100,102.53,1,0.0
H027,P0101,160.46,1,0.0
H027,P0102,93.53,1,0.0
H027,P0104,272.0,1,0.0
H027,P0105,108.64,1,0.0
H027,P0106,105.85,1,0.0
H027,P0107,219.55,1,0.0
H027,P0108,200.89,1,0.0
H027,P0112,46.06,1,0.0
H027,P0113,179.88,1,0.0
H027,P0114,87.55,1,0.0
H027,P0115,58.07,1,0.0
H027,P0118,92.96,1,0.0
H027,P0119,167.35,1,0.0
H027,P0121,57.25,1,0.0
H027,P0122,199.54,1,0.0
H027,P0123,151.15,1,0.0
H027,P0124,439.66,1,0.0
H027,P0126,43.35,1,0.0
H027,P0127,119.49,1,0.0
H027,P0128,121.12,1,0.0
H027,P0129,124.87,1,0.0
H027,P0130,43.48,1,0.0
H027,P0132,118.62,1,0.0
H027,P0133,182.63,1,0.0
H027,P0134,45.36,1,0.0
H027,P0135,716.52,1,0.0
H027,P0136,241.63,1,0.0
H027,P0138,851.47,1,0.0
H027,P0140,53.6,1,0.0
H027,P0142,386.97,1,0.0
H027,P0143,68.49,1,0.0
H027,P0145,168.49,1,0.0
H027,P0146,79.12,1,0.0
H027,P0147,151.11,1,0.0
H027,P0148,46.16,1,0.0
H027,P0149,286.51,1,0.0
H028,P0002,108.69,1,0.0
H028,P0003,166.06,1,0.0
H028,P0004,34.77,1,0.0
H028,P0006,121.39,1,0.0
H028,P0007,145.2,1,0.0
H028,P0009,84.25,1,0.0
H028,P0010,1446.53,1,0.0
H028,P0011,430.68,1,0.0
H028,P0012,424.22,1,0.0
H028,P0013,160.44,1,0.0
H028,P0014,73.83,1,0.0
H028,P0015,219.64,1,0.0
H028,P0016,72.66,1,0.0
H028,P0018,172.97,1,0.0
H028,P0020,208.21,1,0.0
H028,P0021,160.14,1,0.0
H028,P0023,126.13,1,0.0
H028,P0026,519.91,1,0.0
H028,P0027,144.07,1,0.0
H028,P0031,185.5,1,0.0
H028,P0032,237.18,1,0.0
H028,P0034,74.81,1,0.0
H028,P0036,449.44,1,0.0
H028,P0037,17.9,1,0.0
H028,P0038,1120.7,1,0.0
H028,P0039,50.38,1,0.0
H028,P0041,324.42,1,0.0
H028,P0043,418.05,1,0.0
H028,P0045,183.89,1,0.0
H028,P0046,125.04,1,0.0
H028,P0047,69.69,1,0.0
H028,P0048,238.05,1,0.0
H028,P0051,282.75,1,0.0
H028,P0052,49.66,1,0.0
H028,P0053,298.7,1,0.0
H028,P0054,338.47,1,0.0
H028,P0055,150.09,1,0.0
H028,P0056,122.12,1,0.0
H028,P0057,230.63,1,0.0
H028,P0058,249.7,1,0.0
H028,P0059,111.85,1,0.0
H028,P0061,551.94,1,0.0
H028,P0063,493.96,1,0.0
H028,P0064,455.68,1,0.0
H028,P0065,40.42,1,0.0
H028,P0066,1384.54,1,0.0
H028,P0067,38.17,1,0.0
H028,P0068,169.5,1,0.0
H028,P0069,51.69,1,0.0
H028,P0070,248.21,1,0.0
H028,P0071,208.78,1,0.0
H028,P0073,10.56,1,0.0
H028,P0075,176.16,1,0.0
H028,P0076,22.06,1,0.0
H028,P0077,547.47,1,0.0
H028,P0078,122.32,1,0.0
H028,P0079,70.79,1,0.0
H028,P0081,86.42,1,0.0
H028,P0083,101.1,1,0.0
H028,P0084,62.38,1,0.0
H028,P0085,50.01,1,0.0
H028,P0086,290.19,1,0.0
H028,P0087,153.68,1,0.0
H028,P0089,82.9,1,0.0
H028,P0091,978.89,1,0.0
H028,P0092,197.85,1,0.0
H028,P0093,165.25,1,0.0
H028,P0094,554.13,1,0.0
H028,P0095,78.23,1,0.0
H028,P0097,88.93,1,0.0
H028,P0098,163.61,1,0.0
H028,P0099,116.52,1,0.0
H028,P0102,93.53,1,0.0
H028,P0103,51.65,1,0.0
H028,P0104,272.0,1,0.0
H028,P0105,108.64,1,0.0
H028,P0107,219.55,1,0.0
H028,P0108,200.89,1,0.0
H028,P0110,70.56,1,0.0
H028,P0111,38.73,1,0.0
H028,P0112,46.06,1,0.0
H028,P0113,179.88,1,0.0
H028,P0114,87.55,1,0.0
H028,P0115,58.07,1,0.0
H028,P0116,40.87,1,0.0
H028,P0119,167.35,1,0.0
H028,P0121,57.25,1,0.0
H028,P0122,199.54,1,0.0
H028,P0124,439.66,1,0.0
H028,P0125,230.7,1,0.0
H028,P0126,43.35,1,0.0
H028,P0127,119.49,1,0.0
H028,P0131,29.33,1,0.0
H028,P0134,45.36,1,0.0
H028,P0135,716.52,1,0.0
H028,P0138,851.47,1,0.0
H028,P0139,33.81,1,0.0
H028,P0140,53.6,1,0.0
H028,P0143,68.49,1,0.0
H028,P0144,260.73,1,0.0
H028,P0145,168.49,1,0.0
H028,P0146,79.12,1,0.0
H028,P0147,151.11,1,0.0
H028,P0148,46.16,1,0.0
H028,P0150,55.17,1,0.0
H029,P0002,108.69,0,50.0
H029,P0003,166.06,0,50.0
H029,P0005,362.15,0,50.0
H029,P0007,145.2,0,50.0
H029,P0011,430.68,0,50.0
H029,P0012,424.22,0,50.0
H029,P0013,160.44,0,50.0
H029,P0015,219.64,0,50.0
H029,P0016,72.66,0,50.0
H029,P0018,172.97,0,50.0
H029,P0019,425.6,0,50.0
H029,P0020,208.21,0,50.0
H029,P0021,160.14,0,50.0
H029,P0023,126.13,0,50.0
H029,P0024,86.75,0,50.0
H029,P0025,88.44,0,50.0
H029,P0028,83.54,0,50.0
H029,P0029,24.05,0,50.0
H029,P0030,54.73,0,50.0
H029,P0031,185.5,0,50.0
H029,P0032,237.18,0,50.0
H029,P0033,625.97,0,50.0
H029,P0034,74.81,0,50.0
H029,P0035,219.22,0,50.0
H029,P0037,17.9,0,50.0
H029,P0038,1120.7,0,50.0
H029,P0040,50.33,0,50.0
H029,P0041,324.42,0,50.0
H029,P0042,203.23,0,50.0
H029,P0043,418.05,0,50.0
H029,P0044,251.54,0,50.0
H029,P0045,183.89,0,50.0
H029,P0046,125.04,0,50.0
H029,P0047,69.69,0,50.0
H029,P0048,238.05,0,50.0
H029,P0049,24.84,0,50.0
H029,P0050,118.64,0,50.0
H029,P0051,282.75,0,50.0
H029,P0052,49.66,0,50.0
H029,P0053,298.7,0,50.0
H029,P0054,338.47,0,50.0
H029,P0055,150.09,0,50.0
H029,P0057,230.63,0,50.0
H029,P0059,111.85,0,50.0
H029,P0060,895.67,0,50.0
H029,P0061,551.94,0,50.0
H029,P0063,493.96,0,50.0
H029,P0064,455.68,0,50.0
H029,P0065,40.42,0,50.0
H029,P0066,1384.54,0,50.0
H029,P0067,38.17,0,50.0
H029,P0068,169.5,0,50.0
H029,P0069,51.69,0,50.0
H029,P0071,208.78,0,50.0
H029,P0072,174.63,0,50.0
H029,P0073,10.56,0,50.0
H029,P0075,176.16,0,50.0
H029,P0076,22.06,0,50.0
H029,P0078,122.32,0,50.0
H029,P0080,207.1,0,50.0
H029,P0081,86.42,0,50.0
H029,P0083,101.1,0,50.0
H029,P0084,62.38,0,50.0
H029,P0085,50.01,0,50.0
H029,P0086,290.19,0,50.0
H029,P0087,153.68,0,50.0
H029,P0088,70.94,0,50.0
H029,P0089,82.9,0,50.0
H029,P0091,978.89,0,50.0
H029,P0092,197.85,0,50.0
H029,P0093,165.25,0,50.0
H029,P0094,554.13,0,50.0
H029,P0096,52.21,0,50.0
H029,P0097,88.93,0,50.0
H029,P0098,163.61,0,50.0
H029,P0099,116.52,0,50.0
H029,P0100,102.53,0,50.0
H029,P0101,160.46,0,50.0
H029,P0102,93.53,0,50.0
H029,P0103,51.65,0,50.0
H029,P0104,272.0,0,50.0
H029,P0105,108.64,0,50.0
H029,P0106,105.85,0,50.0
H029,P0107,219.55,0,50.0
H029,P0108,200.89,0,50.0
H029,P0109,49.86,0,50.0
H029,P0110,70.56,0,50.0
H029,P0111,38.73,0,50.0
H029,P0113,179.88,0,50.0
H029,P0114,87.55,0,50.0
H029,P0115,58.07,0,50.0
H029,P0116,40.87,0,50.0
H029,P0117,426.37,0,50.0
H029,P0119,167.35,0,50.0
H029,P0121,57.25,0,50.0
H029,P0122,199.54,0,50.0
H029,P0124,439.66,0,50.0
H029,P0126,43.35,0,50.0
H029,P0127,119.49,0,50.0
H029,P0128,121.12,0,50.0
H029,P0129,124.87,0,50.0
H029,P0131,29.33,0,50.0
H029,P0132,118.62,0,50.0
H029,P0133,182.63,0,50.0
H029,P0136,241.63,0,50.0
H029,P0137,85.95,0,50.0
H029,P0138,851.47,0,50.0
H029,P0139,33.81,0,50.0
H029,P0140,53.6,0,50.0
H029,P0142,386.97,0,50.0
H029,P0143,68.49,0,50.0
H029,P0144,260.73,0,50.0
H029,P0145,168.49,0,50.0
H029,P0146,79.12,0,50.0
H029,P0147,151.11,0,50.0
H029,P0148,46.16,0,50.0
H029,P0149,286.51,0,50.0
H029,P0150,55.17,0,50.0
H030,P0001,176.76,1,0.0
H030,P0002,108.69,1,0.0
H030,P0003,166.06,1,0.0
H030,P0004,34.77,1,0.0
H030,P0006,121.39,1,0.0
H030,P0010,1446.53,1,0.0
H030,P0011,430.68,1,0.0
H030,P0012,424.22,1,0.0
H030,P0014,73.83,1,0.0
H030,P0018,172.97,1,0.0
H030,P0020,208.21,1,0.0
H030,P0021,160.14,1,0.0
H030,P0023,126.13,1,0.0
H030,P0026,519.91,1,0.0
H030,P0027,144.07,1,0.0
H030,P0030,54.73,1,0.0
H030,P0031,185.5,1,0.0
H030,P0032,237.18,1,0.0
H030,P0033,625.97,1,0.0
H030,P0034,74.81,1,0.0
H030,P0035,219.22,1,0.0
H030,P0036,449.44,1,0.0
H030,P0038,1120.7,1,0.0
H030,P0042,203.23,1,0.0
H030,P0043,418.05,1,0.0
H030,P0044,251.54,1,0.0
H030,P0045,183.89,1,0.0
H030,P0046,125.04,1,0.0
H030,P0047,69.69,1,0.0
H030,P0049,24.84,1,0.0
H030,P0050,118.64,1,0.0
H030,P0051,282.75,1,0.0
H030,P0052,49.66,1,0.0
H030,P0055,150.09,1,0.0
H030,P0056,122.12,1,0.0
H030,P0057,230.63,1,0.0
H030,P0059,111.85,1,0.0
H030,P0061,551.94,1,0.0
H030,P0062,346.54,1,0.0
H030,P0063,493.96,1,0.0
H030,P0064,455.68,1,0.0
H030,P0065,40.42,1,0.0
H030,P0066,1384.54,1,0.0
H030,P0067,38.17,1,0.0
H030,P0068,169.5,1,0.0
H030,P0069,51.69,1,0.0
H030,P0070,248.21,1,0.0
H030,P0071,208.78,1,0.0
H030,P0072,174.63,1,0.0
H030,P0073,10.56,1,0.0
H030,P0074,289.71,1,0.0
H030,P0078,122.32,1,0.0
H030,P0079,70.79,1,0.0
H030,P0080,207.1,1,0.0
H030,P0081,86.42,1,0.0
H030,P0082,199.76,1,0.0
H030,P0084,62.38,1,0.0
H030,P0085,50.01,1,0.0
H030,P0088,70.94,1,0.0
H030,P0090,63.37,1,0.0
H030,P0091,978.89,1,0.0
H030,P0094,554.13,1,0.0
H030,P0095,78.23,1,0.0
H030,P0098,163.61,1,0.0
H030,P0100,102.53,1,0.0
H030,P0103,51.65,1,0.0
H030,P0105,108.64,1,0.0
H030,P0107,219.55,1,0.0
H030,P0108,200.89,1,0.0
H030,P0109,49.86,1,0.0
H030,P0111,38.73,1,0.0
H030,P0114,87.55,1,0.0
H030,P0117,426.37,1,0.0
H030,P0121,57.25,1,0.0
H030,P0124,439.66,1,0.0
H030,P0125,230.7,1,0.0
H030,P0126,43.35,1,0.0
H030,P0128,121.12,1,0.0
H030,P0129,124.87,1,0.0
H030,P0130,43.48,1,0.0
H030,P0131,29.33,1,0.0
H030,P0133,182.63,1,0.0
H030,P0134,45.36,1,0.0
H030,P0135,716.52,1,0.0
H030,P0136,241.63,1,0.0
H030,P0141,50.65,1,0.0
H030,P0142,386.97,1,0.0
H030,P0143,68.49,1,0.0
H030,P0144,260.73,1,0.0
H030,P0145,168.49,1,0.0
H030,P0146,79.12,1,0.0
H030,P0147,151.11,1,0.0
H030,P0150,55.17,1,0.0
H031,P0001,176.76,1,0.0
H031,P0002,108.69,1,0.0
H031,P0003,166.06,1,0.0
H031,P0007,145.2,1,0.0
H031,P0008,266.5,1,0.0
H031,P0009,84.25,1,0.0
H031,P0010,1446.53,1,0.0
H031,P0011,430.68,1,0.0
H031,P0013,160.44,1,0.0
H031,P0014,73.83,1,0.0
H031,P0015,219.64,1,0.0
H031,P0016,72.66,1,0.0
H031,P0018,172.97,1,0.0
H031,P0020,208.21,1,0.0
H031,P0023,126.13,1,0.0
H031,P0025,88.44,1,0.0
H031,P0027,144.07,1,0.0
H031,P0028,83.54,1,0.0
H031,P0029,24.05,1,0.0
H031,P0030,54.73,1,0.0
H031,P0031,185.5,1,0.0
H031,P0032,237.18,1,0.0
H031,P0033,625.97,1,0.0
H031,P0034,74.81,1,0.0
H031,P0037,17.9,1,0.0
H031,P0038,1120.7,1,0.0
H031,P0039,50.38,1,0.0
H031,P0040,50.33,1,0.0
H031,P0041,324.42,1,0.0
H031,P0043,418.05,1,0.0
H031,P0044,251.54,1,0.0
H031,P0045,183.89,1,0.0
H031,P0046,125.04,1,0.0
H031,P0049,24.84,1,0.0
H031,P0050,118.64,1,0.0
H031,P0051,282.75,1,0.0
H031,P0052,49.66,1,0.0
H031,P0053,298.7,1,0.0
H031,P0054,338.47,1,0.0
H031,P0057,230.63,1,0.0
H031,P0059,111.85,1,0.0
H031,P0060,895.67,1,0.0
H031,P0061,551.94,1,0.0
H031,P0062,346.54,1,0.0
H031,P0063,493.96,1,0.0
H031,P0064,455.68,1,0.0
H031,P0065,40.42,1,0.0
H031,P0066,1384.54,1,0.0
H031,P0068,169.5,1,0.0
H031,P0069,51.69,1,0.0
H031,P0070,248.21,1,0.0
H031,P0071,208.78,1,0.0
H031,P0072,174.63,1,0.0
H031,P0073,10.56,1,0.0
H031,P0078,122.32,1,0.0
H031,P0079,70.79,1,0.0
H031,P0080,207.1,1,0.0
H031,P0081,86.42,1,0.0
H031,P0083,101.1,1,0.0
H031,P0084,62.38,1,0.0
H031,P0085,50.01,1,0.0
H031,P0086,290.19,1,0.0
H031,P0087,153.68,1,0.0
H031,P0088,70.94,1,0.0
H031,P0090,63.37,1,0.0
H031,P0091,978.89,1,0.0
H031,P0092,197.85,1,0.0
H031,P0093,165.25,1,0.0
H031,P0094,554.13,1,0.0
H031,P0095,78.23,1,0.0
H031,P0096,52.21,1,0.0
H031,P0097,88.93,1,0.0
H031,P0098,163.61,1,0.0
H031,P0100,102.53,1,0.0
H031,P0101,160.46,1,0.0
H031,P0106,105.85,1,0.0
H031,P0108,200.89,1,0.0
H031,P0109,49.86,1,0.0
H031,P0110,70.56,1,0.0
H031,P0113,179.88,1,0.0
H031,P0114,87.55,1,0.0
H031,P0115,58.07,1,0.0
H031,P0116,40.87,1,0.0
H031,P0117,426.37,1,0.0
H031,P0119,167.35,1,0.0
H031,P0120,125.87,1,0.0
H031,P0121,57.25,1,0.0
H031,P0122,199.54,1,0.0
H031,P0124,439.66,1,0.0
H031,P0126,43.35,1,0.0
H031,P0127,119.49,1,0.0
H031,P0129,124.87,1,0.0
H031,P0130,43.48,1,0.0
H031,P0131,29.33,1,0.0
H031,P0133,182.63,1,0.0
H031,P0134,45.36,1,0.0
H031,P0138,851.47,1,0.0
H031,P0139,33.81,1,0.0
H031,P0140,53.6,1,0.0
H031,P0142,386.97,1,0.0
H031,P0143,68.49,1,0.0
H031,P0144,260.73,1,0.0
H031,P0145,168.49,1,0.0
H031,P0146,79.12,1,0.0
H031,P0147,151.11,1,0.0
H031,P0148,46.16,1,0.0
H031,P0150,55.17,1,0.0
H032,P0002,108.69,1,0.0
H032,P0003,166.06,1,0.0
H032,P0004,34.77,1,0.0
H032,P0006,121.39,1,0.0
H032,P0007,145.2,1,0.0
H032,P0008,266.5,1,0.0
H032,P0009,84.25,1,0.0
H032,P0010,1446.53,1,0.0
H032,P0012,424.22,1,0.0
H032,P0013,160.44,1,0.0
H032,P0014,73.83,1,0.0
H032,P0015,219.64,1,0.0
H032,P0016,72.66,1,0.0
H032,P0018,172.97,1,0.0
H032,P0020,208.21,1,0.0
H032,P0021,160.14,1,0.0
H032,P0023,126.13,1,0.0
H032,P0024,86.75,1,0.0
H032,P0025,88.44,1,0.0
H032,P0027,144.07,1,0.0
H032,P0028,83.54,1,0.0
H032,P0031,185.5,1,0.0
H032,P0032,237.18,1,0.0
H032,P0033,625.97,1,0.0
H032,P0034,74.81,1,0.0
H032,P0035,219.22,1,0.0
H032,P0037,17.9,1,0.0
H032,P0039,50.38,1,0.0
H032,P0041,324.42,1,0.0
H032,P0043,418.05,1,0.0
H032,P0044,251.54,1,0.0
H032,P0045,183.89,1,0.0
H032,P0046,125.04,1,0.0
H032,P0047,69.69,1,0.0
H032,P0049,24.84,1,0.0
H032,P0050,118.64,1,0.0
H032,P0051,282.75,1,0.0
H032,P0052,49.66,1,0.0
H032,P0053,298.7,1,0.0
H032,P0054,338.47,1,0.0
H032,P0055,150.09,1,0.0
H032,P0057,230.63,1,0.0
H032,P0058,249.7,1,0.0
H032,P0059,111.85,1,0.0
H032,P0061,551.94,1,0.0
H032,P0062,346.54,1,0.0
H032,P0063,493.96,1,0.0
H032,P0064,455.68,1,0.0
H032,P0065,40.42,1,0.0
H032,P0066,1384.54,1,0.0
H032,P0067,38.17,1,0.0
H032,P0068,169.5,1,0.0
H032,P0069,51.69,1,0.0
H032,P0070,248.21,1,0.0
H032,P0071,208.78,1,0.0
H032,P0073,10.56,1,0.0
H032,P0074,289.71,1,0.0
H032,P0076,22.06,1,0.0
H032,P0077,547.47,1,0.0
H032,P0078,122.32,1,0.0
H032,P0079,70.79,1,0.0
H032,P0080,207.1,1,0.0
H032,P0081,86.42,1,0.0
H032,P0082,199.76,1,0.0
H032,P0083,101.1,1,0.0
H032,P0084,62.38,1,0.0
H032,P0085,50.01,1,0.0
H032,P0087,153.68,1,0.0
H032,P0089,82.9,1,0.0
H032,P0091,978.89,1,0.0
H032,P0093,165.25,1,0.0
H032,P0096,52.21,1,0.0
H032,P0097,88.93,1,0.0
H032,P0098,163.61,1,0.0
H032,P0099,116.52,1,0.0
H032,P0100,102.53,1,0.0
H032,P0102,93.53,1,0.0
H032,P0103,51.65,1,0.0
H032,P0104,272.0,1,0.0
H032,P0105,108.64,1,0.0
H032,P0106,105.85,1,0.0
H032,P0107,219.55,1,0.0
H032,P0109,49.86,1,0.0
H032,P0110,70.56,1,0.0
H032,P0113,179.88,1,0.0
H032,P0114,87.55,1,0.0
H032,P0115,58.07,1,0.0
H032,P0116,40.87,1,0.0
H032,P0117,426.37,1,0.0
H032,P0119,167.35,1,0.0
H032,P0120,125.87,1,0.0
H032,P0121,57.25,1,0.0
H032,P0122,199.54,1,0.0
H032,P0123,151.15,1,0.0
H032,P0124,439.66,1,0.0
H032,P0126,43.35,1,0.0
H032,P0128,121.12,1,0.0
H032,P0129,124.87,1,0.0
H032,P0130,43.48,1,0.0
H032,P0131,29.33,1,0.0
H032,P0133,182.63,1,0.0
H032,P0134,45.36,1,0.0
H032,P0135,716.52,1,0.0
H032,P0136,241.63,1,0.0
H032,P0138,851.47,1,0.0
H032,P0141,50.65,1,0.0
H032,P0142,386.97,1,0.0
H032,P0143,68.49,1,0.0
H032,P0145,168.49,1,0.0
H032,P0146,79.12,1,0.0
H032,P0147,151.11,1,0.0
H032,P0149,286.51,1,0.0
H032,P0150,55.17,1,0.0
H033,P0002,108.69,1,0.0
H033,P0003,166.06,1,0.0
H033,P0005,362.15,1,0.0
H033,P0007,145.2,1,0.0
H033,P0008,266.5,1,0.0
H033,P0011,430.68,1,0.0
H033,P0012,424.22,1,0.0
H033,P0014,73.83,1,0.0
H033,P0016,72.66,1,0.0
H033,P0018,172.97,1,0.0
H033,P0020,208.21,1,0.0
H033,P0021,160.14,1,0.0
H033,P0023,126.13,1,0.0
H033,P0025,88.44,1,0.0
H033,P0027,144.07,1,0.0
H033,P0028,83.54,1,0.0
H033,P0029,24.05,1,0.0
H033,P0030,54.73,1,0.0
H033,P0031,185.5,1,0.0
H033,P0032,237.18,1,0.0
H033,P0036,449.44,1,0.0
H033,P0041,324.42,1,0.0
H033,P0043,418.05,1,0.0
H033,P0044,251.54,1,0.0
H033,P0045,183.89,1,0.0
H033,P0046,125.04,1,0.0
H033,P0049,24.84,1,0.0
H033,P0050,118.64,1,0.0
H033,P0052,49.66,1,0.0
H033,P0053,298.7,1,0.0
H033,P0054,338.47,1,0.0
H033,P0055,150.09,1,0.0
H033,P0057,230.63,1,0.0
H033,P0059,111.85,1,0.0
H033,P0060,895.67,1,0.0
H033,P0061,551.94,1,0.0
H033,P0064,455.68,1,0.0
H033,P0066,1384.54,1,0.0
H033,P0067,38.17,1,0.0
H033,P0069,51.69,1,0.0
H033,P0071,208.78,1,0.0
H033,P0073,10.56,1,0.0
H033,P0075,176.16,1,0.0
H033,P0078,122.32,1,0.0
H033,P0079,70.79,1,0.0
H033,P0080,207.1,1,0.0
H033,P0081,86.42,1,0.0
H033,P0082,199.76,1,0.0
H033,P0083,101.1,1,0.0
H033,P0084,62.38,1,0.0
H033,P0087,153.68,1,0.0
H033,P0090,63.37,1,0.0
H033,P0091,978.89,1,0.0
H033,P0092,197.85,1,0.0
H033,P0093,165.25,1,0.0
H033,P0094,554.13,1,0.0
H033,P0097,88.93,1,0.0
H033,P0098,163.61,1,0.0
H033,P0099,116.52,1,0.0
H033,P0100,102.53,1,0.0
H033,P0101,160.46,1,0.0
H033,P0105,108.64,1,0.0
H033,P0106,105.85,1,0.0
H033,P0107,219.55,1,0.0
H033,P0109,49.86,1,0.0
H033,P0110,70.56,1,0.0
H033,P0113,179.88,1,0.0
H033,P0114,87.55,1,0.0
H033,P0115,58.07,1,0.0
H033,P0116,40.87,1,0.0
H033,P0117,426.37,1,0.0
H033,P0118,92.96,1,0.0
H033,P0119,167.35,1,0.0
H033,P0121,57.25,1,0.0
H033,P0123,151.15,1,0.0
H033,P0124,439.66,1,0.0
H033,P0125,230.7,1,0.0
H033,P0126,43.35,1,0.0
H033,P0127,119.49,1,0.0
H033,P0129,124.87,1,0.0
H033,P0131,29.33,1,0.0
H033,P0132,118.62,1,0.0
H033,P0133,182.63,1,0.0
H033,P0142,386.97,1,0.0
H033,P0143,68.49,1,0.0
H033,P0144,260.73,1,0.0
H033,P0145,168.49,1,0.0
H033,P0146,79.12,1,0.0
H033,P0147,151.11,1,0.0
H033,P0148,46.16,1,0.0
H033,P0149,286.51,1,0.0
H033,P0150,55.17,1,0.0
H034,P0001,176.76,0,50.0
H034,P0002,108.69,0,50.0
H034,P0003,166.06,0,50.0
H034,P0004,34.77,0,50.0
H034,P0005,362.15,0,50.0
H034,P0007,145.2,0,50.0
H034,P0008,266.5,0,50.0
H034,P0009,84.25,0,50.0
H034,P0010,1446.53,0,50.0
H034,P0011,430.68,0,50.0
H034,P0012,424.22,0,50.0
H034,P0013,160.44,0,50.0
H034,P0014,73.83,0,50.0
H034,P0016,72.66,0,50.0
H034,P0018,172.97,0,50.0
H034,P0019,425.6,0,50.0
H034,P0020,208.21,0,50.0
H034,P0021,160.14,0,50.0
H034,P0023,126.13,0,50.0
H034,P0025,88.44,0,50.0
H034,P0026,519.91,0,50.0
H034,P0027,144.07,0,50.0
H034,P0028,83.54,0,50.0
H034,P0029,24.05,0,50.0
H034,P0030,54.73,0,50.0
H034,P0031,185.5,0,50.0
H034,P0032,237.18,0,50.0
H034,P0034,74.81,0,50.0
H034,P0035,219.22,0,50.0
H034,P0036,449.44,0,50.0
H034,P0037,17.9,0,50.0
H034,P0039,50.38,0,50.0
H034,P0041,324.42,0,50.0
H034,P0043,418.05,0,50.0
H034,P0044,251.54,0,50.0
H034,P0045,183.89,0,50.0
H034,P0046,125.04,0,50.0
H034,P0047,69.69,0,50.0
H034,P0048,238.05,0,50.0
H034,P0050,118.64,0,50.0
H034,P0051,282.75,0,50.0
H034,P0052,49.66,0,50.0
H034,P0053,298.7,0,50.0
H034,P0054,338.47,0,50.0
H034,P0055,150.09,0,50.0
H034,P0056,122.12,0,50.0
H034,P0057,230.63,0,50.0
H034,P0060,895.67,0,50.0
H034,P0061,551.94,0,50.0
H034,P0062,346.54,0,50.0
H034,P0063,493.96,0,50.0
H034,P0064,455.68,0,50.0
H034,P0065,40.42,0,50.0
H034,P0067,38.17,0,50.0
H034,P0068,169.5,0,50.0
H034,P0069,51.69,0,50.0
H034,P0070,248.21,0,50.0
H034,P0071,208.78,0,50.0
H034,P0075,176.16,0,50.0
H034,P0077,547.47,0,50.0
H034,P0078,122.32,0,50.0
H034,P0079,70.79,0,50.0
H034,P0081,86.42,0,50.0
H034,P0082,199.76,0,50.0
H034,P0083,101.1,0,50.0
H034,P0084,62.38,0,50.0
H034,P0085,50.01,0,50.0
H034,P0086,290.19,0,50.0
H034,P0087,153.68,0,50.0
H034,P0088,70.94,0,50.0
H034,P0090,63.37,0,50.0
H034,P0091,978.89,0,50.0
H034,P0092,197.85,0,50.0
H034,P0093,165.25,0,50.0
H034,P0095,78.23,0,50.0
H034,P0097,88.93,0,50.0
H034,P0098,163.61,0,50.0
H034,P0099,116.52,0,50.0
H034,P0100,102.53,0,50.0
H034,P0101,160.46,0,50.0
H034,P0102,93.53,0,50.0
H034,P0103,51.65,0,50.0
H034,P0104,272.0,0,50.0
H034,P0105,108.64,0,50.0
H034,P0106,105.85,0,50.0
H034,P0107,219.55,0,50.0
H034,P0108,200.89,0,50.0
H034,P0110,70.56,0,50.0
H034,P0111,38.73,0,50.0
H034,P0112,46.06,0,50.0
H034,P0113,179.88,0,50.0
H034,P0116,40.87,0,50.0
H034,P0117,426.37,0,50.0
H034,P0118,92.96,0,50.0
H034,P0119,167.35,0,50.0
H034,P0120,125.87,0,50.0
H034,P0121,57.25,0,50.0
H034,P0124,439.66,0,50.0
H034,P0125,230.7,0,50.0
H034,P0126,43.35,0,50.0
H034,P0127,119.49,0,50.0
H034,P0128,121.12,0,50.0
H034,P0129,124.87,0,50.0
H034,P0130,43.48,0,50.0
H034,P0131,29.33,0,50.0
H034,P0134,45.36,0,50.0
H034,P0136,241.63,0,50.0
H034,P0137,85.95,0,50.0
H034,P0138,851.47,0,50.0
H034,P0139,33.81,0,50.0
H034,P0140,53.6,0,50.0
H034,P0141,50.65,0,50.0
H034,P0142,386.97,0,50.0
H034,P0143,68.49,0,50.0
H034,P0144,260.73,0,50.0
H034,P0145,168.49,0,50.0
H034,P0146,79.12,0,50.0
H034,P0147,151.11,0,50.0
H034,P0148,46.16,0,50.0
H034,P0149,286.51,0,50.0
H035,P0001,176.76,1,0.0
H035,P0002,108.69,1,0.0
H035,P0003,166.06,1,0.0
H035,P0004,34.77,1,0.0
H035,P0005,362.15,1,0.0
H035,P0007,145.2,1,0.0
H035,P0009,84.25,1,0.0
H035,P0010,1446.53,1,0.0
H035,P0011,430.68,1,0.0
H035,P0012,424.22,1,0.0
H035,P0013,160.44,1,0.0
H035,P0014,73.83,1,0.0
H035,P0016,72.66,1,0.0
H035,P0019,425.6,1,0.0
H035,P0020,208.21,1,0.0
H035,P0021,160.14,1,0.0
H035,P0023,126.13,1,0.0
H035,P0025,88.44,1,0.0
H035,P0027,144.07,1,0.0
H035,P0028,83.54,1,0.0
H035,P0029,24.05,1,0.0
H035,P0031,185.5,1,0.0
H035,P0032,237.18,1,0.0
H035,P0033,625.97,1,0.0
H035,P0035,219.22,1,0.0
H035,P0036,449.44,1,0.0
H035,P0037,17.9,1,0.0
H035,P0038,1120.7,1,0.0
H035,P0039,50.38,1,0.0
H035,P0041,324.42,1,0.0
H035,P0043,418.05,1,0.0
H035,P0045,183.89,1,0.0
H035,P0046,125.04,1,0.0
H035,P0047,69.69,1,0.0
H035,P0049,24.84,1,0.0
H035,P0050,118.64,1,0.0
H035,P0051,282.75,1,0.0
H035,P0052,49.66,1,0.0
H035,P0053,298.7,1,0.0
H035,P0054,338.47,1,0.0
H035,P0057,230.63,1,0.0
H035,P0059,111.85,1,0.0
H035,P0060,895.67,1,0.0
H035,P0061,551.94,1,0.0
H035,P0062,346.54,1,0.0
H035,P0063,493.96,1,0.0
H035,P0064,455.68,1,0.0
H035,P0065,40.42,1,0.0
H035,P0067,38.17,1,0.0
H035,P0068,169.5,1,0.0
H035,P0069,51.69,1,0.0
H035,P0070,248.21,1,0.0
H035,P0073,10.56,1,0.0
H035,P0078,122.32,1,0.0
H035,P0079,70.79,1,0.0
H035,P0080,207.1,1,0.0
H035,P0081,86.42,1,0.0
H035,P0083,101.1,1,0.0
H035,P0084,62.38,1,0.0
H035,P0085,50.01,1,0.0
H035,P0087,153.68,1,0.0
H035,P0088,70.94,1,0.0
H035,P0089,82.9,1,0.0
H035,P0090,63.37,1,0.0
H035,P0092,197.85,1,0.0
H035,P0093,165.25,1,0.0
H035,P0095,78.23,1,0.0
H035,P0096,52.21,1,0.0
H035,P0097,88.93,1,0.0
H035,P0098,163.61,1,0.0
H035,P0099,116.52,1,0.0
H035,P0100,102.53,1,0.0
H035,P0101,160.46,1,0.0
H035,P0102,93.53,1,0.0
H035,P0103,51.65,1,0.0
H035,P0105,108.64,1,0.0
H035,P0106,105.85,1,0.0
H035,P0107,219.55,1,0.0
H035,P0108,200.89,1,0.0
H035,P0109,49.86,1,0.0
H035,P0110,70.56,1,0.0
H035,P0111,38.73,1,0.0
H035,P0112,46.06,1,0.0
H035,P0113,179.88,1,0.0
H035,P0114,87.55,1,0.0
H035,P0116,40.87,1,0.0
H035,P0118,92.96,1,0.0
H035,P0121,57.25,1,0.0
H035,P0122,199.54,1,0.0
H035,P0124,439.66,1,0.0
H035,P0125,230.7,1,0.0
H035,P0127,119.49,1,0.0
H035,P0128,121.12,1,0.0
H035,P0129,124.87,1,0.0
H035,P0130,43.48,1,0.0
H035,P0131,29.33,1,0.0
H035,P0133,182.63,1,0.0
H035,P0134,45.36,1,0.0
H035,P0135,716.52,1,0.0
H035,P0136,241.63,1,0.0
H035,P0138,851.47,1,0.0
H035,P0139,33.81,1,0.0
H035,P0141,50.65,1,0.0
H035,P0142,386.97,1,0.0
H035,P0143,68.49,1,0.0
H035,P0144,260.73,1,0.0
H035,P0145,168.49,1,0.0
H035,P0146,79.12,1,0.0
H035,P0147,151.11,1,0.0
H035,P0148,46.16,1,0.0
H035,P0150,55.17,1,0.0
H036,P0002,108.69,1,0.0
H036,P0003,166.06,1,0.0
H036,P0007,145.2,1,0.0
H036,P0008,266.5,1,0.0
H036,P0009,84.25,1,0.0
H036,P0010,1446.53,1,0.0
H036,P0011,430.68,1,0.0
H036,P0012,424.22,1,0.0
H036,P0013,160.44,1,0.0
H036,P0014,73.83,1,0.0
H036,P0015,219.64,1,0.0
H036,P0016,72.66,1,0.0
H036,P0018,172.97,1,0.0
H036,P0019,425.6,1,0.0
H036,P0020,208.21,1,0.0
H036,P0021,160.14,1,0.0
H036,P0022,487.96,1,0.0
H036,P0023,126.13,1,0.0
H036,P0025,88.44,1,0.0
H036,P0027,144.07,1,0.0
H036,P0028,83.54,1,0.0
H036,P0029,24.05,1,0.0
H036,P0031,185.5,1,0.0
H036,P0032,237.18,1,0.0
H036,P0033,625.97,1,0.0
H036,P0034,74.81,1,0.0
H036,P0035,219.22,1,0.0
H036,P0036,449.44,1,0.0
H036,P0037,17.9,1,0.0
H036,P0038,1120.7,1,0.0
H036,P0041,324.42,1,0.0
H036,P0043,418.05,1,0.0
H036,P0044,251.54,1,0.0
H036,P0045,183.89,1,0.0
H036,P0046,125.04,1,0.0
H036,P0047,69.69,1,0.0
H036,P0049,24.84,1,0.0
H036,P0050,118.64,1,0.0
H036,P0051,282.75,1,0.0
H036,P0052,49.66,1,0.0
H036,P0053,298.7,1,0.0
H036,P0054,338.47,1,0.0
H036,P0055,150.09,1,0.0
H036,P0056,122.12,1,0.0
H036,P0057,230.63,1,0.0
H036,P0058,249.7,1,0.0
H036,P0059,111.85,1,0.0
H036,P0060,895.67,1,0.0
H036,P0061,551.94,1,0.0
H036,P0062,346.54,1,0.0
H036,P0063,493.96,1,0.0
H036,P0064,455.68,1,0.0
H036,P0065,40.42,1,0.0
H036,P0066,1384.54,1,0.0
H036,P0067,38.17,1,0.0
H036,P0068,169.5,1,0.0
H036,P0069,51.69,1,0.0
H036,P0070,248.21,1,0.0
H036,P0071,208.78,1,0.0
H036,P0072,174.63,1,0.0
H036,P0073,10.56,1,0.0
H036,P0074,289.71,1,0.0
H036,P0076,22.06,1,0.0
H036,P0079,70.79,1,0.0
H036,P0080,207.1,1,0.0
H036,P0081,86.42,1,0.0
H036,P0082,199.76,1,0.0
H036,P0083,101.1,1,0.0
H036,P0084,62.38,1,0.0
H036,P0085,50.01,1,0.0
H036,P0086,290.19,1,0.0
H036,P0087,153.68,1,0.0
H036,P0088,70.94,1,0.0
H036,P0089,82.9,1,0.0
H036,P0090,63.37,1,0.0
H036,P0091,978.89,1,0.0
H036,P0092,197.85,1,0.0
H036,P0093,165.25,1,0.0
H036,P0094,554.13,1,0.0
H036,P0096,52.21,1,0.0
H036,P0097,88.93,1,0.0
H036,P0098,163.61,1,0.0
H036,P0099,116.52,1,0.0
H036,P0100,102.53,1,0.0
H036,P0102,93.53,1,0.0
H036,P0103,51.65,1,0.0
H036,P0104,272.0,1,0.0
H036,P0105,108.64,1,0.0
H036,P0106,105.85,1,0.0
H036,P0107,219.55,1,0.0
H036,P0108,200.89,1,0.0
H036,P0109,49.86,1,0.0
H036,P0110,70.56,1,0.0
H036,P0113,179.88,1,0.0
H036,P0114,87.55,1,0.0
H036,P0115,58.07,1,0.0
H036,P0116,40.87,1,0.0
H036,P0117,426.37,1,0.0
H036,P0118,92.96,1,0.0
H036,P0119,167.35,1,0.0
H036,P0120,125.87,1,0.0
H036,P0121,57.25,1,0.0
H036,P0122,199.54,1,0.0
H036,P0123,151.15,1,0.0
H036,P0124,439.66,1,0.0
H036,P0125,230.7,1,0.0
H036,P0126,43.35,1,0.0
H036,P0127,119.49,1,0.0
H036,P0128,121.12,1,0.0
H036,P0129,124.87,1,0.0
H036,P0131,29.33,1,0.0
H036,P0133,182.63,1,0.0
H036,P0134,45.36,1,0.0
H036,P0135,716.52,1,0.0
H036,P0136,241.63,1,0.0
H036,P0137,85.95,1,0.0
H036,P0138,851.47,1,0.0
H036,P0139,33.81,1,0.0
H036,P0140,53.6,1,0.0
H036,P0142,386.97,1,0.0
H036,P0143,68.49,1,0.0
H036,P0144,260.73,1,0.0
H036,P0145,168.49,1,0.0
H036,P0146,79.12,1,0.0
H036,P0147,151.11,1,0.0
H036,P0148,46.16,1,0.0
H036,P0150,55.17,1,0.0
H037,P0001,176.76,1,0.0
H037,P0002,108.69,1,0.0
H037,P0003,166.06,1,0.0
H037,P0004,34.77,1,0.0
H037,P0006,121.39,1,0.0
H037,P0007,145.2,1,0.0
H037,P0008,266.5,1,0.0
H037,P0010,1446.53,1,0.0
H037,P0011,430.68,1,0.0
H037,P0012,424.22,1,0.0
H037,P0013,160.44,1,0.0
H037,P0016,72.66,1,0.0
H037,P0017,172.71,1,0.0
H037,P0018,172.97,1,0.0
H037,P0019,425.6,1,0.0
H037,P0020,208.21,1,0.0
H037,P0021,160.14,1,0.0
H037,P0023,126.13,1,0.0
H037,P0025,88.44,1,0.0
H037,P0026,519.91,1,0.0
H037,P0027,144.07,1,0.0
H037,P0028,83.54,1,0.0
H037,P0029,24.05,1,0.0
H037,P0030,54.73,1,0.0
H037,P0031,185.5,1,0.0
H037,P0032,237.18,1,0.0
H037,P0033,625.97,1,0.0
H037,P0034,74.81,1,0.0
H037,P0035,219.22,1,0.0
H037,P0036,449.44,1,0.0
H037,P0038,1120.7,1,0.0
H037,P0041,324.42,1,0.0
H037,P0043,418.05,1,0.0
H037,P0044,251.54,1,0.0
H037,P0045,183.89,1,0.0
H037,P0046,125.04,1,0.0
H037,P0047,69.69,1,0.0
H037,P0048,238.05,1,0.0
H037,P0049,24.84,1,0.0
H037,P0050,118.64,1,0.0
H037,P0052,49.66,1,0.0
H037,P0053,298.7,1,0.0
H037,P0055,150.09,1,0.0
H037,P0056,122.12,1,0.0
H037,P0057,230.63,1,0.0
H037,P0059,111.85,1,0.0
H037,P0060,895.67,1,0.0
H037,P0061,551.94,1,0.0
H037,P0062,346.54,1,0.0
H037,P0063,493.96,1,0.0
H037,P0064,455.68,1,0.0
H037,P0065,40.42,1,0.0
H037,P0067,38.17,1,0.0
H037,P0068,169.5,1,0.0
H037,P0069,51.69,1,0.0
H037,P0071,208.78,1,0.0
H037,P0073,10.56,1,0.0
H037,P0076,22.06,1,0.0
H037,P0078,122.32,1,0.0
H037,P0079,70.79,1,0.0
H037,P0081,86.42,1,0.0
H037,P0082,199.76,1,0.0
H037,P0083,101.1,1,0.0
H037,P0084,62.38,1,0.0
H037,P0085,50.01,1,0.0
H037,P0086,290.19,1,0.0
H037,P0087,153.68,1,0.0
H037,P0088,70.94,1,0.0
H037,P0089,82.9,1,0.0
H037,P0091,978.89,1,0.0
H037,P0092,197.85,1,0.0
H037,P0093,165.25,1,0.0
H037,P0094,554.13,1,0.0
H037,P0095,78.23,1,0.0
H037,P0096,52.21,1,0.0
H037,P0097,88.93,1,0.0
H037,P0098,163.61,1,0.0
H037,P0099,116.52,1,0.0
H037,P0100,102.53,1,0.0
H037,P0102,93.53,1,0.0
H037,P0103,51.65,1,0.0
H037,P0105,108.64,1,0.0
H037,P0106,105.85,1,0.0
H037,P0108,200.89,1,0.0
H037,P0109,49.86,1,0.0
H037,P0111,38.73,1,0.0
H037,P0113,179.88,1,0.0
H037,P0114,87.55,1,0.0
H037,P0115,58.07,1,0.0
H037,P0117,426.37,1,0.0
H037,P0119,167.35,1,0.0
H037,P0120,125.87,1,0.0
H037,P0121,57.25,1,0.0
H037,P0123,151.15,1,0.0
H037,P0124,439.66,1,0.0
H037,P0125,230.7,1,0.0
H037,P0126,43.35,1,0.0
H037,P0129,124.87,1,0.0
H037,P0132,118.62,1,0.0
H037,P0133,182.63,1,0.0
H037,P0134,45.36,1,0.0
H037,P0135,716.52,1,0.0
H037,P0136,241.63,1,0.0
H037,P0137,85.95,1,0.0
H037,P0138,851.47,1,0.0
H037,P0139,33.81,1,0.0
H037,P0140,53.6,1,0.0
H037,P0141,50.65,1,0.0
H037,P0142,386.97,1,0.0
H037,P0143,68.49,1,0.0
H037,P0145,168.49,1,0.0
H037,P0146,79.12,1,0.0
H037,P0147,151.11,1,0.0
H037,P0148,46.16,1,0.0
H037,P0149,286.51,1,0.0
H037,P0150,55.17,1,0.0
H038,P0003,166.06,1,0.0
H038,P0004,34.77,1,0.0
H038,P0006,121.39,1,0.0
H038,P0007,145.2,1,0.0
H038,P0010,1446.53,1,0.0
H038,P0011,430.68,1,0.0
H038,P0012,424.22,1,0.0
H038,P0013,160.44,1,0.0
H038,P0014,73.83,1,0.0
H038,P0015,219.64,1,0.0
H038,P0016,72.66,1,0.0
H038,P0018,172.97,1,0.0
H038,P0019,425.6,1,0.0
H038,P0020,208.21,1,0.0
H038,P0021,160.14,1,0.0
H038,P0022,487.96,1,0.0
H038,P0023,126.13,1,0.0
H038,P0025,88.44,1,0.0
H038,P0026,519.91,1,0.0
H038,P0027,144.07,1,0.0
H038,P0028,83.54,1,0.0
H038,P0029,24.05,1,0.0
H038,P0030,54.73,1,0.0
H038,P0032,237.18,1,0.0
H038,P0034,74.81,1,0.0
H038,P0036,449.44,1,0.0
H038,P0037,17.9,1,0.0
H038,P0038,1120.7,1,0.0
H038,P0040,50.33,1,0.0
H038,P0041,324.42,1,0.0
H038,P0043,418.05,1,0.0
H038,P0045,183.89,1,0.0
H038,P0046,125.04,1,0.0
H038,P0047,69.69,1,0.0
H038,P0048,238.05,1,0.0
H038,P0049,24.84,1,0.0
H038,P0050,118.64,1,0.0
H038,P0051,282.75,1,0.0
H038,P0052,49.66,1,0.0
H038,P0053,298.7,1,0.0
H038,P0054,338.47,1,0.0
H038,P0055,150.09,1,0.0
H038,P0056,122.12,1,0.0
H038,P0057,230.63,1,0.0
H038,P0059,111.85,1,0.0
H038,P0060,895.67,1,0.0
H038,P0061,551.94,1,0.0
H038,P0062,346.54,1,0.0
H038,P0063,493.96,1,0.0
H038,P0064,455.68,1,0.0
H038,P0066,1384.54,1,0.0
H038,P0067,38.17,1,0.0
H038,P0069,51.69,1,0.0
H038,P0070,248.21,1,0.0
H038,P0072,174.63,1,0.0
H038,P0073,10.56,1,0.0
H038,P0074,289.71,1,0.0
H038,P0077,547.47,1,0.0
H038,P0078,122.32,1,0.0
H038,P0079,70.79,1,0.0
H038,P0080,207.1,1,0.0
H038,P0081,86.42,1,0.0
H038,P0083,101.1,1,0.0
H038,P0084,62.38,1,0.0
H038,P0085,50.01,1,0.0
H038,P0086,290.19,1,0.0
H038,P0087,153.68,1,0.0
H038,P0088,70.94,1,0.0
H038,P0089,82.9,1,0.0
H038,P0090,63.37,1,0.0
H038,P0091,978.89,1,0.0
H038,P0092,197.85,1,0.0
H038,P0093,165.25,1,0.0
H038,P0094,554.13,1,0.0
H038,P0096,52.21,1,0.0
H038,P0097,88.93,1,0.0
H038,P0098,163.61,1,0.0
H038,P0099,116.52,1,0.0
H038,P0102,93.53,1,0.0
H038,P0105,108.64,1,0.0
H038,P0106,105.85,1,0.0
H038,P0107,219.55,1,0.0
H038,P0108,200.89,1,0.0
H038,P0109,49.86,1,0.0
H038,P0110,70.56,1,0.0
H038,P0111,38.73,1,0.0
H038,P0116,40.87,1,0.0
H038,P0117,426.37,1,0.0
H038,P0118,92.96,1,0.0
H038,P0119,167.35,1,0.0
H038,P0121,57.25,1,0.0
H038,P0122,199.54,1,0.0
H038,P0123,151.15,1,0.0
H038,P0124,439.66,1,0.0
H038,P0125,230.7,1,0.0
H038,P0127,119.49,1,0.0
H038,P0128,121.12,1,0.0
H038,P0129,124.87,1,0.0
H038,P0130,43.48,1,0.0
H038,P0131,29.33,1,0.0
H038,P0133,182.63,1,0.0
H038,P0134,45.36,1,0.0
H038,P0135,716.52,1,0.0
H038,P0140,53.6,1,0.0
H038,P0142,386.97,1,0.0
H038,P0143,68.49,1,0.0
H038,P0145,168.49,1,0.0
H038,P0146,79.12,1,0.0
H038,P0147,151.11,1,0.0
H038,P0148,46.16,1,0.0
H039,P0001,176.76,0,50.0
H039,P0002,108.69,0,50.0
H039,P0003,166.06,0,50.0
H039,P0005,362.15,0,50.0
H039,P0007,145.2,0,50.0
H039,P0008,266.5,0,50.0
H039,P0010,1446.53,0,50.0
H039,P0011,430.68,0,50.0
H039,P0012,424.22,0,50.0
H039,P0013,160.44,0,50.0
H039,P0014,73.83,0,50.0
H039,P0016,72.66,0,50.0
H039,P0018,172.97,0,50.0
H039,P0019,425.6,0,50.0
H039,P0020,208.21,0,50.0
H039,P0021,160.14,0,50.0
H039,P0022,487.96,0,50.0
H039,P0023,126.13,0,50.0
H039,P0024,86.75,0,50.0
H039,P0025,88.44,0,50.0
H039,P0027,144.07,0,50.0
H039,P0029,24.05,0,50.0
H039,P0030,54.73,0,50.0
H039,P0031,185.5,0,50.0
H039,P0032,237.18,0,50.0
H039,P0033,625.97,0,50.0
H039,P0036,449.44,0,50.0
H039,P0037,17.9,0,50.0
H039,P0038,1120.7,0,50.0
H039,P0039,50.38,0,50.0
H039,P0040,50.33,0,50.0
H039,P0041,324.42,0,50.0
H039,P0044,251.54,0,50.0
H039,P0045,183.89,0,50.0
H039,P0046,125.04,0,50.0
H039,P0047,69.69,0,50.0
H039,P0049,24.84,0,50.0
H039,P0050,118.64,0,50.0
H039,P0052,49.66,0,50.0
H039,P0054,338.47,0,50.0
H039,P0056,122.12,0,50.0
H039,P0058,249.7,0,50.0
H039,P0059,111.85,0,50.0
H039,P0061,551.94,0,50.0
H039,P0062,346.54,0,50.0
H039,P0063,493.96,0,50.0
H039,P0064,455.68,0,50.0
H039,P0065,40.42,0,50.0
H039,P0066,1384.54,0,50.0
H039,P0067,38.17,0,50.0
H039,P0068,169.5,0,50.0
H039,P0069,51.69,0,50.0
H039,P0070,248.21,0,50.0
H039,P0071,208.78,0,50.0
H039,P0073,10.56,0,50.0
H039,P0075,176.16,0,50.0
H039,P0076,22.06,0,50.0
H039,P0078,122.32,0,50.0
H039,P0079,70.79,0,50.0
H039,P0081,86.42,0,50.0
H039,P0082,199.76,0,50.0
H039,P0083,101.1,0,50.0
H039,P0084,62.38,0,50.0
H039,P0085,50.01,0,50.0
H039,P0086,290.19,0,50.0
H039,P0087,153.68,0,50.0
H039,P0088,70.94,0,50.0
H039,P0089,82.9,0,50.0
H039,P0091,978.89,0,50.0
H039,P0092,197.85,0,50.0
H039,P0093,165.25,0,50.0
H039,P0094,554.13,0,50.0
H039,P0097,88.93,0,50.0
H039,P0098,163.61,0,50.0
H039,P0099,116.52,0,50.0
H039,P0100,102.53,0,50.0
H039,P0101,160.46,0,50.0
H039,P0102,93.53,0,50.0
H039,P0103,51.65,0,50.0
H039,P0105,108.64,0,50.0
H039,P0107,219.55,0,50.0
H039,P0108,200.89,0,50.0
H039,P0109,49.86,0,50.0
H039,P0110,70.56,0,50.0
H039,P0111,38.73,0,50.0
H039,P0113,179.88,0,50.0
H039,P0115,58.07,0,50.0
H039,P0116,40.87,0,50.0
H039,P0117,426.37,0,50.0
H039,P0118,92.96,0,50.0
H039,P0119,167.35,0,50.0
H039,P0120,125.87,0,50.0
H039,P0121,57.25,0,50.0
H039,P0122,199.54,0,50.0
H039,P0124,439.66,0,50.0
H039,P0125,230.7,0,50.0
H039,P0126,43.35,0,50.0
H039,P0127,119.49,0,50.0
H039,P0129,124.87,0,50.0
H039,P0131,29.33,0,50.0
H039,P0133,182.63,0,50.0
H039,P0134,45.36,0,50.0
H039,P0135,716.52,0,50.0
H039,P0136,241.63,0,50.0
H039,P0137,85.95,0,50.0
H039,P0142,386.97,0,50.0
H039,P0143,68.49,0,50.0
H039,P0144,260.73,0,50.0
H039,P0145,168.49,0,50.0
H039,P0146,79.12,0,50.0
H039,P0147,151.11,0,50.0
H039,P0148,46.16,0,50.0
H039,P0150,55.17,0,50.0
H040,P0001,176.76,1,0.0
H040,P0002,108.69,1,0.0
H040,P0003,166.06,1,0.0
H040,P0004,34.77,1,0.0
H040,P0007,145.2,1,0.0
H040,P0009,84.25,1,0.0
H040,P0010,1446.53,1,0.0
H040,P0011,430.68,1,0.0
H040,P0012,424.22,1,0.0
H040,P0014,73.83,1,0.0
H040,P0016,72.66,1,0.0
H040,P0018,172.97,1,0.0
H040,P0019,425.6,1,0.0
H040,P0020,208.21,1,0.0
H040,P0021,160.14,1,0.0
H040,P0023,126.13,1,0.0
H040,P0024,86.75,1,0.0
H040,P0025,88.44,1,0.0
H040,P0027,144.07,1,0.0
H040,P0028,83.54,1,0.0
H040,P0029,24.05,1,0.0
H040,P0030,54.73,1,0.0
H040,P0032,237.18,1,0.0
H040,P0033,625.97,1,0.0
H040,P0034,74.81,1,0.0
H040,P0035,219.22,1,0.0
H040,P0036,449.44,1,0.0
H040,P0037,17.9,1,0.0
H040,P0038,1120.7,1,0.0
H040,P0039,50.38,1,0.0
H040,P0041,324.42,1,0.0
H040,P0042,203.23,1,0.0
H040,P0044,251.54,1,0.0
H040,P0045,183.89,1,0.0
H040,P0046,125.04,1,0.0
H040,P0048,238.05,1,0.0
H040,P0049,24.84,1,0.0
H040,P0050,118.64,1,0.0
H040,P0051,282.75,1,0.0
H040,P0052,49.66,1,0.0
H040,P0053,298.7,1,0.0
H040,P0057,230.63,1,0.0
H040,P0058,249.7,1,0.0
H040,P0059,111.85,1,0.0
H040,P0060,895.67,1,0.0
H040,P0061,551.94,1,0.0
H040,P0062,346.54,1,0.0
H040,P0064,455.68,1,0.0
H040,P0065,40.42,1,0.0
H040,P0066,1384.54,1,0.0
H040,P0067,38.17,1,0.0
H040,P0068,169.5,1,0.0
H040,P0069,51.69,1,0.0
H040,P0070,248.21,1,0.0
H040,P0073,10.56,1,0.0
H040,P0075,176.16,1,0.0
H040,P0076,22.06,1,0.0
H040,P0078,122.32,1,0.0
H040,P0079,70.79,1,0.0
H040,P0080,207.1,1,0.0
H040,P0081,86.42,1,0.0
H040,P0082,199.76,1,0.0
H040,P0083,101.1,1,0.0
H040,P0084,62.38,1,0.0
H040,P0085,50.01,1,0.0
H040,P0086,290.19,1,0.0
H040,P0087,153.68,1,0.0
H040,P0088,70.94,1,0.0
H040,P0089,82.9,1,0.0
H040,P0091,978.89,1,0.0
H040,P0093,165.25,1,0.0
H040,P0094,554.13,1,0.0
H040,P0095,78.23,1,0.0
H040,P0096,52.21,1,0.0
H040,P0097,88.93,1,0.0
H040,P0098,163.61,1,0.0
H040,P0099,116.52,1,0.0
H040,P0100,102.53,1,0.0
H040,P0101,160.46,1,0.0
H040,P0102,93.53,1,0.0
H040,P0103,51.65,1,0.0
H040,P0105,108.64,1,0.0
H040,P0106,105.85,1,0.0
H040,P0107,219.55,1,0.0
H040,P0108,200.89,1,0.0
H040,P0109,49.86,1,0.0
H040,P0111,38.73,1,0.0
H040,P0113,179.88,1,0.0
H040,P0114,87.55,1,0.0
H040,P0115,58.07,1,0.0
H040,P0116,40.87,1,0.0
H040,P0118,92.96,1,0.0
H040,P0119,167.35,1,0.0
H040,P0121,57.25,1,0.0
H040,P0122,199.54,1,0.0
H040,P0123,151.15,1,0.0
H040,P0124,439.66,1,0.0
H040,P0126,43.35,1,0.0
H040,P0127,119.49,1,0.0
H040,P0129,124.87,1,0.0
H040,P0131,29.33,1,0.0
H040,P0133,182.63,1,0.0
H040,P0134,45.36,1,0.0
H040,P0135,716.52,1,0.0
H040,P0137,85.95,1,0.0
H040,P0138,851.47,1,0.0
H040,P0139,33.81,1,0.0
H040,P0142,386.97,1,0.0
H040,P0143,68.49,1,0.0
H040,P0144,260.73,1,0.0
H040,P0145,168.49,1,0.0
H040,P0146,79.12,1,0.0
H040,P0147,151.11,1,0.0
H040,P0148,46.16,1,0.0
H040,P0150,55.17,1,0.0
H041,P0001,176.76,1,0.0
H041,P0002,108.69,1,0.0
H041,P0003,166.06,1,0.0
H041,P0004,34.77,1,0.0
H041,P0006,121.39,1,0.0
H041,P0007,145.2,1,0.0
H041,P0008,266.5,1,0.0
H041,P0009,84.25,1,0.0
H041,P0010,1446.53,1,0.0
H041,P0011,430.68,1,0.0
H041,P0012,424.22,1,0.0
H041,P0013,160.44,1,0.0
H041,P0014,73.83,1,0.0
H041,P0016,72.66,1,0.0
H041,P0018,172.97,1,0.0
H041,P0019,425.6,1,0.0
H041,P0020,208.21,1,0.0
H041,P0023,126.13,1,0.0
H041,P0024,86.75,1,0.0
H041,P0025,88.44,1,0.0
H041,P0027,144.07,1,0.0
H041,P0028,83.54,1,0.0
H041,P0030,54.73,1,0.0
H041,P0031,185.5,1,0.0
H041,P0032,237.18,1,0.0
H041,P0036,449.44,1,0.0
H041,P0037,17.9,1,0.0
H041,P0038,1120.7,1,0.0
H041,P0040,50.33,1,0.0
H041,P0041,324.42,1,0.0
H041,P0042,203.23,1,0.0
H041,P0043,418.05,1,0.0
H041,P0045,183.89,1,0.0
H041,P0046,125.04,1,0.0
H041,P0047,69.69,1,0.0
H041,P0048,238.05,1,0.0
H041,P0049,24.84,1,0.0
H041,P0051,282.75,1,0.0
H041,P0052,49.66,1,0.0
H041,P0053,298.7,1,0.0
H041,P0054,338.47,1,0.0
H041,P0055,150.09,1,0.0
H041,P0056,122.12,1,0.0
H041,P0057,230.63,1,0.0
H041,P0058,249.7,1,0.0
H041,P0059,111.85,1,0.0
H041,P0061,551.94,1,0.0
H041,P0062,346.54,1,0.0
H041,P0063,493.96,1,0.0
H041,P0064,455.68,1,0.0
H041,P0065,40.42,1,0.0
H041,P0066,1384.54,1,0.0
H041,P0067,38.17,1,0.0
H041,P0068,169.5,1,0.0
H041,P0069,51.69,1,0.0
H041,P0070,248.21,1,0.0
H041,P0071,208.78,1,0.0
H041,P0072,174.63,1,0.0
H041,P0073,10.56,1,0.0
H041,P0076,22.06,1,0.0
H041,P0079,70.79,1,0.0
H041,P0081,86.42,1,0.0
H041,P0082,199.76,1,0.0
H041,P0083,101.1,1,0.0
H041,P0084,62.38,1,0.0
H041,P0085,50.01,1,0.0
H041,P0087,153.68,1,0.0
H041,P0088,70.94,1,0.0
H041,P0090,63.37,1,0.0
H041,P0091,978.89,1,0.0
H041,P0092,197.85,1,0.0
H041,P0093,165.25,1,0.0
H041,P0094,554.13,1,0.0
H041,P0095,78.23,1,0.0
H041,P0096,52.21,1,0.0
H041,P0097,88.93,1,0.0
H041,P0098,163.61,1,0.0
H041,P0099,116.52,1,0.0
H041,P0100,102.53,1,0.0
H041,P0101,160.46,1,0.0
H041,P0102,93.53,1,0.0
H041,P0103,51.65,1,0.0
H041,P0104,272.0,1,0.0
H041,P0105,108.64,1,0.0
H041,P0106,105.85,1,0.0
H041,P0107,219.55,1,0.0
H041,P0108,200.89,1,0.0
H041,P0109,49.86,1,0.0
H041,P0110,70.56,1,0.0
H041,P0111,38.73,1,0.0
H041,P0113,179.88,1,0.0
H041,P0114,87.55,1,0.0
H041,P0115,58.07,1,0.0
H041,P0118,92.96,1,0.0
H041,P0119,167.35,1,0.0
H041,P0120,125.87,1,0.0
H041,P0121,57.25,1,0.0
H041,P0122,199.54,1,0.0
H041,P0124,439.66,1,0.0
H041,P0126,43.35,1,0.0
H041,P0127,119.49,1,0.0
H041,P0129,124.87,1,0.0
H041,P0131,29.33,1,0.0
H041,P0133,182.63,1,0.0
H041,P0134,45.36,1,0.0
H041,P0135,716.52,1,0.0
H041,P0137,85.95,1,0.0
H041,P0138,851.47,1,0.0
H041,P0139,33.81,1,0.0
H041,P0141,50.65,1,0.0
H041,P0142,386.97,1,0.0
H041,P0143,68.49,1,0.0
H041,P0144,260.73,1,0.0
H041,P0145,168.49,1,0.0
H041,P0146,79.12,1,0.0
H041,P0147,151.11,1,0.0
H041,P0149,286.51,1,0.0
H041,P0150,55.17,1,0.0
H042,P0001,176.76,0,50.0
H042,P0002,108.69,0,50.0
H042,P0003,166.06,0,50.0
H042,P0004,34.77,0,50.0
H042,P0006,121.39,0,50.0
H042,P0007,145.2,0,50.0
H042,P0010,1446.53,0,50.0
H042,P0011,430.68,0,50.0
H042,P0012,424.22,0,50.0
H042,P0014,73.83,0,50.0
H042,P0016,72.66,0,50.0
H042,P0017,172.71,0,50.0
H042,P0018,172.97,0,50.0
H042,P0019,425.6,0,50.0
H042,P0020,208.21,0,50.0
H042,P0021,160.14,0,50.0
H042,P0022,487.96,0,50.0
H042,P0023,126.13,0,50.0
H042,P0025,88.44,0,50.0
H042,P0027,144.07,0,50.0
H042,P0028,83.54,0,50.0
H042,P0030,54.73,0,50.0
H042,P0031,185.5,0,50.0
H042,P0032,237.18,0,50.0
H042,P0033,625.97,0,50.0
H042,P0034,74.81,0,50.0
H042,P0035,219.22,0,50.0
H042,P0036,449.44,0,50.0
H042,P0038,1120.7,0,50.0
H042,P0043,418.05,0,50.0
H042,P0045,183.89,0,50.0
H042,P0046,125.04,0,50.0
H042,P0047,69.69,0,50.0
H042,P0049,24.84,0,50.0
H042,P0050,118.64,0,50.0
H042,P0051,282.75,0,50.0
H042,P0052,49.66,0,50.0
H042,P0057,230.63,0,50.0
H042,P0059,111.85,0,50.0
H042,P0060,895.67,0,50.0
H042,P0061,551.94,0,50.0
H042,P0062,346.54,0,50.0
H042,P0063,493.96,0,50.0
H042,P0064,455.68,0,50.0
H042,P0066,1384.54,0,50.0
H042,P0067,38.17,0,50.0
H042,P0068,169.5,0,50.0
H042,P0069,51.69,0,50.0
H042,P0070,248.21,0,50.0
H042,P0071,208.78,0,50.0
H042,P0072,174.63,0,50.0
H042,P0075,176.16,0,50.0
H042,P0078,122.32,0,50.0
H042,P0079,70.79,0,50.0
H042,P0080,207.1,0,50.0
H042,P0081,86.42,0,50.0
H042,P0082,199.76,0,50.0
H042,P0083,101.1,0,50.0
H042,P0084,62.38,0,50.0
H042,P0085,50.01,0,50.0
H042,P0087,153.68,0,50.0
H042,P0088,70.94,0,50.0
H042,P0089,82.9,0,50.0
H042,P0093,165.25,0,50.0
H042,P0094,554.13,0,50.0
H042,P0096,52.21,0,50.0
H042,P0097,88.93,0,50.0
H042,P0098,163.61,0,50.0
H042,P0100,102.53,0,50.0
H042,P0101,160.46,0,50.0
H042,P0105,108.64,0,50.0
H042,P0106,105.85,0,50.0
H042,P0107,219.55,0,50.0
H042,P0108,200.89,0,50.0
H042,P0109,49.86,0,50.0
H042,P0111,38.73,0,50.0
H042,P0113,179.88,0,50.0
H042,P0114,87.55,0,50.0
H042,P0116,40.87,0,50.0
H042,P0117,426.37,0,50.0
H042,P0118,92.96,0,50.0
H042,P0119,167.35,0,50.0
H042,P0121,57.25,0,50.0
H042,P0123,151.15,0,50.0
H042,P0124,439.66,0,50.0
H042,P0126,43.35,0,50.0
H042,P0127,119.49,0,50.0
H042,P0129,124.87,0,50.0
H042,P0131,29.33,0,50.0
H042,P0133,182.63,0,50.0
H042,P0134,45.36,0,50.0
H042,P0135,716.52,0,50.0
H042,P0137,85.95,0,50.0
H042,P0139,33.81,0,50.0
H042,P0142,386.97,0,50.0
H042,P0143,68.49,0,50.0
H042,P0145,168.49,0,50.0
H042,P0146,79.12,0,50.0
H042,P0147,151.11,0,50.0
H042,P0148,46.16,0,50.0
H042,P0150,55.17,0,50.0
H043,P0001,176.76,1,0.0
H043,P0002,108.69,1,0.0
H043,P0003,166.06,1,0.0
H043,P0004,34.77,1,0.0
H043,P0007,145.2,1,0.0
H043,P0009,84.25,1,0.0
H043,P0010,1446.53,1,0.0
H043,P0011,430.68,1,0.0
H043,P0014,73.83,1,0.0
H043,P0018,172.97,1,0.0
H043,P0021,160.14,1,0.0
H043,P0023,126.13,1,0.0
H043,P0027,144.07,1,0.0
H043,P0031,185.5,1,0.0
H043,P0032,237.18,1,0.0
H043,P0033,625.97,1,0.0
H043,P0035,219.22,1,0.0
H043,P0038,1120.7,1,0.0
H043,P0042,203.23,1,0.0
H043,P0043,418.05,1,0.0
H043,P0044,251.54,1,0.0
H043,P0045,183.89,1,0.0
H043,P0046,125.04,1,0.0
H043,P0047,69.69,1,0.0
H043,P0048,238.05,1,0.0
H043,P0049,24.84,1,0.0
H043,P0050,118.64,1,0.0
H043,P0051,282.75,1,0.0
H043,P0052,49.66,1,0.0
H043,P0055,150.09,1,0.0
H043,P0056,122.12,1,0.0
H043,P0057,230.63,1,0.0
H043,P0059,111.85,1,0.0
H043,P0061,551.94,1,0.0
H043,P0063,493.96,1,0.0
H043,P0064,455.68,1,0.0
H043,P0065,40.42,1,0.0
H043,P0066,1384.54,1,0.0
H043,P0067,38.17,1,0.0
H043,P0068,169.5,1,0.0
H043,P0069,51.69,1,0.0
H043,P0071,208.78,1,0.0
H043,P0075,176.16,1,0.0
H043,P0076,22.06,1,0.0
H043,P0078,122.32,1,0.0
H043,P0079,70.79,1,0.0
H043,P0081,86.42,1,0.0
H043,P0082,199.76,1,0.0
H043,P0083,101.1,1,0.0
H043,P0084,62.38,1,0.0
H043,P0085,50.01,1,0.0
H043,P0087,153.68,1,0.0
H043,P0091,978.89,1,0.0
H043,P0092,197.85,1,0.0
H043,P0094,554.13,1,0.0
H043,P0096,52.21,1,0.0
H043,P0097,88.93,1,0.0
H043,P0098,163.61,1,0.0
H043,P0100,102.53,1,0.0
H043,P0101,160.46,1,0.0
H043,P0105,108.64,1,0.0
H043,P0107,219.55,1,0.0
H043,P0109,49.86,1,0.0
H043,P0110,70.56,1,0.0
H043,P0111,38.73,1,0.0
H043,P0112,46.06,1,0.0
H043,P0113,179.88,1,0.0
H043,P0115,58.07,1,0.0
H043,P0116,40.87,1,0.0
H043,P0117,426.37,1,0.0
H043,P0118,92.96,1,0.0
H043,P0121,57.25,1,0.0
H043,P0122,199.54,1,0.0
H043,P0124,439.66,1,0.0
H043,P0125,230.7,1,0.0
H043,P0126,43.35,1,0.0
H043,P0127,119.49,1,0.0
H043,P0129,124.87,1,0.0
H043,P0130,43.48,1,0.0
H043,P0131,29.33,1,0.0
H043,P0133,182.63,1,0.0
H043,P0134,45.36,1,0.0
H043,P0135,716.52,1,0.0
H043,P0137,85.95,1,0.0
H043,P0138,851.47,1,0.0
H043,P0142,386.97,1,0.0
H043,P0143,68.49,1,0.0
H043,P0145,168.49,1,0.0
H043,P0146,79.12,1,0.0
H043,P0147,151.11,1,0.0
H043,P0148,46.16,1,0.0
H043,P0149,286.51,1,0.0
H043,P0150,55.17,1,0.0
H044,P0001,176.76,1,0.0
H044,P0002,108.69,1,0.0
H044,P0003,166.06,1,0.0
H044,P0004,34.77,1,0.0
H044,P0005,362.15,1,0.0
H044,P0006,121.39,1,0.0
H044,P0007,145.2,1,0.0
H044,P0008,266.5,1,0.0
H044,P0010,1446.53,1,0.0
H044,P0014,73.83,1,0.0
H044,P0015,219.64,1,0.0
H044,P0016,72.66,1,0.0
H044,P0019,425.6,1,0.0
H044,P0020,208.21,1,0.0
H044,P0021,160.14,1,0.0
H044,P0023,126.13,1,0.0
H044,P0024,86.75,1,0.0
H044,P0025,88.44,1,0.0
H044,P0026,519.91,1,0.0
H044,P0027,144.07,1,0.0
H044,P0029,24.05,1,0.0
H044,P0031,185.5,1,0.0
H044,P0032,237.18,1,0.0
H044,P0033,625.97,1,0.0
H044,P0034,74.81,1,0.0
H044,P0036,449.44,1,0.0
H044,P0040,50.33,1,0.0
H044,P0043,418.05,1,0.0
H044,P0044,251.54,1,0.0
H044,P0045,183.89,1,0.0
H044,P0046,125.04,1,0.0
H044,P0047,69.69,1,0.0
H044,P0048,238.05,1,0.0
H044,P0049,24.84,1,0.0
H044,P0050,118.64,1,0.0
H044,P0051,282.75,1,0.0
H044,P0052,49.66,1,0.0
H044,P0055,150.09,1,0.0
H044,P0056,122.12,1,0.0
H044,P0058,249.7,1,0.0
H044,P0059,111.85,1,0.0
H044,P0060,895.67,1,0.0
H044,P0061,551.94,1,0.0
H044,P0063,493.96,1,0.0
H044,P0064,455.68,1,0.0
H044,P0065,40.42,1,0.0
H044,P0067,38.17,1,0.0
H044,P0068,169.5,1,0.0
H044,P0069,51.69,1,0.0
H044,P0072,174.63,1,0.0
H044,P0073,10.56,1,0.0
H044,P0075,176.16,1,0.0
H044,P0078,122.32,1,0.0
H044,P0079,70.79,1,0.0
H044,P0081,86.42,1,0.0
H044,P0083,101.1,1,0.0
H044,P0085,50.01,1,0.0
H044,P0086,290.19,1,0.0
H044,P0087,153.68,1,0.0
H044,P0090,63.37,1,0.0
H044,P0092,197.85,1,0.0
H044,P0093,165.25,1,0.0
H044,P0094,554.13,1,0.0
H044,P0095,78.23,1,0.0
H044,P0096,52.21,1,0.0
H044,P0098,163.61,1,0.0
H044,P0099,116.52,1,0.0
H044,P0100,102.53,1,0.0
H044,P0101,160.46,1,0.0
H044,P0102,93.53,1,0.0
H044,P0103,51.65,1,0.0
H044,P0107,219.55,1,0.0
H044,P0109,49.86,1,0.0
H044,P0110,70.56,1,0.0
H044,P0111,38.73,1,0.0
H044,P0112,46.06,1,0.0
H044,P0113,179.88,1,0.0
H044,P0114,87.55,1,0.0
H044,P0120,125.87,1,0.0
H044,P0121,57.25,1,0.0
H044,P0122,199.54,1,0.0
H044,P0124,439.66,1,0.0
H044,P0125,230.7,1,0.0
H044,P0127,119.49,1,0.0
H044,P0130,43.48,1,0.0
H044,P0131,29.33,1,0.0
H044,P0133,182.63,1,0.0
H044,P0134,45.36,1,0.0
H044,P0135,716.52,1,0.0
H044,P0138,851.47,1,0.0
H044,P0139,33.81,1,0.0
H044,P0140,53.6,1,0.0
H044,P0141,50.65,1,0.0
H044,P0142,386.97,1,0.0
H044,P0143,68.49,1,0.0
H044,P0144,260.73,1,0.0
H044,P0145,168.49,1,0.0
H044,P0146,79.12,1,0.0
H044,P0147,151.11,1,0.0
H044,P0148,46.16,1,0.0
H044,P0149,286.51,1,0.0
H044,P0150,55.17,1,0.0
H045,P0001,176.76,0,50.0
H045,P0002,108.69,0,50.0
H045,P0003,166.06,0,50.0
H045,P0005,362.15,0,50.0
H045,P0007,145.2,0,50.0
H045,P0008,266.5,0,50.0
H045,P0010,1446.53,0,50.0
H045,P0011,430.68,0,50.0
H045,P0014,73.83,0,50.0
H045,P0016,72.66,0,50.0
H045,P0018,172.97,0,50.0
H045,P0019,425.6,0,50.0
H045,P0020,208.21,0,50.0
H045,P0021,160.14,0,50.0
H045,P0022,487.96,0,50.0
H045,P0023,126.13,0,50.0
H045,P0025,88.44,0,50.0
H045,P0027,144.07,0,50.0
H045,P0028,83.54,0,50.0
H045,P0030,54.73,0,50.0
H045,P0031,185.5,0,50.0
H045,P0032,237.18,0,50.0
H045,P0035,219.22,0,50.0
H045,P0036,449.44,0,50.0
H045,P0037,17.9,0,50.0
H045,P0038,1120.7,0,50.0
H045,P0039,50.38,0,50.0
H045,P0040,50.33,0,50.0
H045,P0043,418.05,0,50.0
H045,P0044,251.54,0,50.0
H045,P0045,183.89,0,50.0
H045,P0046,125.04,0,50.0
H045,P0047,69.69,0,50.0
H045,P0049,24.84,0,50.0
H045,P0050,118.64,0,50.0
H045,P0052,49.66,0,50.0
H045,P0053,298.7,0,50.0
H045,P0054,338.47,0,50.0
H045,P0055,150.09,0,50.0
H045,P0057,230.63,0,50.0
H045,P0058,249.7,0,50.0
H045,P0059,111.85,0,50.0
H045,P0060,895.67,0,50.0
H045,P0061,551.94,0,50.0
H045,P0063,493.96,0,50.0
H045,P0064,455.68,0,50.0
H045,P0065,40.42,0,50.0
H045,P0067,38.17,0,50.0
H045,P0068,169.5,0,50.0
H045,P0069,51.69,0,50.0
H045,P0071,208.78,0,50.0
H045,P0072,174.63,0,50.0
H045,P0073,10.56,0,50.0
H045,P0074,289.71,0,50.0
H045,P0077,547.47,0,50.0
H045,P0078,122.32,0,50.0
H045,P0079,70.79,0,50.0
H045,P0080,207.1,0,50.0
H045,P0081,86.42,0,50.0
H045,P0082,199.76,0,50.0
H045,P0084,62.38,0,50.0
H045,P0085,50.01,0,50.0
H045,P0086,290.19,0,50.0
H045,P0087,153.68,0,50.0
H045,P0088,70.94,0,50.0
H045,P0089,82.9,0,50.0
H045,P0093,165.25,0,50.0
H045,P0096,52.21,0,50.0
H045,P0097,88.93,0,50.0
H045,P0098,163.61,0,50.0
H045,P0099,116.52,0,50.0
H045,P0100,102.53,0,50.0
H045,P0102,93.53,0,50.0
H045,P0105,108.64,0,50.0
H045,P0106,105.85,0,50.0
H045,P0107,219.55,0,50.0
H045,P0108,200.89,0,50.0
H045,P0109,49.86,0,50.0
H045,P0111,38.73,0,50.0
H045,P0113,179.88,0,50.0
H045,P0114,87.55,0,50.0
H045,P0115,58.07,0,50.0
H045,P0116,40.87,0,50.0
H045,P0117,426.37,0,50.0
H045,P0119,167.35,0,50.0
H045,P0120,125.87,0,50.0
H045,P0121,57.25,0,50.0
H045,P0122,199.54,0,50.0
H045,P0123,151.15,0,50.0
H045,P0124,439.66,0,50.0
H045,P0126,43.35,0,50.0
H045,P0128,121.12,0,50.0
H045,P0129,124.87,0,50.0
H045,P0130,43.48,0,50.0
H045,P0131,29.33,0,50.0
H045,P0132,118.62,0,50.0
H045,P0134,45.36,0,50.0
H045,P0135,716.52,0,50.0
H045,P0136,241.63,0,50.0
H045,P0139,33.81,0,50.0
H045,P0140,53.6,0,50.0
H045,P0142,386.97,0,50.0
H045,P0143,68.49,0,50.0
H045,P0145,168.49,0,50.0
H045,P0146,79.12,0,50.0
H045,P0147,151.11,0,50.0
H045,P0148,46.16,0,50.0
H045,P0149,286.51,0,50.0
H045,P0150,55.17,0,50.0
H046,P0002,108.69,1,0.0
H046,P0003,166.06,1,0.0
H046,P0006,121.39,1,0.0
H046,P0007,145.2,1,0.0
H046,P0009,84.25,1,0.0
H046,P0011,430.68,1,0.0
H046,P0012,424.22,1,0.0
H046,P0013,160.44,1,0.0
H046,P0019,425.6,1,0.0
H046,P0020,208.21,1,0.0
H046,P0021,160.14,1,0.0
H046,P0023,126.13,1,0.0
H046,P0024,86.75,1,0.0
H046,P0025,88.44,1,0.0
H046,P0027,144.07,1,0.0
H046,P0028,83.54,1,0.0
H046,P0029,24.05,1,0.0
H046,P0031,185.5,1,0.0
H046,P0032,237.18,1,0.0
H046,P0033,625.97,1,0.0
H046,P0036,449.44,1,0.0
H046,P0040,50.33,1,0.0
H046,P0041,324.42,1,0.0
H046,P0044,251.54,1,0.0
H046,P0045,183.89,1,0.0
H046,P0046,125.04,1,0.0
H046,P0049,24.84,1,0.0
H046,P0050,118.64,1,0.0
H046,P0051,282.75,1,0.0
H046,P0052,49.66,1,0.0
H046,P0059,111.85,1,0.0
H046,P0060,895.67,1,0.0
H046,P0061,551.94,1,0.0
H046,P0062,346.54,1,0.0
H046,P0063,493.96,1,0.0
H046,P0065,40.42,1,0.0
H046,P0067,38.17,1,0.0
H046,P0068,169.5,1,0.0
H046,P0069,51.69,1,0.0
H046,P0071,208.78,1,0.0
H046,P0073,10.56,1,0.0
H046,P0074,289.71,1,0.0
H046,P0076,22.06,1,0.0
H046,P0079,70.79,1,0.0
H046,P0081,86.42,1,0.0
H046,P0082,199.76,1,0.0
H046,P0084,62.38,1,0.0
H046,P0085,50.01,1,0.0
H046,P0088,70.94,1,0.0
H046,P0089,82.9,1,0.0
H046,P0090,63.37,1,0.0
H046,P0091,978.89,1,0.0
H046,P0093,165.25,1,0.0
H046,P0098,163.61,1,0.0
H046,P0099,116.52,1,0.0
H046,P0100,102.53,1,0.0
H046,P0101,160.46,1,0.0
H046,P0102,93.53,1,0.0
H046,P0104,272.0,1,0.0
H046,P0105,108.64,1,0.0
H046,P0106,105.85,1,0.0
H046,P0107,219.55,1,0.0
H046,P0109,49.86,1,0.0
H046,P0110,70.56,1,0.0
H046,P0111,38.73,1,0.0
H046,P0112,46.06,1,0.0
H046,P0113,179.88,1,0.0
H046,P0114,87.55,1,0.0
H046,P0115,58.07,1,0.0
H046,P0118,92.96,1,0.0
H046,P0119,167.35,1,0.0
H046,P0123,151.15,1,0.0
H046,P0124,439.66,1,0.0
H046,P0126,43.35,1,0.0
H046,P0129,124.87,1,0.0
H046,P0131,29.33,1,0.0
H046,P0132,118.62,1,0.0
H046,P0133,182.63,1,0.0
H046,P0134,45.36,1,0.0
H046,P0136,241.63,1,0.0
H046,P0138,851.47,1,0.0
H046,P0139,33.81,1,0.0
H046,P0142,386.97,1,0.0
H046,P0143,68.49,1,0.0
H046,P0145,168.49,1,0.0
H046,P0146,79.12,1,0.0
H046,P0147,151.11,1,0.0
H046,P0148,46.16,1,0.0
H046,P0149,286.51,1,0.0
H046,P0150,55.17,1,0.0
H047,P0002,108.69,0,50.0
H047,P0003,166.06,0,50.0
H047,P0007,145.2,0,50.0
H047,P0009,84.25,0,50.0
H047,P0010,1446.53,0,50.0
H047,P0012,424.22,0,50.0
H047,P0013,160.44,0,50.0
H047,P0015,219.64,0,50.0
H047,P0016,72.66,0,50.0
H047,P0018,172.97,0,50.0
H047,P0020,208.21,0,50.0
H047,P0021,160.14,0,50.0
H047,P0022,487.96,0,50.0
H047,P0023,126.13,0,50.0
H047,P0024,86.75,0,50.0
H047,P0025,88.44,0,50.0
H047,P0027,144.07,0,50.0
H047,P0028,83.54,0,50.0
H047,P0029,24.05,0,50.0
H047,P0030,54.73,0,50.0
H047,P0032,237.18,0,50.0
H047,P0036,449.44,0,50.0
H047,P0037,17.9,0,50.0
H047,P0040,50.33,0,50.0
H047,P0043,418.05,0,50.0
H047,P0044,251.54,0,50.0
H047,P0045,183.89,0,50.0
H047,P0046,125.04,0,50.0
H047,P0047,69.69,0,50.0
H047,P0048,238.05,0,50.0
H047,P0049,24.84,0,50.0
H047,P0050,118.64,0,50.0
H047,P0052,49.66,0,50.0
H047,P0053,298.7,0,50.0
H047,P0054,338.47,0,50.0
H047,P0055,150.09,0,50.0
H047,P0056,122.12,0,50.0
H047,P0057,230.63,0,50.0
H047,P0058,249.7,0,50.0
H047,P0059,111.85,0,50.0
H047,P0060,895.67,0,50.0
H047,P0061,551.94,0,50.0
H047,P0062,346.54,0,50.0
H047,P0063,493.96,0,50.0
H047,P0064,455.68,0,50.0
H047,P0065,40.42,0,50.0
H047,P0066,1384.54,0,50.0
H047,P0067,38.17,0,50.0
H047,P0068,169.5,0,50.0
H047,P0069,51.69,0,50.0
H047,P0070,248.21,0,50.0
H047,P0071,208.78,0,50.0
H047,P0072,174.63,0,50.0
H047,P0073,10.56,0,50.0
H047,P0075,176.16,0,50.0
H047,P0076,22.06,0,50.0
H047,P0078,122.32,0,50.0
H047,P0079,70.79,0,50.0
H047,P0080,207.1,0,50.0
H047,P0081,86.42,0,50.0
H047,P0083,101.1,0,50.0
H047,P0084,62.38,0,50.0
H047,P0085,50.01,0,50.0
H047,P0087,153.68,0,50.0
H047,P0088,70.94,0,50.0
H047,P0089,82.9,0,50.0
H047,P0091,978.89,0,50.0
H047,P0092,197.85,0,50.0
H047,P0093,165.25,0,50.0
H047,P0094,554.13,0,50.0
H047,P0095,78.23,0,50.0
H047,P0097,88.93,0,50.0
H047,P0100,102.53,0,50.0
H047,P0101,160.46,0,50.0
H047,P0102,93.53,0,50.0
H047,P0104,272.0,0,50.0
H047,P0106,105.85,0,50.0
H047,P0107,219.55,0,50.0
H047,P0108,200.89,0,50.0
H047,P0109,49.86,0,50.0
H047,P0110,70.56,0,50.0
H047,P0113,179.88,0,50.0
H047,P0115,58.07,0,50.0
H047,P0117,426.37,0,50.0
H047,P0118,92.96,0,50.0
H047,P0119,167.35,0,50.0
H047,P0120,125.87,0,50.0
H047,P0121,57.25,0,50.0
H047,P0122,199.54,0,50.0
H047,P0123,151.15,0,50.0
H047,P0124,439.66,0,50.0
H047,P0125,230.7,0,50.0
H047,P0126,43.35,0,50.0
H047,P0127,119.49,0,50.0
H047,P0128,121.12,0,50.0
H047,P0129,124.87,0,50.0
H047,P0131,29.33,0,50.0
H047,P0132,118.62,0,50.0
H047,P0133,182.63,0,50.0
H047,P0134,45.36,0,50.0
H047,P0136,241.63,0,50.0
H047,P0139,33.81,0,50.0
H047,P0141,50.65,0,50.0
H047,P0142,386.97,0,50.0
H047,P0143,68.49,0,50.0
H047,P0145,168.49,0,50.0
H047,P0146,79.12,0,50.0
H047,P0147,151.11,0,50.0
H047,P0148,46.16,0,50.0
H047,P0149,286.51,0,50.0
H047,P0150,55.17,0,50.0
H048,P0001,176.76,0,50.0
H048,P0003,166.06,0,50.0
H048,P0007,145.2,0,50.0
H048,P0009,84.25,0,50.0
H048,P0010,1446.53,0,50.0
H048,P0011,430.68,0,50.0
H048,P0012,424.22,0,50.0
H048,P0014,73.83,0,50.0
H048,P0016,72.66,0,50.0
H048,P0017,172.71,0,50.0
H048,P0018,172.97,0,50.0
H048,P0023,126.13,0,50.0
H048,P0027,144.07,0,50.0
H048,P0028,83.54,0,50.0
H048,P0030,54.73,0,50.0
H048,P0031,185.5,0,50.0
H048,P0032,237.18,0,50.0
H048,P0033,625.97,0,50.0
H048,P0034,74.81,0,50.0
H048,P0036,449.44,0,50.0
H048,P0037,17.9,0,50.0
H048,P0038,1120.7,0,50.0
H048,P0041,324.42,0,50.0
H048,P0044,251.54,0,50.0
H048,P0045,183.89,0,50.0
H048,P0046,125.04,0,50.0
H048,P0048,238.05,0,50.0
H048,P0049,24.84,0,50.0
H048,P0050,118.64,0,50.0
H048,P0051,282.75,0,50.0
H048,P0052,49.66,0,50.0
H048,P0054,338.47,0,50.0
H048,P0056,122.12,0,50.0
H048,P0057,230.63,0,50.0
H048,P0059,111.85,0,50.0
H048,P0062,346.54,0,50.0
H048,P0064,455.68,0,50.0
H048,P0065,40.42,0,50.0
H048,P0067,38.17,0,50.0
H048,P0068,169.5,0,50.0
H048,P0069,51.69,0,50.0
H048,P0070,248.21,0,50.0
H048,P0071,208.78,0,50.0
H048,P0072,174.63,0,50.0
H048,P0073,10.56,0,50.0
H048,P0075,176.16,0,50.0
H048,P0079,70.79,0,50.0
H048,P0080,207.1,0,50.0
H048,P0081,86.42,0,50.0
H048,P0082,199.76,0,50.0
H048,P0083,101.1,0,50.0
H048,P0084,62.38,0,50.0
H048,P0085,50.01,0,50.0
H048,P0087,153.68,0,50.0
H048,P0088,70.94,0,50.0
H048,P0090,63.37,0,50.0
H048,P0091,978.89,0,50.0
H048,P0093,165.25,0,50.0
H048,P0096,52.21,0,50.0
H048,P0098,163.61,0,50.0
H048,P0099,116.52,0,50.0
H048,P0100,102.53,0,50.0
H048,P0101,160.46,0,50.0
H048,P0102,93.53,0,50.0
H048,P0103,51.65,0,50.0
H048,P0104,272.0,0,50.0
H048,P0105,108.64,0,50.0
H048,P0106,105.85,0,50.0
H048,P0107,219.55,0,50.0
H048,P0108,200.89,0,50.0
H048,P0111,38.73,0,50.0
H048,P0113,179.88,0,50.0
H048,P0117,426.37,0,50.0
H048,P0119,167.35,0,50.0
H048,P0121,57.25,0,50.0
H048,P0122,199.54,0,50.0
H048,P0123,151.15,0,50.0
H048,P0124,439.66,0,50.0
H048,P0125,230.7,0,50.0
H048,P0127,119.49,0,50.0
H048,P0128,121.12,0,50.0
H048,P0129,124.87,0,50.0
H048,P0131,29.33,0,50.0
H048,P0133,182.63,0,50.0
H048,P0134,45.36,0,50.0
H048,P0135,716.52,0,50.0
H048,P0138,851.47,0,50.0
H048,P0140,53.6,0,50.0
H048,P0141,50.65,0,50.0
H048,P0142,386.97,0,50.0
H048,P0145,168.49,0,50.0
H048,P0146,79.12,0,50.0
H048,P0147,151.11,0,50.0
H048,P0150,55.17,0,50.0
H049,P0002,108.69,1,0.0
H049,P0003,166.06,1,0.0
H049,P0004,34.77,1,0.0
H049,P0007,145.2,1,0.0
H049,P0010,1446.53,1,0.0
H049,P0011,430.68,1,0.0
H049,P0012,424.22,1,0.0
H049,P0013,160.44,1,0.0
H049,P0014,73.83,1,0.0
H049,P0015,219.64,1,0.0
H049,P0016,72.66,1,0.0
H049,P0020,208.21,1,0.0
H049,P0021,160.14,1,0.0
H049,P0022,487.96,1,0.0
H049,P0023,126.13,1,0.0
H049,P0024,86.75,1,0.0
H049,P0027,144.07,1,0.0
H049,P0028,83.54,1,0.0
H049,P0029,24.05,1,0.0
H049,P0031,185.5,1,0.0
H049,P0032,237.18,1,0.0
H049,P0033,625.97,1,0.0
H049,P0034,74.81,1,0.0
H049,P0035,219.22,1,0.0
H049,P0036,449.44,1,0.0
H049,P0038,1120.7,1,0.0
H049,P0039,50.38,1,0.0
H049,P0040,50.33,1,0.0
H049,P0041,324.42,1,0.0
H049,P0043,418.05,1,0.0
H049,P0044,251.54,1,0.0
H049,P0045,183.89,1,0.0
H049,P0046,125.04,1,0.0
H049,P0047,69.69,1,0.0
H049,P0049,24.84,1,0.0
H049,P0050,118.64,1,0.0
H049,P0051,282.75,1,0.0
H049,P0052,49.66,1,0.0
H049,P0053,298.7,1,0.0
H049,P0056,122.12,1,0.0
H049,P0057,230.63,1,0.0
H049,P0058,249.7,1,0.0
H049,P0059,111.85,1,0.0
H049,P0060,895.67,1,0.0
H049,P0061,551.94,1,0.0
H049,P0062,346.54,1,0.0
H049,P0063,493.96,1,0.0
H049,P0064,455.68,1,0.0
H049,P0065,40.42,1,0.0
H049,P0066,1384.54,1,0.0
H049,P0067,38.17,1,0.0
H049,P0068,169.5,1,0.0
H049,P0069,51.69,1,0.0
H049,P0070,248.21,1,0.0
H049,P0071,208.78,1,0.0
H049,P0073,10.56,1,0.0
H049,P0074,289.71,1,0.0
H049,P0076,22.06,1,0.0
H049,P0078,122.32,1,0.0
H049,P0079,70.79,1,0.0
H049,P0080,207.1,1,0.0
H049,P0081,86.42,1,0.0
H049,P0082,199.76,1,0.0
H049,P0083,101.1,1,0.0
H049,P0084,62.38,1,0.0
H049,P0085,50.01,1,0.0
H049,P0086,290.19,1,0.0
H049,P0087,153.68,1,0.0
H049,P0088,70.94,1,0.0
H049,P0089,82.9,1,0.0
H049,P0092,197.85,1,0.0
H049,P0093,165.25,1,0.0
H049,P0094,554.13,1,0.0
H049,P0096,52.21,1,0.0
H049,P0097,88.93,1,0.0
H049,P0098,163.61,1,0.0
H049,P0099,116.52,1,0.0
H049,P0100,102.53,1,0.0
H049,P0101,160.46,1,0.0
H049,P0102,93.53,1,0.0
H049,P0104,272.0,1,0.0
H049,P0105,108.64,1,0.0
H049,P0106,105.85,1,0.0
H049,P0107,219.55,1,0.0
H049,P0108,200.89,1,0.0
H049,P0109,49.86,1,0.0
H049,P0110,70.56,1,0.0
H049,P0111,38.73,1,0.0
H049,P0114,87.55,1,0.0
H049,P0117,426.37,1,0.0
H049,P0118,92.96,1,0.0
H049,P0119,167.35,1,0.0
H049,P0121,57.25,1,0.0
H049,P0124,439.66,1,0.0
H049,P0126,43.35,1,0.0
H049,P0129,124.87,1,0.0
H049,P0131,29.33,1,0.0
H049,P0133,182.63,1,0.0
H049,P0135,716.52,1,0.0
H049,P0136,241.63,1,0.0
H049,P0137,85.95,1,0.0
H049,P0138,851.47,1,0.0
H049,P0139,33.81,1,0.0
H049,P0140,53.6,1,0.0
H049,P0141,50.65,1,0.0
H049,P0142,386.97,1,0.0
H049,P0144,260.73,1,0.0
H049,P0145,168.49,1,0.0
H049,P0146,79.12,1,0.0
H049,P0147,151.11,1,0.0
H049,P0148,46.16,1,0.0
H049,P0149,286.51,1,0.0
H049,P0150,55.17,1,0.0
H050,P0001,176.76,0,50.0
H050,P0002,108.69,0,50.0
H050,P0003,166.06,0,50.0
H050,P0004,34.77,0,50.0
H050,P0007,145.2,0,50.0
H050,P0008,266.5,0,50.0
H050,P0009,84.25,0,50.0
H050,P0010,1446.53,0,50.0
H050,P0012,424.22,0,50.0
H050,P0013,160.44,0,50.0
H050,P0014,73.83,0,50.0
H050,P0016,72.66,0,50.0
H050,P0017,172.71,0,50.0
H050,P0018,172.97,0,50.0
H050,P0019,425.6,0,50.0
H050,P0020,208.21,0,50.0
H050,P0022,487.96,0,50.0
H050,P0023,126.13,0,50.0
H050,P0024,86.75,0,50.0
H050,P0025,88.44,0,50.0
H050,P0026,519.91,0,50.0
H050,P0027,144.07,0,50.0
H050,P0028,83.54,0,50.0
H050,P0029,24.05,0,50.0
H050,P0031,185.5,0,50.0
H050,P0032,237.18,0,50.0
H050,P0033,625.97,0,50.0
H050,P0034,74.81,0,50.0
H050,P0035,219.22,0,50.0
H050,P0036,449.44,0,50.0
H050,P0037,17.9,0,50.0
H050,P0040,50.33,0,50.0
H050,P0041,324.42,0,50.0
H050,P0043,418.05,0,50.0
H050,P0044,251.54,0,50.0
H050,P0045,183.89,0,50.0
H050,P0046,125.04,0,50.0
H050,P0047,69.69,0,50.0
H050,P0048,238.05,0,50.0
H050,P0049,24.84,0,50.0
H050,P0050,118.64,0,50.0
H050,P0052,49.66,0,50.0
H050,P0053,298.7,0,50.0
H050,P0055,150.09,0,50.0
H050,P0056,122.12,0,50.0
H050,P0057,230.63,0,50.0
H050,P0058,249.7,0,50.0
H050,P0059,111.85,0,50.0
H050,P0060,895.67,0,50.0
H050,P0061,551.94,0,50.0
H050,P0062,346.54,0,50.0
H050,P0063,493.96,0,50.0
H050,P0064,455.68,0,50.0
H050,P0065,40.42,0,50.0
H050,P0066,1384.54,0,50.0
H050,P0067,38.17,0,50.0
H050,P0068,169.5,0,50.0
H050,P0069,51.69,0,50.0
H050,P0070,248.21,0,50.0
H050,P0071,208.78,0,50.0
H050,P0072,174.63,0,50.0
H050,P0073,10.56,0,50.0
H050,P0075,176.16,0,50.0
H050,P0076,22.06,0,50.0
H050,P0077,547.47,0,50.0
H050,P0078,122.32,0,50.0
H050,P0079,70.79,0,50.0
H050,P0080,207.1,0,50.0
H050,P0081,86.42,0,50.0
H050,P0082,199.76,0,50.0
H050,P0083,101.1,0,50.0
H050,P0084,62.38,0,50.0
H050,P0085,50.01,0,50.0
H050,P0087,153.68,0,50.0
H050,P0089,82.9,0,50.0
H050,P0091,978.89,0,50.0
H050,P0092,197.85,0,50.0
H050,P0093,165.25,0,50.0
H050,P0096,52.21,0,50.0
H050,P0097,88.93,0,50.0
H050,P0098,163.61,0,50.0
H050,P0099,116.52,0,50.0
H050,P0100,102.53,0,50.0
H050,P0101,160.46,0,50.0
H050,P0103,51.65,0,50.0
H050,P0105,108.64,0,50.0
H050,P0106,105.85,0,50.0
H050,P0107,219.55,0,50.0
H050,P0108,200.89,0,50.0
H050,P0109,49.86,0,50.0
H050,P0110,70.56,0,50.0
H050,P0111,38.73,0,50.0
H050,P0113,179.88,0,50.0
H050,P0115,58.07,0,50.0
H050,P0116,40.87,0,50.0
H050,P0117,426.37,0,50.0
H050,P0118,92.96,0,50.0
H050,P0119,167.35,0,50.0
H050,P0121,57.25,0,50.0
H050,P0122,199.54,0,50.0
H050,P0124,439.66,0,50.0
H050,P0126,43.35,0,50.0
H050,P0127,119.49,0,50.0
H050,P0128,121.12,0,50.0
H050,P0129,124.87,0,50.0
H050,P0130,43.48,0,50.0
H050,P0131,29.33,0,50.0
H050,P0133,182.63,0,50.0
H050,P0134,45.36,0,50.0
H050,P0135,716.52,0,50.0
H050,P0136,241.63,0,50.0
H050,P0139,33.81,0,50.0
H050,P0143,68.49,0,50.0
H050,P0145,168.49,0,50.0
H050,P0146,79.12,0,50.0
H050,P0147,151.11,0,50.0
H050,P0148,46.16,0,50.0
H050,P0150,55.17,0,50.0
H051,P0001,176.76,1,0.0
H051,P0002,108.69,1,0.0
H051,P0003,166.06,1,0.0
H051,P0004,34.77,1,0.0
H051,P0005,362.15,1,0.0
H051,P0007,145.2,1,0.0
H051,P0009,84.25,1,0.0
H051,P0010,1446.53,1,0.0
H051,P0011,430.68,1,0.0
H051,P0012,424.22,1,0.0
H051,P0013,160.44,1,0.0
H051,P0014,73.83,1,0.0
H051,P0016,72.66,1,0.0
H051,P0018,172.97,1,0.0
H051,P0020,208.21,1,0.0
H051,P0021,160.14,1,0.0
H051,P0023,126.13,1,0.0
H051,P0024,86.75,1,0.0
H051,P0026,519.91,1,0.0
H051,P0027,144.07,1,0.0
H051,P0028,83.54,1,0.0
H051,P0029,24.05,1,0.0
H051,P0030,54.73,1,0.0
H051,P0031,185.5,1,0.0
H051,P0032,237.18,1,0.0
H051,P0033,625.97,1,0.0
H051,P0035,219.22,1,0.0
H051,P0036,449.44,1,0.0
H051,P0037,17.9,1,0.0
H051,P0040,50.33,1,0.0
H051,P0042,203.23,1,0.0
H051,P0043,418.05,1,0.0
H051,P0044,251.54,1,0.0
H051,P0045,183.89,1,0.0
H051,P0046,125.04,1,0.0
H051,P0050,118.64,1,0.0
H051,P0051,282.75,1,0.0
H051,P0052,49.66,1,0.0
H051,P0053,298.7,1,0.0
H051,P0054,338.47,1,0.0
H051,P0057,230.63,1,0.0
H051,P0058,249.7,1,0.0
H051,P0060,895.67,1,0.0
H051,P0061,551.94,1,0.0
H051,P0062,346.54,1,0.0
H051,P0063,493.96,1,0.0
H051,P0064,455.68,1,0.0
H051,P0065,40.42,1,0.0
H051,P0066,1384.54,1,0.0
H051,P0067,38.17,1,0.0
H051,P0068,169.5,1,0.0
H051,P0069,51.69,1,0.0
H051,P0070,248.21,1,0.0
H051,P0071,208.78,1,0.0
H051,P0073,10.56,1,0.0
H051,P0074,289.71,1,0.0
H051,P0075,176.16,1,0.0
H051,P0078,122.32,1,0.0
H051,P0079,70.79,1,0.0
H051,P0080,207.1,1,0.0
H051,P0081,86.42,1,0.0
H051,P0083,101.1,1,0.0
H051,P0084,62.38,1,0.0
H051,P0085,50.01,1,0.0
H051,P0086,290.19,1,0.0
H051,P0087,153.68,1,0.0
H051,P0088,70.94,1,0.0
H051,P0090,63.37,1,0.0
H051,P0091,978.89,1,0.0
H051,P0092,197.85,1,0.0
H051,P0093,165.25,1,0.0
H051,P0094,554.13,1,0.0
H051,P0097,88.93,1,0.0
H051,P0098,163.61,1,0.0
H051,P0099,116.52,1,0.0
H051,P0101,160.46,1,0.0
H051,P0103,51.65,1,0.0
H051,P0105,108.64,1,0.0
H051,P0106,105.85,1,0.0
H051,P0107,219.55,1,0.0
H051,P0109,49.86,1,0.0
H051,P0110,70.56,1,0.0
H051,P0113,179.88,1,0.0
H051,P0114,87.55,1,0.0
H051,P0115,58.07,1,0.0
H051,P0116,40.87,1,0.0
H051,P0117,426.37,1,0.0
H051,P0118,92.96,1,0.0
H051,P0119,167.35,1,0.0
H051,P0121,57.25,1,0.0
H051,P0122,199.54,1,0.0
H051,P0123,151.15,1,0.0
H051,P0124,439.66,1,0.0
H051,P0125,230.7,1,0.0
H051,P0128,121.12,1,0.0
H051,P0129,124.87,1,0.0
H051,P0130,43.48,1,0.0
H051,P0131,29.33,1,0.0
H051,P0132,118.62,1,0.0
H051,P0133,182.63,1,0.0
H051,P0134,45.36,1,0.0
H051,P0135,716.52,1,0.0
H051,P0136,241.63,1,0.0
H051,P0138,851.47,1,0.0
H051,P0140,53.6,1,0.0
H051,P0141,50.65,1,0.0
H051,P0142,386.97,1,0.0
H051,P0143,68.49,1,0.0
H051,P0144,260.73,1,0.0
H051,P0145,168.49,1,0.0
H051,P0146,79.12,1,0.0
H051,P0147,151.11,1,0.0
H051,P0148,46.16,1,0.0
H051,P0149,286.51,1,0.0
H051,P0150,55.17,1,0.0
H052,P0001,176.76,1,0.0
H052,P0002,108.69,1,0.0
H052,P0003,166.06,1,0.0
H052,P0004,34.77,1,0.0
H052,P0006,121.39,1,0.0
H052,P0007,145.2,1,0.0
H052,P0008,266.5,1,0.0
H052,P0009,84.25,1,0.0
H052,P0010,1446.53,1,0.0
H052,P0011,430.68,1,0.0
H052,P0012,424.22,1,0.0
H052,P0013,160.44,1,0.0
H052,P0014,73.83,1,0.0
H052,P0016,72.66,1,0.0
H052,P0018,172.97,1,0.0
H052,P0019,425.6,1,0.0
H052,P0020,208.21,1,0.0
H052,P0021,160.14,1,0.0
H052,P0023,126.13,1,0.0
H052,P0025,88.44,1,0.0
H052,P0027,144.07,1,0.0
H052,P0028,83.54,1,0.0
H052,P0029,24.05,1,0.0
H052,P0030,54.73,1,0.0
H052,P0031,185.5,1,0.0
H052,P0032,237.18,1,0.0
H052,P0033,625.97,1,0.0
H052,P0034,74.81,1,0.0
H052,P0036,449.44,1,0.0
H052,P0037,17.9,1,0.0
H052,P0040,50.33,1,0.0
H052,P0041,324.42,1,0.0
H052,P0042,203.23,1,0.0
H052,P0043,418.05,1,0.0
H052,P0045,183.89,1,0.0
H052,P0046,125.04,1,0.0
H052,P0047,69.69,1,0.0
H052,P0048,238.05,1,0.0
H052,P0049,24.84,1,0.0
H052,P0050,118.64,1,0.0
H052,P0051,282.75,1,0.0
H052,P0052,49.66,1,0.0
H052,P0053,298.7,1,0.0
H052,P0054,338.47,1,0.0
H052,P0056,122.12,1,0.0
H052,P0057,230.63,1,0.0
H052,P0058,249.7,1,0.0
H052,P0059,111.85,1,0.0
H052,P0060,895.67,1,0.0
H052,P0061,551.94,1,0.0
H052,P0062,346.54,1,0.0
H052,P0063,493.96,1,0.0
H052,P0064,455.68,1,0.0
H052,P0065,40.42,1,0.0
H052,P0067,38.17,1,0.0
H052,P0069,51.69,1,0.0
H052,P0070,248.21,1,0.0
H052,P0071,208.78,1,0.0
H052,P0073,10.56,1,0.0
H052,P0075,176.16,1,0.0
H052,P0078,122.32,1,0.0
H052,P0081,86.42,1,0.0
H052,P0082,199.76,1,0.0
H052,P0083,101.1,1,0.0
H052,P0084,62.38,1,0.0
H052,P0085,50.01,1,0.0
H052,P0086,290.19,1,0.0
H052,P0087,153.68,1,0.0
H052,P0089,82.9,1,0.0
H052,P0090,63.37,1,0.0
H052,P0091,978.89,1,0.0
H052,P0092,197.85,1,0.0
H052,P0093,165.25,1,0.0
H052,P0094,554.13,1,0.0
H052,P0096,52.21,1,0.0
H052,P0097,88.93,1,0.0
H052,P0098,163.61,1,0.0
H052,P0099,116.52,1,0.0
H052,P0100,102.53,1,0.0
H052,P0101,160.46,1,0.0
H052,P0102,93.53,1,0.0
H052,P0103,51.65,1,0.0
H052,P0104,272.0,1,0.0
H052,P0105,108.64,1,0.0
H052,P0106,105.85,1,0.0
H052,P0107,219.55,1,0.0
H052,P0108,200.89,1,0.0
H052,P0110,70.56,1,0.0
H052,P0113,179.88,1,0.0
H052,P0114,87.55,1,0.0
H052,P0115,58.07,1,0.0
H052,P0117,426.37,1,0.0
H052,P0118,92.96,1,0.0
H052,P0119,167.35,1,0.0
H052,P0121,57.25,1,0.0
H052,P0122,199.54,1,0.0
H052,P0124,439.66,1,0.0
H052,P0125,230.7,1,0.0
H052,P0126,43.35,1,0.0
H052,P0127,119.49,1,0.0
H052,P0128,121.12,1,0.0
H052,P0129,124.87,1,0.0
H052,P0130,43.48,1,0.0
H052,P0131,29.33,1,0.0
H052,P0133,182.63,1,0.0
H052,P0134,45.36,1,0.0
H052,P0135,716.52,1,0.0
H052,P0137,85.95,1,0.0
H052,P0140,53.6,1,0.0
H052,P0141,50.65,1,0.0
H052,P0142,386.97,1,0.0
H052,P0143,68.49,1,0.0
H052,P0144,260.73,1,0.0
H052,P0145,168.49,1,0.0
H052,P0146,79.12,1,0.0
H052,P0147,151.11,1,0.0
H052,P0148,46.16,1,0.0
H052,P0149,286.51,1,0.0
H052,P0150,55.17,1,0.0
H053,P0001,176.76,0,50.0
H053,P0002,108.69,0,50.0
H053,P0003,166.06,0,50.0
H053,P0004,34.77,0,50.0
H053,P0005,362.15,0,50.0
H053,P0007,145.2,0,50.0
H053,P0008,266.5,0,50.0
H053,P0010,1446.53,0,50.0
H053,P0013,160.44,0,50.0
H053,P0014,73.83,0,50.0
H053,P0016,72.66,0,50.0
H053,P0017,172.71,0,50.0
H053,P0018,172.97,0,50.0
H053,P0019,425.6,0,50.0
H053,P0020,208.21,0,50.0
H053,P0021,160.14,0,50.0
H053,P0023,126.13,0,50.0
H053,P0024,86.75,0,50.0
H053,P0025,88.44,0,50.0
H053,P0027,144.07,0,50.0
H053,P0028,83.54,0,50.0
H053,P0029,24.05,0,50.0
H053,P0031,185.5,0,50.0
H053,P0032,237.18,0,50.0
H053,P0033,625.97,0,50.0
H053,P0034,74.81,0,50.0
H053,P0036,449.44,0,50.0
H053,P0037,17.9,0,50.0
H053,P0039,50.38,0,50.0
H053,P0040,50.33,0,50.0
H053,P0044,251.54,0,50.0
H053,P0045,183.89,0,50.0
H053,P0046,125.04,0,50.0
H053,P0047,69.69,0,50.0
H053,P0048,238.05,0,50.0
H053,P0049,24.84,0,50.0
H053,P0050,118.64,0,50.0
H053,P0051,282.75,0,50.0
H053,P0052,49.66,0,50.0
H053,P0053,298.7,0,50.0
H053,P0054,338.47,0,50.0
H053,P0055,150.09,0,50.0
H053,P0057,230.63,0,50.0
H053,P0058,249.7,0,50.0
H053,P0059,111.85,0,50.0
H053,P0060,895.67,0,50.0
H053,P0061,551.94,0,50.0
H053,P0062,346.54,0,50.0
H053,P0063,493.96,0,50.0
H053,P0064,455.68,0,50.0
H053,P0065,40.42,0,50.0
H053,P0066,1384.54,0,50.0
H053,P0067,38.17,0,50.0
H053,P0068,169.5,0,50.0
H053,P0069,51.69,0,50.0
H053,P0070,248.21,0,50.0
H053,P0071,208.78,0,50.0
H053,P0073,10.56,0,50.0
H053,P0074,289.71,0,50.0
H053,P0076,22.06,0,50.0
H053,P0077,547.47,0,50.0
H053,P0078,122.32,0,50.0
H053,P0079,70.79,0,50.0
H053,P0080,207.1,0,50.0
H053,P0081,86.42,0,50.0
H053,P0083,101.1,0,50.0
H053,P0084,62.38,0,50.0
H053,P0085,50.01,0,50.0
H053,P0087,153.68,0,50.0
H053,P0088,70.94,0,50.0
H053,P0089,82.9,0,50.0
H053,P0091,978.89,0,50.0
H053,P0092,197.85,0,50.0
H053,P0093,165.25,0,50.0
H053,P0094,554.13,0,50.0
H053,P0098,163.61,0,50.0
H053,P0099,116.52,0,50.0
H053,P0102,93.53,0,50.0
H053,P0103,51.65,0,50.0
H053,P0104,272.0,0,50.0
H053,P0105,108.64,0,50.0
H053,P0106,105.85,0,50.0
H053,P0107,219.55,0,50.0
H053,P0108,200.89,0,50.0
H053,P0110,70.56,0,50.0
H053,P0111,38.73,0,50.0
H053,P0115,58.07,0,50.0
H053,P0120,125.87,0,50.0
H053,P0121,57.25,0,50.0
H053,P0124,439.66,0,50.0
H053,P0125,230.7,0,50.0
H053,P0126,43.35,0,50.0
H053,P0127,119.49,0,50.0
H053,P0131,29.33,0,50.0
H053,P0132,118.62,0,50.0
H053,P0133,182.63,0,50.0
H053,P0134,45.36,0,50.0
H053,P0136,241.63,0,50.0
H053,P0137,85.95,0,50.0
H053,P0140,53.6,0,50.0
H053,P0141,50.65,0,50.0
H053,P0142,386.97,0,50.0
H053,P0143,68.49,0,50.0
H053,P0144,260.73,0,50.0
H053,P0145,168.49,0,50.0
H053,P0146,79.12,0,50.0
H053,P0147,151.11,0,50.0
H053,P0148,46.16,0,50.0
H053,P0149,286.51,0,50.0
H053,P0150,55.17,0,50.0
H054,P0001,176.76,1,0.0
H054,P0002,108.69,1,0.0
H054,P0003,166.06,1,0.0
H054,P0004,34.77,1,0.0
H054,P0005,362.15,1,0.0
H054,P0006,121.39,1,0.0
H054,P0007,145.2,1,0.0
H054,P0008,266.5,1,0.0
H054,P0009,84.25,1,0.0
H054,P0010,1446.53,1,0.0
H054,P0011,430.68,1,0.0
H054,P0012,424.22,1,0.0
H054,P0013,160.44,1,0.0
H054,P0015,219.64,1,0.0
H054,P0016,72.66,1,0.0
H054,P0018,172.97,1,0.0
H054,P0019,425.6,1,0.0
H054,P0020,208.21,1,0.0
H054,P0021,160.14,1,0.0
H054,P0022,487.96,1,0.0
H054,P0023,126.13,1,0.0
H054,P0026,519.91,1,0.0
H054,P0027,144.07,1,0.0
H054,P0028,83.54,1,0.0
H054,P0029,24.05,1,0.0
H054,P0030,54.73,1,0.0
H054,P0031,185.5,1,0.0
H054,P0032,237.18,1,0.0
H054,P0033,625.97,1,0.0
H054,P0034,74.81,1,0.0
H054,P0035,219.22,1,0.0
H054,P0036,449.44,1,0.0
H054,P0037,17.9,1,0.0
H054,P0041,324.42,1,0.0
H054,P0042,203.23,1,0.0
H054,P0044,251.54,1,0.0
H054,P0045,183.89,1,0.0
H054,P0046,125.04,1,0.0
H054,P0047,69.69,1,0.0
H054,P0048,238.05,1,0.0
H054,P0049,24.84,1,0.0
H054,P0050,118.64,1,0.0
H054,P0051,282.75,1,0.0
H054,P0052,49.66,1,0.0
H054,P0055,150.09,1,0.0
H054,P0056,122.12,1,0.0
H054,P0057,230.63,1,0.0
H054,P0058,249.7,1,0.0
H054,P0059,111.85,1,0.0
H054,P0060,895.67,1,0.0
H054,P0061,551.94,1,0.0
H054,P0063,493.96,1,0.0
H054,P0064,455.68,1,0.0
H054,P0065,40.42,1,0.0
H054,P0066,1384.54,1,0.0
H054,P0067,38.17,1,0.0
H054,P0068,169.5,1,0.0
H054,P0069,51.69,1,0.0
H054,P0070,248.21,1,0.0
H054,P0071,208.78,1,0.0
H054,P0073,10.56,1,0.0
H054,P0074,289.71,1,0.0
H054,P0075,176.16,1,0.0
H054,P0076,22.06,1,0.0
H054,P0077,547.47,1,0.0
H054,P0078,122.32,1,0.0
H054,P0079,70.79,1,0.0
H054,P0080,207.1,1,0.0
H054,P0081,86.42,1,0.0
H054,P0082,199.76,1,0.0
H054,P0083,101.1,1,0.0
H054,P0084,62.38,1,0.0
H054,P0085,50.01,1,0.0
H054,P0086,290.19,1,0.0
H054,P0087,153.68,1,0.0
H054,P0089,82.9,1,0.0
H054,P0090,63.37,1,0.0
H054,P0091,978.89,1,0.0
H054,P0093,165.25,1,0.0
H054,P0094,554.13,1,0.0
H054,P0095,78.23,1,0.0
H054,P0096,52.21,1,0.0
H054,P0098,163.61,1,0.0
H054,P0099,116.52,1,0.0
H054,P0100,102.53,1,0.0
H054,P0101,160.46,1,0.0
H054,P0102,93.53,1,0.0
H054,P0104,272.0,1,0.0
H054,P0105,108.64,1,0.0
H054,P0106,105.85,1,0.0
H054,P0107,219.55,1,0.0
H054,P0108,200.89,1,0.0
H054,P0109,49.86,1,0.0
H054,P0110,70.56,1,0.0
H054,P0111,38.73,1,0.0
H054,P0113,179.88,1,0.0
H054,P0115,58.07,1,0.0
H054,P0116,40.87,1,0.0
H054,P0117,426.37,1,0.0
H054,P0118,92.96,1,0.0
H054,P0119,167.35,1,0.0
H054,P0120,125.87,1,0.0
H054,P0121,57.25,1,0.0
H054,P0122,199.54,1,0.0
H054,P0123,151.15,1,0.0
H054,P0124,439.66,1,0.0
H054,P0125,230.7,1,0.0
H054,P0126,43.35,1,0.0
H054,P0127,119.49,1,0.0
H054,P0128,121.12,1,0.0
H054,P0129,124.87,1,0.0
H054,P0130,43.48,1,0.0
H054,P0131,29.33,1,0.0
H054,P0132,118.62,1,0.0
H054,P0133,182.63,1,0.0
H054,P0135,716.52,1,0.0
H054,P0136,241.63,1,0.0
H054,P0139,33.81,1,0.0
H054,P0140,53.6,1,0.0
H054,P0141,50.65,1,0.0
H054,P0142,386.97,1,0.0
H054,P0145,168.49,1,0.0
H054,P0146,79.12,1,0.0
H054,P0147,151.11,1,0.0
H054,P0148,46.16,1,0.0
H054,P0149,286.51,1,0.0
H054,P0150,55.17,1,0.0
H055,P0001,176.76,1,0.0
H055,P0002,108.69,1,0.0
H055,P0003,166.06,1,0.0
H055,P0004,34.77,1,0.0
H055,P0005,362.15,1,0.0
H055,P0006,121.39,1,0.0
H055,P0007,145.2,1,0.0
H055,P0009,84.25,1,0.0
H055,P0010,1446.53,1,0.0
H055,P0011,430.68,1,0.0
H055,P0012,424.22,1,0.0
H055,P0013,160.44,1,0.0
H055,P0014,73.83,1,0.0
H055,P0016,72.66,1,0.0
H055,P0017,172.71,1,0.0
H055,P0018,172.97,1,0.0
H055,P0019,425.6,1,0.0
H055,P0020,208.21,1,0.0
H055,P0021,160.14,1,0.0
H055,P0022,487.96,1,0.0
H055,P0023,126.13,1,0.0
H055,P0024,86.75,1,0.0
H055,P0026,519.91,1,0.0
H055,P0027,144.07,1,0.0
H055,P0028,83.54,1,0.0
H055,P0029,24.05,1,0.0
H055,P0030,54.73,1,0.0
H055,P0031,185.5,1,0.0
H055,P0032,237.18,1,0.0
H055,P0034,74.81,1,0.0
H055,P0035,219.22,1,0.0
H055,P0036,449.44,1,0.0
H055,P0037,17.9,1,0.0
H055,P0038,1120.7,1,0.0
H055,P0039,50.38,1,0.0
H055,P0041,324.42,1,0.0
H055,P0043,418.05,1,0.0
H055,P0044,251.54,1,0.0
H055,P0045,183.89,1,0.0
H055,P0046,125.04,1,0.0
H055,P0047,69.69,1,0.0
H055,P0048,238.05,1,0.0
H055,P0049,24.84,1,0.0
H055,P0050,118.64,1,0.0
H055,P0051,282.75,1,0.0
H055,P0052,49.66,1,0.0
H055,P0053,298.7,1,0.0
H055,P0054,338.47,1,0.0
H055,P0055,150.09,1,0.0
H055,P0057,230.63,1,0.0
H055,P0058,249.7,1,0.0
H055,P0059,111.85,1,0.0
H055,P0060,895.67,1,0.0
H055,P0061,551.94,1,0.0
H055,P0062,346.54,1,0.0
H055,P0063,493.96,1,0.0
H055,P0064,455.68,1,0.0
H055,P0065,40.42,1,0.0
H055,P0066,1384.54,1,0.0
H055,P0067,38.17,1,0.0
H055,P0068,169.5,1,0.0
H055,P0069,51.69,1,0.0
H055,P0070,248.21,1,0.0
H055,P0071,208.78,1,0.0
H055,P0072,174.63,1,0.0
H055,P0073,10.56,1,0.0
H055,P0074,289.71,1,0.0
H055,P0075,176.16,1,0.0
H055,P0077,547.47,1,0.0
H055,P0079,70.79,1,0.0
H055,P0081,86.42,1,0.0
H055,P0082,199.76,1,0.0
H055,P0083,101.1,1,0.0
H055,P0084,62.38,1,0.0
H055,P0085,50.01,1,0.0
H055,P0086,290.19,1,0.0
H055,P0087,153.68,1,0.0
H055,P0088,70.94,1,0.0
H055,P0089,82.9,1,0.0
H055,P0090,63.37,1,0.0
H055,P0091,978.89,1,0.0
H055,P0092,197.85,1,0.0
H055,P0093,165.25,1,0.0
H055,P0094,554.13,1,0.0
H055,P0096,52.21,1,0.0
H055,P0097,88.93,1,0.0
H055,P0098,163.61,1,0.0
H055,P0099,116.52,1,0.0
H055,P0100,102.53,1,0.0
H055,P0105,108.64,1,0.0
H055,P0106,105.85,1,0.0
H055,P0107,219.55,1,0.0
H055,P0108,200.89,1,0.0
H055,P0110,70.56,1,0.0
H055,P0111,38.73,1,0.0
H055,P0113,179.88,1,0.0
H055,P0114,87.55,1,0.0
H055,P0115,58.07,1,0.0
H055,P0118,92.96,1,0.0
H055,P0119,167.35,1,0.0
H055,P0120,125.87,1,0.0
H055,P0121,57.25,1,0.0
H055,P0122,199.54,1,0.0
H055,P0123,151.15,1,0.0
H055,P0124,439.66,1,0.0
H055,P0125,230.7,1,0.0
H055,P0126,43.35,1,0.0
H055,P0128,121.12,1,0.0
H055,P0130,43.48,1,0.0
H055,P0131,29.33,1,0.0
H055,P0133,182.63,1,0.0
H055,P0134,45.36,1,0.0
H055,P0135,716.52,1,0.0
H055,P0136,241.63,1,0.0
H055,P0137,85.95,1,0.0
H055,P0138,851.47,1,0.0
H055,P0139,33.81,1,0.0
H055,P0140,53.6,1,0.0
H055,P0141,50.65,1,0.0
H055,P0142,386.97,1,0.0
H055,P0143,68.49,1,0.0
H055,P0144,260.73,1,0.0
H055,P0145,168.49,1,0.0
H055,P0146,79.12,1,0.0
H055,P0147,151.11,1,0.0
H055,P0148,46.16,1,0.0
H055,P0150,55.17,1,0.0
H056,P0001,176.76,1,0.0
H056,P0002,108.69,1,0.0
H056,P0003,166.06,1,0.0
H056,P0004,34.77,1,0.0
H056,P0007,145.2,1,0.0
H056,P0008,266.5,1,0.0
H056,P0010,1446.53,1,0.0
H056,P0011,430.68,1,0.0
H056,P0012,424.22,1,0.0
H056,P0013,160.44,1,0.0
H056,P0014,73.83,1,0.0
H056,P0015,219.64,1,0.0
H056,P0016,72.66,1,0.0
H056,P0018,172.97,1,0.0
H056,P0019,425.6,1,0.0
H056,P0020,208.21,1,0.0
H056,P0021,160.14,1,0.0
H056,P0023,126.13,1,0.0
H056,P0024,86.75,1,0.0
H056,P0026,519.91,1,0.0
H056,P0027,144.07,1,0.0
H056,P0028,83.54,1,0.0
H056,P0029,24.05,1,0.0
H056,P0031,185.5,1,0.0
H056,P0032,237.18,1,0.0
H056,P0034,74.81,1,0.0
H056,P0035,219.22,1,0.0
H056,P0036,449.44,1,0.0
H056,P0038,1120.7,1,0.0
H056,P0039,50.38,1,0.0
H056,P0040,50.33,1,0.0
H056,P0041,324.42,1,0.0
H056,P0043,418.05,1,0.0
H056,P0044,251.54,1,0.0
H056,P0045,183.89,1,0.0
H056,P0046,125.04,1,0.0
H056,P0047,69.69,1,0.0
H056,P0049,24.84,1,0.0
H056,P0050,118.64,1,0.0
H056,P0051,282.75,1,0.0
H056,P0052,49.66,1,0.0
H056,P0053,298.7,1,0.0
H056,P0054,338.47,1,0.0
H056,P0055,150.09,1,0.0
H056,P0056,122.12,1,0.0
H056,P0058,249.7,1,0.0
H056,P0059,111.85,1,0.0
H056,P0060,895.67,1,0.0
H056,P0061,551.94,1,0.0
H056,P0062,346.54,1,0.0
H056,P0063,493.96,1,0.0
H056,P0064,455.68,1,0.0
H056,P0065,40.42,1,0.0
H056,P0067,38.17,1,0.0
H056,P0068,169.5,1,0.0
H056,P0069,51.69,1,0.0
H056,P0071,208.78,1,0.0
H056,P0072,174.63,1,0.0
H056,P0073,10.56,1,0.0
H056,P0076,22.06,1,0.0
H056,P0079,70.79,1,0.0
H056,P0081,86.42,1,0.0
H056,P0083,101.1,1,0.0
H056,P0084,62.38,1,0.0
H056,P0085,50.01,1,0.0
H056,P0087,153.68,1,0.0
H056,P0088,70.94,1,0.0
H056,P0091,978.89,1,0.0
H056,P0093,165.25,1,0.0
H056,P0094,554.13,1,0.0
H056,P0095,78.23,1,0.0
H056,P0096,52.21,1,0.0
H056,P0097,88.93,1,0.0
H056,P0098,163.61,1,0.0
H056,P0099,116.52,1,0.0
H056,P0100,102.53,1,0.0
H056,P0103,51.65,1,0.0
H056,P0105,108.64,1,0.0
H056,P0106,105.85,1,0.0
H056,P0108,200.89,1,0.0
H056,P0109,49.86,1,0.0
H056,P0110,70.56,1,0.0
H056,P0111,38.73,1,0.0
H056,P0113,179.88,1,0.0
H056,P0114,87.55,1,0.0
H056,P0115,58.07,1,0.0
H056,P0117,426.37,1,0.0
H056,P0118,92.96,1,0.0
H056,P0119,167.35,1,0.0
H056,P0120,125.87,1,0.0
H056,P0121,57.25,1,0.0
H056,P0122,199.54,1,0.0
H056,P0123,151.15,1,0.0
H056,P0124,439.66,1,0.0
H056,P0125,230.7,1,0.0
H056,P0126,43.35,1,0.0
H056,P0127,119.49,1,0.0
H056,P0128,121.12,1,0.0
H056,P0129,124.87,1,0.0
H056,P0130,43.48,1,0.0
H056,P0131,29.33,1,0.0
H056,P0133,182.63,1,0.0
H056,P0136,241.63,1,0.0
H056,P0137,85.95,1,0.0
H056,P0138,851.47,1,0.0
H056,P0141,50.65,1,0.0
H056,P0142,386.97,1,0.0
H056,P0143,68.49,1,0.0
H056,P0144,260.73,1,0.0
H056,P0145,168.49,1,0.0
H056,P0146,79.12,1,0.0
H056,P0147,151.11,1,0.0
H056,P0148,46.16,1,0.0
H056,P0150,55.17,1,0.0
H057,P0001,176.76,1,0.0
H057,P0002,108.69,1,0.0
H057,P0003,166.06,1,0.0
H057,P0004,34.77,1,0.0
H057,P0006,121.39,1,0.0
H057,P0007,145.2,1,0.0
H057,P0008,266.5,1,0.0
H057,P0009,84.25,1,0.0
H057,P0010,1446.53,1,0.0
H057,P0011,430.68,1,0.0
H057,P0012,424.22,1,0.0
H057,P0013,160.44,1,0.0
H057,P0014,73.83,1,0.0
H057,P0015,219.64,1,0.0
H057,P0016,72.66,1,0.0
H057,P0018,172.97,1,0.0
H057,P0019,425.6,1,0.0
H057,P0020,208.21,1,0.0
H057,P0021,160.14,1,0.0
H057,P0023,126.13,1,0.0
H057,P0025,88.44,1,0.0
H057,P0026,519.91,1,0.0
H057,P0027,144.07,1,0.0
H057,P0028,83.54,1,0.0
H057,P0029,24.05,1,0.0
H057,P0030,54.73,1,0.0
H057,P0031,185.5,1,0.0
H057,P0032,237.18,1,0.0
H057,P0034,74.81,1,0.0
H057,P0035,219.22,1,0.0
H057,P0036,449.44,1,0.0
H057,P0037,17.9,1,0.0
H057,P0038,1120.7,1,0.0
H057,P0043,418.05,1,0.0
H057,P0044,251.54,1,0.0
H057,P0045,183.89,1,0.0
H057,P0046,125.04,1,0.0
H057,P0047,69.69,1,0.0
H057,P0049,24.84,1,0.0
H057,P0050,118.64,1,0.0
H057,P0051,282.75,1,0.0
H057,P0052,49.66,1,0.0
H057,P0054,338.47,1,0.0
H057,P0057,230.63,1,0.0
H057,P0059,111.85,1,0.0
H057,P0060,895.67,1,0.0
H057,P0061,551.94,1,0.0
H057,P0062,346.54,1,0.0
H057,P0063,493.96,1,0.0
H057,P0064,455.68,1,0.0
H057,P0065,40.42,1,0.0
H057,P0066,1384.54,1,0.0
H057,P0067,38.17,1,0.0
H057,P0068,169.5,1,0.0
H057,P0069,51.69,1,0.0
H057,P0070,248.21,1,0.0
H057,P0071,208.78,1,0.0
H057,P0073,10.56,1,0.0
H057,P0076,22.06,1,0.0
H057,P0077,547.47,1,0.0
H057,P0078,122.32,1,0.0
H057,P0079,70.79,1,0.0
H057,P0081,86.42,1,0.0
H057,P0082,199.76,1,0.0
H057,P0083,101.1,1,0.0
H057,P0084,62.38,1,0.0
H057,P0085,50.01,1,0.0
H057,P0087,153.68,1,0.0
H057,P0089,82.9,1,0.0
H057,P0090,63.37,1,0.0
H057,P0091,978.89,1,0.0
H057,P0092,197.85,1,0.0
H057,P0093,165.25,1,0.0
H057,P0095,78.23,1,0.0
H057,P0097,88.93,1,0.0
H057,P0098,163.61,1,0.0
H057,P0100,102.53,1,0.0
H057,P0101,160.46,1,0.0
H057,P0102,93.53,1,0.0
H057,P0103,51.65,1,0.0
H057,P0104,272.0,1,0.0
H057,P0105,108.64,1,0.0
H057,P0106,105.85,1,0.0
H057,P0107,219.55,1,0.0
H057,P0108,200.89,1,0.0
H057,P0110,70.56,1,0.0
H057,P0111,38.73,1,0.0
H057,P0114,87.55,1,0.0
H057,P0115,58.07,1,0.0
H057,P0116,40.87,1,0.0
H057,P0117,426.37,1,0.0
H057,P0118,92.96,1,0.0
H057,P0119,167.35,1,0.0
H057,P0120,125.87,1,0.0
H057,P0121,57.25,1,0.0
H057,P0122,199.54,1,0.0
H057,P0124,439.66,1,0.0
H057,P0125,230.7,1,0.0
H057,P0126,43.35,1,0.0
H057,P0127,119.49,1,0.0
H057,P0129,124.87,1,0.0
H057,P0130,43.48,1,0.0
H057,P0131,29.33,1,0.0
H057,P0132,118.62,1,0.0
H057,P0133,182.63,1,0.0
H057,P0134,45.36,1,0.0
H057,P0135,716.52,1,0.0
H057,P0136,241.63,1,0.0
H057,P0137,85.95,1,0.0
H057,P0138,851.47,1,0.0
H057,P0141,50.65,1,0.0
H057,P0142,386.97,1,0.0
H057,P0143,68.49,1,0.0
H057,P0144,260.73,1,0.0
H057,P0145,168.49,1,0.0
H057,P0146,79.12,1,0.0
H057,P0147,151.11,1,0.0
H057,P0148,46.16,1,0.0
H057,P0149,286.51,1,0.0
H057,P0150,55.17,1,0.0
H058,P0002,108.69,0,50.0
H058,P0003,166.06,0,50.0
H058,P0004,34.77,0,50.0
H058,P0006,121.39,0,50.0
H058,P0007,145.2,0,50.0
H058,P0008,266.5,0,50.0
H058,P0010,1446.53,0,50.0
H058,P0011,430.68,0,50.0
H058,P0012,424.22,0,50.0
H058,P0013,160.44,0,50.0
H058,P0014,73.83,0,50.0
H058,P0016,72.66,0,50.0
H058,P0017,172.71,0,50.0
H058,P0018,172.97,0,50.0
H058,P0019,425.6,0,50.0
H058,P0023,126.13,0,50.0
H058,P0027,144.07,0,50.0
H058,P0029,24.05,0,50.0
H058,P0032,237.18,0,50.0
H058,P0033,625.97,0,50.0
H058,P0034,74.81,0,50.0
H058,P0035,219.22,0,50.0
H058,P0037,17.9,0,50.0
H058,P0038,1120.7,0,50.0
H058,P0040,50.33,0,50.0
H058,P0041,324.42,0,50.0
H058,P0044,251.54,0,50.0
H058,P0045,183.89,0,50.0
H058,P0046,125.04,0,50.0
H058,P0048,238.05,0,50.0
H058,P0050,118.64,0,50.0
H058,P0052,49.66,0,50.0
H058,P0054,338.47,0,50.0
H058,P0055,150.09,0,50.0
H058,P0057,230.63,0,50.0
H058,P0059,111.85,0,50.0
H058,P0061,551.94,0,50.0
H058,P0062,346.54,0,50.0
H058,P0063,493.96,0,50.0
H058,P0064,455.68,0,50.0
H058,P0065,40.42,0,50.0
H058,P0067,38.17,0,50.0
H058,P0069,51.69,0,50.0
H058,P0070,248.21,0,50.0
H058,P0071,208.78,0,50.0
H058,P0073,10.56,0,50.0
H058,P0078,122.32,0,50.0
H058,P0079,70.79,0,50.0
H058,P0081,86.42,0,50.0
H058,P0086,290.19,0,50.0
H058,P0087,153.68,0,50.0
H058,P0089,82.9,0,50.0
H058,P0090,63.37,0,50.0
H058,P0093,165.25,0,50.0
H058,P0094,554.13,0,50.0
H058,P0096,52.21,0,50.0
H058,P0098,163.61,0,50.0
H058,P0099,116.52,0,50.0
H058,P0100,102.53,0,50.0
H058,P0101,160.46,0,50.0
H058,P0102,93.53,0,50.0
H058,P0103,51.65,0,50.0
H058,P0105,108.64,0,50.0
H058,P0108,200.89,0,50.0
H058,P0109,49.86,0,50.0
H058,P0110,70.56,0,50.0
H058,P0113,179.88,0,50.0
H058,P0115,58.07,0,50.0
H058,P0118,92.96,0,50.0
H058,P0119,167.35,0,50.0
H058,P0120,125.87,0,50.0
H058,P0121,57.25,0,50.0
H058,P0124,439.66,0,50.0
H058,P0125,230.7,0,50.0
H058,P0126,43.35,0,50.0
H058,P0129,124.87,0,50.0
H058,P0131,29.33,0,50.0
H058,P0132,118.62,0,50.0
H058,P0133,182.63,0,50.0
H058,P0134,45.36,0,50.0
H058,P0135,716.52,0,50.0
H058,P0138,851.47,0,50.0
H058,P0139,33.81,0,50.0
H058,P0140,53.6,0,50.0
H058,P0141,50.65,0,50.0
H058,P0142,386.97,0,50.0
H058,P0143,68.49,0,50.0
H058,P0144,260.73,0,50.0
H058,P0145,168.49,0,50.0
H058,P0146,79.12,0,50.0
H058,P0147,151.11,0,50.0
H058,P0148,46.16,0,50.0
H058,P0149,286.51,0,50.0
H058,P0150,55.17,0,50.0
H059,P0001,176.76,1,0.0
H059,P0002,108.69,1,0.0
H059,P0003,166.06,1,0.0
H059,P0004,34.77,1,0.0
H059,P0005,362.15,1,0.0
H059,P0006,121.39,1,0.0
H059,P0007,145.2,1,0.0
H059,P0008,266.5,1,0.0
H059,P0009,84.25,1,0.0
H059,P0010,1446.53,1,0.0
H059,P0011,430.68,1,0.0
H059,P0012,424.22,1,0.0
H059,P0013,160.44,1,0.0
H059,P0014,73.83,1,0.0
H059,P0015,219.64,1,0.0
H059,P0016,72.66,1,0.0
H059,P0017,172.71,1,0.0
H059,P0018,172.97,1,0.0
H059,P0019,425.6,1,0.0
H059,P0020,208.21,1,0.0
H059,P0021,160.14,1,0.0
H059,P0022,487.96,1,0.0
H059,P0023,126.13,1,0.0
H059,P0024,86.75,1,0.0
H059,P0025,88.44,1,0.0
H059,P0026,519.91,1,0.0
H059,P0027,144.07,1,0.0
H059,P0028,83.54,1,0.0
H059,P0029,24.05,1,0.0
H059,P0030,54.73,1,0.0
H059,P0031,185.5,1,0.0
H059,P0032,237.18,1,0.0
H059,P0033,625.97,1,0.0
H059,P0034,74.81,1,0.0
H059,P0035,219.22,1,0.0
H059,P0036,449.44,1,0.0
H059,P0038,1120.7,1,0.0
H059,P0039,50.38,1,0.0
H059,P0041,324.42,1,0.0
H059,P0043,418.05,1,0.0
H059,P0044,251.54,1,0.0
H059,P0045,183.89,1,0.0
H059,P0046,125.04,1,0.0
H059,P0047,69.69,1,0.0
H059,P0049,24.84,1,0.0
H059,P0050,118.64,1,0.0
H059,P0051,282.75,1,0.0
H059,P0052,49.66,1,0.0
H059,P0053,298.7,1,0.0
H059,P0054,338.47,1,0.0
H059,P0056,122.12,1,0.0
H059,P0057,230.63,1,0.0
H059,P0058,249.7,1,0.0
H059,P0059,111.85,1,0.0
H059,P0060,895.67,1,0.0
H059,P0061,551.94,1,0.0
H059,P0062,346.54,1,0.0
H059,P0063,493.96,1,0.0
H059,P0064,455.68,1,0.0
H059,P0065,40.42,1,0.0
H059,P0066,1384.54,1,0.0
H059,P0067,38.17,1,0.0
H059,P0068,169.5,1,0.0
H059,P0069,51.69,1,0.0
H059,P0070,248.21,1,0.0
H059,P0071,208.78,1,0.0
H059,P0072,174.63,1,0.0
H059,P0073,10.56,1,0.0
H059,P0074,289.71,1,0.0
H059,P0075,176.16,1,0.0
H059,P0076,22.06,1,0.0
H059,P0077,547.47,1,0.0
H059,P0078,122.32,1,0.0
H059,P0079,70.79,1,0.0
H059,P0081,86.42,1,0.0
H059,P0083,101.1,1,0.0
H059,P0084,62.38,1,0.0
H059,P0085,50.01,1,0.0
H059,P0087,153.68,1,0.0
H059,P0088,70.94,1,0.0
H059,P0089,82.9,1,0.0
H059,P0090,63.37,1,0.0
H059,P0091,978.89,1,0.0
H059,P0092,197.85,1,0.0
H059,P0093,165.25,1,0.0
H059,P0094,554.13,1,0.0
H059,P0095,78.23,1,0.0
H059,P0096,52.21,1,0.0
H059,P0097,88.93,1,0.0
H059,P0098,163.61,1,0.0
H059,P0099,116.52,1,0.0
H059,P0100,102.53,1,0.0
H059,P0101,160.46,1,0.0
H059,P0102,93.53,1,0.0
H059,P0103,51.65,1,0.0
H059,P0104,272.0,1,0.0
H059,P0105,108.64,1,0.0
H059,P0106,105.85,1,0.0
H059,P0107,219.55,1,0.0
H059,P0108,200.89,1,0.0
H059,P0109,49.86,1,0.0
H059,P0111,38.73,1,0.0
H059,P0113,179.88,1,0.0
H059,P0114,87.55,1,0.0
H059,P0115,58.07,1,0.0
H059,P0116,40.87,1,0.0
H059,P0117,426.37,1,0.0
H059,P0118,92.96,1,0.0
H059,P0119,167.35,1,0.0
H059,P0120,125.87,1,0.0
H059,P0121,57.25,1,0.0
H059,P0124,439.66,1,0.0
H059,P0126,43.35,1,0.0
H059,P0127,119.49,1,0.0
H059,P0128,121.12,1,0.0
H059,P0129,124.87,1,0.0
H059,P0130,43.48,1,0.0
H059,P0131,29.33,1,0.0
H059,P0132,118.62,1,0.0
H059,P0133,182.63,1,0.0
H059,P0134,45.36,1,0.0
H059,P0135,716.52,1,0.0
H059,P0136,241.63,1,0.0
H059,P0137,85.95,1,0.0
H059,P0138,851.47,1,0.0
H059,P0139,33.81,1,0.0
H059,P0140,53.6,1,0.0
H059,P0141,50.65,1,0.0
H059,P0142,386.97,1,0.0
H059,P0143,68.49,1,0.0
H059,P0144,260.73,1,0.0
H059,P0145,168.49,1,0.0
H059,P0146,79.12,1,0.0
H059,P0147,151.11,1,0.0
H059,P0148,46.16,1,0.0
H059,P0149,286.51,1,0.0
H059,P0150,55.17,1,0.0
H060,P0001,176.76,1,0.0
H060,P0002,108.69,1,0.0
H060,P0003,166.06,1,0.0
H060,P0005,362.15,1,0.0
H060,P0007,145.2,1,0.0
H060,P0010,1446.53,1,0.0
H060,P0011,430.68,1,0.0
H060,P0014,73.83,1,0.0
H060,P0016,72.66,1,0.0
H060,P0017,172.71,1,0.0
H060,P0018,172.97,1,0.0
H060,P0020,208.21,1,0.0
H060,P0021,160.14,1,0.0
H060,P0023,126.13,1,0.0
H060,P0026,519.91,1,0.0
H060,P0027,144.07,1,0.0
H060,P0028,83.54,1,0.0
H060,P0029,24.05,1,0.0
H060,P0030,54.73,1,0.0
H060,P0031,185.5,1,0.0
H060,P0032,237.18,1,0.0
H060,P0033,625.97,1,0.0
H060,P0035,219.22,1,0.0
H060,P0037,17.9,1,0.0
H060,P0038,1120.7,1,0.0
H060,P0039,50.38,1,0.0
H060,P0040,50.33,1,0.0
H060,P0042,203.23,1,0.0
H060,P0043,418.05,1,0.0
H060,P0044,251.54,1,0.0
H060,P0045,183.89,1,0.0
H060,P0046,125.04,1,0.0
H060,P0047,69.69,1,0.0
H060,P0048,238.05,1,0.0
H060,P0049,24.84,1,0.0
H060,P0050,118.64,1,0.0
H060,P0052,49.66,1,0.0
H060,P0054,338.47,1,0.0
H060,P0055,150.09,1,0.0
H060,P0056,122.12,1,0.0
H060,P0057,230.63,1,0.0
H060,P0060,895.67,1,0.0
H060,P0061,551.94,1,0.0
H060,P0062,346.54,1,0.0
H060,P0063,493.96,1,0.0
H060,P0064,455.68,1,0.0
H060,P0065,40.42,1,0.0
H060,P0066,1384.54,1,0.0
H060,P0067,38.17,1,0.0
H060,P0068,169.5,1,0.0
H060,P0069,51.69,1,0.0
H060,P0070,248.21,1,0.0
H060,P0071,208.78,1,0.0
H060,P0073,10.56,1,0.0
H060,P0074,289.71,1,0.0
H060,P0077,547.47,1,0.0
H060,P0078,122.32,1,0.0
H060,P0079,70.79,1,0.0
H060,P0080,207.1,1,0.0
H060,P0081,86.42,1,0.0
H060,P0083,101.1,1,0.0
H060,P0084,62.38,1,0.0
H060,P0085,50.01,1,0.0
H060,P0086,290.19,1,0.0
H060,P0088,70.94,1,0.0
H060,P0089,82.9,1,0.0
H060,P0090,63.37,1,0.0
H060,P0091,978.89,1,0.0
H060,P0092,197.85,1,0.0
H060,P0093,165.25,1,0.0
H060,P0094,554.13,1,0.0
H060,P0095,78.23,1,0.0
H060,P0096,52.21,1,0.0
H060,P0097,88.93,1,0.0
H060,P0098,163.61,1,0.0
H060,P0100,102.53,1,0.0
H060,P0101,160.46,1,0.0
H060,P0102,93.53,1,0.0
H060,P0105,108.64,1,0.0
H060,P0107,219.55,1,0.0
H060,P0108,200.89,1,0.0
H060,P0110,70.56,1,0.0
H060,P0111,38.73,1,0.0
H060,P0113,179.88,1,0.0
H060,P0114,87.55,1,0.0
H060,P0119,167.35,1,0.0
H060,P0120,125.87,1,0.0
H060,P0121,57.25,1,0.0
H060,P0122,199.54,1,0.0
H060,P0124,439.66,1,0.0
H060,P0126,43.35,1,0.0
H060,P0127,119.49,1,0.0
H060,P0129,124.87,1,0.0
H060,P0131,29.33,1,0.0
H060,P0132,118.62,1,0.0
H060,P0133,182.63,1,0.0
H060,P0134,45.36,1,0.0
H060,P0135,716.52,1,0.0
H060,P0136,241.63,1,0.0
H060,P0138,851.47,1,0.0
H060,P0139,33.81,1,0.0
H060,P0140,53.6,1,0.0
H060,P0141,50.65,1,0.0
H060,P0142,386.97,1,0.0
H060,P0143,68.49,1,0.0
H060,P0145,168.49,1,0.0
H060,P0146,79.12,1,0.0
H060,P0147,151.11,1,0.0
H060,P0148,46.16,1,0.0
H060,P0150,55.17,1,0.0
H061,P0002,108.69,1,0.0
H061,P0003,166.06,1,0.0
H061,P0004,34.77,1,0.0
H061,P0005,362.15,1,0.0
H061,P0007,145.2,1,0.0
H061,P0008,266.5,1,0.0
H061,P0009,84.25,1,0.0
H061,P0010,1446.53,1,0.0
H061,P0011,430.68,1,0.0
H061,P0012,424.22,1,0.0
H061,P0013,160.44,1,0.0
H061,P0016,72.66,1,0.0
H061,P0018,172.97,1,0.0
H061,P0019,425.6,1,0.0
H061,P0020,208.21,1,0.0
H061,P0021,160.14,1,0.0
H061,P0023,126.13,1,0.0
H061,P0027,144.07,1,0.0
H061,P0028,83.54,1,0.0
H061,P0029,24.05,1,0.0
H061,P0030,54.73,1,0.0
H061,P0031,185.5,1,0.0
H061,P0032,237.18,1,0.0
H061,P0035,219.22,1,0.0
H061,P0036,449.44,1,0.0
H061,P0037,17.9,1,0.0
H061,P0038,1120.7,1,0.0
H061,P0039,50.38,1,0.0
H061,P0040,50.33,1,0.0
H061,P0043,418.05,1,0.0
H061,P0045,183.89,1,0.0
H061,P0046,125.04,1,0.0
H061,P0047,69.69,1,0.0
H061,P0050,118.64,1,0.0
H061,P0051,282.75,1,0.0
H061,P0052,49.66,1,0.0
H061,P0053,298.7,1,0.0
H061,P0054,338.47,1,0.0
H061,P0055,150.09,1,0.0
H061,P0059,111.85,1,0.0
H061,P0060,895.67,1,0.0
H061,P0061,551.94,1,0.0
H061,P0063,493.96,1,0.0
H061,P0065,40.42,1,0.0
H061,P0066,1384.54,1,0.0
H061,P0067,38.17,1,0.0
H061,P0068,169.5,1,0.0
H061,P0069,51.69,1,0.0
H061,P0071,208.78,1,0.0
H061,P0072,174.63,1,0.0
H061,P0073,10.56,1,0.0
H061,P0075,176.16,1,0.0
H061,P0078,122.32,1,0.0
H061,P0079,70.79,1,0.0
H061,P0081,86.42,1,0.0
H061,P0082,199.76,1,0.0
H061,P0083,101.1,1,0.0
H061,P0084,62.38,1,0.0
H061,P0085,50.01,1,0.0
H061,P0086,290.19,1,0.0
H061,P0087,153.68,1,0.0
H061,P0088,70.94,1,0.0
H061,P0090,63.37,1,0.0
H061,P0091,978.89,1,0.0
H061,P0092,197.85,1,0.0
H061,P0096,52.21,1,0.0
H061,P0097,88.93,1,0.0
H061,P0098,163.61,1,0.0
H061,P0099,116.52,1,0.0
H061,P0100,102.53,1,0.0
H061,P0101,160.46,1,0.0
H061,P0102,93.53,1,0.0
H061,P0103,51.65,1,0.0
H061,P0105,108.64,1,0.0
H061,P0107,219.55,1,0.0
H061,P0108,200.89,1,0.0
H061,P0109,49.86,1,0.0
H061,P0113,179.88,1,0.0
H061,P0114,87.55,1,0.0
H061,P0115,58.07,1,0.0
H061,P0117,426.37,1,0.0
H061,P0119,167.35,1,0.0
H061,P0121,57.25,1,0.0
H061,P0122,199.54,1,0.0
H061,P0124,439.66,1,0.0
H061,P0125,230.7,1,0.0
H061,P0128,121.12,1,0.0
H061,P0129,124.87,1,0.0
H061,P0130,43.48,1,0.0
H061,P0132,118.62,1,0.0
H061,P0133,182.63,1,0.0
H061,P0134,45.36,1,0.0
H061,P0135,716.52,1,0.0
H061,P0139,33.81,1,0.0
H061,P0141,50.65,1,0.0
H061,P0142,386.97,1,0.0
H061,P0145,168.49,1,0.0
H061,P0146,79.12,1,0.0
H061,P0147,151.11,1,0.0
H061,P0149,286.51,1,0.0
H061,P0150,55.17,1,0.0
H062,P0001,176.76,1,0.0
H062,P0002,108.69,1,0.0
H062,P0003,166.06,1,0.0
H062,P0006,121.39,1,0.0
H062,P0008,266.5,1,0.0
H062,P0010,1446.53,1,0.0
H062,P0011,430.68,1,0.0
H062,P0013,160.44,1,0.0
H062,P0014,73.83,1,0.0
H062,P0015,219.64,1,0.0
H062,P0016,72.66,1,0.0
H062,P0018,172.97,1,0.0
H062,P0019,425.6,1,0.0
H062,P0020,208.21,1,0.0
H062,P0022,487.96,1,0.0
H062,P0023,126.13,1,0.0
H062,P0027,144.07,1,0.0
H062,P0028,83.54,1,0.0
H062,P0029,24.05,1,0.0
H062,P0030,54.73,1,0.0
H062,P0031,185.5,1,0.0
H062,P0032,237.18,1,0.0
H062,P0034,74.81,1,0.0
H062,P0035,219.22,1,0.0
H062,P0036,449.44,1,0.0
H062,P0037,17.9,1,0.0
H062,P0038,1120.7,1,0.0
H062,P0039,50.38,1,0.0
H062,P0040,50.33,1,0.0
H062,P0041,324.42,1,0.0
H062,P0043,418.05,1,0.0
H062,P0044,251.54,1,0.0
H062,P0045,183.89,1,0.0
H062,P0047,69.69,1,0.0
H062,P0049,24.84,1,0.0
H062,P0050,118.64,1,0.0
H062,P0051,282.75,1,0.0
H062,P0052,49.66,1,0.0
H062,P0053,298.7,1,0.0
H062,P0054,338.47,1,0.0
H062,P0055,150.09,1,0.0
H062,P0056,122.12,1,0.0
H062,P0057,230.63,1,0.0
H062,P0058,249.7,1,0.0
H062,P0059,111.85,1,0.0
H062,P0061,551.94,1,0.0
H062,P0062,346.54,1,0.0
H062,P0063,493.96,1,0.0
H062,P0064,455.68,1,0.0
H062,P0065,40.42,1,0.0
H062,P0066,1384.54,1,0.0
H062,P0067,38.17,1,0.0
H062,P0068,169.5,1,0.0
H062,P0069,51.69,1,0.0
H062,P0070,248.21,1,0.0
H062,P0071,208.78,1,0.0
H062,P0073,10.56,1,0.0
H062,P0074,289.71,1,0.0
H062,P0075,176.16,1,0.0
H062,P0076,22.06,1,0.0
H062,P0077,547.47,1,0.0
H062,P0078,122.32,1,0.0
H062,P0079,70.79,1,0.0
H062,P0080,207.1,1,0.0
H062,P0081,86.42,1,0.0
H062,P0082,199.76,1,0.0
H062,P0083,101.1,1,0.0
H062,P0084,62.38,1,0.0
H062,P0085,50.01,1,0.0
H062,P0087,153.68,1,0.0
H062,P0088,70.94,1,0.0
H062,P0089,82.9,1,0.0
H062,P0090,63.37,1,0.0
H062,P0091,978.89,1,0.0
H062,P0092,197.85,1,0.0
H062,P0093,165.25,1,0.0
H062,P0094,554.13,1,0.0
H062,P0097,88.93,1,0.0
H062,P0098,163.61,1,0.0
H062,P0099,116.52,1,0.0
H062,P0100,102.53,1,0.0
H062,P0101,160.46,1,0.0
H062,P0102,93.53,1,0.0
H062,P0105,108.64,1,0.0
H062,P0106,105.85,1,0.0
H062,P0107,219.55,1,0.0
H062,P0108,200.89,1,0.0
H062,P0109,49.86,1,0.0
H062,P0110,70.56,1,0.0
H062,P0112,46.06,1,0.0
H062,P0113,179.88,1,0.0
H062,P0114,87.55,1,0.0
H062,P0115,58.07,1,0.0
H062,P0116,40.87,1,0.0
H062,P0117,426.37,1,0.0
H062,P0119,167.35,1,0.0
H062,P0120,125.87,1,0.0
H062,P0121,57.25,1,0.0
H062,P0122,199.54,1,0.0
H062,P0123,151.15,1,0.0
H062,P0124,439.66,1,0.0
H062,P0125,230.7,1,0.0
H062,P0126,43.35,1,0.0
H062,P0127,119.49,1,0.0
H062,P0129,124.87,1,0.0
H062,P0130,43.48,1,0.0
H062,P0131,29.33,1,0.0
H062,P0133,182.63,1,0.0
H062,P0134,45.36,1,0.0
H062,P0135,716.52,1,0.0
H062,P0136,241.63,1,0.0
H062,P0138,851.47,1,0.0
H062,P0140,53.6,1,0.0
H062,P0142,386.97,1,0.0
H062,P0143,68.49,1,0.0
H062,P0145,168.49,1,0.0
H062,P0146,79.12,1,0.0
H062,P0147,151.11,1,0.0
H062,P0148,46.16,1,0.0
H062,P0149,286.51,1,0.0
H062,P0150,55.17,1,0.0
H063,P0001,176.76,0,50.0
H063,P0002,108.69,0,50.0
H063,P0003,166.06,0,50.0
H063,P0005,362.15,0,50.0
H063,P0007,145.2,0,50.0
H063,P0008,266.5,0,50.0
H063,P0009,84.25,0,50.0
H063,P0010,1446.53,0,50.0
H063,P0012,424.22,0,50.0
H063,P0013,160.44,0,50.0
H063,P0015,219.64,0,50.0
H063,P0016,72.66,0,50.0
H063,P0017,172.71,0,50.0
H063,P0018,172.97,0,50.0
H063,P0019,425.6,0,50.0
H063,P0020,208.21,0,50.0
H063,P0022,487.96,0,50.0
H063,P0023,126.13,0,50.0
H063,P0025,88.44,0,50.0
H063,P0026,519.91,0,50.0
H063,P0027,144.07,0,50.0
H063,P0028,83.54,0,50.0
H063,P0029,24.05,0,50.0
H063,P0031,185.5,0,50.0
H063,P0032,237.18,0,50.0
H063,P0033,625.97,0,50.0
H063,P0034,74.81,0,50.0
H063,P0035,219.22,0,50.0
H063,P0036,449.44,0,50.0
H063,P0037,17.9,0,50.0
H063,P0038,1120.7,0,50.0
H063,P0039,50.38,0,50.0
H063,P0041,324.42,0,50.0
H063,P0043,418.05,0,50.0
H063,P0044,251.54,0,50.0
H063,P0045,183.89,0,50.0
H063,P0047,69.69,0,50.0
H063,P0048,238.05,0,50.0
H063,P0049,24.84,0,50.0
H063,P0050,118.64,0,50.0
H063,P0051,282.75,0,50.0
H063,P0052,49.66,0,50.0
H063,P0053,298.7,0,50.0
H063,P0054,338.47,0,50.0
H063,P0057,230.63,0,50.0
H063,P0059,111.85,0,50.0
H063,P0061,551.94,0,50.0
H063,P0063,493.96,0,50.0
H063,P0064,455.68,0,50.0
H063,P0065,40.42,0,50.0
H063,P0067,38.17,0,50.0
H063,P0069,51.69,0,50.0
H063,P0070,248.21,0,50.0
H063,P0071,208.78,0,50.0
H063,P0072,174.63,0,50.0
H063,P0074,289.71,0,50.0
H063,P0075,176.16,0,50.0
H063,P0076,22.06,0,50.0
H063,P0078,122.32,0,50.0
H063,P0079,70.79,0,50.0
H063,P0080,207.1,0,50.0
H063,P0081,86.42,0,50.0
H063,P0082,199.76,0,50.0
H063,P0083,101.1,0,50.0
H063,P0084,62.38,0,50.0
H063,P0085,50.01,0,50.0
H063,P0088,70.94,0,50.0
H063,P0090,63.37,0,50.0
H063,P0093,165.25,0,50.0
H063,P0094,554.13,0,50.0
H063,P0096,52.21,0,50.0
H063,P0097,88.93,0,50.0
H063,P0098,163.61,0,50.0
H063,P0100,102.53,0,50.0
H063,P0102,93.53,0,50.0
H063,P0103,51.65,0,50.0
H063,P0105,108.64,0,50.0
H063,P0107,219.55,0,50.0
H063,P0108,200.89,0,50.0
H063,P0109,49.86,0,50.0
H063,P0110,70.56,0,50.0
H063,P0111,38.73,0,50.0
H063,P0115,58.07,0,50.0
H063,P0116,40.87,0,50.0
H063,P0117,426.37,0,50.0
H063,P0118,92.96,0,50.0
H063,P0119,167.35,0,50.0
H063,P0121,57.25,0,50.0
H063,P0123,151.15,0,50.0
H063,P0124,439.66,0,50.0
H063,P0125,230.7,0,50.0
H063,P0126,43.35,0,50.0
H063,P0127,119.49,0,50.0
H063,P0128,121.12,0,50.0
H063,P0129,124.87,0,50.0
H063,P0130,43.48,0,50.0
H063,P0131,29.33,0,50.0
H063,P0133,182.63,0,50.0
H063,P0134,45.36,0,50.0
H063,P0135,716.52,0,50.0
H063,P0136,241.63,0,50.0
H063,P0142,386.97,0,50.0
H063,P0145,168.49,0,50.0
H063,P0146,79.12,0,50.0
H063,P0147,151.11,0,50.0
H063,P0148,46.16,0,50.0
H063,P0149,286.51,0,50.0
H065,P0003,166.06,0,50.0
H065,P0004,34.77,0,50.0
H065,P0007,145.2,0,50.0
H065,P0009,84.25,0,50.0
H065,P0010,1446.53,0,50.0
H065,P0011,430.68,0,50.0
H065,P0012,424.22,0,50.0
H065,P0013,160.44,0,50.0
H065,P0014,73.83,0,50.0
H065,P0016,72.66,0,50.0
H065,P0017,172.71,0,50.0
H065,P0018,172.97,0,50.0
H065,P0019,425.6,0,50.0
H065,P0020,208.21,0,50.0
H065,P0021,160.14,0,50.0
H065,P0023,126.13,0,50.0
H065,P0025,88.44,0,50.0
H065,P0026,519.91,0,50.0
H065,P0027,144.07,0,50.0
H065,P0028,83.54,0,50.0
H065,P0032,237.18,0,50.0
H065,P0036,449.44,0,50.0
H065,P0037,17.9,0,50.0
H065,P0040,50.33,0,50.0
H065,P0045,183.89,0,50.0
H065,P0046,125.04,0,50.0
H065,P0047,69.69,0,50.0
H065,P0049,24.84,0,50.0
H065,P0052,49.66,0,50.0
H065,P0053,298.7,0,50.0
H065,P0054,338.47,0,50.0
H065,P0057,230.63,0,50.0
H065,P0058,249.7,0,50.0
H065,P0059,111.85,0,50.0
H065,P0062,346.54,0,50.0
H065,P0063,493.96,0,50.0
H065,P0064,455.68,0,50.0
H065,P0065,40.42,0,50.0
H065,P0066,1384.54,0,50.0
H065,P0067,38.17,0,50.0
H065,P0068,169.5,0,50.0
H065,P0069,51.69,0,50.0
H065,P0070,248.21,0,50.0
H065,P0071,208.78,0,50.0
H065,P0073,10.56,0,50.0
H065,P0075,176.16,0,50.0
H065,P0078,122.32,0,50.0
H065,P0079,70.79,0,50.0
H065,P0080,207.1,0,50.0
H065,P0081,86.42,0,50.0
H065,P0082,199.76,0,50.0
H065,P0083,101.1,0,50.0
H065,P0084,62.38,0,50.0
H065,P0087,153.68,0,50.0
H065,P0088,70.94,0,50.0
H065,P0089,82.9,0,50.0
H065,P0090,63.37,0,50.0
H065,P0091,978.89,0,50.0
H065,P0093,165.25,0,50.0
H065,P0094,554.13,0,50.0
H065,P0098,163.61,0,50.0
H065,P0099,116.52,0,50.0
H065,P0101,160.46,0,50.0
H065,P0103,51.65,0,50.0
H065,P0105,108.64,0,50.0
H065,P0106,105.85,0,50.0
H065,P0108,200.89,0,50.0
H065,P0109,49.86,0,50.0
H065,P0110,70.56,0,50.0
H065,P0114,87.55,0,50.0
H065,P0116,40.87,0,50.0
H065,P0118,92.96,0,50.0
H065,P0121,57.25,0,50.0
H065,P0122,199.54,0,50.0
H065,P0123,151.15,0,50.0
H065,P0124,439.66,0,50.0
H065,P0125,230.7,0,50.0
H065,P0126,43.35,0,50.0
H065,P0127,119.49,0,50.0
H065,P0128,121.12,0,50.0
H065,P0129,124.87,0,50.0
H065,P0131,29.33,0,50.0
H065,P0133,182.63,0,50.0
H065,P0134,45.36,0,50.0
H065,P0135,716.52,0,50.0
H065,P0140,53.6,0,50.0
H065,P0142,386.97,0,50.0
H065,P0143,68.49,0,50.0
H065,P0144,260.73,0,50.0
H065,P0145,168.49,0,50.0
H065,P0147,151.11,0,50.0
H065,P0148,46.16,0,50.0
H065,P0150,55.17,0,50.0
H066,P0001,176.76,1,0.0
H066,P0002,108.69,1,0.0
H066,P0003,166.06,1,0.0
H066,P0004,34.77,1,0.0
H066,P0005,362.15,1,0.0
H066,P0006,121.39,1,0.0
H066,P0007,145.2,1,0.0
H066,P0010,1446.53,1,0.0
H066,P0011,430.68,1,0.0
H066,P0012,424.22,1,0.0
H066,P0013,160.44,1,0.0
H066,P0014,73.83,1,0.0
H066,P0015,219.64,1,0.0
H066,P0016,72.66,1,0.0
H066,P0017,172.71,1,0.0
H066,P0018,172.97,1,0.0
H066,P0019,425.6,1,0.0
H066,P0020,208.21,1,0.0
H066,P0021,160.14,1,0.0
H066,P0022,487.96,1,0.0
H066,P0023,126.13,1,0.0
H066,P0024,86.75,1,0.0
H066,P0025,88.44,1,0.0
H066,P0027,144.07,1,0.0
H066,P0028,83.54,1,0.0
H066,P0029,24.05,1,0.0
H066,P0031,185.5,1,0.0
H066,P0032,237.18,1,0.0
H066,P0033,625.97,1,0.0
H066,P0035,219.22,1,0.0
H066,P0036,449.44,1,0.0
H066,P0038,1120.7,1,0.0
H066,P0039,50.38,1,0.0
H066,P0040,50.33,1,0.0
H066,P0041,324.42,1,0.0
H066,P0042,203.23,1,0.0
H066,P0043,418.05,1,0.0
H066,P0044,251.54,1,0.0
H066,P0045,183.89,1,0.0
H066,P0046,125.04,1,0.0
H066,P0048,238.05,1,0.0
H066,P0049,24.84,1,0.0
H066,P0050,118.64,1,0.0
H066,P0051,282.75,1,0.0
H066,P0052,49.66,1,0.0
H066,P0053,298.7,1,0.0
H066,P0054,338.47,1,0.0
H066,P0056,122.12,1,0.0
H066,P0057,230.63,1,0.0
H066,P0058,249.7,1,0.0
H066,P0059,111.85,1,0.0
H066,P0061,551.94,1,0.0
H066,P0063,493.96,1,0.0
H066,P0064,455.68,1,0.0
H066,P0065,40.42,1,0.0
H066,P0067,38.17,1,0.0
H066,P0069,51.69,1,0.0
H066,P0070,248.21,1,0.0
H066,P0071,208.78,1,0.0
H066,P0072,174.63,1,0.0
H066,P0073,10.56,1,0.0
H066,P0075,176.16,1,0.0
H066,P0076,22.06,1,0.0
H066,P0078,122.32,1,0.0
H066,P0079,70.79,1,0.0
H066,P0081,86.42,1,0.0
H066,P0082,199.76,1,0.0
H066,P0083,101.1,1,0.0
H066,P0084,62.38,1,0.0
H066,P0085,50.01,1,0.0
H066,P0087,153.68,1,0.0
H066,P0088,70.94,1,0.0
H066,P0089,82.9,1,0.0
H066,P0090,63.37,1,0.0
H066,P0092,197.85,1,0.0
H066,P0093,165.25,1,0.0
H066,P0094,554.13,1,0.0
H066,P0097,88.93,1,0.0
H066,P0098,163.61,1,0.0
H066,P0099,116.52,1,0.0
H066,P0100,102.53,1,0.0
H066,P0101,160.46,1,0.0
H066,P0103,51.65,1,0.0
H066,P0104,272.0,1,0.0
H066,P0105,108.64,1,0.0
H066,P0106,105.85,1,0.0
H066,P0107,219.55,1,0.0
H066,P0108,200.89,1,0.0
H066,P0109,49.86,1,0.0
H066,P0110,70.56,1,0.0
H066,P0113,179.88,1,0.0
H066,P0117,426.37,1,0.0
H066,P0118,92.96,1,0.0
H066,P0121,57.25,1,0.0
H066,P0122,199.54,1,0.0
H066,P0123,151.15,1,0.0
H066,P0124,439.66,1,0.0
H066,P0125,230.7,1,0.0
H066,P0127,119.49,1,0.0
H066,P0129,124.87,1,0.0
H066,P0130,43.48,1,0.0
H066,P0131,29.33,1,0.0
H066,P0132,118.62,1,0.0
H066,P0133,182.63,1,0.0
H066,P0134,45.36,1,0.0
H066,P0135,716.52,1,0.0
H066,P0136,241.63,1,0.0
H066,P0137,85.95,1,0.0
H066,P0139,33.81,1,0.0
H066,P0140,53.6,1,0.0
H066,P0141,50.65,1,0.0
H066,P0142,386.97,1,0.0
H066,P0143,68.49,1,0.0
H066,P0144,260.73,1,0.0
H066,P0145,168.49,1,0.0
H066,P0146,79.12,1,0.0
H066,P0147,151.11,1,0.0
H066,P0148,46.16,1,0.0
H066,P0150,55.17,1,0.0
H067,P0001,176.76,1,0.0
H067,P0002,108.69,1,0.0
H067,P0003,166.06,1,0.0
H067,P0004,34.77,1,0.0
H067,P0005,362.15,1,0.0
H067,P0006,121.39,1,0.0
H067,P0007,145.2,1,0.0
H067,P0008,266.5,1,0.0
H067,P0009,84.25,1,0.0
H067,P0010,1446.53,1,0.0
H067,P0011,430.68,1,0.0
H067,P0012,424.22,1,0.0
H067,P0013,160.44,1,0.0
H067,P0014,73.83,1,0.0
H067,P0015,219.64,1,0.0
H067,P0016,72.66,1,0.0
H067,P0018,172.97,1,0.0
H067,P0019,425.6,1,0.0
H067,P0020,208.21,1,0.0
H067,P0021,160.14,1,0.0
H067,P0023,126.13,1,0.0
H067,P0025,88.44,1,0.0
H067,P0027,144.07,1,0.0
H067,P0028,83.54,1,0.0
H067,P0029,24.05,1,0.0
H067,P0030,54.73,1,0.0
H067,P0031,185.5,1,0.0
H067,P0032,237.18,1,0.0
H067,P0036,449.44,1,0.0
H067,P0037,17.9,1,0.0
H067,P0038,1120.7,1,0.0
H067,P0039,50.38,1,0.0
H067,P0040,50.33,1,0.0
H067,P0041,324.42,1,0.0
H067,P0042,203.23,1,0.0
H067,P0043,418.05,1,0.0
H067,P0044,251.54,1,0.0
H067,P0045,183.89,1,0.0
H067,P0046,125.04,1,0.0
H067,P0047,69.69,1,0.0
H067,P0048,238.05,1,0.0
H067,P0049,24.84,1,0.0
H067,P0050,118.64,1,0.0
H067,P0052,49.66,1,0.0
H067,P0053,298.7,1,0.0
H067,P0056,122.12,1,0.0
H067,P0057,230.63,1,0.0
H067,P0058,249.7,1,0.0
H067,P0059,111.85,1,0.0
H067,P0061,551.94,1,0.0
H067,P0063,493.96,1,0.0
H067,P0064,455.68,1,0.0
H067,P0065,40.42,1,0.0
H067,P0066,1384.54,1,0.0
H067,P0067,38.17,1,0.0
H067,P0068,169.5,1,0.0
H067,P0069,51.69,1,0.0
H067,P0070,248.21,1,0.0
H067,P0071,208.78,1,0.0
H067,P0072,174.63,1,0.0
H067,P0073,10.56,1,0.0
H067,P0075,176.16,1,0.0
H067,P0076,22.06,1,0.0
H067,P0077,547.47,1,0.0
H067,P0078,122.32,1,0.0
H067,P0079,70.79,1,0.0
H067,P0081,86.42,1,0.0
H067,P0083,101.1,1,0.0
H067,P0084,62.38,1,0.0
H067,P0085,50.01,1,0.0
H067,P0086,290.19,1,0.0
H067,P0087,153.68,1,0.0
H067,P0089,82.9,1,0.0
H067,P0091,978.89,1,0.0
H067,P0092,197.85,1,0.0
H067,P0093,165.25,1,0.0
H067,P0094,554.13,1,0.0
H067,P0095,78.23,1,0.0
H067,P0096,52.21,1,0.0
H067,P0097,88.93,1,0.0
H067,P0098,163.61,1,0.0
H067,P0099,116.52,1,0.0
H067,P0100,102.53,1,0.0
H067,P0102,93.53,1,0.0
H067,P0103,51.65,1,0.0
H067,P0104,272.0,1,0.0
H067,P0105,108.64,1,0.0
H067,P0107,219.55,1,0.0
H067,P0108,200.89,1,0.0
H067,P0109,49.86,1,0.0
H067,P0110,70.56,1,0.0
H067,P0111,38.73,1,0.0
H067,P0113,179.88,1,0.0
H067,P0114,87.55,1,0.0
H067,P0115,58.07,1,0.0
H067,P0116,40.87,1,0.0
H067,P0117,426.37,1,0.0
H067,P0118,92.96,1,0.0
H067,P0119,167.35,1,0.0
H067,P0120,125.87,1,0.0
H067,P0121,57.25,1,0.0
H067,P0122,199.54,1,0.0
H067,P0123,151.15,1,0.0
H067,P0124,439.66,1,0.0
H067,P0125,230.7,1,0.0
H067,P0126,43.35,1,0.0
H067,P0127,119.49,1,0.0
H067,P0129,124.87,1,0.0
H067,P0131,29.33,1,0.0
H067,P0132,118.62,1,0.0
H067,P0133,182.63,1,0.0
H067,P0134,45.36,1,0.0
H067,P0135,716.52,1,0.0
H067,P0136,241.63,1,0.0
H067,P0137,85.95,1,0.0
H067,P0138,851.47,1,0.0
H067,P0140,53.6,1,0.0
H067,P0141,50.65,1,0.0
H067,P0142,386.97,1,0.0
H067,P0143,68.49,1,0.0
H067,P0145,168.49,1,0.0
H067,P0146,79.12,1,0.0
H067,P0147,151.11,1,0.0
H067,P0148,46.16,1,0.0
H067,P0149,286.51,1,0.0
H067,P0150,55.17,1,0.0
H068,P0001,176.76,1,0.0
H068,P0002,108.69,1,0.0
H068,P0003,166.06,1,0.0
H068,P0004,34.77,1,0.0
H068,P0005,362.15,1,0.0
H068,P0006,121.39,1,0.0
H068,P0007,145.2,1,0.0
H068,P0008,266.5,1,0.0
H068,P0009,84.25,1,0.0
H068,P0010,1446.53,1,0.0
H068,P0011,430.68,1,0.0
H068,P0012,424.22,1,0.0
H068,P0013,160.44,1,0.0
H068,P0015,219.64,1,0.0
H068,P0016,72.66,1,0.0
H068,P0017,172.71,1,0.0
H068,P0018,172.97,1,0.0
H068,P0019,425.6,1,0.0
H068,P0020,208.21,1,0.0
H068,P0022,487.96,1,0.0
H068,P0023,126.13,1,0.0
H068,P0024,86.75,1,0.0
H068,P0025,88.44,1,0.0
H068,P0026,519.91,1,0.0
H068,P0027,144.07,1,0.0
H068,P0028,83.54,1,0.0
H068,P0029,24.05,1,0.0
H068,P0030,54.73,1,0.0
H068,P0031,185.5,1,0.0
H068,P0032,237.18,1,0.0
H068,P0033,625.97,1,0.0
H068,P0034,74.81,1,0.0
H068,P0035,219.22,1,0.0
H068,P0036,449.44,1,0.0
H068,P0037,17.9,1,0.0
H068,P0038,1120.7,1,0.0
H068,P0039,50.38,1,0.0
H068,P0040,50.33,1,0.0
H068,P0041,324.42,1,0.0
H068,P0042,203.23,1,0.0
H068,P0044,251.54,1,0.0
H068,P0045,183.89,1,0.0
H068,P0046,125.04,1,0.0
H068,P0047,69.69,1,0.0
H068,P0048,238.05,1,0.0
H068,P0049,24.84,1,0.0
H068,P0050,118.64,1,0.0
H068,P0051,282.75,1,0.0
H068,P0052,49.66,1,0.0
H068,P0053,298.7,1,0.0
H068,P0054,338.47,1,0.0
H068,P0055,150.09,1,0.0
H068,P0056,122.12,1,0.0
H068,P0057,230.63,1,0.0
H068,P0058,249.7,1,0.0
H068,P0059,111.85,1,0.0
H068,P0061,551.94,1,0.0
H068,P0063,493.96,1,0.0
H068,P0064,455.68,1,0.0
H068,P0065,40.42,1,0.0
H068,P0066,1384.54,1,0.0
H068,P0067,38.17,1,0.0
H068,P0068,169.5,1,0.0
H068,P0069,51.69,1,0.0
H068,P0070,248.21,1,0.0
H068,P0071,208.78,1,0.0
H068,P0072,174.63,1,0.0
H068,P0073,10.56,1,0.0
H068,P0075,176.16,1,0.0
H068,P0077,547.47,1,0.0
H068,P0078,122.32,1,0.0
H068,P0079,70.79,1,0.0
H068,P0081,86.42,1,0.0
H068,P0083,101.1,1,0.0
H068,P0084,62.38,1,0.0
H068,P0085,50.01,1,0.0
H068,P0086,290.19,1,0.0
H068,P0087,153.68,1,0.0
H068,P0088,70.94,1,0.0
H068,P0090,63.37,1,0.0
H068,P0091,978.89,1,0.0
H068,P0092,197.85,1,0.0
H068,P0093,165.25,1,0.0
H068,P0095,78.23,1,0.0
H068,P0097,88.93,1,0.0
H068,P0098,163.61,1,0.0
H068,P0099,116.52,1,0.0
H068,P0100,102.53,1,0.0
H068,P0103,51.65,1,0.0
H068,P0104,272.0,1,0.0
H068,P0105,108.64,1,0.0
H068,P0106,105.85,1,0.0
H068,P0107,219.55,1,0.0
H068,P0108,200.89,1,0.0
H068,P0109,49.86,1,0.0
H068,P0110,70.56,1,0.0
H068,P0111,38.73,1,0.0
H068,P0114,87.55,1,0.0
H068,P0115,58.07,1,0.0
H068,P0117,426.37,1,0.0
H068,P0118,92.96,1,0.0
H068,P0119,167.35,1,0.0
H068,P0120,125.87,1,0.0
H068,P0121,57.25,1,0.0
H068,P0122,199.54,1,0.0
H068,P0123,151.15,1,0.0
H068,P0124,439.66,1,0.0
H068,P0125,230.7,1,0.0
H068,P0126,43.35,1,0.0
H068,P0129,124.87,1,0.0
H068,P0130,43.48,1,0.0
H068,P0131,29.33,1,0.0
H068,P0132,118.62,1,0.0
H068,P0133,182.63,1,0.0
H068,P0134,45.36,1,0.0
H068,P0135,716.52,1,0.0
H068,P0136,241.63,1,0.0
H068,P0137,85.95,1,0.0
H068,P0139,33.81,1,0.0
H068,P0140,53.6,1,0.0
H068,P0141,50.65,1,0.0
H068,P0142,386.97,1,0.0
H068,P0144,260.73,1,0.0
H068,P0145,168.49,1,0.0
H068,P0146,79.12,1,0.0
H068,P0147,151.11,1,0.0
H068,P0148,46.16,1,0.0
H068,P0150,55.17,1,0.0
H069,P0002,108.69,0,50.0
H069,P0003,166.06,0,50.0
H069,P0007,145.2,0,50.0
H069,P0009,84.25,0,50.0
H069,P0010,1446.53,0,50.0
H069,P0011,430.68,0,50.0
H069,P0012,424.22,0,50.0
H069,P0013,160.44,0,50.0
H069,P0014,73.83,0,50.0
H069,P0015,219.64,0,50.0
H069,P0016,72.66,0,50.0
H069,P0018,172.97,0,50.0
H069,P0019,425.6,0,50.0
H069,P0020,208.21,0,50.0
H069,P0021,160.14,0,50.0
H069,P0022,487.96,0,50.0
H069,P0023,126.13,0,50.0
H069,P0025,88.44,0,50.0
H069,P0026,519.91,0,50.0
H069,P0027,144.07,0,50.0
H069,P0028,83.54,0,50.0
H069,P0029,24.05,0,50.0
H069,P0031,185.5,0,50.0
H069,P0032,237.18,0,50.0
H069,P0033,625.97,0,50.0
H069,P0035,219.22,0,50.0
H069,P0036,449.44,0,50.0
H069,P0037,17.9,0,50.0
H069,P0038,1120.7,0,50.0
H069,P0039,50.38,0,50.0
H069,P0040,50.33,0,50.0
H069,P0043,418.05,0,50.0
H069,P0045,183.89,0,50.0
H069,P0046,125.04,0,50.0
H069,P0047,69.69,0,50.0
H069,P0048,238.05,0,50.0
H069,P0049,24.84,0,50.0
H069,P0050,118.64,0,50.0
H069,P0051,282.75,0,50.0
H069,P0052,49.66,0,50.0
H069,P0053,298.7,0,50.0
H069,P0054,338.47,0,50.0
H069,P0055,150.09,0,50.0
H069,P0056,122.12,0,50.0
H069,P0057,230.63,0,50.0
H069,P0058,249.7,0,50.0
H069,P0059,111.85,0,50.0
H069,P0060,895.67,0,50.0
H069,P0061,551.94,0,50.0
H069,P0062,346.54,0,50.0
H069,P0063,493.96,0,50.0
H069,P0064,455.68,0,50.0
H069,P0065,40.42,0,50.0
H069,P0066,1384.54,0,50.0
H069,P0067,38.17,0,50.0
H069,P0068,169.5,0,50.0
H069,P0069,51.69,0,50.0
H069,P0070,248.21,0,50.0
H069,P0071,208.78,0,50.0
H069,P0073,10.56,0,50.0
H069,P0074,289.71,0,50.0
H069,P0075,176.16,0,50.0
H069,P0076,22.06,0,50.0
H069,P0077,547.47,0,50.0
H069,P0078,122.32,0,50.0
H069,P0079,70.79,0,50.0
H069,P0080,207.1,0,50.0
H069,P0081,86.42,0,50.0
H069,P0083,101.1,0,50.0
H069,P0084,62.38,0,50.0
H069,P0085,50.01,0,50.0
H069,P0086,290.19,0,50.0
H069,P0087,153.68,0,50.0
H069,P0088,70.94,0,50.0
H069,P0089,82.9,0,50.0
H069,P0090,63.37,0,50.0
H069,P0091,978.89,0,50.0
H069,P0092,197.85,0,50.0
H069,P0093,165.25,0,50.0
H069,P0094,554.13,0,50.0
H069,P0095,78.23,0,50.0
H069,P0097,88.93,0,50.0
H069,P0099,116.52,0,50.0
H069,P0100,102.53,0,50.0
H069,P0102,93.53,0,50.0
H069,P0103,51.65,0,50.0
H069,P0105,108.64,0,50.0
H069,P0106,105.85,0,50.0
H069,P0107,219.55,0,50.0
H069,P0108,200.89,0,50.0
H069,P0110,70.56,0,50.0
H069,P0111,38.73,0,50.0
H069,P0115,58.07,0,50.0
H069,P0116,40.87,0,50.0
H069,P0117,426.37,0,50.0
H069,P0118,92.96,0,50.0
H069,P0119,167.35,0,50.0
H069,P0121,57.25,0,50.0
H069,P0122,199.54,0,50.0
H069,P0124,439.66,0,50.0
H069,P0126,43.35,0,50.0
H069,P0127,119.49,0,50.0
H069,P0128,121.12,0,50.0
H069,P0129,124.87,0,50.0
H069,P0130,43.48,0,50.0
H069,P0131,29.33,0,50.0
H069,P0133,182.63,0,50.0
H069,P0134,45.36,0,50.0
H069,P0135,716.52,0,50.0
H069,P0136,241.63,0,50.0
H069,P0137,85.95,0,50.0
H069,P0139,33.81,0,50.0
H069,P0140,53.6,0,50.0
H069,P0141,50.65,0,50.0
H069,P0142,386.97,0,50.0
H069,P0143,68.49,0,50.0
H069,P0144,260.73,0,50.0
H069,P0145,168.49,0,50.0
H069,P0146,79.12,0,50.0
H069,P0147,151.11,0,50.0
H069,P0148,46.16,0,50.0
H069,P0150,55.17,0,50.0
H070,P0002,108.69,0,50.0
H070,P0003,166.06,0,50.0
H070,P0005,362.15,0,50.0
H070,P0007,145.2,0,50.0
H070,P0009,84.25,0,50.0
H070,P0010,1446.53,0,50.0
H070,P0011,430.68,0,50.0
H070,P0013,160.44,0,50.0
H070,P0014,73.83,0,50.0
H070,P0015,219.64,0,50.0
H070,P0016,72.66,0,50.0
H070,P0017,172.71,0,50.0
H070,P0019,425.6,0,50.0
H070,P0020,208.21,0,50.0
H070,P0021,160.14,0,50.0
H070,P0023,126.13,0,50.0
H070,P0025,88.44,0,50.0
H070,P0026,519.91,0,50.0
H070,P0027,144.07,0,50.0
H070,P0028,83.54,0,50.0
H070,P0030,54.73,0,50.0
H070,P0031,185.5,0,50.0
H070,P0032,237.18,0,50.0
H070,P0033,625.97,0,50.0
H070,P0034,74.81,0,50.0
H070,P0035,219.22,0,50.0
H070,P0036,449.44,0,50.0
H070,P0037,17.9,0,50.0
H070,P0038,1120.7,0,50.0
H070,P0039,50.38,0,50.0
H070,P0040,50.33,0,50.0
H070,P0043,418.05,0,50.0
H070,P0044,251.54,0,50.0
H070,P0045,183.89,0,50.0
H070,P0046,125.04,0,50.0
H070,P0048,238.05,0,50.0
H070,P0049,24.84,0,50.0
H070,P0050,118.64,0,50.0
H070,P0051,282.75,0,50.0
H070,P0052,49.66,0,50.0
H070,P0053,298.7,0,50.0
H070,P0054,338.47,0,50.0
H070,P0056,122.12,0,50.0
H070,P0057,230.63,0,50.0
H070,P0058,249.7,0,50.0
H070,P0059,111.85,0,50.0
H070,P0060,895.67,0,50.0
H070,P0061,551.94,0,50.0
H070,P0063,493.96,0,50.0
H070,P0064,455.68,0,50.0
H070,P0065,40.42,0,50.0
H070,P0066,1384.54,0,50.0
H070,P0067,38.17,0,50.0
H070,P0068,169.5,0,50.0
H070,P0069,51.69,0,50.0
H070,P0070,248.21,0,50.0
H070,P0071,208.78,0,50.0
H070,P0073,10.56,0,50.0
H070,P0074,289.71,0,50.0
H070,P0076,22.06,0,50.0
H070,P0078,122.32,0,50.0
H070,P0079,70.79,0,50.0
H070,P0081,86.42,0,50.0
H070,P0083,101.1,0,50.0
H070,P0084,62.38,0,50.0
H070,P0085,50.01,0,50.0
H070,P0086,290.19,0,50.0
H070,P0087,153.68,0,50.0
H070,P0088,70.94,0,50.0
H070,P0089,82.9,0,50.0
H070,P0090,63.37,0,50.0
H070,P0091,978.89,0,50.0
H070,P0092,197.85,0,50.0
H070,P0093,165.25,0,50.0
H070,P0094,554.13,0,50.0
H070,P0096,52.21,0,50.0
H070,P0097,88.93,0,50.0
H070,P0098,163.61,0,50.0
H070,P0099,116.52,0,50.0
H070,P0101,160.46,0,50.0
H070,P0102,93.53,0,50.0
H070,P0103,51.65,0,50.0
H070,P0105,108.64,0,50.0
H070,P0106,105.85,0,50.0
H070,P0107,219.55,0,50.0
H070,P0108,200.89,0,50.0
H070,P0109,49.86,0,50.0
H070,P0110,70.56,0,50.0
H070,P0111,38.73,0,50.0
H070,P0113,179.88,0,50.0
H070,P0114,87.55,0,50.0
H070,P0115,58.07,0,50.0
H070,P0116,40.87,0,50.0
H070,P0118,92.96,0,50.0
H070,P0119,167.35,0,50.0
H070,P0121,57.25,0,50.0
H070,P0122,199.54,0,50.0
H070,P0124,439.66,0,50.0
H070,P0126,43.35,0,50.0
H070,P0127,119.49,0,50.0
H070,P0129,124.87,0,50.0
H070,P0131,29.33,0,50.0
H070,P0133,182.63,0,50.0
H070,P0134,45.36,0,50.0
H070,P0135,716.52,0,50.0
H070,P0136,241.63,0,50.0
H070,P0138,851.47,0,50.0
H070,P0139,33.81,0,50.0
H070,P0140,53.6,0,50.0
H070,P0142,386.97,0,50.0
H070,P0143,68.49,0,50.0
H070,P0144,260.73,0,50.0
H070,P0145,168.49,0,50.0
H070,P0146,79.12,0,50.0
H070,P0147,151.11,0,50.0
H070,P0150,55.17,0,50.0
H071,P0002,108.69,1,0.0
H071,P0003,166.06,1,0.0
H071,P0005,362.15,1,0.0
H071,P0007,145.2,1,0.0
H071,P0009,84.25,1,0.0
H071,P0010,1446.53,1,0.0
H071,P0011,430.68,1,0.0
H071,P0012,424.22,1,0.0
H071,P0014,73.83,1,0.0
H071,P0015,219.64,1,0.0
H071,P0016,72.66,1,0.0
H071,P0018,172.97,1,0.0
H071,P0019,425.6,1,0.0
H071,P0020,208.21,1,0.0
H071,P0021,160.14,1,0.0
H071,P0023,126.13,1,0.0
H071,P0024,86.75,1,0.0
H071,P0026,519.91,1,0.0
H071,P0027,144.07,1,0.0
H071,P0028,83.54,1,0.0
H071,P0031,185.5,1,0.0
H071,P0032,237.18,1,0.0
H071,P0034,74.81,1,0.0
H071,P0036,449.44,1,0.0
H071,P0037,17.9,1,0.0
H071,P0038,1120.7,1,0.0
H071,P0039,50.38,1,0.0
H071,P0040,50.33,1,0.0
H071,P0041,324.42,1,0.0
H071,P0043,418.05,1,0.0
H071,P0044,251.54,1,0.0
H071,P0045,183.89,1,0.0
H071,P0046,125.04,1,0.0
H071,P0047,69.69,1,0.0
H071,P0050,118.64,1,0.0
H071,P0051,282.75,1,0.0
H071,P0052,49.66,1,0.0
H071,P0053,298.7,1,0.0
H071,P0057,230.63,1,0.0
H071,P0059,111.85,1,0.0
H071,P0061,551.94,1,0.0
H071,P0062,346.54,1,0.0
H071,P0063,493.96,1,0.0
H071,P0064,455.68,1,0.0
H071,P0065,40.42,1,0.0
H071,P0066,1384.54,1,0.0
H071,P0067,38.17,1,0.0
H071,P0068,169.5,1,0.0
H071,P0069,51.69,1,0.0
H071,P0070,248.21,1,0.0
H071,P0071,208.78,1,0.0
H071,P0073,10.56,1,0.0
H071,P0074,289.71,1,0.0
H071,P0076,22.06,1,0.0
H071,P0078,122.32,1,0.0
H071,P0079,70.79,1,0.0
H071,P0080,207.1,1,0.0
H071,P0081,86.42,1,0.0
H071,P0082,199.76,1,0.0
H071,P0083,101.1,1,0.0
H071,P0084,62.38,1,0.0
H071,P0085,50.01,1,0.0
H071,P0086,290.19,1,0.0
H071,P0087,153.68,1,0.0
H071,P0089,82.9,1,0.0
H071,P0090,63.37,1,0.0
H071,P0091,978.89,1,0.0
H071,P0092,197.85,1,0.0
H071,P0093,165.25,1,0.0
H071,P0094,554.13,1,0.0
H071,P0096,52.21,1,0.0
H071,P0097,88.93,1,0.0
H071,P0099,116.52,1,0.0
H071,P0100,102.53,1,0.0
H071,P0101,160.46,1,0.0
H071,P0102,93.53,1,0.0
H071,P0103,51.65,1,0.0
H071,P0105,108.64,1,0.0
H071,P0106,105.85,1,0.0
H071,P0107,219.55,1,0.0
H071,P0108,200.89,1,0.0
H071,P0109,49.86,1,0.0
H071,P0110,70.56,1,0.0
H071,P0111,38.73,1,0.0
H071,P0113,179.88,1,0.0
H071,P0114,87.55,1,0.0
H071,P0115,58.07,1,0.0
H071,P0116,40.87,1,0.0
H071,P0117,426.37,1,0.0
H071,P0118,92.96,1,0.0
H071,P0119,167.35,1,0.0
H071,P0120,125.87,1,0.0
H071,P0121,57.25,1,0.0
H071,P0122,199.54,1,0.0
H071,P0124,439.66,1,0.0
H071,P0125,230.7,1,0.0
H071,P0126,43.35,1,0.0
H071,P0127,119.49,1,0.0
H071,P0128,121.12,1,0.0
H071,P0129,124.87,1,0.0
H071,P0130,43.48,1,0.0
H071,P0131,29.33,1,0.0
H071,P0132,118.62,1,0.0
H071,P0133,182.63,1,0.0
H071,P0134,45.36,1,0.0
H071,P0135,716.52,1,0.0
H071,P0139,33.81,1,0.0
H071,P0140,53.6,1,0.0
H071,P0142,386.97,1,0.0
H071,P0143,68.49,1,0.0
H071,P0144,260.73,1,0.0
H071,P0145,168.49,1,0.0
H071,P0146,79.12,1,0.0
H071,P0147,151.11,1,0.0
H071,P0148,46.16,1,0.0
H071,P0149,286.51,1,0.0
H071,P0150,55.17,1,0.0
H072,P0001,176.76,1,0.0
H072,P0002,108.69,1,0.0
H072,P0003,166.06,1,0.0
H072,P0004,34.77,1,0.0
H072,P0005,362.15,1,0.0
H072,P0007,145.2,1,0.0
H072,P0010,1446.53,1,0.0
H072,P0011,430.68,1,0.0
H072,P0012,424.22,1,0.0
H072,P0013,160.44,1,0.0
H072,P0014,73.83,1,0.0
H072,P0015,219.64,1,0.0
H072,P0016,72.66,1,0.0
H072,P0018,172.97,1,0.0
H072,P0020,208.21,1,0.0
H072,P0021,160.14,1,0.0
H072,P0023,126.13,1,0.0
H072,P0024,86.75,1,0.0
H072,P0025,88.44,1,0.0
H072,P0026,519.91,1,0.0
H072,P0027,144.07,1,0.0
H072,P0028,83.54,1,0.0
H072,P0029,24.05,1,0.0
H072,P0031,185.5,1,0.0
H072,P0032,237.18,1,0.0
H072,P0033,625.97,1,0.0
H072,P0034,74.81,1,0.0
H072,P0035,219.22,1,0.0
H072,P0036,449.44,1,0.0
H072,P0038,1120.7,1,0.0
H072,P0039,50.38,1,0.0
H072,P0040,50.33,1,0.0
H072,P0043,418.05,1,0.0
H072,P0044,251.54,1,0.0
H072,P0045,183.89,1,0.0
H072,P0046,125.04,1,0.0
H072,P0049,24.84,1,0.0
H072,P0050,118.64,1,0.0
H072,P0051,282.75,1,0.0
H072,P0052,49.66,1,0.0
H072,P0054,338.47,1,0.0
H072,P0055,150.09,1,0.0
H072,P0056,122.12,1,0.0
H072,P0057,230.63,1,0.0
H072,P0058,249.7,1,0.0
H072,P0059,111.85,1,0.0
H072,P0060,895.67,1,0.0
H072,P0061,551.94,1,0.0
H072,P0062,346.54,1,0.0
H072,P0063,493.96,1,0.0
H072,P0064,455.68,1,0.0
H072,P0065,40.42,1,0.0
H072,P0066,1384.54,1,0.0
H072,P0067,38.17,1,0.0
H072,P0069,51.69,1,0.0
H072,P0071,208.78,1,0.0
H072,P0072,174.63,1,0.0
H072,P0073,10.56,1,0.0
H072,P0075,176.16,1,0.0
H072,P0076,22.06,1,0.0
H072,P0077,547.47,1,0.0
H072,P0079,70.79,1,0.0
H072,P0080,207.1,1,0.0
H072,P0081,86.42,1,0.0
H072,P0082,199.76,1,0.0
H072,P0083,101.1,1,0.0
H072,P0084,62.38,1,0.0
H072,P0085,50.01,1,0.0
H072,P0087,153.68,1,0.0
H072,P0089,82.9,1,0.0
H072,P0091,978.89,1,0.0
H072,P0092,197.85,1,0.0
H072,P0093,165.25,1,0.0
H072,P0094,554.13,1,0.0
H072,P0095,78.23,1,0.0
H072,P0097,88.93,1,0.0
H072,P0099,116.52,1,0.0
H072,P0100,102.53,1,0.0
H072,P0101,160.46,1,0.0
H072,P0102,93.53,1,0.0
H072,P0103,51.65,1,0.0
H072,P0105,108.64,1,0.0
H072,P0107,219.55,1,0.0
H072,P0108,200.89,1,0.0
H072,P0109,49.86,1,0.0
H072,P0111,38.73,1,0.0
H072,P0113,179.88,1,0.0
H072,P0114,87.55,1,0.0
H072,P0116,40.87,1,0.0
H072,P0117,426.37,1,0.0
H072,P0119,167.35,1,0.0
H072,P0122,199.54,1,0.0
H072,P0124,439.66,1,0.0
H072,P0125,230.7,1,0.0
H072,P0126,43.35,1,0.0
H072,P0127,119.49,1,0.0
H072,P0129,124.87,1,0.0
H072,P0130,43.48,1,0.0
H072,P0131,29.33,1,0.0
H072,P0132,118.62,1,0.0
H072,P0133,182.63,1,0.0
H072,P0134,45.36,1,0.0
H072,P0135,716.52,1,0.0
H072,P0136,241.63,1,0.0
H072,P0140,53.6,1,0.0
H072,P0141,50.65,1,0.0
H072,P0142,386.97,1,0.0
H072,P0143,68.49,1,0.0
H072,P0144,260.73,1,0.0
H072,P0145,168.49,1,0.0
H072,P0146,79.12,1,0.0
H072,P0147,151.11,1,0.0
H072,P0148,46.16,1,0.0
H072,P0149,286.51,1,0.0
H072,P0150,55.17,1,0.0
H074,P0002,108.69,0,50.0
H074,P0003,166.06,0,50.0
H074,P0004,34.77,0,50.0
H074,P0005,362.15,0,50.0
H074,P0006,121.39,0,50.0
H074,P0010,1446.53,0,50.0
H074,P0011,430.68,0,50.0
H074,P0012,424.22,0,50.0
H074,P0013,160.44,0,50.0
H074,P0014,73.83,0,50.0
H074,P0016,72.66,0,50.0
H074,P0017,172.71,0,50.0
H074,P0018,172.97,0,50.0
H074,P0019,425.6,0,50.0
H074,P0020,208.21,0,50.0
H074,P0021,160.14,0,50.0
H074,P0022,487.96,0,50.0
H074,P0023,126.13,0,50.0
H074,P0025,88.44,0,50.0
H074,P0026,519.91,0,50.0
H074,P0027,144.07,0,50.0
H074,P0028,83.54,0,50.0
H074,P0029,24.05,0,50.0
H074,P0031,185.5,0,50.0
H074,P0032,237.18,0,50.0
H074,P0033,625.97,0,50.0
H074,P0034,74.81,0,50.0
H074,P0035,219.22,0,50.0
H074,P0036,449.44,0,50.0
H074,P0037,17.9,0,50.0
H074,P0038,1120.7,0,50.0
H074,P0039,50.38,0,50.0
H074,P0040,50.33,0,50.0
H074,P0042,203.23,0,50.0
H074,P0043,418.05,0,50.0
H074,P0045,183.89,0,50.0
H074,P0046,125.04,0,50.0
H074,P0048,238.05,0,50.0
H074,P0049,24.84,0,50.0
H074,P0050,118.64,0,50.0
H074,P0051,282.75,0,50.0
H074,P0052,49.66,0,50.0
H074,P0053,298.7,0,50.0
H074,P0054,338.47,0,50.0
H074,P0056,122.12,0,50.0
H074,P0057,230.63,0,50.0
H074,P0058,249.7,0,50.0
H074,P0059,111.85,0,50.0
H074,P0061,551.94,0,50.0
H074,P0062,346.54,0,50.0
H074,P0063,493.96,0,50.0
H074,P0064,455.68,0,50.0
H074,P0065,40.42,0,50.0
H074,P0066,1384.54,0,50.0
H074,P0067,38.17,0,50.0
H074,P0068,169.5,0,50.0
H074,P0069,51.69,0,50.0
H074,P0070,248.21,0,50.0
H074,P0072,174.63,0,50.0
H074,P0075,176.16,0,50.0
H074,P0076,22.06,0,50.0
H074,P0077,547.47,0,50.0
H074,P0078,122.32,0,50.0
H074,P0079,70.79,0,50.0
H074,P0081,86.42,0,50.0
H074,P0082,199.76,0,50.0
H074,P0083,101.1,0,50.0
H074,P0084,62.38,0,50.0
H074,P0087,153.68,0,50.0
H074,P0088,70.94,0,50.0
H074,P0092,197.85,0,50.0
H074,P0093,165.25,0,50.0
H074,P0096,52.21,0,50.0
H074,P0097,88.93,0,50.0
H074,P0098,163.61,0,50.0
H074,P0099,116.52,0,50.0
H074,P0100,102.53,0,50.0
H074,P0101,160.46,0,50.0
H074,P0102,93.53,0,50.0
H074,P0105,108.64,0,50.0
H074,P0106,105.85,0,50.0
H074,P0107,219.55,0,50.0
H074,P0110,70.56,0,50.0
H074,P0113,179.88,0,50.0
H074,P0115,58.07,0,50.0
H074,P0118,92.96,0,50.0
H074,P0119,167.35,0,50.0
H074,P0120,125.87,0,50.0
H074,P0121,57.25,0,50.0
H074,P0122,199.54,0,50.0
H074,P0124,439.66,0,50.0
H074,P0125,230.7,0,50.0
H074,P0126,43.35,0,50.0
H074,P0128,121.12,0,50.0
H074,P0129,124.87,0,50.0
H074,P0131,29.33,0,50.0
H074,P0132,118.62,0,50.0
H074,P0133,182.63,0,50.0
H074,P0135,716.52,0,50.0
H074,P0137,85.95,0,50.0
H074,P0140,53.6,0,50.0
H074,P0142,386.97,0,50.0
H074,P0144,260.73,0,50.0
H074,P0145,168.49,0,50.0
H074,P0146,79.12,0,50.0
H074,P0147,151.11,0,50.0
H074,P0148,46.16,0,50.0
H074,P0149,286.51,0,50.0
H074,P0150,55.17,0,50.0
H075,P0001,176.76,1,0.0
H075,P0002,108.69,1,0.0
H075,P0003,166.06,1,0.0
H075,P0004,34.77,1,0.0
H075,P0006,121.39,1,0.0
H075,P0007,145.2,1,0.0
H075,P0009,84.25,1,0.0
H075,P0010,1446.53,1,0.0
H075,P0012,424.22,1,0.0
H075,P0013,160.44,1,0.0
H075,P0014,73.83,1,0.0
H075,P0016,72.66,1,0.0
H075,P0018,172.97,1,0.0
H075,P0019,425.6,1,0.0
H075,P0020,208.21,1,0.0
H075,P0021,160.14,1,0.0
H075,P0022,487.96,1,0.0
H075,P0023,126.13,1,0.0
H075,P0027,144.07,1,0.0
H075,P0028,83.54,1,0.0
H075,P0029,24.05,1,0.0
H075,P0031,185.5,1,0.0
H075,P0032,237.18,1,0.0
H075,P0033,625.97,1,0.0
H075,P0034,74.81,1,0.0
H075,P0035,219.22,1,0.0
H075,P0036,449.44,1,0.0
H075,P0037,17.9,1,0.0
H075,P0038,1120.7,1,0.0
H075,P0039,50.38,1,0.0
H075,P0040,50.33,1,0.0
H075,P0041,324.42,1,0.0
H075,P0042,203.23,1,0.0
H075,P0044,251.54,1,0.0
H075,P0045,183.89,1,0.0
H075,P0046,125.04,1,0.0
H075,P0047,69.69,1,0.0
H075,P0049,24.84,1,0.0
H075,P0050,118.64,1,0.0
H075,P0051,282.75,1,0.0
H075,P0052,49.66,1,0.0
H075,P0053,298.7,1,0.0
H075,P0054,338.47,1,0.0
H075,P0057,230.63,1,0.0
H075,P0058,249.7,1,0.0
H075,P0059,111.85,1,0.0
H075,P0061,551.94,1,0.0
H075,P0064,455.68,1,0.0
H075,P0065,40.42,1,0.0
H075,P0066,1384.54,1,0.0
H075,P0067,38.17,1,0.0
H075,P0068,169.5,1,0.0
H075,P0069,51.69,1,0.0
H075,P0070,248.21,1,0.0
H075,P0071,208.78,1,0.0
H075,P0073,10.56,1,0.0
H075,P0075,176.16,1,0.0
H075,P0078,122.32,1,0.0
H075,P0079,70.79,1,0.0
H075,P0080,207.1,1,0.0
H075,P0081,86.42,1,0.0
H075,P0082,199.76,1,0.0
H075,P0083,101.1,1,0.0
H075,P0084,62.38,1,0.0
H075,P0085,50.01,1,0.0
H075,P0087,153.68,1,0.0
H075,P0088,70.94,1,0.0
H075,P0090,63.37,1,0.0
H075,P0093,165.25,1,0.0
H075,P0094,554.13,1,0.0
H075,P0095,78.23,1,0.0
H075,P0096,52.21,1,0.0
H075,P0098,163.61,1,0.0
H075,P0099,116.52,1,0.0
H075,P0102,93.53,1,0.0
H075,P0104,272.0,1,0.0
H075,P0105,108.64,1,0.0
H075,P0106,105.85,1,0.0
H075,P0107,219.55,1,0.0
H075,P0108,200.89,1,0.0
H075,P0109,49.86,1,0.0
H075,P0110,70.56,1,0.0
H075,P0113,179.88,1,0.0
H075,P0114,87.55,1,0.0
H075,P0115,58.07,1,0.0
H075,P0116,40.87,1,0.0
H075,P0117,426.37,1,0.0
H075,P0119,167.35,1,0.0
H075,P0120,125.87,1,0.0
H075,P0121,57.25,1,0.0
H075,P0123,151.15,1,0.0
H075,P0124,439.66,1,0.0
H075,P0125,230.7,1,0.0
H075,P0126,43.35,1,0.0
H075,P0127,119.49,1,0.0
H075,P0128,121.12,1,0.0
H075,P0129,124.87,1,0.0
H075,P0131,29.33,1,0.0
H075,P0132,118.62,1,0.0
H075,P0133,182.63,1,0.0
H075,P0134,45.36,1,0.0
H075,P0135,716.52,1,0.0
H075,P0137,85.95,1,0.0
H075,P0139,33.81,1,0.0
H075,P0140,53.6,1,0.0
H075,P0141,50.65,1,0.0
H075,P0142,386.97,1,0.0
H075,P0143,68.49,1,0.0
H075,P0144,260.73,1,0.0
H075,P0145,168.49,1,0.0
H075,P0146,79.12,1,0.0
H075,P0147,151.11,1,0.0
H075,P0148,46.16,1,0.0
H075,P0150,55.17,1,0.0
H076,P0001,176.76,0,50.0
H076,P0002,108.69,0,50.0
H076,P0003,166.06,0,50.0
H076,P0005,362.15,0,50.0
H076,P0006,121.39,0,50.0
H076,P0007,145.2,0,50.0
H076,P0008,266.5,0,50.0
H076,P0009,84.25,0,50.0
H076,P0011,430.68,0,50.0
H076,P0013,160.44,0,50.0
H076,P0014,73.83,0,50.0
H076,P0016,72.66,0,50.0
H076,P0017,172.71,0,50.0
H076,P0018,172.97,0,50.0
H076,P0021,160.14,0,50.0
H076,P0023,126.13,0,50.0
H076,P0025,88.44,0,50.0
H076,P0027,144.07,0,50.0
H076,P0028,83.54,0,50.0
H076,P0029,24.05,0,50.0
H076,P0030,54.73,0,50.0
H076,P0031,185.5,0,50.0
H076,P0032,237.18,0,50.0
H076,P0033,625.97,0,50.0
H076,P0034,74.81,0,50.0
H076,P0035,219.22,0,50.0
H076,P0037,17.9,0,50.0
H076,P0038,1120.7,0,50.0
H076,P0041,324.42,0,50.0
H076,P0043,418.05,0,50.0
H076,P0044,251.54,0,50.0
H076,P0045,183.89,0,50.0
H076,P0046,125.04,0,50.0
H076,P0048,238.05,0,50.0
H076,P0050,118.64,0,50.0
H076,P0051,282.75,0,50.0
H076,P0052,49.66,0,50.0
H076,P0053,298.7,0,50.0
H076,P0056,122.12,0,50.0
H076,P0057,230.63,0,50.0
H076,P0059,111.85,0,50.0
H076,P0060,895.67,0,50.0
H076,P0061,551.94,0,50.0
H076,P0064,455.68,0,50.0
H076,P0066,1384.54,0,50.0
H076,P0067,38.17,0,50.0
H076,P0069,51.69,0,50.0
H076,P0070,248.21,0,50.0
H076,P0072,174.63,0,50.0
H076,P0073,10.56,0,50.0
H076,P0075,176.16,0,50.0
H076,P0079,70.79,0,50.0
H076,P0080,207.1,0,50.0
H076,P0081,86.42,0,50.0
H076,P0083,101.1,0,50.0
H076,P0084,62.38,0,50.0
H076,P0085,50.01,0,50.0
H076,P0087,153.68,0,50.0
H076,P0089,82.9,0,50.0
H076,P0090,63.37,0,50.0
H076,P0091,978.89,0,50.0
H076,P0092,197.85,0,50.0
H076,P0093,165.25,0,50.0
H076,P0097,88.93,0,50.0
H076,P0098,163.61,0,50.0
H076,P0100,102.53,0,50.0
H076,P0101,160.46,0,50.0
H076,P0103,51.65,0,50.0
H076,P0105,108.64,0,50.0
H076,P0106,105.85,0,50.0
H076,P0107,219.55,0,50.0
H076,P0108,200.89,0,50.0
H076,P0109,49.86,0,50.0
H076,P0111,38.73,0,50.0
H076,P0113,179.88,0,50.0
H076,P0114,87.55,0,50.0
H076,P0115,58.07,0,50.0
H076,P0118,92.96,0,50.0
H076,P0119,167.35,0,50.0
H076,P0120,125.87,0,50.0
H076,P0121,57.25,0,50.0
H076,P0122,199.54,0,50.0
H076,P0124,439.66,0,50.0
H076,P0126,43.35,0,50.0
H076,P0129,124.87,0,50.0
H076,P0131,29.33,0,50.0
H076,P0133,182.63,0,50.0
H076,P0134,45.36,0,50.0
H076,P0135,716.52,0,50.0
H076,P0136,241.63,0,50.0
H076,P0137,85.95,0,50.0
H076,P0138,851.47,0,50.0
H076,P0139,33.81,0,50.0
H076,P0140,53.6,0,50.0
H076,P0142,386.97,0,50.0
H076,P0145,168.49,0,50.0
H076,P0146,79.12,0,50.0
H076,P0147,151.11,0,50.0
H076,P0148,46.16,0,50.0
H076,P0149,286.51,0,50.0
H076,P0150,55.17,0,50.0
H077,P0001,176.76,0,50.0
H077,P0002,108.69,0,50.0
H077,P0003,166.06,0,50.0
H077,P0004,34.77,0,50.0
H077,P0005,362.15,0,50.0
H077,P0006,121.39,0,50.0
H077,P0007,145.2,0,50.0
H077,P0008,266.5,0,50.0
H077,P0009,84.25,0,50.0
H077,P0010,1446.53,0,50.0
H077,P0011,430.68,0,50.0
H077,P0012,424.22,0,50.0
H077,P0013,160.44,0,50.0
H077,P0014,73.83,0,50.0
H077,P0015,219.64,0,50.0
H077,P0016,72.66,0,50.0
H077,P0018,172.97,0,50.0
H077,P0019,425.6,0,50.0
H077,P0020,208.21,0,50.0
H077,P0021,160.14,0,50.0
H077,P0023,126.13,0,50.0
H077,P0025,88.44,0,50.0
H077,P0026,519.91,0,50.0
H077,P0027,144.07,0,50.0
H077,P0028,83.54,0,50.0
H077,P0029,24.05,0,50.0
H077,P0030,54.73,0,50.0
H077,P0031,185.5,0,50.0
H077,P0032,237.18,0,50.0
H077,P0033,625.97,0,50.0
H077,P0034,74.81,0,50.0
H077,P0035,219.22,0,50.0
H077,P0036,449.44,0,50.0
H077,P0037,17.9,0,50.0
H077,P0038,1120.7,0,50.0
H077,P0039,50.38,0,50.0
H077,P0040,50.33,0,50.0
H077,P0042,203.23,0,50.0
H077,P0043,418.05,0,50.0
H077,P0044,251.54,0,50.0
H077,P0045,183.89,0,50.0
H077,P0046,125.04,0,50.0
H077,P0047,69.69,0,50.0
H077,P0048,238.05,0,50.0
H077,P0049,24.84,0,50.0
H077,P0050,118.64,0,50.0
H077,P0051,282.75,0,50.0
H077,P0052,49.66,0,50.0
H077,P0053,298.7,0,50.0
H077,P0054,338.47,0,50.0
H077,P0055,150.09,0,50.0
H077,P0056,122.12,0,50.0
H077,P0057,230.63,0,50.0
H077,P0058,249.7,0,50.0
H077,P0059,111.85,0,50.0
H077,P0060,895.67,0,50.0
H077,P0061,551.94,0,50.0
H077,P0062,346.54,0,50.0
H077,P0063,493.96,0,50.0
H077,P0064,455.68,0,50.0
H077,P0065,40.42,0,50.0
H077,P0066,1384.54,0,50.0
H077,P0067,38.17,0,50.0
H077,P0068,169.5,0,50.0
H077,P0069,51.69,0,50.0
H077,P0070,248.21,0,50.0
H077,P0071,208.78,0,50.0
H077,P0072,174.63,0,50.0
H077,P0073,10.56,0,50.0
H077,P0075,176.16,0,50.0
H077,P0076,22.06,0,50.0
H077,P0078,122.32,0,50.0
H077,P0079,70.79,0,50.0
H077,P0081,86.42,0,50.0
H077,P0082,199.76,0,50.0
H077,P0083,101.1,0,50.0
H077,P0084,62.38,0,50.0
H077,P0085,50.01,0,50.0
H077,P0086,290.19,0,50.0
H077,P0087,153.68,0,50.0
H077,P0088,70.94,0,50.0
H077,P0089,82.9,0,50.0
H077,P0090,63.37,0,50.0
H077,P0091,978.89,0,50.0
H077,P0092,197.85,0,50.0
H077,P0093,165.25,0,50.0
H077,P0094,554.13,0,50.0
H077,P0095,78.23,0,50.0
H077,P0096,52.21,0,50.0
H077,P0097,88.93,0,50.0
H077,P0098,163.61,0,50.0
H077,P0099,116.52,0,50.0
H077,P0100,102.53,0,50.0
H077,P0101,160.46,0,50.0
H077,P0102,93.53,0,50.0
H077,P0103,51.65,0,50.0
H077,P0105,108.64,0,50.0
H077,P0106,105.85,0,50.0
H077,P0107,219.55,0,50.0
H077,P0108,200.89,0,50.0
H077,P0109,49.86,0,50.0
H077,P0110,70.56,0,50.0
H077,P0111,38.73,0,50.0
H077,P0112,46.06,0,50.0
H077,P0113,179.88,0,50.0
H077,P0114,87.55,0,50.0
H077,P0115,58.07,0,50.0
H077,P0116,40.87,0,50.0
H077,P0117,426.37,0,50.0
H077,P0118,92.96,0,50.0
H077,P0119,167.35,0,50.0
H077,P0121,57.25,0,50.0
H077,P0122,199.54,0,50.0
H077,P0124,439.66,0,50.0
H077,P0125,230.7,0,50.0
H077,P0126,43.35,0,50.0
H077,P0127,119.49,0,50.0
H077,P0129,124.87,0,50.0
H077,P0130,43.48,0,50.0
H077,P0131,29.33,0,50.0
H077,P0133,182.63,0,50.0
H077,P0134,45.36,0,50.0
H077,P0135,716.52,0,50.0
H077,P0136,241.63,0,50.0
H077,P0137,85.95,0,50.0
H077,P0138,851.47,0,50.0
H077,P0139,33.81,0,50.0
H077,P0140,53.6,0,50.0
H077,P0141,50.65,0,50.0
H077,P0142,386.97,0,50.0
H077,P0143,68.49,0,50.0
H077,P0144,260.73,0,50.0
H077,P0145,168.49,0,50.0
H077,P0146,79.12,0,50.0
H077,P0147,151.11,0,50.0
H077,P0148,46.16,0,50.0
H077,P0149,286.51,0,50.0
H077,P0150,55.17,0,50.0
H078,P0001,176.76,1,0.0
H078,P0002,108.69,1,0.0
H078,P0003,166.06,1,0.0
H078,P0004,34.77,1,0.0
H078,P0005,362.15,1,0.0
H078,P0006,121.39,1,0.0
H078,P0007,145.2,1,0.0
H078,P0008,266.5,1,0.0
H078,P0009,84.25,1,0.0
H078,P0010,1446.53,1,0.0
H078,P0011,430.68,1,0.0
H078,P0012,424.22,1,0.0
H078,P0013,160.44,1,0.0
H078,P0014,73.83,1,0.0
H078,P0015,219.64,1,0.0
H078,P0016,72.66,1,0.0
H078,P0017,172.71,1,0.0
H078,P0018,172.97,1,0.0
H078,P0019,425.6,1,0.0
H078,P0020,208.21,1,0.0
H078,P0022,487.96,1,0.0
H078,P0023,126.13,1,0.0
H078,P0024,86.75,1,0.0
H078,P0025,88.44,1,0.0
H078,P0026,519.91,1,0.0
H078,P0027,144.07,1,0.0
H078,P0028,83.54,1,0.0
H078,P0029,24.05,1,0.0
H078,P0031,185.5,1,0.0
H078,P0032,237.18,1,0.0
H078,P0035,219.22,1,0.0
H078,P0036,449.44,1,0.0
H078,P0037,17.9,1,0.0
H078,P0038,1120.7,1,0.0
H078,P0040,50.33,1,0.0
H078,P0041,324.42,1,0.0
H078,P0043,418.05,1,0.0
H078,P0044,251.54,1,0.0
H078,P0045,183.89,1,0.0
H078,P0046,125.04,1,0.0
H078,P0047,69.69,1,0.0
H078,P0049,24.84,1,0.0
H078,P0050,118.64,1,0.0
H078,P0052,49.66,1,0.0
H078,P0053,298.7,1,0.0
H078,P0054,338.47,1,0.0
H078,P0055,150.09,1,0.0
H078,P0056,122.12,1,0.0
H078,P0057,230.63,1,0.0
H078,P0058,249.7,1,0.0
H078,P0059,111.85,1,0.0
H078,P0060,895.67,1,0.0
H078,P0061,551.94,1,0.0
H078,P0062,346.54,1,0.0
H078,P0063,493.96,1,0.0
H078,P0064,455.68,1,0.0
H078,P0065,40.42,1,0.0
H078,P0066,1384.54,1,0.0
H078,P0067,38.17,1,0.0
H078,P0068,169.5,1,0.0
H078,P0069,51.69,1,0.0
H078,P0070,248.21,1,0.0
H078,P0071,208.78,1,0.0
H078,P0072,174.63,1,0.0
H078,P0073,10.56,1,0.0
H078,P0076,22.06,1,0.0
H078,P0079,70.79,1,0.0
H078,P0080,207.1,1,0.0
H078,P0081,86.42,1,0.0
H078,P0083,101.1,1,0.0
H078,P0084,62.38,1,0.0
H078,P0085,50.01,1,0.0
H078,P0086,290.19,1,0.0
H078,P0087,153.68,1,0.0
H078,P0088,70.94,1,0.0
H078,P0089,82.9,1,0.0
H078,P0091,978.89,1,0.0
H078,P0092,197.85,1,0.0
H078,P0093,165.25,1,0.0
H078,P0094,554.13,1,0.0
H078,P0095,78.23,1,0.0
H078,P0096,52.21,1,0.0
H078,P0097,88.93,1,0.0
H078,P0098,163.61,1,0.0
H078,P0099,116.52,1,0.0
H078,P0100,102.53,1,0.0
H078,P0101,160.46,1,0.0
H078,P0102,93.53,1,0.0
H078,P0103,51.65,1,0.0
H078,P0105,108.64,1,0.0
H078,P0106,105.85,1,0.0
H078,P0109,49.86,1,0.0
H078,P0110,70.56,1,0.0
H078,P0111,38.73,1,0.0
H078,P0113,179.88,1,0.0
H078,P0114,87.55,1,0.0
H078,P0115,58.07,1,0.0
H078,P0116,40.87,1,0.0
H078,P0117,426.37,1,0.0
H078,P0118,92.96,1,0.0
H078,P0119,167.35,1,0.0
H078,P0120,125.87,1,0.0
H078,P0121,57.25,1,0.0
H078,P0122,199.54,1,0.0
H078,P0124,439.66,1,0.0
H078,P0125,230.7,1,0.0
H078,P0126,43.35,1,0.0
H078,P0127,119.49,1,0.0
H078,P0128,121.12,1,0.0
H078,P0129,124.87,1,0.0
H078,P0130,43.48,1,0.0
H078,P0131,29.33,1,0.0
H078,P0132,118.62,1,0.0
H078,P0133,182.63,1,0.0
H078,P0134,45.36,1,0.0
H078,P0136,241.63,1,0.0
H078,P0137,85.95,1,0.0
H078,P0138,851.47,1,0.0
H078,P0140,53.6,1,0.0
H078,P0141,50.65,1,0.0
H078,P0142,386.97,1,0.0
H078,P0143,68.49,1,0.0
H078,P0144,260.73,1,0.0
H078,P0145,168.49,1,0.0
H078,P0146,79.12,1,0.0
H078,P0147,151.11,1,0.0
H078,P0148,46.16,1,0.0
H078,P0149,286.51,1,0.0
H078,P0150,55.17,1,0.0
H079,P0001,176.76,1,0.0
H079,P0002,108.69,1,0.0
H079,P0003,166.06,1,0.0
H079,P0005,362.15,1,0.0
H079,P0006,121.39,1,0.0
H079,P0007,145.2,1,0.0
H079,P0009,84.25,1,0.0
H079,P0011,430.68,1,0.0
H079,P0012,424.22,1,0.0
H079,P0013,160.44,1,0.0
H079,P0014,73.83,1,0.0
H079,P0015,219.64,1,0.0
H079,P0016,72.66,1,0.0
H079,P0017,172.71,1,0.0
H079,P0018,172.97,1,0.0
H079,P0019,425.6,1,0.0
H079,P0020,208.21,1,0.0
H079,P0021,160.14,1,0.0
H079,P0022,487.96,1,0.0
H079,P0023,126.13,1,0.0
H079,P0025,88.44,1,0.0
H079,P0026,519.91,1,0.0
H079,P0027,144.07,1,0.0
H079,P0028,83.54,1,0.0
H079,P0030,54.73,1,0.0
H079,P0031,185.5,1,0.0
H079,P0032,237.18,1,0.0
H079,P0033,625.97,1,0.0
H079,P0034,74.81,1,0.0
H079,P0035,219.22,1,0.0
H079,P0036,449.44,1,0.0
H079,P0037,17.9,1,0.0
H079,P0038,1120.7,1,0.0
H079,P0040,50.33,1,0.0
H079,P0043,418.05,1,0.0
H079,P0044,251.54,1,0.0
H079,P0045,183.89,1,0.0
H079,P0046,125.04,1,0.0
H079,P0047,69.69,1,0.0
H079,P0048,238.05,1,0.0
H079,P0049,24.84,1,0.0
H079,P0050,118.64,1,0.0
H079,P0051,282.75,1,0.0
H079,P0052,49.66,1,0.0
H079,P0053,298.7,1,0.0
H079,P0055,150.09,1,0.0
H079,P0056,122.12,1,0.0
H079,P0057,230.63,1,0.0
H079,P0058,249.7,1,0.0
H079,P0060,895.67,1,0.0
H079,P0061,551.94,1,0.0
H079,P0062,346.54,1,0.0
H079,P0063,493.96,1,0.0
H079,P0064,455.68,1,0.0
H079,P0065,40.42,1,0.0
H079,P0067,38.17,1,0.0
H079,P0068,169.5,1,0.0
H079,P0069,51.69,1,0.0
H079,P0070,248.21,1,0.0
H079,P0071,208.78,1,0.0
H079,P0072,174.63,1,0.0
H079,P0073,10.56,1,0.0
H079,P0075,176.16,1,0.0
H079,P0076,22.06,1,0.0
H079,P0078,122.32,1,0.0
H079,P0079,70.79,1,0.0
H079,P0081,86.42,1,0.0
H079,P0083,101.1,1,0.0
H079,P0084,62.38,1,0.0
H079,P0085,50.01,1,0.0
H079,P0087,153.68,1,0.0
H079,P0088,70.94,1,0.0
H079,P0089,82.9,1,0.0
H079,P0090,63.37,1,0.0
H079,P0091,978.89,1,0.0
H079,P0092,197.85,1,0.0
H079,P0093,165.25,1,0.0
H079,P0094,554.13,1,0.0
H079,P0096,52.21,1,0.0
H079,P0097,88.93,1,0.0
H079,P0098,163.61,1,0.0
H079,P0099,116.52,1,0.0
H079,P0100,102.53,1,0.0
H079,P0101,160.46,1,0.0
H079,P0102,93.53,1,0.0
H079,P0103,51.65,1,0.0
H079,P0105,108.64,1,0.0
H079,P0107,219.55,1,0.0
H079,P0108,200.89,1,0.0
H079,P0109,49.86,1,0.0
H079,P0110,70.56,1,0.0
H079,P0111,38.73,1,0.0
H079,P0113,179.88,1,0.0
H079,P0114,87.55,1,0.0
H079,P0115,58.07,1,0.0
H079,P0116,40.87,1,0.0
H079,P0117,426.37,1,0.0
H079,P0119,167.35,1,0.0
H079,P0120,125.87,1,0.0
H079,P0121,57.25,1,0.0
H079,P0122,199.54,1,0.0
H079,P0123,151.15,1,0.0
H079,P0124,439.66,1,0.0
H079,P0125,230.7,1,0.0
H079,P0126,43.35,1,0.0
H079,P0127,119.49,1,0.0
H079,P0128,121.12,1,0.0
H079,P0129,124.87,1,0.0
H079,P0131,29.33,1,0.0
H079,P0133,182.63,1,0.0
H079,P0134,45.36,1,0.0
H079,P0135,716.52,1,0.0
H079,P0136,241.63,1,0.0
H079,P0139,33.81,1,0.0
H079,P0140,53.6,1,0.0
H079,P0141,50.65,1,0.0
H079,P0142,386.97,1,0.0
H079,P0143,68.49,1,0.0
H079,P0145,168.49,1,0.0
H079,P0146,79.12,1,0.0
H079,P0147,151.11,1,0.0
H079,P0148,46.16,1,0.0
H079,P0149,286.51,1,0.0
H079,P0150,55.17,1,0.0
H080,P0002,108.69,1,0.0
H080,P0003,166.06,1,0.0
H080,P0004,34.77,1,0.0
H080,P0005,362.15,1,0.0
H080,P0007,145.2,1,0.0
H080,P0008,266.5,1,0.0
H080,P0009,84.25,1,0.0
H080,P0010,1446.53,1,0.0
H080,P0011,430.68,1,0.0
H080,P0012,424.22,1,0.0
H080,P0013,160.44,1,0.0
H080,P0014,73.83,1,0.0
H080,P0016,72.66,1,0.0
H080,P0018,172.97,1,0.0
H080,P0019,425.6,1,0.0
H080,P0020,208.21,1,0.0
H080,P0021,160.14,1,0.0
H080,P0022,487.96,1,0.0
H080,P0023,126.13,1,0.0
H080,P0025,88.44,1,0.0
H080,P0026,519.91,1,0.0
H080,P0027,144.07,1,0.0
H080,P0028,83.54,1,0.0
H080,P0029,24.05,1,0.0
H080,P0031,185.5,1,0.0
H080,P0032,237.18,1,0.0
H080,P0033,625.97,1,0.0
H080,P0034,74.81,1,0.0
H080,P0035,219.22,1,0.0
H080,P0037,17.9,1,0.0
H080,P0040,50.33,1,0.0
H080,P0043,418.05,1,0.0
H080,P0045,183.89,1,0.0
H080,P0046,125.04,1,0.0
H080,P0047,69.69,1,0.0
H080,P0049,24.84,1,0.0
H080,P0050,118.64,1,0.0
H080,P0052,49.66,1,0.0
H080,P0053,298.7,1,0.0
H080,P0054,338.47,1,0.0
H080,P0055,150.09,1,0.0
H080,P0056,122.12,1,0.0
H080,P0057,230.63,1,0.0
H080,P0058,249.7,1,0.0
H080,P0059,111.85,1,0.0
H080,P0060,895.67,1,0.0
H080,P0061,551.94,1,0.0
H080,P0062,346.54,1,0.0
H080,P0063,493.96,1,0.0
H080,P0064,455.68,1,0.0
H080,P0065,40.42,1,0.0
H080,P0066,1384.54,1,0.0
H080,P0067,38.17,1,0.0
H080,P0068,169.5,1,0.0
H080,P0069,51.69,1,0.0
H080,P0070,248.21,1,0.0
H080,P0075,176.16,1,0.0
H080,P0077,547.47,1,0.0
H080,P0078,122.32,1,0.0
H080,P0079,70.79,1,0.0
H080,P0081,86.42,1,0.0
H080,P0083,101.1,1,0.0
H080,P0084,62.38,1,0.0
H080,P0085,50.01,1,0.0
H080,P0087,153.68,1,0.0
H080,P0088,70.94,1,0.0
H080,P0089,82.9,1,0.0
H080,P0091,978.89,1,0.0
H080,P0092,197.85,1,0.0
H080,P0093,165.25,1,0.0
H080,P0095,78.23,1,0.0
H080,P0097,88.93,1,0.0
H080,P0098,163.61,1,0.0
H080,P0099,116.52,1,0.0
H080,P0100,102.53,1,0.0
H080,P0102,93.53,1,0.0
H080,P0103,51.65,1,0.0
H080,P0105,108.64,1,0.0
H080,P0106,105.85,1,0.0
H080,P0107,219.55,1,0.0
H080,P0110,70.56,1,0.0
H080,P0111,38.73,1,0.0
H080,P0116,40.87,1,0.0
H080,P0117,426.37,1,0.0
H080,P0118,92.96,1,0.0
H080,P0119,167.35,1,0.0
H080,P0121,57.25,1,0.0
H080,P0122,199.54,1,0.0
H080,P0124,439.66,1,0.0
H080,P0125,230.7,1,0.0
H080,P0126,43.35,1,0.0
H080,P0127,119.49,1,0.0
H080,P0129,124.87,1,0.0
H080,P0131,29.33,1,0.0
H080,P0132,118.62,1,0.0
H080,P0133,182.63,1,0.0
H080,P0134,45.36,1,0.0
H080,P0136,241.63,1,0.0
H080,P0139,33.81,1,0.0
H080,P0142,386.97,1,0.0
H080,P0143,68.49,1,0.0
H080,P0144,260.73,1,0.0
H080,P0145,168.49,1,0.0
H080,P0146,79.12,1,0.0
H080,P0147,151.11,1,0.0
H080,P0148,46.16,1,0.0
H080,P0149,286.51,1,0.0
H080,P0150,55.17,1,0.0
H081,P0001,176.76,0,50.0
H081,P0002,108.69,0,50.0
H081,P0003,166.06,0,50.0
H081,P0007,145.2,0,50.0
H081,P0010,1446.53,0,50.0
H081,P0012,424.22,0,50.0
H081,P0014,73.83,0,50.0
H081,P0016,72.66,0,50.0
H081,P0018,172.97,0,50.0
H081,P0019,425.6,0,50.0
H081,P0020,208.21,0,50.0
H081,P0021,160.14,0,50.0
H081,P0023,126.13,0,50.0
H081,P0024,86.75,0,50.0
H081,P0025,88.44,0,50.0
H081,P0028,83.54,0,50.0
H081,P0030,54.73,0,50.0
H081,P0031,185.5,0,50.0
H081,P0032,237.18,0,50.0
H081,P0033,625.97,0,50.0
H081,P0037,17.9,0,50.0
H081,P0043,418.05,0,50.0
H081,P0045,183.89,0,50.0
H081,P0047,69.69,0,50.0
H081,P0050,118.64,0,50.0
H081,P0051,282.75,0,50.0
H081,P0052,49.66,0,50.0
H081,P0057,230.63,0,50.0
H081,P0059,111.85,0,50.0
H081,P0061,551.94,0,50.0
H081,P0063,493.96,0,50.0
H081,P0064,455.68,0,50.0
H081,P0066,1384.54,0,50.0
H081,P0067,38.17,0,50.0
H081,P0068,169.5,0,50.0
H081,P0069,51.69,0,50.0
H081,P0070,248.21,0,50.0
H081,P0072,174.63,0,50.0
H081,P0074,289.71,0,50.0
H081,P0075,176.16,0,50.0
H081,P0076,22.06,0,50.0
H081,P0079,70.79,0,50.0
H081,P0081,86.42,0,50.0
H081,P0084,62.38,0,50.0
H081,P0089,82.9,0,50.0
H081,P0091,978.89,0,50.0
H081,P0097,88.93,0,50.0
H081,P0098,163.61,0,50.0
H081,P0099,116.52,0,50.0
H081,P0101,160.46,0,50.0
H081,P0103,51.65,0,50.0
H081,P0104,272.0,0,50.0
H081,P0105,108.64,0,50.0
H081,P0108,200.89,0,50.0
H081,P0109,49.86,0,50.0
H081,P0110,70.56,0,50.0
H081,P0113,179.88,0,50.0
H081,P0115,58.07,0,50.0
H081,P0116,40.87,0,50.0
H081,P0119,167.35,0,50.0
H081,P0120,125.87,0,50.0
H081,P0124,439.66,0,50.0
H081,P0126,43.35,0,50.0
H081,P0127,119.49,0,50.0
H081,P0129,124.87,0,50.0
H081,P0130,43.48,0,50.0
H081,P0131,29.33,0,50.0
H081,P0133,182.63,0,50.0
H081,P0134,45.36,0,50.0
H081,P0136,241.63,0,50.0
H081,P0141,50.65,0,50.0
H081,P0142,386.97,0,50.0
H081,P0145,168.49,0,50.0
H081,P0146,79.12,0,50.0
H081,P0147,151.11,0,50.0
H081,P0148,46.16,0,50.0
H082,P0002,108.69,0,50.0
H082,P0003,166.06,0,50.0
H082,P0004,34.77,0,50.0
H082,P0005,362.15,0,50.0
H082,P0008,266.5,0,50.0
H082,P0010,1446.53,0,50.0
H082,P0011,430.68,0,50.0
H082,P0012,424.22,0,50.0
H082,P0013,160.44,0,50.0
H082,P0014,73.83,0,50.0
H082,P0015,219.64,0,50.0
H082,P0016,72.66,0,50.0
H082,P0017,172.71,0,50.0
H082,P0018,172.97,0,50.0
H082,P0019,425.6,0,50.0
H082,P0020,208.21,0,50.0
H082,P0021,160.14,0,50.0
H082,P0023,126.13,0,50.0
H082,P0025,88.44,0,50.0
H082,P0027,144.07,0,50.0
H082,P0028,83.54,0,50.0
H082,P0029,24.05,0,50.0
H082,P0031,185.5,0,50.0
H082,P0032,237.18,0,50.0
H082,P0033,625.97,0,50.0
H082,P0037,17.9,0,50.0
H082,P0039,50.38,0,50.0
H082,P0040,50.33,0,50.0
H082,P0042,203.23,0,50.0
H082,P0043,418.05,0,50.0
H082,P0044,251.54,0,50.0
H082,P0045,183.89,0,50.0
H082,P0046,125.04,0,50.0
H082,P0047,69.69,0,50.0
H082,P0048,238.05,0,50.0
H082,P0049,24.84,0,50.0
H082,P0050,118.64,0,50.0
H082,P0052,49.66,0,50.0
H082,P0053,298.7,0,50.0
H082,P0054,338.47,0,50.0
H082,P0055,150.09,0,50.0
H082,P0056,122.12,0,50.0
H082,P0057,230.63,0,50.0
H082,P0058,249.7,0,50.0
H082,P0059,111.85,0,50.0
H082,P0060,895.67,0,50.0
H082,P0061,551.94,0,50.0
H082,P0062,346.54,0,50.0
H082,P0063,493.96,0,50.0
H082,P0064,455.68,0,50.0
H082,P0065,40.42,0,50.0
H082,P0066,1384.54,0,50.0
H082,P0067,38.17,0,50.0
H082,P0068,169.5,0,50.0
H082,P0069,51.69,0,50.0
H082,P0070,248.21,0,50.0
H082,P0071,208.78,0,50.0
H082,P0072,174.63,0,50.0
H082,P0073,10.56,0,50.0
H082,P0074,289.71,0,50.0
H082,P0075,176.16,0,50.0
H082,P0078,122.32,0,50.0
H082,P0079,70.79,0,50.0
H082,P0081,86.42,0,50.0
H082,P0082,199.76,0,50.0
H082,P0083,101.1,0,50.0
H082,P0084,62.38,0,50.0
H082,P0085,50.01,0,50.0
H082,P0087,153.68,0,50.0
H082,P0088,70.94,0,50.0
H082,P0089,82.9,0,50.0
H082,P0090,63.37,0,50.0
H082,P0093,165.25,0,50.0
H082,P0094,554.13,0,50.0
H082,P0095,78.23,0,50.0
H082,P0097,88.93,0,50.0
H082,P0098,163.61,0,50.0
H082,P0100,102.53,0,50.0
H082,P0101,160.46,0,50.0
H082,P0102,93.53,0,50.0
H082,P0103,51.65,0,50.0
H082,P0105,108.64,0,50.0
H082,P0106,105.85,0,50.0
H082,P0107,219.55,0,50.0
H082,P0108,200.89,0,50.0
H082,P0109,49.86,0,50.0
H082,P0110,70.56,0,50.0
H082,P0111,38.73,0,50.0
H082,P0112,46.06,0,50.0
H082,P0113,179.88,0,50.0
H082,P0114,87.55,0,50.0
H082,P0115,58.07,0,50.0
H082,P0116,40.87,0,50.0
H082,P0118,92.96,0,50.0
H082,P0119,167.35,0,50.0
H082,P0121,57.25,0,50.0
H082,P0123,151.15,0,50.0
H082,P0124,439.66,0,50.0
H082,P0127,119.49,0,50.0
H082,P0129,124.87,0,50.0
H082,P0131,29.33,0,50.0
H082,P0133,182.63,0,50.0
H082,P0134,45.36,0,50.0
H082,P0135,716.52,0,50.0
H082,P0136,241.63,0,50.0
H082,P0138,851.47,0,50.0
H082,P0139,33.81,0,50.0
H082,P0142,386.97,0,50.0
H082,P0143,68.49,0,50.0
H082,P0145,168.49,0,50.0
H082,P0146,79.12,0,50.0
H082,P0147,151.11,0,50.0
H082,P0148,46.16,0,50.0
H082,P0150,55.17,0,50.0
H083,P0002,108.69,1,0.0
H083,P0003,166.06,1,0.0
H083,P0004,34.77,1,0.0
H083,P0007,145.2,1,0.0
H083,P0009,84.25,1,0.0
H083,P0010,1446.53,1,0.0
H083,P0011,430.68,1,0.0
H083,P0012,424.22,1,0.0
H083,P0013,160.44,1,0.0
H083,P0014,73.83,1,0.0
H083,P0015,219.64,1,0.0
H083,P0016,72.66,1,0.0
H083,P0018,172.97,1,0.0
H083,P0019,425.6,1,0.0
H083,P0020,208.21,1,0.0
H083,P0021,160.14,1,0.0
H083,P0023,126.13,1,0.0
H083,P0025,88.44,1,0.0
H083,P0026,519.91,1,0.0
H083,P0027,144.07,1,0.0
H083,P0028,83.54,1,0.0
H083,P0029,24.05,1,0.0
H083,P0031,185.5,1,0.0
H083,P0032,237.18,1,0.0
H083,P0034,74.81,1,0.0
H083,P0036,449.44,1,0.0
H083,P0037,17.9,1,0.0
H083,P0038,1120.7,1,0.0
H083,P0039,50.38,1,0.0
H083,P0042,203.23,1,0.0
H083,P0043,418.05,1,0.0
H083,P0044,251.54,1,0.0
H083,P0045,183.89,1,0.0
H083,P0046,125.04,1,0.0
H083,P0047,69.69,1,0.0
H083,P0049,24.84,1,0.0
H083,P0050,118.64,1,0.0
H083,P0051,282.75,1,0.0
H083,P0052,49.66,1,0.0
H083,P0053,298.7,1,0.0
H083,P0054,338.47,1,0.0
H083,P0055,150.09,1,0.0
H083,P0056,122.12,1,0.0
H083,P0057,230.63,1,0.0
H083,P0058,249.7,1,0.0
H083,P0059,111.85,1,0.0
H083,P0060,895.67,1,0.0
H083,P0061,551.94,1,0.0
H083,P0063,493.96,1,0.0
H083,P0064,455.68,1,0.0
H083,P0065,40.42,1,0.0
H083,P0067,38.17,1,0.0
H083,P0068,169.5,1,0.0
H083,P0069,51.69,1,0.0
H083,P0070,248.21,1,0.0
H083,P0071,208.78,1,0.0
H083,P0072,174.63,1,0.0
H083,P0073,10.56,1,0.0
H083,P0075,176.16,1,0.0
H083,P0077,547.47,1,0.0
H083,P0079,70.79,1,0.0
H083,P0080,207.1,1,0.0
H083,P0081,86.42,1,0.0
H083,P0082,199.76,1,0.0
H083,P0083,101.1,1,0.0
H083,P0084,62.38,1,0.0
H083,P0085,50.01,1,0.0
H083,P0086,290.19,1,0.0
H083,P0088,70.94,1,0.0
H083,P0089,82.9,1,0.0
H083,P0091,978.89,1,0.0
H083,P0093,165.25,1,0.0
H083,P0096,52.21,1,0.0
H083,P0098,163.61,1,0.0
H083,P0099,116.52,1,0.0
H083,P0100,102.53,1,0.0
H083,P0101,160.46,1,0.0
H083,P0102,93.53,1,0.0
H083,P0105,108.64,1,0.0
H083,P0106,105.85,1,0.0
H083,P0107,219.55,1,0.0
H083,P0108,200.89,1,0.0
H083,P0109,49.86,1,0.0
H083,P0110,70.56,1,0.0
H083,P0111,38.73,1,0.0
H083,P0113,179.88,1,0.0
H083,P0114,87.55,1,0.0
H083,P0115,58.07,1,0.0
H083,P0116,40.87,1,0.0
H083,P0117,426.37,1,0.0
H083,P0119,167.35,1,0.0
H083,P0120,125.87,1,0.0
H083,P0121,57.25,1,0.0
H083,P0122,199.54,1,0.0
H083,P0123,151.15,1,0.0
H083,P0124,439.66,1,0.0
H083,P0125,230.7,1,0.0
H083,P0127,119.49,1,0.0
H083,P0129,124.87,1,0.0
H083,P0131,29.33,1,0.0
H083,P0132,118.62,1,0.0
H083,P0133,182.63,1,0.0
H083,P0134,45.36,1,0.0
H083,P0135,716.52,1,0.0
H083,P0136,241.63,1,0.0
H083,P0140,53.6,1,0.0
H083,P0141,50.65,1,0.0
H083,P0143,68.49,1,0.0
H083,P0144,260.73,1,0.0
H083,P0145,168.49,1,0.0
H083,P0146,79.12,1,0.0
H083,P0147,151.11,1,0.0
H083,P0148,46.16,1,0.0
H083,P0149,286.51,1,0.0
H083,P0150,55.17,1,0.0
H084,P0003,166.06,1,0.0
H084,P0004,34.77,1,0.0
H084,P0007,145.2,1,0.0
H084,P0008,266.5,1,0.0
H084,P0010,1446.53,1,0.0
H084,P0011,430.68,1,0.0
H084,P0012,424.22,1,0.0
H084,P0013,160.44,1,0.0
H084,P0014,73.83,1,0.0
H084,P0015,219.64,1,0.0
H084,P0016,72.66,1,0.0
H084,P0018,172.97,1,0.0
H084,P0020,208.21,1,0.0
H084,P0023,126.13,1,0.0
H084,P0027,144.07,1,0.0
H084,P0028,83.54,1,0.0
H084,P0031,185.5,1,0.0
H084,P0032,237.18,1,0.0
H084,P0033,625.97,1,0.0
H084,P0034,74.81,1,0.0
H084,P0037,17.9,1,0.0
H084,P0038,1120.7,1,0.0
H084,P0039,50.38,1,0.0
H084,P0040,50.33,1,0.0
H084,P0043,418.05,1,0.0
H084,P0045,183.89,1,0.0
H084,P0047,69.69,1,0.0
H084,P0048,238.05,1,0.0
H084,P0049,24.84,1,0.0
H084,P0051,282.75,1,0.0
H084,P0052,49.66,1,0.0
H084,P0053,298.7,1,0.0
H084,P0059,111.85,1,0.0
H084,P0060,895.67,1,0.0
H084,P0063,493.96,1,0.0
H084,P0064,455.68,1,0.0
H084,P0065,40.42,1,0.0
H084,P0066,1384.54,1,0.0
H084,P0067,38.17,1,0.0
H084,P0069,51.69,1,0.0
H084,P0070,248.21,1,0.0
H084,P0071,208.78,1,0.0
H084,P0073,10.56,1,0.0
H084,P0074,289.71,1,0.0
H084,P0076,22.06,1,0.0
H084,P0078,122.32,1,0.0
H084,P0079,70.79,1,0.0
H084,P0081,86.42,1,0.0
H084,P0082,199.76,1,0.0
H084,P0083,101.1,1,0.0
H084,P0084,62.38,1,0.0
H084,P0085,50.01,1,0.0
H084,P0086,290.19,1,0.0
H084,P0087,153.68,1,0.0
H084,P0089,82.9,1,0.0
H084,P0090,63.37,1,0.0
H084,P0091,978.89,1,0.0
H084,P0093,165.25,1,0.0
H084,P0094,554.13,1,0.0
H084,P0097,88.93,1,0.0
H084,P0098,163.61,1,0.0
H084,P0099,116.52,1,0.0
H084,P0101,160.46,1,0.0
H084,P0102,93.53,1,0.0
H084,P0104,272.0,1,0.0
H084,P0105,108.64,1,0.0
H084,P0106,105.85,1,0.0
H084,P0107,219.55,1,0.0
H084,P0108,200.89,1,0.0
H084,P0109,49.86,1,0.0
H084,P0110,70.56,1,0.0
H084,P0113,179.88,1,0.0
H084,P0118,92.96,1,0.0
H084,P0119,167.35,1,0.0
H084,P0121,57.25,1,0.0
H084,P0124,439.66,1,0.0
H084,P0125,230.7,1,0.0
H084,P0126,43.35,1,0.0
H084,P0127,119.49,1,0.0
H084,P0129,124.87,1,0.0
H084,P0131,29.33,1,0.0
H084,P0132,118.62,1,0.0
H084,P0133,182.63,1,0.0
H084,P0135,716.52,1,0.0
H084,P0136,241.63,1,0.0
H084,P0140,53.6,1,0.0
H084,P0143,68.49,1,0.0
H084,P0144,260.73,1,0.0
H084,P0145,168.49,1,0.0
H084,P0147,151.11,1,0.0
H084,P0148,46.16,1,0.0
H084,P0150,55.17,1,0.0
H085,P0002,108.69,1,0.0
H085,P0003,166.06,1,0.0
H085,P0004,34.77,1,0.0
H085,P0007,145.2,1,0.0
H085,P0008,266.5,1,0.0
H085,P0009,84.25,1,0.0
H085,P0012,424.22,1,0.0
H085,P0014,73.83,1,0.0
H085,P0015,219.64,1,0.0
H085,P0017,172.71,1,0.0
H085,P0018,172.97,1,0.0
H085,P0020,208.21,1,0.0
H085,P0023,126.13,1,0.0
H085,P0024,86.75,1,0.0
H085,P0026,519.91,1,0.0
H085,P0027,144.07,1,0.0
H085,P0029,24.05,1,0.0
H085,P0034,74.81,1,0.0
H085,P0037,17.9,1,0.0
H085,P0043,418.05,1,0.0
H085,P0045,183.89,1,0.0
H085,P0046,125.04,1,0.0
H085,P0047,69.69,1,0.0
H085,P0049,24.84,1,0.0
H085,P0055,150.09,1,0.0
H085,P0059,111.85,1,0.0
H085,P0062,346.54,1,0.0
H085,P0063,493.96,1,0.0
H085,P0066,1384.54,1,0.0
H085,P0067,38.17,1,0.0
H085,P0069,51.69,1,0.0
H085,P0070,248.21,1,0.0
H085,P0072,174.63,1,0.0
H085,P0073,10.56,1,0.0
H085,P0076,22.06,1,0.0
H085,P0077,547.47,1,0.0
H085,P0078,122.32,1,0.0
H085,P0079,70.79,1,0.0
H085,P0081,86.42,1,0.0
H085,P0083,101.1,1,0.0
H085,P0084,62.38,1,0.0
H085,P0085,50.01,1,0.0
H085,P0086,290.19,1,0.0
H085,P0087,153.68,1,0.0
H085,P0089,82.9,1,0.0
H085,P0091,978.89,1,0.0
H085,P0092,197.85,1,0.0
H085,P0093,165.25,1,0.0
H085,P0095,78.23,1,0.0
H085,P0096,52.21,1,0.0
H085,P0097,88.93,1,0.0
H085,P0098,163.61,1,0.0
H085,P0099,116.52,1,0.0
H085,P0100,102.53,1,0.0
H085,P0101,160.46,1,0.0
H085,P0102,93.53,1,0.0
H085,P0103,51.65,1,0.0
H085,P0106,105.85,1,0.0
H085,P0107,219.55,1,0.0
H085,P0109,49.86,1,0.0
H085,P0110,70.56,1,0.0
H085,P0111,38.73,1,0.0
H085,P0114,87.55,1,0.0
H085,P0118,92.96,1,0.0
H085,P0121,57.25,1,0.0
H085,P0122,199.54,1,0.0
H085,P0124,439.66,1,0.0
H085,P0126,43.35,1,0.0
H085,P0127,119.49,1,0.0
H085,P0131,29.33,1,0.0
H085,P0133,182.63,1,0.0
H085,P0134,45.36,1,0.0
H085,P0135,716.52,1,0.0
H085,P0139,33.81,1,0.0
H085,P0143,68.49,1,0.0
H085,P0144,260.73,1,0.0
H085,P0145,168.49,1,0.0
H085,P0147,151.11,1,0.0
H085,P0150,55.17,1,0.0
H086,P0002,108.69,0,50.0
H086,P0003,166.06,0,50.0
H086,P0004,34.77,0,50.0
H086,P0007,145.2,0,50.0
H086,P0008,266.5,0,50.0
H086,P0010,1446.53,0,50.0
H086,P0011,430.68,0,50.0
H086,P0012,424.22,0,50.0
H086,P0013,160.44,0,50.0
H086,P0014,73.83,0,50.0
H086,P0015,219.64,0,50.0
H086,P0016,72.66,0,50.0
H086,P0017,172.71,0,50.0
H086,P0019,425.6,0,50.0
H086,P0020,208.21,0,50.0
H086,P0021,160.14,0,50.0
H086,P0023,126.13,0,50.0
H086,P0024,86.75,0,50.0
H086,P0027,144.07,0,50.0
H086,P0028,83.54,0,50.0
H086,P0029,24.05,0,50.0
H086,P0030,54.73,0,50.0
H086,P0031,185.5,0,50.0
H086,P0032,237.18,0,50.0
H086,P0033,625.97,0,50.0
H086,P0034,74.81,0,50.0
H086,P0036,449.44,0,50.0
H086,P0038,1120.7,0,50.0
H086,P0039,50.38,0,50.0
H086,P0040,50.33,0,50.0
H086,P0041,324.42,0,50.0
H086,P0042,203.23,0,50.0
H086,P0043,418.05,0,50.0
H086,P0044,251.54,0,50.0
H086,P0045,183.89,0,50.0
H086,P0046,125.04,0,50.0
H086,P0047,69.69,0,50.0
H086,P0048,238.05,0,50.0
H086,P0049,24.84,0,50.0
H086,P0050,118.64,0,50.0
H086,P0052,49.66,0,50.0
H086,P0054,338.47,0,50.0
H086,P0055,150.09,0,50.0
H086,P0056,122.12,0,50.0
H086,P0057,230.63,0,50.0
H086,P0058,249.7,0,50.0
H086,P0059,111.85,0,50.0
H086,P0060,895.67,0,50.0
H086,P0061,551.94,0,50.0
H086,P0063,493.96,0,50.0
H086,P0064,455.68,0,50.0
H086,P0065,40.42,0,50.0
H086,P0066,1384.54,0,50.0
H086,P0067,38.17,0,50.0
H086,P0068,169.5,0,50.0
H086,P0069,51.69,0,50.0
H086,P0070,248.21,0,50.0
H086,P0071,208.78,0,50.0
H086,P0076,22.06,0,50.0
H086,P0077,547.47,0,50.0
H086,P0078,122.32,0,50.0
H086,P0079,70.79,0,50.0
H086,P0081,86.42,0,50.0
H086,P0082,199.76,0,50.0
H086,P0083,101.1,0,50.0
H086,P0084,62.38,0,50.0
H086,P0085,50.01,0,50.0
H086,P0086,290.19,0,50.0
H086,P0087,153.68,0,50.0
H086,P0088,70.94,0,50.0
H086,P0091,978.89,0,50.0
H086,P0092,197.85,0,50.0
H086,P0093,165.25,0,50.0
H086,P0094,554.13,0,50.0
H086,P0097,88.93,0,50.0
H086,P0098,163.61,0,50.0
H086,P0099,116.52,0,50.0
H086,P0100,102.53,0,50.0
H086,P0101,160.46,0,50.0
H086,P0105,108.64,0,50.0
H086,P0106,105.85,0,50.0
H086,P0107,219.55,0,50.0
H086,P0109,49.86,0,50.0
H086,P0110,70.56,0,50.0
H086,P0111,38.73,0,50.0
H086,P0112,46.06,0,50.0
H086,P0113,179.88,0,50.0
H086,P0116,40.87,0,50.0
H086,P0117,426.37,0,50.0
H086,P0118,92.96,0,50.0
H086,P0119,167.35,0,50.0
H086,P0120,125.87,0,50.0
H086,P0122,199.54,0,50.0
H086,P0123,151.15,0,50.0
H086,P0124,439.66,0,50.0
H086,P0125,230.7,0,50.0
H086,P0126,43.35,0,50.0
H086,P0127,119.49,0,50.0
H086,P0128,121.12,0,50.0
H086,P0129,124.87,0,50.0
H086,P0130,43.48,0,50.0
H086,P0131,29.33,0,50.0
H086,P0132,118.62,0,50.0
H086,P0133,182.63,0,50.0
H086,P0134,45.36,0,50.0
H086,P0137,85.95,0,50.0
H086,P0138,851.47,0,50.0
H086,P0139,33.81,0,50.0
H086,P0140,53.6,0,50.0
H086,P0141,50.65,0,50.0
H086,P0142,386.97,0,50.0
H086,P0144,260.73,0,50.0
H086,P0145,168.49,0,50.0
H086,P0146,79.12,0,50.0
H086,P0147,151.11,0,50.0
H086,P0148,46.16,0,50.0
H086,P0149,286.51,0,50.0
H086,P0150,55.17,0,50.0
H087,P0001,176.76,1,0.0
H087,P0002,108.69,1,0.0
H087,P0003,166.06,1,0.0
H087,P0004,34.77,1,0.0
H087,P0007,145.2,1,0.0
H087,P0008,266.5,1,0.0
H087,P0010,1446.53,1,0.0
H087,P0011,430.68,1,0.0
H087,P0012,424.22,1,0.0
H087,P0013,160.44,1,0.0
H087,P0014,73.83,1,0.0
H087,P0015,219.64,1,0.0
H087,P0016,72.66,1,0.0
H087,P0018,172.97,1,0.0
H087,P0019,425.6,1,0.0
H087,P0020,208.21,1,0.0
H087,P0021,160.14,1,0.0
H087,P0023,126.13,1,0.0
H087,P0025,88.44,1,0.0
H087,P0027,144.07,1,0.0
H087,P0028,83.54,1,0.0
H087,P0029,24.05,1,0.0
H087,P0030,54.73,1,0.0
H087,P0031,185.5,1,0.0
H087,P0032,237.18,1,0.0
H087,P0034,74.81,1,0.0
H087,P0036,449.44,1,0.0
H087,P0037,17.9,1,0.0
H087,P0038,1120.7,1,0.0
H087,P0041,324.42,1,0.0
H087,P0043,418.05,1,0.0
H087,P0044,251.54,1,0.0
H087,P0045,183.89,1,0.0
H087,P0046,125.04,1,0.0
H087,P0047,69.69,1,0.0
H087,P0048,238.05,1,0.0
H087,P0049,24.84,1,0.0
H087,P0050,118.64,1,0.0
H087,P0051,282.75,1,0.0
H087,P0052,49.66,1,0.0
H087,P0053,298.7,1,0.0
H087,P0054,338.47,1,0.0
H087,P0055,150.09,1,0.0
H087,P0057,230.63,1,0.0
H087,P0059,111.85,1,0.0
H087,P0060,895.67,1,0.0
H087,P0061,551.94,1,0.0
H087,P0062,346.54,1,0.0
H087,P0063,493.96,1,0.0
H087,P0064,455.68,1,0.0
H087,P0065,40.42,1,0.0
H087,P0066,1384.54,1,0.0
H087,P0067,38.17,1,0.0
H087,P0068,169.5,1,0.0
H087,P0069,51.69,1,0.0
H087,P0070,248.21,1,0.0
H087,P0071,208.78,1,0.0
H087,P0073,10.56,1,0.0
H087,P0074,289.71,1,0.0
H087,P0075,176.16,1,0.0
H087,P0076,22.06,1,0.0
H087,P0078,122.32,1,0.0
H087,P0079,70.79,1,0.0
H087,P0080,207.1,1,0.0
H087,P0081,86.42,1,0.0
H087,P0082,199.76,1,0.0
H087,P0083,101.1,1,0.0
H087,P0084,62.38,1,0.0
H087,P0085,50.01,1,0.0
H087,P0086,290.19,1,0.0
H087,P0087,153.68,1,0.0
H087,P0088,70.94,1,0.0
H087,P0090,63.37,1,0.0
H087,P0091,978.89,1,0.0
H087,P0092,197.85,1,0.0
H087,P0093,165.25,1,0.0
H087,P0094,554.13,1,0.0
H087,P0096,52.21,1,0.0
H087,P0097,88.93,1,0.0
H087,P0098,163.61,1,0.0
H087,P0100,102.53,1,0.0
H087,P0101,160.46,1,0.0
H087,P0102,93.53,1,0.0
H087,P0103,51.65,1,0.0
H087,P0105,108.64,1,0.0
H087,P0106,105.85,1,0.0
H087,P0107,219.55,1,0.0
H087,P0108,200.89,1,0.0
H087,P0109,49.86,1,0.0
H087,P0110,70.56,1,0.0
H087,P0113,179.88,1,0.0
H087,P0114,87.55,1,0.0
H087,P0115,58.07,1,0.0
H087,P0116,40.87,1,0.0
H087,P0117,426.37,1,0.0
H087,P0121,57.25,1,0.0
H087,P0122,199.54,1,0.0
H087,P0123,151.15,1,0.0
H087,P0124,439.66,1,0.0
H087,P0125,230.7,1,0.0
H087,P0126,43.35,1,0.0
H087,P0127,119.49,1,0.0
H087,P0128,121.12,1,0.0
H087,P0129,124.87,1,0.0
H087,P0131,29.33,1,0.0
H087,P0134,45.36,1,0.0
H087,P0135,716.52,1,0.0
H087,P0138,851.47,1,0.0
H087,P0140,53.6,1,0.0
H087,P0142,386.97,1,0.0
H087,P0143,68.49,1,0.0
H087,P0144,260.73,1,0.0
H087,P0145,168.49,1,0.0
H087,P0146,79.12,1,0.0
H087,P0148,46.16,1,0.0
H087,P0149,286.51,1,0.0
H087,P0150,55.17,1,0.0
H088,P0002,108.69,1,0.0
H088,P0003,166.06,1,0.0
H088,P0007,145.2,1,0.0
H088,P0008,266.5,1,0.0
H088,P0012,424.22,1,0.0
H088,P0013,160.44,1,0.0
H088,P0014,73.83,1,0.0
H088,P0016,72.66,1,0.0
H088,P0017,172.71,1,0.0
H088,P0018,172.97,1,0.0
H088,P0019,425.6,1,0.0
H088,P0020,208.21,1,0.0
H088,P0021,160.14,1,0.0
H088,P0023,126.13,1,0.0
H088,P0024,86.75,1,0.0
H088,P0025,88.44,1,0.0
H088,P0027,144.07,1,0.0
H088,P0028,83.54,1,0.0
H088,P0029,24.05,1,0.0
H088,P0031,185.5,1,0.0
H088,P0032,237.18,1,0.0
H088,P0033,625.97,1,0.0
H088,P0034,74.81,1,0.0
H088,P0035,219.22,1,0.0
H088,P0036,449.44,1,0.0
H088,P0037,17.9,1,0.0
H088,P0038,1120.7,1,0.0
H088,P0039,50.38,1,0.0
H088,P0040,50.33,1,0.0
H088,P0043,418.05,1,0.0
H088,P0044,251.54,1,0.0
H088,P0045,183.89,1,0.0
H088,P0046,125.04,1,0.0
H088,P0048,238.05,1,0.0
H088,P0049,24.84,1,0.0
H088,P0050,118.64,1,0.0
H088,P0051,282.75,1,0.0
H088,P0052,49.66,1,0.0
H088,P0053,298.7,1,0.0
H088,P0055,150.09,1,0.0
H088,P0057,230.63,1,0.0
H088,P0058,249.7,1,0.0
H088,P0059,111.85,1,0.0
H088,P0061,551.94,1,0.0
H088,P0063,493.96,1,0.0
H088,P0064,455.68,1,0.0
H088,P0065,40.42,1,0.0
H088,P0066,1384.54,1,0.0
H088,P0067,38.17,1,0.0
H088,P0068,169.5,1,0.0
H088,P0069,51.69,1,0.0
H088,P0072,174.63,1,0.0
H088,P0073,10.56,1,0.0
H088,P0075,176.16,1,0.0
H088,P0077,547.47,1,0.0
H088,P0078,122.32,1,0.0
H088,P0079,70.79,1,0.0
H088,P0081,86.42,1,0.0
H088,P0082,199.76,1,0.0
H088,P0083,101.1,1,0.0
H088,P0084,62.38,1,0.0
H088,P0085,50.01,1,0.0
H088,P0086,290.19,1,0.0
H088,P0087,153.68,1,0.0
H088,P0088,70.94,1,0.0
H088,P0089,82.9,1,0.0
H088,P0091,978.89,1,0.0
H088,P0093,165.25,1,0.0
H088,P0097,88.93,1,0.0
H088,P0098,163.61,1,0.0
H088,P0099,116.52,1,0.0
H088,P0100,102.53,1,0.0
H088,P0101,160.46,1,0.0
H088,P0102,93.53,1,0.0
H088,P0103,51.65,1,0.0
H088,P0105,108.64,1,0.0
H088,P0107,219.55,1,0.0
H088,P0110,70.56,1,0.0
H088,P0112,46.06,1,0.0
H088,P0114,87.55,1,0.0
H088,P0116,40.87,1,0.0
H088,P0118,92.96,1,0.0
H088,P0119,167.35,1,0.0
H088,P0121,57.25,1,0.0
H088,P0123,151.15,1,0.0
H088,P0124,439.66,1,0.0
H088,P0125,230.7,1,0.0
H088,P0127,119.49,1,0.0
H088,P0129,124.87,1,0.0
H088,P0130,43.48,1,0.0
H088,P0131,29.33,1,0.0
H088,P0134,45.36,1,0.0
H088,P0135,716.52,1,0.0
H088,P0136,241.63,1,0.0
H088,P0138,851.47,1,0.0
H088,P0139,33.81,1,0.0
H088,P0140,53.6,1,0.0
H088,P0141,50.65,1,0.0
H088,P0142,386.97,1,0.0
H088,P0143,68.49,1,0.0
H088,P0144,260.73,1,0.0
H088,P0145,168.49,1,0.0
H088,P0146,79.12,1,0.0
H088,P0147,151.11,1,0.0
H088,P0148,46.16,1,0.0
H088,P0149,286.51,1,0.0
H088,P0150,55.17,1,0.0
H089,P0002,108.69,1,0.0
H089,P0003,166.06,1,0.0
H089,P0005,362.15,1,0.0
H089,P0006,121.39,1,0.0
H089,P0007,145.2,1,0.0
H089,P0009,84.25,1,0.0
H089,P0010,1446.53,1,0.0
H089,P0011,430.68,1,0.0
H089,P0012,424.22,1,0.0
H089,P0013,160.44,1,0.0
H089,P0016,72.66,1,0.0
H089,P0018,172.97,1,0.0
H089,P0019,425.6,1,0.0
H089,P0021,160.14,1,0.0
H089,P0022,487.96,1,0.0
H089,P0023,126.13,1,0.0
H089,P0027,144.07,1,0.0
H089,P0028,83.54,1,0.0
H089,P0030,54.73,1,0.0
H089,P0031,185.5,1,0.0
H089,P0032,237.18,1,0.0
H089,P0037,17.9,1,0.0
H089,P0039,50.38,1,0.0
H089,P0040,50.33,1,0.0
H089,P0042,203.23,1,0.0
H089,P0043,418.05,1,0.0
H089,P0045,183.89,1,0.0
H089,P0046,125.04,1,0.0
H089,P0047,69.69,1,0.0
H089,P0050,118.64,1,0.0
H089,P0052,49.66,1,0.0
H089,P0053,298.7,1,0.0
H089,P0054,338.47,1,0.0
H089,P0059,111.85,1,0.0
H089,P0061,551.94,1,0.0
H089,P0062,346.54,1,0.0
H089,P0063,493.96,1,0.0
H089,P0064,455.68,1,0.0
H089,P0065,40.42,1,0.0
H089,P0066,1384.54,1,0.0
H089,P0067,38.17,1,0.0
H089,P0069,51.69,1,0.0
H089,P0070,248.21,1,0.0
H089,P0071,208.78,1,0.0
H089,P0073,10.56,1,0.0
H089,P0077,547.47,1,0.0
H089,P0078,122.32,1,0.0
H089,P0079,70.79,1,0.0
H089,P0081,86.42,1,0.0
H089,P0082,199.76,1,0.0
H089,P0083,101.1,1,0.0
H089,P0084,62.38,1,0.0
H089,P0085,50.01,1,0.0
H089,P0087,153.68,1,0.0
H089,P0088,70.94,1,0.0
H089,P0089,82.9,1,0.0
H089,P0090,63.37,1,0.0
H089,P0091,978.89,1,0.0
H089,P0093,165.25,1,0.0
H089,P0096,52.21,1,0.0
H089,P0097,88.93,1,0.0
H089,P0098,163.61,1,0.0
H089,P0100,102.53,1,0.0
H089,P0102,93.53,1,0.0
H089,P0103,51.65,1,0.0
H089,P0104,272.0,1,0.0
H089,P0105,108.64,1,0.0
H089,P0106,105.85,1,0.0
H089,P0107,219.55,1,0.0
H089,P0108,200.89,1,0.0
H089,P0110,70.56,1,0.0
H089,P0113,179.88,1,0.0
H089,P0114,87.55,1,0.0
H089,P0115,58.07,1,0.0
H089,P0118,92.96,1,0.0
H089,P0119,167.35,1,0.0
H089,P0122,199.54,1,0.0
H089,P0124,439.66,1,0.0
H089,P0125,230.7,1,0.0
H089,P0126,43.35,1,0.0
H089,P0128,121.12,1,0.0
H089,P0129,124.87,1,0.0
H089,P0131,29.33,1,0.0
H089,P0133,182.63,1,0.0
H089,P0134,45.36,1,0.0
H089,P0135,716.52,1,0.0
H089,P0136,241.63,1,0.0
H089,P0137,85.95,1,0.0
H089,P0141,50.65,1,0.0
H089,P0142,386.97,1,0.0
H089,P0144,260.73,1,0.0
H089,P0145,168.49,1,0.0
H089,P0146,79.12,1,0.0
H089,P0147,151.11,1,0.0
H089,P0148,46.16,1,0.0
H089,P0149,286.51,1,0.0
H089,P0150,55.17,1,0.0
H090,P0002,108.69,1,0.0
H090,P0003,166.06,1,0.0
H090,P0004,34.77,1,0.0
H090,P0007,145.2,1,0.0
H090,P0009,84.25,1,0.0
H090,P0010,1446.53,1,0.0
H090,P0011,430.68,1,0.0
H090,P0012,424.22,1,0.0
H090,P0013,160.44,1,0.0
H090,P0016,72.66,1,0.0
H090,P0018,172.97,1,0.0
H090,P0019,425.6,1,0.0
H090,P0020,208.21,1,0.0
H090,P0021,160.14,1,0.0
H090,P0023,126.13,1,0.0
H090,P0026,519.91,1,0.0
H090,P0027,144.07,1,0.0
H090,P0028,83.54,1,0.0
H090,P0029,24.05,1,0.0
H090,P0031,185.5,1,0.0
H090,P0032,237.18,1,0.0
H090,P0033,625.97,1,0.0
H090,P0034,74.81,1,0.0
H090,P0035,219.22,1,0.0
H090,P0036,449.44,1,0.0
H090,P0037,17.9,1,0.0
H090,P0038,1120.7,1,0.0
H090,P0040,50.33,1,0.0
H090,P0041,324.42,1,0.0
H090,P0042,203.23,1,0.0
H090,P0043,418.05,1,0.0
H090,P0044,251.54,1,0.0
H090,P0045,183.89,1,0.0
H090,P0046,125.04,1,0.0
H090,P0049,24.84,1,0.0
H090,P0050,118.64,1,0.0
H090,P0051,282.75,1,0.0
H090,P0052,49.66,1,0.0
H090,P0053,298.7,1,0.0
H090,P0055,150.09,1,0.0
H090,P0057,230.63,1,0.0
H090,P0059,111.85,1,0.0
H090,P0061,551.94,1,0.0
H090,P0062,346.54,1,0.0
H090,P0063,493.96,1,0.0
H090,P0064,455.68,1,0.0
H090,P0065,40.42,1,0.0
H090,P0066,1384.54,1,0.0
H090,P0067,38.17,1,0.0
H090,P0068,169.5,1,0.0
H090,P0069,51.69,1,0.0
H090,P0071,208.78,1,0.0
H090,P0073,10.56,1,0.0
H090,P0074,289.71,1,0.0
H090,P0075,176.16,1,0.0
H090,P0078,122.32,1,0.0
H090,P0079,70.79,1,0.0
H090,P0081,86.42,1,0.0
H090,P0083,101.1,1,0.0
H090,P0084,62.38,1,0.0
H090,P0085,50.01,1,0.0
H090,P0087,153.68,1,0.0
H090,P0090,63.37,1,0.0
H090,P0091,978.89,1,0.0
H090,P0092,197.85,1,0.0
H090,P0093,165.25,1,0.0
H090,P0095,78.23,1,0.0
H090,P0097,88.93,1,0.0
H090,P0098,163.61,1,0.0
H090,P0099,116.52,1,0.0
H090,P0100,102.53,1,0.0
H090,P0101,160.46,1,0.0
H090,P0102,93.53,1,0.0
H090,P0103,51.65,1,0.0
H090,P0104,272.0,1,0.0
H090,P0105,108.64,1,0.0
H090,P0107,219.55,1,0.0
H090,P0108,200.89,1,0.0
H090,P0109,49.86,1,0.0
H090,P0110,70.56,1,0.0
H090,P0111,38.73,1,0.0
H090,P0112,46.06,1,0.0
H090,P0113,179.88,1,0.0
H090,P0114,87.55,1,0.0
H090,P0118,92.96,1,0.0
H090,P0119,167.35,1,0.0
H090,P0120,125.87,1,0.0
H090,P0121,57.25,1,0.0
H090,P0122,199.54,1,0.0
H090,P0123,151.15,1,0.0
H090,P0124,439.66,1,0.0
H090,P0125,230.7,1,0.0
H090,P0126,43.35,1,0.0
H090,P0127,119.49,1,0.0
H090,P0128,121.12,1,0.0
H090,P0129,124.87,1,0.0
H090,P0130,43.48,1,0.0
H090,P0131,29.33,1,0.0
H090,P0133,182.63,1,0.0
H090,P0134,45.36,1,0.0
H090,P0135,716.52,1,0.0
H090,P0136,241.63,1,0.0
H090,P0138,851.47,1,0.0
H090,P0140,53.6,1,0.0
H090,P0141,50.65,1,0.0
H090,P0142,386.97,1,0.0
H090,P0143,68.49,1,0.0
H090,P0144,260.73,1,0.0
H090,P0145,168.49,1,0.0
H090,P0146,79.12,1,0.0
H090,P0147,151.11,1,0.0
H090,P0148,46.16,1,0.0
H090,P0149,286.51,1,0.0
H090,P0150,55.17,1,0.0
H091,P0001,176.76,1,0.0
H091,P0002,108.69,1,0.0
H091,P0003,166.06,1,0.0
H091,P0004,34.77,1,0.0
H091,P0005,362.15,1,0.0
H091,P0007,145.2,1,0.0
H091,P0008,266.5,1,0.0
H091,P0009,84.25,1,0.0
H091,P0010,1446.53,1,0.0
H091,P0011,430.68,1,0.0
H091,P0012,424.22,1,0.0
H091,P0014,73.83,1,0.0
H091,P0016,72.66,1,0.0
H091,P0017,172.71,1,0.0
H091,P0018,172.97,1,0.0
H091,P0019,425.6,1,0.0
H091,P0020,208.21,1,0.0
H091,P0021,160.14,1,0.0
H091,P0023,126.13,1,0.0
H091,P0024,86.75,1,0.0
H091,P0026,519.91,1,0.0
H091,P0027,144.07,1,0.0
H091,P0030,54.73,1,0.0
H091,P0031,185.5,1,0.0
H091,P0032,237.18,1,0.0
H091,P0035,219.22,1,0.0
H091,P0036,449.44,1,0.0
H091,P0037,17.9,1,0.0
H091,P0038,1120.7,1,0.0
H091,P0039,50.38,1,0.0
H091,P0040,50.33,1,0.0
H091,P0043,418.05,1,0.0
H091,P0044,251.54,1,0.0
H091,P0045,183.89,1,0.0
H091,P0046,125.04,1,0.0
H091,P0047,69.69,1,0.0
H091,P0048,238.05,1,0.0
H091,P0049,24.84,1,0.0
H091,P0050,118.64,1,0.0
H091,P0051,282.75,1,0.0
H091,P0053,298.7,1,0.0
H091,P0054,338.47,1,0.0
H091,P0056,122.12,1,0.0
H091,P0058,249.7,1,0.0
H091,P0059,111.85,1,0.0
H091,P0060,895.67,1,0.0
H091,P0061,551.94,1,0.0
H091,P0064,455.68,1,0.0
H091,P0066,1384.54,1,0.0
H091,P0067,38.17,1,0.0
H091,P0068,169.5,1,0.0
H091,P0069,51.69,1,0.0
H091,P0070,248.21,1,0.0
H091,P0071,208.78,1,0.0
H091,P0072,174.63,1,0.0
H091,P0073,10.56,1,0.0
H091,P0075,176.16,1,0.0
H091,P0076,22.06,1,0.0
H091,P0078,122.32,1,0.0
H091,P0079,70.79,1,0.0
H091,P0081,86.42,1,0.0
H091,P0082,199.76,1,0.0
H091,P0083,101.1,1,0.0
H091,P0084,62.38,1,0.0
H091,P0085,50.01,1,0.0
H091,P0087,153.68,1,0.0
H091,P0088,70.94,1,0.0
H091,P0089,82.9,1,0.0
H091,P0090,63.37,1,0.0
H091,P0092,197.85,1,0.0
H091,P0093,165.25,1,0.0
H091,P0094,554.13,1,0.0
H091,P0096,52.21,1,0.0
H091,P0097,88.93,1,0.0
H091,P0098,163.61,1,0.0
H091,P0099,116.52,1,0.0
H091,P0100,102.53,1,0.0
H091,P0101,160.46,1,0.0
H091,P0102,93.53,1,0.0
H091,P0103,51.65,1,0.0
H091,P0104,272.0,1,0.0
H091,P0105,108.64,1,0.0
H091,P0106,105.85,1,0.0
H091,P0107,219.55,1,0.0
H091,P0108,200.89,1,0.0
H091,P0110,70.56,1,0.0
H091,P0111,38.73,1,0.0
H091,P0112,46.06,1,0.0
H091,P0113,179.88,1,0.0
H091,P0114,87.55,1,0.0
H091,P0115,58.07,1,0.0
H091,P0116,40.87,1,0.0
H091,P0117,426.37,1,0.0
H091,P0118,92.96,1,0.0
H091,P0119,167.35,1,0.0
H091,P0121,57.25,1,0.0
H091,P0124,439.66,1,0.0
H091,P0125,230.7,1,0.0
H091,P0126,43.35,1,0.0
H091,P0127,119.49,1,0.0
H091,P0128,121.12,1,0.0
H091,P0129,124.87,1,0.0
H091,P0131,29.33,1,0.0
H091,P0133,182.63,1,0.0
H091,P0134,45.36,1,0.0
H091,P0135,716.52,1,0.0
H091,P0136,241.63,1,0.0
H091,P0137,85.95,1,0.0
H091,P0138,851.47,1,0.0
H091,P0139,33.81,1,0.0
H091,P0140,53.6,1,0.0
H091,P0141,50.65,1,0.0
H091,P0142,386.97,1,0.0
H091,P0143,68.49,1,0.0
H091,P0144,260.73,1,0.0
H091,P0145,168.49,1,0.0
H091,P0146,79.12,1,0.0
H091,P0147,151.11,1,0.0
H091,P0148,46.16,1,0.0
H091,P0149,286.51,1,0.0
H091,P0150,55.17,1,0.0
H092,P0002,108.69,0,50.0
H092,P0003,166.06,0,50.0
H092,P0004,34.77,0,50.0
H092,P0007,145.2,0,50.0
H092,P0008,266.5,0,50.0
H092,P0009,84.25,0,50.0
H092,P0010,1446.53,0,50.0
H092,P0011,430.68,0,50.0
H092,P0012,424.22,0,50.0
H092,P0013,160.44,0,50.0
H092,P0016,72.66,0,50.0
H092,P0017,172.71,0,50.0
H092,P0018,172.97,0,50.0
H092,P0019,425.6,0,50.0
H092,P0020,208.21,0,50.0
H092,P0023,126.13,0,50.0
H092,P0024,86.75,0,50.0
H092,P0026,519.91,0,50.0
H092,P0027,144.07,0,50.0
H092,P0028,83.54,0,50.0
H092,P0029,24.05,0,50.0
H092,P0030,54.73,0,50.0
H092,P0031,185.5,0,50.0
H092,P0032,237.18,0,50.0
H092,P0033,625.97,0,50.0
H092,P0034,74.81,0,50.0
H092,P0036,449.44,0,50.0
H092,P0037,17.9,0,50.0
H092,P0038,1120.7,0,50.0
H092,P0039,50.38,0,50.0
H092,P0040,50.33,0,50.0
H092,P0041,324.42,0,50.0
H092,P0043,418.05,0,50.0
H092,P0044,251.54,0,50.0
H092,P0045,183.89,0,50.0
H092,P0046,125.04,0,50.0
H092,P0047,69.69,0,50.0
H092,P0048,238.05,0,50.0
H092,P0049,24.84,0,50.0
H092,P0050,118.64,0,50.0
H092,P0052,49.66,0,50.0
H092,P0053,298.7,0,50.0
H092,P0054,338.47,0,50.0
H092,P0055,150.09,0,50.0
H092,P0056,122.12,0,50.0
H092,P0057,230.63,0,50.0
H092,P0058,249.7,0,50.0
H092,P0059,111.85,0,50.0
H092,P0060,895.67,0,50.0
H092,P0061,551.94,0,50.0
H092,P0062,346.54,0,50.0
H092,P0063,493.96,0,50.0
H092,P0064,455.68,0,50.0
H092,P0065,40.42,0,50.0
H092,P0066,1384.54,0,50.0
H092,P0067,38.17,0,50.0
H092,P0068,169.5,0,50.0
H092,P0069,51.69,0,50.0
H092,P0070,248.21,0,50.0
H092,P0071,208.78,0,50.0
H092,P0072,174.63,0,50.0
H092,P0073,10.56,0,50.0
H092,P0074,289.71,0,50.0
H092,P0076,22.06,0,50.0
H092,P0077,547.47,0,50.0
H092,P0078,122.32,0,50.0
H092,P0079,70.79,0,50.0
H092,P0081,86.42,0,50.0
H092,P0083,101.1,0,50.0
H092,P0084,62.38,0,50.0
H092,P0085,50.01,0,50.0
H092,P0086,290.19,0,50.0
H092,P0087,153.68,0,50.0
H092,P0088,70.94,0,50.0
H092,P0089,82.9,0,50.0
H092,P0090,63.37,0,50.0
H092,P0092,197.85,0,50.0
H092,P0093,165.25,0,50.0
H092,P0094,554.13,0,50.0
H092,P0095,78.23,0,50.0
H092,P0097,88.93,0,50.0
H092,P0098,163.61,0,50.0
H092,P0099,116.52,0,50.0
H092,P0100,102.53,0,50.0
H092,P0101,160.46,0,50.0
H092,P0102,93.53,0,50.0
H092,P0103,51.65,0,50.0
H092,P0105,108.64,0,50.0
H092,P0106,105.85,0,50.0
H092,P0107,219.55,0,50.0
H092,P0108,200.89,0,50.0
H092,P0109,49.86,0,50.0
H092,P0111,38.73,0,50.0
H092,P0112,46.06,0,50.0
H092,P0113,179.88,0,50.0
H092,P0114,87.55,0,50.0
H092,P0115,58.07,0,50.0
H092,P0116,40.87,0,50.0
H092,P0117,426.37,0,50.0
H092,P0118,92.96,0,50.0
H092,P0119,167.35,0,50.0
H092,P0120,125.87,0,50.0
H092,P0121,57.25,0,50.0
H092,P0122,199.54,0,50.0
H092,P0123,151.15,0,50.0
H092,P0124,439.66,0,50.0
H092,P0125,230.7,0,50.0
H092,P0126,43.35,0,50.0
H092,P0127,119.49,0,50.0
H092,P0129,124.87,0,50.0
H092,P0130,43.48,0,50.0
H092,P0131,29.33,0,50.0
H092,P0132,118.62,0,50.0
H092,P0133,182.63,0,50.0
H092,P0134,45.36,0,50.0
H092,P0135,716.52,0,50.0
H092,P0138,851.47,0,50.0
H092,P0139,33.81,0,50.0
H092,P0140,53.6,0,50.0
H092,P0141,50.65,0,50.0
H092,P0142,386.97,0,50.0
H092,P0143,68.49,0,50.0
H092,P0145,168.49,0,50.0
H092,P0146,79.12,0,50.0
H092,P0147,151.11,0,50.0
H092,P0148,46.16,0,50.0
H092,P0150,55.17,0,50.0
H093,P0001,176.76,1,0.0
H093,P0003,166.06,1,0.0
H093,P0004,34.77,1,0.0
H093,P0006,121.39,1,0.0
H093,P0007,145.2,1,0.0
H093,P0008,266.5,1,0.0
H093,P0009,84.25,1,0.0
H093,P0010,1446.53,1,0.0
H093,P0011,430.68,1,0.0
H093,P0012,424.22,1,0.0
H093,P0014,73.83,1,0.0
H093,P0016,72.66,1,0.0
H093,P0017,172.71,1,0.0
H093,P0018,172.97,1,0.0
H093,P0019,425.6,1,0.0
H093,P0020,208.21,1,0.0
H093,P0021,160.14,1,0.0
H093,P0023,126.13,1,0.0
H093,P0025,88.44,1,0.0
H093,P0026,519.91,1,0.0
H093,P0027,144.07,1,0.0
H093,P0028,83.54,1,0.0
H093,P0030,54.73,1,0.0
H093,P0031,185.5,1,0.0
H093,P0032,237.18,1,0.0
H093,P0033,625.97,1,0.0
H093,P0034,74.81,1,0.0
H093,P0035,219.22,1,0.0
H093,P0036,449.44,1,0.0
H093,P0037,17.9,1,0.0
H093,P0040,50.33,1,0.0
H093,P0041,324.42,1,0.0
H093,P0044,251.54,1,0.0
H093,P0045,183.89,1,0.0
H093,P0046,125.04,1,0.0
H093,P0049,24.84,1,0.0
H093,P0050,118.64,1,0.0
H093,P0051,282.75,1,0.0
H093,P0052,49.66,1,0.0
H093,P0053,298.7,1,0.0
H093,P0055,150.09,1,0.0
H093,P0056,122.12,1,0.0
H093,P0057,230.63,1,0.0
H093,P0058,249.7,1,0.0
H093,P0059,111.85,1,0.0
H093,P0060,895.67,1,0.0
H093,P0061,551.94,1,0.0
H093,P0062,346.54,1,0.0
H093,P0063,493.96,1,0.0
H093,P0064,455.68,1,0.0
H093,P0066,1384.54,1,0.0
H093,P0067,38.17,1,0.0
H093,P0068,169.5,1,0.0
H093,P0069,51.69,1,0.0
H093,P0070,248.21,1,0.0
H093,P0071,208.78,1,0.0
H093,P0072,174.63,1,0.0
H093,P0073,10.56,1,0.0
H093,P0077,547.47,1,0.0
H093,P0078,122.32,1,0.0
H093,P0079,70.79,1,0.0
H093,P0080,207.1,1,0.0
H093,P0081,86.42,1,0.0
H093,P0082,199.76,1,0.0
H093,P0083,101.1,1,0.0
H093,P0084,62.38,1,0.0
H093,P0085,50.01,1,0.0
H093,P0086,290.19,1,0.0
H093,P0087,153.68,1,0.0
H093,P0088,70.94,1,0.0
H093,P0089,82.9,1,0.0
H093,P0090,63.37,1,0.0
H093,P0091,978.89,1,0.0
H093,P0093,165.25,1,0.0
H093,P0094,554.13,1,0.0
H093,P0095,78.23,1,0.0
H093,P0097,88.93,1,0.0
H093,P0098,163.61,1,0.0
H093,P0099,116.52,1,0.0
H093,P0100,102.53,1,0.0
H093,P0101,160.46,1,0.0
H093,P0105,108.64,1,0.0
H093,P0106,105.85,1,0.0
H093,P0107,219.55,1,0.0
H093,P0108,200.89,1,0.0
H093,P0109,49.86,1,0.0
H093,P0110,70.56,1,0.0
H093,P0111,38.73,1,0.0
H093,P0112,46.06,1,0.0
H093,P0113,179.88,1,0.0
H093,P0114,87.55,1,0.0
H093,P0115,58.07,1,0.0
H093,P0116,40.87,1,0.0
H093,P0117,426.37,1,0.0
H093,P0119,167.35,1,0.0
H093,P0121,57.25,1,0.0
H093,P0123,151.15,1,0.0
H093,P0124,439.66,1,0.0
H093,P0125,230.7,1,0.0
H093,P0126,43.35,1,0.0
H093,P0127,119.49,1,0.0
H093,P0128,121.12,1,0.0
H093,P0129,124.87,1,0.0
H093,P0130,43.48,1,0.0
H093,P0131,29.33,1,0.0
H093,P0132,118.62,1,0.0
H093,P0133,182.63,1,0.0
H093,P0134,45.36,1,0.0
H093,P0135,716.52,1,0.0
H093,P0136,241.63,1,0.0
H093,P0139,33.81,1,0.0
H093,P0141,50.65,1,0.0
H093,P0142,386.97,1,0.0
H093,P0143,68.49,1,0.0
H093,P0144,260.73,1,0.0
H093,P0145,168.49,1,0.0
H093,P0146,79.12,1,0.0
H093,P0147,151.11,1,0.0
H093,P0148,46.16,1,0.0
H093,P0149,286.51,1,0.0
H093,P0150,55.17,1,0.0
H094,P0002,108.69,1,0.0
H094,P0003,166.06,1,0.0
H094,P0006,121.39,1,0.0
H094,P0007,145.2,1,0.0
H094,P0008,266.5,1,0.0
H094,P0010,1446.53,1,0.0
H094,P0011,430.68,1,0.0
H094,P0012,424.22,1,0.0
H094,P0013,160.44,1,0.0
H094,P0014,73.83,1,0.0
H094,P0015,219.64,1,0.0
H094,P0016,72.66,1,0.0
H094,P0017,172.71,1,0.0
H094,P0019,425.6,1,0.0
H094,P0020,208.21,1,0.0
H094,P0021,160.14,1,0.0
H094,P0024,86.75,1,0.0
H094,P0025,88.44,1,0.0
H094,P0026,519.91,1,0.0
H094,P0027,144.07,1,0.0
H094,P0028,83.54,1,0.0
H094,P0031,185.5,1,0.0
H094,P0032,237.18,1,0.0
H094,P0033,625.97,1,0.0
H094,P0035,219.22,1,0.0
H094,P0036,449.44,1,0.0
H094,P0038,1120.7,1,0.0
H094,P0043,418.05,1,0.0
H094,P0044,251.54,1,0.0
H094,P0045,183.89,1,0.0
H094,P0046,125.04,1,0.0
H094,P0047,69.69,1,0.0
H094,P0048,238.05,1,0.0
H094,P0049,24.84,1,0.0
H094,P0050,118.64,1,0.0
H094,P0051,282.75,1,0.0
H094,P0052,49.66,1,0.0
H094,P0053,298.7,1,0.0
H094,P0054,338.47,1,0.0
H094,P0056,122.12,1,0.0
H094,P0057,230.63,1,0.0
H094,P0059,111.85,1,0.0
H094,P0061,551.94,1,0.0
H094,P0062,346.54,1,0.0
H094,P0063,493.96,1,0.0
H094,P0064,455.68,1,0.0
H094,P0067,38.17,1,0.0
H094,P0068,169.5,1,0.0
H094,P0069,51.69,1,0.0
H094,P0070,248.21,1,0.0
H094,P0071,208.78,1,0.0
H094,P0073,10.56,1,0.0
H094,P0076,22.06,1,0.0
H094,P0077,547.47,1,0.0
H094,P0078,122.32,1,0.0
H094,P0079,70.79,1,0.0
H094,P0080,207.1,1,0.0
H094,P0081,86.42,1,0.0
H094,P0083,101.1,1,0.0
H094,P0084,62.38,1,0.0
H094,P0085,50.01,1,0.0
H094,P0086,290.19,1,0.0
H094,P0087,153.68,1,0.0
H094,P0088,70.94,1,0.0
H094,P0089,82.9,1,0.0
H094,P0090,63.37,1,0.0
H094,P0091,978.89,1,0.0
H094,P0096,52.21,1,0.0
H094,P0097,88.93,1,0.0
H094,P0098,163.61,1,0.0
H094,P0100,102.53,1,0.0
H094,P0102,93.53,1,0.0
H094,P0105,108.64,1,0.0
H094,P0106,105.85,1,0.0
H094,P0107,219.55,1,0.0
H094,P0109,49.86,1,0.0
H094,P0110,70.56,1,0.0
H094,P0111,38.73,1,0.0
H094,P0115,58.07,1,0.0
H094,P0117,426.37,1,0.0
H094,P0118,92.96,1,0.0
H094,P0119,167.35,1,0.0
H094,P0121,57.25,1,0.0
H094,P0122,199.54,1,0.0
H094,P0123,151.15,1,0.0
H094,P0124,439.66,1,0.0
H094,P0125,230.7,1,0.0
H094,P0126,43.35,1,0.0
H094,P0128,121.12,1,0.0
H094,P0129,124.87,1,0.0
H094,P0131,29.33,1,0.0
H094,P0133,182.63,1,0.0
H094,P0134,45.36,1,0.0
H094,P0135,716.52,1,0.0
H094,P0136,241.63,1,0.0
H094,P0137,85.95,1,0.0
H094,P0139,33.81,1,0.0
H094,P0141,50.65,1,0.0
H094,P0142,386.97,1,0.0
H094,P0143,68.49,1,0.0
H094,P0145,168.49,1,0.0
H094,P0146,79.12,1,0.0
H094,P0147,151.11,1,0.0
H094,P0148,46.16,1,0.0
H094,P0149,286.51,1,0.0
H094,P0150,55.17,1,0.0
H095,P0001,176.76,1,0.0
H095,P0002,108.69,1,0.0
H095,P0003,166.06,1,0.0
H095,P0004,34.77,1,0.0
H095,P0007,145.2,1,0.0
H095,P0010,1446.53,1,0.0
H095,P0011,430.68,1,0.0
H095,P0012,424.22,1,0.0
H095,P0013,160.44,1,0.0
H095,P0014,73.83,1,0.0
H095,P0016,72.66,1,0.0
H095,P0018,172.97,1,0.0
H095,P0019,425.6,1,0.0
H095,P0020,208.21,1,0.0
H095,P0021,160.14,1,0.0
H095,P0023,126.13,1,0.0
H095,P0024,86.75,1,0.0
H095,P0027,144.07,1,0.0
H095,P0028,83.54,1,0.0
H095,P0029,24.05,1,0.0
H095,P0031,185.5,1,0.0
H095,P0032,237.18,1,0.0
H095,P0033,625.97,1,0.0
H095,P0035,219.22,1,0.0
H095,P0036,449.44,1,0.0
H095,P0037,17.9,1,0.0
H095,P0040,50.33,1,0.0
H095,P0041,324.42,1,0.0
H095,P0043,418.05,1,0.0
H095,P0045,183.89,1,0.0
H095,P0046,125.04,1,0.0
H095,P0047,69.69,1,0.0
H095,P0049,24.84,1,0.0
H095,P0050,118.64,1,0.0
H095,P0051,282.75,1,0.0
H095,P0052,49.66,1,0.0
H095,P0053,298.7,1,0.0
H095,P0054,338.47,1,0.0
H095,P0055,150.09,1,0.0
H095,P0056,122.12,1,0.0
H095,P0057,230.63,1,0.0
H095,P0059,111.85,1,0.0
H095,P0060,895.67,1,0.0
H095,P0061,551.94,1,0.0
H095,P0063,493.96,1,0.0
H095,P0064,455.68,1,0.0
H095,P0065,40.42,1,0.0
H095,P0067,38.17,1,0.0
H095,P0068,169.5,1,0.0
H095,P0069,51.69,1,0.0
H095,P0070,248.21,1,0.0
H095,P0071,208.78,1,0.0
H095,P0077,547.47,1,0.0
H095,P0078,122.32,1,0.0
H095,P0079,70.79,1,0.0
H095,P0081,86.42,1,0.0
H095,P0082,199.76,1,0.0
H095,P0083,101.1,1,0.0
H095,P0084,62.38,1,0.0
H095,P0085,50.01,1,0.0
H095,P0086,290.19,1,0.0
H095,P0088,70.94,1,0.0
H095,P0089,82.9,1,0.0
H095,P0090,63.37,1,0.0
H095,P0091,978.89,1,0.0
H095,P0092,197.85,1,0.0
H095,P0093,165.25,1,0.0
H095,P0094,554.13,1,0.0
H095,P0095,78.23,1,0.0
H095,P0096,52.21,1,0.0
H095,P0097,88.93,1,0.0
H095,P0098,163.61,1,0.0
H095,P0099,116.52,1,0.0
H095,P0100,102.53,1,0.0
H095,P0102,93.53,1,0.0
H095,P0103,51.65,1,0.0
H095,P0105,108.64,1,0.0
H095,P0106,105.85,1,0.0
H095,P0107,219.55,1,0.0
H095,P0108,200.89,1,0.0
H095,P0109,49.86,1,0.0
H095,P0110,70.56,1,0.0
H095,P0111,38.73,1,0.0
H095,P0113,179.88,1,0.0
H095,P0115,58.07,1,0.0
H095,P0116,40.87,1,0.0
H095,P0117,426.37,1,0.0
H095,P0119,167.35,1,0.0
H095,P0120,125.87,1,0.0
H095,P0121,57.25,1,0.0
H095,P0122,199.54,1,0.0
H095,P0124,439.66,1,0.0
H095,P0125,230.7,1,0.0
H095,P0126,43.35,1,0.0
H095,P0127,119.49,1,0.0
H095,P0128,121.12,1,0.0
H095,P0129,124.87,1,0.0
H095,P0131,29.33,1,0.0
H095,P0132,118.62,1,0.0
H095,P0133,182.63,1,0.0
H095,P0135,716.52,1,0.0
H095,P0136,241.63,1,0.0
H095,P0137,85.95,1,0.0
H095,P0138,851.47,1,0.0
H095,P0142,386.97,1,0.0
H095,P0144,260.73,1,0.0
H095,P0145,168.49,1,0.0
H095,P0146,79.12,1,0.0
H095,P0148,46.16,1,0.0
H095,P0149,286.51,1,0.0
H095,P0150,55.17,1,0.0
H096,P0001,176.76,1,0.0
H096,P0002,108.69,1,0.0
H096,P0003,166.06,1,0.0
H096,P0004,34.77,1,0.0
H096,P0005,362.15,1,0.0
H096,P0007,145.2,1,0.0
H096,P0008,266.5,1,0.0
H096,P0010,1446.53,1,0.0
H096,P0011,430.68,1,0.0
H096,P0012,424.22,1,0.0
H096,P0013,160.44,1,0.0
H096,P0014,73.83,1,0.0
H096,P0016,72.66,1,0.0
H096,P0017,172.71,1,0.0
H096,P0018,172.97,1,0.0
H096,P0020,208.21,1,0.0
H096,P0023,126.13,1,0.0
H096,P0024,86.75,1,0.0
H096,P0026,519.91,1,0.0
H096,P0027,144.07,1,0.0
H096,P0028,83.54,1,0.0
H096,P0029,24.05,1,0.0
H096,P0030,54.73,1,0.0
H096,P0031,185.5,1,0.0
H096,P0032,237.18,1,0.0
H096,P0033,625.97,1,0.0
H096,P0036,449.44,1,0.0
H096,P0037,17.9,1,0.0
H096,P0039,50.38,1,0.0
H096,P0040,50.33,1,0.0
H096,P0042,203.23,1,0.0
H096,P0043,418.05,1,0.0
H096,P0044,251.54,1,0.0
H096,P0045,183.89,1,0.0
H096,P0046,125.04,1,0.0
H096,P0047,69.69,1,0.0
H096,P0048,238.05,1,0.0
H096,P0049,24.84,1,0.0
H096,P0050,118.64,1,0.0
H096,P0051,282.75,1,0.0
H096,P0052,49.66,1,0.0
H096,P0053,298.7,1,0.0
H096,P0054,338.47,1,0.0
H096,P0057,230.63,1,0.0
H096,P0058,249.7,1,0.0
H096,P0059,111.85,1,0.0
H096,P0060,895.67,1,0.0
H096,P0061,551.94,1,0.0
H096,P0062,346.54,1,0.0
H096,P0063,493.96,1,0.0
H096,P0064,455.68,1,0.0
H096,P0065,40.42,1,0.0
H096,P0066,1384.54,1,0.0
H096,P0067,38.17,1,0.0
H096,P0068,169.5,1,0.0
H096,P0069,51.69,1,0.0
H096,P0071,208.78,1,0.0
H096,P0072,174.63,1,0.0
H096,P0077,547.47,1,0.0
H096,P0078,122.32,1,0.0
H096,P0079,70.79,1,0.0
H096,P0081,86.42,1,0.0
H096,P0083,101.1,1,0.0
H096,P0084,62.38,1,0.0
H096,P0085,50.01,1,0.0
H096,P0086,290.19,1,0.0
H096,P0087,153.68,1,0.0
H096,P0088,70.94,1,0.0
H096,P0090,63.37,1,0.0
H096,P0091,978.89,1,0.0
H096,P0092,197.85,1,0.0
H096,P0093,165.25,1,0.0
H096,P0094,554.13,1,0.0
H096,P0095,78.23,1,0.0
H096,P0097,88.93,1,0.0
H096,P0098,163.61,1,0.0
H096,P0099,116.52,1,0.0
H096,P0100,102.53,1,0.0
H096,P0101,160.46,1,0.0
H096,P0102,93.53,1,0.0
H096,P0104,272.0,1,0.0
H096,P0105,108.64,1,0.0
H096,P0107,219.55,1,0.0
H096,P0108,200.89,1,0.0
H096,P0109,49.86,1,0.0
H096,P0110,70.56,1,0.0
H096,P0111,38.73,1,0.0
H096,P0113,179.88,1,0.0
H096,P0115,58.07,1,0.0
H096,P0116,40.87,1,0.0
H096,P0118,92.96,1,0.0
H096,P0119,167.35,1,0.0
H096,P0121,57.25,1,0.0
H096,P0122,199.54,1,0.0
H096,P0124,439.66,1,0.0
H096,P0126,43.35,1,0.0
H096,P0127,119.49,1,0.0
H096,P0129,124.87,1,0.0
H096,P0130,43.48,1,0.0
H096,P0131,29.33,1,0.0
H096,P0132,118.62,1,0.0
H096,P0133,182.63,1,0.0
H096,P0134,45.36,1,0.0
H096,P0135,716.52,1,0.0
H096,P0136,241.63,1,0.0
H096,P0137,85.95,1,0.0
H096,P0139,33.81,1,0.0
H096,P0140,53.6,1,0.0
H096,P0141,50.65,1,0.0
H096,P0143,68.49,1,0.0
H096,P0145,168.49,1,0.0
H096,P0146,79.12,1,0.0
H096,P0147,151.11,1,0.0
H096,P0148,46.16,1,0.0
H096,P0149,286.51,1,0.0
H096,P0150,55.17,1,0.0
H097,P0001,176.76,1,0.0
H097,P0002,108.69,1,0.0
H097,P0003,166.06,1,0.0
H097,P0004,34.77,1,0.0
H097,P0005,362.15,1,0.0
H097,P0006,121.39,1,0.0
H097,P0007,145.2,1,0.0
H097,P0010,1446.53,1,0.0
H097,P0011,430.68,1,0.0
H097,P0013,160.44,1,0.0
H097,P0014,73.83,1,0.0
H097,P0016,72.66,1,0.0
H097,P0018,172.97,1,0.0
H097,P0019,425.6,1,0.0
H097,P0021,160.14,1,0.0
H097,P0023,126.13,1,0.0
H097,P0025,88.44,1,0.0
H097,P0028,83.54,1,0.0
H097,P0030,54.73,1,0.0
H097,P0032,237.18,1,0.0
H097,P0033,625.97,1,0.0
H097,P0034,74.81,1,0.0
H097,P0035,219.22,1,0.0
H097,P0038,1120.7,1,0.0
H097,P0039,50.38,1,0.0
H097,P0041,324.42,1,0.0
H097,P0044,251.54,1,0.0
H097,P0045,183.89,1,0.0
H097,P0047,69.69,1,0.0
H097,P0049,24.84,1,0.0
H097,P0050,118.64,1,0.0
H097,P0051,282.75,1,0.0
H097,P0052,49.66,1,0.0
H097,P0053,298.7,1,0.0
H097,P0057,230.63,1,0.0
H097,P0059,111.85,1,0.0
H097,P0060,895.67,1,0.0
H097,P0061,551.94,1,0.0
H097,P0064,455.68,1,0.0
H097,P0065,40.42,1,0.0
H097,P0067,38.17,1,0.0
H097,P0068,169.5,1,0.0
H097,P0069,51.69,1,0.0
H097,P0071,208.78,1,0.0
H097,P0073,10.56,1,0.0
H097,P0074,289.71,1,0.0
H097,P0075,176.16,1,0.0
H097,P0078,122.32,1,0.0
H097,P0079,70.79,1,0.0
H097,P0080,207.1,1,0.0
H097,P0082,199.76,1,0.0
H097,P0083,101.1,1,0.0
H097,P0084,62.38,1,0.0
H097,P0085,50.01,1,0.0
H097,P0089,82.9,1,0.0
H097,P0093,165.25,1,0.0
H097,P0094,554.13,1,0.0
H097,P0098,163.61,1,0.0
H097,P0099,116.52,1,0.0
H097,P0100,102.53,1,0.0
H097,P0103,51.65,1,0.0
H097,P0105,108.64,1,0.0
H097,P0106,105.85,1,0.0
H097,P0107,219.55,1,0.0
H097,P0108,200.89,1,0.0
H097,P0109,49.86,1,0.0
H097,P0110,70.56,1,0.0
H097,P0113,179.88,1,0.0
H097,P0114,87.55,1,0.0
H097,P0116,40.87,1,0.0
H097,P0118,92.96,1,0.0
H097,P0119,167.35,1,0.0
H097,P0121,57.25,1,0.0
H097,P0124,439.66,1,0.0
H097,P0125,230.7,1,0.0
H097,P0126,43.35,1,0.0
H097,P0129,124.87,1,0.0
H097,P0131,29.33,1,0.0
H097,P0133,182.63,1,0.0
H097,P0134,45.36,1,0.0
H097,P0136,241.63,1,0.0
H097,P0137,85.95,1,0.0
H097,P0138,851.47,1,0.0
H097,P0139,33.81,1,0.0
H097,P0141,50.65,1,0.0
H097,P0142,386.97,1,0.0
H097,P0143,68.49,1,0.0
H097,P0144,260.73,1,0.0
H097,P0145,168.49,1,0.0
H097,P0146,79.12,1,0.0
H097,P0147,151.11,1,0.0
H097,P0148,46.16,1,0.0
H097,P0150,55.17,1,0.0
H099,P0001,176.76,1,0.0
H099,P0002,108.69,1,0.0
H099,P0003,166.06,1,0.0
H099,P0005,362.15,1,0.0
H099,P0006,121.39,1,0.0
H099,P0007,145.2,1,0.0
H099,P0010,1446.53,1,0.0
H099,P0011,430.68,1,0.0
H099,P0012,424.22,1,0.0
H099,P0014,73.83,1,0.0
H099,P0016,72.66,1,0.0
H099,P0018,172.97,1,0.0
H099,P0020,208.21,1,0.0
H099,P0021,160.14,1,0.0
H099,P0023,126.13,1,0.0
H099,P0025,88.44,1,0.0
H099,P0026,519.91,1,0.0
H099,P0027,144.07,1,0.0
H099,P0028,83.54,1,0.0
H099,P0029,24.05,1,0.0
H099,P0031,185.5,1,0.0
H099,P0032,237.18,1,0.0
H099,P0033,625.97,1,0.0
H099,P0034,74.81,1,0.0
H099,P0035,219.22,1,0.0
H099,P0036,449.44,1,0.0
H099,P0037,17.9,1,0.0
H099,P0039,50.38,1,0.0
H099,P0040,50.33,1,0.0
H099,P0043,418.05,1,0.0
H099,P0044,251.54,1,0.0
H099,P0045,183.89,1,0.0
H099,P0046,125.04,1,0.0
H099,P0047,69.69,1,0.0
H099,P0048,238.05,1,0.0
H099,P0049,24.84,1,0.0
H099,P0050,118.64,1,0.0
H099,P0051,282.75,1,0.0
H099,P0052,49.66,1,0.0
H099,P0053,298.7,1,0.0
H099,P0054,338.47,1,0.0
H099,P0057,230.63,1,0.0
H099,P0058,249.7,1,0.0
H099,P0059,111.85,1,0.0
H099,P0060,895.67,1,0.0
H099,P0061,551.94,1,0.0
H099,P0062,346.54,1,0.0
H099,P0064,455.68,1,0.0
H099,P0065,40.42,1,0.0
H099,P0066,1384.54,1,0.0
H099,P0067,38.17,1,0.0
H099,P0068,169.5,1,0.0
H099,P0069,51.69,1,0.0
H099,P0070,248.21,1,0.0
H099,P0071,208.78,1,0.0
H099,P0072,174.63,1,0.0
H099,P0073,10.56,1,0.0
H099,P0074,289.71,1,0.0
H099,P0075,176.16,1,0.0
H099,P0077,547.47,1,0.0
H099,P0078,122.32,1,0.0
H099,P0079,70.79,1,0.0
H099,P0080,207.1,1,0.0
H099,P0081,86.42,1,0.0
H099,P0082,199.76,1,0.0
H099,P0083,101.1,1,0.0
H099,P0084,62.38,1,0.0
H099,P0085,50.01,1,0.0
H099,P0086,290.19,1,0.0
H099,P0087,153.68,1,0.0
H099,P0088,70.94,1,0.0
H099,P0089,82.9,1,0.0
H099,P0090,63.37,1,0.0
H099,P0091,978.89,1,0.0
H099,P0092,197.85,1,0.0
H099,P0093,165.25,1,0.0
H099,P0095,78.23,1,0.0
H099,P0098,163.61,1,0.0
H099,P0099,116.52,1,0.0
H099,P0101,160.46,1,0.0
H099,P0103,51.65,1,0.0
H099,P0104,272.0,1,0.0
H099,P0105,108.64,1,0.0
H099,P0107,219.55,1,0.0
H099,P0108,200.89,1,0.0
H099,P0110,70.56,1,0.0
H099,P0111,38.73,1,0.0
H099,P0113,179.88,1,0.0
H099,P0114,87.55,1,0.0
H099,P0115,58.07,1,0.0
H099,P0116,40.87,1,0.0
H099,P0117,426.37,1,0.0
H099,P0118,92.96,1,0.0
H099,P0119,167.35,1,0.0
H099,P0122,199.54,1,0.0
H099,P0123,151.15,1,0.0
H099,P0124,439.66,1,0.0
H099,P0125,230.7,1,0.0
H099,P0127,119.49,1,0.0
H099,P0128,121.12,1,0.0
H099,P0129,124.87,1,0.0
H099,P0131,29.33,1,0.0
H099,P0133,182.63,1,0.0
H099,P0134,45.36,1,0.0
H099,P0135,716.52,1,0.0
H099,P0136,241.63,1,0.0
H099,P0139,33.81,1,0.0
H099,P0140,53.6,1,0.0
H099,P0142,386.97,1,0.0
H099,P0143,68.49,1,0.0
H099,P0144,260.73,1,0.0
H099,P0145,168.49,1,0.0
H099,P0146,79.12,1,0.0
H099,P0147,151.11,1,0.0
H099,P0150,55.17,1,0.0
H100,P0001,176.76,0,50.0
H100,P0002,108.69,0,50.0
H100,P0003,166.06,0,50.0
H100,P0004,34.77,0,50.0
H100,P0007,145.2,0,50.0
H100,P0008,266.5,0,50.0
H100,P0012,424.22,0,50.0
H100,P0014,73.83,0,50.0
H100,P0018,172.97,0,50.0
H100,P0019,425.6,0,50.0
H100,P0020,208.21,0,50.0
H100,P0021,160.14,0,50.0
H100,P0023,126.13,0,50.0
H100,P0027,144.07,0,50.0
H100,P0028,83.54,0,50.0
H100,P0029,24.05,0,50.0
H100,P0030,54.73,0,50.0
H100,P0031,185.5,0,50.0
H100,P0032,237.18,0,50.0
H100,P0033,625.97,0,50.0
H100,P0036,449.44,0,50.0
H100,P0037,17.9,0,50.0
H100,P0038,1120.7,0,50.0
H100,P0043,418.05,0,50.0
H100,P0044,251.54,0,50.0
H100,P0045,183.89,0,50.0
H100,P0046,125.04,0,50.0
H100,P0047,69.69,0,50.0
H100,P0048,238.05,0,50.0
H100,P0049,24.84,0,50.0
H100,P0050,118.64,0,50.0
H100,P0051,282.75,0,50.0
H100,P0052,49.66,0,50.0
H100,P0053,298.7,0,50.0
H100,P0056,122.12,0,50.0
H100,P0059,111.85,0,50.0
H100,P0061,551.94,0,50.0
H100,P0062,346.54,0,50.0
H100,P0063,493.96,0,50.0
H100,P0064,455.68,0,50.0
H100,P0066,1384.54,0,50.0
H100,P0067,38.17,0,50.0
H100,P0068,169.5,0,50.0
H100,P0069,51.69,0,50.0
H100,P0071,208.78,0,50.0
H100,P0072,174.63,0,50.0
H100,P0074,289.71,0,50.0
H100,P0076,22.06,0,50.0
H100,P0078,122.32,0,50.0
H100,P0079,70.79,0,50.0
H100,P0080,207.1,0,50.0
H100,P0081,86.42,0,50.0
H100,P0082,199.76,0,50.0
H100,P0083,101.1,0,50.0
H100,P0084,62.38,0,50.0
H100,P0085,50.01,0,50.0
H100,P0086,290.19,0,50.0
H100,P0087,153.68,0,50.0
H100,P0088,70.94,0,50.0
H100,P0089,82.9,0,50.0
H100,P0091,978.89,0,50.0
H100,P0093,165.25,0,50.0
H100,P0094,554.13,0,50.0
H100,P0096,52.21,0,50.0
H100,P0098,163.61,0,50.0
H100,P0099,116.52,0,50.0
H100,P0100,102.53,0,50.0
H100,P0102,93.53,0,50.0
H100,P0103,51.65,0,50.0
H100,P0106,105.85,0,50.0
H100,P0107,219.55,0,50.0
H100,P0108,200.89,0,50.0
H100,P0110,70.56,0,50.0
H100,P0113,179.88,0,50.0
H100,P0115,58.07,0,50.0
H100,P0116,40.87,0,50.0
H100,P0117,426.37,0,50.0
H100,P0119,167.35,0,50.0
H100,P0121,57.25,0,50.0
H100,P0126,43.35,0,50.0
H100,P0127,119.49,0,50.0
H100,P0128,121.12,0,50.0
H100,P0129,124.87,0,50.0
H100,P0131,29.33,0,50.0
H100,P0133,182.63,0,50.0
H100,P0134,45.36,0,50.0
H100,P0135,716.52,0,50.0
H100,P0136,241.63,0,50.0
H100,P0138,851.47,0,50.0
H100,P0139,33.81,0,50.0
H100,P0143,68.49,0,50.0
H100,P0145,168.49,0,50.0
H100,P0146,79.12,0,50.0
H100,P0147,151.11,0,50.0
H100,P0148,46.16,0,50.0
H100,P0149,286.51,0,50.0
H100,P0150,55.17,0,50.0
