t_seconds,phase,depth,rss_mb,batch_id
0.0004,data_load,1,103.281,
0.1249,data_load,1,109.625,
0.1253,batch_build,1,109.625,
0.1570,batch_build,1,110.371,
0.1655,preflight,1,110.371,
0.5259,preflight,1,127.055,
0.5997,preflight.pyqubo_express,2,129.891,
0.6790,preflight.pyqubo_express,2,130.406,
0.6792,preflight.pyqubo_compile,2,130.406,
0.7252,preflight.pyqubo_compile,2,187.789,
0.7326,preflight.to_qubo,2,187.789,
0.7803,preflight.to_qubo,2,198.016,
0.8165,preflight,1,194.688,
0.9936,solve,1,195.406,
1.0566,solve,1,195.406,
1.4100,solve.pyqubo_express,2,196.438,
1.4899,solve.pyqubo_express,2,196.695,
1.4901,solve.pyqubo_compile,2,196.695,
1.5389,solve.pyqubo_compile,2,254.344,
1.5473,solve.to_qubo,2,254.344,
1.5957,solve.to_qubo,2,261.820,
1.5958,solve.to_qubo,2,261.820,
1.5977,solve,1,261.820,
1.5998,solve,1,261.820,
1.6212,solve.va_model_build,2,261.820,
2.3097,solve.va_model_build,2,262.852,
2.3210,solve.va_model_build,2,325.758,
2.3212,solve.va_sample,2,325.758,
2.8100,solve.va_sample,2,326.273,
3.3103,solve.va_sample,2,326.273,
3.8105,solve.va_sample,2,326.273,
4.3108,solve.va_sample,2,326.273,
4.8110,solve.va_sample,2,326.273,
5.3113,solve.va_sample,2,326.273,
5.8115,solve.va_sample,2,326.273,
6.3117,solve.va_sample,2,326.273,
6.8120,solve.va_sample,2,326.273,
7.3122,solve.va_sample,2,326.273,
7.8124,solve.va_sample,2,326.273,
8.3127,solve.va_sample,2,326.273,
8.8129,solve.va_sample,2,326.273,
9.3132,solve.va_sample,2,326.273,
9.8134,solve.va_sample,2,326.273,
10.3137,solve.va_sample,2,326.273,
10.8139,solve.va_sample,2,326.273,
11.3142,solve.va_sample,2,326.273,
11.8144,solve.va_sample,2,326.273,
12.3147,solve.va_sample,2,326.273,
12.8149,solve.va_sample,2,326.273,
13.3151,solve.va_sample,2,326.273,
13.8154,solve.va_sample,2,326.273,
14.3156,solve.va_sample,2,326.273,
14.8158,solve.va_sample,2,326.273,
15.3161,solve.va_sample,2,326.273,
15.8163,solve.va_sample,2,326.273,
16.3166,solve.va_sample,2,326.273,
16.8168,solve.va_sample,2,326.273,
17.3170,solve.va_sample,2,326.273,
17.8173,solve.va_sample,2,326.273,
18.3175,solve.va_sample,2,326.273,
18.8178,solve.va_sample,2,326.273,
19.3180,solve.va_sample,2,326.273,
19.8183,solve.va_sample,2,326.273,
20.3186,solve.va_sample,2,326.273,
20.8188,solve.va_sample,2,326.273,
21.3191,solve.va_sample,2,326.273,
21.8193,solve.va_sample,2,326.273,
22.3195,solve.va_sample,2,326.273,
22.8198,solve.va_sample,2,326.273,
23.3200,solve.va_sample,2,326.273,
23.8202,solve.va_sample,2,326.273,
24.3205,solve.va_sample,2,326.273,
24.8207,solve.va_sample,2,326.273,
25.3209,solve.va_sample,2,326.273,
25.8212,solve.va_sample,2,326.273,
26.3214,solve.va_sample,2,326.273,
26.8217,solve.va_sample,2,326.273,
27.3219,solve.va_sample,2,326.273,
27.8221,solve.va_sample,2,326.273,
28.3224,solve.va_sample,2,326.273,
28.8226,solve.va_sample,2,326.273,
29.3228,solve.va_sample,2,326.273,
29.8231,solve.va_sample,2,326.273,
30.3234,solve.va_sample,2,326.273,
30.8236,solve.va_sample,2,326.273,
31.3238,solve.va_sample,2,326.273,
31.8241,solve.va_sample,2,326.273,
32.3243,solve.va_sample,2,326.273,
32.8245,solve.va_sample,2,326.273,
33.3248,solve.va_sample,2,326.273,
33.8250,solve.va_sample,2,326.273,
34.3252,solve.va_sample,2,326.273,
34.8255,solve.va_sample,2,326.273,
35.3257,solve.va_sample,2,326.273,
35.8260,solve.va_sample,2,326.273,
36.3262,solve.va_sample,2,326.273,
36.8265,solve.va_sample,2,326.273,
37.3267,solve.va_sample,2,326.273,
37.8269,solve.va_sample,2,326.273,
38.3272,solve.va_sample,2,326.273,
38.8274,solve.va_sample,2,326.273,
39.3276,solve.va_sample,2,326.273,
39.8279,solve.va_sample,2,326.273,
40.3281,solve.va_sample,2,326.273,
40.8284,solve.va_sample,2,326.273,
41.3286,solve.va_sample,2,326.273,
41.8289,solve.va_sample,2,326.273,
42.3291,solve.va_sample,2,326.273,
42.8293,solve.va_sample,2,326.273,
43.3296,solve.va_sample,2,326.273,
43.8298,solve.va_sample,2,326.273,
44.3300,solve.va_sample,2,326.273,
44.8303,solve.va_sample,2,326.273,
45.3305,solve.va_sample,2,326.273,
45.8307,solve.va_sample,2,326.273,
46.3310,solve.va_sample,2,326.273,
46.8312,solve.va_sample,2,326.273,
47.3315,solve.va_sample,2,326.273,
47.8317,solve.va_sample,2,326.273,
48.3319,solve.va_sample,2,326.273,
48.8322,solve.va_sample,2,326.273,
49.3324,solve.va_sample,2,326.273,
49.8326,solve.va_sample,2,326.273,
50.3329,solve.va_sample,2,326.273,
50.8332,solve.va_sample,2,326.273,
51.3334,solve.va_sample,2,326.273,
51.8337,solve.va_sample,2,326.273,
52.3339,solve.va_sample,2,326.273,
52.8342,solve.va_sample,2,326.273,
53.3345,solve.va_sample,2,326.273,
53.8347,solve.va_sample,2,326.273,
54.3349,solve.va_sample,2,326.273,
54.8352,solve.va_sample,2,326.273,
55.3354,solve.va_sample,2,326.273,
55.8357,solve.va_sample,2,326.273,
56.3359,solve.va_sample,2,326.273,
56.8361,solve.va_sample,2,326.273,
57.3364,solve.va_sample,2,326.273,
57.8366,solve.va_sample,2,326.273,
58.3369,solve.va_sample,2,326.273,
58.8371,solve.va_sample,2,326.273,
59.3373,solve.va_sample,2,326.273,
59.8376,solve.va_sample,2,326.273,
60.3378,solve.va_sample,2,326.273,
60.8381,solve.va_sample,2,326.273,
61.3383,solve.va_sample,2,326.273,
61.8386,solve.va_sample,2,326.273,
62.3388,solve.va_sample,2,326.273,
62.8391,solve.va_sample,2,326.273,
63.3393,solve.va_sample,2,326.273,
63.8396,solve.va_sample,2,326.273,
64.3398,solve.va_sample,2,326.273,
64.8400,solve.va_sample,2,326.273,
65.3403,solve.va_sample,2,326.273,
65.8405,solve.va_sample,2,326.273,
66.3407,solve.va_sample,2,326.273,
66.8410,solve.va_sample,2,326.273,
67.3412,solve.va_sample,2,326.273,
67.8415,solve.va_sample,2,326.273,
68.3417,solve.va_sample,2,326.273,
68.8419,solve.va_sample,2,326.273,
69.3422,solve.va_sample,2,326.273,
69.8424,solve.va_sample,2,326.273,
70.3427,solve.va_sample,2,326.273,
70.8430,solve.va_sample,2,326.273,
71.3432,solve.va_sample,2,326.273,
71.8435,solve.va_sample,2,326.273,
72.3437,solve.va_sample,2,326.273,
72.8439,solve.va_sample,2,326.273,
73.3442,solve.va_sample,2,326.273,
73.8444,solve.va_sample,2,326.273,
74.3447,solve.va_sample,2,326.273,
74.8449,solve.va_sample,2,326.273,
75.3451,solve.va_sample,2,326.273,
75.8454,solve.va_sample,2,326.273,
76.3456,solve.va_sample,2,326.273,
76.8459,solve.va_sample,2,326.273,
77.3461,solve.va_sample,2,326.273,
77.8463,solve.va_sample,2,326.273,
78.3466,solve.va_sample,2,326.273,
78.8468,solve.va_sample,2,326.273,
79.3471,solve.va_sample,2,326.273,
79.8473,solve.va_sample,2,326.273,
80.3476,solve.va_sample,2,326.273,
80.8478,solve.va_sample,2,326.273,
81.3480,solve.va_sample,2,326.273,
81.8483,solve.va_sample,2,326.273,
82.3485,solve.va_sample,2,326.273,
82.8487,solve.va_sample,2,326.273,
83.3490,solve.va_sample,2,326.273,
83.8492,solve.va_sample,2,326.273,
84.3495,solve.va_sample,2,326.273,
84.8497,solve.va_sample,2,326.273,
85.3500,solve.va_sample,2,326.273,
85.8502,solve.va_sample,2,326.273,
86.3504,solve.va_sample,2,326.273,
86.8507,solve.va_sample,2,326.273,
87.3509,solve.va_sample,2,326.273,
87.8512,solve.va_sample,2,326.273,
88.3514,solve.va_sample,2,326.273,
88.8517,solve.va_sample,2,326.273,
89.3519,solve.va_sample,2,326.273,
89.8521,solve.va_sample,2,326.273,
90.3524,solve.va_sample,2,326.273,
90.8527,solve.va_sample,2,326.273,
91.3529,solve.va_sample,2,326.273,
91.8532,solve.va_sample,2,326.273,
92.3534,solve.va_sample,2,326.273,
92.8536,solve.va_sample,2,326.273,
93.3539,solve.va_sample,2,326.273,
93.8541,solve.va_sample,2,326.273,
94.3544,solve.va_sample,2,326.273,
94.8546,solve.va_sample,2,326.273,
95.3548,solve.va_sample,2,326.273,
95.8551,solve.va_sample,2,326.273,
96.3553,solve.va_sample,2,326.273,
96.8556,solve.va_sample,2,326.273,
97.3558,solve.va_sample,2,326.273,
97.8561,solve.va_sample,2,326.273,
98.3563,solve.va_sample,2,326.273,
98.8565,solve.va_sample,2,326.273,
99.3568,solve.va_sample,2,326.273,
99.8570,solve.va_sample,2,326.273,
100.3573,solve.va_sample,2,326.273,
100.8575,solve.va_sample,2,326.273,
101.3577,solve.va_sample,2,326.273,
101.8580,solve.va_sample,2,326.273,
102.3582,solve.va_sample,2,326.273,
102.8585,solve.va_sample,2,326.273,
103.3587,solve.va_sample,2,326.273,
103.8590,solve.va_sample,2,326.273,
104.3592,solve.va_sample,2,326.273,
104.8595,solve.va_sample,2,326.273,
105.3597,solve.va_sample,2,326.273,
105.8599,solve.va_sample,2,326.273,
106.3602,solve.va_sample,2,326.273,
106.8604,solve.va_sample,2,326.273,
107.3607,solve.va_sample,2,326.273,
107.8609,solve.va_sample,2,326.273,
108.3611,solve.va_sample,2,326.273,
108.8614,solve.va_sample,2,326.273,
109.3616,solve.va_sample,2,326.273,
109.8618,solve.va_sample,2,326.273,
110.3621,solve.va_sample,2,326.273,
110.8624,solve.va_sample,2,326.273,
111.3627,solve.va_sample,2,326.273,
111.8629,solve.va_sample,2,326.273,
112.3631,solve.va_sample,2,326.273,
112.8634,solve.va_sample,2,326.273,
113.3637,solve.va_sample,2,326.273,
113.8639,solve.va_sample,2,326.273,
114.3641,solve.va_sample,2,326.273,
114.8644,solve.va_sample,2,326.273,
115.3646,solve.va_sample,2,326.273,
115.8649,solve.va_sample,2,326.273,
116.3651,solve.va_sample,2,326.273,
116.8653,solve.va_sample,2,326.273,
117.3656,solve.va_sample,2,326.273,
117.8658,solve.va_sample,2,326.273,
118.3660,solve.va_sample,2,326.273,
118.8663,solve.va_sample,2,326.273,
119.3665,solve.va_sample,2,326.273,
119.8668,solve.va_sample,2,326.273,
120.3670,solve.va_sample,2,326.273,
120.8673,solve.va_sample,2,326.273,
121.3675,solve.va_sample,2,326.273,
121.8677,solve.va_sample,2,326.273,
122.3680,solve.va_sample,2,326.273,
122.8682,solve.va_sample,2,326.273,
123.3685,solve.va_sample,2,326.273,
123.8687,solve.va_sample,2,326.273,
124.3690,solve.va_sample,2,326.273,
124.8692,solve.va_sample,2,326.273,
125.3694,solve.va_sample,2,326.273,
125.8697,solve.va_sample,2,326.273,
126.3699,solve.va_sample,2,326.273,
126.8701,solve.va_sample,2,326.273,
127.3704,solve.va_sample,2,326.273,
127.8706,solve.va_sample,2,326.273,
128.3709,solve.va_sample,2,326.273,
128.8711,solve.va_sample,2,326.273,
129.3713,solve.va_sample,2,326.273,
129.8716,solve.va_sample,2,326.273,
130.3718,solve.va_sample,2,326.273,
130.8721,solve.va_sample,2,326.273,
131.3724,solve.va_sample,2,326.273,
131.8726,solve.va_sample,2,326.273,
132.3729,solve.va_sample,2,326.273,
132.8731,solve.va_sample,2,326.273,
133.3733,solve.va_sample,2,326.273,
133.8736,solve.va_sample,2,326.273,
134.3738,solve.va_sample,2,326.273,
134.8741,solve.va_sample,2,326.273,
135.3743,solve.va_sample,2,326.273,
135.8745,solve.va_sample,2,326.273,
136.3748,solve.va_sample,2,326.273,
136.8750,solve.va_sample,2,326.273,
137.3753,solve.va_sample,2,326.273,
137.8755,solve.va_sample,2,326.273,
138.3757,solve.va_sample,2,326.273,
138.8760,solve.va_sample,2,326.273,
139.3762,solve.va_sample,2,326.273,
139.8764,solve.va_sample,2,326.273,
140.3767,solve.va_sample,2,326.273,
140.8770,solve.va_sample,2,326.273,
141.3772,solve.va_sample,2,326.273,
141.8775,solve.va_sample,2,326.273,
142.3777,solve.va_sample,2,326.273,
142.8780,solve.va_sample,2,326.273,
143.3782,solve.va_sample,2,326.273,
143.8785,solve.va_sample,2,326.273,
144.3787,solve.va_sample,2,326.273,
144.8789,solve.va_sample,2,326.273,
145.3792,solve.va_sample,2,326.273,
145.8794,solve.va_sample,2,326.273,
146.3797,solve.va_sample,2,326.273,
146.8799,solve.va_sample,2,326.273,
147.3801,solve.va_sample,2,326.273,
147.8804,solve.va_sample,2,326.273,
148.3806,solve.va_sample,2,326.273,
148.8808,solve.va_sample,2,326.273,
149.3811,solve.va_sample,2,326.273,
149.8813,solve.va_sample,2,326.273,
150.3816,solve.va_sample,2,326.273,
150.8818,solve.va_sample,2,326.273,
151.3821,solve.va_sample,2,326.273,
151.8823,solve.va_sample,2,326.273,
152.3826,solve.va_sample,2,326.273,
152.8828,solve.va_sample,2,326.273,
153.3830,solve.va_sample,2,326.273,
153.8833,solve.va_sample,2,326.273,
154.3835,solve.va_sample,2,326.273,
154.8838,solve.va_sample,2,326.273,
155.3840,solve.va_sample,2,326.273,
155.8843,solve.va_sample,2,326.273,
156.3845,solve.va_sample,2,326.273,
156.8847,solve.va_sample,2,326.273,
157.3850,solve.va_sample,2,326.273,
157.8852,solve.va_sample,2,326.273,
158.3855,solve.va_sample,2,326.273,
158.8857,solve.va_sample,2,326.273,
159.3859,solve.va_sample,2,326.273,
159.8862,solve.va_sample,2,326.273,
160.3864,solve.va_sample,2,326.273,
160.8867,solve.va_sample,2,326.273,
161.3869,solve.va_sample,2,326.273,
161.8872,solve.va_sample,2,326.273,
162.3874,solve.va_sample,2,326.273,
162.8877,solve.va_sample,2,326.273,
163.3879,solve.va_sample,2,326.273,
163.8881,solve.va_sample,2,326.273,
164.3884,solve.va_sample,2,326.273,
164.8886,solve.va_sample,2,326.273,
165.3889,solve.va_sample,2,326.273,
165.8891,solve.va_sample,2,326.273,
166.3894,solve.va_sample,2,326.273,
166.8896,solve.va_sample,2,326.273,
167.3898,solve.va_sample,2,326.273,
167.8901,solve.va_sample,2,326.273,
168.3903,solve.va_sample,2,326.273,
168.8906,solve.va_sample,2,326.273,
169.3908,solve.va_sample,2,326.273,
169.8910,solve.va_sample,2,326.273,
170.3913,solve.va_sample,2,326.273,
170.8916,solve.va_sample,2,326.273,
171.3919,solve.va_sample,2,326.273,
171.8921,solve.va_sample,2,326.273,
172.3924,solve.va_sample,2,326.273,
172.8926,solve.va_sample,2,326.273,
173.3929,solve.va_sample,2,326.273,
173.8931,solve.va_sample,2,326.273,
174.3934,solve.va_sample,2,326.273,
174.8936,solve.va_sample,2,326.273,
175.3939,solve.va_sample,2,326.273,
175.8941,solve.va_sample,2,326.273,
176.3944,solve.va_sample,2,326.273,
176.8946,solve.va_sample,2,326.273,
177.3949,solve.va_sample,2,326.273,
177.8951,solve.va_sample,2,326.273,
178.3954,solve.va_sample,2,326.273,
178.8956,solve.va_sample,2,326.273,
179.3959,solve.va_sample,2,326.273,
179.8961,solve.va_sample,2,326.273,
180.3964,solve.va_sample,2,326.273,
180.8967,solve.va_sample,2,326.273,
181.3969,solve.va_sample,2,326.273,
181.8971,solve.va_sample,2,326.273,
182.3974,solve.va_sample,2,326.273,
182.8976,solve.va_sample,2,326.273,
183.3979,solve.va_sample,2,326.273,
183.8981,solve.va_sample,2,326.273,
184.3984,solve.va_sample,2,326.273,
184.8986,solve.va_sample,2,326.273,
185.3989,solve.va_sample,2,326.273,
185.8991,solve.va_sample,2,326.273,
186.3994,solve.va_sample,2,326.273,
186.8996,solve.va_sample,2,326.273,
187.3998,solve.va_sample,2,326.273,
187.9001,solve.va_sample,2,326.273,
188.4003,solve.va_sample,2,326.273,
188.9005,solve.va_sample,2,326.273,
189.4008,solve.va_sample,2,326.273,
189.9010,solve.va_sample,2,326.273,
190.4013,solve.va_sample,2,326.273,
190.9016,solve.va_sample,2,326.273,
191.4018,solve.va_sample,2,326.273,
191.9021,solve.va_sample,2,326.273,
192.4023,solve.va_sample,2,326.273,
192.9025,solve.va_sample,2,326.273,
193.4028,solve.va_sample,2,326.273,
193.9030,solve.va_sample,2,326.273,
194.4032,solve.va_sample,2,326.273,
194.9035,solve.va_sample,2,326.273,
195.4037,solve.va_sample,2,326.273,
195.9040,solve.va_sample,2,326.273,
196.4042,solve.va_sample,2,326.273,
196.9044,solve.va_sample,2,326.273,
197.4047,solve.va_sample,2,326.273,
197.9049,solve.va_sample,2,326.273,
198.4052,solve.va_sample,2,326.273,
198.9055,solve.va_sample,2,326.273,
199.4057,solve.va_sample,2,326.273,
199.9059,solve.va_sample,2,326.273,
200.4062,solve.va_sample,2,326.273,
200.9065,solve.va_sample,2,326.273,
201.4068,solve.va_sample,2,326.273,
201.9070,solve.va_sample,2,326.273,
202.4073,solve.va_sample,2,326.273,
202.9075,solve.va_sample,2,326.273,
203.4078,solve.va_sample,2,326.273,
203.9080,solve.va_sample,2,326.273,
204.4083,solve.va_sample,2,326.273,
204.9085,solve.va_sample,2,326.273,
205.4088,solve.va_sample,2,326.273,
205.9090,solve.va_sample,2,326.273,
206.4092,solve.va_sample,2,326.273,
206.9095,solve.va_sample,2,326.273,
207.4097,solve.va_sample,2,326.273,
207.9100,solve.va_sample,2,326.273,
208.4102,solve.va_sample,2,326.273,
208.9105,solve.va_sample,2,326.273,
209.4107,solve.va_sample,2,326.273,
209.9110,solve.va_sample,2,326.273,
210.4112,solve.va_sample,2,326.273,
210.9115,solve.va_sample,2,326.273,
211.4118,solve.va_sample,2,326.273,
211.9120,solve.va_sample,2,326.273,
212.4122,solve.va_sample,2,326.273,
212.9125,solve.va_sample,2,326.273,
213.4127,solve.va_sample,2,326.273,
213.9130,solve.va_sample,2,326.273,
214.4132,solve.va_sample,2,326.273,
214.9135,solve.va_sample,2,326.273,
215.4137,solve.va_sample,2,326.273,
215.9139,solve.va_sample,2,326.273,
216.4142,solve.va_sample,2,326.273,
216.9144,solve.va_sample,2,326.273,
217.4147,solve.va_sample,2,326.273,
217.9149,solve.va_sample,2,326.273,
218.4152,solve.va_sample,2,326.273,
218.9154,solve.va_sample,2,326.273,
219.4157,solve.va_sample,2,326.273,
219.9159,solve.va_sample,2,326.273,
220.4162,solve.va_sample,2,326.273,
220.9165,solve.va_sample,2,326.273,
221.4167,solve.va_sample,2,326.273,
221.9169,solve.va_sample,2,326.273,
222.4172,solve.va_sample,2,326.273,
222.9174,solve.va_sample,2,326.273,
223.4177,solve.va_sample,2,326.273,
223.9179,solve.va_sample,2,326.273,
224.4181,solve.va_sample,2,326.273,
224.9184,solve.va_sample,2,326.273,
225.4186,solve.va_sample,2,326.273,
225.9189,solve.va_sample,2,326.273,
226.4191,solve.va_sample,2,326.273,
226.9193,solve.va_sample,2,326.273,
227.4196,solve.va_sample,2,326.273,
227.9198,solve.va_sample,2,326.273,
228.4200,solve.va_sample,2,326.273,
228.9203,solve.va_sample,2,326.273,
229.4205,solve.va_sample,2,326.273,
229.9207,solve.va_sample,2,326.273,
230.4210,solve.va_sample,2,326.273,
230.9213,solve.va_sample,2,326.273,
231.4216,solve.va_sample,2,326.273,
231.9218,solve.va_sample,2,326.273,
232.4221,solve.va_sample,2,326.273,
232.9224,solve.va_sample,2,326.273,
233.4226,solve.va_sample,2,326.273,
233.9229,solve.va_sample,2,326.273,
234.4231,solve.va_sample,2,326.273,
234.9234,solve.va_sample,2,326.273,
235.4236,solve.va_sample,2,326.273,
235.9238,solve.va_sample,2,326.273,
236.4241,solve.va_sample,2,326.273,
236.9243,solve.va_sample,2,326.273,
237.4246,solve.va_sample,2,326.273,
237.9248,solve.va_sample,2,326.273,
238.4251,solve.va_sample,2,326.273,
238.9254,solve.va_sample,2,326.273,
239.4256,solve.va_sample,2,326.273,
239.9259,solve.va_sample,2,326.273,
240.4262,solve.va_sample,2,326.273,
240.9264,solve.va_sample,2,326.273,
241.4267,solve.va_sample,2,326.273,
241.9269,solve.va_sample,2,326.273,
242.4272,solve.va_sample,2,326.273,
242.9275,solve.va_sample,2,326.273,
243.4277,solve.va_sample,2,326.273,
243.9280,solve.va_sample,2,326.273,
244.4283,solve.va_sample,2,326.273,
244.9285,solve.va_sample,2,326.273,
245.4288,solve.va_sample,2,326.273,
245.9290,solve.va_sample,2,326.273,
246.4293,solve.va_sample,2,326.273,
246.9295,solve.va_sample,2,326.273,
247.4298,solve.va_sample,2,326.273,
247.9300,solve.va_sample,2,326.273,
248.4303,solve.va_sample,2,326.273,
248.9305,solve.va_sample,2,326.273,
249.4308,solve.va_sample,2,326.273,
249.9310,solve.va_sample,2,326.273,
250.4313,solve.va_sample,2,326.273,
250.9316,solve.va_sample,2,326.273,
251.4318,solve.va_sample,2,326.273,
251.9321,solve.va_sample,2,326.273,
252.4323,solve.va_sample,2,326.273,
252.9326,solve.va_sample,2,326.273,
253.4328,solve.va_sample,2,326.273,
253.9330,solve.va_sample,2,326.273,
254.4333,solve.va_sample,2,326.273,
254.9335,solve.va_sample,2,326.527,
255.4338,solve.va_sample,2,326.527,
255.9340,solve.va_sample,2,326.527,
256.4343,solve.va_sample,2,326.527,
256.9345,solve.va_sample,2,326.527,
257.4348,solve.va_sample,2,326.527,
257.9350,solve.va_sample,2,326.527,
258.4352,solve.va_sample,2,326.527,
258.9355,solve.va_sample,2,326.527,
259.4358,solve.va_sample,2,326.527,
259.9360,solve.va_sample,2,326.527,
260.4363,solve.va_sample,2,326.527,
260.9366,solve.va_sample,2,326.527,
261.4368,solve.va_sample,2,326.527,
261.9370,solve.va_sample,2,326.527,
262.4373,solve.va_sample,2,326.527,
262.9375,solve.va_sample,2,326.527,
263.4378,solve.va_sample,2,326.527,
263.9380,solve.va_sample,2,326.527,
264.4382,solve.va_sample,2,326.527,
264.9385,solve.va_sample,2,326.527,
265.4387,solve.va_sample,2,326.527,
265.9390,solve.va_sample,2,326.527,
266.4392,solve.va_sample,2,326.527,
266.9395,solve.va_sample,2,326.527,
267.4397,solve.va_sample,2,326.527,
267.9400,solve.va_sample,2,326.527,
268.4403,solve.va_sample,2,326.527,
268.9405,solve.va_sample,2,326.527,
269.4408,solve.va_sample,2,326.527,
269.9410,solve.va_sample,2,326.527,
270.4413,solve.va_sample,2,326.527,
270.9415,solve.va_sample,2,326.527,
271.4418,solve.va_sample,2,326.527,
271.9420,solve.va_sample,2,326.527,
272.4423,solve.va_sample,2,326.527,
272.9425,solve.va_sample,2,326.527,
273.4428,solve.va_sample,2,326.527,
273.9431,solve.va_sample,2,326.527,
274.4434,solve.va_sample,2,326.527,
274.9437,solve.va_sample,2,326.527,
275.4439,solve.va_sample,2,326.527,
275.9442,solve.va_sample,2,326.527,
276.4445,solve.va_sample,2,326.527,
276.9447,solve.va_sample,2,326.527,
277.4449,solve.va_sample,2,326.527,
277.9452,solve.va_sample,2,326.527,
278.4455,solve.va_sample,2,326.527,
278.9457,solve.va_sample,2,326.527,
279.4459,solve.va_sample,2,326.527,
279.9462,solve.va_sample,2,326.527,
280.4465,solve.va_sample,2,326.527,
280.9467,solve.va_sample,2,326.527,
281.4470,solve.va_sample,2,326.527,
281.9472,solve.va_sample,2,326.527,
282.4475,solve.va_sample,2,326.527,
282.9477,solve.va_sample,2,326.527,
283.4480,solve.va_sample,2,326.527,
283.9482,solve.va_sample,2,326.527,
284.4485,solve.va_sample,2,326.527,
284.9487,solve.va_sample,2,326.527,
285.4490,solve.va_sample,2,326.527,
285.9492,solve.va_sample,2,326.527,
286.4494,solve.va_sample,2,326.527,
286.9497,solve.va_sample,2,326.527,
287.4499,solve.va_sample,2,326.527,
287.9502,solve.va_sample,2,326.527,
288.4504,solve.va_sample,2,326.527,
288.9507,solve.va_sample,2,326.527,
289.4509,solve.va_sample,2,326.527,
289.9512,solve.va_sample,2,326.527,
290.4514,solve.va_sample,2,326.527,
290.9517,solve.va_sample,2,326.527,
291.4520,solve.va_sample,2,326.527,
291.9522,solve.va_sample,2,326.527,
292.4525,solve.va_sample,2,326.527,
292.9527,solve.va_sample,2,326.527,
293.4530,solve.va_sample,2,326.527,
293.9532,solve.va_sample,2,326.527,
294.4535,solve.va_sample,2,326.527,
294.9537,solve.va_sample,2,326.527,
295.4540,solve.va_sample,2,326.527,
295.9542,solve.va_sample,2,326.527,
296.4545,solve.va_sample,2,326.527,
296.9547,solve.va_sample,2,326.527,
297.4550,solve.va_sample,2,326.527,
297.9552,solve.va_sample,2,326.527,
298.4555,solve.va_sample,2,326.527,
298.9557,solve.va_sample,2,326.527,
299.4559,solve.va_sample,2,326.527,
299.9562,solve.va_sample,2,326.527,
300.4565,solve.va_sample,2,326.527,
300.9568,solve.va_sample,2,326.527,
301.4570,solve.va_sample,2,326.527,
301.9573,solve.va_sample,2,326.527,
302.4575,solve.va_sample,2,326.527,
302.9578,solve.va_sample,2,326.527,
303.4580,solve.va_sample,2,326.527,
303.9583,solve.va_sample,2,326.527,
304.4585,solve.va_sample,2,326.527,
304.9587,solve.va_sample,2,326.527,
305.4590,solve.va_sample,2,326.527,
305.9592,solve.va_sample,2,326.527,
306.4595,solve.va_sample,2,326.527,
306.9597,solve.va_sample,2,326.527,
307.4600,solve.va_sample,2,326.527,
307.9602,solve.va_sample,2,326.527,
308.4605,solve.va_sample,2,326.527,
308.9607,solve.va_sample,2,326.527,
309.4610,solve.va_sample,2,326.527,
309.9612,solve.va_sample,2,326.527,
310.4615,solve.va_sample,2,326.527,
310.9618,solve.va_sample,2,326.527,
311.4620,solve.va_sample,2,326.527,
311.9623,solve.va_sample,2,326.527,
312.4625,solve.va_sample,2,326.527,
312.9628,solve.va_sample,2,326.527,
313.4630,solve.va_sample,2,326.527,
313.9632,solve.va_sample,2,326.527,
314.4635,solve.va_sample,2,326.527,
314.9637,solve.va_sample,2,326.527,
315.4640,solve.va_sample,2,326.527,
315.9642,solve.va_sample,2,326.527,
316.4645,solve.va_sample,2,326.527,
316.9647,solve.va_sample,2,326.527,
317.4650,solve.va_sample,2,326.527,
317.9652,solve.va_sample,2,326.527,
318.4655,solve.va_sample,2,326.527,
318.9658,solve.va_sample,2,326.527,
319.4660,solve.va_sample,2,326.527,
319.9663,solve.va_sample,2,326.527,
320.4666,solve.va_sample,2,326.527,
320.9668,solve.va_sample,2,326.527,
321.4671,solve.va_sample,2,326.527,
321.9673,solve.va_sample,2,326.527,
322.4676,solve.va_sample,2,326.527,
322.9678,solve.va_sample,2,326.527,
323.4681,solve.va_sample,2,326.527,
323.9683,solve.va_sample,2,326.527,
324.4685,solve.va_sample,2,326.527,
324.9688,solve.va_sample,2,326.527,
325.4690,solve.va_sample,2,326.527,
325.9693,solve.va_sample,2,326.527,
326.4695,solve.va_sample,2,326.527,
326.9697,solve.va_sample,2,326.527,
327.4700,solve.va_sample,2,326.527,
327.9702,solve.va_sample,2,326.527,
328.4705,solve.va_sample,2,326.527,
328.9707,solve.va_sample,2,326.527,
329.4710,solve.va_sample,2,326.527,
329.9712,solve.va_sample,2,326.527,
330.4715,solve.va_sample,2,326.527,
330.9717,solve.va_sample,2,326.527,
331.4720,solve.va_sample,2,326.527,
331.9722,solve.va_sample,2,326.527,
332.4724,solve.va_sample,2,326.527,
332.9727,solve.va_sample,2,326.527,
333.4730,solve.va_sample,2,326.527,
333.9732,solve.va_sample,2,326.527,
334.4735,solve.va_sample,2,326.527,
334.9737,solve.va_sample,2,326.527,
335.4740,solve.va_sample,2,326.527,
335.9742,solve.va_sample,2,326.527,
336.4744,solve.va_sample,2,326.527,
336.9747,solve.va_sample,2,326.527,
337.4749,solve.va_sample,2,326.527,
337.9752,solve.va_sample,2,326.527,
338.4754,solve.va_sample,2,326.527,
338.9756,solve.va_sample,2,326.527,
339.4759,solve.va_sample,2,326.527,
339.9761,solve.va_sample,2,326.527,
340.4764,solve.va_sample,2,326.527,
340.9766,solve.va_sample,2,326.527,
341.4769,solve.va_sample,2,326.527,
341.9771,solve.va_sample,2,326.527,
342.4774,solve.va_sample,2,326.527,
342.9776,solve.va_sample,2,326.527,
343.4778,solve.va_sample,2,326.527,
343.9782,solve.va_sample,2,326.527,
344.4785,solve.va_sample,2,326.527,
344.9787,solve.va_sample,2,326.527,
345.4790,solve.va_sample,2,326.527,
345.9792,solve.va_sample,2,326.527,
346.4795,solve.va_sample,2,326.527,
346.9797,solve.va_sample,2,326.527,
347.4799,solve.va_sample,2,326.527,
347.9802,solve.va_sample,2,326.527,
348.4804,solve.va_sample,2,326.527,
348.9807,solve.va_sample,2,326.527,
349.4809,solve.va_sample,2,326.527,
349.9812,solve.va_sample,2,326.527,
350.4814,solve.va_sample,2,326.527,
350.9817,solve.va_sample,2,326.527,
351.4819,solve.va_sample,2,326.527,
351.9821,solve.va_sample,2,326.527,
352.4824,solve.va_sample,2,326.527,
352.9826,solve.va_sample,2,326.527,
353.4829,solve.va_sample,2,326.527,
353.9831,solve.va_sample,2,326.527,
354.4834,solve.va_sample,2,326.527,
354.9836,solve.va_sample,2,326.527,
355.4839,solve.va_sample,2,326.527,
355.9841,solve.va_sample,2,326.527,
356.4843,solve.va_sample,2,326.527,
356.9846,solve.va_sample,2,326.527,
357.4848,solve.va_sample,2,326.527,
357.9850,solve.va_sample,2,326.527,
358.4853,solve.va_sample,2,326.527,
358.9856,solve.va_sample,2,326.527,
359.4858,solve.va_sample,2,326.527,
359.9861,solve.va_sample,2,326.527,
360.4863,solve.va_sample,2,326.527,
360.9865,solve.va_sample,2,326.527,
361.4868,solve.va_sample,2,326.527,
361.9870,solve.va_sample,2,326.527,
362.4872,solve.va_sample,2,326.527,
362.9875,solve.va_sample,2,326.527,
363.4877,solve.va_sample,2,326.527,
363.9880,solve.va_sample,2,326.527,
364.4882,solve.va_sample,2,326.527,
364.9885,solve.va_sample,2,326.527,
365.4887,solve.va_sample,2,326.527,
365.9890,solve.va_sample,2,326.527,
366.4892,solve.va_sample,2,326.527,
366.9895,solve.va_sample,2,326.527,
367.4897,solve.va_sample,2,326.527,
367.9899,solve.va_sample,2,326.527,
368.4902,solve.va_sample,2,326.527,
368.9904,solve.va_sample,2,326.527,
369.4907,solve.va_sample,2,326.527,
369.9909,solve.va_sample,2,326.527,
370.4912,solve.va_sample,2,326.527,
370.9914,solve.va_sample,2,326.527,
371.4917,solve.va_sample,2,326.527,
371.9919,solve.va_sample,2,326.527,
372.4921,solve.va_sample,2,326.527,
372.9924,solve.va_sample,2,326.527,
373.4927,solve.va_sample,2,326.527,
373.9929,solve.va_sample,2,326.527,
374.4931,solve.va_sample,2,326.527,
374.9934,solve.va_sample,2,326.527,
375.4936,solve.va_sample,2,326.527,
375.9938,solve.va_sample,2,326.527,
376.4941,solve.va_sample,2,326.527,
376.9943,solve.va_sample,2,326.527,
377.4945,solve.va_sample,2,326.527,
377.9948,solve.va_sample,2,326.527,
378.4951,solve.va_sample,2,326.527,
378.9953,solve.va_sample,2,326.527,
379.4956,solve.va_sample,2,326.527,
379.9958,solve.va_sample,2,326.527,
380.4961,solve.va_sample,2,326.527,
380.9964,solve.va_sample,2,326.527,
381.4966,solve.va_sample,2,326.527,
381.9969,solve.va_sample,2,326.527,
382.4971,solve.va_sample,2,326.527,
382.9974,solve.va_sample,2,326.527,
383.4976,solve.va_sample,2,326.527,
383.9979,solve.va_sample,2,326.527,
384.4981,solve.va_sample,2,326.527,
384.9984,solve.va_sample,2,326.527,
385.4986,solve.va_sample,2,326.527,
385.9989,solve.va_sample,2,326.527,
386.4991,solve.va_sample,2,326.527,
386.9993,solve.va_sample,2,326.527,
387.4996,solve.va_sample,2,326.527,
387.9999,solve.va_sample,2,326.527,
388.5001,solve.va_sample,2,326.527,
389.0003,solve.va_sample,2,326.527,
389.5006,solve.va_sample,2,326.527,
390.0008,solve.va_sample,2,326.527,
390.5011,solve.va_sample,2,326.527,
391.0013,solve.va_sample,2,326.527,
391.5015,solve.va_sample,2,326.527,
392.0018,solve.va_sample,2,326.527,
392.5020,solve.va_sample,2,326.527,
393.0023,solve.va_sample,2,326.527,
393.5025,solve.va_sample,2,326.527,
394.0028,solve.va_sample,2,326.527,
394.5030,solve.va_sample,2,326.527,
395.0032,solve.va_sample,2,326.527,
395.5035,solve.va_sample,2,326.527,
396.0037,solve.va_sample,2,326.527,
396.5039,solve.va_sample,2,326.527,
397.0042,solve.va_sample,2,326.527,
397.5044,solve.va_sample,2,326.527,
398.0046,solve.va_sample,2,326.527,
398.5049,solve.va_sample,2,326.527,
399.0051,solve.va_sample,2,326.527,
399.5054,solve.va_sample,2,326.527,
400.0056,solve.va_sample,2,326.527,
400.5059,solve.va_sample,2,326.527,
401.0062,solve.va_sample,2,326.527,
401.5064,solve.va_sample,2,326.527,
402.0067,solve.va_sample,2,326.527,
402.5069,solve.va_sample,2,326.527,
403.0072,solve.va_sample,2,326.527,
403.5074,solve.va_sample,2,326.527,
404.0076,solve.va_sample,2,326.527,
404.5079,solve.va_sample,2,326.527,
405.0081,solve.va_sample,2,326.527,
405.5084,solve.va_sample,2,326.527,
406.0086,solve.va_sample,2,326.527,
406.5088,solve.va_sample,2,326.527,
407.0091,solve.va_sample,2,326.527,
407.5093,solve.va_sample,2,326.527,
408.0096,solve.va_sample,2,326.527,
408.5098,solve.va_sample,2,326.527,
409.0101,solve.va_sample,2,326.527,
409.5103,solve.va_sample,2,326.527,
410.0105,solve.va_sample,2,326.527,
410.5108,solve.va_sample,2,326.527,
411.0110,solve.va_sample,2,326.527,
411.5113,solve.va_sample,2,326.527,
412.0115,solve.va_sample,2,326.527,
412.5118,solve.va_sample,2,326.527,
413.0120,solve.va_sample,2,326.527,
413.5123,solve.va_sample,2,326.527,
414.0125,solve.va_sample,2,326.527,
414.5127,solve.va_sample,2,326.527,
415.0130,solve.va_sample,2,326.527,
415.5132,solve.va_sample,2,326.527,
416.0135,solve.va_sample,2,326.527,
416.5138,solve.va_sample,2,326.527,
417.0140,solve.va_sample,2,326.527,
417.5142,solve.va_sample,2,326.527,
418.0145,solve.va_sample,2,326.527,
418.5147,solve.va_sample,2,326.527,
419.0149,solve.va_sample,2,326.527,
419.5152,solve.va_sample,2,326.527,
420.0154,solve.va_sample,2,326.527,
420.5157,solve.va_sample,2,326.527,
421.0160,solve.va_sample,2,326.527,
421.5162,solve.va_sample,2,326.527,
422.0164,solve.va_sample,2,326.527,
422.5167,solve.va_sample,2,326.527,
423.0169,solve.va_sample,2,326.527,
423.5172,solve.va_sample,2,326.527,
424.0174,solve.va_sample,2,326.527,
424.5177,solve.va_sample,2,326.527,
425.0179,solve.va_sample,2,326.527,
425.5182,solve.va_sample,2,326.527,
426.0184,solve.va_sample,2,326.527,
426.5187,solve.va_sample,2,326.527,
427.0189,solve.va_sample,2,326.527,
427.5191,solve.va_sample,2,326.527,
428.0194,solve.va_sample,2,326.527,
428.5196,solve.va_sample,2,326.527,
429.0198,solve.va_sample,2,326.527,
429.5201,solve.va_sample,2,326.527,
430.0203,solve.va_sample,2,326.527,
430.5206,solve.va_sample,2,326.527,
431.0209,solve.va_sample,2,326.527,
431.5211,solve.va_sample,2,326.527,
432.0214,solve.va_sample,2,326.527,
432.5217,solve.va_sample,2,326.527,
433.0219,solve.va_sample,2,326.527,
433.5222,solve.va_sample,2,326.527,
434.0224,solve.va_sample,2,326.527,
434.5227,solve.va_sample,2,326.527,
435.0229,solve.va_sample,2,326.527,
435.5232,solve.va_sample,2,326.527,
436.0234,solve.va_sample,2,326.527,
436.5237,solve.va_sample,2,326.527,
437.0240,solve.va_sample,2,326.527,
437.5242,solve.va_sample,2,326.527,
438.0245,solve.va_sample,2,326.527,
438.5247,solve.va_sample,2,326.527,
439.0250,solve.va_sample,2,326.527,
439.5252,solve.va_sample,2,326.527,
440.0255,solve.va_sample,2,326.527,
440.5258,solve.va_sample,2,326.527,
441.0260,solve.va_sample,2,326.527,
441.5263,solve.va_sample,2,326.527,
442.0265,solve.va_sample,2,326.527,
442.5268,solve.va_sample,2,326.527,
443.0271,solve.va_sample,2,326.527,
443.5273,solve.va_sample,2,326.527,
444.0276,solve.va_sample,2,326.527,
444.5278,solve.va_sample,2,326.527,
445.0281,solve.va_sample,2,326.527,
445.5284,solve.va_sample,2,326.527,
446.0286,solve.va_sample,2,326.527,
446.5289,solve.va_sample,2,326.527,
447.0291,solve.va_sample,2,326.527,
447.5294,solve.va_sample,2,326.527,
448.0296,solve.va_sample,2,326.527,
448.5299,solve.va_sample,2,326.527,
449.0302,solve.va_sample,2,326.527,
449.5304,solve.va_sample,2,326.527,
450.0307,solve.va_sample,2,326.527,
450.5309,solve.va_sample,2,326.527,
451.0312,solve.va_sample,2,326.527,
451.5315,solve.va_sample,2,326.527,
452.0317,solve.va_sample,2,326.527,
452.5320,solve.va_sample,2,326.527,
453.0323,solve.va_sample,2,326.527,
453.5325,solve.va_sample,2,326.527,
454.0328,solve.va_sample,2,326.527,
454.5330,solve.va_sample,2,326.527,
455.0333,solve.va_sample,2,326.527,
455.5335,solve.va_sample,2,326.527,
456.0338,solve.va_sample,2,326.527,
456.5340,solve.va_sample,2,326.527,
457.0343,solve.va_sample,2,326.527,
457.5345,solve.va_sample,2,326.527,
458.0348,solve.va_sample,2,326.527,
458.5350,solve.va_sample,2,326.527,
459.0353,solve.va_sample,2,326.527,
459.5355,solve.va_sample,2,326.527,
460.0358,solve.va_sample,2,326.527,
460.5360,solve.va_sample,2,326.527,
461.0362,solve.va_sample,2,326.527,
461.5365,solve.va_sample,2,326.527,
462.0367,solve.va_sample,2,326.527,
462.5369,solve.va_sample,2,326.527,
463.0372,solve.va_sample,2,326.527,
463.5374,solve.va_sample,2,326.527,
464.0376,solve.va_sample,2,326.527,
464.5379,solve.va_sample,2,326.527,
465.0381,solve.va_sample,2,326.527,
465.5384,solve.va_sample,2,326.527,
466.0386,solve.va_sample,2,326.527,
466.5389,solve.va_sample,2,326.527,
467.0391,solve.va_sample,2,326.527,
467.5394,solve.va_sample,2,326.527,
468.0396,solve.va_sample,2,326.527,
468.5399,solve.va_sample,2,326.527,
469.0401,solve.va_sample,2,326.527,
469.5404,solve.va_sample,2,326.527,
470.0406,solve.va_sample,2,326.527,
470.5409,solve.va_sample,2,326.527,
471.0412,solve.va_sample,2,326.527,
471.5414,solve.va_sample,2,326.527,
472.0417,solve.va_sample,2,326.527,
472.5420,solve.va_sample,2,326.527,
473.0422,solve.va_sample,2,326.527,
473.5425,solve.va_sample,2,326.527,
474.0427,solve.va_sample,2,326.527,
474.5430,solve.va_sample,2,326.527,
475.0433,solve.va_sample,2,326.527,
475.5435,solve.va_sample,2,326.527,
476.0438,solve.va_sample,2,326.527,
476.5441,solve.va_sample,2,326.527,
477.0443,solve.va_sample,2,326.527,
477.5446,solve.va_sample,2,326.527,
478.0448,solve.va_sample,2,326.527,
478.5451,solve.va_sample,2,326.527,
479.0453,solve.va_sample,2,326.527,
479.5456,solve.va_sample,2,326.527,
480.0459,solve.va_sample,2,326.527,
480.5461,solve.va_sample,2,326.527,
481.0464,solve.va_sample,2,326.527,
481.5466,solve.va_sample,2,326.527,
482.0469,solve.va_sample,2,326.527,
482.5472,solve.va_sample,2,326.527,
483.0474,solve.va_sample,2,326.527,
483.5477,solve.va_sample,2,326.527,
484.0479,solve.va_sample,2,326.527,
484.5482,solve.va_sample,2,326.527,
485.0484,solve.va_sample,2,326.527,
485.5487,solve.va_sample,2,326.527,
486.0489,solve.va_sample,2,326.527,
486.5492,solve.va_sample,2,326.527,
487.0495,solve.va_sample,2,326.527,
487.5497,solve.va_sample,2,326.527,
488.0500,solve.va_sample,2,326.527,
488.5502,solve.va_sample,2,326.527,
489.0505,solve.va_sample,2,326.527,
489.5507,solve.va_sample,2,326.527,
490.0510,solve.va_sample,2,326.527,
490.5512,solve.va_sample,2,326.527,
491.0515,solve.va_sample,2,326.527,
491.5517,solve.va_sample,2,326.527,
492.0520,solve.va_sample,2,326.527,
492.5522,solve.va_sample,2,326.527,
493.0525,solve.va_sample,2,326.527,
493.5527,solve.va_sample,2,326.527,
494.0529,solve.va_sample,2,326.527,
494.5531,solve.va_sample,2,326.527,
495.0534,solve.va_sample,2,326.527,
495.5536,solve.va_sample,2,326.527,
496.0538,solve.va_sample,2,326.527,
496.5541,solve.va_sample,2,326.527,
497.0543,solve.va_sample,2,326.527,
497.5545,solve.va_sample,2,326.527,
498.0548,solve.va_sample,2,326.527,
498.5550,solve.va_sample,2,326.527,
499.0553,solve.va_sample,2,326.527,
499.5555,solve.va_sample,2,326.527,
500.0558,solve.va_sample,2,326.527,
500.5560,solve.va_sample,2,326.527,
501.0563,solve.va_sample,2,326.527,
501.5566,solve.va_sample,2,326.527,
502.0568,solve.va_sample,2,326.527,
502.5570,solve.va_sample,2,326.527,
503.0573,solve.va_sample,2,326.527,
503.5575,solve.va_sample,2,326.527,
504.0577,solve.va_sample,2,326.527,
504.5580,solve.va_sample,2,326.527,
505.0582,solve.va_sample,2,326.527,
505.5585,solve.va_sample,2,326.527,
506.0587,solve.va_sample,2,326.527,
506.5590,solve.va_sample,2,326.527,
507.0592,solve.va_sample,2,326.527,
507.5594,solve.va_sample,2,326.527,
508.0597,solve.va_sample,2,326.527,
508.5600,solve.va_sample,2,326.527,
509.0602,solve.va_sample,2,326.527,
509.5605,solve.va_sample,2,326.527,
510.0607,solve.va_sample,2,326.527,
510.5610,solve.va_sample,2,326.527,
511.0612,solve.va_sample,2,326.527,
511.5615,solve.va_sample,2,326.527,
512.0617,solve.va_sample,2,326.527,
512.5619,solve.va_sample,2,326.527,
513.0622,solve.va_sample,2,326.527,
513.5625,solve.va_sample,2,326.527,
514.0627,solve.va_sample,2,326.527,
514.5630,solve.va_sample,2,326.527,
515.0633,solve.va_sample,2,326.527,
515.5635,solve.va_sample,2,326.527,
516.0638,solve.va_sample,2,326.527,
516.5640,solve.va_sample,2,326.527,
517.0642,solve.va_sample,2,326.527,
517.5645,solve.va_sample,2,326.527,
518.0647,solve.va_sample,2,326.527,
518.5650,solve.va_sample,2,326.527,
519.0652,solve.va_sample,2,326.527,
519.5655,solve.va_sample,2,326.527,
520.0657,solve.va_sample,2,326.527,
520.5660,solve.va_sample,2,326.527,
521.0662,solve.va_sample,2,326.527,
521.5665,solve.va_sample,2,326.527,
522.0667,solve.va_sample,2,326.527,
522.5669,solve.va_sample,2,326.527,
523.0672,solve.va_sample,2,326.527,
523.5675,solve.va_sample,2,326.527,
524.0677,solve.va_sample,2,326.527,
524.5679,solve.va_sample,2,326.527,
525.0682,solve.va_sample,2,326.527,
525.5684,solve.va_sample,2,326.527,
526.0687,solve.va_sample,2,326.527,
526.5689,solve.va_sample,2,326.527,
527.0691,solve.va_sample,2,326.527,
527.5694,solve.va_sample,2,326.527,
528.0696,solve.va_sample,2,326.527,
528.5698,solve.va_sample,2,326.527,
529.0701,solve.va_sample,2,326.527,
529.5704,solve.va_sample,2,326.527,
530.0706,solve.va_sample,2,326.527,
530.5709,solve.va_sample,2,326.527,
531.0711,solve.va_sample,2,326.527,
531.5714,solve.va_sample,2,326.527,
532.0717,solve.va_sample,2,326.527,
532.5719,solve.va_sample,2,326.527,
533.0722,solve.va_sample,2,326.527,
533.5725,solve.va_sample,2,326.527,
534.0727,solve.va_sample,2,326.527,
534.5730,solve.va_sample,2,326.527,
535.0732,solve.va_sample,2,326.527,
535.5735,solve.va_sample,2,326.527,
536.0737,solve.va_sample,2,326.527,
536.5740,solve.va_sample,2,326.527,
537.0742,solve.va_sample,2,326.527,
537.5745,solve.va_sample,2,326.527,
538.0747,solve.va_sample,2,326.527,
538.5750,solve.va_sample,2,326.527,
539.0752,solve.va_sample,2,326.527,
539.5755,solve.va_sample,2,326.527,
540.0757,solve.va_sample,2,326.527,
540.5760,solve.va_sample,2,326.527,
541.0762,solve.va_sample,2,326.527,
541.5765,solve.va_sample,2,326.527,
542.0767,solve.va_sample,2,326.527,
542.5770,solve.va_sample,2,326.527,
543.0773,solve.va_sample,2,326.527,
543.5775,solve.va_sample,2,326.527,
544.0778,solve.va_sample,2,326.527,
544.5780,solve.va_sample,2,326.527,
545.0782,solve.va_sample,2,326.527,
545.5785,solve.va_sample,2,326.527,
546.0787,solve.va_sample,2,326.527,
546.5790,solve.va_sample,2,326.527,
547.0792,solve.va_sample,2,326.527,
547.5795,solve.va_sample,2,326.527,
548.0797,solve.va_sample,2,326.527,
548.5799,solve.va_sample,2,326.527,
549.0802,solve.va_sample,2,326.527,
549.5804,solve.va_sample,2,326.527,
550.0807,solve.va_sample,2,326.527,
550.5810,solve.va_sample,2,326.527,
551.0812,solve.va_sample,2,326.527,
551.5815,solve.va_sample,2,326.527,
552.0817,solve.va_sample,2,326.527,
552.5819,solve.va_sample,2,326.527,
553.0822,solve.va_sample,2,326.527,
553.5824,solve.va_sample,2,326.527,
554.0826,solve.va_sample,2,326.527,
554.5829,solve.va_sample,2,326.527,
555.0831,solve.va_sample,2,326.527,
555.5834,solve.va_sample,2,326.527,
556.0836,solve.va_sample,2,326.527,
556.5838,solve.va_sample,2,326.527,
557.0841,solve.va_sample,2,326.527,
557.5843,solve.va_sample,2,326.527,
558.0845,solve.va_sample,2,326.527,
558.5848,solve.va_sample,2,326.527,
559.0850,solve.va_sample,2,326.527,
559.5853,solve.va_sample,2,326.527,
560.0855,solve.va_sample,2,326.527,
560.5857,solve.va_sample,2,326.527,
561.0860,solve.va_sample,2,326.527,
561.5862,solve.va_sample,2,326.527,
562.0865,solve.va_sample,2,326.527,
562.5867,solve.va_sample,2,326.527,
563.0870,solve.va_sample,2,326.527,
563.5872,solve.va_sample,2,326.527,
564.0875,solve.va_sample,2,326.527,
564.5877,solve.va_sample,2,326.527,
565.0880,solve.va_sample,2,326.527,
565.5882,solve.va_sample,2,326.527,
566.0885,solve.va_sample,2,326.527,
566.5887,solve.va_sample,2,326.527,
567.0889,solve.va_sample,2,326.527,
567.5892,solve.va_sample,2,326.527,
568.0894,solve.va_sample,2,326.527,
568.5897,solve.va_sample,2,326.527,
569.0900,solve.va_sample,2,326.527,
569.5903,solve.va_sample,2,326.527,
570.0906,solve.va_sample,2,326.527,
570.5908,solve.va_sample,2,326.527,
571.0911,solve.va_sample,2,326.527,
571.5914,solve.va_sample,2,326.527,
572.0916,solve.va_sample,2,326.527,
572.5919,solve.va_sample,2,326.527,
573.0921,solve.va_sample,2,326.527,
573.5924,solve.va_sample,2,326.527,
574.0926,solve.va_sample,2,326.527,
574.5929,solve.va_sample,2,326.527,
575.0931,solve.va_sample,2,326.527,
575.5934,solve.va_sample,2,326.527,
576.0936,solve.va_sample,2,326.527,
576.5939,solve.va_sample,2,326.527,
577.0942,solve.va_sample,2,326.527,
577.5944,solve.va_sample,2,326.527,
578.0947,solve.va_sample,2,326.527,
578.5949,solve.va_sample,2,326.527,
579.0952,solve.va_sample,2,326.527,
579.5954,solve.va_sample,2,326.527,
580.0957,solve.va_sample,2,326.527,
580.5959,solve.va_sample,2,326.527,
581.0962,solve.va_sample,2,326.527,
581.5964,solve.va_sample,2,326.527,
582.0967,solve.va_sample,2,326.527,
582.5969,solve.va_sample,2,326.527,
583.0972,solve.va_sample,2,326.527,
583.5974,solve.va_sample,2,326.527,
584.0977,solve.va_sample,2,326.527,
584.5979,solve.va_sample,2,326.527,
585.0982,solve.va_sample,2,326.527,
585.5984,solve.va_sample,2,326.527,
586.0987,solve.va_sample,2,326.527,
586.5989,solve.va_sample,2,326.527,
587.0991,solve.va_sample,2,326.527,
587.5994,solve.va_sample,2,326.527,
588.0996,solve.va_sample,2,326.527,
588.5999,solve.va_sample,2,326.527,
589.1001,solve.va_sample,2,326.527,
589.6004,solve.va_sample,2,326.527,
590.1006,solve.va_sample,2,326.527,
590.6009,solve.va_sample,2,326.527,
591.1012,solve.va_sample,2,326.527,
591.6014,solve.va_sample,2,326.527,
592.1017,solve.va_sample,2,326.527,
592.6019,solve.va_sample,2,326.527,
593.1022,solve.va_sample,2,326.527,
593.6025,solve.va_sample,2,326.527,
594.1027,solve.va_sample,2,326.527,
594.6029,solve.va_sample,2,326.527,
595.1032,solve.va_sample,2,326.527,
595.6034,solve.va_sample,2,326.527,
596.1037,solve.va_sample,2,326.527,
596.6039,solve.va_sample,2,326.527,
597.1042,solve.va_sample,2,326.527,
597.6045,solve.va_sample,2,326.527,
598.1047,solve.va_sample,2,326.785,
598.6050,solve.va_sample,2,326.785,
599.1052,solve.va_sample,2,326.785,
599.6055,solve.va_sample,2,326.785,
600.1057,solve.va_sample,2,326.785,
600.6060,solve.va_sample,2,326.785,
601.1062,solve.va_sample,2,326.785,
601.6065,solve.va_sample,2,326.785,
602.1067,solve.va_sample,2,326.785,
602.6069,solve.va_sample,2,326.785,
603.1072,solve.va_sample,2,326.785,
603.6075,solve.va_sample,2,326.785,
604.1077,solve.va_sample,2,326.785,
604.6080,solve.va_sample,2,326.785,
605.1082,solve.va_sample,2,326.785,
605.6085,solve.va_sample,2,326.785,
606.1087,solve.va_sample,2,326.785,
606.6090,solve.va_sample,2,326.785,
607.1093,solve.va_sample,2,326.785,
607.6095,solve.va_sample,2,326.785,
608.1098,solve.va_sample,2,326.785,
608.6100,solve.va_sample,2,326.785,
609.1102,solve.va_sample,2,326.785,
609.6105,solve.va_sample,2,326.785,
610.1108,solve.va_sample,2,326.785,
610.6110,solve.va_sample,2,326.785,
611.1113,solve.va_sample,2,326.785,
611.6116,solve.va_sample,2,326.785,
612.1118,solve.va_sample,2,326.785,
612.6121,solve.va_sample,2,326.785,
613.1124,solve.va_sample,2,326.785,
613.6126,solve.va_sample,2,326.785,
614.1129,solve.va_sample,2,326.785,
614.6131,solve.va_sample,2,326.785,
615.1134,solve.va_sample,2,326.785,
615.6136,solve.va_sample,2,326.785,
616.1138,solve.va_sample,2,326.785,
616.6141,solve.va_sample,2,326.785,
617.1143,solve.va_sample,2,326.785,
617.6146,solve.va_sample,2,326.785,
618.1148,solve.va_sample,2,326.785,
618.6151,solve.va_sample,2,326.785,
619.1154,solve.va_sample,2,326.785,
619.6156,solve.va_sample,2,326.785,
620.1158,solve.va_sample,2,326.785,
620.6161,solve.va_sample,2,326.785,
621.1164,solve.va_sample,2,326.785,
621.6166,solve.va_sample,2,326.785,
622.1168,solve.va_sample,2,326.785,
622.6171,solve.va_sample,2,326.785,
623.1173,solve.va_sample,2,326.785,
623.6176,solve.va_sample,2,326.785,
624.1178,solve.va_sample,2,326.785,
624.6180,solve.va_sample,2,326.785,
625.1183,solve.va_sample,2,326.785,
625.6186,solve.va_sample,2,326.785,
626.1188,solve.va_sample,2,326.785,
626.6191,solve.va_sample,2,326.785,
627.1193,solve.va_sample,2,326.785,
627.6196,solve.va_sample,2,326.785,
628.1199,solve.va_sample,2,326.785,
628.6201,solve.va_sample,2,326.785,
629.1204,solve.va_sample,2,326.785,
629.6206,solve.va_sample,2,326.785,
630.1208,solve.va_sample,2,326.785,
630.6211,solve.va_sample,2,326.785,
631.1213,solve.va_sample,2,326.785,
631.6216,solve.va_sample,2,326.785,
632.1218,solve.va_sample,2,326.785,
632.6220,solve.va_sample,2,326.785,
633.1223,solve.va_sample,2,326.785,
633.6225,solve.va_sample,2,326.785,
634.1228,solve.va_sample,2,326.785,
634.6230,solve.va_sample,2,326.785,
635.1233,solve.va_sample,2,326.785,
635.6235,solve.va_sample,2,326.785,
636.1238,solve.va_sample,2,326.785,
636.6240,solve.va_sample,2,326.785,
637.1243,solve.va_sample,2,326.785,
637.6245,solve.va_sample,2,326.785,
638.1248,solve.va_sample,2,326.785,
638.6250,solve.va_sample,2,326.785,
639.1253,solve.va_sample,2,326.785,
639.6256,solve.va_sample,2,326.785,
640.1258,solve.va_sample,2,326.785,
640.6261,solve.va_sample,2,326.785,
641.1263,solve.va_sample,2,326.785,
641.6265,solve.va_sample,2,326.785,
642.1268,solve.va_sample,2,326.785,
642.6271,solve.va_sample,2,326.785,
643.1273,solve.va_sample,2,326.785,
643.6275,solve.va_sample,2,326.785,
644.1278,solve.va_sample,2,326.785,
644.6280,solve.va_sample,2,326.785,
645.1282,solve.va_sample,2,326.785,
645.6285,solve.va_sample,2,326.785,
646.1287,solve.va_sample,2,326.785,
646.6290,solve.va_sample,2,326.785,
647.1292,solve.va_sample,2,326.785,
647.6295,solve.va_sample,2,326.785,
648.1297,solve.va_sample,2,326.785,
648.6299,solve.va_sample,2,326.785,
649.1302,solve.va_sample,2,326.785,
649.6304,solve.va_sample,2,326.785,
650.1306,solve.va_sample,2,326.785,
650.6309,solve.va_sample,2,326.785,
651.1312,solve.va_sample,2,326.785,
651.6314,solve.va_sample,2,326.785,
652.1317,solve.va_sample,2,326.785,
652.6319,solve.va_sample,2,326.785,
653.1322,solve.va_sample,2,326.785,
653.6324,solve.va_sample,2,326.785,
654.1327,solve.va_sample,2,326.785,
654.6329,solve.va_sample,2,326.785,
655.1332,solve.va_sample,2,326.785,
655.6334,solve.va_sample,2,326.785,
656.1336,solve.va_sample,2,326.785,
656.6339,solve.va_sample,2,326.785,
657.1341,solve.va_sample,2,326.785,
657.6344,solve.va_sample,2,326.785,
658.1346,solve.va_sample,2,326.785,
658.6349,solve.va_sample,2,326.785,
659.1351,solve.va_sample,2,326.785,
659.6354,solve.va_sample,2,326.785,
660.1356,solve.va_sample,2,326.785,
660.6358,solve.va_sample,2,326.785,
661.1361,solve.va_sample,2,326.785,
661.6363,solve.va_sample,2,326.785,
662.1365,solve.va_sample,2,326.785,
662.6368,solve.va_sample,2,326.785,
663.1370,solve.va_sample,2,326.785,
663.6373,solve.va_sample,2,326.785,
664.1375,solve.va_sample,2,326.785,
664.6378,solve.va_sample,2,326.785,
665.1380,solve.va_sample,2,326.785,
665.6382,solve.va_sample,2,326.785,
666.1385,solve.va_sample,2,326.785,
666.6387,solve.va_sample,2,326.785,
667.1390,solve.va_sample,2,326.785,
667.6392,solve.va_sample,2,326.785,
668.1394,solve.va_sample,2,326.785,
668.6397,solve.va_sample,2,326.785,
669.1399,solve.va_sample,2,326.785,
669.6401,solve.va_sample,2,326.785,
670.1404,solve.va_sample,2,326.785,
670.6407,solve.va_sample,2,326.785,
671.1409,solve.va_sample,2,326.785,
671.6411,solve.va_sample,2,326.785,
672.1414,solve.va_sample,2,326.785,
672.6416,solve.va_sample,2,326.785,
673.1418,solve.va_sample,2,326.785,
673.6421,solve.va_sample,2,326.785,
674.1423,solve.va_sample,2,326.785,
674.6425,solve.va_sample,2,326.785,
675.1428,solve.va_sample,2,326.785,
675.6430,solve.va_sample,2,326.785,
676.1432,solve.va_sample,2,326.785,
676.6435,solve.va_sample,2,326.785,
677.1437,solve.va_sample,2,326.785,
677.6439,solve.va_sample,2,326.785,
678.1442,solve.va_sample,2,326.785,
678.6444,solve.va_sample,2,326.785,
679.1446,solve.va_sample,2,326.785,
679.6449,solve.va_sample,2,326.785,
680.1451,solve.va_sample,2,326.785,
680.6453,solve.va_sample,2,326.785,
681.1456,solve.va_sample,2,326.785,
681.6458,solve.va_sample,2,326.785,
682.1461,solve.va_sample,2,326.785,
682.6463,solve.va_sample,2,326.785,
683.1465,solve.va_sample,2,326.785,
683.6467,solve.va_sample,2,326.785,
684.1470,solve.va_sample,2,326.785,
684.6472,solve.va_sample,2,326.785,
685.1475,solve.va_sample,2,326.785,
685.6477,solve.va_sample,2,326.785,
686.1480,solve.va_sample,2,326.785,
686.6482,solve.va_sample,2,326.785,
687.1485,solve.va_sample,2,326.785,
687.6487,solve.va_sample,2,326.785,
688.1489,solve.va_sample,2,326.785,
688.6492,solve.va_sample,2,326.785,
689.1494,solve.va_sample,2,326.785,
689.6497,solve.va_sample,2,326.785,
690.1499,solve.va_sample,2,326.785,
690.6502,solve.va_sample,2,326.785,
691.1504,solve.va_sample,2,326.785,
691.6507,solve.va_sample,2,326.785,
692.1509,solve.va_sample,2,326.785,
692.6511,solve.va_sample,2,326.785,
693.1514,solve.va_sample,2,326.785,
693.6516,solve.va_sample,2,326.785,
694.1518,solve.va_sample,2,326.785,
694.6521,solve.va_sample,2,326.785,
695.1523,solve.va_sample,2,326.785,
695.6526,solve.va_sample,2,326.785,
696.1528,solve.va_sample,2,326.785,
696.6531,solve.va_sample,2,326.785,
697.1533,solve.va_sample,2,326.785,
697.6536,solve.va_sample,2,326.785,
698.1538,solve.va_sample,2,326.785,
698.6540,solve.va_sample,2,326.785,
699.1543,solve.va_sample,2,326.785,
699.6545,solve.va_sample,2,326.785,
700.1547,solve.va_sample,2,326.785,
700.6550,solve.va_sample,2,326.785,
701.1552,solve.va_sample,2,326.785,
701.6555,solve.va_sample,2,326.785,
702.1557,solve.va_sample,2,326.785,
702.6559,solve.va_sample,2,326.785,
703.1562,solve.va_sample,2,326.785,
703.6564,solve.va_sample,2,326.785,
704.1566,solve.va_sample,2,326.785,
704.6569,solve.va_sample,2,326.785,
705.1571,solve.va_sample,2,326.785,
705.6573,solve.va_sample,2,326.785,
706.1576,solve.va_sample,2,326.785,
706.6578,solve.va_sample,2,326.785,
707.1580,solve.va_sample,2,326.785,
707.6583,solve.va_sample,2,326.785,
708.1585,solve.va_sample,2,326.785,
708.6587,solve.va_sample,2,326.785,
709.1590,solve.va_sample,2,326.785,
709.6592,solve.va_sample,2,326.785,
710.1594,solve.va_sample,2,326.785,
710.6597,solve.va_sample,2,326.785,
711.1600,solve.va_sample,2,326.785,
711.6602,solve.va_sample,2,326.785,
712.1604,solve.va_sample,2,326.785,
712.6607,solve.va_sample,2,326.785,
713.1610,solve.va_sample,2,326.785,
713.6612,solve.va_sample,2,326.785,
714.1615,solve.va_sample,2,326.785,
714.6618,solve.va_sample,2,326.785,
715.1620,solve.va_sample,2,326.785,
715.6623,solve.va_sample,2,326.785,
716.1625,solve.va_sample,2,326.785,
716.6628,solve.va_sample,2,326.785,
717.1630,solve.va_sample,2,326.785,
717.6633,solve.va_sample,2,326.785,
718.1635,solve.va_sample,2,326.785,
718.6638,solve.va_sample,2,326.785,
719.1640,solve.va_sample,2,326.785,
719.6643,solve.va_sample,2,326.785,
720.1645,solve.va_sample,2,326.785,
720.6648,solve.va_sample,2,326.785,
721.1650,solve.va_sample,2,326.785,
721.6652,solve.va_sample,2,326.785,
722.1655,solve.va_sample,2,326.785,
722.6657,solve.va_sample,2,326.785,
723.1660,solve.va_sample,2,326.785,
723.6662,solve.va_sample,2,326.785,
724.1665,solve.va_sample,2,326.785,
724.6667,solve.va_sample,2,326.785,
725.1669,solve.va_sample,2,326.785,
725.6672,solve.va_sample,2,326.785,
726.1674,solve.va_sample,2,326.785,
726.6677,solve.va_sample,2,326.785,
727.1679,solve.va_sample,2,326.785,
727.6681,solve.va_sample,2,326.785,
728.1684,solve.va_sample,2,326.785,
728.6687,solve.va_sample,2,326.785,
729.1689,solve.va_sample,2,326.785,
729.6692,solve.va_sample,2,326.785,
730.1694,solve.va_sample,2,326.785,
730.6697,solve.va_sample,2,326.785,
731.1699,solve.va_sample,2,326.785,
731.6702,solve.va_sample,2,326.785,
732.1704,solve.va_sample,2,326.785,
732.6707,solve.va_sample,2,326.785,
733.1709,solve.va_sample,2,326.785,
733.6712,solve.va_sample,2,326.785,
734.1714,solve.va_sample,2,326.785,
734.6716,solve.va_sample,2,326.785,
735.1719,solve.va_sample,2,326.785,
735.6721,solve.va_sample,2,326.785,
736.1724,solve.va_sample,2,326.785,
736.6726,solve.va_sample,2,326.785,
737.1728,solve.va_sample,2,326.785,
737.6731,solve.va_sample,2,326.785,
738.1733,solve.va_sample,2,326.785,
738.6736,solve.va_sample,2,326.785,
739.1738,solve.va_sample,2,326.785,
739.6741,solve.va_sample,2,326.785,
740.1743,solve.va_sample,2,326.785,
740.6746,solve.va_sample,2,326.785,
741.1748,solve.va_sample,2,326.785,
741.6750,solve.va_sample,2,326.785,
742.1753,solve.va_sample,2,326.785,
742.6755,solve.va_sample,2,326.785,
743.1758,solve.va_sample,2,326.785,
743.6760,solve.va_sample,2,326.785,
744.1763,solve.va_sample,2,326.785,
744.6765,solve.va_sample,2,326.785,
745.1767,solve.va_sample,2,326.785,
745.6770,solve.va_sample,2,326.785,
746.1772,solve.va_sample,2,326.785,
746.6775,solve.va_sample,2,326.785,
747.1777,solve.va_sample,2,326.785,
747.6779,solve.va_sample,2,326.785,
748.1782,solve.va_sample,2,326.785,
748.6784,solve.va_sample,2,326.785,
749.1787,solve.va_sample,2,326.785,
749.6789,solve.va_sample,2,326.785,
750.1792,solve.va_sample,2,326.785,
750.6794,solve.va_sample,2,326.785,
751.1797,solve.va_sample,2,326.785,
751.6799,solve.va_sample,2,326.785,
752.1802,solve.va_sample,2,326.785,
752.6804,solve.va_sample,2,326.785,
753.1806,solve.va_sample,2,326.785,
753.6809,solve.va_sample,2,326.785,
754.1811,solve.va_sample,2,326.785,
754.6814,solve.va_sample,2,326.785,
755.1816,solve.va_sample,2,326.785,
755.6819,solve.va_sample,2,326.785,
756.1821,solve.va_sample,2,326.785,
756.6824,solve.va_sample,2,326.785,
757.1826,solve.va_sample,2,326.785,
757.6829,solve.va_sample,2,326.785,
758.1831,solve.va_sample,2,326.785,
758.6833,solve.va_sample,2,326.785,
759.1835,solve.va_sample,2,326.785,
759.6838,solve.va_sample,2,326.785,
760.1841,solve.va_sample,2,326.785,
760.6843,solve.va_sample,2,326.785,
761.1846,solve.va_sample,2,326.785,
761.6848,solve.va_sample,2,326.785,
762.1851,solve.va_sample,2,326.785,
762.6853,solve.va_sample,2,326.785,
763.1856,solve.va_sample,2,326.785,
763.6858,solve.va_sample,2,326.785,
764.1860,solve.va_sample,2,326.785,
764.6863,solve.va_sample,2,326.785,
765.1865,solve.va_sample,2,326.785,
765.6868,solve.va_sample,2,326.785,
766.1870,solve.va_sample,2,326.785,
766.6872,solve.va_sample,2,326.785,
767.1875,solve.va_sample,2,326.785,
767.6877,solve.va_sample,2,326.785,
768.1880,solve.va_sample,2,326.785,
768.6882,solve.va_sample,2,326.785,
769.1884,solve.va_sample,2,326.785,
769.6887,solve.va_sample,2,326.785,
770.1889,solve.va_sample,2,326.785,
770.6892,solve.va_sample,2,326.785,
771.1895,solve.va_sample,2,326.785,
771.6898,solve.va_sample,2,326.785,
772.1900,solve.va_sample,2,326.785,
772.6903,solve.va_sample,2,326.785,
773.1905,solve.va_sample,2,326.785,
773.6908,solve.va_sample,2,326.785,
774.1910,solve.va_sample,2,326.785,
774.6912,solve.va_sample,2,326.785,
775.1915,solve.va_sample,2,326.785,
775.6917,solve.va_sample,2,326.785,
776.1920,solve.va_sample,2,326.785,
776.6922,solve.va_sample,2,326.785,
777.1924,solve.va_sample,2,326.785,
777.6927,solve.va_sample,2,326.785,
778.1929,solve.va_sample,2,326.785,
778.6931,solve.va_sample,2,326.785,
779.1934,solve.va_sample,2,326.785,
779.6936,solve.va_sample,2,326.785,
780.1939,solve.va_sample,2,326.785,
780.6941,solve.va_sample,2,326.785,
781.1944,solve.va_sample,2,326.785,
781.6947,solve.va_sample,2,326.785,
782.1949,solve.va_sample,2,326.785,
782.6952,solve.va_sample,2,326.785,
783.1954,solve.va_sample,2,326.785,
783.6957,solve.va_sample,2,326.785,
784.1959,solve.va_sample,2,326.785,
784.6962,solve.va_sample,2,326.785,
785.1964,solve.va_sample,2,326.785,
785.6967,solve.va_sample,2,326.785,
786.1969,solve.va_sample,2,326.785,
786.6972,solve.va_sample,2,326.785,
787.1974,solve.va_sample,2,326.785,
787.6976,solve.va_sample,2,326.785,
788.1979,solve.va_sample,2,326.785,
788.6981,solve.va_sample,2,326.785,
789.1984,solve.va_sample,2,326.785,
789.6986,solve.va_sample,2,326.785,
790.1989,solve.va_sample,2,326.785,
790.6992,solve.va_sample,2,326.785,
791.1994,solve.va_sample,2,326.785,
791.6997,solve.va_sample,2,326.785,
792.1999,solve.va_sample,2,326.785,
792.7001,solve.va_sample,2,326.785,
793.2004,solve.va_sample,2,326.785,
793.7006,solve.va_sample,2,326.785,
794.2009,solve.va_sample,2,326.785,
794.7011,solve.va_sample,2,326.785,
795.2013,solve.va_sample,2,326.785,
795.7016,solve.va_sample,2,326.785,
796.2018,solve.va_sample,2,326.785,
796.7020,solve.va_sample,2,326.785,
797.2023,solve.va_sample,2,326.785,
797.7025,solve.va_sample,2,326.785,
798.2027,solve.va_sample,2,326.785,
798.7030,solve.va_sample,2,326.785,
799.2032,solve.va_sample,2,326.785,
799.7035,solve.va_sample,2,326.785,
800.2038,solve.va_sample,2,326.785,
800.7040,solve.va_sample,2,326.785,
801.2042,solve.va_sample,2,326.785,
801.7045,solve.va_sample,2,326.785,
802.2047,solve.va_sample,2,326.785,
802.7050,solve.va_sample,2,326.785,
803.2052,solve.va_sample,2,326.785,
803.7054,solve.va_sample,2,326.785,
804.2057,solve.va_sample,2,326.785,
804.7059,solve.va_sample,2,326.785,
805.2062,solve.va_sample,2,326.785,
805.7064,solve.va_sample,2,326.785,
806.2066,solve.va_sample,2,326.785,
806.7069,solve.va_sample,2,326.785,
807.2071,solve.va_sample,2,326.785,
807.7074,solve.va_sample,2,326.785,
808.2076,solve.va_sample,2,326.785,
808.7078,solve.va_sample,2,326.785,
809.2081,solve.va_sample,2,326.785,
809.7083,solve.va_sample,2,326.785,
810.2086,solve.va_sample,2,326.785,
810.7088,solve.va_sample,2,326.785,
811.2091,solve.va_sample,2,326.785,
811.7093,solve.va_sample,2,326.785,
812.2095,solve.va_sample,2,326.785,
812.7098,solve.va_sample,2,326.785,
813.2100,solve.va_sample,2,326.785,
813.7103,solve.va_sample,2,326.785,
814.2105,solve.va_sample,2,326.785,
814.7108,solve.va_sample,2,326.785,
815.2110,solve.va_sample,2,326.785,
815.7113,solve.va_sample,2,326.785,
816.2115,solve.va_sample,2,326.785,
816.7118,solve.va_sample,2,326.785,
817.2120,solve.va_sample,2,326.785,
817.7122,solve.va_sample,2,326.785,
818.2125,solve.va_sample,2,326.785,
818.7127,solve.va_sample,2,326.785,
819.2130,solve.va_sample,2,326.785,
819.7132,solve.va_sample,2,326.785,
820.2135,solve.va_sample,2,326.785,
820.7138,solve.va_sample,2,326.785,
821.2140,solve.va_sample,2,326.785,
821.7143,solve.va_sample,2,326.785,
822.2145,solve.va_sample,2,326.785,
822.7148,solve.va_sample,2,326.785,
823.2150,solve.va_sample,2,326.785,
823.7152,solve.va_sample,2,326.785,
824.2155,solve.va_sample,2,326.785,
824.7157,solve.va_sample,2,326.785,
825.2159,solve.va_sample,2,326.785,
825.7162,solve.va_sample,2,326.785,
826.2164,solve.va_sample,2,326.785,
826.7167,solve.va_sample,2,326.785,
827.2169,solve.va_sample,2,326.785,
827.7171,solve.va_sample,2,326.785,
828.2174,solve.va_sample,2,326.785,
828.7177,solve.va_sample,2,326.785,
829.2179,solve.va_sample,2,326.785,
829.7181,solve.va_sample,2,326.785,
830.2184,solve.va_sample,2,326.785,
830.7187,solve.va_sample,2,326.785,
831.2189,solve.va_sample,2,326.785,
831.7192,solve.va_sample,2,326.785,
832.2194,solve.va_sample,2,326.785,
832.7197,solve.va_sample,2,326.785,
833.2200,solve.va_sample,2,326.785,
833.7202,solve.va_sample,2,326.785,
834.2205,solve.va_sample,2,326.785,
834.7207,solve.va_sample,2,326.785,
835.2209,solve.va_sample,2,326.785,
835.7212,solve.va_sample,2,326.785,
836.2214,solve.va_sample,2,326.785,
836.7217,solve.va_sample,2,326.785,
837.2219,solve.va_sample,2,326.785,
837.7222,solve.va_sample,2,326.785,
838.2224,solve.va_sample,2,326.785,
838.7227,solve.va_sample,2,326.785,
839.2229,solve.va_sample,2,326.785,
839.7231,solve.va_sample,2,326.785,
840.2234,solve.va_sample,2,326.785,
840.7237,solve.va_sample,2,326.785,
841.2239,solve.va_sample,2,326.785,
841.7242,solve.va_sample,2,326.785,
842.2245,solve.va_sample,2,326.785,
842.7247,solve.va_sample,2,326.785,
843.2249,solve.va_sample,2,326.785,
843.7252,solve.va_sample,2,326.785,
844.2255,solve.va_sample,2,326.785,
844.7257,solve.va_sample,2,326.785,
845.2259,solve.va_sample,2,326.785,
845.7262,solve.va_sample,2,326.785,
846.2264,solve.va_sample,2,326.785,
846.7267,solve.va_sample,2,326.785,
847.2269,solve.va_sample,2,326.785,
847.7272,solve.va_sample,2,326.785,
848.2274,solve.va_sample,2,326.785,
848.7276,solve.va_sample,2,326.785,
849.2279,solve.va_sample,2,326.785,
849.7281,solve.va_sample,2,326.785,
850.2284,solve.va_sample,2,326.785,
850.7287,solve.va_sample,2,326.785,
851.2289,solve.va_sample,2,326.785,
851.7292,solve.va_sample,2,326.785,
852.2294,solve.va_sample,2,326.785,
852.7296,solve.va_sample,2,326.785,
853.2299,solve.va_sample,2,326.785,
853.7301,solve.va_sample,2,326.785,
854.2304,solve.va_sample,2,326.785,
854.7306,solve.va_sample,2,326.785,
855.2308,solve.va_sample,2,326.785,
855.7311,solve.va_sample,2,326.785,
856.2314,solve.va_sample,2,326.785,
856.7316,solve.va_sample,2,326.785,
857.2319,solve.va_sample,2,326.785,
857.7321,solve.va_sample,2,326.785,
858.2323,solve.va_sample,2,326.785,
858.7326,solve.va_sample,2,326.785,
859.2328,solve.va_sample,2,326.785,
859.7330,solve.va_sample,2,326.785,
860.2333,solve.va_sample,2,326.785,
860.7336,solve.va_sample,2,326.785,
861.2338,solve.va_sample,2,326.785,
861.7341,solve.va_sample,2,326.785,
862.2343,solve.va_sample,2,326.785,
862.7346,solve.va_sample,2,326.785,
863.2348,solve.va_sample,2,326.785,
863.7350,solve.va_sample,2,326.785,
864.2353,solve.va_sample,2,326.785,
864.7355,solve.va_sample,2,326.785,
865.2357,solve.va_sample,2,326.785,
865.7360,solve.va_sample,2,326.785,
866.2362,solve.va_sample,2,326.785,
866.7364,solve.va_sample,2,326.785,
867.2367,solve.va_sample,2,326.785,
867.7369,solve.va_sample,2,326.785,
868.2371,solve.va_sample,2,326.785,
868.7374,solve.va_sample,2,326.785,
869.2376,solve.va_sample,2,326.785,
869.7379,solve.va_sample,2,326.785,
870.2382,solve.va_sample,2,326.785,
870.7385,solve.va_sample,2,326.785,
871.2387,solve.va_sample,2,326.785,
871.7390,solve.va_sample,2,326.785,
872.2392,solve.va_sample,2,326.785,
872.7395,solve.va_sample,2,326.785,
873.2397,solve.va_sample,2,326.785,
873.7399,solve.va_sample,2,326.785,
874.2402,solve.va_sample,2,326.785,
874.7404,solve.va_sample,2,326.785,
875.2407,solve.va_sample,2,326.785,
875.7409,solve.va_sample,2,326.785,
876.2411,solve.va_sample,2,326.785,
876.7414,solve.va_sample,2,326.785,
877.2416,solve.va_sample,2,326.785,
877.7418,solve.va_sample,2,326.785,
878.2421,solve.va_sample,2,326.785,
878.7423,solve.va_sample,2,326.785,
879.2425,solve.va_sample,2,326.785,
879.7428,solve.va_sample,2,326.785,
880.2431,solve.va_sample,2,326.785,
880.7433,solve.va_sample,2,326.785,
881.2436,solve.va_sample,2,326.785,
881.7438,solve.va_sample,2,326.785,
882.2440,solve.va_sample,2,326.785,
882.7443,solve.va_sample,2,326.785,
883.2445,solve.va_sample,2,326.785,
883.7448,solve.va_sample,2,326.785,
884.2450,solve.va_sample,2,326.785,
884.7452,solve.va_sample,2,326.785,
885.2455,solve.va_sample,2,326.785,
885.7458,solve.va_sample,2,326.785,
886.2460,solve.va_sample,2,326.785,
886.7463,solve.va_sample,2,326.785,
887.2465,solve.va_sample,2,326.785,
887.7468,solve.va_sample,2,326.785,
888.2470,solve.va_sample,2,326.785,
888.7472,solve.va_sample,2,326.785,
889.2475,solve.va_sample,2,326.785,
889.7477,solve.va_sample,2,326.785,
890.2480,solve.va_sample,2,326.785,
890.7483,solve.va_sample,2,326.785,
891.2485,solve.va_sample,2,326.785,
891.7488,solve.va_sample,2,326.785,
892.2490,solve.va_sample,2,326.785,
892.7493,solve.va_sample,2,326.785,
893.2495,solve.va_sample,2,326.785,
893.7498,solve.va_sample,2,326.785,
894.2500,solve.va_sample,2,326.785,
894.7502,solve.va_sample,2,326.785,
895.2505,solve.va_sample,2,326.785,
895.7507,solve.va_sample,2,326.785,
896.2510,solve.va_sample,2,326.785,
896.7512,solve.va_sample,2,326.785,
897.2515,solve.va_sample,2,326.785,
897.7517,solve.va_sample,2,326.785,
898.2520,solve.va_sample,2,326.785,
898.7522,solve.va_sample,2,326.785,
899.2525,solve.va_sample,2,326.785,
899.7527,solve.va_sample,2,326.785,
900.2530,solve.va_sample,2,326.785,
900.7533,solve.va_sample,2,326.785,
901.2535,solve.va_sample,2,326.785,
901.7538,solve.va_sample,2,326.785,
902.2540,solve.va_sample,2,326.785,
902.7543,solve.va_sample,2,326.785,
903.2545,solve.va_sample,2,326.785,
903.7548,solve.va_sample,2,326.785,
904.2550,solve.va_sample,2,326.785,
904.7553,solve.va_sample,2,326.785,
905.2555,solve.va_sample,2,326.785,
905.7558,solve.va_sample,2,326.785,
906.2560,solve.va_sample,2,326.785,
906.7562,solve.va_sample,2,326.785,
907.2565,solve.va_sample,2,326.785,
907.7567,solve.va_sample,2,326.785,
908.2570,solve.va_sample,2,326.785,
908.7572,solve.va_sample,2,326.785,
909.2574,solve.va_sample,2,326.785,
909.7577,solve.va_sample,2,326.785,
910.2580,solve.va_sample,2,326.785,
910.7583,solve.va_sample,2,326.785,
911.2586,solve.va_sample,2,326.785,
911.7588,solve.va_sample,2,326.785,
912.2591,solve.va_sample,2,326.785,
912.7594,solve.va_sample,2,326.785,
913.2596,solve.va_sample,2,326.785,
913.7599,solve.va_sample,2,326.785,
914.2602,solve.va_sample,2,326.785,
914.7604,solve.va_sample,2,326.785,
915.2606,solve.va_sample,2,326.785,
915.7609,solve.va_sample,2,326.785,
916.2611,solve.va_sample,2,326.785,
916.7614,solve.va_sample,2,326.785,
917.2617,solve.va_sample,2,326.785,
917.7619,solve.va_sample,2,326.785,
918.2622,solve.va_sample,2,326.785,
918.7625,solve.va_sample,2,326.785,
919.2628,solve.va_sample,2,326.785,
919.7630,solve.va_sample,2,326.785,
920.2633,solve.va_sample,2,326.785,
920.7636,solve.va_sample,2,326.785,
921.2638,solve.va_sample,2,326.785,
921.7641,solve.va_sample,2,326.785,
922.2643,solve.va_sample,2,326.785,
922.7645,solve.va_sample,2,326.785,
923.2648,solve.va_sample,2,326.785,
923.7650,solve.va_sample,2,326.785,
924.2653,solve.va_sample,2,326.785,
924.7655,solve.va_sample,2,326.785,
925.2658,solve.va_sample,2,326.785,
925.7661,solve.va_sample,2,326.785,
926.2663,solve.va_sample,2,326.785,
926.7666,solve.va_sample,2,326.785,
927.2668,solve.va_sample,2,326.785,
927.7671,solve.va_sample,2,326.785,
928.2673,solve.va_sample,2,326.785,
928.7675,solve.va_sample,2,326.785,
929.2678,solve.va_sample,2,326.785,
929.7680,solve.va_sample,2,326.785,
930.2683,solve.va_sample,2,326.785,
930.7685,solve.va_sample,2,326.785,
931.2687,solve.va_sample,2,326.785,
931.7690,solve.va_sample,2,326.785,
932.2692,solve.va_sample,2,326.785,
932.7695,solve.va_sample,2,326.785,
933.2697,solve.va_sample,2,326.785,
933.7699,solve.va_sample,2,326.785,
934.2702,solve.va_sample,2,326.785,
934.7704,solve.va_sample,2,326.785,
935.2707,solve.va_sample,2,326.785,
935.7709,solve.va_sample,2,326.785,
936.2712,solve.va_sample,2,326.785,
936.7714,solve.va_sample,2,326.785,
937.2716,solve.va_sample,2,326.785,
937.7719,solve.va_sample,2,326.785,
938.2721,solve.va_sample,2,326.785,
938.7724,solve.va_sample,2,326.785,
939.2726,solve.va_sample,2,326.785,
939.7728,solve.va_sample,2,326.785,
940.2731,solve.va_sample,2,326.785,
940.7733,solve.va_sample,2,326.785,
941.2736,solve.va_sample,2,326.785,
941.7738,solve.va_sample,2,326.785,
942.2741,solve.va_sample,2,326.785,
942.7743,solve.va_sample,2,326.785,
943.2746,solve.va_sample,2,326.785,
943.7748,solve.va_sample,2,327.043,
944.2751,solve.va_sample,2,327.043,
944.7753,solve.va_sample,2,327.043,
945.2756,solve.va_sample,2,327.043,
945.7758,solve.va_sample,2,327.043,
946.2761,solve.va_sample,2,327.043,
946.7763,solve.va_sample,2,327.043,
947.2765,solve.va_sample,2,327.043,
947.7768,solve.va_sample,2,327.043,
948.2770,solve.va_sample,2,327.043,
948.7773,solve.va_sample,2,327.043,
949.2775,solve.va_sample,2,327.043,
949.7778,solve.va_sample,2,327.043,
950.2780,solve.va_sample,2,327.043,
950.7783,solve.va_sample,2,327.043,
951.2785,solve.va_sample,2,327.043,
951.7787,solve.va_sample,2,327.043,
952.2790,solve.va_sample,2,327.043,
952.7792,solve.va_sample,2,327.043,
953.2795,solve.va_sample,2,327.043,
953.7797,solve.va_sample,2,327.043,
954.2799,solve.va_sample,2,327.043,
954.7802,solve.va_sample,2,327.043,
955.2804,solve.va_sample,2,327.043,
955.7807,solve.va_sample,2,327.043,
956.2809,solve.va_sample,2,327.043,
956.7812,solve.va_sample,2,327.043,
957.2814,solve.va_sample,2,327.043,
957.7816,solve.va_sample,2,327.043,
958.2819,solve.va_sample,2,327.043,
958.7821,solve.va_sample,2,327.043,
959.2824,solve.va_sample,2,327.043,
959.7826,solve.va_sample,2,327.043,
960.2829,solve.va_sample,2,327.043,
960.7831,solve.va_sample,2,327.043,
961.2834,solve.va_sample,2,327.043,
961.7837,solve.va_sample,2,327.043,
962.2839,solve.va_sample,2,327.043,
962.7841,solve.va_sample,2,327.043,
963.2844,solve.va_sample,2,327.043,
963.7846,solve.va_sample,2,327.043,
964.2849,solve.va_sample,2,327.043,
964.7851,solve.va_sample,2,327.043,
965.2853,solve.va_sample,2,327.043,
965.7856,solve.va_sample,2,327.043,
966.2858,solve.va_sample,2,327.043,
966.7861,solve.va_sample,2,327.043,
967.2863,solve.va_sample,2,327.043,
967.7865,solve.va_sample,2,327.043,
968.2868,solve.va_sample,2,327.043,
968.7870,solve.va_sample,2,327.043,
969.2873,solve.va_sample,2,327.043,
969.7875,solve.va_sample,2,327.043,
970.2878,solve.va_sample,2,327.043,
970.7881,solve.va_sample,2,327.043,
971.2884,solve.va_sample,2,327.043,
971.7886,solve.va_sample,2,327.043,
972.2889,solve.va_sample,2,327.043,
972.7891,solve.va_sample,2,327.043,
973.2893,solve.va_sample,2,327.043,
973.7896,solve.va_sample,2,327.043,
974.2898,solve.va_sample,2,327.043,
974.7900,solve.va_sample,2,327.043,
975.2903,solve.va_sample,2,327.043,
975.7905,solve.va_sample,2,327.043,
976.2908,solve.va_sample,2,327.043,
976.7910,solve.va_sample,2,327.043,
977.2912,solve.va_sample,2,327.043,
977.7915,solve.va_sample,2,327.043,
978.2917,solve.va_sample,2,327.043,
978.7920,solve.va_sample,2,327.043,
979.2922,solve.va_sample,2,327.043,
979.7924,solve.va_sample,2,327.043,
980.2927,solve.va_sample,2,327.043,
980.7929,solve.va_sample,2,327.043,
981.2932,solve.va_sample,2,327.043,
981.7934,solve.va_sample,2,327.043,
982.2937,solve.va_sample,2,327.043,
982.7939,solve.va_sample,2,327.043,
983.2941,solve.va_sample,2,327.043,
983.7944,solve.va_sample,2,327.043,
984.2946,solve.va_sample,2,327.043,
984.7949,solve.va_sample,2,327.043,
985.2951,solve.va_sample,2,327.043,
985.7954,solve.va_sample,2,327.043,
986.2956,solve.va_sample,2,327.043,
986.7959,solve.va_sample,2,327.043,
987.2961,solve.va_sample,2,327.043,
987.7963,solve.va_sample,2,327.043,
988.2966,solve.va_sample,2,327.043,
988.7968,solve.va_sample,2,327.043,
989.2970,solve.va_sample,2,327.043,
989.7973,solve.va_sample,2,327.043,
990.2975,solve.va_sample,2,327.043,
990.7977,solve.va_sample,2,327.043,
991.2979,solve.va_sample,2,327.043,
991.7982,solve.va_sample,2,327.043,
992.2984,solve.va_sample,2,327.043,
992.7987,solve.va_sample,2,327.043,
993.2989,solve.va_sample,2,327.043,
993.7991,solve.va_sample,2,327.043,
994.2994,solve.va_sample,2,327.043,
994.7996,solve.va_sample,2,327.043,
995.2999,solve.va_sample,2,327.043,
995.8001,solve.va_sample,2,327.043,
996.3003,solve.va_sample,2,327.043,
996.8005,solve.va_sample,2,327.043,
997.3008,solve.va_sample,2,327.043,
997.8010,solve.va_sample,2,327.043,
998.3012,solve.va_sample,2,327.043,
998.8015,solve.va_sample,2,327.043,
999.3017,solve.va_sample,2,327.043,
999.8020,solve.va_sample,2,327.043,
1000.3022,solve.va_sample,2,327.043,
1000.8024,solve.va_sample,2,327.043,
1001.3027,solve.va_sample,2,327.043,
1001.8029,solve.va_sample,2,327.043,
1002.3031,solve.va_sample,2,327.043,
1002.8034,solve.va_sample,2,327.043,
1003.3036,solve.va_sample,2,327.043,
1003.8038,solve.va_sample,2,327.043,
1004.3041,solve.va_sample,2,327.043,
1004.8043,solve.va_sample,2,327.043,
1005.3045,solve.va_sample,2,327.043,
1005.8048,solve.va_sample,2,327.043,
1006.3050,solve.va_sample,2,327.043,
1006.8052,solve.va_sample,2,327.043,
1007.3055,solve.va_sample,2,327.043,
1007.8057,solve.va_sample,2,327.043,
1008.3059,solve.va_sample,2,327.043,
1008.8062,solve.va_sample,2,327.043,
1009.3064,solve.va_sample,2,327.043,
1009.8066,solve.va_sample,2,327.043,
1010.3068,solve.va_sample,2,327.043,
1010.8071,solve.va_sample,2,327.043,
1011.3073,solve.va_sample,2,327.043,
1011.8075,solve.va_sample,2,327.043,
1012.3078,solve.va_sample,2,327.043,
1012.8080,solve.va_sample,2,327.043,
1013.3082,solve.va_sample,2,327.043,
1013.8085,solve.va_sample,2,327.043,
1014.3087,solve.va_sample,2,327.043,
1014.8090,solve.va_sample,2,327.043,
1015.3092,solve.va_sample,2,327.043,
1015.8094,solve.va_sample,2,327.043,
1016.3096,solve.va_sample,2,327.043,
1016.8099,solve.va_sample,2,327.043,
1017.3101,solve.va_sample,2,327.043,
1017.8103,solve.va_sample,2,327.043,
1018.3106,solve.va_sample,2,327.043,
1018.8108,solve.va_sample,2,327.043,
1019.3110,solve.va_sample,2,327.043,
1019.8113,solve.va_sample,2,327.043,
1020.3115,solve.va_sample,2,327.043,
1020.8117,solve.va_sample,2,327.043,
1021.3120,solve.va_sample,2,327.043,
1021.8122,solve.va_sample,2,327.043,
1022.3125,solve.va_sample,2,327.043,
1022.8127,solve.va_sample,2,327.043,
1023.3129,solve.va_sample,2,327.043,
1023.8132,solve.va_sample,2,327.043,
1024.3134,solve.va_sample,2,327.043,
1024.8137,solve.va_sample,2,327.043,
1025.3139,solve.va_sample,2,327.043,
1025.8141,solve.va_sample,2,327.043,
1026.3144,solve.va_sample,2,327.043,
1026.8146,solve.va_sample,2,327.043,
1027.3148,solve.va_sample,2,327.043,
1027.8151,solve.va_sample,2,327.043,
1028.3154,solve.va_sample,2,327.043,
1028.8156,solve.va_sample,2,327.043,
1029.3158,solve.va_sample,2,327.043,
1029.8161,solve.va_sample,2,327.043,
1030.3164,solve.va_sample,2,327.043,
1030.8166,solve.va_sample,2,327.043,
1031.3169,solve.va_sample,2,327.043,
1031.8171,solve.va_sample,2,327.043,
1032.3174,solve.va_sample,2,327.043,
1032.8176,solve.va_sample,2,327.043,
1033.3179,solve.va_sample,2,327.043,
1033.8182,solve.va_sample,2,327.043,
1034.3184,solve.va_sample,2,327.043,
1034.8186,solve.va_sample,2,327.043,
1035.3189,solve.va_sample,2,327.043,
1035.8191,solve.va_sample,2,327.043,
1036.3194,solve.va_sample,2,327.043,
1036.8196,solve.va_sample,2,327.043,
1037.3198,solve.va_sample,2,327.043,
1037.8201,solve.va_sample,2,327.043,
1038.3203,solve.va_sample,2,327.043,
1038.8205,solve.va_sample,2,327.043,
1039.3208,solve.va_sample,2,327.043,
1039.8210,solve.va_sample,2,327.043,
1040.3212,solve.va_sample,2,327.043,
1040.8215,solve.va_sample,2,327.043,
1041.3217,solve.va_sample,2,327.043,
1041.8220,solve.va_sample,2,327.043,
1042.3222,solve.va_sample,2,327.043,
1042.8225,solve.va_sample,2,327.043,
1043.3227,solve.va_sample,2,327.043,
1043.8230,solve.va_sample,2,327.043,
1044.3232,solve.va_sample,2,327.043,
1044.8234,solve.va_sample,2,327.043,
1045.3237,solve.va_sample,2,327.043,
1045.8239,solve.va_sample,2,327.043,
1046.3241,solve.va_sample,2,327.043,
1046.8244,solve.va_sample,2,327.043,
1047.3246,solve.va_sample,2,327.043,
1047.8249,solve.va_sample,2,327.043,
1048.3251,solve.va_sample,2,327.043,
1048.8253,solve.va_sample,2,327.043,
1049.3256,solve.va_sample,2,327.043,
1049.8258,solve.va_sample,2,327.043,
1050.3260,solve.va_sample,2,327.043,
1050.8263,solve.va_sample,2,327.043,
1051.3265,solve.va_sample,2,327.043,
1051.8267,solve.va_sample,2,327.043,
1052.3270,solve.va_sample,2,327.043,
1052.8272,solve.va_sample,2,327.043,
1053.3274,solve.va_sample,2,327.043,
1053.8277,solve.va_sample,2,327.043,
1054.3279,solve.va_sample,2,327.043,
1054.8281,solve.va_sample,2,327.043,
1055.3284,solve.va_sample,2,327.043,
1055.8286,solve.va_sample,2,327.043,
1056.3289,solve.va_sample,2,327.043,
1056.8291,solve.va_sample,2,327.043,
1057.3294,solve.va_sample,2,327.043,
1057.8296,solve.va_sample,2,327.043,
1058.3299,solve.va_sample,2,327.043,
1058.8301,solve.va_sample,2,327.043,
1059.3304,solve.va_sample,2,327.043,
1059.8306,solve.va_sample,2,327.043,
1060.3308,solve.va_sample,2,327.043,
1060.8311,solve.va_sample,2,327.043,
1061.3313,solve.va_sample,2,327.043,
1061.8315,solve.va_sample,2,327.043,
1062.3318,solve.va_sample,2,327.043,
1062.8320,solve.va_sample,2,327.043,
1063.3322,solve.va_sample,2,327.043,
1063.8325,solve.va_sample,2,327.043,
1064.3327,solve.va_sample,2,327.043,
1064.8330,solve.va_sample,2,327.043,
1065.3332,solve.va_sample,2,327.043,
1065.8334,solve.va_sample,2,327.043,
1066.3337,solve.va_sample,2,327.043,
1066.8339,solve.va_sample,2,327.043,
1067.3341,solve.va_sample,2,327.043,
1067.8344,solve.va_sample,2,327.043,
1068.3346,solve.va_sample,2,327.043,
1068.8349,solve.va_sample,2,327.043,
1069.3351,solve.va_sample,2,327.043,
1069.8353,solve.va_sample,2,327.043,
1070.3356,solve.va_sample,2,327.043,
1070.8358,solve.va_sample,2,327.043,
1071.3361,solve.va_sample,2,327.043,
1071.8363,solve.va_sample,2,327.043,
1072.3366,solve.va_sample,2,327.043,
1072.8368,solve.va_sample,2,327.043,
1073.3370,solve.va_sample,2,327.043,
1073.8373,solve.va_sample,2,327.043,
1074.3375,solve.va_sample,2,327.043,
1074.8377,solve.va_sample,2,327.043,
1075.3380,solve.va_sample,2,327.043,
1075.8382,solve.va_sample,2,327.043,
1076.3385,solve.va_sample,2,327.043,
1076.8387,solve.va_sample,2,327.043,
1077.3389,solve.va_sample,2,327.043,
1077.8392,solve.va_sample,2,327.043,
1078.3394,solve.va_sample,2,327.043,
1078.8397,solve.va_sample,2,327.043,
1079.3399,solve.va_sample,2,327.043,
1079.8401,solve.va_sample,2,327.043,
1080.3404,solve.va_sample,2,327.043,
1080.8407,solve.va_sample,2,327.043,
1081.3409,solve.va_sample,2,327.043,
1081.8412,solve.va_sample,2,327.043,
1082.3414,solve.va_sample,2,327.043,
1082.8417,solve.va_sample,2,327.043,
1083.3419,solve.va_sample,2,327.043,
1083.8421,solve.va_sample,2,327.043,
1084.3424,solve.va_sample,2,327.043,
1084.8427,solve.va_sample,2,327.043,
1085.3429,solve.va_sample,2,327.043,
1085.8431,solve.va_sample,2,327.043,
1086.3434,solve.va_sample,2,327.043,
1086.8436,solve.va_sample,2,327.043,
1087.3439,solve.va_sample,2,327.043,
1087.8441,solve.va_sample,2,327.043,
1088.3443,solve.va_sample,2,327.043,
1088.8446,solve.va_sample,2,327.043,
1089.3448,solve.va_sample,2,327.043,
1089.8451,solve.va_sample,2,327.043,
1090.3454,solve.va_sample,2,327.043,
1090.8457,solve.va_sample,2,327.043,
1091.3459,solve.va_sample,2,327.043,
1091.8462,solve.va_sample,2,327.043,
1092.3464,solve.va_sample,2,327.043,
1092.8467,solve.va_sample,2,327.043,
1093.3469,solve.va_sample,2,327.043,
1093.8472,solve.va_sample,2,327.043,
1094.3475,solve.va_sample,2,327.043,
1094.8477,solve.va_sample,2,327.043,
1095.3480,solve.va_sample,2,327.043,
1095.8482,solve.va_sample,2,327.043,
1096.3484,solve.va_sample,2,327.043,
1096.8487,solve.va_sample,2,327.043,
1097.3489,solve.va_sample,2,327.043,
1097.8491,solve.va_sample,2,327.043,
1098.3494,solve.va_sample,2,327.043,
1098.8496,solve.va_sample,2,327.043,
1099.3499,solve.va_sample,2,327.043,
1099.8501,solve.va_sample,2,327.043,
1100.3504,solve.va_sample,2,327.043,
1100.8506,solve.va_sample,2,327.043,
1101.3508,solve.va_sample,2,327.043,
1101.8511,solve.va_sample,2,327.043,
1102.3513,solve.va_sample,2,327.043,
1102.8515,solve.va_sample,2,327.043,
1103.3518,solve.va_sample,2,327.043,
1103.8520,solve.va_sample,2,327.043,
1104.3522,solve.va_sample,2,327.043,
1104.8525,solve.va_sample,2,327.043,
1105.3527,solve.va_sample,2,327.043,
1105.8529,solve.va_sample,2,327.043,
1106.3532,solve.va_sample,2,327.043,
1106.8534,solve.va_sample,2,327.043,
1107.3536,solve.va_sample,2,327.043,
1107.8539,solve.va_sample,2,327.043,
1108.3541,solve.va_sample,2,327.043,
1108.8543,solve.va_sample,2,327.043,
1109.3545,solve.va_sample,2,327.043,
1109.8548,solve.va_sample,2,327.043,
1110.3550,solve.va_sample,2,327.043,
1110.8552,solve.va_sample,2,327.043,
1111.3555,solve.va_sample,2,327.043,
1111.8557,solve.va_sample,2,327.043,
1112.3559,solve.va_sample,2,327.043,
1112.8562,solve.va_sample,2,327.043,
1113.3564,solve.va_sample,2,327.043,
1113.8567,solve.va_sample,2,327.043,
1114.3569,solve.va_sample,2,327.043,
1114.8571,solve.va_sample,2,327.043,
1115.3574,solve.va_sample,2,327.043,
1115.8576,solve.va_sample,2,327.043,
1116.3578,solve.va_sample,2,327.043,
1116.8581,solve.va_sample,2,327.043,
1117.3583,solve.va_sample,2,327.043,
1117.8585,solve.va_sample,2,327.043,
1118.3588,solve.va_sample,2,327.043,
1118.8590,solve.va_sample,2,327.043,
1119.3592,solve.va_sample,2,327.043,
1119.8595,solve.va_sample,2,327.043,
1120.3597,solve.va_sample,2,327.043,
1120.8599,solve.va_sample,2,327.043,
1121.3602,solve.va_sample,2,327.043,
1121.8604,solve.va_sample,2,327.043,
1122.3606,solve.va_sample,2,327.043,
1122.8608,solve.va_sample,2,327.043,
1123.3611,solve.va_sample,2,327.043,
1123.8613,solve.va_sample,2,327.043,
1124.3615,solve.va_sample,2,327.043,
1124.8617,solve.va_sample,2,327.043,
1125.3620,solve.va_sample,2,327.043,
1125.8622,solve.va_sample,2,327.043,
1126.3624,solve.va_sample,2,327.043,
1126.8627,solve.va_sample,2,327.043,
1127.3629,solve.va_sample,2,327.043,
1127.8631,solve.va_sample,2,327.043,
1128.3634,solve.va_sample,2,327.043,
1128.8636,solve.va_sample,2,327.043,
1129.3638,solve.va_sample,2,327.043,
1129.8641,solve.va_sample,2,327.043,
1130.3643,solve.va_sample,2,327.043,
1130.8645,solve.va_sample,2,327.043,
1131.3648,solve.va_sample,2,327.043,
1131.8650,solve.va_sample,2,327.043,
1132.3652,solve.va_sample,2,327.043,
1132.8655,solve.va_sample,2,327.043,
1133.3657,solve.va_sample,2,327.043,
1133.8659,solve.va_sample,2,327.043,
1134.3661,solve.va_sample,2,327.043,
1134.8664,solve.va_sample,2,327.043,
1135.3666,solve.va_sample,2,327.043,
1135.8669,solve.va_sample,2,327.043,
1136.3671,solve.va_sample,2,327.043,
1136.8673,solve.va_sample,2,327.043,
1137.3676,solve.va_sample,2,327.043,
1137.8678,solve.va_sample,2,327.043,
1138.3680,solve.va_sample,2,327.043,
1138.8683,solve.va_sample,2,327.043,
1139.3685,solve.va_sample,2,327.043,
1139.8687,solve.va_sample,2,327.043,
1140.3689,solve.va_sample,2,327.043,
1140.8692,solve.va_sample,2,327.043,
1141.3694,solve.va_sample,2,327.043,
1141.8696,solve.va_sample,2,327.043,
1142.3699,solve.va_sample,2,327.043,
1142.8701,solve.va_sample,2,327.043,
1143.3703,solve.va_sample,2,327.043,
1143.8706,solve.va_sample,2,327.043,
1144.3708,solve.va_sample,2,327.043,
1144.8710,solve.va_sample,2,327.043,
1145.3712,solve.va_sample,2,327.043,
1145.8715,solve.va_sample,2,327.043,
1146.3717,solve.va_sample,2,327.043,
1146.8720,solve.va_sample,2,327.043,
1147.3722,solve.va_sample,2,327.043,
1147.8725,solve.va_sample,2,327.043,
1148.3727,solve.va_sample,2,327.043,
1148.8729,solve.va_sample,2,327.043,
1149.3732,solve.va_sample,2,327.043,
1149.8734,solve.va_sample,2,327.043,
1150.3737,solve.va_sample,2,327.043,
1150.8739,solve.va_sample,2,327.043,
1151.3742,solve.va_sample,2,327.043,
1151.8744,solve.va_sample,2,327.043,
1152.3746,solve.va_sample,2,327.043,
1152.8749,solve.va_sample,2,327.043,
1153.3751,solve.va_sample,2,327.043,
1153.8753,solve.va_sample,2,327.043,
1154.3756,solve.va_sample,2,327.043,
1154.8758,solve.va_sample,2,327.043,
1155.3760,solve.va_sample,2,327.043,
1155.8763,solve.va_sample,2,327.043,
1156.3765,solve.va_sample,2,327.043,
1156.8768,solve.va_sample,2,327.043,
1157.3770,solve.va_sample,2,327.043,
1157.8773,solve.va_sample,2,327.043,
1158.3775,solve.va_sample,2,327.043,
1158.8777,solve.va_sample,2,327.043,
1159.3780,solve.va_sample,2,327.043,
1159.8782,solve.va_sample,2,327.043,
1160.3785,solve.va_sample,2,327.043,
1160.8787,solve.va_sample,2,327.043,
1161.3790,solve.va_sample,2,327.043,
1161.8792,solve.va_sample,2,327.043,
1162.3795,solve.va_sample,2,327.043,
1162.8797,solve.va_sample,2,327.043,
1163.3799,solve.va_sample,2,327.043,
1163.8802,solve.va_sample,2,327.043,
1164.3804,solve.va_sample,2,327.043,
1164.8807,solve.va_sample,2,327.043,
1165.3809,solve.va_sample,2,327.043,
1165.8811,solve.va_sample,2,327.043,
1166.3814,solve.va_sample,2,327.043,
1166.8816,solve.va_sample,2,327.043,
1167.3818,solve.va_sample,2,327.043,
1167.8821,solve.va_sample,2,327.043,
1168.3823,solve.va_sample,2,327.043,
1168.8825,solve.va_sample,2,327.043,
1169.3828,solve.va_sample,2,327.043,
1169.8831,solve.va_sample,2,327.043,
1170.3834,solve.va_sample,2,327.043,
1170.8836,solve.va_sample,2,327.043,
1171.3838,solve.va_sample,2,327.043,
1171.8841,solve.va_sample,2,327.043,
1172.3843,solve.va_sample,2,327.043,
1172.8846,solve.va_sample,2,327.043,
1173.3848,solve.va_sample,2,327.043,
1173.8851,solve.va_sample,2,327.043,
1174.3853,solve.va_sample,2,327.043,
1174.8856,solve.va_sample,2,327.043,
1175.3858,solve.va_sample,2,327.043,
1175.8861,solve.va_sample,2,327.043,
1176.3863,solve.va_sample,2,327.043,
1176.8865,solve.va_sample,2,327.043,
1177.3868,solve.va_sample,2,327.043,
1177.8871,solve.va_sample,2,327.043,
1178.3873,solve.va_sample,2,327.043,
1178.8875,solve.va_sample,2,327.043,
1179.3878,solve.va_sample,2,327.043,
1179.8880,solve.va_sample,2,327.043,
1180.3882,solve.va_sample,2,327.043,
1180.8885,solve.va_sample,2,327.043,
1181.3887,solve.va_sample,2,327.043,
1181.8889,solve.va_sample,2,327.043,
1182.3892,solve.va_sample,2,327.043,
1182.8895,solve.va_sample,2,327.043,
1183.3897,solve.va_sample,2,327.043,
1183.8899,solve.va_sample,2,327.043,
1184.3902,solve.va_sample,2,327.043,
1184.8904,solve.va_sample,2,327.043,
1185.3907,solve.va_sample,2,327.043,
1185.8909,solve.va_sample,2,327.043,
1186.3911,solve.va_sample,2,327.043,
1186.8914,solve.va_sample,2,327.043,
1187.3916,solve.va_sample,2,327.043,
1187.8918,solve.va_sample,2,327.043,
1188.3921,solve.va_sample,2,327.043,
1188.8923,solve.va_sample,2,327.043,
1189.3925,solve.va_sample,2,327.043,
1189.8928,solve.va_sample,2,327.043,
1190.3930,solve.va_sample,2,327.043,
1190.8933,solve.va_sample,2,327.043,
1191.3935,solve.va_sample,2,327.043,
1191.8937,solve.va_sample,2,327.043,
1192.3940,solve.va_sample,2,327.043,
1192.8942,solve.va_sample,2,327.043,
1193.3944,solve.va_sample,2,327.043,
1193.8947,solve.va_sample,2,327.043,
1194.3949,solve.va_sample,2,327.043,
1194.8951,solve.va_sample,2,327.043,
1195.3954,solve.va_sample,2,327.043,
1195.8956,solve.va_sample,2,327.043,
1196.3958,solve.va_sample,2,327.043,
1196.8961,solve.va_sample,2,327.043,
1197.3963,solve.va_sample,2,327.043,
1197.8966,solve.va_sample,2,327.043,
1198.3968,solve.va_sample,2,327.043,
1198.8971,solve.va_sample,2,327.043,
1199.3973,solve.va_sample,2,327.043,
1199.8976,solve.va_sample,2,327.043,
1200.3978,solve.va_sample,2,327.043,
1200.8981,solve.va_sample,2,327.043,
1201.3983,solve.va_sample,2,327.043,
1201.8985,solve.va_sample,2,327.043,
1202.3988,solve.va_sample,2,327.043,
1202.8990,solve.va_sample,2,327.043,
1203.3992,solve.va_sample,2,327.043,
1203.8995,solve.va_sample,2,327.043,
1204.3997,solve.va_sample,2,327.043,
1204.8999,solve.va_sample,2,327.043,
1205.4002,solve.va_sample,2,327.043,
1205.9004,solve.va_sample,2,327.043,
1206.4007,solve.va_sample,2,327.043,
1206.9009,solve.va_sample,2,327.043,
1207.4011,solve.va_sample,2,327.043,
1207.9014,solve.va_sample,2,327.043,
1208.4016,solve.va_sample,2,327.043,
1208.9018,solve.va_sample,2,327.043,
1209.4021,solve.va_sample,2,327.043,
1209.9024,solve.va_sample,2,327.043,
1210.4026,solve.va_sample,2,327.043,
1210.9029,solve.va_sample,2,327.043,
1211.4032,solve.va_sample,2,327.043,
1211.9034,solve.va_sample,2,327.043,
1212.4036,solve.va_sample,2,327.043,
1212.9039,solve.va_sample,2,327.043,
1213.4042,solve.va_sample,2,327.043,
1213.9044,solve.va_sample,2,327.043,
1214.4047,solve.va_sample,2,327.043,
1214.9049,solve.va_sample,2,327.043,
1215.4052,solve.va_sample,2,327.043,
1215.9054,solve.va_sample,2,327.043,
1216.4057,solve.va_sample,2,327.043,
1216.9060,solve.va_sample,2,327.043,
1217.4062,solve.va_sample,2,327.043,
1217.9065,solve.va_sample,2,327.043,
1218.4067,solve.va_sample,2,327.043,
1218.9070,solve.va_sample,2,327.043,
1219.4072,solve.va_sample,2,327.043,
1219.9075,solve.va_sample,2,327.043,
1220.4078,solve.va_sample,2,327.043,
1220.9080,solve.va_sample,2,327.043,
1221.4083,solve.va_sample,2,327.043,
1221.9085,solve.va_sample,2,327.043,
1222.4087,solve.va_sample,2,327.043,
1222.9090,solve.va_sample,2,327.043,
1223.4092,solve.va_sample,2,327.043,
1223.9095,solve.va_sample,2,327.043,
1224.4097,solve.va_sample,2,327.043,
1224.9100,solve.va_sample,2,327.043,
1225.4103,solve.va_sample,2,327.043,
1225.9105,solve.va_sample,2,327.043,
1226.4108,solve.va_sample,2,327.043,
1226.9110,solve.va_sample,2,327.043,
1227.4113,solve.va_sample,2,327.043,
1227.9115,solve.va_sample,2,327.043,
1228.4118,solve.va_sample,2,327.043,
1228.9121,solve.va_sample,2,327.043,
1229.4123,solve.va_sample,2,327.043,
1229.9126,solve.va_sample,2,327.043,
1230.4128,solve.va_sample,2,327.043,
1230.9131,solve.va_sample,2,327.043,
1231.4133,solve.va_sample,2,327.043,
1231.9135,solve.va_sample,2,327.043,
1232.4138,solve.va_sample,2,327.043,
1232.9140,solve.va_sample,2,327.043,
1233.4143,solve.va_sample,2,327.043,
1233.9145,solve.va_sample,2,327.043,
1234.4147,solve.va_sample,2,327.043,
1234.9150,solve.va_sample,2,327.043,
1235.4152,solve.va_sample,2,327.043,
1235.9154,solve.va_sample,2,327.043,
1236.4157,solve.va_sample,2,327.043,
1236.9159,solve.va_sample,2,327.043,
1237.4161,solve.va_sample,2,327.043,
1237.9164,solve.va_sample,2,327.043,
1238.4166,solve.va_sample,2,327.043,
1238.9168,solve.va_sample,2,327.043,
1239.4171,solve.va_sample,2,327.043,
1239.9173,solve.va_sample,2,327.043,
1240.4176,solve.va_sample,2,327.043,
1240.9178,solve.va_sample,2,327.043,
1241.4181,solve.va_sample,2,327.043,
1241.9183,solve.va_sample,2,327.043,
1242.4186,solve.va_sample,2,327.043,
1242.9188,solve.va_sample,2,327.043,
1243.4191,solve.va_sample,2,327.043,
1243.9193,solve.va_sample,2,327.043,
1244.4196,solve.va_sample,2,327.043,
1244.9198,solve.va_sample,2,327.043,
1245.4201,solve.va_sample,2,327.043,
1245.9203,solve.va_sample,2,327.043,
1246.4205,solve.va_sample,2,327.043,
1246.9208,solve.va_sample,2,327.043,
1247.4210,solve.va_sample,2,327.043,
1247.9213,solve.va_sample,2,327.043,
1248.4215,solve.va_sample,2,327.043,
1248.9218,solve.va_sample,2,327.043,
1249.4220,solve.va_sample,2,327.043,
1249.9223,solve.va_sample,2,327.043,
1250.4226,solve.va_sample,2,327.043,
1250.9228,solve.va_sample,2,327.043,
1251.4231,solve.va_sample,2,327.043,
1251.9233,solve.va_sample,2,327.043,
1252.4235,solve.va_sample,2,327.043,
1252.9238,solve.va_sample,2,327.043,
1253.4240,solve.va_sample,2,327.043,
1253.9243,solve.va_sample,2,327.043,
1254.4245,solve.va_sample,2,327.043,
1254.9247,solve.va_sample,2,327.043,
1255.4250,solve.va_sample,2,327.043,
1255.9252,solve.va_sample,2,327.043,
1256.4255,solve.va_sample,2,327.043,
1256.9258,solve.va_sample,2,327.043,
1257.4260,solve.va_sample,2,327.043,
1257.9263,solve.va_sample,2,327.043,
1258.4265,solve.va_sample,2,327.043,
1258.9268,solve.va_sample,2,327.043,
1259.4270,solve.va_sample,2,327.043,
1259.9273,solve.va_sample,2,327.043,
1260.4275,solve.va_sample,2,327.043,
1260.9278,solve.va_sample,2,327.043,
1261.4280,solve.va_sample,2,327.043,
1261.9283,solve.va_sample,2,327.043,
1262.4285,solve.va_sample,2,327.043,
1262.9288,solve.va_sample,2,327.043,
1263.4290,solve.va_sample,2,327.043,
1263.9293,solve.va_sample,2,327.043,
1264.4295,solve.va_sample,2,327.043,
1264.9298,solve.va_sample,2,327.043,
1265.4300,solve.va_sample,2,327.043,
1265.9303,solve.va_sample,2,327.043,
1266.4305,solve.va_sample,2,327.043,
1266.9308,solve.va_sample,2,327.043,
1267.4310,solve.va_sample,2,327.043,
1267.9313,solve.va_sample,2,327.043,
1268.4315,solve.va_sample,2,327.043,
1268.9318,solve.va_sample,2,327.043,
1269.4321,solve.va_sample,2,327.043,
1269.9324,solve.va_sample,2,327.043,
1270.4326,solve.va_sample,2,327.043,
1270.9329,solve.va_sample,2,327.043,
1271.4332,solve.va_sample,2,327.043,
1271.9334,solve.va_sample,2,327.043,
1272.4336,solve.va_sample,2,327.043,
1272.9339,solve.va_sample,2,327.043,
1273.4341,solve.va_sample,2,327.043,
1273.9344,solve.va_sample,2,327.043,
1274.4346,solve.va_sample,2,327.043,
1274.9348,solve.va_sample,2,327.043,
1275.4351,solve.va_sample,2,327.043,
1275.9353,solve.va_sample,2,327.043,
1276.4355,solve.va_sample,2,327.043,
1276.9358,solve.va_sample,2,327.043,
1277.4360,solve.va_sample,2,327.043,
1277.9362,solve.va_sample,2,327.043,
1278.4365,solve.va_sample,2,327.043,
1278.9367,solve.va_sample,2,327.043,
1279.4370,solve.va_sample,2,327.043,
1279.9372,solve.va_sample,2,327.043,
1280.4374,solve.va_sample,2,327.043,
1280.9377,solve.va_sample,2,327.043,
1281.4379,solve.va_sample,2,327.043,
1281.9381,solve.va_sample,2,327.043,
1282.4384,solve.va_sample,2,327.043,
1282.9386,solve.va_sample,2,327.043,
1283.4389,solve.va_sample,2,327.043,
1283.9391,solve.va_sample,2,327.043,
1284.4394,solve.va_sample,2,327.043,
1284.9396,solve.va_sample,2,327.043,
1285.4399,solve.va_sample,2,327.043,
1285.9401,solve.va_sample,2,327.043,
1286.4404,solve.va_sample,2,327.043,
1286.9406,solve.va_sample,2,327.043,
1287.4408,solve.va_sample,2,327.043,
1287.9411,solve.va_sample,2,327.043,
1288.4413,solve.va_sample,2,327.043,
1288.9415,solve.va_sample,2,327.043,
1289.4418,solve.va_sample,2,327.043,
1289.9420,solve.va_sample,2,327.043,
1290.4423,solve.va_sample,2,327.043,
1290.9425,solve.va_sample,2,327.043,
1291.4428,solve.va_sample,2,327.043,
1291.9430,solve.va_sample,2,327.043,
1292.4433,solve.va_sample,2,327.043,
1292.9435,solve.va_sample,2,327.043,
1293.4438,solve.va_sample,2,327.043,
1293.9440,solve.va_sample,2,327.043,
1294.4443,solve.va_sample,2,327.043,
1294.9445,solve.va_sample,2,327.301,
1295.4448,solve.va_sample,2,327.301,
1295.9451,solve.va_sample,2,327.301,
1296.4453,solve.va_sample,2,327.301,
1296.9455,solve.va_sample,2,327.301,
1297.4458,solve.va_sample,2,327.301,
1297.9460,solve.va_sample,2,327.301,
1298.4463,solve.va_sample,2,327.301,
1298.9465,solve.va_sample,2,327.301,
1299.4468,solve.va_sample,2,327.301,
1299.9470,solve.va_sample,2,327.301,
1300.4473,solve.va_sample,2,327.301,
1300.9476,solve.va_sample,2,327.301,
1301.4478,solve.va_sample,2,327.301,
1301.9481,solve.va_sample,2,327.301,
1302.4483,solve.va_sample,2,327.301,
1302.9485,solve.va_sample,2,327.301,
1303.4488,solve.va_sample,2,327.301,
1303.9490,solve.va_sample,2,327.301,
1304.4493,solve.va_sample,2,327.301,
1304.9495,solve.va_sample,2,327.301,
1305.4498,solve.va_sample,2,327.301,
1305.9500,solve.va_sample,2,327.301,
1306.4503,solve.va_sample,2,327.301,
1306.9505,solve.va_sample,2,327.301,
1307.4508,solve.va_sample,2,327.301,
1307.9510,solve.va_sample,2,327.301,
1308.4513,solve.va_sample,2,327.301,
1308.9515,solve.va_sample,2,327.301,
1309.4518,solve.va_sample,2,327.301,
1309.9520,solve.va_sample,2,327.301,
1310.4523,solve.va_sample,2,327.301,
1310.9526,solve.va_sample,2,327.301,
1311.4528,solve.va_sample,2,327.301,
1311.9531,solve.va_sample,2,327.301,
1312.4533,solve.va_sample,2,327.301,
1312.9536,solve.va_sample,2,327.301,
1313.4539,solve.va_sample,2,327.301,
1313.9541,solve.va_sample,2,327.301,
1314.4544,solve.va_sample,2,327.301,
1314.9546,solve.va_sample,2,327.301,
1315.4548,solve.va_sample,2,327.301,
1315.9551,solve.va_sample,2,327.301,
1316.4553,solve.va_sample,2,327.301,
1316.9555,solve.va_sample,2,327.301,
1317.4558,solve.va_sample,2,327.301,
1317.9561,solve.va_sample,2,327.301,
1318.4563,solve.va_sample,2,327.301,
1318.9566,solve.va_sample,2,327.301,
1319.4568,solve.va_sample,2,327.301,
1319.9571,solve.va_sample,2,327.301,
1320.4574,solve.va_sample,2,327.301,
1320.9576,solve.va_sample,2,327.301,
1321.4579,solve.va_sample,2,327.301,
1321.9581,solve.va_sample,2,327.301,
1322.4584,solve.va_sample,2,327.301,
1322.9587,solve.va_sample,2,327.301,
1323.4589,solve.va_sample,2,327.301,
1323.9592,solve.va_sample,2,327.301,
1324.4594,solve.va_sample,2,327.301,
1324.9597,solve.va_sample,2,327.301,
1325.4599,solve.va_sample,2,327.301,
1325.9602,solve.va_sample,2,327.301,
1326.4604,solve.va_sample,2,327.301,
1326.9607,solve.va_sample,2,327.301,
1327.4610,solve.va_sample,2,327.301,
1327.9612,solve.va_sample,2,327.301,
1328.4615,solve.va_sample,2,327.301,
1328.9617,solve.va_sample,2,327.301,
1329.4619,solve.va_sample,2,327.301,
1329.9622,solve.va_sample,2,327.301,
1330.4625,solve.va_sample,2,327.301,
1330.9628,solve.va_sample,2,327.301,
1331.4630,solve.va_sample,2,327.301,
1331.9633,solve.va_sample,2,327.301,
1332.4635,solve.va_sample,2,327.301,
1332.9637,solve.va_sample,2,327.301,
1333.4640,solve.va_sample,2,327.301,
1333.9642,solve.va_sample,2,327.301,
1334.4645,solve.va_sample,2,327.301,
1334.9647,solve.va_sample,2,327.301,
1335.4649,solve.va_sample,2,327.301,
1335.9652,solve.va_sample,2,327.301,
1336.4654,solve.va_sample,2,327.301,
1336.9657,solve.va_sample,2,327.301,
1337.4659,solve.va_sample,2,327.301,
1337.9661,solve.va_sample,2,327.301,
1338.4664,solve.va_sample,2,327.301,
1338.9666,solve.va_sample,2,327.301,
1339.4669,solve.va_sample,2,327.301,
1339.9671,solve.va_sample,2,327.301,
1340.4674,solve.va_sample,2,327.301,
1340.9676,solve.va_sample,2,327.301,
1341.4679,solve.va_sample,2,327.301,
1341.9682,solve.va_sample,2,327.301,
1342.4684,solve.va_sample,2,327.301,
1342.9687,solve.va_sample,2,327.301,
1343.4689,solve.va_sample,2,327.301,
1343.9691,solve.va_sample,2,327.301,
1344.4694,solve.va_sample,2,327.301,
1344.9696,solve.va_sample,2,327.301,
1345.4699,solve.va_sample,2,327.301,
1345.9701,solve.va_sample,2,327.301,
1346.4703,solve.va_sample,2,327.301,
1346.9706,solve.va_sample,2,327.301,
1347.4708,solve.va_sample,2,327.301,
1347.9711,solve.va_sample,2,327.301,
1348.4713,solve.va_sample,2,327.301,
1348.9716,solve.va_sample,2,327.301,
1349.4718,solve.va_sample,2,327.301,
1349.9721,solve.va_sample,2,327.301,
1350.4724,solve.va_sample,2,327.301,
1350.9726,solve.va_sample,2,327.301,
1351.4729,solve.va_sample,2,327.301,
1351.9731,solve.va_sample,2,327.301,
1352.4733,solve.va_sample,2,327.301,
1352.9736,solve.va_sample,2,327.301,
1353.4738,solve.va_sample,2,327.301,
1353.9740,solve.va_sample,2,327.301,
1354.4743,solve.va_sample,2,327.301,
1354.9745,solve.va_sample,2,327.301,
1355.4748,solve.va_sample,2,327.301,
1355.9751,solve.va_sample,2,327.301,
1356.4753,solve.va_sample,2,327.301,
1356.9755,solve.va_sample,2,327.301,
1357.4758,solve.va_sample,2,327.301,
1357.9760,solve.va_sample,2,327.301,
1358.4762,solve.va_sample,2,327.301,
1358.9765,solve.va_sample,2,327.301,
1359.4767,solve.va_sample,2,327.301,
1359.9770,solve.va_sample,2,327.301,
1360.4772,solve.va_sample,2,327.301,
1360.9775,solve.va_sample,2,327.301,
1361.4777,solve.va_sample,2,327.301,
1361.9779,solve.va_sample,2,327.301,
1362.4782,solve.va_sample,2,327.301,
1362.9784,solve.va_sample,2,327.301,
1363.4787,solve.va_sample,2,327.301,
1363.9789,solve.va_sample,2,327.301,
1364.4791,solve.va_sample,2,327.301,
1364.9794,solve.va_sample,2,327.301,
1365.4796,solve.va_sample,2,327.301,
1365.9799,solve.va_sample,2,327.301,
1366.4801,solve.va_sample,2,327.301,
1366.9803,solve.va_sample,2,327.301,
1367.4806,solve.va_sample,2,327.301,
1367.9808,solve.va_sample,2,327.301,
1368.4810,solve.va_sample,2,327.301,
1368.9812,solve.va_sample,2,327.301,
1369.4815,solve.va_sample,2,327.301,
1369.9818,solve.va_sample,2,327.301,
1370.4820,solve.va_sample,2,327.301,
1370.9823,solve.va_sample,2,327.301,
1371.4825,solve.va_sample,2,327.301,
1371.9827,solve.va_sample,2,327.301,
1372.4830,solve.va_sample,2,327.301,
1372.9832,solve.va_sample,2,327.301,
1373.4835,solve.va_sample,2,327.301,
1373.9837,solve.va_sample,2,327.301,
1374.4840,solve.va_sample,2,327.301,
1374.9842,solve.va_sample,2,327.301,
1375.4844,solve.va_sample,2,327.301,
1375.9847,solve.va_sample,2,327.301,
1376.4849,solve.va_sample,2,327.301,
1376.9851,solve.va_sample,2,327.301,
1377.4854,solve.va_sample,2,327.301,
1377.9856,solve.va_sample,2,327.301,
1378.4859,solve.va_sample,2,327.301,
1378.9861,solve.va_sample,2,327.301,
1379.4863,solve.va_sample,2,327.301,
1379.9866,solve.va_sample,2,327.301,
1380.4868,solve.va_sample,2,327.301,
1380.9871,solve.va_sample,2,327.301,
1381.4873,solve.va_sample,2,327.301,
1381.9875,solve.va_sample,2,327.301,
1382.4878,solve.va_sample,2,327.301,
1382.9880,solve.va_sample,2,327.301,
1383.4882,solve.va_sample,2,327.301,
1383.9885,solve.va_sample,2,327.301,
1384.4887,solve.va_sample,2,327.301,
1384.9890,solve.va_sample,2,327.301,
1385.4892,solve.va_sample,2,327.301,
1385.9895,solve.va_sample,2,327.301,
1386.4897,solve.va_sample,2,327.301,
1386.9899,solve.va_sample,2,327.301,
1387.4902,solve.va_sample,2,327.301,
1387.9904,solve.va_sample,2,327.301,
1388.4906,solve.va_sample,2,327.301,
1388.9909,solve.va_sample,2,327.301,
1389.4911,solve.va_sample,2,327.301,
1389.9914,solve.va_sample,2,327.301,
1390.4916,solve.va_sample,2,327.301,
1390.9918,solve.va_sample,2,327.301,
1391.4921,solve.va_sample,2,327.301,
1391.9923,solve.va_sample,2,327.301,
1392.4926,solve.va_sample,2,327.301,
1392.9928,solve.va_sample,2,327.301,
1393.4930,solve.va_sample,2,327.301,
1393.9933,solve.va_sample,2,327.301,
1394.4935,solve.va_sample,2,327.301,
1394.9938,solve.va_sample,2,327.301,
1395.4940,solve.va_sample,2,327.301,
1395.9942,solve.va_sample,2,327.301,
1396.4945,solve.va_sample,2,327.301,
1396.9947,solve.va_sample,2,327.301,
1397.4949,solve.va_sample,2,327.301,
1397.9952,solve.va_sample,2,327.301,
1398.4954,solve.va_sample,2,327.301,
1398.9957,solve.va_sample,2,327.301,
1399.4960,solve.va_sample,2,327.301,
1399.9962,solve.va_sample,2,327.301,
1400.4965,solve.va_sample,2,327.301,
1400.9967,solve.va_sample,2,327.301,
1401.4969,solve.va_sample,2,327.301,
1401.9972,solve.va_sample,2,327.301,
1402.4974,solve.va_sample,2,327.301,
1402.9976,solve.va_sample,2,327.301,
1403.4979,solve.va_sample,2,327.301,
1403.9981,solve.va_sample,2,327.301,
1404.4984,solve.va_sample,2,327.301,
1404.9986,solve.va_sample,2,327.301,
1405.4988,solve.va_sample,2,327.301,
1405.9991,solve.va_sample,2,327.301,
1406.4993,solve.va_sample,2,327.301,
1406.9995,solve.va_sample,2,327.301,
1407.4998,solve.va_sample,2,327.301,
1408.0000,solve.va_sample,2,327.301,
1408.5002,solve.va_sample,2,327.301,
1409.0005,solve.va_sample,2,327.301,
1409.5007,solve.va_sample,2,327.301,
1410.0009,solve.va_sample,2,327.301,
1410.5012,solve.va_sample,2,327.301,
1411.0014,solve.va_sample,2,327.301,
1411.5016,solve.va_sample,2,327.301,
1412.0019,solve.va_sample,2,327.301,
1412.5021,solve.va_sample,2,327.301,
1413.0024,solve.va_sample,2,327.301,
1413.5026,solve.va_sample,2,327.301,
1414.0029,solve.va_sample,2,327.301,
1414.5031,solve.va_sample,2,327.301,
1415.0033,solve.va_sample,2,327.301,
1415.5036,solve.va_sample,2,327.301,
1416.0038,solve.va_sample,2,327.301,
1416.5040,solve.va_sample,2,327.301,
1417.0043,solve.va_sample,2,327.301,
1417.5045,solve.va_sample,2,327.301,
1418.0047,solve.va_sample,2,327.301,
1418.5050,solve.va_sample,2,327.301,
1419.0052,solve.va_sample,2,327.301,
1419.5054,solve.va_sample,2,327.301,
1420.0057,solve.va_sample,2,327.301,
1420.5059,solve.va_sample,2,327.301,
1421.0061,solve.va_sample,2,327.301,
1421.5064,solve.va_sample,2,327.301,
1422.0066,solve.va_sample,2,327.301,
1422.5068,solve.va_sample,2,327.301,
1423.0071,solve.va_sample,2,327.301,
1423.5073,solve.va_sample,2,327.301,
1424.0075,solve.va_sample,2,327.301,
1424.5078,solve.va_sample,2,327.301,
1425.0080,solve.va_sample,2,327.301,
1425.5082,solve.va_sample,2,327.301,
1426.0085,solve.va_sample,2,327.301,
1426.5087,solve.va_sample,2,327.301,
1427.0090,solve.va_sample,2,327.301,
1427.5092,solve.va_sample,2,327.301,
1428.0094,solve.va_sample,2,327.301,
1428.5097,solve.va_sample,2,327.301,
1429.0099,solve.va_sample,2,327.301,
1429.5102,solve.va_sample,2,327.301,
1430.0104,solve.va_sample,2,327.301,
1430.5106,solve.va_sample,2,327.301,
1431.0109,solve.va_sample,2,327.301,
1431.5111,solve.va_sample,2,327.301,
1432.0114,solve.va_sample,2,327.301,
1432.5116,solve.va_sample,2,327.301,
1433.0118,solve.va_sample,2,327.301,
1433.5121,solve.va_sample,2,327.301,
1434.0123,solve.va_sample,2,327.301,
1434.5125,solve.va_sample,2,327.301,
1435.0128,solve.va_sample,2,327.301,
1435.5130,solve.va_sample,2,327.301,
1436.0132,solve.va_sample,2,327.301,
1436.5135,solve.va_sample,2,327.301,
1437.0137,solve.va_sample,2,327.301,
1437.5140,solve.va_sample,2,327.301,
1438.0142,solve.va_sample,2,327.301,
1438.5144,solve.va_sample,2,327.301,
1439.0147,solve.va_sample,2,327.301,
1439.5149,solve.va_sample,2,327.301,
1440.0151,solve.va_sample,2,327.301,
1440.5154,solve.va_sample,2,327.301,
1441.0156,solve.va_sample,2,327.301,
1441.5159,solve.va_sample,2,327.301,
1442.0161,solve.va_sample,2,327.301,
1442.5163,solve.va_sample,2,327.301,
1443.0166,solve.va_sample,2,327.301,
1443.5168,solve.va_sample,2,327.301,
1444.0170,solve.va_sample,2,327.301,
1444.5173,solve.va_sample,2,327.301,
1445.0175,solve.va_sample,2,327.301,
1445.5178,solve.va_sample,2,327.301,
1446.0180,solve.va_sample,2,327.301,
1446.5182,solve.va_sample,2,327.301,
1447.0185,solve.va_sample,2,327.301,
1447.5187,solve.va_sample,2,327.301,
1448.0189,solve.va_sample,2,327.301,
1448.5192,solve.va_sample,2,327.301,
1449.0194,solve.va_sample,2,327.301,
1449.5196,solve.va_sample,2,327.301,
1450.0199,solve.va_sample,2,327.301,
1450.5201,solve.va_sample,2,327.301,
1451.0204,solve.va_sample,2,327.301,
1451.5206,solve.va_sample,2,327.301,
1452.0209,solve.va_sample,2,327.301,
1452.5211,solve.va_sample,2,327.301,
1453.0213,solve.va_sample,2,327.301,
1453.5216,solve.va_sample,2,327.301,
1454.0218,solve.va_sample,2,327.301,
1454.5221,solve.va_sample,2,327.301,
1455.0223,solve.va_sample,2,327.301,
1455.5225,solve.va_sample,2,327.301,
1456.0228,solve.va_sample,2,327.301,
1456.5230,solve.va_sample,2,327.301,
1457.0233,solve.va_sample,2,327.301,
1457.5235,solve.va_sample,2,327.301,
1458.0237,solve.va_sample,2,327.301,
1458.5240,solve.va_sample,2,327.301,
1459.0242,solve.va_sample,2,327.301,
1459.5244,solve.va_sample,2,327.301,
1460.0247,solve.va_sample,2,327.301,
1460.5249,solve.va_sample,2,327.301,
1461.0251,solve.va_sample,2,327.301,
1461.5254,solve.va_sample,2,327.301,
1462.0256,solve.va_sample,2,327.301,
1462.5259,solve.va_sample,2,327.301,
1463.0261,solve.va_sample,2,327.301,
1463.5263,solve.va_sample,2,327.301,
1464.0266,solve.va_sample,2,327.301,
1464.5268,solve.va_sample,2,327.301,
1465.0270,solve.va_sample,2,327.301,
1465.5273,solve.va_sample,2,327.301,
1466.0275,solve.va_sample,2,327.301,
1466.5277,solve.va_sample,2,327.301,
1467.0280,solve.va_sample,2,327.301,
1467.5282,solve.va_sample,2,327.301,
1468.0284,solve.va_sample,2,327.301,
1468.5287,solve.va_sample,2,327.301,
1469.0289,solve.va_sample,2,327.301,
1469.5291,solve.va_sample,2,327.301,
1470.0294,solve.va_sample,2,327.301,
1470.5297,solve.va_sample,2,327.301,
1471.0299,solve.va_sample,2,327.301,
1471.5301,solve.va_sample,2,327.301,
1472.0304,solve.va_sample,2,327.301,
1472.5306,solve.va_sample,2,327.301,
1473.0309,solve.va_sample,2,327.301,
1473.5311,solve.va_sample,2,327.301,
1474.0313,solve.va_sample,2,327.301,
1474.5316,solve.va_sample,2,327.301,
1475.0318,solve.va_sample,2,327.301,
1475.5320,solve.va_sample,2,327.301,
1476.0323,solve.va_sample,2,327.301,
1476.5325,solve.va_sample,2,327.301,
1477.0327,solve.va_sample,2,327.301,
1477.5330,solve.va_sample,2,327.301,
1478.0332,solve.va_sample,2,327.301,
1478.5335,solve.va_sample,2,327.301,
1479.0337,solve.va_sample,2,327.301,
1479.5339,solve.va_sample,2,327.301,
1480.0342,solve.va_sample,2,327.301,
1480.5344,solve.va_sample,2,327.301,
1481.0347,solve.va_sample,2,327.301,
1481.5349,solve.va_sample,2,327.301,
1482.0351,solve.va_sample,2,327.301,
1482.5354,solve.va_sample,2,327.301,
1483.0356,solve.va_sample,2,327.301,
1483.5359,solve.va_sample,2,327.301,
1484.0361,solve.va_sample,2,327.301,
1484.5363,solve.va_sample,2,327.301,
1485.0366,solve.va_sample,2,327.301,
1485.5369,solve.va_sample,2,327.301,
1486.0371,solve.va_sample,2,327.301,
1486.5373,solve.va_sample,2,327.301,
1487.0376,solve.va_sample,2,327.301,
1487.5378,solve.va_sample,2,327.301,
1488.0380,solve.va_sample,2,327.301,
1488.5383,solve.va_sample,2,327.301,
1489.0385,solve.va_sample,2,327.301,
1489.5387,solve.va_sample,2,327.301,
1490.0390,solve.va_sample,2,327.301,
1490.5392,solve.va_sample,2,327.301,
1491.0394,solve.va_sample,2,327.301,
1491.5397,solve.va_sample,2,327.301,
1492.0399,solve.va_sample,2,327.301,
1492.5401,solve.va_sample,2,327.301,
1493.0404,solve.va_sample,2,327.301,
1493.5406,solve.va_sample,2,327.301,
1494.0409,solve.va_sample,2,327.301,
1494.5411,solve.va_sample,2,327.301,
1495.0413,solve.va_sample,2,327.301,
1495.5416,solve.va_sample,2,327.301,
1496.0418,solve.va_sample,2,327.301,
1496.5420,solve.va_sample,2,327.301,
1497.0423,solve.va_sample,2,327.301,
1497.5425,solve.va_sample,2,327.301,
1498.0427,solve.va_sample,2,327.301,
1498.5430,solve.va_sample,2,327.301,
1499.0432,solve.va_sample,2,327.301,
1499.5435,solve.va_sample,2,327.301,
1500.0437,solve.va_sample,2,327.301,
1500.5439,solve.va_sample,2,327.301,
1501.0442,solve.va_sample,2,327.301,
1501.5444,solve.va_sample,2,327.301,
1502.0447,solve.va_sample,2,327.301,
1502.5449,solve.va_sample,2,327.301,
1503.0451,solve.va_sample,2,327.301,
1503.5454,solve.va_sample,2,327.301,
1504.0456,solve.va_sample,2,327.301,
1504.5458,solve.va_sample,2,327.301,
1505.0461,solve.va_sample,2,327.301,
1505.5463,solve.va_sample,2,327.301,
1506.0466,solve.va_sample,2,327.301,
1506.5468,solve.va_sample,2,327.301,
1507.0470,solve.va_sample,2,327.301,
1507.5472,solve.va_sample,2,327.301,
1508.0475,solve.va_sample,2,327.301,
1508.5477,solve.va_sample,2,327.301,
1509.0480,solve.va_sample,2,327.301,
1509.5482,solve.va_sample,2,327.301,
1510.0485,solve.va_sample,2,327.301,
1510.5488,solve.va_sample,2,327.301,
1511.0490,solve.va_sample,2,327.301,
1511.5493,solve.va_sample,2,327.301,
1512.0496,solve.va_sample,2,327.301,
1512.5498,solve.va_sample,2,327.301,
1513.0501,solve.va_sample,2,327.301,
1513.5504,solve.va_sample,2,327.301,
1514.0506,solve.va_sample,2,327.301,
1514.5509,solve.va_sample,2,327.301,
1515.0512,solve.va_sample,2,327.301,
1515.5514,solve.va_sample,2,327.301,
1516.0517,solve.va_sample,2,327.301,
1516.5519,solve.va_sample,2,327.301,
1517.0522,solve.va_sample,2,327.301,
1517.5524,solve.va_sample,2,327.301,
1518.0527,solve.va_sample,2,327.301,
1518.5529,solve.va_sample,2,327.301,
1519.0532,solve.va_sample,2,327.301,
1519.5535,solve.va_sample,2,327.301,
1520.0538,solve.va_sample,2,327.301,
1520.5541,solve.va_sample,2,327.301,
1521.0543,solve.va_sample,2,327.301,
1521.5546,solve.va_sample,2,327.301,
1522.0548,solve.va_sample,2,327.301,
1522.5551,solve.va_sample,2,327.301,
1523.0553,solve.va_sample,2,327.301,
1523.5556,solve.va_sample,2,327.301,
1524.0558,solve.va_sample,2,327.301,
1524.5561,solve.va_sample,2,327.301,
1525.0564,solve.va_sample,2,327.301,
1525.5567,solve.va_sample,2,327.301,
1526.0569,solve.va_sample,2,327.301,
1526.5572,solve.va_sample,2,327.301,
1527.0574,solve.va_sample,2,327.301,
1527.5577,solve.va_sample,2,327.301,
1528.0580,solve.va_sample,2,327.301,
1528.5582,solve.va_sample,2,327.301,
1529.0585,solve.va_sample,2,327.301,
1529.5588,solve.va_sample,2,327.301,
1530.0590,solve.va_sample,2,327.301,
1530.5593,solve.va_sample,2,327.301,
1531.0595,solve.va_sample,2,327.301,
1531.5598,solve.va_sample,2,327.301,
1532.0600,solve.va_sample,2,327.301,
1532.5603,solve.va_sample,2,327.301,
1533.0605,solve.va_sample,2,327.301,
1533.5608,solve.va_sample,2,327.301,
1534.0610,solve.va_sample,2,327.301,
1534.5613,solve.va_sample,2,327.301,
1535.0615,solve.va_sample,2,327.301,
1535.5618,solve.va_sample,2,327.301,
1536.0620,solve.va_sample,2,327.301,
1536.5623,solve.va_sample,2,327.301,
1537.0626,solve.va_sample,2,327.301,
1537.5628,solve.va_sample,2,327.301,
1538.0631,solve.va_sample,2,327.301,
1538.5633,solve.va_sample,2,327.301,
1539.0635,solve.va_sample,2,327.301,
1539.5638,solve.va_sample,2,327.301,
1540.0640,solve.va_sample,2,327.301,
1540.5642,solve.va_sample,2,327.301,
1541.0645,solve.va_sample,2,327.301,
1541.5648,solve.va_sample,2,327.301,
1542.0650,solve.va_sample,2,327.301,
1542.5652,solve.va_sample,2,327.301,
1543.0655,solve.va_sample,2,327.301,
1543.5657,solve.va_sample,2,327.301,
1544.0659,solve.va_sample,2,327.301,
1544.5662,solve.va_sample,2,327.301,
1545.0664,solve.va_sample,2,327.301,
1545.5666,solve.va_sample,2,327.301,
1546.0669,solve.va_sample,2,327.301,
1546.5671,solve.va_sample,2,327.301,
1547.0674,solve.va_sample,2,327.301,
1547.5676,solve.va_sample,2,327.301,
1548.0678,solve.va_sample,2,327.301,
1548.5680,solve.va_sample,2,327.301,
1549.0683,solve.va_sample,2,327.301,
1549.5685,solve.va_sample,2,327.301,
1550.0687,solve.va_sample,2,327.301,
1550.5689,solve.va_sample,2,327.301,
1551.0692,solve.va_sample,2,327.301,
1551.5694,solve.va_sample,2,327.301,
1552.0696,solve.va_sample,2,327.301,
1552.5699,solve.va_sample,2,327.301,
1553.0701,solve.va_sample,2,327.301,
1553.5703,solve.va_sample,2,327.301,
1554.0706,solve.va_sample,2,327.301,
1554.5708,solve.va_sample,2,327.301,
1555.0710,solve.va_sample,2,327.301,
1555.5713,solve.va_sample,2,327.301,
1556.0715,solve.va_sample,2,327.301,
1556.5718,solve.va_sample,2,327.301,
1557.0720,solve.va_sample,2,327.301,
1557.5722,solve.va_sample,2,327.301,
1558.0725,solve.va_sample,2,327.301,
1558.5727,solve.va_sample,2,327.301,
1559.0729,solve.va_sample,2,327.301,
1559.5732,solve.va_sample,2,327.301,
1560.0734,solve.va_sample,2,327.301,
1560.5736,solve.va_sample,2,327.301,
1561.0738,solve.va_sample,2,327.301,
1561.5741,solve.va_sample,2,327.301,
1562.0743,solve.va_sample,2,327.301,
1562.5745,solve.va_sample,2,327.301,
1563.0748,solve.va_sample,2,327.301,
1563.5750,solve.va_sample,2,327.301,
1564.0752,solve.va_sample,2,327.301,
1564.5755,solve.va_sample,2,327.301,
1565.0757,solve.va_sample,2,327.301,
1565.5759,solve.va_sample,2,327.301,
1566.0762,solve.va_sample,2,327.301,
1566.5764,solve.va_sample,2,327.301,
1567.0766,solve.va_sample,2,327.301,
1567.5769,solve.va_sample,2,327.301,
1568.0771,solve.va_sample,2,327.301,
1568.5773,solve.va_sample,2,327.301,
1569.0776,solve.va_sample,2,327.301,
1569.5778,solve.va_sample,2,327.301,
1570.0781,solve.va_sample,2,327.301,
1570.5784,solve.va_sample,2,327.301,
1571.0786,solve.va_sample,2,327.301,
1571.5788,solve.va_sample,2,327.301,
1572.0791,solve.va_sample,2,327.301,
1572.5793,solve.va_sample,2,327.301,
1573.0796,solve.va_sample,2,327.301,
1573.5798,solve.va_sample,2,327.301,
1574.0800,solve.va_sample,2,327.301,
1574.5802,solve.va_sample,2,327.301,
1575.0805,solve.va_sample,2,327.301,
1575.5807,solve.va_sample,2,327.301,
1576.0810,solve.va_sample,2,327.301,
1576.5812,solve.va_sample,2,327.301,
1577.0814,solve.va_sample,2,327.301,
1577.5817,solve.va_sample,2,327.301,
1578.0819,solve.va_sample,2,327.301,
1578.5821,solve.va_sample,2,327.301,
1579.0824,solve.va_sample,2,327.301,
1579.5827,solve.va_sample,2,327.301,
1580.0829,solve.va_sample,2,327.301,
1580.5832,solve.va_sample,2,327.301,
1581.0834,solve.va_sample,2,327.301,
1581.5837,solve.va_sample,2,327.301,
1582.0839,solve.va_sample,2,327.301,
1582.5842,solve.va_sample,2,327.301,
1583.0844,solve.va_sample,2,327.301,
1583.5846,solve.va_sample,2,327.301,
1584.0849,solve.va_sample,2,327.301,
1584.5851,solve.va_sample,2,327.301,
1585.0854,solve.va_sample,2,327.301,
1585.5856,solve.va_sample,2,327.301,
1586.0858,solve.va_sample,2,327.301,
1586.5861,solve.va_sample,2,327.301,
1587.0863,solve.va_sample,2,327.301,
1587.5865,solve.va_sample,2,327.301,
1588.0868,solve.va_sample,2,327.301,
1588.5870,solve.va_sample,2,327.301,
1589.0873,solve.va_sample,2,327.301,
1589.5875,solve.va_sample,2,327.301,
1590.0877,solve.va_sample,2,327.301,
1590.5880,solve.va_sample,2,327.301,
1591.0882,solve.va_sample,2,327.301,
1591.5884,solve.va_sample,2,327.301,
1592.0887,solve.va_sample,2,327.301,
1592.5889,solve.va_sample,2,327.301,
1593.0891,solve.va_sample,2,327.301,
1593.5894,solve.va_sample,2,327.301,
1594.0896,solve.va_sample,2,327.301,
1594.5898,solve.va_sample,2,327.301,
1595.0901,solve.va_sample,2,327.301,
1595.5903,solve.va_sample,2,327.301,
1596.0906,solve.va_sample,2,327.301,
1596.5908,solve.va_sample,2,327.301,
1597.0910,solve.va_sample,2,327.301,
1597.5913,solve.va_sample,2,327.301,
1598.0915,solve.va_sample,2,327.301,
1598.5917,solve.va_sample,2,327.301,
1599.0920,solve.va_sample,2,330.652,
1599.6176,solve.va_sample,2,331.168,
1600.1451,solve.va_sample,2,336.324,
1600.6775,solve.va_sample,2,341.480,
1601.1982,solve.va_sample,2,346.637,
1601.7231,solve.va_sample,2,351.793,
1601.8562,solve.va_sample,2,353.082,
1601.8593,solve.sample_eval,2,353.082,
1602.2487,solve.sample_eval,2,356.434,
1602.7746,solve.sample_eval,2,372.418,
1603.3002,solve.sample_eval,2,381.957,
1603.8361,solve.sample_eval,2,393.816,
1604.3677,solve.sample_eval,2,404.902,
1604.8984,solve.sample_eval,2,425.012,
1605.4341,solve.sample_eval,2,434.035,
1605.9597,solve.sample_eval,2,444.605,
1606.4861,solve.sample_eval,2,455.949,
1607.0174,solve.sample_eval,2,466.520,
1607.5431,solve.sample_eval,2,477.863,
1608.0687,solve.sample_eval,2,487.918,
1608.5947,solve.sample_eval,2,523.754,
1608.8412,solve.sample_eval,2,525.816,
1608.8450,solve,1,525.816,
1609.1240,(unmarked),0,534.395,
1609.6927,(unmarked),0,506.238,
1609.7306,(unmarked),0,506.551,
