zip_id,part_id,Q_ik,b_ik
Z00001,P0012,1,1
Z00001,P0016,1,4
Z00001,P0040,1,1
Z00001,P0044,1,4
Z00001,P0050,1,2
Z00001,P0064,1,1
Z00001,P0070,1,1
Z00001,P0088,1,2
Z00001,P0103,1,2
Z00001,P0111,1,2
Z00001,P0120,1,2
Z00001,P0146,1,3
Z00001,P0148,1,1
Z00002,P0002,1,3
Z00002,P0005,1,2
Z00002,P0014,1,1
Z00002,P0019,1,3
Z00002,P0023,1,2
Z00002,P0024,1,5
Z00002,P0025,1,4
Z00002,P0026,1,2
Z00002,P0030,1,2
Z00002,P0040,1,2
Z00002,P0050,1,4
Z00002,P0063,1,2
Z00002,P0064,1,4
Z00002,P0067,1,1
Z00002,P0093,1,2
Z00002,P0104,1,1
Z00002,P0110,1,3
Z00002,P0111,1,1
Z00002,P0123,1,4
Z00002,P0148,1,1
Z00003,P0002,1,1
Z00003,P0009,1,2
Z00003,P0010,1,2
Z00003,P0012,1,1
Z00003,P0020,1,2
Z00003,P0022,1,4
Z00003,P0027,1,2
Z00003,P0045,1,6
Z00003,P0049,1,4
Z00003,P0063,1,2
Z00003,P0073,1,1
Z00003,P0078,1,4
Z00003,P0146,1,1
Z00003,P0148,1,1
Z00004,P0040,1,3
Z00004,P0078,1,3
Z00004,P0091,1,1
Z00004,P0133,1,2
Z00004,P0143,1,1
Z00004,P0147,1,3
Z00004,P0148,1,4
Z00004,P0149,1,1
Z00005,P0005,1,1
Z00005,P0009,1,3
Z00005,P0022,1,3
Z00005,P0039,1,3
Z00005,P0044,1,3
Z00005,P0056,1,4
Z00005,P0060,1,3
Z00005,P0064,1,6
Z00005,P0067,1,1
Z00005,P0107,1,4
Z00005,P0142,1,7
Z00005,P0146,1,4
Z00006,P0010,1,1
Z00006,P0013,1,3
Z00006,P0051,1,1
Z00006,P0080,1,4
Z00006,P0086,1,3
Z00006,P0089,1,4
Z00006,P0099,1,2
Z00006,P0100,1,2
Z00006,P0101,1,3
Z00006,P0108,1,2
Z00006,P0115,1,6
Z00006,P0116,1,2
Z00006,P0124,1,2
Z00006,P0134,1,3
Z00006,P0137,1,2
Z00006,P0147,1,2
Z00006,P0149,1,2
Z00007,P0013,1,4
Z00007,P0015,1,2
Z00007,P0022,1,4
Z00007,P0039,1,4
Z00007,P0040,1,5
Z00007,P0041,1,1
Z00007,P0045,1,10
Z00007,P0051,1,2
Z00007,P0052,1,4
Z00007,P0058,1,3
Z00007,P0062,1,2
Z00007,P0064,1,2
Z00007,P0065,1,5
Z00007,P0076,1,3
Z00007,P0084,1,1
Z00007,P0087,1,1
Z00007,P0099,1,5
Z00007,P0117,1,1
Z00007,P0129,1,2
Z00008,P0005,1,2
Z00008,P0010,1,4
Z00008,P0018,1,2
Z00008,P0049,1,1
Z00008,P0060,1,4
Z00008,P0071,1,3
Z00008,P0085,1,5
Z00008,P0087,1,3
Z00008,P0107,1,3
Z00008,P0115,1,2
Z00008,P0127,1,1
Z00008,P0139,1,3
Z00008,P0146,1,5
Z00009,P0005,1,4
Z00009,P0011,1,1
Z00009,P0016,1,1
Z00009,P0018,1,4
Z00009,P0031,1,2
Z00009,P0032,1,3
Z00009,P0037,1,2
Z00009,P0060,1,2
Z00009,P0062,1,5
Z00009,P0068,1,2
Z00009,P0093,1,2
Z00009,P0099,1,4
Z00009,P0104,1,3
Z00009,P0125,1,2
Z00009,P0134,1,4
Z00010,P0001,1,2
Z00010,P0005,1,4
Z00010,P0010,1,3
Z00010,P0013,1,3
Z00010,P0020,1,1
Z00010,P0032,1,2
Z00010,P0037,1,1
Z00010,P0045,1,5
Z00010,P0047,1,1
Z00010,P0061,1,1
Z00010,P0085,1,2
Z00010,P0099,1,6
Z00010,P0106,1,1
Z00010,P0115,1,3
Z00010,P0118,1,1
Z00010,P0127,1,3
Z00010,P0133,1,3
Z00010,P0146,1,3
Z00011,P0004,1,6
Z00011,P0010,1,4
Z00011,P0018,1,3
Z00011,P0068,1,2
Z00011,P0076,1,3
Z00011,P0079,1,3
Z00011,P0103,1,3
Z00011,P0108,1,4
Z00011,P0115,1,2
Z00011,P0134,1,2
Z00011,P0147,1,2
Z00012,P0013,1,2
Z00012,P0023,1,1
Z00012,P0052,1,1
Z00012,P0059,1,1
Z00012,P0092,1,2
Z00012,P0124,1,2
Z00012,P0132,1,1
Z00012,P0137,1,2
Z00012,P0138,1,1
Z00013,P0010,1,2
Z00013,P0015,1,2
Z00013,P0022,1,1
Z00013,P0023,1,2
Z00013,P0025,1,2
Z00013,P0045,1,5
Z00013,P0050,1,3
Z00013,P0055,1,2
Z00013,P0067,1,2
Z00013,P0093,1,1
Z00013,P0103,1,2
Z00013,P0110,1,1
Z00013,P0115,1,3
Z00013,P0131,1,3
Z00013,P0145,1,2
Z00013,P0147,1,4
Z00013,P0150,1,1
Z00014,P0006,1,2
Z00014,P0012,1,1
Z00014,P0033,1,5
Z00014,P0039,1,3
Z00014,P0044,1,5
Z00014,P0045,1,4
Z00014,P0054,1,4
Z00014,P0076,1,2
Z00014,P0078,1,3
Z00014,P0093,1,3
Z00014,P0095,1,2
Z00014,P0107,1,2
Z00014,P0115,1,2
Z00014,P0135,1,2
Z00014,P0149,1,5
Z00015,P0009,1,1
Z00015,P0012,1,1
Z00015,P0018,1,4
Z00015,P0020,1,1
Z00015,P0023,1,1
Z00015,P0029,1,3
Z00015,P0030,1,2
Z00015,P0045,1,3
Z00015,P0047,1,3
Z00015,P0054,1,3
Z00015,P0063,1,3
Z00015,P0066,1,3
Z00015,P0067,1,2
Z00015,P0070,1,1
Z00015,P0073,1,2
Z00015,P0080,1,2
Z00015,P0086,1,2
Z00015,P0087,1,4
Z00015,P0093,1,3
Z00015,P0099,1,2
Z00015,P0107,1,1
Z00015,P0108,1,1
Z00015,P0110,1,1
Z00015,P0115,1,3
Z00015,P0123,1,1
Z00015,P0133,1,2
Z00016,P0002,1,1
Z00016,P0005,1,2
Z00016,P0006,1,2
Z00016,P0007,1,2
Z00016,P0011,1,3
Z00016,P0013,1,6
Z00016,P0030,1,3
Z00016,P0050,1,5
Z00016,P0051,1,1
Z00016,P0071,1,6
Z00016,P0082,1,1
Z00016,P0090,1,2
Z00016,P0099,1,3
Z00016,P0105,1,3
Z00016,P0111,1,2
Z00016,P0115,1,4
Z00016,P0124,1,2
Z00016,P0131,1,4
Z00016,P0149,1,2
Z00017,P0006,1,2
Z00017,P0023,1,2
Z00017,P0027,1,1
Z00017,P0028,1,2
Z00017,P0029,1,2
Z00017,P0045,1,3
Z00017,P0068,1,3
Z00017,P0081,1,1
Z00017,P0082,1,3
Z00017,P0097,1,2
Z00017,P0098,1,1
Z00017,P0099,1,4
Z00017,P0149,1,3
Z00018,P0010,1,6
Z00018,P0018,1,3
Z00018,P0022,1,3
Z00018,P0046,1,2
Z00018,P0049,1,3
Z00018,P0050,1,2
Z00018,P0063,1,2
Z00018,P0086,1,3
Z00018,P0095,1,3
Z00018,P0097,1,2
Z00018,P0100,1,2
Z00018,P0104,1,2
Z00018,P0112,1,3
Z00018,P0113,1,1
Z00018,P0120,1,1
Z00018,P0141,1,1
Z00018,P0142,1,1
Z00018,P0143,1,2
Z00018,P0149,1,4
Z00019,P0034,1,1
Z00019,P0038,1,1
Z00019,P0039,1,3
Z00019,P0051,1,1
Z00019,P0060,1,3
Z00019,P0087,1,3
Z00019,P0095,1,2
Z00019,P0108,1,1
Z00019,P0115,1,2
Z00019,P0120,1,1
Z00019,P0132,1,1
Z00019,P0133,1,4
Z00020,P0006,1,6
Z00020,P0028,1,3
Z00020,P0039,1,1
Z00020,P0056,1,1
Z00020,P0060,1,2
Z00020,P0087,1,3
Z00020,P0109,1,1
Z00020,P0111,1,2
Z00020,P0113,1,1
Z00020,P0130,1,1
Z00020,P0137,1,1
Z00021,P0002,1,2
Z00021,P0010,1,3
Z00021,P0016,1,2
Z00021,P0027,1,3
Z00021,P0054,1,3
Z00021,P0060,1,1
Z00021,P0064,1,3
Z00021,P0066,1,2
Z00021,P0085,1,2
Z00021,P0095,1,1
Z00021,P0099,1,3
Z00021,P0110,1,2
Z00021,P0112,1,1
Z00021,P0118,1,3
Z00021,P0144,1,1
Z00022,P0003,1,2
Z00022,P0004,1,4
Z00022,P0016,1,1
Z00022,P0019,1,1
Z00022,P0040,1,2
Z00022,P0046,1,4
Z00022,P0063,1,2
Z00022,P0071,1,5
Z00022,P0075,1,3
Z00022,P0087,1,1
Z00022,P0104,1,4
Z00022,P0124,1,1
Z00022,P0129,1,2
Z00022,P0132,1,3
Z00022,P0136,1,1
Z00022,P0141,1,2
Z00023,P0002,1,3
Z00023,P0003,1,2
Z00023,P0021,1,1
Z00023,P0023,1,4
Z00023,P0025,1,3
Z00023,P0035,1,1
Z00023,P0036,1,3
Z00023,P0040,1,2
Z00023,P0042,1,1
Z00023,P0045,1,5
Z00023,P0048,1,1
Z00023,P0052,1,2
Z00023,P0073,1,5
Z00023,P0074,1,1
Z00023,P0095,1,2
Z00023,P0100,1,1
Z00023,P0115,1,2
Z00023,P0117,1,1
Z00023,P0139,1,3
Z00023,P0143,1,1
Z00023,P0144,1,2
Z00024,P0004,1,3
Z00024,P0006,1,1
Z00024,P0022,1,3
Z00024,P0027,1,2
Z00024,P0028,1,1
Z00024,P0029,1,5
Z00024,P0039,1,3
Z00024,P0044,1,3
Z00024,P0046,1,1
Z00024,P0054,1,5
Z00024,P0058,1,2
Z00024,P0060,1,8
Z00024,P0063,1,2
Z00024,P0064,1,3
Z00024,P0070,1,1
Z00024,P0073,1,3
Z00024,P0077,1,3
Z00024,P0082,1,2
Z00024,P0083,1,2
Z00024,P0085,1,4
Z00024,P0096,1,1
Z00024,P0099,1,6
Z00024,P0113,1,1
Z00024,P0135,1,3
Z00024,P0137,1,1
Z00024,P0146,1,4
Z00025,P0002,1,7
Z00025,P0004,1,2
Z00025,P0039,1,2
Z00025,P0054,1,6
Z00025,P0063,1,5
Z00025,P0070,1,2
Z00025,P0085,1,4
Z00025,P0089,1,2
Z00025,P0090,1,2
Z00025,P0125,1,1
Z00025,P0134,1,3
Z00025,P0137,1,1
Z00025,P0148,1,1
Z00025,P0149,1,3
Z00026,P0013,1,2
Z00026,P0021,1,1
Z00026,P0029,1,3
Z00026,P0039,1,3
Z00026,P0045,1,4
Z00026,P0047,1,2
Z00026,P0050,1,1
Z00026,P0054,1,4
Z00026,P0070,1,1
Z00026,P0071,1,2
Z00026,P0077,1,1
Z00026,P0080,1,1
Z00026,P0086,1,2
Z00026,P0117,1,2
Z00026,P0138,1,1
Z00026,P0143,1,4
Z00026,P0147,1,2
Z00027,P0002,1,1
Z00027,P0004,1,10
Z00027,P0005,1,2
Z00027,P0007,1,1
Z00027,P0013,1,5
Z00027,P0017,1,5
Z00027,P0027,1,1
Z00027,P0030,1,3
Z00027,P0043,1,1
Z00027,P0045,1,5
Z00027,P0049,1,2
Z00027,P0054,1,4
Z00027,P0073,1,1
Z00027,P0077,1,2
Z00027,P0078,1,2
Z00027,P0082,1,1
Z00027,P0083,1,1
Z00027,P0099,1,3
Z00027,P0101,1,3
Z00027,P0104,1,2
Z00027,P0106,1,1
Z00027,P0132,1,3
Z00027,P0135,1,1
Z00027,P0144,1,1
Z00028,P0004,1,2
Z00028,P0018,1,3
Z00028,P0022,1,5
Z00028,P0029,1,2
Z00028,P0042,1,2
Z00028,P0052,1,3
Z00028,P0063,1,2
Z00028,P0074,1,2
Z00028,P0077,1,3
Z00028,P0080,1,1
Z00028,P0082,1,2
Z00028,P0085,1,2
Z00028,P0089,1,2
Z00028,P0097,1,3
Z00028,P0111,1,3
Z00028,P0124,1,4
Z00028,P0131,1,1
Z00028,P0138,1,6
Z00029,P0010,1,2
Z00029,P0016,1,1
Z00029,P0028,1,3
Z00029,P0074,1,1
Z00029,P0088,1,1
Z00029,P0111,1,3
Z00029,P0147,1,2
Z00030,P0005,1,1
Z00030,P0007,1,1
Z00030,P0012,1,2
Z00030,P0016,1,1
Z00030,P0030,1,1
Z00030,P0073,1,1
Z00030,P0081,1,1
Z00030,P0085,1,5
Z00030,P0095,1,2
Z00030,P0098,1,1
Z00030,P0101,1,2
Z00030,P0111,1,2
Z00030,P0115,1,1
Z00030,P0131,1,3
Z00030,P0142,1,3
Z00031,P0001,1,1
Z00031,P0026,1,4
Z00031,P0031,1,1
Z00031,P0045,1,3
Z00031,P0054,1,2
Z00031,P0137,1,1
Z00032,P0005,1,4
Z00032,P0017,1,2
Z00032,P0022,1,3
Z00032,P0026,1,3
Z00032,P0038,1,1
Z00032,P0050,1,3
Z00032,P0051,1,5
Z00032,P0060,1,3
Z00032,P0066,1,1
Z00032,P0079,1,2
Z00032,P0081,1,1
Z00032,P0133,1,5
Z00032,P0138,1,5
Z00032,P0146,1,3
Z00033,P0001,1,2
Z00033,P0005,1,5
Z00033,P0006,1,2
Z00033,P0010,1,2
Z00033,P0011,1,2
Z00033,P0018,1,2
Z00033,P0022,1,4
Z00033,P0027,1,2
Z00033,P0041,1,1
Z00033,P0045,1,6
Z00033,P0050,1,3
Z00033,P0052,1,3
Z00033,P0061,1,2
Z00033,P0063,1,5
Z00033,P0066,1,3
Z00033,P0067,1,3
Z00033,P0095,1,4
Z00033,P0099,1,3
Z00033,P0101,1,5
Z00033,P0111,1,1
Z00033,P0130,1,4
Z00033,P0134,1,4
Z00033,P0139,1,2
Z00033,P0147,1,3
Z00034,P0003,1,3
Z00034,P0004,1,4
Z00034,P0007,1,2
Z00034,P0044,1,3
Z00034,P0049,1,3
Z00034,P0054,1,3
Z00034,P0060,1,4
Z00034,P0082,1,2
Z00034,P0087,1,2
Z00034,P0098,1,2
Z00034,P0105,1,2
Z00034,P0113,1,4
Z00034,P0115,1,3
Z00035,P0004,1,3
Z00035,P0005,1,1
Z00035,P0010,1,6
Z00035,P0012,1,1
Z00035,P0014,1,3
Z00035,P0017,1,2
Z00035,P0022,1,5
Z00035,P0026,1,1
Z00035,P0028,1,2
Z00035,P0034,1,1
Z00035,P0043,1,2
Z00035,P0044,1,2
Z00035,P0045,1,6
Z00035,P0066,1,2
Z00035,P0073,1,4
Z00035,P0077,1,1
Z00035,P0080,1,1
Z00035,P0090,1,2
Z00035,P0093,1,2
Z00035,P0097,1,2
Z00035,P0101,1,2
Z00035,P0103,1,1
Z00035,P0104,1,4
Z00035,P0116,1,1
Z00035,P0118,1,3
Z00035,P0120,1,2
Z00035,P0123,1,1
Z00035,P0124,1,2
Z00035,P0131,1,3
Z00035,P0135,1,3
Z00036,P0005,1,1
Z00036,P0015,1,3
Z00036,P0020,1,1
Z00036,P0025,1,3
Z00036,P0027,1,4
Z00036,P0055,1,2
Z00036,P0065,1,3
Z00036,P0077,1,1
Z00036,P0078,1,4
Z00036,P0079,1,1
Z00036,P0086,1,1
Z00036,P0103,1,2
Z00036,P0110,1,1
Z00036,P0124,1,2
Z00036,P0129,1,1
Z00036,P0137,1,2
Z00036,P0139,1,3
Z00036,P0143,1,3
Z00036,P0147,1,3
Z00036,P0150,1,1
Z00037,P0006,1,5
Z00037,P0010,1,2
Z00037,P0011,1,2
Z00037,P0019,1,2
Z00037,P0027,1,3
Z00037,P0045,1,4
Z00037,P0052,1,3
Z00037,P0063,1,1
Z00037,P0106,1,1
Z00037,P0120,1,2
Z00037,P0126,1,1
Z00037,P0142,1,2
Z00038,P0025,1,2
Z00038,P0030,1,4
Z00038,P0032,1,3
Z00038,P0037,1,3
Z00038,P0040,1,3
Z00038,P0043,1,2
Z00038,P0047,1,4
Z00038,P0055,1,2
Z00038,P0065,1,2
Z00038,P0078,1,1
Z00038,P0097,1,1
Z00038,P0101,1,3
Z00038,P0110,1,1
Z00038,P0123,1,1
Z00038,P0131,1,1
Z00038,P0141,1,3
Z00038,P0142,1,3
Z00038,P0147,1,5
Z00038,P0150,1,3
Z00039,P0010,1,5
Z00039,P0013,1,2
Z00039,P0032,1,2
Z00039,P0040,1,4
Z00039,P0045,1,4
Z00039,P0050,1,2
Z00039,P0052,1,2
Z00039,P0055,1,2
Z00039,P0069,1,2
Z00039,P0075,1,3
Z00039,P0095,1,3
Z00039,P0098,1,2
Z00039,P0115,1,4
Z00039,P0119,1,1
Z00039,P0132,1,1
Z00039,P0135,1,1
Z00040,P0007,1,1
Z00040,P0027,1,3
Z00040,P0050,1,1
Z00040,P0076,1,1
Z00040,P0077,1,2
Z00040,P0086,1,3
Z00040,P0091,1,5
Z00040,P0099,1,3
Z00040,P0104,1,2
Z00040,P0108,1,1
Z00040,P0112,1,2
Z00040,P0133,1,1
Z00040,P0150,1,1
Z00041,P0007,1,1
Z00041,P0009,1,1
Z00041,P0022,1,1
Z00041,P0028,1,3
Z00041,P0045,1,4
Z00041,P0054,1,2
Z00041,P0076,1,2
Z00041,P0085,1,3
Z00041,P0091,1,3
Z00041,P0095,1,1
Z00041,P0110,1,1
Z00041,P0111,1,1
Z00041,P0145,1,1
Z00041,P0150,1,3
Z00042,P0003,1,2
Z00042,P0005,1,3
Z00042,P0006,1,3
Z00042,P0011,1,1
Z00042,P0017,1,3
Z00042,P0063,1,2
Z00042,P0085,1,3
Z00042,P0100,1,4
Z00042,P0104,1,3
Z00042,P0106,1,1
Z00042,P0107,1,1
Z00042,P0112,1,2
Z00042,P0113,1,1
Z00042,P0115,1,2
Z00042,P0117,1,1
Z00042,P0131,1,2
Z00042,P0132,1,4
Z00042,P0148,1,4
Z00043,P0003,1,3
Z00043,P0008,1,2
Z00043,P0010,1,3
Z00043,P0026,1,3
Z00043,P0028,1,2
Z00043,P0044,1,2
Z00043,P0076,1,2
Z00043,P0101,1,3
Z00043,P0104,1,4
Z00043,P0124,1,1
Z00044,P0004,1,4
Z00044,P0025,1,1
Z00044,P0064,1,2
Z00044,P0069,1,4
Z00044,P0071,1,2
Z00044,P0078,1,2
Z00044,P0084,1,4
Z00044,P0089,1,2
Z00044,P0101,1,3
Z00044,P0103,1,1
Z00044,P0104,1,2
Z00044,P0106,1,2
Z00044,P0115,1,6
Z00044,P0133,1,1
Z00044,P0134,1,1
Z00044,P0144,1,1
Z00045,P0004,1,4
Z00045,P0014,1,3
Z00045,P0061,1,2
Z00045,P0076,1,1
Z00045,P0085,1,2
Z00045,P0097,1,1
Z00045,P0135,1,1
Z00045,P0141,1,2
Z00046,P0045,1,4
Z00046,P0058,1,1
Z00046,P0076,1,2
Z00046,P0086,1,5
Z00046,P0095,1,4
Z00046,P0110,1,1
Z00046,P0111,1,4
Z00046,P0124,1,1
Z00047,P0004,1,2
Z00047,P0013,1,3
Z00047,P0021,1,1
Z00047,P0022,1,4
Z00047,P0024,1,1
Z00047,P0025,1,6
Z00047,P0040,1,4
Z00047,P0042,1,1
Z00047,P0050,1,4
Z00047,P0056,1,2
Z00047,P0067,1,2
Z00047,P0094,1,1
Z00047,P0095,1,2
Z00047,P0099,1,5
Z00047,P0110,1,3
Z00047,P0115,1,2
Z00047,P0123,1,1
Z00047,P0124,1,1
Z00047,P0138,1,1
Z00047,P0141,1,4
Z00047,P0146,1,3
Z00048,P0001,1,1
Z00048,P0011,1,4
Z00048,P0029,1,6
Z00048,P0049,1,2
Z00048,P0058,1,2
Z00048,P0077,1,2
Z00048,P0093,1,5
Z00048,P0104,1,4
Z00048,P0120,1,2
Z00049,P0002,1,3
Z00049,P0004,1,3
Z00049,P0007,1,1
Z00049,P0024,1,1
Z00049,P0030,1,1
Z00049,P0045,1,4
Z00049,P0052,1,4
Z00049,P0057,1,1
Z00049,P0070,1,3
Z00049,P0078,1,1
Z00049,P0102,1,2
Z00049,P0104,1,2
Z00049,P0115,1,4
Z00049,P0119,1,4
Z00049,P0130,1,3
Z00049,P0131,1,2
Z00049,P0133,1,3
Z00049,P0139,1,1
Z00050,P0030,1,2
Z00050,P0040,1,2
Z00050,P0042,1,2
Z00050,P0045,1,4
Z00050,P0071,1,3
Z00050,P0087,1,3
Z00050,P0092,1,2
Z00050,P0104,1,2
Z00050,P0111,1,1
Z00050,P0112,1,1
Z00050,P0118,1,1
Z00050,P0127,1,3
Z00050,P0130,1,6
Z00050,P0135,1,3
Z00050,P0141,1,1
Z00050,P0145,1,3
Z00050,P0150,1,3
Z00051,P0002,1,3
Z00051,P0006,1,6
Z00051,P0010,1,4
Z00051,P0025,1,2
Z00051,P0026,1,1
Z00051,P0053,1,1
Z00051,P0063,1,3
Z00051,P0068,1,3
Z00051,P0074,1,2
Z00051,P0075,1,4
Z00051,P0103,1,2
Z00051,P0131,1,4
Z00051,P0142,1,1
Z00051,P0146,1,5
Z00052,P0010,1,3
Z00052,P0013,1,2
Z00052,P0021,1,2
Z00052,P0029,1,5
Z00052,P0045,1,4
Z00052,P0050,1,4
Z00052,P0051,1,2
Z00052,P0052,1,2
Z00052,P0055,1,1
Z00052,P0059,1,2
Z00052,P0062,1,3
Z00052,P0067,1,1
Z00052,P0076,1,3
Z00052,P0077,1,4
Z00052,P0113,1,2
Z00052,P0129,1,2
Z00052,P0132,1,1
Z00052,P0134,1,2
Z00052,P0135,1,2
Z00053,P0006,1,2
Z00053,P0010,1,4
Z00053,P0017,1,4
Z00053,P0027,1,1
Z00053,P0066,1,1
Z00053,P0077,1,2
Z00053,P0078,1,2
Z00053,P0085,1,3
Z00053,P0086,1,2
Z00053,P0089,1,3
Z00053,P0101,1,2
Z00053,P0115,1,6
Z00053,P0120,1,1
Z00053,P0130,1,4
Z00053,P0134,1,2
Z00053,P0145,1,2
Z00053,P0147,1,2
Z00054,P0010,1,2
Z00054,P0029,1,4
Z00054,P0039,1,2
Z00054,P0040,1,1
Z00054,P0050,1,2
Z00054,P0052,1,2
Z00054,P0054,1,7
Z00054,P0060,1,2
Z00054,P0063,1,3
Z00054,P0067,1,2
Z00054,P0076,1,3
Z00054,P0077,1,1
Z00054,P0093,1,1
Z00054,P0100,1,4
Z00054,P0101,1,3
Z00054,P0104,1,4
Z00054,P0109,1,4
Z00054,P0112,1,1
Z00054,P0127,1,2
Z00054,P0131,1,2
Z00054,P0143,1,1
Z00054,P0146,1,5
Z00055,P0007,1,1
Z00055,P0013,1,3
Z00055,P0040,1,2
Z00055,P0055,1,2
Z00055,P0060,1,3
Z00055,P0064,1,2
Z00055,P0077,1,3
Z00055,P0085,1,4
Z00055,P0087,1,3
Z00055,P0100,1,3
Z00055,P0116,1,1
Z00055,P0120,1,1
Z00055,P0131,1,5
Z00055,P0143,1,1
Z00055,P0146,1,3
Z00055,P0147,1,4
Z00056,P0004,1,4
Z00056,P0006,1,2
Z00056,P0010,1,5
Z00056,P0018,1,3
Z00056,P0019,1,2
Z00056,P0022,1,1
Z00056,P0030,1,1
Z00056,P0050,1,4
Z00056,P0052,1,5
Z00056,P0054,1,3
Z00056,P0058,1,3
Z00056,P0060,1,1
Z00056,P0061,1,1
Z00056,P0067,1,1
Z00056,P0073,1,1
Z00056,P0082,1,1
Z00056,P0084,1,1
Z00056,P0087,1,3
Z00056,P0108,1,4
Z00056,P0126,1,1
Z00056,P0137,1,3
Z00056,P0149,1,5
Z00057,P0009,1,1
Z00057,P0017,1,2
Z00057,P0025,1,6
Z00057,P0029,1,1
Z00057,P0039,1,2
Z00057,P0040,1,2
Z00057,P0045,1,2
Z00057,P0069,1,2
Z00057,P0090,1,2
Z00057,P0092,1,3
Z00057,P0095,1,2
Z00057,P0109,1,2
Z00057,P0112,1,3
Z00058,P0010,1,5
Z00058,P0039,1,4
Z00058,P0060,1,2
Z00058,P0064,1,4
Z00058,P0065,1,2
Z00058,P0071,1,2
Z00058,P0082,1,2
Z00058,P0086,1,3
Z00058,P0090,1,3
Z00058,P0099,1,3
Z00058,P0109,1,2
Z00058,P0127,1,2
Z00058,P0143,1,1
Z00058,P0147,1,5
Z00059,P0005,1,3
Z00059,P0035,1,1
Z00059,P0060,1,4
Z00059,P0063,1,3
Z00059,P0085,1,4
Z00059,P0105,1,3
Z00059,P0108,1,1
Z00059,P0115,1,8
Z00059,P0121,1,1
Z00059,P0133,1,3
Z00059,P0143,1,3
Z00060,P0004,1,3
Z00060,P0005,1,1
Z00060,P0030,1,1
Z00060,P0039,1,5
Z00060,P0073,1,2
Z00060,P0083,1,3
Z00060,P0085,1,3
Z00061,P0030,1,1
Z00061,P0064,1,3
Z00061,P0075,1,1
Z00061,P0104,1,3
Z00061,P0138,1,1
Z00061,P0149,1,1
Z00062,P0013,1,4
Z00062,P0032,1,4
Z00062,P0033,1,1
Z00062,P0050,1,3
Z00062,P0075,1,1
Z00062,P0092,1,2
Z00062,P0098,1,2
Z00062,P0099,1,5
Z00062,P0115,1,2
Z00062,P0139,1,1
Z00062,P0146,1,3
Z00062,P0150,1,1
Z00063,P0001,1,1
Z00063,P0002,1,1
Z00063,P0006,1,3
Z00063,P0009,1,2
Z00063,P0025,1,2
Z00063,P0027,1,3
Z00063,P0049,1,6
Z00063,P0050,1,4
Z00063,P0054,1,2
Z00063,P0071,1,3
Z00063,P0091,1,4
Z00063,P0093,1,4
Z00063,P0095,1,2
Z00063,P0099,1,5
Z00063,P0104,1,2
Z00063,P0110,1,4
Z00063,P0118,1,3
Z00063,P0129,1,1
Z00063,P0134,1,2
Z00063,P0137,1,1
Z00064,P0004,1,3
Z00064,P0006,1,2
Z00064,P0014,1,3
Z00064,P0015,1,1
Z00064,P0029,1,2
Z00064,P0052,1,4
Z00064,P0062,1,3
Z00064,P0066,1,2
Z00064,P0069,1,2
Z00064,P0070,1,2
Z00064,P0101,1,2
Z00064,P0111,1,2
Z00064,P0114,1,3
Z00064,P0142,1,2
Z00064,P0145,1,1
Z00064,P0146,1,4
Z00064,P0150,1,3
Z00065,P0004,1,4
Z00065,P0013,1,3
Z00065,P0017,1,1
Z00065,P0023,1,4
Z00065,P0064,1,7
Z00065,P0089,1,3
Z00065,P0094,1,1
Z00065,P0100,1,4
Z00065,P0103,1,3
Z00065,P0124,1,3
Z00065,P0131,1,4
Z00065,P0136,1,1
Z00066,P0007,1,2
Z00066,P0013,1,2
Z00066,P0029,1,2
Z00066,P0045,1,4
Z00066,P0055,1,1
Z00066,P0066,1,2
Z00066,P0069,1,2
Z00066,P0078,1,3
Z00066,P0093,1,1
Z00066,P0095,1,5
Z00066,P0103,1,3
Z00066,P0107,1,3
Z00067,P0002,1,1
Z00067,P0007,1,2
Z00067,P0009,1,2
Z00067,P0010,1,2
Z00067,P0025,1,3
Z00067,P0030,1,2
Z00067,P0032,1,1
Z00067,P0035,1,3
Z00067,P0063,1,2
Z00067,P0069,1,2
Z00067,P0071,1,3
Z00067,P0100,1,6
Z00067,P0113,1,4
Z00067,P0115,1,4
Z00067,P0141,1,2
Z00067,P0150,1,2
Z00068,P0005,1,2
Z00068,P0006,1,2
Z00068,P0013,1,4
Z00068,P0022,1,6
Z00068,P0030,1,1
Z00068,P0040,1,3
Z00068,P0054,1,4
Z00068,P0064,1,3
Z00068,P0071,1,1
Z00068,P0085,1,3
Z00068,P0090,1,1
Z00068,P0092,1,3
Z00068,P0102,1,2
Z00068,P0147,1,3
Z00069,P0009,1,3
Z00069,P0011,1,1
Z00069,P0022,1,8
Z00069,P0040,1,2
Z00069,P0052,1,2
Z00069,P0054,1,5
Z00069,P0057,1,2
Z00069,P0060,1,1
Z00069,P0061,1,3
Z00069,P0063,1,3
Z00069,P0070,1,1
Z00069,P0083,1,3
Z00069,P0093,1,4
Z00069,P0118,1,1
Z00069,P0124,1,3
Z00069,P0125,1,1
Z00069,P0130,1,3
Z00069,P0134,1,2
Z00069,P0149,1,4
Z00070,P0002,1,6
Z00070,P0004,1,4
Z00070,P0005,1,3
Z00070,P0007,1,3
Z00070,P0010,1,5
Z00070,P0013,1,3
Z00070,P0025,1,3
Z00070,P0044,1,2
Z00070,P0045,1,3
Z00070,P0046,1,2
Z00070,P0049,1,2
Z00070,P0085,1,6
Z00070,P0087,1,3
Z00070,P0090,1,1
Z00070,P0095,1,4
Z00070,P0097,1,2
Z00070,P0105,1,1
Z00070,P0106,1,1
Z00070,P0146,1,3
Z00070,P0147,1,3
Z00070,P0150,1,2
Z00071,P0002,1,3
Z00071,P0019,1,2
Z00071,P0029,1,4
Z00071,P0037,1,2
Z00071,P0039,1,2
Z00071,P0043,1,2
Z00071,P0045,1,6
Z00071,P0051,1,2
Z00071,P0070,1,2
Z00071,P0091,1,1
Z00071,P0098,1,2
Z00071,P0104,1,3
Z00071,P0109,1,3
Z00071,P0131,1,4
Z00071,P0135,1,1
Z00071,P0141,1,2
Z00071,P0146,1,2
Z00072,P0002,1,2
Z00072,P0034,1,1
Z00072,P0054,1,4
Z00072,P0060,1,5
Z00072,P0064,1,3
Z00072,P0085,1,2
Z00072,P0090,1,2
Z00072,P0092,1,4
Z00072,P0105,1,1
Z00072,P0107,1,3
Z00072,P0111,1,2
Z00072,P0118,1,1
Z00072,P0133,1,1
Z00072,P0135,1,2
Z00072,P0138,1,2
Z00072,P0142,1,1
Z00072,P0143,1,2
Z00073,P0017,1,2
Z00073,P0018,1,1
Z00073,P0025,1,1
Z00073,P0079,1,1
Z00073,P0113,1,1
Z00074,P0004,1,2
Z00074,P0013,1,3
Z00074,P0038,1,2
Z00074,P0050,1,1
Z00074,P0059,1,1
Z00074,P0067,1,2
Z00074,P0068,1,4
Z00074,P0073,1,1
Z00074,P0080,1,1
Z00074,P0104,1,3
Z00074,P0109,1,2
Z00074,P0112,1,2
Z00074,P0123,1,1
Z00074,P0124,1,3
Z00074,P0138,1,2
Z00074,P0147,1,1
Z00074,P0148,1,2
Z00075,P0003,1,1
Z00075,P0010,1,2
Z00075,P0022,1,4
Z00075,P0045,1,2
Z00075,P0048,1,2
Z00075,P0054,1,3
Z00075,P0064,1,5
Z00075,P0065,1,4
Z00075,P0068,1,1
Z00075,P0073,1,2
Z00075,P0080,1,4
Z00075,P0082,1,3
Z00075,P0099,1,4
Z00075,P0113,1,2
Z00075,P0134,1,3
Z00075,P0144,1,2
Z00075,P0149,1,3
Z00076,P0003,1,2
Z00076,P0005,1,3
Z00076,P0006,1,1
Z00076,P0018,1,2
Z00076,P0043,1,2
Z00076,P0049,1,1
Z00076,P0054,1,5
Z00076,P0085,1,3
Z00076,P0091,1,4
Z00076,P0094,1,1
Z00076,P0099,1,2
Z00076,P0104,1,1
Z00076,P0110,1,3
Z00076,P0111,1,2
Z00076,P0138,1,2
Z00076,P0149,1,2
Z00076,P0150,1,2
Z00077,P0005,1,5
Z00077,P0018,1,1
Z00077,P0020,1,1
Z00077,P0039,1,2
Z00077,P0041,1,1
Z00077,P0066,1,2
Z00077,P0076,1,2
Z00077,P0085,1,5
Z00077,P0092,1,1
Z00077,P0094,1,1
Z00077,P0099,1,1
Z00077,P0105,1,1
Z00077,P0143,1,4
Z00078,P0004,1,2
Z00078,P0007,1,6
Z00078,P0039,1,2
Z00078,P0064,1,2
Z00078,P0071,1,2
Z00078,P0075,1,2
Z00078,P0082,1,6
Z00078,P0085,1,1
Z00078,P0093,1,2
Z00078,P0095,1,2
Z00078,P0113,1,2
Z00078,P0119,1,1
Z00078,P0121,1,1
Z00078,P0125,1,1
Z00078,P0132,1,3
Z00078,P0135,1,3
Z00079,P0004,1,1
Z00079,P0022,1,6
Z00079,P0035,1,1
Z00079,P0054,1,3
Z00079,P0065,1,1
Z00079,P0073,1,1
Z00079,P0077,1,3
Z00079,P0089,1,3
Z00079,P0090,1,5
Z00079,P0093,1,1
Z00079,P0103,1,2
Z00079,P0115,1,5
Z00079,P0119,1,2
Z00079,P0127,1,2
Z00079,P0132,1,2
Z00079,P0135,1,1
Z00079,P0141,1,1
Z00080,P0024,1,1
Z00080,P0025,1,4
Z00080,P0040,1,1
Z00080,P0045,1,5
Z00080,P0050,1,2
Z00080,P0071,1,3
Z00080,P0099,1,3
Z00080,P0100,1,3
Z00080,P0103,1,4
Z00080,P0116,1,1
Z00080,P0132,1,2
Z00080,P0150,1,1
Z00081,P0006,1,3
Z00081,P0013,1,2
Z00081,P0019,1,3
Z00081,P0054,1,4
Z00081,P0074,1,1
Z00081,P0099,1,3
Z00081,P0105,1,4
Z00081,P0112,1,1
Z00081,P0127,1,1
Z00082,P0004,1,1
Z00082,P0024,1,1
Z00082,P0036,1,2
Z00082,P0050,1,3
Z00082,P0054,1,2
Z00082,P0056,1,1
Z00082,P0068,1,2
Z00082,P0077,1,4
Z00082,P0079,1,1
Z00082,P0093,1,4
Z00082,P0104,1,3
Z00082,P0110,1,2
Z00082,P0111,1,2
Z00082,P0115,1,2
Z00082,P0119,1,1
Z00082,P0129,1,5
Z00082,P0131,1,2
Z00082,P0139,1,1
Z00083,P0017,1,2
Z00083,P0023,1,2
Z00083,P0036,1,1
Z00083,P0045,1,8
Z00083,P0085,1,2
Z00083,P0086,1,2
Z00083,P0091,1,5
Z00083,P0093,1,3
Z00083,P0094,1,3
Z00083,P0095,1,4
Z00083,P0107,1,2
Z00083,P0108,1,2
Z00083,P0128,1,1
Z00083,P0135,1,3
Z00083,P0138,1,2
Z00084,P0004,1,6
Z00084,P0022,1,2
Z00084,P0032,1,2
Z00084,P0043,1,3
Z00084,P0046,1,2
Z00084,P0056,1,4
Z00084,P0077,1,3
Z00084,P0083,1,1
Z00084,P0086,1,3
Z00084,P0104,1,4
Z00084,P0112,1,4
Z00084,P0132,1,1
Z00084,P0134,1,2
Z00084,P0137,1,2
Z00084,P0145,1,2
Z00085,P0009,1,3
Z00085,P0013,1,1
Z00085,P0022,1,2
Z00085,P0054,1,5
Z00085,P0059,1,1
Z00085,P0064,1,1
Z00085,P0076,1,2
Z00085,P0106,1,3
Z00085,P0112,1,3
Z00085,P0113,1,3
Z00085,P0115,1,4
Z00085,P0135,1,2
Z00085,P0150,1,2
Z00086,P0017,1,2
Z00086,P0019,1,2
Z00086,P0033,1,1
Z00086,P0060,1,4
Z00086,P0064,1,1
Z00086,P0094,1,3
Z00086,P0138,1,3
Z00087,P0009,1,2
Z00087,P0014,1,1
Z00087,P0015,1,3
Z00087,P0022,1,2
Z00087,P0024,1,2
Z00087,P0029,1,3
Z00087,P0035,1,1
Z00087,P0037,1,1
Z00087,P0058,1,1
Z00087,P0085,1,4
Z00087,P0099,1,3
Z00087,P0131,1,8
Z00087,P0132,1,1
Z00087,P0142,1,2
Z00087,P0145,1,2
Z00087,P0147,1,5
Z00088,P0002,1,1
Z00088,P0009,1,3
Z00088,P0012,1,1
Z00088,P0027,1,2
Z00088,P0059,1,3
Z00088,P0077,1,3
Z00088,P0089,1,3
Z00088,P0101,1,3
Z00088,P0104,1,4
Z00088,P0110,1,1
Z00088,P0112,1,3
Z00088,P0113,1,2
Z00088,P0118,1,4
Z00088,P0130,1,3
Z00088,P0135,1,3
Z00089,P0022,1,1
Z00089,P0023,1,2
Z00089,P0024,1,1
Z00089,P0032,1,1
Z00089,P0039,1,1
Z00089,P0060,1,3
Z00089,P0063,1,3
Z00089,P0068,1,2
Z00089,P0092,1,4
Z00089,P0095,1,2
Z00089,P0113,1,2
Z00089,P0117,1,2
Z00089,P0147,1,3
Z00089,P0150,1,2
Z00090,P0010,1,3
Z00090,P0013,1,6
Z00090,P0020,1,2
Z00090,P0025,1,2
Z00090,P0047,1,5
Z00090,P0073,1,2
Z00090,P0091,1,3
Z00090,P0114,1,2
Z00090,P0132,1,1
Z00090,P0134,1,2
Z00090,P0138,1,4
Z00091,P0011,1,3
Z00091,P0015,1,2
Z00091,P0029,1,2
Z00091,P0032,1,2
Z00091,P0045,1,2
Z00091,P0054,1,4
Z00091,P0064,1,3
Z00091,P0067,1,1
Z00091,P0068,1,1
Z00091,P0085,1,2
Z00091,P0102,1,1
Z00091,P0128,1,2
Z00092,P0005,1,3
Z00092,P0007,1,3
Z00092,P0019,1,1
Z00092,P0021,1,2
Z00092,P0053,1,2
Z00092,P0065,1,1
Z00092,P0076,1,2
Z00092,P0088,1,3
Z00092,P0089,1,4
Z00092,P0091,1,3
Z00092,P0093,1,4
Z00092,P0100,1,4
Z00092,P0102,1,1
Z00092,P0110,1,5
Z00092,P0112,1,2
Z00092,P0129,1,2
Z00093,P0005,1,2
Z00093,P0010,1,2
Z00093,P0020,1,1
Z00093,P0040,1,3
Z00093,P0054,1,3
Z00093,P0058,1,1
Z00093,P0073,1,3
Z00093,P0077,1,1
Z00093,P0100,1,2
Z00093,P0105,1,2
Z00093,P0116,1,1
Z00093,P0123,1,1
Z00093,P0130,1,3
Z00093,P0132,1,4
Z00093,P0133,1,2
Z00093,P0147,1,3
Z00094,P0004,1,2
Z00094,P0011,1,1
Z00094,P0016,1,2
Z00094,P0017,1,2
Z00094,P0020,1,3
Z00094,P0025,1,3
Z00094,P0040,1,3
Z00094,P0063,1,1
Z00094,P0076,1,3
Z00094,P0087,1,2
Z00094,P0091,1,5
Z00094,P0093,1,3
Z00094,P0120,1,1
Z00094,P0134,1,1
Z00094,P0139,1,2
Z00094,P0150,1,1
Z00095,P0005,1,1
Z00095,P0019,1,1
Z00095,P0039,1,2
Z00095,P0040,1,2
Z00095,P0060,1,3
Z00095,P0068,1,5
Z00095,P0076,1,1
Z00095,P0077,1,4
Z00095,P0085,1,2
Z00095,P0092,1,1
Z00095,P0093,1,3
Z00095,P0121,1,1
Z00095,P0123,1,1
Z00095,P0132,1,3
Z00095,P0146,1,1
Z00095,P0147,1,4
Z00096,P0004,1,2
Z00096,P0007,1,4
Z00096,P0018,1,2
Z00096,P0020,1,1
Z00096,P0060,1,4
Z00096,P0064,1,3
Z00096,P0065,1,4
Z00096,P0068,1,2
Z00096,P0077,1,6
Z00096,P0089,1,1
Z00096,P0095,1,3
Z00096,P0104,1,5
Z00096,P0108,1,2
Z00096,P0113,1,4
Z00096,P0117,1,2
Z00096,P0129,1,3
Z00096,P0133,1,1
Z00096,P0145,1,2
Z00096,P0147,1,2
Z00097,P0003,1,1
Z00097,P0009,1,3
Z00097,P0022,1,3
Z00097,P0023,1,4
Z00097,P0025,1,3
Z00097,P0029,1,2
Z00097,P0032,1,1
Z00097,P0041,1,2
Z00097,P0075,1,1
Z00097,P0077,1,1
Z00097,P0088,1,4
Z00097,P0113,1,2
Z00097,P0115,1,2
Z00097,P0118,1,1
Z00097,P0134,1,3
Z00097,P0139,1,1
Z00097,P0147,1,3
Z00098,P0022,1,3
Z00098,P0025,1,2
Z00098,P0038,1,1
Z00098,P0049,1,1
Z00098,P0063,1,2
Z00098,P0093,1,1
Z00098,P0099,1,6
Z00098,P0101,1,2
Z00098,P0109,1,1
Z00098,P0118,1,1
Z00098,P0138,1,1
Z00099,P0004,1,5
Z00099,P0006,1,3
Z00099,P0032,1,1
Z00099,P0049,1,1
Z00099,P0071,1,3
Z00099,P0099,1,4
Z00099,P0113,1,1
Z00099,P0122,1,1
Z00099,P0130,1,2
Z00099,P0135,1,2
Z00100,P0009,1,4
Z00100,P0020,1,1
Z00100,P0025,1,3
Z00100,P0060,1,1
Z00100,P0065,1,3
Z00100,P0069,1,2
Z00100,P0079,1,1
Z00100,P0084,1,3
Z00100,P0086,1,2
Z00100,P0089,1,1
Z00100,P0092,1,2
Z00100,P0097,1,2
Z00100,P0098,1,1
Z00100,P0110,1,1
Z00100,P0115,1,5
Z00100,P0129,1,2
Z00100,P0147,1,1
Z00101,P0002,1,4
Z00101,P0004,1,4
Z00101,P0010,1,2
Z00101,P0013,1,7
Z00101,P0025,1,1
Z00101,P0032,1,2
Z00101,P0038,1,2
Z00101,P0040,1,3
Z00101,P0043,1,3
Z00101,P0044,1,2
Z00101,P0049,1,2
Z00101,P0050,1,3
Z00101,P0052,1,2
Z00101,P0054,1,5
Z00101,P0063,1,4
Z00101,P0078,1,2
Z00101,P0095,1,4
Z00101,P0097,1,2
Z00101,P0099,1,3
Z00101,P0101,1,3
Z00101,P0104,1,3
Z00101,P0105,1,2
Z00101,P0108,1,1
Z00101,P0111,1,2
Z00101,P0119,1,1
Z00101,P0125,1,2
Z00101,P0138,1,2
Z00101,P0143,1,2
Z00101,P0144,1,1
Z00101,P0146,1,2
Z00102,P0002,1,3
Z00102,P0006,1,2
Z00102,P0010,1,6
Z00102,P0011,1,3
Z00102,P0022,1,1
Z00102,P0042,1,2
Z00102,P0050,1,1
Z00102,P0054,1,5
Z00102,P0073,1,2
Z00102,P0093,1,2
Z00102,P0103,1,4
Z00102,P0115,1,5
Z00102,P0145,1,3
Z00103,P0016,1,2
Z00103,P0017,1,1
Z00103,P0022,1,3
Z00103,P0052,1,3
Z00103,P0070,1,1
Z00103,P0079,1,1
Z00103,P0083,1,1
Z00103,P0086,1,5
Z00103,P0094,1,3
Z00103,P0095,1,1
Z00103,P0108,1,3
Z00103,P0118,1,1
Z00103,P0148,1,2
Z00103,P0149,1,2
Z00104,P0002,1,2
Z00104,P0005,1,5
Z00104,P0018,1,3
Z00104,P0035,1,1
Z00104,P0045,1,4
Z00104,P0047,1,2
Z00104,P0052,1,1
Z00104,P0054,1,6
Z00104,P0067,1,1
Z00104,P0078,1,3
Z00104,P0089,1,3
Z00104,P0110,1,4
Z00104,P0115,1,4
Z00104,P0134,1,2
Z00104,P0135,1,2
Z00104,P0139,1,1
Z00104,P0142,1,2
Z00104,P0149,1,3
Z00105,P0006,1,2
Z00105,P0016,1,1
Z00105,P0029,1,3
Z00105,P0042,1,1
Z00105,P0045,1,4
Z00105,P0051,1,4
Z00105,P0052,1,3
Z00105,P0065,1,3
Z00105,P0080,1,2
Z00105,P0095,1,2
Z00105,P0110,1,2
Z00105,P0131,1,1
Z00105,P0134,1,1
Z00105,P0146,1,1
Z00106,P0005,1,6
Z00106,P0007,1,3
Z00106,P0009,1,3
Z00106,P0010,1,2
Z00106,P0015,1,1
Z00106,P0038,1,2
Z00106,P0044,1,1
Z00106,P0060,1,4
Z00106,P0071,1,1
Z00106,P0085,1,6
Z00106,P0091,1,2
Z00106,P0101,1,1
Z00106,P0104,1,5
Z00107,P0018,1,2
Z00107,P0030,1,2
Z00107,P0038,1,1
Z00107,P0039,1,1
Z00107,P0051,1,2
Z00107,P0079,1,2
Z00107,P0085,1,2
Z00107,P0123,1,2
Z00107,P0124,1,3
Z00107,P0138,1,3
Z00107,P0146,1,3
Z00107,P0149,1,4
Z00108,P0013,1,3
Z00108,P0022,1,7
Z00108,P0027,1,1
Z00108,P0031,1,1
Z00108,P0037,1,2
Z00108,P0043,1,2
Z00108,P0046,1,1
Z00108,P0050,1,3
Z00108,P0054,1,2
Z00108,P0058,1,2
Z00108,P0068,1,1
Z00108,P0094,1,1
Z00108,P0108,1,2
Z00108,P0111,1,1
Z00108,P0134,1,4
Z00108,P0150,1,4
Z00109,P0002,1,1
Z00109,P0005,1,2
Z00109,P0017,1,2
Z00109,P0018,1,6
Z00109,P0027,1,3
Z00109,P0034,1,1
Z00109,P0050,1,3
Z00109,P0054,1,2
Z00109,P0064,1,2
Z00109,P0086,1,4
Z00109,P0089,1,2
Z00109,P0096,1,2
Z00109,P0104,1,5
Z00109,P0112,1,1
Z00109,P0115,1,5
Z00109,P0127,1,1
Z00109,P0137,1,2
Z00109,P0138,1,1
Z00109,P0142,1,2
Z00109,P0146,1,5
Z00109,P0149,1,5
Z00110,P0002,1,1
Z00110,P0005,1,2
Z00110,P0016,1,2
Z00110,P0030,1,4
Z00110,P0050,1,3
Z00110,P0064,1,4
Z00110,P0069,1,2
Z00110,P0075,1,2
Z00110,P0076,1,2
Z00110,P0085,1,4
Z00110,P0095,1,5
Z00110,P0104,1,2
Z00110,P0120,1,1
Z00110,P0127,1,1
Z00110,P0139,1,4
Z00110,P0142,1,3
Z00110,P0147,1,1
Z00111,P0005,1,2
Z00111,P0007,1,5
Z00111,P0022,1,6
Z00111,P0028,1,2
Z00111,P0029,1,4
Z00111,P0039,1,1
Z00111,P0045,1,6
Z00111,P0051,1,1
Z00111,P0054,1,5
Z00111,P0074,1,4
Z00111,P0098,1,3
Z00111,P0115,1,1
Z00111,P0130,1,1
Z00111,P0134,1,3
Z00112,P0006,1,1
Z00112,P0030,1,4
Z00112,P0040,1,2
Z00112,P0046,1,1
Z00112,P0052,1,4
Z00112,P0059,1,3
Z00112,P0068,1,1
Z00112,P0069,1,3
Z00112,P0071,1,3
Z00112,P0085,1,7
Z00112,P0096,1,4
Z00112,P0111,1,3
Z00112,P0124,1,2
Z00112,P0125,1,1
Z00112,P0141,1,2
Z00112,P0145,1,1
Z00113,P0006,1,3
Z00113,P0014,1,1
Z00113,P0018,1,1
Z00113,P0026,1,1
Z00113,P0040,1,3
Z00113,P0041,1,1
Z00113,P0071,1,3
Z00113,P0120,1,1
Z00113,P0131,1,2
Z00113,P0132,1,3
Z00113,P0134,1,7
Z00114,P0013,1,3
Z00114,P0019,1,1
Z00114,P0025,1,2
Z00114,P0035,1,3
Z00114,P0045,1,5
Z00114,P0050,1,3
Z00114,P0054,1,5
Z00114,P0057,1,1
Z00114,P0083,1,1
Z00114,P0118,1,2
Z00114,P0122,1,1
Z00115,P0004,1,4
Z00115,P0011,1,2
Z00115,P0013,1,1
Z00115,P0025,1,3
Z00115,P0029,1,4
Z00115,P0049,1,2
Z00115,P0054,1,5
Z00115,P0085,1,2
Z00115,P0098,1,1
Z00115,P0101,1,1
Z00115,P0105,1,4
Z00115,P0108,1,5
Z00115,P0130,1,2
Z00115,P0143,1,2
Z00115,P0150,1,3
Z00116,P0007,1,2
Z00116,P0011,1,1
Z00116,P0015,1,2
Z00116,P0018,1,1
Z00116,P0059,1,1
Z00116,P0071,1,2
Z00116,P0076,1,4
Z00116,P0095,1,1
Z00116,P0112,1,1
Z00116,P0123,1,1
Z00116,P0134,1,2
Z00116,P0137,1,2
Z00116,P0147,1,2
Z00117,P0014,1,1
Z00117,P0020,1,3
Z00117,P0024,1,1
Z00117,P0028,1,2
Z00117,P0045,1,3
Z00117,P0050,1,1
Z00117,P0051,1,1
Z00117,P0091,1,2
Z00117,P0092,1,1
Z00117,P0093,1,3
Z00117,P0131,1,2
Z00117,P0145,1,1
Z00118,P0011,1,1
Z00118,P0013,1,3
Z00118,P0044,1,4
Z00118,P0073,1,1
Z00119,P0003,1,1
Z00119,P0006,1,5
Z00119,P0011,1,1
Z00119,P0014,1,2
Z00119,P0015,1,1
Z00119,P0033,1,3
Z00119,P0043,1,1
Z00119,P0045,1,5
Z00119,P0071,1,1
Z00119,P0089,1,3
Z00119,P0097,1,1
Z00119,P0115,1,3
Z00120,P0006,1,3
Z00120,P0018,1,1
Z00120,P0022,1,3
Z00120,P0040,1,1
Z00120,P0042,1,2
Z00120,P0043,1,3
Z00120,P0045,1,4
Z00120,P0065,1,3
Z00120,P0080,1,2
Z00120,P0097,1,3
Z00120,P0115,1,4
Z00120,P0118,1,2
Z00120,P0134,1,5
Z00120,P0138,1,4
Z00120,P0146,1,5
Z00120,P0147,1,2
Z00120,P0150,1,3
Z00121,P0006,1,4
Z00121,P0011,1,5
Z00121,P0023,1,1
Z00121,P0026,1,1
Z00121,P0033,1,2
Z00121,P0045,1,4
Z00121,P0071,1,2
Z00121,P0078,1,2
Z00121,P0101,1,4
Z00121,P0114,1,1
Z00121,P0115,1,3
Z00121,P0116,1,1
Z00122,P0006,1,1
Z00122,P0013,1,5
Z00122,P0016,1,4
Z00122,P0023,1,1
Z00122,P0066,1,2
Z00122,P0078,1,2
Z00122,P0085,1,2
Z00122,P0095,1,5
Z00122,P0117,1,1
Z00122,P0122,1,3
Z00122,P0147,1,2
Z00122,P0148,1,3
Z00123,P0008,1,1
Z00123,P0010,1,3
Z00123,P0045,1,4
Z00123,P0054,1,5
Z00123,P0056,1,1
Z00123,P0062,1,2
Z00123,P0071,1,2
Z00123,P0086,1,2
Z00123,P0110,1,2
Z00123,P0113,1,4
Z00123,P0115,1,4
Z00123,P0117,1,1
Z00123,P0123,1,1
Z00123,P0130,1,1
Z00123,P0141,1,5
Z00123,P0142,1,2
Z00123,P0149,1,1
Z00124,P0001,1,1
Z00124,P0003,1,1
Z00124,P0032,1,1
Z00124,P0040,1,3
Z00124,P0041,1,2
Z00124,P0042,1,4
Z00124,P0054,1,5
Z00124,P0057,1,1
Z00124,P0063,1,1
Z00124,P0071,1,2
Z00124,P0073,1,2
Z00124,P0078,1,2
Z00124,P0082,1,1
Z00124,P0083,1,2
Z00124,P0092,1,4
Z00124,P0094,1,1
Z00124,P0095,1,6
Z00124,P0104,1,2
Z00124,P0118,1,1
Z00124,P0119,1,1
Z00124,P0121,1,1
Z00124,P0126,1,4
Z00124,P0147,1,3
Z00124,P0149,1,1
Z00125,P0013,1,2
Z00125,P0039,1,4
Z00125,P0040,1,3
Z00125,P0045,1,4
Z00125,P0051,1,2
Z00125,P0060,1,4
Z00125,P0068,1,2
Z00125,P0071,1,3
Z00125,P0082,1,2
Z00125,P0091,1,2
Z00125,P0094,1,1
Z00125,P0095,1,3
Z00125,P0104,1,4
Z00125,P0108,1,2
Z00125,P0115,1,2
Z00125,P0133,1,3
Z00125,P0134,1,5
Z00125,P0139,1,1
Z00125,P0149,1,2
Z00126,P0010,1,2
Z00126,P0011,1,1
Z00126,P0013,1,2
Z00126,P0024,1,1
Z00126,P0040,1,1
Z00126,P0045,1,4
Z00126,P0048,1,1
Z00126,P0054,1,4
Z00126,P0063,1,2
Z00126,P0064,1,2
Z00126,P0071,1,4
Z00126,P0094,1,4
Z00126,P0142,1,3
Z00127,P0010,1,1
Z00127,P0013,1,1
Z00127,P0023,1,2
Z00127,P0027,1,2
Z00127,P0039,1,3
Z00127,P0042,1,1
Z00127,P0045,1,3
Z00127,P0068,1,1
Z00127,P0076,1,1
Z00127,P0086,1,3
Z00127,P0090,1,3
Z00127,P0091,1,2
Z00127,P0094,1,2
Z00127,P0109,1,1
Z00127,P0111,1,2
Z00127,P0117,1,1
Z00127,P0134,1,5
Z00127,P0144,1,1
Z00127,P0148,1,4
Z00128,P0005,1,3
Z00128,P0006,1,3
Z00128,P0016,1,1
Z00128,P0018,1,1
Z00128,P0022,1,2
Z00128,P0050,1,2
Z00128,P0062,1,3
Z00128,P0063,1,6
Z00128,P0073,1,3
Z00128,P0076,1,2
Z00128,P0093,1,5
Z00128,P0110,1,4
Z00128,P0111,1,2
Z00128,P0134,1,3
Z00128,P0135,1,2
Z00128,P0143,1,2
Z00128,P0147,1,2
Z00129,P0025,1,1
Z00129,P0030,1,4
Z00129,P0054,1,5
Z00129,P0059,1,1
Z00129,P0091,1,4
Z00129,P0100,1,2
Z00129,P0107,1,1
Z00129,P0113,1,2
Z00129,P0126,1,1
Z00129,P0146,1,1
Z00129,P0150,1,2
Z00130,P0005,1,5
Z00130,P0010,1,2
Z00130,P0017,1,3
Z00130,P0045,1,2
Z00130,P0056,1,3
Z00130,P0099,1,4
Z00130,P0104,1,3
Z00130,P0105,1,1
Z00130,P0112,1,2
Z00130,P0115,1,2
Z00130,P0125,1,3
Z00130,P0139,1,2
Z00130,P0147,1,4
Z00131,P0022,1,2
Z00131,P0044,1,1
Z00131,P0076,1,2
Z00131,P0078,1,1
Z00131,P0106,1,1
Z00132,P0002,1,6
Z00132,P0006,1,2
Z00132,P0010,1,1
Z00132,P0013,1,4
Z00132,P0019,1,2
Z00132,P0020,1,2
Z00132,P0022,1,2
Z00132,P0030,1,6
Z00132,P0040,1,6
Z00132,P0054,1,4
Z00132,P0056,1,2
Z00132,P0064,1,3
Z00132,P0065,1,1
Z00132,P0076,1,3
Z00132,P0086,1,2
Z00132,P0093,1,2
Z00132,P0099,1,3
Z00132,P0100,1,5
Z00132,P0101,1,1
Z00132,P0103,1,3
Z00132,P0104,1,3
Z00132,P0115,1,4
Z00132,P0129,1,2
Z00132,P0131,1,4
Z00132,P0132,1,4
Z00132,P0135,1,2
Z00133,P0004,1,5
Z00133,P0013,1,1
Z00133,P0016,1,1
Z00133,P0025,1,3
Z00133,P0049,1,1
Z00133,P0070,1,2
Z00133,P0082,1,2
Z00133,P0086,1,3
Z00133,P0093,1,4
Z00133,P0098,1,2
Z00133,P0100,1,3
Z00133,P0118,1,5
Z00133,P0127,1,1
Z00133,P0143,1,2
Z00133,P0144,1,3
Z00133,P0150,1,2
Z00134,P0005,1,3
Z00134,P0045,1,4
Z00134,P0111,1,3
Z00134,P0122,1,2
Z00134,P0130,1,1
Z00134,P0134,1,2
Z00135,P0002,1,3
Z00135,P0029,1,1
Z00135,P0063,1,5
Z00135,P0064,1,1
Z00135,P0084,1,1
Z00135,P0085,1,4
Z00135,P0092,1,2
Z00135,P0108,1,3
Z00135,P0118,1,2
Z00135,P0130,1,3
Z00135,P0142,1,1
Z00135,P0143,1,2
Z00136,P0003,1,4
Z00136,P0005,1,5
Z00136,P0022,1,1
Z00136,P0030,1,4
Z00136,P0035,1,2
Z00136,P0052,1,4
Z00136,P0131,1,2
Z00136,P0132,1,1
Z00137,P0029,1,2
Z00137,P0037,1,1
Z00137,P0054,1,1
Z00137,P0068,1,2
Z00137,P0071,1,2
Z00137,P0073,1,2
Z00137,P0085,1,2
Z00137,P0093,1,5
Z00137,P0105,1,3
Z00137,P0125,1,3
Z00137,P0130,1,2
Z00137,P0146,1,3
Z00138,P0008,1,1
Z00138,P0035,1,3
Z00138,P0038,1,2
Z00138,P0050,1,2
Z00138,P0054,1,6
Z00138,P0077,1,3
Z00138,P0098,1,1
Z00138,P0101,1,1
Z00138,P0124,1,1
Z00138,P0134,1,2
Z00138,P0144,1,2
Z00139,P0006,1,2
Z00139,P0013,1,2
Z00139,P0027,1,2
Z00139,P0050,1,1
Z00139,P0052,1,2
Z00139,P0062,1,2
Z00139,P0065,1,2
Z00139,P0066,1,1
Z00139,P0073,1,2
Z00139,P0080,1,2
Z00139,P0082,1,3
Z00139,P0086,1,2
Z00139,P0100,1,1
Z00139,P0101,1,1
Z00139,P0113,1,2
Z00139,P0114,1,1
Z00139,P0115,1,2
Z00139,P0124,1,3
Z00139,P0131,1,2
Z00139,P0146,1,2
Z00139,P0147,1,4
Z00140,P0009,1,5
Z00140,P0013,1,3
Z00140,P0015,1,2
Z00140,P0024,1,1
Z00140,P0030,1,3
Z00140,P0045,1,4
Z00140,P0052,1,2
Z00140,P0054,1,4
Z00140,P0056,1,1
Z00140,P0057,1,2
Z00140,P0065,1,2
Z00140,P0077,1,2
Z00140,P0091,1,1
Z00140,P0100,1,2
Z00140,P0101,1,2
Z00140,P0113,1,1
Z00140,P0118,1,3
Z00140,P0133,1,3
Z00140,P0134,1,3
Z00140,P0143,1,3
Z00140,P0148,1,1
Z00140,P0149,1,1
Z00141,P0015,1,1
Z00141,P0017,1,3
Z00141,P0025,1,2
Z00141,P0045,1,4
Z00141,P0054,1,4
Z00141,P0078,1,5
Z00141,P0085,1,3
Z00141,P0090,1,3
Z00141,P0120,1,2
Z00141,P0126,1,2
Z00141,P0134,1,3
Z00141,P0137,1,2
Z00141,P0147,1,1
Z00142,P0003,1,1
Z00142,P0011,1,4
Z00142,P0013,1,2
Z00142,P0019,1,2
Z00142,P0054,1,5
Z00142,P0060,1,2
Z00142,P0063,1,4
Z00142,P0072,1,1
Z00142,P0078,1,3
Z00142,P0080,1,1
Z00142,P0082,1,1
Z00142,P0083,1,1
Z00142,P0090,1,3
Z00142,P0091,1,3
Z00142,P0092,1,1
Z00142,P0095,1,2
Z00142,P0104,1,2
Z00142,P0107,1,3
Z00142,P0119,1,3
Z00142,P0129,1,3
Z00142,P0139,1,2
Z00142,P0147,1,4
Z00142,P0148,1,2
Z00143,P0002,1,4
Z00143,P0044,1,2
Z00143,P0050,1,1
Z00143,P0054,1,3
Z00143,P0077,1,1
Z00143,P0092,1,4
Z00143,P0099,1,3
Z00143,P0113,1,3
Z00143,P0120,1,2
Z00143,P0142,1,1
Z00144,P0006,1,3
Z00144,P0016,1,1
Z00144,P0050,1,2
Z00144,P0060,1,4
Z00144,P0073,1,1
Z00144,P0134,1,2
Z00145,P0006,1,3
Z00145,P0017,1,3
Z00145,P0030,1,3
Z00145,P0042,1,1
Z00145,P0060,1,3
Z00145,P0066,1,2
Z00145,P0085,1,4
Z00145,P0087,1,1
Z00145,P0099,1,4
Z00145,P0101,1,1
Z00145,P0113,1,2
Z00145,P0114,1,1
Z00145,P0119,1,3
Z00145,P0139,1,4
Z00145,P0148,1,3
Z00146,P0019,1,4
Z00146,P0029,1,4
Z00146,P0030,1,3
Z00146,P0054,1,7
Z00146,P0076,1,2
Z00146,P0091,1,1
Z00146,P0093,1,4
Z00146,P0097,1,2
Z00146,P0099,1,4
Z00146,P0100,1,3
Z00146,P0111,1,2
Z00146,P0148,1,3
Z00146,P0149,1,1
Z00147,P0025,1,3
Z00147,P0035,1,1
Z00147,P0038,1,1
Z00147,P0060,1,5
Z00147,P0071,1,4
Z00147,P0080,1,1
Z00147,P0085,1,4
Z00147,P0091,1,2
Z00147,P0107,1,1
Z00147,P0118,1,1
Z00147,P0127,1,2
Z00147,P0138,1,3
Z00148,P0002,1,2
Z00148,P0018,1,3
Z00148,P0049,1,2
Z00148,P0050,1,4
Z00148,P0058,1,2
Z00148,P0067,1,2
Z00148,P0073,1,3
Z00148,P0087,1,5
Z00148,P0103,1,1
Z00148,P0119,1,2
Z00148,P0131,1,3
Z00148,P0137,1,3
Z00148,P0143,1,2
Z00149,P0013,1,2
Z00149,P0023,1,2
Z00149,P0025,1,3
Z00149,P0054,1,2
Z00149,P0058,1,3
Z00149,P0063,1,1
Z00149,P0095,1,2
Z00149,P0098,1,1
Z00149,P0131,1,2
Z00149,P0139,1,2
Z00149,P0146,1,1
Z00150,P0030,1,2
Z00150,P0050,1,1
Z00150,P0052,1,2
Z00150,P0058,1,1
Z00150,P0070,1,1
Z00150,P0072,1,1
Z00150,P0077,1,2
Z00150,P0095,1,4
Z00150,P0103,1,3
Z00150,P0123,1,2
Z00150,P0129,1,3
Z00151,P0010,1,4
Z00151,P0013,1,3
Z00151,P0029,1,1
Z00151,P0050,1,3
Z00151,P0068,1,1
Z00151,P0106,1,1
Z00152,P0029,1,2
Z00152,P0071,1,5
Z00152,P0077,1,2
Z00152,P0121,1,1
Z00152,P0147,1,4
Z00152,P0150,1,2
Z00153,P0003,1,3
Z00153,P0010,1,3
Z00153,P0035,1,1
Z00153,P0060,1,2
Z00153,P0076,1,1
Z00153,P0078,1,3
Z00153,P0089,1,4
Z00153,P0103,1,2
Z00153,P0106,1,3
Z00153,P0116,1,1
Z00153,P0130,1,2
Z00153,P0133,1,3
Z00154,P0007,1,2
Z00154,P0013,1,2
Z00154,P0016,1,2
Z00154,P0018,1,5
Z00154,P0024,1,1
Z00154,P0035,1,1
Z00154,P0039,1,3
Z00154,P0068,1,2
Z00154,P0073,1,2
Z00154,P0075,1,2
Z00154,P0087,1,2
Z00154,P0089,1,3
Z00154,P0092,1,1
Z00154,P0093,1,2
Z00154,P0106,1,1
Z00154,P0108,1,2
Z00154,P0109,1,3
Z00154,P0114,1,4
Z00154,P0124,1,2
Z00154,P0125,1,1
Z00154,P0127,1,2
Z00154,P0130,1,2
Z00154,P0133,1,4
Z00154,P0136,1,1
Z00154,P0142,1,1
Z00154,P0143,1,3
Z00155,P0005,1,1
Z00155,P0013,1,2
Z00155,P0015,1,1
Z00155,P0028,1,3
Z00155,P0060,1,1
Z00155,P0061,1,2
Z00155,P0063,1,6
Z00155,P0066,1,2
Z00155,P0067,1,1
Z00155,P0073,1,3
Z00155,P0087,1,2
Z00155,P0088,1,3
Z00155,P0097,1,2
Z00155,P0098,1,3
Z00155,P0100,1,5
Z00155,P0105,1,2
Z00155,P0125,1,1
Z00155,P0126,1,1
Z00155,P0131,1,3
Z00155,P0134,1,5
Z00155,P0136,1,2
Z00156,P0002,1,2
Z00156,P0005,1,3
Z00156,P0006,1,2
Z00156,P0012,1,1
Z00156,P0013,1,1
Z00156,P0016,1,3
Z00156,P0023,1,1
Z00156,P0028,1,1
Z00156,P0044,1,2
Z00156,P0047,1,3
Z00156,P0050,1,2
Z00156,P0051,1,2
Z00156,P0082,1,1
Z00156,P0085,1,4
Z00156,P0090,1,3
Z00156,P0101,1,2
Z00156,P0103,1,1
Z00156,P0111,1,3
Z00156,P0117,1,1
Z00156,P0132,1,2
Z00156,P0147,1,1
Z00157,P0007,1,1
Z00157,P0010,1,3
Z00157,P0015,1,3
Z00157,P0018,1,4
Z00157,P0022,1,2
Z00157,P0029,1,4
Z00157,P0051,1,2
Z00157,P0052,1,1
Z00157,P0058,1,1
Z00157,P0064,1,4
Z00157,P0065,1,2
Z00157,P0103,1,2
Z00157,P0113,1,4
Z00157,P0115,1,2
Z00157,P0148,1,1
Z00158,P0002,1,3
Z00158,P0018,1,2
Z00158,P0024,1,1
Z00158,P0028,1,2
Z00158,P0029,1,2
Z00158,P0030,1,3
Z00158,P0035,1,2
Z00158,P0039,1,5
Z00158,P0040,1,4
Z00158,P0044,1,1
Z00158,P0045,1,6
Z00158,P0052,1,2
Z00158,P0056,1,1
Z00158,P0061,1,4
Z00158,P0064,1,4
Z00158,P0067,1,1
Z00158,P0078,1,1
Z00158,P0085,1,5
Z00158,P0086,1,2
Z00158,P0093,1,2
Z00158,P0095,1,1
Z00158,P0099,1,2
Z00158,P0111,1,1
Z00158,P0125,1,1
Z00158,P0134,1,3
Z00158,P0135,1,1
Z00159,P0012,1,2
Z00159,P0029,1,3
Z00159,P0030,1,1
Z00159,P0045,1,4
Z00159,P0064,1,2
Z00159,P0074,1,2
Z00159,P0077,1,3
Z00159,P0113,1,2
Z00159,P0147,1,6
Z00160,P0015,1,1
Z00160,P0018,1,5
Z00160,P0019,1,2
Z00160,P0024,1,1
Z00160,P0037,1,2
Z00160,P0050,1,2
Z00160,P0051,1,2
Z00160,P0052,1,2
Z00160,P0054,1,3
Z00160,P0063,1,2
Z00160,P0076,1,4
Z00160,P0083,1,1
Z00160,P0090,1,1
Z00160,P0091,1,2
Z00160,P0093,1,5
Z00160,P0111,1,4
Z00160,P0145,1,2
Z00160,P0148,1,3
Z00161,P0068,1,4
Z00161,P0077,1,1
Z00161,P0101,1,3
Z00161,P0103,1,2
Z00161,P0131,1,4
Z00161,P0136,1,2
Z00162,P0004,1,2
Z00162,P0017,1,1
Z00162,P0025,1,2
Z00162,P0030,1,5
Z00162,P0044,1,1
Z00162,P0050,1,4
Z00162,P0056,1,2
Z00162,P0066,1,3
Z00162,P0068,1,2
Z00162,P0080,1,1
Z00162,P0085,1,1
Z00162,P0086,1,1
Z00162,P0111,1,2
Z00162,P0133,1,2
Z00162,P0143,1,1
Z00162,P0147,1,2
Z00162,P0150,1,2
Z00163,P0002,1,5
Z00163,P0004,1,4
Z00163,P0011,1,2
Z00163,P0030,1,1
Z00163,P0059,1,1
Z00163,P0060,1,3
Z00163,P0064,1,5
Z00163,P0078,1,2
Z00163,P0092,1,5
Z00163,P0132,1,1
Z00163,P0141,1,1
Z00163,P0146,1,3
Z00163,P0148,1,3
Z00163,P0150,1,1
Z00164,P0012,1,2
Z00164,P0023,1,3
Z00164,P0024,1,2
Z00164,P0029,1,1
Z00164,P0060,1,2
Z00164,P0062,1,1
Z00164,P0075,1,3
Z00164,P0086,1,1
Z00164,P0087,1,1
Z00164,P0104,1,4
Z00164,P0108,1,1
Z00164,P0117,1,1
Z00164,P0125,1,2
Z00164,P0133,1,1
Z00164,P0138,1,2
Z00164,P0146,1,3
Z00165,P0004,1,1
Z00165,P0011,1,2
Z00165,P0014,1,1
Z00165,P0019,1,1
Z00165,P0030,1,2
Z00165,P0044,1,4
Z00165,P0047,1,2
Z00165,P0062,1,1
Z00165,P0075,1,3
Z00165,P0090,1,1
Z00165,P0095,1,5
Z00165,P0100,1,3
Z00165,P0109,1,4
Z00165,P0111,1,4
Z00165,P0117,1,1
Z00165,P0132,1,3
Z00166,P0006,1,4
Z00166,P0022,1,1
Z00166,P0040,1,3
Z00166,P0045,1,4
Z00166,P0052,1,4
Z00166,P0076,1,1
Z00166,P0080,1,2
Z00166,P0112,1,3
Z00167,P0006,1,4
Z00167,P0013,1,4
Z00167,P0037,1,4
Z00167,P0060,1,3
Z00167,P0103,1,2
Z00167,P0111,1,2
Z00167,P0118,1,2
Z00167,P0142,1,2
Z00167,P0150,1,3
Z00168,P0012,1,3
Z00168,P0013,1,6
Z00168,P0018,1,1
Z00168,P0030,1,1
Z00168,P0041,1,2
Z00168,P0049,1,3
Z00168,P0052,1,2
Z00168,P0064,1,4
Z00168,P0080,1,4
Z00168,P0082,1,2
Z00168,P0097,1,1
Z00168,P0106,1,3
Z00169,P0018,1,3
Z00169,P0032,1,1
Z00169,P0040,1,2
Z00169,P0045,1,7
Z00169,P0051,1,5
Z00169,P0060,1,2
Z00169,P0064,1,3
Z00169,P0070,1,3
Z00169,P0077,1,4
Z00169,P0080,1,3
Z00169,P0089,1,1
Z00169,P0101,1,3
Z00169,P0107,1,1
Z00169,P0111,1,1
Z00169,P0129,1,3
Z00169,P0131,1,2
Z00169,P0144,1,1
Z00169,P0147,1,6
Z00170,P0009,1,2
Z00170,P0013,1,4
Z00170,P0014,1,2
Z00170,P0025,1,3
Z00170,P0029,1,2
Z00170,P0040,1,2
Z00170,P0050,1,4
Z00170,P0053,1,1
Z00170,P0054,1,3
Z00170,P0064,1,3
Z00170,P0065,1,1
Z00170,P0073,1,2
Z00170,P0089,1,8
Z00170,P0091,1,1
Z00170,P0095,1,2
Z00170,P0099,1,3
Z00170,P0104,1,4
Z00170,P0115,1,3
Z00170,P0147,1,3
Z00170,P0149,1,2
Z00171,P0030,1,3
Z00171,P0052,1,1
Z00171,P0056,1,1
Z00171,P0065,1,2
Z00171,P0099,1,6
Z00171,P0105,1,3
Z00171,P0150,1,1
Z00172,P0006,1,2
Z00172,P0015,1,2
Z00172,P0018,1,2
Z00172,P0022,1,4
Z00172,P0032,1,2
Z00172,P0037,1,3
Z00172,P0040,1,2
Z00172,P0044,1,2
Z00172,P0045,1,7
Z00172,P0056,1,3
Z00172,P0060,1,6
Z00172,P0071,1,3
Z00172,P0073,1,2
Z00172,P0076,1,2
Z00172,P0093,1,2
Z00172,P0099,1,1
Z00172,P0108,1,3
Z00172,P0118,1,2
Z00172,P0125,1,2
Z00172,P0143,1,1
Z00173,P0012,1,2
Z00173,P0013,1,3
Z00173,P0043,1,1
Z00173,P0045,1,5
Z00173,P0054,1,1
Z00173,P0055,1,1
Z00173,P0070,1,3
Z00173,P0087,1,2
Z00173,P0091,1,1
Z00173,P0097,1,2
Z00173,P0099,1,4
Z00173,P0101,1,1
Z00173,P0113,1,5
Z00173,P0114,1,1
Z00173,P0132,1,1
Z00173,P0139,1,3
Z00174,P0002,1,1
Z00174,P0007,1,2
Z00174,P0025,1,6
Z00174,P0044,1,1
Z00174,P0064,1,2
Z00174,P0074,1,2
Z00174,P0076,1,2
Z00174,P0078,1,4
Z00174,P0085,1,2
Z00174,P0091,1,5
Z00174,P0111,1,2
Z00174,P0137,1,1
Z00175,P0003,1,4
Z00175,P0007,1,4
Z00175,P0013,1,1
Z00175,P0017,1,1
Z00175,P0020,1,1
Z00175,P0024,1,3
Z00175,P0043,1,3
Z00175,P0062,1,1
Z00175,P0092,1,1
Z00175,P0097,1,2
Z00175,P0111,1,3
Z00175,P0112,1,1
Z00175,P0121,1,1
Z00175,P0123,1,2
Z00175,P0134,1,3
Z00175,P0137,1,4
Z00175,P0138,1,3
Z00175,P0149,1,3
Z00176,P0047,1,3
Z00176,P0051,1,5
Z00176,P0054,1,6
Z00176,P0060,1,4
Z00176,P0073,1,2
Z00176,P0078,1,5
Z00176,P0085,1,2
Z00176,P0093,1,1
Z00176,P0095,1,2
Z00176,P0104,1,4
Z00176,P0110,1,3
Z00176,P0115,1,4
Z00176,P0117,1,1
Z00176,P0125,1,1
Z00176,P0132,1,3
Z00177,P0006,1,1
Z00177,P0015,1,1
Z00177,P0021,1,2
Z00177,P0023,1,3
Z00177,P0024,1,3
Z00177,P0025,1,4
Z00177,P0033,1,1
Z00177,P0052,1,2
Z00177,P0054,1,3
Z00177,P0055,1,1
Z00177,P0068,1,3
Z00177,P0086,1,1
Z00177,P0089,1,3
Z00177,P0099,1,2
Z00177,P0109,1,1
Z00177,P0123,1,2
Z00177,P0134,1,3
Z00177,P0145,1,1
Z00177,P0147,1,1
Z00178,P0022,1,4
Z00178,P0025,1,5
Z00178,P0063,1,4
Z00178,P0064,1,3
Z00178,P0078,1,4
Z00178,P0085,1,5
Z00178,P0091,1,2
Z00178,P0093,1,3
Z00178,P0104,1,5
Z00178,P0137,1,2
Z00178,P0138,1,4
Z00179,P0002,1,1
Z00179,P0009,1,1
Z00179,P0020,1,1
Z00179,P0033,1,1
Z00179,P0036,1,2
Z00179,P0045,1,5
Z00179,P0054,1,2
Z00179,P0055,1,1
Z00179,P0057,1,2
Z00179,P0060,1,4
Z00179,P0076,1,3
Z00179,P0090,1,3
Z00179,P0098,1,2
Z00179,P0099,1,4
Z00179,P0103,1,2
Z00179,P0110,1,2
Z00179,P0111,1,4
Z00179,P0124,1,2
Z00179,P0138,1,2
Z00179,P0143,1,2
Z00179,P0146,1,2
Z00180,P0048,1,2
Z00180,P0063,1,4
Z00180,P0086,1,2
Z00180,P0109,1,3
Z00180,P0134,1,4
Z00180,P0140,1,1
Z00180,P0150,1,5
Z00181,P0007,1,2
Z00181,P0011,1,2
Z00181,P0040,1,1
Z00181,P0056,1,4
Z00181,P0070,1,4
Z00181,P0078,1,3
Z00181,P0093,1,3
Z00181,P0100,1,1
Z00181,P0102,1,1
Z00181,P0113,1,3
Z00181,P0130,1,3
Z00181,P0133,1,3
Z00181,P0147,1,2
Z00182,P0006,1,2
Z00182,P0029,1,2
Z00182,P0033,1,3
Z00182,P0060,1,2
Z00182,P0090,1,2
Z00182,P0095,1,2
Z00182,P0119,1,2
Z00182,P0120,1,1
Z00182,P0147,1,3
Z00183,P0005,1,1
Z00183,P0026,1,3
Z00183,P0033,1,2
Z00183,P0076,1,2
Z00183,P0085,1,3
Z00183,P0104,1,1
Z00183,P0134,1,3
Z00183,P0147,1,1
Z00184,P0013,1,3
Z00184,P0026,1,2
Z00184,P0028,1,2
Z00184,P0037,1,1
Z00184,P0050,1,3
Z00184,P0062,1,2
Z00184,P0087,1,4
Z00184,P0093,1,3
Z00184,P0095,1,3
Z00184,P0110,1,2
Z00184,P0119,1,2
Z00184,P0120,1,2
Z00184,P0142,1,3
Z00184,P0147,1,4
Z00185,P0005,1,3
Z00185,P0013,1,2
Z00185,P0025,1,6
Z00185,P0029,1,1
Z00185,P0061,1,1
Z00185,P0065,1,4
Z00185,P0071,1,1
Z00185,P0077,1,3
Z00185,P0083,1,1
Z00185,P0085,1,4
Z00185,P0092,1,4
Z00185,P0098,1,2
Z00185,P0099,1,4
Z00185,P0100,1,3
Z00185,P0109,1,2
Z00185,P0110,1,4
Z00185,P0112,1,3
Z00185,P0131,1,2
Z00185,P0134,1,2
Z00186,P0002,1,3
Z00186,P0003,1,3
Z00186,P0007,1,2
Z00186,P0009,1,1
Z00186,P0017,1,3
Z00186,P0045,1,1
Z00186,P0051,1,3
Z00186,P0052,1,1
Z00186,P0063,1,4
Z00186,P0065,1,1
Z00186,P0076,1,3
Z00186,P0091,1,1
Z00186,P0092,1,2
Z00186,P0095,1,2
Z00186,P0105,1,3
Z00186,P0146,1,2
Z00186,P0148,1,2
Z00187,P0002,1,2
Z00187,P0004,1,3
Z00187,P0009,1,3
Z00187,P0013,1,2
Z00187,P0029,1,2
Z00187,P0036,1,2
Z00187,P0045,1,3
Z00187,P0057,1,2
Z00187,P0069,1,3
Z00187,P0074,1,3
Z00187,P0095,1,3
Z00187,P0109,1,1
Z00187,P0118,1,4
Z00187,P0138,1,4
Z00188,P0006,1,2
Z00188,P0016,1,2
Z00188,P0017,1,3
Z00188,P0033,1,2
Z00188,P0037,1,1
Z00188,P0040,1,5
Z00188,P0052,1,2
Z00188,P0055,1,2
Z00188,P0062,1,2
Z00188,P0066,1,1
Z00188,P0078,1,1
Z00188,P0085,1,4
Z00188,P0095,1,4
Z00188,P0104,1,4
Z00188,P0115,1,5
Z00188,P0125,1,3
Z00188,P0135,1,3
Z00188,P0147,1,4
Z00188,P0149,1,5
Z00189,P0012,1,1
Z00189,P0028,1,1
Z00189,P0050,1,4
Z00189,P0059,1,2
Z00189,P0066,1,2
Z00189,P0070,1,1
Z00189,P0074,1,1
Z00189,P0078,1,1
Z00189,P0085,1,1
Z00189,P0104,1,3
Z00189,P0120,1,4
Z00190,P0004,1,3
Z00190,P0006,1,3
Z00190,P0016,1,3
Z00190,P0027,1,2
Z00190,P0044,1,1
Z00190,P0056,1,1
Z00190,P0076,1,4
Z00190,P0077,1,1
Z00190,P0093,1,2
Z00190,P0094,1,2
Z00190,P0102,1,1
Z00190,P0125,1,2
Z00190,P0131,1,3
Z00190,P0133,1,2
Z00190,P0145,1,2
Z00191,P0005,1,3
Z00191,P0028,1,1
Z00191,P0040,1,1
Z00191,P0045,1,2
Z00191,P0052,1,2
Z00191,P0066,1,1
Z00191,P0068,1,1
Z00191,P0080,1,1
Z00191,P0090,1,2
Z00191,P0099,1,2
Z00191,P0100,1,1
Z00191,P0104,1,5
Z00191,P0115,1,3
Z00191,P0121,1,1
Z00191,P0130,1,2
Z00191,P0148,1,1
Z00192,P0004,1,2
Z00192,P0013,1,2
Z00192,P0037,1,1
Z00192,P0045,1,3
Z00192,P0054,1,7
Z00192,P0062,1,3
Z00192,P0069,1,3
Z00192,P0082,1,2
Z00192,P0085,1,3
Z00192,P0091,1,4
Z00192,P0095,1,3
Z00192,P0098,1,1
Z00192,P0099,1,3
Z00192,P0104,1,4
Z00192,P0105,1,4
Z00192,P0107,1,3
Z00192,P0112,1,1
Z00192,P0117,1,1
Z00192,P0122,1,1
Z00192,P0127,1,2
Z00192,P0129,1,2
Z00192,P0143,1,3
Z00192,P0145,1,1
Z00193,P0010,1,1
Z00193,P0011,1,2
Z00193,P0025,1,5
Z00193,P0056,1,1
Z00193,P0061,1,2
Z00193,P0064,1,2
Z00193,P0073,1,2
Z00193,P0075,1,1
Z00193,P0091,1,2
Z00193,P0092,1,1
Z00193,P0093,1,3
Z00193,P0106,1,1
Z00193,P0112,1,1
Z00193,P0115,1,7
Z00193,P0147,1,1
Z00194,P0006,1,1
Z00194,P0016,1,1
Z00194,P0039,1,1
Z00194,P0044,1,1
Z00194,P0075,1,1
Z00194,P0095,1,2
Z00194,P0112,1,2
Z00194,P0116,1,1
Z00194,P0121,1,1
Z00194,P0125,1,2
Z00194,P0138,1,4
Z00194,P0146,1,2
Z00195,P0006,1,3
Z00195,P0013,1,3
Z00195,P0022,1,3
Z00195,P0025,1,1
Z00195,P0058,1,2
Z00195,P0060,1,4
Z00195,P0064,1,4
Z00195,P0073,1,2
Z00195,P0080,1,3
Z00195,P0085,1,1
Z00195,P0113,1,2
Z00195,P0127,1,1
Z00195,P0138,1,3
Z00196,P0004,1,5
Z00196,P0009,1,5
Z00196,P0028,1,2
Z00196,P0045,1,4
Z00196,P0054,1,4
Z00196,P0060,1,5
Z00196,P0078,1,5
Z00196,P0085,1,4
Z00196,P0086,1,2
Z00196,P0104,1,3
Z00196,P0105,1,2
Z00196,P0110,1,2
Z00196,P0128,1,1
Z00196,P0131,1,3
Z00196,P0149,1,3
Z00196,P0150,1,2
Z00197,P0023,1,2
Z00197,P0069,1,1
Z00197,P0085,1,1
Z00197,P0087,1,2
Z00197,P0094,1,1
Z00197,P0118,1,4
Z00197,P0130,1,2
Z00197,P0132,1,1
Z00197,P0145,1,2
Z00197,P0146,1,2
Z00197,P0150,1,1
Z00198,P0007,1,2
Z00198,P0017,1,1
Z00198,P0029,1,2
Z00198,P0035,1,2
Z00198,P0040,1,2
Z00198,P0044,1,1
Z00198,P0046,1,1
Z00198,P0050,1,2
Z00198,P0058,1,1
Z00198,P0071,1,2
Z00198,P0090,1,2
Z00198,P0138,1,6
Z00198,P0146,1,3
Z00198,P0149,1,2
Z00199,P0006,1,2
Z00199,P0022,1,1
Z00199,P0032,1,1
Z00199,P0034,1,4
Z00199,P0041,1,2
Z00199,P0045,1,4
Z00199,P0049,1,3
Z00199,P0085,1,2
Z00199,P0089,1,2
Z00199,P0095,1,4
Z00199,P0103,1,3
Z00199,P0107,1,2
Z00199,P0138,1,4
Z00199,P0146,1,2
Z00200,P0006,1,2
Z00200,P0010,1,4
Z00200,P0025,1,3
Z00200,P0034,1,1
Z00200,P0039,1,1
Z00200,P0047,1,4
Z00200,P0052,1,3
Z00200,P0054,1,5
Z00200,P0061,1,4
Z00200,P0062,1,2
Z00200,P0090,1,1
Z00200,P0091,1,3
Z00200,P0094,1,3
Z00200,P0099,1,6
Z00200,P0104,1,7
Z00200,P0126,1,2
Z00200,P0133,1,4
Z00201,P0004,1,2
Z00201,P0018,1,2
Z00201,P0024,1,1
Z00201,P0038,1,1
Z00201,P0051,1,4
Z00201,P0052,1,2
Z00201,P0060,1,2
Z00201,P0069,1,3
Z00201,P0076,1,4
Z00201,P0095,1,3
Z00201,P0097,1,1
Z00201,P0104,1,4
Z00201,P0109,1,2
Z00201,P0112,1,5
Z00201,P0123,1,2
Z00201,P0132,1,3
Z00201,P0149,1,2
Z00202,P0009,1,1
Z00202,P0010,1,4
Z00202,P0017,1,1
Z00202,P0018,1,4
Z00202,P0022,1,2
Z00202,P0028,1,4
Z00202,P0030,1,3
Z00202,P0054,1,6
Z00202,P0069,1,2
Z00202,P0091,1,3
Z00202,P0092,1,1
Z00202,P0100,1,2
Z00202,P0135,1,3
Z00202,P0137,1,2
Z00203,P0004,1,3
Z00203,P0019,1,2
Z00203,P0022,1,1
Z00203,P0025,1,1
Z00203,P0027,1,1
Z00203,P0033,1,1
Z00203,P0045,1,4
Z00203,P0060,1,3
Z00203,P0063,1,2
Z00203,P0067,1,3
Z00203,P0077,1,4
Z00203,P0078,1,2
Z00203,P0085,1,3
Z00203,P0086,1,3
Z00203,P0093,1,2
Z00203,P0115,1,2
Z00203,P0131,1,1
Z00204,P0013,1,5
Z00204,P0016,1,2
Z00204,P0020,1,2
Z00204,P0022,1,4
Z00204,P0023,1,2
Z00204,P0027,1,1
Z00204,P0060,1,3
Z00204,P0064,1,2
Z00204,P0071,1,5
Z00204,P0075,1,1
Z00204,P0086,1,1
Z00204,P0091,1,4
Z00204,P0095,1,4
Z00204,P0120,1,1
Z00204,P0128,1,2
Z00204,P0132,1,1
Z00204,P0133,1,1
Z00204,P0134,1,3
Z00204,P0138,1,1
Z00205,P0004,1,3
Z00205,P0006,1,3
Z00205,P0030,1,2
Z00205,P0033,1,2
Z00205,P0050,1,3
Z00205,P0052,1,2
Z00205,P0053,1,3
Z00205,P0064,1,4
Z00205,P0071,1,2
Z00205,P0075,1,2
Z00205,P0091,1,1
Z00205,P0108,1,2
Z00205,P0125,1,1
Z00205,P0135,1,1
Z00205,P0150,1,2
Z00206,P0009,1,1
Z00206,P0013,1,2
Z00206,P0025,1,3
Z00206,P0027,1,1
Z00206,P0037,1,3
Z00206,P0050,1,2
Z00206,P0068,1,2
Z00206,P0073,1,1
Z00206,P0093,1,1
Z00206,P0099,1,5
Z00206,P0143,1,2
Z00206,P0148,1,3
Z00207,P0005,1,3
Z00207,P0011,1,1
Z00207,P0014,1,2
Z00207,P0017,1,1
Z00207,P0022,1,1
Z00207,P0027,1,1
Z00207,P0039,1,1
Z00207,P0046,1,2
Z00207,P0050,1,3
Z00207,P0060,1,1
Z00207,P0063,1,3
Z00207,P0078,1,2
Z00207,P0080,1,4
Z00207,P0089,1,3
Z00207,P0104,1,4
Z00207,P0106,1,1
Z00207,P0112,1,1
Z00207,P0127,1,1
Z00207,P0130,1,2
Z00208,P0011,1,1
Z00208,P0046,1,5
Z00208,P0047,1,1
Z00208,P0051,1,2
Z00208,P0060,1,6
Z00208,P0097,1,2
Z00208,P0135,1,2
Z00209,P0005,1,1
Z00209,P0008,1,1
Z00209,P0013,1,2
Z00209,P0014,1,3
Z00209,P0015,1,1
Z00209,P0044,1,3
Z00209,P0060,1,5
Z00209,P0062,1,1
Z00209,P0085,1,4
Z00209,P0089,1,1
Z00209,P0091,1,1
Z00209,P0110,1,3
Z00209,P0112,1,2
Z00209,P0114,1,1
Z00209,P0134,1,2
Z00209,P0143,1,1
Z00210,P0018,1,3
Z00210,P0025,1,4
Z00210,P0044,1,4
Z00210,P0052,1,3
Z00210,P0061,1,1
Z00210,P0065,1,1
Z00210,P0078,1,2
Z00210,P0080,1,1
Z00210,P0092,1,3
Z00210,P0095,1,3
Z00210,P0099,1,4
Z00210,P0104,1,2
Z00210,P0118,1,5
Z00211,P0002,1,2
Z00211,P0003,1,1
Z00211,P0005,1,4
Z00211,P0016,1,3
Z00211,P0036,1,1
Z00211,P0052,1,2
Z00211,P0054,1,1
Z00211,P0058,1,1
Z00211,P0062,1,2
Z00211,P0067,1,1
Z00211,P0073,1,4
Z00211,P0087,1,1
Z00211,P0089,1,2
Z00211,P0092,1,1
Z00211,P0094,1,2
Z00211,P0103,1,3
Z00211,P0110,1,5
Z00211,P0114,1,2
Z00211,P0134,1,5
Z00211,P0142,1,1
Z00211,P0143,1,2
Z00211,P0145,1,1
Z00211,P0147,1,5
Z00212,P0002,1,3
Z00212,P0004,1,1
Z00212,P0018,1,3
Z00212,P0049,1,2
Z00212,P0050,1,1
Z00212,P0079,1,2
Z00212,P0129,1,2
Z00212,P0131,1,4
Z00213,P0006,1,3
Z00213,P0007,1,3
Z00213,P0029,1,4
Z00213,P0051,1,2
Z00213,P0054,1,3
Z00213,P0063,1,1
Z00213,P0071,1,4
Z00213,P0085,1,1
Z00213,P0086,1,2
Z00213,P0087,1,5
Z00213,P0093,1,5
Z00213,P0112,1,2
Z00213,P0113,1,6
Z00213,P0117,1,2
Z00213,P0120,1,2
Z00213,P0134,1,2
Z00213,P0146,1,3
Z00214,P0029,1,2
Z00214,P0035,1,3
Z00214,P0038,1,2
Z00214,P0040,1,2
Z00214,P0045,1,7
Z00214,P0048,1,1
Z00214,P0060,1,2
Z00214,P0062,1,1
Z00214,P0070,1,1
Z00214,P0074,1,2
Z00214,P0086,1,1
Z00214,P0095,1,4
Z00214,P0099,1,2
Z00214,P0103,1,2
Z00214,P0134,1,2
Z00214,P0139,1,1
Z00215,P0002,1,1
Z00215,P0010,1,2
Z00215,P0020,1,2
Z00215,P0032,1,1
Z00215,P0033,1,3
Z00215,P0039,1,3
Z00215,P0049,1,1
Z00215,P0079,1,1
Z00215,P0085,1,4
Z00215,P0100,1,1
Z00215,P0101,1,1
Z00215,P0102,1,1
Z00215,P0103,1,4
Z00215,P0106,1,1
Z00215,P0110,1,3
Z00215,P0124,1,1
Z00215,P0135,1,1
Z00215,P0142,1,1
Z00215,P0143,1,2
Z00215,P0146,1,5
Z00216,P0006,1,3
Z00216,P0010,1,3
Z00216,P0020,1,1
Z00216,P0035,1,3
Z00216,P0040,1,1
Z00216,P0045,1,3
Z00216,P0047,1,4
Z00216,P0049,1,1
Z00216,P0050,1,2
Z00216,P0068,1,1
Z00216,P0073,1,1
Z00216,P0083,1,1
Z00216,P0100,1,3
Z00216,P0111,1,1
Z00216,P0124,1,2
Z00216,P0142,1,2
Z00217,P0013,1,1
Z00217,P0033,1,2
Z00217,P0037,1,2
Z00217,P0045,1,1
Z00217,P0052,1,3
Z00217,P0054,1,2
Z00217,P0059,1,2
Z00217,P0066,1,2
Z00217,P0071,1,2
Z00217,P0083,1,3
Z00217,P0086,1,2
Z00217,P0090,1,3
Z00217,P0095,1,2
Z00217,P0098,1,2
Z00217,P0099,1,5
Z00217,P0110,1,2
Z00217,P0115,1,3
Z00217,P0134,1,1
Z00217,P0145,1,3
Z00218,P0002,1,3
Z00218,P0006,1,3
Z00218,P0013,1,5
Z00218,P0017,1,2
Z00218,P0018,1,3
Z00218,P0030,1,2
Z00218,P0050,1,3
Z00218,P0051,1,3
Z00218,P0071,1,3
Z00218,P0073,1,1
Z00218,P0077,1,3
Z00218,P0095,1,2
Z00218,P0100,1,3
Z00218,P0115,1,6
Z00218,P0132,1,1
Z00218,P0141,1,1
Z00218,P0146,1,2
Z00219,P0004,1,5
Z00219,P0010,1,2
Z00219,P0022,1,4
Z00219,P0039,1,3
Z00219,P0050,1,2
Z00219,P0054,1,3
Z00219,P0060,1,1
Z00219,P0063,1,3
Z00219,P0076,1,4
Z00219,P0078,1,4
Z00219,P0085,1,3
Z00219,P0087,1,3
Z00219,P0092,1,1
Z00219,P0093,1,1
Z00219,P0100,1,2
Z00219,P0105,1,1
Z00219,P0112,1,2
Z00219,P0138,1,1
Z00219,P0139,1,2
Z00220,P0001,1,1
Z00220,P0004,1,5
Z00220,P0029,1,3
Z00220,P0050,1,1
Z00220,P0093,1,3
Z00220,P0099,1,3
Z00220,P0108,1,2
Z00220,P0119,1,2
Z00221,P0003,1,3
Z00221,P0011,1,2
Z00221,P0012,1,1
Z00221,P0013,1,2
Z00221,P0018,1,1
Z00221,P0025,1,5
Z00221,P0026,1,2
Z00221,P0030,1,1
Z00221,P0031,1,2
Z00221,P0036,1,2
Z00221,P0060,1,3
Z00221,P0067,1,4
Z00221,P0068,1,3
Z00221,P0142,1,1
Z00222,P0012,1,3
Z00222,P0013,1,4
Z00222,P0015,1,3
Z00222,P0017,1,1
Z00222,P0019,1,2
Z00222,P0022,1,2
Z00222,P0027,1,1
Z00222,P0032,1,3
Z00222,P0039,1,2
Z00222,P0044,1,3
Z00222,P0046,1,1
Z00222,P0050,1,1
Z00222,P0054,1,1
Z00222,P0058,1,1
Z00222,P0071,1,3
Z00222,P0076,1,2
Z00222,P0103,1,2
Z00222,P0108,1,3
Z00222,P0113,1,2
Z00222,P0115,1,4
Z00222,P0135,1,3
Z00222,P0143,1,3
Z00223,P0002,1,3
Z00223,P0006,1,1
Z00223,P0011,1,2
Z00223,P0013,1,5
Z00223,P0017,1,3
Z00223,P0022,1,3
Z00223,P0054,1,3
Z00223,P0071,1,3
Z00223,P0075,1,3
Z00223,P0076,1,2
Z00223,P0119,1,1
Z00223,P0124,1,1
Z00223,P0133,1,1
Z00223,P0134,1,4
Z00223,P0138,1,2
Z00224,P0002,1,3
Z00224,P0011,1,4
Z00224,P0017,1,5
Z00224,P0020,1,1
Z00224,P0037,1,1
Z00224,P0039,1,2
Z00224,P0040,1,3
Z00224,P0060,1,2
Z00224,P0077,1,2
Z00224,P0083,1,1
Z00224,P0093,1,1
Z00224,P0105,1,4
Z00224,P0114,1,3
Z00225,P0004,1,2
Z00225,P0011,1,3
Z00225,P0017,1,3
Z00225,P0033,1,1
Z00225,P0038,1,3
Z00225,P0047,1,2
Z00225,P0054,1,5
Z00225,P0077,1,2
Z00225,P0083,1,2
Z00225,P0085,1,4
Z00225,P0092,1,2
Z00225,P0099,1,2
Z00225,P0104,1,3
Z00225,P0134,1,2
Z00225,P0140,1,1
Z00225,P0141,1,1
Z00225,P0143,1,2
Z00225,P0147,1,1
Z00226,P0001,1,1
Z00226,P0058,1,1
Z00226,P0076,1,3
Z00227,P0038,1,4
Z00227,P0054,1,3
Z00227,P0105,1,6
Z00228,P0004,1,5
Z00228,P0009,1,4
Z00228,P0023,1,2
Z00228,P0029,1,2
Z00228,P0073,1,3
Z00228,P0086,1,3
Z00228,P0093,1,1
Z00228,P0099,1,3
Z00228,P0113,1,2
Z00228,P0131,1,5
Z00228,P0134,1,2
Z00228,P0145,1,1
Z00228,P0150,1,3
Z00229,P0002,1,3
Z00229,P0022,1,2
Z00229,P0045,1,6
Z00229,P0050,1,4
Z00229,P0054,1,5
Z00229,P0060,1,5
Z00229,P0093,1,2
Z00229,P0097,1,2
Z00229,P0099,1,7
Z00229,P0126,1,2
Z00229,P0129,1,2
Z00229,P0146,1,1
Z00230,P0002,1,4
Z00230,P0004,1,1
Z00230,P0005,1,5
Z00230,P0013,1,2
Z00230,P0015,1,2
Z00230,P0025,1,2
Z00230,P0039,1,1
Z00230,P0045,1,4
Z00230,P0059,1,1
Z00230,P0062,1,2
Z00230,P0071,1,3
Z00230,P0077,1,4
Z00230,P0078,1,2
Z00230,P0095,1,1
Z00230,P0099,1,2
Z00230,P0103,1,1
Z00230,P0106,1,1
Z00230,P0108,1,2
Z00230,P0109,1,2
Z00230,P0114,1,2
Z00230,P0120,1,1
Z00230,P0121,1,1
Z00230,P0131,1,1
Z00230,P0137,1,2
Z00230,P0145,1,2
Z00231,P0005,1,4
Z00231,P0009,1,1
Z00231,P0013,1,3
Z00231,P0023,1,5
Z00231,P0027,1,2
Z00231,P0037,1,3
Z00231,P0040,1,2
Z00231,P0052,1,2
Z00231,P0061,1,2
Z00231,P0062,1,3
Z00231,P0071,1,1
Z00231,P0089,1,1
Z00231,P0092,1,2
Z00231,P0095,1,3
Z00231,P0098,1,1
Z00231,P0103,1,3
Z00231,P0111,1,2
Z00231,P0124,1,3
Z00231,P0133,1,4
Z00231,P0147,1,2
Z00232,P0009,1,1
Z00232,P0025,1,5
Z00232,P0027,1,3
Z00232,P0066,1,4
Z00232,P0093,1,3
Z00232,P0097,1,4
Z00232,P0103,1,3
Z00232,P0132,1,2
Z00232,P0134,1,2
Z00232,P0135,1,2
Z00232,P0150,1,4
Z00233,P0002,1,3
Z00233,P0005,1,3
Z00233,P0020,1,1
Z00233,P0023,1,2
Z00233,P0037,1,3
Z00233,P0040,1,3
Z00233,P0051,1,3
Z00233,P0060,1,4
Z00233,P0064,1,5
Z00233,P0069,1,4
Z00233,P0078,1,2
Z00233,P0103,1,1
Z00233,P0112,1,4
Z00233,P0115,1,2
Z00233,P0118,1,2
Z00233,P0129,1,4
Z00233,P0132,1,2
Z00233,P0136,1,2
Z00233,P0147,1,3
Z00234,P0006,1,4
Z00234,P0010,1,1
Z00234,P0011,1,1
Z00234,P0035,1,2
Z00234,P0044,1,2
Z00234,P0045,1,3
Z00234,P0050,1,2
Z00234,P0062,1,3
Z00234,P0063,1,4
Z00234,P0076,1,2
Z00234,P0085,1,3
Z00234,P0088,1,2
Z00234,P0115,1,5
Z00234,P0118,1,1
Z00234,P0135,1,2
Z00235,P0010,1,5
Z00235,P0022,1,1
Z00235,P0025,1,1
Z00235,P0027,1,3
Z00235,P0067,1,2
Z00235,P0071,1,2
Z00235,P0092,1,2
Z00235,P0096,1,1
Z00235,P0103,1,2
Z00235,P0104,1,6
Z00235,P0110,1,1
Z00235,P0135,1,3
Z00235,P0137,1,2
Z00235,P0146,1,5
Z00235,P0147,1,2
Z00235,P0149,1,5
Z00236,P0002,1,2
Z00236,P0004,1,3
Z00236,P0010,1,1
Z00236,P0018,1,2
Z00236,P0023,1,1
Z00236,P0025,1,2
Z00236,P0036,1,2
Z00236,P0050,1,1
Z00236,P0063,1,4
Z00236,P0064,1,1
Z00236,P0080,1,6
Z00236,P0091,1,4
Z00236,P0098,1,2
Z00236,P0099,1,4
Z00236,P0123,1,2
Z00236,P0135,1,1
Z00236,P0144,1,1
Z00236,P0146,1,4
Z00237,P0001,1,1
Z00237,P0013,1,2
Z00237,P0023,1,2
Z00237,P0032,1,2
Z00237,P0052,1,2
Z00237,P0071,1,1
Z00237,P0076,1,1
Z00237,P0082,1,3
Z00237,P0089,1,4
Z00237,P0095,1,2
Z00237,P0099,1,1
Z00237,P0104,1,5
Z00237,P0105,1,2
Z00238,P0002,1,2
Z00238,P0006,1,1
Z00238,P0013,1,2
Z00238,P0042,1,2
Z00238,P0044,1,1
Z00238,P0048,1,1
Z00238,P0058,1,1
Z00238,P0066,1,2
Z00238,P0080,1,1
Z00238,P0087,1,2
Z00238,P0093,1,2
Z00238,P0131,1,2
Z00238,P0134,1,1
Z00238,P0147,1,3
Z00239,P0002,1,2
Z00239,P0006,1,4
Z00239,P0017,1,1
Z00239,P0029,1,2
Z00239,P0039,1,1
Z00239,P0040,1,3
Z00239,P0044,1,2
Z00239,P0063,1,5
Z00239,P0074,1,4
Z00239,P0079,1,1
Z00239,P0091,1,2
Z00239,P0092,1,1
Z00239,P0100,1,4
Z00239,P0112,1,1
Z00239,P0126,1,1
Z00239,P0129,1,1
Z00239,P0134,1,3
Z00239,P0135,1,2
Z00239,P0146,1,2
Z00240,P0008,1,1
Z00240,P0009,1,2
Z00240,P0010,1,4
Z00240,P0046,1,2
Z00240,P0066,1,1
Z00240,P0089,1,4
Z00240,P0095,1,2
Z00240,P0103,1,3
Z00240,P0136,1,1
Z00241,P0007,1,2
Z00241,P0018,1,4
Z00241,P0020,1,2
Z00241,P0032,1,1
Z00241,P0034,1,2
Z00241,P0038,1,2
Z00241,P0054,1,9
Z00241,P0064,1,1
Z00241,P0071,1,1
Z00241,P0072,1,1
Z00241,P0077,1,6
Z00241,P0090,1,2
Z00241,P0095,1,5
Z00241,P0104,1,6
Z00241,P0110,1,1
Z00241,P0131,1,4
Z00241,P0147,1,2
Z00242,P0030,1,2
Z00242,P0054,1,2
Z00242,P0082,1,1
Z00242,P0095,1,4
Z00242,P0118,1,1
Z00242,P0123,1,2
Z00243,P0002,1,2
Z00243,P0006,1,3
Z00243,P0017,1,2
Z00243,P0027,1,2
Z00243,P0033,1,3
Z00243,P0057,1,2
Z00243,P0063,1,4
Z00243,P0064,1,2
Z00243,P0093,1,1
Z00243,P0114,1,2
Z00244,P0013,1,4
Z00244,P0025,1,2
Z00244,P0032,1,3
Z00244,P0033,1,1
Z00244,P0035,1,1
Z00244,P0044,1,4
Z00244,P0045,1,5
Z00244,P0050,1,3
Z00244,P0075,1,3
Z00244,P0090,1,2
Z00244,P0095,1,4
Z00244,P0099,1,3
Z00244,P0107,1,2
Z00244,P0110,1,2
Z00244,P0115,1,2
Z00244,P0131,1,4
Z00244,P0138,1,3
Z00244,P0145,1,4
Z00245,P0004,1,3
Z00245,P0007,1,1
Z00245,P0038,1,1
Z00245,P0040,1,3
Z00245,P0047,1,3
Z00245,P0060,1,1
Z00245,P0071,1,1
Z00245,P0087,1,3
Z00245,P0089,1,2
Z00245,P0103,1,2
Z00245,P0124,1,3
Z00245,P0138,1,2
Z00246,P0005,1,3
Z00246,P0007,1,3
Z00246,P0012,1,1
Z00246,P0016,1,2
Z00246,P0018,1,3
Z00246,P0025,1,4
Z00246,P0050,1,1
Z00246,P0054,1,2
Z00246,P0057,1,1
Z00246,P0075,1,2
Z00246,P0077,1,3
Z00246,P0089,1,1
Z00246,P0101,1,2
Z00246,P0115,1,4
Z00246,P0118,1,2
Z00246,P0134,1,6
Z00246,P0138,1,3
Z00246,P0143,1,1
Z00247,P0012,1,2
Z00247,P0051,1,2
Z00247,P0052,1,2
Z00247,P0054,1,4
Z00247,P0058,1,3
Z00247,P0071,1,5
Z00247,P0095,1,1
Z00247,P0102,1,1
Z00247,P0108,1,1
Z00247,P0124,1,4
Z00248,P0001,1,2
Z00248,P0004,1,4
Z00248,P0010,1,2
Z00248,P0039,1,3
Z00248,P0045,1,6
Z00248,P0060,1,7
Z00248,P0071,1,1
Z00248,P0075,1,4
Z00248,P0086,1,2
Z00248,P0087,1,3
Z00248,P0094,1,2
Z00248,P0095,1,2
Z00248,P0101,1,1
Z00248,P0104,1,4
Z00248,P0112,1,4
Z00248,P0116,1,1
Z00248,P0119,1,2
Z00248,P0127,1,2
Z00248,P0134,1,1
Z00248,P0142,1,3
Z00249,P0014,1,2
Z00249,P0038,1,1
Z00249,P0064,1,8
Z00249,P0076,1,2
Z00249,P0085,1,4
Z00249,P0093,1,2
Z00250,P0005,1,2
Z00250,P0013,1,4
Z00250,P0016,1,1
Z00250,P0045,1,7
Z00250,P0073,1,1
Z00250,P0085,1,2
Z00250,P0087,1,1
Z00250,P0091,1,2
Z00250,P0092,1,2
Z00250,P0107,1,2
Z00250,P0112,1,3
Z00250,P0125,1,1
Z00250,P0131,1,1
Z00250,P0132,1,3
Z00250,P0137,1,2
Z00250,P0141,1,1
Z00250,P0142,1,1
Z00251,P0003,1,1
Z00251,P0005,1,1
Z00251,P0007,1,2
Z00251,P0032,1,2
Z00251,P0049,1,4
Z00251,P0050,1,1
Z00251,P0068,1,2
Z00251,P0086,1,1
Z00251,P0089,1,3
Z00251,P0108,1,3
Z00251,P0126,1,1
Z00251,P0133,1,2
Z00251,P0142,1,2
Z00251,P0148,1,1
Z00252,P0007,1,2
Z00252,P0010,1,1
Z00252,P0013,1,4
Z00252,P0069,1,4
Z00252,P0076,1,2
Z00252,P0104,1,4
Z00252,P0113,1,2
Z00252,P0115,1,2
Z00252,P0140,1,2
Z00252,P0146,1,1
Z00252,P0149,1,3
Z00252,P0150,1,3
Z00253,P0004,1,4
Z00253,P0007,1,4
Z00253,P0025,1,2
Z00253,P0027,1,1
Z00253,P0045,1,2
Z00253,P0054,1,3
Z00253,P0063,1,3
Z00253,P0078,1,1
Z00253,P0087,1,4
Z00253,P0091,1,3
Z00253,P0097,1,3
Z00253,P0099,1,5
Z00253,P0103,1,4
Z00253,P0105,1,1
Z00253,P0110,1,3
Z00253,P0115,1,4
Z00253,P0120,1,3
Z00253,P0131,1,3
Z00253,P0132,1,1
Z00253,P0134,1,3
Z00253,P0139,1,3
Z00253,P0147,1,3
Z00254,P0002,1,2
Z00254,P0013,1,3
Z00254,P0015,1,4
Z00254,P0017,1,3
Z00254,P0022,1,4
Z00254,P0025,1,5
Z00254,P0045,1,3
Z00254,P0062,1,3
Z00254,P0069,1,2
Z00254,P0071,1,4
Z00254,P0078,1,1
Z00254,P0085,1,2
Z00254,P0093,1,1
Z00254,P0099,1,3
Z00254,P0135,1,1
Z00254,P0145,1,3
Z00254,P0148,1,2
Z00254,P0149,1,4
Z00255,P0001,1,1
Z00255,P0006,1,4
Z00255,P0032,1,1
Z00255,P0045,1,7
Z00255,P0052,1,3
Z00255,P0060,1,1
Z00255,P0062,1,1
Z00255,P0073,1,3
Z00255,P0074,1,2
Z00255,P0084,1,2
Z00255,P0088,1,1
Z00255,P0106,1,1
Z00255,P0113,1,1
Z00255,P0115,1,3
Z00255,P0134,1,6
Z00255,P0135,1,2
Z00255,P0136,1,1
Z00255,P0142,1,1
Z00255,P0143,1,1
Z00255,P0149,1,3
Z00255,P0150,1,1
Z00256,P0002,1,1
Z00256,P0004,1,5
Z00256,P0010,1,3
Z00256,P0021,1,1
Z00256,P0029,1,2
Z00256,P0037,1,2
Z00256,P0045,1,7
Z00256,P0054,1,5
Z00256,P0055,1,1
Z00256,P0060,1,2
Z00256,P0063,1,10
Z00256,P0087,1,1
Z00256,P0099,1,3
Z00256,P0118,1,2
Z00256,P0143,1,1
Z00256,P0145,1,1
Z00257,P0003,1,2
Z00257,P0022,1,4
Z00257,P0040,1,1
Z00257,P0042,1,1
Z00257,P0045,1,5
Z00257,P0060,1,4
Z00257,P0064,1,4
Z00257,P0065,1,1
Z00257,P0070,1,3
Z00257,P0091,1,2
Z00257,P0116,1,1
Z00257,P0125,1,2
Z00257,P0130,1,1
Z00257,P0132,1,4
Z00257,P0147,1,5
Z00257,P0150,1,3
Z00258,P0009,1,2
Z00258,P0027,1,3
Z00258,P0035,1,1
Z00258,P0067,1,4
Z00258,P0071,1,2
Z00258,P0104,1,2
Z00258,P0109,1,1
Z00258,P0113,1,2
Z00258,P0134,1,3
Z00258,P0147,1,5
Z00259,P0006,1,2
Z00259,P0013,1,3
Z00259,P0019,1,1
Z00259,P0055,1,1
Z00259,P0063,1,2
Z00259,P0066,1,1
Z00259,P0092,1,2
Z00259,P0095,1,2
Z00259,P0110,1,2
Z00259,P0113,1,1
Z00259,P0115,1,6
Z00259,P0131,1,1
Z00259,P0144,1,1
Z00260,P0013,1,3
Z00260,P0017,1,1
Z00260,P0023,1,2
Z00260,P0028,1,3
Z00260,P0048,1,4
Z00260,P0051,1,2
Z00260,P0054,1,4
Z00260,P0055,1,1
Z00260,P0064,1,3
Z00260,P0077,1,3
Z00260,P0085,1,1
Z00260,P0089,1,4
Z00260,P0091,1,2
Z00260,P0131,1,1
Z00260,P0148,1,3
Z00261,P0042,1,1
Z00261,P0047,1,2
Z00261,P0051,1,3
Z00261,P0060,1,4
Z00261,P0068,1,2
Z00261,P0076,1,4
Z00261,P0086,1,2
Z00261,P0095,1,2
Z00261,P0101,1,1
Z00261,P0103,1,2
Z00261,P0113,1,4
Z00261,P0119,1,1
Z00261,P0134,1,2
Z00261,P0138,1,5
Z00262,P0005,1,3
Z00262,P0016,1,1
Z00262,P0022,1,5
Z00262,P0035,1,4
Z00262,P0041,1,1
Z00262,P0043,1,1
Z00262,P0047,1,2
Z00262,P0052,1,3
Z00262,P0054,1,3
Z00262,P0058,1,1
Z00262,P0066,1,4
Z00262,P0075,1,2
Z00262,P0085,1,2
Z00262,P0093,1,2
Z00262,P0106,1,1
Z00262,P0124,1,2
Z00262,P0130,1,4
Z00262,P0137,1,3
Z00262,P0150,1,2
Z00263,P0003,1,2
Z00263,P0017,1,1
Z00263,P0027,1,2
Z00263,P0028,1,3
Z00263,P0032,1,2
Z00263,P0039,1,2
Z00263,P0062,1,1
Z00263,P0064,1,4
Z00263,P0071,1,4
Z00263,P0077,1,3
Z00263,P0092,1,3
Z00263,P0138,1,3
Z00263,P0141,1,3
Z00264,P0009,1,2
Z00264,P0010,1,3
Z00264,P0013,1,5
Z00264,P0015,1,1
Z00264,P0018,1,2
Z00264,P0025,1,4
Z00264,P0039,1,2
Z00264,P0044,1,3
Z00264,P0052,1,2
Z00264,P0065,1,3
Z00264,P0067,1,1
Z00264,P0072,1,1
Z00264,P0077,1,2
Z00264,P0080,1,1
Z00264,P0084,1,1
Z00264,P0087,1,1
Z00264,P0092,1,2
Z00264,P0120,1,3
Z00264,P0130,1,2
Z00264,P0145,1,4
Z00264,P0146,1,2
Z00265,P0002,1,5
Z00265,P0007,1,5
Z00265,P0010,1,4
Z00265,P0013,1,3
Z00265,P0015,1,3
Z00265,P0023,1,3
Z00265,P0037,1,4
Z00265,P0058,1,3
Z00265,P0059,1,5
Z00265,P0071,1,4
Z00265,P0085,1,7
Z00265,P0104,1,2
Z00265,P0130,1,2
Z00265,P0147,1,3
Z00265,P0148,1,1
Z00265,P0150,1,1
Z00266,P0002,1,3
Z00266,P0003,1,1
Z00266,P0013,1,3
Z00266,P0018,1,4
Z00266,P0036,1,1
Z00266,P0050,1,2
Z00266,P0058,1,2
Z00266,P0063,1,2
Z00266,P0085,1,1
Z00266,P0090,1,1
Z00266,P0095,1,5
Z00266,P0097,1,4
Z00266,P0100,1,2
Z00266,P0104,1,6
Z00266,P0114,1,3
Z00266,P0115,1,3
Z00266,P0123,1,2
Z00266,P0144,1,2
Z00267,P0010,1,1
Z00267,P0013,1,3
Z00267,P0022,1,3
Z00267,P0030,1,2
Z00267,P0038,1,3
Z00267,P0042,1,1
Z00267,P0047,1,1
Z00267,P0068,1,1
Z00267,P0086,1,4
Z00267,P0101,1,3
Z00267,P0106,1,1
Z00267,P0113,1,1
Z00267,P0131,1,2
Z00267,P0143,1,1
Z00267,P0147,1,2
Z00268,P0001,1,2
Z00268,P0003,1,1
Z00268,P0013,1,3
Z00268,P0040,1,1
Z00268,P0043,1,2
Z00268,P0045,1,6
Z00268,P0093,1,2
Z00268,P0117,1,1
Z00269,P0022,1,5
Z00269,P0045,1,5
Z00269,P0054,1,4
Z00269,P0060,1,2
Z00269,P0061,1,2
Z00269,P0085,1,4
Z00269,P0093,1,1
Z00269,P0100,1,2
Z00269,P0101,1,3
Z00269,P0106,1,1
Z00269,P0118,1,3
Z00269,P0124,1,2
Z00269,P0139,1,2
Z00269,P0143,1,1
Z00269,P0144,1,2
Z00270,P0027,1,2
Z00270,P0033,1,3
Z00270,P0049,1,1
Z00270,P0062,1,1
Z00270,P0115,1,4
Z00271,P0003,1,1
Z00271,P0023,1,3
Z00271,P0030,1,2
Z00271,P0039,1,2
Z00271,P0049,1,3
Z00271,P0054,1,2
Z00271,P0066,1,2
Z00271,P0073,1,3
Z00271,P0077,1,3
Z00271,P0087,1,4
Z00271,P0091,1,2
Z00271,P0103,1,5
Z00271,P0105,1,2
Z00271,P0108,1,1
Z00271,P0134,1,2
Z00271,P0138,1,3
Z00272,P0007,1,1
Z00272,P0017,1,2
Z00272,P0018,1,1
Z00272,P0025,1,2
Z00272,P0035,1,1
Z00272,P0045,1,4
Z00272,P0051,1,1
Z00272,P0053,1,1
Z00272,P0060,1,5
Z00272,P0064,1,6
Z00272,P0087,1,1
Z00272,P0098,1,3
Z00272,P0103,1,3
Z00272,P0104,1,2
Z00272,P0109,1,1
Z00272,P0114,1,3
Z00272,P0115,1,2
Z00272,P0122,1,1
Z00273,P0030,1,1
Z00273,P0068,1,1
Z00273,P0069,1,4
Z00273,P0098,1,1
Z00273,P0133,1,2
Z00273,P0137,1,1
Z00273,P0142,1,2
Z00273,P0146,1,3
Z00273,P0150,1,2
Z00274,P0023,1,3
Z00274,P0044,1,1
Z00274,P0049,1,2
Z00274,P0054,1,6
Z00274,P0055,1,1
Z00274,P0067,1,3
Z00274,P0071,1,1
Z00274,P0085,1,3
Z00274,P0091,1,3
Z00274,P0092,1,1
Z00274,P0096,1,4
Z00274,P0103,1,3
Z00274,P0109,1,1
Z00274,P0115,1,4
Z00274,P0118,1,3
Z00274,P0127,1,3
Z00274,P0147,1,3
Z00275,P0003,1,1
Z00275,P0013,1,2
Z00275,P0018,1,1
Z00275,P0023,1,2
Z00275,P0027,1,2
Z00275,P0029,1,1
Z00275,P0052,1,3
Z00275,P0059,1,2
Z00275,P0060,1,5
Z00275,P0062,1,1
Z00275,P0071,1,1
Z00275,P0078,1,2
Z00275,P0088,1,1
Z00275,P0095,1,4
Z00275,P0100,1,1
Z00275,P0104,1,4
Z00275,P0115,1,1
Z00275,P0133,1,1
Z00275,P0135,1,1
Z00275,P0142,1,1
Z00275,P0147,1,2
Z00276,P0005,1,2
Z00276,P0011,1,2
Z00276,P0030,1,3
Z00276,P0044,1,2
Z00276,P0047,1,1
Z00276,P0048,1,1
Z00276,P0104,1,2
Z00276,P0126,1,3
Z00277,P0030,1,3
Z00277,P0040,1,1
Z00277,P0045,1,6
Z00277,P0054,1,6
Z00277,P0057,1,2
Z00277,P0071,1,3
Z00277,P0085,1,4
Z00277,P0086,1,2
Z00277,P0092,1,2
Z00277,P0104,1,2
Z00277,P0133,1,2
Z00277,P0150,1,2
Z00278,P0002,1,3
Z00278,P0005,1,3
Z00278,P0020,1,1
Z00278,P0034,1,2
Z00278,P0038,1,1
Z00278,P0045,1,2
Z00278,P0052,1,2
Z00278,P0060,1,2
Z00278,P0061,1,2
Z00278,P0065,1,1
Z00278,P0066,1,1
Z00278,P0076,1,3
Z00278,P0086,1,3
Z00278,P0090,1,2
Z00278,P0091,1,2
Z00278,P0099,1,3
Z00278,P0103,1,2
Z00278,P0105,1,1
Z00278,P0131,1,2
Z00278,P0136,1,2
Z00278,P0139,1,2
Z00278,P0145,1,1
Z00278,P0147,1,3
Z00279,P0005,1,4
Z00279,P0033,1,1
Z00279,P0056,1,1
Z00279,P0073,1,3
Z00279,P0077,1,3
Z00279,P0086,1,2
Z00279,P0095,1,3
Z00279,P0107,1,3
Z00279,P0109,1,2
Z00279,P0131,1,2
Z00279,P0145,1,3
Z00279,P0147,1,5
Z00280,P0006,1,5
Z00280,P0013,1,5
Z00280,P0015,1,2
Z00280,P0023,1,1
Z00280,P0053,1,2
Z00280,P0057,1,1
Z00280,P0063,1,2
Z00280,P0085,1,3
Z00280,P0092,1,3
Z00280,P0095,1,1
Z00280,P0103,1,2
Z00280,P0116,1,2
Z00280,P0124,1,3
Z00280,P0126,1,1
Z00280,P0147,1,3
Z00281,P0007,1,2
Z00281,P0013,1,3
Z00281,P0016,1,1
Z00281,P0022,1,2
Z00281,P0027,1,2
Z00281,P0028,1,2
Z00281,P0034,1,2
Z00281,P0045,1,5
Z00281,P0052,1,2
Z00281,P0105,1,1
Z00281,P0117,1,1
Z00281,P0133,1,1
Z00281,P0134,1,4
Z00281,P0137,1,2
Z00281,P0138,1,3
Z00281,P0143,1,2
Z00281,P0144,1,3
Z00281,P0146,1,1
Z00282,P0018,1,1
Z00282,P0023,1,3
Z00282,P0025,1,2
Z00282,P0051,1,2
Z00282,P0054,1,5
Z00282,P0062,1,3
Z00282,P0073,1,2
Z00282,P0076,1,1
Z00282,P0085,1,3
Z00282,P0092,1,1
Z00282,P0099,1,4
Z00282,P0100,1,1
Z00282,P0127,1,2
Z00282,P0130,1,1
Z00283,P0010,1,2
Z00283,P0019,1,1
Z00283,P0030,1,4
Z00283,P0040,1,1
Z00283,P0047,1,1
Z00283,P0054,1,2
Z00283,P0060,1,4
Z00283,P0062,1,4
Z00283,P0064,1,1
Z00283,P0090,1,1
Z00283,P0095,1,2
Z00283,P0118,1,2
Z00283,P0142,1,2
Z00284,P0003,1,1
Z00284,P0006,1,2
Z00284,P0013,1,4
Z00284,P0032,1,2
Z00284,P0049,1,2
Z00284,P0050,1,2
Z00284,P0054,1,6
Z00284,P0060,1,3
Z00284,P0065,1,2
Z00284,P0068,1,1
Z00284,P0074,1,2
Z00284,P0087,1,2
Z00284,P0095,1,1
Z00284,P0099,1,3
Z00284,P0110,1,2
Z00284,P0120,1,1
Z00284,P0124,1,2
Z00284,P0125,1,2
Z00284,P0130,1,3
Z00284,P0131,1,2
Z00284,P0135,1,1
Z00284,P0141,1,2
Z00284,P0142,1,3
Z00285,P0025,1,2
Z00285,P0027,1,3
Z00285,P0029,1,2
Z00285,P0045,1,5
Z00285,P0047,1,4
Z00285,P0055,1,2
Z00285,P0076,1,1
Z00285,P0087,1,1
Z00285,P0089,1,2
Z00285,P0104,1,4
Z00285,P0109,1,1
Z00285,P0127,1,1
Z00285,P0134,1,3
Z00286,P0002,1,1
Z00286,P0004,1,2
Z00286,P0010,1,2
Z00286,P0024,1,1
Z00286,P0025,1,1
Z00286,P0050,1,4
Z00286,P0052,1,1
Z00286,P0056,1,3
Z00286,P0063,1,3
Z00286,P0065,1,2
Z00286,P0076,1,1
Z00286,P0079,1,1
Z00286,P0094,1,2
Z00286,P0115,1,4
Z00286,P0132,1,2
Z00286,P0145,1,4
Z00286,P0147,1,3
Z00287,P0013,1,4
Z00287,P0023,1,3
Z00287,P0024,1,2
Z00287,P0027,1,3
Z00287,P0029,1,2
Z00287,P0039,1,2
Z00287,P0045,1,3
Z00287,P0049,1,1
Z00287,P0054,1,3
Z00287,P0066,1,1
Z00287,P0076,1,2
Z00287,P0079,1,1
Z00287,P0088,1,1
Z00287,P0109,1,1
Z00287,P0125,1,3
Z00287,P0129,1,2
Z00287,P0130,1,1
Z00287,P0134,1,3
Z00287,P0135,1,4
Z00288,P0007,1,2
Z00288,P0010,1,5
Z00288,P0025,1,7
Z00288,P0028,1,2
Z00288,P0040,1,1
Z00288,P0043,1,2
Z00288,P0047,1,1
Z00288,P0060,1,1
Z00288,P0063,1,5
Z00288,P0072,1,1
Z00288,P0091,1,1
Z00288,P0099,1,1
Z00288,P0119,1,1
Z00288,P0130,1,3
Z00288,P0131,1,4
Z00289,P0004,1,4
Z00289,P0011,1,1
Z00289,P0013,1,4
Z00289,P0020,1,2
Z00289,P0029,1,4
Z00289,P0052,1,3
Z00289,P0110,1,1
Z00289,P0118,1,3
Z00289,P0143,1,1
Z00289,P0147,1,2
Z00290,P0001,1,2
Z00290,P0025,1,2
Z00290,P0038,1,1
Z00290,P0044,1,4
Z00290,P0052,1,1
Z00290,P0054,1,7
Z00290,P0058,1,3
Z00290,P0060,1,3
Z00290,P0065,1,2
Z00290,P0077,1,2
Z00290,P0084,1,2
Z00290,P0086,1,3
Z00290,P0094,1,2
Z00290,P0102,1,1
Z00290,P0115,1,2
Z00290,P0120,1,1
Z00290,P0131,1,3
Z00290,P0150,1,2
Z00291,P0004,1,3
Z00291,P0010,1,5
Z00291,P0013,1,2
Z00291,P0022,1,3
Z00291,P0025,1,5
Z00291,P0038,1,1
Z00291,P0039,1,1
Z00291,P0045,1,6
Z00291,P0049,1,2
Z00291,P0054,1,2
Z00291,P0062,1,3
Z00291,P0067,1,2
Z00291,P0076,1,2
Z00291,P0085,1,3
Z00291,P0090,1,2
Z00291,P0099,1,2
Z00291,P0102,1,2
Z00291,P0133,1,2
Z00291,P0138,1,3
Z00291,P0148,1,1
Z00291,P0149,1,1
Z00292,P0006,1,3
Z00292,P0022,1,3
Z00292,P0025,1,2
Z00292,P0030,1,1
Z00292,P0035,1,3
Z00292,P0044,1,2
Z00292,P0071,1,2
Z00292,P0080,1,4
Z00292,P0087,1,2
Z00292,P0110,1,5
Z00292,P0116,1,1
Z00292,P0139,1,1
Z00292,P0147,1,3
Z00293,P0006,1,1
Z00293,P0025,1,4
Z00293,P0032,1,1
Z00293,P0050,1,3
Z00293,P0059,1,2
Z00293,P0068,1,2
Z00293,P0111,1,2
Z00293,P0127,1,2
Z00293,P0130,1,2
Z00293,P0146,1,2
Z00294,P0025,1,3
Z00294,P0026,1,3
Z00294,P0039,1,1
Z00294,P0040,1,2
Z00294,P0045,1,2
Z00294,P0050,1,3
Z00294,P0054,1,6
Z00294,P0056,1,1
Z00294,P0082,1,4
Z00294,P0088,1,2
Z00294,P0094,1,2
Z00294,P0097,1,1
Z00294,P0098,1,3
Z00294,P0104,1,7
Z00294,P0109,1,1
Z00294,P0114,1,2
Z00294,P0115,1,2
Z00294,P0123,1,2
Z00294,P0129,1,1
Z00294,P0137,1,1
Z00294,P0138,1,2
Z00294,P0141,1,1
Z00294,P0149,1,4
Z00295,P0013,1,3
Z00295,P0016,1,1
Z00295,P0034,1,2
Z00295,P0046,1,2
Z00295,P0052,1,2
Z00295,P0057,1,1
Z00295,P0058,1,2
Z00295,P0059,1,1
Z00295,P0065,1,3
Z00295,P0083,1,2
Z00295,P0087,1,3
Z00295,P0092,1,2
Z00295,P0095,1,2
Z00295,P0097,1,4
Z00295,P0101,1,3
Z00295,P0134,1,3
Z00295,P0145,1,4
Z00295,P0146,1,5
Z00296,P0010,1,4
Z00296,P0039,1,2
Z00296,P0045,1,5
Z00296,P0047,1,1
Z00296,P0050,1,5
Z00296,P0063,1,2
Z00296,P0070,1,3
Z00296,P0087,1,3
Z00296,P0093,1,1
Z00296,P0098,1,1
Z00296,P0099,1,5
Z00296,P0104,1,2
Z00296,P0105,1,2
Z00296,P0115,1,2
Z00296,P0139,1,2
Z00296,P0143,1,2
Z00296,P0146,1,3
Z00297,P0016,1,5
Z00297,P0022,1,4
Z00297,P0043,1,2
Z00297,P0044,1,1
Z00297,P0050,1,4
Z00297,P0087,1,2
Z00297,P0101,1,1
Z00297,P0105,1,2
Z00297,P0115,1,2
Z00298,P0005,1,1
Z00298,P0018,1,3
Z00298,P0021,1,2
Z00298,P0040,1,1
Z00298,P0044,1,3
Z00298,P0075,1,4
Z00298,P0085,1,3
Z00298,P0090,1,3
Z00298,P0100,1,2
Z00298,P0124,1,3
Z00298,P0133,1,1
Z00298,P0145,1,2
Z00298,P0150,1,2
Z00299,P0004,1,4
Z00299,P0009,1,1
Z00299,P0010,1,2
Z00299,P0013,1,5
Z00299,P0023,1,2
Z00299,P0025,1,4
Z00299,P0042,1,1
Z00299,P0057,1,1
Z00299,P0060,1,4
Z00299,P0065,1,2
Z00299,P0074,1,1
Z00299,P0075,1,1
Z00299,P0080,1,1
Z00299,P0085,1,4
Z00299,P0089,1,1
Z00299,P0103,1,1
Z00299,P0104,1,4
Z00299,P0105,1,1
Z00299,P0110,1,1
Z00299,P0115,1,5
Z00299,P0125,1,5
Z00299,P0133,1,3
Z00299,P0134,1,3
Z00299,P0143,1,3
Z00299,P0144,1,1
Z00300,P0004,1,3
Z00300,P0006,1,4
Z00300,P0007,1,1
Z00300,P0018,1,2
Z00300,P0044,1,2
Z00300,P0050,1,1
Z00300,P0052,1,1
Z00300,P0057,1,1
Z00300,P0077,1,1
Z00300,P0083,1,1
Z00300,P0095,1,4
Z00300,P0100,1,3
Z00300,P0104,1,3
Z00300,P0117,1,3
Z00300,P0131,1,3
Z00301,P0015,1,1
Z00301,P0018,1,3
Z00301,P0021,1,1
Z00301,P0022,1,3
Z00301,P0045,1,5
Z00301,P0056,1,3
Z00301,P0063,1,4
Z00301,P0065,1,3
Z00301,P0093,1,2
Z00301,P0105,1,3
Z00301,P0110,1,2
Z00301,P0122,1,2
Z00301,P0131,1,4
Z00302,P0003,1,2
Z00302,P0025,1,2
Z00302,P0044,1,2
Z00302,P0045,1,3
Z00302,P0065,1,1
Z00302,P0070,1,2
Z00302,P0089,1,1
Z00302,P0091,1,1
Z00302,P0099,1,3
Z00302,P0101,1,3
Z00302,P0116,1,1
Z00302,P0139,1,1
Z00303,P0011,1,2
Z00303,P0024,1,1
Z00303,P0028,1,1
Z00303,P0054,1,6
Z00303,P0063,1,1
Z00303,P0064,1,1
Z00303,P0069,1,3
Z00303,P0089,1,2
Z00303,P0099,1,4
Z00303,P0108,1,3
Z00303,P0114,1,1
Z00303,P0125,1,2
Z00303,P0130,1,1
Z00303,P0134,1,2
Z00303,P0146,1,4
Z00304,P0003,1,5
Z00304,P0060,1,3
Z00304,P0064,1,4
Z00304,P0067,1,3
Z00304,P0068,1,1
Z00304,P0070,1,2
Z00304,P0089,1,2
Z00304,P0115,1,3
Z00304,P0129,1,1
Z00304,P0139,1,2
Z00305,P0004,1,4
Z00305,P0005,1,2
Z00305,P0022,1,4
Z00305,P0023,1,1
Z00305,P0025,1,1
Z00305,P0026,1,1
Z00305,P0050,1,4
Z00305,P0055,1,2
Z00305,P0069,1,1
Z00305,P0071,1,3
Z00305,P0078,1,2
Z00305,P0104,1,3
Z00305,P0105,1,3
Z00305,P0111,1,3
Z00305,P0118,1,1
Z00305,P0120,1,3
Z00305,P0138,1,3
Z00306,P0007,1,2
Z00306,P0014,1,2
Z00306,P0017,1,1
Z00306,P0018,1,2
Z00306,P0037,1,4
Z00306,P0038,1,2
Z00306,P0061,1,1
Z00306,P0070,1,3
Z00306,P0071,1,1
Z00306,P0086,1,4
Z00306,P0098,1,2
Z00306,P0101,1,1
Z00306,P0125,1,1
Z00306,P0134,1,2
Z00306,P0135,1,1
Z00306,P0140,1,3
Z00306,P0145,1,1
Z00307,P0007,1,2
Z00307,P0018,1,2
Z00307,P0042,1,1
Z00307,P0050,1,2
Z00307,P0060,1,2
Z00307,P0085,1,3
Z00307,P0108,1,1
Z00307,P0149,1,2
Z00308,P0006,1,2
Z00308,P0010,1,1
Z00308,P0030,1,3
Z00308,P0045,1,3
Z00308,P0050,1,3
Z00308,P0054,1,5
Z00308,P0065,1,1
Z00308,P0085,1,4
Z00308,P0087,1,3
Z00308,P0090,1,3
Z00308,P0096,1,1
Z00308,P0098,1,4
Z00308,P0100,1,3
Z00308,P0105,1,2
Z00308,P0113,1,1
Z00308,P0138,1,2
Z00308,P0142,1,3
Z00308,P0147,1,2
Z00309,P0003,1,2
Z00309,P0006,1,2
Z00309,P0010,1,2
Z00309,P0013,1,2
Z00309,P0039,1,4
Z00309,P0050,1,4
Z00309,P0058,1,2
Z00309,P0059,1,2
Z00309,P0064,1,3
Z00309,P0144,1,1
Z00309,P0145,1,1
Z00309,P0149,1,1
Z00310,P0002,1,2
Z00310,P0009,1,3
Z00310,P0022,1,2
Z00310,P0047,1,2
Z00310,P0050,1,3
Z00310,P0060,1,1
Z00310,P0064,1,1
Z00310,P0075,1,3
Z00310,P0076,1,3
Z00310,P0077,1,2
Z00310,P0085,1,2
Z00310,P0086,1,1
Z00310,P0095,1,2
Z00310,P0103,1,3
Z00310,P0104,1,1
Z00310,P0105,1,2
Z00310,P0111,1,2
Z00310,P0115,1,2
Z00310,P0120,1,2
Z00310,P0146,1,3
Z00310,P0149,1,1
Z00311,P0004,1,7
Z00311,P0005,1,4
Z00311,P0045,1,4
Z00311,P0047,1,1
Z00311,P0060,1,5
Z00311,P0061,1,2
Z00311,P0086,1,4
Z00311,P0091,1,2
Z00311,P0092,1,4
Z00311,P0095,1,4
Z00311,P0100,1,4
Z00311,P0131,1,4
Z00311,P0141,1,2
Z00311,P0148,1,1
Z00312,P0001,1,2
Z00312,P0004,1,3
Z00312,P0005,1,1
Z00312,P0006,1,2
Z00312,P0021,1,1
Z00312,P0025,1,3
Z00312,P0045,1,5
Z00312,P0046,1,1
Z00312,P0047,1,2
Z00312,P0050,1,1
Z00312,P0052,1,2
Z00312,P0065,1,3
Z00312,P0095,1,4
Z00312,P0099,1,2
Z00312,P0108,1,3
Z00312,P0109,1,1
Z00312,P0111,1,3
Z00312,P0115,1,2
Z00312,P0123,1,1
Z00312,P0124,1,2
Z00312,P0128,1,2
Z00312,P0130,1,1
Z00313,P0004,1,3
Z00313,P0009,1,1
Z00313,P0013,1,4
Z00313,P0025,1,2
Z00313,P0033,1,2
Z00313,P0042,1,2
Z00313,P0045,1,2
Z00313,P0058,1,1
Z00313,P0060,1,6
Z00313,P0066,1,1
Z00313,P0085,1,3
Z00313,P0107,1,2
Z00313,P0114,1,3
Z00313,P0120,1,1
Z00313,P0131,1,2
Z00313,P0143,1,1
Z00313,P0150,1,1
Z00314,P0010,1,3
Z00314,P0025,1,2
Z00314,P0029,1,3
Z00314,P0044,1,2
Z00314,P0045,1,7
Z00314,P0047,1,3
Z00314,P0059,1,1
Z00314,P0060,1,4
Z00314,P0064,1,2
Z00314,P0069,1,3
Z00314,P0085,1,4
Z00314,P0093,1,4
Z00314,P0139,1,2
Z00315,P0017,1,1
Z00315,P0043,1,2
Z00315,P0093,1,2
Z00315,P0094,1,1
Z00315,P0099,1,2
Z00315,P0110,1,1
Z00315,P0115,1,2
Z00315,P0138,1,4
Z00316,P0027,1,1
Z00316,P0051,1,2
Z00316,P0083,1,1
Z00316,P0092,1,2
Z00316,P0095,1,4
Z00316,P0105,1,1
Z00316,P0112,1,2
Z00316,P0137,1,1
Z00317,P0002,1,4
Z00317,P0005,1,2
Z00317,P0013,1,6
Z00317,P0020,1,1
Z00317,P0029,1,2
Z00317,P0038,1,1
Z00317,P0050,1,4
Z00317,P0060,1,2
Z00317,P0068,1,6
Z00317,P0103,1,1
Z00317,P0133,1,2
Z00317,P0134,1,3
Z00318,P0004,1,2
Z00318,P0010,1,6
Z00318,P0014,1,2
Z00318,P0025,1,2
Z00318,P0030,1,5
Z00318,P0040,1,1
Z00318,P0046,1,3
Z00318,P0050,1,1
Z00318,P0054,1,3
Z00318,P0057,1,3
Z00318,P0073,1,3
Z00318,P0076,1,3
Z00318,P0085,1,4
Z00318,P0090,1,2
Z00318,P0095,1,5
Z00318,P0099,1,4
Z00318,P0100,1,1
Z00318,P0107,1,1
Z00318,P0109,1,2
Z00318,P0142,1,3
Z00319,P0029,1,3
Z00319,P0035,1,2
Z00319,P0039,1,2
Z00319,P0080,1,2
Z00319,P0086,1,2
Z00319,P0095,1,3
Z00319,P0099,1,2
Z00319,P0113,1,2
Z00319,P0123,1,3
Z00319,P0127,1,2
Z00319,P0147,1,3
Z00320,P0001,1,1
Z00320,P0023,1,1
Z00320,P0025,1,6
Z00320,P0033,1,1
Z00320,P0042,1,1
Z00320,P0043,1,1
Z00320,P0045,1,6
Z00320,P0049,1,5
Z00320,P0054,1,1
Z00320,P0061,1,1
Z00320,P0066,1,1
Z00320,P0070,1,2
Z00320,P0077,1,3
Z00320,P0098,1,1
Z00320,P0100,1,2
Z00320,P0118,1,2
Z00320,P0124,1,2
Z00320,P0131,1,2
Z00320,P0134,1,3
Z00320,P0142,1,3
Z00320,P0146,1,1
Z00321,P0003,1,4
Z00321,P0004,1,4
Z00321,P0012,1,2
Z00321,P0022,1,3
Z00321,P0030,1,2
Z00321,P0044,1,1
Z00321,P0061,1,1
Z00321,P0105,1,2
Z00321,P0118,1,1
Z00321,P0130,1,2
Z00321,P0131,1,1
Z00321,P0135,1,1
Z00322,P0010,1,3
Z00322,P0014,1,1
Z00322,P0018,1,1
Z00322,P0021,1,2
Z00322,P0025,1,6
Z00322,P0027,1,1
Z00322,P0028,1,1
Z00322,P0030,1,1
Z00322,P0040,1,2
Z00322,P0051,1,3
Z00322,P0052,1,2
Z00322,P0070,1,2
Z00322,P0086,1,1
Z00322,P0091,1,2
Z00322,P0093,1,4
Z00322,P0099,1,6
Z00322,P0101,1,2
Z00322,P0107,1,1
Z00322,P0110,1,2
Z00322,P0137,1,2
Z00322,P0142,1,3
Z00322,P0145,1,2
Z00322,P0149,1,2
Z00323,P0002,1,2
Z00323,P0010,1,4
Z00323,P0020,1,4
Z00323,P0025,1,2
Z00323,P0037,1,3
Z00323,P0045,1,5
Z00323,P0049,1,2
Z00323,P0053,1,1
Z00323,P0063,1,2
Z00323,P0064,1,4
Z00323,P0080,1,2
Z00323,P0087,1,1
Z00323,P0125,1,1
Z00323,P0130,1,2
Z00323,P0131,1,3
Z00323,P0132,1,1
Z00323,P0144,1,2
Z00323,P0147,1,3
Z00323,P0148,1,2
Z00324,P0010,1,4
Z00324,P0030,1,4
Z00324,P0045,1,4
Z00324,P0052,1,2
Z00324,P0058,1,1
Z00324,P0060,1,5
Z00324,P0077,1,3
Z00324,P0086,1,2
Z00324,P0087,1,1
Z00324,P0103,1,2
Z00324,P0107,1,2
Z00324,P0108,1,3
Z00324,P0120,1,2
Z00324,P0123,1,1
Z00324,P0133,1,1
Z00324,P0137,1,3
Z00324,P0143,1,3
Z00324,P0148,1,1
Z00325,P0002,1,2
Z00325,P0004,1,1
Z00325,P0031,1,1
Z00325,P0039,1,3
Z00325,P0045,1,5
Z00325,P0054,1,1
Z00325,P0063,1,5
Z00325,P0066,1,1
Z00325,P0073,1,4
Z00325,P0085,1,3
Z00325,P0088,1,2
Z00325,P0092,1,2
Z00325,P0104,1,1
Z00325,P0139,1,4
Z00325,P0150,1,1
Z00326,P0049,1,4
Z00326,P0051,1,3
Z00326,P0052,1,3
Z00326,P0054,1,10
Z00326,P0072,1,2
Z00326,P0092,1,2
Z00326,P0097,1,1
Z00326,P0099,1,4
Z00326,P0111,1,2
Z00326,P0112,1,1
Z00326,P0147,1,6
Z00327,P0010,1,3
Z00327,P0023,1,4
Z00327,P0025,1,3
Z00327,P0030,1,2
Z00327,P0033,1,4
Z00327,P0038,1,4
Z00327,P0045,1,4
Z00327,P0050,1,4
Z00327,P0051,1,1
Z00327,P0060,1,5
Z00327,P0062,1,2
Z00327,P0066,1,2
Z00327,P0087,1,3
Z00327,P0129,1,2
Z00327,P0131,1,4
Z00327,P0132,1,2
Z00327,P0134,1,4
Z00327,P0138,1,5
Z00327,P0149,1,3
Z00328,P0002,1,4
Z00328,P0006,1,1
Z00328,P0012,1,1
Z00328,P0013,1,3
Z00328,P0060,1,2
Z00328,P0063,1,3
Z00328,P0068,1,2
Z00328,P0082,1,1
Z00328,P0086,1,2
Z00328,P0092,1,2
Z00328,P0117,1,1
Z00328,P0140,1,2
Z00329,P0018,1,3
Z00329,P0039,1,3
Z00329,P0050,1,2
Z00329,P0056,1,1
Z00329,P0059,1,1
Z00329,P0071,1,3
Z00329,P0085,1,1
Z00329,P0091,1,2
Z00329,P0099,1,1
Z00329,P0120,1,2
Z00329,P0145,1,2
Z00330,P0006,1,4
Z00330,P0007,1,2
Z00330,P0010,1,3
Z00330,P0022,1,1
Z00330,P0023,1,2
Z00330,P0029,1,2
Z00330,P0049,1,4
Z00330,P0060,1,2
Z00330,P0076,1,1
Z00330,P0078,1,1
Z00330,P0086,1,2
Z00330,P0092,1,2
Z00330,P0093,1,2
Z00330,P0095,1,2
Z00330,P0101,1,1
Z00330,P0109,1,2
Z00330,P0120,1,1
Z00330,P0130,1,3
Z00330,P0144,1,2
Z00330,P0146,1,2
Z00331,P0004,1,3
Z00331,P0006,1,4
Z00331,P0007,1,2
Z00331,P0010,1,2
Z00331,P0013,1,4
Z00331,P0029,1,2
Z00331,P0063,1,5
Z00331,P0065,1,2
Z00331,P0066,1,1
Z00331,P0077,1,3
Z00331,P0087,1,1
Z00331,P0092,1,2
Z00331,P0095,1,2
Z00331,P0100,1,2
Z00331,P0130,1,1
Z00332,P0004,1,3
Z00332,P0018,1,1
Z00332,P0022,1,3
Z00332,P0039,1,2
Z00332,P0045,1,4
Z00332,P0054,1,1
Z00332,P0059,1,3
Z00332,P0062,1,3
Z00332,P0073,1,2
Z00332,P0078,1,1
Z00332,P0080,1,1
Z00332,P0087,1,2
Z00332,P0090,1,3
Z00332,P0093,1,1
Z00332,P0098,1,2
Z00332,P0099,1,3
Z00332,P0105,1,2
Z00332,P0108,1,3
Z00332,P0130,1,3
Z00332,P0134,1,2
Z00332,P0137,1,2
Z00332,P0146,1,3
Z00332,P0149,1,3
Z00332,P0150,1,3
Z00333,P0041,1,2
Z00333,P0045,1,5
Z00333,P0056,1,3
Z00333,P0064,1,3
Z00333,P0076,1,5
Z00333,P0077,1,1
Z00333,P0082,1,3
Z00333,P0093,1,3
Z00333,P0124,1,2
Z00333,P0129,1,3
Z00333,P0137,1,2
Z00334,P0010,1,3
Z00334,P0027,1,4
Z00334,P0039,1,3
Z00334,P0060,1,4
Z00334,P0061,1,2
Z00334,P0065,1,2
Z00334,P0066,1,2
Z00334,P0068,1,1
Z00334,P0071,1,2
Z00334,P0075,1,2
Z00334,P0089,1,2
Z00334,P0114,1,1
Z00334,P0130,1,2
Z00334,P0134,1,2
Z00334,P0135,1,1
Z00334,P0148,1,3
Z00335,P0004,1,2
Z00335,P0016,1,2
Z00335,P0071,1,1
Z00335,P0080,1,1
Z00335,P0125,1,1
Z00336,P0010,1,3
Z00336,P0011,1,2
Z00336,P0015,1,3
Z00336,P0020,1,1
Z00336,P0022,1,2
Z00336,P0033,1,1
Z00336,P0044,1,2
Z00336,P0051,1,4
Z00336,P0058,1,2
Z00336,P0061,1,3
Z00336,P0082,1,3
Z00336,P0093,1,2
Z00336,P0100,1,1
Z00336,P0104,1,2
Z00336,P0108,1,2
Z00336,P0115,1,4
Z00336,P0118,1,2
Z00336,P0123,1,1
Z00336,P0131,1,3
Z00336,P0134,1,1
Z00337,P0002,1,1
Z00337,P0038,1,1
Z00337,P0056,1,1
Z00337,P0066,1,3
Z00337,P0069,1,2
Z00337,P0107,1,1
Z00337,P0110,1,5
Z00337,P0127,1,3
Z00337,P0143,1,1
Z00337,P0146,1,1
Z00337,P0147,1,3
Z00338,P0006,1,3
Z00338,P0016,1,1
Z00338,P0018,1,4
Z00338,P0021,1,1
Z00338,P0029,1,2
Z00338,P0033,1,3
Z00338,P0037,1,2
Z00338,P0042,1,3
Z00338,P0048,1,2
Z00338,P0049,1,3
Z00338,P0051,1,3
Z00338,P0054,1,6
Z00338,P0061,1,1
Z00338,P0072,1,2
Z00338,P0075,1,3
Z00338,P0082,1,2
Z00338,P0086,1,2
Z00338,P0089,1,3
Z00338,P0090,1,2
Z00338,P0092,1,4
Z00338,P0105,1,2
Z00338,P0109,1,1
Z00338,P0113,1,2
Z00338,P0134,1,3
Z00339,P0010,1,1
Z00339,P0015,1,1
Z00339,P0024,1,1
Z00339,P0054,1,1
Z00339,P0060,1,1
Z00339,P0062,1,2
Z00339,P0064,1,1
Z00339,P0097,1,5
Z00339,P0108,1,1
Z00339,P0150,1,1
Z00340,P0004,1,1
Z00340,P0011,1,2
Z00340,P0013,1,1
Z00340,P0016,1,2
Z00340,P0043,1,4
Z00340,P0045,1,4
Z00340,P0069,1,4
Z00340,P0073,1,1
Z00340,P0077,1,4
Z00340,P0136,1,2
Z00341,P0004,1,3
Z00341,P0005,1,3
Z00341,P0010,1,2
Z00341,P0019,1,1
Z00341,P0023,1,1
Z00341,P0024,1,3
Z00341,P0032,1,1
Z00341,P0039,1,1
Z00341,P0064,1,4
Z00341,P0066,1,1
Z00341,P0073,1,6
Z00341,P0074,1,1
Z00341,P0086,1,4
Z00341,P0106,1,2
Z00341,P0131,1,5
Z00341,P0147,1,2
Z00342,P0009,1,3
Z00342,P0015,1,2
Z00342,P0030,1,1
Z00342,P0043,1,1
Z00342,P0051,1,3
Z00342,P0052,1,1
Z00342,P0060,1,4
Z00342,P0068,1,3
Z00342,P0071,1,2
Z00342,P0077,1,2
Z00342,P0087,1,2
Z00342,P0091,1,3
Z00342,P0093,1,3
Z00342,P0103,1,3
Z00342,P0111,1,1
Z00342,P0120,1,2
Z00343,P0007,1,3
Z00343,P0011,1,3
Z00343,P0013,1,1
Z00343,P0020,1,2
Z00343,P0029,1,3
Z00343,P0036,1,1
Z00343,P0037,1,2
Z00343,P0047,1,2
Z00343,P0050,1,4
Z00343,P0054,1,4
Z00343,P0060,1,4
Z00343,P0076,1,3
Z00343,P0077,1,3
Z00343,P0091,1,2
Z00343,P0108,1,2
Z00343,P0115,1,5
Z00343,P0124,1,1
Z00343,P0129,1,3
Z00343,P0136,1,1
Z00343,P0141,1,1
Z00343,P0142,1,3
Z00343,P0150,1,2
Z00344,P0004,1,1
Z00344,P0006,1,1
Z00344,P0022,1,2
Z00344,P0039,1,2
Z00344,P0050,1,2
Z00344,P0054,1,6
Z00344,P0056,1,1
Z00344,P0063,1,2
Z00344,P0066,1,1
Z00344,P0095,1,3
Z00344,P0115,1,3
Z00344,P0133,1,3
Z00344,P0143,1,2
Z00345,P0006,1,3
Z00345,P0020,1,1
Z00345,P0025,1,1
Z00345,P0033,1,2
Z00345,P0045,1,5
Z00345,P0047,1,4
Z00345,P0051,1,1
Z00345,P0054,1,5
Z00345,P0060,1,2
Z00345,P0108,1,2
Z00345,P0113,1,2
Z00345,P0123,1,2
Z00345,P0149,1,4
Z00345,P0150,1,2
Z00346,P0011,1,2
Z00346,P0013,1,5
Z00346,P0028,1,1
Z00346,P0084,1,2
Z00346,P0087,1,3
Z00346,P0090,1,1
Z00346,P0104,1,1
Z00346,P0109,1,3
Z00346,P0112,1,2
Z00346,P0123,1,2
Z00346,P0137,1,1
Z00346,P0143,1,2
Z00346,P0146,1,3
Z00347,P0010,1,2
Z00347,P0018,1,2
Z00347,P0030,1,3
Z00347,P0063,1,2
Z00347,P0098,1,3
Z00347,P0118,1,2
Z00347,P0138,1,3
Z00347,P0147,1,1
Z00348,P0005,1,2
Z00348,P0012,1,2
Z00348,P0034,1,1
Z00348,P0040,1,1
Z00348,P0043,1,1
Z00348,P0044,1,4
Z00348,P0045,1,6
Z00348,P0054,1,5
Z00348,P0064,1,3
Z00348,P0071,1,4
Z00348,P0087,1,2
Z00348,P0099,1,4
Z00348,P0110,1,1
Z00348,P0127,1,2
Z00348,P0129,1,1
Z00348,P0136,1,1
Z00349,P0005,1,3
Z00349,P0007,1,2
Z00349,P0011,1,2
Z00349,P0043,1,2
Z00349,P0093,1,3
Z00349,P0095,1,6
Z00349,P0096,1,2
Z00349,P0099,1,1
Z00349,P0113,1,1
Z00349,P0119,1,2
Z00350,P0003,1,3
Z00350,P0004,1,4
Z00350,P0010,1,1
Z00350,P0022,1,2
Z00350,P0037,1,2
Z00350,P0045,1,4
Z00350,P0064,1,3
Z00350,P0073,1,3
Z00350,P0095,1,2
Z00350,P0097,1,2
Z00350,P0109,1,2
Z00350,P0134,1,1
Z00350,P0139,1,2
Z00351,P0003,1,2
Z00351,P0013,1,3
Z00351,P0016,1,2
Z00351,P0035,1,4
Z00351,P0050,1,3
Z00351,P0054,1,7
Z00351,P0055,1,2
Z00351,P0060,1,4
Z00351,P0065,1,2
Z00351,P0080,1,1
Z00351,P0085,1,4
Z00351,P0090,1,3
Z00351,P0105,1,1
Z00351,P0108,1,1
Z00351,P0113,1,1
Z00351,P0115,1,1
Z00351,P0146,1,1
Z00351,P0147,1,1
Z00352,P0006,1,4
Z00352,P0010,1,5
Z00352,P0040,1,5
Z00352,P0060,1,2
Z00352,P0064,1,2
Z00352,P0076,1,2
Z00352,P0078,1,2
Z00352,P0087,1,3
Z00352,P0089,1,1
Z00352,P0115,1,3
Z00352,P0144,1,2
Z00352,P0148,1,1
Z00353,P0002,1,4
Z00353,P0029,1,1
Z00353,P0040,1,3
Z00353,P0044,1,4
Z00353,P0049,1,1
Z00353,P0077,1,3
Z00353,P0095,1,4
Z00353,P0099,1,5
Z00353,P0104,1,3
Z00353,P0113,1,1
Z00353,P0116,1,1
Z00353,P0131,1,1
Z00353,P0149,1,1
Z00354,P0003,1,3
Z00354,P0007,1,2
Z00354,P0015,1,4
Z00354,P0023,1,2
Z00354,P0025,1,4
Z00354,P0027,1,1
Z00354,P0037,1,1
Z00354,P0054,1,5
Z00354,P0060,1,4
Z00354,P0062,1,1
Z00354,P0071,1,5
Z00354,P0074,1,1
Z00354,P0076,1,1
Z00354,P0085,1,3
Z00354,P0091,1,2
Z00354,P0094,1,1
Z00354,P0100,1,3
Z00354,P0114,1,3
Z00354,P0124,1,2
Z00354,P0136,1,1
Z00354,P0149,1,3
Z00355,P0002,1,2
Z00355,P0006,1,4
Z00355,P0009,1,4
Z00355,P0051,1,3
Z00355,P0065,1,3
Z00355,P0071,1,1
Z00355,P0094,1,2
Z00355,P0100,1,1
Z00355,P0115,1,1
Z00355,P0122,1,2
Z00355,P0134,1,6
Z00355,P0146,1,2
Z00356,P0010,1,4
Z00356,P0015,1,1
Z00356,P0022,1,4
Z00356,P0028,1,1
Z00356,P0033,1,3
Z00356,P0035,1,2
Z00356,P0040,1,6
Z00356,P0041,1,1
Z00356,P0044,1,1
Z00356,P0060,1,2
Z00356,P0073,1,5
Z00356,P0089,1,3
Z00356,P0090,1,2
Z00356,P0095,1,2
Z00356,P0099,1,3
Z00356,P0107,1,1
Z00356,P0110,1,3
Z00356,P0112,1,3
Z00356,P0127,1,1
Z00356,P0129,1,2
Z00356,P0132,1,1
Z00356,P0134,1,5
Z00356,P0137,1,3
Z00356,P0143,1,5
Z00356,P0149,1,3
Z00357,P0002,1,1
Z00357,P0005,1,2
Z00357,P0013,1,1
Z00357,P0017,1,2
Z00357,P0029,1,3
Z00357,P0043,1,2
Z00357,P0055,1,1
Z00357,P0060,1,4
Z00357,P0073,1,2
Z00357,P0085,1,3
Z00357,P0095,1,2
Z00357,P0100,1,3
Z00357,P0104,1,4
Z00357,P0131,1,6
Z00357,P0146,1,2
Z00357,P0149,1,1
Z00357,P0150,1,3
Z00358,P0004,1,5
Z00358,P0011,1,2
Z00358,P0013,1,4
Z00358,P0029,1,3
Z00358,P0033,1,1
Z00358,P0063,1,2
Z00358,P0071,1,3
Z00358,P0073,1,5
Z00358,P0077,1,2
Z00358,P0087,1,3
Z00358,P0090,1,1
Z00358,P0093,1,3
Z00358,P0095,1,2
Z00358,P0105,1,2
Z00358,P0131,1,2
Z00358,P0132,1,3
Z00358,P0149,1,3
Z00358,P0150,1,2
Z00359,P0002,1,2
Z00359,P0009,1,1
Z00359,P0013,1,2
Z00359,P0023,1,1
Z00359,P0027,1,1
Z00359,P0028,1,2
Z00359,P0059,1,1
Z00359,P0060,1,2
Z00359,P0071,1,2
Z00359,P0094,1,3
Z00359,P0099,1,2
Z00359,P0105,1,2
Z00359,P0112,1,3
Z00359,P0133,1,3
Z00360,P0002,1,1
Z00360,P0013,1,2
Z00360,P0045,1,4
Z00360,P0050,1,1
Z00360,P0061,1,2
Z00360,P0064,1,3
Z00360,P0076,1,2
Z00360,P0086,1,4
Z00360,P0087,1,5
Z00360,P0106,1,1
Z00360,P0118,1,1
Z00360,P0147,1,1
Z00360,P0150,1,2
Z00361,P0005,1,2
Z00361,P0016,1,1
Z00361,P0025,1,6
Z00361,P0035,1,2
Z00361,P0044,1,3
Z00361,P0046,1,1
Z00361,P0064,1,2
Z00361,P0071,1,3
Z00361,P0075,1,3
Z00361,P0077,1,2
Z00361,P0101,1,1
Z00361,P0104,1,3
Z00361,P0114,1,1
Z00361,P0116,1,3
Z00361,P0129,1,3
Z00361,P0138,1,3
Z00361,P0146,1,2
Z00361,P0148,1,2
Z00362,P0025,1,4
Z00362,P0028,1,1
Z00362,P0036,1,2
Z00362,P0054,1,2
Z00362,P0055,1,2
Z00362,P0060,1,5
Z00362,P0083,1,1
Z00362,P0089,1,3
Z00362,P0099,1,4
Z00362,P0104,1,3
Z00362,P0120,1,2
Z00362,P0129,1,3
Z00362,P0133,1,1
Z00362,P0146,1,3
Z00362,P0147,1,3
Z00363,P0002,1,5
Z00363,P0006,1,3
Z00363,P0007,1,2
Z00363,P0010,1,2
Z00363,P0039,1,2
Z00363,P0046,1,3
Z00363,P0069,1,2
Z00363,P0072,1,2
Z00363,P0076,1,2
Z00363,P0090,1,3
Z00363,P0095,1,3
Z00363,P0100,1,1
Z00363,P0120,1,1
Z00363,P0132,1,1
Z00363,P0134,1,3
Z00363,P0145,1,4
Z00364,P0003,1,1
Z00364,P0010,1,3
Z00364,P0026,1,1
Z00364,P0053,1,1
Z00364,P0062,1,1
Z00364,P0115,1,3
Z00364,P0123,1,1
Z00364,P0134,1,2
Z00364,P0146,1,3
Z00365,P0001,1,1
Z00365,P0016,1,1
Z00365,P0025,1,1
Z00365,P0028,1,1
Z00365,P0033,1,1
Z00365,P0042,1,2
Z00365,P0045,1,2
Z00365,P0064,1,4
Z00365,P0065,1,1
Z00365,P0084,1,1
Z00365,P0093,1,2
Z00365,P0096,1,1
Z00365,P0097,1,1
Z00365,P0111,1,2
Z00365,P0113,1,2
Z00365,P0115,1,7
Z00365,P0123,1,1
Z00365,P0136,1,2
Z00365,P0137,1,1
Z00365,P0139,1,1
Z00365,P0143,1,4
Z00365,P0144,1,1
Z00366,P0004,1,4
Z00366,P0005,1,3
Z00366,P0007,1,1
Z00366,P0008,1,1
Z00366,P0009,1,1
Z00366,P0046,1,1
Z00366,P0049,1,2
Z00366,P0051,1,2
Z00366,P0054,1,5
Z00366,P0060,1,4
Z00366,P0065,1,4
Z00366,P0085,1,3
Z00366,P0090,1,1
Z00366,P0092,1,4
Z00366,P0115,1,3
Z00366,P0131,1,3
Z00366,P0135,1,4
Z00366,P0136,1,1
Z00366,P0143,1,2
Z00367,P0007,1,5
Z00367,P0017,1,3
Z00367,P0027,1,6
Z00367,P0044,1,1
Z00367,P0045,1,4
Z00367,P0049,1,3
Z00367,P0054,1,6
Z00367,P0071,1,2
Z00367,P0073,1,2
Z00367,P0076,1,1
Z00367,P0085,1,2
Z00367,P0089,1,2
Z00367,P0099,1,4
Z00367,P0103,1,1
Z00367,P0133,1,3
Z00367,P0141,1,1
Z00367,P0144,1,3
Z00368,P0001,1,1
Z00368,P0002,1,2
Z00368,P0004,1,1
Z00368,P0017,1,3
Z00368,P0022,1,4
Z00368,P0028,1,3
Z00368,P0037,1,1
Z00368,P0045,1,4
Z00368,P0072,1,1
Z00368,P0097,1,1
Z00368,P0099,1,5
Z00368,P0104,1,3
Z00368,P0105,1,2
Z00368,P0115,1,1
Z00368,P0117,1,1
Z00368,P0138,1,1
Z00368,P0145,1,3
Z00368,P0150,1,4
Z00369,P0024,1,1
Z00369,P0039,1,2
Z00369,P0100,1,2
Z00369,P0103,1,1
Z00369,P0113,1,1
Z00369,P0136,1,1
Z00369,P0138,1,3
Z00370,P0006,1,1
Z00370,P0037,1,2
Z00370,P0040,1,5
Z00370,P0041,1,1
Z00370,P0044,1,1
Z00370,P0054,1,3
Z00370,P0058,1,3
Z00370,P0063,1,2
Z00370,P0073,1,1
Z00370,P0078,1,1
Z00370,P0099,1,5
Z00370,P0105,1,3
Z00370,P0107,1,2
Z00370,P0116,1,1
Z00370,P0129,1,3
Z00370,P0131,1,2
Z00370,P0134,1,1
Z00370,P0138,1,5
Z00370,P0144,1,1
Z00371,P0015,1,3
Z00371,P0021,1,1
Z00371,P0028,1,3
Z00371,P0029,1,2
Z00371,P0046,1,1
Z00371,P0085,1,1
Z00371,P0141,1,2
Z00371,P0149,1,3
Z00372,P0007,1,1
Z00372,P0022,1,2
Z00372,P0056,1,3
Z00372,P0063,1,2
Z00372,P0075,1,1
Z00372,P0090,1,1
Z00372,P0100,1,3
Z00372,P0115,1,3
Z00372,P0133,1,3
Z00372,P0137,1,1
Z00372,P0141,1,2
Z00373,P0010,1,6
Z00373,P0015,1,2
Z00373,P0045,1,4
Z00373,P0065,1,3
Z00373,P0109,1,2
Z00373,P0113,1,2
Z00373,P0126,1,2
Z00373,P0127,1,1
Z00374,P0006,1,3
Z00374,P0022,1,5
Z00374,P0023,1,2
Z00374,P0025,1,1
Z00374,P0029,1,5
Z00374,P0035,1,1
Z00374,P0050,1,2
Z00374,P0064,1,2
Z00374,P0065,1,3
Z00374,P0095,1,3
Z00374,P0099,1,6
Z00374,P0107,1,1
Z00374,P0132,1,2
Z00374,P0135,1,2
Z00374,P0142,1,2
Z00375,P0003,1,2
Z00375,P0054,1,3
Z00375,P0073,1,3
Z00375,P0080,1,1
Z00375,P0091,1,1
Z00375,P0093,1,3
Z00375,P0100,1,3
Z00375,P0107,1,3
Z00375,P0114,1,1
Z00375,P0120,1,2
Z00375,P0142,1,2
Z00375,P0147,1,1
Z00376,P0004,1,4
Z00376,P0005,1,4
Z00376,P0006,1,2
Z00376,P0033,1,4
Z00376,P0046,1,1
Z00376,P0047,1,1
Z00376,P0049,1,4
Z00376,P0054,1,3
Z00376,P0063,1,4
Z00376,P0073,1,3
Z00376,P0075,1,1
Z00376,P0097,1,4
Z00376,P0101,1,2
Z00376,P0104,1,4
Z00376,P0109,1,3
Z00376,P0113,1,3
Z00376,P0135,1,3
Z00376,P0141,1,2
Z00376,P0142,1,2
Z00376,P0146,1,1
Z00376,P0150,1,3
Z00377,P0003,1,2
Z00377,P0018,1,3
Z00377,P0021,1,1
Z00377,P0027,1,3
Z00377,P0044,1,1
Z00377,P0064,1,2
Z00377,P0076,1,1
Z00377,P0077,1,2
Z00377,P0085,1,2
Z00377,P0086,1,1
Z00377,P0087,1,2
Z00377,P0088,1,1
Z00377,P0101,1,4
Z00377,P0110,1,3
Z00377,P0113,1,2
Z00377,P0115,1,4
Z00377,P0124,1,1
Z00377,P0137,1,2
Z00377,P0142,1,1
Z00377,P0145,1,2
Z00377,P0146,1,3
Z00378,P0003,1,3
Z00378,P0013,1,1
Z00378,P0015,1,2
Z00378,P0025,1,4
Z00378,P0037,1,3
Z00378,P0051,1,4
Z00378,P0060,1,3
Z00378,P0065,1,1
Z00378,P0068,1,2
Z00378,P0078,1,2
Z00378,P0087,1,7
Z00378,P0091,1,2
Z00378,P0103,1,2
Z00378,P0111,1,4
Z00378,P0138,1,1
Z00378,P0150,1,3
Z00379,P0007,1,3
Z00379,P0010,1,5
Z00379,P0013,1,3
Z00379,P0029,1,4
Z00379,P0034,1,1
Z00379,P0037,1,3
Z00379,P0040,1,2
Z00379,P0049,1,2
Z00379,P0067,1,1
Z00379,P0069,1,2
Z00379,P0070,1,2
Z00379,P0073,1,1
Z00379,P0076,1,6
Z00379,P0077,1,1
Z00379,P0080,1,4
Z00379,P0086,1,1
Z00379,P0089,1,6
Z00379,P0094,1,3
Z00379,P0098,1,1
Z00379,P0103,1,3
Z00379,P0115,1,6
Z00379,P0119,1,1
Z00379,P0130,1,4
Z00379,P0134,1,4
Z00379,P0146,1,2
Z00380,P0004,1,1
Z00380,P0005,1,4
Z00380,P0010,1,4
Z00380,P0028,1,3
Z00380,P0045,1,7
Z00380,P0050,1,4
Z00380,P0051,1,4
Z00380,P0064,1,3
Z00380,P0071,1,2
Z00380,P0083,1,1
Z00380,P0091,1,4
Z00380,P0096,1,2
Z00380,P0108,1,2
Z00380,P0112,1,2
Z00380,P0115,1,3
Z00380,P0117,1,3
Z00380,P0132,1,2
Z00380,P0145,1,4
Z00380,P0147,1,2
Z00381,P0004,1,4
Z00381,P0013,1,1
Z00381,P0015,1,4
Z00381,P0039,1,3
Z00381,P0045,1,4
Z00381,P0051,1,2
Z00381,P0059,1,1
Z00381,P0063,1,2
Z00381,P0080,1,2
Z00381,P0087,1,3
Z00381,P0095,1,1
Z00381,P0107,1,3
Z00381,P0122,1,2
Z00381,P0140,1,1
Z00382,P0036,1,1
Z00382,P0039,1,1
Z00382,P0050,1,2
Z00382,P0052,1,1
Z00382,P0066,1,1
Z00382,P0073,1,3
Z00382,P0076,1,3
Z00382,P0087,1,1
Z00382,P0090,1,2
Z00382,P0106,1,2
Z00382,P0109,1,1
Z00382,P0126,1,1
Z00382,P0132,1,3
Z00382,P0146,1,1
Z00382,P0150,1,1
Z00383,P0011,1,2
Z00383,P0022,1,2
Z00383,P0023,1,1
Z00383,P0030,1,1
Z00383,P0045,1,2
Z00383,P0093,1,3
Z00383,P0110,1,1
Z00383,P0115,1,3
Z00383,P0135,1,1
Z00383,P0147,1,1
Z00384,P0005,1,4
Z00384,P0007,1,2
Z00384,P0018,1,3
Z00384,P0022,1,2
Z00384,P0028,1,3
Z00384,P0030,1,2
Z00384,P0037,1,2
Z00384,P0045,1,5
Z00384,P0047,1,3
Z00384,P0051,1,2
Z00384,P0064,1,4
Z00384,P0071,1,2
Z00384,P0073,1,1
Z00384,P0076,1,2
Z00384,P0078,1,1
Z00384,P0090,1,2
Z00384,P0099,1,3
Z00384,P0104,1,9
Z00384,P0111,1,4
Z00384,P0112,1,4
Z00384,P0113,1,4
Z00384,P0115,1,1
Z00384,P0118,1,1
Z00384,P0130,1,2
Z00384,P0141,1,2
Z00385,P0007,1,4
Z00385,P0026,1,2
Z00385,P0027,1,3
Z00385,P0037,1,1
Z00385,P0039,1,3
Z00385,P0054,1,1
Z00385,P0060,1,3
Z00385,P0089,1,3
Z00385,P0093,1,2
Z00385,P0094,1,1
Z00385,P0103,1,6
Z00385,P0134,1,1
Z00385,P0136,1,2
Z00385,P0142,1,2
Z00385,P0146,1,3
Z00386,P0004,1,2
Z00386,P0010,1,1
Z00386,P0033,1,1
Z00386,P0051,1,1
Z00386,P0054,1,3
Z00386,P0086,1,1
Z00386,P0087,1,1
Z00386,P0098,1,2
Z00386,P0110,1,1
Z00386,P0114,1,1
Z00386,P0134,1,1
Z00386,P0148,1,2
Z00386,P0150,1,2
Z00387,P0004,1,3
Z00387,P0007,1,2
Z00387,P0015,1,2
Z00387,P0033,1,1
Z00387,P0047,1,4
Z00387,P0051,1,1
Z00387,P0052,1,2
Z00387,P0065,1,2
Z00387,P0066,1,2
Z00387,P0083,1,1
Z00387,P0095,1,6
Z00387,P0113,1,1
Z00387,P0120,1,2
Z00387,P0138,1,2
Z00388,P0011,1,3
Z00388,P0060,1,3
Z00388,P0064,1,3
Z00388,P0086,1,3
Z00388,P0099,1,2
Z00388,P0104,1,2
Z00388,P0118,1,2
Z00389,P0005,1,2
Z00389,P0007,1,2
Z00389,P0010,1,6
Z00389,P0013,1,2
Z00389,P0025,1,4
Z00389,P0028,1,3
Z00389,P0041,1,2
Z00389,P0045,1,3
Z00389,P0050,1,3
Z00389,P0060,1,1
Z00389,P0061,1,1
Z00389,P0063,1,4
Z00389,P0078,1,1
Z00389,P0091,1,1
Z00389,P0097,1,1
Z00389,P0100,1,2
Z00389,P0104,1,3
Z00389,P0108,1,1
Z00389,P0112,1,2
Z00389,P0115,1,1
Z00389,P0118,1,1
Z00389,P0131,1,5
Z00389,P0133,1,2
Z00389,P0138,1,1
Z00389,P0146,1,2
Z00389,P0147,1,2
Z00390,P0003,1,2
Z00390,P0004,1,3
Z00390,P0005,1,2
Z00390,P0006,1,3
Z00390,P0010,1,4
Z00390,P0011,1,3
Z00390,P0014,1,3
Z00390,P0030,1,3
Z00390,P0035,1,2
Z00390,P0037,1,3
Z00390,P0058,1,2
Z00390,P0071,1,3
Z00390,P0086,1,1
Z00390,P0090,1,3
Z00390,P0093,1,3
Z00390,P0095,1,3
Z00390,P0101,1,1
Z00390,P0107,1,2
Z00390,P0109,1,3
Z00390,P0113,1,6
Z00390,P0122,1,3
Z00390,P0123,1,4
Z00390,P0139,1,3
Z00390,P0140,1,1
Z00390,P0147,1,3
Z00391,P0006,1,1
Z00391,P0019,1,2
Z00391,P0031,1,4
Z00391,P0049,1,1
Z00391,P0063,1,1
Z00391,P0064,1,2
Z00391,P0073,1,3
Z00391,P0087,1,1
Z00391,P0101,1,5
Z00391,P0107,1,2
Z00391,P0113,1,1
Z00391,P0131,1,4
Z00391,P0134,1,4
Z00391,P0138,1,5
Z00391,P0139,1,3
Z00391,P0148,1,1
Z00392,P0014,1,1
Z00392,P0037,1,2
Z00392,P0047,1,2
Z00392,P0063,1,1
Z00392,P0064,1,3
Z00392,P0066,1,1
Z00392,P0085,1,5
Z00392,P0094,1,3
Z00392,P0104,1,3
Z00392,P0113,1,2
Z00392,P0115,1,4
Z00392,P0133,1,1
Z00392,P0135,1,2
Z00392,P0146,1,1
Z00392,P0147,1,3
Z00393,P0022,1,1
Z00393,P0049,1,1
Z00393,P0060,1,3
Z00393,P0069,1,2
Z00393,P0071,1,3
Z00393,P0073,1,3
Z00393,P0090,1,2
Z00393,P0093,1,2
Z00393,P0097,1,1
Z00393,P0110,1,2
Z00393,P0115,1,1
Z00393,P0132,1,1
Z00393,P0134,1,1
Z00393,P0143,1,3
Z00393,P0147,1,3
Z00393,P0150,1,3
Z00394,P0011,1,3
Z00394,P0044,1,4
Z00394,P0045,1,5
Z00394,P0049,1,3
Z00394,P0052,1,3
Z00394,P0064,1,2
Z00394,P0085,1,3
Z00394,P0086,1,3
Z00394,P0090,1,3
Z00394,P0108,1,2
Z00394,P0127,1,1
Z00394,P0134,1,2
Z00394,P0141,1,1
Z00395,P0008,1,1
Z00395,P0012,1,1
Z00395,P0026,1,2
Z00395,P0038,1,3
Z00395,P0058,1,2
Z00395,P0076,1,4
Z00395,P0086,1,1
Z00395,P0087,1,5
Z00395,P0132,1,3
Z00395,P0134,1,3
Z00395,P0137,1,2
Z00395,P0143,1,1
Z00395,P0149,1,1
Z00396,P0005,1,2
Z00396,P0029,1,3
Z00396,P0040,1,1
Z00396,P0058,1,1
Z00396,P0092,1,1
Z00396,P0094,1,2
Z00396,P0103,1,3
Z00396,P0106,1,2
Z00396,P0110,1,2
Z00396,P0112,1,4
Z00396,P0125,1,2
Z00397,P0017,1,2
Z00397,P0022,1,3
Z00397,P0046,1,2
Z00397,P0050,1,2
Z00397,P0060,1,3
Z00397,P0065,1,5
Z00397,P0076,1,2
Z00397,P0077,1,5
Z00397,P0078,1,4
Z00397,P0084,1,1
Z00397,P0085,1,7
Z00397,P0086,1,2
Z00397,P0097,1,2
Z00397,P0101,1,2
Z00397,P0103,1,3
Z00397,P0104,1,3
Z00397,P0111,1,1
Z00397,P0113,1,3
Z00397,P0127,1,2
Z00397,P0131,1,1
Z00397,P0132,1,4
Z00397,P0134,1,5
Z00397,P0137,1,1
Z00397,P0149,1,2
Z00398,P0018,1,2
Z00398,P0024,1,1
Z00398,P0050,1,2
Z00398,P0054,1,2
Z00398,P0087,1,3
Z00398,P0092,1,2
Z00398,P0109,1,3
Z00398,P0138,1,3
Z00398,P0147,1,5
Z00398,P0148,1,1
Z00399,P0001,1,3
Z00399,P0012,1,2
Z00399,P0017,1,1
Z00399,P0020,1,2
Z00399,P0022,1,4
Z00399,P0038,1,3
Z00399,P0048,1,1
Z00399,P0064,1,4
Z00399,P0083,1,3
Z00399,P0099,1,4
Z00399,P0112,1,2
Z00399,P0113,1,3
Z00400,P0004,1,1
Z00400,P0010,1,6
Z00400,P0056,1,2
Z00400,P0067,1,1
Z00400,P0068,1,2
Z00400,P0069,1,1
Z00400,P0070,1,1
Z00400,P0099,1,1
Z00400,P0138,1,1
Z00400,P0146,1,2
