zip_id,hub_id,d_ij
Z00001,H001,1202.4
Z00001,H002,884.11
Z00001,H003,117.93
Z00001,H004,5123.3
Z00001,H005,4293.61
Z00001,H006,5098.16
Z00001,H007,700.41
Z00001,H008,5870.8
Z00001,H009,4482.95
Z00001,H010,6089.36
Z00001,H011,3225.93
Z00001,H012,5694.23
Z00001,H013,5931.5
Z00001,H014,513.35
Z00001,H015,5543.59
Z00001,H016,760.19
Z00001,H017,6276.69
Z00001,H018,4551.57
Z00001,H019,2295.08
Z00001,H020,4881.06
Z00002,H001,607.79
Z00002,H002,561.19
Z00002,H003,812.01
Z00002,H004,5216.87
Z00002,H005,4875.9
Z00002,H006,5667.66
Z00002,H007,1245.74
Z00002,H008,5922.97
Z00002,H009,4474.17
Z00002,H010,6012.09
Z00002,H011,2438.61
Z00002,H012,6405.97
Z00002,H013,6420.12
Z00002,H014,374.83
Z00002,H015,6074.12
Z00002,H016,81.22
Z00002,H017,6204.24
Z00002,H018,5122.41
Z00002,H019,2099.84
Z00002,H020,5665.01
Z00003,H001,1122.81
Z00003,H002,948.73
Z00003,H003,17.44
Z00003,H004,5252.13
Z00003,H005,4406.35
Z00003,H006,5211.0
Z00003,H007,829.61
Z00003,H008,5745.35
Z00003,H009,4354.53
Z00003,H010,5960.34
Z00003,H011,3242.27
Z00003,H012,5784.83
Z00003,H013,6050.5
Z00003,H014,538.77
Z00003,H015,5461.04
Z00003,H016,746.59
Z00003,H017,6147.82
Z00003,H018,4665.11
Z00003,H019,2167.77
Z00003,H020,4953.29
Z00004,H001,5689.97
Z00004,H002,6332.77
Z00004,H003,5409.3
Z00004,H004,9036.37
Z00004,H005,6535.06
Z00004,H006,6744.9
Z00004,H007,5884.69
Z00004,H008,2363.48
Z00004,H009,2833.63
Z00004,H010,2987.87
Z00004,H011,8111.06
Z00004,H012,5798.95
Z00004,H013,7344.96
Z00004,H014,5890.07
Z00004,H015,117.74
Z00004,H016,5952.71
Z00004,H017,2995.63
Z00004,H018,6646.54
Z00004,H019,4479.3
Z00004,H020,4978.56
Z00005,H001,1140.49
Z00005,H002,150.46
Z00005,H003,1051.92
Z00005,H004,4668.72
Z00005,H005,4503.66
Z00005,H006,5275.69
Z00005,H007,1061.5
Z00005,H008,6477.72
Z00005,H009,5029.54
Z00005,H010,6564.42
Z00005,H011,2260.5
Z00005,H012,6119.53
Z00005,H013,5974.07
Z00005,H014,545.47
Z00005,H015,6509.25
Z00005,H016,549.97
Z00005,H017,6756.58
Z00005,H018,4738.86
Z00005,H019,2653.81
Z00005,H020,5484.73
Z00006,H001,1074.11
Z00006,H002,94.86
Z00006,H003,913.36
Z00006,H004,4747.05
Z00006,H005,4491.11
Z00006,H006,5271.04
Z00006,H007,977.05
Z00006,H008,6376.94
Z00006,H009,4932.33
Z00006,H010,6479.89
Z00006,H011,2380.92
Z00006,H012,6082.69
Z00006,H013,5990.93
Z00006,H014,407.81
Z00006,H015,6371.71
Z00006,H016,448.73
Z00006,H017,6671.98
Z00006,H018,4730.56
Z00006,H019,2566.9
Z00006,H020,5419.55
Z00007,H001,5772.98
Z00007,H002,4621.42
Z00007,H003,5191.28
Z00007,H004,62.85
Z00007,H005,2448.63
Z00007,H006,2399.51
Z00007,H007,4393.54
Z00007,H008,10840.24
Z00007,H009,9556.23
Z00007,H010,11165.39
Z00007,H011,4802.2
Z00007,H012,3578.28
Z00007,H013,2209.96
Z00007,H014,4989.93
Z00007,H015,8929.19
Z00007,H016,5154.96
Z00007,H017,11352.32
Z00007,H018,2363.83
Z00007,H019,7271.33
Z00007,H020,4119.26
Z00008,H001,5627.91
Z00008,H002,6763.48
Z00008,H003,6166.69
Z00008,H004,11404.92
Z00008,H005,9364.9
Z00008,H006,9719.95
Z00008,H007,6963.63
Z00008,H008,681.42
Z00008,H009,1800.99
Z00008,H010,198.06
Z00008,H011,6930.88
Z00008,H012,8770.51
Z00008,H013,10314.86
Z00008,H014,6381.41
Z00008,H015,3073.32
Z00008,H016,6229.8
Z00008,H017,6.81
Z00008,H018,9533.3
Z00008,H019,4110.86
Z00008,H020,7963.94
Z00009,H001,1801.48
Z00009,H002,933.21
Z00009,H003,845.51
Z00009,H004,4418.11
Z00009,H005,3632.01
Z00009,H006,4432.54
Z00009,H007,28.21
Z00009,H008,6547.7
Z00009,H009,5187.28
Z00009,H010,6798.19
Z00009,H011,3292.55
Z00009,H012,5134.8
Z00009,H013,5236.02
Z00009,H014,906.2
Z00009,H015,5945.51
Z00009,H016,1197.79
Z00009,H017,6983.52
Z00009,H018,3884.82
Z00009,H019,3021.05
Z00009,H020,4427.05
Z00010,H001,842.16
Z00010,H002,385.03
Z00010,H003,663.99
Z00010,H004,5028.71
Z00010,H005,4619.11
Z00010,H006,5411.91
Z00010,H007,989.93
Z00010,H008,6071.81
Z00010,H009,4631.51
Z00010,H010,6192.02
Z00010,H011,2567.14
Z00010,H012,6150.12
Z00010,H013,6171.38
Z00010,H014,148.31
Z00010,H015,6072.93
Z00010,H016,191.89
Z00010,H017,6383.84
Z00010,H018,4866.25
Z00010,H019,2282.04
Z00010,H020,5420.72
Z00011,H001,1901.11
Z00011,H002,1059.85
Z00011,H003,902.15
Z00011,H004,4401.21
Z00011,H005,3536.94
Z00011,H006,4339.28
Z00011,H007,146.01
Z00011,H008,6550.49
Z00011,H009,5207.24
Z00011,H010,6819.4
Z00011,H011,3416.38
Z00011,H012,5021.44
Z00011,H013,5154.29
Z00011,H014,1015.58
Z00011,H015,5876.3
Z00011,H016,1309.71
Z00011,H017,7002.99
Z00011,H018,3791.52
Z00011,H019,3078.96
Z00011,H020,4303.93
Z00012,H001,6238.99
Z00012,H002,5194.25
Z00012,H003,5206.05
Z00012,H004,2508.35
Z00012,H005,806.72
Z00012,H006,63.36
Z00012,H007,4466.18
Z00012,H008,8992.86
Z00012,H009,8554.73
Z00012,H010,9618.41
Z00012,H011,6602.46
Z00012,H012,1181.31
Z00012,H013,963.49
Z00012,H014,5334.47
Z00012,H015,6611.34
Z00012,H016,5613.08
Z00012,H017,9662.46
Z00012,H018,556.07
Z00012,H019,7266.84
Z00012,H020,1706.01
Z00013,H001,5353.68
Z00013,H002,6435.56
Z00013,H003,5744.5
Z00013,H004,10892.91
Z00013,H005,8693.83
Z00013,H006,9067.0
Z00013,H007,6510.94
Z00013,H008,29.9
Z00013,H009,1431.25
Z00013,H010,611.77
Z00013,H011,6996.0
Z00013,H012,8184.13
Z00013,H013,9729.38
Z00013,H014,6022.79
Z00013,H015,2475.49
Z00013,H016,5909.92
Z00013,H017,671.67
Z00013,H018,8863.0
Z00013,H019,3822.03
Z00013,H020,7325.23
Z00014,H001,5890.56
Z00014,H002,6498.52
Z00014,H003,5570.71
Z00014,H004,8969.19
Z00014,H005,6462.85
Z00014,H006,6630.68
Z00014,H007,6015.16
Z00014,H008,2519.82
Z00014,H009,3056.63
Z00014,H010,3137.03
Z00014,H011,8328.83
Z00014,H012,5647.57
Z00014,H013,7195.09
Z00014,H014,6059.61
Z00014,H015,116.43
Z00014,H016,6133.32
Z00014,H017,3132.11
Z00014,H018,6561.05
Z00014,H019,4702.41
Z00014,H020,4862.7
Z00015,H001,5513.99
Z00015,H002,6648.43
Z00015,H003,6051.25
Z00015,H004,11289.44
Z00015,H005,9295.6
Z00015,H006,9677.82
Z00015,H007,6848.71
Z00015,H008,626.54
Z00015,H009,1686.25
Z00015,H010,85.96
Z00015,H011,6844.08
Z00015,H012,8760.57
Z00015,H013,10307.8
Z00015,H014,6265.81
Z00015,H015,3053.98
Z00015,H016,6114.8
Z00015,H017,110.52
Z00015,H018,9470.89
Z00015,H019,3995.95
Z00015,H020,7930.29
Z00016,H001,5794.92
Z00016,H002,4644.74
Z00016,H003,5219.37
Z00016,H004,27.55
Z00016,H005,2480.13
Z00016,H006,2423.43
Z00016,H007,4422.68
Z00016,H008,10874.4
Z00016,H009,9585.33
Z00016,H010,11193.22
Z00016,H011,4804.38
Z00016,H012,3598.22
Z00016,H013,2221.11
Z00016,H014,5015.06
Z00016,H015,8961.45
Z00016,H016,5178.4
Z00016,H017,11380.96
Z00016,H018,2393.37
Z00016,H019,7295.45
Z00016,H020,4146.67
Z00017,H001,629.9
Z00017,H002,564.06
Z00017,H003,721.09
Z00017,H004,5222.85
Z00017,H005,4825.13
Z00017,H006,5619.6
Z00017,H007,1182.25
Z00017,H008,5898.46
Z00017,H009,4452.77
Z00017,H010,6001.66
Z00017,H011,2527.96
Z00017,H012,6340.04
Z00017,H013,6383.16
Z00017,H014,303.5
Z00017,H015,6003.17
Z00017,H016,32.56
Z00017,H017,6193.69
Z00017,H018,5073.4
Z00017,H019,2088.85
Z00017,H020,5587.98
Z00018,H001,6937.44
Z00018,H002,6055.66
Z00018,H003,5825.61
Z00018,H004,3700.11
Z00018,H005,1819.84
Z00018,H006,1323.62
Z00018,H007,5211.13
Z00018,H008,8095.78
Z00018,H009,8112.23
Z00018,H010,8716.04
Z00018,H011,7788.96
Z00018,H012,85.86
Z00018,H013,1616.87
Z00018,H014,6085.82
Z00018,H015,5642.85
Z00018,H016,6380.95
Z00018,H017,8703.09
Z00018,H018,1667.63
Z00018,H019,7586.54
Z00018,H020,1068.67
Z00019,H001,1153.52
Z00019,H002,125.47
Z00019,H003,1036.89
Z00019,H004,4657.0
Z00019,H005,4478.9
Z00019,H006,5251.68
Z00019,H007,1034.62
Z00019,H008,6483.86
Z00019,H009,5036.56
Z00019,H010,6574.67
Z00019,H011,2284.44
Z00019,H012,6093.18
Z00019,H013,5952.39
Z00019,H014,534.97
Z00019,H015,6498.78
Z00019,H016,554.2
Z00019,H017,6766.83
Z00019,H018,4714.48
Z00019,H019,2663.15
Z00019,H020,5457.46
Z00020,H001,2506.37
Z00020,H002,2459.03
Z00020,H003,3256.0
Z00020,H004,4926.18
Z00020,H005,6087.42
Z00020,H006,6682.77
Z00020,H007,3341.22
Z00020,H008,6917.94
Z00020,H009,5632.94
Z00020,H010,6647.12
Z00020,H011,126.87
Z00020,H012,7828.87
Z00020,H013,7002.19
Z00020,H014,2745.13
Z00020,H015,8162.23
Z00020,H016,2529.15
Z00020,H017,6806.91
Z00020,H018,6249.56
Z00020,H019,3579.58
Z00020,H020,7523.66
Z00021,H001,6237.82
Z00021,H002,5194.07
Z00021,H003,5204.06
Z00021,H004,2515.43
Z00021,H005,805.28
Z00021,H006,70.63
Z00021,H007,4464.88
Z00021,H008,8985.4
Z00021,H009,8548.37
Z00021,H010,9610.98
Z00021,H011,6605.88
Z00021,H012,1175.84
Z00021,H013,968.86
Z00021,H014,5333.46
Z00021,H015,6603.84
Z00021,H016,5612.26
Z00021,H017,9654.97
Z00021,H018,555.51
Z00021,H019,7263.58
Z00021,H020,1698.52
Z00022,H001,619.02
Z00022,H002,649.72
Z00022,H003,613.6
Z00022,H004,5295.07
Z00022,H005,4814.63
Z00022,H006,5613.05
Z00022,H007,1157.39
Z00022,H008,5805.7
Z00022,H009,4364.36
Z00022,H010,5924.92
Z00022,H011,2654.9
Z00022,H012,6299.82
Z00022,H013,6394.23
Z00022,H014,291.98
Z00022,H015,5872.34
Z00022,H016,161.08
Z00022,H017,6116.7
Z00022,H018,5065.74
Z00022,H019,2016.13
Z00022,H020,5524.08
Z00023,H001,5674.74
Z00023,H002,6798.72
Z00023,H003,6173.18
Z00023,H004,11398.84
Z00023,H005,9243.29
Z00023,H006,9573.74
Z00023,H007,6961.75
Z00023,H008,564.2
Z00023,H009,1805.23
Z00023,H010,288.59
Z00023,H011,7051.48
Z00023,H012,8610.35
Z00023,H013,10153.62
Z00023,H014,6407.26
Z00023,H015,2917.72
Z00023,H016,6266.05
Z00023,H017,167.83
Z00023,H018,9404.0
Z00023,H019,4149.95
Z00023,H020,7813.67
Z00024,H001,1171.61
Z00024,H002,91.61
Z00024,H003,1015.38
Z00024,H004,4641.73
Z00024,H005,4444.49
Z00024,H006,5218.38
Z00024,H007,996.45
Z00024,H008,6491.25
Z00024,H009,5045.31
Z00024,H010,6587.92
Z00024,H011,2318.99
Z00024,H012,6056.28
Z00024,H013,5922.56
Z00024,H014,520.94
Z00024,H015,6482.74
Z00024,H016,561.1
Z00024,H017,6780.06
Z00024,H018,4680.64
Z00024,H019,2675.47
Z00024,H020,5418.98
Z00025,H001,888.18
Z00025,H002,457.56
Z00025,H003,529.14
Z00025,H004,5047.28
Z00025,H005,4549.66
Z00025,H006,5346.43
Z00025,H007,899.7
Z00025,H008,6028.05
Z00025,H009,4595.29
Z00025,H010,6168.96
Z00025,H011,2704.09
Z00025,H012,6056.24
Z00025,H013,6122.74
Z00025,H014,20.27
Z00025,H015,5961.7
Z00025,H016,277.32
Z00025,H017,6360.27
Z00025,H018,4799.52
Z00025,H019,2269.16
Z00025,H020,5308.71
Z00026,H001,6267.34
Z00026,H002,5220.09
Z00026,H003,5236.13
Z00026,H004,2496.71
Z00026,H005,835.9
Z00026,H006,57.84
Z00026,H007,4494.82
Z00026,H008,9017.1
Z00026,H009,8586.34
Z00026,H010,9643.21
Z00026,H011,6615.16
Z00026,H012,1180.15
Z00026,H013,930.45
Z00026,H014,5362.45
Z00026,H015,6631.59
Z00026,H016,5640.59
Z00026,H017,9685.59
Z00026,H018,583.36
Z00026,H019,7298.93
Z00026,H020,1726.13
Z00027,H001,5407.01
Z00027,H002,4381.52
Z00027,H003,4370.44
Z00027,H004,2554.2
Z00027,H005,52.41
Z00027,H006,836.97
Z00027,H007,3633.28
Z00027,H008,8632.38
Z00027,H009,7925.91
Z00027,H010,9219.52
Z00027,H011,5975.27
Z00027,H012,1739.55
Z00027,H013,1732.24
Z00027,H014,4504.66
Z00027,H015,6434.63
Z00027,H016,4786.09
Z00027,H017,9312.99
Z00027,H018,302.35
Z00027,H019,6446.52
Z00027,H020,1738.75
Z00028,H001,6228.44
Z00028,H002,5177.57
Z00028,H003,5200.89
Z00028,H004,2459.65
Z00028,H005,799.53
Z00028,H006,15.78
Z00028,H007,4456.55
Z00028,H008,9035.7
Z00028,H009,8583.58
Z00028,H010,9660.61
Z00028,H011,6565.86
Z00028,H012,1226.75
Z00028,H013,944.64
Z00028,H014,5322.98
Z00028,H015,6657.46
Z00028,H016,5600.34
Z00028,H017,9706.33
Z00028,H018,543.95
Z00028,H019,7270.27
Z00028,H020,1752.39
Z00029,H001,1123.85
Z00029,H002,936.94
Z00029,H003,5.54
Z00029,H004,5240.17
Z00029,H005,4399.92
Z00029,H006,5204.56
Z00029,H007,819.08
Z00029,H008,5757.93
Z00029,H009,4366.63
Z00029,H010,5972.23
Z00029,H011,3234.01
Z00029,H012,5781.82
Z00029,H013,6042.92
Z00029,H014,528.93
Z00029,H015,5473.38
Z00029,H016,740.14
Z00029,H017,6159.77
Z00029,H018,4658.55
Z00029,H019,2177.42
Z00029,H020,4952.61
Z00030,H001,5442.18
Z00030,H002,6521.84
Z00030,H003,5825.83
Z00030,H004,10955.43
Z00030,H005,8715.62
Z00030,H006,9068.12
Z00030,H007,6589.25
Z00030,H008,66.49
Z00030,H009,1519.79
Z00030,H010,623.6
Z00030,H011,7081.25
Z00030,H012,8161.74
Z00030,H013,9708.77
Z00030,H014,6107.86
Z00030,H015,2451.65
Z00030,H016,5996.76
Z00030,H017,657.27
Z00030,H018,8879.15
Z00030,H019,3910.71
Z00030,H020,7318.99
Z00031,H001,907.34
Z00031,H002,362.02
Z00031,H003,627.14
Z00031,H004,4982.29
Z00031,H005,4547.96
Z00031,H006,5341.36
Z00031,H007,917.21
Z00031,H008,6106.67
Z00031,H009,4669.76
Z00031,H010,6236.38
Z00031,H011,2613.24
Z00031,H012,6077.37
Z00031,H013,6103.92
Z00031,H014,104.21
Z00031,H015,6064.2
Z00031,H016,261.76
Z00031,H017,6428.0
Z00031,H018,4795.48
Z00031,H019,2329.71
Z00031,H020,5349.58
Z00032,H001,5423.43
Z00032,H002,6558.15
Z00032,H003,5963.73
Z00032,H004,11201.55
Z00032,H005,9254.12
Z00032,H006,9658.53
Z00032,H007,6762.35
Z00032,H008,612.46
Z00032,H009,1600.63
Z00032,H010,17.95
Z00032,H011,6766.06
Z00032,H012,8768.0
Z00032,H013,10315.32
Z00032,H014,6176.12
Z00032,H015,3058.17
Z00032,H016,6024.49
Z00032,H017,199.81
Z00032,H018,9435.09
Z00032,H019,3905.59
Z00032,H020,7919.53
Z00033,H001,3897.82
Z00033,H002,4992.71
Z00033,H003,4355.84
Z00033,H004,9593.44
Z00033,H005,7991.55
Z00033,H006,8618.52
Z00033,H007,5152.04
Z00033,H008,1479.09
Z00033,H009,43.63
Z00033,H010,1621.56
Z00033,H011,5688.46
Z00033,H012,8184.06
Z00033,H013,9515.18
Z00033,H014,4591.6
Z00033,H015,2993.75
Z00033,H016,4463.24
Z00033,H017,1806.99
Z00033,H018,8223.94
Z00033,H019,2365.87
Z00033,H020,7138.09
Z00034,H001,6117.79
Z00034,H002,5391.86
Z00034,H003,4998.48
Z00034,H004,4191.51
Z00034,H005,1804.36
Z00034,H006,1781.82
Z00034,H007,4493.64
Z00034,H008,7300.71
Z00034,H009,7117.69
Z00034,H010,7930.36
Z00034,H011,7466.64
Z00034,H012,1061.34
Z00034,H013,2451.61
Z00034,H014,5333.95
Z00034,H015,4893.16
Z00034,H016,5628.94
Z00034,H017,7957.54
Z00034,H018,1803.71
Z00034,H019,6589.22
Z00034,H020,45.19
Z00035,H001,6926.38
Z00035,H002,6039.64
Z00035,H003,5815.52
Z00035,H004,3671.24
Z00035,H005,1795.52
Z00035,H006,1294.89
Z00035,H007,5197.37
Z00035,H008,8120.75
Z00035,H009,8129.09
Z00035,H010,8741.47
Z00035,H011,7764.21
Z00035,H012,57.22
Z00035,H013,1591.04
Z00035,H014,6072.65
Z00035,H015,5667.95
Z00035,H016,6367.6
Z00035,H017,8729.33
Z00035,H018,1641.48
Z00035,H019,7585.75
Z00035,H020,1076.29
Z00036,H001,5822.23
Z00036,H002,4672.38
Z00036,H003,5247.6
Z00036,H004,21.96
Z00036,H005,2492.44
Z00036,H006,2426.29
Z00036,H007,4450.89
Z00036,H008,10900.68
Z00036,H009,9613.54
Z00036,H010,11221.44
Z00036,H011,4822.83
Z00036,H012,3596.91
Z00036,H013,2212.32
Z00036,H014,5043.03
Z00036,H015,8974.69
Z00036,H016,5206.07
Z00036,H017,11409.19
Z00036,H018,2402.86
Z00036,H019,7323.24
Z00036,H020,4153.31
Z00037,H001,1726.45
Z00037,H002,850.3
Z00037,H003,799.06
Z00037,H004,4448.91
Z00037,H005,3706.49
Z00037,H006,4506.01
Z00037,H007,64.57
Z00037,H008,6526.66
Z00037,H009,5156.1
Z00037,H010,6765.41
Z00037,H011,3217.05
Z00037,H012,5216.62
Z00037,H013,5303.61
Z00037,H014,827.27
Z00037,H015,5974.36
Z00037,H016,1117.32
Z00037,H017,6951.71
Z00037,H018,3958.43
Z00037,H019,2968.22
Z00037,H020,4511.16
Z00038,H001,1723.9
Z00038,H002,846.41
Z00038,H003,798.5
Z00038,H004,4448.84
Z00038,H005,3709.04
Z00038,H006,4508.48
Z00038,H007,68.53
Z00038,H008,6527.23
Z00038,H009,5156.18
Z00038,H010,6765.39
Z00038,H011,3213.07
Z00038,H012,5219.84
Z00038,H013,5305.65
Z00038,H014,824.4
Z00038,H015,5977.07
Z00038,H016,1114.29
Z00038,H017,6951.74
Z00038,H018,3960.91
Z00038,H019,2967.15
Z00038,H020,4514.81
Z00039,H001,6116.53
Z00039,H002,5384.93
Z00039,H003,4996.95
Z00039,H004,4166.69
Z00039,H005,1781.09
Z00039,H006,1757.12
Z00039,H007,4487.83
Z00039,H008,7324.59
Z00039,H009,7137.38
Z00039,H010,7954.22
Z00039,H011,7452.65
Z00039,H012,1045.57
Z00039,H013,2429.13
Z00039,H014,5329.82
Z00039,H015,4917.7
Z00039,H016,5624.98
Z00039,H017,7981.74
Z00039,H018,1779.39
Z00039,H019,6596.98
Z00039,H020,41.45
Z00040,H001,1775.36
Z00040,H002,941.09
Z00040,H003,799.93
Z00040,H004,4470.41
Z00040,H005,3660.29
Z00040,H006,4461.88
Z00040,H007,42.16
Z00040,H008,6493.72
Z00040,H009,5135.23
Z00040,H010,6746.43
Z00040,H011,3314.57
Z00040,H012,5150.25
Z00040,H013,5271.01
Z00040,H014,887.0
Z00040,H015,5894.66
Z00040,H016,1180.9
Z00040,H017,6931.51
Z00040,H018,3914.09
Z00040,H019,2977.0
Z00040,H020,4430.58
Z00041,H001,5667.96
Z00041,H002,4622.47
Z00041,H003,4643.8
Z00041,H004,2416.85
Z00041,H005,247.03
Z00041,H006,564.26
Z00041,H007,3896.13
Z00041,H008,8847.41
Z00041,H009,8196.95
Z00041,H010,9447.45
Z00041,H011,6114.89
Z00041,H012,1599.84
Z00041,H013,1444.57
Z00041,H014,4762.66
Z00041,H015,6588.06
Z00041,H016,5040.61
Z00041,H017,9529.61
Z00041,H018,16.67
Z00041,H019,6731.1
Z00041,H020,1782.33
Z00042,H001,5443.35
Z00042,H002,4389.05
Z00042,H003,4430.86
Z00042,H004,2350.14
Z00042,H005,156.28
Z00042,H006,791.03
Z00042,H007,3674.01
Z00042,H008,8830.55
Z00042,H009,8091.74
Z00042,H010,9413.11
Z00042,H011,5885.97
Z00042,H012,1825.05
Z00042,H013,1630.63
Z00042,H014,4536.7
Z00042,H015,6639.02
Z00042,H016,4812.56
Z00042,H017,9510.23
Z00042,H018,254.9
Z00042,H019,6536.95
Z00042,H020,1917.23
Z00043,H001,1553.27
Z00043,H002,2665.86
Z00043,H003,2173.23
Z00043,H004,7321.47
Z00043,H005,6465.48
Z00043,H006,7257.64
Z00043,H007,2990.2
Z00043,H008,3822.61
Z00043,H009,2369.18
Z00043,H010,3899.97
Z00043,H011,3683.69
Z00043,H012,7538.42
Z00043,H013,8150.59
Z00043,H014,2293.65
Z00043,H015,4541.88
Z00043,H016,2132.33
Z00043,H017,4091.95
Z00043,H018,6727.78
Z00043,H019,49.6
Z00043,H020,6519.37
Z00044,H001,5425.36
Z00044,H002,4393.33
Z00044,H003,4393.63
Z00044,H004,2509.49
Z00044,H005,7.96
Z00044,H006,812.47
Z00044,H007,3652.1
Z00044,H008,8679.22
Z00044,H009,7969.21
Z00044,H010,9266.16
Z00044,H011,5964.82
Z00044,H012,1747.3
Z00044,H013,1699.04
Z00044,H014,4521.87
Z00044,H015,6479.69
Z00044,H016,4802.17
Z00044,H017,9359.82
Z00044,H018,270.26
Z00044,H019,6476.23
Z00044,H020,1772.82
Z00045,H001,6851.97
Z00045,H002,5733.19
Z00045,H003,5898.31
Z00045,H004,2093.17
Z00045,H005,1575.4
Z00045,H006,855.5
Z00045,H007,5113.16
Z00045,H008,9760.84
Z00045,H009,9448.65
Z00045,H010,10389.17
Z00045,H011,6706.28
Z00045,H012,1620.98
Z00045,H013,173.18
Z00045,H014,5946.08
Z00045,H015,7318.22
Z00045,H016,6203.79
Z00045,H017,10391.95
Z00045,H018,1317.46
Z00045,H019,8034.01
Z00045,H020,2470.08
Z00046,H001,5762.49
Z00046,H002,4720.16
Z00046,H003,4734.21
Z00046,H004,2446.38
Z00046,H005,332.86
Z00046,H006,471.92
Z00046,H007,3990.01
Z00046,H008,8855.02
Z00046,H009,8242.28
Z00046,H010,9461.18
Z00046,H011,6208.74
Z00046,H012,1509.03
Z00046,H013,1369.23
Z00046,H014,4857.78
Z00046,H015,6570.34
Z00046,H016,5136.45
Z00046,H017,9536.9
Z00046,H018,82.75
Z00046,H019,6813.73
Z00046,H020,1735.88
Z00047,H001,5466.85
Z00047,H002,4426.86
Z00047,H003,4441.05
Z00047,H004,2453.26
Z00047,H005,60.55
Z00047,H006,766.37
Z00047,H007,3694.5
Z00047,H008,8744.21
Z00047,H009,8035.62
Z00047,H010,9332.18
Z00047,H011,5967.45
Z00047,H012,1742.84
Z00047,H013,1641.55
Z00047,H014,4562.12
Z00047,H015,6537.12
Z00047,H016,4840.97
Z00047,H017,9425.04
Z00047,H018,218.97
Z00047,H019,6530.69
Z00047,H020,1809.2
Z00048,H001,5816.64
Z00048,H002,4665.07
Z00048,H003,5233.8
Z00048,H004,51.95
Z00048,H005,2457.69
Z00048,H006,2393.2
Z00048,H007,4435.53
Z00048,H008,10875.69
Z00048,H009,9598.17
Z00048,H010,11207.9
Z00048,H011,4837.68
Z00048,H012,3565.79
Z00048,H013,2186.49
Z00048,H014,5033.37
Z00048,H015,8939.99
Z00048,H016,5198.59
Z00048,H017,11394.4
Z00048,H018,2368.17
Z00048,H019,7314.91
Z00048,H020,4119.09
Z00049,H001,1588.54
Z00049,H002,2705.85
Z00049,H003,2218.87
Z00049,H004,7362.58
Z00049,H005,6511.56
Z00049,H006,7303.48
Z00049,H007,3035.66
Z00049,H008,3787.7
Z00049,H009,2334.16
Z00049,H010,3859.87
Z00049,H011,3695.29
Z00049,H012,7579.63
Z00049,H013,8196.85
Z00049,H014,2335.99
Z00049,H015,4534.23
Z00049,H016,2172.15
Z00049,H017,4051.91
Z00049,H018,6773.85
Z00049,H019,58.42
Z00049,H020,6558.42
Z00050,H001,5807.59
Z00050,H002,4657.98
Z00050,H003,5234.44
Z00050,H004,12.74
Z00050,H005,2493.72
Z00050,H006,2432.68
Z00050,H007,4438.13
Z00050,H008,10891.33
Z00050,H009,9600.72
Z00050,H010,11208.09
Z00050,H011,4808.37
Z00050,H012,3605.28
Z00050,H013,2223.76
Z00050,H014,5029.0
Z00050,H015,8975.44
Z00050,H016,5191.68
Z00050,H017,11396.12
Z00050,H018,2405.76
Z00050,H019,7308.97
Z00050,H020,4157.79
Z00051,H001,1225.52
Z00051,H002,60.78
Z00051,H003,945.23
Z00051,H004,4604.49
Z00051,H005,4341.61
Z00051,H006,5119.42
Z00051,H007,875.08
Z00051,H008,6503.82
Z00051,H009,5063.15
Z00051,H010,6619.29
Z00051,H011,2432.71
Z00051,H012,5943.57
Z00051,H013,5835.75
Z00051,H014,483.51
Z00051,H015,6422.59
Z00051,H016,588.79
Z00051,H017,6811.27
Z00051,H018,4579.84
Z00051,H019,2706.91
Z00051,H020,5298.97
Z00052,H001,5901.72
Z00052,H002,6547.21
Z00052,H003,5623.17
Z00052,H004,9121.94
Z00052,H005,6615.67
Z00052,H006,6784.55
Z00052,H007,6091.73
Z00052,H008,2373.75
Z00052,H009,2956.71
Z00052,H010,2988.6
Z00052,H011,8312.11
Z00052,H012,5796.77
Z00052,H013,7344.2
Z00052,H014,6104.8
Z00052,H015,162.49
Z00052,H016,6167.66
Z00052,H017,2981.14
Z00052,H018,6714.85
Z00052,H019,4675.76
Z00052,H020,5016.61
Z00053,H001,7011.3
Z00053,H002,5899.18
Z00053,H003,6043.73
Z00053,H004,2245.44
Z00053,H005,1688.16
Z00053,H006,927.78
Z00053,H007,5264.85
Z00053,H008,9696.14
Z00053,H009,9481.99
Z00053,H010,10319.54
Z00053,H011,6884.02
Z00053,H012,1535.33
Z00053,H013,12.36
Z00053,H014,6104.18
Z00053,H015,7245.05
Z00053,H016,6364.91
Z00053,H017,10306.63
Z00053,H018,1426.81
Z00053,H019,8165.71
Z00053,H020,2441.31
Z00054,H001,6275.06
Z00054,H002,5220.95
Z00054,H003,5249.76
Z00054,H004,2446.61
Z00054,H005,848.32
Z00054,H006,43.7
Z00054,H007,4503.68
Z00054,H008,9069.87
Z00054,H009,8631.1
Z00054,H010,9695.8
Z00054,H011,6590.29
Z00054,H012,1220.85
Z00054,H013,893.54
Z00054,H014,5369.2
Z00054,H015,6684.74
Z00054,H016,5645.92
Z00054,H017,9738.62
Z00054,H018,591.19
Z00054,H019,7321.3
Z00054,H020,1779.29
Z00055,H001,659.67
Z00055,H002,546.72
Z00055,H003,691.08
Z00055,H004,5203.34
Z00055,H005,4791.21
Z00055,H006,5586.09
Z00055,H007,1146.88
Z00055,H008,5911.53
Z00055,H009,4467.22
Z00055,H010,6019.81
Z00055,H011,2552.17
Z00055,H012,6304.29
Z00055,H013,6351.74
Z00055,H014,267.78
Z00055,H015,5994.29
Z00055,H016,44.6
Z00055,H017,6211.79
Z00055,H018,5039.76
Z00055,H019,2107.61
Z00055,H020,5552.08
Z00056,H001,5396.39
Z00056,H002,4361.87
Z00056,H003,4367.13
Z00056,H004,2493.34
Z00056,H005,40.25
Z00056,H006,839.18
Z00056,H007,3623.43
Z00056,H008,8684.77
Z00056,H009,7961.88
Z00056,H010,9269.06
Z00056,H011,5930.07
Z00056,H012,1782.09
Z00056,H013,1719.18
Z00056,H014,4492.44
Z00056,H015,6495.13
Z00056,H016,4772.25
Z00056,H017,9364.78
Z00056,H018,293.76
Z00056,H019,6453.78
Z00056,H020,1800.83
Z00057,H001,5814.53
Z00057,H002,4663.81
Z00057,H003,5235.9
Z00057,H004,34.84
Z00057,H005,2473.93
Z00057,H006,2410.32
Z00057,H007,4438.46
Z00057,H008,10884.2
Z00057,H009,9601.16
Z00057,H010,11209.97
Z00057,H011,4826.3
Z00057,H012,3582.64
Z00057,H013,2201.89
Z00057,H014,5033.31
Z00057,H015,8956.06
Z00057,H016,5197.42
Z00057,H017,11397.16
Z00057,H018,2384.91
Z00057,H019,7314.19
Z00057,H020,4136.12
Z00058,H001,643.28
Z00058,H002,542.43
Z00058,H003,739.17
Z00058,H004,5201.73
Z00058,H005,4819.29
Z00058,H006,5612.84
Z00058,H007,1180.98
Z00058,H008,5922.76
Z00058,H009,4476.54
Z00058,H010,6023.59
Z00058,H011,2505.28
Z00058,H012,6340.24
Z00058,H013,6372.81
Z00058,H014,305.0
Z00058,H015,6030.62
Z00058,H016,9.8
Z00058,H017,6215.65
Z00058,H018,5066.95
Z00058,H019,2110.63
Z00058,H020,5593.61
Z00059,H001,1452.38
Z00059,H002,2571.53
Z00059,H003,2100.85
Z00059,H004,7229.27
Z00059,H005,6417.9
Z00059,H006,7213.23
Z00059,H007,2915.9
Z00059,H008,3923.79
Z00059,H009,2470.26
Z00059,H010,3994.33
Z00059,H011,3585.4
Z00059,H012,7525.78
Z00059,H013,8099.04
Z00059,H014,2205.05
Z00059,H015,4637.25
Z00059,H016,2037.72
Z00059,H017,4186.41
Z00059,H018,6680.16
Z00059,H019,81.38
Z00059,H020,6516.88
Z00060,H001,5960.42
Z00060,H002,5214.59
Z00060,H003,4840.27
Z00060,H004,4072.18
Z00060,H005,1648.56
Z00060,H006,1693.86
Z00060,H007,4319.8
Z00060,H008,7366.2
Z00060,H009,7113.55
Z00060,H010,7994.54
Z00060,H011,7277.56
Z00060,H012,1120.32
Z00060,H013,2420.03
Z00060,H014,5165.57
Z00060,H015,4981.85
Z00060,H016,5461.12
Z00060,H017,8031.08
Z00060,H018,1666.57
Z00060,H019,6479.97
Z00060,H020,145.31
Z00061,H001,130.57
Z00061,H002,1285.12
Z00061,H003,1241.92
Z00061,H004,5914.12
Z00061,H005,5563.51
Z00061,H006,6362.45
Z00061,H007,1904.45
Z00061,H008,5290.29
Z00061,H009,3836.96
Z00061,H010,5329.46
Z00061,H011,2502.34
Z00061,H012,7020.34
Z00061,H013,7138.8
Z00061,H014,1038.43
Z00061,H015,5769.93
Z00061,H016,779.0
Z00061,H017,5521.36
Z00061,H018,5815.07
Z00061,H019,1446.45
Z00061,H020,6194.67
Z00062,H001,1164.67
Z00062,H002,12.59
Z00062,H003,919.64
Z00062,H004,4663.67
Z00062,H005,4396.24
Z00062,H006,5175.44
Z00062,H007,904.49
Z00062,H008,6448.76
Z00062,H009,5006.9
Z00062,H010,6560.84
Z00062,H011,2421.88
Z00062,H012,5992.39
Z00062,H013,5894.77
Z00062,H014,440.44
Z00062,H015,6392.91
Z00062,H016,529.42
Z00062,H017,6752.85
Z00062,H018,4635.25
Z00062,H019,2648.16
Z00062,H020,5338.62
Z00063,H001,626.26
Z00063,H002,550.54
Z00063,H003,769.57
Z00063,H004,5209.42
Z00063,H005,4844.05
Z00063,H006,5636.89
Z00063,H007,1208.86
Z00063,H008,5921.45
Z00063,H009,4474.08
Z00063,H010,6017.36
Z00063,H011,2477.72
Z00063,H012,6368.63
Z00063,H013,6393.84
Z00063,H014,334.71
Z00063,H015,6047.85
Z00063,H016,38.79
Z00063,H017,6209.47
Z00063,H018,5091.25
Z00063,H019,2104.42
Z00063,H020,5624.13
Z00064,H001,5348.77
Z00064,H002,6487.63
Z00064,H003,5906.11
Z00064,H004,11139.88
Z00064,H005,9269.87
Z00064,H006,9697.67
Z00064,H007,6708.07
Z00064,H008,669.5
Z00064,H009,1551.23
Z00064,H010,91.77
Z00064,H011,6671.31
Z00064,H012,8831.71
Z00064,H013,10377.69
Z00064,H014,6109.69
Z00064,H015,3121.89
Z00064,H016,5953.79
Z00064,H017,275.69
Z00064,H018,9457.14
Z00064,H019,3834.74
Z00064,H020,7968.15
Z00065,H001,2546.11
Z00065,H002,2436.95
Z00065,H003,3256.08
Z00065,H004,4801.9
Z00065,H005,5984.67
Z00065,H006,6571.36
Z00065,H007,3307.02
Z00065,H008,7034.86
Z00065,H009,5741.01
Z00065,H010,6768.94
Z00065,H011,27.58
Z00065,H012,7724.86
Z00065,H013,6881.3
Z00065,H014,2740.52
Z00065,H015,8237.36
Z00065,H016,2535.13
Z00065,H017,6929.35
Z00065,H018,6143.28
Z00065,H019,3661.41
Z00065,H020,7442.59
Z00066,H001,29.92
Z00066,H002,1196.6
Z00066,H003,1141.13
Z00066,H004,5837.55
Z00066,H005,5460.22
Z00066,H006,6259.47
Z00066,H007,1800.93
Z00066,H008,5348.76
Z00066,H009,3895.27
Z00066,H010,5401.07
Z00066,H011,2527.81
Z00066,H012,6917.34
Z00066,H013,7038.53
Z00066,H014,936.76
Z00066,H015,5767.74
Z00066,H016,682.66
Z00066,H017,5593.13
Z00066,H018,5712.02
Z00066,H019,1504.75
Z00066,H020,6095.73
Z00067,H001,6904.04
Z00067,H002,6010.69
Z00067,H003,5794.6
Z00067,H004,3629.73
Z00067,H005,1756.44
Z00067,H006,1251.77
Z00067,H007,5171.49
Z00067,H008,8153.9
Z00067,H009,8148.28
Z00067,H010,8775.47
Z00067,H011,7724.46
Z00067,H012,14.42
Z00067,H013,1556.51
Z00067,H014,6047.52
Z00067,H015,5701.44
Z00067,H016,6342.21
Z00067,H017,8764.86
Z00067,H018,1600.39
Z00067,H019,7577.89
Z00067,H020,1082.49
Z00068,H001,5472.79
Z00068,H002,6563.77
Z00068,H003,5883.38
Z00068,H004,11042.55
Z00068,H005,8825.14
Z00068,H006,9177.9
Z00068,H007,6653.47
Z00068,H008,147.33
Z00068,H009,1552.86
Z00068,H010,519.66
Z00068,H011,7058.03
Z00068,H012,8264.65
Z00068,H013,9812.06
Z00068,H014,6154.47
Z00068,H015,2555.11
Z00068,H016,6036.36
Z00068,H017,546.86
Z00068,H018,8989.36
Z00068,H019,3940.6
Z00068,H020,7427.56
Z00069,H001,1638.26
Z00069,H002,2752.02
Z00069,H003,2254.01
Z00069,H004,7407.46
Z00069,H005,6533.0
Z00069,H006,7323.1
Z00069,H007,3071.5
Z00069,H008,3737.7
Z00069,H009,2284.2
Z00069,H010,3813.82
Z00069,H011,3745.56
Z00069,H012,7582.92
Z00069,H013,8219.93
Z00069,H014,2379.21
Z00069,H015,4485.62
Z00069,H016,2218.5
Z00069,H017,4005.8
Z00069,H018,6795.26
Z00069,H019,110.77
Z00069,H020,6556.97
Z00070,H001,1774.06
Z00070,H002,944.32
Z00070,H003,795.58
Z00070,H004,4476.23
Z00070,H005,3662.04
Z00070,H006,4463.78
Z00070,H007,49.13
Z00070,H008,6487.46
Z00070,H009,5129.48
Z00070,H010,6740.74
Z00070,H011,3319.23
Z00070,H012,5150.19
Z00070,H013,5273.75
Z00070,H014,886.8
Z00070,H015,5887.57
Z00070,H016,1180.96
Z00070,H017,6925.76
Z00070,H018,3915.99
Z00070,H019,2972.83
Z00070,H020,4428.98
Z00071,H001,838.31
Z00071,H002,487.93
Z00071,H003,534.86
Z00071,H004,5093.33
Z00071,H005,4598.52
Z00071,H006,5395.64
Z00071,H007,946.57
Z00071,H008,5986.5
Z00071,H009,4552.04
Z00071,H010,6123.51
Z00071,H011,2693.91
Z00071,H012,6101.04
Z00071,H013,6172.94
Z00071,H014,70.24
Z00071,H015,5944.47
Z00071,H016,237.71
Z00071,H017,6314.91
Z00071,H018,4848.64
Z00071,H019,2221.8
Z00071,H020,5348.07
Z00072,H001,1125.75
Z00072,H002,953.74
Z00072,H003,22.19
Z00072,H004,5254.48
Z00072,H005,4405.5
Z00072,H006,5210.15
Z00072,H007,830.95
Z00072,H008,5742.4
Z00072,H009,4352.07
Z00072,H010,5958.05
Z00072,H011,3247.31
Z00072,H012,5782.6
Z00072,H013,6050.19
Z00072,H014,543.92
Z00072,H015,5456.18
Z00072,H016,751.39
Z00072,H017,6145.49
Z00072,H018,4664.33
Z00072,H019,2167.02
Z00072,H020,4950.27
Z00073,H001,537.38
Z00073,H002,663.94
Z00073,H003,730.5
Z00073,H004,5322.9
Z00073,H005,4906.03
Z00073,H006,5702.32
Z00073,H007,1254.72
Z00073,H008,5800.95
Z00073,H009,4354.47
Z00073,H010,5901.82
Z00073,H011,2553.3
Z00073,H012,6405.77
Z00073,H013,6472.7
Z00073,H014,376.78
Z00073,H015,5936.97
Z00073,H016,130.26
Z00073,H017,6093.87
Z00073,H018,5155.58
Z00073,H019,1988.95
Z00073,H020,5637.85
Z00074,H001,1581.21
Z00074,H002,2687.45
Z00074,H003,2181.04
Z00074,H004,7340.79
Z00074,H005,6459.88
Z00074,H006,7250.47
Z00074,H007,2998.72
Z00074,H008,3795.07
Z00074,H009,2341.97
Z00074,H010,3879.08
Z00074,H011,3724.8
Z00074,H012,7518.47
Z00074,H013,8146.47
Z00074,H014,2311.17
Z00074,H015,4500.06
Z00074,H016,2154.31
Z00074,H017,4070.96
Z00074,H018,6722.14
Z00074,H019,91.35
Z00074,H020,6496.05
Z00075,H001,1732.32
Z00075,H002,936.83
Z00075,H003,740.17
Z00075,H004,4534.16
Z00075,H005,3706.91
Z00075,H006,4509.33
Z00075,H007,98.03
Z00075,H008,6430.04
Z00075,H009,5071.54
Z00075,H010,6682.81
Z00075,H011,3324.23
Z00075,H012,5184.14
Z00075,H013,5323.35
Z00075,H014,852.62
Z00075,H015,5844.6
Z00075,H016,1148.15
Z00075,H017,6867.83
Z00075,H018,3961.57
Z00075,H019,2917.76
Z00075,H020,4452.05
Z00076,H001,6157.45
Z00076,H002,5413.13
Z00076,H003,5037.45
Z00076,H004,4120.4
Z00076,H005,1751.62
Z00076,H006,1704.08
Z00076,H007,4518.91
Z00076,H008,7383.52
Z00076,H009,7202.59
Z00076,H010,8013.23
Z00076,H011,7460.81
Z00076,H012,981.15
Z00076,H013,2366.45
Z00076,H014,5364.65
Z00076,H015,4972.84
Z00076,H016,5660.15
Z00076,H017,8039.16
Z00076,H018,1741.32
Z00076,H019,6653.48
Z00076,H020,100.67
Z00077,H001,98.76
Z00077,H002,1154.97
Z00077,H003,1038.0
Z00077,H004,5809.35
Z00077,H005,5375.4
Z00077,H006,6176.15
Z00077,H007,1715.84
Z00077,H008,5353.04
Z00077,H009,3900.53
Z00077,H010,5422.81
Z00077,H011,2608.84
Z00077,H012,6818.53
Z00077,H013,6964.87
Z00077,H014,863.05
Z00077,H015,5707.96
Z00077,H016,628.1
Z00077,H017,5614.97
Z00077,H018,5628.45
Z00077,H019,1514.89
Z00077,H020,5990.46
Z00078,H001,7025.41
Z00078,H002,5915.02
Z00078,H003,6054.87
Z00078,H004,2269.72
Z00078,H005,1694.36
Z00078,H006,928.98
Z00078,H007,5277.37
Z00078,H008,9677.67
Z00078,H009,9474.64
Z00078,H010,10300.44
Z00078,H011,6907.24
Z00078,H012,1516.13
Z00078,H013,35.74
Z00078,H014,6118.06
Z00078,H015,7226.12
Z00078,H016,6379.5
Z00078,H017,10286.2
Z00078,H018,1432.69
Z00078,H019,8173.95
Z00078,H020,2427.75
Z00079,H001,1196.62
Z00079,H002,988.05
Z00079,H003,81.51
Z00079,H004,5227.09
Z00079,H005,4344.42
Z00079,H006,5149.0
Z00079,H007,792.66
Z00079,H008,5760.75
Z00079,H009,4378.26
Z00079,H010,5986.45
Z00079,H011,3303.66
Z00079,H012,5713.72
Z00079,H013,5993.11
Z00079,H014,593.92
Z00079,H015,5430.99
Z00079,H016,814.46
Z00079,H017,6173.16
Z00079,H018,4603.66
Z00079,H019,2214.76
Z00079,H020,4879.31
Z00080,H001,5604.01
Z00080,H002,4541.22
Z00080,H003,4597.23
Z00080,H004,2283.16
Z00080,H005,271.81
Z00080,H006,638.88
Z00080,H007,3836.69
Z00080,H008,8947.21
Z00080,H009,8246.11
Z00080,H010,9539.09
Z00080,H011,5983.09
Z00080,H012,1737.64
Z00080,H013,1461.09
Z00080,H014,4696.64
Z00080,H015,6714.62
Z00080,H016,4970.73
Z00080,H017,9628.78
Z00080,H018,159.59
Z00080,H019,6706.4
Z00080,H020,1928.66
Z00081,H001,5801.31
Z00081,H002,6430.15
Z00081,H003,5504.62
Z00081,H004,9021.31
Z00081,H005,6516.12
Z00081,H006,6703.13
Z00081,H007,5966.38
Z00081,H008,2428.02
Z00081,H009,2941.92
Z00081,H010,3048.52
Z00081,H011,8228.32
Z00081,H012,5735.91
Z00081,H013,7283.17
Z00081,H014,5988.98
Z00081,H015,35.27
Z00081,H016,6056.24
Z00081,H017,3048.91
Z00081,H018,6620.49
Z00081,H019,4597.82
Z00081,H020,4935.31
Z00082,H001,6201.64
Z00082,H002,5132.2
Z00082,H003,5192.25
Z00082,H004,2306.03
Z00082,H005,802.49
Z00082,H006,139.21
Z00082,H007,4434.53
Z00082,H008,9173.13
Z00082,H009,8678.09
Z00082,H010,9795.8
Z00082,H011,6454.79
Z00082,H012,1369.21
Z00082,H013,893.31
Z00082,H014,5294.06
Z00082,H015,6804.83
Z00082,H016,5567.18
Z00082,H017,9846.6
Z00082,H018,540.2
Z00082,H019,7286.62
Z00082,H020,1901.06
Z00083,H001,6050.54
Z00083,H002,5291.17
Z00083,H003,4930.28
Z00083,H004,4030.84
Z00083,H005,1635.66
Z00083,H006,1633.17
Z00083,H007,4399.93
Z00083,H008,7435.72
Z00083,H009,7206.02
Z00083,H010,8064.8
Z00083,H011,7328.35
Z00083,H012,1017.88
Z00083,H013,2336.57
Z00083,H014,5249.63
Z00083,H015,5039.98
Z00083,H016,5545.47
Z00083,H017,8097.23
Z00083,H018,1637.2
Z00083,H019,6581.8
Z00083,H020,140.16
Z00084,H001,6076.17
Z00084,H002,5349.14
Z00084,H003,4956.74
Z00084,H004,4177.71
Z00084,H005,1779.35
Z00084,H006,1775.2
Z00084,H007,4450.95
Z00084,H008,7300.58
Z00084,H009,7101.89
Z00084,H010,7930.04
Z00084,H011,7426.07
Z00084,H012,1085.91
Z00084,H013,2458.75
Z00084,H014,5291.49
Z00084,H015,4898.32
Z00084,H016,5586.51
Z00084,H017,7959.49
Z00084,H018,1784.22
Z00084,H019,6553.85
Z00084,H020,7.23
Z00085,H001,72.04
Z00085,H002,1108.57
Z00085,H003,1050.33
Z00085,H004,5757.28
Z00085,H005,5361.71
Z00085,H006,6160.95
Z00085,H007,1702.47
Z00085,H008,5414.3
Z00085,H009,3961.32
Z00085,H010,5477.6
Z00085,H011,2543.1
Z00085,H012,6822.06
Z00085,H013,6940.95
Z00085,H014,838.72
Z00085,H015,5778.29
Z00085,H016,588.79
Z00085,H017,5669.73
Z00085,H018,5613.5
Z00085,H019,1573.38
Z00085,H020,6006.44
Z00086,H001,1055.55
Z00086,H002,367.86
Z00086,H003,563.86
Z00086,H004,4883.36
Z00086,H005,4389.03
Z00086,H006,5183.93
Z00086,H007,753.18
Z00086,H008,6180.01
Z00086,H009,4752.31
Z00086,H010,6331.5
Z00086,H011,2725.26
Z00086,H012,5913.4
Z00086,H013,5954.21
Z00086,H014,153.05
Z00086,H015,6038.72
Z00086,H016,421.93
Z00086,H017,6522.53
Z00086,H018,4637.55
Z00086,H019,2436.81
Z00086,H020,5188.06
Z00087,H001,895.54
Z00087,H002,469.42
Z00087,H003,511.36
Z00087,H004,5049.97
Z00087,H005,4540.7
Z00087,H006,5337.94
Z00087,H007,888.74
Z00087,H008,6022.15
Z00087,H009,4590.51
Z00087,H010,6165.79
Z00087,H011,2722.23
Z00087,H012,6043.92
Z00087,H013,6116.43
Z00087,H014,19.55
Z00087,H015,5946.91
Z00087,H016,291.53
Z00087,H017,6357.01
Z00087,H018,4790.9
Z00087,H019,2267.87
Z00087,H020,5293.99
Z00088,H001,5715.98
Z00088,H002,4674.91
Z00088,H003,4687.31
Z00088,H004,2452.03
Z00088,H005,285.96
Z00088,H006,518.81
Z00088,H007,3943.39
Z00088,H008,8832.4
Z00088,H009,8205.44
Z00088,H010,9436.14
Z00088,H011,6174.66
Z00088,H012,1540.2
Z00088,H013,1414.16
Z00088,H014,4811.4
Z00088,H015,6558.66
Z00088,H016,5090.28
Z00088,H017,9514.51
Z00088,H018,46.11
Z00088,H019,6767.37
Z00088,H020,1738.0
Z00089,H001,1512.04
Z00089,H002,2622.44
Z00089,H003,2129.74
Z00089,H004,7277.68
Z00089,H005,6426.31
Z00089,H006,7219.22
Z00089,H007,2946.57
Z00089,H008,3863.93
Z00089,H009,2410.63
Z00089,H010,3943.48
Z00089,H011,3658.73
Z00089,H012,7508.72
Z00089,H013,8110.66
Z00089,H014,2249.62
Z00089,H015,4564.07
Z00089,H016,2088.99
Z00089,H017,4135.45
Z00089,H018,6688.61
Z00089,H019,63.3
Z00089,H020,6492.89
Z00090,H001,18.56
Z00090,H002,1152.6
Z00090,H003,1101.9
Z00090,H004,5796.36
Z00090,H005,5414.91
Z00090,H006,6213.98
Z00090,H007,1755.81
Z00090,H008,5384.32
Z00090,H009,3930.96
Z00090,H010,5440.87
Z00090,H011,2527.35
Z00090,H012,6875.24
Z00090,H013,6992.54
Z00090,H014,890.86
Z00090,H015,5779.73
Z00090,H016,637.08
Z00090,H017,5632.96
Z00090,H018,5666.56
Z00090,H019,1541.19
Z00090,H020,6057.6
Z00091,H001,5298.01
Z00091,H002,6362.61
Z00091,H003,5650.07
Z00091,H004,10757.15
Z00091,H005,8532.14
Z00091,H006,8907.06
Z00091,H007,6406.82
Z00091,H008,153.49
Z00091,H009,1382.61
Z00091,H010,769.91
Z00091,H011,7016.55
Z00091,H012,8036.73
Z00091,H013,9579.84
Z00091,H014,5943.57
Z00091,H015,2332.06
Z00091,H016,5840.76
Z00091,H017,833.6
Z00091,H018,8700.97
Z00091,H019,3769.48
Z00091,H020,7168.29
Z00092,H001,2548.85
Z00092,H002,2453.28
Z00092,H003,3268.01
Z00092,H004,4828.59
Z00092,H005,6013.37
Z00092,H006,6600.45
Z00092,H007,3325.82
Z00092,H008,7014.22
Z00092,H009,5724.11
Z00092,H010,6745.53
Z00092,H011,47.52
Z00092,H012,7753.66
Z00092,H013,6909.81
Z00092,H014,2753.36
Z00092,H015,8231.32
Z00092,H016,2545.66
Z00092,H017,6905.48
Z00092,H018,6172.2
Z00092,H019,3653.09
Z00092,H020,7469.13
Z00093,H001,1115.22
Z00093,H002,61.72
Z00093,H003,940.81
Z00093,H004,4704.48
Z00093,H005,4462.09
Z00093,H006,5240.36
Z00093,H007,968.33
Z00093,H008,6419.84
Z00093,H009,4975.3
Z00093,H010,6522.71
Z00093,H011,2371.14
Z00093,H012,6059.96
Z00093,H013,5956.02
Z00093,H014,442.25
Z00093,H015,6404.94
Z00093,H016,491.71
Z00093,H017,6714.8
Z00093,H018,4700.61
Z00093,H019,2609.73
Z00093,H020,5405.27
Z00094,H001,5447.95
Z00094,H002,6580.45
Z00094,H003,5979.84
Z00094,H004,11218.06
Z00094,H005,9238.51
Z00094,H006,9634.22
Z00094,H007,6776.79
Z00094,H008,584.72
Z00094,H009,1614.2
Z00094,H010,50.87
Z00094,H011,6802.92
Z00094,H012,8735.66
Z00094,H013,10283.13
Z00094,H014,6196.44
Z00094,H015,3026.29
Z00094,H016,6046.93
Z00094,H017,182.09
Z00094,H018,9417.05
Z00094,H019,3928.35
Z00094,H020,7892.23
Z00095,H001,5440.74
Z00095,H002,6580.05
Z00095,H003,5997.75
Z00095,H004,11232.24
Z00095,H005,9323.83
Z00095,H006,9730.61
Z00095,H007,6799.1
Z00095,H008,683.85
Z00095,H009,1640.66
Z00095,H010,54.32
Z00095,H011,6744.61
Z00095,H012,8836.72
Z00095,H013,10384.19
Z00095,H014,6202.2
Z00095,H015,3127.31
Z00095,H016,6046.21
Z00095,H017,187.33
Z00095,H018,9505.89
Z00095,H019,3927.17
Z00095,H020,7991.2
Z00096,H001,5594.14
Z00096,H002,6725.2
Z00096,H003,6117.77
Z00096,H004,11354.63
Z00096,H005,9291.33
Z00096,H006,9649.55
Z00096,H007,6912.1
Z00096,H008,608.12
Z00096,H009,1749.81
Z00096,H010,175.73
Z00096,H011,6935.86
Z00096,H012,8708.8
Z00096,H013,10254.53
Z00096,H014,6339.44
Z00096,H015,3007.94
Z00096,H016,6191.82
Z00096,H017,74.08
Z00096,H018,9460.05
Z00096,H019,4073.56
Z00096,H020,7895.19
Z00097,H001,2556.03
Z00097,H002,2437.24
Z00097,H003,3259.78
Z00097,H004,4782.15
Z00097,H005,5970.17
Z00097,H006,6555.06
Z00097,H007,3305.11
Z00097,H008,7054.65
Z00097,H009,5759.91
Z00097,H010,6789.05
Z00097,H011,37.01
Z00097,H012,7710.04
Z00097,H013,6862.78
Z00097,H014,2743.58
Z00097,H015,8251.91
Z00097,H016,2539.92
Z00097,H017,6949.47
Z00097,H018,6128.07
Z00097,H019,3677.12
Z00097,H020,7432.12
Z00098,H001,5818.62
Z00098,H002,4760.24
Z00098,H003,4804.02
Z00098,H004,2330.15
Z00098,H005,419.07
Z00098,H006,419.11
Z00098,H007,4049.3
Z00098,H008,8985.08
Z00098,H009,8365.6
Z00098,H010,9591.59
Z00098,H011,6184.79
Z00098,H012,1550.2
Z00098,H013,1272.28
Z00098,H014,4911.84
Z00098,H015,6694.06
Z00098,H016,5187.19
Z00098,H017,9666.88
Z00098,H018,161.45
Z00098,H019,6900.09
Z00098,H020,1844.53
Z00099,H001,5439.39
Z00099,H002,6575.56
Z00099,H003,5984.6
Z00099,H004,11221.85
Z00099,H005,9280.94
Z00099,H006,9683.53
Z00099,H007,6783.97
Z00099,H008,635.89
Z00099,H009,1622.88
Z00099,H010,10.8
Z00099,H011,6768.44
Z00099,H012,8788.79
Z00099,H013,10336.24
Z00099,H014,6194.76
Z00099,H015,3079.28
Z00099,H016,6041.82
Z00099,H017,182.55
Z00099,H018,9461.6
Z00099,H019,3922.81
Z00099,H020,7943.33
Z00100,H001,6933.47
Z00100,H002,5830.33
Z00100,H003,5953.62
Z00100,H004,2288.01
Z00100,H005,1583.22
Z00100,H006,812.4
Z00100,H007,5180.33
Z00100,H008,9595.34
Z00100,H009,9360.73
Z00100,H010,10221.14
Z00100,H011,6878.04
Z00100,H012,1440.88
Z00100,H013,130.07
Z00100,H014,6025.49
Z00100,H015,7146.92
Z00100,H016,6289.49
Z00100,H017,10215.26
Z00100,H018,1321.17
Z00100,H019,8065.57
Z00100,H020,2327.04
Z00101,H001,612.53
Z00101,H002,556.85
Z00101,H003,808.2
Z00101,H004,5212.92
Z00101,H005,4870.43
Z00101,H006,5662.22
Z00101,H007,1240.26
Z00101,H008,5926.03
Z00101,H009,4477.37
Z00101,H010,6015.83
Z00101,H011,2441.27
Z00101,H012,6400.5
Z00101,H013,6414.85
Z00101,H014,369.54
Z00101,H015,6073.96
Z00101,H016,76.44
Z00101,H017,6207.97
Z00101,H018,5116.96
Z00101,H019,2103.48
Z00101,H020,5659.76
Z00102,H001,5316.81
Z00102,H002,6390.07
Z00102,H003,5688.11
Z00102,H004,10817.23
Z00102,H005,8607.46
Z00102,H006,8983.29
Z00102,H007,6449.85
Z00102,H008,82.9
Z00102,H009,1396.14
Z00102,H010,693.94
Z00102,H011,6999.54
Z00102,H012,8109.07
Z00102,H013,9653.02
Z00102,H014,5974.05
Z00102,H015,2402.6
Z00102,H016,5866.26
Z00102,H017,757.97
Z00102,H018,8776.92
Z00102,H019,3786.41
Z00102,H020,7243.78
Z00103,H001,1596.59
Z00103,H002,2717.94
Z00103,H003,2238.2
Z00103,H004,7375.6
Z00103,H005,6535.33
Z00103,H006,7327.65
Z00103,H007,3054.59
Z00103,H008,3780.48
Z00103,H009,2327.0
Z00103,H010,3847.94
Z00103,H011,3687.25
Z00103,H012,7605.87
Z00103,H013,8220.17
Z00103,H014,2350.57
Z00103,H015,4544.68
Z00103,H016,2184.12
Z00103,H017,4040.02
Z00103,H018,6797.63
Z00103,H019,65.06
Z00103,H020,6584.77
Z00104,H001,5463.83
Z00104,H002,4439.94
Z00104,H003,4425.2
Z00104,H004,2564.0
Z00104,H005,68.03
Z00104,H006,783.95
Z00104,H007,3690.0
Z00104,H008,8641.58
Z00104,H009,7955.65
Z00104,H010,9232.9
Z00104,H011,6030.1
Z00104,H012,1683.43
Z00104,H013,1685.93
Z00104,H014,4561.88
Z00104,H015,6426.74
Z00104,H016,4843.63
Z00104,H017,9322.96
Z00104,H018,258.84
Z00104,H019,6496.78
Z00104,H020,1705.11
Z00105,H001,6956.78
Z00105,H002,6061.61
Z00105,H003,5847.48
Z00105,H004,3639.57
Z00105,H005,1798.17
Z00105,H006,1276.28
Z00105,H007,5223.53
Z00105,H008,8166.21
Z00105,H009,8180.39
Z00105,H010,8786.13
Z00105,H011,7764.35
Z00105,H012,63.22
Z00105,H013,1547.22
Z00105,H014,6099.75
Z00105,H015,5713.22
Z00105,H016,6394.37
Z00105,H017,8772.36
Z00105,H018,1637.64
Z00105,H019,7628.87
Z00105,H020,1125.96
Z00106,H001,2444.43
Z00106,H002,2400.91
Z00106,H003,3194.6
Z00106,H004,4935.55
Z00106,H005,6061.66
Z00106,H006,6664.96
Z00106,H007,3285.44
Z00106,H008,6886.91
Z00106,H009,5593.16
Z00106,H010,6624.29
Z00106,H011,138.78
Z00106,H012,7803.73
Z00106,H013,6998.11
Z00106,H014,2684.28
Z00106,H015,8106.83
Z00106,H016,2467.32
Z00106,H017,6785.64
Z00106,H018,6226.79
Z00106,H019,3525.98
Z00106,H020,7483.68
Z00107,H001,5665.62
Z00107,H002,6802.7
Z00107,H003,6209.08
Z00107,H004,11447.21
Z00107,H005,9402.68
Z00107,H006,9749.85
Z00107,H007,7006.62
Z00107,H008,718.23
Z00107,H009,1844.11
Z00107,H010,237.21
Z00107,H011,6950.68
Z00107,H012,8790.13
Z00107,H013,10332.73
Z00107,H014,6421.84
Z00107,H015,3097.45
Z00107,H016,6268.94
Z00107,H017,48.22
Z00107,H018,9569.2
Z00107,H019,4149.9
Z00107,H020,7991.65
Z00108,H001,1744.36
Z00108,H002,931.48
Z00108,H003,761.43
Z00108,H004,4509.28
Z00108,H005,3692.9
Z00108,H006,4494.92
Z00108,H007,72.04
Z00108,H008,6455.65
Z00108,H009,5096.29
Z00108,H010,6707.44
Z00108,H011,3313.84
Z00108,H012,5176.26
Z00108,H013,5306.39
Z00108,H014,860.3
Z00108,H015,5868.43
Z00108,H016,1155.17
Z00108,H017,6892.56
Z00108,H018,3947.14
Z00108,H019,2938.72
Z00108,H020,4449.67
Z00109,H001,5683.31
Z00109,H002,4636.59
Z00109,H003,4660.01
Z00109,H004,2408.54
Z00109,H005,264.14
Z00109,H006,548.7
Z00109,H007,3911.68
Z00109,H008,8860.71
Z00109,H009,8213.52
Z00109,H010,9461.45
Z00109,H011,6122.55
Z00109,H012,1593.42
Z00109,H013,1427.31
Z00109,H014,4777.86
Z00109,H015,6597.98
Z00109,H016,5055.58
Z00109,H017,9542.91
Z00109,H018,10.05
Z00109,H019,6748.09
Z00109,H020,1787.14
Z00110,H001,3987.83
Z00110,H002,5063.28
Z00110,H003,4395.18
Z00110,H004,9622.11
Z00110,H005,7912.41
Z00110,H006,8515.82
Z00110,H007,5181.35
Z00110,H008,1392.92
Z00110,H009,137.62
Z00110,H010,1605.86
Z00110,H011,5840.21
Z00110,H012,8037.65
Z00110,H013,9399.0
Z00110,H014,4653.26
Z00110,H015,2812.82
Z00110,H016,4537.42
Z00110,H017,1784.7
Z00110,H018,8139.01
Z00110,H019,2459.79
Z00110,H020,7000.46
Z00111,H001,6259.91
Z00111,H002,5205.64
Z00111,H003,5234.96
Z00111,H004,2441.47
Z00111,H005,833.55
Z00111,H006,29.45
Z00111,H007,4488.59
Z00111,H008,9067.91
Z00111,H009,8622.77
Z00111,H010,9693.45
Z00111,H011,6576.76
Z00111,H012,1230.59
Z00111,H013,904.85
Z00111,H014,5354.0
Z00111,H015,6685.29
Z00111,H016,5630.68
Z00111,H017,9737.4
Z00111,H018,576.17
Z00111,H019,7307.39
Z00111,H020,1779.84
Z00112,H001,5435.02
Z00112,H002,6570.38
Z00112,H003,5977.39
Z00112,H004,11215.02
Z00112,H005,9268.27
Z00112,H006,9670.8
Z00112,H007,6776.29
Z00112,H008,623.42
Z00112,H009,1614.79
Z00112,H010,8.63
Z00112,H011,6770.92
Z00112,H012,8777.06
Z00112,H013,10324.47
Z00112,H014,6188.88
Z00112,H015,3067.44
Z00112,H016,6036.69
Z00112,H017,187.36
Z00112,H018,9448.83
Z00112,H019,3917.73
Z00112,H020,7930.81
Z00113,H001,5444.5
Z00113,H002,6584.11
Z00113,H003,6002.57
Z00113,H004,11236.75
Z00113,H005,9329.85
Z00113,H006,9736.18
Z00113,H007,6804.08
Z00113,H008,689.06
Z00113,H009,1645.88
Z00113,H010,59.85
Z00113,H011,6745.32
Z00113,H012,8841.28
Z00113,H013,10388.76
Z00113,H014,6206.53
Z00113,H015,3131.97
Z00113,H016,6050.26
Z00113,H017,185.01
Z00113,H018,9511.84
Z00113,H019,3931.24
Z00113,H020,7996.47
Z00114,H001,916.84
Z00114,H002,478.36
Z00114,H003,489.18
Z00114,H004,5042.27
Z00114,H005,4518.03
Z00114,H006,5315.75
Z00114,H007,864.3
Z00114,H008,6024.9
Z00114,H009,4595.13
Z00114,H010,6172.81
Z00114,H011,2746.99
Z00114,H012,6018.09
Z00114,H013,6096.66
Z00114,H014,34.29
Z00114,H015,5932.95
Z00114,H016,318.89
Z00114,H017,6363.9
Z00114,H018,4768.59
Z00114,H019,2277.92
Z00114,H020,5266.53
Z00115,H001,1506.49
Z00115,H002,2635.73
Z00115,H003,2180.76
Z00115,H004,7294.83
Z00115,H005,6502.7
Z00115,H006,7298.21
Z00115,H007,2994.79
Z00115,H008,3872.96
Z00115,H009,2419.79
Z00115,H010,3931.58
Z00115,H011,3589.33
Z00115,H012,7607.88
Z00115,H013,8183.41
Z00115,H014,2275.36
Z00115,H015,4640.24
Z00115,H016,2101.87
Z00115,H017,4123.73
Z00115,H018,6764.96
Z00115,H019,57.22
Z00115,H020,6596.32
Z00116,H001,157.04
Z00116,H002,1078.36
Z00116,H003,963.66
Z00116,H004,5735.59
Z00116,H005,5291.93
Z00116,H006,6092.49
Z00116,H007,1632.27
Z00116,H008,5416.36
Z00116,H009,3964.84
Z00116,H010,5494.22
Z00116,H011,2613.8
Z00116,H012,6740.28
Z00116,H013,6880.71
Z00116,H014,779.06
Z00116,H015,5727.0
Z00116,H016,548.54
Z00116,H017,5686.37
Z00116,H018,5544.8
Z00116,H019,1583.38
Z00116,H020,5918.9
Z00117,H001,5769.78
Z00117,H002,4617.83
Z00117,H003,5186.17
Z00117,H004,71.5
Z00117,H005,2439.93
Z00117,H006,2391.92
Z00117,H007,4388.08
Z00117,H008,10832.77
Z00117,H009,9550.76
Z00117,H010,11160.28
Z00117,H011,4804.29
Z00117,H012,3571.41
Z00117,H013,2204.91
Z00117,H014,4985.79
Z00117,H015,8920.41
Z00117,H016,5151.33
Z00117,H017,11346.94
Z00117,H018,2355.36
Z00117,H019,7267.48
Z00117,H020,4111.09
Z00118,H001,1127.09
Z00118,H002,928.17
Z00118,H003,9.36
Z00118,H004,5229.3
Z00118,H005,4392.61
Z00118,H006,5197.25
Z00118,H007,809.01
Z00118,H008,5769.02
Z00118,H009,4377.55
Z00118,H010,5983.07
Z00118,H011,3228.92
Z00118,H012,5777.13
Z00118,H013,6034.76
Z00118,H014,522.38
Z00118,H015,5482.89
Z00118,H016,736.9
Z00118,H017,6170.64
Z00118,H018,4651.14
Z00118,H019,2186.99
Z00118,H020,4949.8
Z00119,H001,6080.39
Z00119,H002,5352.49
Z00119,H003,4960.93
Z00119,H004,4174.87
Z00119,H005,1777.93
Z00119,H006,1771.59
Z00119,H007,4454.5
Z00119,H008,7304.74
Z00119,H009,7106.99
Z00119,H010,7934.22
Z00119,H011,7427.97
Z00119,H012,1080.57
Z00119,H013,2454.08
Z00119,H014,5295.3
Z00119,H015,4902.02
Z00119,H016,5590.35
Z00119,H017,7963.49
Z00119,H018,1782.02
Z00119,H019,6558.97
Z00119,H020,6.01
Z00120,H001,1838.72
Z00120,H002,913.5
Z00120,H003,921.38
Z00120,H004,4330.66
Z00120,H005,3595.15
Z00120,H006,4393.21
Z00120,H007,115.79
Z00120,H008,6639.78
Z00120,H009,5274.36
Z00120,H010,6884.42
Z00120,H011,3242.76
Z00120,H012,5121.16
Z00120,H013,5185.35
Z00120,H014,934.66
Z00120,H015,6040.11
Z00120,H016,1220.29
Z00120,H017,7070.33
Z00120,H018,3845.9
Z00120,H019,3091.23
Z00120,H020,4435.26
Z00121,H001,582.97
Z00121,H002,643.22
Z00121,H003,676.29
Z00121,H004,5298.42
Z00121,H005,4855.3
Z00121,H006,5652.38
Z00121,H007,1201.62
Z00121,H008,5814.64
Z00121,H009,4370.39
Z00121,H010,5924.03
Z00121,H011,2595.67
Z00121,H012,6350.42
Z00121,H013,6426.85
Z00121,H014,326.27
Z00121,H015,5915.82
Z00121,H016,122.32
Z00121,H017,6115.97
Z00121,H018,5105.41
Z00121,H019,2012.3
Z00121,H020,5580.84
Z00122,H001,5776.24
Z00122,H002,4632.27
Z00122,H003,5228.64
Z00122,H004,92.65
Z00122,H005,2585.77
Z00122,H006,2535.99
Z00122,H007,4437.95
Z00122,H008,10920.97
Z00122,H009,9597.32
Z00122,H010,11194.79
Z00122,H011,4726.17
Z00122,H012,3709.74
Z00122,H013,2324.74
Z00122,H014,5010.18
Z00122,H015,9064.77
Z00122,H016,5166.15
Z00122,H017,11385.68
Z00122,H018,2502.54
Z00122,H019,7284.98
Z00122,H020,4258.01
Z00123,H001,5495.22
Z00123,H002,4478.77
Z00123,H003,4450.7
Z00123,H004,2613.4
Z00123,H005,128.57
Z00123,H006,765.9
Z00123,H007,3721.28
Z00123,H008,8606.24
Z00123,H009,7940.9
Z00123,H010,9201.06
Z00123,H011,6085.88
Z00123,H012,1629.44
Z00123,H013,1679.24
Z00123,H014,4594.82
Z00123,H015,6379.05
Z00123,H016,4877.81
Z00123,H017,9288.08
Z00123,H018,266.41
Z00123,H019,6512.09
Z00123,H020,1645.81
Z00124,H001,1895.03
Z00124,H002,999.28
Z00124,H003,938.45
Z00124,H004,4334.9
Z00124,H005,3538.05
Z00124,H006,4338.14
Z00124,H007,124.06
Z00124,H008,6624.86
Z00124,H009,5271.28
Z00124,H010,6882.83
Z00124,H011,3333.76
Z00124,H012,5048.52
Z00124,H013,5140.27
Z00124,H014,996.84
Z00124,H015,5977.09
Z00124,H016,1286.64
Z00124,H017,7067.55
Z00124,H018,3790.47
Z00124,H019,3115.06
Z00124,H020,4352.18
Z00125,H001,1647.23
Z00125,H002,2764.53
Z00125,H003,2272.45
Z00125,H004,7420.96
Z00125,H005,6555.11
Z00125,H006,7345.51
Z00125,H007,3089.69
Z00125,H008,3729.14
Z00125,H009,2275.61
Z00125,H010,3801.19
Z00125,H011,3740.51
Z00125,H012,7606.48
Z00125,H013,8241.76
Z00125,H014,2393.78
Z00125,H015,4493.0
Z00125,H016,2230.86
Z00125,H017,3993.22
Z00125,H018,6817.37
Z00125,H019,115.56
Z00125,H020,6580.42
Z00126,H001,5611.08
Z00126,H002,4556.33
Z00126,H003,4596.28
Z00126,H004,2345.39
Z00126,H005,232.16
Z00126,H006,623.24
Z00126,H007,3841.38
Z00126,H008,8892.72
Z00126,H009,8207.81
Z00126,H010,9487.08
Z00126,H011,6025.8
Z00126,H012,1690.67
Z00126,H013,1472.81
Z00126,H014,4704.53
Z00126,H015,6653.46
Z00126,H016,4980.47
Z00126,H017,9574.57
Z00126,H018,105.04
Z00126,H019,6696.4
Z00126,H020,1866.03
Z00127,H001,58.96
Z00127,H002,1215.13
Z00127,H003,1127.71
Z00127,H004,5861.35
Z00127,H005,5460.54
Z00127,H006,6260.69
Z00127,H007,1800.83
Z00127,H008,5318.41
Z00127,H009,3865.03
Z00127,H010,5375.28
Z00127,H011,2567.12
Z00127,H012,6908.01
Z00127,H013,7044.89
Z00127,H014,942.18
Z00127,H015,5728.05
Z00127,H016,695.77
Z00127,H017,5567.38
Z00127,H018,5713.08
Z00127,H019,1475.2
Z00127,H020,6079.71
Z00128,H001,1014.15
Z00128,H002,382.45
Z00128,H003,553.02
Z00128,H004,4922.51
Z00128,H005,4428.95
Z00128,H006,5224.25
Z00128,H007,789.23
Z00128,H008,6144.14
Z00128,H009,4715.01
Z00128,H010,6292.72
Z00128,H011,2716.9
Z00128,H012,5949.5
Z00128,H013,5995.71
Z00128,H014,111.44
Z00128,H015,6022.09
Z00128,H016,383.53
Z00128,H017,6483.83
Z00128,H018,4677.75
Z00128,H019,2396.47
Z00128,H020,5219.05
Z00129,H001,1797.79
Z00129,H002,903.21
Z00129,H003,864.65
Z00129,H004,4389.72
Z00129,H005,3635.17
Z00129,H006,4434.5
Z00129,H007,57.77
Z00129,H008,6580.37
Z00129,H009,5215.34
Z00129,H010,6825.55
Z00129,H011,3253.03
Z00129,H012,5149.42
Z00129,H013,5231.9
Z00129,H014,897.42
Z00129,H015,5991.57
Z00129,H016,1186.35
Z00129,H017,7011.36
Z00129,H018,3886.94
Z00129,H019,3036.68
Z00129,H020,4451.15
Z00130,H001,595.85
Z00130,H002,595.96
Z00130,H003,732.85
Z00130,H004,5255.14
Z00130,H005,4857.42
Z00130,H006,5652.23
Z00130,H007,1212.53
Z00130,H008,5869.06
Z00130,H009,4422.72
Z00130,H010,5969.91
Z00130,H011,2525.95
Z00130,H012,6369.12
Z00130,H013,6416.83
Z00130,H014,333.03
Z00130,H015,5989.3
Z00130,H016,62.09
Z00130,H017,6161.97
Z00130,H018,5105.94
Z00130,H019,2056.98
Z00130,H020,5613.02
Z00131,H001,5476.38
Z00131,H002,6611.38
Z00131,H003,6016.51
Z00131,H004,11254.49
Z00131,H005,9284.32
Z00131,H006,9676.43
Z00131,H007,6814.74
Z00131,H008,625.53
Z00131,H009,1652.69
Z00131,H010,47.75
Z00131,H011,6808.34
Z00131,H012,8770.32
Z00131,H013,10317.82
Z00131,H014,6229.4
Z00131,H015,3061.95
Z00131,H016,6077.71
Z00131,H017,146.52
Z00131,H018,9462.19
Z00131,H019,3958.8
Z00131,H020,7932.37
Z00132,H001,41.91
Z00132,H002,1177.74
Z00132,H003,1097.17
Z00132,H004,5825.37
Z00132,H005,5424.07
Z00132,H006,6223.99
Z00132,H007,1764.4
Z00132,H008,5350.69
Z00132,H009,3897.45
Z00132,H010,5410.41
Z00132,H011,2561.86
Z00132,H012,6875.33
Z00132,H013,7007.16
Z00132,H014,904.49
Z00132,H015,5742.49
Z00132,H016,657.72
Z00132,H017,5602.53
Z00132,H018,5676.41
Z00132,H019,1508.34
Z00132,H020,6051.0
Z00133,H001,27.29
Z00133,H002,1170.87
Z00133,H003,1143.19
Z00133,H004,5807.55
Z00133,H005,5448.51
Z00133,H006,6246.91
Z00133,H007,1790.2
Z00133,H008,5382.75
Z00133,H009,3929.23
Z00133,H010,5432.4
Z00133,H011,2495.35
Z00133,H012,6914.26
Z00133,H013,7021.55
Z00133,H014,921.9
Z00133,H015,5803.39
Z00133,H016,661.81
Z00133,H017,5624.42
Z00133,H018,5699.64
Z00133,H019,1538.47
Z00133,H020,6099.21
Z00134,H001,5435.75
Z00134,H002,4405.41
Z00134,H003,4402.52
Z00134,H004,2520.81
Z00134,H005,15.07
Z00134,H006,803.79
Z00134,H007,3662.33
Z00134,H008,8672.18
Z00134,H009,7967.96
Z00134,H010,9260.23
Z00134,H011,5980.51
Z00134,H012,1731.82
Z00134,H013,1693.97
Z00134,H014,4532.57
Z00134,H015,6468.72
Z00134,H016,4813.18
Z00134,H017,9353.0
Z00134,H018,264.26
Z00134,H019,6482.75
Z00134,H020,1757.66
Z00135,H001,6992.56
Z00135,H002,6101.62
Z00135,H003,5882.24
Z00135,H004,3674.27
Z00135,H005,1842.19
Z00135,H006,1317.63
Z00135,H007,5261.66
Z00135,H008,8145.74
Z00135,H009,8177.51
Z00135,H010,8764.33
Z00135,H011,7808.45
Z00135,H012,103.6
Z00135,H013,1570.73
Z00135,H014,6137.41
Z00135,H015,5692.66
Z00135,H016,6432.21
Z00135,H017,8748.28
Z00135,H018,1681.63
Z00135,H019,7653.19
Z00135,H020,1138.28
Z00136,H001,2509.44
Z00136,H002,2411.98
Z00136,H003,3226.18
Z00136,H004,4827.38
Z00136,H005,5989.65
Z00136,H006,6581.71
Z00136,H007,3285.46
Z00136,H008,7000.14
Z00136,H009,5703.63
Z00136,H010,6737.35
Z00136,H011,25.78
Z00136,H012,7730.62
Z00136,H013,6899.85
Z00136,H014,2711.53
Z00136,H015,8197.99
Z00136,H016,2503.9
Z00136,H017,6898.42
Z00136,H018,6150.32
Z00136,H019,3621.9
Z00136,H020,7437.33
Z00137,H001,3924.7
Z00137,H002,5012.47
Z00137,H003,4363.78
Z00137,H004,9599.0
Z00137,H005,7957.96
Z00137,H006,8576.94
Z00137,H007,5156.5
Z00137,H008,1451.22
Z00137,H009,24.04
Z00137,H010,1619.62
Z00137,H011,5740.01
Z00137,H012,8127.83
Z00137,H013,9469.23
Z00137,H014,4607.92
Z00137,H015,2928.57
Z00137,H016,4484.23
Z00137,H017,1802.91
Z00137,H018,8188.4
Z00137,H019,2393.68
Z00137,H020,7084.58
Z00138,H001,3911.94
Z00138,H002,5003.65
Z00138,H003,4361.35
Z00138,H004,9598.07
Z00138,H005,7977.67
Z00138,H006,8600.79
Z00138,H007,5155.98
Z00138,H008,1464.16
Z00138,H009,13.82
Z00138,H010,1618.44
Z00138,H011,5713.52
Z00138,H012,8159.01
Z00138,H013,9495.33
Z00138,H014,4600.96
Z00138,H015,2963.32
Z00138,H016,4474.72
Z00138,H017,1802.92
Z00138,H018,8209.13
Z00138,H019,2380.32
Z00138,H020,7114.42
Z00139,H001,5969.84
Z00139,H002,5242.95
Z00139,H003,4850.3
Z00139,H004,4156.23
Z00139,H005,1730.42
Z00139,H006,1775.17
Z00139,H007,4344.28
Z00139,H008,7287.3
Z00139,H009,7050.72
Z00139,H010,7915.96
Z00139,H011,7328.94
Z00139,H012,1161.0
Z00139,H013,2491.32
Z00139,H014,5184.51
Z00139,H015,4899.56
Z00139,H016,5479.53
Z00139,H017,7951.03
Z00139,H018,1750.44
Z00139,H019,6458.89
Z00139,H020,106.11
Z00140,H001,5601.69
Z00140,H002,6734.79
Z00140,H003,6132.24
Z00140,H004,11370.08
Z00140,H005,9320.53
Z00140,H006,9679.24
Z00140,H007,6927.83
Z00140,H008,637.68
Z00140,H009,1765.17
Z00140,H010,175.1
Z00140,H011,6927.45
Z00140,H012,8736.72
Z00140,H013,10282.13
Z00140,H014,6350.69
Z00140,H015,3036.7
Z00140,H016,6201.26
Z00140,H017,44.71
Z00140,H018,9489.6
Z00140,H019,4082.62
Z00140,H020,7924.66
Z00141,H001,2505.78
Z00141,H002,2349.46
Z00141,H003,3182.36
Z00141,H004,4714.05
Z00141,H005,5870.63
Z00141,H006,6460.38
Z00141,H007,3211.6
Z00141,H008,7089.76
Z00141,H009,5778.71
Z00141,H010,6838.08
Z00141,H011,99.3
Z00141,H012,7611.15
Z00141,H013,6779.69
Z00141,H014,2664.15
Z00141,H015,8227.25
Z00141,H016,2466.78
Z00141,H017,7000.91
Z00141,H018,6030.15
Z00141,H019,3663.29
Z00141,H020,7328.7
Z00142,H001,5854.2
Z00142,H002,6495.94
Z00142,H003,5571.65
Z00142,H004,9090.89
Z00142,H005,6585.01
Z00142,H006,6762.86
Z00142,H007,6039.68
Z00142,H008,2382.51
Z00142,H009,2937.39
Z00142,H010,3000.05
Z00142,H011,8269.51
Z00142,H012,5784.43
Z00142,H013,7331.95
Z00142,H014,6053.74
Z00142,H015,114.35
Z00142,H016,6117.48
Z00142,H017,2996.15
Z00142,H018,6686.84
Z00142,H019,4634.71
Z00142,H020,4994.83
Z00143,H001,5517.16
Z00143,H002,6653.42
Z00143,H003,6060.97
Z00143,H004,11298.7
Z00143,H005,9320.98
Z00143,H006,9704.81
Z00143,H007,6859.58
Z00143,H008,653.47
Z00143,H009,1697.73
Z00143,H010,87.77
Z00143,H011,6832.84
Z00143,H012,8787.15
Z00143,H013,10334.32
Z00143,H014,6272.41
Z00143,H015,3080.83
Z00143,H016,6119.69
Z00143,H017,104.83
Z00143,H018,9496.88
Z00143,H019,4000.68
Z00143,H020,7957.4
Z00144,H001,1010.83
Z00144,H002,393.51
Z00144,H003,542.27
Z00144,H004,4930.73
Z00144,H005,4430.73
Z00144,H006,5226.39
Z00144,H007,788.72
Z00144,H008,6134.73
Z00144,H009,4706.03
Z00144,H010,6284.32
Z00144,H011,2725.64
Z00144,H012,5948.8
Z00144,H013,5999.28
Z00144,H014,105.47
Z00144,H015,6011.02
Z00144,H016,383.29
Z00144,H017,6475.4
Z00144,H018,4679.78
Z00144,H019,2388.95
Z00144,H020,5216.12
Z00145,H001,1048.28
Z00145,H002,870.53
Z00145,H003,82.78
Z00145,H004,5239.32
Z00145,H005,4451.79
Z00145,H006,5256.26
Z00145,H007,841.7
Z00145,H008,5771.23
Z00145,H009,4370.53
Z00145,H010,5972.32
Z00145,H011,3148.81
Z00145,H012,5851.18
Z00145,H013,6086.73
Z00145,H014,449.62
Z00145,H015,5534.94
Z00145,H016,652.45
Z00145,H017,6160.75
Z00145,H018,4709.51
Z00145,H019,2152.18
Z00145,H020,5030.57
Z00146,H001,5805.11
Z00146,H002,6415.77
Z00146,H003,5488.44
Z00146,H004,8951.0
Z00146,H005,6445.43
Z00146,H006,6630.14
Z00146,H007,5938.15
Z00146,H008,2500.12
Z00146,H009,2997.05
Z00146,H010,3121.07
Z00146,H011,8244.57
Z00146,H012,5663.45
Z00146,H013,7210.64
Z00146,H014,5976.34
Z00146,H015,48.77
Z00146,H016,6048.88
Z00146,H017,3121.93
Z00146,H018,6548.79
Z00146,H019,4619.69
Z00146,H020,4862.29
Z00147,H001,6115.14
Z00147,H002,5376.58
Z00147,H003,4995.29
Z00147,H004,4136.14
Z00147,H005,1752.54
Z00147,H006,1726.69
Z00147,H007,4480.92
Z00147,H008,7354.05
Z00147,H009,7161.71
Z00147,H010,7983.64
Z00147,H011,7435.5
Z00147,H012,1026.51
Z00147,H013,2401.43
Z00147,H014,5324.93
Z00147,H015,4947.95
Z00147,H016,5620.29
Z00147,H017,8011.57
Z00147,H018,1749.49
Z00147,H019,6606.67
Z00147,H020,55.04
Z00148,H001,3810.52
Z00148,H002,4908.9
Z00148,H003,4280.19
Z00148,H004,9518.42
Z00148,H005,7961.38
Z00148,H006,8601.11
Z00148,H007,5079.03
Z00148,H008,1567.58
Z00148,H009,127.91
Z00148,H010,1694.61
Z00148,H011,5599.1
Z00148,H012,8198.03
Z00148,H013,9505.23
Z00148,H014,4509.94
Z00148,H015,3061.23
Z00148,H016,4378.8
Z00148,H017,1881.54
Z00148,H018,8196.69
Z00148,H019,2278.38
Z00148,H020,7145.63
Z00149,H001,619.21
Z00149,H002,576.32
Z00149,H003,719.62
Z00149,H004,5235.06
Z00149,H005,4833.83
Z00149,H006,5628.58
Z00149,H007,1189.52
Z00149,H008,5886.19
Z00149,H009,4440.47
Z00149,H010,5989.39
Z00149,H011,2532.7
Z00149,H012,6346.6
Z00149,H013,6393.2
Z00149,H014,310.23
Z00149,H015,5993.71
Z00149,H016,44.5
Z00149,H017,6181.43
Z00149,H018,5082.3
Z00149,H019,2076.61
Z00149,H020,5592.38
Z00150,H001,6928.69
Z00150,H002,5819.79
Z00150,H003,5957.44
Z00150,H004,2231.72
Z00150,H005,1599.64
Z00150,H006,841.49
Z00150,H007,5180.02
Z00150,H008,9655.83
Z00150,H009,9406.43
Z00150,H010,10281.96
Z00150,H011,6837.21
Z00150,H012,1502.39
Z00150,H013,92.2
Z00150,H014,6021.22
Z00150,H015,7207.92
Z00150,H016,6283.09
Z00150,H017,10276.76
Z00150,H018,1338.31
Z00150,H019,8077.6
Z00150,H020,2383.39
Z00151,H001,5858.0
Z00151,H002,4813.34
Z00151,H003,4830.3
Z00151,H004,2439.01
Z00151,H005,428.92
Z00151,H006,375.83
Z00151,H007,4085.71
Z00151,H008,8898.7
Z00151,H009,8316.23
Z00151,H010,9509.58
Z00151,H011,6279.79
Z00151,H012,1446.31
Z00151,H013,1278.21
Z00151,H014,4953.04
Z00151,H015,6592.37
Z00151,H016,5231.34
Z00151,H017,9579.65
Z00151,H018,174.33
Z00151,H019,6908.41
Z00151,H020,1733.44
Z00152,H001,6041.32
Z00152,H002,5335.95
Z00152,H003,4923.19
Z00152,H004,4262.83
Z00152,H005,1849.42
Z00152,H006,1866.82
Z00152,H007,4433.69
Z00152,H008,7206.08
Z00152,H009,7009.0
Z00152,H010,7835.48
Z00152,H011,7441.98
Z00152,H012,1171.32
Z00152,H013,2554.17
Z00152,H014,5267.47
Z00152,H015,4806.35
Z00152,H016,5561.75
Z00152,H017,7865.74
Z00152,H018,1863.15
Z00152,H019,6489.28
Z00152,H020,102.1
Z00153,H001,2543.5
Z00153,H002,2438.8
Z00153,H003,3256.39
Z00153,H004,4810.87
Z00153,H005,5992.32
Z00153,H006,6579.59
Z00153,H007,3309.8
Z00153,H008,7026.58
Z00153,H009,5733.42
Z00153,H010,6760.24
Z00153,H011,29.27
Z00153,H012,7732.62
Z00153,H013,6890.12
Z00153,H014,2741.14
Z00153,H015,8232.34
Z00153,H016,2534.96
Z00153,H017,6920.6
Z00153,H018,6151.18
Z00153,H019,3655.78
Z00153,H020,7448.79
Z00154,H001,6982.61
Z00154,H002,5867.48
Z00154,H003,6020.44
Z00154,H004,2200.32
Z00154,H005,1674.68
Z00154,H006,924.4
Z00154,H007,5239.13
Z00154,H008,9728.6
Z00154,H009,9492.64
Z00154,H010,10353.18
Z00154,H011,6839.79
Z00154,H012,1569.89
Z00154,H013,35.61
Z00154,H014,6075.95
Z00154,H015,7278.59
Z00154,H016,6335.42
Z00154,H017,10343.05
Z00154,H018,1414.09
Z00154,H019,8147.5
Z00154,H020,2464.75
Z00155,H001,5471.25
Z00155,H002,4433.65
Z00155,H003,4443.37
Z00155,H004,2470.04
Z00155,H005,50.53
Z00155,H006,763.2
Z00155,H007,3698.55
Z00155,H008,8730.29
Z00155,H009,8026.76
Z00155,H010,9319.13
Z00155,H011,5981.14
Z00155,H012,1729.29
Z00155,H013,1643.47
Z00155,H014,4566.9
Z00155,H015,6520.59
Z00155,H016,4846.21
Z00155,H017,9411.28
Z00155,H018,217.21
Z00155,H019,6530.15
Z00155,H020,1791.46
Z00156,H001,5462.15
Z00156,H002,4419.51
Z00156,H003,4438.71
Z00156,H004,2434.55
Z00156,H005,75.26
Z00156,H006,770.17
Z00156,H007,3690.23
Z00156,H008,8759.78
Z00156,H009,8045.61
Z00156,H010,9346.78
Z00156,H011,5952.33
Z00156,H012,1757.89
Z00156,H013,1639.44
Z00156,H014,4557.02
Z00156,H015,6555.57
Z00156,H016,4835.34
Z00156,H017,9440.43
Z00156,H018,222.41
Z00156,H019,6531.47
Z00156,H020,1828.93
Z00157,H001,6026.29
Z00157,H002,5303.39
Z00157,H003,4907.01
Z00157,H004,4184.89
Z00157,H005,1772.17
Z00157,H006,1791.86
Z00157,H007,4404.19
Z00157,H008,7277.41
Z00157,H009,7063.58
Z00157,H010,7906.59
Z00157,H011,7389.58
Z00157,H012,1131.65
Z00157,H013,2489.59
Z00157,H014,5243.36
Z00157,H015,4881.34
Z00157,H016,5538.26
Z00157,H017,7938.48
Z00157,H018,1784.83
Z00157,H019,6503.01
Z00157,H020,53.15
Z00158,H001,6990.96
Z00158,H002,5877.48
Z00158,H003,6025.93
Z00158,H004,2221.07
Z00158,H005,1675.17
Z00158,H006,920.05
Z00158,H007,5245.88
Z00158,H008,9710.35
Z00158,H009,9482.55
Z00158,H010,10334.57
Z00158,H011,6858.01
Z00158,H012,1550.9
Z00158,H013,19.13
Z00158,H014,6084.05
Z00158,H015,7259.97
Z00158,H016,6344.21
Z00158,H017,10323.61
Z00158,H018,1414.19
Z00158,H019,8150.46
Z00158,H020,2449.52
Z00159,H001,6185.54
Z00159,H002,5136.82
Z00159,H003,5156.71
Z00159,H004,2465.76
Z00159,H005,755.53
Z00159,H006,54.77
Z00159,H007,4413.36
Z00159,H008,9010.46
Z00159,H009,8544.85
Z00159,H010,9634.28
Z00159,H011,6539.35
Z00159,H012,1239.53
Z00159,H013,987.98
Z00159,H014,5280.35
Z00159,H015,6639.03
Z00159,H016,5558.12
Z00159,H017,9682.74
Z00159,H018,501.1
Z00159,H019,7225.23
Z00159,H020,1735.32
Z00160,H001,104.5
Z00160,H002,1135.91
Z00160,H003,1023.98
Z00160,H004,5790.6
Z00160,H005,5357.75
Z00160,H006,6158.35
Z00160,H007,1698.11
Z00160,H008,5370.43
Z00160,H009,3918.04
Z00160,H010,5441.29
Z00160,H011,2604.45
Z00160,H012,6803.29
Z00160,H013,6946.29
Z00160,H014,844.27
Z00160,H015,5717.28
Z00160,H016,608.87
Z00160,H017,5633.45
Z00160,H018,5610.67
Z00160,H019,1532.93
Z00160,H020,5977.52
Z00161,H001,5767.82
Z00161,H002,4621.99
Z00161,H003,5212.6
Z00161,H004,68.4
Z00161,H005,2553.01
Z00161,H006,2505.96
Z00161,H007,4420.33
Z00161,H008,10896.8
Z00161,H009,9581.0
Z00161,H010,11181.79
Z00161,H011,4737.16
Z00161,H012,3681.9
Z00161,H013,2302.36
Z00161,H014,4997.84
Z00161,H015,9031.91
Z00161,H016,5155.86
Z00161,H017,11372.03
Z00161,H018,2470.23
Z00161,H019,7274.37
Z00161,H020,4226.42
Z00162,H001,5383.07
Z00162,H002,6525.69
Z00162,H003,5954.44
Z00162,H004,11182.62
Z00162,H005,9340.37
Z00162,H006,9766.13
Z00162,H007,6758.42
Z00162,H008,731.26
Z00162,H009,1606.3
Z00162,H010,114.71
Z00162,H011,6668.5
Z00162,H012,8891.57
Z00162,H013,10438.4
Z00162,H014,6151.39
Z00162,H015,3181.46
Z00162,H016,5991.81
Z00162,H017,258.68
Z00162,H018,9527.56
Z00162,H019,3873.19
Z00162,H020,8034.12
Z00163,H001,1188.91
Z00163,H002,115.91
Z00163,H003,1042.73
Z00163,H004,4622.6
Z00163,H005,4442.68
Z00163,H006,5214.91
Z00163,H007,1011.3
Z00163,H008,6514.2
Z00163,H009,5067.67
Z00163,H010,6608.14
Z00163,H011,2297.98
Z00163,H012,6059.25
Z00163,H013,5914.82
Z00163,H014,548.63
Z00163,H015,6510.48
Z00163,H016,583.94
Z00163,H017,6800.29
Z00163,H018,4677.96
Z00163,H019,2696.11
Z00163,H020,5427.98
Z00164,H001,5736.01
Z00164,H002,4706.09
Z00164,H003,4698.06
Z00164,H004,2533.0
Z00164,H005,305.64
Z00164,H006,514.2
Z00164,H007,3962.32
Z00164,H008,8764.33
Z00164,H009,8161.3
Z00164,H010,9371.02
Z00164,H011,6238.3
Z00164,H012,1473.43
Z00164,H013,1430.95
Z00164,H014,4833.37
Z00164,H015,6480.81
Z00164,H016,5114.31
Z00164,H017,9446.16
Z00164,H018,125.58
Z00164,H019,6763.85
Z00164,H020,1654.82
Z00165,H001,3833.62
Z00165,H002,4926.82
Z00165,H003,4289.05
Z00165,H004,9526.7
Z00165,H005,7939.12
Z00165,H006,8572.68
Z00165,H007,5085.41
Z00165,H008,1542.64
Z00165,H009,90.48
Z00165,H010,1688.11
Z00165,H011,5640.27
Z00165,H012,8157.34
Z00165,H013,9473.61
Z00165,H014,4525.2
Z00165,H015,3011.36
Z00165,H016,4397.56
Z00165,H017,1873.69
Z00165,H018,8172.96
Z00165,H019,2301.89
Z00165,H020,7107.02
Z00166,H001,6230.55
Z00166,H002,5178.85
Z00166,H003,5203.71
Z00166,H004,2453.8
Z00166,H005,802.28
Z00166,H006,9.15
Z00166,H007,4458.8
Z00166,H008,9042.38
Z00166,H009,8589.73
Z00166,H010,9667.29
Z00166,H011,6563.82
Z00166,H012,1230.9
Z00166,H013,939.35
Z00166,H014,5324.97
Z00166,H015,6664.0
Z00166,H016,5602.16
Z00166,H017,9712.99
Z00166,H018,546.16
Z00166,H019,7274.09
Z00166,H020,1758.89
Z00167,H001,5343.48
Z00167,H002,6427.04
Z00167,H003,5738.54
Z00167,H004,10892.82
Z00167,H005,8702.9
Z00167,H006,9079.32
Z00167,H007,6506.2
Z00167,H008,47.39
Z00167,H009,1421.15
Z00167,H010,598.53
Z00167,H011,6980.18
Z00167,H012,8199.42
Z00167,H013,9744.4
Z00167,H014,6014.99
Z00167,H015,2491.12
Z00167,H016,5901.03
Z00167,H017,662.35
Z00167,H018,8873.03
Z00167,H019,3811.68
Z00167,H020,7338.65
Z00168,H001,3941.1
Z00168,H002,5027.88
Z00168,H003,4377.26
Z00168,H004,9611.83
Z00168,H005,7961.16
Z00168,H006,8577.46
Z00168,H007,5169.3
Z00168,H008,1434.89
Z00168,H009,36.49
Z00168,H010,1607.66
Z00168,H011,5757.98
Z00168,H012,8122.32
Z00168,H013,9468.08
Z00168,H014,4622.81
Z00168,H015,2913.71
Z00168,H016,4499.84
Z00168,H017,1790.48
Z00168,H018,8190.97
Z00168,H019,2410.25
Z00168,H020,7080.42
Z00169,H001,5383.51
Z00169,H002,6451.76
Z00169,H003,5741.99
Z00169,H004,10846.02
Z00169,H005,8598.61
Z00169,H006,8957.41
Z00169,H007,6499.33
Z00169,H008,97.26
Z00169,H009,1464.95
Z00169,H010,726.14
Z00169,H011,7076.53
Z00169,H012,8065.14
Z00169,H013,9610.95
Z00169,H014,6033.7
Z00169,H015,2355.89
Z00169,H016,5929.17
Z00169,H017,771.69
Z00169,H018,8763.27
Z00169,H019,3853.98
Z00169,H020,7211.76
Z00170,H001,1793.93
Z00170,H002,900.26
Z00170,H003,861.08
Z00170,H004,4392.91
Z00170,H005,3639.04
Z00170,H006,4438.37
Z00170,H007,55.87
Z00170,H008,6577.48
Z00170,H009,5212.14
Z00170,H010,6822.31
Z00170,H011,3251.05
Z00170,H012,5153.06
Z00170,H013,5235.78
Z00170,H014,893.61
Z00170,H015,5990.66
Z00170,H016,1182.6
Z00170,H017,7008.14
Z00170,H018,3890.81
Z00170,H019,3032.98
Z00170,H020,4454.41
Z00171,H001,5812.06
Z00171,H002,6427.37
Z00171,H003,5500.45
Z00171,H004,8971.66
Z00171,H005,6466.05
Z00171,H006,6649.8
Z00171,H007,5952.92
Z00171,H008,2482.5
Z00171,H009,2987.73
Z00171,H010,3103.01
Z00171,H011,8248.15
Z00171,H012,5681.41
Z00171,H013,7228.68
Z00171,H014,5987.51
Z00171,H015,37.86
Z00171,H016,6058.74
Z00171,H017,3103.2
Z00171,H018,6569.2
Z00171,H019,4621.5
Z00171,H020,4881.91
Z00172,H001,5494.38
Z00172,H002,6567.03
Z00172,H003,5860.57
Z00172,H004,10959.27
Z00172,H005,8681.87
Z00172,H006,9018.84
Z00172,H007,6618.54
Z00172,H008,129.95
Z00172,H009,1573.32
Z00172,H010,685.77
Z00172,H011,7154.69
Z00172,H012,8098.59
Z00172,H013,9646.03
Z00172,H014,6150.17
Z00172,H015,2389.25
Z00172,H016,6043.57
Z00172,H017,703.33
Z00172,H018,8840.84
Z00172,H019,3963.85
Z00172,H020,7265.53
Z00173,H001,6370.48
Z00173,H002,5305.58
Z00173,H003,5354.01
Z00173,H004,2388.44
Z00173,H005,955.23
Z00173,H006,164.08
Z00173,H007,4601.45
Z00173,H008,9172.89
Z00173,H009,8754.82
Z00173,H010,9800.4
Z00173,H011,6619.22
Z00173,H012,1247.07
Z00173,H013,769.17
Z00173,H014,5463.42
Z00173,H015,6775.47
Z00173,H016,5737.81
Z00173,H017,9837.7
Z00173,H018,694.48
Z00173,H019,7435.63
Z00173,H020,1872.27
Z00174,H001,5819.93
Z00174,H002,6442.73
Z00174,H003,5516.5
Z00174,H004,9003.88
Z00174,H005,6498.25
Z00174,H006,6681.12
Z00174,H007,5973.55
Z00174,H008,2453.77
Z00174,H009,2970.8
Z00174,H010,3073.68
Z00174,H011,8250.55
Z00174,H012,5710.66
Z00174,H013,7258.02
Z00174,H014,6002.17
Z00174,H015,38.24
Z00174,H016,6071.27
Z00174,H017,3073.01
Z00174,H018,6601.26
Z00174,H019,4621.34
Z00174,H020,4913.19
Z00175,H001,1777.55
Z00175,H002,937.49
Z00175,H003,805.91
Z00175,H004,4462.73
Z00175,H005,3657.58
Z00175,H006,4458.99
Z00175,H007,33.55
Z00175,H008,6501.92
Z00175,H009,5142.84
Z00175,H010,6753.97
Z00175,H011,3309.04
Z00175,H012,5149.84
Z00175,H013,5267.07
Z00175,H014,887.84
Z00175,H015,5903.62
Z00175,H016,1181.39
Z00175,H017,6939.11
Z00175,H018,3911.21
Z00175,H019,2982.73
Z00175,H020,4432.14
Z00176,H001,121.82
Z00176,H002,1237.16
Z00176,H003,1093.59
Z00176,H004,5891.02
Z00176,H005,5446.91
Z00176,H006,6248.43
Z00176,H007,1788.22
Z00176,H008,5275.39
Z00176,H009,3822.51
Z00176,H010,5341.82
Z00176,H011,2637.37
Z00176,H012,6877.77
Z00176,H013,7041.49
Z00176,H014,941.33
Z00176,H015,5660.67
Z00176,H016,710.09
Z00176,H017,5533.98
Z00176,H018,5700.65
Z00176,H019,1435.35
Z00176,H020,6038.89
Z00177,H001,5354.7
Z00177,H002,6433.86
Z00177,H003,5739.01
Z00177,H004,10879.62
Z00177,H005,8672.02
Z00177,H006,9043.28
Z00177,H007,6503.73
Z00177,H008,21.61
Z00177,H009,1432.41
Z00177,H010,635.88
Z00177,H011,7008.26
Z00177,H012,8159.78
Z00177,H013,9705.01
Z00177,H014,6019.99
Z00177,H015,2451.18
Z00177,H016,5908.8
Z00177,H017,693.83
Z00177,H018,8840.54
Z00177,H019,3823.36
Z00177,H020,7301.11
Z00178,H001,5416.51
Z00178,H002,4361.89
Z00178,H003,4404.79
Z00178,H004,2348.9
Z00178,H005,160.91
Z00178,H006,818.12
Z00178,H007,3647.35
Z00178,H008,8822.88
Z00178,H009,8075.04
Z00178,H010,9403.32
Z00178,H011,5861.83
Z00178,H012,1848.86
Z00178,H013,1655.23
Z00178,H014,4509.81
Z00178,H015,6639.62
Z00178,H016,4785.56
Z00178,H017,9502.0
Z00178,H018,281.69
Z00178,H019,6512.24
Z00178,H020,1929.42
Z00179,H001,2406.49
Z00179,H002,2373.42
Z00179,H003,3162.16
Z00179,H004,4956.82
Z00179,H005,6061.28
Z00179,H006,6669.85
Z00179,H007,3260.57
Z00179,H008,6855.12
Z00179,H009,5557.92
Z00179,H010,6596.25
Z00179,H011,170.12
Z00179,H012,7803.55
Z00179,H013,7011.53
Z00179,H014,2652.88
Z00179,H015,8067.43
Z00179,H016,2434.01
Z00179,H017,6758.35
Z00179,H018,6228.43
Z00179,H019,3486.82
Z00179,H020,7472.65
Z00180,H001,562.76
Z00180,H002,608.16
Z00180,H003,808.45
Z00180,H004,5264.6
Z00180,H005,4910.72
Z00180,H006,5703.66
Z00180,H007,1273.75
Z00180,H008,5875.25
Z00180,H009,4426.32
Z00180,H010,5964.16
Z00180,H011,2456.2
Z00180,H012,6432.9
Z00180,H013,6460.17
Z00180,H014,397.07
Z00180,H015,6038.25
Z00180,H016,102.07
Z00180,H017,6156.3
Z00180,H018,5157.99
Z00180,H019,2051.86
Z00180,H020,5683.58
Z00181,H001,5400.26
Z00181,H002,4375.88
Z00181,H003,4362.93
Z00181,H004,2561.84
Z00181,H005,61.87
Z00181,H006,844.84
Z00181,H007,3626.48
Z00181,H008,8623.24
Z00181,H009,7916.19
Z00181,H010,9210.15
Z00181,H011,5973.89
Z00181,H012,1741.63
Z00181,H013,1741.17
Z00181,H014,4498.11
Z00181,H015,6426.86
Z00181,H016,4779.72
Z00181,H017,9303.8
Z00181,H018,311.36
Z00181,H019,6438.06
Z00181,H020,1734.64
Z00182,H001,1006.34
Z00182,H002,947.57
Z00182,H003,126.37
Z00182,H004,5339.87
Z00182,H005,4527.82
Z00182,H006,5332.47
Z00182,H007,935.55
Z00182,H008,5670.6
Z00182,H009,4269.74
Z00182,H010,5871.82
Z00182,H011,3183.59
Z00182,H012,5906.2
Z00182,H013,6169.55
Z00182,H014,511.41
Z00182,H015,5457.28
Z00182,H016,676.89
Z00182,H017,6060.17
Z00182,H018,4786.38
Z00182,H019,2058.03
Z00182,H020,5069.65
Z00183,H001,5400.82
Z00183,H002,4368.69
Z00183,H003,4369.54
Z00183,H004,2509.58
Z00183,H005,32.13
Z00183,H006,836.55
Z00183,H007,3627.59
Z00183,H008,8671.31
Z00183,H009,7953.34
Z00183,H010,9256.5
Z00183,H011,5943.54
Z00183,H012,1769.17
Z00183,H013,1721.02
Z00183,H014,4497.27
Z00183,H015,6479.01
Z00183,H016,4777.53
Z00183,H017,9351.52
Z00183,H018,293.24
Z00183,H019,6453.34
Z00183,H020,1783.52
Z00184,H001,1296.5
Z00184,H002,131.49
Z00184,H003,976.69
Z00184,H004,4536.03
Z00184,H005,4276.74
Z00184,H006,5052.97
Z00184,H007,842.47
Z00184,H008,6566.98
Z00184,H009,5127.89
Z00184,H010,6686.81
Z00184,H011,2449.59
Z00184,H012,5884.97
Z00184,H013,5766.16
Z00184,H014,536.56
Z00184,H015,6454.87
Z00184,H016,657.98
Z00184,H017,6878.73
Z00184,H018,4514.08
Z00184,H019,2774.94
Z00184,H020,5250.78
Z00185,H001,1571.48
Z00185,H002,2687.6
Z00185,H003,2199.87
Z00185,H004,7344.09
Z00185,H005,6493.77
Z00185,H006,7285.95
Z00185,H007,3016.64
Z00185,H008,3804.58
Z00185,H009,2351.06
Z00185,H010,3878.12
Z00185,H011,3686.22
Z00185,H012,7565.32
Z00185,H013,8178.82
Z00185,H014,2317.25
Z00185,H015,4541.74
Z00185,H016,2153.93
Z00185,H017,4070.15
Z00185,H018,6756.07
Z00185,H019,45.84
Z00185,H020,6545.33
Z00186,H001,5489.38
Z00186,H002,4452.24
Z00186,H003,4460.84
Z00186,H004,2473.05
Z00186,H005,63.22
Z00186,H006,745.52
Z00186,H007,3716.6
Z00186,H008,8733.53
Z00186,H009,8036.57
Z00186,H010,9323.73
Z00186,H011,5998.46
Z00186,H012,1711.88
Z00186,H013,1628.16
Z00186,H014,4585.13
Z00186,H015,6518.42
Z00186,H016,4864.55
Z00186,H017,9414.76
Z00186,H018,200.42
Z00186,H019,6546.33
Z00186,H020,1781.64
Z00187,H001,1553.14
Z00187,H002,2679.65
Z00187,H003,2214.48
Z00187,H004,7338.36
Z00187,H005,6525.81
Z00187,H006,7319.92
Z00187,H007,3029.64
Z00187,H008,3825.44
Z00187,H009,2372.15
Z00187,H010,3886.96
Z00187,H011,3635.01
Z00187,H012,7614.82
Z00187,H013,8208.52
Z00187,H014,2316.53
Z00187,H015,4596.42
Z00187,H016,2145.77
Z00187,H017,4079.09
Z00187,H018,6788.1
Z00187,H019,43.1
Z00187,H020,6598.52
Z00188,H001,1500.84
Z00188,H002,2629.67
Z00188,H003,2174.33
Z00188,H004,7288.74
Z00188,H005,6496.53
Z00188,H006,7292.1
Z00188,H007,2988.36
Z00188,H008,3878.37
Z00188,H009,2425.16
Z00188,H010,3937.55
Z00188,H011,3586.72
Z00188,H012,7602.69
Z00188,H013,8177.15
Z00188,H014,2269.09
Z00188,H015,4642.29
Z00188,H016,2095.81
Z00188,H017,4129.7
Z00188,H018,6758.78
Z00188,H019,57.28
Z00188,H020,6591.54
Z00189,H001,7067.95
Z00189,H002,5953.98
Z00189,H003,6102.44
Z00189,H004,2259.53
Z00189,H005,1747.64
Z00189,H006,985.34
Z00189,H007,5322.79
Z00189,H008,9719.26
Z00189,H009,9530.71
Z00189,H010,10340.27
Z00189,H011,6918.08
Z00189,H012,1556.87
Z00189,H013,58.6
Z00189,H014,6161.06
Z00189,H015,7266.82
Z00189,H016,6421.12
Z00189,H017,10321.97
Z00189,H018,1486.25
Z00189,H019,8225.23
Z00189,H020,2478.75
Z00190,H001,5758.33
Z00190,H002,6395.0
Z00190,H003,5470.51
Z00190,H004,9037.11
Z00190,H005,6533.15
Z00190,H006,6729.21
Z00190,H007,5939.12
Z00190,H008,2392.98
Z00190,H009,2892.93
Z00190,H010,3015.01
Z00190,H011,8181.29
Z00190,H012,5769.94
Z00190,H013,7316.86
Z00190,H014,5953.0
Z00190,H015,61.27
Z00190,H016,6017.77
Z00190,H017,3018.13
Z00190,H018,6640.38
Z00190,H019,4549.63
Z00190,H020,4961.79
Z00191,H001,5344.68
Z00191,H002,4311.6
Z00191,H003,4315.06
Z00191,H004,2505.53
Z00191,H005,88.91
Z00191,H006,891.24
Z00191,H007,3571.62
Z00191,H008,8657.46
Z00191,H009,7920.42
Z00191,H010,9238.36
Z00191,H011,5891.86
Z00191,H012,1822.18
Z00191,H013,1769.79
Z00191,H014,4440.89
Z00191,H015,6482.46
Z00191,H016,4720.92
Z00191,H017,9336.6
Z00191,H018,345.69
Z00191,H019,6402.4
Z00191,H020,1813.7
Z00192,H001,4018.08
Z00192,H002,5101.23
Z00192,H003,4443.17
Z00192,H004,9674.48
Z00192,H005,7982.86
Z00192,H006,8586.98
Z00192,H007,5232.4
Z00192,H008,1358.6
Z00192,H009,111.5
Z00192,H010,1549.23
Z00192,H011,5838.25
Z00192,H012,8104.58
Z00192,H013,9469.71
Z00192,H014,4694.23
Z00192,H015,2851.88
Z00192,H016,4573.93
Z00192,H017,1729.92
Z00192,H018,8209.79
Z00192,H019,2487.86
Z00192,H020,7069.16
Z00193,H001,632.92
Z00193,H002,537.41
Z00193,H003,798.61
Z00193,H004,5194.37
Z00193,H005,4849.71
Z00193,H006,5641.37
Z00193,H007,1220.68
Z00193,H008,5942.11
Z00193,H009,4493.88
Z00193,H010,6033.84
Z00193,H011,2446.09
Z00193,H012,6380.99
Z00193,H013,6393.83
Z00193,H014,351.85
Z00193,H015,6079.19
Z00193,H016,63.9
Z00193,H017,6225.97
Z00193,H018,5096.15
Z00193,H019,2121.26
Z00193,H020,5642.18
Z00194,H001,1148.15
Z00194,H002,25.04
Z00194,H003,908.58
Z00194,H004,4680.74
Z00194,H005,4408.63
Z00194,H006,5188.45
Z00194,H007,908.5
Z00194,H008,6431.8
Z00194,H009,4989.85
Z00194,H010,6543.73
Z00194,H011,2424.28
Z00194,H012,6002.4
Z00194,H013,5909.31
Z00194,H014,425.73
Z00194,H015,6380.46
Z00194,H016,512.35
Z00194,H017,6735.74
Z00194,H018,4647.99
Z00194,H019,2631.06
Z00194,H020,5345.36
Z00195,H001,1113.52
Z00195,H002,68.77
Z00195,H003,870.23
Z00195,H004,4720.21
Z00195,H005,4426.92
Z00195,H006,5208.8
Z00195,H007,903.57
Z00195,H008,6389.32
Z00195,H009,4947.92
Z00195,H010,6503.43
Z00195,H011,2446.52
Z00195,H012,6012.95
Z00195,H013,5935.27
Z00195,H014,382.59
Z00195,H015,6339.68
Z00195,H016,473.33
Z00195,H017,6695.41
Z00195,H018,4667.44
Z00195,H019,2591.08
Z00195,H020,5346.45
Z00196,H001,5437.45
Z00196,H002,6578.64
Z00196,H003,6001.86
Z00196,H004,11233.65
Z00196,H005,9348.32
Z00196,H006,9758.77
Z00196,H007,6804.44
Z00196,H008,713.14
Z00196,H009,1648.37
Z00196,H010,83.38
Z00196,H011,6726.25
Z00196,H012,8866.7
Z00196,H013,10414.16
Z00196,H014,6202.66
Z00196,H015,3157.25
Z00196,H016,6044.77
Z00196,H017,200.09
Z00196,H018,9531.52
Z00196,H019,3925.9
Z00196,H020,8020.29
Z00197,H001,3926.62
Z00197,H002,5018.63
Z00197,H003,4376.38
Z00197,H004,9613.06
Z00197,H005,7988.9
Z00197,H006,8610.4
Z00197,H007,5170.93
Z00197,H008,1449.55
Z00197,H009,13.1
Z00197,H010,1603.56
Z00197,H011,5724.96
Z00197,H012,8164.16
Z00197,H013,9503.85
Z00197,H014,4616.0
Z00197,H015,2958.69
Z00197,H016,4489.66
Z00197,H017,1787.97
Z00197,H018,8220.0
Z00197,H019,2394.96
Z00197,H020,7120.63
Z00198,H001,6281.98
Z00198,H002,5225.61
Z00198,H003,5258.65
Z00198,H004,2430.9
Z00198,H005,857.44
Z00198,H006,55.69
Z00198,H007,4511.06
Z00198,H008,9088.55
Z00198,H009,8648.79
Z00198,H010,9714.52
Z00198,H011,6585.55
Z00198,H012,1232.34
Z00198,H013,878.02
Z00198,H014,5375.83
Z00198,H015,6702.85
Z00198,H016,5652.07
Z00198,H017,9757.18
Z00198,H018,599.17
Z00198,H019,7332.87
Z00198,H020,1797.42
Z00199,H001,5545.38
Z00199,H002,6675.18
Z00199,H003,6065.8
Z00199,H004,11302.41
Z00199,H005,9252.77
Z00199,H006,9621.65
Z00199,H007,6859.88
Z00199,H008,573.61
Z00199,H009,1697.69
Z00199,H010,141.29
Z00199,H011,6903.85
Z00199,H012,8694.33
Z00199,H013,10241.2
Z00199,H014,6288.6
Z00199,H015,2989.49
Z00199,H016,6141.89
Z00199,H017,116.4
Z00199,H018,9424.14
Z00199,H019,4023.91
Z00199,H020,7870.69
Z00200,H001,6159.6
Z00200,H002,5410.86
Z00200,H003,5039.49
Z00200,H004,4101.42
Z00200,H005,1735.09
Z00200,H006,1684.66
Z00200,H007,4517.64
Z00200,H008,7402.84
Z00200,H009,7219.71
Z00200,H010,8032.55
Z00200,H011,7452.46
Z00200,H012,966.89
Z00200,H013,2347.72
Z00200,H014,5364.62
Z00200,H015,4992.3
Z00200,H016,5660.23
Z00200,H017,8058.58
Z00200,H018,1723.39
Z00200,H019,6662.42
Z00200,H020,114.64
Z00201,H001,6916.82
Z00201,H002,6018.47
Z00201,H003,5808.39
Z00201,H004,3608.74
Z00201,H005,1753.35
Z00201,H006,1237.1
Z00201,H007,5181.79
Z00201,H008,8180.88
Z00201,H009,8176.54
Z00201,H010,8802.16
Z00201,H011,7719.88
Z00201,H012,27.6
Z00201,H013,1529.99
Z00201,H014,6058.34
Z00201,H015,5728.3
Z00201,H016,6352.81
Z00201,H017,8790.92
Z00201,H018,1593.69
Z00201,H019,7598.79
Z00201,H020,1108.76
Z00202,H001,5804.23
Z00202,H002,4753.89
Z00202,H003,4782.34
Z00202,H004,2390.61
Z00202,H005,385.4
Z00202,H006,427.76
Z00202,H007,4033.05
Z00202,H008,8923.02
Z00202,H009,8312.07
Z00202,H010,9530.15
Z00202,H011,6209.11
Z00202,H012,1517.09
Z00202,H013,1308.22
Z00202,H014,4898.41
Z00202,H015,6631.78
Z00202,H016,5175.5
Z00202,H017,9604.75
Z00202,H018,123.19
Z00202,H019,6869.57
Z00202,H020,1785.89
Z00203,H001,50.36
Z00203,H002,1127.11
Z00203,H003,1117.9
Z00203,H004,5763.71
Z00203,H005,5410.94
Z00203,H006,6208.76
Z00203,H007,1753.64
Z00203,H008,5424.59
Z00203,H009,3971.09
Z00203,H010,5475.88
Z00203,H011,2479.11
Z00203,H012,6883.15
Z00203,H013,6980.83
Z00203,H014,882.93
Z00203,H015,5829.55
Z00203,H016,619.75
Z00203,H017,5667.92
Z00203,H018,5661.63
Z00203,H019,1580.55
Z00203,H020,6074.22
Z00204,H001,1876.71
Z00204,H002,953.28
Z00204,H003,948.03
Z00204,H004,4310.64
Z00204,H005,3556.74
Z00204,H006,4355.21
Z00204,H007,132.02
Z00204,H008,6655.4
Z00204,H009,5294.65
Z00204,H010,6905.38
Z00204,H011,3276.86
Z00204,H012,5080.74
Z00204,H013,5149.57
Z00204,H014,973.57
Z00204,H015,6031.81
Z00204,H016,1259.92
Z00204,H017,7090.85
Z00204,H018,3807.81
Z00204,H019,3120.8
Z00204,H020,4395.09
Z00205,H001,3930.47
Z00205,H002,5020.13
Z00205,H003,4374.15
Z00205,H004,9610.01
Z00205,H005,7974.69
Z00205,H006,8594.17
Z00205,H007,5167.61
Z00205,H008,1445.42
Z00205,H009,11.06
Z00205,H010,1607.78
Z00205,H011,5737.62
Z00205,H012,8144.74
Z00205,H013,9486.57
Z00205,H014,4616.4
Z00205,H015,2939.54
Z00205,H016,4491.57
Z00205,H017,1791.52
Z00205,H018,8205.28
Z00205,H019,2399.13
Z00205,H020,7101.74
Z00206,H001,6233.02
Z00206,H002,5180.91
Z00206,H003,5206.51
Z00206,H004,2451.28
Z00206,H005,805.07
Z00206,H006,6.13
Z00206,H007,4461.34
Z00206,H008,9045.97
Z00206,H009,8593.64
Z00206,H010,9670.93
Z00206,H011,6564.02
Z00206,H012,1232.1
Z00206,H013,935.62
Z00206,H014,5327.39
Z00206,H015,6667.28
Z00206,H016,5604.5
Z00206,H017,9716.51
Z00206,H018,548.71
Z00206,H019,7277.32
Z00206,H020,1762.13
Z00207,H001,5500.42
Z00207,H002,6634.61
Z00207,H003,6037.09
Z00207,H004,11275.29
Z00207,H005,9285.75
Z00207,H006,9670.96
Z00207,H007,6834.54
Z00207,H008,619.51
Z00207,H009,1672.08
Z00207,H010,73.82
Z00207,H011,6834.57
Z00207,H012,8757.58
Z00207,H013,10304.95
Z00207,H014,6251.82
Z00207,H015,3050.26
Z00207,H016,6100.99
Z00207,H017,124.66
Z00207,H018,9461.78
Z00207,H019,3982.17
Z00207,H020,7924.55
Z00208,H001,2437.33
Z00208,H002,2293.34
Z00208,H003,3120.32
Z00208,H004,4744.9
Z00208,H005,5862.55
Z00208,H006,6461.72
Z00208,H007,3160.58
Z00208,H008,7038.79
Z00208,H009,5721.11
Z00208,H010,6794.52
Z00208,H011,122.43
Z00208,H012,7604.19
Z00208,H013,6796.15
Z00208,H014,2603.01
Z00208,H015,8159.18
Z00208,H016,2402.97
Z00208,H017,6958.75
Z00208,H018,6025.67
Z00208,H019,3597.01
Z00208,H020,7303.31
Z00209,H001,1244.9
Z00209,H002,105.34
Z00209,H003,1031.18
Z00209,H004,4571.44
Z00209,H005,4370.4
Z00209,H006,5143.15
Z00209,H007,950.16
Z00209,H008,6553.37
Z00209,H009,5109.2
Z00209,H010,6656.41
Z00209,H011,2347.54
Z00209,H012,5986.9
Z00209,H013,5845.68
Z00209,H014,556.01
Z00209,H015,6506.74
Z00209,H016,625.74
Z00209,H017,6848.52
Z00209,H018,4605.91
Z00209,H019,2743.49
Z00209,H020,5358.75
Z00210,H001,948.15
Z00210,H002,880.04
Z00210,H003,172.2
Z00210,H004,5318.39
Z00210,H005,4556.68
Z00210,H006,5361.11
Z00210,H007,939.29
Z00210,H008,5703.39
Z00210,H009,4295.03
Z00210,H010,5893.09
Z00210,H011,3103.08
Z00210,H012,5954.46
Z00210,H013,6189.98
Z00210,H014,437.95
Z00210,H015,5526.94
Z00210,H016,596.42
Z00210,H017,6082.15
Z00210,H018,4814.27
Z00210,H019,2057.52
Z00210,H020,5128.55
Z00211,H001,5367.55
Z00211,H002,4339.39
Z00211,H003,4333.65
Z00211,H004,2537.63
Z00211,H005,69.84
Z00211,H006,872.68
Z00211,H007,3594.02
Z00211,H008,8635.2
Z00211,H009,7912.41
Z00211,H010,9218.95
Z00211,H011,5931.02
Z00211,H012,1784.13
Z00211,H013,1760.92
Z00211,H014,4464.65
Z00211,H015,6450.51
Z00211,H016,4745.58
Z00211,H017,9315.05
Z00211,H018,332.01
Z00211,H019,6414.55
Z00211,H020,1772.59
Z00212,H001,100.51
Z00212,H002,1066.35
Z00212,H003,1052.32
Z00212,H004,5710.26
Z00212,H005,5340.86
Z00212,H006,6138.83
Z00212,H007,1683.4
Z00212,H008,5466.48
Z00212,H009,4013.32
Z00212,H010,5526.29
Z00212,H011,2497.13
Z00212,H012,6813.87
Z00212,H013,6912.42
Z00212,H014,813.26
Z00212,H015,5830.94
Z00212,H016,553.25
Z00212,H017,5718.4
Z00212,H018,5591.66
Z00212,H019,1624.48
Z00212,H020,6008.2
Z00213,H001,861.52
Z00213,H002,423.86
Z00213,H003,589.38
Z00213,H004,5042.35
Z00213,H005,4584.1
Z00213,H006,5379.23
Z00213,H007,941.96
Z00213,H008,6044.33
Z00213,H009,4607.88
Z00213,H010,6175.75
Z00213,H011,2642.34
Z00213,H012,6101.43
Z00213,H013,6148.21
Z00213,H014,75.23
Z00213,H015,6009.88
Z00213,H016,229.81
Z00213,H017,6367.32
Z00213,H018,4832.8
Z00213,H019,2270.4
Z00213,H020,5361.52
Z00214,H001,965.9
Z00214,H002,388.07
Z00214,H003,561.56
Z00214,H004,4959.55
Z00214,H005,4478.13
Z00214,H006,5273.33
Z00214,H007,837.82
Z00214,H008,6113.54
Z00214,H009,4681.9
Z00214,H010,6256.54
Z00214,H011,2691.42
Z00214,H012,5997.96
Z00214,H013,6043.81
Z00214,H014,72.13
Z00214,H015,6019.57
Z00214,H016,334.47
Z00214,H017,6447.82
Z00214,H018,4726.86
Z00214,H019,2356.96
Z00214,H020,5264.76
Z00215,H001,912.15
Z00215,H002,431.14
Z00215,H003,542.43
Z00215,H004,5017.66
Z00215,H005,4527.98
Z00215,H006,5324.14
Z00215,H007,881.29
Z00215,H008,6057.64
Z00215,H009,4625.0
Z00215,H010,6198.63
Z00215,H011,2695.59
Z00215,H012,6039.71
Z00215,H013,6098.04
Z00215,H014,20.2
Z00215,H015,5984.13
Z00215,H016,291.68
Z00215,H017,6389.95
Z00215,H018,4777.39
Z00215,H019,2298.5
Z00215,H020,5297.42
Z00216,H001,5550.64
Z00216,H002,6690.53
Z00216,H003,6107.38
Z00216,H004,11342.68
Z00216,H005,9386.86
Z00216,H006,9767.41
Z00216,H007,6908.02
Z00216,H008,716.8
Z00216,H009,1748.1
Z00216,H010,137.6
Z00216,H011,6831.8
Z00216,H012,8841.02
Z00216,H013,10387.52
Z00216,H014,6312.81
Z00216,H015,3137.1
Z00216,H016,6156.68
Z00216,H017,93.36
Z00216,H018,9562.35
Z00216,H019,4037.66
Z00216,H020,8017.97
Z00217,H001,6226.74
Z00217,H002,5177.65
Z00217,H003,5197.66
Z00217,H004,2472.72
Z00217,H005,796.59
Z00217,H006,29.45
Z00217,H007,4454.55
Z00217,H008,9022.16
Z00217,H009,8572.25
Z00217,H010,9647.14
Z00217,H011,6572.52
Z00217,H012,1216.35
Z00217,H013,953.69
Z00217,H014,5321.53
Z00217,H015,6643.76
Z00217,H016,5599.26
Z00217,H017,9692.71
Z00217,H018,542.29
Z00217,H019,7264.78
Z00217,H020,1738.69
Z00218,H001,1731.96
Z00218,H002,940.49
Z00218,H003,737.09
Z00218,H004,4538.8
Z00218,H005,3707.86
Z00218,H006,4510.38
Z00218,H007,103.82
Z00218,H008,6424.97
Z00218,H009,5066.97
Z00218,H010,6678.3
Z00218,H011,3328.75
Z00218,H012,5183.48
Z00218,H013,5325.14
Z00218,H014,853.44
Z00218,H015,5838.45
Z00218,H016,1149.1
Z00218,H017,6863.26
Z00218,H018,3962.64
Z00218,H019,2914.71
Z00218,H020,4450.11
Z00219,H001,5382.46
Z00219,H002,4357.33
Z00219,H003,4345.98
Z00219,H004,2557.35
Z00219,H005,68.37
Z00219,H006,861.26
Z00219,H007,3608.73
Z00219,H008,8621.78
Z00219,H009,7908.0
Z00219,H010,9207.28
Z00219,H011,5955.72
Z00219,H012,1760.16
Z00219,H013,1755.14
Z00219,H014,4480.14
Z00219,H015,6431.01
Z00219,H016,4761.61
Z00219,H017,9302.04
Z00219,H018,325.22
Z00219,H019,6422.8
Z00219,H020,1747.09
Z00220,H001,6247.4
Z00220,H002,5198.55
Z00220,H003,5217.83
Z00220,H004,2479.65
Z00220,H005,816.93
Z00220,H006,35.73
Z00220,H007,4475.15
Z00220,H008,9024.75
Z00220,H009,8583.46
Z00220,H010,9650.29
Z00220,H011,6591.08
Z00220,H012,1202.32
Z00220,H013,938.6
Z00220,H014,5342.25
Z00220,H015,6642.85
Z00220,H016,5620.05
Z00220,H017,9694.33
Z00220,H018,563.0
Z00220,H019,7283.68
Z00220,H020,1737.46
Z00221,H001,628.55
Z00221,H002,539.31
Z00221,H003,870.42
Z00221,H004,5185.0
Z00221,H005,4886.09
Z00221,H006,5675.29
Z00221,H007,1270.12
Z00221,H008,5966.34
Z00221,H009,4516.11
Z00221,H010,6047.08
Z00221,H011,2374.48
Z00221,H012,6429.61
Z00221,H013,6418.43
Z00221,H014,412.51
Z00221,H015,6138.37
Z00221,H016,135.66
Z00221,H017,6239.24
Z00221,H018,5131.01
Z00221,H019,2136.84
Z00221,H020,5700.48
Z00222,H001,5938.21
Z00222,H002,5208.81
Z00222,H003,4818.53
Z00222,H004,4139.13
Z00222,H005,1706.34
Z00222,H006,1765.41
Z00222,H007,4310.49
Z00222,H008,7293.93
Z00222,H009,7044.43
Z00222,H010,7922.22
Z00222,H011,7294.32
Z00222,H012,1177.78
Z00222,H013,2491.75
Z00222,H014,5151.4
Z00222,H015,4911.12
Z00222,H016,5446.5
Z00222,H017,7959.07
Z00222,H018,1730.57
Z00222,H019,6434.59
Z00222,H020,138.98
Z00223,H001,5781.39
Z00223,H002,6408.03
Z00223,H003,5482.33
Z00223,H004,9005.6
Z00223,H005,6500.79
Z00223,H006,6691.49
Z00223,H007,5943.46
Z00223,H008,2434.92
Z00223,H009,2936.25
Z00223,H010,3056.33
Z00223,H011,8210.73
Z00223,H012,5728.34
Z00223,H013,7275.43
Z00223,H014,5967.0
Z00223,H015,18.39
Z00223,H016,6034.81
Z00223,H017,3058.21
Z00223,H018,6606.23
Z00223,H019,4581.35
Z00223,H020,4923.82
Z00224,H001,6104.97
Z00224,H002,5396.69
Z00224,H003,4986.74
Z00224,H004,4264.27
Z00224,H005,1868.08
Z00224,H006,1856.95
Z00224,H007,4495.18
Z00224,H008,7225.25
Z00224,H009,7049.09
Z00224,H010,7854.92
Z00224,H011,7494.16
Z00224,H012,1122.29
Z00224,H013,2525.47
Z00224,H014,5330.06
Z00224,H015,4817.73
Z00224,H016,5624.45
Z00224,H017,7881.97
Z00224,H018,1872.73
Z00224,H019,6550.35
Z00224,H020,95.84
Z00225,H001,5383.05
Z00225,H002,6514.32
Z00225,H003,5912.14
Z00225,H004,11150.35
Z00225,H005,9190.79
Z00225,H006,9600.2
Z00225,H007,6709.04
Z00225,H008,559.91
Z00225,H009,1546.47
Z00225,H010,81.66
Z00225,H011,6757.16
Z00225,H012,8720.4
Z00225,H013,10267.08
Z00225,H014,6129.55
Z00225,H015,3010.31
Z00225,H016,5980.88
Z00225,H017,249.84
Z00225,H018,9372.69
Z00225,H019,3862.51
Z00225,H020,7864.4
Z00226,H001,6943.16
Z00226,H002,6058.34
Z00226,H003,5831.86
Z00226,H004,3686.97
Z00226,H005,1815.96
Z00226,H006,1313.62
Z00226,H007,5215.25
Z00226,H008,8111.68
Z00226,H009,8128.17
Z00226,H010,8731.82
Z00226,H011,7784.64
Z00226,H012,76.69
Z00226,H013,1601.23
Z00226,H014,6090.3
Z00226,H015,5658.73
Z00226,H016,6385.33
Z00226,H017,8718.61
Z00226,H018,1661.79
Z00226,H019,7597.3
Z00226,H020,1082.41
Z00227,H001,1086.78
Z00227,H002,929.94
Z00227,H003,35.03
Z00227,H004,5263.45
Z00227,H005,4436.19
Z00227,H006,5240.83
Z00227,H007,848.58
Z00227,H008,5738.98
Z00227,H009,4344.22
Z00227,H010,5948.63
Z00227,H011,3211.61
Z00227,H012,5819.4
Z00227,H013,6077.95
Z00227,H014,512.62
Z00227,H015,5476.94
Z00227,H016,713.22
Z00227,H017,6136.48
Z00227,H018,4694.7
Z00227,H019,2146.14
Z00227,H020,4989.47
Z00228,H001,5459.34
Z00228,H002,4433.57
Z00228,H003,4422.2
Z00228,H004,2551.39
Z00228,H005,54.43
Z00228,H006,785.83
Z00228,H007,3685.6
Z00228,H008,8651.71
Z00228,H009,7961.67
Z00228,H010,9242.35
Z00228,H011,6018.84
Z00228,H012,1694.21
Z00228,H013,1684.84
Z00228,H014,4557.03
Z00228,H015,6439.1
Z00228,H016,4838.46
Z00228,H017,9332.99
Z00228,H018,256.19
Z00228,H019,6496.16
Z00228,H020,1718.88
Z00229,H001,3886.37
Z00229,H002,4976.35
Z00229,H003,4332.09
Z00229,H004,9568.54
Z00229,H005,7949.61
Z00229,H006,8574.74
Z00229,H007,5126.33
Z00229,H008,1489.52
Z00229,H009,36.8
Z00229,H010,1648.31
Z00229,H011,5698.39
Z00229,H012,8139.7
Z00229,H013,9470.76
Z00229,H014,4572.98
Z00229,H015,2962.69
Z00229,H016,4447.69
Z00229,H017,1832.6
Z00229,H018,8181.49
Z00229,H019,2355.04
Z00229,H020,7093.41
Z00230,H001,563.96
Z00230,H002,605.17
Z00230,H003,893.38
Z00230,H004,5247.33
Z00230,H005,4949.33
Z00230,H006,5739.29
Z00230,H007,1327.06
Z00230,H008,5910.34
Z00230,H009,4459.28
Z00230,H010,5986.17
Z00230,H011,2368.91
Z00230,H012,6487.31
Z00230,H013,6484.27
Z00230,H014,460.13
Z00230,H015,6113.39
Z00230,H016,167.48
Z00230,H017,6178.33
Z00230,H018,5194.73
Z00230,H019,2077.44
Z00230,H020,5750.47
Z00231,H001,5633.04
Z00231,H002,6766.91
Z00231,H003,6165.59
Z00231,H004,11403.52
Z00231,H005,9345.03
Z00231,H006,9696.68
Z00231,H007,6961.33
Z00231,H008,660.84
Z00231,H009,1798.66
Z00231,H010,204.33
Z00231,H011,6948.02
Z00231,H012,8745.56
Z00231,H013,10289.83
Z00231,H014,6383.33
Z00231,H015,3048.8
Z00231,H016,6233.33
Z00231,H017,29.97
Z00231,H018,9512.34
Z00231,H019,4114.58
Z00231,H020,7940.1
Z00232,H001,955.0
Z00232,H002,439.18
Z00232,H003,511.75
Z00232,H004,4994.81
Z00232,H005,4482.4
Z00232,H006,5279.22
Z00232,H007,833.03
Z00232,H008,6072.09
Z00232,H009,4642.6
Z00232,H010,6220.32
Z00232,H011,2734.95
Z00232,H012,5990.59
Z00232,H013,6056.46
Z00232,H014,47.0
Z00232,H015,5967.99
Z00232,H016,341.26
Z00232,H017,6411.42
Z00232,H018,4732.29
Z00232,H019,2324.92
Z00232,H020,5247.28
Z00233,H001,5457.61
Z00233,H002,4407.04
Z00233,H003,4441.37
Z00233,H004,2377.22
Z00233,H005,129.7
Z00233,H006,775.02
Z00233,H007,3687.3
Z00233,H008,8810.62
Z00233,H009,8082.44
Z00233,H010,9395.26
Z00233,H011,5914.43
Z00233,H012,1796.23
Z00233,H013,1625.33
Z00233,H014,4551.41
Z00233,H015,6612.5
Z00233,H016,4828.1
Z00233,H017,9490.78
Z00233,H018,233.18
Z00233,H019,6542.94
Z00233,H020,1885.62
Z00234,H001,5393.11
Z00234,H002,4356.88
Z00234,H003,4365.32
Z00234,H004,2481.67
Z00234,H005,49.25
Z00234,H006,841.4
Z00234,H007,3620.36
Z00234,H008,8694.39
Z00234,H009,7967.94
Z00234,H010,9278.03
Z00234,H011,5920.29
Z00234,H012,1791.51
Z00234,H013,1718.06
Z00234,H014,4488.87
Z00234,H015,6506.72
Z00234,H016,4768.37
Z00234,H017,9374.26
Z00234,H018,294.87
Z00234,H019,6453.99
Z00234,H020,1813.33
Z00235,H001,5655.47
Z00235,H002,4624.32
Z00235,H003,4619.63
Z00235,H004,2518.9
Z00235,H005,223.95
Z00235,H006,589.07
Z00235,H007,3881.92
Z00235,H008,8748.36
Z00235,H009,8115.71
Z00235,H010,9350.31
Z00235,H011,6164.57
Z00235,H012,1545.98
Z00235,H013,1496.8
Z00235,H014,4752.48
Z00235,H015,6485.46
Z00235,H016,5033.14
Z00235,H017,9430.55
Z00235,H018,104.1
Z00235,H019,6690.69
Z00235,H020,1685.61
Z00236,H001,5263.2
Z00236,H002,6397.59
Z00236,H003,5805.98
Z00236,H004,11042.85
Z00236,H005,9166.79
Z00236,H006,9607.49
Z00236,H007,6606.07
Z00236,H008,608.21
Z00236,H009,1446.36
Z00236,H010,168.83
Z00236,H011,6633.86
Z00236,H012,8765.65
Z00236,H013,10308.36
Z00236,H014,6015.91
Z00236,H015,3059.08
Z00236,H016,5863.93
Z00236,H017,360.25
Z00236,H018,9356.82
Z00236,H019,3745.03
Z00236,H020,7886.61
Z00237,H001,2483.21
Z00237,H002,2357.61
Z00237,H003,3180.18
Z00237,H004,4775.05
Z00237,H005,5920.83
Z00237,H006,6514.87
Z00237,H007,3226.72
Z00237,H008,7032.36
Z00237,H009,5725.35
Z00237,H010,6778.25
Z00237,H011,55.15
Z00237,H012,7661.98
Z00237,H013,6838.9
Z00237,H014,2663.8
Z00237,H015,8190.99
Z00237,H016,2460.85
Z00237,H017,6940.79
Z00237,H018,6082.11
Z00237,H019,3621.61
Z00237,H020,7368.33
Z00238,H001,5875.72
Z00238,H002,6470.25
Z00238,H003,5541.43
Z00238,H004,8911.71
Z00238,H005,6405.39
Z00238,H006,6575.0
Z00238,H007,5977.68
Z00238,H008,2570.24
Z00238,H009,3086.05
Z00238,H010,3188.7
Z00238,H011,8323.24
Z00238,H012,5595.67
Z00238,H013,7143.16
Z00238,H014,6032.68
Z00238,H015,135.85
Z00238,H016,6110.14
Z00238,H017,3185.38
Z00238,H018,6503.89
Z00238,H019,4702.07
Z00238,H020,4806.98
Z00239,H001,5741.78
Z00239,H002,6354.8
Z00239,H003,5427.9
Z00239,H004,8938.05
Z00239,H005,6433.93
Z00239,H006,6631.13
Z00239,H007,5881.75
Z00239,H008,2485.59
Z00239,H009,2952.44
Z00239,H010,3108.9
Z00239,H011,8181.85
Z00239,H012,5676.85
Z00239,H013,7223.35
Z00239,H014,5914.96
Z00239,H015,58.22
Z00239,H016,5986.52
Z00239,H017,3114.04
Z00239,H018,6541.1
Z00239,H019,4558.03
Z00239,H020,4863.91
Z00240,H001,5733.2
Z00240,H002,4581.19
Z00240,H003,5150.21
Z00240,H004,97.48
Z00240,H005,2431.56
Z00240,H006,2396.49
Z00240,H007,4352.51
Z00240,H008,10802.06
Z00240,H009,9515.21
Z00240,H010,11124.32
Z00240,H011,4775.37
Z00240,H012,3580.93
Z00240,H013,2224.01
Z00240,H014,4949.22
Z00240,H015,8909.79
Z00240,H016,5114.69
Z00240,H017,11311.28
Z00240,H018,2350.98
Z00240,H019,7230.85
Z00240,H020,4110.15
Z00241,H001,5648.48
Z00241,H002,6786.06
Z00241,H003,6194.2
Z00241,H004,11432.12
Z00241,H005,9401.6
Z00241,H006,9753.9
Z00241,H007,6992.27
Z00241,H008,717.79
Z00241,H009,1829.98
Z00241,H010,221.13
Z00241,H011,6932.35
Z00241,H012,8799.02
Z00241,H013,10342.36
Z00241,H014,6405.74
Z00241,H015,3104.31
Z00241,H016,6252.28
Z00241,H017,38.23
Z00241,H018,9569.52
Z00241,H019,4133.22
Z00241,H020,7996.84
Z00242,H001,5401.87
Z00242,H002,6539.6
Z00242,H003,5953.74
Z00242,H004,11189.44
Z00242,H005,9282.47
Z00242,H006,9696.19
Z00242,H007,6754.49
Z00242,H008,654.88
Z00242,H009,1595.22
Z00242,H010,39.2
Z00242,H011,6724.78
Z00242,H012,8813.4
Z00242,H013,10360.48
Z00242,H014,6160.39
Z00242,H015,3103.34
Z00242,H016,6005.8
Z00242,H017,221.13
Z00242,H018,9466.11
Z00242,H019,3886.73
Z00242,H020,7960.34
Z00243,H001,5525.54
Z00243,H002,4496.68
Z00243,H003,4489.8
Z00243,H004,2530.52
Z00243,H005,97.83
Z00243,H006,717.8
Z00243,H007,3751.93
Z00243,H008,8692.75
Z00243,H009,8019.89
Z00243,H010,9287.11
Z00243,H011,6063.04
Z00243,H012,1647.85
Z00243,H013,1617.71
Z00243,H014,4622.77
Z00243,H015,6463.23
Z00243,H016,4903.72
Z00243,H017,9374.55
Z00243,H018,191.16
Z00243,H019,6564.21
Z00243,H020,1713.43
Z00244,H001,5931.48
Z00244,H002,5185.99
Z00244,H003,4811.32
Z00244,H004,4068.03
Z00244,H005,1637.16
Z00244,H006,1696.64
Z00244,H007,4290.99
Z00244,H008,7361.01
Z00244,H009,7098.3
Z00244,H010,7989.01
Z00244,H011,7251.88
Z00244,H012,1143.56
Z00244,H013,2431.22
Z00244,H014,5136.6
Z00244,H015,4980.99
Z00244,H016,5432.14
Z00244,H017,8027.05
Z00244,H018,1659.65
Z00244,H019,6453.59
Z00244,H020,170.18
Z00245,H001,6864.24
Z00245,H002,5944.89
Z00245,H003,5761.26
Z00245,H004,3480.14
Z00245,H005,1646.8
Z00245,H006,1108.97
Z00245,H007,5119.01
Z00245,H008,8290.45
Z00245,H009,8248.07
Z00245,H010,8913.73
Z00245,H011,7607.4
Z00245,H012,137.3
Z00245,H013,1418.05
Z00245,H014,5997.35
Z00245,H015,5839.15
Z00245,H016,6290.74
Z00245,H017,8906.38
Z00245,H018,1478.38
Z00245,H019,7590.93
Z00245,H020,1154.31
Z00246,H001,5322.71
Z00246,H002,6449.73
Z00246,H003,5838.86
Z00246,H004,11076.21
Z00246,H005,9109.88
Z00246,H006,9527.9
Z00246,H007,6633.8
Z00246,H008,502.45
Z00246,H009,1471.22
Z00246,H010,165.55
Z00246,H011,6735.39
Z00246,H012,8664.44
Z00246,H013,10209.46
Z00246,H014,6061.87
Z00246,H015,2955.51
Z00246,H016,5916.64
Z00246,H017,327.34
Z00246,H018,9293.59
Z00246,H019,3799.33
Z00246,H020,7797.42
Z00247,H001,1259.23
Z00247,H002,135.9
Z00247,H003,1063.79
Z00247,H004,4554.05
Z00247,H005,4375.04
Z00247,H006,5145.78
Z00247,H007,974.38
Z00247,H008,6576.2
Z00247,H009,5131.06
Z00247,H010,6675.27
Z00247,H011,2319.33
Z00247,H012,5996.96
Z00247,H013,5843.11
Z00247,H014,586.38
Z00247,H015,6539.0
Z00247,H016,646.82
Z00247,H017,6867.41
Z00247,H018,4609.5
Z00247,H019,2762.66
Z00247,H020,5375.52
Z00248,H001,1464.84
Z00248,H002,2587.31
Z00248,H003,2121.97
Z00248,H004,7245.61
Z00248,H005,6441.19
Z00248,H006,7236.66
Z00248,H007,2936.66
Z00248,H008,3911.95
Z00248,H009,2458.44
Z00248,H010,3978.84
Z00248,H011,3583.42
Z00248,H012,7549.34
Z00248,H013,8122.07
Z00248,H014,2222.81
Z00248,H015,4640.92
Z00248,H016,2053.45
Z00248,H017,4170.94
Z00248,H018,6703.44
Z00248,H019,67.51
Z00248,H020,6539.97
Z00249,H001,1789.87
Z00249,H002,938.54
Z00249,H003,823.6
Z00249,H004,4443.67
Z00249,H005,3644.53
Z00249,H006,4445.64
Z00249,H007,24.62
Z00249,H008,6521.09
Z00249,H009,5161.86
Z00249,H010,6772.95
Z00249,H011,3305.14
Z00249,H012,5140.77
Z00249,H013,5252.09
Z00249,H014,897.93
Z00249,H015,5919.4
Z00249,H016,1190.79
Z00249,H017,6958.13
Z00249,H018,3897.87
Z00249,H019,3000.09
Z00249,H020,4426.97
Z00250,H001,5453.94
Z00250,H002,6588.54
Z00250,H003,5993.14
Z00250,H004,11231.14
Z00250,H005,9268.03
Z00250,H006,9665.03
Z00250,H007,6791.37
Z00250,H008,615.5
Z00250,H009,1629.33
Z00250,H010,29.66
Z00250,H011,6792.49
Z00250,H012,8765.4
Z00250,H013,10312.9
Z00250,H014,6206.3
Z00250,H015,3056.25
Z00250,H016,6054.89
Z00250,H017,169.62
Z00250,H018,9447.11
Z00250,H019,3936.01
Z00250,H020,7922.99
Z00251,H001,6246.52
Z00251,H002,5191.71
Z00251,H003,5222.24
Z00251,H004,2433.93
Z00251,H005,820.92
Z00251,H006,20.37
Z00251,H007,4475.33
Z00251,H008,9069.13
Z00251,H009,8617.73
Z00251,H010,9694.28
Z00251,H011,6562.96
Z00251,H012,1241.94
Z00251,H013,913.23
Z00251,H014,5340.53
Z00251,H015,6688.86
Z00251,H016,5617.08
Z00251,H017,9739.3
Z00251,H018,563.09
Z00251,H019,7295.97
Z00251,H020,1783.54
Z00252,H001,945.69
Z00252,H002,474.74
Z00252,H003,478.77
Z00252,H004,5021.55
Z00252,H005,4488.89
Z00252,H006,5286.73
Z00252,H007,834.95
Z00252,H008,6041.62
Z00252,H009,4613.48
Z00252,H010,6193.04
Z00252,H011,2763.17
Z00252,H012,5988.91
Z00252,H013,6068.45
Z00252,H014,54.1
Z00252,H015,5932.52
Z00252,H016,347.03
Z00252,H017,6384.02
Z00252,H018,4739.54
Z00252,H019,2300.59
Z00252,H020,5238.57
Z00253,H001,1183.37
Z00253,H002,18.04
Z00253,H003,945.33
Z00253,H004,4641.71
Z00253,H005,4389.38
Z00253,H006,5167.16
Z00253,H007,913.37
Z00253,H008,6473.43
Z00253,H009,5031.03
Z00253,H010,6583.51
Z00253,H011,2404.86
Z00253,H012,5990.38
Z00253,H013,5882.67
Z00253,H014,467.38
Z00253,H015,6419.29
Z00253,H016,551.6
Z00253,H017,6775.54
Z00253,H018,4627.61
Z00253,H019,2670.65
Z00253,H020,5342.53
Z00254,H001,6841.98
Z00254,H002,5971.05
Z00254,H003,5728.66
Z00254,H004,3720.71
Z00254,H005,1770.14
Z00254,H006,1318.21
Z00254,H007,5121.19
Z00254,H008,8035.07
Z00254,H009,8021.72
Z00254,H010,8657.96
Z00254,H011,7738.67
Z00254,H012,131.38
Z00254,H013,1673.75
Z00254,H014,5994.47
Z00254,H015,5583.43
Z00254,H016,6289.93
Z00254,H017,8650.43
Z00254,H018,1630.61
Z00254,H019,7480.75
Z00254,H020,964.49
Z00255,H001,7101.44
Z00255,H002,5993.19
Z00255,H003,6126.36
Z00255,H004,2332.35
Z00255,H005,1757.12
Z00255,H006,981.45
Z00255,H007,5351.16
Z00255,H008,9656.83
Z00255,H009,9497.99
Z00255,H010,10276.08
Z00255,H011,6984.04
Z00255,H012,1495.0
Z00255,H013,109.04
Z00255,H014,6193.82
Z00255,H015,7203.9
Z00255,H016,6456.17
Z00255,H017,10254.78
Z00255,H018,1494.99
Z00255,H019,8239.75
Z00255,H020,2431.07
Z00256,H001,1038.79
Z00256,H002,131.62
Z00256,H003,855.1
Z00256,H004,4790.85
Z00256,H005,4498.47
Z00256,H006,5281.48
Z00256,H007,955.1
Z00256,H008,6325.5
Z00256,H009,4882.31
Z00256,H010,6434.1
Z00256,H011,2427.22
Z00256,H012,6078.61
Z00256,H013,6010.2
Z00256,H014,347.27
Z00256,H015,6311.2
Z00256,H016,402.29
Z00256,H017,6626.13
Z00256,H018,4739.65
Z00256,H019,2521.27
Z00256,H020,5402.58
Z00257,H001,2670.03
Z00257,H002,2574.76
Z00257,H003,3392.78
Z00257,H004,4822.55
Z00257,H005,6075.38
Z00257,H006,6646.53
Z00257,H007,3443.49
Z00257,H008,7065.68
Z00257,H009,5794.59
Z00257,H010,6779.98
Z00257,H011,165.27
Z00257,H012,7812.59
Z00257,H013,6928.69
Z00257,H014,2877.75
Z00257,H015,8336.58
Z00257,H016,2670.71
Z00257,H017,6936.57
Z00257,H018,6228.33
Z00257,H019,3753.8
Z00257,H020,7556.51
Z00258,H001,616.64
Z00258,H002,550.52
Z00258,H003,862.47
Z00258,H004,5198.1
Z00258,H005,4891.79
Z00258,H006,5681.55
Z00258,H007,1272.33
Z00258,H008,5951.92
Z00258,H009,4501.82
Z00258,H010,6033.57
Z00258,H011,2385.18
Z00258,H012,6432.27
Z00258,H013,6426.58
Z00258,H014,410.8
Z00258,H015,6123.93
Z00258,H016,127.96
Z00258,H017,6225.73
Z00258,H018,5137.05
Z00258,H019,2123.03
Z00258,H020,5700.1
Z00259,H001,1756.65
Z00259,H002,898.38
Z00259,H003,805.09
Z00259,H004,4452.64
Z00259,H005,3676.89
Z00259,H006,4477.43
Z00259,H007,17.74
Z00259,H008,6516.84
Z00259,H009,5152.48
Z00259,H010,6762.88
Z00259,H011,3266.89
Z00259,H012,5178.06
Z00259,H013,5280.51
Z00259,H014,861.99
Z00259,H015,5938.53
Z00259,H016,1154.03
Z00259,H017,6948.57
Z00259,H018,3929.71
Z00259,H019,2979.36
Z00259,H020,4466.64
Z00260,H001,6939.58
Z00260,H002,5825.95
Z00260,H003,5975.65
Z00260,H004,2191.69
Z00260,H005,1629.09
Z00260,H006,880.77
Z00260,H007,5194.99
Z00260,H008,9708.81
Z00260,H009,9454.15
Z00260,H010,10334.78
Z00260,H011,6814.59
Z00260,H012,1554.37
Z00260,H013,70.54
Z00260,H014,6032.72
Z00260,H015,7260.61
Z00260,H016,6292.75
Z00260,H017,10328.74
Z00260,H018,1368.57
Z00260,H019,8101.97
Z00260,H020,2436.16
Z00261,H001,5464.84
Z00261,H002,6598.98
Z00261,H003,6002.13
Z00261,H004,11240.27
Z00261,H005,9267.52
Z00261,H006,9661.29
Z00261,H007,6799.94
Z00261,H008,610.88
Z00261,H009,1637.66
Z00261,H010,42.23
Z00261,H011,6805.1
Z00261,H012,8758.3
Z00261,H013,10305.81
Z00261,H014,6216.29
Z00261,H015,3049.48
Z00261,H016,6065.35
Z00261,H017,159.89
Z00261,H018,9445.73
Z00261,H019,3946.53
Z00261,H020,7918.1
Z00262,H001,5428.73
Z00262,H002,4394.59
Z00262,H003,4398.66
Z00262,H004,2494.9
Z00262,H005,12.62
Z00262,H006,807.5
Z00262,H007,3655.68
Z00262,H008,8693.67
Z00262,H009,7981.63
Z00262,H010,9280.35
Z00262,H011,5959.13
Z00262,H012,1752.41
Z00262,H013,1690.7
Z00262,H014,4524.89
Z00262,H015,6494.33
Z00262,H016,4804.8
Z00262,H017,9374.22
Z00262,H018,263.26
Z00262,H019,6483.46
Z00262,H020,1785.18
Z00263,H001,6961.11
Z00263,H002,5850.68
Z00263,H003,5991.7
Z00263,H004,2234.29
Z00263,H005,1635.39
Z00263,H006,876.88
Z00263,H007,5213.52
Z00263,H008,9674.67
Z00263,H009,9438.38
Z00263,H010,10299.84
Z00263,H011,6853.91
Z00263,H012,1517.63
Z00263,H013,56.45
Z00263,H014,6053.8
Z00263,H015,7225.35
Z00263,H016,6315.13
Z00263,H017,10291.64
Z00263,H018,1374.09
Z00263,H019,8112.93
Z00263,H020,2408.58
Z00264,H001,5858.57
Z00264,H002,6470.68
Z00264,H003,5543.32
Z00264,H004,8974.9
Z00264,H005,6468.71
Z00264,H006,6643.14
Z00264,H007,5991.8
Z00264,H008,2499.88
Z00264,H009,3025.18
Z00264,H010,3118.45
Z00264,H011,8295.17
Z00264,H012,5665.9
Z00264,H013,7213.39
Z00264,H014,6031.26
Z00264,H015,82.03
Z00264,H016,6103.63
Z00264,H017,3115.55
Z00264,H018,6568.98
Z00264,H019,4668.28
Z00264,H020,4875.1
Z00265,H001,5493.62
Z00265,H002,4452.38
Z00265,H003,4468.48
Z00265,H004,2444.03
Z00265,H005,83.4
Z00265,H006,739.24
Z00265,H007,3721.42
Z00265,H008,8761.55
Z00265,H009,8059.71
Z00265,H010,9351.09
Z00265,H011,5984.96
Z00265,H012,1725.26
Z00265,H013,1614.0
Z00265,H014,4588.74
Z00265,H015,6547.5
Z00265,H016,4867.37
Z00265,H017,9442.68
Z00265,H018,191.63
Z00265,H019,6558.36
Z00265,H020,1807.84
Z00266,H001,1642.44
Z00266,H002,2751.22
Z00266,H003,2243.81
Z00266,H004,7404.95
Z00266,H005,6514.81
Z00266,H006,7304.06
Z00266,H007,3061.66
Z00266,H008,3733.5
Z00266,H009,2280.19
Z00266,H010,3815.12
Z00266,H011,3764.85
Z00266,H012,7558.17
Z00266,H013,8202.41
Z00266,H014,2375.43
Z00266,H015,4464.42
Z00266,H016,2217.98
Z00266,H017,4007.02
Z00266,H018,6777.03
Z00266,H019,125.17
Z00266,H020,6531.07
Z00267,H001,5670.62
Z00267,H002,4614.39
Z00267,H003,4656.27
Z00267,H004,2336.17
Z00267,H005,284.52
Z00267,H006,564.74
Z00267,H007,3901.14
Z00267,H008,8922.89
Z00267,H009,8255.59
Z00267,H010,9520.84
Z00267,H011,6069.51
Z00267,H012,1651.15
Z00267,H013,1414.03
Z00267,H014,4763.96
Z00267,H015,6668.4
Z00267,H016,5039.63
Z00267,H017,9605.03
Z00267,H018,83.73
Z00267,H019,6755.71
Z00267,H020,1860.81
Z00268,H001,1053.87
Z00268,H002,419.65
Z00268,H003,512.09
Z00268,H004,4911.77
Z00268,H005,4384.0
Z00268,H006,5180.57
Z00268,H007,737.51
Z00268,H008,6144.42
Z00268,H009,4719.56
Z00268,H010,6302.15
Z00268,H011,2772.85
Z00268,H012,5896.92
Z00268,H013,5957.8
Z00268,H014,145.66
Z00268,H015,5987.75
Z00268,H016,434.34
Z00268,H017,6492.95
Z00268,H018,4633.7
Z00268,H019,2412.99
Z00268,H020,5161.89
Z00269,H001,1270.69
Z00269,H002,107.24
Z00269,H003,1004.97
Z00269,H004,4552.41
Z00269,H005,4323.77
Z00269,H006,5098.16
Z00269,H007,897.83
Z00269,H008,6561.72
Z00269,H009,5119.89
Z00269,H010,6672.91
Z00269,H011,2396.68
Z00269,H012,5936.56
Z00269,H013,5805.7
Z00269,H014,545.56
Z00269,H015,6482.93
Z00269,H016,641.0
Z00269,H017,6864.95
Z00269,H018,4560.14
Z00269,H019,2760.05
Z00269,H020,5305.83
Z00270,H001,5415.65
Z00270,H002,6550.67
Z00270,H003,5957.21
Z00270,H004,11194.87
Z00270,H005,9254.03
Z00270,H006,9660.69
Z00270,H007,6756.1
Z00270,H008,615.89
Z00270,H009,1594.62
Z00270,H010,19.02
Z00270,H011,6757.27
Z00270,H012,8772.6
Z00270,H013,10319.84
Z00270,H014,6168.94
Z00270,H015,3062.66
Z00270,H016,6016.99
Z00270,H017,207.13
Z00270,H018,9435.6
Z00270,H019,3898.06
Z00270,H020,7922.56
Z00271,H001,5894.78
Z00271,H002,4744.85
Z00271,H003,5318.02
Z00271,H004,88.1
Z00271,H005,2507.97
Z00271,H006,2416.67
Z00271,H007,4520.36
Z00271,H008,10958.78
Z00271,H009,9683.05
Z00271,H010,11292.11
Z00271,H011,4882.56
Z00271,H012,3576.25
Z00271,H013,2174.35
Z00271,H014,5115.09
Z00271,H015,8990.94
Z00271,H016,5278.52
Z00271,H017,11479.15
Z00271,H018,2410.76
Z00271,H019,7395.58
Z00271,H020,4152.79
Z00272,H001,5390.76
Z00272,H002,4364.32
Z00272,H003,4355.15
Z00272,H004,2548.36
Z00272,H005,56.75
Z00272,H006,851.74
Z00272,H007,3617.09
Z00272,H008,8632.62
Z00272,H009,7919.63
Z00272,H010,9218.41
Z00272,H011,5957.66
Z00272,H012,1757.36
Z00272,H013,1744.37
Z00272,H014,4488.21
Z00272,H015,6440.12
Z00272,H016,4769.46
Z00272,H017,9312.95
Z00272,H018,314.51
Z00272,H019,6433.05
Z00272,H020,1751.65
Z00273,H001,6891.84
Z00273,H002,5778.63
Z00273,H003,5928.03
Z00273,H004,2170.58
Z00273,H005,1584.08
Z00273,H006,841.47
Z00273,H007,5147.19
Z00273,H008,9700.4
Z00273,H009,9422.39
Z00273,H010,10327.68
Z00273,H011,6778.01
Z00273,H012,1552.74
Z00273,H013,117.96
Z00273,H014,5984.95
Z00273,H015,7254.74
Z00273,H016,6245.08
Z00273,H017,10326.18
Z00273,H018,1323.93
Z00273,H019,8055.23
Z00273,H020,2418.56
Z00274,H001,5644.0
Z00274,H002,6780.34
Z00274,H003,6185.22
Z00274,H004,11423.42
Z00274,H005,9382.69
Z00274,H006,9734.56
Z00274,H007,6982.5
Z00274,H008,698.71
Z00274,H009,1819.93
Z00274,H010,214.62
Z00274,H011,6938.37
Z00274,H012,8780.75
Z00274,H013,10324.39
Z00274,H014,6398.9
Z00274,H015,3085.42
Z00274,H016,6246.61
Z00274,H017,23.7
Z00274,H018,9550.35
Z00274,H019,4127.61
Z00274,H020,7977.61
Z00275,H001,80.68
Z00275,H002,1215.33
Z00275,H003,1200.55
Z00275,H004,5843.52
Z00275,H005,5504.31
Z00275,H006,6302.3
Z00275,H007,1846.56
Z00275,H008,5358.09
Z00275,H009,3904.64
Z00275,H010,5399.61
Z00275,H011,2471.83
Z00275,H012,6972.07
Z00275,H013,7074.25
Z00275,H014,976.59
Z00275,H015,5813.59
Z00275,H016,712.45
Z00275,H017,5591.53
Z00275,H018,5755.14
Z00275,H019,1513.8
Z00275,H020,6156.36
Z00276,H001,7124.16
Z00276,H002,6013.03
Z00276,H003,6153.16
Z00276,H004,2318.81
Z00276,H005,1788.53
Z00276,H006,1016.01
Z00276,H007,5376.11
Z00276,H008,9688.7
Z00276,H009,9536.02
Z00276,H010,10306.84
Z00276,H011,6983.66
Z00276,H012,1527.71
Z00276,H013,117.93
Z00276,H014,6216.85
Z00276,H015,7235.64
Z00276,H016,6478.13
Z00276,H017,10283.33
Z00276,H018,1526.56
Z00276,H019,8269.98
Z00276,H020,2467.98
Z00277,H001,1029.58
Z00277,H002,864.04
Z00277,H003,100.12
Z00277,H004,5247.57
Z00277,H005,4468.51
Z00277,H006,5272.94
Z00277,H007,854.9
Z00277,H008,5765.55
Z00277,H009,4363.05
Z00277,H010,5964.0
Z00277,H011,3134.64
Z00277,H012,5869.59
Z00277,H013,6102.36
Z00277,H014,438.93
Z00277,H015,5540.79
Z00277,H016,636.46
Z00277,H017,6152.59
Z00277,H018,4726.11
Z00277,H019,2139.62
Z00277,H020,5049.36
Z00278,H001,711.81
Z00278,H002,488.82
Z00278,H003,698.14
Z00278,H004,5145.46
Z00278,H005,4747.32
Z00278,H006,5540.95
Z00278,H007,1110.02
Z00278,H008,5968.86
Z00278,H009,4524.87
Z00278,H010,6077.77
Z00278,H011,2535.02
Z00278,H012,6269.77
Z00278,H013,6302.08
Z00278,H014,237.11
Z00278,H015,6036.0
Z00278,H016,62.35
Z00278,H017,6269.75
Z00278,H018,4995.03
Z00278,H019,2165.53
Z00278,H020,5527.41
Z00279,H001,662.25
Z00279,H002,532.38
Z00279,H003,714.81
Z00279,H004,5190.78
Z00279,H005,4795.5
Z00279,H006,5589.51
Z00279,H007,1155.32
Z00279,H008,5928.49
Z00279,H009,4483.31
Z00279,H010,6033.38
Z00279,H011,2526.46
Z00279,H012,6314.22
Z00279,H013,6351.57
Z00279,H014,278.45
Z00279,H015,6019.9
Z00279,H016,20.23
Z00279,H017,6225.4
Z00279,H018,5043.46
Z00279,H019,2120.7
Z00279,H020,5566.63
Z00280,H001,5370.35
Z00280,H002,6441.26
Z00280,H003,5735.13
Z00280,H004,10849.34
Z00280,H005,8613.35
Z00280,H006,8976.43
Z00280,H007,6494.4
Z00280,H008,75.46
Z00280,H009,1450.48
Z00280,H010,705.23
Z00280,H011,7054.9
Z00280,H012,8087.85
Z00280,H013,9633.38
Z00280,H014,6024.19
Z00280,H015,2378.95
Z00280,H016,5918.05
Z00280,H017,755.05
Z00280,H018,8779.29
Z00280,H019,3840.31
Z00280,H020,7232.09
Z00281,H001,5421.34
Z00281,H002,6554.42
Z00281,H003,5955.85
Z00281,H004,11194.05
Z00281,H005,9232.38
Z00281,H006,9635.14
Z00281,H007,6753.46
Z00281,H008,588.82
Z00281,H009,1591.13
Z00281,H010,41.2
Z00281,H011,6776.39
Z00281,H012,8744.63
Z00281,H013,10291.91
Z00281,H014,6170.99
Z00281,H015,3034.74
Z00281,H016,6020.85
Z00281,H017,205.91
Z00281,H018,9412.77
Z00281,H019,3902.17
Z00281,H020,7895.9
Z00282,H001,6225.56
Z00282,H002,5171.21
Z00282,H003,5201.16
Z00282,H004,2432.26
Z00282,H005,799.85
Z00282,H006,13.51
Z00282,H007,4454.32
Z00282,H008,9061.15
Z00282,H009,8602.14
Z00282,H010,9685.75
Z00282,H011,6547.39
Z00282,H012,1251.23
Z00282,H013,932.08
Z00282,H014,5319.61
Z00282,H015,6684.3
Z00282,H016,5596.24
Z00282,H017,9732.22
Z00282,H018,542.03
Z00282,H019,7275.22
Z00282,H020,1779.35
Z00283,H001,6196.09
Z00283,H002,5466.49
Z00283,H003,5076.69
Z00283,H004,4193.32
Z00283,H005,1830.51
Z00283,H006,1771.85
Z00283,H007,4569.34
Z00283,H008,7324.91
Z00283,H009,7167.72
Z00283,H010,7954.67
Z00283,H011,7529.89
Z00283,H012,1000.38
Z00283,H013,2416.58
Z00283,H014,5410.93
Z00283,H015,4908.63
Z00283,H016,5706.03
Z00283,H017,7977.85
Z00283,H018,1818.5
Z00283,H019,6664.72
Z00283,H020,120.65
Z00284,H001,5407.86
Z00284,H002,4372.37
Z00284,H003,4379.22
Z00284,H004,2486.24
Z00284,H005,33.87
Z00284,H006,827.23
Z00284,H007,3634.99
Z00284,H008,8694.91
Z00284,H009,7974.22
Z00284,H010,9279.79
Z00284,H011,5935.87
Z00284,H012,1775.8
Z00284,H013,1706.38
Z00284,H014,4503.76
Z00284,H015,6502.44
Z00284,H016,4783.41
Z00284,H017,9375.06
Z00284,H018,281.38
Z00284,H019,6466.43
Z00284,H020,1802.43
Z00285,H001,1108.05
Z00285,H002,859.06
Z00285,H003,73.74
Z00285,H004,5182.24
Z00285,H005,4385.35
Z00285,H006,5189.79
Z00285,H007,776.79
Z00285,H008,5822.73
Z00285,H009,4426.19
Z00285,H010,6029.63
Z00285,H011,3167.95
Z00285,H012,5788.98
Z00285,H013,6019.97
Z00285,H014,457.77
Z00285,H015,5552.0
Z00285,H016,684.23
Z00285,H017,6217.72
Z00285,H018,4642.98
Z00285,H019,2216.69
Z00285,H020,4973.82
Z00286,H001,6201.1
Z00286,H002,5150.47
Z00286,H003,5173.73
Z00286,H004,2454.87
Z00286,H005,772.32
Z00286,H006,34.46
Z00286,H007,4429.21
Z00286,H008,9028.02
Z00286,H009,8565.44
Z00286,H010,9652.16
Z00286,H011,6543.82
Z00286,H012,1241.92
Z00286,H013,967.46
Z00286,H014,5295.64
Z00286,H015,6654.39
Z00286,H016,5573.03
Z00286,H017,9699.81
Z00286,H018,516.61
Z00286,H019,7244.04
Z00286,H020,1750.1
Z00287,H001,5553.27
Z00287,H002,6683.26
Z00287,H003,6074.13
Z00287,H004,11310.76
Z00287,H005,9258.72
Z00287,H006,9625.86
Z00287,H007,6868.23
Z00287,H008,578.69
Z00287,H009,1706.03
Z00287,H010,146.33
Z00287,H011,6909.22
Z00287,H012,8696.35
Z00287,H013,10243.08
Z00287,H014,6296.78
Z00287,H015,2992.08
Z00287,H016,6149.95
Z00287,H017,109.23
Z00287,H018,9429.66
Z00287,H019,4031.93
Z00287,H020,7874.33
Z00288,H001,5335.72
Z00288,H002,6419.53
Z00288,H003,5731.57
Z00288,H004,10887.5
Z00288,H005,8701.47
Z00288,H006,9079.73
Z00288,H007,6499.54
Z00288,H008,54.29
Z00288,H009,1413.41
Z00288,H010,597.64
Z00288,H011,6972.4
Z00288,H012,8201.95
Z00288,H013,9746.7
Z00288,H014,6007.62
Z00288,H015,2493.98
Z00288,H016,5893.46
Z00288,H017,663.76
Z00288,H018,8872.1
Z00288,H019,3803.9
Z00288,H020,7339.78
Z00289,H001,1079.23
Z00289,H002,87.58
Z00289,H003,900.65
Z00289,H004,4744.62
Z00289,H005,4478.91
Z00289,H006,5259.44
Z00289,H007,961.0
Z00289,H008,6375.98
Z00289,H009,4932.05
Z00289,H010,6481.5
Z00289,H011,2396.88
Z00289,H012,6068.66
Z00289,H013,5981.22
Z00289,H014,397.88
Z00289,H015,6361.37
Z00289,H016,449.64
Z00289,H017,6673.57
Z00289,H018,4718.69
Z00289,H019,2568.51
Z00289,H020,5404.0
Z00290,H001,2539.25
Z00290,H002,2423.47
Z00290,H003,3244.55
Z00290,H004,4789.39
Z00290,H005,5967.96
Z00290,H006,6555.2
Z00290,H007,3292.51
Z00290,H008,7042.35
Z00290,H009,5745.86
Z00290,H010,6778.57
Z00290,H011,20.32
Z00290,H012,7708.21
Z00290,H013,6866.67
Z00290,H014,2728.6
Z00290,H015,8235.27
Z00290,H016,2524.31
Z00290,H017,6939.36
Z00290,H018,6126.74
Z00290,H019,3660.81
Z00290,H020,7425.72
Z00291,H001,6979.57
Z00291,H002,6093.26
Z00291,H003,5868.4
Z00291,H004,3692.75
Z00291,H005,1843.83
Z00291,H006,1329.56
Z00291,H007,5251.03
Z00291,H008,8121.15
Z00291,H009,8151.12
Z00291,H010,8740.09
Z00291,H011,7811.54
Z00291,H012,101.54
Z00291,H013,1594.41
Z00291,H014,6126.26
Z00291,H015,5668.06
Z00291,H016,6421.23
Z00291,H017,8724.72
Z00291,H018,1686.48
Z00291,H019,7632.85
Z00291,H020,1114.13
Z00292,H001,1445.82
Z00292,H002,2561.8
Z00292,H003,2085.75
Z00292,H004,7218.89
Z00292,H005,6400.05
Z00292,H006,7195.16
Z00292,H007,2901.18
Z00292,H008,3930.08
Z00292,H009,2476.61
Z00292,H010,4003.93
Z00292,H011,3590.75
Z00292,H012,7506.45
Z00292,H013,8081.58
Z00292,H014,2193.44
Z00292,H015,4630.69
Z00292,H016,2028.07
Z00292,H017,4195.98
Z00292,H018,6662.32
Z00292,H019,93.04
Z00292,H020,6497.54
Z00293,H001,737.57
Z00293,H002,474.21
Z00293,H003,676.4
Z00293,H004,5127.59
Z00293,H005,4718.37
Z00293,H006,5512.3
Z00293,H007,1080.07
Z00293,H008,5981.61
Z00293,H009,4538.82
Z00293,H010,6094.61
Z00293,H011,2554.37
Z00293,H012,6239.75
Z00293,H013,6274.94
Z00293,H014,207.33
Z00293,H015,6030.54
Z00293,H016,91.88
Z00293,H017,6286.53
Z00293,H018,4966.27
Z00293,H019,2183.11
Z00293,H020,5497.67
Z00294,H001,5373.27
Z00294,H002,6442.65
Z00294,H003,5734.51
Z00294,H004,10843.64
Z00294,H005,8602.74
Z00294,H006,8964.35
Z00294,H007,6492.76
Z00294,H008,88.11
Z00294,H009,1454.16
Z00294,H010,717.82
Z00294,H011,7063.37
Z00294,H012,8074.84
Z00294,H013,9620.42
Z00294,H014,6025.02
Z00294,H015,2365.88
Z00294,H016,5919.79
Z00294,H017,766.3
Z00294,H018,8768.21
Z00294,H019,3843.53
Z00294,H020,7219.62
Z00295,H001,5839.32
Z00295,H002,6469.8
Z00295,H003,5544.3
Z00295,H004,9040.92
Z00295,H005,6535.11
Z00295,H006,6714.87
Z00295,H007,6005.57
Z00295,H008,2425.5
Z00295,H009,2960.54
Z00295,H010,3044.23
Z00295,H011,8263.7
Z00295,H012,5740.1
Z00295,H013,7287.56
Z00295,H014,6028.58
Z00295,H015,70.23
Z00295,H016,6095.54
Z00295,H017,3041.88
Z00295,H018,6637.32
Z00295,H019,4631.88
Z00295,H020,4946.86
Z00296,H001,5652.37
Z00296,H002,4604.51
Z00296,H003,4630.56
Z00296,H004,2398.55
Z00296,H005,238.97
Z00296,H006,579.54
Z00296,H007,3881.02
Z00296,H008,8858.66
Z00296,H009,8199.06
Z00296,H010,9457.25
Z00296,H011,6091.32
Z00296,H012,1623.79
Z00296,H013,1452.29
Z00296,H014,4746.72
Z00296,H015,6604.59
Z00296,H016,5024.18
Z00296,H017,9540.82
Z00296,H018,38.14
Z00296,H019,6721.24
Z00296,H020,1803.8
Z00297,H001,914.92
Z00297,H002,422.5
Z00297,H003,550.28
Z00297,H004,5011.08
Z00297,H005,4526.35
Z00297,H006,5322.24
Z00297,H007,881.11
Z00297,H008,6065.15
Z00297,H009,4632.22
Z00297,H010,6205.38
Z00297,H011,2688.69
Z00297,H012,6040.05
Z00297,H013,6095.03
Z00297,H014,28.88
Z00297,H015,5992.82
Z00297,H016,291.12
Z00297,H017,6396.72
Z00297,H018,4775.58
Z00297,H019,2304.67
Z00297,H020,5299.5
Z00298,H001,5491.96
Z00298,H002,6624.2
Z00298,H003,6021.95
Z00298,H004,11260.06
Z00298,H005,9257.0
Z00298,H006,9641.81
Z00298,H007,6818.24
Z00298,H008,590.36
Z00298,H009,1655.54
Z00298,H010,79.52
Z00298,H011,6841.75
Z00298,H012,8730.34
Z00298,H013,10277.79
Z00298,H014,6239.8
Z00298,H015,3022.54
Z00298,H016,6090.71
Z00298,H017,141.47
Z00298,H018,9432.73
Z00298,H019,3972.19
Z00298,H020,7895.73
Z00299,H001,5753.0
Z00299,H002,4604.8
Z00299,H003,5187.65
Z00299,H004,56.63
Z00299,H005,2508.23
Z00299,H006,2466.17
Z00299,H007,4393.37
Z00299,H008,10860.82
Z00299,H009,9555.27
Z00299,H010,11159.73
Z00299,H011,4749.24
Z00299,H012,3645.52
Z00299,H013,2274.48
Z00299,H014,4977.85
Z00299,H015,8986.75
Z00299,H016,5138.59
Z00299,H017,11348.93
Z00299,H018,2426.46
Z00299,H019,7256.45
Z00299,H020,4183.94
Z00300,H001,627.14
Z00300,H002,559.02
Z00300,H003,740.5
Z00300,H004,5218.33
Z00300,H005,4833.39
Z00300,H006,5627.24
Z00300,H007,1193.34
Z00300,H008,5906.82
Z00300,H009,4460.42
Z00300,H010,6007.07
Z00300,H011,2508.04
Z00300,H012,6352.07
Z00300,H013,6388.22
Z00300,H014,315.95
Z00300,H015,6020.49
Z00300,H016,25.99
Z00300,H017,6199.14
Z00300,H018,5081.25
Z00300,H019,2094.1
Z00300,H020,5602.89
Z00301,H001,1880.57
Z00301,H002,1052.36
Z00301,H003,876.68
Z00301,H004,4427.65
Z00301,H005,3558.91
Z00301,H006,4361.52
Z00301,H007,138.09
Z00301,H008,6524.52
Z00301,H009,5180.72
Z00301,H010,6792.86
Z00301,H011,3415.89
Z00301,H012,5038.72
Z00301,H013,5178.15
Z00301,H014,997.87
Z00301,H015,5858.04
Z00301,H016,1292.6
Z00301,H017,6976.49
Z00301,H018,3813.79
Z00301,H019,3053.19
Z00301,H020,4316.36
Z00302,H001,5563.39
Z00302,H002,6693.94
Z00302,H003,6085.95
Z00302,H004,11322.84
Z00302,H005,9270.5
Z00302,H006,9635.79
Z00302,H007,6880.31
Z00302,H008,589.68
Z00302,H009,1718.0
Z00302,H010,151.0
Z00302,H011,6913.7
Z00302,H012,8703.55
Z00302,H013,10250.07
Z00302,H014,6307.88
Z00302,H015,3000.07
Z00302,H016,6160.59
Z00302,H017,96.58
Z00302,H018,9441.01
Z00302,H019,4042.44
Z00302,H020,7883.59
Z00303,H001,2468.48
Z00303,H002,2345.61
Z00303,H003,3166.86
Z00303,H004,4781.58
Z00303,H005,5919.0
Z00303,H006,6515.07
Z00303,H007,3215.76
Z00303,H008,7021.47
Z00303,H009,5712.98
Z00303,H010,6768.96
Z00303,H011,64.81
Z00303,H012,7660.38
Z00303,H013,6842.36
Z00303,H014,2650.69
Z00303,H015,8176.36
Z00303,H016,2447.17
Z00303,H017,6931.8
Z00303,H018,6081.05
Z00303,H019,3607.32
Z00303,H020,7362.75
Z00304,H001,7113.72
Z00304,H002,5996.1
Z00304,H003,6153.54
Z00304,H004,2250.94
Z00304,H005,1804.89
Z00304,H006,1045.54
Z00304,H007,5371.73
Z00304,H008,9762.35
Z00304,H009,9590.14
Z00304,H010,10381.17
Z00304,H011,6930.33
Z00304,H012,1600.65
Z00304,H013,113.89
Z00304,H014,6207.39
Z00304,H015,7309.37
Z00304,H016,6465.99
Z00304,H017,10358.36
Z00304,H018,1543.79
Z00304,H019,8280.08
Z00304,H020,2532.87
Z00305,H001,656.97
Z00305,H002,545.5
Z00305,H003,698.99
Z00305,H004,5202.84
Z00305,H005,4795.63
Z00305,H006,5590.3
Z00305,H007,1152.26
Z00305,H008,5913.59
Z00305,H009,4468.96
Z00305,H010,6020.66
Z00305,H011,2544.41
Z00305,H012,6310.05
Z00305,H013,6355.0
Z00305,H014,273.52
Z00305,H015,6000.42
Z00305,H016,36.82
Z00305,H017,6212.65
Z00305,H018,5044.04
Z00305,H019,2108.26
Z00305,H020,5558.8
Z00306,H001,1141.53
Z00306,H002,28.35
Z00306,H003,909.21
Z00306,H004,4686.52
Z00306,H005,4416.22
Z00306,H006,5196.02
Z00306,H007,914.98
Z00306,H008,6427.15
Z00306,H009,4984.92
Z00306,H010,6538.19
Z00306,H011,2419.81
Z00306,H012,6009.88
Z00306,H013,5916.72
Z00306,H014,423.93
Z00306,H015,6380.16
Z00306,H016,506.59
Z00306,H017,6730.21
Z00306,H018,4655.57
Z00306,H019,2625.45
Z00306,H020,5352.38
Z00307,H001,5619.95
Z00307,H002,6747.73
Z00307,H003,6131.92
Z00307,H004,11365.24
Z00307,H005,9263.17
Z00307,H006,9611.28
Z00307,H007,6923.74
Z00307,H008,578.64
Z00307,H009,1763.22
Z00307,H010,217.55
Z00307,H011,6980.37
Z00307,H012,8662.94
Z00307,H013,10208.04
Z00307,H014,6359.28
Z00307,H015,2964.35
Z00307,H016,6214.64
Z00307,H017,112.24
Z00307,H018,9428.92
Z00307,H019,4097.24
Z00307,H020,7854.77
Z00308,H001,1157.39
Z00308,H002,118.78
Z00308,H003,1032.95
Z00308,H004,4653.58
Z00308,H005,4471.93
Z00308,H006,5244.9
Z00308,H007,1027.18
Z00308,H008,6485.75
Z00308,H009,5038.7
Z00308,H010,6577.69
Z00308,H011,2291.02
Z00308,H012,6085.79
Z00308,H013,5946.25
Z00308,H014,532.43
Z00308,H015,6496.03
Z00308,H016,555.79
Z00308,H017,6769.85
Z00308,H018,4707.61
Z00308,H019,2665.96
Z00308,H020,5449.87
Z00309,H001,901.51
Z00309,H002,351.1
Z00309,H003,646.6
Z00309,H004,4979.6
Z00309,H005,4558.26
Z00309,H006,5351.01
Z00309,H007,931.36
Z00309,H008,6113.09
Z00309,H009,4675.1
Z00309,H010,6239.76
Z00309,H011,2593.13
Z00309,H012,6091.15
Z00309,H013,6111.07
Z00309,H014,123.32
Z00309,H015,6080.52
Z00309,H016,252.62
Z00309,H017,6431.45
Z00309,H018,4805.36
Z00309,H019,2331.79
Z00309,H020,5366.05
Z00310,H001,1143.31
Z00310,H002,35.71
Z00310,H003,897.36
Z00310,H004,4687.52
Z00310,H005,4408.13
Z00310,H006,5188.56
Z00310,H007,902.12
Z00310,H008,6423.36
Z00310,H009,4981.77
Z00310,H010,6536.54
Z00310,H011,2433.72
Z00310,H012,5999.84
Z00310,H013,5911.12
Z00310,H014,415.05
Z00310,H015,6369.29
Z00310,H016,505.67
Z00310,H017,6728.54
Z00310,H018,4647.83
Z00310,H019,2624.02
Z00310,H020,5340.49
Z00311,H001,5382.85
Z00311,H002,6515.59
Z00311,H003,5917.04
Z00311,H004,11155.2
Z00311,H005,9208.64
Z00311,H006,9619.97
Z00311,H007,6714.86
Z00311,H008,580.32
Z00311,H009,1552.66
Z00311,H010,66.1
Z00311,H011,6746.53
Z00311,H012,8740.8
Z00311,H013,10287.5
Z00311,H014,6132.03
Z00311,H015,3030.71
Z00311,H016,5982.05
Z00311,H017,244.81
Z00311,H018,9391.17
Z00311,H019,3863.4
Z00311,H020,7884.61
Z00312,H001,1194.48
Z00312,H002,40.45
Z00312,H003,970.54
Z00312,H004,4627.01
Z00312,H005,4391.23
Z00312,H006,5167.59
Z00312,H007,929.38
Z00312,H008,6492.01
Z00312,H009,5048.83
Z00312,H010,6599.19
Z00312,H011,2383.58
Z00312,H012,5996.7
Z00312,H013,5879.21
Z00312,H014,491.14
Z00312,H015,6444.32
Z00312,H016,567.28
Z00312,H017,6791.26
Z00312,H018,4628.69
Z00312,H019,2686.2
Z00312,H020,5354.06
Z00313,H001,6296.01
Z00313,H002,5257.39
Z00313,H003,5257.33
Z00313,H004,2567.9
Z00313,H005,863.22
Z00313,H006,129.57
Z00313,H007,4522.51
Z00313,H008,8960.1
Z00313,H009,8554.2
Z00313,H010,9587.23
Z00313,H011,6677.78
Z00313,H012,1108.41
Z00313,H013,950.11
Z00313,H014,5392.59
Z00313,H015,6568.22
Z00313,H016,5672.42
Z00313,H017,9626.37
Z00313,H018,618.31
Z00313,H019,7307.1
Z00313,H020,1663.23
Z00314,H001,851.65
Z00314,H002,488.23
Z00314,H003,523.24
Z00314,H004,5086.39
Z00314,H005,4584.48
Z00314,H006,5381.79
Z00314,H007,931.84
Z00314,H008,5990.77
Z00314,H009,4557.23
Z00314,H010,6130.04
Z00314,H011,2706.01
Z00314,H012,6085.83
Z00314,H013,6160.15
Z00314,H014,58.31
Z00314,H015,5939.23
Z00314,H016,253.27
Z00314,H017,6321.38
Z00314,H018,4834.74
Z00314,H019,2229.67
Z00314,H020,5332.5
Z00315,H001,5413.11
Z00315,H002,4377.68
Z00315,H003,4384.34
Z00315,H004,2486.49
Z00315,H005,29.57
Z00315,H006,822.06
Z00315,H007,3640.23
Z00315,H008,8696.35
Z00315,H009,7977.43
Z00315,H010,9281.62
Z00315,H011,5940.6
Z00315,H012,1770.98
Z00315,H013,1701.74
Z00315,H014,4509.03
Z00315,H015,6502.3
Z00315,H016,4788.7
Z00315,H017,9376.59
Z00315,H018,276.37
Z00315,H019,6471.25
Z00315,H020,1799.88
Z00316,H001,5768.19
Z00316,H002,4621.17
Z00316,H003,5207.76
Z00316,H004,52.65
Z00316,H005,2532.41
Z00316,H006,2485.17
Z00316,H007,4414.38
Z00316,H008,10885.59
Z00316,H009,9575.8
Z00316,H010,11178.65
Z00316,H011,4749.36
Z00316,H012,3661.75
Z00316,H013,2284.48
Z00316,H014,4995.61
Z00316,H015,9011.62
Z00316,H016,5155.01
Z00316,H017,11368.37
Z00316,H018,2449.31
Z00316,H019,7273.22
Z00316,H020,4205.41
Z00317,H001,1748.42
Z00317,H002,875.08
Z00317,H003,811.72
Z00317,H004,4440.26
Z00317,H005,3684.58
Z00317,H006,4484.42
Z00317,H007,40.77
Z00317,H008,6532.32
Z00317,H009,5164.74
Z00317,H010,6774.6
Z00317,H011,3239.79
Z00317,H012,5192.4
Z00317,H013,5283.85
Z00317,H014,850.44
Z00317,H015,5965.15
Z00317,H016,1141.04
Z00317,H017,6960.61
Z00317,H018,3936.79
Z00317,H019,2983.33
Z00317,H020,4486.12
Z00318,H001,5579.74
Z00318,H002,4552.13
Z00318,H003,4542.24
Z00318,H004,2540.23
Z00318,H005,153.29
Z00318,H006,667.11
Z00318,H007,3806.02
Z00318,H008,8702.15
Z00318,H009,8049.1
Z00318,H010,9300.18
Z00318,H011,6114.33
Z00318,H012,1596.1
Z00318,H013,1573.46
Z00318,H014,4677.28
Z00318,H015,6457.38
Z00318,H016,4958.5
Z00318,H017,9384.27
Z00318,H018,158.46
Z00318,H019,6612.66
Z00318,H020,1686.04
Z00319,H001,5826.81
Z00319,H002,6431.78
Z00319,H003,5503.9
Z00319,H004,8936.15
Z00319,H005,6430.21
Z00319,H006,6610.22
Z00319,H007,5949.0
Z00319,H008,2524.47
Z00319,H009,3026.56
Z00319,H010,3144.71
Z00319,H011,8269.27
Z00319,H012,5639.66
Z00319,H013,7186.98
Z00319,H014,5992.99
Z00319,H015,77.27
Z00319,H016,6067.25
Z00319,H017,3144.29
Z00319,H018,6532.05
Z00319,H019,4645.76
Z00319,H020,4842.25
Z00320,H001,5330.26
Z00320,H002,6412.39
Z00320,H003,5722.18
Z00320,H004,10874.22
Z00320,H005,8685.07
Z00320,H006,9063.43
Z00320,H007,6489.2
Z00320,H008,50.21
Z00320,H009,1407.83
Z00320,H010,613.8
Z00320,H011,6974.85
Z00320,H012,8186.86
Z00320,H013,9731.41
Z00320,H014,5999.81
Z00320,H015,2479.22
Z00320,H016,5886.67
Z00320,H017,680.16
Z00320,H018,8855.63
Z00320,H019,3798.6
Z00320,H020,7323.77
Z00321,H001,5512.58
Z00321,H002,4501.15
Z00321,H003,4464.33
Z00321,H004,2646.37
Z00321,H005,166.82
Z00321,H006,759.61
Z00321,H007,3738.78
Z00321,H008,8581.44
Z00321,H009,7928.61
Z00321,H010,9178.24
Z00321,H011,6119.88
Z00321,H012,1597.02
Z00321,H013,1678.96
Z00321,H014,4613.3
Z00321,H015,6347.24
Z00321,H016,4897.06
Z00321,H017,9263.46
Z00321,H018,280.63
Z00321,H019,6518.9
Z00321,H020,1607.89
Z00322,H001,27.86
Z00322,H002,1164.23
Z00322,H003,1139.4
Z00322,H004,5800.87
Z00322,H005,5442.87
Z00322,H006,6241.18
Z00322,H007,1784.71
Z00322,H008,5389.16
Z00322,H009,3935.64
Z00322,H010,5439.04
Z00322,H011,2492.7
Z00322,H012,6909.64
Z00322,H013,7015.42
Z00322,H014,916.02
Z00322,H015,5807.49
Z00322,H016,655.44
Z00322,H017,5631.06
Z00322,H018,5693.94
Z00322,H019,1544.91
Z00322,H020,6095.54
Z00323,H001,5291.48
Z00323,H002,6426.66
Z00323,H003,5836.44
Z00323,H004,11073.06
Z00323,H005,9191.65
Z00323,H006,9627.13
Z00323,H007,6636.72
Z00323,H008,616.36
Z00323,H009,1477.17
Z00323,H010,139.15
Z00323,H011,6651.81
Z00323,H012,8776.94
Z00323,H013,10320.91
Z00323,H014,6045.56
Z00323,H015,3068.93
Z00323,H016,5892.96
Z00323,H017,331.09
Z00323,H018,9380.46
Z00323,H019,3773.99
Z00323,H020,7903.04
Z00324,H001,1544.97
Z00324,H002,2660.66
Z00324,H003,2174.53
Z00324,H004,7317.18
Z00324,H005,6472.31
Z00324,H006,7265.09
Z00324,H007,2991.11
Z00324,H008,3831.02
Z00324,H009,2377.51
Z00324,H010,3905.06
Z00324,H011,3667.3
Z00324,H012,7550.86
Z00324,H013,8156.74
Z00324,H014,2290.46
Z00324,H015,4558.95
Z00324,H016,2126.99
Z00324,H017,4097.09
Z00324,H018,6734.61
Z00324,H019,30.93
Z00324,H020,6533.06
Z00325,H001,5980.42
Z00325,H002,5247.59
Z00325,H003,4860.65
Z00325,H004,4132.71
Z00325,H005,1710.91
Z00325,H006,1749.46
Z00325,H007,4350.14
Z00325,H008,7313.61
Z00325,H009,7076.84
Z00325,H010,7942.31
Z00325,H011,7325.34
Z00325,H012,1137.85
Z00325,H013,2464.65
Z00325,H014,5192.17
Z00325,H015,4924.95
Z00325,H016,5487.37
Z00325,H017,7977.11
Z00325,H018,1728.35
Z00325,H019,6477.55
Z00325,H020,99.79
Z00326,H001,5809.67
Z00326,H002,4774.04
Z00326,H003,4775.19
Z00326,H004,2499.39
Z00326,H005,376.76
Z00326,H006,434.06
Z00326,H007,4036.35
Z00326,H008,8823.32
Z00326,H009,8237.66
Z00326,H010,9433.05
Z00326,H011,6277.35
Z00326,H012,1439.38
Z00326,H013,1349.32
Z00326,H014,4906.12
Z00326,H015,6524.57
Z00326,H016,5186.1
Z00326,H017,9504.6
Z00326,H018,148.24
Z00326,H019,6844.48
Z00326,H020,1677.52
Z00327,H001,2437.71
Z00327,H002,2291.51
Z00327,H003,3119.2
Z00327,H004,4740.72
Z00327,H005,5858.42
Z00327,H006,6457.44
Z00327,H007,3158.31
Z00327,H008,7042.26
Z00327,H009,5724.13
Z00327,H010,6798.34
Z00327,H011,125.45
Z00327,H012,7600.04
Z00327,H013,6791.81
Z00327,H014,2601.76
Z00327,H015,8160.6
Z00327,H016,2402.12
Z00327,H017,6962.61
Z00327,H018,6021.47
Z00327,H019,3598.94
Z00327,H020,7299.65
Z00328,H001,5664.97
Z00328,H002,4619.64
Z00328,H003,4640.74
Z00328,H004,2417.77
Z00328,H005,243.93
Z00328,H006,567.27
Z00328,H007,3893.13
Z00328,H008,8845.48
Z00328,H009,8194.23
Z00328,H010,9445.36
Z00328,H011,6112.98
Z00328,H012,1601.56
Z00328,H013,1447.66
Z00328,H014,4759.69
Z00328,H015,6586.83
Z00328,H016,5037.68
Z00328,H017,9527.67
Z00328,H018,19.57
Z00328,H019,6727.99
Z00328,H020,1782.1
Z00329,H001,6054.09
Z00329,H002,5331.68
Z00329,H003,4934.88
Z00329,H004,4192.85
Z00329,H005,1787.22
Z00329,H006,1794.43
Z00329,H007,4432.51
Z00329,H008,7278.6
Z00329,H009,7075.04
Z00329,H010,7907.98
Z00329,H011,7416.17
Z00329,H012,1113.96
Z00329,H013,2483.4
Z00329,H014,5271.6
Z00329,H015,4878.78
Z00329,H016,5566.48
Z00329,H017,7938.37
Z00329,H018,1796.08
Z00329,H019,6527.01
Z00329,H020,32.83
Z00330,H001,5895.39
Z00330,H002,6500.97
Z00330,H003,5572.94
Z00330,H004,8961.39
Z00330,H005,6455.06
Z00330,H006,6621.74
Z00330,H007,6015.63
Z00330,H008,2529.69
Z00330,H009,3066.4
Z00330,H010,3146.77
Z00330,H011,8335.09
Z00330,H012,5637.87
Z00330,H013,7185.39
Z00330,H014,6062.32
Z00330,H015,124.41
Z00330,H016,6136.73
Z00330,H017,3141.63
Z00330,H018,6552.87
Z00330,H019,4709.33
Z00330,H020,4853.78
Z00331,H001,637.37
Z00331,H002,553.21
Z00331,H003,727.64
Z00331,H004,5212.25
Z00331,H005,4820.69
Z00331,H006,5614.77
Z00331,H007,1179.74
Z00331,H008,5910.16
Z00331,H009,4464.3
Z00331,H010,6012.55
Z00331,H011,2518.93
Z00331,H012,6338.26
Z00331,H013,6376.82
Z00331,H014,301.99
Z00331,H015,6015.15
Z00331,H016,20.29
Z00331,H017,6204.59
Z00331,H018,5068.71
Z00331,H019,2099.68
Z00331,H020,5588.65
Z00332,H001,1630.25
Z00332,H002,2760.53
Z00332,H003,2297.07
Z00332,H004,7419.58
Z00332,H005,6602.54
Z00332,H006,7395.5
Z00332,H007,3112.48
Z00332,H008,3750.98
Z00332,H009,2298.2
Z00332,H010,3806.79
Z00332,H011,3677.86
Z00332,H012,7675.6
Z00332,H013,8286.55
Z00332,H014,2399.08
Z00332,H015,4561.73
Z00332,H016,2226.67
Z00332,H017,3998.94
Z00332,H018,6864.84
Z00332,H019,120.17
Z00332,H020,6653.7
Z00333,H001,1006.03
Z00333,H002,425.9
Z00333,H003,510.03
Z00333,H004,4951.66
Z00333,H005,4431.66
Z00333,H006,5228.34
Z00333,H007,783.76
Z00333,H008,6109.74
Z00333,H009,4682.56
Z00333,H010,6262.82
Z00333,H011,2753.75
Z00333,H012,5942.4
Z00333,H013,6005.52
Z00333,H014,97.84
Z00333,H015,5978.64
Z00333,H016,388.78
Z00333,H017,6453.77
Z00333,H018,4681.44
Z00333,H019,2370.5
Z00333,H020,5203.44
Z00334,H001,616.87
Z00334,H002,551.48
Z00334,H003,877.15
Z00334,H004,5195.88
Z00334,H005,4898.98
Z00334,H006,5688.22
Z00334,H007,1282.37
Z00334,H008,5957.21
Z00334,H009,4506.76
Z00334,H010,6036.63
Z00334,H011,2370.45
Z00334,H012,6441.99
Z00334,H013,6431.31
Z00334,H014,423.24
Z00334,H015,6136.27
Z00334,H016,142.51
Z00334,H017,6228.79
Z00334,H018,5143.93
Z00334,H019,2126.78
Z00334,H020,5711.86
Z00335,H001,5372.38
Z00335,H002,6514.78
Z00335,H003,5943.1
Z00335,H004,11171.52
Z00335,H005,9331.55
Z00335,H006,9759.46
Z00335,H007,6747.03
Z00335,H008,727.03
Z00335,H009,1594.89
Z00335,H010,115.96
Z00335,H011,6661.47
Z00335,H012,8888.11
Z00335,H013,10434.72
Z00335,H014,6140.29
Z00335,H015,3178.02
Z00335,H016,5980.9
Z00335,H017,267.11
Z00335,H018,9519.24
Z00335,H019,3862.24
Z00335,H020,8028.59
Z00336,H001,5944.98
Z00336,H002,5208.01
Z00336,H003,4825.04
Z00336,H004,4107.77
Z00336,H005,1678.24
Z00336,H006,1732.76
Z00336,H007,4311.26
Z00336,H008,7326.61
Z00336,H009,7074.47
Z00336,H010,7954.89
Z00336,H011,7283.57
Z00336,H012,1153.82
Z00336,H013,2460.02
Z00336,H014,5154.42
Z00336,H015,4943.6
Z00336,H016,5449.74
Z00336,H017,7991.77
Z00336,H018,1700.19
Z00336,H019,6452.36
Z00336,H020,140.56
Z00337,H001,997.55
Z00337,H002,485.34
Z00337,H003,451.43
Z00337,H004,4991.88
Z00337,H005,4436.03
Z00337,H006,5234.41
Z00337,H007,780.38
Z00337,H008,6062.53
Z00337,H009,4638.14
Z00337,H010,6221.73
Z00337,H011,2804.24
Z00337,H012,5933.03
Z00337,H013,6019.24
Z00337,H014,108.37
Z00337,H015,5919.21
Z00337,H016,403.21
Z00337,H017,6412.43
Z00337,H018,4687.09
Z00337,H019,2335.48
Z00337,H020,5182.52
Z00338,H001,6901.11
Z00338,H002,5789.0
Z00338,H003,5935.35
Z00338,H004,2186.33
Z00338,H005,1587.62
Z00338,H006,840.78
Z00338,H007,5155.38
Z00338,H008,9688.81
Z00338,H009,9418.12
Z00338,H010,10315.81
Z00338,H011,6793.15
Z00338,H012,1539.56
Z00338,H013,108.83
Z00338,H014,5994.05
Z00338,H015,7242.54
Z00338,H016,6254.64
Z00338,H017,10313.37
Z00338,H018,1327.11
Z00338,H019,8060.77
Z00338,H020,2409.2
Z00339,H001,6865.56
Z00339,H002,5963.89
Z00339,H003,5758.12
Z00339,H004,3573.3
Z00339,H005,1698.02
Z00339,H006,1190.79
Z00339,H007,5128.65
Z00339,H008,8195.45
Z00339,H009,8167.9
Z00339,H010,8818.32
Z00339,H011,7665.16
Z00339,H012,47.18
Z00339,H013,1513.38
Z00339,H014,6005.54
Z00339,H015,5743.8
Z00339,H016,6299.85
Z00339,H017,8810.32
Z00339,H018,1539.96
Z00339,H019,7558.69
Z00339,H020,1086.25
Z00340,H001,6227.05
Z00340,H002,5168.56
Z00340,H003,5206.46
Z00340,H004,2400.38
Z00340,H005,806.32
Z00340,H006,44.9
Z00340,H007,4456.71
Z00340,H008,9092.97
Z00340,H009,8627.56
Z00340,H010,9717.33
Z00340,H011,6529.26
Z00340,H012,1278.08
Z00340,H013,913.65
Z00340,H014,5320.58
Z00340,H015,6716.97
Z00340,H016,5596.31
Z00340,H017,9764.35
Z00340,H018,546.44
Z00340,H019,7285.83
Z00340,H020,1812.07
Z00341,H001,6784.85
Z00341,H002,5900.3
Z00341,H003,5674.17
Z00341,H004,3633.08
Z00341,H005,1678.75
Z00341,H006,1224.75
Z00341,H007,5056.34
Z00341,H008,8100.74
Z00341,H009,8054.46
Z00341,H010,8725.38
Z00341,H011,7648.03
Z00341,H012,117.86
Z00341,H013,1607.5
Z00341,H014,5931.39
Z00341,H015,5650.97
Z00341,H016,6226.41
Z00341,H017,8721.72
Z00341,H018,1536.48
Z00341,H019,7454.08
Z00341,H020,970.65
Z00342,H001,5697.85
Z00342,H002,4634.41
Z00342,H003,4690.18
Z00342,H004,2281.1
Z00342,H005,338.58
Z00342,H006,546.79
Z00342,H007,3930.42
Z00342,H008,8983.81
Z00342,H009,8313.23
Z00342,H010,9581.88
Z00342,H011,6059.21
Z00342,H012,1669.0
Z00342,H013,1371.31
Z00342,H014,4790.49
Z00342,H015,6726.07
Z00342,H016,5064.53
Z00342,H017,9665.96
Z00342,H018,137.9
Z00342,H019,6796.63
Z00342,H020,1909.5
Z00343,H001,959.92
Z00343,H002,442.07
Z00343,H003,506.77
Z00343,H004,4993.13
Z00343,H005,4477.06
Z00343,H006,5274.0
Z00343,H007,827.15
Z00343,H008,6072.58
Z00343,H009,4643.55
Z00343,H010,6221.84
Z00343,H011,2741.01
Z00343,H012,5984.46
Z00343,H013,6051.84
Z00343,H014,52.56
Z00343,H015,5964.5
Z00343,H016,347.56
Z00343,H017,6412.9
Z00343,H018,4727.04
Z00343,H019,2327.19
Z00343,H020,5240.73
Z00344,H001,5340.46
Z00344,H002,6402.64
Z00344,H003,5686.28
Z00344,H004,10779.12
Z00344,H005,8533.06
Z00344,H006,8897.78
Z00344,H007,6440.67
Z00344,H008,153.88
Z00344,H009,1426.55
Z00344,H010,781.91
Z00344,H011,7062.23
Z00344,H012,8016.08
Z00344,H013,9560.61
Z00344,H014,5982.63
Z00344,H015,2308.84
Z00344,H016,5881.42
Z00344,H017,835.22
Z00344,H018,8699.04
Z00344,H019,3812.44
Z00344,H020,7155.08
Z00345,H001,6188.94
Z00345,H002,5127.81
Z00345,H003,5171.42
Z00345,H004,2370.34
Z00345,H005,773.42
Z00345,H006,80.65
Z00345,H007,4419.36
Z00345,H008,9104.74
Z00345,H009,8619.6
Z00345,H010,9727.7
Z00345,H011,6484.57
Z00345,H012,1318.41
Z00345,H013,935.1
Z00345,H014,5282.14
Z00345,H015,6736.2
Z00345,H016,5557.23
Z00345,H017,9777.95
Z00345,H018,512.18
Z00345,H019,7255.8
Z00345,H020,1832.73
Z00346,H001,6099.56
Z00346,H002,5373.54
Z00346,H003,4980.21
Z00346,H004,4187.15
Z00346,H005,1794.91
Z00346,H006,1780.52
Z00346,H007,4475.26
Z00346,H008,7298.99
Z00346,H009,7109.36
Z00346,H010,7928.57
Z00346,H011,7449.76
Z00346,H012,1073.12
Z00346,H013,2456.25
Z00346,H014,5315.55
Z00346,H015,4893.69
Z00346,H016,5610.55
Z00346,H017,7956.73
Z00346,H018,1796.74
Z00346,H019,6573.11
Z00346,H020,27.7
Z00347,H001,6969.88
Z00347,H002,5850.07
Z00347,H003,6016.01
Z00347,H004,2146.18
Z00347,H005,1685.22
Z00347,H006,948.47
Z00347,H007,5231.25
Z00347,H008,9782.6
Z00347,H009,9528.6
Z00347,H010,10407.8
Z00347,H011,6796.18
Z00347,H012,1625.32
Z00347,H013,88.2
Z00347,H014,6064.09
Z00347,H015,7333.3
Z00347,H016,6321.53
Z00347,H017,10399.01
Z00347,H018,1425.92
Z00347,H019,8149.81
Z00347,H020,2513.06
Z00348,H001,1559.87
Z00348,H002,2664.81
Z00348,H003,2158.14
Z00348,H004,7317.87
Z00348,H005,6439.21
Z00348,H006,7230.22
Z00348,H007,2975.77
Z00348,H008,3816.66
Z00348,H009,2363.66
Z00348,H010,3901.85
Z00348,H011,3711.98
Z00348,H012,7502.74
Z00348,H013,8125.47
Z00348,H014,2288.15
Z00348,H015,4511.41
Z00348,H016,2131.73
Z00348,H017,4093.72
Z00348,H018,6701.49
Z00348,H019,89.76
Z00348,H020,6481.94
Z00349,H001,2453.05
Z00349,H002,2332.98
Z00349,H003,3152.85
Z00349,H004,4788.27
Z00349,H005,5916.91
Z00349,H006,6515.09
Z00349,H007,3204.2
Z00349,H008,7010.18
Z00349,H009,5700.15
Z00349,H010,6759.36
Z00349,H011,76.81
Z00349,H012,7658.5
Z00349,H013,6845.8
Z00349,H014,2636.91
Z00349,H015,8161.08
Z00349,H016,2432.8
Z00349,H017,6922.53
Z00349,H018,6079.76
Z00349,H019,3592.42
Z00349,H020,7356.73
Z00350,H001,2547.52
Z00350,H002,2429.58
Z00350,H003,3251.6
Z00350,H004,4784.5
Z00350,H005,5967.7
Z00350,H006,6553.75
Z00350,H007,3297.91
Z00350,H008,7049.48
Z00350,H009,5753.69
Z00350,H010,6784.92
Z00350,H011,28.91
Z00350,H012,7707.76
Z00350,H013,6863.38
Z00350,H014,2735.48
Z00350,H015,8243.87
Z00350,H016,2531.62
Z00350,H017,6945.54
Z00350,H018,6126.03
Z00350,H019,3669.36
Z00350,H020,7427.66
Z00351,H001,6016.35
Z00351,H002,5298.7
Z00351,H003,4897.35
Z00351,H004,4205.36
Z00351,H005,1788.78
Z00351,H006,1814.28
Z00351,H007,4398.48
Z00351,H008,7254.22
Z00351,H009,7040.28
Z00351,H010,7883.37
Z00351,H011,7392.12
Z00351,H012,1153.07
Z00351,H013,2513.24
Z00351,H014,5236.02
Z00351,H015,4859.0
Z00351,H016,5530.74
Z00351,H017,7915.53
Z00351,H018,1803.8
Z00351,H019,6486.01
Z00351,H020,72.07
Z00352,H001,7025.01
Z00352,H002,5916.44
Z00352,H003,6051.69
Z00352,H004,2286.5
Z00352,H005,1687.23
Z00352,H006,918.37
Z00352,H007,5275.47
Z00352,H008,9657.93
Z00352,H009,9458.56
Z00352,H010,10280.66
Z00352,H011,6918.86
Z00352,H012,1496.36
Z00352,H013,54.1
Z00352,H014,6117.46
Z00352,H015,7206.35
Z00352,H016,6379.59
Z00352,H017,10266.45
Z00352,H018,1425.37
Z00352,H019,8168.2
Z00352,H020,2409.14
Z00353,H001,6229.87
Z00353,H002,5175.73
Z00353,H003,5205.22
Z00353,H004,2434.98
Z00353,H005,803.86
Z00353,H006,10.17
Z00353,H007,4458.58
Z00353,H008,9060.46
Z00353,H009,8603.53
Z00353,H010,9685.2
Z00353,H011,6552.03
Z00353,H012,1247.25
Z00353,H013,929.51
Z00353,H014,5323.95
Z00353,H015,6682.82
Z00353,H016,5600.63
Z00353,H017,9731.32
Z00353,H018,546.22
Z00353,H019,7278.8
Z00353,H020,1777.77
Z00354,H001,1736.06
Z00354,H002,917.94
Z00354,H003,759.31
Z00354,H004,4507.3
Z00354,H005,3700.33
Z00354,H006,4502.12
Z00354,H007,66.11
Z00354,H008,6459.24
Z00354,H009,5098.09
Z00354,H010,6709.02
Z00354,H011,3299.86
Z00354,H012,5186.48
Z00354,H013,5312.06
Z00354,H014,850.2
Z00354,H015,5879.06
Z00354,H016,1144.78
Z00354,H017,6894.33
Z00354,H018,3954.33
Z00354,H019,2936.15
Z00354,H020,4461.7
Z00355,H001,163.45
Z00355,H002,1004.5
Z00355,H003,1035.5
Z00355,H004,5645.08
Z00355,H005,5296.36
Z00355,H006,6092.98
Z00355,H007,1641.98
Z00355,H008,5532.96
Z00355,H009,4079.82
Z00355,H010,5592.17
Z00355,H011,2458.16
Z00355,H012,6782.04
Z00355,H013,6860.57
Z00355,H014,766.99
Z00355,H015,5884.16
Z00355,H016,498.09
Z00355,H017,5784.27
Z00355,H018,5546.17
Z00355,H019,1690.96
Z00355,H020,5987.61
Z00356,H001,6048.4
Z00356,H002,5304.24
Z00356,H003,4928.33
Z00356,H004,4097.39
Z00356,H005,1696.65
Z00356,H006,1700.09
Z00356,H007,4409.49
Z00356,H008,7370.03
Z00356,H009,7149.95
Z00356,H010,7999.21
Z00356,H011,7361.74
Z00356,H012,1058.49
Z00356,H013,2398.45
Z00356,H014,5254.96
Z00356,H015,4973.05
Z00356,H016,5550.46
Z00356,H017,8030.98
Z00356,H018,1701.9
Z00356,H019,6555.9
Z00356,H020,75.92
Z00357,H001,1214.4
Z00357,H002,59.2
Z00357,H003,984.91
Z00357,H004,4606.48
Z00357,H005,4377.03
Z00357,H006,5152.54
Z00357,H007,926.81
Z00357,H008,6512.59
Z00357,H009,5069.47
Z00357,H010,6619.81
Z00357,H011,2380.18
Z00357,H012,5985.37
Z00357,H013,5862.15
Z00357,H014,509.35
Z00357,H015,6459.95
Z00357,H016,587.92
Z00357,H017,6811.88
Z00357,H018,4614.02
Z00357,H019,2706.82
Z00357,H020,5346.82
Z00358,H001,5376.95
Z00358,H002,6468.93
Z00358,H003,5792.11
Z00358,H004,10965.05
Z00358,H005,8790.03
Z00358,H006,9164.78
Z00358,H007,6564.45
Z00358,H008,115.19
Z00358,H009,1457.43
Z00358,H010,514.85
Z00358,H011,6971.65
Z00358,H012,8277.14
Z00358,H013,9823.14
Z00358,H014,6060.44
Z00358,H015,2567.54
Z00358,H016,5941.24
Z00358,H017,575.2
Z00358,H018,8960.16
Z00358,H019,3844.77
Z00358,H020,7422.22
Z00359,H001,3890.34
Z00359,H002,4979.44
Z00359,H003,4333.72
Z00359,H004,9569.84
Z00359,H005,7945.94
Z00359,H006,8570.02
Z00359,H007,5127.52
Z00359,H008,1485.53
Z00359,H009,35.28
Z00359,H010,1647.47
Z00359,H011,5705.26
Z00359,H012,8132.97
Z00359,H013,9465.46
Z00359,H014,4575.65
Z00359,H015,2954.42
Z00359,H016,4450.94
Z00359,H017,1831.5
Z00359,H018,8177.56
Z00359,H019,2359.15
Z00359,H020,7087.05
Z00360,H001,5.29
Z00360,H002,1171.0
Z00360,H003,1125.42
Z00360,H004,5812.0
Z00360,H005,5438.17
Z00360,H006,6237.11
Z00360,H007,1779.19
Z00360,H008,5373.11
Z00360,H009,3919.65
Z00360,H010,5426.41
Z00360,H011,2518.32
Z00360,H012,6899.07
Z00360,H013,7014.71
Z00360,H014,913.46
Z00360,H015,5782.82
Z00360,H016,657.73
Z00360,H017,5618.48
Z00360,H018,5689.72
Z00360,H019,1529.29
Z00360,H020,6080.97
Z00361,H001,5430.65
Z00361,H002,6565.61
Z00361,H003,5971.67
Z00361,H004,11209.44
Z00361,H005,9260.91
Z00361,H006,9663.95
Z00361,H007,6770.37
Z00361,H008,616.99
Z00361,H009,1608.7
Z00361,H010,12.95
Z00361,H011,6770.27
Z00361,H012,8771.36
Z00361,H013,10318.74
Z00361,H014,6183.78
Z00361,H015,3061.65
Z00361,H016,6031.94
Z00361,H017,192.22
Z00361,H018,9441.56
Z00361,H019,3913.02
Z00361,H020,7924.28
Z00362,H001,7063.62
Z00362,H002,5949.7
Z00362,H003,6098.08
Z00362,H004,2257.61
Z00362,H005,1743.43
Z00362,H006,981.44
Z00362,H007,5318.44
Z00362,H008,9718.46
Z00362,H009,9527.75
Z00362,H010,10339.67
Z00362,H011,6914.91
Z00362,H012,1556.09
Z00362,H013,54.24
Z00362,H014,6156.72
Z00362,H015,7266.1
Z00362,H016,6416.8
Z00362,H017,10321.78
Z00362,H018,1482.05
Z00362,H019,8220.93
Z00362,H020,2476.74
Z00363,H001,5786.13
Z00363,H002,6410.1
Z00363,H003,5484.11
Z00363,H004,8996.73
Z00363,H005,6491.76
Z00363,H006,6681.3
Z00363,H007,5943.3
Z00363,H008,2445.93
Z00363,H009,2946.9
Z00363,H010,3067.23
Z00363,H011,8217.18
Z00363,H012,5717.41
Z00363,H013,7264.52
Z00363,H014,5969.33
Z00363,H015,8.91
Z00363,H016,6037.94
Z00363,H017,3068.88
Z00363,H018,6596.8
Z00363,H019,4588.48
Z00363,H020,4913.59
Z00364,H001,871.15
Z00364,H002,432.07
Z00364,H003,571.04
Z00364,H004,5041.97
Z00364,H005,4571.78
Z00364,H006,5367.4
Z00364,H007,927.19
Z00364,H008,6041.08
Z00364,H009,4605.76
Z00364,H010,6175.51
Z00364,H011,2661.33
Z00364,H012,6086.06
Z00364,H013,6138.55
Z00364,H014,55.98
Z00364,H015,5996.07
Z00364,H016,245.16
Z00364,H017,6367.0
Z00364,H018,4820.81
Z00364,H019,2271.74
Z00364,H020,5344.07
Z00365,H001,5741.22
Z00365,H002,6374.2
Z00365,H003,5449.35
Z00365,H004,9016.33
Z00365,H005,6512.79
Z00365,H006,6711.83
Z00365,H007,5916.26
Z00365,H008,2406.35
Z00365,H009,2893.42
Z00365,H010,3029.15
Z00365,H011,8167.53
Z00365,H012,5756.24
Z00365,H013,7302.93
Z00365,H014,5932.49
Z00365,H015,56.85
Z00365,H016,5998.26
Z00365,H017,3033.62
Z00365,H018,6620.85
Z00365,H019,4537.28
Z00365,H020,4944.63
Z00366,H001,4013.91
Z00366,H002,5101.29
Z00366,H003,4449.6
Z00366,H004,9683.32
Z00366,H005,8009.94
Z00366,H006,8617.32
Z00366,H007,5240.83
Z00366,H008,1362.0
Z00366,H009,94.12
Z00366,H010,1537.58
Z00366,H011,5818.39
Z00366,H012,8139.42
Z00366,H013,9501.79
Z00366,H014,4696.16
Z00366,H015,2884.53
Z00366,H016,4573.21
Z00366,H017,1719.63
Z00366,H018,8237.71
Z00366,H019,2482.83
Z00366,H020,7103.23
Z00367,H001,5726.53
Z00367,H002,6852.95
Z00367,H003,6231.68
Z00367,H004,11459.56
Z00367,H005,9294.76
Z00367,H006,9614.28
Z00367,H007,7021.23
Z00367,H008,620.73
Z00367,H009,1863.28
Z00367,H010,319.89
Z00367,H011,7078.83
Z00367,H012,8637.42
Z00367,H013,10177.95
Z00367,H014,6463.07
Z00367,H015,2952.13
Z00367,H016,6320.03
Z00367,H017,163.84
Z00367,H018,9452.79
Z00367,H019,4203.1
Z00367,H020,7851.87
Z00368,H001,1627.46
Z00368,H002,2748.1
Z00368,H003,2264.26
Z00368,H004,7405.48
Z00368,H005,6555.28
Z00368,H006,7346.72
Z00368,H007,3081.01
Z00368,H008,3749.56
Z00368,H009,2296.07
Z00368,H010,3817.71
Z00368,H011,3713.45
Z00368,H012,7616.27
Z00368,H013,8240.99
Z00368,H014,2379.8
Z00368,H015,4520.33
Z00368,H016,2214.31
Z00368,H017,4009.78
Z00368,H018,6817.56
Z00368,H019,95.57
Z00368,H020,6592.46
Z00369,H001,5434.52
Z00369,H002,4400.62
Z00369,H003,4404.17
Z00369,H004,2496.42
Z00369,H005,9.93
Z00369,H006,801.96
Z00369,H007,3661.44
Z00369,H008,8694.14
Z00369,H009,7984.31
Z00369,H010,9281.29
Z00369,H011,5965.05
Z00369,H012,1746.44
Z00369,H013,1686.05
Z00369,H014,4530.73
Z00369,H015,6492.98
Z00369,H016,4810.69
Z00369,H017,9374.79
Z00369,H018,258.15
Z00369,H019,6488.44
Z00369,H020,1781.28
Z00370,H001,3966.59
Z00370,H002,5040.36
Z00370,H003,4370.55
Z00370,H004,9596.85
Z00370,H005,7888.62
Z00370,H006,8493.81
Z00370,H007,5156.3
Z00370,H008,1415.47
Z00370,H009,142.4
Z00370,H010,1631.5
Z00370,H011,5827.69
Z00370,H012,8021.24
Z00370,H013,9378.42
Z00370,H014,4629.79
Z00370,H015,2811.98
Z00370,H016,4514.8
Z00370,H017,1810.21
Z00370,H018,8115.6
Z00370,H019,2439.17
Z00370,H020,6982.49
Z00371,H001,5382.41
Z00371,H002,6522.82
Z00371,H003,5944.96
Z00371,H004,11177.1
Z00371,H005,9308.69
Z00371,H006,9731.02
Z00371,H007,6747.57
Z00371,H008,695.08
Z00371,H009,1591.91
Z00371,H010,83.34
Z00371,H011,6686.82
Z00371,H012,8855.47
Z00371,H013,10402.26
Z00371,H014,6146.25
Z00371,H015,3145.36
Z00371,H016,5988.95
Z00371,H017,247.65
Z00371,H018,9494.77
Z00371,H019,3870.0
Z00371,H020,7998.23
Z00372,H001,1654.27
Z00372,H002,2779.89
Z00372,H003,2304.16
Z00372,H004,7438.24
Z00372,H005,6598.51
Z00372,H006,7390.1
Z00372,H007,3120.52
Z00372,H008,3724.66
Z00372,H009,2271.48
Z00372,H010,3786.4
Z00372,H011,3715.06
Z00372,H012,7658.39
Z00372,H013,8284.02
Z00372,H014,2414.64
Z00372,H015,4523.62
Z00372,H016,2246.02
Z00372,H017,3978.52
Z00372,H018,6860.8
Z00372,H019,128.71
Z00372,H020,6633.44
Z00373,H001,5747.83
Z00373,H002,4711.62
Z00373,H003,4714.68
Z00373,H004,2489.47
Z00373,H005,314.91
Z00373,H006,492.76
Z00373,H007,3974.62
Z00373,H008,8809.33
Z00373,H009,8200.97
Z00373,H010,9415.68
Z00373,H011,6222.3
Z00373,H012,1491.85
Z00373,H013,1400.9
Z00373,H014,4844.09
Z00373,H015,6525.57
Z00373,H016,5123.91
Z00373,H017,9491.19
Z00373,H018,95.08
Z00373,H019,6787.52
Z00373,H020,1695.64
Z00374,H001,1166.57
Z00374,H002,7.65
Z00374,H003,938.53
Z00374,H004,4658.11
Z00374,H005,4404.36
Z00374,H006,5182.54
Z00374,H007,921.46
Z00374,H008,6458.14
Z00374,H009,5015.44
Z00374,H010,6567.31
Z00374,H011,2402.17
Z00374,H012,6003.74
Z00374,H013,5898.91
Z00374,H014,456.1
Z00374,H015,6410.92
Z00374,H016,535.34
Z00374,H017,6759.36
Z00374,H018,4642.82
Z00374,H019,2654.41
Z00374,H020,5353.33
Z00375,H001,31.79
Z00375,H002,1135.61
Z00375,H003,1094.97
Z00375,H004,5778.72
Z00375,H005,5402.21
Z00375,H006,6200.98
Z00375,H007,1743.45
Z00375,H008,5402.08
Z00375,H009,3948.73
Z00375,H010,5458.63
Z00375,H011,2517.23
Z00375,H012,6865.89
Z00375,H013,6978.05
Z00375,H014,876.97
Z00375,H015,5793.33
Z00375,H016,621.21
Z00375,H017,5650.72
Z00375,H018,5653.63
Z00375,H019,1558.99
Z00375,H020,6051.11
Z00376,H001,5382.34
Z00376,H002,4343.1
Z00376,H003,4357.25
Z00376,H004,2461.21
Z00376,H005,71.71
Z00376,H006,850.7
Z00376,H007,3610.02
Z00376,H008,8709.66
Z00376,H009,7975.29
Z00376,H010,9291.75
Z00376,H011,5898.72
Z00376,H012,1812.63
Z00376,H013,1720.84
Z00376,H014,4477.62
Z00376,H015,6526.98
Z00376,H016,4756.52
Z00376,H017,9389.14
Z00376,H018,303.05
Z00376,H019,6449.67
Z00376,H020,1837.54
Z00377,H001,1243.48
Z00377,H002,99.67
Z00377,H003,1024.27
Z00377,H004,4573.73
Z00377,H005,4367.64
Z00377,H006,5140.82
Z00377,H007,943.74
Z00377,H008,6549.67
Z00377,H009,5105.77
Z00377,H010,6653.76
Z00377,H011,2354.6
Z00377,H012,5983.02
Z00377,H013,5844.47
Z00377,H014,550.13
Z00377,H015,6500.03
Z00377,H016,622.68
Z00377,H017,6845.86
Z00377,H018,4603.38
Z00377,H019,2740.8
Z00377,H020,5353.58
Z00378,H001,5867.64
Z00378,H002,6480.99
Z00378,H003,5553.71
Z00378,H004,8982.8
Z00378,H005,6476.56
Z00378,H006,6649.32
Z00378,H007,6002.63
Z00378,H008,2496.08
Z00378,H009,3027.17
Z00378,H010,3114.16
Z00378,H011,8303.08
Z00378,H012,5670.25
Z00378,H013,7217.75
Z00378,H014,6041.48
Z00378,H015,88.63
Z00378,H016,6113.53
Z00378,H017,3110.59
Z00378,H018,6576.35
Z00378,H019,4675.54
Z00378,H020,4881.29
Z00379,H001,5625.96
Z00379,H002,4560.6
Z00379,H003,4621.45
Z00379,H004,2263.19
Z00379,H005,300.46
Z00379,H006,621.29
Z00379,H007,3859.44
Z00379,H008,8973.48
Z00379,H009,8275.1
Z00379,H010,9566.22
Z00379,H011,5989.52
Z00379,H012,1734.52
Z00379,H013,1434.82
Z00379,H014,4718.39
Z00379,H015,6736.35
Z00379,H016,4991.88
Z00379,H017,9655.16
Z00379,H018,167.47
Z00379,H019,6732.61
Z00379,H020,1942.6
Z00380,H001,1211.05
Z00380,H002,49.37
Z00380,H003,932.52
Z00380,H004,4619.98
Z00380,H005,4351.16
Z00380,H006,5129.66
Z00380,H007,875.32
Z00380,H008,6487.92
Z00380,H009,5047.29
Z00380,H010,6603.65
Z00380,H011,2437.13
Z00380,H012,5950.65
Z00380,H013,5847.74
Z00380,H014,468.2
Z00380,H015,6409.41
Z00380,H016,573.41
Z00380,H017,6795.62
Z00380,H018,4589.77
Z00380,H019,2691.33
Z00380,H020,5302.75
Z00381,H001,6152.5
Z00381,H002,5088.09
Z00381,H003,5138.74
Z00381,H004,2335.74
Z00381,H005,744.71
Z00381,H006,125.49
Z00381,H007,4383.94
Z00381,H008,9121.64
Z00381,H009,8616.34
Z00381,H010,9743.05
Z00381,H011,6438.08
Z00381,H012,1362.53
Z00381,H013,954.31
Z00381,H014,5245.34
Z00381,H015,6760.85
Z00381,H016,5519.63
Z00381,H017,9796.54
Z00381,H018,482.54
Z00381,H019,7228.77
Z00381,H020,1859.56
Z00382,H001,5635.94
Z00382,H002,6771.78
Z00382,H003,6175.52
Z00382,H004,11413.75
Z00382,H005,9372.27
Z00382,H006,9725.59
Z00382,H007,6972.56
Z00382,H008,688.48
Z00382,H009,1809.93
Z00382,H010,206.18
Z00382,H011,6935.5
Z00382,H012,8773.95
Z00382,H013,10317.96
Z00382,H014,6389.92
Z00382,H015,3077.66
Z00382,H016,6238.08
Z00382,H017,14.03
Z00382,H018,9540.24
Z00382,H019,4119.12
Z00382,H020,7969.09
Z00383,H001,6892.51
Z00383,H002,6001.03
Z00383,H003,5782.73
Z00383,H004,3635.16
Z00383,H005,1751.73
Z00383,H006,1253.31
Z00383,H007,5160.87
Z00383,H008,8143.47
Z00383,H009,8134.67
Z00383,H010,8765.34
Z00383,H011,7720.29
Z00383,H012,19.0
Z00383,H013,1566.5
Z00383,H014,6036.7
Z00383,H015,5691.16
Z00383,H016,6331.46
Z00383,H017,8755.38
Z00383,H018,1597.49
Z00383,H019,7564.0
Z00383,H020,1068.01
Z00384,H001,86.12
Z00384,H002,1246.92
Z00384,H003,1197.9
Z00384,H004,5881.51
Z00384,H005,5518.8
Z00384,H006,6317.9
Z00384,H007,1859.61
Z00384,H008,5314.83
Z00384,H009,3861.33
Z00384,H010,5359.81
Z00384,H011,2513.87
Z00384,H012,6975.53
Z00384,H013,7095.54
Z00384,H014,994.45
Z00384,H015,5768.0
Z00384,H016,737.3
Z00384,H017,5551.79
Z00384,H018,5770.48
Z00384,H019,1470.38
Z00384,H020,6151.46
Z00385,H001,6947.12
Z00385,H002,6047.32
Z00385,H003,5838.87
Z00385,H004,3612.35
Z00385,H005,1776.38
Z00385,H006,1249.68
Z00385,H007,5211.5
Z00385,H008,8190.11
Z00385,H009,8196.87
Z00385,H010,8810.45
Z00385,H011,7741.48
Z00385,H012,56.98
Z00385,H013,1522.47
Z00385,H014,6088.19
Z00385,H015,5737.22
Z00385,H016,6382.6
Z00385,H017,8797.4
Z00385,H018,1613.97
Z00385,H019,7628.86
Z00385,H020,1134.88
Z00386,H001,5474.6
Z00386,H002,6557.55
Z00386,H003,5865.41
Z00386,H004,11000.24
Z00386,H005,8757.23
Z00386,H006,9104.5
Z00386,H007,6630.34
Z00386,H008,105.22
Z00386,H009,1552.28
Z00386,H010,594.28
Z00386,H011,7095.12
Z00386,H012,8190.03
Z00386,H013,9737.41
Z00386,H014,6144.78
Z00386,H015,2480.4
Z00386,H016,6031.8
Z00386,H017,618.95
Z00386,H018,8919.53
Z00386,H019,3942.78
Z00386,H020,7353.31
Z00387,H001,5820.53
Z00387,H002,6474.67
Z00387,H003,5552.06
Z00387,H004,9128.91
Z00387,H005,6623.81
Z00387,H006,6809.34
Z00387,H007,6029.54
Z00387,H008,2329.05
Z00387,H009,2880.56
Z00387,H010,2947.72
Z00387,H011,8227.5
Z00387,H012,5836.61
Z00387,H013,7384.07
Z00387,H014,6031.33
Z00387,H015,141.04
Z00387,H016,6091.23
Z00387,H017,2945.67
Z00387,H018,6728.18
Z00387,H019,4590.82
Z00387,H020,5041.41
Z00388,H001,6846.93
Z00388,H002,5922.31
Z00388,H003,5745.54
Z00388,H004,3445.79
Z00388,H005,1616.55
Z00388,H006,1073.77
Z00388,H007,5099.32
Z00388,H008,8318.23
Z00388,H009,8264.42
Z00388,H010,8942.1
Z00388,H011,7575.26
Z00388,H012,171.43
Z00388,H013,1390.0
Z00388,H014,5977.99
Z00388,H015,5867.51
Z00388,H016,6271.07
Z00388,H017,8936.0
Z00388,H018,1445.98
Z00388,H019,7585.3
Z00388,H020,1165.83
Z00389,H001,2405.59
Z00389,H002,2259.25
Z00389,H003,3085.97
Z00389,H004,4744.1
Z00389,H005,5842.87
Z00389,H006,6446.02
Z00389,H007,3127.26
Z00389,H008,7027.21
Z00389,H009,5704.68
Z00389,H010,6787.88
Z00389,H011,154.09
Z00389,H012,7584.82
Z00389,H013,6787.54
Z00389,H014,2568.62
Z00389,H015,8131.52
Z00389,H016,2368.78
Z00389,H017,6952.96
Z00389,H018,6007.48
Z00389,H019,3572.28
Z00389,H020,7276.94
Z00390,H001,7085.89
Z00390,H002,5969.92
Z00390,H003,6123.39
Z00390,H004,2250.6
Z00390,H005,1772.39
Z00390,H006,1012.41
Z00390,H007,5342.49
Z00390,H008,9742.62
Z00390,H009,9559.17
Z00390,H010,10362.82
Z00390,H011,6919.02
Z00390,H012,1580.29
Z00390,H013,81.31
Z00390,H014,6179.3
Z00390,H015,7289.92
Z00390,H016,6438.56
Z00390,H017,10342.75
Z00390,H018,1511.2
Z00390,H019,8248.45
Z00390,H020,2505.9
Z00391,H001,6901.38
Z00391,H002,6017.17
Z00391,H003,5790.14
Z00391,H004,3675.05
Z00391,H005,1781.02
Z00391,H006,1291.33
Z00391,H007,5173.59
Z00391,H008,8106.33
Z00391,H009,8106.59
Z00391,H010,8727.78
Z00391,H011,7750.29
Z00391,H012,58.37
Z00391,H013,1604.24
Z00391,H014,6048.58
Z00391,H015,5653.81
Z00391,H016,6343.62
Z00391,H017,8717.07
Z00391,H018,1630.07
Z00391,H019,7558.54
Z00391,H020,1050.0
Z00392,H001,5543.55
Z00392,H002,6687.05
Z00392,H003,6114.9
Z00392,H004,11344.3
Z00392,H005,9435.83
Z00392,H006,9823.72
Z00392,H007,6917.98
Z00392,H008,772.37
Z00392,H009,1762.36
Z00392,H010,168.9
Z00392,H011,6794.71
Z00392,H012,8900.56
Z00392,H013,10447.08
Z00392,H014,6313.08
Z00392,H015,3196.32
Z00392,H016,6153.18
Z00392,H017,142.91
Z00392,H018,9613.64
Z00392,H019,4034.68
Z00392,H020,8075.75
Z00393,H001,7028.64
Z00393,H002,5915.5
Z00393,H003,6062.42
Z00393,H004,2245.29
Z00393,H005,1708.18
Z00393,H006,948.14
Z00393,H007,5282.98
Z00393,H008,9708.36
Z00393,H009,9500.97
Z00393,H010,10331.08
Z00393,H011,6891.4
Z00393,H012,1546.78
Z00393,H013,19.02
Z00393,H014,6121.65
Z00393,H015,7256.79
Z00393,H016,6381.99
Z00393,H017,10316.53
Z00393,H018,1446.89
Z00393,H019,8185.28
Z00393,H020,2457.43
Z00394,H001,5475.04
Z00394,H002,4440.66
Z00394,H003,4444.46
Z00394,H004,2492.4
Z00394,H005,43.32
Z00394,H006,761.64
Z00394,H007,3701.96
Z00394,H008,8711.03
Z00394,H009,8013.55
Z00394,H010,9300.87
Z00394,H011,5997.59
Z00394,H012,1713.17
Z00394,H013,1648.18
Z00394,H014,4571.23
Z00394,H015,6498.5
Z00394,H016,4851.14
Z00394,H017,9392.2
Z00394,H018,219.04
Z00394,H019,6527.47
Z00394,H020,1768.65
Z00395,H001,50.65
Z00395,H002,1190.25
Z00395,H003,1169.32
Z00395,H004,5823.07
Z00395,H005,5473.55
Z00395,H006,6271.74
Z00395,H007,1815.52
Z00395,H008,5372.45
Z00395,H009,3918.93
Z00395,H010,5418.34
Z00395,H011,2483.66
Z00395,H012,6940.44
Z00395,H013,7045.04
Z00395,H014,946.33
Z00395,H015,5808.98
Z00395,H016,684.15
Z00395,H017,5610.31
Z00395,H018,5724.52
Z00395,H019,1527.97
Z00395,H020,6125.28
Z00396,H001,607.81
Z00396,H002,578.15
Z00396,H003,744.58
Z00396,H004,5237.49
Z00396,H005,4850.95
Z00396,H006,5645.08
Z00396,H007,1209.26
Z00396,H008,5888.84
Z00396,H009,4442.17
Z00396,H010,5988.11
Z00396,H011,2509.32
Z00396,H012,6367.32
Z00396,H013,6406.99
Z00396,H014,330.81
Z00396,H015,6010.35
Z00396,H016,45.54
Z00396,H017,6180.19
Z00396,H018,5099.0
Z00396,H019,2075.12
Z00396,H020,5615.45
Z00397,H001,5496.58
Z00397,H002,6626.52
Z00397,H003,6018.57
Z00397,H004,11255.8
Z00397,H005,9231.0
Z00397,H006,9611.93
Z00397,H007,6813.31
Z00397,H008,560.59
Z00397,H009,1650.83
Z00397,H010,105.08
Z00397,H011,6861.91
Z00397,H012,8698.52
Z00397,H013,10245.95
Z00397,H014,6240.24
Z00397,H015,2990.85
Z00397,H016,6093.21
Z00397,H017,152.88
Z00397,H018,9405.5
Z00397,H019,3975.18
Z00397,H020,7864.98
Z00398,H001,658.63
Z00398,H002,543.7
Z00398,H003,699.05
Z00398,H004,5201.03
Z00398,H005,4794.2
Z00398,H006,5588.83
Z00398,H007,1151.02
Z00398,H008,5915.37
Z00398,H009,4470.74
Z00398,H010,6022.47
Z00398,H011,2543.94
Z00398,H012,6308.9
Z00398,H013,6353.4
Z00398,H014,272.38
Z00398,H015,6001.65
Z00398,H016,36.38
Z00398,H017,6214.46
Z00398,H018,5042.58
Z00398,H019,2110.07
Z00398,H020,5557.94
Z00399,H001,911.09
Z00399,H002,468.16
Z00399,H003,503.12
Z00399,H004,5039.78
Z00399,H005,4524.75
Z00399,H006,5322.11
Z00399,H007,872.44
Z00399,H008,6029.86
Z00399,H009,4599.17
Z00399,H010,6175.64
Z00399,H011,2732.72
Z00399,H012,6027.52
Z00399,H013,6101.3
Z00399,H014,20.3
Z00399,H015,5944.77
Z00399,H016,307.72
Z00399,H017,6366.8
Z00399,H018,4775.04
Z00399,H019,2279.11
Z00399,H020,5277.9
Z00400,H001,6890.96
Z00400,H002,5994.99
Z00400,H003,5782.13
Z00400,H004,3611.66
Z00400,H005,1737.19
Z00400,H006,1232.02
Z00400,H007,5157.01
Z00400,H008,8166.9
Z00400,H009,8154.01
Z00400,H010,8788.92
Z00400,H011,7704.98
Z00400,H012,5.75
Z00400,H013,1542.87
Z00400,H014,6033.32
Z00400,H015,5714.67
Z00400,H016,6327.89
Z00400,H017,8779.19
Z00400,H018,1580.59
Z00400,H019,7570.97
Z00400,H020,1082.6
