t_seconds,phase,depth,rss_mb,batch_id
0.0004,data_load,1,103.277,
0.1071,data_load,1,114.773,
0.1075,batch_build,1,114.773,
0.1610,batch_build,1,116.027,
0.1666,preflight,1,116.027,
0.5259,preflight,1,132.695,
1.0516,preflight,1,158.410,
1.2664,preflight.pyqubo_express,2,166.660,
1.4754,preflight.pyqubo_express,2,167.949,
1.4757,preflight.pyqubo_compile,2,167.949,
1.6058,preflight.pyqubo_compile,2,318.293,
1.6059,preflight.pyqubo_compile,2,318.293,
1.6332,preflight.to_qubo,2,318.293,
1.7933,preflight.to_qubo,2,351.016,
1.8936,preflight,1,330.758,
1.9798,solve,1,330.480,
2.1416,solve,1,330.480,
2.6622,solve,1,330.480,
3.0936,solve.pyqubo_express,2,336.148,
3.3051,solve.pyqubo_express,2,337.438,
3.3052,solve.pyqubo_express,2,337.438,
3.3054,solve.pyqubo_compile,2,337.438,
3.4434,solve.pyqubo_compile,2,487.785,
3.4716,solve.to_qubo,2,487.785,
3.6359,solve.to_qubo,2,516.918,
3.6468,solve,1,516.918,
3.6479,solve,1,516.918,
3.6486,solve.va_model_build,2,516.918,
5.6430,solve.va_model_build,2,518.465,
5.6773,solve.va_model_build,2,699.191,
5.6775,solve.va_sample,2,699.191,
6.1433,solve.va_sample,2,699.965,
6.6435,solve.va_sample,2,699.965,
7.1438,solve.va_sample,2,699.965,
7.6441,solve.va_sample,2,699.965,
8.1443,solve.va_sample,2,699.965,
8.6446,solve.va_sample,2,699.965,
9.1448,solve.va_sample,2,699.965,
9.6451,solve.va_sample,2,699.965,
10.1453,solve.va_sample,2,699.965,
10.6456,solve.va_sample,2,699.965,
11.1458,solve.va_sample,2,699.965,
11.6460,solve.va_sample,2,699.965,
12.1463,solve.va_sample,2,699.965,
12.6465,solve.va_sample,2,699.965,
13.1468,solve.va_sample,2,699.965,
13.6470,solve.va_sample,2,699.965,
14.1473,solve.va_sample,2,699.965,
14.6475,solve.va_sample,2,699.965,
15.1478,solve.va_sample,2,699.965,
15.6480,solve.va_sample,2,699.965,
16.1483,solve.va_sample,2,699.965,
16.6485,solve.va_sample,2,699.965,
17.1487,solve.va_sample,2,699.965,
17.6490,solve.va_sample,2,699.965,
18.1492,solve.va_sample,2,699.965,
18.6495,solve.va_sample,2,699.965,
19.1497,solve.va_sample,2,699.965,
19.6500,solve.va_sample,2,699.965,
20.1502,solve.va_sample,2,699.965,
20.6505,solve.va_sample,2,699.965,
21.1507,solve.va_sample,2,699.965,
21.6510,solve.va_sample,2,699.965,
22.1512,solve.va_sample,2,699.965,
22.6515,solve.va_sample,2,699.965,
23.1517,solve.va_sample,2,699.965,
23.6519,solve.va_sample,2,699.965,
24.1522,solve.va_sample,2,699.965,
24.6524,solve.va_sample,2,699.965,
25.1527,solve.va_sample,2,699.965,
25.6529,solve.va_sample,2,699.965,
26.1531,solve.va_sample,2,699.965,
26.6534,solve.va_sample,2,699.965,
27.1536,solve.va_sample,2,699.965,
27.6539,solve.va_sample,2,699.965,
28.1541,solve.va_sample,2,699.965,
28.6543,solve.va_sample,2,699.965,
29.1546,solve.va_sample,2,699.965,
29.6548,solve.va_sample,2,699.965,
30.1550,solve.va_sample,2,699.965,
30.6553,solve.va_sample,2,699.965,
31.1555,solve.va_sample,2,699.965,
31.6558,solve.va_sample,2,699.965,
32.1560,solve.va_sample,2,699.965,
32.6563,solve.va_sample,2,699.965,
33.1565,solve.va_sample,2,699.965,
33.6568,solve.va_sample,2,699.965,
34.1570,solve.va_sample,2,699.965,
34.6572,solve.va_sample,2,699.965,
35.1575,solve.va_sample,2,699.965,
35.6577,solve.va_sample,2,699.965,
36.1580,solve.va_sample,2,699.965,
36.6582,solve.va_sample,2,699.965,
37.1584,solve.va_sample,2,699.965,
37.6587,solve.va_sample,2,699.965,
38.1589,solve.va_sample,2,699.965,
38.6592,solve.va_sample,2,699.965,
39.1594,solve.va_sample,2,699.965,
39.6597,solve.va_sample,2,699.965,
40.1599,solve.va_sample,2,699.965,
40.6601,solve.va_sample,2,699.965,
41.1604,solve.va_sample,2,699.965,
41.6606,solve.va_sample,2,699.965,
42.1608,solve.va_sample,2,699.965,
42.6611,solve.va_sample,2,699.965,
43.1613,solve.va_sample,2,699.965,
43.6616,solve.va_sample,2,699.965,
44.1618,solve.va_sample,2,699.965,
44.6620,solve.va_sample,2,699.965,
45.1623,solve.va_sample,2,699.965,
45.6625,solve.va_sample,2,699.965,
46.1628,solve.va_sample,2,699.965,
46.6630,solve.va_sample,2,699.965,
47.1633,solve.va_sample,2,699.965,
47.6635,solve.va_sample,2,699.965,
48.1637,solve.va_sample,2,699.965,
48.6640,solve.va_sample,2,699.965,
49.1642,solve.va_sample,2,699.965,
49.6644,solve.va_sample,2,699.965,
50.1647,solve.va_sample,2,699.965,
50.6649,solve.va_sample,2,699.965,
51.1652,solve.va_sample,2,699.965,
51.6654,solve.va_sample,2,699.965,
52.1657,solve.va_sample,2,699.965,
52.6659,solve.va_sample,2,699.965,
53.1662,solve.va_sample,2,699.965,
53.6664,solve.va_sample,2,699.965,
54.1667,solve.va_sample,2,699.965,
54.6670,solve.va_sample,2,699.965,
55.1673,solve.va_sample,2,699.965,
55.6675,solve.va_sample,2,699.965,
56.1678,solve.va_sample,2,699.965,
56.6680,solve.va_sample,2,699.965,
57.1683,solve.va_sample,2,699.965,
57.6685,solve.va_sample,2,699.965,
58.1688,solve.va_sample,2,699.965,
58.6690,solve.va_sample,2,699.965,
59.1693,solve.va_sample,2,699.965,
59.6695,solve.va_sample,2,699.965,
60.1698,solve.va_sample,2,699.965,
60.6700,solve.va_sample,2,699.965,
61.1702,solve.va_sample,2,699.965,
61.6705,solve.va_sample,2,699.965,
62.1707,solve.va_sample,2,699.965,
62.6710,solve.va_sample,2,699.965,
63.1712,solve.va_sample,2,699.965,
63.6714,solve.va_sample,2,699.965,
64.1717,solve.va_sample,2,699.965,
64.6719,solve.va_sample,2,699.965,
65.1722,solve.va_sample,2,699.965,
65.6724,solve.va_sample,2,699.965,
66.1726,solve.va_sample,2,699.965,
66.6729,solve.va_sample,2,699.965,
67.1731,solve.va_sample,2,699.965,
67.6734,solve.va_sample,2,699.965,
68.1736,solve.va_sample,2,699.965,
68.6738,solve.va_sample,2,699.965,
69.1741,solve.va_sample,2,699.965,
69.6743,solve.va_sample,2,699.965,
70.1745,solve.va_sample,2,699.965,
70.6748,solve.va_sample,2,699.965,
71.1750,solve.va_sample,2,699.965,
71.6753,solve.va_sample,2,699.965,
72.1755,solve.va_sample,2,699.965,
72.6758,solve.va_sample,2,699.965,
73.1760,solve.va_sample,2,699.965,
73.6762,solve.va_sample,2,699.965,
74.1765,solve.va_sample,2,699.965,
74.6767,solve.va_sample,2,699.965,
75.1770,solve.va_sample,2,699.965,
75.6772,solve.va_sample,2,699.965,
76.1775,solve.va_sample,2,699.965,
76.6777,solve.va_sample,2,699.965,
77.1780,solve.va_sample,2,699.965,
77.6782,solve.va_sample,2,699.965,
78.1785,solve.va_sample,2,699.965,
78.6787,solve.va_sample,2,699.965,
79.1789,solve.va_sample,2,699.965,
79.6792,solve.va_sample,2,699.965,
80.1794,solve.va_sample,2,699.965,
80.6797,solve.va_sample,2,699.965,
81.1799,solve.va_sample,2,699.965,
81.6801,solve.va_sample,2,699.965,
82.1804,solve.va_sample,2,699.965,
82.6807,solve.va_sample,2,699.965,
83.1809,solve.va_sample,2,699.965,
83.6812,solve.va_sample,2,699.965,
84.1814,solve.va_sample,2,699.965,
84.6816,solve.va_sample,2,699.965,
85.1819,solve.va_sample,2,699.965,
85.6821,solve.va_sample,2,699.965,
86.1824,solve.va_sample,2,699.965,
86.6826,solve.va_sample,2,699.965,
87.1828,solve.va_sample,2,699.965,
87.6831,solve.va_sample,2,699.965,
88.1833,solve.va_sample,2,699.965,
88.6835,solve.va_sample,2,699.965,
89.1838,solve.va_sample,2,699.965,
89.6840,solve.va_sample,2,699.965,
90.1842,solve.va_sample,2,699.965,
90.6845,solve.va_sample,2,699.965,
91.1847,solve.va_sample,2,699.965,
91.6849,solve.va_sample,2,699.965,
92.1852,solve.va_sample,2,699.965,
92.6854,solve.va_sample,2,699.965,
93.1857,solve.va_sample,2,699.965,
93.6859,solve.va_sample,2,699.965,
94.1862,solve.va_sample,2,699.965,
94.6864,solve.va_sample,2,699.965,
95.1867,solve.va_sample,2,699.965,
95.6869,solve.va_sample,2,699.965,
96.1871,solve.va_sample,2,699.965,
96.6874,solve.va_sample,2,699.965,
97.1876,solve.va_sample,2,699.965,
97.6879,solve.va_sample,2,699.965,
98.1881,solve.va_sample,2,699.965,
98.6883,solve.va_sample,2,699.965,
99.1886,solve.va_sample,2,699.965,
99.6888,solve.va_sample,2,699.965,
100.1891,solve.va_sample,2,699.965,
100.6894,solve.va_sample,2,699.965,
101.1897,solve.va_sample,2,699.965,
101.6899,solve.va_sample,2,699.965,
102.1902,solve.va_sample,2,699.965,
102.6904,solve.va_sample,2,699.965,
103.1907,solve.va_sample,2,699.965,
103.6909,solve.va_sample,2,699.965,
104.1911,solve.va_sample,2,699.965,
104.6914,solve.va_sample,2,699.965,
105.1917,solve.va_sample,2,699.965,
105.6919,solve.va_sample,2,699.965,
106.1922,solve.va_sample,2,699.965,
106.6924,solve.va_sample,2,699.965,
107.1927,solve.va_sample,2,699.965,
107.6930,solve.va_sample,2,699.965,
108.1932,solve.va_sample,2,699.965,
108.6935,solve.va_sample,2,699.965,
109.1938,solve.va_sample,2,699.965,
109.6941,solve.va_sample,2,699.965,
110.1943,solve.va_sample,2,699.965,
110.6946,solve.va_sample,2,699.965,
111.1948,solve.va_sample,2,699.965,
111.6951,solve.va_sample,2,699.965,
112.1953,solve.va_sample,2,699.965,
112.6956,solve.va_sample,2,699.965,
113.1959,solve.va_sample,2,699.965,
113.6961,solve.va_sample,2,699.965,
114.1963,solve.va_sample,2,699.965,
114.6966,solve.va_sample,2,699.965,
115.1969,solve.va_sample,2,699.965,
115.6971,solve.va_sample,2,699.965,
116.1974,solve.va_sample,2,699.965,
116.6976,solve.va_sample,2,699.965,
117.1978,solve.va_sample,2,699.965,
117.6981,solve.va_sample,2,699.965,
118.1983,solve.va_sample,2,699.965,
118.6986,solve.va_sample,2,699.965,
119.1988,solve.va_sample,2,699.965,
119.6990,solve.va_sample,2,699.965,
120.1993,solve.va_sample,2,699.965,
120.6995,solve.va_sample,2,699.965,
121.1998,solve.va_sample,2,699.965,
121.7000,solve.va_sample,2,699.965,
122.2003,solve.va_sample,2,699.965,
122.7005,solve.va_sample,2,699.965,
123.2008,solve.va_sample,2,699.965,
123.7010,solve.va_sample,2,699.965,
124.2013,solve.va_sample,2,699.965,
124.7016,solve.va_sample,2,699.965,
125.2018,solve.va_sample,2,699.965,
125.7021,solve.va_sample,2,699.965,
126.2023,solve.va_sample,2,699.965,
126.7026,solve.va_sample,2,699.965,
127.2028,solve.va_sample,2,699.965,
127.7031,solve.va_sample,2,699.965,
128.2033,solve.va_sample,2,699.965,
128.7036,solve.va_sample,2,699.965,
129.2038,solve.va_sample,2,699.965,
129.7041,solve.va_sample,2,699.965,
130.2043,solve.va_sample,2,699.965,
130.7045,solve.va_sample,2,699.965,
131.2048,solve.va_sample,2,699.965,
131.7050,solve.va_sample,2,699.965,
132.2053,solve.va_sample,2,699.965,
132.7055,solve.va_sample,2,699.965,
133.2058,solve.va_sample,2,699.965,
133.7060,solve.va_sample,2,699.965,
134.2062,solve.va_sample,2,699.965,
134.7065,solve.va_sample,2,699.965,
135.2067,solve.va_sample,2,699.965,
135.7069,solve.va_sample,2,699.965,
136.2072,solve.va_sample,2,699.965,
136.7074,solve.va_sample,2,699.965,
137.2076,solve.va_sample,2,699.965,
137.7079,solve.va_sample,2,699.965,
138.2081,solve.va_sample,2,699.965,
138.7084,solve.va_sample,2,699.965,
139.2087,solve.va_sample,2,699.965,
139.7089,solve.va_sample,2,699.965,
140.2091,solve.va_sample,2,699.965,
140.7094,solve.va_sample,2,699.965,
141.2096,solve.va_sample,2,699.965,
141.7099,solve.va_sample,2,699.965,
142.2101,solve.va_sample,2,699.965,
142.7103,solve.va_sample,2,699.965,
143.2106,solve.va_sample,2,699.965,
143.7108,solve.va_sample,2,699.965,
144.2111,solve.va_sample,2,699.965,
144.7113,solve.va_sample,2,699.965,
145.2116,solve.va_sample,2,699.965,
145.7118,solve.va_sample,2,699.965,
146.2121,solve.va_sample,2,699.965,
146.7123,solve.va_sample,2,699.965,
147.2125,solve.va_sample,2,699.965,
147.7128,solve.va_sample,2,699.965,
148.2130,solve.va_sample,2,699.965,
148.7133,solve.va_sample,2,699.965,
149.2135,solve.va_sample,2,699.965,
149.7137,solve.va_sample,2,699.965,
150.2140,solve.va_sample,2,699.965,
150.7142,solve.va_sample,2,699.965,
151.2145,solve.va_sample,2,699.965,
151.7147,solve.va_sample,2,699.965,
152.2150,solve.va_sample,2,699.965,
152.7152,solve.va_sample,2,699.965,
153.2154,solve.va_sample,2,699.965,
153.7157,solve.va_sample,2,699.965,
154.2159,solve.va_sample,2,699.965,
154.7161,solve.va_sample,2,699.965,
155.2164,solve.va_sample,2,699.965,
155.7166,solve.va_sample,2,699.965,
156.2168,solve.va_sample,2,699.965,
156.7171,solve.va_sample,2,699.965,
157.2174,solve.va_sample,2,699.965,
157.7176,solve.va_sample,2,699.965,
158.2178,solve.va_sample,2,699.965,
158.7181,solve.va_sample,2,699.965,
159.2183,solve.va_sample,2,699.965,
159.7186,solve.va_sample,2,699.965,
160.2188,solve.va_sample,2,699.965,
160.7190,solve.va_sample,2,699.965,
161.2193,solve.va_sample,2,699.965,
161.7196,solve.va_sample,2,699.965,
162.2198,solve.va_sample,2,699.965,
162.7201,solve.va_sample,2,699.965,
163.2203,solve.va_sample,2,699.965,
163.7206,solve.va_sample,2,699.965,
164.2208,solve.va_sample,2,699.965,
164.7210,solve.va_sample,2,699.965,
165.2213,solve.va_sample,2,699.965,
165.7215,solve.va_sample,2,699.965,
166.2218,solve.va_sample,2,699.965,
166.7220,solve.va_sample,2,699.965,
167.2223,solve.va_sample,2,699.965,
167.7225,solve.va_sample,2,699.965,
168.2228,solve.va_sample,2,699.965,
168.7230,solve.va_sample,2,699.965,
169.2232,solve.va_sample,2,699.965,
169.7235,solve.va_sample,2,699.965,
170.2237,solve.va_sample,2,699.965,
170.7240,solve.va_sample,2,699.965,
171.2242,solve.va_sample,2,699.965,
171.7244,solve.va_sample,2,699.965,
172.2247,solve.va_sample,2,699.965,
172.7249,solve.va_sample,2,699.965,
173.2252,solve.va_sample,2,699.965,
173.7255,solve.va_sample,2,699.965,
174.2258,solve.va_sample,2,699.965,
174.7260,solve.va_sample,2,699.965,
175.2263,solve.va_sample,2,699.965,
175.7265,solve.va_sample,2,699.965,
176.2268,solve.va_sample,2,699.965,
176.7270,solve.va_sample,2,699.965,
177.2273,solve.va_sample,2,699.965,
177.7275,solve.va_sample,2,699.965,
178.2278,solve.va_sample,2,699.965,
178.7281,solve.va_sample,2,699.965,
179.2283,solve.va_sample,2,699.965,
179.7286,solve.va_sample,2,699.965,
180.2288,solve.va_sample,2,699.965,
180.7291,solve.va_sample,2,699.965,
181.2293,solve.va_sample,2,699.965,
181.7296,solve.va_sample,2,699.965,
182.2298,solve.va_sample,2,699.965,
182.7301,solve.va_sample,2,699.965,
183.2304,solve.va_sample,2,699.965,
183.7306,solve.va_sample,2,699.965,
184.2309,solve.va_sample,2,699.965,
184.7311,solve.va_sample,2,699.965,
185.2313,solve.va_sample,2,699.965,
185.7316,solve.va_sample,2,699.965,
186.2318,solve.va_sample,2,699.965,
186.7321,solve.va_sample,2,699.965,
187.2323,solve.va_sample,2,699.965,
187.7325,solve.va_sample,2,699.965,
188.2328,solve.va_sample,2,699.965,
188.7330,solve.va_sample,2,699.965,
189.2333,solve.va_sample,2,699.965,
189.7335,solve.va_sample,2,699.965,
190.2337,solve.va_sample,2,699.965,
190.7340,solve.va_sample,2,699.965,
191.2342,solve.va_sample,2,699.965,
191.7345,solve.va_sample,2,699.965,
192.2347,solve.va_sample,2,699.965,
192.7350,solve.va_sample,2,699.965,
193.2352,solve.va_sample,2,699.965,
193.7354,solve.va_sample,2,699.965,
194.2357,solve.va_sample,2,699.965,
194.7359,solve.va_sample,2,699.965,
195.2361,solve.va_sample,2,699.965,
195.7364,solve.va_sample,2,699.965,
196.2366,solve.va_sample,2,699.965,
196.7368,solve.va_sample,2,699.965,
197.2371,solve.va_sample,2,699.965,
197.7373,solve.va_sample,2,699.965,
198.2375,solve.va_sample,2,699.965,
198.7378,solve.va_sample,2,699.965,
199.2380,solve.va_sample,2,699.965,
199.7382,solve.va_sample,2,699.965,
200.2385,solve.va_sample,2,699.965,
200.7387,solve.va_sample,2,699.965,
201.2389,solve.va_sample,2,699.965,
201.7392,solve.va_sample,2,699.965,
202.2394,solve.va_sample,2,699.965,
202.7396,solve.va_sample,2,699.965,
203.2398,solve.va_sample,2,699.965,
203.7401,solve.va_sample,2,699.965,
204.2403,solve.va_sample,2,699.965,
204.7405,solve.va_sample,2,699.965,
205.2408,solve.va_sample,2,699.965,
205.7410,solve.va_sample,2,699.965,
206.2412,solve.va_sample,2,699.965,
206.7415,solve.va_sample,2,699.965,
207.2417,solve.va_sample,2,699.965,
207.7419,solve.va_sample,2,699.965,
208.2422,solve.va_sample,2,699.965,
208.7424,solve.va_sample,2,699.965,
209.2426,solve.va_sample,2,699.965,
209.7429,solve.va_sample,2,699.965,
210.2431,solve.va_sample,2,699.965,
210.7434,solve.va_sample,2,699.965,
211.2436,solve.va_sample,2,699.965,
211.7438,solve.va_sample,2,699.965,
212.2440,solve.va_sample,2,699.965,
212.7443,solve.va_sample,2,699.965,
213.2445,solve.va_sample,2,699.965,
213.7448,solve.va_sample,2,699.965,
214.2451,solve.va_sample,2,699.965,
214.7453,solve.va_sample,2,699.965,
215.2455,solve.va_sample,2,699.965,
215.7458,solve.va_sample,2,699.965,
216.2460,solve.va_sample,2,699.965,
216.7463,solve.va_sample,2,699.965,
217.2465,solve.va_sample,2,699.965,
217.7467,solve.va_sample,2,699.965,
218.2470,solve.va_sample,2,699.965,
218.7472,solve.va_sample,2,699.965,
219.2475,solve.va_sample,2,699.965,
219.7477,solve.va_sample,2,699.965,
220.2479,solve.va_sample,2,699.965,
220.7482,solve.va_sample,2,699.965,
221.2484,solve.va_sample,2,699.965,
221.7486,solve.va_sample,2,699.965,
222.2488,solve.va_sample,2,699.965,
222.7491,solve.va_sample,2,699.965,
223.2493,solve.va_sample,2,699.965,
223.7495,solve.va_sample,2,699.965,
224.2497,solve.va_sample,2,699.965,
224.7500,solve.va_sample,2,699.965,
225.2502,solve.va_sample,2,699.965,
225.7505,solve.va_sample,2,699.965,
226.2507,solve.va_sample,2,699.965,
226.7509,solve.va_sample,2,699.965,
227.2512,solve.va_sample,2,699.965,
227.7514,solve.va_sample,2,699.965,
228.2516,solve.va_sample,2,699.965,
228.7519,solve.va_sample,2,699.965,
229.2521,solve.va_sample,2,699.965,
229.7523,solve.va_sample,2,699.965,
230.2526,solve.va_sample,2,699.965,
230.7528,solve.va_sample,2,699.965,
231.2530,solve.va_sample,2,699.965,
231.7533,solve.va_sample,2,699.965,
232.2535,solve.va_sample,2,699.965,
232.7537,solve.va_sample,2,699.965,
233.2540,solve.va_sample,2,699.965,
233.7542,solve.va_sample,2,699.965,
234.2545,solve.va_sample,2,699.965,
234.7547,solve.va_sample,2,699.965,
235.2549,solve.va_sample,2,699.965,
235.7552,solve.va_sample,2,699.965,
236.2554,solve.va_sample,2,699.965,
236.7557,solve.va_sample,2,699.965,
237.2559,solve.va_sample,2,699.965,
237.7561,solve.va_sample,2,699.965,
238.2564,solve.va_sample,2,699.965,
238.7566,solve.va_sample,2,699.965,
239.2568,solve.va_sample,2,699.965,
239.7571,solve.va_sample,2,700.219,
240.2573,solve.va_sample,2,700.219,
240.7576,solve.va_sample,2,700.219,
241.2578,solve.va_sample,2,700.219,
241.7580,solve.va_sample,2,700.219,
242.2583,solve.va_sample,2,700.219,
242.7585,solve.va_sample,2,700.219,
243.2587,solve.va_sample,2,700.219,
243.7590,solve.va_sample,2,700.219,
244.2592,solve.va_sample,2,700.219,
244.7594,solve.va_sample,2,700.219,
245.2597,solve.va_sample,2,700.219,
245.7599,solve.va_sample,2,700.219,
246.2601,solve.va_sample,2,700.219,
246.7604,solve.va_sample,2,700.219,
247.2606,solve.va_sample,2,700.219,
247.7609,solve.va_sample,2,700.219,
248.2611,solve.va_sample,2,700.219,
248.7613,solve.va_sample,2,700.219,
249.2616,solve.va_sample,2,700.219,
249.7618,solve.va_sample,2,700.219,
250.2620,solve.va_sample,2,700.219,
250.7623,solve.va_sample,2,700.219,
251.2625,solve.va_sample,2,700.219,
251.7628,solve.va_sample,2,700.219,
252.2630,solve.va_sample,2,700.219,
252.7632,solve.va_sample,2,700.219,
253.2635,solve.va_sample,2,700.219,
253.7637,solve.va_sample,2,700.219,
254.2639,solve.va_sample,2,700.219,
254.7642,solve.va_sample,2,700.219,
255.2644,solve.va_sample,2,700.219,
255.7646,solve.va_sample,2,700.219,
256.2649,solve.va_sample,2,700.219,
256.7651,solve.va_sample,2,700.219,
257.2653,solve.va_sample,2,700.219,
257.7656,solve.va_sample,2,700.219,
258.2658,solve.va_sample,2,700.219,
258.7660,solve.va_sample,2,700.219,
259.2663,solve.va_sample,2,700.219,
259.7665,solve.va_sample,2,700.219,
260.2667,solve.va_sample,2,700.219,
260.7669,solve.va_sample,2,700.219,
261.2672,solve.va_sample,2,700.219,
261.7674,solve.va_sample,2,700.219,
262.2676,solve.va_sample,2,700.219,
262.7679,solve.va_sample,2,700.219,
263.2681,solve.va_sample,2,700.219,
263.7683,solve.va_sample,2,700.219,
264.2686,solve.va_sample,2,700.219,
264.7688,solve.va_sample,2,700.219,
265.2690,solve.va_sample,2,700.219,
265.7693,solve.va_sample,2,700.219,
266.2696,solve.va_sample,2,700.219,
266.7698,solve.va_sample,2,700.219,
267.2700,solve.va_sample,2,700.219,
267.7703,solve.va_sample,2,700.219,
268.2705,solve.va_sample,2,700.219,
268.7707,solve.va_sample,2,700.219,
269.2710,solve.va_sample,2,700.219,
269.7712,solve.va_sample,2,700.219,
270.2715,solve.va_sample,2,700.219,
270.7717,solve.va_sample,2,700.219,
271.2719,solve.va_sample,2,700.219,
271.7722,solve.va_sample,2,700.219,
272.2724,solve.va_sample,2,700.219,
272.7727,solve.va_sample,2,700.219,
273.2729,solve.va_sample,2,700.219,
273.7731,solve.va_sample,2,700.219,
274.2733,solve.va_sample,2,700.219,
274.7736,solve.va_sample,2,700.219,
275.2738,solve.va_sample,2,700.219,
275.7740,solve.va_sample,2,700.219,
276.2743,solve.va_sample,2,700.219,
276.7745,solve.va_sample,2,700.219,
277.2748,solve.va_sample,2,700.219,
277.7750,solve.va_sample,2,700.219,
278.2752,solve.va_sample,2,700.219,
278.7755,solve.va_sample,2,700.219,
279.2757,solve.va_sample,2,700.219,
279.7759,solve.va_sample,2,700.219,
280.2762,solve.va_sample,2,700.219,
280.7764,solve.va_sample,2,700.219,
281.2767,solve.va_sample,2,700.219,
281.7769,solve.va_sample,2,700.219,
282.2771,solve.va_sample,2,700.219,
282.7773,solve.va_sample,2,700.219,
283.2776,solve.va_sample,2,700.219,
283.7778,solve.va_sample,2,700.219,
284.2780,solve.va_sample,2,700.219,
284.7783,solve.va_sample,2,700.219,
285.2785,solve.va_sample,2,700.219,
285.7787,solve.va_sample,2,700.219,
286.2790,solve.va_sample,2,700.219,
286.7792,solve.va_sample,2,700.219,
287.2795,solve.va_sample,2,700.219,
287.7797,solve.va_sample,2,700.219,
288.2799,solve.va_sample,2,700.219,
288.7802,solve.va_sample,2,700.219,
289.2804,solve.va_sample,2,700.219,
289.7807,solve.va_sample,2,700.219,
290.2809,solve.va_sample,2,700.219,
290.7811,solve.va_sample,2,700.219,
291.2813,solve.va_sample,2,700.219,
291.7816,solve.va_sample,2,700.219,
292.2818,solve.va_sample,2,700.219,
292.7821,solve.va_sample,2,700.219,
293.2823,solve.va_sample,2,700.219,
293.7825,solve.va_sample,2,700.219,
294.2828,solve.va_sample,2,700.219,
294.7830,solve.va_sample,2,700.219,
295.2833,solve.va_sample,2,700.219,
295.7835,solve.va_sample,2,700.219,
296.2837,solve.va_sample,2,700.219,
296.7840,solve.va_sample,2,700.219,
297.2842,solve.va_sample,2,700.219,
297.7844,solve.va_sample,2,700.219,
298.2847,solve.va_sample,2,700.219,
298.7849,solve.va_sample,2,700.219,
299.2851,solve.va_sample,2,700.219,
299.7854,solve.va_sample,2,700.219,
300.2856,solve.va_sample,2,700.219,
300.7859,solve.va_sample,2,700.219,
301.2861,solve.va_sample,2,700.219,
301.7863,solve.va_sample,2,700.219,
302.2866,solve.va_sample,2,700.219,
302.7868,solve.va_sample,2,700.219,
303.2870,solve.va_sample,2,700.219,
303.7873,solve.va_sample,2,700.219,
304.2875,solve.va_sample,2,700.219,
304.7878,solve.va_sample,2,700.219,
305.2880,solve.va_sample,2,700.219,
305.7882,solve.va_sample,2,700.219,
306.2885,solve.va_sample,2,700.219,
306.7887,solve.va_sample,2,700.219,
307.2889,solve.va_sample,2,700.219,
307.7892,solve.va_sample,2,700.219,
308.2894,solve.va_sample,2,700.219,
308.7897,solve.va_sample,2,700.219,
309.2899,solve.va_sample,2,700.219,
309.7901,solve.va_sample,2,700.219,
310.2904,solve.va_sample,2,700.219,
310.7906,solve.va_sample,2,700.219,
311.2908,solve.va_sample,2,700.219,
311.7911,solve.va_sample,2,700.219,
312.2913,solve.va_sample,2,700.219,
312.7915,solve.va_sample,2,700.219,
313.2918,solve.va_sample,2,700.219,
313.7920,solve.va_sample,2,700.219,
314.2923,solve.va_sample,2,700.219,
314.7925,solve.va_sample,2,700.219,
315.2927,solve.va_sample,2,700.219,
315.7930,solve.va_sample,2,700.219,
316.2932,solve.va_sample,2,700.219,
316.7934,solve.va_sample,2,700.219,
317.2937,solve.va_sample,2,700.219,
317.7939,solve.va_sample,2,700.219,
318.2942,solve.va_sample,2,700.219,
318.7944,solve.va_sample,2,700.219,
319.2947,solve.va_sample,2,700.219,
319.7949,solve.va_sample,2,700.219,
320.2951,solve.va_sample,2,700.219,
320.7954,solve.va_sample,2,700.219,
321.2956,solve.va_sample,2,700.219,
321.7959,solve.va_sample,2,700.219,
322.2961,solve.va_sample,2,700.219,
322.7964,solve.va_sample,2,700.219,
323.2966,solve.va_sample,2,700.219,
323.7968,solve.va_sample,2,700.219,
324.2971,solve.va_sample,2,700.219,
324.7973,solve.va_sample,2,700.219,
325.2975,solve.va_sample,2,700.219,
325.7978,solve.va_sample,2,700.219,
326.2980,solve.va_sample,2,700.219,
326.7983,solve.va_sample,2,700.219,
327.2985,solve.va_sample,2,700.219,
327.7987,solve.va_sample,2,700.219,
328.2990,solve.va_sample,2,700.219,
328.7992,solve.va_sample,2,700.219,
329.2995,solve.va_sample,2,700.219,
329.7997,solve.va_sample,2,700.219,
330.3000,solve.va_sample,2,700.219,
330.8002,solve.va_sample,2,700.219,
331.3004,solve.va_sample,2,700.219,
331.8007,solve.va_sample,2,700.219,
332.3009,solve.va_sample,2,700.219,
332.8012,solve.va_sample,2,700.219,
333.3014,solve.va_sample,2,700.219,
333.8017,solve.va_sample,2,700.219,
334.3019,solve.va_sample,2,700.219,
334.8021,solve.va_sample,2,700.219,
335.3023,solve.va_sample,2,700.219,
335.8026,solve.va_sample,2,700.219,
336.3028,solve.va_sample,2,700.219,
336.8031,solve.va_sample,2,700.219,
337.3033,solve.va_sample,2,700.219,
337.8035,solve.va_sample,2,700.219,
338.3038,solve.va_sample,2,700.219,
338.8040,solve.va_sample,2,700.219,
339.3043,solve.va_sample,2,700.219,
339.8045,solve.va_sample,2,700.219,
340.3047,solve.va_sample,2,700.219,
340.8050,solve.va_sample,2,700.219,
341.3052,solve.va_sample,2,700.219,
341.8054,solve.va_sample,2,700.219,
342.3057,solve.va_sample,2,700.219,
342.8059,solve.va_sample,2,700.219,
343.3061,solve.va_sample,2,700.219,
343.8064,solve.va_sample,2,700.219,
344.3066,solve.va_sample,2,700.219,
344.8068,solve.va_sample,2,700.219,
345.3071,solve.va_sample,2,700.219,
345.8073,solve.va_sample,2,700.219,
346.3076,solve.va_sample,2,700.219,
346.8081,solve.va_sample,2,700.219,
347.3083,solve.va_sample,2,700.219,
347.8086,solve.va_sample,2,700.219,
348.3088,solve.va_sample,2,700.219,
348.8090,solve.va_sample,2,700.219,
349.3093,solve.va_sample,2,700.219,
349.8096,solve.va_sample,2,700.219,
350.3098,solve.va_sample,2,700.219,
350.8101,solve.va_sample,2,700.219,
351.3103,solve.va_sample,2,700.219,
351.8106,solve.va_sample,2,700.219,
352.3108,solve.va_sample,2,700.219,
352.8110,solve.va_sample,2,700.219,
353.3113,solve.va_sample,2,700.219,
353.8116,solve.va_sample,2,700.219,
354.3118,solve.va_sample,2,700.219,
354.8121,solve.va_sample,2,700.219,
355.3123,solve.va_sample,2,700.219,
355.8126,solve.va_sample,2,700.219,
356.3128,solve.va_sample,2,700.219,
356.8130,solve.va_sample,2,700.219,
357.3133,solve.va_sample,2,700.219,
357.8135,solve.va_sample,2,700.219,
358.3137,solve.va_sample,2,700.219,
358.8140,solve.va_sample,2,700.219,
359.3142,solve.va_sample,2,700.219,
359.8145,solve.va_sample,2,700.219,
360.3147,solve.va_sample,2,700.219,
360.8149,solve.va_sample,2,700.219,
361.3152,solve.va_sample,2,700.219,
361.8154,solve.va_sample,2,700.219,
362.3157,solve.va_sample,2,700.219,
362.8159,solve.va_sample,2,700.219,
363.3161,solve.va_sample,2,700.219,
363.8164,solve.va_sample,2,700.219,
364.3166,solve.va_sample,2,700.219,
364.8168,solve.va_sample,2,700.219,
365.3171,solve.va_sample,2,700.219,
365.8173,solve.va_sample,2,700.219,
366.3176,solve.va_sample,2,700.219,
366.8178,solve.va_sample,2,700.219,
367.3180,solve.va_sample,2,700.219,
367.8183,solve.va_sample,2,700.219,
368.3185,solve.va_sample,2,700.219,
368.8187,solve.va_sample,2,700.219,
369.3190,solve.va_sample,2,700.219,
369.8192,solve.va_sample,2,700.219,
370.3195,solve.va_sample,2,700.219,
370.8198,solve.va_sample,2,700.219,
371.3200,solve.va_sample,2,700.219,
371.8203,solve.va_sample,2,700.219,
372.3205,solve.va_sample,2,700.219,
372.8208,solve.va_sample,2,700.219,
373.3210,solve.va_sample,2,700.219,
373.8212,solve.va_sample,2,700.219,
374.3215,solve.va_sample,2,700.219,
374.8217,solve.va_sample,2,700.219,
375.3219,solve.va_sample,2,700.219,
375.8222,solve.va_sample,2,700.219,
376.3224,solve.va_sample,2,700.219,
376.8226,solve.va_sample,2,700.219,
377.3229,solve.va_sample,2,700.219,
377.8231,solve.va_sample,2,700.219,
378.3234,solve.va_sample,2,700.219,
378.8236,solve.va_sample,2,700.219,
379.3238,solve.va_sample,2,700.219,
379.8241,solve.va_sample,2,700.219,
380.3243,solve.va_sample,2,700.219,
380.8246,solve.va_sample,2,700.219,
381.3248,solve.va_sample,2,700.219,
381.8250,solve.va_sample,2,700.219,
382.3253,solve.va_sample,2,700.219,
382.8256,solve.va_sample,2,700.219,
383.3258,solve.va_sample,2,700.219,
383.8260,solve.va_sample,2,700.219,
384.3263,solve.va_sample,2,700.219,
384.8266,solve.va_sample,2,700.219,
385.3268,solve.va_sample,2,700.219,
385.8270,solve.va_sample,2,700.219,
386.3273,solve.va_sample,2,700.219,
386.8275,solve.va_sample,2,700.219,
387.3278,solve.va_sample,2,700.219,
387.8280,solve.va_sample,2,700.219,
388.3283,solve.va_sample,2,700.219,
388.8285,solve.va_sample,2,700.219,
389.3288,solve.va_sample,2,700.219,
389.8290,solve.va_sample,2,700.219,
390.3292,solve.va_sample,2,700.219,
390.8295,solve.va_sample,2,700.219,
391.3297,solve.va_sample,2,700.219,
391.8300,solve.va_sample,2,700.219,
392.3302,solve.va_sample,2,700.219,
392.8304,solve.va_sample,2,700.219,
393.3307,solve.va_sample,2,700.219,
393.8309,solve.va_sample,2,700.219,
394.3311,solve.va_sample,2,700.219,
394.8314,solve.va_sample,2,700.219,
395.3316,solve.va_sample,2,700.219,
395.8318,solve.va_sample,2,700.219,
396.3321,solve.va_sample,2,700.219,
396.8323,solve.va_sample,2,700.219,
397.3325,solve.va_sample,2,700.219,
397.8328,solve.va_sample,2,700.219,
398.3330,solve.va_sample,2,700.219,
398.8332,solve.va_sample,2,700.219,
399.3335,solve.va_sample,2,700.219,
399.8337,solve.va_sample,2,700.219,
400.3340,solve.va_sample,2,700.219,
400.8343,solve.va_sample,2,700.219,
401.3345,solve.va_sample,2,700.219,
401.8347,solve.va_sample,2,700.219,
402.3350,solve.va_sample,2,700.219,
402.8352,solve.va_sample,2,700.219,
403.3354,solve.va_sample,2,700.219,
403.8357,solve.va_sample,2,700.219,
404.3359,solve.va_sample,2,700.219,
404.8362,solve.va_sample,2,700.219,
405.3365,solve.va_sample,2,700.219,
405.8367,solve.va_sample,2,700.219,
406.3369,solve.va_sample,2,700.219,
406.8372,solve.va_sample,2,700.219,
407.3374,solve.va_sample,2,700.219,
407.8377,solve.va_sample,2,700.219,
408.3379,solve.va_sample,2,700.219,
408.8381,solve.va_sample,2,700.219,
409.3384,solve.va_sample,2,700.219,
409.8386,solve.va_sample,2,700.219,
410.3389,solve.va_sample,2,700.219,
410.8391,solve.va_sample,2,700.219,
411.3394,solve.va_sample,2,700.219,
411.8396,solve.va_sample,2,700.219,
412.3398,solve.va_sample,2,700.219,
412.8401,solve.va_sample,2,700.219,
413.3404,solve.va_sample,2,700.219,
413.8406,solve.va_sample,2,700.219,
414.3409,solve.va_sample,2,700.219,
414.8411,solve.va_sample,2,700.219,
415.3413,solve.va_sample,2,700.219,
415.8416,solve.va_sample,2,700.219,
416.3418,solve.va_sample,2,700.219,
416.8420,solve.va_sample,2,700.219,
417.3423,solve.va_sample,2,700.219,
417.8425,solve.va_sample,2,700.219,
418.3428,solve.va_sample,2,700.219,
418.8431,solve.va_sample,2,700.219,
419.3433,solve.va_sample,2,700.219,
419.8436,solve.va_sample,2,700.219,
420.3438,solve.va_sample,2,700.219,
420.8441,solve.va_sample,2,700.219,
421.3443,solve.va_sample,2,700.219,
421.8446,solve.va_sample,2,700.219,
422.3448,solve.va_sample,2,700.219,
422.8451,solve.va_sample,2,700.219,
423.3453,solve.va_sample,2,700.219,
423.8456,solve.va_sample,2,700.219,
424.3458,solve.va_sample,2,700.219,
424.8460,solve.va_sample,2,700.219,
425.3463,solve.va_sample,2,700.219,
425.8465,solve.va_sample,2,700.219,
426.3467,solve.va_sample,2,700.219,
426.8470,solve.va_sample,2,700.219,
427.3472,solve.va_sample,2,700.219,
427.8474,solve.va_sample,2,700.219,
428.3477,solve.va_sample,2,700.219,
428.8479,solve.va_sample,2,700.219,
429.3481,solve.va_sample,2,700.219,
429.8484,solve.va_sample,2,700.219,
430.3486,solve.va_sample,2,700.219,
430.8488,solve.va_sample,2,700.219,
431.3491,solve.va_sample,2,700.219,
431.8493,solve.va_sample,2,700.219,
432.3496,solve.va_sample,2,700.219,
432.8498,solve.va_sample,2,700.219,
433.3500,solve.va_sample,2,700.219,
433.8503,solve.va_sample,2,700.219,
434.3505,solve.va_sample,2,700.219,
434.8507,solve.va_sample,2,700.219,
435.3510,solve.va_sample,2,700.219,
435.8512,solve.va_sample,2,700.219,
436.3514,solve.va_sample,2,700.219,
436.8517,solve.va_sample,2,700.219,
437.3519,solve.va_sample,2,700.219,
437.8522,solve.va_sample,2,700.219,
438.3524,solve.va_sample,2,700.219,
438.8527,solve.va_sample,2,700.219,
439.3529,solve.va_sample,2,700.219,
439.8531,solve.va_sample,2,700.219,
440.3534,solve.va_sample,2,700.219,
440.8536,solve.va_sample,2,700.219,
441.3538,solve.va_sample,2,700.219,
441.8541,solve.va_sample,2,700.219,
442.3544,solve.va_sample,2,700.219,
442.8546,solve.va_sample,2,700.219,
443.3549,solve.va_sample,2,700.219,
443.8551,solve.va_sample,2,700.219,
444.3554,solve.va_sample,2,700.219,
444.8556,solve.va_sample,2,700.219,
445.3558,solve.va_sample,2,700.219,
445.8561,solve.va_sample,2,700.219,
446.3563,solve.va_sample,2,700.219,
446.8566,solve.va_sample,2,700.219,
447.3568,solve.va_sample,2,700.219,
447.8571,solve.va_sample,2,700.219,
448.3573,solve.va_sample,2,700.219,
448.8575,solve.va_sample,2,700.219,
449.3578,solve.va_sample,2,700.219,
449.8580,solve.va_sample,2,700.219,
450.3582,solve.va_sample,2,700.219,
450.8585,solve.va_sample,2,700.219,
451.3587,solve.va_sample,2,700.219,
451.8590,solve.va_sample,2,700.219,
452.3592,solve.va_sample,2,700.219,
452.8594,solve.va_sample,2,700.219,
453.3597,solve.va_sample,2,700.219,
453.8599,solve.va_sample,2,700.219,
454.3602,solve.va_sample,2,700.219,
454.8604,solve.va_sample,2,700.219,
455.3607,solve.va_sample,2,700.219,
455.8609,solve.va_sample,2,700.219,
456.3611,solve.va_sample,2,700.219,
456.8614,solve.va_sample,2,700.219,
457.3616,solve.va_sample,2,700.219,
457.8618,solve.va_sample,2,700.219,
458.3621,solve.va_sample,2,700.219,
458.8623,solve.va_sample,2,700.219,
459.3626,solve.va_sample,2,700.219,
459.8628,solve.va_sample,2,700.219,
460.3630,solve.va_sample,2,700.219,
460.8633,solve.va_sample,2,700.219,
461.3635,solve.va_sample,2,700.219,
461.8637,solve.va_sample,2,700.219,
462.3640,solve.va_sample,2,700.219,
462.8642,solve.va_sample,2,700.219,
463.3645,solve.va_sample,2,700.219,
463.8647,solve.va_sample,2,700.219,
464.3649,solve.va_sample,2,700.219,
464.8652,solve.va_sample,2,700.219,
465.3654,solve.va_sample,2,700.219,
465.8656,solve.va_sample,2,700.219,
466.3659,solve.va_sample,2,700.219,
466.8661,solve.va_sample,2,700.219,
467.3663,solve.va_sample,2,700.219,
467.8666,solve.va_sample,2,700.219,
468.3668,solve.va_sample,2,700.219,
468.8670,solve.va_sample,2,700.219,
469.3673,solve.va_sample,2,700.219,
469.8675,solve.va_sample,2,700.219,
470.3677,solve.va_sample,2,700.219,
470.8680,solve.va_sample,2,700.219,
471.3682,solve.va_sample,2,700.219,
471.8685,solve.va_sample,2,700.219,
472.3687,solve.va_sample,2,700.219,
472.8690,solve.va_sample,2,700.219,
473.3693,solve.va_sample,2,700.219,
473.8696,solve.va_sample,2,700.219,
474.3698,solve.va_sample,2,700.219,
474.8701,solve.va_sample,2,700.219,
475.3704,solve.va_sample,2,700.219,
475.8706,solve.va_sample,2,700.219,
476.3708,solve.va_sample,2,700.219,
476.8711,solve.va_sample,2,700.219,
477.3714,solve.va_sample,2,700.219,
477.8716,solve.va_sample,2,700.219,
478.3718,solve.va_sample,2,700.219,
478.8721,solve.va_sample,2,700.219,
479.3723,solve.va_sample,2,700.219,
479.8726,solve.va_sample,2,700.219,
480.3728,solve.va_sample,2,700.219,
480.8731,solve.va_sample,2,700.219,
481.3733,solve.va_sample,2,700.219,
481.8736,solve.va_sample,2,700.219,
482.3738,solve.va_sample,2,700.219,
482.8741,solve.va_sample,2,700.219,
483.3743,solve.va_sample,2,700.219,
483.8746,solve.va_sample,2,700.219,
484.3748,solve.va_sample,2,700.219,
484.8751,solve.va_sample,2,700.219,
485.3753,solve.va_sample,2,700.219,
485.8756,solve.va_sample,2,700.219,
486.3758,solve.va_sample,2,700.219,
486.8760,solve.va_sample,2,700.219,
487.3763,solve.va_sample,2,700.219,
487.8765,solve.va_sample,2,700.219,
488.3768,solve.va_sample,2,700.219,
488.8771,solve.va_sample,2,700.219,
489.3773,solve.va_sample,2,700.219,
489.8776,solve.va_sample,2,700.219,
490.3778,solve.va_sample,2,700.219,
490.8780,solve.va_sample,2,700.219,
491.3783,solve.va_sample,2,700.219,
491.8785,solve.va_sample,2,700.219,
492.3788,solve.va_sample,2,700.219,
492.8790,solve.va_sample,2,700.219,
493.3793,solve.va_sample,2,700.219,
493.8795,solve.va_sample,2,700.219,
494.3798,solve.va_sample,2,700.219,
494.8800,solve.va_sample,2,700.219,
495.3803,solve.va_sample,2,700.219,
495.8805,solve.va_sample,2,700.219,
496.3807,solve.va_sample,2,700.219,
496.8810,solve.va_sample,2,700.219,
497.3812,solve.va_sample,2,700.219,
497.8815,solve.va_sample,2,700.219,
498.3817,solve.va_sample,2,700.219,
498.8819,solve.va_sample,2,700.219,
499.3822,solve.va_sample,2,700.219,
499.8824,solve.va_sample,2,700.219,
500.3827,solve.va_sample,2,700.219,
500.8829,solve.va_sample,2,700.219,
501.3831,solve.va_sample,2,700.219,
501.8834,solve.va_sample,2,700.219,
502.3836,solve.va_sample,2,700.219,
502.8839,solve.va_sample,2,700.219,
503.3842,solve.va_sample,2,700.219,
503.8844,solve.va_sample,2,700.219,
504.3847,solve.va_sample,2,700.219,
504.8849,solve.va_sample,2,700.219,
505.3852,solve.va_sample,2,700.219,
505.8854,solve.va_sample,2,700.219,
506.3856,solve.va_sample,2,700.219,
506.8859,solve.va_sample,2,700.219,
507.3861,solve.va_sample,2,700.219,
507.8864,solve.va_sample,2,700.219,
508.3866,solve.va_sample,2,700.219,
508.8868,solve.va_sample,2,700.219,
509.3871,solve.va_sample,2,700.219,
509.8873,solve.va_sample,2,700.219,
510.3875,solve.va_sample,2,700.219,
510.8878,solve.va_sample,2,700.219,
511.3880,solve.va_sample,2,700.219,
511.8883,solve.va_sample,2,700.219,
512.3885,solve.va_sample,2,700.219,
512.8887,solve.va_sample,2,700.219,
513.3890,solve.va_sample,2,700.219,
513.8892,solve.va_sample,2,700.219,
514.3895,solve.va_sample,2,700.219,
514.8897,solve.va_sample,2,700.219,
515.3899,solve.va_sample,2,700.219,
515.8902,solve.va_sample,2,700.219,
516.3904,solve.va_sample,2,700.219,
516.8906,solve.va_sample,2,700.219,
517.3909,solve.va_sample,2,700.219,
517.8911,solve.va_sample,2,700.219,
518.3913,solve.va_sample,2,700.219,
518.8916,solve.va_sample,2,700.219,
519.3918,solve.va_sample,2,700.219,
519.8921,solve.va_sample,2,700.219,
520.3923,solve.va_sample,2,700.219,
520.8926,solve.va_sample,2,700.219,
521.3928,solve.va_sample,2,700.219,
521.8930,solve.va_sample,2,700.219,
522.3933,solve.va_sample,2,700.219,
522.8935,solve.va_sample,2,700.219,
523.3937,solve.va_sample,2,700.219,
523.8940,solve.va_sample,2,700.219,
524.3942,solve.va_sample,2,700.219,
524.8945,solve.va_sample,2,700.219,
525.3947,solve.va_sample,2,700.219,
525.8949,solve.va_sample,2,700.219,
526.3952,solve.va_sample,2,700.219,
526.8955,solve.va_sample,2,700.219,
527.3957,solve.va_sample,2,700.219,
527.8960,solve.va_sample,2,700.219,
528.3962,solve.va_sample,2,700.219,
528.8965,solve.va_sample,2,700.219,
529.3967,solve.va_sample,2,700.219,
529.8969,solve.va_sample,2,700.219,
530.3972,solve.va_sample,2,700.219,
530.8974,solve.va_sample,2,700.219,
531.3977,solve.va_sample,2,700.219,
531.8979,solve.va_sample,2,700.219,
532.3981,solve.va_sample,2,700.219,
532.8984,solve.va_sample,2,700.219,
533.3986,solve.va_sample,2,700.219,
533.8988,solve.va_sample,2,700.219,
534.3991,solve.va_sample,2,700.219,
534.8993,solve.va_sample,2,700.219,
535.3996,solve.va_sample,2,700.219,
535.8998,solve.va_sample,2,700.219,
536.4000,solve.va_sample,2,700.219,
536.9003,solve.va_sample,2,700.219,
537.4005,solve.va_sample,2,700.219,
537.9008,solve.va_sample,2,700.219,
538.4010,solve.va_sample,2,700.219,
538.9013,solve.va_sample,2,700.219,
539.4015,solve.va_sample,2,700.219,
539.9017,solve.va_sample,2,700.219,
540.4020,solve.va_sample,2,700.219,
540.9022,solve.va_sample,2,700.219,
541.4025,solve.va_sample,2,700.219,
541.9027,solve.va_sample,2,700.219,
542.4030,solve.va_sample,2,700.219,
542.9032,solve.va_sample,2,700.219,
543.4035,solve.va_sample,2,700.219,
543.9037,solve.va_sample,2,700.219,
544.4039,solve.va_sample,2,700.219,
544.9042,solve.va_sample,2,700.219,
545.4044,solve.va_sample,2,700.219,
545.9047,solve.va_sample,2,700.219,
546.4049,solve.va_sample,2,700.219,
546.9051,solve.va_sample,2,700.219,
547.4054,solve.va_sample,2,700.219,
547.9056,solve.va_sample,2,700.219,
548.4058,solve.va_sample,2,700.219,
548.9061,solve.va_sample,2,700.219,
549.4063,solve.va_sample,2,700.219,
549.9065,solve.va_sample,2,700.219,
550.4068,solve.va_sample,2,700.219,
550.9070,solve.va_sample,2,700.219,
551.4073,solve.va_sample,2,700.219,
551.9075,solve.va_sample,2,700.219,
552.4078,solve.va_sample,2,700.219,
552.9080,solve.va_sample,2,700.219,
553.4082,solve.va_sample,2,700.219,
553.9085,solve.va_sample,2,700.219,
554.4087,solve.va_sample,2,700.219,
554.9090,solve.va_sample,2,700.219,
555.4092,solve.va_sample,2,700.219,
555.9094,solve.va_sample,2,700.219,
556.4097,solve.va_sample,2,700.219,
556.9099,solve.va_sample,2,700.219,
557.4101,solve.va_sample,2,700.219,
557.9104,solve.va_sample,2,700.219,
558.4106,solve.va_sample,2,700.219,
558.9108,solve.va_sample,2,700.219,
559.4111,solve.va_sample,2,700.219,
559.9113,solve.va_sample,2,700.219,
560.4116,solve.va_sample,2,700.219,
560.9118,solve.va_sample,2,700.219,
561.4121,solve.va_sample,2,700.219,
561.9123,solve.va_sample,2,700.219,
562.4126,solve.va_sample,2,700.219,
562.9128,solve.va_sample,2,700.219,
563.4131,solve.va_sample,2,700.219,
563.9133,solve.va_sample,2,700.219,
564.4135,solve.va_sample,2,700.219,
564.9138,solve.va_sample,2,700.219,
565.4140,solve.va_sample,2,700.219,
565.9143,solve.va_sample,2,700.219,
566.4145,solve.va_sample,2,700.219,
566.9147,solve.va_sample,2,700.219,
567.4150,solve.va_sample,2,700.219,
567.9152,solve.va_sample,2,700.219,
568.4154,solve.va_sample,2,700.219,
568.9157,solve.va_sample,2,700.219,
569.4159,solve.va_sample,2,700.219,
569.9161,solve.va_sample,2,700.219,
570.4164,solve.va_sample,2,700.219,
570.9166,solve.va_sample,2,700.219,
571.4169,solve.va_sample,2,700.219,
571.9171,solve.va_sample,2,700.219,
572.4173,solve.va_sample,2,700.219,
572.9176,solve.va_sample,2,700.219,
573.4178,solve.va_sample,2,700.219,
573.9180,solve.va_sample,2,700.219,
574.4183,solve.va_sample,2,700.219,
574.9185,solve.va_sample,2,700.219,
575.4187,solve.va_sample,2,700.219,
575.9190,solve.va_sample,2,700.219,
576.4192,solve.va_sample,2,700.219,
576.9195,solve.va_sample,2,700.219,
577.4197,solve.va_sample,2,700.219,
577.9200,solve.va_sample,2,700.219,
578.4202,solve.va_sample,2,700.219,
578.9205,solve.va_sample,2,700.219,
579.4207,solve.va_sample,2,700.219,
579.9210,solve.va_sample,2,700.219,
580.4212,solve.va_sample,2,700.219,
580.9215,solve.va_sample,2,700.219,
581.4217,solve.va_sample,2,700.219,
581.9219,solve.va_sample,2,700.219,
582.4222,solve.va_sample,2,700.219,
582.9224,solve.va_sample,2,700.219,
583.4227,solve.va_sample,2,700.219,
583.9229,solve.va_sample,2,700.219,
584.4232,solve.va_sample,2,700.219,
584.9234,solve.va_sample,2,700.219,
585.4236,solve.va_sample,2,700.219,
585.9239,solve.va_sample,2,700.219,
586.4241,solve.va_sample,2,700.477,
586.9244,solve.va_sample,2,700.477,
587.4246,solve.va_sample,2,700.477,
587.9248,solve.va_sample,2,700.477,
588.4251,solve.va_sample,2,700.477,
588.9253,solve.va_sample,2,700.477,
589.4255,solve.va_sample,2,700.477,
589.9258,solve.va_sample,2,700.477,
590.4260,solve.va_sample,2,700.477,
590.9263,solve.va_sample,2,700.477,
591.4265,solve.va_sample,2,700.477,
591.9267,solve.va_sample,2,700.477,
592.4270,solve.va_sample,2,700.477,
592.9272,solve.va_sample,2,700.477,
593.4275,solve.va_sample,2,700.477,
593.9278,solve.va_sample,2,700.477,
594.4280,solve.va_sample,2,700.477,
594.9283,solve.va_sample,2,700.477,
595.4285,solve.va_sample,2,700.477,
595.9288,solve.va_sample,2,700.477,
596.4290,solve.va_sample,2,700.477,
596.9293,solve.va_sample,2,700.477,
597.4295,solve.va_sample,2,700.477,
597.9298,solve.va_sample,2,700.477,
598.4300,solve.va_sample,2,700.477,
598.9302,solve.va_sample,2,700.477,
599.4305,solve.va_sample,2,700.477,
599.9307,solve.va_sample,2,700.477,
600.4310,solve.va_sample,2,700.477,
600.9312,solve.va_sample,2,700.477,
601.4314,solve.va_sample,2,700.477,
601.9317,solve.va_sample,2,700.477,
602.4319,solve.va_sample,2,700.477,
602.9322,solve.va_sample,2,700.477,
603.4325,solve.va_sample,2,700.477,
603.9327,solve.va_sample,2,700.477,
604.4330,solve.va_sample,2,700.477,
604.9332,solve.va_sample,2,700.477,
605.4334,solve.va_sample,2,700.477,
605.9337,solve.va_sample,2,700.477,
606.4339,solve.va_sample,2,700.477,
606.9341,solve.va_sample,2,700.477,
607.4344,solve.va_sample,2,700.477,
607.9346,solve.va_sample,2,700.477,
608.4348,solve.va_sample,2,700.477,
608.9351,solve.va_sample,2,700.477,
609.4353,solve.va_sample,2,700.477,
609.9355,solve.va_sample,2,700.477,
610.4358,solve.va_sample,2,700.477,
610.9360,solve.va_sample,2,700.477,
611.4362,solve.va_sample,2,700.477,
611.9365,solve.va_sample,2,700.477,
612.4367,solve.va_sample,2,700.477,
612.9370,solve.va_sample,2,700.477,
613.4372,solve.va_sample,2,700.477,
613.9374,solve.va_sample,2,700.477,
614.4377,solve.va_sample,2,700.477,
614.9379,solve.va_sample,2,700.477,
615.4382,solve.va_sample,2,700.477,
615.9384,solve.va_sample,2,700.477,
616.4387,solve.va_sample,2,700.477,
616.9389,solve.va_sample,2,700.477,
617.4391,solve.va_sample,2,700.477,
617.9394,solve.va_sample,2,700.477,
618.4396,solve.va_sample,2,700.477,
618.9399,solve.va_sample,2,700.477,
619.4401,solve.va_sample,2,700.477,
619.9403,solve.va_sample,2,700.477,
620.4406,solve.va_sample,2,700.477,
620.9408,solve.va_sample,2,700.477,
621.4411,solve.va_sample,2,700.477,
621.9413,solve.va_sample,2,700.477,
622.4416,solve.va_sample,2,700.477,
622.9419,solve.va_sample,2,700.477,
623.4421,solve.va_sample,2,700.477,
623.9424,solve.va_sample,2,700.477,
624.4426,solve.va_sample,2,700.477,
624.9428,solve.va_sample,2,700.477,
625.4431,solve.va_sample,2,700.477,
625.9433,solve.va_sample,2,700.477,
626.4436,solve.va_sample,2,700.477,
626.9438,solve.va_sample,2,700.477,
627.4441,solve.va_sample,2,700.477,
627.9443,solve.va_sample,2,700.477,
628.4445,solve.va_sample,2,700.477,
628.9448,solve.va_sample,2,700.477,
629.4450,solve.va_sample,2,700.477,
629.9452,solve.va_sample,2,700.477,
630.4455,solve.va_sample,2,700.477,
630.9458,solve.va_sample,2,700.477,
631.4460,solve.va_sample,2,700.477,
631.9462,solve.va_sample,2,700.477,
632.4465,solve.va_sample,2,700.477,
632.9467,solve.va_sample,2,700.477,
633.4469,solve.va_sample,2,700.477,
633.9472,solve.va_sample,2,700.477,
634.4474,solve.va_sample,2,700.477,
634.9477,solve.va_sample,2,700.477,
635.4479,solve.va_sample,2,700.477,
635.9482,solve.va_sample,2,700.477,
636.4484,solve.va_sample,2,700.477,
636.9487,solve.va_sample,2,700.477,
637.4489,solve.va_sample,2,700.477,
637.9491,solve.va_sample,2,700.477,
638.4494,solve.va_sample,2,700.477,
638.9496,solve.va_sample,2,700.477,
639.4499,solve.va_sample,2,700.477,
639.9501,solve.va_sample,2,700.477,
640.4503,solve.va_sample,2,700.477,
640.9506,solve.va_sample,2,700.477,
641.4508,solve.va_sample,2,700.477,
641.9510,solve.va_sample,2,700.477,
642.4513,solve.va_sample,2,700.477,
642.9515,solve.va_sample,2,700.477,
643.4517,solve.va_sample,2,700.477,
643.9520,solve.va_sample,2,700.477,
644.4522,solve.va_sample,2,700.477,
644.9525,solve.va_sample,2,700.477,
645.4527,solve.va_sample,2,700.477,
645.9530,solve.va_sample,2,700.477,
646.4532,solve.va_sample,2,700.477,
646.9534,solve.va_sample,2,700.477,
647.4537,solve.va_sample,2,700.477,
647.9539,solve.va_sample,2,700.477,
648.4542,solve.va_sample,2,700.477,
648.9544,solve.va_sample,2,700.477,
649.4546,solve.va_sample,2,700.477,
649.9549,solve.va_sample,2,700.477,
650.4551,solve.va_sample,2,700.477,
650.9553,solve.va_sample,2,700.477,
651.4556,solve.va_sample,2,700.477,
651.9558,solve.va_sample,2,700.477,
652.4561,solve.va_sample,2,700.477,
652.9563,solve.va_sample,2,700.477,
653.4566,solve.va_sample,2,700.477,
653.9568,solve.va_sample,2,700.477,
654.4571,solve.va_sample,2,700.477,
654.9573,solve.va_sample,2,700.477,
655.4575,solve.va_sample,2,700.477,
655.9578,solve.va_sample,2,700.477,
656.4580,solve.va_sample,2,700.477,
656.9583,solve.va_sample,2,700.477,
657.4585,solve.va_sample,2,700.477,
657.9587,solve.va_sample,2,700.477,
658.4590,solve.va_sample,2,700.477,
658.9592,solve.va_sample,2,700.477,
659.4595,solve.va_sample,2,700.477,
659.9597,solve.va_sample,2,700.477,
660.4600,solve.va_sample,2,700.477,
660.9602,solve.va_sample,2,700.477,
661.4604,solve.va_sample,2,700.477,
661.9607,solve.va_sample,2,700.477,
662.4609,solve.va_sample,2,700.477,
662.9612,solve.va_sample,2,700.477,
663.4614,solve.va_sample,2,700.477,
663.9616,solve.va_sample,2,700.477,
664.4619,solve.va_sample,2,700.477,
664.9621,solve.va_sample,2,700.477,
665.4624,solve.va_sample,2,700.477,
665.9626,solve.va_sample,2,700.477,
666.4628,solve.va_sample,2,700.477,
666.9630,solve.va_sample,2,700.477,
667.4633,solve.va_sample,2,700.477,
667.9635,solve.va_sample,2,700.477,
668.4638,solve.va_sample,2,700.477,
668.9640,solve.va_sample,2,700.477,
669.4643,solve.va_sample,2,700.477,
669.9645,solve.va_sample,2,700.477,
670.4648,solve.va_sample,2,700.477,
670.9650,solve.va_sample,2,700.477,
671.4652,solve.va_sample,2,700.477,
671.9655,solve.va_sample,2,700.477,
672.4657,solve.va_sample,2,700.477,
672.9659,solve.va_sample,2,700.477,
673.4662,solve.va_sample,2,700.477,
673.9664,solve.va_sample,2,700.477,
674.4667,solve.va_sample,2,700.477,
674.9669,solve.va_sample,2,700.477,
675.4671,solve.va_sample,2,700.477,
675.9674,solve.va_sample,2,700.477,
676.4676,solve.va_sample,2,700.477,
676.9679,solve.va_sample,2,700.477,
677.4681,solve.va_sample,2,700.477,
677.9684,solve.va_sample,2,700.477,
678.4686,solve.va_sample,2,700.477,
678.9688,solve.va_sample,2,700.477,
679.4691,solve.va_sample,2,700.477,
679.9693,solve.va_sample,2,700.477,
680.4696,solve.va_sample,2,700.477,
680.9698,solve.va_sample,2,700.477,
681.4700,solve.va_sample,2,700.477,
681.9703,solve.va_sample,2,700.477,
682.4706,solve.va_sample,2,700.477,
682.9708,solve.va_sample,2,700.477,
683.4711,solve.va_sample,2,700.477,
683.9713,solve.va_sample,2,700.477,
684.4716,solve.va_sample,2,700.477,
684.9718,solve.va_sample,2,700.477,
685.4721,solve.va_sample,2,700.477,
685.9723,solve.va_sample,2,700.477,
686.4726,solve.va_sample,2,700.477,
686.9728,solve.va_sample,2,700.477,
687.4731,solve.va_sample,2,700.477,
687.9733,solve.va_sample,2,700.477,
688.4736,solve.va_sample,2,700.477,
688.9738,solve.va_sample,2,700.477,
689.4741,solve.va_sample,2,700.477,
689.9743,solve.va_sample,2,700.477,
690.4745,solve.va_sample,2,700.477,
690.9748,solve.va_sample,2,700.477,
691.4751,solve.va_sample,2,700.477,
691.9753,solve.va_sample,2,700.477,
692.4756,solve.va_sample,2,700.477,
692.9758,solve.va_sample,2,700.477,
693.4761,solve.va_sample,2,700.477,
693.9763,solve.va_sample,2,700.477,
694.4766,solve.va_sample,2,700.477,
694.9768,solve.va_sample,2,700.477,
695.4770,solve.va_sample,2,700.477,
695.9773,solve.va_sample,2,700.477,
696.4775,solve.va_sample,2,700.477,
696.9778,solve.va_sample,2,700.477,
697.4780,solve.va_sample,2,700.477,
697.9783,solve.va_sample,2,700.477,
698.4785,solve.va_sample,2,700.477,
698.9788,solve.va_sample,2,700.477,
699.4790,solve.va_sample,2,700.477,
699.9793,solve.va_sample,2,700.477,
700.4796,solve.va_sample,2,700.477,
700.9798,solve.va_sample,2,700.477,
701.4801,solve.va_sample,2,700.477,
701.9804,solve.va_sample,2,700.477,
702.4807,solve.va_sample,2,700.477,
702.9810,solve.va_sample,2,700.477,
703.4812,solve.va_sample,2,700.477,
703.9815,solve.va_sample,2,700.477,
704.4817,solve.va_sample,2,700.477,
704.9820,solve.va_sample,2,700.477,
705.4823,solve.va_sample,2,700.477,
705.9825,solve.va_sample,2,700.477,
706.4828,solve.va_sample,2,700.477,
706.9830,solve.va_sample,2,700.477,
707.4833,solve.va_sample,2,700.477,
707.9835,solve.va_sample,2,700.477,
708.4838,solve.va_sample,2,700.477,
708.9840,solve.va_sample,2,700.477,
709.4843,solve.va_sample,2,700.477,
709.9845,solve.va_sample,2,700.477,
710.4848,solve.va_sample,2,700.477,
710.9850,solve.va_sample,2,700.477,
711.4853,solve.va_sample,2,700.477,
711.9856,solve.va_sample,2,700.477,
712.4859,solve.va_sample,2,700.477,
712.9861,solve.va_sample,2,700.477,
713.4864,solve.va_sample,2,700.477,
713.9867,solve.va_sample,2,700.477,
714.4869,solve.va_sample,2,700.477,
714.9872,solve.va_sample,2,700.477,
715.4875,solve.va_sample,2,700.477,
715.9877,solve.va_sample,2,700.477,
716.4880,solve.va_sample,2,700.477,
716.9883,solve.va_sample,2,700.477,
717.4885,solve.va_sample,2,700.477,
717.9887,solve.va_sample,2,700.477,
718.4890,solve.va_sample,2,700.477,
718.9892,solve.va_sample,2,700.477,
719.4895,solve.va_sample,2,700.477,
719.9897,solve.va_sample,2,700.477,
720.4900,solve.va_sample,2,700.477,
720.9902,solve.va_sample,2,700.477,
721.4905,solve.va_sample,2,700.477,
721.9907,solve.va_sample,2,700.477,
722.4909,solve.va_sample,2,700.477,
722.9912,solve.va_sample,2,700.477,
723.4915,solve.va_sample,2,700.477,
723.9917,solve.va_sample,2,700.477,
724.4920,solve.va_sample,2,700.477,
724.9923,solve.va_sample,2,700.477,
725.4925,solve.va_sample,2,700.477,
725.9928,solve.va_sample,2,700.477,
726.4930,solve.va_sample,2,700.477,
726.9933,solve.va_sample,2,700.477,
727.4935,solve.va_sample,2,700.477,
727.9938,solve.va_sample,2,700.477,
728.4941,solve.va_sample,2,700.477,
728.9943,solve.va_sample,2,700.477,
729.4946,solve.va_sample,2,700.477,
729.9948,solve.va_sample,2,700.477,
730.4951,solve.va_sample,2,700.477,
730.9953,solve.va_sample,2,700.477,
731.4956,solve.va_sample,2,700.477,
731.9958,solve.va_sample,2,700.477,
732.4961,solve.va_sample,2,700.477,
732.9963,solve.va_sample,2,700.477,
733.4966,solve.va_sample,2,700.477,
733.9968,solve.va_sample,2,700.477,
734.4970,solve.va_sample,2,700.477,
734.9973,solve.va_sample,2,700.477,
735.4976,solve.va_sample,2,700.477,
735.9979,solve.va_sample,2,700.477,
736.4981,solve.va_sample,2,700.477,
736.9983,solve.va_sample,2,700.477,
737.4986,solve.va_sample,2,700.477,
737.9988,solve.va_sample,2,700.477,
738.4991,solve.va_sample,2,700.477,
738.9994,solve.va_sample,2,700.477,
739.4996,solve.va_sample,2,700.477,
739.9999,solve.va_sample,2,700.477,
740.5001,solve.va_sample,2,700.477,
741.0004,solve.va_sample,2,700.477,
741.5006,solve.va_sample,2,700.477,
742.0009,solve.va_sample,2,700.477,
742.5012,solve.va_sample,2,700.477,
743.0015,solve.va_sample,2,700.477,
743.5018,solve.va_sample,2,700.477,
744.0020,solve.va_sample,2,700.477,
744.5023,solve.va_sample,2,700.477,
745.0026,solve.va_sample,2,700.477,
745.5028,solve.va_sample,2,700.477,
746.0030,solve.va_sample,2,700.477,
746.5033,solve.va_sample,2,700.477,
747.0035,solve.va_sample,2,700.477,
747.5038,solve.va_sample,2,700.477,
748.0040,solve.va_sample,2,700.477,
748.5043,solve.va_sample,2,700.477,
749.0045,solve.va_sample,2,700.477,
749.5048,solve.va_sample,2,700.477,
750.0050,solve.va_sample,2,700.477,
750.5053,solve.va_sample,2,700.477,
751.0055,solve.va_sample,2,700.477,
751.5058,solve.va_sample,2,700.477,
752.0060,solve.va_sample,2,700.477,
752.5063,solve.va_sample,2,700.477,
753.0065,solve.va_sample,2,700.477,
753.5067,solve.va_sample,2,700.477,
754.0070,solve.va_sample,2,700.477,
754.5072,solve.va_sample,2,700.477,
755.0075,solve.va_sample,2,700.477,
755.5077,solve.va_sample,2,700.477,
756.0079,solve.va_sample,2,700.477,
756.5082,solve.va_sample,2,700.477,
757.0084,solve.va_sample,2,700.477,
757.5087,solve.va_sample,2,700.477,
758.0089,solve.va_sample,2,700.477,
758.5091,solve.va_sample,2,700.477,
759.0094,solve.va_sample,2,700.477,
759.5096,solve.va_sample,2,700.477,
760.0099,solve.va_sample,2,700.477,
760.5101,solve.va_sample,2,700.477,
761.0103,solve.va_sample,2,700.477,
761.5106,solve.va_sample,2,700.477,
762.0108,solve.va_sample,2,700.477,
762.5111,solve.va_sample,2,700.477,
763.0113,solve.va_sample,2,700.477,
763.5115,solve.va_sample,2,700.477,
764.0118,solve.va_sample,2,700.477,
764.5120,solve.va_sample,2,700.477,
765.0123,solve.va_sample,2,700.477,
765.5125,solve.va_sample,2,700.477,
766.0128,solve.va_sample,2,700.477,
766.5130,solve.va_sample,2,700.477,
767.0133,solve.va_sample,2,700.477,
767.5135,solve.va_sample,2,700.477,
768.0138,solve.va_sample,2,700.477,
768.5140,solve.va_sample,2,700.477,
769.0143,solve.va_sample,2,700.477,
769.5145,solve.va_sample,2,700.477,
770.0148,solve.va_sample,2,700.477,
770.5150,solve.va_sample,2,700.477,
771.0153,solve.va_sample,2,700.477,
771.5155,solve.va_sample,2,700.477,
772.0158,solve.va_sample,2,700.477,
772.5160,solve.va_sample,2,700.477,
773.0163,solve.va_sample,2,700.477,
773.5166,solve.va_sample,2,700.477,
774.0168,solve.va_sample,2,700.477,
774.5170,solve.va_sample,2,700.477,
775.0173,solve.va_sample,2,700.477,
775.5175,solve.va_sample,2,700.477,
776.0177,solve.va_sample,2,700.477,
776.5180,solve.va_sample,2,700.477,
777.0182,solve.va_sample,2,700.477,
777.5185,solve.va_sample,2,700.477,
778.0187,solve.va_sample,2,700.477,
778.5189,solve.va_sample,2,700.477,
779.0191,solve.va_sample,2,700.477,
779.5194,solve.va_sample,2,700.477,
780.0196,solve.va_sample,2,700.477,
780.5199,solve.va_sample,2,700.477,
781.0201,solve.va_sample,2,700.477,
781.5203,solve.va_sample,2,700.477,
782.0206,solve.va_sample,2,700.477,
782.5208,solve.va_sample,2,700.477,
783.0210,solve.va_sample,2,700.477,
783.5213,solve.va_sample,2,700.477,
784.0215,solve.va_sample,2,700.477,
784.5217,solve.va_sample,2,700.477,
785.0220,solve.va_sample,2,700.477,
785.5222,solve.va_sample,2,700.477,
786.0224,solve.va_sample,2,700.477,
786.5227,solve.va_sample,2,700.477,
787.0229,solve.va_sample,2,700.477,
787.5232,solve.va_sample,2,700.477,
788.0234,solve.va_sample,2,700.477,
788.5237,solve.va_sample,2,700.477,
789.0239,solve.va_sample,2,700.477,
789.5241,solve.va_sample,2,700.477,
790.0244,solve.va_sample,2,700.477,
790.5246,solve.va_sample,2,700.477,
791.0249,solve.va_sample,2,700.477,
791.5251,solve.va_sample,2,700.477,
792.0254,solve.va_sample,2,700.477,
792.5256,solve.va_sample,2,700.477,
793.0258,solve.va_sample,2,700.477,
793.5261,solve.va_sample,2,700.477,
794.0263,solve.va_sample,2,700.477,
794.5265,solve.va_sample,2,700.477,
795.0268,solve.va_sample,2,700.477,
795.5270,solve.va_sample,2,700.477,
796.0273,solve.va_sample,2,700.477,
796.5275,solve.va_sample,2,700.477,
797.0277,solve.va_sample,2,700.477,
797.5279,solve.va_sample,2,700.477,
798.0282,solve.va_sample,2,700.477,
798.5284,solve.va_sample,2,700.477,
799.0287,solve.va_sample,2,700.477,
799.5289,solve.va_sample,2,700.477,
800.0291,solve.va_sample,2,700.477,
800.5294,solve.va_sample,2,700.477,
801.0296,solve.va_sample,2,700.477,
801.5298,solve.va_sample,2,700.477,
802.0301,solve.va_sample,2,700.477,
802.5303,solve.va_sample,2,700.477,
803.0306,solve.va_sample,2,700.477,
803.5308,solve.va_sample,2,700.477,
804.0310,solve.va_sample,2,700.477,
804.5313,solve.va_sample,2,700.477,
805.0315,solve.va_sample,2,700.477,
805.5317,solve.va_sample,2,700.477,
806.0320,solve.va_sample,2,700.477,
806.5322,solve.va_sample,2,700.477,
807.0325,solve.va_sample,2,700.477,
807.5327,solve.va_sample,2,700.477,
808.0329,solve.va_sample,2,700.477,
808.5332,solve.va_sample,2,700.477,
809.0334,solve.va_sample,2,700.477,
809.5337,solve.va_sample,2,700.477,
810.0339,solve.va_sample,2,700.477,
810.5341,solve.va_sample,2,700.477,
811.0344,solve.va_sample,2,700.477,
811.5346,solve.va_sample,2,700.477,
812.0348,solve.va_sample,2,700.477,
812.5351,solve.va_sample,2,700.477,
813.0353,solve.va_sample,2,700.477,
813.5355,solve.va_sample,2,700.477,
814.0358,solve.va_sample,2,700.477,
814.5360,solve.va_sample,2,700.477,
815.0362,solve.va_sample,2,700.477,
815.5365,solve.va_sample,2,700.477,
816.0367,solve.va_sample,2,700.477,
816.5370,solve.va_sample,2,700.477,
817.0372,solve.va_sample,2,700.477,
817.5374,solve.va_sample,2,700.477,
818.0377,solve.va_sample,2,700.477,
818.5379,solve.va_sample,2,700.477,
819.0381,solve.va_sample,2,700.477,
819.5384,solve.va_sample,2,700.477,
820.0386,solve.va_sample,2,700.477,
820.5388,solve.va_sample,2,700.477,
821.0391,solve.va_sample,2,700.477,
821.5393,solve.va_sample,2,700.477,
822.0396,solve.va_sample,2,700.477,
822.5398,solve.va_sample,2,700.477,
823.0400,solve.va_sample,2,700.477,
823.5403,solve.va_sample,2,700.477,
824.0405,solve.va_sample,2,700.477,
824.5408,solve.va_sample,2,700.477,
825.0410,solve.va_sample,2,700.477,
825.5412,solve.va_sample,2,700.477,
826.0415,solve.va_sample,2,700.477,
826.5417,solve.va_sample,2,700.477,
827.0420,solve.va_sample,2,700.477,
827.5422,solve.va_sample,2,700.477,
828.0424,solve.va_sample,2,700.477,
828.5427,solve.va_sample,2,700.477,
829.0429,solve.va_sample,2,700.477,
829.5431,solve.va_sample,2,700.477,
830.0434,solve.va_sample,2,700.477,
830.5436,solve.va_sample,2,700.477,
831.0438,solve.va_sample,2,700.477,
831.5441,solve.va_sample,2,700.477,
832.0443,solve.va_sample,2,700.477,
832.5446,solve.va_sample,2,700.477,
833.0448,solve.va_sample,2,700.477,
833.5451,solve.va_sample,2,700.477,
834.0453,solve.va_sample,2,700.477,
834.5456,solve.va_sample,2,700.477,
835.0458,solve.va_sample,2,700.477,
835.5461,solve.va_sample,2,700.477,
836.0463,solve.va_sample,2,700.477,
836.5466,solve.va_sample,2,700.477,
837.0468,solve.va_sample,2,700.477,
837.5470,solve.va_sample,2,700.477,
838.0473,solve.va_sample,2,700.477,
838.5475,solve.va_sample,2,700.477,
839.0478,solve.va_sample,2,700.477,
839.5480,solve.va_sample,2,700.477,
840.0483,solve.va_sample,2,700.477,
840.5485,solve.va_sample,2,700.477,
841.0487,solve.va_sample,2,700.477,
841.5490,solve.va_sample,2,700.477,
842.0492,solve.va_sample,2,700.477,
842.5494,solve.va_sample,2,700.477,
843.0497,solve.va_sample,2,700.477,
843.5499,solve.va_sample,2,700.477,
844.0501,solve.va_sample,2,700.477,
844.5504,solve.va_sample,2,700.477,
845.0506,solve.va_sample,2,700.477,
845.5508,solve.va_sample,2,700.477,
846.0511,solve.va_sample,2,700.477,
846.5513,solve.va_sample,2,700.477,
847.0515,solve.va_sample,2,700.477,
847.5517,solve.va_sample,2,700.477,
848.0520,solve.va_sample,2,700.477,
848.5522,solve.va_sample,2,700.477,
849.0525,solve.va_sample,2,700.477,
849.5527,solve.va_sample,2,700.477,
850.0529,solve.va_sample,2,700.477,
850.5532,solve.va_sample,2,700.477,
851.0534,solve.va_sample,2,700.477,
851.5536,solve.va_sample,2,700.477,
852.0539,solve.va_sample,2,700.477,
852.5541,solve.va_sample,2,700.477,
853.0543,solve.va_sample,2,700.477,
853.5546,solve.va_sample,2,700.477,
854.0548,solve.va_sample,2,700.477,
854.5550,solve.va_sample,2,700.477,
855.0553,solve.va_sample,2,700.477,
855.5555,solve.va_sample,2,700.477,
856.0557,solve.va_sample,2,700.477,
856.5560,solve.va_sample,2,700.477,
857.0562,solve.va_sample,2,700.477,
857.5565,solve.va_sample,2,700.477,
858.0567,solve.va_sample,2,700.477,
858.5569,solve.va_sample,2,700.477,
859.0572,solve.va_sample,2,700.477,
859.5574,solve.va_sample,2,700.477,
860.0577,solve.va_sample,2,700.477,
860.5579,solve.va_sample,2,700.477,
861.0581,solve.va_sample,2,700.477,
861.5584,solve.va_sample,2,700.477,
862.0586,solve.va_sample,2,700.477,
862.5589,solve.va_sample,2,700.477,
863.0592,solve.va_sample,2,700.477,
863.5594,solve.va_sample,2,700.477,
864.0597,solve.va_sample,2,700.477,
864.5599,solve.va_sample,2,700.477,
865.0602,solve.va_sample,2,700.477,
865.5604,solve.va_sample,2,700.477,
866.0606,solve.va_sample,2,700.477,
866.5609,solve.va_sample,2,700.477,
867.0611,solve.va_sample,2,700.477,
867.5614,solve.va_sample,2,700.477,
868.0616,solve.va_sample,2,700.477,
868.5619,solve.va_sample,2,700.477,
869.0621,solve.va_sample,2,700.477,
869.5624,solve.va_sample,2,700.477,
870.0626,solve.va_sample,2,700.477,
870.5628,solve.va_sample,2,700.477,
871.0631,solve.va_sample,2,700.477,
871.5633,solve.va_sample,2,700.477,
872.0636,solve.va_sample,2,700.477,
872.5638,solve.va_sample,2,700.477,
873.0640,solve.va_sample,2,700.477,
873.5643,solve.va_sample,2,700.477,
874.0645,solve.va_sample,2,700.477,
874.5648,solve.va_sample,2,700.477,
875.0650,solve.va_sample,2,700.477,
875.5652,solve.va_sample,2,700.477,
876.0655,solve.va_sample,2,700.477,
876.5657,solve.va_sample,2,700.477,
877.0660,solve.va_sample,2,700.477,
877.5662,solve.va_sample,2,700.477,
878.0665,solve.va_sample,2,700.477,
878.5667,solve.va_sample,2,700.477,
879.0669,solve.va_sample,2,700.477,
879.5672,solve.va_sample,2,700.477,
880.0674,solve.va_sample,2,700.477,
880.5677,solve.va_sample,2,700.477,
881.0679,solve.va_sample,2,700.477,
881.5681,solve.va_sample,2,700.477,
882.0684,solve.va_sample,2,700.477,
882.5686,solve.va_sample,2,700.477,
883.0688,solve.va_sample,2,700.477,
883.5691,solve.va_sample,2,700.477,
884.0693,solve.va_sample,2,700.477,
884.5696,solve.va_sample,2,700.477,
885.0698,solve.va_sample,2,700.477,
885.5701,solve.va_sample,2,700.477,
886.0703,solve.va_sample,2,700.477,
886.5705,solve.va_sample,2,700.477,
887.0708,solve.va_sample,2,700.477,
887.5710,solve.va_sample,2,700.477,
888.0713,solve.va_sample,2,700.477,
888.5715,solve.va_sample,2,700.477,
889.0718,solve.va_sample,2,700.477,
889.5720,solve.va_sample,2,700.477,
890.0722,solve.va_sample,2,700.477,
890.5725,solve.va_sample,2,700.477,
891.0727,solve.va_sample,2,700.477,
891.5730,solve.va_sample,2,700.477,
892.0733,solve.va_sample,2,700.477,
892.5735,solve.va_sample,2,700.477,
893.0738,solve.va_sample,2,700.477,
893.5740,solve.va_sample,2,700.477,
894.0743,solve.va_sample,2,700.477,
894.5745,solve.va_sample,2,700.477,
895.0748,solve.va_sample,2,700.477,
895.5750,solve.va_sample,2,700.477,
896.0753,solve.va_sample,2,700.477,
896.5755,solve.va_sample,2,700.477,
897.0758,solve.va_sample,2,700.477,
897.5760,solve.va_sample,2,700.477,
898.0763,solve.va_sample,2,700.477,
898.5765,solve.va_sample,2,700.477,
899.0768,solve.va_sample,2,700.477,
899.5770,solve.va_sample,2,700.477,
900.0773,solve.va_sample,2,700.477,
900.5775,solve.va_sample,2,700.477,
901.0777,solve.va_sample,2,700.477,
901.5780,solve.va_sample,2,700.477,
902.0782,solve.va_sample,2,700.477,
902.5785,solve.va_sample,2,700.477,
903.0787,solve.va_sample,2,700.477,
903.5790,solve.va_sample,2,700.477,
904.0792,solve.va_sample,2,700.477,
904.5794,solve.va_sample,2,700.477,
905.0797,solve.va_sample,2,700.477,
905.5799,solve.va_sample,2,700.477,
906.0801,solve.va_sample,2,700.477,
906.5804,solve.va_sample,2,700.477,
907.0806,solve.va_sample,2,700.477,
907.5808,solve.va_sample,2,700.477,
908.0811,solve.va_sample,2,700.477,
908.5813,solve.va_sample,2,700.477,
909.0816,solve.va_sample,2,700.477,
909.5818,solve.va_sample,2,700.477,
910.0820,solve.va_sample,2,700.477,
910.5823,solve.va_sample,2,700.477,
911.0825,solve.va_sample,2,700.477,
911.5827,solve.va_sample,2,700.477,
912.0830,solve.va_sample,2,700.477,
912.5832,solve.va_sample,2,700.477,
913.0834,solve.va_sample,2,700.477,
913.5837,solve.va_sample,2,700.477,
914.0839,solve.va_sample,2,700.477,
914.5841,solve.va_sample,2,700.477,
915.0844,solve.va_sample,2,700.477,
915.5846,solve.va_sample,2,700.477,
916.0848,solve.va_sample,2,700.477,
916.5851,solve.va_sample,2,700.477,
917.0853,solve.va_sample,2,700.477,
917.5856,solve.va_sample,2,700.477,
918.0858,solve.va_sample,2,700.477,
918.5860,solve.va_sample,2,700.477,
919.0863,solve.va_sample,2,700.477,
919.5865,solve.va_sample,2,700.477,
920.0867,solve.va_sample,2,700.477,
920.5870,solve.va_sample,2,700.477,
921.0872,solve.va_sample,2,700.477,
921.5875,solve.va_sample,2,700.477,
922.0877,solve.va_sample,2,700.477,
922.5880,solve.va_sample,2,700.477,
923.0882,solve.va_sample,2,700.477,
923.5885,solve.va_sample,2,700.477,
924.0887,solve.va_sample,2,700.477,
924.5890,solve.va_sample,2,700.477,
925.0892,solve.va_sample,2,700.477,
925.5894,solve.va_sample,2,700.477,
926.0897,solve.va_sample,2,700.477,
926.5899,solve.va_sample,2,700.477,
927.0902,solve.va_sample,2,700.477,
927.5904,solve.va_sample,2,700.477,
928.0906,solve.va_sample,2,700.477,
928.5909,solve.va_sample,2,700.477,
929.0911,solve.va_sample,2,700.477,
929.5913,solve.va_sample,2,700.477,
930.0916,solve.va_sample,2,700.477,
930.5918,solve.va_sample,2,700.477,
931.0921,solve.va_sample,2,700.477,
931.5923,solve.va_sample,2,700.477,
932.0926,solve.va_sample,2,700.477,
932.5928,solve.va_sample,2,700.477,
933.0930,solve.va_sample,2,700.477,
933.5933,solve.va_sample,2,700.477,
934.0935,solve.va_sample,2,700.734,
934.5938,solve.va_sample,2,700.734,
935.0940,solve.va_sample,2,700.734,
935.5942,solve.va_sample,2,700.734,
936.0945,solve.va_sample,2,700.734,
936.5947,solve.va_sample,2,700.734,
937.0950,solve.va_sample,2,700.734,
937.5952,solve.va_sample,2,700.734,
938.0954,solve.va_sample,2,700.734,
938.5957,solve.va_sample,2,700.734,
939.0959,solve.va_sample,2,700.734,
939.5962,solve.va_sample,2,700.734,
940.0964,solve.va_sample,2,700.734,
940.5967,solve.va_sample,2,700.734,
941.0969,solve.va_sample,2,700.734,
941.5971,solve.va_sample,2,700.734,
942.0974,solve.va_sample,2,700.734,
942.5976,solve.va_sample,2,700.734,
943.0978,solve.va_sample,2,700.734,
943.5981,solve.va_sample,2,700.734,
944.0984,solve.va_sample,2,700.734,
944.5986,solve.va_sample,2,700.734,
945.0989,solve.va_sample,2,700.734,
945.5991,solve.va_sample,2,700.734,
946.0993,solve.va_sample,2,700.734,
946.5996,solve.va_sample,2,700.734,
947.0998,solve.va_sample,2,700.734,
947.6001,solve.va_sample,2,700.734,
948.1003,solve.va_sample,2,700.734,
948.6006,solve.va_sample,2,700.734,
949.1008,solve.va_sample,2,700.734,
949.6011,solve.va_sample,2,700.734,
950.1013,solve.va_sample,2,700.734,
950.6015,solve.va_sample,2,700.734,
951.1019,solve.va_sample,2,700.734,
951.6021,solve.va_sample,2,700.734,
952.1024,solve.va_sample,2,700.734,
952.6026,solve.va_sample,2,700.734,
953.1028,solve.va_sample,2,700.734,
953.6031,solve.va_sample,2,700.734,
954.1033,solve.va_sample,2,700.734,
954.6035,solve.va_sample,2,700.734,
955.1038,solve.va_sample,2,700.734,
955.6040,solve.va_sample,2,700.734,
956.1043,solve.va_sample,2,700.734,
956.6045,solve.va_sample,2,700.734,
957.1047,solve.va_sample,2,700.734,
957.6050,solve.va_sample,2,700.734,
958.1053,solve.va_sample,2,700.734,
958.6055,solve.va_sample,2,700.734,
959.1057,solve.va_sample,2,700.734,
959.6060,solve.va_sample,2,700.734,
960.1062,solve.va_sample,2,700.734,
960.6065,solve.va_sample,2,700.734,
961.1067,solve.va_sample,2,700.734,
961.6069,solve.va_sample,2,700.734,
962.1072,solve.va_sample,2,700.734,
962.6074,solve.va_sample,2,700.734,
963.1077,solve.va_sample,2,700.734,
963.6079,solve.va_sample,2,700.734,
964.1081,solve.va_sample,2,700.734,
964.6084,solve.va_sample,2,700.734,
965.1086,solve.va_sample,2,700.734,
965.6088,solve.va_sample,2,700.734,
966.1091,solve.va_sample,2,700.734,
966.6093,solve.va_sample,2,700.734,
967.1096,solve.va_sample,2,700.734,
967.6098,solve.va_sample,2,700.734,
968.1100,solve.va_sample,2,700.734,
968.6103,solve.va_sample,2,700.734,
969.1105,solve.va_sample,2,700.734,
969.6108,solve.va_sample,2,700.734,
970.1110,solve.va_sample,2,700.734,
970.6113,solve.va_sample,2,700.734,
971.1115,solve.va_sample,2,700.734,
971.6117,solve.va_sample,2,700.734,
972.1120,solve.va_sample,2,700.734,
972.6122,solve.va_sample,2,700.734,
973.1124,solve.va_sample,2,700.734,
973.6127,solve.va_sample,2,700.734,
974.1129,solve.va_sample,2,700.734,
974.6132,solve.va_sample,2,700.734,
975.1134,solve.va_sample,2,700.734,
975.6136,solve.va_sample,2,700.734,
976.1139,solve.va_sample,2,700.734,
976.6141,solve.va_sample,2,700.734,
977.1143,solve.va_sample,2,700.734,
977.6145,solve.va_sample,2,700.734,
978.1148,solve.va_sample,2,700.734,
978.6150,solve.va_sample,2,700.734,
979.1153,solve.va_sample,2,700.734,
979.6155,solve.va_sample,2,700.734,
980.1157,solve.va_sample,2,700.734,
980.6160,solve.va_sample,2,700.734,
981.1162,solve.va_sample,2,700.734,
981.6164,solve.va_sample,2,700.734,
982.1167,solve.va_sample,2,700.734,
982.6169,solve.va_sample,2,700.734,
983.1172,solve.va_sample,2,700.734,
983.6174,solve.va_sample,2,700.734,
984.1177,solve.va_sample,2,700.734,
984.6179,solve.va_sample,2,700.734,
985.1181,solve.va_sample,2,700.734,
985.6184,solve.va_sample,2,700.734,
986.1186,solve.va_sample,2,700.734,
986.6188,solve.va_sample,2,700.734,
987.1191,solve.va_sample,2,700.734,
987.6193,solve.va_sample,2,700.734,
988.1195,solve.va_sample,2,700.734,
988.6198,solve.va_sample,2,700.734,
989.1200,solve.va_sample,2,700.734,
989.6202,solve.va_sample,2,700.734,
990.1205,solve.va_sample,2,700.734,
990.6207,solve.va_sample,2,700.734,
991.1209,solve.va_sample,2,700.734,
991.6212,solve.va_sample,2,700.734,
992.1214,solve.va_sample,2,700.734,
992.6217,solve.va_sample,2,700.734,
993.1219,solve.va_sample,2,700.734,
993.6221,solve.va_sample,2,700.734,
994.1224,solve.va_sample,2,700.734,
994.6226,solve.va_sample,2,700.734,
995.1229,solve.va_sample,2,700.734,
995.6231,solve.va_sample,2,700.734,
996.1234,solve.va_sample,2,700.734,
996.6236,solve.va_sample,2,700.734,
997.1239,solve.va_sample,2,700.734,
997.6241,solve.va_sample,2,700.734,
998.1243,solve.va_sample,2,700.734,
998.6246,solve.va_sample,2,700.734,
999.1248,solve.va_sample,2,700.734,
999.6251,solve.va_sample,2,700.734,
1000.1253,solve.va_sample,2,700.734,
1000.6256,solve.va_sample,2,700.734,
1001.1259,solve.va_sample,2,700.734,
1001.6262,solve.va_sample,2,700.734,
1002.1264,solve.va_sample,2,700.734,
1002.6267,solve.va_sample,2,700.734,
1003.1269,solve.va_sample,2,700.734,
1003.6271,solve.va_sample,2,700.734,
1004.1274,solve.va_sample,2,700.734,
1004.6277,solve.va_sample,2,700.734,
1005.1279,solve.va_sample,2,700.734,
1005.6281,solve.va_sample,2,700.734,
1006.1284,solve.va_sample,2,700.734,
1006.6286,solve.va_sample,2,700.734,
1007.1289,solve.va_sample,2,700.734,
1007.6291,solve.va_sample,2,700.734,
1008.1294,solve.va_sample,2,700.734,
1008.6296,solve.va_sample,2,700.734,
1009.1298,solve.va_sample,2,700.734,
1009.6301,solve.va_sample,2,700.734,
1010.1304,solve.va_sample,2,700.734,
1010.6306,solve.va_sample,2,700.734,
1011.1309,solve.va_sample,2,700.734,
1011.6311,solve.va_sample,2,700.734,
1012.1314,solve.va_sample,2,700.734,
1012.6316,solve.va_sample,2,700.734,
1013.1318,solve.va_sample,2,700.734,
1013.6321,solve.va_sample,2,700.734,
1014.1323,solve.va_sample,2,700.734,
1014.6326,solve.va_sample,2,700.734,
1015.1328,solve.va_sample,2,700.734,
1015.6330,solve.va_sample,2,700.734,
1016.1333,solve.va_sample,2,700.734,
1016.6335,solve.va_sample,2,700.734,
1017.1338,solve.va_sample,2,700.734,
1017.6340,solve.va_sample,2,700.734,
1018.1343,solve.va_sample,2,700.734,
1018.6345,solve.va_sample,2,700.734,
1019.1347,solve.va_sample,2,700.734,
1019.6350,solve.va_sample,2,700.734,
1020.1352,solve.va_sample,2,700.734,
1020.6354,solve.va_sample,2,700.734,
1021.1357,solve.va_sample,2,700.734,
1021.6359,solve.va_sample,2,700.734,
1022.1361,solve.va_sample,2,700.734,
1022.6363,solve.va_sample,2,700.734,
1023.1366,solve.va_sample,2,700.734,
1023.6368,solve.va_sample,2,700.734,
1024.1371,solve.va_sample,2,700.734,
1024.6373,solve.va_sample,2,700.734,
1025.1375,solve.va_sample,2,700.734,
1025.6378,solve.va_sample,2,700.734,
1026.1380,solve.va_sample,2,700.734,
1026.6382,solve.va_sample,2,700.734,
1027.1385,solve.va_sample,2,700.734,
1027.6387,solve.va_sample,2,700.734,
1028.1390,solve.va_sample,2,700.734,
1028.6392,solve.va_sample,2,700.734,
1029.1394,solve.va_sample,2,700.734,
1029.6397,solve.va_sample,2,700.734,
1030.1399,solve.va_sample,2,700.734,
1030.6401,solve.va_sample,2,700.734,
1031.1404,solve.va_sample,2,700.734,
1031.6406,solve.va_sample,2,700.734,
1032.1408,solve.va_sample,2,700.734,
1032.6411,solve.va_sample,2,700.734,
1033.1413,solve.va_sample,2,700.734,
1033.6415,solve.va_sample,2,700.734,
1034.1418,solve.va_sample,2,700.734,
1034.6420,solve.va_sample,2,700.734,
1035.1422,solve.va_sample,2,700.734,
1035.6425,solve.va_sample,2,700.734,
1036.1427,solve.va_sample,2,700.734,
1036.6430,solve.va_sample,2,700.734,
1037.1432,solve.va_sample,2,700.734,
1037.6434,solve.va_sample,2,700.734,
1038.1437,solve.va_sample,2,700.734,
1038.6439,solve.va_sample,2,700.734,
1039.1442,solve.va_sample,2,700.734,
1039.6444,solve.va_sample,2,700.734,
1040.1446,solve.va_sample,2,700.734,
1040.6449,solve.va_sample,2,700.734,
1041.1451,solve.va_sample,2,700.734,
1041.6453,solve.va_sample,2,700.734,
1042.1456,solve.va_sample,2,700.734,
1042.6458,solve.va_sample,2,700.734,
1043.1460,solve.va_sample,2,700.734,
1043.6463,solve.va_sample,2,700.734,
1044.1465,solve.va_sample,2,700.734,
1044.6467,solve.va_sample,2,700.734,
1045.1470,solve.va_sample,2,700.734,
1045.6472,solve.va_sample,2,700.734,
1046.1474,solve.va_sample,2,700.734,
1046.6477,solve.va_sample,2,700.734,
1047.1479,solve.va_sample,2,700.734,
1047.6481,solve.va_sample,2,700.734,
1048.1484,solve.va_sample,2,700.734,
1048.6486,solve.va_sample,2,700.734,
1049.1489,solve.va_sample,2,700.734,
1049.6491,solve.va_sample,2,700.734,
1050.1494,solve.va_sample,2,700.734,
1050.6496,solve.va_sample,2,700.734,
1051.1499,solve.va_sample,2,700.734,
1051.6501,solve.va_sample,2,700.734,
1052.1503,solve.va_sample,2,700.734,
1052.6506,solve.va_sample,2,700.734,
1053.1508,solve.va_sample,2,700.734,
1053.6510,solve.va_sample,2,700.734,
1054.1513,solve.va_sample,2,700.734,
1054.6515,solve.va_sample,2,700.734,
1055.1517,solve.va_sample,2,700.734,
1055.6520,solve.va_sample,2,700.734,
1056.1522,solve.va_sample,2,700.734,
1056.6525,solve.va_sample,2,700.734,
1057.1527,solve.va_sample,2,700.734,
1057.6529,solve.va_sample,2,700.734,
1058.1532,solve.va_sample,2,700.734,
1058.6534,solve.va_sample,2,700.734,
1059.1537,solve.va_sample,2,700.734,
1059.6539,solve.va_sample,2,700.734,
1060.1541,solve.va_sample,2,700.734,
1060.6544,solve.va_sample,2,700.734,
1061.1546,solve.va_sample,2,700.734,
1061.6548,solve.va_sample,2,700.734,
1062.1551,solve.va_sample,2,700.734,
1062.6553,solve.va_sample,2,700.734,
1063.1555,solve.va_sample,2,700.734,
1063.6558,solve.va_sample,2,700.734,
1064.1560,solve.va_sample,2,700.734,
1064.6563,solve.va_sample,2,700.734,
1065.1565,solve.va_sample,2,700.734,
1065.6567,solve.va_sample,2,700.734,
1066.1570,solve.va_sample,2,700.734,
1066.6572,solve.va_sample,2,700.734,
1067.1574,solve.va_sample,2,700.734,
1067.6577,solve.va_sample,2,700.734,
1068.1579,solve.va_sample,2,700.734,
1068.6582,solve.va_sample,2,700.734,
1069.1584,solve.va_sample,2,700.734,
1069.6586,solve.va_sample,2,700.734,
1070.1589,solve.va_sample,2,700.734,
1070.6591,solve.va_sample,2,700.734,
1071.1593,solve.va_sample,2,700.734,
1071.6596,solve.va_sample,2,700.734,
1072.1598,solve.va_sample,2,700.734,
1072.6600,solve.va_sample,2,700.734,
1073.1603,solve.va_sample,2,700.734,
1073.6605,solve.va_sample,2,700.734,
1074.1607,solve.va_sample,2,700.734,
1074.6610,solve.va_sample,2,700.734,
1075.1612,solve.va_sample,2,700.734,
1075.6615,solve.va_sample,2,700.734,
1076.1617,solve.va_sample,2,700.734,
1076.6619,solve.va_sample,2,700.734,
1077.1621,solve.va_sample,2,700.734,
1077.6624,solve.va_sample,2,700.734,
1078.1626,solve.va_sample,2,700.734,
1078.6628,solve.va_sample,2,700.734,
1079.1631,solve.va_sample,2,700.734,
1079.6633,solve.va_sample,2,700.734,
1080.1635,solve.va_sample,2,700.734,
1080.6638,solve.va_sample,2,700.734,
1081.1640,solve.va_sample,2,700.734,
1081.6643,solve.va_sample,2,700.734,
1082.1645,solve.va_sample,2,700.734,
1082.6647,solve.va_sample,2,700.734,
1083.1650,solve.va_sample,2,700.734,
1083.6652,solve.va_sample,2,700.734,
1084.1654,solve.va_sample,2,700.734,
1084.6657,solve.va_sample,2,700.734,
1085.1659,solve.va_sample,2,700.734,
1085.6661,solve.va_sample,2,700.734,
1086.1663,solve.va_sample,2,700.734,
1086.6666,solve.va_sample,2,700.734,
1087.1668,solve.va_sample,2,700.734,
1087.6670,solve.va_sample,2,700.734,
1088.1672,solve.va_sample,2,700.734,
1088.6675,solve.va_sample,2,700.734,
1089.1677,solve.va_sample,2,700.734,
1089.6679,solve.va_sample,2,700.734,
1090.1682,solve.va_sample,2,700.734,
1090.6684,solve.va_sample,2,700.734,
1091.1687,solve.va_sample,2,700.734,
1091.6689,solve.va_sample,2,700.734,
1092.1691,solve.va_sample,2,700.734,
1092.6694,solve.va_sample,2,700.734,
1093.1696,solve.va_sample,2,700.734,
1093.6698,solve.va_sample,2,700.734,
1094.1701,solve.va_sample,2,700.734,
1094.6703,solve.va_sample,2,700.734,
1095.1705,solve.va_sample,2,700.734,
1095.6708,solve.va_sample,2,700.734,
1096.1710,solve.va_sample,2,700.734,
1096.6712,solve.va_sample,2,700.734,
1097.1715,solve.va_sample,2,700.734,
1097.6717,solve.va_sample,2,700.734,
1098.1719,solve.va_sample,2,700.734,
1098.6722,solve.va_sample,2,700.734,
1099.1724,solve.va_sample,2,700.734,
1099.6727,solve.va_sample,2,700.734,
1100.1729,solve.va_sample,2,700.734,
1100.6731,solve.va_sample,2,700.734,
1101.1734,solve.va_sample,2,700.734,
1101.6737,solve.va_sample,2,700.734,
1102.1739,solve.va_sample,2,700.734,
1102.6741,solve.va_sample,2,700.734,
1103.1744,solve.va_sample,2,700.734,
1103.6746,solve.va_sample,2,700.734,
1104.1748,solve.va_sample,2,700.734,
1104.6751,solve.va_sample,2,700.734,
1105.1753,solve.va_sample,2,700.734,
1105.6756,solve.va_sample,2,700.734,
1106.1758,solve.va_sample,2,700.734,
1106.6760,solve.va_sample,2,700.734,
1107.1763,solve.va_sample,2,700.734,
1107.6765,solve.va_sample,2,700.734,
1108.1767,solve.va_sample,2,700.734,
1108.6770,solve.va_sample,2,700.734,
1109.1772,solve.va_sample,2,700.734,
1109.6775,solve.va_sample,2,700.734,
1110.1777,solve.va_sample,2,700.734,
1110.6779,solve.va_sample,2,700.734,
1111.1781,solve.va_sample,2,700.734,
1111.6784,solve.va_sample,2,700.734,
1112.1786,solve.va_sample,2,700.734,
1112.6788,solve.va_sample,2,700.734,
1113.1791,solve.va_sample,2,700.734,
1113.6793,solve.va_sample,2,700.734,
1114.1795,solve.va_sample,2,700.734,
1114.6798,solve.va_sample,2,700.734,
1115.1800,solve.va_sample,2,700.734,
1115.6803,solve.va_sample,2,700.734,
1116.1805,solve.va_sample,2,700.734,
1116.6807,solve.va_sample,2,700.734,
1117.1810,solve.va_sample,2,700.734,
1117.6812,solve.va_sample,2,700.734,
1118.1814,solve.va_sample,2,700.734,
1118.6817,solve.va_sample,2,700.734,
1119.1819,solve.va_sample,2,700.734,
1119.6821,solve.va_sample,2,700.734,
1120.1824,solve.va_sample,2,700.734,
1120.6826,solve.va_sample,2,700.734,
1121.1828,solve.va_sample,2,700.734,
1121.6830,solve.va_sample,2,700.734,
1122.1833,solve.va_sample,2,700.734,
1122.6835,solve.va_sample,2,700.734,
1123.1838,solve.va_sample,2,700.734,
1123.6840,solve.va_sample,2,700.734,
1124.1842,solve.va_sample,2,700.734,
1124.6845,solve.va_sample,2,700.734,
1125.1847,solve.va_sample,2,700.734,
1125.6849,solve.va_sample,2,700.734,
1126.1852,solve.va_sample,2,700.734,
1126.6854,solve.va_sample,2,700.734,
1127.1856,solve.va_sample,2,700.734,
1127.6859,solve.va_sample,2,700.734,
1128.1861,solve.va_sample,2,700.734,
1128.6863,solve.va_sample,2,700.734,
1129.1866,solve.va_sample,2,700.734,
1129.6868,solve.va_sample,2,700.734,
1130.1870,solve.va_sample,2,700.734,
1130.6873,solve.va_sample,2,700.734,
1131.1875,solve.va_sample,2,700.734,
1131.6877,solve.va_sample,2,700.734,
1132.1880,solve.va_sample,2,700.734,
1132.6882,solve.va_sample,2,700.734,
1133.1884,solve.va_sample,2,700.734,
1133.6887,solve.va_sample,2,700.734,
1134.1889,solve.va_sample,2,700.734,
1134.6891,solve.va_sample,2,700.734,
1135.1894,solve.va_sample,2,700.734,
1135.6896,solve.va_sample,2,700.734,
1136.1899,solve.va_sample,2,700.734,
1136.6901,solve.va_sample,2,700.734,
1137.1903,solve.va_sample,2,700.734,
1137.6906,solve.va_sample,2,700.734,
1138.1908,solve.va_sample,2,700.734,
1138.6910,solve.va_sample,2,700.734,
1139.1912,solve.va_sample,2,700.734,
1139.6915,solve.va_sample,2,700.734,
1140.1917,solve.va_sample,2,700.734,
1140.6919,solve.va_sample,2,700.734,
1141.1922,solve.va_sample,2,700.734,
1141.6924,solve.va_sample,2,700.734,
1142.1926,solve.va_sample,2,700.734,
1142.6929,solve.va_sample,2,700.734,
1143.1931,solve.va_sample,2,700.734,
1143.6933,solve.va_sample,2,700.734,
1144.1936,solve.va_sample,2,700.734,
1144.6938,solve.va_sample,2,700.734,
1145.1941,solve.va_sample,2,700.734,
1145.6943,solve.va_sample,2,700.734,
1146.1946,solve.va_sample,2,700.734,
1146.6948,solve.va_sample,2,700.734,
1147.1950,solve.va_sample,2,700.734,
1147.6953,solve.va_sample,2,700.734,
1148.1956,solve.va_sample,2,700.734,
1148.6959,solve.va_sample,2,700.734,
1149.1961,solve.va_sample,2,700.734,
1149.6963,solve.va_sample,2,700.734,
1150.1966,solve.va_sample,2,700.734,
1150.6968,solve.va_sample,2,700.734,
1151.1970,solve.va_sample,2,700.734,
1151.6973,solve.va_sample,2,700.734,
1152.1975,solve.va_sample,2,700.734,
1152.6978,solve.va_sample,2,700.734,
1153.1980,solve.va_sample,2,700.734,
1153.6983,solve.va_sample,2,700.734,
1154.1985,solve.va_sample,2,700.734,
1154.6988,solve.va_sample,2,700.734,
1155.1990,solve.va_sample,2,700.734,
1155.6993,solve.va_sample,2,700.734,
1156.1995,solve.va_sample,2,700.734,
1156.6998,solve.va_sample,2,700.734,
1157.2000,solve.va_sample,2,700.734,
1157.7003,solve.va_sample,2,700.734,
1158.2005,solve.va_sample,2,700.734,
1158.7007,solve.va_sample,2,700.734,
1159.2010,solve.va_sample,2,700.734,
1159.7012,solve.va_sample,2,700.734,
1160.2014,solve.va_sample,2,700.734,
1160.7017,solve.va_sample,2,700.734,
1161.2019,solve.va_sample,2,700.734,
1161.7021,solve.va_sample,2,700.734,
1162.2024,solve.va_sample,2,700.734,
1162.7026,solve.va_sample,2,700.734,
1163.2029,solve.va_sample,2,700.734,
1163.7032,solve.va_sample,2,700.734,
1164.2034,solve.va_sample,2,700.734,
1164.7037,solve.va_sample,2,700.734,
1165.2039,solve.va_sample,2,700.734,
1165.7042,solve.va_sample,2,700.734,
1166.2044,solve.va_sample,2,700.734,
1166.7047,solve.va_sample,2,700.734,
1167.2049,solve.va_sample,2,700.734,
1167.7051,solve.va_sample,2,700.734,
1168.2054,solve.va_sample,2,700.734,
1168.7056,solve.va_sample,2,700.734,
1169.2059,solve.va_sample,2,700.734,
1169.7061,solve.va_sample,2,700.734,
1170.2063,solve.va_sample,2,700.734,
1170.7066,solve.va_sample,2,700.734,
1171.2068,solve.va_sample,2,700.734,
1171.7071,solve.va_sample,2,700.734,
1172.2073,solve.va_sample,2,700.734,
1172.7075,solve.va_sample,2,700.734,
1173.2078,solve.va_sample,2,700.734,
1173.7080,solve.va_sample,2,700.734,
1174.2083,solve.va_sample,2,700.734,
1174.7085,solve.va_sample,2,700.734,
1175.2087,solve.va_sample,2,700.734,
1175.7090,solve.va_sample,2,700.734,
1176.2092,solve.va_sample,2,700.734,
1176.7095,solve.va_sample,2,700.734,
1177.2097,solve.va_sample,2,700.734,
1177.7100,solve.va_sample,2,700.734,
1178.2102,solve.va_sample,2,700.734,
1178.7104,solve.va_sample,2,700.734,
1179.2107,solve.va_sample,2,700.734,
1179.7109,solve.va_sample,2,700.734,
1180.2112,solve.va_sample,2,700.734,
1180.7114,solve.va_sample,2,700.734,
1181.2117,solve.va_sample,2,700.734,
1181.7119,solve.va_sample,2,700.734,
1182.2121,solve.va_sample,2,700.734,
1182.7124,solve.va_sample,2,700.734,
1183.2126,solve.va_sample,2,700.734,
1183.7128,solve.va_sample,2,700.734,
1184.2131,solve.va_sample,2,700.734,
1184.7133,solve.va_sample,2,700.734,
1185.2135,solve.va_sample,2,700.734,
1185.7138,solve.va_sample,2,700.734,
1186.2140,solve.va_sample,2,700.734,
1186.7142,solve.va_sample,2,700.734,
1187.2145,solve.va_sample,2,700.734,
1187.7147,solve.va_sample,2,700.734,
1188.2150,solve.va_sample,2,700.734,
1188.7152,solve.va_sample,2,700.734,
1189.2154,solve.va_sample,2,700.734,
1189.7157,solve.va_sample,2,700.734,
1190.2159,solve.va_sample,2,700.734,
1190.7162,solve.va_sample,2,700.734,
1191.2164,solve.va_sample,2,700.734,
1191.7166,solve.va_sample,2,700.734,
1192.2169,solve.va_sample,2,700.734,
1192.7171,solve.va_sample,2,700.734,
1193.2174,solve.va_sample,2,700.734,
1193.7176,solve.va_sample,2,700.734,
1194.2179,solve.va_sample,2,700.734,
1194.7181,solve.va_sample,2,700.734,
1195.2184,solve.va_sample,2,700.734,
1195.7186,solve.va_sample,2,700.734,
1196.2188,solve.va_sample,2,700.734,
1196.7191,solve.va_sample,2,700.734,
1197.2193,solve.va_sample,2,700.734,
1197.7195,solve.va_sample,2,700.734,
1198.2198,solve.va_sample,2,700.734,
1198.7200,solve.va_sample,2,700.734,
1199.2203,solve.va_sample,2,700.734,
1199.7205,solve.va_sample,2,700.734,
1200.2207,solve.va_sample,2,700.734,
1200.7210,solve.va_sample,2,700.734,
1201.2212,solve.va_sample,2,700.734,
1201.7215,solve.va_sample,2,700.734,
1202.2217,solve.va_sample,2,700.734,
1202.7219,solve.va_sample,2,700.734,
1203.2222,solve.va_sample,2,700.734,
1203.7224,solve.va_sample,2,700.734,
1204.2227,solve.va_sample,2,700.734,
1204.7229,solve.va_sample,2,700.734,
1205.2232,solve.va_sample,2,700.734,
1205.7235,solve.va_sample,2,700.734,
1206.2237,solve.va_sample,2,700.734,
1206.7239,solve.va_sample,2,700.734,
1207.2242,solve.va_sample,2,700.734,
1207.7244,solve.va_sample,2,700.734,
1208.2247,solve.va_sample,2,700.734,
1208.7249,solve.va_sample,2,700.734,
1209.2251,solve.va_sample,2,700.734,
1209.7254,solve.va_sample,2,700.734,
1210.2256,solve.va_sample,2,700.734,
1210.7259,solve.va_sample,2,700.734,
1211.2261,solve.va_sample,2,700.734,
1211.7263,solve.va_sample,2,700.734,
1212.2266,solve.va_sample,2,700.734,
1212.7268,solve.va_sample,2,700.734,
1213.2271,solve.va_sample,2,700.734,
1213.7273,solve.va_sample,2,700.734,
1214.2276,solve.va_sample,2,700.734,
1214.7278,solve.va_sample,2,700.734,
1215.2280,solve.va_sample,2,700.734,
1215.7283,solve.va_sample,2,700.734,
1216.2285,solve.va_sample,2,700.734,
1216.7287,solve.va_sample,2,700.734,
1217.2290,solve.va_sample,2,700.734,
1217.7292,solve.va_sample,2,700.734,
1218.2294,solve.va_sample,2,700.734,
1218.7297,solve.va_sample,2,700.734,
1219.2299,solve.va_sample,2,700.734,
1219.7301,solve.va_sample,2,700.734,
1220.2304,solve.va_sample,2,700.734,
1220.7306,solve.va_sample,2,700.734,
1221.2309,solve.va_sample,2,700.734,
1221.7311,solve.va_sample,2,700.734,
1222.2314,solve.va_sample,2,700.734,
1222.7317,solve.va_sample,2,700.734,
1223.2319,solve.va_sample,2,700.734,
1223.7322,solve.va_sample,2,700.734,
1224.2324,solve.va_sample,2,700.734,
1224.7327,solve.va_sample,2,700.734,
1225.2329,solve.va_sample,2,700.734,
1225.7331,solve.va_sample,2,700.734,
1226.2334,solve.va_sample,2,700.734,
1226.7336,solve.va_sample,2,700.734,
1227.2339,solve.va_sample,2,700.734,
1227.7341,solve.va_sample,2,700.734,
1228.2344,solve.va_sample,2,700.734,
1228.7346,solve.va_sample,2,700.734,
1229.2348,solve.va_sample,2,700.734,
1229.7351,solve.va_sample,2,700.734,
1230.2353,solve.va_sample,2,700.734,
1230.7356,solve.va_sample,2,700.734,
1231.2358,solve.va_sample,2,700.734,
1231.7360,solve.va_sample,2,700.734,
1232.2363,solve.va_sample,2,700.734,
1232.7365,solve.va_sample,2,700.734,
1233.2368,solve.va_sample,2,700.734,
1233.7370,solve.va_sample,2,700.734,
1234.2372,solve.va_sample,2,700.734,
1234.7375,solve.va_sample,2,700.734,
1235.2377,solve.va_sample,2,700.734,
1235.7379,solve.va_sample,2,700.734,
1236.2382,solve.va_sample,2,700.734,
1236.7384,solve.va_sample,2,700.734,
1237.2387,solve.va_sample,2,700.734,
1237.7389,solve.va_sample,2,700.734,
1238.2391,solve.va_sample,2,700.734,
1238.7394,solve.va_sample,2,700.734,
1239.2396,solve.va_sample,2,700.734,
1239.7399,solve.va_sample,2,700.734,
1240.2401,solve.va_sample,2,700.734,
1240.7404,solve.va_sample,2,700.734,
1241.2406,solve.va_sample,2,700.734,
1241.7408,solve.va_sample,2,700.734,
1242.2411,solve.va_sample,2,700.734,
1242.7413,solve.va_sample,2,700.734,
1243.2415,solve.va_sample,2,700.734,
1243.7418,solve.va_sample,2,700.734,
1244.2420,solve.va_sample,2,700.734,
1244.7423,solve.va_sample,2,700.734,
1245.2425,solve.va_sample,2,700.734,
1245.7427,solve.va_sample,2,700.734,
1246.2430,solve.va_sample,2,700.734,
1246.7432,solve.va_sample,2,700.734,
1247.2435,solve.va_sample,2,700.734,
1247.7437,solve.va_sample,2,700.734,
1248.2440,solve.va_sample,2,700.734,
1248.7442,solve.va_sample,2,700.734,
1249.2444,solve.va_sample,2,700.734,
1249.7447,solve.va_sample,2,700.734,
1250.2449,solve.va_sample,2,700.734,
1250.7451,solve.va_sample,2,700.734,
1251.2454,solve.va_sample,2,700.734,
1251.7456,solve.va_sample,2,700.734,
1252.2458,solve.va_sample,2,700.734,
1252.7461,solve.va_sample,2,700.734,
1253.2464,solve.va_sample,2,700.734,
1253.7466,solve.va_sample,2,700.734,
1254.2469,solve.va_sample,2,700.734,
1254.7471,solve.va_sample,2,700.734,
1255.2474,solve.va_sample,2,700.734,
1255.7476,solve.va_sample,2,700.734,
1256.2479,solve.va_sample,2,700.734,
1256.7481,solve.va_sample,2,700.734,
1257.2484,solve.va_sample,2,700.734,
1257.7486,solve.va_sample,2,700.734,
1258.2489,solve.va_sample,2,700.734,
1258.7491,solve.va_sample,2,700.734,
1259.2493,solve.va_sample,2,700.734,
1259.7496,solve.va_sample,2,700.734,
1260.2498,solve.va_sample,2,700.734,
1260.7500,solve.va_sample,2,700.734,
1261.2503,solve.va_sample,2,700.734,
1261.7505,solve.va_sample,2,700.734,
1262.2507,solve.va_sample,2,700.734,
1262.7510,solve.va_sample,2,700.734,
1263.2512,solve.va_sample,2,700.734,
1263.7514,solve.va_sample,2,700.734,
1264.2517,solve.va_sample,2,700.734,
1264.7519,solve.va_sample,2,700.734,
1265.2522,solve.va_sample,2,700.734,
1265.7524,solve.va_sample,2,700.734,
1266.2526,solve.va_sample,2,700.734,
1266.7529,solve.va_sample,2,700.734,
1267.2531,solve.va_sample,2,700.734,
1267.7533,solve.va_sample,2,700.734,
1268.2536,solve.va_sample,2,700.734,
1268.7538,solve.va_sample,2,700.734,
1269.2540,solve.va_sample,2,700.734,
1269.7543,solve.va_sample,2,700.734,
1270.2545,solve.va_sample,2,700.734,
1270.7548,solve.va_sample,2,700.734,
1271.2550,solve.va_sample,2,700.734,
1271.7553,solve.va_sample,2,700.734,
1272.2555,solve.va_sample,2,700.734,
1272.7557,solve.va_sample,2,700.734,
1273.2560,solve.va_sample,2,700.734,
1273.7562,solve.va_sample,2,700.734,
1274.2565,solve.va_sample,2,700.734,
1274.7567,solve.va_sample,2,700.734,
1275.2569,solve.va_sample,2,700.734,
1275.7572,solve.va_sample,2,700.734,
1276.2574,solve.va_sample,2,700.734,
1276.7576,solve.va_sample,2,700.734,
1277.2579,solve.va_sample,2,700.734,
1277.7581,solve.va_sample,2,700.734,
1278.2584,solve.va_sample,2,700.734,
1278.7586,solve.va_sample,2,700.734,
1279.2588,solve.va_sample,2,700.734,
1279.7591,solve.va_sample,2,700.992,
1280.2593,solve.va_sample,2,700.992,
1280.7595,solve.va_sample,2,700.992,
1281.2598,solve.va_sample,2,700.992,
1281.7600,solve.va_sample,2,700.992,
1282.2602,solve.va_sample,2,700.992,
1282.7605,solve.va_sample,2,700.992,
1283.2607,solve.va_sample,2,700.992,
1283.7610,solve.va_sample,2,700.992,
1284.2612,solve.va_sample,2,700.992,
1284.7614,solve.va_sample,2,700.992,
1285.2617,solve.va_sample,2,700.992,
1285.7619,solve.va_sample,2,700.992,
1286.2621,solve.va_sample,2,700.992,
1286.7623,solve.va_sample,2,700.992,
1287.2626,solve.va_sample,2,700.992,
1287.7628,solve.va_sample,2,700.992,
1288.2630,solve.va_sample,2,700.992,
1288.7633,solve.va_sample,2,700.992,
1289.2635,solve.va_sample,2,700.992,
1289.7637,solve.va_sample,2,700.992,
1290.2640,solve.va_sample,2,700.992,
1290.7642,solve.va_sample,2,700.992,
1291.2644,solve.va_sample,2,700.992,
1291.7647,solve.va_sample,2,700.992,
1292.2649,solve.va_sample,2,700.992,
1292.7651,solve.va_sample,2,700.992,
1293.2654,solve.va_sample,2,700.992,
1293.7656,solve.va_sample,2,700.992,
1294.2658,solve.va_sample,2,700.992,
1294.7660,solve.va_sample,2,700.992,
1295.2663,solve.va_sample,2,700.992,
1295.7665,solve.va_sample,2,700.992,
1296.2667,solve.va_sample,2,700.992,
1296.7670,solve.va_sample,2,700.992,
1297.2672,solve.va_sample,2,700.992,
1297.7674,solve.va_sample,2,700.992,
1298.2677,solve.va_sample,2,700.992,
1298.7679,solve.va_sample,2,700.992,
1299.2681,solve.va_sample,2,700.992,
1299.7683,solve.va_sample,2,700.992,
1300.2686,solve.va_sample,2,700.992,
1300.7688,solve.va_sample,2,700.992,
1301.2691,solve.va_sample,2,700.992,
1301.7693,solve.va_sample,2,700.992,
1302.2696,solve.va_sample,2,700.992,
1302.7698,solve.va_sample,2,700.992,
1303.2701,solve.va_sample,2,700.992,
1303.7703,solve.va_sample,2,700.992,
1304.2706,solve.va_sample,2,700.992,
1304.7708,solve.va_sample,2,700.992,
1305.2710,solve.va_sample,2,700.992,
1305.7713,solve.va_sample,2,700.992,
1306.2715,solve.va_sample,2,700.992,
1306.7717,solve.va_sample,2,700.992,
1307.2720,solve.va_sample,2,700.992,
1307.7722,solve.va_sample,2,700.992,
1308.2724,solve.va_sample,2,700.992,
1308.7726,solve.va_sample,2,700.992,
1309.2729,solve.va_sample,2,700.992,
1309.7731,solve.va_sample,2,700.992,
1310.2734,solve.va_sample,2,700.992,
1310.7736,solve.va_sample,2,700.992,
1311.2739,solve.va_sample,2,700.992,
1311.7741,solve.va_sample,2,700.992,
1312.2743,solve.va_sample,2,700.992,
1312.7746,solve.va_sample,2,700.992,
1313.2748,solve.va_sample,2,700.992,
1313.7751,solve.va_sample,2,700.992,
1314.2753,solve.va_sample,2,700.992,
1314.7756,solve.va_sample,2,700.992,
1315.2758,solve.va_sample,2,700.992,
1315.7761,solve.va_sample,2,700.992,
1316.2763,solve.va_sample,2,700.992,
1316.7765,solve.va_sample,2,700.992,
1317.2768,solve.va_sample,2,700.992,
1317.7770,solve.va_sample,2,700.992,
1318.2773,solve.va_sample,2,700.992,
1318.7775,solve.va_sample,2,700.992,
1319.2777,solve.va_sample,2,700.992,
1319.7780,solve.va_sample,2,700.992,
1320.2782,solve.va_sample,2,700.992,
1320.7785,solve.va_sample,2,700.992,
1321.2787,solve.va_sample,2,700.992,
1321.7789,solve.va_sample,2,700.992,
1322.2792,solve.va_sample,2,700.992,
1322.7794,solve.va_sample,2,700.992,
1323.2796,solve.va_sample,2,700.992,
1323.7799,solve.va_sample,2,700.992,
1324.2801,solve.va_sample,2,700.992,
1324.7803,solve.va_sample,2,700.992,
1325.2806,solve.va_sample,2,700.992,
1325.7808,solve.va_sample,2,700.992,
1326.2810,solve.va_sample,2,700.992,
1326.7813,solve.va_sample,2,700.992,
1327.2815,solve.va_sample,2,700.992,
1327.7818,solve.va_sample,2,700.992,
1328.2820,solve.va_sample,2,700.992,
1328.7822,solve.va_sample,2,700.992,
1329.2825,solve.va_sample,2,700.992,
1329.7827,solve.va_sample,2,700.992,
1330.2829,solve.va_sample,2,700.992,
1330.7832,solve.va_sample,2,700.992,
1331.2834,solve.va_sample,2,700.992,
1331.7837,solve.va_sample,2,700.992,
1332.2839,solve.va_sample,2,700.992,
1332.7841,solve.va_sample,2,700.992,
1333.2844,solve.va_sample,2,700.992,
1333.7846,solve.va_sample,2,700.992,
1334.2848,solve.va_sample,2,700.992,
1334.7851,solve.va_sample,2,700.992,
1335.2853,solve.va_sample,2,700.992,
1335.7856,solve.va_sample,2,700.992,
1336.2858,solve.va_sample,2,700.992,
1336.7860,solve.va_sample,2,700.992,
1337.2863,solve.va_sample,2,700.992,
1337.7865,solve.va_sample,2,700.992,
1338.2867,solve.va_sample,2,700.992,
1338.7870,solve.va_sample,2,700.992,
1339.2873,solve.va_sample,2,700.992,
1339.7875,solve.va_sample,2,700.992,
1340.2878,solve.va_sample,2,700.992,
1340.7880,solve.va_sample,2,700.992,
1341.2882,solve.va_sample,2,700.992,
1341.7885,solve.va_sample,2,700.992,
1342.2887,solve.va_sample,2,700.992,
1342.7889,solve.va_sample,2,700.992,
1343.2892,solve.va_sample,2,700.992,
1343.7894,solve.va_sample,2,700.992,
1344.2896,solve.va_sample,2,700.992,
1344.7899,solve.va_sample,2,700.992,
1345.2901,solve.va_sample,2,700.992,
1345.7903,solve.va_sample,2,700.992,
1346.2906,solve.va_sample,2,700.992,
1346.7908,solve.va_sample,2,700.992,
1347.2910,solve.va_sample,2,700.992,
1347.7913,solve.va_sample,2,700.992,
1348.2915,solve.va_sample,2,700.992,
1348.7918,solve.va_sample,2,700.992,
1349.2920,solve.va_sample,2,700.992,
1349.7922,solve.va_sample,2,700.992,
1350.2925,solve.va_sample,2,700.992,
1350.7927,solve.va_sample,2,700.992,
1351.2929,solve.va_sample,2,700.992,
1351.7932,solve.va_sample,2,700.992,
1352.2934,solve.va_sample,2,700.992,
1352.7937,solve.va_sample,2,700.992,
1353.2939,solve.va_sample,2,700.992,
1353.7942,solve.va_sample,2,700.992,
1354.2944,solve.va_sample,2,700.992,
1354.7946,solve.va_sample,2,700.992,
1355.2949,solve.va_sample,2,700.992,
1355.7951,solve.va_sample,2,700.992,
1356.2954,solve.va_sample,2,700.992,
1356.7956,solve.va_sample,2,700.992,
1357.2958,solve.va_sample,2,700.992,
1357.7961,solve.va_sample,2,700.992,
1358.2963,solve.va_sample,2,700.992,
1358.7965,solve.va_sample,2,700.992,
1359.2968,solve.va_sample,2,700.992,
1359.7970,solve.va_sample,2,700.992,
1360.2973,solve.va_sample,2,700.992,
1360.7975,solve.va_sample,2,700.992,
1361.2977,solve.va_sample,2,700.992,
1361.7980,solve.va_sample,2,700.992,
1362.2983,solve.va_sample,2,700.992,
1362.7985,solve.va_sample,2,700.992,
1363.2987,solve.va_sample,2,700.992,
1363.7990,solve.va_sample,2,700.992,
1364.2992,solve.va_sample,2,700.992,
1364.7995,solve.va_sample,2,700.992,
1365.2997,solve.va_sample,2,700.992,
1365.7999,solve.va_sample,2,700.992,
1366.3002,solve.va_sample,2,700.992,
1366.8004,solve.va_sample,2,700.992,
1367.3006,solve.va_sample,2,700.992,
1367.8009,solve.va_sample,2,700.992,
1368.3011,solve.va_sample,2,700.992,
1368.8014,solve.va_sample,2,700.992,
1369.3016,solve.va_sample,2,700.992,
1369.8018,solve.va_sample,2,700.992,
1370.3021,solve.va_sample,2,700.992,
1370.8023,solve.va_sample,2,700.992,
1371.3026,solve.va_sample,2,700.992,
1371.8028,solve.va_sample,2,700.992,
1372.3030,solve.va_sample,2,700.992,
1372.8032,solve.va_sample,2,700.992,
1373.3035,solve.va_sample,2,700.992,
1373.8038,solve.va_sample,2,700.992,
1374.3040,solve.va_sample,2,700.992,
1374.8043,solve.va_sample,2,700.992,
1375.3045,solve.va_sample,2,700.992,
1375.8048,solve.va_sample,2,700.992,
1376.3050,solve.va_sample,2,700.992,
1376.8052,solve.va_sample,2,700.992,
1377.3055,solve.va_sample,2,700.992,
1377.8057,solve.va_sample,2,700.992,
1378.3060,solve.va_sample,2,700.992,
1378.8062,solve.va_sample,2,700.992,
1379.3065,solve.va_sample,2,700.992,
1379.8067,solve.va_sample,2,700.992,
1380.3069,solve.va_sample,2,700.992,
1380.8072,solve.va_sample,2,700.992,
1381.3074,solve.va_sample,2,700.992,
1381.8077,solve.va_sample,2,700.992,
1382.3079,solve.va_sample,2,700.992,
1382.8082,solve.va_sample,2,700.992,
1383.3084,solve.va_sample,2,700.992,
1383.8087,solve.va_sample,2,700.992,
1384.3089,solve.va_sample,2,700.992,
1384.8091,solve.va_sample,2,700.992,
1385.3093,solve.va_sample,2,700.992,
1385.8096,solve.va_sample,2,700.992,
1386.3098,solve.va_sample,2,700.992,
1386.8100,solve.va_sample,2,700.992,
1387.3103,solve.va_sample,2,700.992,
1387.8105,solve.va_sample,2,700.992,
1388.3107,solve.va_sample,2,700.992,
1388.8110,solve.va_sample,2,700.992,
1389.3112,solve.va_sample,2,700.992,
1389.8115,solve.va_sample,2,700.992,
1390.3117,solve.va_sample,2,700.992,
1390.8119,solve.va_sample,2,700.992,
1391.3121,solve.va_sample,2,700.992,
1391.8123,solve.va_sample,2,700.992,
1392.3126,solve.va_sample,2,700.992,
1392.8128,solve.va_sample,2,700.992,
1393.3130,solve.va_sample,2,700.992,
1393.8133,solve.va_sample,2,700.992,
1394.3135,solve.va_sample,2,700.992,
1394.8137,solve.va_sample,2,700.992,
1395.3140,solve.va_sample,2,700.992,
1395.8142,solve.va_sample,2,700.992,
1396.3144,solve.va_sample,2,700.992,
1396.8147,solve.va_sample,2,700.992,
1397.3149,solve.va_sample,2,700.992,
1397.8151,solve.va_sample,2,700.992,
1398.3154,solve.va_sample,2,700.992,
1398.8156,solve.va_sample,2,700.992,
1399.3158,solve.va_sample,2,700.992,
1399.8161,solve.va_sample,2,700.992,
1400.3163,solve.va_sample,2,700.992,
1400.8166,solve.va_sample,2,700.992,
1401.3168,solve.va_sample,2,700.992,
1401.8170,solve.va_sample,2,700.992,
1402.3173,solve.va_sample,2,700.992,
1402.8176,solve.va_sample,2,700.992,
1403.3178,solve.va_sample,2,700.992,
1403.8181,solve.va_sample,2,700.992,
1404.3183,solve.va_sample,2,700.992,
1404.8186,solve.va_sample,2,700.992,
1405.3188,solve.va_sample,2,700.992,
1405.8190,solve.va_sample,2,700.992,
1406.3193,solve.va_sample,2,700.992,
1406.8195,solve.va_sample,2,700.992,
1407.3197,solve.va_sample,2,700.992,
1407.8200,solve.va_sample,2,700.992,
1408.3202,solve.va_sample,2,700.992,
1408.8205,solve.va_sample,2,700.992,
1409.3207,solve.va_sample,2,700.992,
1409.8209,solve.va_sample,2,700.992,
1410.3212,solve.va_sample,2,700.992,
1410.8214,solve.va_sample,2,700.992,
1411.3216,solve.va_sample,2,700.992,
1411.8219,solve.va_sample,2,700.992,
1412.3221,solve.va_sample,2,700.992,
1412.8224,solve.va_sample,2,700.992,
1413.3226,solve.va_sample,2,700.992,
1413.8228,solve.va_sample,2,700.992,
1414.3231,solve.va_sample,2,700.992,
1414.8234,solve.va_sample,2,700.992,
1415.3236,solve.va_sample,2,700.992,
1415.8238,solve.va_sample,2,700.992,
1416.3241,solve.va_sample,2,700.992,
1416.8243,solve.va_sample,2,700.992,
1417.3245,solve.va_sample,2,700.992,
1417.8248,solve.va_sample,2,700.992,
1418.3250,solve.va_sample,2,700.992,
1418.8252,solve.va_sample,2,700.992,
1419.3255,solve.va_sample,2,700.992,
1419.8257,solve.va_sample,2,700.992,
1420.3259,solve.va_sample,2,700.992,
1420.8262,solve.va_sample,2,700.992,
1421.3264,solve.va_sample,2,700.992,
1421.8267,solve.va_sample,2,700.992,
1422.3269,solve.va_sample,2,700.992,
1422.8271,solve.va_sample,2,700.992,
1423.3274,solve.va_sample,2,700.992,
1423.8276,solve.va_sample,2,700.992,
1424.3278,solve.va_sample,2,700.992,
1424.8281,solve.va_sample,2,700.992,
1425.3283,solve.va_sample,2,700.992,
1425.8285,solve.va_sample,2,700.992,
1426.3288,solve.va_sample,2,700.992,
1426.8290,solve.va_sample,2,700.992,
1427.3292,solve.va_sample,2,700.992,
1427.8295,solve.va_sample,2,700.992,
1428.3297,solve.va_sample,2,700.992,
1428.8300,solve.va_sample,2,700.992,
1429.3302,solve.va_sample,2,700.992,
1429.8305,solve.va_sample,2,700.992,
1430.3307,solve.va_sample,2,700.992,
1430.8309,solve.va_sample,2,700.992,
1431.3312,solve.va_sample,2,700.992,
1431.8314,solve.va_sample,2,700.992,
1432.3317,solve.va_sample,2,700.992,
1432.8319,solve.va_sample,2,700.992,
1433.3322,solve.va_sample,2,700.992,
1433.8324,solve.va_sample,2,700.992,
1434.3327,solve.va_sample,2,700.992,
1434.8329,solve.va_sample,2,700.992,
1435.3332,solve.va_sample,2,700.992,
1435.8334,solve.va_sample,2,700.992,
1436.3336,solve.va_sample,2,700.992,
1436.8339,solve.va_sample,2,700.992,
1437.3341,solve.va_sample,2,700.992,
1437.8343,solve.va_sample,2,700.992,
1438.3346,solve.va_sample,2,700.992,
1438.8348,solve.va_sample,2,700.992,
1439.3350,solve.va_sample,2,700.992,
1439.8352,solve.va_sample,2,700.992,
1440.3355,solve.va_sample,2,700.992,
1440.8357,solve.va_sample,2,700.992,
1441.3359,solve.va_sample,2,700.992,
1441.8362,solve.va_sample,2,700.992,
1442.3364,solve.va_sample,2,700.992,
1442.8366,solve.va_sample,2,700.992,
1443.3369,solve.va_sample,2,700.992,
1443.8371,solve.va_sample,2,700.992,
1444.3373,solve.va_sample,2,700.992,
1444.8376,solve.va_sample,2,700.992,
1445.3378,solve.va_sample,2,700.992,
1445.8380,solve.va_sample,2,700.992,
1446.3383,solve.va_sample,2,700.992,
1446.8385,solve.va_sample,2,700.992,
1447.3387,solve.va_sample,2,700.992,
1447.8389,solve.va_sample,2,700.992,
1448.3392,solve.va_sample,2,700.992,
1448.8394,solve.va_sample,2,700.992,
1449.3396,solve.va_sample,2,700.992,
1449.8399,solve.va_sample,2,700.992,
1450.3401,solve.va_sample,2,700.992,
1450.8403,solve.va_sample,2,700.992,
1451.3406,solve.va_sample,2,700.992,
1451.8408,solve.va_sample,2,700.992,
1452.3410,solve.va_sample,2,700.992,
1452.8413,solve.va_sample,2,700.992,
1453.3415,solve.va_sample,2,700.992,
1453.8417,solve.va_sample,2,700.992,
1454.3420,solve.va_sample,2,700.992,
1454.8422,solve.va_sample,2,700.992,
1455.3424,solve.va_sample,2,700.992,
1455.8427,solve.va_sample,2,700.992,
1456.3429,solve.va_sample,2,700.992,
1456.8431,solve.va_sample,2,700.992,
1457.3433,solve.va_sample,2,700.992,
1457.8436,solve.va_sample,2,700.992,
1458.3438,solve.va_sample,2,700.992,
1458.8440,solve.va_sample,2,700.992,
1459.3443,solve.va_sample,2,700.992,
1459.8445,solve.va_sample,2,700.992,
1460.3447,solve.va_sample,2,700.992,
1460.8450,solve.va_sample,2,700.992,
1461.3452,solve.va_sample,2,700.992,
1461.8454,solve.va_sample,2,700.992,
1462.3457,solve.va_sample,2,700.992,
1462.8459,solve.va_sample,2,700.992,
1463.3461,solve.va_sample,2,700.992,
1463.8464,solve.va_sample,2,700.992,
1464.3466,solve.va_sample,2,700.992,
1464.8468,solve.va_sample,2,700.992,
1465.3471,solve.va_sample,2,700.992,
1465.8473,solve.va_sample,2,700.992,
1466.3476,solve.va_sample,2,700.992,
1466.8478,solve.va_sample,2,700.992,
1467.3481,solve.va_sample,2,700.992,
1467.8483,solve.va_sample,2,700.992,
1468.3485,solve.va_sample,2,700.992,
1468.8488,solve.va_sample,2,700.992,
1469.3490,solve.va_sample,2,700.992,
1469.8493,solve.va_sample,2,700.992,
1470.3495,solve.va_sample,2,700.992,
1470.8497,solve.va_sample,2,700.992,
1471.3500,solve.va_sample,2,700.992,
1471.8502,solve.va_sample,2,700.992,
1472.3504,solve.va_sample,2,700.992,
1472.8507,solve.va_sample,2,700.992,
1473.3509,solve.va_sample,2,700.992,
1473.8511,solve.va_sample,2,700.992,
1474.3514,solve.va_sample,2,700.992,
1474.8516,solve.va_sample,2,700.992,
1475.3518,solve.va_sample,2,700.992,
1475.8521,solve.va_sample,2,700.992,
1476.3523,solve.va_sample,2,700.992,
1476.8525,solve.va_sample,2,700.992,
1477.3528,solve.va_sample,2,700.992,
1477.8530,solve.va_sample,2,700.992,
1478.3533,solve.va_sample,2,700.992,
1478.8535,solve.va_sample,2,700.992,
1479.3537,solve.va_sample,2,700.992,
1479.8539,solve.va_sample,2,700.992,
1480.3542,solve.va_sample,2,700.992,
1480.8544,solve.va_sample,2,700.992,
1481.3546,solve.va_sample,2,700.992,
1481.8549,solve.va_sample,2,700.992,
1482.3551,solve.va_sample,2,700.992,
1482.8553,solve.va_sample,2,700.992,
1483.3556,solve.va_sample,2,700.992,
1483.8558,solve.va_sample,2,700.992,
1484.3561,solve.va_sample,2,700.992,
1484.8563,solve.va_sample,2,700.992,
1485.3565,solve.va_sample,2,700.992,
1485.8568,solve.va_sample,2,700.992,
1486.3570,solve.va_sample,2,700.992,
1486.8572,solve.va_sample,2,700.992,
1487.3575,solve.va_sample,2,700.992,
1487.8577,solve.va_sample,2,700.992,
1488.3579,solve.va_sample,2,700.992,
1488.8582,solve.va_sample,2,700.992,
1489.3584,solve.va_sample,2,700.992,
1489.8586,solve.va_sample,2,700.992,
1490.3589,solve.va_sample,2,700.992,
1490.8591,solve.va_sample,2,700.992,
1491.3593,solve.va_sample,2,700.992,
1491.8596,solve.va_sample,2,700.992,
1492.3598,solve.va_sample,2,700.992,
1492.8600,solve.va_sample,2,700.992,
1493.3603,solve.va_sample,2,700.992,
1493.8606,solve.va_sample,2,700.992,
1494.3608,solve.va_sample,2,700.992,
1494.8611,solve.va_sample,2,700.992,
1495.3613,solve.va_sample,2,700.992,
1495.8615,solve.va_sample,2,700.992,
1496.3618,solve.va_sample,2,700.992,
1496.8620,solve.va_sample,2,700.992,
1497.3623,solve.va_sample,2,700.992,
1497.8625,solve.va_sample,2,700.992,
1498.3627,solve.va_sample,2,700.992,
1498.8629,solve.va_sample,2,700.992,
1499.3632,solve.va_sample,2,700.992,
1499.8634,solve.va_sample,2,700.992,
1500.3637,solve.va_sample,2,700.992,
1500.8639,solve.va_sample,2,700.992,
1501.3641,solve.va_sample,2,700.992,
1501.8644,solve.va_sample,2,700.992,
1502.3646,solve.va_sample,2,700.992,
1502.8648,solve.va_sample,2,700.992,
1503.3651,solve.va_sample,2,700.992,
1503.8653,solve.va_sample,2,700.992,
1504.3655,solve.va_sample,2,700.992,
1504.8658,solve.va_sample,2,700.992,
1505.3660,solve.va_sample,2,700.992,
1505.8662,solve.va_sample,2,700.992,
1506.3665,solve.va_sample,2,700.992,
1506.8667,solve.va_sample,2,700.992,
1507.3669,solve.va_sample,2,700.992,
1507.8671,solve.va_sample,2,700.992,
1508.3674,solve.va_sample,2,700.992,
1508.8676,solve.va_sample,2,700.992,
1509.3679,solve.va_sample,2,700.992,
1509.8681,solve.va_sample,2,700.992,
1510.3684,solve.va_sample,2,700.992,
1510.8686,solve.va_sample,2,700.992,
1511.3688,solve.va_sample,2,700.992,
1511.8691,solve.va_sample,2,700.992,
1512.3693,solve.va_sample,2,700.992,
1512.8695,solve.va_sample,2,700.992,
1513.3698,solve.va_sample,2,700.992,
1513.8700,solve.va_sample,2,700.992,
1514.3702,solve.va_sample,2,700.992,
1514.8705,solve.va_sample,2,700.992,
1515.3707,solve.va_sample,2,700.992,
1515.8709,solve.va_sample,2,700.992,
1516.3712,solve.va_sample,2,700.992,
1516.8714,solve.va_sample,2,700.992,
1517.3717,solve.va_sample,2,700.992,
1517.8719,solve.va_sample,2,700.992,
1518.3722,solve.va_sample,2,700.992,
1518.8724,solve.va_sample,2,700.992,
1519.3727,solve.va_sample,2,700.992,
1519.8729,solve.va_sample,2,700.992,
1520.3732,solve.va_sample,2,700.992,
1520.8734,solve.va_sample,2,700.992,
1521.3736,solve.va_sample,2,700.992,
1521.8739,solve.va_sample,2,700.992,
1522.3741,solve.va_sample,2,700.992,
1522.8743,solve.va_sample,2,700.992,
1523.3746,solve.va_sample,2,700.992,
1523.8748,solve.va_sample,2,700.992,
1524.3750,solve.va_sample,2,700.992,
1524.8753,solve.va_sample,2,700.992,
1525.3755,solve.va_sample,2,700.992,
1525.8758,solve.va_sample,2,700.992,
1526.3760,solve.va_sample,2,700.992,
1526.8762,solve.va_sample,2,700.992,
1527.3765,solve.va_sample,2,700.992,
1527.8767,solve.va_sample,2,700.992,
1528.3769,solve.va_sample,2,700.992,
1528.8772,solve.va_sample,2,700.992,
1529.3774,solve.va_sample,2,700.992,
1529.8777,solve.va_sample,2,700.992,
1530.3779,solve.va_sample,2,700.992,
1530.8781,solve.va_sample,2,700.992,
1531.3784,solve.va_sample,2,700.992,
1531.8786,solve.va_sample,2,700.992,
1532.3788,solve.va_sample,2,700.992,
1532.8791,solve.va_sample,2,700.992,
1533.3793,solve.va_sample,2,700.992,
1533.8796,solve.va_sample,2,700.992,
1534.3798,solve.va_sample,2,700.992,
1534.8800,solve.va_sample,2,700.992,
1535.3803,solve.va_sample,2,700.992,
1535.8805,solve.va_sample,2,700.992,
1536.3808,solve.va_sample,2,700.992,
1536.8810,solve.va_sample,2,700.992,
1537.3813,solve.va_sample,2,700.992,
1537.8815,solve.va_sample,2,700.992,
1538.3817,solve.va_sample,2,700.992,
1538.8820,solve.va_sample,2,700.992,
1539.3822,solve.va_sample,2,700.992,
1539.8825,solve.va_sample,2,700.992,
1540.3827,solve.va_sample,2,700.992,
1540.8829,solve.va_sample,2,700.992,
1541.3832,solve.va_sample,2,700.992,
1541.8834,solve.va_sample,2,700.992,
1542.3836,solve.va_sample,2,700.992,
1542.8839,solve.va_sample,2,700.992,
1543.3841,solve.va_sample,2,700.992,
1543.8844,solve.va_sample,2,700.992,
1544.3846,solve.va_sample,2,700.992,
1544.8848,solve.va_sample,2,700.992,
1545.3851,solve.va_sample,2,700.992,
1545.8853,solve.va_sample,2,700.992,
1546.3855,solve.va_sample,2,700.992,
1546.8858,solve.va_sample,2,700.992,
1547.3860,solve.va_sample,2,700.992,
1547.8862,solve.va_sample,2,700.992,
1548.3865,solve.va_sample,2,700.992,
1548.8867,solve.va_sample,2,700.992,
1549.3870,solve.va_sample,2,700.992,
1549.8872,solve.va_sample,2,700.992,
1550.3874,solve.va_sample,2,700.992,
1550.8877,solve.va_sample,2,700.992,
1551.3879,solve.va_sample,2,700.992,
1551.8881,solve.va_sample,2,700.992,
1552.3884,solve.va_sample,2,700.992,
1552.8886,solve.va_sample,2,700.992,
1553.3889,solve.va_sample,2,700.992,
1553.8891,solve.va_sample,2,700.992,
1554.3894,solve.va_sample,2,700.992,
1554.8896,solve.va_sample,2,700.992,
1555.3899,solve.va_sample,2,700.992,
1555.8901,solve.va_sample,2,700.992,
1556.3903,solve.va_sample,2,700.992,
1556.8906,solve.va_sample,2,700.992,
1557.3908,solve.va_sample,2,700.992,
1557.8910,solve.va_sample,2,700.992,
1558.3913,solve.va_sample,2,700.992,
1558.8915,solve.va_sample,2,700.992,
1559.3918,solve.va_sample,2,700.992,
1559.8920,solve.va_sample,2,700.992,
1560.3922,solve.va_sample,2,700.992,
1560.8925,solve.va_sample,2,700.992,
1561.3927,solve.va_sample,2,700.992,
1561.8929,solve.va_sample,2,700.992,
1562.3932,solve.va_sample,2,700.992,
1562.8934,solve.va_sample,2,700.992,
1563.3937,solve.va_sample,2,700.992,
1563.8939,solve.va_sample,2,700.992,
1564.3941,solve.va_sample,2,700.992,
1564.8944,solve.va_sample,2,700.992,
1565.3946,solve.va_sample,2,700.992,
1565.8948,solve.va_sample,2,700.992,
1566.3950,solve.va_sample,2,700.992,
1566.8953,solve.va_sample,2,700.992,
1567.3955,solve.va_sample,2,700.992,
1567.8958,solve.va_sample,2,700.992,
1568.3960,solve.va_sample,2,700.992,
1568.8962,solve.va_sample,2,700.992,
1569.3965,solve.va_sample,2,700.992,
1569.8967,solve.va_sample,2,700.992,
1570.3970,solve.va_sample,2,700.992,
1570.8972,solve.va_sample,2,700.992,
1571.3975,solve.va_sample,2,700.992,
1571.8977,solve.va_sample,2,700.992,
1572.3979,solve.va_sample,2,700.992,
1572.8981,solve.va_sample,2,700.992,
1573.3984,solve.va_sample,2,700.992,
1573.8986,solve.va_sample,2,700.992,
1574.3989,solve.va_sample,2,700.992,
1574.8991,solve.va_sample,2,700.992,
1575.3993,solve.va_sample,2,700.992,
1575.8995,solve.va_sample,2,700.992,
1576.3998,solve.va_sample,2,700.992,
1576.9000,solve.va_sample,2,700.992,
1577.4003,solve.va_sample,2,700.992,
1577.9005,solve.va_sample,2,700.992,
1578.4007,solve.va_sample,2,700.992,
1578.9010,solve.va_sample,2,700.992,
1579.4012,solve.va_sample,2,700.992,
1579.9014,solve.va_sample,2,700.992,
1580.4017,solve.va_sample,2,700.992,
1580.9019,solve.va_sample,2,700.992,
1581.4021,solve.va_sample,2,700.992,
1581.9024,solve.va_sample,2,700.992,
1582.4026,solve.va_sample,2,700.992,
1582.9028,solve.va_sample,2,700.992,
1583.4031,solve.va_sample,2,700.992,
1583.9033,solve.va_sample,2,700.992,
1584.4035,solve.va_sample,2,700.992,
1584.9038,solve.va_sample,2,700.992,
1585.4040,solve.va_sample,2,700.992,
1585.9042,solve.va_sample,2,700.992,
1586.4045,solve.va_sample,2,700.992,
1586.9047,solve.va_sample,2,700.992,
1587.4050,solve.va_sample,2,700.992,
1587.9052,solve.va_sample,2,700.992,
1588.4054,solve.va_sample,2,700.992,
1588.9057,solve.va_sample,2,700.992,
1589.4059,solve.va_sample,2,700.992,
1589.9061,solve.va_sample,2,700.992,
1590.4064,solve.va_sample,2,700.992,
1590.9066,solve.va_sample,2,700.992,
1591.4068,solve.va_sample,2,700.992,
1591.9070,solve.va_sample,2,700.992,
1592.4073,solve.va_sample,2,700.992,
1592.9075,solve.va_sample,2,700.992,
1593.4077,solve.va_sample,2,700.992,
1593.9080,solve.va_sample,2,700.992,
1594.4082,solve.va_sample,2,700.992,
1594.9084,solve.va_sample,2,700.992,
1595.4087,solve.va_sample,2,700.992,
1595.9089,solve.va_sample,2,700.992,
1596.4091,solve.va_sample,2,700.992,
1596.9094,solve.va_sample,2,700.992,
1597.4096,solve.va_sample,2,700.992,
1597.9098,solve.va_sample,2,700.992,
1598.4100,solve.va_sample,2,700.992,
1598.9103,solve.va_sample,2,700.992,
1599.4105,solve.va_sample,2,700.992,
1599.9107,solve.va_sample,2,700.992,
1600.4110,solve.va_sample,2,700.992,
1600.9113,solve.va_sample,2,700.992,
1601.4115,solve.va_sample,2,700.992,
1601.9118,solve.va_sample,2,700.992,
1602.4120,solve.va_sample,2,700.992,
1602.9123,solve.va_sample,2,700.992,
1603.4126,solve.va_sample,2,700.992,
1603.9128,solve.va_sample,2,700.992,
1604.4130,solve.va_sample,2,700.992,
1604.9133,solve.va_sample,2,700.992,
1605.4135,solve.va_sample,2,700.992,
1605.9138,solve.va_sample,2,700.992,
1606.4140,solve.va_sample,2,700.992,
1606.9143,solve.va_sample,2,700.992,
1607.4145,solve.va_sample,2,700.992,
1607.9147,solve.va_sample,2,700.992,
1608.4150,solve.va_sample,2,700.992,
1608.9152,solve.va_sample,2,700.992,
1609.4154,solve.va_sample,2,700.992,
1609.9157,solve.va_sample,2,700.992,
1610.4159,solve.va_sample,2,700.992,
1610.9162,solve.va_sample,2,700.992,
1611.4165,solve.va_sample,2,700.992,
1611.9167,solve.va_sample,2,700.992,
1612.4169,solve.va_sample,2,700.992,
1612.9172,solve.va_sample,2,700.992,
1613.4175,solve.va_sample,2,700.992,
1613.9177,solve.va_sample,2,700.992,
1614.4179,solve.va_sample,2,700.992,
1614.9182,solve.va_sample,2,700.992,
1615.4184,solve.va_sample,2,700.992,
1615.9187,solve.va_sample,2,701.250,
1616.4189,solve.va_sample,2,701.250,
1616.9191,solve.va_sample,2,701.250,
1617.4194,solve.va_sample,2,701.250,
1617.9196,solve.va_sample,2,701.250,
1618.4198,solve.va_sample,2,701.250,
1618.9201,solve.va_sample,2,701.250,
1619.4203,solve.va_sample,2,701.250,
1619.9205,solve.va_sample,2,701.250,
1620.4208,solve.va_sample,2,701.250,
1620.9210,solve.va_sample,2,701.250,
1621.4212,solve.va_sample,2,701.250,
1621.9215,solve.va_sample,2,701.250,
1622.4218,solve.va_sample,2,701.250,
1622.9220,solve.va_sample,2,701.250,
1623.4222,solve.va_sample,2,701.250,
1623.9225,solve.va_sample,2,701.250,
1624.4227,solve.va_sample,2,701.250,
1624.9229,solve.va_sample,2,701.250,
1625.4232,solve.va_sample,2,701.250,
1625.9234,solve.va_sample,2,701.250,
1626.4236,solve.va_sample,2,701.250,
1626.9239,solve.va_sample,2,701.250,
1627.4241,solve.va_sample,2,701.250,
1627.9243,solve.va_sample,2,701.250,
1628.4246,solve.va_sample,2,701.250,
1628.9248,solve.va_sample,2,701.250,
1629.4251,solve.va_sample,2,701.250,
1629.9253,solve.va_sample,2,701.250,
1630.4255,solve.va_sample,2,701.250,
1630.9258,solve.va_sample,2,701.250,
1631.4260,solve.va_sample,2,701.250,
1631.9263,solve.va_sample,2,701.250,
1632.4265,solve.va_sample,2,701.250,
1632.9267,solve.va_sample,2,701.250,
1633.4270,solve.va_sample,2,701.250,
1633.9272,solve.va_sample,2,701.250,
1634.4274,solve.va_sample,2,701.250,
1634.9277,solve.va_sample,2,701.250,
1635.4279,solve.va_sample,2,701.250,
1635.9282,solve.va_sample,2,701.250,
1636.4284,solve.va_sample,2,701.250,
1636.9286,solve.va_sample,2,701.250,
1637.4289,solve.va_sample,2,701.250,
1637.9291,solve.va_sample,2,701.250,
1638.4294,solve.va_sample,2,701.250,
1638.9296,solve.va_sample,2,701.250,
1639.4298,solve.va_sample,2,701.250,
1639.9301,solve.va_sample,2,701.250,
1640.4303,solve.va_sample,2,701.250,
1640.9306,solve.va_sample,2,701.250,
1641.4308,solve.va_sample,2,701.250,
1641.9310,solve.va_sample,2,701.250,
1642.4313,solve.va_sample,2,701.250,
1642.9315,solve.va_sample,2,701.250,
1643.4317,solve.va_sample,2,701.250,
1643.9320,solve.va_sample,2,701.250,
1644.4322,solve.va_sample,2,701.250,
1644.9325,solve.va_sample,2,701.250,
1645.4327,solve.va_sample,2,701.250,
1645.9329,solve.va_sample,2,701.250,
1646.4332,solve.va_sample,2,701.250,
1646.9334,solve.va_sample,2,701.250,
1647.4336,solve.va_sample,2,701.250,
1647.9339,solve.va_sample,2,701.250,
1648.4341,solve.va_sample,2,701.250,
1648.9343,solve.va_sample,2,701.250,
1649.4346,solve.va_sample,2,701.250,
1649.9348,solve.va_sample,2,701.250,
1650.4351,solve.va_sample,2,701.250,
1650.9353,solve.va_sample,2,701.250,
1651.4355,solve.va_sample,2,701.250,
1651.9358,solve.va_sample,2,701.250,
1652.4360,solve.va_sample,2,701.250,
1652.9363,solve.va_sample,2,701.250,
1653.4365,solve.va_sample,2,701.250,
1653.9367,solve.va_sample,2,701.250,
1654.4370,solve.va_sample,2,701.250,
1654.9372,solve.va_sample,2,701.250,
1655.4374,solve.va_sample,2,701.250,
1655.9377,solve.va_sample,2,701.250,
1656.4379,solve.va_sample,2,701.250,
1656.9382,solve.va_sample,2,701.250,
1657.4384,solve.va_sample,2,701.250,
1657.9386,solve.va_sample,2,701.250,
1658.4389,solve.va_sample,2,701.250,
1658.9391,solve.va_sample,2,701.250,
1659.4393,solve.va_sample,2,701.250,
1659.9396,solve.va_sample,2,701.250,
1660.4398,solve.va_sample,2,701.250,
1660.9400,solve.va_sample,2,701.250,
1661.4403,solve.va_sample,2,701.250,
1661.9405,solve.va_sample,2,701.250,
1662.4407,solve.va_sample,2,701.250,
1662.9410,solve.va_sample,2,701.250,
1663.4412,solve.va_sample,2,701.250,
1663.9414,solve.va_sample,2,701.250,
1664.4417,solve.va_sample,2,701.250,
1664.9419,solve.va_sample,2,701.250,
1665.4422,solve.va_sample,2,701.250,
1665.9424,solve.va_sample,2,701.250,
1666.4426,solve.va_sample,2,701.250,
1666.9429,solve.va_sample,2,701.250,
1667.4431,solve.va_sample,2,701.250,
1667.9434,solve.va_sample,2,701.250,
1668.4436,solve.va_sample,2,701.250,
1668.9438,solve.va_sample,2,701.250,
1669.4441,solve.va_sample,2,701.250,
1669.9443,solve.va_sample,2,701.250,
1670.4445,solve.va_sample,2,701.250,
1670.9448,solve.va_sample,2,701.250,
1671.4450,solve.va_sample,2,701.250,
1671.9452,solve.va_sample,2,701.250,
1672.4455,solve.va_sample,2,701.250,
1672.9457,solve.va_sample,2,701.250,
1673.4460,solve.va_sample,2,701.250,
1673.9463,solve.va_sample,2,701.250,
1674.4466,solve.va_sample,2,701.250,
1674.9468,solve.va_sample,2,701.250,
1675.4470,solve.va_sample,2,701.250,
1675.9473,solve.va_sample,2,701.250,
1676.4475,solve.va_sample,2,701.250,
1676.9478,solve.va_sample,2,701.250,
1677.4480,solve.va_sample,2,701.250,
1677.9482,solve.va_sample,2,701.250,
1678.4485,solve.va_sample,2,701.250,
1678.9487,solve.va_sample,2,701.250,
1679.4490,solve.va_sample,2,701.250,
1679.9492,solve.va_sample,2,701.250,
1680.4494,solve.va_sample,2,701.250,
1680.9497,solve.va_sample,2,701.250,
1681.4499,solve.va_sample,2,701.250,
1681.9502,solve.va_sample,2,701.250,
1682.4504,solve.va_sample,2,701.250,
1682.9506,solve.va_sample,2,701.250,
1683.4509,solve.va_sample,2,701.250,
1683.9511,solve.va_sample,2,701.250,
1684.4513,solve.va_sample,2,701.250,
1684.9516,solve.va_sample,2,701.250,
1685.4518,solve.va_sample,2,701.250,
1685.9520,solve.va_sample,2,701.250,
1686.4523,solve.va_sample,2,701.250,
1686.9525,solve.va_sample,2,701.250,
1687.4528,solve.va_sample,2,701.250,
1687.9530,solve.va_sample,2,701.250,
1688.4533,solve.va_sample,2,701.250,
1688.9535,solve.va_sample,2,701.250,
1689.4537,solve.va_sample,2,701.250,
1689.9540,solve.va_sample,2,701.250,
1690.4542,solve.va_sample,2,701.250,
1690.9545,solve.va_sample,2,701.250,
1691.4547,solve.va_sample,2,701.250,
1691.9549,solve.va_sample,2,701.250,
1692.4552,solve.va_sample,2,701.250,
1692.9554,solve.va_sample,2,701.250,
1693.4557,solve.va_sample,2,701.250,
1693.9559,solve.va_sample,2,701.250,
1694.4561,solve.va_sample,2,701.250,
1694.9564,solve.va_sample,2,701.250,
1695.4566,solve.va_sample,2,701.250,
1695.9568,solve.va_sample,2,701.250,
1696.4571,solve.va_sample,2,701.250,
1696.9573,solve.va_sample,2,701.250,
1697.4576,solve.va_sample,2,701.250,
1697.9578,solve.va_sample,2,701.250,
1698.4581,solve.va_sample,2,701.250,
1698.9583,solve.va_sample,2,701.250,
1699.4586,solve.va_sample,2,701.250,
1699.9588,solve.va_sample,2,701.250,
1700.4590,solve.va_sample,2,701.250,
1700.9593,solve.va_sample,2,701.250,
1701.4595,solve.va_sample,2,701.250,
1701.9597,solve.va_sample,2,701.250,
1702.4600,solve.va_sample,2,701.250,
1702.9603,solve.va_sample,2,701.250,
1703.4605,solve.va_sample,2,701.250,
1703.9608,solve.va_sample,2,701.250,
1704.4610,solve.va_sample,2,701.250,
1704.9612,solve.va_sample,2,701.250,
1705.4615,solve.va_sample,2,701.250,
1705.9617,solve.va_sample,2,701.250,
1706.4620,solve.va_sample,2,701.250,
1706.9622,solve.va_sample,2,701.250,
1707.4625,solve.va_sample,2,701.250,
1707.9627,solve.va_sample,2,701.250,
1708.4630,solve.va_sample,2,701.250,
1708.9632,solve.va_sample,2,701.250,
1709.4634,solve.va_sample,2,701.250,
1709.9637,solve.va_sample,2,701.250,
1710.4639,solve.va_sample,2,701.250,
1710.9642,solve.va_sample,2,701.250,
1711.4644,solve.va_sample,2,701.250,
1711.9646,solve.va_sample,2,701.250,
1712.4649,solve.va_sample,2,701.250,
1712.9651,solve.va_sample,2,701.250,
1713.4653,solve.va_sample,2,701.250,
1713.9656,solve.va_sample,2,701.250,
1714.4658,solve.va_sample,2,701.250,
1714.9661,solve.va_sample,2,701.250,
1715.4663,solve.va_sample,2,701.250,
1715.9666,solve.va_sample,2,701.250,
1716.4668,solve.va_sample,2,701.250,
1716.9670,solve.va_sample,2,701.250,
1717.4673,solve.va_sample,2,701.250,
1717.9675,solve.va_sample,2,701.250,
1718.4677,solve.va_sample,2,701.250,
1718.9680,solve.va_sample,2,701.250,
1719.4682,solve.va_sample,2,701.250,
1719.9685,solve.va_sample,2,701.250,
1720.4687,solve.va_sample,2,701.250,
1720.9689,solve.va_sample,2,701.250,
1721.4692,solve.va_sample,2,701.250,
1721.9694,solve.va_sample,2,701.250,
1722.4696,solve.va_sample,2,701.250,
1722.9699,solve.va_sample,2,701.250,
1723.4701,solve.va_sample,2,701.250,
1723.9703,solve.va_sample,2,701.250,
1724.4706,solve.va_sample,2,701.250,
1724.9708,solve.va_sample,2,701.250,
1725.4711,solve.va_sample,2,701.250,
1725.9713,solve.va_sample,2,701.250,
1726.4716,solve.va_sample,2,701.250,
1726.9718,solve.va_sample,2,701.250,
1727.4721,solve.va_sample,2,701.250,
1727.9723,solve.va_sample,2,701.250,
1728.4726,solve.va_sample,2,701.250,
1728.9728,solve.va_sample,2,701.250,
1729.4730,solve.va_sample,2,701.250,
1729.9733,solve.va_sample,2,701.250,
1730.4735,solve.va_sample,2,701.250,
1730.9738,solve.va_sample,2,701.250,
1731.4740,solve.va_sample,2,701.250,
1731.9742,solve.va_sample,2,701.250,
1732.4745,solve.va_sample,2,701.250,
1732.9747,solve.va_sample,2,701.250,
1733.4750,solve.va_sample,2,701.250,
1733.9753,solve.va_sample,2,701.250,
1734.4755,solve.va_sample,2,701.250,
1734.9758,solve.va_sample,2,701.250,
1735.4760,solve.va_sample,2,701.250,
1735.9762,solve.va_sample,2,701.250,
1736.4765,solve.va_sample,2,701.250,
1736.9767,solve.va_sample,2,701.250,
1737.4770,solve.va_sample,2,701.250,
1737.9772,solve.va_sample,2,701.250,
1738.4774,solve.va_sample,2,701.250,
1738.9777,solve.va_sample,2,701.250,
1739.4779,solve.va_sample,2,701.250,
1739.9782,solve.va_sample,2,701.250,
1740.4784,solve.va_sample,2,701.250,
1740.9786,solve.va_sample,2,701.250,
1741.4789,solve.va_sample,2,701.250,
1741.9791,solve.va_sample,2,701.250,
1742.4794,solve.va_sample,2,701.250,
1742.9796,solve.va_sample,2,701.250,
1743.4798,solve.va_sample,2,701.250,
1743.9801,solve.va_sample,2,701.250,
1744.4803,solve.va_sample,2,701.250,
1744.9805,solve.va_sample,2,701.250,
1745.4808,solve.va_sample,2,701.250,
1745.9810,solve.va_sample,2,701.250,
1746.4812,solve.va_sample,2,701.250,
1746.9815,solve.va_sample,2,701.250,
1747.4817,solve.va_sample,2,701.250,
1747.9819,solve.va_sample,2,701.250,
1748.4822,solve.va_sample,2,701.250,
1748.9824,solve.va_sample,2,701.250,
1749.4827,solve.va_sample,2,701.250,
1749.9829,solve.va_sample,2,701.250,
1750.4831,solve.va_sample,2,701.250,
1750.9834,solve.va_sample,2,701.250,
1751.4836,solve.va_sample,2,701.250,
1751.9839,solve.va_sample,2,701.250,
1752.4841,solve.va_sample,2,701.250,
1752.9843,solve.va_sample,2,701.250,
1753.4846,solve.va_sample,2,701.250,
1753.9848,solve.va_sample,2,701.250,
1754.4850,solve.va_sample,2,701.250,
1754.9853,solve.va_sample,2,701.250,
1755.4855,solve.va_sample,2,701.250,
1755.9858,solve.va_sample,2,701.250,
1756.4860,solve.va_sample,2,701.250,
1756.9862,solve.va_sample,2,701.250,
1757.4865,solve.va_sample,2,701.250,
1757.9867,solve.va_sample,2,701.250,
1758.4869,solve.va_sample,2,701.250,
1758.9872,solve.va_sample,2,701.250,
1759.4874,solve.va_sample,2,701.250,
1759.9876,solve.va_sample,2,701.250,
1760.4879,solve.va_sample,2,701.250,
1760.9881,solve.va_sample,2,701.250,
1761.4883,solve.va_sample,2,701.250,
1761.9886,solve.va_sample,2,701.250,
1762.4888,solve.va_sample,2,701.250,
1762.9890,solve.va_sample,2,701.250,
1763.4893,solve.va_sample,2,701.250,
1763.9895,solve.va_sample,2,701.250,
1764.4898,solve.va_sample,2,701.250,
1764.9900,solve.va_sample,2,701.250,
1765.4902,solve.va_sample,2,701.250,
1765.9905,solve.va_sample,2,701.250,
1766.4907,solve.va_sample,2,701.250,
1766.9909,solve.va_sample,2,701.250,
1767.4912,solve.va_sample,2,701.250,
1767.9914,solve.va_sample,2,701.250,
1768.4916,solve.va_sample,2,701.250,
1768.9919,solve.va_sample,2,701.250,
1769.4921,solve.va_sample,2,701.250,
1769.9923,solve.va_sample,2,701.250,
1770.4926,solve.va_sample,2,701.250,
1770.9928,solve.va_sample,2,701.250,
1771.4930,solve.va_sample,2,701.250,
1771.9933,solve.va_sample,2,701.250,
1772.4935,solve.va_sample,2,701.250,
1772.9937,solve.va_sample,2,701.250,
1773.4939,solve.va_sample,2,701.250,
1773.9942,solve.va_sample,2,701.250,
1774.4944,solve.va_sample,2,701.250,
1774.9946,solve.va_sample,2,701.250,
1775.4949,solve.va_sample,2,701.250,
1775.9951,solve.va_sample,2,701.250,
1776.4954,solve.va_sample,2,701.250,
1776.9956,solve.va_sample,2,701.250,
1777.4958,solve.va_sample,2,701.250,
1777.9961,solve.va_sample,2,701.250,
1778.4963,solve.va_sample,2,701.250,
1778.9965,solve.va_sample,2,701.250,
1779.4968,solve.va_sample,2,701.250,
1779.9970,solve.va_sample,2,701.250,
1780.4973,solve.va_sample,2,701.250,
1780.9975,solve.va_sample,2,701.250,
1781.4978,solve.va_sample,2,701.250,
1781.9980,solve.va_sample,2,701.250,
1782.4982,solve.va_sample,2,701.250,
1782.9985,solve.va_sample,2,701.250,
1783.4987,solve.va_sample,2,701.250,
1783.9990,solve.va_sample,2,701.250,
1784.4992,solve.va_sample,2,701.250,
1784.9994,solve.va_sample,2,701.250,
1785.4997,solve.va_sample,2,701.250,
1785.9999,solve.va_sample,2,701.250,
1786.5001,solve.va_sample,2,701.250,
1787.0004,solve.va_sample,2,701.250,
1787.5006,solve.va_sample,2,701.250,
1788.0008,solve.va_sample,2,701.250,
1788.5010,solve.va_sample,2,701.250,
1789.0013,solve.va_sample,2,701.250,
1789.5015,solve.va_sample,2,701.250,
1790.0018,solve.va_sample,2,701.250,
1790.5020,solve.va_sample,2,701.250,
1791.0022,solve.va_sample,2,701.250,
1791.5025,solve.va_sample,2,701.250,
1792.0027,solve.va_sample,2,701.250,
1792.5029,solve.va_sample,2,701.250,
1793.0036,solve.va_sample,2,701.250,
1793.5038,solve.va_sample,2,701.250,
1794.0041,solve.va_sample,2,701.250,
1794.5044,solve.va_sample,2,701.250,
1795.0046,solve.va_sample,2,701.250,
1795.5048,solve.va_sample,2,701.250,
1796.0051,solve.va_sample,2,701.250,
1796.5053,solve.va_sample,2,701.250,
1797.0055,solve.va_sample,2,701.250,
1797.5057,solve.va_sample,2,701.250,
1798.0060,solve.va_sample,2,701.250,
1798.5062,solve.va_sample,2,701.250,
1799.0064,solve.va_sample,2,701.250,
1799.5067,solve.va_sample,2,701.250,
1800.0069,solve.va_sample,2,701.250,
1800.5071,solve.va_sample,2,701.250,
1801.0074,solve.va_sample,2,701.250,
1801.5076,solve.va_sample,2,701.250,
1802.0078,solve.va_sample,2,701.250,
1802.5081,solve.va_sample,2,701.250,
1803.0083,solve.va_sample,2,701.250,
1803.5085,solve.va_sample,2,701.250,
1804.0088,solve.va_sample,2,701.250,
1804.5090,solve.va_sample,2,701.250,
1805.0092,solve.va_sample,2,701.250,
1805.5095,solve.va_sample,2,701.250,
1806.0097,solve.va_sample,2,701.250,
1806.5099,solve.va_sample,2,701.250,
1807.0102,solve.va_sample,2,701.250,
1807.5104,solve.va_sample,2,701.250,
1808.0106,solve.va_sample,2,701.250,
1808.5109,solve.va_sample,2,701.250,
1809.0111,solve.va_sample,2,701.250,
1809.5113,solve.va_sample,2,701.250,
1810.0116,solve.va_sample,2,701.250,
1810.5118,solve.va_sample,2,701.250,
1811.0120,solve.va_sample,2,701.250,
1811.5123,solve.va_sample,2,701.250,
1812.0125,solve.va_sample,2,701.250,
1812.5128,solve.va_sample,2,701.250,
1813.0130,solve.va_sample,2,701.250,
1813.5133,solve.va_sample,2,701.250,
1814.0135,solve.va_sample,2,701.250,
1814.5138,solve.va_sample,2,701.250,
1815.0140,solve.va_sample,2,701.250,
1815.5143,solve.va_sample,2,701.250,
1816.0145,solve.va_sample,2,701.250,
1816.5147,solve.va_sample,2,701.250,
1817.0150,solve.va_sample,2,701.250,
1817.5152,solve.va_sample,2,701.250,
1818.0155,solve.va_sample,2,701.250,
1818.5158,solve.va_sample,2,701.250,
1819.0160,solve.va_sample,2,701.250,
1819.5162,solve.va_sample,2,701.250,
1820.0165,solve.va_sample,2,701.250,
1820.5167,solve.va_sample,2,701.250,
1821.0170,solve.va_sample,2,701.250,
1821.5172,solve.va_sample,2,701.250,
1822.0175,solve.va_sample,2,701.250,
1822.5177,solve.va_sample,2,701.250,
1823.0180,solve.va_sample,2,701.250,
1823.5183,solve.va_sample,2,701.250,
1824.0185,solve.va_sample,2,701.250,
1824.5188,solve.va_sample,2,701.250,
1825.0190,solve.va_sample,2,701.250,
1825.5192,solve.va_sample,2,701.250,
1826.0195,solve.va_sample,2,701.250,
1826.5197,solve.va_sample,2,701.250,
1827.0200,solve.va_sample,2,701.250,
1827.5202,solve.va_sample,2,701.250,
1828.0205,solve.va_sample,2,701.250,
1828.5207,solve.va_sample,2,701.250,
1829.0209,solve.va_sample,2,701.250,
1829.5212,solve.va_sample,2,701.250,
1830.0214,solve.va_sample,2,701.250,
1830.5217,solve.va_sample,2,701.250,
1831.0219,solve.va_sample,2,701.250,
1831.5222,solve.va_sample,2,701.250,
1832.0224,solve.va_sample,2,701.250,
1832.5227,solve.va_sample,2,701.250,
1833.0229,solve.va_sample,2,701.250,
1833.5232,solve.va_sample,2,701.250,
1834.0234,solve.va_sample,2,701.250,
1834.5237,solve.va_sample,2,701.250,
1835.0239,solve.va_sample,2,701.250,
1835.5241,solve.va_sample,2,701.250,
1836.0244,solve.va_sample,2,701.250,
1836.5246,solve.va_sample,2,701.250,
1837.0248,solve.va_sample,2,701.250,
1837.5251,solve.va_sample,2,701.250,
1838.0253,solve.va_sample,2,701.250,
1838.5255,solve.va_sample,2,701.250,
1839.0257,solve.va_sample,2,701.250,
1839.5260,solve.va_sample,2,701.250,
1840.0262,solve.va_sample,2,701.250,
1840.5264,solve.va_sample,2,701.250,
1841.0267,solve.va_sample,2,701.250,
1841.5269,solve.va_sample,2,701.250,
1842.0271,solve.va_sample,2,701.250,
1842.5274,solve.va_sample,2,701.250,
1843.0276,solve.va_sample,2,701.250,
1843.5279,solve.va_sample,2,701.250,
1844.0281,solve.va_sample,2,701.250,
1844.5283,solve.va_sample,2,701.250,
1845.0286,solve.va_sample,2,701.250,
1845.5288,solve.va_sample,2,701.250,
1846.0290,solve.va_sample,2,701.250,
1846.5293,solve.va_sample,2,701.250,
1847.0295,solve.va_sample,2,701.250,
1847.5298,solve.va_sample,2,701.250,
1848.0300,solve.va_sample,2,701.250,
1848.5302,solve.va_sample,2,701.250,
1849.0305,solve.va_sample,2,701.250,
1849.5307,solve.va_sample,2,701.250,
1850.0309,solve.va_sample,2,701.250,
1850.5312,solve.va_sample,2,701.250,
1851.0314,solve.va_sample,2,701.250,
1851.5317,solve.va_sample,2,701.250,
1852.0319,solve.va_sample,2,701.250,
1852.5321,solve.va_sample,2,701.250,
1853.0324,solve.va_sample,2,701.250,
1853.5326,solve.va_sample,2,701.250,
1854.0329,solve.va_sample,2,701.250,
1854.5332,solve.va_sample,2,701.250,
1855.0334,solve.va_sample,2,701.250,
1855.5336,solve.va_sample,2,701.250,
1856.0339,solve.va_sample,2,701.250,
1856.5341,solve.va_sample,2,701.250,
1857.0343,solve.va_sample,2,701.250,
1857.5346,solve.va_sample,2,701.250,
1858.0348,solve.va_sample,2,701.250,
1858.5351,solve.va_sample,2,701.250,
1859.0353,solve.va_sample,2,701.250,
1859.5355,solve.va_sample,2,701.250,
1860.0358,solve.va_sample,2,701.250,
1860.5360,solve.va_sample,2,701.250,
1861.0362,solve.va_sample,2,701.250,
1861.5365,solve.va_sample,2,701.250,
1862.0367,solve.va_sample,2,701.250,
1862.5369,solve.va_sample,2,701.250,
1863.0372,solve.va_sample,2,701.250,
1863.5374,solve.va_sample,2,701.250,
1864.0376,solve.va_sample,2,701.250,
1864.5378,solve.va_sample,2,701.250,
1865.0381,solve.va_sample,2,701.250,
1865.5383,solve.va_sample,2,701.250,
1866.0386,solve.va_sample,2,701.250,
1866.5388,solve.va_sample,2,701.250,
1867.0390,solve.va_sample,2,701.250,
1867.5392,solve.va_sample,2,701.250,
1868.0395,solve.va_sample,2,701.250,
1868.5397,solve.va_sample,2,701.250,
1869.0399,solve.va_sample,2,701.250,
1869.5402,solve.va_sample,2,701.250,
1870.0404,solve.va_sample,2,701.250,
1870.5406,solve.va_sample,2,701.250,
1871.0409,solve.va_sample,2,701.250,
1871.5411,solve.va_sample,2,701.250,
1872.0413,solve.va_sample,2,701.250,
1872.5416,solve.va_sample,2,701.250,
1873.0418,solve.va_sample,2,701.250,
1873.5420,solve.va_sample,2,701.250,
1874.0422,solve.va_sample,2,701.250,
1874.5425,solve.va_sample,2,701.250,
1875.0427,solve.va_sample,2,701.250,
1875.5429,solve.va_sample,2,701.250,
1876.0432,solve.va_sample,2,701.250,
1876.5434,solve.va_sample,2,701.250,
1877.0436,solve.va_sample,2,701.250,
1877.5438,solve.va_sample,2,701.250,
1878.0441,solve.va_sample,2,701.250,
1878.5443,solve.va_sample,2,701.250,
1879.0445,solve.va_sample,2,701.250,
1879.5448,solve.va_sample,2,701.250,
1880.0450,solve.va_sample,2,701.250,
1880.5452,solve.va_sample,2,701.250,
1881.0454,solve.va_sample,2,701.250,
1881.5456,solve.va_sample,2,701.250,
1882.0459,solve.va_sample,2,701.250,
1882.5461,solve.va_sample,2,701.250,
1883.0463,solve.va_sample,2,701.250,
1883.5465,solve.va_sample,2,701.250,
1884.0468,solve.va_sample,2,701.250,
1884.5470,solve.va_sample,2,701.250,
1885.0473,solve.va_sample,2,701.250,
1885.5475,solve.va_sample,2,701.250,
1886.0477,solve.va_sample,2,701.250,
1886.5480,solve.va_sample,2,701.250,
1887.0482,solve.va_sample,2,701.250,
1887.5484,solve.va_sample,2,701.250,
1888.0487,solve.va_sample,2,701.250,
1888.5489,solve.va_sample,2,701.250,
1889.0491,solve.va_sample,2,701.250,
1889.5493,solve.va_sample,2,701.250,
1890.0496,solve.va_sample,2,701.250,
1890.5498,solve.va_sample,2,701.250,
1891.0500,solve.va_sample,2,701.250,
1891.5503,solve.va_sample,2,701.250,
1892.0505,solve.va_sample,2,701.250,
1892.5507,solve.va_sample,2,701.250,
1893.0510,solve.va_sample,2,701.250,
1893.5512,solve.va_sample,2,701.250,
1894.0514,solve.va_sample,2,701.250,
1894.5517,solve.va_sample,2,701.250,
1895.0519,solve.va_sample,2,701.250,
1895.5521,solve.va_sample,2,701.250,
1896.0524,solve.va_sample,2,701.250,
1896.5526,solve.va_sample,2,701.250,
1897.0528,solve.va_sample,2,701.250,
1897.5530,solve.va_sample,2,701.250,
1898.0533,solve.va_sample,2,701.250,
1898.5535,solve.va_sample,2,701.250,
1899.0537,solve.va_sample,2,701.250,
1899.5540,solve.va_sample,2,701.250,
1900.0542,solve.va_sample,2,701.250,
1900.5544,solve.va_sample,2,701.250,
1901.0547,solve.va_sample,2,701.250,
1901.5549,solve.va_sample,2,701.250,
1902.0551,solve.va_sample,2,701.250,
1902.5554,solve.va_sample,2,701.250,
1903.0556,solve.va_sample,2,701.250,
1903.5558,solve.va_sample,2,701.250,
1904.0561,solve.va_sample,2,701.250,
1904.5563,solve.va_sample,2,701.250,
1905.0565,solve.va_sample,2,701.250,
1905.5568,solve.va_sample,2,701.250,
1906.0570,solve.va_sample,2,701.250,
1906.5572,solve.va_sample,2,701.250,
1907.0575,solve.va_sample,2,701.250,
1907.5577,solve.va_sample,2,701.250,
1908.0579,solve.va_sample,2,701.250,
1908.5582,solve.va_sample,2,701.250,
1909.0584,solve.va_sample,2,701.250,
1909.5586,solve.va_sample,2,701.250,
1910.0589,solve.va_sample,2,701.250,
1910.5591,solve.va_sample,2,701.250,
1911.0593,solve.va_sample,2,701.250,
1911.5596,solve.va_sample,2,701.250,
1912.0598,solve.va_sample,2,701.250,
1912.5600,solve.va_sample,2,701.250,
1913.0603,solve.va_sample,2,701.250,
1913.5606,solve.va_sample,2,701.250,
1914.0608,solve.va_sample,2,701.250,
1914.5611,solve.va_sample,2,701.250,
1915.0613,solve.va_sample,2,701.250,
1915.5615,solve.va_sample,2,701.250,
1916.0618,solve.va_sample,2,701.250,
1916.5620,solve.va_sample,2,701.250,
1917.0623,solve.va_sample,2,701.250,
1917.5625,solve.va_sample,2,701.250,
1918.0627,solve.va_sample,2,701.250,
1918.5630,solve.va_sample,2,701.250,
1919.0632,solve.va_sample,2,701.250,
1919.5634,solve.va_sample,2,701.250,
1920.0637,solve.va_sample,2,701.250,
1920.5639,solve.va_sample,2,701.250,
1921.0641,solve.va_sample,2,701.250,
1921.5644,solve.va_sample,2,701.250,
1922.0646,solve.va_sample,2,701.250,
1922.5649,solve.va_sample,2,701.250,
1923.0651,solve.va_sample,2,701.250,
1923.5653,solve.va_sample,2,701.250,
1924.0656,solve.va_sample,2,701.250,
1924.5658,solve.va_sample,2,701.250,
1925.0660,solve.va_sample,2,701.250,
1925.5663,solve.va_sample,2,701.250,
1926.0665,solve.va_sample,2,701.250,
1926.5667,solve.va_sample,2,701.250,
1927.0670,solve.va_sample,2,701.250,
1927.5672,solve.va_sample,2,701.250,
1928.0674,solve.va_sample,2,701.250,
1928.5677,solve.va_sample,2,701.250,
1929.0679,solve.va_sample,2,701.250,
1929.5681,solve.va_sample,2,701.250,
1930.0684,solve.va_sample,2,701.250,
1930.5686,solve.va_sample,2,701.250,
1931.0689,solve.va_sample,2,701.250,
1931.5691,solve.va_sample,2,701.250,
1932.0693,solve.va_sample,2,701.250,
1932.5696,solve.va_sample,2,701.250,
1933.0698,solve.va_sample,2,701.250,
1933.5700,solve.va_sample,2,701.250,
1934.0703,solve.va_sample,2,701.250,
1934.5705,solve.va_sample,2,701.250,
1935.0707,solve.va_sample,2,701.250,
1935.5710,solve.va_sample,2,701.250,
1936.0712,solve.va_sample,2,701.250,
1936.5715,solve.va_sample,2,701.250,
1937.0717,solve.va_sample,2,701.250,
1937.5719,solve.va_sample,2,701.250,
1938.0722,solve.va_sample,2,701.250,
1938.5725,solve.va_sample,2,701.250,
1939.0727,solve.va_sample,2,701.250,
1939.5730,solve.va_sample,2,701.250,
1940.0732,solve.va_sample,2,701.250,
1940.5735,solve.va_sample,2,701.250,
1941.0737,solve.va_sample,2,701.250,
1941.5739,solve.va_sample,2,701.250,
1942.0742,solve.va_sample,2,701.250,
1942.5744,solve.va_sample,2,701.250,
1943.0746,solve.va_sample,2,701.250,
1943.5749,solve.va_sample,2,701.250,
1944.0751,solve.va_sample,2,701.250,
1944.5754,solve.va_sample,2,701.250,
1945.0756,solve.va_sample,2,701.250,
1945.5758,solve.va_sample,2,701.250,
1946.0760,solve.va_sample,2,701.250,
1946.5763,solve.va_sample,2,701.250,
1947.0765,solve.va_sample,2,701.250,
1947.5768,solve.va_sample,2,701.250,
1948.0770,solve.va_sample,2,701.250,
1948.5772,solve.va_sample,2,701.250,
1949.0775,solve.va_sample,2,701.250,
1949.5777,solve.va_sample,2,701.250,
1950.0779,solve.va_sample,2,701.250,
1950.5782,solve.va_sample,2,701.250,
1951.0784,solve.va_sample,2,701.250,
1951.5787,solve.va_sample,2,701.250,
1952.0789,solve.va_sample,2,701.250,
1952.5791,solve.va_sample,2,701.250,
1953.0794,solve.va_sample,2,701.250,
1953.5796,solve.va_sample,2,701.250,
1954.0799,solve.va_sample,2,701.250,
1954.5801,solve.va_sample,2,701.250,
1955.0803,solve.va_sample,2,701.250,
1955.5806,solve.va_sample,2,701.250,
1956.0808,solve.va_sample,2,701.250,
1956.5811,solve.va_sample,2,701.250,
1957.0813,solve.va_sample,2,701.250,
1957.5815,solve.va_sample,2,701.250,
1958.0818,solve.va_sample,2,701.250,
1958.5820,solve.va_sample,2,701.250,
1959.0822,solve.va_sample,2,701.250,
1959.5824,solve.va_sample,2,701.250,
1960.0827,solve.va_sample,2,701.250,
1960.5829,solve.va_sample,2,701.250,
1961.0831,solve.va_sample,2,701.250,
1961.5834,solve.va_sample,2,701.250,
1962.0836,solve.va_sample,2,701.250,
1962.5838,solve.va_sample,2,701.250,
1963.0840,solve.va_sample,2,701.250,
1963.5843,solve.va_sample,2,701.250,
1964.0845,solve.va_sample,2,701.508,
1964.5848,solve.va_sample,2,701.508,
1965.0850,solve.va_sample,2,701.508,
1965.5852,solve.va_sample,2,701.508,
1966.0855,solve.va_sample,2,701.508,
1966.5857,solve.va_sample,2,701.508,
1967.0859,solve.va_sample,2,701.508,
1967.5862,solve.va_sample,2,701.508,
1968.0864,solve.va_sample,2,701.508,
1968.5866,solve.va_sample,2,701.508,
1969.0869,solve.va_sample,2,701.508,
1969.5871,solve.va_sample,2,701.508,
1970.0873,solve.va_sample,2,701.508,
1970.5875,solve.va_sample,2,701.508,
1971.0877,solve.va_sample,2,701.508,
1971.5880,solve.va_sample,2,701.508,
1972.0882,solve.va_sample,2,701.508,
1972.5885,solve.va_sample,2,701.508,
1973.0887,solve.va_sample,2,701.508,
1973.5890,solve.va_sample,2,701.508,
1974.0892,solve.va_sample,2,701.508,
1974.5895,solve.va_sample,2,701.508,
1975.0897,solve.va_sample,2,701.508,
1975.5899,solve.va_sample,2,701.508,
1976.0902,solve.va_sample,2,701.508,
1976.5904,solve.va_sample,2,701.508,
1977.0906,solve.va_sample,2,701.508,
1977.5908,solve.va_sample,2,701.508,
1978.0911,solve.va_sample,2,701.508,
1978.5913,solve.va_sample,2,701.508,
1979.0915,solve.va_sample,2,701.508,
1979.5918,solve.va_sample,2,701.508,
1980.0920,solve.va_sample,2,701.508,
1980.5922,solve.va_sample,2,701.508,
1981.0925,solve.va_sample,2,701.508,
1981.5927,solve.va_sample,2,701.508,
1982.0929,solve.va_sample,2,701.508,
1982.5932,solve.va_sample,2,701.508,
1983.0934,solve.va_sample,2,701.508,
1983.5937,solve.va_sample,2,701.508,
1984.0939,solve.va_sample,2,701.508,
1984.5941,solve.va_sample,2,701.508,
1985.0943,solve.va_sample,2,701.508,
1985.5946,solve.va_sample,2,701.508,
1986.0948,solve.va_sample,2,701.508,
1986.5950,solve.va_sample,2,701.508,
1987.0953,solve.va_sample,2,701.508,
1987.5955,solve.va_sample,2,701.508,
1988.0958,solve.va_sample,2,701.508,
1988.5960,solve.va_sample,2,701.508,
1989.0962,solve.va_sample,2,701.508,
1989.5965,solve.va_sample,2,701.508,
1990.0967,solve.va_sample,2,701.508,
1990.5969,solve.va_sample,2,701.508,
1991.0971,solve.va_sample,2,701.508,
1991.5974,solve.va_sample,2,701.508,
1992.0976,solve.va_sample,2,701.508,
1992.5978,solve.va_sample,2,701.508,
1993.0980,solve.va_sample,2,701.508,
1993.5983,solve.va_sample,2,701.508,
1994.0985,solve.va_sample,2,701.508,
1994.5988,solve.va_sample,2,701.508,
1995.0990,solve.va_sample,2,701.508,
1995.5992,solve.va_sample,2,701.508,
1996.0994,solve.va_sample,2,701.508,
1996.5997,solve.va_sample,2,701.508,
1997.0999,solve.va_sample,2,701.508,
1997.6001,solve.va_sample,2,701.508,
1998.1004,solve.va_sample,2,701.508,
1998.6006,solve.va_sample,2,701.508,
1999.1008,solve.va_sample,2,701.508,
1999.6011,solve.va_sample,2,701.508,
2000.1013,solve.va_sample,2,701.508,
2000.6015,solve.va_sample,2,701.508,
2001.1017,solve.va_sample,2,701.508,
2001.6020,solve.va_sample,2,701.508,
2002.1022,solve.va_sample,2,701.508,
2002.6024,solve.va_sample,2,701.508,
2003.1027,solve.va_sample,2,701.508,
2003.6029,solve.va_sample,2,701.508,
2004.1031,solve.va_sample,2,701.508,
2004.6033,solve.va_sample,2,701.508,
2005.1036,solve.va_sample,2,701.508,
2005.6038,solve.va_sample,2,701.508,
2006.1040,solve.va_sample,2,701.508,
2006.6043,solve.va_sample,2,701.508,
2007.1045,solve.va_sample,2,701.508,
2007.6048,solve.va_sample,2,701.508,
2008.1050,solve.va_sample,2,701.508,
2008.6053,solve.va_sample,2,701.508,
2009.1055,solve.va_sample,2,701.508,
2009.6057,solve.va_sample,2,701.508,
2010.1059,solve.va_sample,2,701.508,
2010.6062,solve.va_sample,2,701.508,
2011.1064,solve.va_sample,2,701.508,
2011.6066,solve.va_sample,2,701.508,
2012.1069,solve.va_sample,2,701.508,
2012.6071,solve.va_sample,2,701.508,
2013.1073,solve.va_sample,2,701.508,
2013.6075,solve.va_sample,2,701.508,
2014.1078,solve.va_sample,2,701.508,
2014.6080,solve.va_sample,2,701.508,
2015.1082,solve.va_sample,2,701.508,
2015.6085,solve.va_sample,2,701.508,
2016.1087,solve.va_sample,2,701.508,
2016.6089,solve.va_sample,2,701.508,
2017.1091,solve.va_sample,2,701.508,
2017.6094,solve.va_sample,2,701.508,
2018.1096,solve.va_sample,2,701.508,
2018.6098,solve.va_sample,2,701.508,
2019.1101,solve.va_sample,2,701.508,
2019.6103,solve.va_sample,2,701.508,
2020.1105,solve.va_sample,2,701.508,
2020.6107,solve.va_sample,2,701.508,
2021.1110,solve.va_sample,2,701.508,
2021.6112,solve.va_sample,2,701.508,
2022.1114,solve.va_sample,2,701.508,
2022.6117,solve.va_sample,2,701.508,
2023.1119,solve.va_sample,2,701.508,
2023.6121,solve.va_sample,2,701.508,
2024.1124,solve.va_sample,2,701.508,
2024.6126,solve.va_sample,2,701.508,
2025.1128,solve.va_sample,2,701.508,
2025.6130,solve.va_sample,2,701.508,
2026.1133,solve.va_sample,2,701.508,
2026.6135,solve.va_sample,2,701.508,
2027.1137,solve.va_sample,2,701.508,
2027.6140,solve.va_sample,2,701.508,
2028.1142,solve.va_sample,2,701.508,
2028.6144,solve.va_sample,2,701.508,
2029.1147,solve.va_sample,2,701.508,
2029.6149,solve.va_sample,2,701.508,
2030.1151,solve.va_sample,2,701.508,
2030.6154,solve.va_sample,2,701.508,
2031.1156,solve.va_sample,2,701.508,
2031.6158,solve.va_sample,2,701.508,
2032.1160,solve.va_sample,2,701.508,
2032.6163,solve.va_sample,2,701.508,
2033.1166,solve.va_sample,2,701.508,
2033.6168,solve.va_sample,2,701.508,
2034.1170,solve.va_sample,2,701.508,
2034.6173,solve.va_sample,2,701.508,
2035.1175,solve.va_sample,2,701.508,
2035.6177,solve.va_sample,2,701.508,
2036.1180,solve.va_sample,2,701.508,
2036.6182,solve.va_sample,2,701.508,
2037.1184,solve.va_sample,2,701.508,
2037.6187,solve.va_sample,2,701.508,
2038.1189,solve.va_sample,2,701.508,
2038.6191,solve.va_sample,2,701.508,
2039.1194,solve.va_sample,2,701.508,
2039.6196,solve.va_sample,2,701.508,
2040.1198,solve.va_sample,2,701.508,
2040.6201,solve.va_sample,2,701.508,
2041.1203,solve.va_sample,2,701.508,
2041.6206,solve.va_sample,2,701.508,
2042.1208,solve.va_sample,2,701.508,
2042.6210,solve.va_sample,2,701.508,
2043.1213,solve.va_sample,2,701.508,
2043.6215,solve.va_sample,2,701.508,
2044.1217,solve.va_sample,2,701.508,
2044.6220,solve.va_sample,2,701.508,
2045.1222,solve.va_sample,2,701.508,
2045.6224,solve.va_sample,2,701.508,
2046.1227,solve.va_sample,2,701.508,
2046.6229,solve.va_sample,2,701.508,
2047.1231,solve.va_sample,2,701.508,
2047.6234,solve.va_sample,2,701.508,
2048.1236,solve.va_sample,2,701.508,
2048.6238,solve.va_sample,2,701.508,
2049.1241,solve.va_sample,2,701.508,
2049.6243,solve.va_sample,2,701.508,
2050.1245,solve.va_sample,2,701.508,
2050.6248,solve.va_sample,2,701.508,
2051.1250,solve.va_sample,2,701.508,
2051.6252,solve.va_sample,2,701.508,
2052.1255,solve.va_sample,2,701.508,
2052.6257,solve.va_sample,2,701.508,
2053.1259,solve.va_sample,2,701.508,
2053.6262,solve.va_sample,2,701.508,
2054.1264,solve.va_sample,2,701.508,
2054.6267,solve.va_sample,2,701.508,
2055.1269,solve.va_sample,2,701.508,
2055.6272,solve.va_sample,2,701.508,
2056.1274,solve.va_sample,2,701.508,
2056.6276,solve.va_sample,2,701.508,
2057.1278,solve.va_sample,2,701.508,
2057.6281,solve.va_sample,2,701.508,
2058.1283,solve.va_sample,2,701.508,
2058.6286,solve.va_sample,2,701.508,
2059.1288,solve.va_sample,2,701.508,
2059.6290,solve.va_sample,2,701.508,
2060.1293,solve.va_sample,2,701.508,
2060.6295,solve.va_sample,2,701.508,
2061.1297,solve.va_sample,2,701.508,
2061.6300,solve.va_sample,2,701.508,
2062.1302,solve.va_sample,2,701.508,
2062.6304,solve.va_sample,2,701.508,
2063.1307,solve.va_sample,2,701.508,
2063.6309,solve.va_sample,2,701.508,
2064.1312,solve.va_sample,2,701.508,
2064.6314,solve.va_sample,2,701.508,
2065.1316,solve.va_sample,2,701.508,
2065.6319,solve.va_sample,2,701.508,
2066.1321,solve.va_sample,2,701.508,
2066.6323,solve.va_sample,2,701.508,
2067.1326,solve.va_sample,2,701.508,
2067.6328,solve.va_sample,2,701.508,
2068.1330,solve.va_sample,2,701.508,
2068.6333,solve.va_sample,2,701.508,
2069.1335,solve.va_sample,2,701.508,
2069.6337,solve.va_sample,2,701.508,
2070.1340,solve.va_sample,2,701.508,
2070.6342,solve.va_sample,2,701.508,
2071.1345,solve.va_sample,2,701.508,
2071.6347,solve.va_sample,2,701.508,
2072.1349,solve.va_sample,2,701.508,
2072.6352,solve.va_sample,2,701.508,
2073.1354,solve.va_sample,2,701.508,
2073.6356,solve.va_sample,2,701.508,
2074.1359,solve.va_sample,2,701.508,
2074.6361,solve.va_sample,2,701.508,
2075.1363,solve.va_sample,2,701.508,
2075.6366,solve.va_sample,2,701.508,
2076.1368,solve.va_sample,2,701.508,
2076.6370,solve.va_sample,2,701.508,
2077.1373,solve.va_sample,2,701.508,
2077.6375,solve.va_sample,2,701.508,
2078.1377,solve.va_sample,2,701.508,
2078.6380,solve.va_sample,2,701.508,
2079.1382,solve.va_sample,2,701.508,
2079.6384,solve.va_sample,2,701.508,
2080.1387,solve.va_sample,2,701.508,
2080.6389,solve.va_sample,2,701.508,
2081.1391,solve.va_sample,2,701.508,
2081.6394,solve.va_sample,2,701.508,
2082.1396,solve.va_sample,2,701.508,
2082.6398,solve.va_sample,2,701.508,
2083.1401,solve.va_sample,2,701.508,
2083.6403,solve.va_sample,2,701.508,
2084.1405,solve.va_sample,2,701.508,
2084.6408,solve.va_sample,2,701.508,
2085.1410,solve.va_sample,2,701.508,
2085.6412,solve.va_sample,2,701.508,
2086.1415,solve.va_sample,2,701.508,
2086.6417,solve.va_sample,2,701.508,
2087.1419,solve.va_sample,2,701.508,
2087.6422,solve.va_sample,2,701.508,
2088.1424,solve.va_sample,2,701.508,
2088.6426,solve.va_sample,2,701.508,
2089.1429,solve.va_sample,2,701.508,
2089.6431,solve.va_sample,2,701.508,
2090.1433,solve.va_sample,2,701.508,
2090.6436,solve.va_sample,2,701.508,
2091.1438,solve.va_sample,2,701.508,
2091.6440,solve.va_sample,2,701.508,
2092.1443,solve.va_sample,2,701.508,
2092.6445,solve.va_sample,2,701.508,
2093.1448,solve.va_sample,2,701.508,
2093.6450,solve.va_sample,2,701.508,
2094.1453,solve.va_sample,2,701.508,
2094.6455,solve.va_sample,2,701.508,
2095.1457,solve.va_sample,2,701.508,
2095.6460,solve.va_sample,2,701.508,
2096.1462,solve.va_sample,2,701.508,
2096.6465,solve.va_sample,2,701.508,
2097.1467,solve.va_sample,2,701.508,
2097.6469,solve.va_sample,2,701.508,
2098.1472,solve.va_sample,2,701.508,
2098.6474,solve.va_sample,2,701.508,
2099.1476,solve.va_sample,2,701.508,
2099.6479,solve.va_sample,2,701.508,
2100.1481,solve.va_sample,2,701.508,
2100.6483,solve.va_sample,2,701.508,
2101.1485,solve.va_sample,2,701.508,
2101.6488,solve.va_sample,2,701.508,
2102.1490,solve.va_sample,2,701.508,
2102.6492,solve.va_sample,2,701.508,
2103.1495,solve.va_sample,2,701.508,
2103.6497,solve.va_sample,2,701.508,
2104.1500,solve.va_sample,2,701.508,
2104.6502,solve.va_sample,2,701.508,
2105.1504,solve.va_sample,2,701.508,
2105.6507,solve.va_sample,2,701.508,
2106.1509,solve.va_sample,2,701.508,
2106.6511,solve.va_sample,2,701.508,
2107.1514,solve.va_sample,2,701.508,
2107.6516,solve.va_sample,2,701.508,
2108.1518,solve.va_sample,2,701.508,
2108.6521,solve.va_sample,2,701.508,
2109.1523,solve.va_sample,2,701.508,
2109.6525,solve.va_sample,2,701.508,
2110.1528,solve.va_sample,2,701.508,
2110.6530,solve.va_sample,2,701.508,
2111.1532,solve.va_sample,2,701.508,
2111.6535,solve.va_sample,2,701.508,
2112.1537,solve.va_sample,2,701.508,
2112.6539,solve.va_sample,2,701.508,
2113.1542,solve.va_sample,2,701.508,
2113.6544,solve.va_sample,2,701.508,
2114.1547,solve.va_sample,2,701.508,
2114.6549,solve.va_sample,2,701.508,
2115.1551,solve.va_sample,2,701.508,
2115.6554,solve.va_sample,2,701.508,
2116.1556,solve.va_sample,2,701.508,
2116.6558,solve.va_sample,2,701.508,
2117.1561,solve.va_sample,2,701.508,
2117.6563,solve.va_sample,2,701.508,
2118.1565,solve.va_sample,2,701.508,
2118.6568,solve.va_sample,2,701.508,
2119.1570,solve.va_sample,2,701.508,
2119.6572,solve.va_sample,2,701.508,
2120.1575,solve.va_sample,2,701.508,
2120.6577,solve.va_sample,2,701.508,
2121.1579,solve.va_sample,2,701.508,
2121.6582,solve.va_sample,2,701.508,
2122.1584,solve.va_sample,2,701.508,
2122.6586,solve.va_sample,2,701.508,
2123.1589,solve.va_sample,2,701.508,
2123.6591,solve.va_sample,2,701.508,
2124.1593,solve.va_sample,2,701.508,
2124.6596,solve.va_sample,2,701.508,
2125.1598,solve.va_sample,2,701.508,
2125.6600,solve.va_sample,2,701.508,
2126.1603,solve.va_sample,2,701.508,
2126.6605,solve.va_sample,2,701.508,
2127.1607,solve.va_sample,2,701.508,
2127.6610,solve.va_sample,2,701.508,
2128.1612,solve.va_sample,2,701.508,
2128.6614,solve.va_sample,2,701.508,
2129.1617,solve.va_sample,2,701.508,
2129.6619,solve.va_sample,2,701.508,
2130.1621,solve.va_sample,2,701.508,
2130.6624,solve.va_sample,2,701.508,
2131.1626,solve.va_sample,2,701.508,
2131.6629,solve.va_sample,2,701.508,
2132.1631,solve.va_sample,2,701.508,
2132.6633,solve.va_sample,2,701.508,
2133.1636,solve.va_sample,2,701.508,
2133.6638,solve.va_sample,2,701.508,
2134.1640,solve.va_sample,2,701.508,
2134.6643,solve.va_sample,2,701.508,
2135.1645,solve.va_sample,2,701.508,
2135.6647,solve.va_sample,2,701.508,
2136.1650,solve.va_sample,2,701.508,
2136.6652,solve.va_sample,2,701.508,
2137.1654,solve.va_sample,2,701.508,
2137.6657,solve.va_sample,2,701.508,
2138.1659,solve.va_sample,2,701.508,
2138.6661,solve.va_sample,2,701.508,
2139.1664,solve.va_sample,2,701.508,
2139.6666,solve.va_sample,2,701.508,
2140.1668,solve.va_sample,2,701.508,
2140.6670,solve.va_sample,2,701.508,
2141.1673,solve.va_sample,2,701.508,
2141.6675,solve.va_sample,2,701.508,
2142.1677,solve.va_sample,2,701.508,
2142.6680,solve.va_sample,2,701.508,
2143.1682,solve.va_sample,2,701.508,
2143.6685,solve.va_sample,2,701.508,
2144.1687,solve.va_sample,2,701.508,
2144.6690,solve.va_sample,2,701.508,
2145.1692,solve.va_sample,2,701.508,
2145.6694,solve.va_sample,2,701.508,
2146.1697,solve.va_sample,2,701.508,
2146.6699,solve.va_sample,2,701.508,
2147.1701,solve.va_sample,2,701.508,
2147.6704,solve.va_sample,2,701.508,
2148.1706,solve.va_sample,2,701.508,
2148.6708,solve.va_sample,2,701.508,
2149.1711,solve.va_sample,2,701.508,
2149.6713,solve.va_sample,2,701.508,
2150.1716,solve.va_sample,2,701.508,
2150.6718,solve.va_sample,2,701.508,
2151.1720,solve.va_sample,2,701.508,
2151.6723,solve.va_sample,2,701.508,
2152.1725,solve.va_sample,2,701.508,
2152.6727,solve.va_sample,2,701.508,
2153.1730,solve.va_sample,2,701.508,
2153.6733,solve.va_sample,2,701.508,
2154.1735,solve.va_sample,2,701.508,
2154.6737,solve.va_sample,2,701.508,
2155.1740,solve.va_sample,2,701.508,
2155.6742,solve.va_sample,2,701.508,
2156.1744,solve.va_sample,2,701.508,
2156.6747,solve.va_sample,2,701.508,
2157.1749,solve.va_sample,2,701.508,
2157.6751,solve.va_sample,2,701.508,
2158.1754,solve.va_sample,2,701.508,
2158.6756,solve.va_sample,2,701.508,
2159.1759,solve.va_sample,2,701.508,
2159.6761,solve.va_sample,2,701.508,
2160.1763,solve.va_sample,2,701.508,
2160.6766,solve.va_sample,2,701.508,
2161.1768,solve.va_sample,2,701.508,
2161.6771,solve.va_sample,2,701.508,
2162.1773,solve.va_sample,2,701.508,
2162.6775,solve.va_sample,2,701.508,
2163.1778,solve.va_sample,2,701.508,
2163.6780,solve.va_sample,2,701.508,
2164.1782,solve.va_sample,2,701.508,
2164.6785,solve.va_sample,2,701.508,
2165.1787,solve.va_sample,2,701.508,
2165.6789,solve.va_sample,2,701.508,
2166.1792,solve.va_sample,2,701.508,
2166.6794,solve.va_sample,2,701.508,
2167.1796,solve.va_sample,2,701.508,
2167.6798,solve.va_sample,2,701.508,
2168.1801,solve.va_sample,2,701.508,
2168.6804,solve.va_sample,2,701.508,
2169.1806,solve.va_sample,2,701.508,
2169.6808,solve.va_sample,2,701.508,
2170.1811,solve.va_sample,2,701.508,
2170.6813,solve.va_sample,2,701.508,
2171.1816,solve.va_sample,2,701.508,
2171.6818,solve.va_sample,2,701.508,
2172.1820,solve.va_sample,2,701.508,
2172.6823,solve.va_sample,2,701.508,
2173.1826,solve.va_sample,2,701.508,
2173.6828,solve.va_sample,2,701.508,
2174.1831,solve.va_sample,2,701.508,
2174.6833,solve.va_sample,2,701.508,
2175.1836,solve.va_sample,2,701.508,
2175.6838,solve.va_sample,2,701.508,
2176.1841,solve.va_sample,2,701.508,
2176.6843,solve.va_sample,2,701.508,
2177.1846,solve.va_sample,2,701.508,
2177.6848,solve.va_sample,2,701.508,
2178.1851,solve.va_sample,2,701.508,
2178.6854,solve.va_sample,2,701.508,
2179.1856,solve.va_sample,2,701.508,
2179.6858,solve.va_sample,2,701.508,
2180.1861,solve.va_sample,2,701.508,
2180.6863,solve.va_sample,2,701.508,
2181.1866,solve.va_sample,2,701.508,
2181.6868,solve.va_sample,2,701.508,
2182.1870,solve.va_sample,2,701.508,
2182.6873,solve.va_sample,2,701.508,
2183.1876,solve.va_sample,2,701.508,
2183.6878,solve.va_sample,2,701.508,
2184.1880,solve.va_sample,2,701.508,
2184.6883,solve.va_sample,2,701.508,
2185.1885,solve.va_sample,2,701.508,
2185.6888,solve.va_sample,2,701.508,
2186.1890,solve.va_sample,2,701.508,
2186.6893,solve.va_sample,2,701.508,
2187.1895,solve.va_sample,2,701.508,
2187.6898,solve.va_sample,2,701.508,
2188.1900,solve.va_sample,2,701.508,
2188.6903,solve.va_sample,2,701.508,
2189.1905,solve.va_sample,2,701.508,
2189.6907,solve.va_sample,2,701.508,
2190.1910,solve.va_sample,2,701.508,
2190.6912,solve.va_sample,2,701.508,
2191.1915,solve.va_sample,2,701.508,
2191.6917,solve.va_sample,2,701.508,
2192.1919,solve.va_sample,2,701.508,
2192.6922,solve.va_sample,2,701.508,
2193.1924,solve.va_sample,2,701.508,
2193.6927,solve.va_sample,2,701.508,
2194.1929,solve.va_sample,2,701.508,
2194.6932,solve.va_sample,2,701.508,
2195.1934,solve.va_sample,2,701.508,
2195.6936,solve.va_sample,2,701.508,
2196.1939,solve.va_sample,2,701.508,
2196.6941,solve.va_sample,2,701.508,
2197.1944,solve.va_sample,2,701.508,
2197.6946,solve.va_sample,2,701.508,
2198.1949,solve.va_sample,2,701.508,
2198.6951,solve.va_sample,2,701.508,
2199.1954,solve.va_sample,2,701.508,
2199.6956,solve.va_sample,2,701.508,
2200.1958,solve.va_sample,2,701.508,
2200.6961,solve.va_sample,2,701.508,
2201.1963,solve.va_sample,2,701.508,
2201.6966,solve.va_sample,2,701.508,
2202.1968,solve.va_sample,2,701.508,
2202.6971,solve.va_sample,2,701.508,
2203.1974,solve.va_sample,2,701.508,
2203.6976,solve.va_sample,2,701.508,
2204.1978,solve.va_sample,2,701.508,
2204.6981,solve.va_sample,2,701.508,
2205.1984,solve.va_sample,2,701.508,
2205.6987,solve.va_sample,2,701.508,
2206.1989,solve.va_sample,2,701.508,
2206.6992,solve.va_sample,2,701.508,
2207.1994,solve.va_sample,2,701.508,
2207.6996,solve.va_sample,2,701.508,
2208.1999,solve.va_sample,2,701.508,
2208.7001,solve.va_sample,2,701.508,
2209.2004,solve.va_sample,2,701.508,
2209.7006,solve.va_sample,2,701.508,
2210.2008,solve.va_sample,2,701.508,
2210.7011,solve.va_sample,2,701.508,
2211.2014,solve.va_sample,2,701.508,
2211.7016,solve.va_sample,2,701.508,
2212.2019,solve.va_sample,2,701.508,
2212.7021,solve.va_sample,2,701.508,
2213.2024,solve.va_sample,2,701.508,
2213.7027,solve.va_sample,2,701.508,
2214.2029,solve.va_sample,2,701.508,
2214.7032,solve.va_sample,2,701.508,
2215.2034,solve.va_sample,2,701.508,
2215.7036,solve.va_sample,2,701.508,
2216.2039,solve.va_sample,2,701.508,
2216.7041,solve.va_sample,2,701.508,
2217.2044,solve.va_sample,2,701.508,
2217.7046,solve.va_sample,2,701.508,
2218.2048,solve.va_sample,2,701.508,
2218.7051,solve.va_sample,2,701.508,
2219.2053,solve.va_sample,2,701.508,
2219.7055,solve.va_sample,2,701.508,
2220.2058,solve.va_sample,2,701.508,
2220.7060,solve.va_sample,2,701.508,
2221.2063,solve.va_sample,2,701.508,
2221.7065,solve.va_sample,2,701.508,
2222.2068,solve.va_sample,2,701.508,
2222.7070,solve.va_sample,2,701.508,
2223.2073,solve.va_sample,2,701.508,
2223.7075,solve.va_sample,2,701.508,
2224.2077,solve.va_sample,2,701.508,
2224.7080,solve.va_sample,2,701.508,
2225.2082,solve.va_sample,2,701.508,
2225.7085,solve.va_sample,2,701.508,
2226.2087,solve.va_sample,2,701.508,
2226.7090,solve.va_sample,2,701.508,
2227.2092,solve.va_sample,2,701.508,
2227.7095,solve.va_sample,2,701.508,
2228.2097,solve.va_sample,2,701.508,
2228.7100,solve.va_sample,2,701.508,
2229.2102,solve.va_sample,2,701.508,
2229.7105,solve.va_sample,2,701.508,
2230.2107,solve.va_sample,2,701.508,
2230.7110,solve.va_sample,2,701.508,
2231.2112,solve.va_sample,2,701.508,
2231.7115,solve.va_sample,2,701.508,
2232.2117,solve.va_sample,2,701.508,
2232.7120,solve.va_sample,2,701.508,
2233.2122,solve.va_sample,2,701.508,
2233.7125,solve.va_sample,2,701.508,
2234.2127,solve.va_sample,2,701.508,
2234.7129,solve.va_sample,2,701.508,
2235.2132,solve.va_sample,2,701.508,
2235.7134,solve.va_sample,2,701.508,
2236.2136,solve.va_sample,2,701.508,
2236.7139,solve.va_sample,2,701.508,
2237.2141,solve.va_sample,2,701.508,
2237.7144,solve.va_sample,2,701.508,
2238.2146,solve.va_sample,2,701.508,
2238.7149,solve.va_sample,2,701.508,
2239.2151,solve.va_sample,2,701.508,
2239.7153,solve.va_sample,2,701.508,
2240.2156,solve.va_sample,2,701.508,
2240.7158,solve.va_sample,2,701.508,
2241.2161,solve.va_sample,2,701.508,
2241.7163,solve.va_sample,2,701.508,
2242.2166,solve.va_sample,2,701.508,
2242.7168,solve.va_sample,2,701.508,
2243.2171,solve.va_sample,2,701.508,
2243.7173,solve.va_sample,2,701.508,
2244.2176,solve.va_sample,2,701.508,
2244.7178,solve.va_sample,2,701.508,
2245.2180,solve.va_sample,2,701.508,
2245.7183,solve.va_sample,2,701.508,
2246.2186,solve.va_sample,2,701.508,
2246.7188,solve.va_sample,2,701.508,
2247.2190,solve.va_sample,2,701.508,
2247.7193,solve.va_sample,2,701.508,
2248.2195,solve.va_sample,2,701.508,
2248.7198,solve.va_sample,2,701.508,
2249.2200,solve.va_sample,2,701.508,
2249.7203,solve.va_sample,2,701.508,
2250.2206,solve.va_sample,2,701.508,
2250.7208,solve.va_sample,2,701.508,
2251.2210,solve.va_sample,2,701.508,
2251.7213,solve.va_sample,2,701.508,
2252.2215,solve.va_sample,2,701.508,
2252.7218,solve.va_sample,2,701.508,
2253.2220,solve.va_sample,2,701.508,
2253.7223,solve.va_sample,2,701.508,
2254.2225,solve.va_sample,2,701.508,
2254.7227,solve.va_sample,2,701.508,
2255.2230,solve.va_sample,2,701.508,
2255.7232,solve.va_sample,2,701.508,
2256.2234,solve.va_sample,2,701.508,
2256.7237,solve.va_sample,2,701.508,
2257.2239,solve.va_sample,2,701.508,
2257.7242,solve.va_sample,2,701.508,
2258.2244,solve.va_sample,2,701.508,
2258.7247,solve.va_sample,2,701.508,
2259.2249,solve.va_sample,2,701.508,
2259.7251,solve.va_sample,2,701.508,
2260.2254,solve.va_sample,2,701.508,
2260.7256,solve.va_sample,2,701.508,
2261.2259,solve.va_sample,2,701.508,
2261.7261,solve.va_sample,2,701.508,
2262.2263,solve.va_sample,2,701.508,
2262.7266,solve.va_sample,2,701.508,
2263.2268,solve.va_sample,2,701.508,
2263.7271,solve.va_sample,2,701.508,
2264.2273,solve.va_sample,2,701.508,
2264.7275,solve.va_sample,2,701.508,
2265.2278,solve.va_sample,2,701.508,
2265.7280,solve.va_sample,2,701.508,
2266.2283,solve.va_sample,2,701.508,
2266.7285,solve.va_sample,2,701.508,
2267.2288,solve.va_sample,2,701.508,
2267.7290,solve.va_sample,2,701.508,
2268.2292,solve.va_sample,2,701.508,
2268.7295,solve.va_sample,2,701.508,
2269.2297,solve.va_sample,2,701.508,
2269.7300,solve.va_sample,2,701.508,
2270.2302,solve.va_sample,2,701.508,
2270.7305,solve.va_sample,2,701.508,
2271.2307,solve.va_sample,2,701.508,
2271.7309,solve.va_sample,2,701.508,
2272.2312,solve.va_sample,2,701.508,
2272.7315,solve.va_sample,2,701.508,
2273.2317,solve.va_sample,2,701.508,
2273.7320,solve.va_sample,2,701.508,
2274.2323,solve.va_sample,2,701.508,
2274.7326,solve.va_sample,2,701.508,
2275.2329,solve.va_sample,2,701.508,
2275.7331,solve.va_sample,2,701.508,
2276.2334,solve.va_sample,2,701.508,
2276.7336,solve.va_sample,2,701.508,
2277.2339,solve.va_sample,2,701.508,
2277.7341,solve.va_sample,2,701.508,
2278.2344,solve.va_sample,2,701.508,
2278.7346,solve.va_sample,2,701.508,
2279.2349,solve.va_sample,2,701.508,
2279.7351,solve.va_sample,2,701.508,
2280.2354,solve.va_sample,2,701.508,
2280.7356,solve.va_sample,2,701.508,
2281.2358,solve.va_sample,2,701.508,
2281.7361,solve.va_sample,2,701.508,
2282.2363,solve.va_sample,2,701.508,
2282.7366,solve.va_sample,2,701.508,
2283.2368,solve.va_sample,2,701.508,
2283.7370,solve.va_sample,2,701.508,
2284.2373,solve.va_sample,2,701.508,
2284.7375,solve.va_sample,2,701.508,
2285.2378,solve.va_sample,2,701.508,
2285.7380,solve.va_sample,2,701.508,
2286.2382,solve.va_sample,2,701.508,
2286.7385,solve.va_sample,2,701.508,
2287.2387,solve.va_sample,2,701.508,
2287.7389,solve.va_sample,2,701.508,
2288.2392,solve.va_sample,2,701.508,
2288.7394,solve.va_sample,2,701.508,
2289.2396,solve.va_sample,2,701.508,
2289.7399,solve.va_sample,2,701.508,
2290.2401,solve.va_sample,2,701.508,
2290.7403,solve.va_sample,2,701.508,
2291.2406,solve.va_sample,2,701.508,
2291.7408,solve.va_sample,2,701.508,
2292.2410,solve.va_sample,2,701.508,
2292.7413,solve.va_sample,2,701.508,
2293.2415,solve.va_sample,2,701.508,
2293.7417,solve.va_sample,2,701.508,
2294.2420,solve.va_sample,2,701.508,
2294.7422,solve.va_sample,2,701.508,
2295.2424,solve.va_sample,2,701.508,
2295.7427,solve.va_sample,2,701.508,
2296.2429,solve.va_sample,2,701.508,
2296.7431,solve.va_sample,2,701.508,
2297.2434,solve.va_sample,2,701.508,
2297.7436,solve.va_sample,2,701.508,
2298.2438,solve.va_sample,2,701.508,
2298.7440,solve.va_sample,2,701.508,
2299.2443,solve.va_sample,2,701.508,
2299.7445,solve.va_sample,2,701.508,
2300.2448,solve.va_sample,2,701.508,
2300.7450,solve.va_sample,2,701.508,
2301.2453,solve.va_sample,2,701.508,
2301.7455,solve.va_sample,2,701.508,
2302.2458,solve.va_sample,2,701.508,
2302.7460,solve.va_sample,2,701.508,
2303.2462,solve.va_sample,2,701.508,
2303.7465,solve.va_sample,2,701.508,
2304.2467,solve.va_sample,2,701.508,
2304.7470,solve.va_sample,2,701.508,
2305.2472,solve.va_sample,2,701.766,
2305.7474,solve.va_sample,2,701.766,
2306.2477,solve.va_sample,2,701.766,
2306.7479,solve.va_sample,2,701.766,
2307.2481,solve.va_sample,2,701.766,
2307.7483,solve.va_sample,2,701.766,
2308.2486,solve.va_sample,2,701.766,
2308.7488,solve.va_sample,2,701.766,
2309.2490,solve.va_sample,2,701.766,
2309.7493,solve.va_sample,2,701.766,
2310.2495,solve.va_sample,2,701.766,
2310.7498,solve.va_sample,2,701.766,
2311.2500,solve.va_sample,2,701.766,
2311.7502,solve.va_sample,2,701.766,
2312.2504,solve.va_sample,2,701.766,
2312.7507,solve.va_sample,2,701.766,
2313.2509,solve.va_sample,2,701.766,
2313.7512,solve.va_sample,2,701.766,
2314.2514,solve.va_sample,2,701.766,
2314.7517,solve.va_sample,2,701.766,
2315.2519,solve.va_sample,2,701.766,
2315.7522,solve.va_sample,2,701.766,
2316.2524,solve.va_sample,2,701.766,
2316.7526,solve.va_sample,2,701.766,
2317.2529,solve.va_sample,2,701.766,
2317.7531,solve.va_sample,2,701.766,
2318.2533,solve.va_sample,2,701.766,
2318.7536,solve.va_sample,2,701.766,
2319.2538,solve.va_sample,2,701.766,
2319.7541,solve.va_sample,2,701.766,
2320.2543,solve.va_sample,2,701.766,
2320.7545,solve.va_sample,2,701.766,
2321.2548,solve.va_sample,2,701.766,
2321.7550,solve.va_sample,2,701.766,
2322.2553,solve.va_sample,2,701.766,
2322.7556,solve.va_sample,2,701.766,
2323.2558,solve.va_sample,2,701.766,
2323.7560,solve.va_sample,2,701.766,
2324.2563,solve.va_sample,2,701.766,
2324.7565,solve.va_sample,2,701.766,
2325.2568,solve.va_sample,2,701.766,
2325.7570,solve.va_sample,2,701.766,
2326.2573,solve.va_sample,2,701.766,
2326.7575,solve.va_sample,2,701.766,
2327.2578,solve.va_sample,2,701.766,
2327.7580,solve.va_sample,2,701.766,
2328.2582,solve.va_sample,2,701.766,
2328.7585,solve.va_sample,2,701.766,
2329.2587,solve.va_sample,2,701.766,
2329.7590,solve.va_sample,2,701.766,
2330.2592,solve.va_sample,2,701.766,
2330.7595,solve.va_sample,2,701.766,
2331.2597,solve.va_sample,2,701.766,
2331.7599,solve.va_sample,2,701.766,
2332.2602,solve.va_sample,2,701.766,
2332.7604,solve.va_sample,2,701.766,
2333.2607,solve.va_sample,2,701.766,
2333.7610,solve.va_sample,2,701.766,
2334.2612,solve.va_sample,2,701.766,
2334.7614,solve.va_sample,2,701.766,
2335.2617,solve.va_sample,2,701.766,
2335.7619,solve.va_sample,2,701.766,
2336.2622,solve.va_sample,2,701.766,
2336.7624,solve.va_sample,2,701.766,
2337.2627,solve.va_sample,2,701.766,
2337.7629,solve.va_sample,2,701.766,
2338.2631,solve.va_sample,2,701.766,
2338.7634,solve.va_sample,2,701.766,
2339.2636,solve.va_sample,2,701.766,
2339.7639,solve.va_sample,2,701.766,
2340.2641,solve.va_sample,2,701.766,
2340.7643,solve.va_sample,2,701.766,
2341.2646,solve.va_sample,2,701.766,
2341.7648,solve.va_sample,2,701.766,
2342.2650,solve.va_sample,2,701.766,
2342.7653,solve.va_sample,2,701.766,
2343.2655,solve.va_sample,2,701.766,
2343.7657,solve.va_sample,2,701.766,
2344.2660,solve.va_sample,2,701.766,
2344.7662,solve.va_sample,2,701.766,
2345.2664,solve.va_sample,2,701.766,
2345.7667,solve.va_sample,2,701.766,
2346.2669,solve.va_sample,2,701.766,
2346.7672,solve.va_sample,2,701.766,
2347.2674,solve.va_sample,2,701.766,
2347.7677,solve.va_sample,2,701.766,
2348.2679,solve.va_sample,2,701.766,
2348.7682,solve.va_sample,2,701.766,
2349.2684,solve.va_sample,2,701.766,
2349.7686,solve.va_sample,2,701.766,
2350.2689,solve.va_sample,2,701.766,
2350.7691,solve.va_sample,2,701.766,
2351.2693,solve.va_sample,2,701.766,
2351.7696,solve.va_sample,2,701.766,
2352.2698,solve.va_sample,2,701.766,
2352.7700,solve.va_sample,2,701.766,
2353.2703,solve.va_sample,2,701.766,
2353.7705,solve.va_sample,2,701.766,
2354.2708,solve.va_sample,2,701.766,
2354.7710,solve.va_sample,2,701.766,
2355.2713,solve.va_sample,2,701.766,
2355.7715,solve.va_sample,2,701.766,
2356.2717,solve.va_sample,2,701.766,
2356.7720,solve.va_sample,2,701.766,
2357.2722,solve.va_sample,2,701.766,
2357.7724,solve.va_sample,2,701.766,
2358.2727,solve.va_sample,2,701.766,
2358.7729,solve.va_sample,2,701.766,
2359.2731,solve.va_sample,2,701.766,
2359.7733,solve.va_sample,2,701.766,
2360.2736,solve.va_sample,2,701.766,
2360.7738,solve.va_sample,2,701.766,
2361.2740,solve.va_sample,2,701.766,
2361.7743,solve.va_sample,2,701.766,
2362.2745,solve.va_sample,2,701.766,
2362.7747,solve.va_sample,2,701.766,
2363.2749,solve.va_sample,2,701.766,
2363.7752,solve.va_sample,2,701.766,
2364.2754,solve.va_sample,2,701.766,
2364.7757,solve.va_sample,2,701.766,
2365.2759,solve.va_sample,2,701.766,
2365.7761,solve.va_sample,2,701.766,
2366.2764,solve.va_sample,2,701.766,
2366.7766,solve.va_sample,2,701.766,
2367.2768,solve.va_sample,2,701.766,
2367.7771,solve.va_sample,2,701.766,
2368.2773,solve.va_sample,2,701.766,
2368.7776,solve.va_sample,2,701.766,
2369.2778,solve.va_sample,2,701.766,
2369.7780,solve.va_sample,2,701.766,
2370.2783,solve.va_sample,2,701.766,
2370.7785,solve.va_sample,2,701.766,
2371.2788,solve.va_sample,2,701.766,
2371.7790,solve.va_sample,2,701.766,
2372.2792,solve.va_sample,2,701.766,
2372.7795,solve.va_sample,2,701.766,
2373.2797,solve.va_sample,2,701.766,
2373.7800,solve.va_sample,2,701.766,
2374.2802,solve.va_sample,2,701.766,
2374.7805,solve.va_sample,2,701.766,
2375.2807,solve.va_sample,2,701.766,
2375.7810,solve.va_sample,2,701.766,
2376.2812,solve.va_sample,2,701.766,
2376.7815,solve.va_sample,2,701.766,
2377.2817,solve.va_sample,2,701.766,
2377.7819,solve.va_sample,2,701.766,
2378.2822,solve.va_sample,2,701.766,
2378.7824,solve.va_sample,2,701.766,
2379.2827,solve.va_sample,2,701.766,
2379.7829,solve.va_sample,2,701.766,
2380.2831,solve.va_sample,2,701.766,
2380.7834,solve.va_sample,2,701.766,
2381.2836,solve.va_sample,2,701.766,
2381.7838,solve.va_sample,2,701.766,
2382.2840,solve.va_sample,2,701.766,
2382.7843,solve.va_sample,2,701.766,
2383.2845,solve.va_sample,2,701.766,
2383.7847,solve.va_sample,2,701.766,
2384.2850,solve.va_sample,2,701.766,
2384.7852,solve.va_sample,2,701.766,
2385.2854,solve.va_sample,2,701.766,
2385.7857,solve.va_sample,2,701.766,
2386.2859,solve.va_sample,2,701.766,
2386.7861,solve.va_sample,2,701.766,
2387.2863,solve.va_sample,2,701.766,
2387.7866,solve.va_sample,2,701.766,
2388.2868,solve.va_sample,2,701.766,
2388.7871,solve.va_sample,2,701.766,
2389.2873,solve.va_sample,2,701.766,
2389.7875,solve.va_sample,2,701.766,
2390.2878,solve.va_sample,2,701.766,
2390.7880,solve.va_sample,2,701.766,
2391.2882,solve.va_sample,2,701.766,
2391.7885,solve.va_sample,2,701.766,
2392.2887,solve.va_sample,2,701.766,
2392.7889,solve.va_sample,2,701.766,
2393.2893,solve.va_sample,2,701.766,
2393.7895,solve.va_sample,2,701.766,
2394.2898,solve.va_sample,2,701.766,
2394.7900,solve.va_sample,2,701.766,
2395.2903,solve.va_sample,2,701.766,
2395.7906,solve.va_sample,2,701.766,
2396.2908,solve.va_sample,2,701.766,
2396.7911,solve.va_sample,2,701.766,
2397.2914,solve.va_sample,2,701.766,
2397.7916,solve.va_sample,2,701.766,
2398.2919,solve.va_sample,2,701.766,
2398.7921,solve.va_sample,2,701.766,
2399.2924,solve.va_sample,2,701.766,
2399.7926,solve.va_sample,2,701.766,
2400.2929,solve.va_sample,2,701.766,
2400.7932,solve.va_sample,2,701.766,
2401.2934,solve.va_sample,2,701.766,
2401.7937,solve.va_sample,2,701.766,
2402.2940,solve.va_sample,2,701.766,
2402.7943,solve.va_sample,2,701.766,
2403.2945,solve.va_sample,2,701.766,
2403.7948,solve.va_sample,2,701.766,
2404.2951,solve.va_sample,2,701.766,
2404.7953,solve.va_sample,2,701.766,
2405.2956,solve.va_sample,2,701.766,
2405.7958,solve.va_sample,2,701.766,
2406.2961,solve.va_sample,2,701.766,
2406.7964,solve.va_sample,2,701.766,
2407.2966,solve.va_sample,2,701.766,
2407.7969,solve.va_sample,2,701.766,
2408.2971,solve.va_sample,2,701.766,
2408.7974,solve.va_sample,2,701.766,
2409.2976,solve.va_sample,2,701.766,
2409.7978,solve.va_sample,2,701.766,
2410.2981,solve.va_sample,2,701.766,
2410.7983,solve.va_sample,2,701.766,
2411.2986,solve.va_sample,2,701.766,
2411.7988,solve.va_sample,2,701.766,
2412.2990,solve.va_sample,2,701.766,
2412.7993,solve.va_sample,2,701.766,
2413.2996,solve.va_sample,2,701.766,
2413.7998,solve.va_sample,2,701.766,
2414.3000,solve.va_sample,2,701.766,
2414.8003,solve.va_sample,2,701.766,
2415.3006,solve.va_sample,2,701.766,
2415.8008,solve.va_sample,2,701.766,
2416.3011,solve.va_sample,2,701.766,
2416.8013,solve.va_sample,2,701.766,
2417.3016,solve.va_sample,2,701.766,
2417.8018,solve.va_sample,2,701.766,
2418.3021,solve.va_sample,2,701.766,
2418.8023,solve.va_sample,2,701.766,
2419.3026,solve.va_sample,2,701.766,
2419.8028,solve.va_sample,2,701.766,
2420.3031,solve.va_sample,2,701.766,
2420.8033,solve.va_sample,2,701.766,
2421.3035,solve.va_sample,2,701.766,
2421.8038,solve.va_sample,2,701.766,
2422.3040,solve.va_sample,2,701.766,
2422.8043,solve.va_sample,2,701.766,
2423.3045,solve.va_sample,2,701.766,
2423.8048,solve.va_sample,2,701.766,
2424.3050,solve.va_sample,2,701.766,
2424.8053,solve.va_sample,2,701.766,
2425.3055,solve.va_sample,2,701.766,
2425.8058,solve.va_sample,2,701.766,
2426.3060,solve.va_sample,2,701.766,
2426.8063,solve.va_sample,2,701.766,
2427.3065,solve.va_sample,2,701.766,
2427.8067,solve.va_sample,2,701.766,
2428.3070,solve.va_sample,2,701.766,
2428.8072,solve.va_sample,2,701.766,
2429.3075,solve.va_sample,2,701.766,
2429.8077,solve.va_sample,2,701.766,
2430.3080,solve.va_sample,2,701.766,
2430.8082,solve.va_sample,2,701.766,
2431.3085,solve.va_sample,2,701.766,
2431.8087,solve.va_sample,2,701.766,
2432.3090,solve.va_sample,2,701.766,
2432.8092,solve.va_sample,2,701.766,
2433.3095,solve.va_sample,2,701.766,
2433.8097,solve.va_sample,2,701.766,
2434.3099,solve.va_sample,2,701.766,
2434.8102,solve.va_sample,2,701.766,
2435.3104,solve.va_sample,2,701.766,
2435.8107,solve.va_sample,2,701.766,
2436.3109,solve.va_sample,2,701.766,
2436.8112,solve.va_sample,2,701.766,
2437.3114,solve.va_sample,2,701.766,
2437.8117,solve.va_sample,2,701.766,
2438.3119,solve.va_sample,2,701.766,
2438.8121,solve.va_sample,2,701.766,
2439.3124,solve.va_sample,2,701.766,
2439.8126,solve.va_sample,2,701.766,
2440.3128,solve.va_sample,2,701.766,
2440.8131,solve.va_sample,2,701.766,
2441.3133,solve.va_sample,2,701.766,
2441.8136,solve.va_sample,2,701.766,
2442.3138,solve.va_sample,2,701.766,
2442.8140,solve.va_sample,2,701.766,
2443.3142,solve.va_sample,2,701.766,
2443.8145,solve.va_sample,2,701.766,
2444.3147,solve.va_sample,2,701.766,
2444.8149,solve.va_sample,2,701.766,
2445.3152,solve.va_sample,2,701.766,
2445.8154,solve.va_sample,2,701.766,
2446.3156,solve.va_sample,2,701.766,
2446.8159,solve.va_sample,2,701.766,
2447.3161,solve.va_sample,2,701.766,
2447.8163,solve.va_sample,2,701.766,
2448.3166,solve.va_sample,2,701.766,
2448.8168,solve.va_sample,2,701.766,
2449.3170,solve.va_sample,2,701.766,
2449.8173,solve.va_sample,2,701.766,
2450.3175,solve.va_sample,2,701.766,
2450.8177,solve.va_sample,2,701.766,
2451.3180,solve.va_sample,2,701.766,
2451.8182,solve.va_sample,2,701.766,
2452.3184,solve.va_sample,2,701.766,
2452.8187,solve.va_sample,2,701.766,
2453.3190,solve.va_sample,2,701.766,
2453.8193,solve.va_sample,2,701.766,
2454.3195,solve.va_sample,2,701.766,
2454.8197,solve.va_sample,2,701.766,
2455.3200,solve.va_sample,2,701.766,
2455.8202,solve.va_sample,2,701.766,
2456.3205,solve.va_sample,2,701.766,
2456.8207,solve.va_sample,2,701.766,
2457.3210,solve.va_sample,2,701.766,
2457.8212,solve.va_sample,2,701.766,
2458.3215,solve.va_sample,2,701.766,
2458.8217,solve.va_sample,2,701.766,
2459.3220,solve.va_sample,2,701.766,
2459.8223,solve.va_sample,2,701.766,
2460.3225,solve.va_sample,2,701.766,
2460.8227,solve.va_sample,2,701.766,
2461.3230,solve.va_sample,2,701.766,
2461.8232,solve.va_sample,2,701.766,
2462.3235,solve.va_sample,2,701.766,
2462.8237,solve.va_sample,2,701.766,
2463.3239,solve.va_sample,2,701.766,
2463.8242,solve.va_sample,2,701.766,
2464.3244,solve.va_sample,2,701.766,
2464.8247,solve.va_sample,2,701.766,
2465.3249,solve.va_sample,2,701.766,
2465.8251,solve.va_sample,2,701.766,
2466.3254,solve.va_sample,2,701.766,
2466.8256,solve.va_sample,2,701.766,
2467.3258,solve.va_sample,2,701.766,
2467.8261,solve.va_sample,2,701.766,
2468.3263,solve.va_sample,2,701.766,
2468.8265,solve.va_sample,2,701.766,
2469.3268,solve.va_sample,2,701.766,
2469.8270,solve.va_sample,2,701.766,
2470.3272,solve.va_sample,2,701.766,
2470.8275,solve.va_sample,2,701.766,
2471.3277,solve.va_sample,2,701.766,
2471.8279,solve.va_sample,2,701.766,
2472.3282,solve.va_sample,2,701.766,
2472.8284,solve.va_sample,2,701.766,
2473.3286,solve.va_sample,2,701.766,
2473.8289,solve.va_sample,2,701.766,
2474.3291,solve.va_sample,2,701.766,
2474.8293,solve.va_sample,2,701.766,
2475.3296,solve.va_sample,2,701.766,
2475.8298,solve.va_sample,2,701.766,
2476.3300,solve.va_sample,2,701.766,
2476.8303,solve.va_sample,2,701.766,
2477.3305,solve.va_sample,2,701.766,
2477.8307,solve.va_sample,2,701.766,
2478.3309,solve.va_sample,2,701.766,
2478.8312,solve.va_sample,2,701.766,
2479.3314,solve.va_sample,2,701.766,
2479.8317,solve.va_sample,2,701.766,
2480.3319,solve.va_sample,2,701.766,
2480.8321,solve.va_sample,2,701.766,
2481.3323,solve.va_sample,2,701.766,
2481.8326,solve.va_sample,2,701.766,
2482.3328,solve.va_sample,2,701.766,
2482.8330,solve.va_sample,2,701.766,
2483.3333,solve.va_sample,2,701.766,
2483.8335,solve.va_sample,2,701.766,
2484.3338,solve.va_sample,2,701.766,
2484.8340,solve.va_sample,2,701.766,
2485.3342,solve.va_sample,2,701.766,
2485.8345,solve.va_sample,2,701.766,
2486.3347,solve.va_sample,2,701.766,
2486.8349,solve.va_sample,2,701.766,
2487.3352,solve.va_sample,2,701.766,
2487.8354,solve.va_sample,2,701.766,
2488.3356,solve.va_sample,2,701.766,
2488.8358,solve.va_sample,2,701.766,
2489.3361,solve.va_sample,2,701.766,
2489.8363,solve.va_sample,2,701.766,
2490.3365,solve.va_sample,2,701.766,
2490.8368,solve.va_sample,2,701.766,
2491.3370,solve.va_sample,2,701.766,
2491.8373,solve.va_sample,2,701.766,
2492.3375,solve.va_sample,2,701.766,
2492.8377,solve.va_sample,2,701.766,
2493.3379,solve.va_sample,2,701.766,
2493.8382,solve.va_sample,2,701.766,
2494.3384,solve.va_sample,2,701.766,
2494.8387,solve.va_sample,2,701.766,
2495.3389,solve.va_sample,2,701.766,
2495.8391,solve.va_sample,2,701.766,
2496.3393,solve.va_sample,2,701.766,
2496.8396,solve.va_sample,2,701.766,
2497.3398,solve.va_sample,2,701.766,
2497.8400,solve.va_sample,2,701.766,
2498.3403,solve.va_sample,2,701.766,
2498.8405,solve.va_sample,2,701.766,
2499.3408,solve.va_sample,2,701.766,
2499.8410,solve.va_sample,2,701.766,
2500.3412,solve.va_sample,2,701.766,
2500.8415,solve.va_sample,2,701.766,
2501.3417,solve.va_sample,2,701.766,
2501.8419,solve.va_sample,2,701.766,
2502.3422,solve.va_sample,2,701.766,
2502.8424,solve.va_sample,2,701.766,
2503.3427,solve.va_sample,2,701.766,
2503.8430,solve.va_sample,2,701.766,
2504.3433,solve.va_sample,2,701.766,
2504.8435,solve.va_sample,2,701.766,
2505.3438,solve.va_sample,2,701.766,
2505.8440,solve.va_sample,2,701.766,
2506.3442,solve.va_sample,2,701.766,
2506.8445,solve.va_sample,2,701.766,
2507.3447,solve.va_sample,2,701.766,
2507.8449,solve.va_sample,2,701.766,
2508.3452,solve.va_sample,2,701.766,
2508.8454,solve.va_sample,2,701.766,
2509.3457,solve.va_sample,2,701.766,
2509.8459,solve.va_sample,2,701.766,
2510.3461,solve.va_sample,2,701.766,
2510.8464,solve.va_sample,2,701.766,
2511.3467,solve.va_sample,2,701.766,
2511.8469,solve.va_sample,2,701.766,
2512.3471,solve.va_sample,2,701.766,
2512.8474,solve.va_sample,2,701.766,
2513.3477,solve.va_sample,2,701.766,
2513.8480,solve.va_sample,2,701.766,
2514.3482,solve.va_sample,2,701.766,
2514.8485,solve.va_sample,2,701.766,
2515.3487,solve.va_sample,2,701.766,
2515.8490,solve.va_sample,2,701.766,
2516.3492,solve.va_sample,2,701.766,
2516.8495,solve.va_sample,2,701.766,
2517.3497,solve.va_sample,2,701.766,
2517.8499,solve.va_sample,2,701.766,
2518.3502,solve.va_sample,2,701.766,
2518.8504,solve.va_sample,2,701.766,
2519.3507,solve.va_sample,2,701.766,
2519.8509,solve.va_sample,2,701.766,
2520.3511,solve.va_sample,2,701.766,
2520.8514,solve.va_sample,2,701.766,
2521.3516,solve.va_sample,2,701.766,
2521.8518,solve.va_sample,2,701.766,
2522.3520,solve.va_sample,2,701.766,
2522.8523,solve.va_sample,2,701.766,
2523.3525,solve.va_sample,2,701.766,
2523.8528,solve.va_sample,2,701.766,
2524.3530,solve.va_sample,2,701.766,
2524.8532,solve.va_sample,2,701.766,
2525.3535,solve.va_sample,2,701.766,
2525.8537,solve.va_sample,2,701.766,
2526.3540,solve.va_sample,2,701.766,
2526.8542,solve.va_sample,2,701.766,
2527.3544,solve.va_sample,2,701.766,
2527.8547,solve.va_sample,2,701.766,
2528.3549,solve.va_sample,2,701.766,
2528.8552,solve.va_sample,2,701.766,
2529.3554,solve.va_sample,2,701.766,
2529.8556,solve.va_sample,2,701.766,
2530.3559,solve.va_sample,2,701.766,
2530.8561,solve.va_sample,2,701.766,
2531.3563,solve.va_sample,2,701.766,
2531.8566,solve.va_sample,2,701.766,
2532.3568,solve.va_sample,2,701.766,
2532.8570,solve.va_sample,2,701.766,
2533.3573,solve.va_sample,2,701.766,
2533.8575,solve.va_sample,2,701.766,
2534.3578,solve.va_sample,2,701.766,
2534.8580,solve.va_sample,2,701.766,
2535.3582,solve.va_sample,2,701.766,
2535.8585,solve.va_sample,2,701.766,
2536.3587,solve.va_sample,2,701.766,
2536.8589,solve.va_sample,2,701.766,
2537.3592,solve.va_sample,2,701.766,
2537.8594,solve.va_sample,2,701.766,
2538.3597,solve.va_sample,2,701.766,
2538.8599,solve.va_sample,2,701.766,
2539.3602,solve.va_sample,2,701.766,
2539.8605,solve.va_sample,2,701.766,
2540.3607,solve.va_sample,2,701.766,
2540.8609,solve.va_sample,2,701.766,
2541.3612,solve.va_sample,2,701.766,
2541.8614,solve.va_sample,2,701.766,
2542.3617,solve.va_sample,2,701.766,
2542.8619,solve.va_sample,2,701.766,
2543.3621,solve.va_sample,2,701.766,
2543.8624,solve.va_sample,2,701.766,
2544.3626,solve.va_sample,2,701.766,
2544.8629,solve.va_sample,2,701.766,
2545.3631,solve.va_sample,2,701.766,
2545.8633,solve.va_sample,2,701.766,
2546.3636,solve.va_sample,2,701.766,
2546.8638,solve.va_sample,2,701.766,
2547.3640,solve.va_sample,2,701.766,
2547.8643,solve.va_sample,2,701.766,
2548.3645,solve.va_sample,2,701.766,
2548.8648,solve.va_sample,2,701.766,
2549.3650,solve.va_sample,2,701.766,
2549.8652,solve.va_sample,2,701.766,
2550.3655,solve.va_sample,2,701.766,
2550.8657,solve.va_sample,2,701.766,
2551.3659,solve.va_sample,2,701.766,
2551.8662,solve.va_sample,2,701.766,
2552.3664,solve.va_sample,2,701.766,
2552.8667,solve.va_sample,2,701.766,
2553.3669,solve.va_sample,2,701.766,
2553.8671,solve.va_sample,2,701.766,
2554.3674,solve.va_sample,2,701.766,
2554.8676,solve.va_sample,2,701.766,
2555.3678,solve.va_sample,2,701.766,
2555.8681,solve.va_sample,2,701.766,
2556.3683,solve.va_sample,2,701.766,
2556.8686,solve.va_sample,2,701.766,
2557.3688,solve.va_sample,2,701.766,
2557.8690,solve.va_sample,2,701.766,
2558.3693,solve.va_sample,2,701.766,
2558.8695,solve.va_sample,2,701.766,
2559.3697,solve.va_sample,2,701.766,
2559.8700,solve.va_sample,2,701.766,
2560.3702,solve.va_sample,2,701.766,
2560.8705,solve.va_sample,2,701.766,
2561.3707,solve.va_sample,2,701.766,
2561.8709,solve.va_sample,2,701.766,
2562.3712,solve.va_sample,2,701.766,
2562.8714,solve.va_sample,2,701.766,
2563.3717,solve.va_sample,2,701.766,
2563.8719,solve.va_sample,2,701.766,
2564.3721,solve.va_sample,2,701.766,
2564.8724,solve.va_sample,2,701.766,
2565.3726,solve.va_sample,2,701.766,
2565.8728,solve.va_sample,2,701.766,
2566.3731,solve.va_sample,2,701.766,
2566.8733,solve.va_sample,2,701.766,
2567.3736,solve.va_sample,2,701.766,
2567.8738,solve.va_sample,2,701.766,
2568.3741,solve.va_sample,2,701.766,
2568.8743,solve.va_sample,2,701.766,
2569.3745,solve.va_sample,2,701.766,
2569.8748,solve.va_sample,2,701.766,
2570.3750,solve.va_sample,2,701.766,
2570.8753,solve.va_sample,2,701.766,
2571.3755,solve.va_sample,2,701.766,
2571.8757,solve.va_sample,2,701.766,
2572.3760,solve.va_sample,2,701.766,
2572.8762,solve.va_sample,2,701.766,
2573.3765,solve.va_sample,2,701.766,
2573.8768,solve.va_sample,2,701.766,
2574.3770,solve.va_sample,2,701.766,
2574.8773,solve.va_sample,2,701.766,
2575.3775,solve.va_sample,2,701.766,
2575.8778,solve.va_sample,2,701.766,
2576.3780,solve.va_sample,2,701.766,
2576.8783,solve.va_sample,2,701.766,
2577.3786,solve.va_sample,2,701.766,
2577.8788,solve.va_sample,2,701.766,
2578.3790,solve.va_sample,2,701.766,
2578.8793,solve.va_sample,2,701.766,
2579.3795,solve.va_sample,2,701.766,
2579.8798,solve.va_sample,2,701.766,
2580.3800,solve.va_sample,2,701.766,
2580.8803,solve.va_sample,2,701.766,
2581.3805,solve.va_sample,2,701.766,
2581.8807,solve.va_sample,2,701.766,
2582.3810,solve.va_sample,2,701.766,
2582.8812,solve.va_sample,2,701.766,
2583.3815,solve.va_sample,2,701.766,
2583.8817,solve.va_sample,2,701.766,
2584.3820,solve.va_sample,2,701.766,
2584.8822,solve.va_sample,2,701.766,
2585.3824,solve.va_sample,2,701.766,
2585.8827,solve.va_sample,2,701.766,
2586.3829,solve.va_sample,2,701.766,
2586.8832,solve.va_sample,2,701.766,
2587.3834,solve.va_sample,2,701.766,
2587.8837,solve.va_sample,2,701.766,
2588.3840,solve.va_sample,2,701.766,
2588.8842,solve.va_sample,2,701.766,
2589.3844,solve.va_sample,2,701.766,
2589.8847,solve.va_sample,2,701.766,
2590.3849,solve.va_sample,2,701.766,
2590.8851,solve.va_sample,2,701.766,
2591.3854,solve.va_sample,2,701.766,
2591.8856,solve.va_sample,2,701.766,
2592.3859,solve.va_sample,2,701.766,
2592.8861,solve.va_sample,2,701.766,
2593.3863,solve.va_sample,2,701.766,
2593.8866,solve.va_sample,2,701.766,
2594.3868,solve.va_sample,2,701.766,
2594.8870,solve.va_sample,2,701.766,
2595.3873,solve.va_sample,2,701.766,
2595.8875,solve.va_sample,2,701.766,
2596.3878,solve.va_sample,2,701.766,
2596.8880,solve.va_sample,2,701.766,
2597.3882,solve.va_sample,2,701.766,
2597.8885,solve.va_sample,2,701.766,
2598.3887,solve.va_sample,2,701.766,
2598.8889,solve.va_sample,2,701.766,
2599.3892,solve.va_sample,2,701.766,
2599.8894,solve.va_sample,2,701.766,
2600.3897,solve.va_sample,2,701.766,
2600.8899,solve.va_sample,2,701.766,
2601.3901,solve.va_sample,2,701.766,
2601.8904,solve.va_sample,2,701.766,
2602.3906,solve.va_sample,2,701.766,
2602.8908,solve.va_sample,2,701.766,
2603.3910,solve.va_sample,2,701.766,
2603.8913,solve.va_sample,2,701.766,
2604.3915,solve.va_sample,2,701.766,
2604.8918,solve.va_sample,2,701.766,
2605.3920,solve.va_sample,2,701.766,
2605.8922,solve.va_sample,2,701.766,
2606.3925,solve.va_sample,2,701.766,
2606.8927,solve.va_sample,2,701.766,
2607.3930,solve.va_sample,2,701.766,
2607.8932,solve.va_sample,2,701.766,
2608.3935,solve.va_sample,2,701.766,
2608.8937,solve.va_sample,2,701.766,
2609.3939,solve.va_sample,2,701.766,
2609.8942,solve.va_sample,2,701.766,
2610.3944,solve.va_sample,2,701.766,
2610.8946,solve.va_sample,2,701.766,
2611.3949,solve.va_sample,2,701.766,
2611.8951,solve.va_sample,2,701.766,
2612.3953,solve.va_sample,2,701.766,
2612.8956,solve.va_sample,2,701.766,
2613.3958,solve.va_sample,2,701.766,
2613.8960,solve.va_sample,2,701.766,
2614.3963,solve.va_sample,2,701.766,
2614.8965,solve.va_sample,2,701.766,
2615.3968,solve.va_sample,2,701.766,
2615.8970,solve.va_sample,2,701.766,
2616.3973,solve.va_sample,2,701.766,
2616.8975,solve.va_sample,2,701.766,
2617.3978,solve.va_sample,2,701.766,
2617.8980,solve.va_sample,2,701.766,
2618.3983,solve.va_sample,2,701.766,
2618.8985,solve.va_sample,2,701.766,
2619.3987,solve.va_sample,2,701.766,
2619.8990,solve.va_sample,2,701.766,
2620.3992,solve.va_sample,2,701.766,
2620.8995,solve.va_sample,2,701.766,
2621.3997,solve.va_sample,2,701.766,
2621.9000,solve.va_sample,2,701.766,
2622.4002,solve.va_sample,2,701.766,
2622.9004,solve.va_sample,2,701.766,
2623.4007,solve.va_sample,2,701.766,
2623.9009,solve.va_sample,2,701.766,
2624.4012,solve.va_sample,2,701.766,
2624.9014,solve.va_sample,2,701.766,
2625.4017,solve.va_sample,2,701.766,
2625.9019,solve.va_sample,2,701.766,
2626.4021,solve.va_sample,2,701.766,
2626.9024,solve.va_sample,2,701.766,
2627.4026,solve.va_sample,2,701.766,
2627.9028,solve.va_sample,2,701.766,
2628.4031,solve.va_sample,2,701.766,
2628.9033,solve.va_sample,2,701.766,
2629.4035,solve.va_sample,2,701.766,
2629.9038,solve.va_sample,2,701.766,
2630.4040,solve.va_sample,2,701.766,
2630.9042,solve.va_sample,2,701.766,
2631.4045,solve.va_sample,2,701.766,
2631.9047,solve.va_sample,2,701.766,
2632.4050,solve.va_sample,2,701.766,
2632.9052,solve.va_sample,2,701.766,
2633.4055,solve.va_sample,2,701.766,
2633.9057,solve.va_sample,2,701.766,
2634.4059,solve.va_sample,2,701.766,
2634.9062,solve.va_sample,2,701.766,
2635.4064,solve.va_sample,2,701.766,
2635.9067,solve.va_sample,2,701.766,
2636.4069,solve.va_sample,2,701.766,
2636.9072,solve.va_sample,2,701.766,
2637.4074,solve.va_sample,2,701.766,
2637.9076,solve.va_sample,2,701.766,
2638.4079,solve.va_sample,2,701.766,
2638.9081,solve.va_sample,2,701.766,
2639.4083,solve.va_sample,2,701.766,
2639.9086,solve.va_sample,2,701.766,
2640.4088,solve.va_sample,2,701.766,
2640.9090,solve.va_sample,2,701.766,
2641.4093,solve.va_sample,2,701.766,
2641.9095,solve.va_sample,2,701.766,
2642.4097,solve.va_sample,2,701.766,
2642.9100,solve.va_sample,2,701.766,
2643.4102,solve.va_sample,2,701.766,
2643.9105,solve.va_sample,2,701.766,
2644.4107,solve.va_sample,2,701.766,
2644.9109,solve.va_sample,2,701.766,
2645.4112,solve.va_sample,2,701.766,
2645.9114,solve.va_sample,2,701.766,
2646.4116,solve.va_sample,2,701.766,
2646.9119,solve.va_sample,2,701.766,
2647.4121,solve.va_sample,2,701.766,
2647.9123,solve.va_sample,2,701.766,
2648.4126,solve.va_sample,2,701.766,
2648.9128,solve.va_sample,2,701.766,
2649.4130,solve.va_sample,2,701.766,
2649.9133,solve.va_sample,2,701.766,
2650.4135,solve.va_sample,2,701.766,
2650.9137,solve.va_sample,2,701.766,
2651.4140,solve.va_sample,2,701.766,
2651.9142,solve.va_sample,2,701.766,
2652.4145,solve.va_sample,2,701.766,
2652.9147,solve.va_sample,2,701.766,
2653.4149,solve.va_sample,2,701.766,
2653.9152,solve.va_sample,2,701.766,
2654.4154,solve.va_sample,2,701.766,
2654.9157,solve.va_sample,2,701.766,
2655.4159,solve.va_sample,2,701.766,
2655.9162,solve.va_sample,2,701.766,
2656.4164,solve.va_sample,2,701.766,
2656.9166,solve.va_sample,2,701.766,
2657.4169,solve.va_sample,2,701.766,
2657.9171,solve.va_sample,2,701.766,
2658.4173,solve.va_sample,2,701.766,
2658.9176,solve.va_sample,2,701.766,
2659.4178,solve.va_sample,2,701.766,
2659.9180,solve.va_sample,2,701.766,
2660.4183,solve.va_sample,2,701.766,
2660.9185,solve.va_sample,2,701.766,
2661.4188,solve.va_sample,2,701.766,
2661.9190,solve.va_sample,2,701.766,
2662.4192,solve.va_sample,2,701.766,
2662.9195,solve.va_sample,2,701.766,
2663.4197,solve.va_sample,2,701.766,
2663.9199,solve.va_sample,2,701.766,
2664.4202,solve.va_sample,2,701.766,
2664.9204,solve.va_sample,2,701.766,
2665.4207,solve.va_sample,2,701.766,
2665.9209,solve.va_sample,2,701.766,
2666.4211,solve.va_sample,2,701.766,
2666.9214,solve.va_sample,2,701.766,
2667.4216,solve.va_sample,2,701.766,
2667.9218,solve.va_sample,2,701.766,
2668.4221,solve.va_sample,2,701.766,
2668.9223,solve.va_sample,2,701.766,
2669.4226,solve.va_sample,2,701.766,
2669.9228,solve.va_sample,2,701.766,
2670.4230,solve.va_sample,2,701.766,
2670.9233,solve.va_sample,2,701.766,
2671.4235,solve.va_sample,2,701.766,
2671.9238,solve.va_sample,2,701.766,
2672.4240,solve.va_sample,2,701.766,
2672.9242,solve.va_sample,2,701.766,
2673.4245,solve.va_sample,2,701.766,
2673.9247,solve.va_sample,2,701.766,
2674.4249,solve.va_sample,2,701.766,
2674.9252,solve.va_sample,2,701.766,
2675.4254,solve.va_sample,2,702.023,
2675.9257,solve.va_sample,2,702.023,
2676.4259,solve.va_sample,2,702.023,
2676.9262,solve.va_sample,2,702.023,
2677.4264,solve.va_sample,2,702.023,
2677.9266,solve.va_sample,2,702.023,
2678.4269,solve.va_sample,2,702.023,
2678.9271,solve.va_sample,2,702.023,
2679.4273,solve.va_sample,2,702.023,
2679.9276,solve.va_sample,2,702.023,
2680.4278,solve.va_sample,2,702.023,
2680.9281,solve.va_sample,2,702.023,
2681.4283,solve.va_sample,2,702.023,
2681.9285,solve.va_sample,2,702.023,
2682.4288,solve.va_sample,2,702.023,
2682.9290,solve.va_sample,2,702.023,
2683.4293,solve.va_sample,2,702.023,
2683.9295,solve.va_sample,2,702.023,
2684.4297,solve.va_sample,2,702.023,
2684.9300,solve.va_sample,2,702.023,
2685.4302,solve.va_sample,2,702.023,
2685.9304,solve.va_sample,2,702.023,
2686.4307,solve.va_sample,2,702.023,
2686.9309,solve.va_sample,2,702.023,
2687.4312,solve.va_sample,2,702.023,
2687.9314,solve.va_sample,2,702.023,
2688.4317,solve.va_sample,2,702.023,
2688.9319,solve.va_sample,2,702.023,
2689.4321,solve.va_sample,2,702.023,
2689.9324,solve.va_sample,2,702.023,
2690.4326,solve.va_sample,2,702.023,
2690.9328,solve.va_sample,2,702.023,
2691.4331,solve.va_sample,2,702.023,
2691.9333,solve.va_sample,2,702.023,
2692.4336,solve.va_sample,2,702.023,
2692.9338,solve.va_sample,2,702.023,
2693.4341,solve.va_sample,2,702.023,
2693.9343,solve.va_sample,2,702.023,
2694.4346,solve.va_sample,2,702.023,
2694.9348,solve.va_sample,2,702.023,
2695.4351,solve.va_sample,2,702.023,
2695.9353,solve.va_sample,2,702.023,
2696.4355,solve.va_sample,2,702.023,
2696.9358,solve.va_sample,2,702.023,
2697.4360,solve.va_sample,2,702.023,
2697.9363,solve.va_sample,2,702.023,
2698.4365,solve.va_sample,2,702.023,
2698.9367,solve.va_sample,2,702.023,
2699.4370,solve.va_sample,2,702.023,
2699.9372,solve.va_sample,2,702.023,
2700.4374,solve.va_sample,2,702.023,
2700.9377,solve.va_sample,2,702.023,
2701.4379,solve.va_sample,2,702.023,
2701.9382,solve.va_sample,2,702.023,
2702.4384,solve.va_sample,2,702.023,
2702.9386,solve.va_sample,2,702.023,
2703.4389,solve.va_sample,2,702.023,
2703.9391,solve.va_sample,2,702.023,
2704.4394,solve.va_sample,2,702.023,
2704.9396,solve.va_sample,2,702.023,
2705.4398,solve.va_sample,2,702.023,
2705.9401,solve.va_sample,2,702.023,
2706.4403,solve.va_sample,2,702.023,
2706.9405,solve.va_sample,2,702.023,
2707.4408,solve.va_sample,2,702.023,
2707.9410,solve.va_sample,2,702.023,
2708.4413,solve.va_sample,2,702.023,
2708.9415,solve.va_sample,2,702.023,
2709.4418,solve.va_sample,2,702.023,
2709.9420,solve.va_sample,2,702.023,
2710.4422,solve.va_sample,2,702.023,
2710.9425,solve.va_sample,2,702.023,
2711.4427,solve.va_sample,2,702.023,
2711.9430,solve.va_sample,2,702.023,
2712.4432,solve.va_sample,2,702.023,
2712.9434,solve.va_sample,2,702.023,
2713.4437,solve.va_sample,2,702.023,
2713.9439,solve.va_sample,2,702.023,
2714.4441,solve.va_sample,2,702.023,
2714.9444,solve.va_sample,2,702.023,
2715.4446,solve.va_sample,2,702.023,
2715.9449,solve.va_sample,2,702.023,
2716.4451,solve.va_sample,2,702.023,
2716.9453,solve.va_sample,2,702.023,
2717.4456,solve.va_sample,2,702.023,
2717.9458,solve.va_sample,2,702.023,
2718.4460,solve.va_sample,2,702.023,
2718.9463,solve.va_sample,2,702.023,
2719.4465,solve.va_sample,2,702.023,
2719.9468,solve.va_sample,2,702.023,
2720.4470,solve.va_sample,2,702.023,
2720.9473,solve.va_sample,2,702.023,
2721.4476,solve.va_sample,2,702.023,
2721.9478,solve.va_sample,2,702.023,
2722.4480,solve.va_sample,2,702.023,
2722.9483,solve.va_sample,2,702.023,
2723.4485,solve.va_sample,2,702.023,
2723.9488,solve.va_sample,2,702.023,
2724.4490,solve.va_sample,2,702.023,
2724.9493,solve.va_sample,2,702.023,
2725.4495,solve.va_sample,2,702.023,
2725.9497,solve.va_sample,2,702.023,
2726.4500,solve.va_sample,2,702.023,
2726.9502,solve.va_sample,2,702.023,
2727.4505,solve.va_sample,2,702.023,
2727.9507,solve.va_sample,2,702.023,
2728.4510,solve.va_sample,2,702.023,
2728.9512,solve.va_sample,2,702.023,
2729.4514,solve.va_sample,2,702.023,
2729.9517,solve.va_sample,2,702.023,
2730.4519,solve.va_sample,2,702.023,
2730.9522,solve.va_sample,2,702.023,
2731.4524,solve.va_sample,2,702.023,
2731.9526,solve.va_sample,2,702.023,
2732.4529,solve.va_sample,2,702.023,
2732.9531,solve.va_sample,2,702.023,
2733.4533,solve.va_sample,2,702.023,
2733.9536,solve.va_sample,2,702.023,
2734.4538,solve.va_sample,2,702.023,
2734.9541,solve.va_sample,2,702.023,
2735.4543,solve.va_sample,2,702.023,
2735.9545,solve.va_sample,2,702.023,
2736.4548,solve.va_sample,2,702.023,
2736.9551,solve.va_sample,2,702.023,
2737.4553,solve.va_sample,2,702.023,
2737.9555,solve.va_sample,2,702.023,
2738.4558,solve.va_sample,2,702.023,
2738.9560,solve.va_sample,2,702.023,
2739.4563,solve.va_sample,2,702.023,
2739.9565,solve.va_sample,2,702.023,
2740.4567,solve.va_sample,2,702.023,
2740.9570,solve.va_sample,2,702.023,
2741.4572,solve.va_sample,2,702.023,
2741.9574,solve.va_sample,2,702.023,
2742.4577,solve.va_sample,2,702.023,
2742.9579,solve.va_sample,2,702.023,
2743.4582,solve.va_sample,2,702.023,
2743.9584,solve.va_sample,2,702.023,
2744.4587,solve.va_sample,2,702.023,
2744.9589,solve.va_sample,2,702.023,
2745.4591,solve.va_sample,2,702.023,
2745.9594,solve.va_sample,2,702.023,
2746.4596,solve.va_sample,2,702.023,
2746.9598,solve.va_sample,2,702.023,
2747.4601,solve.va_sample,2,702.023,
2747.9603,solve.va_sample,2,702.023,
2748.4605,solve.va_sample,2,702.023,
2748.9608,solve.va_sample,2,702.023,
2749.4610,solve.va_sample,2,702.023,
2749.9613,solve.va_sample,2,702.023,
2750.4615,solve.va_sample,2,702.023,
2750.9617,solve.va_sample,2,702.023,
2751.4620,solve.va_sample,2,702.023,
2751.9622,solve.va_sample,2,702.023,
2752.4625,solve.va_sample,2,702.023,
2752.9627,solve.va_sample,2,702.023,
2753.4630,solve.va_sample,2,702.023,
2753.9632,solve.va_sample,2,702.023,
2754.4635,solve.va_sample,2,702.023,
2754.9637,solve.va_sample,2,702.023,
2755.4640,solve.va_sample,2,702.023,
2755.9642,solve.va_sample,2,702.023,
2756.4644,solve.va_sample,2,702.023,
2756.9647,solve.va_sample,2,702.023,
2757.4649,solve.va_sample,2,702.023,
2757.9652,solve.va_sample,2,702.023,
2758.4654,solve.va_sample,2,702.023,
2758.9656,solve.va_sample,2,702.023,
2759.4659,solve.va_sample,2,702.023,
2759.9661,solve.va_sample,2,702.023,
2760.4663,solve.va_sample,2,702.023,
2760.9666,solve.va_sample,2,702.023,
2761.4668,solve.va_sample,2,702.023,
2761.9671,solve.va_sample,2,702.023,
2762.4673,solve.va_sample,2,702.023,
2762.9675,solve.va_sample,2,702.023,
2763.4678,solve.va_sample,2,702.023,
2763.9680,solve.va_sample,2,702.023,
2764.4683,solve.va_sample,2,702.023,
2764.9685,solve.va_sample,2,702.023,
2765.4688,solve.va_sample,2,702.023,
2765.9690,solve.va_sample,2,702.023,
2766.4692,solve.va_sample,2,702.023,
2766.9695,solve.va_sample,2,702.023,
2767.4697,solve.va_sample,2,702.023,
2767.9700,solve.va_sample,2,702.023,
2768.4702,solve.va_sample,2,702.023,
2768.9705,solve.va_sample,2,702.023,
2769.4707,solve.va_sample,2,702.023,
2769.9709,solve.va_sample,2,702.023,
2770.4712,solve.va_sample,2,702.023,
2770.9714,solve.va_sample,2,702.023,
2771.4717,solve.va_sample,2,702.023,
2771.9719,solve.va_sample,2,702.023,
2772.4721,solve.va_sample,2,702.023,
2772.9724,solve.va_sample,2,702.023,
2773.4726,solve.va_sample,2,702.023,
2773.9729,solve.va_sample,2,702.023,
2774.4731,solve.va_sample,2,702.023,
2774.9734,solve.va_sample,2,702.023,
2775.4736,solve.va_sample,2,702.023,
2775.9739,solve.va_sample,2,702.023,
2776.4741,solve.va_sample,2,702.023,
2776.9743,solve.va_sample,2,702.023,
2777.4746,solve.va_sample,2,702.023,
2777.9748,solve.va_sample,2,702.023,
2778.4750,solve.va_sample,2,702.023,
2778.9753,solve.va_sample,2,702.023,
2779.4755,solve.va_sample,2,702.023,
2779.9758,solve.va_sample,2,702.023,
2780.4760,solve.va_sample,2,702.023,
2780.9762,solve.va_sample,2,702.023,
2781.4765,solve.va_sample,2,702.023,
2781.9767,solve.va_sample,2,702.023,
2782.4770,solve.va_sample,2,702.023,
2782.9772,solve.va_sample,2,702.023,
2783.4774,solve.va_sample,2,702.023,
2783.9777,solve.va_sample,2,702.023,
2784.4779,solve.va_sample,2,702.023,
2784.9782,solve.va_sample,2,702.023,
2785.4784,solve.va_sample,2,702.023,
2785.9786,solve.va_sample,2,702.023,
2786.4789,solve.va_sample,2,702.023,
2786.9791,solve.va_sample,2,702.023,
2787.4793,solve.va_sample,2,702.023,
2787.9796,solve.va_sample,2,702.023,
2788.4799,solve.va_sample,2,702.023,
2788.9801,solve.va_sample,2,702.023,
2789.4803,solve.va_sample,2,702.023,
2789.9806,solve.va_sample,2,702.023,
2790.4808,solve.va_sample,2,702.023,
2790.9811,solve.va_sample,2,702.023,
2791.4813,solve.va_sample,2,702.023,
2791.9815,solve.va_sample,2,702.023,
2792.4818,solve.va_sample,2,702.023,
2792.9820,solve.va_sample,2,702.023,
2793.4823,solve.va_sample,2,702.023,
2793.9825,solve.va_sample,2,702.023,
2794.4827,solve.va_sample,2,702.023,
2794.9830,solve.va_sample,2,702.023,
2795.4832,solve.va_sample,2,702.023,
2795.9835,solve.va_sample,2,702.023,
2796.4837,solve.va_sample,2,702.023,
2796.9840,solve.va_sample,2,702.023,
2797.4842,solve.va_sample,2,702.023,
2797.9845,solve.va_sample,2,702.023,
2798.4847,solve.va_sample,2,702.023,
2798.9849,solve.va_sample,2,702.023,
2799.4852,solve.va_sample,2,702.023,
2799.9854,solve.va_sample,2,702.023,
2800.4857,solve.va_sample,2,702.023,
2800.9859,solve.va_sample,2,702.023,
2801.4861,solve.va_sample,2,702.023,
2801.9864,solve.va_sample,2,702.023,
2802.4867,solve.va_sample,2,702.023,
2802.9869,solve.va_sample,2,702.023,
2803.4872,solve.va_sample,2,702.023,
2803.9874,solve.va_sample,2,702.023,
2804.4877,solve.va_sample,2,702.023,
2804.9879,solve.va_sample,2,702.023,
2805.4882,solve.va_sample,2,702.023,
2805.9884,solve.va_sample,2,702.023,
2806.4886,solve.va_sample,2,702.023,
2806.9889,solve.va_sample,2,702.023,
2807.4891,solve.va_sample,2,702.023,
2807.9894,solve.va_sample,2,702.023,
2808.4896,solve.va_sample,2,702.023,
2808.9899,solve.va_sample,2,702.023,
2809.4901,solve.va_sample,2,702.023,
2809.9904,solve.va_sample,2,702.023,
2810.4906,solve.va_sample,2,702.023,
2810.9909,solve.va_sample,2,702.023,
2811.4911,solve.va_sample,2,702.023,
2811.9914,solve.va_sample,2,702.023,
2812.4916,solve.va_sample,2,702.023,
2812.9919,solve.va_sample,2,702.023,
2813.4922,solve.va_sample,2,702.023,
2813.9925,solve.va_sample,2,702.023,
2814.4927,solve.va_sample,2,702.023,
2814.9930,solve.va_sample,2,702.023,
2815.4933,solve.va_sample,2,702.023,
2815.9935,solve.va_sample,2,702.023,
2816.4937,solve.va_sample,2,702.023,
2816.9940,solve.va_sample,2,702.023,
2817.4942,solve.va_sample,2,702.023,
2817.9945,solve.va_sample,2,702.023,
2818.4948,solve.va_sample,2,702.023,
2818.9950,solve.va_sample,2,702.023,
2819.4953,solve.va_sample,2,702.023,
2819.9955,solve.va_sample,2,702.023,
2820.4958,solve.va_sample,2,702.023,
2820.9960,solve.va_sample,2,702.023,
2821.4963,solve.va_sample,2,702.023,
2821.9965,solve.va_sample,2,702.023,
2822.4968,solve.va_sample,2,702.023,
2822.9971,solve.va_sample,2,702.023,
2823.4973,solve.va_sample,2,702.023,
2823.9976,solve.va_sample,2,702.023,
2824.4978,solve.va_sample,2,702.023,
2824.9981,solve.va_sample,2,702.023,
2825.4984,solve.va_sample,2,702.023,
2825.9986,solve.va_sample,2,702.023,
2826.4988,solve.va_sample,2,702.023,
2826.9991,solve.va_sample,2,702.023,
2827.4993,solve.va_sample,2,702.023,
2827.9996,solve.va_sample,2,702.023,
2828.4998,solve.va_sample,2,702.023,
2829.0000,solve.va_sample,2,702.023,
2829.5003,solve.va_sample,2,702.023,
2830.0005,solve.va_sample,2,702.023,
2830.5007,solve.va_sample,2,702.023,
2831.0010,solve.va_sample,2,702.023,
2831.5012,solve.va_sample,2,702.023,
2832.0015,solve.va_sample,2,702.023,
2832.5017,solve.va_sample,2,702.023,
2833.0020,solve.va_sample,2,702.023,
2833.5022,solve.va_sample,2,702.023,
2834.0024,solve.va_sample,2,702.023,
2834.5027,solve.va_sample,2,702.023,
2835.0029,solve.va_sample,2,702.023,
2835.5032,solve.va_sample,2,702.023,
2836.0034,solve.va_sample,2,702.023,
2836.5037,solve.va_sample,2,702.023,
2837.0039,solve.va_sample,2,702.023,
2837.5041,solve.va_sample,2,702.023,
2838.0044,solve.va_sample,2,702.023,
2838.5046,solve.va_sample,2,702.023,
2839.0048,solve.va_sample,2,702.023,
2839.5051,solve.va_sample,2,702.023,
2840.0054,solve.va_sample,2,702.023,
2840.5056,solve.va_sample,2,702.023,
2841.0058,solve.va_sample,2,702.023,
2841.5061,solve.va_sample,2,702.023,
2842.0063,solve.va_sample,2,702.023,
2842.5066,solve.va_sample,2,702.023,
2843.0068,solve.va_sample,2,702.023,
2843.5070,solve.va_sample,2,702.023,
2844.0073,solve.va_sample,2,702.023,
2844.5075,solve.va_sample,2,702.023,
2845.0078,solve.va_sample,2,702.023,
2845.5080,solve.va_sample,2,702.023,
2846.0082,solve.va_sample,2,702.023,
2846.5085,solve.va_sample,2,702.023,
2847.0087,solve.va_sample,2,702.023,
2847.5090,solve.va_sample,2,702.023,
2848.0092,solve.va_sample,2,702.023,
2848.5095,solve.va_sample,2,702.023,
2849.0097,solve.va_sample,2,702.023,
2849.5100,solve.va_sample,2,702.023,
2850.0102,solve.va_sample,2,702.023,
2850.5104,solve.va_sample,2,702.023,
2851.0107,solve.va_sample,2,702.023,
2851.5109,solve.va_sample,2,702.023,
2852.0112,solve.va_sample,2,702.023,
2852.5114,solve.va_sample,2,702.023,
2853.0116,solve.va_sample,2,702.023,
2853.5119,solve.va_sample,2,702.023,
2854.0121,solve.va_sample,2,702.023,
2854.5123,solve.va_sample,2,702.023,
2855.0126,solve.va_sample,2,702.023,
2855.5128,solve.va_sample,2,702.023,
2856.0130,solve.va_sample,2,702.023,
2856.5133,solve.va_sample,2,702.023,
2857.0135,solve.va_sample,2,702.023,
2857.5138,solve.va_sample,2,702.023,
2858.0140,solve.va_sample,2,702.023,
2858.5143,solve.va_sample,2,702.023,
2859.0145,solve.va_sample,2,702.023,
2859.5148,solve.va_sample,2,702.023,
2860.0150,solve.va_sample,2,702.023,
2860.5153,solve.va_sample,2,702.023,
2861.0155,solve.va_sample,2,702.023,
2861.5157,solve.va_sample,2,702.023,
2862.0160,solve.va_sample,2,702.023,
2862.5162,solve.va_sample,2,702.023,
2863.0165,solve.va_sample,2,702.023,
2863.5167,solve.va_sample,2,702.023,
2864.0170,solve.va_sample,2,702.023,
2864.5172,solve.va_sample,2,702.023,
2865.0175,solve.va_sample,2,702.023,
2865.5177,solve.va_sample,2,702.023,
2866.0180,solve.va_sample,2,702.023,
2866.5182,solve.va_sample,2,702.023,
2867.0184,solve.va_sample,2,702.023,
2867.5187,solve.va_sample,2,702.023,
2868.0189,solve.va_sample,2,702.023,
2868.5192,solve.va_sample,2,702.023,
2869.0194,solve.va_sample,2,702.023,
2869.5197,solve.va_sample,2,702.023,
2870.0199,solve.va_sample,2,702.023,
2870.5201,solve.va_sample,2,702.023,
2871.0204,solve.va_sample,2,702.023,
2871.5206,solve.va_sample,2,702.023,
2872.0209,solve.va_sample,2,702.023,
2872.5211,solve.va_sample,2,702.023,
2873.0213,solve.va_sample,2,702.023,
2873.5216,solve.va_sample,2,702.023,
2874.0218,solve.va_sample,2,702.023,
2874.5220,solve.va_sample,2,702.023,
2875.0223,solve.va_sample,2,702.023,
2875.5225,solve.va_sample,2,702.023,
2876.0228,solve.va_sample,2,702.023,
2876.5230,solve.va_sample,2,702.023,
2877.0232,solve.va_sample,2,702.023,
2877.5235,solve.va_sample,2,702.023,
2878.0237,solve.va_sample,2,702.023,
2878.5239,solve.va_sample,2,702.023,
2879.0242,solve.va_sample,2,702.023,
2879.5244,solve.va_sample,2,702.023,
2880.0247,solve.va_sample,2,702.023,
2880.5249,solve.va_sample,2,702.023,
2881.0252,solve.va_sample,2,702.023,
2881.5254,solve.va_sample,2,702.023,
2882.0256,solve.va_sample,2,702.023,
2882.5259,solve.va_sample,2,702.023,
2883.0261,solve.va_sample,2,702.023,
2883.5264,solve.va_sample,2,702.023,
2884.0266,solve.va_sample,2,702.023,
2884.5269,solve.va_sample,2,702.023,
2885.0271,solve.va_sample,2,702.023,
2885.5274,solve.va_sample,2,702.023,
2886.0276,solve.va_sample,2,702.023,
2886.5279,solve.va_sample,2,702.023,
2887.0281,solve.va_sample,2,702.023,
2887.5283,solve.va_sample,2,702.023,
2888.0286,solve.va_sample,2,702.023,
2888.5288,solve.va_sample,2,702.023,
2889.0291,solve.va_sample,2,702.023,
2889.5293,solve.va_sample,2,702.023,
2890.0296,solve.va_sample,2,702.023,
2890.5298,solve.va_sample,2,702.023,
2891.0301,solve.va_sample,2,702.023,
2891.5303,solve.va_sample,2,702.023,
2892.0305,solve.va_sample,2,702.023,
2892.5308,solve.va_sample,2,702.023,
2893.0310,solve.va_sample,2,702.023,
2893.5313,solve.va_sample,2,702.023,
2894.0315,solve.va_sample,2,702.023,
2894.5318,solve.va_sample,2,702.023,
2895.0320,solve.va_sample,2,702.023,
2895.5322,solve.va_sample,2,702.023,
2896.0325,solve.va_sample,2,702.023,
2896.5327,solve.va_sample,2,702.023,
2897.0330,solve.va_sample,2,702.023,
2897.5332,solve.va_sample,2,702.023,
2898.0335,solve.va_sample,2,702.023,
2898.5337,solve.va_sample,2,702.023,
2899.0339,solve.va_sample,2,702.023,
2899.5342,solve.va_sample,2,702.023,
2900.0345,solve.va_sample,2,702.023,
2900.5347,solve.va_sample,2,702.023,
2901.0349,solve.va_sample,2,702.023,
2901.5352,solve.va_sample,2,702.023,
2902.0354,solve.va_sample,2,702.023,
2902.5357,solve.va_sample,2,702.023,
2903.0359,solve.va_sample,2,702.023,
2903.5361,solve.va_sample,2,702.023,
2904.0363,solve.va_sample,2,702.023,
2904.5366,solve.va_sample,2,702.023,
2905.0368,solve.va_sample,2,702.023,
2905.5370,solve.va_sample,2,702.023,
2906.0373,solve.va_sample,2,702.023,
2906.5375,solve.va_sample,2,702.023,
2907.0378,solve.va_sample,2,702.023,
2907.5380,solve.va_sample,2,702.023,
2908.0383,solve.va_sample,2,702.023,
2908.5385,solve.va_sample,2,702.023,
2909.0387,solve.va_sample,2,702.023,
2909.5390,solve.va_sample,2,702.023,
2910.0392,solve.va_sample,2,702.023,
2910.5395,solve.va_sample,2,702.023,
2911.0397,solve.va_sample,2,702.023,
2911.5399,solve.va_sample,2,702.023,
2912.0402,solve.va_sample,2,702.023,
2912.5404,solve.va_sample,2,702.023,
2913.0407,solve.va_sample,2,702.023,
2913.5409,solve.va_sample,2,702.023,
2914.0412,solve.va_sample,2,702.023,
2914.5414,solve.va_sample,2,702.023,
2915.0416,solve.va_sample,2,702.023,
2915.5419,solve.va_sample,2,702.023,
2916.0421,solve.va_sample,2,702.023,
2916.5424,solve.va_sample,2,702.023,
2917.0426,solve.va_sample,2,702.023,
2917.5428,solve.va_sample,2,702.023,
2918.0431,solve.va_sample,2,702.023,
2918.5433,solve.va_sample,2,702.023,
2919.0436,solve.va_sample,2,702.023,
2919.5438,solve.va_sample,2,702.023,
2920.0440,solve.va_sample,2,702.023,
2920.5443,solve.va_sample,2,702.023,
2921.0445,solve.va_sample,2,702.023,
2921.5448,solve.va_sample,2,702.023,
2922.0450,solve.va_sample,2,702.023,
2922.5452,solve.va_sample,2,702.023,
2923.0455,solve.va_sample,2,702.023,
2923.5457,solve.va_sample,2,702.023,
2924.0459,solve.va_sample,2,702.023,
2924.5462,solve.va_sample,2,702.023,
2925.0464,solve.va_sample,2,702.023,
2925.5467,solve.va_sample,2,702.023,
2926.0469,solve.va_sample,2,702.023,
2926.5471,solve.va_sample,2,702.023,
2927.0474,solve.va_sample,2,702.023,
2927.5476,solve.va_sample,2,702.023,
2928.0479,solve.va_sample,2,702.023,
2928.5481,solve.va_sample,2,702.023,
2929.0483,solve.va_sample,2,702.023,
2929.5486,solve.va_sample,2,702.023,
2930.0488,solve.va_sample,2,702.023,
2930.5491,solve.va_sample,2,702.023,
2931.0493,solve.va_sample,2,702.023,
2931.5496,solve.va_sample,2,702.023,
2932.0498,solve.va_sample,2,702.023,
2932.5500,solve.va_sample,2,702.023,
2933.0503,solve.va_sample,2,702.023,
2933.5505,solve.va_sample,2,702.023,
2934.0508,solve.va_sample,2,702.023,
2934.5510,solve.va_sample,2,702.023,
2935.0513,solve.va_sample,2,702.023,
2935.5515,solve.va_sample,2,702.023,
2936.0518,solve.va_sample,2,702.023,
2936.5520,solve.va_sample,2,702.023,
2937.0523,solve.va_sample,2,702.023,
2937.5525,solve.va_sample,2,702.023,
2938.0528,solve.va_sample,2,702.023,
2938.5530,solve.va_sample,2,702.023,
2939.0532,solve.va_sample,2,702.023,
2939.5535,solve.va_sample,2,702.023,
2940.0537,solve.va_sample,2,702.023,
2940.5540,solve.va_sample,2,702.023,
2941.0542,solve.va_sample,2,702.023,
2941.5545,solve.va_sample,2,702.023,
2942.0547,solve.va_sample,2,702.023,
2942.5550,solve.va_sample,2,702.023,
2943.0552,solve.va_sample,2,702.023,
2943.5555,solve.va_sample,2,702.023,
2944.0557,solve.va_sample,2,702.023,
2944.5559,solve.va_sample,2,702.023,
2945.0562,solve.va_sample,2,702.023,
2945.5564,solve.va_sample,2,702.023,
2946.0566,solve.va_sample,2,702.023,
2946.5569,solve.va_sample,2,702.023,
2947.0571,solve.va_sample,2,702.023,
2947.5573,solve.va_sample,2,702.023,
2948.0576,solve.va_sample,2,702.023,
2948.5578,solve.va_sample,2,702.023,
2949.0580,solve.va_sample,2,702.023,
2949.5583,solve.va_sample,2,702.023,
2950.0585,solve.va_sample,2,702.023,
2950.5588,solve.va_sample,2,702.023,
2951.0590,solve.va_sample,2,702.023,
2951.5592,solve.va_sample,2,702.023,
2952.0595,solve.va_sample,2,702.023,
2952.5597,solve.va_sample,2,702.023,
2953.0600,solve.va_sample,2,702.023,
2953.5602,solve.va_sample,2,702.023,
2954.0605,solve.va_sample,2,702.023,
2954.5607,solve.va_sample,2,702.023,
2955.0609,solve.va_sample,2,702.023,
2955.5612,solve.va_sample,2,702.023,
2956.0614,solve.va_sample,2,702.023,
2956.5617,solve.va_sample,2,702.023,
2957.0619,solve.va_sample,2,702.023,
2957.5622,solve.va_sample,2,702.023,
2958.0624,solve.va_sample,2,702.023,
2958.5627,solve.va_sample,2,702.023,
2959.0629,solve.va_sample,2,702.023,
2959.5631,solve.va_sample,2,702.023,
2960.0634,solve.va_sample,2,702.023,
2960.5636,solve.va_sample,2,702.023,
2961.0638,solve.va_sample,2,702.023,
2961.5641,solve.va_sample,2,702.023,
2962.0643,solve.va_sample,2,702.023,
2962.5645,solve.va_sample,2,702.023,
2963.0648,solve.va_sample,2,702.023,
2963.5650,solve.va_sample,2,702.023,
2964.0653,solve.va_sample,2,702.023,
2964.5655,solve.va_sample,2,702.023,
2965.0658,solve.va_sample,2,702.023,
2965.5660,solve.va_sample,2,702.023,
2966.0662,solve.va_sample,2,702.023,
2966.5665,solve.va_sample,2,702.023,
2967.0667,solve.va_sample,2,702.023,
2967.5670,solve.va_sample,2,702.023,
2968.0672,solve.va_sample,2,702.023,
2968.5674,solve.va_sample,2,702.023,
2969.0677,solve.va_sample,2,702.023,
2969.5679,solve.va_sample,2,702.023,
2970.0681,solve.va_sample,2,702.023,
2970.5684,solve.va_sample,2,702.023,
2971.0686,solve.va_sample,2,702.023,
2971.5688,solve.va_sample,2,702.023,
2972.0691,solve.va_sample,2,702.023,
2972.5693,solve.va_sample,2,702.023,
2973.0696,solve.va_sample,2,702.023,
2973.5698,solve.va_sample,2,702.023,
2974.0700,solve.va_sample,2,702.023,
2974.5703,solve.va_sample,2,702.023,
2975.0705,solve.va_sample,2,702.023,
2975.5708,solve.va_sample,2,702.023,
2976.0710,solve.va_sample,2,702.023,
2976.5712,solve.va_sample,2,702.023,
2977.0715,solve.va_sample,2,702.023,
2977.5717,solve.va_sample,2,702.023,
2978.0720,solve.va_sample,2,702.023,
2978.5722,solve.va_sample,2,702.023,
2979.0724,solve.va_sample,2,702.023,
2979.5727,solve.va_sample,2,702.023,
2980.0729,solve.va_sample,2,702.023,
2980.5731,solve.va_sample,2,702.023,
2981.0734,solve.va_sample,2,702.023,
2981.5736,solve.va_sample,2,702.023,
2982.0739,solve.va_sample,2,702.023,
2982.5741,solve.va_sample,2,702.023,
2983.0744,solve.va_sample,2,702.023,
2983.5746,solve.va_sample,2,702.023,
2984.0749,solve.va_sample,2,702.023,
2984.5751,solve.va_sample,2,702.023,
2985.0753,solve.va_sample,2,702.023,
2985.5756,solve.va_sample,2,702.023,
2986.0758,solve.va_sample,2,702.023,
2986.5761,solve.va_sample,2,702.023,
2987.0763,solve.va_sample,2,702.023,
2987.5766,solve.va_sample,2,702.023,
2988.0768,solve.va_sample,2,702.023,
2988.5770,solve.va_sample,2,702.023,
2989.0773,solve.va_sample,2,702.023,
2989.5775,solve.va_sample,2,702.023,
2990.0778,solve.va_sample,2,702.023,
2990.5780,solve.va_sample,2,702.023,
2991.0782,solve.va_sample,2,702.023,
2991.5785,solve.va_sample,2,702.023,
2992.0787,solve.va_sample,2,702.023,
2992.5790,solve.va_sample,2,702.023,
2993.0792,solve.va_sample,2,702.023,
2993.5795,solve.va_sample,2,702.023,
2994.0798,solve.va_sample,2,702.023,
2994.5800,solve.va_sample,2,702.023,
2995.0803,solve.va_sample,2,702.023,
2995.5806,solve.va_sample,2,702.023,
2996.0808,solve.va_sample,2,702.023,
2996.5811,solve.va_sample,2,702.023,
2997.0813,solve.va_sample,2,702.023,
2997.5816,solve.va_sample,2,702.023,
2998.0819,solve.va_sample,2,702.023,
2998.5821,solve.va_sample,2,702.023,
2999.0824,solve.va_sample,2,702.023,
2999.5826,solve.va_sample,2,702.023,
3000.0829,solve.va_sample,2,702.023,
3000.5831,solve.va_sample,2,702.023,
3001.0834,solve.va_sample,2,702.023,
3001.5836,solve.va_sample,2,702.023,
3002.0839,solve.va_sample,2,702.023,
3002.5841,solve.va_sample,2,702.023,
3003.0844,solve.va_sample,2,702.023,
3003.5846,solve.va_sample,2,702.023,
3004.0848,solve.va_sample,2,702.023,
3004.5851,solve.va_sample,2,702.023,
3005.0853,solve.va_sample,2,702.023,
3005.5856,solve.va_sample,2,702.023,
3006.0859,solve.va_sample,2,702.023,
3006.5861,solve.va_sample,2,702.023,
3007.0863,solve.va_sample,2,702.023,
3007.5866,solve.va_sample,2,702.023,
3008.0869,solve.va_sample,2,702.023,
3008.5871,solve.va_sample,2,702.023,
3009.0874,solve.va_sample,2,702.023,
3009.5876,solve.va_sample,2,702.023,
3010.0879,solve.va_sample,2,702.023,
3010.5881,solve.va_sample,2,702.023,
3011.0883,solve.va_sample,2,702.023,
3011.5886,solve.va_sample,2,702.023,
3012.0888,solve.va_sample,2,702.023,
3012.5891,solve.va_sample,2,702.023,
3013.0893,solve.va_sample,2,702.023,
3013.5895,solve.va_sample,2,702.023,
3014.0898,solve.va_sample,2,702.023,
3014.5900,solve.va_sample,2,702.023,
3015.0903,solve.va_sample,2,702.023,
3015.5905,solve.va_sample,2,702.023,
3016.0907,solve.va_sample,2,702.023,
3016.5910,solve.va_sample,2,702.023,
3017.0912,solve.va_sample,2,702.023,
3017.5915,solve.va_sample,2,702.281,
3018.0917,solve.va_sample,2,702.281,
3018.5920,solve.va_sample,2,702.281,
3019.0922,solve.va_sample,2,702.281,
3019.5925,solve.va_sample,2,702.281,
3020.0927,solve.va_sample,2,702.281,
3020.5930,solve.va_sample,2,702.281,
3021.0932,solve.va_sample,2,702.281,
3021.5934,solve.va_sample,2,702.281,
3022.0937,solve.va_sample,2,702.281,
3022.5939,solve.va_sample,2,702.281,
3023.0941,solve.va_sample,2,702.281,
3023.5944,solve.va_sample,2,702.281,
3024.0946,solve.va_sample,2,702.281,
3024.5949,solve.va_sample,2,702.281,
3025.0951,solve.va_sample,2,702.281,
3025.5953,solve.va_sample,2,702.281,
3026.0956,solve.va_sample,2,702.281,
3026.5958,solve.va_sample,2,702.281,
3027.0960,solve.va_sample,2,702.281,
3027.5963,solve.va_sample,2,702.281,
3028.0965,solve.va_sample,2,702.281,
3028.5968,solve.va_sample,2,702.281,
3029.0970,solve.va_sample,2,702.281,
3029.5972,solve.va_sample,2,702.281,
3030.0975,solve.va_sample,2,702.281,
3030.5977,solve.va_sample,2,702.281,
3031.0979,solve.va_sample,2,702.281,
3031.5982,solve.va_sample,2,702.281,
3032.0984,solve.va_sample,2,702.281,
3032.5987,solve.va_sample,2,702.281,
3033.0989,solve.va_sample,2,702.281,
3033.5992,solve.va_sample,2,702.281,
3034.0994,solve.va_sample,2,702.281,
3034.5997,solve.va_sample,2,702.281,
3035.0999,solve.va_sample,2,702.281,
3035.6001,solve.va_sample,2,702.281,
3036.1004,solve.va_sample,2,702.281,
3036.6006,solve.va_sample,2,702.281,
3037.1008,solve.va_sample,2,702.281,
3037.6011,solve.va_sample,2,702.281,
3038.1013,solve.va_sample,2,702.281,
3038.6016,solve.va_sample,2,702.281,
3039.1018,solve.va_sample,2,702.281,
3039.6020,solve.va_sample,2,702.281,
3040.1023,solve.va_sample,2,702.281,
3040.6026,solve.va_sample,2,702.281,
3041.1028,solve.va_sample,2,702.281,
3041.6031,solve.va_sample,2,702.281,
3042.1033,solve.va_sample,2,702.281,
3042.6036,solve.va_sample,2,702.281,
3043.1038,solve.va_sample,2,702.281,
3043.6040,solve.va_sample,2,702.281,
3044.1043,solve.va_sample,2,702.281,
3044.6045,solve.va_sample,2,702.281,
3045.1048,solve.va_sample,2,702.281,
3045.6050,solve.va_sample,2,702.281,
3046.1053,solve.va_sample,2,702.281,
3046.6055,solve.va_sample,2,702.281,
3047.1058,solve.va_sample,2,702.281,
3047.6060,solve.va_sample,2,702.281,
3048.1062,solve.va_sample,2,702.281,
3048.6065,solve.va_sample,2,702.281,
3049.1067,solve.va_sample,2,702.281,
3049.6070,solve.va_sample,2,702.281,
3050.1072,solve.va_sample,2,702.281,
3050.6075,solve.va_sample,2,702.281,
3051.1077,solve.va_sample,2,702.281,
3051.6079,solve.va_sample,2,702.281,
3052.1082,solve.va_sample,2,702.281,
3052.6084,solve.va_sample,2,702.281,
3053.1087,solve.va_sample,2,702.281,
3053.6090,solve.va_sample,2,702.281,
3054.1092,solve.va_sample,2,702.281,
3054.6095,solve.va_sample,2,702.281,
3055.1098,solve.va_sample,2,702.281,
3055.6100,solve.va_sample,2,702.281,
3056.1102,solve.va_sample,2,702.281,
3056.6105,solve.va_sample,2,702.281,
3057.1107,solve.va_sample,2,702.281,
3057.6110,solve.va_sample,2,702.281,
3058.1112,solve.va_sample,2,702.281,
3058.6115,solve.va_sample,2,702.281,
3059.1117,solve.va_sample,2,702.281,
3059.6119,solve.va_sample,2,702.281,
3060.1122,solve.va_sample,2,702.281,
3060.6124,solve.va_sample,2,702.281,
3061.1127,solve.va_sample,2,702.281,
3061.6129,solve.va_sample,2,702.281,
3062.1131,solve.va_sample,2,702.281,
3062.6134,solve.va_sample,2,702.281,
3063.1136,solve.va_sample,2,702.281,
3063.6139,solve.va_sample,2,702.281,
3064.1141,solve.va_sample,2,702.281,
3064.6143,solve.va_sample,2,702.281,
3065.1146,solve.va_sample,2,702.281,
3065.6148,solve.va_sample,2,702.281,
3066.1151,solve.va_sample,2,702.281,
3066.6153,solve.va_sample,2,702.281,
3067.1156,solve.va_sample,2,702.281,
3067.6158,solve.va_sample,2,702.281,
3068.1160,solve.va_sample,2,702.281,
3068.6163,solve.va_sample,2,702.281,
3069.1166,solve.va_sample,2,702.281,
3069.6169,solve.va_sample,2,702.281,
3070.1171,solve.va_sample,2,702.281,
3070.6174,solve.va_sample,2,702.281,
3071.1176,solve.va_sample,2,702.281,
3071.6179,solve.va_sample,2,702.281,
3072.1181,solve.va_sample,2,702.281,
3072.6184,solve.va_sample,2,702.281,
3073.1186,solve.va_sample,2,702.281,
3073.6189,solve.va_sample,2,702.281,
3074.1191,solve.va_sample,2,702.281,
3074.6193,solve.va_sample,2,702.281,
3075.1196,solve.va_sample,2,702.281,
3075.6198,solve.va_sample,2,702.281,
3076.1201,solve.va_sample,2,702.281,
3076.6203,solve.va_sample,2,702.281,
3077.1205,solve.va_sample,2,702.281,
3077.6208,solve.va_sample,2,702.281,
3078.1210,solve.va_sample,2,702.281,
3078.6213,solve.va_sample,2,702.281,
3079.1215,solve.va_sample,2,702.281,
3079.6217,solve.va_sample,2,702.281,
3080.1220,solve.va_sample,2,702.281,
3080.6222,solve.va_sample,2,702.281,
3081.1224,solve.va_sample,2,702.281,
3081.6227,solve.va_sample,2,702.281,
3082.1229,solve.va_sample,2,702.281,
3082.6231,solve.va_sample,2,702.281,
3083.1234,solve.va_sample,2,702.281,
3083.6237,solve.va_sample,2,702.281,
3084.1240,solve.va_sample,2,702.281,
3084.6242,solve.va_sample,2,702.281,
3085.1245,solve.va_sample,2,702.281,
3085.6248,solve.va_sample,2,702.281,
3086.1250,solve.va_sample,2,702.281,
3086.6253,solve.va_sample,2,702.281,
3087.1255,solve.va_sample,2,702.281,
3087.6258,solve.va_sample,2,702.281,
3088.1260,solve.va_sample,2,702.281,
3088.6263,solve.va_sample,2,702.281,
3089.1265,solve.va_sample,2,702.281,
3089.6268,solve.va_sample,2,702.281,
3090.1270,solve.va_sample,2,702.281,
3090.6273,solve.va_sample,2,702.281,
3091.1275,solve.va_sample,2,702.281,
3091.6278,solve.va_sample,2,702.281,
3092.1281,solve.va_sample,2,702.281,
3092.6283,solve.va_sample,2,702.281,
3093.1286,solve.va_sample,2,702.281,
3093.6288,solve.va_sample,2,702.281,
3094.1291,solve.va_sample,2,702.281,
3094.6293,solve.va_sample,2,702.281,
3095.1296,solve.va_sample,2,702.281,
3095.6298,solve.va_sample,2,702.281,
3096.1301,solve.va_sample,2,702.281,
3096.6303,solve.va_sample,2,702.281,
3097.1306,solve.va_sample,2,702.281,
3097.6308,solve.va_sample,2,702.281,
3098.1310,solve.va_sample,2,702.281,
3098.6313,solve.va_sample,2,702.281,
3099.1315,solve.va_sample,2,702.281,
3099.6317,solve.va_sample,2,702.281,
3100.1320,solve.va_sample,2,702.281,
3100.6322,solve.va_sample,2,702.281,
3101.1325,solve.va_sample,2,702.281,
3101.6327,solve.va_sample,2,702.281,
3102.1329,solve.va_sample,2,702.281,
3102.6332,solve.va_sample,2,702.281,
3103.1335,solve.va_sample,2,702.281,
3103.6337,solve.va_sample,2,702.281,
3104.1340,solve.va_sample,2,702.281,
3104.6343,solve.va_sample,2,702.281,
3105.1345,solve.va_sample,2,702.281,
3105.6348,solve.va_sample,2,702.281,
3106.1350,solve.va_sample,2,702.281,
3106.6353,solve.va_sample,2,702.281,
3107.1355,solve.va_sample,2,702.281,
3107.6357,solve.va_sample,2,702.281,
3108.1360,solve.va_sample,2,702.281,
3108.6363,solve.va_sample,2,702.281,
3109.1365,solve.va_sample,2,702.281,
3109.6368,solve.va_sample,2,702.281,
3110.1370,solve.va_sample,2,702.281,
3110.6373,solve.va_sample,2,702.281,
3111.1375,solve.va_sample,2,702.281,
3111.6377,solve.va_sample,2,702.281,
3112.1380,solve.va_sample,2,702.281,
3112.6383,solve.va_sample,2,702.281,
3113.1386,solve.va_sample,2,702.281,
3113.6389,solve.va_sample,2,702.281,
3114.1391,solve.va_sample,2,702.281,
3114.6394,solve.va_sample,2,702.281,
3115.1397,solve.va_sample,2,702.281,
3115.6399,solve.va_sample,2,702.281,
3116.1401,solve.va_sample,2,702.281,
3116.6404,solve.va_sample,2,702.281,
3117.1406,solve.va_sample,2,702.281,
3117.6409,solve.va_sample,2,702.281,
3118.1412,solve.va_sample,2,702.281,
3118.6414,solve.va_sample,2,702.281,
3119.1417,solve.va_sample,2,702.281,
3119.6419,solve.va_sample,2,702.281,
3120.1422,solve.va_sample,2,702.281,
3120.6424,solve.va_sample,2,702.281,
3121.1427,solve.va_sample,2,702.281,
3121.6429,solve.va_sample,2,702.281,
3122.1432,solve.va_sample,2,702.281,
3122.6435,solve.va_sample,2,702.281,
3123.1437,solve.va_sample,2,702.281,
3123.6440,solve.va_sample,2,702.281,
3124.1442,solve.va_sample,2,702.281,
3124.6445,solve.va_sample,2,702.281,
3125.1447,solve.va_sample,2,702.281,
3125.6450,solve.va_sample,2,702.281,
3126.1452,solve.va_sample,2,702.281,
3126.6455,solve.va_sample,2,702.281,
3127.1457,solve.va_sample,2,702.281,
3127.6460,solve.va_sample,2,702.281,
3128.1462,solve.va_sample,2,702.281,
3128.6465,solve.va_sample,2,702.281,
3129.1468,solve.va_sample,2,702.281,
3129.6470,solve.va_sample,2,702.281,
3130.1473,solve.va_sample,2,702.281,
3130.6475,solve.va_sample,2,702.281,
3131.1478,solve.va_sample,2,702.281,
3131.6480,solve.va_sample,2,702.281,
3132.1483,solve.va_sample,2,702.281,
3132.6486,solve.va_sample,2,702.281,
3133.1488,solve.va_sample,2,702.281,
3133.6490,solve.va_sample,2,702.281,
3134.1493,solve.va_sample,2,702.281,
3134.6496,solve.va_sample,2,702.281,
3135.1498,solve.va_sample,2,702.281,
3135.6500,solve.va_sample,2,702.281,
3136.1503,solve.va_sample,2,702.281,
3136.6505,solve.va_sample,2,702.281,
3137.1508,solve.va_sample,2,702.281,
3137.6510,solve.va_sample,2,702.281,
3138.1513,solve.va_sample,2,702.281,
3138.6515,solve.va_sample,2,702.281,
3139.1518,solve.va_sample,2,702.281,
3139.6521,solve.va_sample,2,702.281,
3140.1523,solve.va_sample,2,702.281,
3140.6525,solve.va_sample,2,702.281,
3141.1528,solve.va_sample,2,702.281,
3141.6531,solve.va_sample,2,702.281,
3142.1533,solve.va_sample,2,702.281,
3142.6536,solve.va_sample,2,702.281,
3143.1538,solve.va_sample,2,702.281,
3143.6541,solve.va_sample,2,702.281,
3144.1543,solve.va_sample,2,702.281,
3144.6545,solve.va_sample,2,702.281,
3145.1548,solve.va_sample,2,702.281,
3145.6550,solve.va_sample,2,702.281,
3146.1552,solve.va_sample,2,702.281,
3146.6555,solve.va_sample,2,702.281,
3147.1557,solve.va_sample,2,702.281,
3147.6559,solve.va_sample,2,702.281,
3148.1562,solve.va_sample,2,702.281,
3148.6564,solve.va_sample,2,702.281,
3149.1567,solve.va_sample,2,702.281,
3149.6569,solve.va_sample,2,702.281,
3150.1571,solve.va_sample,2,702.281,
3150.6574,solve.va_sample,2,702.281,
3151.1576,solve.va_sample,2,702.281,
3151.6579,solve.va_sample,2,702.281,
3152.1581,solve.va_sample,2,702.281,
3152.6584,solve.va_sample,2,702.281,
3153.1586,solve.va_sample,2,702.281,
3153.6589,solve.va_sample,2,702.281,
3154.1591,solve.va_sample,2,702.281,
3154.6593,solve.va_sample,2,702.281,
3155.1596,solve.va_sample,2,702.281,
3155.6598,solve.va_sample,2,702.281,
3156.1601,solve.va_sample,2,702.281,
3156.6603,solve.va_sample,2,702.281,
3157.1606,solve.va_sample,2,702.281,
3157.6608,solve.va_sample,2,702.281,
3158.1610,solve.va_sample,2,702.281,
3158.6613,solve.va_sample,2,702.281,
3159.1615,solve.va_sample,2,702.281,
3159.6617,solve.va_sample,2,702.281,
3160.1620,solve.va_sample,2,702.281,
3160.6623,solve.va_sample,2,702.281,
3161.1625,solve.va_sample,2,702.281,
3161.6627,solve.va_sample,2,702.281,
3162.1630,solve.va_sample,2,702.281,
3162.6632,solve.va_sample,2,702.281,
3163.1635,solve.va_sample,2,702.281,
3163.6637,solve.va_sample,2,702.281,
3164.1640,solve.va_sample,2,702.281,
3164.6642,solve.va_sample,2,702.281,
3165.1644,solve.va_sample,2,702.281,
3165.6647,solve.va_sample,2,702.281,
3166.1649,solve.va_sample,2,702.281,
3166.6652,solve.va_sample,2,702.281,
3167.1654,solve.va_sample,2,702.281,
3167.6657,solve.va_sample,2,702.281,
3168.1659,solve.va_sample,2,702.281,
3168.6662,solve.va_sample,2,702.281,
3169.1664,solve.va_sample,2,702.281,
3169.6667,solve.va_sample,2,702.281,
3170.1669,solve.va_sample,2,702.281,
3170.6672,solve.va_sample,2,702.281,
3171.1674,solve.va_sample,2,702.281,
3171.6677,solve.va_sample,2,702.281,
3172.1679,solve.va_sample,2,702.281,
3172.6682,solve.va_sample,2,702.281,
3173.1685,solve.va_sample,2,702.281,
3173.6687,solve.va_sample,2,702.281,
3174.1690,solve.va_sample,2,702.281,
3174.6692,solve.va_sample,2,702.281,
3175.1695,solve.va_sample,2,702.281,
3175.6697,solve.va_sample,2,702.281,
3176.1700,solve.va_sample,2,702.281,
3176.6702,solve.va_sample,2,702.281,
3177.1705,solve.va_sample,2,702.281,
3177.6707,solve.va_sample,2,702.281,
3178.1710,solve.va_sample,2,702.281,
3178.6712,solve.va_sample,2,702.281,
3179.1714,solve.va_sample,2,702.281,
3179.6717,solve.va_sample,2,702.281,
3180.1719,solve.va_sample,2,702.281,
3180.6722,solve.va_sample,2,702.281,
3181.1724,solve.va_sample,2,702.281,
3181.6727,solve.va_sample,2,702.281,
3182.1729,solve.va_sample,2,702.281,
3182.6731,solve.va_sample,2,702.281,
3183.1734,solve.va_sample,2,702.281,
3183.6737,solve.va_sample,2,702.281,
3184.1739,solve.va_sample,2,702.281,
3184.6742,solve.va_sample,2,702.281,
3185.1744,solve.va_sample,2,702.281,
3185.6747,solve.va_sample,2,702.281,
3186.1749,solve.va_sample,2,702.281,
3186.6751,solve.va_sample,2,702.281,
3187.1754,solve.va_sample,2,702.281,
3187.6756,solve.va_sample,2,702.281,
3188.1758,solve.va_sample,2,702.281,
3188.6761,solve.va_sample,2,702.281,
3189.1764,solve.va_sample,2,702.281,
3189.6766,solve.va_sample,2,702.281,
3190.1768,solve.va_sample,2,702.281,
3190.6771,solve.va_sample,2,702.281,
3191.1773,solve.va_sample,2,702.281,
3191.6775,solve.va_sample,2,702.281,
3192.1778,solve.va_sample,2,702.281,
3192.6780,solve.va_sample,2,702.281,
3193.1783,solve.va_sample,2,702.281,
3193.6785,solve.va_sample,2,702.281,
3194.1788,solve.va_sample,2,702.281,
3194.6790,solve.va_sample,2,702.281,
3195.1792,solve.va_sample,2,702.281,
3195.6795,solve.va_sample,2,702.281,
3196.1797,solve.va_sample,2,702.281,
3196.6799,solve.va_sample,2,702.281,
3197.1802,solve.va_sample,2,702.281,
3197.6804,solve.va_sample,2,702.281,
3198.1806,solve.va_sample,2,702.281,
3198.6809,solve.va_sample,2,702.281,
3199.1811,solve.va_sample,2,702.281,
3199.6813,solve.va_sample,2,702.281,
3200.1816,solve.va_sample,2,702.281,
3200.6818,solve.va_sample,2,702.281,
3201.1821,solve.va_sample,2,702.281,
3201.6823,solve.va_sample,2,702.281,
3202.1825,solve.va_sample,2,702.281,
3202.6828,solve.va_sample,2,702.281,
3203.1830,solve.va_sample,2,702.281,
3203.6833,solve.va_sample,2,702.281,
3204.1835,solve.va_sample,2,702.281,
3204.6837,solve.va_sample,2,702.281,
3205.1840,solve.va_sample,2,702.281,
3205.6842,solve.va_sample,2,702.281,
3206.1844,solve.va_sample,2,702.281,
3206.6847,solve.va_sample,2,702.281,
3207.1849,solve.va_sample,2,702.281,
3207.6852,solve.va_sample,2,702.281,
3208.1854,solve.va_sample,2,702.281,
3208.6857,solve.va_sample,2,702.281,
3209.1859,solve.va_sample,2,702.281,
3209.6862,solve.va_sample,2,702.281,
3210.1864,solve.va_sample,2,702.281,
3210.6866,solve.va_sample,2,702.281,
3211.1869,solve.va_sample,2,702.281,
3211.6871,solve.va_sample,2,702.281,
3212.1874,solve.va_sample,2,702.281,
3212.6876,solve.va_sample,2,702.281,
3213.1879,solve.va_sample,2,702.281,
3213.6881,solve.va_sample,2,702.281,
3214.1883,solve.va_sample,2,702.281,
3214.6886,solve.va_sample,2,702.281,
3215.1888,solve.va_sample,2,702.281,
3215.6890,solve.va_sample,2,702.281,
3216.1893,solve.va_sample,2,702.281,
3216.6895,solve.va_sample,2,702.281,
3217.1897,solve.va_sample,2,702.281,
3217.6900,solve.va_sample,2,702.281,
3218.1902,solve.va_sample,2,702.281,
3218.6905,solve.va_sample,2,702.281,
3219.1907,solve.va_sample,2,702.281,
3219.6909,solve.va_sample,2,702.281,
3220.1912,solve.va_sample,2,702.281,
3220.6914,solve.va_sample,2,702.281,
3221.1917,solve.va_sample,2,702.281,
3221.6919,solve.va_sample,2,702.281,
3222.1921,solve.va_sample,2,702.281,
3222.6924,solve.va_sample,2,702.281,
3223.1926,solve.va_sample,2,702.281,
3223.6928,solve.va_sample,2,702.281,
3224.1931,solve.va_sample,2,702.281,
3224.6933,solve.va_sample,2,702.281,
3225.1935,solve.va_sample,2,702.281,
3225.6938,solve.va_sample,2,702.281,
3226.1940,solve.va_sample,2,702.281,
3226.6942,solve.va_sample,2,702.281,
3227.1945,solve.va_sample,2,702.281,
3227.6947,solve.va_sample,2,702.281,
3228.1950,solve.va_sample,2,702.281,
3228.6952,solve.va_sample,2,702.281,
3229.1955,solve.va_sample,2,702.281,
3229.6957,solve.va_sample,2,702.281,
3230.1960,solve.va_sample,2,702.281,
3230.6962,solve.va_sample,2,702.281,
3231.1964,solve.va_sample,2,702.281,
3231.6967,solve.va_sample,2,702.281,
3232.1969,solve.va_sample,2,702.281,
3232.6971,solve.va_sample,2,702.281,
3233.1973,solve.va_sample,2,702.281,
3233.6976,solve.va_sample,2,702.281,
3234.1978,solve.va_sample,2,702.281,
3234.6980,solve.va_sample,2,702.281,
3235.1983,solve.va_sample,2,702.281,
3235.6985,solve.va_sample,2,702.281,
3236.1987,solve.va_sample,2,702.281,
3236.6990,solve.va_sample,2,702.281,
3237.1992,solve.va_sample,2,702.281,
3237.6994,solve.va_sample,2,702.281,
3238.1997,solve.va_sample,2,702.281,
3238.6999,solve.va_sample,2,702.281,
3239.2002,solve.va_sample,2,702.281,
3239.7004,solve.va_sample,2,702.281,
3240.2006,solve.va_sample,2,702.281,
3240.7009,solve.va_sample,2,702.281,
3241.2011,solve.va_sample,2,702.281,
3241.7014,solve.va_sample,2,702.281,
3242.2016,solve.va_sample,2,702.281,
3242.7018,solve.va_sample,2,702.281,
3243.2021,solve.va_sample,2,702.281,
3243.7023,solve.va_sample,2,702.281,
3244.2026,solve.va_sample,2,702.281,
3244.7028,solve.va_sample,2,702.281,
3245.2030,solve.va_sample,2,702.281,
3245.7033,solve.va_sample,2,702.281,
3246.2035,solve.va_sample,2,702.281,
3246.7038,solve.va_sample,2,702.281,
3247.2040,solve.va_sample,2,702.281,
3247.7042,solve.va_sample,2,702.281,
3248.2045,solve.va_sample,2,702.281,
3248.7047,solve.va_sample,2,702.281,
3249.2050,solve.va_sample,2,702.281,
3249.7052,solve.va_sample,2,702.281,
3250.2054,solve.va_sample,2,702.281,
3250.7057,solve.va_sample,2,702.281,
3251.2059,solve.va_sample,2,702.281,
3251.7061,solve.va_sample,2,702.281,
3252.2064,solve.va_sample,2,702.281,
3252.7066,solve.va_sample,2,702.281,
3253.2069,solve.va_sample,2,702.281,
3253.7071,solve.va_sample,2,702.281,
3254.2074,solve.va_sample,2,702.281,
3254.7076,solve.va_sample,2,702.281,
3255.2078,solve.va_sample,2,702.281,
3255.7081,solve.va_sample,2,702.281,
3256.2083,solve.va_sample,2,702.281,
3256.7086,solve.va_sample,2,702.281,
3257.2088,solve.va_sample,2,702.281,
3257.7090,solve.va_sample,2,702.281,
3258.2093,solve.va_sample,2,702.281,
3258.7095,solve.va_sample,2,702.281,
3259.2097,solve.va_sample,2,702.281,
3259.7100,solve.va_sample,2,702.281,
3260.2102,solve.va_sample,2,702.281,
3260.7105,solve.va_sample,2,702.281,
3261.2107,solve.va_sample,2,702.281,
3261.7109,solve.va_sample,2,702.281,
3262.2112,solve.va_sample,2,702.281,
3262.7115,solve.va_sample,2,702.281,
3263.2117,solve.va_sample,2,702.281,
3263.7120,solve.va_sample,2,702.281,
3264.2123,solve.va_sample,2,702.281,
3264.7125,solve.va_sample,2,702.281,
3265.2128,solve.va_sample,2,702.281,
3265.7130,solve.va_sample,2,702.281,
3266.2132,solve.va_sample,2,702.281,
3266.7135,solve.va_sample,2,702.281,
3267.2137,solve.va_sample,2,702.281,
3267.7140,solve.va_sample,2,702.281,
3268.2142,solve.va_sample,2,702.281,
3268.7145,solve.va_sample,2,702.281,
3269.2147,solve.va_sample,2,702.281,
3269.7150,solve.va_sample,2,702.281,
3270.2152,solve.va_sample,2,702.281,
3270.7155,solve.va_sample,2,702.281,
3271.2157,solve.va_sample,2,702.281,
3271.7159,solve.va_sample,2,702.281,
3272.2162,solve.va_sample,2,702.281,
3272.7165,solve.va_sample,2,702.281,
3273.2167,solve.va_sample,2,702.281,
3273.7169,solve.va_sample,2,702.281,
3274.2172,solve.va_sample,2,702.281,
3274.7174,solve.va_sample,2,702.281,
3275.2177,solve.va_sample,2,702.281,
3275.7179,solve.va_sample,2,702.281,
3276.2181,solve.va_sample,2,702.281,
3276.7184,solve.va_sample,2,702.281,
3277.2186,solve.va_sample,2,702.281,
3277.7189,solve.va_sample,2,702.281,
3278.2191,solve.va_sample,2,702.281,
3278.7194,solve.va_sample,2,702.281,
3279.2196,solve.va_sample,2,702.281,
3279.7199,solve.va_sample,2,702.281,
3280.2201,solve.va_sample,2,702.281,
3280.7203,solve.va_sample,2,702.281,
3281.2206,solve.va_sample,2,702.281,
3281.7208,solve.va_sample,2,702.281,
3282.2211,solve.va_sample,2,702.281,
3282.7213,solve.va_sample,2,702.281,
3283.2216,solve.va_sample,2,702.281,
3283.7218,solve.va_sample,2,702.281,
3284.2220,solve.va_sample,2,702.281,
3284.7223,solve.va_sample,2,702.281,
3285.2225,solve.va_sample,2,702.281,
3285.7228,solve.va_sample,2,702.281,
3286.2230,solve.va_sample,2,702.281,
3286.7233,solve.va_sample,2,702.281,
3287.2235,solve.va_sample,2,702.281,
3287.7237,solve.va_sample,2,702.281,
3288.2240,solve.va_sample,2,702.281,
3288.7242,solve.va_sample,2,702.281,
3289.2245,solve.va_sample,2,702.281,
3289.7247,solve.va_sample,2,702.281,
3290.2249,solve.va_sample,2,702.281,
3290.7252,solve.va_sample,2,702.281,
3291.2254,solve.va_sample,2,702.281,
3291.7256,solve.va_sample,2,702.281,
3292.2259,solve.va_sample,2,702.281,
3292.7261,solve.va_sample,2,702.281,
3293.2264,solve.va_sample,2,702.281,
3293.7266,solve.va_sample,2,702.281,
3294.2269,solve.va_sample,2,702.281,
3294.7271,solve.va_sample,2,702.281,
3295.2274,solve.va_sample,2,702.281,
3295.7276,solve.va_sample,2,702.281,
3296.2278,solve.va_sample,2,702.281,
3296.7281,solve.va_sample,2,702.281,
3297.2283,solve.va_sample,2,702.281,
3297.7286,solve.va_sample,2,702.281,
3298.2288,solve.va_sample,2,702.281,
3298.7290,solve.va_sample,2,702.281,
3299.2293,solve.va_sample,2,702.281,
3299.7295,solve.va_sample,2,702.281,
3300.2297,solve.va_sample,2,702.281,
3300.7300,solve.va_sample,2,702.281,
3301.2302,solve.va_sample,2,702.281,
3301.7305,solve.va_sample,2,702.281,
3302.2307,solve.va_sample,2,702.281,
3302.7309,solve.va_sample,2,702.281,
3303.2312,solve.va_sample,2,702.281,
3303.7314,solve.va_sample,2,702.281,
3304.2317,solve.va_sample,2,702.281,
3304.7319,solve.va_sample,2,702.281,
3305.2322,solve.va_sample,2,702.281,
3305.7324,solve.va_sample,2,702.281,
3306.2326,solve.va_sample,2,702.281,
3306.7329,solve.va_sample,2,702.281,
3307.2331,solve.va_sample,2,702.281,
3307.7334,solve.va_sample,2,702.281,
3308.2336,solve.va_sample,2,702.281,
3308.7339,solve.va_sample,2,702.281,
3309.2341,solve.va_sample,2,702.281,
3309.7343,solve.va_sample,2,702.281,
3310.2346,solve.va_sample,2,702.281,
3310.7348,solve.va_sample,2,702.281,
3311.2351,solve.va_sample,2,702.281,
3311.7353,solve.va_sample,2,702.281,
3312.2355,solve.va_sample,2,702.281,
3312.7358,solve.va_sample,2,702.281,
3313.2360,solve.va_sample,2,702.281,
3313.7362,solve.va_sample,2,702.281,
3314.2365,solve.va_sample,2,702.281,
3314.7367,solve.va_sample,2,702.281,
3315.2370,solve.va_sample,2,702.281,
3315.7372,solve.va_sample,2,702.281,
3316.2374,solve.va_sample,2,702.281,
3316.7377,solve.va_sample,2,702.281,
3317.2379,solve.va_sample,2,702.281,
3317.7381,solve.va_sample,2,702.281,
3318.2384,solve.va_sample,2,702.281,
3318.7386,solve.va_sample,2,702.281,
3319.2388,solve.va_sample,2,702.281,
3319.7391,solve.va_sample,2,702.281,
3320.2393,solve.va_sample,2,702.281,
3320.7395,solve.va_sample,2,702.281,
3321.2398,solve.va_sample,2,702.281,
3321.7400,solve.va_sample,2,702.281,
3322.2403,solve.va_sample,2,702.281,
3322.7405,solve.va_sample,2,702.281,
3323.2407,solve.va_sample,2,702.281,
3323.7410,solve.va_sample,2,702.281,
3324.2412,solve.va_sample,2,702.281,
3324.7414,solve.va_sample,2,702.281,
3325.2417,solve.va_sample,2,702.281,
3325.7419,solve.va_sample,2,702.281,
3326.2422,solve.va_sample,2,702.281,
3326.7424,solve.va_sample,2,702.281,
3327.2426,solve.va_sample,2,702.281,
3327.7429,solve.va_sample,2,702.281,
3328.2431,solve.va_sample,2,702.281,
3328.7433,solve.va_sample,2,702.281,
3329.2436,solve.va_sample,2,702.281,
3329.7438,solve.va_sample,2,702.281,
3330.2441,solve.va_sample,2,702.539,
3330.7443,solve.va_sample,2,702.539,
3331.2445,solve.va_sample,2,702.539,
3331.7448,solve.va_sample,2,702.539,
3332.2450,solve.va_sample,2,702.539,
3332.7453,solve.va_sample,2,702.539,
3333.2455,solve.va_sample,2,702.539,
3333.7457,solve.va_sample,2,702.539,
3334.2460,solve.va_sample,2,702.539,
3334.7462,solve.va_sample,2,702.539,
3335.2465,solve.va_sample,2,702.539,
3335.7467,solve.va_sample,2,702.539,
3336.2469,solve.va_sample,2,702.539,
3336.7472,solve.va_sample,2,702.539,
3337.2474,solve.va_sample,2,702.539,
3337.7476,solve.va_sample,2,702.539,
3338.2479,solve.va_sample,2,702.539,
3338.7481,solve.va_sample,2,702.539,
3339.2483,solve.va_sample,2,702.539,
3339.7486,solve.va_sample,2,702.539,
3340.2488,solve.va_sample,2,702.539,
3340.7490,solve.va_sample,2,702.539,
3341.2493,solve.va_sample,2,702.539,
3341.7495,solve.va_sample,2,702.539,
3342.2497,solve.va_sample,2,702.539,
3342.7500,solve.va_sample,2,702.539,
3343.2502,solve.va_sample,2,702.539,
3343.7505,solve.va_sample,2,702.539,
3344.2507,solve.va_sample,2,702.539,
3344.7509,solve.va_sample,2,702.539,
3345.2512,solve.va_sample,2,702.539,
3345.7514,solve.va_sample,2,702.539,
3346.2517,solve.va_sample,2,702.539,
3346.7519,solve.va_sample,2,702.539,
3347.2522,solve.va_sample,2,702.539,
3347.7524,solve.va_sample,2,702.539,
3348.2527,solve.va_sample,2,702.539,
3348.7529,solve.va_sample,2,702.539,
3349.2532,solve.va_sample,2,702.539,
3349.7534,solve.va_sample,2,702.539,
3350.2537,solve.va_sample,2,702.539,
3350.7539,solve.va_sample,2,702.539,
3351.2541,solve.va_sample,2,702.539,
3351.7544,solve.va_sample,2,702.539,
3352.2546,solve.va_sample,2,702.539,
3352.7549,solve.va_sample,2,702.539,
3353.2551,solve.va_sample,2,702.539,
3353.7553,solve.va_sample,2,702.539,
3354.2556,solve.va_sample,2,702.539,
3354.7558,solve.va_sample,2,702.539,
3355.2560,solve.va_sample,2,702.539,
3355.7562,solve.va_sample,2,702.539,
3356.2565,solve.va_sample,2,702.539,
3356.7567,solve.va_sample,2,702.539,
3357.2569,solve.va_sample,2,702.539,
3357.7572,solve.va_sample,2,702.539,
3358.2574,solve.va_sample,2,702.539,
3358.7577,solve.va_sample,2,702.539,
3359.2579,solve.va_sample,2,702.539,
3359.7581,solve.va_sample,2,702.539,
3360.2584,solve.va_sample,2,702.539,
3360.7586,solve.va_sample,2,702.539,
3361.2588,solve.va_sample,2,702.539,
3361.7590,solve.va_sample,2,702.539,
3362.2593,solve.va_sample,2,702.539,
3362.7595,solve.va_sample,2,702.539,
3363.2598,solve.va_sample,2,702.539,
3363.7600,solve.va_sample,2,702.539,
3364.2602,solve.va_sample,2,702.539,
3364.7604,solve.va_sample,2,702.539,
3365.2607,solve.va_sample,2,702.539,
3365.7609,solve.va_sample,2,702.539,
3366.2611,solve.va_sample,2,702.539,
3366.7614,solve.va_sample,2,702.539,
3367.2616,solve.va_sample,2,702.539,
3367.7618,solve.va_sample,2,702.539,
3368.2621,solve.va_sample,2,702.539,
3368.7623,solve.va_sample,2,702.539,
3369.2625,solve.va_sample,2,702.539,
3369.7627,solve.va_sample,2,702.539,
3370.2630,solve.va_sample,2,702.539,
3370.7632,solve.va_sample,2,702.539,
3371.2634,solve.va_sample,2,702.539,
3371.7637,solve.va_sample,2,702.539,
3372.2639,solve.va_sample,2,702.539,
3372.7642,solve.va_sample,2,702.539,
3373.2644,solve.va_sample,2,702.539,
3373.7647,solve.va_sample,2,702.539,
3374.2649,solve.va_sample,2,702.539,
3374.7651,solve.va_sample,2,702.539,
3375.2654,solve.va_sample,2,702.539,
3375.7656,solve.va_sample,2,702.539,
3376.2658,solve.va_sample,2,702.539,
3376.7661,solve.va_sample,2,702.539,
3377.2663,solve.va_sample,2,702.539,
3377.7665,solve.va_sample,2,702.539,
3378.2668,solve.va_sample,2,702.539,
3378.7670,solve.va_sample,2,702.539,
3379.2672,solve.va_sample,2,702.539,
3379.7675,solve.va_sample,2,702.539,
3380.2677,solve.va_sample,2,702.539,
3380.7680,solve.va_sample,2,702.539,
3381.2682,solve.va_sample,2,702.539,
3381.7684,solve.va_sample,2,702.539,
3382.2687,solve.va_sample,2,702.539,
3382.7689,solve.va_sample,2,702.539,
3383.2692,solve.va_sample,2,702.539,
3383.7694,solve.va_sample,2,702.539,
3384.2697,solve.va_sample,2,702.539,
3384.7699,solve.va_sample,2,702.539,
3385.2701,solve.va_sample,2,702.539,
3385.7704,solve.va_sample,2,702.539,
3386.2706,solve.va_sample,2,702.539,
3386.7708,solve.va_sample,2,702.539,
3387.2711,solve.va_sample,2,702.539,
3387.7713,solve.va_sample,2,702.539,
3388.2716,solve.va_sample,2,702.539,
3388.7718,solve.va_sample,2,702.539,
3389.2720,solve.va_sample,2,702.539,
3389.7723,solve.va_sample,2,702.539,
3390.2725,solve.va_sample,2,702.539,
3390.7728,solve.va_sample,2,702.539,
3391.2730,solve.va_sample,2,702.539,
3391.7732,solve.va_sample,2,702.539,
3392.2735,solve.va_sample,2,702.539,
3392.7737,solve.va_sample,2,702.539,
3393.2740,solve.va_sample,2,702.539,
3393.7742,solve.va_sample,2,702.539,
3394.2745,solve.va_sample,2,702.539,
3394.7747,solve.va_sample,2,702.539,
3395.2749,solve.va_sample,2,702.539,
3395.7752,solve.va_sample,2,702.539,
3396.2754,solve.va_sample,2,702.539,
3396.7757,solve.va_sample,2,702.539,
3397.2759,solve.va_sample,2,702.539,
3397.7762,solve.va_sample,2,702.539,
3398.2764,solve.va_sample,2,702.539,
3398.7767,solve.va_sample,2,702.539,
3399.2769,solve.va_sample,2,702.539,
3399.7772,solve.va_sample,2,702.539,
3400.2774,solve.va_sample,2,702.539,
3400.7777,solve.va_sample,2,702.539,
3401.2779,solve.va_sample,2,702.539,
3401.7782,solve.va_sample,2,702.539,
3402.2784,solve.va_sample,2,702.539,
3402.7787,solve.va_sample,2,702.539,
3403.2789,solve.va_sample,2,702.539,
3403.7791,solve.va_sample,2,702.539,
3404.2794,solve.va_sample,2,702.539,
3404.7796,solve.va_sample,2,702.539,
3405.2799,solve.va_sample,2,702.539,
3405.7801,solve.va_sample,2,702.539,
3406.2803,solve.va_sample,2,702.539,
3406.7806,solve.va_sample,2,702.539,
3407.2808,solve.va_sample,2,702.539,
3407.7810,solve.va_sample,2,702.539,
3408.2813,solve.va_sample,2,702.539,
3408.7815,solve.va_sample,2,702.539,
3409.2817,solve.va_sample,2,702.539,
3409.7820,solve.va_sample,2,702.539,
3410.2822,solve.va_sample,2,702.539,
3410.7825,solve.va_sample,2,702.539,
3411.2827,solve.va_sample,2,702.539,
3411.7829,solve.va_sample,2,702.539,
3412.2832,solve.va_sample,2,702.539,
3412.7834,solve.va_sample,2,702.539,
3413.2837,solve.va_sample,2,702.539,
3413.7839,solve.va_sample,2,702.539,
3414.2841,solve.va_sample,2,702.539,
3414.7844,solve.va_sample,2,702.539,
3415.2846,solve.va_sample,2,702.539,
3415.7848,solve.va_sample,2,702.539,
3416.2850,solve.va_sample,2,702.539,
3416.7853,solve.va_sample,2,702.539,
3417.2855,solve.va_sample,2,702.539,
3417.7857,solve.va_sample,2,702.539,
3418.2860,solve.va_sample,2,702.539,
3418.7862,solve.va_sample,2,702.539,
3419.2865,solve.va_sample,2,702.539,
3419.7867,solve.va_sample,2,702.539,
3420.2870,solve.va_sample,2,702.539,
3420.7872,solve.va_sample,2,702.539,
3421.2874,solve.va_sample,2,702.539,
3421.7877,solve.va_sample,2,702.539,
3422.2879,solve.va_sample,2,702.539,
3422.7882,solve.va_sample,2,702.539,
3423.2884,solve.va_sample,2,702.539,
3423.7886,solve.va_sample,2,702.539,
3424.2889,solve.va_sample,2,702.539,
3424.7891,solve.va_sample,2,702.539,
3425.2893,solve.va_sample,2,702.539,
3425.7896,solve.va_sample,2,702.539,
3426.2898,solve.va_sample,2,702.539,
3426.7900,solve.va_sample,2,702.539,
3427.2903,solve.va_sample,2,702.539,
3427.7905,solve.va_sample,2,702.539,
3428.2908,solve.va_sample,2,702.539,
3428.7910,solve.va_sample,2,702.539,
3429.2912,solve.va_sample,2,702.539,
3429.7915,solve.va_sample,2,702.539,
3430.2917,solve.va_sample,2,702.539,
3430.7920,solve.va_sample,2,702.539,
3431.2922,solve.va_sample,2,702.539,
3431.7924,solve.va_sample,2,702.539,
3432.2927,solve.va_sample,2,702.539,
3432.7929,solve.va_sample,2,702.539,
3433.2931,solve.va_sample,2,702.539,
3433.7933,solve.va_sample,2,702.539,
3434.2936,solve.va_sample,2,702.539,
3434.7938,solve.va_sample,2,702.539,
3435.2940,solve.va_sample,2,702.539,
3435.7943,solve.va_sample,2,702.539,
3436.2945,solve.va_sample,2,702.539,
3436.7948,solve.va_sample,2,702.539,
3437.2950,solve.va_sample,2,702.539,
3437.7953,solve.va_sample,2,702.539,
3438.2955,solve.va_sample,2,702.539,
3438.7957,solve.va_sample,2,702.539,
3439.2960,solve.va_sample,2,702.539,
3439.7962,solve.va_sample,2,702.539,
3440.2965,solve.va_sample,2,702.539,
3440.7967,solve.va_sample,2,702.539,
3441.2969,solve.va_sample,2,702.539,
3441.7972,solve.va_sample,2,702.539,
3442.2974,solve.va_sample,2,702.539,
3442.7977,solve.va_sample,2,702.539,
3443.2979,solve.va_sample,2,702.539,
3443.7981,solve.va_sample,2,702.539,
3444.2984,solve.va_sample,2,702.539,
3444.7986,solve.va_sample,2,702.539,
3445.2989,solve.va_sample,2,702.539,
3445.7991,solve.va_sample,2,702.539,
3446.2993,solve.va_sample,2,702.539,
3446.7996,solve.va_sample,2,702.539,
3447.2998,solve.va_sample,2,702.539,
3447.8001,solve.va_sample,2,702.539,
3448.3003,solve.va_sample,2,702.539,
3448.8006,solve.va_sample,2,702.539,
3449.3008,solve.va_sample,2,702.539,
3449.8010,solve.va_sample,2,702.539,
3450.3013,solve.va_sample,2,702.539,
3450.8015,solve.va_sample,2,702.539,
3451.3018,solve.va_sample,2,702.539,
3451.8020,solve.va_sample,2,702.539,
3452.3023,solve.va_sample,2,702.539,
3452.8025,solve.va_sample,2,702.539,
3453.3028,solve.va_sample,2,702.539,
3453.8030,solve.va_sample,2,702.539,
3454.3033,solve.va_sample,2,702.539,
3454.8035,solve.va_sample,2,702.539,
3455.3038,solve.va_sample,2,702.539,
3455.8040,solve.va_sample,2,702.539,
3456.3043,solve.va_sample,2,702.539,
3456.8045,solve.va_sample,2,702.539,
3457.3047,solve.va_sample,2,702.539,
3457.8050,solve.va_sample,2,702.539,
3458.3052,solve.va_sample,2,702.539,
3458.8055,solve.va_sample,2,702.539,
3459.3057,solve.va_sample,2,702.539,
3459.8059,solve.va_sample,2,702.539,
3460.3062,solve.va_sample,2,702.539,
3460.8064,solve.va_sample,2,702.539,
3461.3067,solve.va_sample,2,702.539,
3461.8069,solve.va_sample,2,702.539,
3462.3072,solve.va_sample,2,702.539,
3462.8074,solve.va_sample,2,702.539,
3463.3076,solve.va_sample,2,702.539,
3463.8079,solve.va_sample,2,702.539,
3464.3081,solve.va_sample,2,702.539,
3464.8083,solve.va_sample,2,702.539,
3465.3086,solve.va_sample,2,702.539,
3465.8088,solve.va_sample,2,702.539,
3466.3091,solve.va_sample,2,702.539,
3466.8093,solve.va_sample,2,702.539,
3467.3095,solve.va_sample,2,702.539,
3467.8098,solve.va_sample,2,702.539,
3468.3100,solve.va_sample,2,702.539,
3468.8102,solve.va_sample,2,702.539,
3469.3105,solve.va_sample,2,702.539,
3469.8107,solve.va_sample,2,702.539,
3470.3109,solve.va_sample,2,702.539,
3470.8112,solve.va_sample,2,702.539,
3471.3114,solve.va_sample,2,702.539,
3471.8117,solve.va_sample,2,702.539,
3472.3119,solve.va_sample,2,702.539,
3472.8121,solve.va_sample,2,702.539,
3473.3124,solve.va_sample,2,702.539,
3473.8126,solve.va_sample,2,702.539,
3474.3128,solve.va_sample,2,702.539,
3474.8131,solve.va_sample,2,702.539,
3475.3133,solve.va_sample,2,702.539,
3475.8135,solve.va_sample,2,702.539,
3476.3138,solve.va_sample,2,702.539,
3476.8140,solve.va_sample,2,702.539,
3477.3142,solve.va_sample,2,702.539,
3477.8145,solve.va_sample,2,702.539,
3478.3147,solve.va_sample,2,702.539,
3478.8149,solve.va_sample,2,702.539,
3479.3152,solve.va_sample,2,702.539,
3479.8154,solve.va_sample,2,702.539,
3480.3157,solve.va_sample,2,702.539,
3480.8159,solve.va_sample,2,702.539,
3481.3161,solve.va_sample,2,702.539,
3481.8164,solve.va_sample,2,702.539,
3482.3166,solve.va_sample,2,702.539,
3482.8168,solve.va_sample,2,702.539,
3483.3171,solve.va_sample,2,702.539,
3483.8173,solve.va_sample,2,702.539,
3484.3175,solve.va_sample,2,702.539,
3484.8178,solve.va_sample,2,702.539,
3485.3180,solve.va_sample,2,702.539,
3485.8183,solve.va_sample,2,702.539,
3486.3185,solve.va_sample,2,702.539,
3486.8187,solve.va_sample,2,702.539,
3487.3189,solve.va_sample,2,702.539,
3487.8192,solve.va_sample,2,702.539,
3488.3194,solve.va_sample,2,702.539,
3488.8197,solve.va_sample,2,702.539,
3489.3199,solve.va_sample,2,702.539,
3489.8201,solve.va_sample,2,702.539,
3490.3204,solve.va_sample,2,702.539,
3490.8206,solve.va_sample,2,702.539,
3491.3209,solve.va_sample,2,702.539,
3491.8211,solve.va_sample,2,702.539,
3492.3213,solve.va_sample,2,702.539,
3492.8216,solve.va_sample,2,702.539,
3493.3218,solve.va_sample,2,702.539,
3493.8220,solve.va_sample,2,702.539,
3494.3223,solve.va_sample,2,702.539,
3494.8225,solve.va_sample,2,702.539,
3495.3227,solve.va_sample,2,702.539,
3495.8230,solve.va_sample,2,702.539,
3496.3232,solve.va_sample,2,702.539,
3496.8235,solve.va_sample,2,702.539,
3497.3237,solve.va_sample,2,702.539,
3497.8239,solve.va_sample,2,702.539,
3498.3241,solve.va_sample,2,702.539,
3498.8244,solve.va_sample,2,702.539,
3499.3246,solve.va_sample,2,702.539,
3499.8249,solve.va_sample,2,702.539,
3500.3251,solve.va_sample,2,702.539,
3500.8253,solve.va_sample,2,702.539,
3501.3256,solve.va_sample,2,702.539,
3501.8258,solve.va_sample,2,702.539,
3502.3260,solve.va_sample,2,702.539,
3502.8263,solve.va_sample,2,702.539,
3503.3265,solve.va_sample,2,702.539,
3503.8268,solve.va_sample,2,702.539,
3504.3270,solve.va_sample,2,702.539,
3504.8273,solve.va_sample,2,702.539,
3505.3275,solve.va_sample,2,702.539,
3505.8277,solve.va_sample,2,702.539,
3506.3280,solve.va_sample,2,702.539,
3506.8282,solve.va_sample,2,702.539,
3507.3284,solve.va_sample,2,702.539,
3507.8287,solve.va_sample,2,702.539,
3508.3289,solve.va_sample,2,702.539,
3508.8291,solve.va_sample,2,702.539,
3509.3294,solve.va_sample,2,702.539,
3509.8296,solve.va_sample,2,702.539,
3510.3298,solve.va_sample,2,702.539,
3510.8301,solve.va_sample,2,702.539,
3511.3303,solve.va_sample,2,702.539,
3511.8305,solve.va_sample,2,702.539,
3512.3308,solve.va_sample,2,702.539,
3512.8310,solve.va_sample,2,702.539,
3513.3312,solve.va_sample,2,702.539,
3513.8315,solve.va_sample,2,702.539,
3514.3317,solve.va_sample,2,702.539,
3514.8319,solve.va_sample,2,702.539,
3515.3322,solve.va_sample,2,702.539,
3515.8324,solve.va_sample,2,702.539,
3516.3326,solve.va_sample,2,702.539,
3516.8329,solve.va_sample,2,702.539,
3517.3331,solve.va_sample,2,702.539,
3517.8333,solve.va_sample,2,702.539,
3518.3336,solve.va_sample,2,702.539,
3518.8338,solve.va_sample,2,702.539,
3519.3340,solve.va_sample,2,702.539,
3519.8342,solve.va_sample,2,702.539,
3520.3345,solve.va_sample,2,702.539,
3520.8347,solve.va_sample,2,702.539,
3521.3349,solve.va_sample,2,702.539,
3521.8352,solve.va_sample,2,702.539,
3522.3354,solve.va_sample,2,702.539,
3522.8357,solve.va_sample,2,702.539,
3523.3359,solve.va_sample,2,702.539,
3523.8361,solve.va_sample,2,702.539,
3524.3363,solve.va_sample,2,702.539,
3524.8366,solve.va_sample,2,702.539,
3525.3368,solve.va_sample,2,702.539,
3525.8370,solve.va_sample,2,702.539,
3526.3373,solve.va_sample,2,702.539,
3526.8375,solve.va_sample,2,702.539,
3527.3377,solve.va_sample,2,702.539,
3527.8380,solve.va_sample,2,702.539,
3528.3382,solve.va_sample,2,702.539,
3528.8385,solve.va_sample,2,702.539,
3529.3387,solve.va_sample,2,702.539,
3529.8389,solve.va_sample,2,702.539,
3530.3392,solve.va_sample,2,702.539,
3530.8394,solve.va_sample,2,702.539,
3531.3396,solve.va_sample,2,702.539,
3531.8399,solve.va_sample,2,702.539,
3532.3401,solve.va_sample,2,702.539,
3532.8404,solve.va_sample,2,702.539,
3533.3406,solve.va_sample,2,702.539,
3533.8409,solve.va_sample,2,702.539,
3534.3411,solve.va_sample,2,702.539,
3534.8413,solve.va_sample,2,702.539,
3535.3416,solve.va_sample,2,702.539,
3535.8418,solve.va_sample,2,702.539,
3536.3420,solve.va_sample,2,702.539,
3536.8423,solve.va_sample,2,702.539,
3537.3425,solve.va_sample,2,702.539,
3537.8428,solve.va_sample,2,702.539,
3538.3430,solve.va_sample,2,702.539,
3538.8432,solve.va_sample,2,702.539,
3539.3435,solve.va_sample,2,702.539,
3539.8437,solve.va_sample,2,702.539,
3540.3440,solve.va_sample,2,702.539,
3540.8442,solve.va_sample,2,702.539,
3541.3445,solve.va_sample,2,702.539,
3541.8447,solve.va_sample,2,702.539,
3542.3449,solve.va_sample,2,702.539,
3542.8452,solve.va_sample,2,702.539,
3543.3454,solve.va_sample,2,702.539,
3543.8456,solve.va_sample,2,702.539,
3544.3459,solve.va_sample,2,702.539,
3544.8461,solve.va_sample,2,702.539,
3545.3463,solve.va_sample,2,702.539,
3545.8466,solve.va_sample,2,702.539,
3546.3468,solve.va_sample,2,702.539,
3546.8470,solve.va_sample,2,702.539,
3547.3473,solve.va_sample,2,702.539,
3547.8475,solve.va_sample,2,702.539,
3548.3478,solve.va_sample,2,702.539,
3548.8480,solve.va_sample,2,702.539,
3549.3482,solve.va_sample,2,702.539,
3549.8485,solve.va_sample,2,702.539,
3550.3487,solve.va_sample,2,702.539,
3550.8489,solve.va_sample,2,702.539,
3551.3492,solve.va_sample,2,702.539,
3551.8494,solve.va_sample,2,702.539,
3552.3496,solve.va_sample,2,702.539,
3552.8499,solve.va_sample,2,702.539,
3553.3501,solve.va_sample,2,702.539,
3553.8503,solve.va_sample,2,702.539,
3554.3506,solve.va_sample,2,702.539,
3554.8508,solve.va_sample,2,702.539,
3555.3511,solve.va_sample,2,702.539,
3555.8513,solve.va_sample,2,702.539,
3556.3516,solve.va_sample,2,702.539,
3556.8518,solve.va_sample,2,702.539,
3557.3520,solve.va_sample,2,702.539,
3557.8523,solve.va_sample,2,702.539,
3558.3525,solve.va_sample,2,702.539,
3558.8527,solve.va_sample,2,702.539,
3559.3530,solve.va_sample,2,702.539,
3559.8532,solve.va_sample,2,702.539,
3560.3534,solve.va_sample,2,702.539,
3560.8537,solve.va_sample,2,702.539,
3561.3539,solve.va_sample,2,702.539,
3561.8541,solve.va_sample,2,702.539,
3562.3543,solve.va_sample,2,702.539,
3562.8546,solve.va_sample,2,702.539,
3563.3548,solve.va_sample,2,702.539,
3563.8550,solve.va_sample,2,702.539,
3564.3553,solve.va_sample,2,702.539,
3564.8555,solve.va_sample,2,702.539,
3565.3557,solve.va_sample,2,702.539,
3565.8560,solve.va_sample,2,702.539,
3566.3562,solve.va_sample,2,702.539,
3566.8564,solve.va_sample,2,702.539,
3567.3567,solve.va_sample,2,702.539,
3567.8569,solve.va_sample,2,702.539,
3568.3571,solve.va_sample,2,702.539,
3568.8573,solve.va_sample,2,702.539,
3569.3576,solve.va_sample,2,702.539,
3569.8578,solve.va_sample,2,702.539,
3570.3580,solve.va_sample,2,702.539,
3570.8583,solve.va_sample,2,702.539,
3571.3585,solve.va_sample,2,702.539,
3571.8588,solve.va_sample,2,702.539,
3572.3590,solve.va_sample,2,702.539,
3572.8592,solve.va_sample,2,702.539,
3573.3595,solve.va_sample,2,702.539,
3573.8597,solve.va_sample,2,702.539,
3574.3600,solve.va_sample,2,702.539,
3574.8602,solve.va_sample,2,702.539,
3575.3604,solve.va_sample,2,702.539,
3575.8607,solve.va_sample,2,702.539,
3576.3609,solve.va_sample,2,702.539,
3576.8611,solve.va_sample,2,702.539,
3577.3614,solve.va_sample,2,702.539,
3577.8616,solve.va_sample,2,702.539,
3578.3618,solve.va_sample,2,702.539,
3578.8621,solve.va_sample,2,702.539,
3579.3623,solve.va_sample,2,702.539,
3579.8625,solve.va_sample,2,702.539,
3580.3628,solve.va_sample,2,702.539,
3580.8630,solve.va_sample,2,702.539,
3581.3633,solve.va_sample,2,702.539,
3581.8635,solve.va_sample,2,702.539,
3582.3637,solve.va_sample,2,702.539,
3582.8640,solve.va_sample,2,702.539,
3583.3642,solve.va_sample,2,702.539,
3583.8644,solve.va_sample,2,702.539,
3584.3647,solve.va_sample,2,702.539,
3584.8649,solve.va_sample,2,702.539,
3585.3651,solve.va_sample,2,702.539,
3585.8654,solve.va_sample,2,702.539,
3586.3656,solve.va_sample,2,702.539,
3586.8658,solve.va_sample,2,702.539,
3587.3660,solve.va_sample,2,702.539,
3587.8663,solve.va_sample,2,702.539,
3588.3665,solve.va_sample,2,702.539,
3588.8667,solve.va_sample,2,702.539,
3589.3670,solve.va_sample,2,702.539,
3589.8672,solve.va_sample,2,702.539,
3590.3675,solve.va_sample,2,702.539,
3590.8677,solve.va_sample,2,702.539,
3591.3679,solve.va_sample,2,702.539,
3591.8681,solve.va_sample,2,702.539,
3592.3684,solve.va_sample,2,702.539,
3592.8686,solve.va_sample,2,702.539,
3593.3689,solve.va_sample,2,702.539,
3593.8691,solve.va_sample,2,702.539,
3594.3693,solve.va_sample,2,702.539,
3594.8696,solve.va_sample,2,702.539,
3595.3698,solve.va_sample,2,702.539,
3595.8700,solve.va_sample,2,702.539,
3596.3703,solve.va_sample,2,702.539,
3596.8705,solve.va_sample,2,702.539,
3597.3708,solve.va_sample,2,702.539,
3597.8710,solve.va_sample,2,702.539,
3598.3712,solve.va_sample,2,702.539,
3598.8715,solve.va_sample,2,702.539,
3599.3717,solve.va_sample,2,702.539,
3599.8720,solve.va_sample,2,702.539,
3600.3722,solve.va_sample,2,702.539,
3600.8724,solve.va_sample,2,702.539,
3601.3727,solve.va_sample,2,702.539,
3601.8729,solve.va_sample,2,702.539,
3602.3731,solve.va_sample,2,702.539,
3602.8734,solve.va_sample,2,702.539,
3603.3736,solve.va_sample,2,702.539,
3603.8739,solve.va_sample,2,702.539,
3604.3741,solve.va_sample,2,702.539,
3604.8743,solve.va_sample,2,702.539,
3605.3746,solve.va_sample,2,702.539,
3605.8748,solve.va_sample,2,702.539,
3606.3750,solve.va_sample,2,702.539,
3606.8753,solve.va_sample,2,702.539,
3607.3756,solve.va_sample,2,702.539,
3607.8758,solve.va_sample,2,702.539,
3608.3760,solve.va_sample,2,702.539,
3608.8763,solve.va_sample,2,702.539,
3609.3765,solve.va_sample,2,702.539,
3609.8767,solve.va_sample,2,702.539,
3610.3770,solve.va_sample,2,702.539,
3610.8772,solve.va_sample,2,702.539,
3611.3774,solve.va_sample,2,702.539,
3611.8777,solve.va_sample,2,702.539,
3612.3779,solve.va_sample,2,702.539,
3612.8781,solve.va_sample,2,702.539,
3613.3784,solve.va_sample,2,702.539,
3613.8786,solve.va_sample,2,702.539,
3614.3788,solve.va_sample,2,702.539,
3614.8791,solve.va_sample,2,702.539,
3615.3793,solve.va_sample,2,702.539,
3615.8795,solve.va_sample,2,702.539,
3616.3798,solve.va_sample,2,702.539,
3616.8800,solve.va_sample,2,702.539,
3617.3802,solve.va_sample,2,702.539,
3617.8805,solve.va_sample,2,702.539,
3618.3807,solve.va_sample,2,702.539,
3618.8809,solve.va_sample,2,702.539,
3619.3812,solve.va_sample,2,702.539,
3619.8814,solve.va_sample,2,702.539,
3620.3816,solve.va_sample,2,702.539,
3620.8819,solve.va_sample,2,702.539,
3621.3821,solve.va_sample,2,702.539,
3621.8823,solve.va_sample,2,702.539,
3622.3826,solve.va_sample,2,702.539,
3622.8828,solve.va_sample,2,702.539,
3623.3830,solve.va_sample,2,702.539,
3623.8833,solve.va_sample,2,702.539,
3624.3835,solve.va_sample,2,702.539,
3624.8838,solve.va_sample,2,702.539,
3625.3840,solve.va_sample,2,702.539,
3625.8842,solve.va_sample,2,702.539,
3626.3845,solve.va_sample,2,702.539,
3626.8847,solve.va_sample,2,702.539,
3627.3849,solve.va_sample,2,702.539,
3627.8852,solve.va_sample,2,702.539,
3628.3854,solve.va_sample,2,702.539,
3628.8856,solve.va_sample,2,702.539,
3629.3858,solve.va_sample,2,702.539,
3629.8861,solve.va_sample,2,702.539,
3630.3863,solve.va_sample,2,702.539,
3630.8865,solve.va_sample,2,702.539,
3631.3868,solve.va_sample,2,702.539,
3631.8870,solve.va_sample,2,702.539,
3632.3872,solve.va_sample,2,702.539,
3632.8875,solve.va_sample,2,702.539,
3633.3877,solve.va_sample,2,702.539,
3633.8879,solve.va_sample,2,702.539,
3634.3882,solve.va_sample,2,702.539,
3634.8884,solve.va_sample,2,702.539,
3635.3886,solve.va_sample,2,702.539,
3635.8889,solve.va_sample,2,702.539,
3636.3891,solve.va_sample,2,702.539,
3636.8893,solve.va_sample,2,702.539,
3637.3895,solve.va_sample,2,702.539,
3637.8898,solve.va_sample,2,702.539,
3638.3900,solve.va_sample,2,702.539,
3638.8902,solve.va_sample,2,702.539,
3639.3905,solve.va_sample,2,702.539,
3639.8907,solve.va_sample,2,702.539,
3640.3909,solve.va_sample,2,702.539,
3640.8912,solve.va_sample,2,702.539,
3641.3914,solve.va_sample,2,702.539,
3641.8917,solve.va_sample,2,702.539,
3642.3919,solve.va_sample,2,702.539,
3642.8921,solve.va_sample,2,702.539,
3643.3923,solve.va_sample,2,702.539,
3643.8926,solve.va_sample,2,702.539,
3644.3928,solve.va_sample,2,702.539,
3644.8930,solve.va_sample,2,702.539,
3645.3933,solve.va_sample,2,702.539,
3645.8935,solve.va_sample,2,702.539,
3646.3937,solve.va_sample,2,702.539,
3646.8940,solve.va_sample,2,702.539,
3647.3942,solve.va_sample,2,702.539,
3647.8944,solve.va_sample,2,702.539,
3648.3946,solve.va_sample,2,702.539,
3648.8949,solve.va_sample,2,702.539,
3649.3951,solve.va_sample,2,702.539,
3649.8953,solve.va_sample,2,702.539,
3650.3956,solve.va_sample,2,702.539,
3650.8958,solve.va_sample,2,702.539,
3651.3960,solve.va_sample,2,702.539,
3651.8963,solve.va_sample,2,702.539,
3652.3965,solve.va_sample,2,702.539,
3652.8968,solve.va_sample,2,702.539,
3653.3970,solve.va_sample,2,702.539,
3653.8973,solve.va_sample,2,702.539,
3654.3975,solve.va_sample,2,702.539,
3654.8977,solve.va_sample,2,702.539,
3655.3980,solve.va_sample,2,702.539,
3655.8982,solve.va_sample,2,702.539,
3656.3984,solve.va_sample,2,702.539,
3656.8987,solve.va_sample,2,702.539,
3657.3989,solve.va_sample,2,702.539,
3657.8991,solve.va_sample,2,702.539,
3658.3994,solve.va_sample,2,702.539,
3658.8997,solve.va_sample,2,702.539,
3659.3999,solve.va_sample,2,702.539,
3659.9002,solve.va_sample,2,702.539,
3660.4004,solve.va_sample,2,702.539,
3660.9006,solve.va_sample,2,702.539,
3661.4009,solve.va_sample,2,702.539,
3661.9011,solve.va_sample,2,702.539,
3662.4013,solve.va_sample,2,702.539,
3662.9016,solve.va_sample,2,702.539,
3663.4018,solve.va_sample,2,702.539,
3663.9020,solve.va_sample,2,702.539,
3664.4023,solve.va_sample,2,702.539,
3664.9025,solve.va_sample,2,702.539,
3665.4027,solve.va_sample,2,702.539,
3665.9030,solve.va_sample,2,702.539,
3666.4032,solve.va_sample,2,702.539,
3666.9034,solve.va_sample,2,702.539,
3667.4037,solve.va_sample,2,702.539,
3667.9039,solve.va_sample,2,702.539,
3668.4042,solve.va_sample,2,702.539,
3668.9044,solve.va_sample,2,702.539,
3669.4046,solve.va_sample,2,702.539,
3669.9049,solve.va_sample,2,702.539,
3670.4051,solve.va_sample,2,702.539,
3670.9053,solve.va_sample,2,702.539,
3671.4056,solve.va_sample,2,702.539,
3671.9058,solve.va_sample,2,702.539,
3672.4060,solve.va_sample,2,702.539,
3672.9063,solve.va_sample,2,702.539,
3673.4065,solve.va_sample,2,702.539,
3673.9067,solve.va_sample,2,702.539,
3674.4070,solve.va_sample,2,702.539,
3674.9072,solve.va_sample,2,702.539,
3675.4074,solve.va_sample,2,702.539,
3675.9077,solve.va_sample,2,702.539,
3676.4079,solve.va_sample,2,702.539,
3676.9081,solve.va_sample,2,702.539,
3677.4084,solve.va_sample,2,702.539,
3677.9086,solve.va_sample,2,702.539,
3678.4089,solve.va_sample,2,702.539,
3678.9091,solve.va_sample,2,702.539,
3679.4093,solve.va_sample,2,702.539,
3679.9096,solve.va_sample,2,702.539,
3680.4098,solve.va_sample,2,702.539,
3680.9100,solve.va_sample,2,702.539,
3681.4103,solve.va_sample,2,702.539,
3681.9105,solve.va_sample,2,702.539,
3682.4107,solve.va_sample,2,702.539,
3682.9109,solve.va_sample,2,702.539,
3683.4112,solve.va_sample,2,702.539,
3683.9115,solve.va_sample,2,702.539,
3684.4118,solve.va_sample,2,702.797,
3684.9120,solve.va_sample,2,702.797,
3685.4123,solve.va_sample,2,702.797,
3685.9125,solve.va_sample,2,702.797,
3686.4127,solve.va_sample,2,702.797,
3686.9130,solve.va_sample,2,702.797,
3687.4132,solve.va_sample,2,702.797,
3687.9135,solve.va_sample,2,702.797,
3688.4137,solve.va_sample,2,702.797,
3688.9139,solve.va_sample,2,702.797,
3689.4142,solve.va_sample,2,702.797,
3689.9144,solve.va_sample,2,702.797,
3690.4147,solve.va_sample,2,702.797,
3690.9149,solve.va_sample,2,702.797,
3691.4151,solve.va_sample,2,702.797,
3691.9154,solve.va_sample,2,702.797,
3692.4156,solve.va_sample,2,702.797,
3692.9159,solve.va_sample,2,702.797,
3693.4161,solve.va_sample,2,702.797,
3693.9163,solve.va_sample,2,702.797,
3694.4165,solve.va_sample,2,702.797,
3694.9168,solve.va_sample,2,702.797,
3695.4170,solve.va_sample,2,702.797,
3695.9172,solve.va_sample,2,702.797,
3696.4175,solve.va_sample,2,702.797,
3696.9177,solve.va_sample,2,702.797,
3697.4179,solve.va_sample,2,702.797,
3697.9182,solve.va_sample,2,702.797,
3698.4184,solve.va_sample,2,702.797,
3698.9187,solve.va_sample,2,702.797,
3699.4189,solve.va_sample,2,702.797,
3699.9191,solve.va_sample,2,702.797,
3700.4193,solve.va_sample,2,702.797,
3700.9196,solve.va_sample,2,702.797,
3701.4198,solve.va_sample,2,702.797,
3701.9201,solve.va_sample,2,702.797,
3702.4203,solve.va_sample,2,702.797,
3702.9205,solve.va_sample,2,702.797,
3703.4208,solve.va_sample,2,702.797,
3703.9210,solve.va_sample,2,702.797,
3704.4213,solve.va_sample,2,702.797,
3704.9215,solve.va_sample,2,702.797,
3705.4217,solve.va_sample,2,702.797,
3705.9220,solve.va_sample,2,702.797,
3706.4222,solve.va_sample,2,702.797,
3706.9225,solve.va_sample,2,702.797,
3707.4227,solve.va_sample,2,702.797,
3707.9229,solve.va_sample,2,702.797,
3708.4232,solve.va_sample,2,702.797,
3708.9234,solve.va_sample,2,702.797,
3709.4236,solve.va_sample,2,702.797,
3709.9239,solve.va_sample,2,702.797,
3710.4241,solve.va_sample,2,702.797,
3710.9244,solve.va_sample,2,702.797,
3711.4247,solve.va_sample,2,702.797,
3711.9249,solve.va_sample,2,702.797,
3712.4251,solve.va_sample,2,702.797,
3712.9254,solve.va_sample,2,702.797,
3713.4257,solve.va_sample,2,702.797,
3713.9259,solve.va_sample,2,702.797,
3714.4262,solve.va_sample,2,702.797,
3714.9264,solve.va_sample,2,702.797,
3715.4267,solve.va_sample,2,702.797,
3715.9269,solve.va_sample,2,702.797,
3716.4271,solve.va_sample,2,702.797,
3716.9273,solve.va_sample,2,702.797,
3717.4276,solve.va_sample,2,702.797,
3717.9278,solve.va_sample,2,702.797,
3718.4281,solve.va_sample,2,702.797,
3718.9283,solve.va_sample,2,702.797,
3719.4285,solve.va_sample,2,702.797,
3719.9288,solve.va_sample,2,702.797,
3720.4290,solve.va_sample,2,702.797,
3720.9292,solve.va_sample,2,702.797,
3721.4295,solve.va_sample,2,702.797,
3721.9297,solve.va_sample,2,702.797,
3722.4299,solve.va_sample,2,702.797,
3722.9302,solve.va_sample,2,702.797,
3723.4304,solve.va_sample,2,702.797,
3723.9307,solve.va_sample,2,702.797,
3724.4309,solve.va_sample,2,702.797,
3724.9311,solve.va_sample,2,702.797,
3725.4314,solve.va_sample,2,702.797,
3725.9316,solve.va_sample,2,702.797,
3726.4318,solve.va_sample,2,702.797,
3726.9321,solve.va_sample,2,702.797,
3727.4323,solve.va_sample,2,702.797,
3727.9325,solve.va_sample,2,702.797,
3728.4328,solve.va_sample,2,702.797,
3728.9330,solve.va_sample,2,702.797,
3729.4333,solve.va_sample,2,702.797,
3729.9335,solve.va_sample,2,702.797,
3730.4337,solve.va_sample,2,702.797,
3730.9340,solve.va_sample,2,702.797,
3731.4342,solve.va_sample,2,702.797,
3731.9345,solve.va_sample,2,702.797,
3732.4347,solve.va_sample,2,702.797,
3732.9349,solve.va_sample,2,702.797,
3733.4351,solve.va_sample,2,702.797,
3733.9354,solve.va_sample,2,702.797,
3734.4356,solve.va_sample,2,702.797,
3734.9358,solve.va_sample,2,702.797,
3735.4361,solve.va_sample,2,702.797,
3735.9363,solve.va_sample,2,702.797,
3736.4365,solve.va_sample,2,702.797,
3736.9368,solve.va_sample,2,702.797,
3737.4370,solve.va_sample,2,702.797,
3737.9372,solve.va_sample,2,702.797,
3738.4374,solve.va_sample,2,702.797,
3738.9377,solve.va_sample,2,702.797,
3739.4379,solve.va_sample,2,702.797,
3739.9381,solve.va_sample,2,702.797,
3740.4384,solve.va_sample,2,702.797,
3740.9386,solve.va_sample,2,702.797,
3741.4388,solve.va_sample,2,702.797,
3741.9391,solve.va_sample,2,702.797,
3742.4393,solve.va_sample,2,702.797,
3742.9395,solve.va_sample,2,702.797,
3743.4398,solve.va_sample,2,702.797,
3743.9400,solve.va_sample,2,702.797,
3744.4402,solve.va_sample,2,702.797,
3744.9404,solve.va_sample,2,702.797,
3745.4407,solve.va_sample,2,702.797,
3745.9409,solve.va_sample,2,702.797,
3746.4411,solve.va_sample,2,702.797,
3746.9414,solve.va_sample,2,702.797,
3747.4416,solve.va_sample,2,702.797,
3747.9418,solve.va_sample,2,702.797,
3748.4421,solve.va_sample,2,702.797,
3748.9423,solve.va_sample,2,702.797,
3749.4425,solve.va_sample,2,702.797,
3749.9427,solve.va_sample,2,702.797,
3750.4430,solve.va_sample,2,702.797,
3750.9432,solve.va_sample,2,702.797,
3751.4434,solve.va_sample,2,702.797,
3751.9437,solve.va_sample,2,702.797,
3752.4439,solve.va_sample,2,702.797,
3752.9441,solve.va_sample,2,702.797,
3753.4443,solve.va_sample,2,702.797,
3753.9446,solve.va_sample,2,702.797,
3754.4448,solve.va_sample,2,702.797,
3754.9450,solve.va_sample,2,702.797,
3755.4453,solve.va_sample,2,702.797,
3755.9455,solve.va_sample,2,702.797,
3756.4457,solve.va_sample,2,702.797,
3756.9460,solve.va_sample,2,702.797,
3757.4462,solve.va_sample,2,702.797,
3757.9464,solve.va_sample,2,702.797,
3758.4467,solve.va_sample,2,702.797,
3758.9469,solve.va_sample,2,702.797,
3759.4471,solve.va_sample,2,702.797,
3759.9474,solve.va_sample,2,702.797,
3760.4476,solve.va_sample,2,702.797,
3760.9478,solve.va_sample,2,702.797,
3761.4481,solve.va_sample,2,702.797,
3761.9483,solve.va_sample,2,702.797,
3762.4486,solve.va_sample,2,702.797,
3762.9488,solve.va_sample,2,702.797,
3763.4490,solve.va_sample,2,702.797,
3763.9493,solve.va_sample,2,702.797,
3764.4495,solve.va_sample,2,702.797,
3764.9497,solve.va_sample,2,702.797,
3765.4500,solve.va_sample,2,702.797,
3765.9502,solve.va_sample,2,702.797,
3766.4505,solve.va_sample,2,702.797,
3766.9507,solve.va_sample,2,702.797,
3767.4509,solve.va_sample,2,702.797,
3767.9512,solve.va_sample,2,702.797,
3768.4514,solve.va_sample,2,702.797,
3768.9516,solve.va_sample,2,702.797,
3769.4519,solve.va_sample,2,702.797,
3769.9521,solve.va_sample,2,702.797,
3770.4523,solve.va_sample,2,702.797,
3770.9526,solve.va_sample,2,702.797,
3771.4528,solve.va_sample,2,702.797,
3771.9530,solve.va_sample,2,702.797,
3772.4533,solve.va_sample,2,702.797,
3772.9535,solve.va_sample,2,702.797,
3773.4538,solve.va_sample,2,702.797,
3773.9541,solve.va_sample,2,702.797,
3774.4543,solve.va_sample,2,702.797,
3774.9546,solve.va_sample,2,702.797,
3775.4549,solve.va_sample,2,702.797,
3775.9551,solve.va_sample,2,702.797,
3776.4553,solve.va_sample,2,702.797,
3776.9556,solve.va_sample,2,702.797,
3777.4558,solve.va_sample,2,702.797,
3777.9561,solve.va_sample,2,702.797,
3778.4563,solve.va_sample,2,702.797,
3778.9566,solve.va_sample,2,702.797,
3779.4568,solve.va_sample,2,702.797,
3779.9571,solve.va_sample,2,702.797,
3780.4573,solve.va_sample,2,702.797,
3780.9576,solve.va_sample,2,702.797,
3781.4578,solve.va_sample,2,702.797,
3781.9581,solve.va_sample,2,702.797,
3782.4583,solve.va_sample,2,702.797,
3782.9586,solve.va_sample,2,702.797,
3783.4588,solve.va_sample,2,702.797,
3783.9591,solve.va_sample,2,702.797,
3784.4593,solve.va_sample,2,702.797,
3784.9595,solve.va_sample,2,702.797,
3785.4598,solve.va_sample,2,702.797,
3785.9600,solve.va_sample,2,702.797,
3786.4603,solve.va_sample,2,702.797,
3786.9605,solve.va_sample,2,702.797,
3787.4607,solve.va_sample,2,702.797,
3787.9610,solve.va_sample,2,702.797,
3788.4613,solve.va_sample,2,702.797,
3788.9615,solve.va_sample,2,702.797,
3789.4617,solve.va_sample,2,702.797,
3789.9620,solve.va_sample,2,702.797,
3790.4622,solve.va_sample,2,702.797,
3790.9625,solve.va_sample,2,702.797,
3791.4627,solve.va_sample,2,702.797,
3791.9629,solve.va_sample,2,702.797,
3792.4632,solve.va_sample,2,702.797,
3792.9634,solve.va_sample,2,702.797,
3793.4637,solve.va_sample,2,702.797,
3793.9639,solve.va_sample,2,702.797,
3794.4641,solve.va_sample,2,702.797,
3794.9644,solve.va_sample,2,702.797,
3795.4646,solve.va_sample,2,702.797,
3795.9648,solve.va_sample,2,702.797,
3796.4651,solve.va_sample,2,702.797,
3796.9653,solve.va_sample,2,702.797,
3797.4655,solve.va_sample,2,702.797,
3797.9658,solve.va_sample,2,702.797,
3798.4660,solve.va_sample,2,702.797,
3798.9663,solve.va_sample,2,702.797,
3799.4665,solve.va_sample,2,702.797,
3799.9668,solve.va_sample,2,702.797,
3800.4670,solve.va_sample,2,702.797,
3800.9672,solve.va_sample,2,702.797,
3801.4675,solve.va_sample,2,702.797,
3801.9677,solve.va_sample,2,702.797,
3802.4680,solve.va_sample,2,702.797,
3802.9682,solve.va_sample,2,702.797,
3803.4685,solve.va_sample,2,702.797,
3803.9688,solve.va_sample,2,702.797,
3804.4690,solve.va_sample,2,702.797,
3804.9693,solve.va_sample,2,702.797,
3805.4696,solve.va_sample,2,702.797,
3805.9698,solve.va_sample,2,702.797,
3806.4700,solve.va_sample,2,702.797,
3806.9703,solve.va_sample,2,702.797,
3807.4706,solve.va_sample,2,702.797,
3807.9708,solve.va_sample,2,702.797,
3808.4710,solve.va_sample,2,702.797,
3808.9713,solve.va_sample,2,702.797,
3809.4715,solve.va_sample,2,702.797,
3809.9718,solve.va_sample,2,702.797,
3810.4720,solve.va_sample,2,702.797,
3810.9723,solve.va_sample,2,702.797,
3811.4725,solve.va_sample,2,702.797,
3811.9728,solve.va_sample,2,702.797,
3812.4730,solve.va_sample,2,702.797,
3812.9732,solve.va_sample,2,702.797,
3813.4735,solve.va_sample,2,702.797,
3813.9737,solve.va_sample,2,702.797,
3814.4740,solve.va_sample,2,702.797,
3814.9742,solve.va_sample,2,702.797,
3815.4744,solve.va_sample,2,702.797,
3815.9747,solve.va_sample,2,702.797,
3816.4749,solve.va_sample,2,702.797,
3816.9752,solve.va_sample,2,702.797,
3817.4754,solve.va_sample,2,702.797,
3817.9756,solve.va_sample,2,702.797,
3818.4759,solve.va_sample,2,702.797,
3818.9761,solve.va_sample,2,702.797,
3819.4763,solve.va_sample,2,702.797,
3819.9766,solve.va_sample,2,702.797,
3820.4768,solve.va_sample,2,702.797,
3820.9770,solve.va_sample,2,702.797,
3821.4773,solve.va_sample,2,702.797,
3821.9775,solve.va_sample,2,702.797,
3822.4777,solve.va_sample,2,702.797,
3822.9780,solve.va_sample,2,702.797,
3823.4782,solve.va_sample,2,702.797,
3823.9785,solve.va_sample,2,702.797,
3824.4787,solve.va_sample,2,702.797,
3824.9789,solve.va_sample,2,702.797,
3825.4792,solve.va_sample,2,702.797,
3825.9794,solve.va_sample,2,702.797,
3826.4796,solve.va_sample,2,702.797,
3826.9799,solve.va_sample,2,702.797,
3827.4801,solve.va_sample,2,702.797,
3827.9804,solve.va_sample,2,702.797,
3828.4806,solve.va_sample,2,702.797,
3828.9808,solve.va_sample,2,702.797,
3829.4811,solve.va_sample,2,702.797,
3829.9813,solve.va_sample,2,702.797,
3830.4816,solve.va_sample,2,702.797,
3830.9818,solve.va_sample,2,702.797,
3831.4821,solve.va_sample,2,702.797,
3831.9824,solve.va_sample,2,702.797,
3832.4826,solve.va_sample,2,702.797,
3832.9829,solve.va_sample,2,702.797,
3833.4832,solve.va_sample,2,702.797,
3833.9834,solve.va_sample,2,702.797,
3834.4837,solve.va_sample,2,702.797,
3834.9839,solve.va_sample,2,702.797,
3835.4842,solve.va_sample,2,702.797,
3835.9844,solve.va_sample,2,702.797,
3836.4847,solve.va_sample,2,702.797,
3836.9849,solve.va_sample,2,702.797,
3837.4851,solve.va_sample,2,702.797,
3837.9854,solve.va_sample,2,702.797,
3838.4856,solve.va_sample,2,702.797,
3838.9859,solve.va_sample,2,702.797,
3839.4862,solve.va_sample,2,702.797,
3839.9864,solve.va_sample,2,702.797,
3840.4867,solve.va_sample,2,702.797,
3840.9869,solve.va_sample,2,702.797,
3841.4872,solve.va_sample,2,702.797,
3841.9875,solve.va_sample,2,702.797,
3842.4877,solve.va_sample,2,702.797,
3842.9880,solve.va_sample,2,702.797,
3843.4882,solve.va_sample,2,702.797,
3843.9885,solve.va_sample,2,702.797,
3844.4887,solve.va_sample,2,702.797,
3844.9890,solve.va_sample,2,702.797,
3845.4892,solve.va_sample,2,702.797,
3845.9895,solve.va_sample,2,702.797,
3846.4897,solve.va_sample,2,702.797,
3846.9899,solve.va_sample,2,702.797,
3847.4902,solve.va_sample,2,702.797,
3847.9904,solve.va_sample,2,702.797,
3848.4907,solve.va_sample,2,702.797,
3848.9909,solve.va_sample,2,702.797,
3849.4912,solve.va_sample,2,702.797,
3849.9914,solve.va_sample,2,702.797,
3850.4916,solve.va_sample,2,702.797,
3850.9919,solve.va_sample,2,702.797,
3851.4921,solve.va_sample,2,702.797,
3851.9923,solve.va_sample,2,702.797,
3852.4926,solve.va_sample,2,702.797,
3852.9928,solve.va_sample,2,702.797,
3853.4931,solve.va_sample,2,702.797,
3853.9933,solve.va_sample,2,702.797,
3854.4935,solve.va_sample,2,702.797,
3854.9938,solve.va_sample,2,702.797,
3855.4940,solve.va_sample,2,702.797,
3855.9943,solve.va_sample,2,702.797,
3856.4945,solve.va_sample,2,702.797,
3856.9947,solve.va_sample,2,702.797,
3857.4950,solve.va_sample,2,702.797,
3857.9952,solve.va_sample,2,702.797,
3858.4954,solve.va_sample,2,702.797,
3858.9957,solve.va_sample,2,702.797,
3859.4959,solve.va_sample,2,702.797,
3859.9962,solve.va_sample,2,702.797,
3860.4964,solve.va_sample,2,702.797,
3860.9966,solve.va_sample,2,702.797,
3861.4969,solve.va_sample,2,702.797,
3861.9971,solve.va_sample,2,702.797,
3862.4973,solve.va_sample,2,702.797,
3862.9976,solve.va_sample,2,702.797,
3863.4978,solve.va_sample,2,702.797,
3863.9981,solve.va_sample,2,702.797,
3864.4984,solve.va_sample,2,702.797,
3864.9986,solve.va_sample,2,702.797,
3865.4989,solve.va_sample,2,702.797,
3865.9991,solve.va_sample,2,702.797,
3866.4994,solve.va_sample,2,702.797,
3866.9997,solve.va_sample,2,702.797,
3867.4999,solve.va_sample,2,702.797,
3868.0002,solve.va_sample,2,702.797,
3868.5004,solve.va_sample,2,702.797,
3869.0007,solve.va_sample,2,702.797,
3869.5009,solve.va_sample,2,702.797,
3870.0012,solve.va_sample,2,702.797,
3870.5015,solve.va_sample,2,702.797,
3871.0017,solve.va_sample,2,702.797,
3871.5020,solve.va_sample,2,702.797,
3872.0023,solve.va_sample,2,702.797,
3872.5026,solve.va_sample,2,702.797,
3873.0029,solve.va_sample,2,702.797,
3873.5032,solve.va_sample,2,702.797,
3874.0034,solve.va_sample,2,702.797,
3874.5037,solve.va_sample,2,702.797,
3875.0040,solve.va_sample,2,702.797,
3875.5043,solve.va_sample,2,702.797,
3876.0046,solve.va_sample,2,702.797,
3876.5048,solve.va_sample,2,702.797,
3877.0051,solve.va_sample,2,702.797,
3877.5053,solve.va_sample,2,702.797,
3878.0056,solve.va_sample,2,702.797,
3878.5058,solve.va_sample,2,702.797,
3879.0061,solve.va_sample,2,702.797,
3879.5063,solve.va_sample,2,702.797,
3880.0066,solve.va_sample,2,702.797,
3880.5068,solve.va_sample,2,702.797,
3881.0070,solve.va_sample,2,702.797,
3881.5073,solve.va_sample,2,702.797,
3882.0076,solve.va_sample,2,702.797,
3882.5078,solve.va_sample,2,702.797,
3883.0081,solve.va_sample,2,702.797,
3883.5083,solve.va_sample,2,702.797,
3884.0086,solve.va_sample,2,702.797,
3884.5088,solve.va_sample,2,702.797,
3885.0091,solve.va_sample,2,702.797,
3885.5093,solve.va_sample,2,702.797,
3886.0095,solve.va_sample,2,702.797,
3886.5098,solve.va_sample,2,702.797,
3887.0100,solve.va_sample,2,702.797,
3887.5103,solve.va_sample,2,702.797,
3888.0105,solve.va_sample,2,702.797,
3888.5107,solve.va_sample,2,702.797,
3889.0110,solve.va_sample,2,702.797,
3889.5112,solve.va_sample,2,702.797,
3890.0115,solve.va_sample,2,702.797,
3890.5117,solve.va_sample,2,702.797,
3891.0120,solve.va_sample,2,702.797,
3891.5122,solve.va_sample,2,702.797,
3892.0125,solve.va_sample,2,702.797,
3892.5127,solve.va_sample,2,702.797,
3893.0129,solve.va_sample,2,702.797,
3893.5132,solve.va_sample,2,702.797,
3894.0134,solve.va_sample,2,702.797,
3894.5137,solve.va_sample,2,702.797,
3895.0139,solve.va_sample,2,702.797,
3895.5142,solve.va_sample,2,702.797,
3896.0144,solve.va_sample,2,702.797,
3896.5146,solve.va_sample,2,702.797,
3897.0149,solve.va_sample,2,702.797,
3897.5151,solve.va_sample,2,702.797,
3898.0154,solve.va_sample,2,702.797,
3898.5156,solve.va_sample,2,702.797,
3899.0158,solve.va_sample,2,702.797,
3899.5161,solve.va_sample,2,702.797,
3900.0163,solve.va_sample,2,702.797,
3900.5165,solve.va_sample,2,702.797,
3901.0168,solve.va_sample,2,702.797,
3901.5170,solve.va_sample,2,702.797,
3902.0172,solve.va_sample,2,702.797,
3902.5175,solve.va_sample,2,702.797,
3903.0177,solve.va_sample,2,702.797,
3903.5179,solve.va_sample,2,702.797,
3904.0182,solve.va_sample,2,702.797,
3904.5184,solve.va_sample,2,702.797,
3905.0187,solve.va_sample,2,702.797,
3905.5189,solve.va_sample,2,702.797,
3906.0191,solve.va_sample,2,702.797,
3906.5193,solve.va_sample,2,702.797,
3907.0196,solve.va_sample,2,702.797,
3907.5198,solve.va_sample,2,702.797,
3908.0201,solve.va_sample,2,702.797,
3908.5203,solve.va_sample,2,702.797,
3909.0205,solve.va_sample,2,702.797,
3909.5208,solve.va_sample,2,702.797,
3910.0210,solve.va_sample,2,702.797,
3910.5212,solve.va_sample,2,702.797,
3911.0215,solve.va_sample,2,702.797,
3911.5217,solve.va_sample,2,702.797,
3912.0219,solve.va_sample,2,702.797,
3912.5222,solve.va_sample,2,702.797,
3913.0224,solve.va_sample,2,702.797,
3913.5226,solve.va_sample,2,702.797,
3914.0229,solve.va_sample,2,702.797,
3914.5231,solve.va_sample,2,702.797,
3915.0233,solve.va_sample,2,702.797,
3915.5236,solve.va_sample,2,702.797,
3916.0238,solve.va_sample,2,702.797,
3916.5241,solve.va_sample,2,702.797,
3917.0243,solve.va_sample,2,702.797,
3917.5245,solve.va_sample,2,702.797,
3918.0248,solve.va_sample,2,702.797,
3918.5251,solve.va_sample,2,702.797,
3919.0253,solve.va_sample,2,702.797,
3919.5255,solve.va_sample,2,702.797,
3920.0258,solve.va_sample,2,702.797,
3920.5260,solve.va_sample,2,702.797,
3921.0262,solve.va_sample,2,702.797,
3921.5264,solve.va_sample,2,702.797,
3922.0267,solve.va_sample,2,702.797,
3922.5269,solve.va_sample,2,702.797,
3923.0272,solve.va_sample,2,702.797,
3923.5274,solve.va_sample,2,702.797,
3924.0277,solve.va_sample,2,702.797,
3924.5280,solve.va_sample,2,702.797,
3925.0282,solve.va_sample,2,702.797,
3925.5285,solve.va_sample,2,702.797,
3926.0287,solve.va_sample,2,702.797,
3926.5289,solve.va_sample,2,702.797,
3927.0292,solve.va_sample,2,702.797,
3927.5294,solve.va_sample,2,702.797,
3928.0296,solve.va_sample,2,702.797,
3928.5299,solve.va_sample,2,702.797,
3929.0301,solve.va_sample,2,702.797,
3929.5303,solve.va_sample,2,702.797,
3930.0306,solve.va_sample,2,702.797,
3930.5308,solve.va_sample,2,702.797,
3931.0310,solve.va_sample,2,702.797,
3931.5313,solve.va_sample,2,702.797,
3932.0315,solve.va_sample,2,702.797,
3932.5318,solve.va_sample,2,702.797,
3933.0320,solve.va_sample,2,702.797,
3933.5323,solve.va_sample,2,702.797,
3934.0325,solve.va_sample,2,702.797,
3934.5327,solve.va_sample,2,702.797,
3935.0330,solve.va_sample,2,702.797,
3935.5332,solve.va_sample,2,702.797,
3936.0335,solve.va_sample,2,702.797,
3936.5337,solve.va_sample,2,702.797,
3937.0339,solve.va_sample,2,702.797,
3937.5342,solve.va_sample,2,702.797,
3938.0344,solve.va_sample,2,702.797,
3938.5346,solve.va_sample,2,702.797,
3939.0349,solve.va_sample,2,702.797,
3939.5351,solve.va_sample,2,702.797,
3940.0353,solve.va_sample,2,702.797,
3940.5356,solve.va_sample,2,702.797,
3941.0358,solve.va_sample,2,702.797,
3941.5361,solve.va_sample,2,702.797,
3942.0363,solve.va_sample,2,702.797,
3942.5365,solve.va_sample,2,702.797,
3943.0368,solve.va_sample,2,702.797,
3943.5370,solve.va_sample,2,702.797,
3944.0373,solve.va_sample,2,702.797,
3944.5375,solve.va_sample,2,702.797,
3945.0377,solve.va_sample,2,702.797,
3945.5380,solve.va_sample,2,702.797,
3946.0382,solve.va_sample,2,702.797,
3946.5384,solve.va_sample,2,702.797,
3947.0387,solve.va_sample,2,702.797,
3947.5389,solve.va_sample,2,702.797,
3948.0391,solve.va_sample,2,702.797,
3948.5394,solve.va_sample,2,702.797,
3949.0396,solve.va_sample,2,702.797,
3949.5399,solve.va_sample,2,702.797,
3950.0401,solve.va_sample,2,702.797,
3950.5403,solve.va_sample,2,702.797,
3951.0406,solve.va_sample,2,702.797,
3951.5408,solve.va_sample,2,702.797,
3952.0410,solve.va_sample,2,702.797,
3952.5413,solve.va_sample,2,702.797,
3953.0416,solve.va_sample,2,702.797,
3953.5418,solve.va_sample,2,702.797,
3954.0420,solve.va_sample,2,702.797,
3954.5423,solve.va_sample,2,702.797,
3955.0425,solve.va_sample,2,702.797,
3955.5428,solve.va_sample,2,702.797,
3956.0430,solve.va_sample,2,702.797,
3956.5433,solve.va_sample,2,702.797,
3957.0435,solve.va_sample,2,702.797,
3957.5437,solve.va_sample,2,702.797,
3958.0440,solve.va_sample,2,702.797,
3958.5442,solve.va_sample,2,702.797,
3959.0445,solve.va_sample,2,702.797,
3959.5447,solve.va_sample,2,702.797,
3960.0450,solve.va_sample,2,702.797,
3960.5452,solve.va_sample,2,702.797,
3961.0455,solve.va_sample,2,702.797,
3961.5457,solve.va_sample,2,702.797,
3962.0459,solve.va_sample,2,702.797,
3962.5462,solve.va_sample,2,702.797,
3963.0464,solve.va_sample,2,702.797,
3963.5467,solve.va_sample,2,702.797,
3964.0469,solve.va_sample,2,702.797,
3964.5472,solve.va_sample,2,702.797,
3965.0474,solve.va_sample,2,702.797,
3965.5476,solve.va_sample,2,702.797,
3966.0479,solve.va_sample,2,702.797,
3966.5481,solve.va_sample,2,702.797,
3967.0484,solve.va_sample,2,702.797,
3967.5486,solve.va_sample,2,702.797,
3968.0488,solve.va_sample,2,702.797,
3968.5490,solve.va_sample,2,702.797,
3969.0493,solve.va_sample,2,702.797,
3969.5495,solve.va_sample,2,702.797,
3970.0498,solve.va_sample,2,702.797,
3970.5500,solve.va_sample,2,702.797,
3971.0503,solve.va_sample,2,702.797,
3971.5506,solve.va_sample,2,702.797,
3972.0508,solve.va_sample,2,702.797,
3972.5510,solve.va_sample,2,702.797,
3973.0513,solve.va_sample,2,702.797,
3973.5515,solve.va_sample,2,702.797,
3974.0518,solve.va_sample,2,702.797,
3974.5520,solve.va_sample,2,702.797,
3975.0522,solve.va_sample,2,702.797,
3975.5525,solve.va_sample,2,702.797,
3976.0527,solve.va_sample,2,702.797,
3976.5530,solve.va_sample,2,702.797,
3977.0532,solve.va_sample,2,702.797,
3977.5535,solve.va_sample,2,702.797,
3978.0537,solve.va_sample,2,702.797,
3978.5539,solve.va_sample,2,702.797,
3979.0542,solve.va_sample,2,702.797,
3979.5545,solve.va_sample,2,702.797,
3980.0547,solve.va_sample,2,702.797,
3980.5550,solve.va_sample,2,702.797,
3981.0552,solve.va_sample,2,702.797,
3981.5554,solve.va_sample,2,702.797,
3982.0557,solve.va_sample,2,702.797,
3982.5559,solve.va_sample,2,702.797,
3983.0561,solve.va_sample,2,702.797,
3983.5563,solve.va_sample,2,702.797,
3984.0566,solve.va_sample,2,702.797,
3984.5568,solve.va_sample,2,702.797,
3985.0571,solve.va_sample,2,702.797,
3985.5573,solve.va_sample,2,702.797,
3986.0576,solve.va_sample,2,702.797,
3986.5578,solve.va_sample,2,702.797,
3987.0581,solve.va_sample,2,702.797,
3987.5583,solve.va_sample,2,702.797,
3988.0586,solve.va_sample,2,702.797,
3988.5588,solve.va_sample,2,702.797,
3989.0591,solve.va_sample,2,702.797,
3989.5593,solve.va_sample,2,702.797,
3990.0596,solve.va_sample,2,702.797,
3990.5598,solve.va_sample,2,702.797,
3991.0600,solve.va_sample,2,702.797,
3991.5603,solve.va_sample,2,702.797,
3992.0605,solve.va_sample,2,702.797,
3992.5608,solve.va_sample,2,702.797,
3993.0611,solve.va_sample,2,702.797,
3993.5613,solve.va_sample,2,702.797,
3994.0615,solve.va_sample,2,702.797,
3994.5618,solve.va_sample,2,702.797,
3995.0620,solve.va_sample,2,702.797,
3995.5623,solve.va_sample,2,702.797,
3996.0625,solve.va_sample,2,702.797,
3996.5628,solve.va_sample,2,702.797,
3997.0630,solve.va_sample,2,702.797,
3997.5632,solve.va_sample,2,702.797,
3998.0635,solve.va_sample,2,702.797,
3998.5637,solve.va_sample,2,702.797,
3999.0640,solve.va_sample,2,702.797,
3999.5642,solve.va_sample,2,702.797,
4000.0645,solve.va_sample,2,702.797,
4000.5647,solve.va_sample,2,702.797,
4001.0649,solve.va_sample,2,702.797,
4001.5652,solve.va_sample,2,702.797,
4002.0655,solve.va_sample,2,702.797,
4002.5658,solve.va_sample,2,702.797,
4003.0660,solve.va_sample,2,702.797,
4003.5663,solve.va_sample,2,702.797,
4004.0666,solve.va_sample,2,702.797,
4004.5669,solve.va_sample,2,702.797,
4005.0672,solve.va_sample,2,702.797,
4005.5674,solve.va_sample,2,702.797,
4006.0677,solve.va_sample,2,702.797,
4006.5679,solve.va_sample,2,702.797,
4007.0682,solve.va_sample,2,702.797,
4007.5684,solve.va_sample,2,702.797,
4008.0687,solve.va_sample,2,702.797,
4008.5689,solve.va_sample,2,702.797,
4009.0692,solve.va_sample,2,702.797,
4009.5694,solve.va_sample,2,702.797,
4010.0697,solve.va_sample,2,702.797,
4010.5699,solve.va_sample,2,702.797,
4011.0702,solve.va_sample,2,702.797,
4011.5704,solve.va_sample,2,702.797,
4012.0707,solve.va_sample,2,702.797,
4012.5710,solve.va_sample,2,702.797,
4013.0713,solve.va_sample,2,702.797,
4013.5715,solve.va_sample,2,702.797,
4014.0718,solve.va_sample,2,702.797,
4014.5720,solve.va_sample,2,702.797,
4015.0723,solve.va_sample,2,702.797,
4015.5725,solve.va_sample,2,702.797,
4016.0727,solve.va_sample,2,702.797,
4016.5730,solve.va_sample,2,702.797,
4017.0732,solve.va_sample,2,702.797,
4017.5735,solve.va_sample,2,702.797,
4018.0737,solve.va_sample,2,702.797,
4018.5740,solve.va_sample,2,702.797,
4019.0742,solve.va_sample,2,702.797,
4019.5745,solve.va_sample,2,702.797,
4020.0747,solve.va_sample,2,702.797,
4020.5750,solve.va_sample,2,702.797,
4021.0752,solve.va_sample,2,702.797,
4021.5754,solve.va_sample,2,702.797,
4022.0757,solve.va_sample,2,702.797,
4022.5760,solve.va_sample,2,702.797,
4023.0762,solve.va_sample,2,702.797,
4023.5765,solve.va_sample,2,702.797,
4024.0767,solve.va_sample,2,702.797,
4024.5770,solve.va_sample,2,702.797,
4025.0772,solve.va_sample,2,702.797,
4025.5775,solve.va_sample,2,702.797,
4026.0777,solve.va_sample,2,702.797,
4026.5779,solve.va_sample,2,702.797,
4027.0782,solve.va_sample,2,702.797,
4027.5785,solve.va_sample,2,703.055,
4028.0787,solve.va_sample,2,703.055,
4028.5789,solve.va_sample,2,703.055,
4029.0792,solve.va_sample,2,703.055,
4029.5794,solve.va_sample,2,703.055,
4030.0797,solve.va_sample,2,703.055,
4030.5799,solve.va_sample,2,703.055,
4031.0801,solve.va_sample,2,703.055,
4031.5804,solve.va_sample,2,703.055,
4032.0806,solve.va_sample,2,703.055,
4032.5809,solve.va_sample,2,703.055,
4033.0811,solve.va_sample,2,703.055,
4033.5813,solve.va_sample,2,703.055,
4034.0816,solve.va_sample,2,703.055,
4034.5818,solve.va_sample,2,703.055,
4035.0820,solve.va_sample,2,703.055,
4035.5823,solve.va_sample,2,703.055,
4036.0825,solve.va_sample,2,703.055,
4036.5828,solve.va_sample,2,703.055,
4037.0830,solve.va_sample,2,703.055,
4037.5832,solve.va_sample,2,703.055,
4038.0835,solve.va_sample,2,703.055,
4038.5837,solve.va_sample,2,703.055,
4039.0840,solve.va_sample,2,703.055,
4039.5842,solve.va_sample,2,703.055,
4040.0844,solve.va_sample,2,703.055,
4040.5847,solve.va_sample,2,703.055,
4041.0849,solve.va_sample,2,703.055,
4041.5852,solve.va_sample,2,703.055,
4042.0854,solve.va_sample,2,703.055,
4042.5856,solve.va_sample,2,703.055,
4043.0859,solve.va_sample,2,703.055,
4043.5861,solve.va_sample,2,703.055,
4044.0864,solve.va_sample,2,703.055,
4044.5867,solve.va_sample,2,703.055,
4045.0869,solve.va_sample,2,703.055,
4045.5872,solve.va_sample,2,703.055,
4046.0874,solve.va_sample,2,703.055,
4046.5877,solve.va_sample,2,703.055,
4047.0879,solve.va_sample,2,703.055,
4047.5882,solve.va_sample,2,703.055,
4048.0884,solve.va_sample,2,703.055,
4048.5887,solve.va_sample,2,703.055,
4049.0889,solve.va_sample,2,703.055,
4049.5891,solve.va_sample,2,703.055,
4050.0894,solve.va_sample,2,703.055,
4050.5896,solve.va_sample,2,703.055,
4051.0899,solve.va_sample,2,703.055,
4051.5901,solve.va_sample,2,703.055,
4052.0903,solve.va_sample,2,703.055,
4052.5906,solve.va_sample,2,703.055,
4053.0908,solve.va_sample,2,703.055,
4053.5911,solve.va_sample,2,703.055,
4054.0913,solve.va_sample,2,703.055,
4054.5916,solve.va_sample,2,703.055,
4055.0918,solve.va_sample,2,703.055,
4055.5920,solve.va_sample,2,703.055,
4056.0923,solve.va_sample,2,703.055,
4056.5925,solve.va_sample,2,703.055,
4057.0928,solve.va_sample,2,703.055,
4057.5930,solve.va_sample,2,703.055,
4058.0932,solve.va_sample,2,703.055,
4058.5935,solve.va_sample,2,703.055,
4059.0937,solve.va_sample,2,703.055,
4059.5939,solve.va_sample,2,703.055,
4060.0942,solve.va_sample,2,703.055,
4060.5944,solve.va_sample,2,703.055,
4061.0947,solve.va_sample,2,703.055,
4061.5949,solve.va_sample,2,703.055,
4062.0952,solve.va_sample,2,703.055,
4062.5954,solve.va_sample,2,703.055,
4063.0957,solve.va_sample,2,703.055,
4063.5959,solve.va_sample,2,703.055,
4064.0961,solve.va_sample,2,703.055,
4064.5964,solve.va_sample,2,703.055,
4065.0966,solve.va_sample,2,703.055,
4065.5969,solve.va_sample,2,703.055,
4066.0971,solve.va_sample,2,703.055,
4066.5973,solve.va_sample,2,703.055,
4067.0976,solve.va_sample,2,703.055,
4067.5978,solve.va_sample,2,703.055,
4068.0981,solve.va_sample,2,703.055,
4068.5983,solve.va_sample,2,703.055,
4069.0985,solve.va_sample,2,703.055,
4069.5988,solve.va_sample,2,703.055,
4070.0990,solve.va_sample,2,703.055,
4070.5993,solve.va_sample,2,703.055,
4071.0995,solve.va_sample,2,703.055,
4071.5998,solve.va_sample,2,703.055,
4072.1000,solve.va_sample,2,703.055,
4072.6002,solve.va_sample,2,703.055,
4073.1006,solve.va_sample,2,703.055,
4073.6008,solve.va_sample,2,703.055,
4074.1011,solve.va_sample,2,703.055,
4074.6014,solve.va_sample,2,703.055,
4075.1016,solve.va_sample,2,703.055,
4075.6019,solve.va_sample,2,703.055,
4076.1021,solve.va_sample,2,703.055,
4076.6024,solve.va_sample,2,703.055,
4077.1027,solve.va_sample,2,703.055,
4077.6029,solve.va_sample,2,703.055,
4078.1032,solve.va_sample,2,703.055,
4078.6034,solve.va_sample,2,703.055,
4079.1037,solve.va_sample,2,703.055,
4079.6039,solve.va_sample,2,703.055,
4080.1042,solve.va_sample,2,703.055,
4080.6045,solve.va_sample,2,703.055,
4081.1047,solve.va_sample,2,703.055,
4081.6049,solve.va_sample,2,703.055,
4082.1052,solve.va_sample,2,703.055,
4082.6054,solve.va_sample,2,703.055,
4083.1057,solve.va_sample,2,703.055,
4083.6059,solve.va_sample,2,703.055,
4084.1062,solve.va_sample,2,703.055,
4084.6064,solve.va_sample,2,703.055,
4085.1067,solve.va_sample,2,703.055,
4085.6069,solve.va_sample,2,703.055,
4086.1071,solve.va_sample,2,703.055,
4086.6074,solve.va_sample,2,703.055,
4087.1077,solve.va_sample,2,703.055,
4087.6079,solve.va_sample,2,703.055,
4088.1082,solve.va_sample,2,703.055,
4088.6085,solve.va_sample,2,703.055,
4089.1087,solve.va_sample,2,703.055,
4089.6089,solve.va_sample,2,703.055,
4090.1092,solve.va_sample,2,703.055,
4090.6094,solve.va_sample,2,703.055,
4091.1097,solve.va_sample,2,703.055,
4091.6099,solve.va_sample,2,703.055,
4092.1101,solve.va_sample,2,703.055,
4092.6104,solve.va_sample,2,703.055,
4093.1107,solve.va_sample,2,703.055,
4093.6109,solve.va_sample,2,703.055,
4094.1112,solve.va_sample,2,703.055,
4094.6114,solve.va_sample,2,703.055,
4095.1117,solve.va_sample,2,703.055,
4095.6120,solve.va_sample,2,703.055,
4096.1122,solve.va_sample,2,703.055,
4096.6125,solve.va_sample,2,703.055,
4097.1127,solve.va_sample,2,703.055,
4097.6130,solve.va_sample,2,703.055,
4098.1132,solve.va_sample,2,703.055,
4098.6135,solve.va_sample,2,703.055,
4099.1137,solve.va_sample,2,703.055,
4099.6140,solve.va_sample,2,703.055,
4100.1142,solve.va_sample,2,703.055,
4100.6144,solve.va_sample,2,703.055,
4101.1147,solve.va_sample,2,703.055,
4101.6149,solve.va_sample,2,703.055,
4102.1152,solve.va_sample,2,703.055,
4102.6154,solve.va_sample,2,703.055,
4103.1156,solve.va_sample,2,703.055,
4103.6159,solve.va_sample,2,703.055,
4104.1161,solve.va_sample,2,703.055,
4104.6163,solve.va_sample,2,703.055,
4105.1166,solve.va_sample,2,703.055,
4105.6168,solve.va_sample,2,703.055,
4106.1170,solve.va_sample,2,703.055,
4106.6173,solve.va_sample,2,703.055,
4107.1175,solve.va_sample,2,703.055,
4107.6177,solve.va_sample,2,703.055,
4108.1180,solve.va_sample,2,703.055,
4108.6182,solve.va_sample,2,703.055,
4109.1185,solve.va_sample,2,703.055,
4109.6187,solve.va_sample,2,703.055,
4110.1189,solve.va_sample,2,703.055,
4110.6192,solve.va_sample,2,703.055,
4111.1194,solve.va_sample,2,703.055,
4111.6197,solve.va_sample,2,703.055,
4112.1199,solve.va_sample,2,703.055,
4112.6201,solve.va_sample,2,703.055,
4113.1204,solve.va_sample,2,703.055,
4113.6206,solve.va_sample,2,703.055,
4114.1209,solve.va_sample,2,703.055,
4114.6211,solve.va_sample,2,703.055,
4115.1213,solve.va_sample,2,703.055,
4115.6216,solve.va_sample,2,703.055,
4116.1218,solve.va_sample,2,703.055,
4116.6221,solve.va_sample,2,703.055,
4117.1223,solve.va_sample,2,703.055,
4117.6226,solve.va_sample,2,703.055,
4118.1228,solve.va_sample,2,703.055,
4118.6230,solve.va_sample,2,703.055,
4119.1233,solve.va_sample,2,703.055,
4119.6235,solve.va_sample,2,703.055,
4120.1238,solve.va_sample,2,703.055,
4120.6240,solve.va_sample,2,703.055,
4121.1243,solve.va_sample,2,703.055,
4121.6245,solve.va_sample,2,703.055,
4122.1247,solve.va_sample,2,703.055,
4122.6250,solve.va_sample,2,703.055,
4123.1252,solve.va_sample,2,703.055,
4123.6255,solve.va_sample,2,703.055,
4124.1257,solve.va_sample,2,703.055,
4124.6259,solve.va_sample,2,703.055,
4125.1262,solve.va_sample,2,703.055,
4125.6264,solve.va_sample,2,703.055,
4126.1266,solve.va_sample,2,703.055,
4126.6269,solve.va_sample,2,703.055,
4127.1271,solve.va_sample,2,703.055,
4127.6274,solve.va_sample,2,703.055,
4128.1277,solve.va_sample,2,703.055,
4128.6279,solve.va_sample,2,703.055,
4129.1281,solve.va_sample,2,703.055,
4129.6284,solve.va_sample,2,703.055,
4130.1286,solve.va_sample,2,703.055,
4130.6289,solve.va_sample,2,703.055,
4131.1291,solve.va_sample,2,703.055,
4131.6294,solve.va_sample,2,703.055,
4132.1296,solve.va_sample,2,703.055,
4132.6299,solve.va_sample,2,703.055,
4133.1301,solve.va_sample,2,703.055,
4133.6304,solve.va_sample,2,703.055,
4134.1306,solve.va_sample,2,703.055,
4134.6309,solve.va_sample,2,703.055,
4135.1311,solve.va_sample,2,703.055,
4135.6313,solve.va_sample,2,703.055,
4136.1316,solve.va_sample,2,703.055,
4136.6318,solve.va_sample,2,703.055,
4137.1321,solve.va_sample,2,703.055,
4137.6323,solve.va_sample,2,703.055,
4138.1328,solve.va_sample,2,703.055,
4138.6331,solve.va_sample,2,703.055,
4139.1333,solve.va_sample,2,703.055,
4139.6335,solve.va_sample,2,703.055,
4140.1338,solve.va_sample,2,703.055,
4140.6340,solve.va_sample,2,703.055,
4141.1343,solve.va_sample,2,703.055,
4141.6345,solve.va_sample,2,703.055,
4142.1347,solve.va_sample,2,703.055,
4142.6350,solve.va_sample,2,703.055,
4143.1352,solve.va_sample,2,703.055,
4143.6355,solve.va_sample,2,703.055,
4144.1357,solve.va_sample,2,703.055,
4144.6359,solve.va_sample,2,703.055,
4145.1362,solve.va_sample,2,703.055,
4145.6364,solve.va_sample,2,703.055,
4146.1366,solve.va_sample,2,703.055,
4146.6369,solve.va_sample,2,703.055,
4147.1371,solve.va_sample,2,703.055,
4147.6374,solve.va_sample,2,703.055,
4148.1376,solve.va_sample,2,703.055,
4148.6379,solve.va_sample,2,703.055,
4149.1381,solve.va_sample,2,703.055,
4149.6383,solve.va_sample,2,703.055,
4150.1386,solve.va_sample,2,703.055,
4150.6388,solve.va_sample,2,703.055,
4151.1390,solve.va_sample,2,703.055,
4151.6393,solve.va_sample,2,703.055,
4152.1395,solve.va_sample,2,703.055,
4152.6397,solve.va_sample,2,703.055,
4153.1400,solve.va_sample,2,703.055,
4153.6402,solve.va_sample,2,703.055,
4154.1404,solve.va_sample,2,703.055,
4154.6407,solve.va_sample,2,703.055,
4155.1409,solve.va_sample,2,703.055,
4155.6412,solve.va_sample,2,703.055,
4156.1414,solve.va_sample,2,703.055,
4156.6417,solve.va_sample,2,703.055,
4157.1419,solve.va_sample,2,703.055,
4157.6422,solve.va_sample,2,703.055,
4158.1424,solve.va_sample,2,703.055,
4158.6426,solve.va_sample,2,703.055,
4159.1429,solve.va_sample,2,703.055,
4159.6431,solve.va_sample,2,703.055,
4160.1434,solve.va_sample,2,703.055,
4160.6436,solve.va_sample,2,703.055,
4161.1438,solve.va_sample,2,703.055,
4161.6441,solve.va_sample,2,703.055,
4162.1443,solve.va_sample,2,703.055,
4162.6445,solve.va_sample,2,703.055,
4163.1448,solve.va_sample,2,703.055,
4163.6450,solve.va_sample,2,703.055,
4164.1453,solve.va_sample,2,703.055,
4164.6455,solve.va_sample,2,703.055,
4165.1457,solve.va_sample,2,703.055,
4165.6460,solve.va_sample,2,703.055,
4166.1462,solve.va_sample,2,703.055,
4166.6464,solve.va_sample,2,703.055,
4167.1467,solve.va_sample,2,703.055,
4167.6469,solve.va_sample,2,703.055,
4168.1472,solve.va_sample,2,703.055,
4168.6474,solve.va_sample,2,703.055,
4169.1476,solve.va_sample,2,703.055,
4169.6479,solve.va_sample,2,703.055,
4170.1481,solve.va_sample,2,703.055,
4170.6484,solve.va_sample,2,703.055,
4171.1486,solve.va_sample,2,703.055,
4171.6488,solve.va_sample,2,703.055,
4172.1491,solve.va_sample,2,703.055,
4172.6493,solve.va_sample,2,703.055,
4173.1496,solve.va_sample,2,703.055,
4173.6498,solve.va_sample,2,703.055,
4174.1500,solve.va_sample,2,703.055,
4174.6503,solve.va_sample,2,703.055,
4175.1505,solve.va_sample,2,703.055,
4175.6508,solve.va_sample,2,703.055,
4176.1510,solve.va_sample,2,703.055,
4176.6513,solve.va_sample,2,703.055,
4177.1515,solve.va_sample,2,703.055,
4177.6517,solve.va_sample,2,703.055,
4178.1520,solve.va_sample,2,703.055,
4178.6523,solve.va_sample,2,703.055,
4179.1525,solve.va_sample,2,703.055,
4179.6528,solve.va_sample,2,703.055,
4180.1530,solve.va_sample,2,703.055,
4180.6533,solve.va_sample,2,703.055,
4181.1535,solve.va_sample,2,703.055,
4181.6538,solve.va_sample,2,703.055,
4182.1540,solve.va_sample,2,703.055,
4182.6543,solve.va_sample,2,703.055,
4183.1545,solve.va_sample,2,703.055,
4183.6547,solve.va_sample,2,703.055,
4184.1550,solve.va_sample,2,703.055,
4184.6552,solve.va_sample,2,703.055,
4185.1554,solve.va_sample,2,703.055,
4185.6557,solve.va_sample,2,703.055,
4186.1559,solve.va_sample,2,703.055,
4186.6561,solve.va_sample,2,703.055,
4187.1564,solve.va_sample,2,703.055,
4187.6566,solve.va_sample,2,703.055,
4188.1568,solve.va_sample,2,703.055,
4188.6571,solve.va_sample,2,703.055,
4189.1573,solve.va_sample,2,703.055,
4189.6576,solve.va_sample,2,703.055,
4190.1578,solve.va_sample,2,703.055,
4190.6581,solve.va_sample,2,703.055,
4191.1583,solve.va_sample,2,703.055,
4191.6586,solve.va_sample,2,703.055,
4192.1588,solve.va_sample,2,703.055,
4192.6591,solve.va_sample,2,703.055,
4193.1593,solve.va_sample,2,703.055,
4193.6596,solve.va_sample,2,703.055,
4194.1598,solve.va_sample,2,703.055,
4194.6600,solve.va_sample,2,703.055,
4195.1603,solve.va_sample,2,703.055,
4195.6605,solve.va_sample,2,703.055,
4196.1608,solve.va_sample,2,703.055,
4196.6610,solve.va_sample,2,703.055,
4197.1613,solve.va_sample,2,703.055,
4197.6615,solve.va_sample,2,703.055,
4198.1617,solve.va_sample,2,703.055,
4198.6620,solve.va_sample,2,703.055,
4199.1622,solve.va_sample,2,703.055,
4199.6624,solve.va_sample,2,703.055,
4200.1627,solve.va_sample,2,703.055,
4200.6629,solve.va_sample,2,703.055,
4201.1631,solve.va_sample,2,703.055,
4201.6634,solve.va_sample,2,703.055,
4202.1636,solve.va_sample,2,703.055,
4202.6638,solve.va_sample,2,703.055,
4203.1640,solve.va_sample,2,703.055,
4203.6643,solve.va_sample,2,703.055,
4204.1645,solve.va_sample,2,703.055,
4204.6647,solve.va_sample,2,703.055,
4205.1650,solve.va_sample,2,703.055,
4205.6652,solve.va_sample,2,703.055,
4206.1655,solve.va_sample,2,703.055,
4206.6657,solve.va_sample,2,703.055,
4207.1659,solve.va_sample,2,703.055,
4207.6662,solve.va_sample,2,703.055,
4208.1664,solve.va_sample,2,703.055,
4208.6666,solve.va_sample,2,703.055,
4209.1669,solve.va_sample,2,703.055,
4209.6671,solve.va_sample,2,703.055,
4210.1673,solve.va_sample,2,703.055,
4210.6676,solve.va_sample,2,703.055,
4211.1678,solve.va_sample,2,703.055,
4211.6680,solve.va_sample,2,703.055,
4212.1683,solve.va_sample,2,703.055,
4212.6685,solve.va_sample,2,703.055,
4213.1688,solve.va_sample,2,703.055,
4213.6690,solve.va_sample,2,703.055,
4214.1693,solve.va_sample,2,703.055,
4214.6695,solve.va_sample,2,703.055,
4215.1697,solve.va_sample,2,703.055,
4215.6700,solve.va_sample,2,703.055,
4216.1702,solve.va_sample,2,703.055,
4216.6705,solve.va_sample,2,703.055,
4217.1707,solve.va_sample,2,703.055,
4217.6709,solve.va_sample,2,703.055,
4218.1711,solve.va_sample,2,703.055,
4218.6714,solve.va_sample,2,703.055,
4219.1716,solve.va_sample,2,703.055,
4219.6718,solve.va_sample,2,703.055,
4220.1721,solve.va_sample,2,703.055,
4220.6723,solve.va_sample,2,703.055,
4221.1726,solve.va_sample,2,703.055,
4221.6728,solve.va_sample,2,703.055,
4222.1730,solve.va_sample,2,703.055,
4222.6733,solve.va_sample,2,703.055,
4223.1735,solve.va_sample,2,703.055,
4223.6738,solve.va_sample,2,703.055,
4224.1742,solve.va_sample,2,703.055,
4224.6744,solve.va_sample,2,703.055,
4225.1747,solve.va_sample,2,703.055,
4225.6749,solve.va_sample,2,703.055,
4226.1752,solve.va_sample,2,703.055,
4226.6754,solve.va_sample,2,703.055,
4227.1757,solve.va_sample,2,703.055,
4227.6759,solve.va_sample,2,703.055,
4228.1761,solve.va_sample,2,703.055,
4228.6764,solve.va_sample,2,703.055,
4229.1766,solve.va_sample,2,703.055,
4229.6769,solve.va_sample,2,703.055,
4230.1771,solve.va_sample,2,703.055,
4230.6774,solve.va_sample,2,703.055,
4231.1776,solve.va_sample,2,703.055,
4231.6779,solve.va_sample,2,703.055,
4232.1781,solve.va_sample,2,703.055,
4232.6783,solve.va_sample,2,703.055,
4233.1786,solve.va_sample,2,703.055,
4233.6788,solve.va_sample,2,703.055,
4234.1790,solve.va_sample,2,703.055,
4234.6793,solve.va_sample,2,703.055,
4235.1795,solve.va_sample,2,703.055,
4235.6798,solve.va_sample,2,703.055,
4236.1800,solve.va_sample,2,703.055,
4236.6802,solve.va_sample,2,703.055,
4237.1805,solve.va_sample,2,703.055,
4237.6807,solve.va_sample,2,703.055,
4238.1810,solve.va_sample,2,703.055,
4238.6812,solve.va_sample,2,703.055,
4239.1815,solve.va_sample,2,703.055,
4239.6817,solve.va_sample,2,703.055,
4240.1819,solve.va_sample,2,703.055,
4240.6822,solve.va_sample,2,703.055,
4241.1824,solve.va_sample,2,703.055,
4241.6826,solve.va_sample,2,703.055,
4242.1829,solve.va_sample,2,703.055,
4242.6831,solve.va_sample,2,703.055,
4243.1834,solve.va_sample,2,703.055,
4243.6836,solve.va_sample,2,703.055,
4244.1838,solve.va_sample,2,703.055,
4244.6841,solve.va_sample,2,703.055,
4245.1843,solve.va_sample,2,703.055,
4245.6846,solve.va_sample,2,703.055,
4246.1848,solve.va_sample,2,703.055,
4246.6850,solve.va_sample,2,703.055,
4247.1853,solve.va_sample,2,703.055,
4247.6855,solve.va_sample,2,703.055,
4248.1857,solve.va_sample,2,703.055,
4248.6860,solve.va_sample,2,703.055,
4249.1862,solve.va_sample,2,703.055,
4249.6865,solve.va_sample,2,703.055,
4250.1867,solve.va_sample,2,703.055,
4250.6869,solve.va_sample,2,703.055,
4251.1872,solve.va_sample,2,703.055,
4251.6874,solve.va_sample,2,703.055,
4252.1877,solve.va_sample,2,703.055,
4252.6879,solve.va_sample,2,703.055,
4253.1882,solve.va_sample,2,703.055,
4253.6885,solve.va_sample,2,703.055,
4254.1887,solve.va_sample,2,703.055,
4254.6890,solve.va_sample,2,703.055,
4255.1893,solve.va_sample,2,703.055,
4255.6895,solve.va_sample,2,703.055,
4256.1897,solve.va_sample,2,703.055,
4256.6900,solve.va_sample,2,703.055,
4257.1902,solve.va_sample,2,703.055,
4257.6905,solve.va_sample,2,703.055,
4258.1907,solve.va_sample,2,703.055,
4258.6910,solve.va_sample,2,703.055,
4259.1912,solve.va_sample,2,703.055,
4259.6915,solve.va_sample,2,703.055,
4260.1917,solve.va_sample,2,703.055,
4260.6920,solve.va_sample,2,703.055,
4261.1922,solve.va_sample,2,703.055,
4261.6925,solve.va_sample,2,703.055,
4262.1927,solve.va_sample,2,703.055,
4262.6930,solve.va_sample,2,703.055,
4263.1932,solve.va_sample,2,703.055,
4263.6935,solve.va_sample,2,703.055,
4264.1937,solve.va_sample,2,703.055,
4264.6939,solve.va_sample,2,703.055,
4265.1942,solve.va_sample,2,703.055,
4265.6944,solve.va_sample,2,703.055,
4266.1947,solve.va_sample,2,703.055,
4266.6949,solve.va_sample,2,703.055,
4267.1952,solve.va_sample,2,703.055,
4267.6954,solve.va_sample,2,703.055,
4268.1956,solve.va_sample,2,703.055,
4268.6959,solve.va_sample,2,703.055,
4269.1961,solve.va_sample,2,703.055,
4269.6964,solve.va_sample,2,703.055,
4270.1966,solve.va_sample,2,703.055,
4270.6968,solve.va_sample,2,703.055,
4271.1971,solve.va_sample,2,703.055,
4271.6973,solve.va_sample,2,703.055,
4272.1975,solve.va_sample,2,703.055,
4272.6978,solve.va_sample,2,703.055,
4273.1980,solve.va_sample,2,703.055,
4273.6982,solve.va_sample,2,703.055,
4274.1985,solve.va_sample,2,703.055,
4274.6987,solve.va_sample,2,703.055,
4275.1989,solve.va_sample,2,703.055,
4275.6992,solve.va_sample,2,703.055,
4276.1994,solve.va_sample,2,703.055,
4276.6996,solve.va_sample,2,703.055,
4277.1998,solve.va_sample,2,703.055,
4277.7001,solve.va_sample,2,703.055,
4278.2003,solve.va_sample,2,703.055,
4278.7006,solve.va_sample,2,703.055,
4279.2008,solve.va_sample,2,703.055,
4279.7010,solve.va_sample,2,703.055,
4280.2013,solve.va_sample,2,703.055,
4280.7015,solve.va_sample,2,703.055,
4281.2017,solve.va_sample,2,703.055,
4281.7020,solve.va_sample,2,703.055,
4282.2022,solve.va_sample,2,703.055,
4282.7025,solve.va_sample,2,703.055,
4283.2027,solve.va_sample,2,703.055,
4283.7030,solve.va_sample,2,703.055,
4284.2032,solve.va_sample,2,703.055,
4284.7035,solve.va_sample,2,703.055,
4285.2037,solve.va_sample,2,703.055,
4285.7039,solve.va_sample,2,703.055,
4286.2042,solve.va_sample,2,703.055,
4286.7044,solve.va_sample,2,703.055,
4287.2047,solve.va_sample,2,703.055,
4287.7049,solve.va_sample,2,703.055,
4288.2051,solve.va_sample,2,703.055,
4288.7053,solve.va_sample,2,703.055,
4289.2056,solve.va_sample,2,703.055,
4289.7058,solve.va_sample,2,703.055,
4290.2060,solve.va_sample,2,703.055,
4290.7063,solve.va_sample,2,703.055,
4291.2065,solve.va_sample,2,703.055,
4291.7068,solve.va_sample,2,703.055,
4292.2070,solve.va_sample,2,703.055,
4292.7072,solve.va_sample,2,703.055,
4293.2075,solve.va_sample,2,703.055,
4293.7077,solve.va_sample,2,703.055,
4294.2079,solve.va_sample,2,703.055,
4294.7082,solve.va_sample,2,703.055,
4295.2084,solve.va_sample,2,703.055,
4295.7086,solve.va_sample,2,703.055,
4296.2089,solve.va_sample,2,703.055,
4296.7091,solve.va_sample,2,703.055,
4297.2094,solve.va_sample,2,703.055,
4297.7096,solve.va_sample,2,703.055,
4298.2098,solve.va_sample,2,703.055,
4298.7101,solve.va_sample,2,703.055,
4299.2103,solve.va_sample,2,703.055,
4299.7105,solve.va_sample,2,703.055,
4300.2108,solve.va_sample,2,703.055,
4300.7110,solve.va_sample,2,703.055,
4301.2113,solve.va_sample,2,703.055,
4301.7115,solve.va_sample,2,703.055,
4302.2117,solve.va_sample,2,703.055,
4302.7119,solve.va_sample,2,703.055,
4303.2122,solve.va_sample,2,703.055,
4303.7124,solve.va_sample,2,703.055,
4304.2126,solve.va_sample,2,703.055,
4304.7129,solve.va_sample,2,703.055,
4305.2131,solve.va_sample,2,703.055,
4305.7133,solve.va_sample,2,703.055,
4306.2136,solve.va_sample,2,703.055,
4306.7138,solve.va_sample,2,703.055,
4307.2140,solve.va_sample,2,703.055,
4307.7143,solve.va_sample,2,703.055,
4308.2145,solve.va_sample,2,703.055,
4308.7147,solve.va_sample,2,703.055,
4309.2150,solve.va_sample,2,703.055,
4309.7152,solve.va_sample,2,703.055,
4310.2155,solve.va_sample,2,703.055,
4310.7157,solve.va_sample,2,703.055,
4311.2159,solve.va_sample,2,703.055,
4311.7162,solve.va_sample,2,703.055,
4312.2164,solve.va_sample,2,703.055,
4312.7166,solve.va_sample,2,703.055,
4313.2169,solve.va_sample,2,703.055,
4313.7172,solve.va_sample,2,703.055,
4314.2174,solve.va_sample,2,703.055,
4314.7177,solve.va_sample,2,703.055,
4315.2179,solve.va_sample,2,703.055,
4315.7182,solve.va_sample,2,703.055,
4316.2184,solve.va_sample,2,703.055,
4316.7186,solve.va_sample,2,703.055,
4317.2189,solve.va_sample,2,703.055,
4317.7191,solve.va_sample,2,703.055,
4318.2194,solve.va_sample,2,703.055,
4318.7196,solve.va_sample,2,703.055,
4319.2198,solve.va_sample,2,703.055,
4319.7201,solve.va_sample,2,703.055,
4320.2203,solve.va_sample,2,703.055,
4320.7205,solve.va_sample,2,703.055,
4321.2208,solve.va_sample,2,703.055,
4321.7210,solve.va_sample,2,703.055,
4322.2213,solve.va_sample,2,703.055,
4322.7215,solve.va_sample,2,703.055,
4323.2218,solve.va_sample,2,703.055,
4323.7220,solve.va_sample,2,703.055,
4324.2222,solve.va_sample,2,703.055,
4324.7225,solve.va_sample,2,703.055,
4325.2227,solve.va_sample,2,703.055,
4325.7229,solve.va_sample,2,703.055,
4326.2232,solve.va_sample,2,703.055,
4326.7234,solve.va_sample,2,703.055,
4327.2237,solve.va_sample,2,703.055,
4327.7239,solve.va_sample,2,703.055,
4328.2241,solve.va_sample,2,703.055,
4328.7244,solve.va_sample,2,703.055,
4329.2246,solve.va_sample,2,703.055,
4329.7249,solve.va_sample,2,703.055,
4330.2251,solve.va_sample,2,703.055,
4330.7253,solve.va_sample,2,703.055,
4331.2256,solve.va_sample,2,703.055,
4331.7258,solve.va_sample,2,703.055,
4332.2261,solve.va_sample,2,703.055,
4332.7263,solve.va_sample,2,703.055,
4333.2266,solve.va_sample,2,703.055,
4333.7268,solve.va_sample,2,703.055,
4334.2270,solve.va_sample,2,703.055,
4334.7273,solve.va_sample,2,703.055,
4335.2276,solve.va_sample,2,703.055,
4335.7278,solve.va_sample,2,703.055,
4336.2280,solve.va_sample,2,703.055,
4336.7283,solve.va_sample,2,703.055,
4337.2285,solve.va_sample,2,703.055,
4337.7288,solve.va_sample,2,703.055,
4338.2290,solve.va_sample,2,703.055,
4338.7293,solve.va_sample,2,703.055,
4339.2295,solve.va_sample,2,703.055,
4339.7297,solve.va_sample,2,703.055,
4340.2300,solve.va_sample,2,703.055,
4340.7302,solve.va_sample,2,703.055,
4341.2304,solve.va_sample,2,703.055,
4341.7307,solve.va_sample,2,703.055,
4342.2309,solve.va_sample,2,703.055,
4342.7312,solve.va_sample,2,703.055,
4343.2314,solve.va_sample,2,703.055,
4343.7317,solve.va_sample,2,703.055,
4344.2319,solve.va_sample,2,703.055,
4344.7321,solve.va_sample,2,703.055,
4345.2324,solve.va_sample,2,703.055,
4345.7326,solve.va_sample,2,703.055,
4346.2329,solve.va_sample,2,703.055,
4346.7331,solve.va_sample,2,703.055,
4347.2333,solve.va_sample,2,703.055,
4347.7336,solve.va_sample,2,703.055,
4348.2338,solve.va_sample,2,703.055,
4348.7341,solve.va_sample,2,703.055,
4349.2343,solve.va_sample,2,703.055,
4349.7345,solve.va_sample,2,703.055,
4350.2348,solve.va_sample,2,703.055,
4350.7350,solve.va_sample,2,703.055,
4351.2353,solve.va_sample,2,703.055,
4351.7355,solve.va_sample,2,703.055,
4352.2358,solve.va_sample,2,703.055,
4352.7360,solve.va_sample,2,703.055,
4353.2362,solve.va_sample,2,703.055,
4353.7365,solve.va_sample,2,703.055,
4354.2367,solve.va_sample,2,703.055,
4354.7369,solve.va_sample,2,703.055,
4355.2372,solve.va_sample,2,703.055,
4355.7374,solve.va_sample,2,703.055,
4356.2377,solve.va_sample,2,703.055,
4356.7379,solve.va_sample,2,703.055,
4357.2381,solve.va_sample,2,703.055,
4357.7383,solve.va_sample,2,703.055,
4358.2386,solve.va_sample,2,703.055,
4358.7388,solve.va_sample,2,703.055,
4359.2391,solve.va_sample,2,703.055,
4359.7393,solve.va_sample,2,703.055,
4360.2395,solve.va_sample,2,703.055,
4360.7398,solve.va_sample,2,703.055,
4361.2400,solve.va_sample,2,703.055,
4361.7402,solve.va_sample,2,703.055,
4362.2405,solve.va_sample,2,703.055,
4362.7407,solve.va_sample,2,703.055,
4363.2409,solve.va_sample,2,703.055,
4363.7412,solve.va_sample,2,703.055,
4364.2414,solve.va_sample,2,703.055,
4364.7416,solve.va_sample,2,703.055,
4365.2419,solve.va_sample,2,703.055,
4365.7421,solve.va_sample,2,703.055,
4366.2423,solve.va_sample,2,703.055,
4366.7426,solve.va_sample,2,703.055,
4367.2428,solve.va_sample,2,703.055,
4367.7431,solve.va_sample,2,703.055,
4368.2433,solve.va_sample,2,703.055,
4368.7436,solve.va_sample,2,703.055,
4369.2438,solve.va_sample,2,703.055,
4369.7440,solve.va_sample,2,703.055,
4370.2443,solve.va_sample,2,703.055,
4370.7445,solve.va_sample,2,703.055,
4371.2447,solve.va_sample,2,703.055,
4371.7449,solve.va_sample,2,703.055,
4372.2452,solve.va_sample,2,703.055,
4372.7454,solve.va_sample,2,703.055,
4373.2457,solve.va_sample,2,703.055,
4373.7459,solve.va_sample,2,703.055,
4374.2462,solve.va_sample,2,703.055,
4374.7464,solve.va_sample,2,703.055,
4375.2467,solve.va_sample,2,703.055,
4375.7469,solve.va_sample,2,703.055,
4376.2472,solve.va_sample,2,703.055,
4376.7475,solve.va_sample,2,703.312,
4377.2477,solve.va_sample,2,703.312,
4377.7479,solve.va_sample,2,703.312,
4378.2482,solve.va_sample,2,703.312,
4378.7484,solve.va_sample,2,703.312,
4379.2487,solve.va_sample,2,703.312,
4379.7489,solve.va_sample,2,703.312,
4380.2491,solve.va_sample,2,703.312,
4380.7494,solve.va_sample,2,703.312,
4381.2496,solve.va_sample,2,703.312,
4381.7498,solve.va_sample,2,703.312,
4382.2501,solve.va_sample,2,703.312,
4382.7503,solve.va_sample,2,703.312,
4383.2506,solve.va_sample,2,703.312,
4383.7508,solve.va_sample,2,703.312,
4384.2510,solve.va_sample,2,703.312,
4384.7513,solve.va_sample,2,703.312,
4385.2515,solve.va_sample,2,703.312,
4385.7518,solve.va_sample,2,703.312,
4386.2520,solve.va_sample,2,703.312,
4386.7523,solve.va_sample,2,703.312,
4387.2525,solve.va_sample,2,703.312,
4387.7528,solve.va_sample,2,703.312,
4388.2530,solve.va_sample,2,703.312,
4388.7533,solve.va_sample,2,703.312,
4389.2535,solve.va_sample,2,703.312,
4389.7537,solve.va_sample,2,703.312,
4390.2540,solve.va_sample,2,703.312,
4390.7542,solve.va_sample,2,703.312,
4391.2545,solve.va_sample,2,703.312,
4391.7547,solve.va_sample,2,703.312,
4392.2549,solve.va_sample,2,703.312,
4392.7552,solve.va_sample,2,703.312,
4393.2554,solve.va_sample,2,703.312,
4393.7557,solve.va_sample,2,703.312,
4394.2559,solve.va_sample,2,703.312,
4394.7561,solve.va_sample,2,703.312,
4395.2564,solve.va_sample,2,703.312,
4395.7566,solve.va_sample,2,703.312,
4396.2569,solve.va_sample,2,703.312,
4396.7571,solve.va_sample,2,703.312,
4397.2573,solve.va_sample,2,703.312,
4397.7575,solve.va_sample,2,703.312,
4398.2578,solve.va_sample,2,703.312,
4398.7580,solve.va_sample,2,703.312,
4399.2583,solve.va_sample,2,703.312,
4399.7585,solve.va_sample,2,703.312,
4400.2587,solve.va_sample,2,703.312,
4400.7590,solve.va_sample,2,703.312,
4401.2592,solve.va_sample,2,703.312,
4401.7594,solve.va_sample,2,703.312,
4402.2597,solve.va_sample,2,703.312,
4402.7599,solve.va_sample,2,703.312,
4403.2602,solve.va_sample,2,703.312,
4403.7604,solve.va_sample,2,703.312,
4404.2606,solve.va_sample,2,703.312,
4404.7609,solve.va_sample,2,703.312,
4405.2611,solve.va_sample,2,703.312,
4405.7614,solve.va_sample,2,703.312,
4406.2616,solve.va_sample,2,703.312,
4406.7618,solve.va_sample,2,703.312,
4407.2621,solve.va_sample,2,703.312,
4407.7623,solve.va_sample,2,703.312,
4408.2625,solve.va_sample,2,703.312,
4408.7628,solve.va_sample,2,703.312,
4409.2630,solve.va_sample,2,703.312,
4409.7633,solve.va_sample,2,703.312,
4410.2635,solve.va_sample,2,703.312,
4410.7637,solve.va_sample,2,703.312,
4411.2640,solve.va_sample,2,703.312,
4411.7642,solve.va_sample,2,703.312,
4412.2645,solve.va_sample,2,703.312,
4412.7647,solve.va_sample,2,703.312,
4413.2649,solve.va_sample,2,703.312,
4413.7652,solve.va_sample,2,703.312,
4414.2654,solve.va_sample,2,703.312,
4414.7656,solve.va_sample,2,703.312,
4415.2659,solve.va_sample,2,703.312,
4415.7661,solve.va_sample,2,703.312,
4416.2663,solve.va_sample,2,703.312,
4416.7666,solve.va_sample,2,703.312,
4417.2668,solve.va_sample,2,703.312,
4417.7671,solve.va_sample,2,703.312,
4418.2673,solve.va_sample,2,703.312,
4418.7675,solve.va_sample,2,703.312,
4419.2678,solve.va_sample,2,703.312,
4419.7680,solve.va_sample,2,703.312,
4420.2683,solve.va_sample,2,703.312,
4420.7685,solve.va_sample,2,703.312,
4421.2687,solve.va_sample,2,703.312,
4421.7690,solve.va_sample,2,703.312,
4422.2692,solve.va_sample,2,703.312,
4422.7695,solve.va_sample,2,703.312,
4423.2697,solve.va_sample,2,703.312,
4423.7699,solve.va_sample,2,703.312,
4424.2702,solve.va_sample,2,703.312,
4424.7704,solve.va_sample,2,703.312,
4425.2706,solve.va_sample,2,703.312,
4425.7709,solve.va_sample,2,703.312,
4426.2711,solve.va_sample,2,703.312,
4426.7713,solve.va_sample,2,703.312,
4427.2716,solve.va_sample,2,703.312,
4427.7718,solve.va_sample,2,703.312,
4428.2721,solve.va_sample,2,703.312,
4428.7723,solve.va_sample,2,703.312,
4429.2725,solve.va_sample,2,703.312,
4429.7728,solve.va_sample,2,703.312,
4430.2730,solve.va_sample,2,703.312,
4430.7733,solve.va_sample,2,703.312,
4431.2735,solve.va_sample,2,703.312,
4431.7737,solve.va_sample,2,703.312,
4432.2740,solve.va_sample,2,703.312,
4432.7742,solve.va_sample,2,703.312,
4433.2745,solve.va_sample,2,703.312,
4433.7748,solve.va_sample,2,703.312,
4434.2750,solve.va_sample,2,703.312,
4434.7752,solve.va_sample,2,703.312,
4435.2755,solve.va_sample,2,703.312,
4435.7757,solve.va_sample,2,703.312,
4436.2760,solve.va_sample,2,703.312,
4436.7762,solve.va_sample,2,703.312,
4437.2765,solve.va_sample,2,703.312,
4437.7767,solve.va_sample,2,703.312,
4438.2769,solve.va_sample,2,703.312,
4438.7772,solve.va_sample,2,703.312,
4439.2774,solve.va_sample,2,703.312,
4439.7777,solve.va_sample,2,703.312,
4440.2779,solve.va_sample,2,703.312,
4440.7782,solve.va_sample,2,703.312,
4441.2784,solve.va_sample,2,703.312,
4441.7786,solve.va_sample,2,703.312,
4442.2789,solve.va_sample,2,703.312,
4442.7791,solve.va_sample,2,703.312,
4443.2794,solve.va_sample,2,703.312,
4443.7796,solve.va_sample,2,703.312,
4444.2798,solve.va_sample,2,703.312,
4444.7801,solve.va_sample,2,703.312,
4445.2803,solve.va_sample,2,703.312,
4445.7806,solve.va_sample,2,703.312,
4446.2808,solve.va_sample,2,703.312,
4446.7811,solve.va_sample,2,703.312,
4447.2813,solve.va_sample,2,703.312,
4447.7815,solve.va_sample,2,703.312,
4448.2818,solve.va_sample,2,703.312,
4448.7820,solve.va_sample,2,703.312,
4449.2823,solve.va_sample,2,703.312,
4449.7825,solve.va_sample,2,703.312,
4450.2827,solve.va_sample,2,703.312,
4450.7830,solve.va_sample,2,703.312,
4451.2832,solve.va_sample,2,703.312,
4451.7835,solve.va_sample,2,703.312,
4452.2837,solve.va_sample,2,703.312,
4452.7839,solve.va_sample,2,703.312,
4453.2842,solve.va_sample,2,703.312,
4453.7844,solve.va_sample,2,703.312,
4454.2847,solve.va_sample,2,703.312,
4454.7849,solve.va_sample,2,703.312,
4455.2851,solve.va_sample,2,703.312,
4455.7854,solve.va_sample,2,703.312,
4456.2856,solve.va_sample,2,703.312,
4456.7858,solve.va_sample,2,703.312,
4457.2861,solve.va_sample,2,703.312,
4457.7863,solve.va_sample,2,703.312,
4458.2866,solve.va_sample,2,703.312,
4458.7868,solve.va_sample,2,703.312,
4459.2870,solve.va_sample,2,703.312,
4459.7873,solve.va_sample,2,703.312,
4460.2875,solve.va_sample,2,703.312,
4460.7878,solve.va_sample,2,703.312,
4461.2880,solve.va_sample,2,703.312,
4461.7883,solve.va_sample,2,703.312,
4462.2885,solve.va_sample,2,703.312,
4462.7888,solve.va_sample,2,703.312,
4463.2890,solve.va_sample,2,703.312,
4463.7892,solve.va_sample,2,703.312,
4464.2895,solve.va_sample,2,703.312,
4464.7897,solve.va_sample,2,703.312,
4465.2899,solve.va_sample,2,703.312,
4465.7902,solve.va_sample,2,703.312,
4466.2904,solve.va_sample,2,703.312,
4466.7907,solve.va_sample,2,703.312,
4467.2909,solve.va_sample,2,703.312,
4467.7911,solve.va_sample,2,703.312,
4468.2913,solve.va_sample,2,703.312,
4468.7916,solve.va_sample,2,703.312,
4469.2918,solve.va_sample,2,703.312,
4469.7921,solve.va_sample,2,703.312,
4470.2923,solve.va_sample,2,703.312,
4470.7926,solve.va_sample,2,703.312,
4471.2928,solve.va_sample,2,703.312,
4471.7930,solve.va_sample,2,703.312,
4472.2933,solve.va_sample,2,703.312,
4472.7935,solve.va_sample,2,703.312,
4473.2938,solve.va_sample,2,703.312,
4473.7940,solve.va_sample,2,703.312,
4474.2942,solve.va_sample,2,703.312,
4474.7945,solve.va_sample,2,703.312,
4475.2947,solve.va_sample,2,703.312,
4475.7950,solve.va_sample,2,703.312,
4476.2952,solve.va_sample,2,703.312,
4476.7954,solve.va_sample,2,703.312,
4477.2957,solve.va_sample,2,703.312,
4477.7959,solve.va_sample,2,703.312,
4478.2961,solve.va_sample,2,703.312,
4478.7964,solve.va_sample,2,703.312,
4479.2966,solve.va_sample,2,703.312,
4479.7969,solve.va_sample,2,703.312,
4480.2971,solve.va_sample,2,703.312,
4480.7973,solve.va_sample,2,703.312,
4481.2976,solve.va_sample,2,703.312,
4481.7978,solve.va_sample,2,703.312,
4482.2981,solve.va_sample,2,703.312,
4482.7983,solve.va_sample,2,703.312,
4483.2986,solve.va_sample,2,703.312,
4483.7988,solve.va_sample,2,703.312,
4484.2990,solve.va_sample,2,703.312,
4484.7993,solve.va_sample,2,703.312,
4485.2995,solve.va_sample,2,703.312,
4485.7997,solve.va_sample,2,703.312,
4486.3000,solve.va_sample,2,703.312,
4486.8002,solve.va_sample,2,703.312,
4487.3005,solve.va_sample,2,703.312,
4487.8007,solve.va_sample,2,703.312,
4488.3010,solve.va_sample,2,703.312,
4488.8012,solve.va_sample,2,703.312,
4489.3014,solve.va_sample,2,703.312,
4489.8017,solve.va_sample,2,703.312,
4490.3019,solve.va_sample,2,703.312,
4490.8022,solve.va_sample,2,703.312,
4491.3024,solve.va_sample,2,703.312,
4491.8027,solve.va_sample,2,703.312,
4492.3029,solve.va_sample,2,703.312,
4492.8032,solve.va_sample,2,703.312,
4493.3034,solve.va_sample,2,703.312,
4493.8037,solve.va_sample,2,703.312,
4494.3039,solve.va_sample,2,703.312,
4494.8042,solve.va_sample,2,703.312,
4495.3044,solve.va_sample,2,703.312,
4495.8047,solve.va_sample,2,703.312,
4496.3049,solve.va_sample,2,703.312,
4496.8052,solve.va_sample,2,703.312,
4497.3054,solve.va_sample,2,703.312,
4497.8057,solve.va_sample,2,703.312,
4498.3059,solve.va_sample,2,703.312,
4498.8061,solve.va_sample,2,703.312,
4499.3064,solve.va_sample,2,703.312,
4499.8066,solve.va_sample,2,703.312,
4500.3069,solve.va_sample,2,703.312,
4500.8071,solve.va_sample,2,703.312,
4501.3073,solve.va_sample,2,703.312,
4501.8076,solve.va_sample,2,703.312,
4502.3078,solve.va_sample,2,703.312,
4502.8080,solve.va_sample,2,703.312,
4503.3083,solve.va_sample,2,703.312,
4503.8085,solve.va_sample,2,703.312,
4504.3088,solve.va_sample,2,703.312,
4504.8090,solve.va_sample,2,703.312,
4505.3092,solve.va_sample,2,703.312,
4505.8095,solve.va_sample,2,703.312,
4506.3097,solve.va_sample,2,703.312,
4506.8099,solve.va_sample,2,703.312,
4507.3102,solve.va_sample,2,703.312,
4507.8104,solve.va_sample,2,703.312,
4508.3106,solve.va_sample,2,703.312,
4508.8109,solve.va_sample,2,703.312,
4509.3111,solve.va_sample,2,703.312,
4509.8113,solve.va_sample,2,703.312,
4510.3116,solve.va_sample,2,703.312,
4510.8118,solve.va_sample,2,703.312,
4511.3120,solve.va_sample,2,703.312,
4511.8123,solve.va_sample,2,703.312,
4512.3125,solve.va_sample,2,703.312,
4512.8127,solve.va_sample,2,703.312,
4513.3130,solve.va_sample,2,703.312,
4513.8132,solve.va_sample,2,703.312,
4514.3135,solve.va_sample,2,703.312,
4514.8137,solve.va_sample,2,703.312,
4515.3139,solve.va_sample,2,703.312,
4515.8142,solve.va_sample,2,703.312,
4516.3144,solve.va_sample,2,703.312,
4516.8146,solve.va_sample,2,703.312,
4517.3149,solve.va_sample,2,703.312,
4517.8151,solve.va_sample,2,703.312,
4518.3153,solve.va_sample,2,703.312,
4518.8156,solve.va_sample,2,703.312,
4519.3158,solve.va_sample,2,703.312,
4519.8161,solve.va_sample,2,703.312,
4520.3163,solve.va_sample,2,703.312,
4520.8165,solve.va_sample,2,703.312,
4521.3168,solve.va_sample,2,703.312,
4521.8170,solve.va_sample,2,703.312,
4522.3173,solve.va_sample,2,703.312,
4522.8175,solve.va_sample,2,703.312,
4523.3177,solve.va_sample,2,703.312,
4523.8180,solve.va_sample,2,703.312,
4524.3182,solve.va_sample,2,703.312,
4524.8184,solve.va_sample,2,703.312,
4525.3187,solve.va_sample,2,703.312,
4525.8189,solve.va_sample,2,703.312,
4526.3191,solve.va_sample,2,703.312,
4526.8194,solve.va_sample,2,703.312,
4527.3196,solve.va_sample,2,703.312,
4527.8198,solve.va_sample,2,703.312,
4528.3201,solve.va_sample,2,703.312,
4528.8203,solve.va_sample,2,703.312,
4529.3205,solve.va_sample,2,703.312,
4529.8208,solve.va_sample,2,703.312,
4530.3210,solve.va_sample,2,703.312,
4530.8212,solve.va_sample,2,703.312,
4531.3215,solve.va_sample,2,703.312,
4531.8217,solve.va_sample,2,703.312,
4532.3219,solve.va_sample,2,703.312,
4532.8222,solve.va_sample,2,703.312,
4533.3224,solve.va_sample,2,703.312,
4533.8227,solve.va_sample,2,703.312,
4534.3229,solve.va_sample,2,703.312,
4534.8231,solve.va_sample,2,703.312,
4535.3234,solve.va_sample,2,703.312,
4535.8236,solve.va_sample,2,703.312,
4536.3238,solve.va_sample,2,703.312,
4536.8241,solve.va_sample,2,703.312,
4537.3243,solve.va_sample,2,703.312,
4537.8245,solve.va_sample,2,703.312,
4538.3248,solve.va_sample,2,703.312,
4538.8250,solve.va_sample,2,703.312,
4539.3253,solve.va_sample,2,703.312,
4539.8255,solve.va_sample,2,703.312,
4540.3257,solve.va_sample,2,703.312,
4540.8260,solve.va_sample,2,703.312,
4541.3262,solve.va_sample,2,703.312,
4541.8264,solve.va_sample,2,703.312,
4542.3267,solve.va_sample,2,703.312,
4542.8269,solve.va_sample,2,703.312,
4543.3271,solve.va_sample,2,703.312,
4543.8274,solve.va_sample,2,703.312,
4544.3276,solve.va_sample,2,703.312,
4544.8278,solve.va_sample,2,703.312,
4545.3281,solve.va_sample,2,703.312,
4545.8283,solve.va_sample,2,703.312,
4546.3286,solve.va_sample,2,703.312,
4546.8288,solve.va_sample,2,703.312,
4547.3290,solve.va_sample,2,703.312,
4547.8293,solve.va_sample,2,703.312,
4548.3295,solve.va_sample,2,703.312,
4548.8298,solve.va_sample,2,703.312,
4549.3300,solve.va_sample,2,703.312,
4549.8302,solve.va_sample,2,703.312,
4550.3305,solve.va_sample,2,703.312,
4550.8307,solve.va_sample,2,703.312,
4551.3309,solve.va_sample,2,703.312,
4551.8311,solve.va_sample,2,703.312,
4552.3314,solve.va_sample,2,703.312,
4552.8316,solve.va_sample,2,703.312,
4553.3318,solve.va_sample,2,703.312,
4553.8320,solve.va_sample,2,703.312,
4554.3323,solve.va_sample,2,703.312,
4554.8325,solve.va_sample,2,703.312,
4555.3327,solve.va_sample,2,703.312,
4555.8330,solve.va_sample,2,703.312,
4556.3332,solve.va_sample,2,703.312,
4556.8334,solve.va_sample,2,703.312,
4557.3337,solve.va_sample,2,703.312,
4557.8339,solve.va_sample,2,703.312,
4558.3341,solve.va_sample,2,703.312,
4558.8344,solve.va_sample,2,703.312,
4559.3346,solve.va_sample,2,703.312,
4559.8348,solve.va_sample,2,703.312,
4560.3350,solve.va_sample,2,703.312,
4560.8353,solve.va_sample,2,703.312,
4561.3355,solve.va_sample,2,703.312,
4561.8357,solve.va_sample,2,703.312,
4562.3359,solve.va_sample,2,703.312,
4562.8362,solve.va_sample,2,703.312,
4563.3364,solve.va_sample,2,703.312,
4563.8366,solve.va_sample,2,703.312,
4564.3369,solve.va_sample,2,703.312,
4564.8371,solve.va_sample,2,703.312,
4565.3374,solve.va_sample,2,703.312,
4565.8376,solve.va_sample,2,703.312,
4566.3378,solve.va_sample,2,703.312,
4566.8381,solve.va_sample,2,703.312,
4567.3383,solve.va_sample,2,703.312,
4567.8385,solve.va_sample,2,703.312,
4568.3388,solve.va_sample,2,703.312,
4568.8390,solve.va_sample,2,703.312,
4569.3392,solve.va_sample,2,703.312,
4569.8395,solve.va_sample,2,703.312,
4570.3397,solve.va_sample,2,703.312,
4570.8399,solve.va_sample,2,703.312,
4571.3401,solve.va_sample,2,703.312,
4571.8404,solve.va_sample,2,703.312,
4572.3406,solve.va_sample,2,703.312,
4572.8408,solve.va_sample,2,703.312,
4573.3411,solve.va_sample,2,703.312,
4573.8413,solve.va_sample,2,703.312,
4574.3416,solve.va_sample,2,703.312,
4574.8418,solve.va_sample,2,703.312,
4575.3420,solve.va_sample,2,703.312,
4575.8422,solve.va_sample,2,703.312,
4576.3425,solve.va_sample,2,703.312,
4576.8427,solve.va_sample,2,703.312,
4577.3429,solve.va_sample,2,703.312,
4577.8431,solve.va_sample,2,703.312,
4578.3434,solve.va_sample,2,703.312,
4578.8436,solve.va_sample,2,703.312,
4579.3438,solve.va_sample,2,703.312,
4579.8441,solve.va_sample,2,703.312,
4580.3443,solve.va_sample,2,703.312,
4580.8445,solve.va_sample,2,703.312,
4581.3448,solve.va_sample,2,703.312,
4581.8450,solve.va_sample,2,703.312,
4582.3452,solve.va_sample,2,703.312,
4582.8455,solve.va_sample,2,703.312,
4583.3457,solve.va_sample,2,703.312,
4583.8459,solve.va_sample,2,703.312,
4584.3463,solve.va_sample,2,703.312,
4584.8465,solve.va_sample,2,703.312,
4585.3467,solve.va_sample,2,703.312,
4585.8470,solve.va_sample,2,703.312,
4586.3472,solve.va_sample,2,703.312,
4586.8475,solve.va_sample,2,703.312,
4587.3477,solve.va_sample,2,703.312,
4587.8480,solve.va_sample,2,703.312,
4588.3482,solve.va_sample,2,703.312,
4588.8484,solve.va_sample,2,703.312,
4589.3487,solve.va_sample,2,703.312,
4589.8489,solve.va_sample,2,703.312,
4590.3492,solve.va_sample,2,703.312,
4590.8494,solve.va_sample,2,703.312,
4591.3496,solve.va_sample,2,703.312,
4591.8499,solve.va_sample,2,703.312,
4592.3501,solve.va_sample,2,703.312,
4592.8503,solve.va_sample,2,703.312,
4593.3506,solve.va_sample,2,703.312,
4593.8508,solve.va_sample,2,703.312,
4594.3510,solve.va_sample,2,703.312,
4594.8513,solve.va_sample,2,703.312,
4595.3515,solve.va_sample,2,703.312,
4595.8517,solve.va_sample,2,703.312,
4596.3520,solve.va_sample,2,703.312,
4596.8522,solve.va_sample,2,703.312,
4597.3525,solve.va_sample,2,703.312,
4597.8527,solve.va_sample,2,703.312,
4598.3529,solve.va_sample,2,703.312,
4598.8532,solve.va_sample,2,703.312,
4599.3534,solve.va_sample,2,703.312,
4599.8537,solve.va_sample,2,703.312,
4600.3539,solve.va_sample,2,703.312,
4600.8541,solve.va_sample,2,703.312,
4601.3544,solve.va_sample,2,703.312,
4601.8546,solve.va_sample,2,703.312,
4602.3548,solve.va_sample,2,703.312,
4602.8551,solve.va_sample,2,703.312,
4603.3553,solve.va_sample,2,703.312,
4603.8555,solve.va_sample,2,703.312,
4604.3558,solve.va_sample,2,703.312,
4604.8560,solve.va_sample,2,703.312,
4605.3562,solve.va_sample,2,703.312,
4605.8565,solve.va_sample,2,703.312,
4606.3567,solve.va_sample,2,703.312,
4606.8569,solve.va_sample,2,703.312,
4607.3572,solve.va_sample,2,703.312,
4607.8574,solve.va_sample,2,703.312,
4608.3577,solve.va_sample,2,703.312,
4608.8579,solve.va_sample,2,703.312,
4609.3581,solve.va_sample,2,703.312,
4609.8584,solve.va_sample,2,703.312,
4610.3586,solve.va_sample,2,703.312,
4610.8589,solve.va_sample,2,703.312,
4611.3591,solve.va_sample,2,703.312,
4611.8594,solve.va_sample,2,703.312,
4612.3596,solve.va_sample,2,703.312,
4612.8598,solve.va_sample,2,703.312,
4613.3601,solve.va_sample,2,703.312,
4613.8604,solve.va_sample,2,703.312,
4614.3606,solve.va_sample,2,703.312,
4614.8608,solve.va_sample,2,703.312,
4615.3611,solve.va_sample,2,703.312,
4615.8613,solve.va_sample,2,703.312,
4616.3616,solve.va_sample,2,703.312,
4616.8618,solve.va_sample,2,703.312,
4617.3620,solve.va_sample,2,703.312,
4617.8623,solve.va_sample,2,703.312,
4618.3625,solve.va_sample,2,703.312,
4618.8627,solve.va_sample,2,703.312,
4619.3630,solve.va_sample,2,703.312,
4619.8632,solve.va_sample,2,703.312,
4620.3634,solve.va_sample,2,703.312,
4620.8637,solve.va_sample,2,703.312,
4621.3639,solve.va_sample,2,703.312,
4621.8641,solve.va_sample,2,703.312,
4622.3644,solve.va_sample,2,703.312,
4622.8646,solve.va_sample,2,703.312,
4623.3648,solve.va_sample,2,703.312,
4623.8651,solve.va_sample,2,703.312,
4624.3653,solve.va_sample,2,703.312,
4624.8656,solve.va_sample,2,703.312,
4625.3658,solve.va_sample,2,703.312,
4625.8660,solve.va_sample,2,703.312,
4626.3663,solve.va_sample,2,703.312,
4626.8665,solve.va_sample,2,703.312,
4627.3667,solve.va_sample,2,703.312,
4627.8670,solve.va_sample,2,703.312,
4628.3672,solve.va_sample,2,703.312,
4628.8675,solve.va_sample,2,703.312,
4629.3677,solve.va_sample,2,703.312,
4629.8679,solve.va_sample,2,703.312,
4630.3682,solve.va_sample,2,703.312,
4630.8684,solve.va_sample,2,703.312,
4631.3686,solve.va_sample,2,703.312,
4631.8689,solve.va_sample,2,703.312,
4632.3691,solve.va_sample,2,703.312,
4632.8694,solve.va_sample,2,703.312,
4633.3696,solve.va_sample,2,703.312,
4633.8698,solve.va_sample,2,703.312,
4634.3701,solve.va_sample,2,703.312,
4634.8703,solve.va_sample,2,703.312,
4635.3705,solve.va_sample,2,703.312,
4635.8708,solve.va_sample,2,703.312,
4636.3710,solve.va_sample,2,703.312,
4636.8713,solve.va_sample,2,703.312,
4637.3715,solve.va_sample,2,703.312,
4637.8717,solve.va_sample,2,703.312,
4638.3720,solve.va_sample,2,703.312,
4638.8722,solve.va_sample,2,703.312,
4639.3724,solve.va_sample,2,703.312,
4639.8727,solve.va_sample,2,703.312,
4640.3729,solve.va_sample,2,703.312,
4640.8731,solve.va_sample,2,703.312,
4641.3734,solve.va_sample,2,703.312,
4641.8736,solve.va_sample,2,703.312,
4642.3738,solve.va_sample,2,703.312,
4642.8741,solve.va_sample,2,703.312,
4643.3743,solve.va_sample,2,703.312,
4643.8746,solve.va_sample,2,703.312,
4644.3748,solve.va_sample,2,703.312,
4644.8750,solve.va_sample,2,703.312,
4645.3753,solve.va_sample,2,703.312,
4645.8755,solve.va_sample,2,703.312,
4646.3757,solve.va_sample,2,703.312,
4646.8760,solve.va_sample,2,703.312,
4647.3762,solve.va_sample,2,703.312,
4647.8765,solve.va_sample,2,703.312,
4648.3767,solve.va_sample,2,703.312,
4648.8770,solve.va_sample,2,703.312,
4649.3772,solve.va_sample,2,703.312,
4649.8775,solve.va_sample,2,703.312,
4650.3777,solve.va_sample,2,703.312,
4650.8780,solve.va_sample,2,703.312,
4651.3782,solve.va_sample,2,703.312,
4651.8784,solve.va_sample,2,703.312,
4652.3787,solve.va_sample,2,703.312,
4652.8789,solve.va_sample,2,703.312,
4653.3791,solve.va_sample,2,703.312,
4653.8793,solve.va_sample,2,703.312,
4654.3796,solve.va_sample,2,703.312,
4654.8798,solve.va_sample,2,703.312,
4655.3800,solve.va_sample,2,703.312,
4655.8803,solve.va_sample,2,703.312,
4656.3805,solve.va_sample,2,703.312,
4656.8807,solve.va_sample,2,703.312,
4657.3810,solve.va_sample,2,703.312,
4657.8812,solve.va_sample,2,703.312,
4658.3815,solve.va_sample,2,703.312,
4658.8817,solve.va_sample,2,703.312,
4659.3819,solve.va_sample,2,703.312,
4659.8822,solve.va_sample,2,703.312,
4660.3824,solve.va_sample,2,703.312,
4660.8826,solve.va_sample,2,703.312,
4661.3828,solve.va_sample,2,703.312,
4661.8831,solve.va_sample,2,703.312,
4662.3833,solve.va_sample,2,703.312,
4662.8836,solve.va_sample,2,703.312,
4663.3838,solve.va_sample,2,703.312,
4663.8840,solve.va_sample,2,703.312,
4664.3842,solve.va_sample,2,703.312,
4664.8845,solve.va_sample,2,703.312,
4665.3847,solve.va_sample,2,703.312,
4665.8850,solve.va_sample,2,703.312,
4666.3852,solve.va_sample,2,703.312,
4666.8855,solve.va_sample,2,703.312,
4667.3857,solve.va_sample,2,703.312,
4667.8859,solve.va_sample,2,703.312,
4668.3862,solve.va_sample,2,703.312,
4668.8864,solve.va_sample,2,703.312,
4669.3866,solve.va_sample,2,703.312,
4669.8869,solve.va_sample,2,703.312,
4670.3872,solve.va_sample,2,703.312,
4670.8875,solve.va_sample,2,703.312,
4671.3877,solve.va_sample,2,703.312,
4671.8880,solve.va_sample,2,703.312,
4672.3882,solve.va_sample,2,703.312,
4672.8885,solve.va_sample,2,703.312,
4673.3887,solve.va_sample,2,703.312,
4673.8890,solve.va_sample,2,703.312,
4674.3893,solve.va_sample,2,703.312,
4674.8895,solve.va_sample,2,703.312,
4675.3898,solve.va_sample,2,703.312,
4675.8900,solve.va_sample,2,703.312,
4676.3903,solve.va_sample,2,703.312,
4676.8905,solve.va_sample,2,703.312,
4677.3908,solve.va_sample,2,703.312,
4677.8910,solve.va_sample,2,703.312,
4678.3912,solve.va_sample,2,703.312,
4678.8915,solve.va_sample,2,703.312,
4679.3917,solve.va_sample,2,703.312,
4679.8920,solve.va_sample,2,703.312,
4680.3922,solve.va_sample,2,703.312,
4680.8924,solve.va_sample,2,703.312,
4681.3927,solve.va_sample,2,703.312,
4681.8929,solve.va_sample,2,703.312,
4682.3931,solve.va_sample,2,703.312,
4682.8934,solve.va_sample,2,703.312,
4683.3936,solve.va_sample,2,703.312,
4683.8938,solve.va_sample,2,703.312,
4684.3941,solve.va_sample,2,703.312,
4684.8943,solve.va_sample,2,703.312,
4685.3946,solve.va_sample,2,703.312,
4685.8948,solve.va_sample,2,703.312,
4686.3950,solve.va_sample,2,703.312,
4686.8953,solve.va_sample,2,703.312,
4687.3955,solve.va_sample,2,703.312,
4687.8957,solve.va_sample,2,703.312,
4688.3960,solve.va_sample,2,703.312,
4688.8962,solve.va_sample,2,703.312,
4689.3965,solve.va_sample,2,703.312,
4689.8967,solve.va_sample,2,703.312,
4690.3969,solve.va_sample,2,703.312,
4690.8972,solve.va_sample,2,703.312,
4691.3974,solve.va_sample,2,703.312,
4691.8977,solve.va_sample,2,703.312,
4692.3979,solve.va_sample,2,703.312,
4692.8981,solve.va_sample,2,703.312,
4693.3984,solve.va_sample,2,703.312,
4693.8986,solve.va_sample,2,703.312,
4694.3988,solve.va_sample,2,703.312,
4694.8991,solve.va_sample,2,703.312,
4695.3993,solve.va_sample,2,703.312,
4695.8996,solve.va_sample,2,703.312,
4696.3998,solve.va_sample,2,703.312,
4696.9000,solve.va_sample,2,703.312,
4697.4003,solve.va_sample,2,703.312,
4697.9005,solve.va_sample,2,703.312,
4698.4008,solve.va_sample,2,703.312,
4698.9010,solve.va_sample,2,703.312,
4699.4013,solve.va_sample,2,703.312,
4699.9015,solve.va_sample,2,703.312,
4700.4018,solve.va_sample,2,703.312,
4700.9020,solve.va_sample,2,703.312,
4701.4023,solve.va_sample,2,703.312,
4701.9025,solve.va_sample,2,703.312,
4702.4028,solve.va_sample,2,703.312,
4702.9030,solve.va_sample,2,703.312,
4703.4033,solve.va_sample,2,703.312,
4703.9035,solve.va_sample,2,703.312,
4704.4038,solve.va_sample,2,703.312,
4704.9040,solve.va_sample,2,703.312,
4705.4042,solve.va_sample,2,703.312,
4705.9045,solve.va_sample,2,703.312,
4706.4047,solve.va_sample,2,703.312,
4706.9050,solve.va_sample,2,703.312,
4707.4052,solve.va_sample,2,703.312,
4707.9054,solve.va_sample,2,703.312,
4708.4057,solve.va_sample,2,703.312,
4708.9059,solve.va_sample,2,703.312,
4709.4062,solve.va_sample,2,703.312,
4709.9064,solve.va_sample,2,703.312,
4710.4067,solve.va_sample,2,703.312,
4710.9069,solve.va_sample,2,703.312,
4711.4071,solve.va_sample,2,703.312,
4711.9073,solve.va_sample,2,703.312,
4712.4076,solve.va_sample,2,703.312,
4712.9078,solve.va_sample,2,703.312,
4713.4081,solve.va_sample,2,703.312,
4713.9083,solve.va_sample,2,703.312,
4714.4086,solve.va_sample,2,703.312,
4714.9088,solve.va_sample,2,703.312,
4715.4090,solve.va_sample,2,703.312,
4715.9093,solve.va_sample,2,703.312,
4716.4095,solve.va_sample,2,703.312,
4716.9098,solve.va_sample,2,703.312,
4717.4100,solve.va_sample,2,703.312,
4717.9102,solve.va_sample,2,703.312,
4718.4105,solve.va_sample,2,703.312,
4718.9107,solve.va_sample,2,703.312,
4719.4110,solve.va_sample,2,703.570,
4719.9112,solve.va_sample,2,703.570,
4720.4115,solve.va_sample,2,703.570,
4720.9117,solve.va_sample,2,703.570,
4721.4120,solve.va_sample,2,703.570,
4721.9122,solve.va_sample,2,703.570,
4722.4125,solve.va_sample,2,703.570,
4722.9127,solve.va_sample,2,703.570,
4723.4129,solve.va_sample,2,703.570,
4723.9132,solve.va_sample,2,703.570,
4724.4134,solve.va_sample,2,703.570,
4724.9136,solve.va_sample,2,703.570,
4725.4139,solve.va_sample,2,703.570,
4725.9141,solve.va_sample,2,703.570,
4726.4143,solve.va_sample,2,703.570,
4726.9146,solve.va_sample,2,703.570,
4727.4148,solve.va_sample,2,703.570,
4727.9150,solve.va_sample,2,703.570,
4728.4153,solve.va_sample,2,703.570,
4728.9155,solve.va_sample,2,703.570,
4729.4158,solve.va_sample,2,703.570,
4729.9160,solve.va_sample,2,703.570,
4730.4162,solve.va_sample,2,703.570,
4730.9165,solve.va_sample,2,703.570,
4731.4167,solve.va_sample,2,703.570,
4731.9170,solve.va_sample,2,703.570,
4732.4172,solve.va_sample,2,703.570,
4732.9175,solve.va_sample,2,703.570,
4733.4178,solve.va_sample,2,703.570,
4733.9180,solve.va_sample,2,703.570,
4734.4183,solve.va_sample,2,703.570,
4734.9186,solve.va_sample,2,703.570,
4735.4188,solve.va_sample,2,703.570,
4735.9191,solve.va_sample,2,703.570,
4736.4193,solve.va_sample,2,703.570,
4736.9195,solve.va_sample,2,703.570,
4737.4198,solve.va_sample,2,703.570,
4737.9200,solve.va_sample,2,703.570,
4738.4203,solve.va_sample,2,703.570,
4738.9205,solve.va_sample,2,703.570,
4739.4208,solve.va_sample,2,703.570,
4739.9210,solve.va_sample,2,703.570,
4740.4213,solve.va_sample,2,703.570,
4740.9215,solve.va_sample,2,703.570,
4741.4217,solve.va_sample,2,703.570,
4741.9220,solve.va_sample,2,703.570,
4742.4222,solve.va_sample,2,703.570,
4742.9225,solve.va_sample,2,703.570,
4743.4227,solve.va_sample,2,703.570,
4743.9229,solve.va_sample,2,703.570,
4744.4232,solve.va_sample,2,703.570,
4744.9234,solve.va_sample,2,703.570,
4745.4237,solve.va_sample,2,703.570,
4745.9239,solve.va_sample,2,703.570,
4746.4241,solve.va_sample,2,703.570,
4746.9244,solve.va_sample,2,703.570,
4747.4246,solve.va_sample,2,703.570,
4747.9248,solve.va_sample,2,703.570,
4748.4251,solve.va_sample,2,703.570,
4748.9253,solve.va_sample,2,703.570,
4749.4256,solve.va_sample,2,703.570,
4749.9258,solve.va_sample,2,703.570,
4750.4260,solve.va_sample,2,703.570,
4750.9263,solve.va_sample,2,703.570,
4751.4265,solve.va_sample,2,703.570,
4751.9268,solve.va_sample,2,703.570,
4752.4270,solve.va_sample,2,703.570,
4752.9273,solve.va_sample,2,703.570,
4753.4275,solve.va_sample,2,703.570,
4753.9278,solve.va_sample,2,703.570,
4754.4280,solve.va_sample,2,703.570,
4754.9282,solve.va_sample,2,703.570,
4755.4285,solve.va_sample,2,703.570,
4755.9287,solve.va_sample,2,703.570,
4756.4290,solve.va_sample,2,703.570,
4756.9292,solve.va_sample,2,703.570,
4757.4294,solve.va_sample,2,703.570,
4757.9297,solve.va_sample,2,703.570,
4758.4299,solve.va_sample,2,703.570,
4758.9301,solve.va_sample,2,703.570,
4759.4304,solve.va_sample,2,703.570,
4759.9306,solve.va_sample,2,703.570,
4760.4309,solve.va_sample,2,703.570,
4760.9311,solve.va_sample,2,703.570,
4761.4313,solve.va_sample,2,703.570,
4761.9316,solve.va_sample,2,703.570,
4762.4318,solve.va_sample,2,703.570,
4762.9320,solve.va_sample,2,703.570,
4763.4323,solve.va_sample,2,703.570,
4763.9325,solve.va_sample,2,703.570,
4764.4327,solve.va_sample,2,703.570,
4764.9330,solve.va_sample,2,703.570,
4765.4332,solve.va_sample,2,703.570,
4765.9335,solve.va_sample,2,703.570,
4766.4337,solve.va_sample,2,703.570,
4766.9339,solve.va_sample,2,703.570,
4767.4342,solve.va_sample,2,703.570,
4767.9344,solve.va_sample,2,703.570,
4768.4347,solve.va_sample,2,703.570,
4768.9349,solve.va_sample,2,703.570,
4769.4351,solve.va_sample,2,703.570,
4769.9354,solve.va_sample,2,703.570,
4770.4356,solve.va_sample,2,703.570,
4770.9359,solve.va_sample,2,703.570,
4771.4361,solve.va_sample,2,703.570,
4771.9363,solve.va_sample,2,703.570,
4772.4366,solve.va_sample,2,703.570,
4772.9368,solve.va_sample,2,703.570,
4773.4370,solve.va_sample,2,703.570,
4773.9373,solve.va_sample,2,703.570,
4774.4375,solve.va_sample,2,703.570,
4774.9377,solve.va_sample,2,703.570,
4775.4380,solve.va_sample,2,703.570,
4775.9382,solve.va_sample,2,703.570,
4776.4385,solve.va_sample,2,703.570,
4776.9387,solve.va_sample,2,703.570,
4777.4389,solve.va_sample,2,703.570,
4777.9391,solve.va_sample,2,703.570,
4778.4394,solve.va_sample,2,703.570,
4778.9396,solve.va_sample,2,703.570,
4779.4399,solve.va_sample,2,703.570,
4779.9401,solve.va_sample,2,703.570,
4780.4403,solve.va_sample,2,703.570,
4780.9406,solve.va_sample,2,703.570,
4781.4408,solve.va_sample,2,703.570,
4781.9410,solve.va_sample,2,703.570,
4782.4412,solve.va_sample,2,703.570,
4782.9415,solve.va_sample,2,703.570,
4783.4417,solve.va_sample,2,703.570,
4783.9419,solve.va_sample,2,703.570,
4784.4422,solve.va_sample,2,703.570,
4784.9424,solve.va_sample,2,703.570,
4785.4427,solve.va_sample,2,703.570,
4785.9429,solve.va_sample,2,703.570,
4786.4431,solve.va_sample,2,703.570,
4786.9434,solve.va_sample,2,703.570,
4787.4436,solve.va_sample,2,703.570,
4787.9438,solve.va_sample,2,703.570,
4788.4441,solve.va_sample,2,703.570,
4788.9443,solve.va_sample,2,703.570,
4789.4445,solve.va_sample,2,703.570,
4789.9447,solve.va_sample,2,703.570,
4790.4450,solve.va_sample,2,703.570,
4790.9452,solve.va_sample,2,703.570,
4791.4455,solve.va_sample,2,703.570,
4791.9457,solve.va_sample,2,703.570,
4792.4459,solve.va_sample,2,703.570,
4792.9462,solve.va_sample,2,703.570,
4793.4465,solve.va_sample,2,703.570,
4793.9467,solve.va_sample,2,703.570,
4794.4470,solve.va_sample,2,703.570,
4794.9473,solve.va_sample,2,703.570,
4795.4475,solve.va_sample,2,703.570,
4795.9478,solve.va_sample,2,703.570,
4796.4480,solve.va_sample,2,703.570,
4796.9483,solve.va_sample,2,703.570,
4797.4485,solve.va_sample,2,703.570,
4797.9487,solve.va_sample,2,703.570,
4798.4490,solve.va_sample,2,703.570,
4798.9492,solve.va_sample,2,703.570,
4799.4495,solve.va_sample,2,703.570,
4799.9497,solve.va_sample,2,703.570,
4800.4499,solve.va_sample,2,703.570,
4800.9502,solve.va_sample,2,703.570,
4801.4504,solve.va_sample,2,703.570,
4801.9507,solve.va_sample,2,703.570,
4802.4509,solve.va_sample,2,703.570,
4802.9512,solve.va_sample,2,703.570,
4803.4514,solve.va_sample,2,703.570,
4803.9517,solve.va_sample,2,703.570,
4804.4519,solve.va_sample,2,703.570,
4804.9522,solve.va_sample,2,703.570,
4805.4525,solve.va_sample,2,703.570,
4805.9527,solve.va_sample,2,703.570,
4806.4530,solve.va_sample,2,703.570,
4806.9532,solve.va_sample,2,703.570,
4807.4535,solve.va_sample,2,703.570,
4807.9537,solve.va_sample,2,703.570,
4808.4540,solve.va_sample,2,703.570,
4808.9543,solve.va_sample,2,703.570,
4809.4545,solve.va_sample,2,703.570,
4809.9548,solve.va_sample,2,703.570,
4810.4550,solve.va_sample,2,703.570,
4810.9553,solve.va_sample,2,703.570,
4811.4555,solve.va_sample,2,703.570,
4811.9558,solve.va_sample,2,703.570,
4812.4560,solve.va_sample,2,703.570,
4812.9563,solve.va_sample,2,703.570,
4813.4565,solve.va_sample,2,703.570,
4813.9568,solve.va_sample,2,703.570,
4814.4570,solve.va_sample,2,703.570,
4814.9573,solve.va_sample,2,703.570,
4815.4575,solve.va_sample,2,703.570,
4815.9577,solve.va_sample,2,703.570,
4816.4580,solve.va_sample,2,703.570,
4816.9582,solve.va_sample,2,703.570,
4817.4585,solve.va_sample,2,703.570,
4817.9587,solve.va_sample,2,703.570,
4818.4590,solve.va_sample,2,703.570,
4818.9592,solve.va_sample,2,703.570,
4819.4595,solve.va_sample,2,703.570,
4819.9598,solve.va_sample,2,703.570,
4820.4600,solve.va_sample,2,703.570,
4820.9602,solve.va_sample,2,703.570,
4821.4605,solve.va_sample,2,703.570,
4821.9607,solve.va_sample,2,703.570,
4822.4610,solve.va_sample,2,703.570,
4822.9612,solve.va_sample,2,703.570,
4823.4615,solve.va_sample,2,703.570,
4823.9617,solve.va_sample,2,703.570,
4824.4620,solve.va_sample,2,703.570,
4824.9622,solve.va_sample,2,703.570,
4825.4624,solve.va_sample,2,703.570,
4825.9627,solve.va_sample,2,703.570,
4826.4629,solve.va_sample,2,703.570,
4826.9632,solve.va_sample,2,703.570,
4827.4635,solve.va_sample,2,703.570,
4827.9637,solve.va_sample,2,703.570,
4828.4639,solve.va_sample,2,703.570,
4828.9642,solve.va_sample,2,703.570,
4829.4644,solve.va_sample,2,703.570,
4829.9647,solve.va_sample,2,703.570,
4830.4649,solve.va_sample,2,703.570,
4830.9651,solve.va_sample,2,703.570,
4831.4654,solve.va_sample,2,703.570,
4831.9656,solve.va_sample,2,703.570,
4832.4659,solve.va_sample,2,703.570,
4832.9661,solve.va_sample,2,703.570,
4833.4663,solve.va_sample,2,703.570,
4833.9666,solve.va_sample,2,703.570,
4834.4668,solve.va_sample,2,703.570,
4834.9670,solve.va_sample,2,703.570,
4835.4673,solve.va_sample,2,703.570,
4835.9675,solve.va_sample,2,703.570,
4836.4678,solve.va_sample,2,703.570,
4836.9680,solve.va_sample,2,703.570,
4837.4683,solve.va_sample,2,703.570,
4837.9685,solve.va_sample,2,703.570,
4838.4688,solve.va_sample,2,703.570,
4838.9690,solve.va_sample,2,703.570,
4839.4692,solve.va_sample,2,703.570,
4839.9695,solve.va_sample,2,703.570,
4840.4697,solve.va_sample,2,703.570,
4840.9700,solve.va_sample,2,703.570,
4841.4702,solve.va_sample,2,703.570,
4841.9705,solve.va_sample,2,703.570,
4842.4707,solve.va_sample,2,703.570,
4842.9709,solve.va_sample,2,703.570,
4843.4712,solve.va_sample,2,703.570,
4843.9714,solve.va_sample,2,703.570,
4844.4717,solve.va_sample,2,703.570,
4844.9719,solve.va_sample,2,703.570,
4845.4722,solve.va_sample,2,703.570,
4845.9724,solve.va_sample,2,703.570,
4846.4726,solve.va_sample,2,703.570,
4846.9729,solve.va_sample,2,703.570,
4847.4731,solve.va_sample,2,703.570,
4847.9734,solve.va_sample,2,703.570,
4848.4736,solve.va_sample,2,703.570,
4848.9738,solve.va_sample,2,703.570,
4849.4741,solve.va_sample,2,703.570,
4849.9743,solve.va_sample,2,703.570,
4850.4745,solve.va_sample,2,703.570,
4850.9748,solve.va_sample,2,703.570,
4851.4750,solve.va_sample,2,703.570,
4851.9753,solve.va_sample,2,703.570,
4852.4755,solve.va_sample,2,703.570,
4852.9758,solve.va_sample,2,703.570,
4853.4761,solve.va_sample,2,703.570,
4853.9764,solve.va_sample,2,703.570,
4854.4766,solve.va_sample,2,703.570,
4854.9769,solve.va_sample,2,703.570,
4855.4771,solve.va_sample,2,703.570,
4855.9774,solve.va_sample,2,703.570,
4856.4777,solve.va_sample,2,703.570,
4856.9779,solve.va_sample,2,703.570,
4857.4782,solve.va_sample,2,703.570,
4857.9785,solve.va_sample,2,703.570,
4858.4787,solve.va_sample,2,703.570,
4858.9789,solve.va_sample,2,703.570,
4859.4792,solve.va_sample,2,703.570,
4859.9794,solve.va_sample,2,703.570,
4860.4797,solve.va_sample,2,703.570,
4860.9799,solve.va_sample,2,703.570,
4861.4802,solve.va_sample,2,703.570,
4861.9804,solve.va_sample,2,703.570,
4862.4807,solve.va_sample,2,703.570,
4862.9809,solve.va_sample,2,703.570,
4863.4811,solve.va_sample,2,703.570,
4863.9814,solve.va_sample,2,703.570,
4864.4816,solve.va_sample,2,703.570,
4864.9819,solve.va_sample,2,703.570,
4865.4821,solve.va_sample,2,703.570,
4865.9824,solve.va_sample,2,703.570,
4866.4826,solve.va_sample,2,703.570,
4866.9828,solve.va_sample,2,703.570,
4867.4831,solve.va_sample,2,703.570,
4867.9833,solve.va_sample,2,703.570,
4868.4836,solve.va_sample,2,703.570,
4868.9838,solve.va_sample,2,703.570,
4869.4840,solve.va_sample,2,703.570,
4869.9843,solve.va_sample,2,703.570,
4870.4845,solve.va_sample,2,703.570,
4870.9848,solve.va_sample,2,703.570,
4871.4850,solve.va_sample,2,703.570,
4871.9853,solve.va_sample,2,703.570,
4872.4855,solve.va_sample,2,703.570,
4872.9857,solve.va_sample,2,703.570,
4873.4860,solve.va_sample,2,703.570,
4873.9862,solve.va_sample,2,703.570,
4874.4864,solve.va_sample,2,703.570,
4874.9867,solve.va_sample,2,703.570,
4875.4869,solve.va_sample,2,703.570,
4875.9872,solve.va_sample,2,703.570,
4876.4874,solve.va_sample,2,703.570,
4876.9877,solve.va_sample,2,703.570,
4877.4879,solve.va_sample,2,703.570,
4877.9882,solve.va_sample,2,703.570,
4878.4884,solve.va_sample,2,703.570,
4878.9887,solve.va_sample,2,703.570,
4879.4889,solve.va_sample,2,703.570,
4879.9892,solve.va_sample,2,703.570,
4880.4894,solve.va_sample,2,703.570,
4880.9896,solve.va_sample,2,703.570,
4881.4899,solve.va_sample,2,703.570,
4881.9901,solve.va_sample,2,703.570,
4882.4903,solve.va_sample,2,703.570,
4882.9906,solve.va_sample,2,703.570,
4883.4908,solve.va_sample,2,703.570,
4883.9910,solve.va_sample,2,703.570,
4884.4913,solve.va_sample,2,703.570,
4884.9915,solve.va_sample,2,703.570,
4885.4918,solve.va_sample,2,703.570,
4885.9920,solve.va_sample,2,703.570,
4886.4923,solve.va_sample,2,703.570,
4886.9925,solve.va_sample,2,703.570,
4887.4927,solve.va_sample,2,703.570,
4887.9930,solve.va_sample,2,703.570,
4888.4933,solve.va_sample,2,703.570,
4888.9935,solve.va_sample,2,703.570,
4889.4937,solve.va_sample,2,703.570,
4889.9940,solve.va_sample,2,703.570,
4890.4942,solve.va_sample,2,703.570,
4890.9944,solve.va_sample,2,703.570,
4891.4947,solve.va_sample,2,703.570,
4891.9949,solve.va_sample,2,703.570,
4892.4952,solve.va_sample,2,703.570,
4892.9954,solve.va_sample,2,703.570,
4893.4956,solve.va_sample,2,703.570,
4893.9959,solve.va_sample,2,703.570,
4894.4961,solve.va_sample,2,703.570,
4894.9964,solve.va_sample,2,703.570,
4895.4966,solve.va_sample,2,703.570,
4895.9969,solve.va_sample,2,703.570,
4896.4971,solve.va_sample,2,703.570,
4896.9973,solve.va_sample,2,703.570,
4897.4975,solve.va_sample,2,703.570,
4897.9978,solve.va_sample,2,703.570,
4898.4980,solve.va_sample,2,703.570,
4898.9983,solve.va_sample,2,703.570,
4899.4985,solve.va_sample,2,703.570,
4899.9987,solve.va_sample,2,703.570,
4900.4990,solve.va_sample,2,703.570,
4900.9992,solve.va_sample,2,703.570,
4901.4994,solve.va_sample,2,703.570,
4901.9997,solve.va_sample,2,703.570,
4902.4999,solve.va_sample,2,703.570,
4903.0002,solve.va_sample,2,703.570,
4903.5004,solve.va_sample,2,703.570,
4904.0007,solve.va_sample,2,703.570,
4904.5009,solve.va_sample,2,703.570,
4905.0011,solve.va_sample,2,703.570,
4905.5013,solve.va_sample,2,703.570,
4906.0016,solve.va_sample,2,703.570,
4906.5018,solve.va_sample,2,703.570,
4907.0020,solve.va_sample,2,703.570,
4907.5023,solve.va_sample,2,703.570,
4908.0025,solve.va_sample,2,703.570,
4908.5028,solve.va_sample,2,703.570,
4909.0030,solve.va_sample,2,703.570,
4909.5033,solve.va_sample,2,703.570,
4910.0035,solve.va_sample,2,703.570,
4910.5037,solve.va_sample,2,703.570,
4911.0040,solve.va_sample,2,703.570,
4911.5042,solve.va_sample,2,703.570,
4912.0045,solve.va_sample,2,703.570,
4912.5047,solve.va_sample,2,703.570,
4913.0050,solve.va_sample,2,703.570,
4913.5052,solve.va_sample,2,703.570,
4914.0055,solve.va_sample,2,703.570,
4914.5057,solve.va_sample,2,703.570,
4915.0059,solve.va_sample,2,703.570,
4915.5062,solve.va_sample,2,703.570,
4916.0064,solve.va_sample,2,703.570,
4916.5066,solve.va_sample,2,703.570,
4917.0069,solve.va_sample,2,703.570,
4917.5071,solve.va_sample,2,703.570,
4918.0073,solve.va_sample,2,703.570,
4918.5076,solve.va_sample,2,703.570,
4919.0078,solve.va_sample,2,703.570,
4919.5081,solve.va_sample,2,703.570,
4920.0083,solve.va_sample,2,703.570,
4920.5086,solve.va_sample,2,703.570,
4921.0088,solve.va_sample,2,703.570,
4921.5090,solve.va_sample,2,703.570,
4922.0093,solve.va_sample,2,703.570,
4922.5095,solve.va_sample,2,703.570,
4923.0097,solve.va_sample,2,703.570,
4923.5100,solve.va_sample,2,703.570,
4924.0102,solve.va_sample,2,703.570,
4924.5105,solve.va_sample,2,703.570,
4925.0107,solve.va_sample,2,703.570,
4925.5109,solve.va_sample,2,703.570,
4926.0112,solve.va_sample,2,703.570,
4926.5114,solve.va_sample,2,703.570,
4927.0116,solve.va_sample,2,703.570,
4927.5118,solve.va_sample,2,703.570,
4928.0121,solve.va_sample,2,703.570,
4928.5124,solve.va_sample,2,703.570,
4929.0126,solve.va_sample,2,703.570,
4929.5128,solve.va_sample,2,703.570,
4930.0131,solve.va_sample,2,703.570,
4930.5133,solve.va_sample,2,703.570,
4931.0135,solve.va_sample,2,703.570,
4931.5138,solve.va_sample,2,703.570,
4932.0140,solve.va_sample,2,703.570,
4932.5142,solve.va_sample,2,703.570,
4933.0145,solve.va_sample,2,703.570,
4933.5147,solve.va_sample,2,703.570,
4934.0149,solve.va_sample,2,703.570,
4934.5152,solve.va_sample,2,703.570,
4935.0154,solve.va_sample,2,703.570,
4935.5157,solve.va_sample,2,703.570,
4936.0159,solve.va_sample,2,703.570,
4936.5161,solve.va_sample,2,703.570,
4937.0164,solve.va_sample,2,703.570,
4937.5166,solve.va_sample,2,703.570,
4938.0169,solve.va_sample,2,703.570,
4938.5171,solve.va_sample,2,703.570,
4939.0173,solve.va_sample,2,703.570,
4939.5176,solve.va_sample,2,703.570,
4940.0178,solve.va_sample,2,703.570,
4940.5180,solve.va_sample,2,703.570,
4941.0183,solve.va_sample,2,703.570,
4941.5185,solve.va_sample,2,703.570,
4942.0188,solve.va_sample,2,703.570,
4942.5190,solve.va_sample,2,703.570,
4943.0192,solve.va_sample,2,703.570,
4943.5195,solve.va_sample,2,703.570,
4944.0197,solve.va_sample,2,703.570,
4944.5200,solve.va_sample,2,703.570,
4945.0202,solve.va_sample,2,703.570,
4945.5204,solve.va_sample,2,703.570,
4946.0207,solve.va_sample,2,703.570,
4946.5209,solve.va_sample,2,703.570,
4947.0212,solve.va_sample,2,703.570,
4947.5214,solve.va_sample,2,703.570,
4948.0217,solve.va_sample,2,703.570,
4948.5219,solve.va_sample,2,703.570,
4949.0221,solve.va_sample,2,703.570,
4949.5224,solve.va_sample,2,703.570,
4950.0226,solve.va_sample,2,703.570,
4950.5228,solve.va_sample,2,703.570,
4951.0230,solve.va_sample,2,703.570,
4951.5233,solve.va_sample,2,703.570,
4952.0235,solve.va_sample,2,703.570,
4952.5238,solve.va_sample,2,703.570,
4953.0240,solve.va_sample,2,703.570,
4953.5243,solve.va_sample,2,703.570,
4954.0245,solve.va_sample,2,703.570,
4954.5248,solve.va_sample,2,703.570,
4955.0250,solve.va_sample,2,703.570,
4955.5252,solve.va_sample,2,703.570,
4956.0255,solve.va_sample,2,703.570,
4956.5257,solve.va_sample,2,703.570,
4957.0260,solve.va_sample,2,703.570,
4957.5262,solve.va_sample,2,703.570,
4958.0264,solve.va_sample,2,703.570,
4958.5267,solve.va_sample,2,703.570,
4959.0269,solve.va_sample,2,703.570,
4959.5272,solve.va_sample,2,703.570,
4960.0274,solve.va_sample,2,703.570,
4960.5276,solve.va_sample,2,703.570,
4961.0279,solve.va_sample,2,703.570,
4961.5281,solve.va_sample,2,703.570,
4962.0284,solve.va_sample,2,703.570,
4962.5286,solve.va_sample,2,703.570,
4963.0289,solve.va_sample,2,703.570,
4963.5291,solve.va_sample,2,703.570,
4964.0293,solve.va_sample,2,703.570,
4964.5296,solve.va_sample,2,703.570,
4965.0298,solve.va_sample,2,703.570,
4965.5300,solve.va_sample,2,703.570,
4966.0303,solve.va_sample,2,703.570,
4966.5305,solve.va_sample,2,703.570,
4967.0307,solve.va_sample,2,703.570,
4967.5310,solve.va_sample,2,703.570,
4968.0312,solve.va_sample,2,703.570,
4968.5315,solve.va_sample,2,703.570,
4969.0317,solve.va_sample,2,703.570,
4969.5319,solve.va_sample,2,703.570,
4970.0322,solve.va_sample,2,703.570,
4970.5324,solve.va_sample,2,703.570,
4971.0326,solve.va_sample,2,703.570,
4971.5329,solve.va_sample,2,703.570,
4972.0331,solve.va_sample,2,703.570,
4972.5333,solve.va_sample,2,703.570,
4973.0336,solve.va_sample,2,703.570,
4973.5339,solve.va_sample,2,703.570,
4974.0341,solve.va_sample,2,703.570,
4974.5344,solve.va_sample,2,703.570,
4975.0346,solve.va_sample,2,703.570,
4975.5349,solve.va_sample,2,703.570,
4976.0352,solve.va_sample,2,703.570,
4976.5354,solve.va_sample,2,703.570,
4977.0357,solve.va_sample,2,703.570,
4977.5360,solve.va_sample,2,703.570,
4978.0362,solve.va_sample,2,703.570,
4978.5364,solve.va_sample,2,703.570,
4979.0367,solve.va_sample,2,703.570,
4979.5369,solve.va_sample,2,703.570,
4980.0372,solve.va_sample,2,703.570,
4980.5374,solve.va_sample,2,703.570,
4981.0377,solve.va_sample,2,703.570,
4981.5379,solve.va_sample,2,703.570,
4982.0381,solve.va_sample,2,703.570,
4982.5384,solve.va_sample,2,703.570,
4983.0387,solve.va_sample,2,703.570,
4983.5389,solve.va_sample,2,703.570,
4984.0392,solve.va_sample,2,703.570,
4984.5394,solve.va_sample,2,703.570,
4985.0397,solve.va_sample,2,703.570,
4985.5399,solve.va_sample,2,703.570,
4986.0402,solve.va_sample,2,703.570,
4986.5404,solve.va_sample,2,703.570,
4987.0406,solve.va_sample,2,703.570,
4987.5409,solve.va_sample,2,703.570,
4988.0412,solve.va_sample,2,703.570,
4988.5415,solve.va_sample,2,703.570,
4989.0417,solve.va_sample,2,703.570,
4989.5420,solve.va_sample,2,703.570,
4990.0423,solve.va_sample,2,703.570,
4990.5425,solve.va_sample,2,703.570,
4991.0428,solve.va_sample,2,703.570,
4991.5430,solve.va_sample,2,703.570,
4992.0433,solve.va_sample,2,703.570,
4992.5435,solve.va_sample,2,703.570,
4993.0438,solve.va_sample,2,703.570,
4993.5440,solve.va_sample,2,703.570,
4994.0442,solve.va_sample,2,703.570,
4994.5445,solve.va_sample,2,703.570,
4995.0447,solve.va_sample,2,703.570,
4995.5450,solve.va_sample,2,703.570,
4996.0452,solve.va_sample,2,703.570,
4996.5455,solve.va_sample,2,703.570,
4997.0458,solve.va_sample,2,703.570,
4997.5460,solve.va_sample,2,703.570,
4998.0462,solve.va_sample,2,703.570,
4998.5465,solve.va_sample,2,703.570,
4999.0468,solve.va_sample,2,703.570,
4999.5470,solve.va_sample,2,703.570,
5000.0473,solve.va_sample,2,703.570,
5000.5475,solve.va_sample,2,703.570,
5001.0478,solve.va_sample,2,703.570,
5001.5480,solve.va_sample,2,703.570,
5002.0483,solve.va_sample,2,703.570,
5002.5485,solve.va_sample,2,703.570,
5003.0488,solve.va_sample,2,703.570,
5003.5491,solve.va_sample,2,703.570,
5004.0493,solve.va_sample,2,703.570,
5004.5496,solve.va_sample,2,703.570,
5005.0499,solve.va_sample,2,703.570,
5005.5501,solve.va_sample,2,703.570,
5006.0504,solve.va_sample,2,703.570,
5006.5506,solve.va_sample,2,703.570,
5007.0509,solve.va_sample,2,703.570,
5007.5511,solve.va_sample,2,703.570,
5008.0514,solve.va_sample,2,703.570,
5008.5516,solve.va_sample,2,703.570,
5009.0519,solve.va_sample,2,703.570,
5009.5521,solve.va_sample,2,703.570,
5010.0524,solve.va_sample,2,703.570,
5010.5526,solve.va_sample,2,703.570,
5011.0529,solve.va_sample,2,703.570,
5011.5531,solve.va_sample,2,703.570,
5012.0534,solve.va_sample,2,703.570,
5012.5536,solve.va_sample,2,703.570,
5013.0539,solve.va_sample,2,703.570,
5013.5541,solve.va_sample,2,703.570,
5014.0545,solve.va_sample,2,703.570,
5014.5547,solve.va_sample,2,703.570,
5015.0550,solve.va_sample,2,703.570,
5015.5552,solve.va_sample,2,703.570,
5016.0555,solve.va_sample,2,703.570,
5016.5557,solve.va_sample,2,703.570,
5017.0560,solve.va_sample,2,703.570,
5017.5562,solve.va_sample,2,703.570,
5018.0564,solve.va_sample,2,703.570,
5018.5567,solve.va_sample,2,703.570,
5019.0569,solve.va_sample,2,703.570,
5019.5572,solve.va_sample,2,703.570,
5020.0574,solve.va_sample,2,703.570,
5020.5577,solve.va_sample,2,703.570,
5021.0579,solve.va_sample,2,703.570,
5021.5581,solve.va_sample,2,703.570,
5022.0584,solve.va_sample,2,703.570,
5022.5586,solve.va_sample,2,703.570,
5023.0589,solve.va_sample,2,703.570,
5023.5592,solve.va_sample,2,703.570,
5024.0594,solve.va_sample,2,703.570,
5024.5596,solve.va_sample,2,703.570,
5025.0599,solve.va_sample,2,703.570,
5025.5601,solve.va_sample,2,703.570,
5026.0604,solve.va_sample,2,703.570,
5026.5606,solve.va_sample,2,703.570,
5027.0609,solve.va_sample,2,703.570,
5027.5611,solve.va_sample,2,703.570,
5028.0614,solve.va_sample,2,703.570,
5028.5616,solve.va_sample,2,703.570,
5029.0618,solve.va_sample,2,703.570,
5029.5621,solve.va_sample,2,703.570,
5030.0623,solve.va_sample,2,703.570,
5030.5626,solve.va_sample,2,703.570,
5031.0628,solve.va_sample,2,703.570,
5031.5631,solve.va_sample,2,703.570,
5032.0633,solve.va_sample,2,703.570,
5032.5636,solve.va_sample,2,703.570,
5033.0639,solve.va_sample,2,703.570,
5033.5642,solve.va_sample,2,703.570,
5034.0644,solve.va_sample,2,703.570,
5034.5647,solve.va_sample,2,703.570,
5035.0649,solve.va_sample,2,703.570,
5035.5652,solve.va_sample,2,703.570,
5036.0654,solve.va_sample,2,703.570,
5036.5656,solve.va_sample,2,703.570,
5037.0659,solve.va_sample,2,703.570,
5037.5661,solve.va_sample,2,703.570,
5038.0664,solve.va_sample,2,703.570,
5038.5666,solve.va_sample,2,703.570,
5039.0668,solve.va_sample,2,703.570,
5039.5671,solve.va_sample,2,703.570,
5040.0673,solve.va_sample,2,703.570,
5040.5676,solve.va_sample,2,703.570,
5041.0678,solve.va_sample,2,703.570,
5041.5681,solve.va_sample,2,703.570,
5042.0683,solve.va_sample,2,703.570,
5042.5686,solve.va_sample,2,703.570,
5043.0688,solve.va_sample,2,703.570,
5043.5691,solve.va_sample,2,703.570,
5044.0693,solve.va_sample,2,703.570,
5044.5696,solve.va_sample,2,703.570,
5045.0699,solve.va_sample,2,703.570,
5045.5701,solve.va_sample,2,703.570,
5046.0704,solve.va_sample,2,703.570,
5046.5706,solve.va_sample,2,703.570,
5047.0708,solve.va_sample,2,703.570,
5047.5711,solve.va_sample,2,703.570,
5048.0714,solve.va_sample,2,703.570,
5048.5717,solve.va_sample,2,703.570,
5049.0719,solve.va_sample,2,703.570,
5049.5722,solve.va_sample,2,703.570,
5050.0724,solve.va_sample,2,703.570,
5050.5727,solve.va_sample,2,703.570,
5051.0729,solve.va_sample,2,703.570,
5051.5732,solve.va_sample,2,703.570,
5052.0734,solve.va_sample,2,703.570,
5052.5737,solve.va_sample,2,703.570,
5053.0739,solve.va_sample,2,703.570,
5053.5742,solve.va_sample,2,703.570,
5054.0744,solve.va_sample,2,703.570,
5054.5747,solve.va_sample,2,703.570,
5055.0750,solve.va_sample,2,703.570,
5055.5752,solve.va_sample,2,703.570,
5056.0755,solve.va_sample,2,703.570,
5056.5757,solve.va_sample,2,703.570,
5057.0760,solve.va_sample,2,703.828,
5057.5763,solve.va_sample,2,703.828,
5058.0765,solve.va_sample,2,703.828,
5058.5767,solve.va_sample,2,703.828,
5059.0770,solve.va_sample,2,703.828,
5059.5772,solve.va_sample,2,703.828,
5060.0775,solve.va_sample,2,703.828,
5060.5778,solve.va_sample,2,703.828,
5061.0780,solve.va_sample,2,703.828,
5061.5783,solve.va_sample,2,703.828,
5062.0785,solve.va_sample,2,703.828,
5062.5788,solve.va_sample,2,703.828,
5063.0790,solve.va_sample,2,703.828,
5063.5793,solve.va_sample,2,703.828,
5064.0795,solve.va_sample,2,703.828,
5064.5798,solve.va_sample,2,703.828,
5065.0800,solve.va_sample,2,703.828,
5065.5803,solve.va_sample,2,703.828,
5066.0806,solve.va_sample,2,703.828,
5066.5808,solve.va_sample,2,703.828,
5067.0811,solve.va_sample,2,703.828,
5067.5813,solve.va_sample,2,703.828,
5068.0816,solve.va_sample,2,703.828,
5068.5818,solve.va_sample,2,703.828,
5069.0820,solve.va_sample,2,703.828,
5069.5823,solve.va_sample,2,703.828,
5070.0825,solve.va_sample,2,703.828,
5070.5828,solve.va_sample,2,703.828,
5071.0830,solve.va_sample,2,703.828,
5071.5832,solve.va_sample,2,703.828,
5072.0835,solve.va_sample,2,703.828,
5072.5837,solve.va_sample,2,703.828,
5073.0840,solve.va_sample,2,703.828,
5073.5842,solve.va_sample,2,703.828,
5074.0845,solve.va_sample,2,703.828,
5074.5847,solve.va_sample,2,703.828,
5075.0849,solve.va_sample,2,703.828,
5075.5852,solve.va_sample,2,703.828,
5076.0854,solve.va_sample,2,703.828,
5076.5857,solve.va_sample,2,703.828,
5077.0859,solve.va_sample,2,703.828,
5077.5861,solve.va_sample,2,703.828,
5078.0864,solve.va_sample,2,703.828,
5078.5866,solve.va_sample,2,703.828,
5079.0869,solve.va_sample,2,703.828,
5079.5871,solve.va_sample,2,703.828,
5080.0873,solve.va_sample,2,703.828,
5080.5876,solve.va_sample,2,703.828,
5081.0878,solve.va_sample,2,703.828,
5081.5881,solve.va_sample,2,703.828,
5082.0883,solve.va_sample,2,703.828,
5082.5886,solve.va_sample,2,703.828,
5083.0888,solve.va_sample,2,703.828,
5083.5891,solve.va_sample,2,703.828,
5084.0893,solve.va_sample,2,703.828,
5084.5896,solve.va_sample,2,703.828,
5085.0898,solve.va_sample,2,703.828,
5085.5900,solve.va_sample,2,703.828,
5086.0903,solve.va_sample,2,703.828,
5086.5905,solve.va_sample,2,703.828,
5087.0908,solve.va_sample,2,703.828,
5087.5910,solve.va_sample,2,703.828,
5088.0913,solve.va_sample,2,703.828,
5088.5915,solve.va_sample,2,703.828,
5089.0917,solve.va_sample,2,703.828,
5089.5920,solve.va_sample,2,703.828,
5090.0922,solve.va_sample,2,703.828,
5090.5925,solve.va_sample,2,703.828,
5091.0927,solve.va_sample,2,703.828,
5091.5930,solve.va_sample,2,703.828,
5092.0932,solve.va_sample,2,703.828,
5092.5934,solve.va_sample,2,703.828,
5093.0937,solve.va_sample,2,703.828,
5093.5940,solve.va_sample,2,703.828,
5094.0942,solve.va_sample,2,703.828,
5094.5945,solve.va_sample,2,703.828,
5095.0947,solve.va_sample,2,703.828,
5095.5950,solve.va_sample,2,703.828,
5096.0952,solve.va_sample,2,703.828,
5096.5955,solve.va_sample,2,703.828,
5097.0957,solve.va_sample,2,703.828,
5097.5959,solve.va_sample,2,703.828,
5098.0962,solve.va_sample,2,703.828,
5098.5964,solve.va_sample,2,703.828,
5099.0967,solve.va_sample,2,703.828,
5099.5969,solve.va_sample,2,703.828,
5100.0972,solve.va_sample,2,703.828,
5100.5974,solve.va_sample,2,703.828,
5101.0977,solve.va_sample,2,703.828,
5101.5979,solve.va_sample,2,703.828,
5102.0981,solve.va_sample,2,703.828,
5102.5984,solve.va_sample,2,703.828,
5103.0986,solve.va_sample,2,703.828,
5103.5989,solve.va_sample,2,703.828,
5104.0991,solve.va_sample,2,703.828,
5104.5994,solve.va_sample,2,703.828,
5105.0996,solve.va_sample,2,703.828,
5105.5998,solve.va_sample,2,703.828,
5106.1001,solve.va_sample,2,703.828,
5106.6003,solve.va_sample,2,703.828,
5107.1006,solve.va_sample,2,703.828,
5107.6008,solve.va_sample,2,703.828,
5108.1011,solve.va_sample,2,703.828,
5108.6013,solve.va_sample,2,703.828,
5109.1016,solve.va_sample,2,703.828,
5109.6018,solve.va_sample,2,703.828,
5110.1020,solve.va_sample,2,703.828,
5110.6023,solve.va_sample,2,703.828,
5111.1025,solve.va_sample,2,703.828,
5111.6028,solve.va_sample,2,703.828,
5112.1030,solve.va_sample,2,703.828,
5112.6033,solve.va_sample,2,703.828,
5113.1035,solve.va_sample,2,703.828,
5113.6038,solve.va_sample,2,703.828,
5114.1040,solve.va_sample,2,703.828,
5114.6042,solve.va_sample,2,703.828,
5115.1045,solve.va_sample,2,703.828,
5115.6047,solve.va_sample,2,703.828,
5116.1050,solve.va_sample,2,703.828,
5116.6052,solve.va_sample,2,703.828,
5117.1055,solve.va_sample,2,703.828,
5117.6057,solve.va_sample,2,703.828,
5118.1060,solve.va_sample,2,703.828,
5118.6063,solve.va_sample,2,703.828,
5119.1065,solve.va_sample,2,703.828,
5119.6067,solve.va_sample,2,703.828,
5120.1070,solve.va_sample,2,703.828,
5120.6072,solve.va_sample,2,703.828,
5121.1075,solve.va_sample,2,703.828,
5121.6077,solve.va_sample,2,703.828,
5122.1080,solve.va_sample,2,703.828,
5122.6082,solve.va_sample,2,703.828,
5123.1084,solve.va_sample,2,703.828,
5123.6087,solve.va_sample,2,703.828,
5124.1089,solve.va_sample,2,703.828,
5124.6092,solve.va_sample,2,703.828,
5125.1094,solve.va_sample,2,703.828,
5125.6097,solve.va_sample,2,703.828,
5126.1099,solve.va_sample,2,703.828,
5126.6101,solve.va_sample,2,703.828,
5127.1104,solve.va_sample,2,703.828,
5127.6106,solve.va_sample,2,703.828,
5128.1109,solve.va_sample,2,703.828,
5128.6111,solve.va_sample,2,703.828,
5129.1114,solve.va_sample,2,703.828,
5129.6116,solve.va_sample,2,703.828,
5130.1118,solve.va_sample,2,703.828,
5130.6121,solve.va_sample,2,703.828,
5131.1123,solve.va_sample,2,703.828,
5131.6125,solve.va_sample,2,703.828,
5132.1128,solve.va_sample,2,703.828,
5132.6130,solve.va_sample,2,703.828,
5133.1133,solve.va_sample,2,703.828,
5133.6135,solve.va_sample,2,703.828,
5134.1138,solve.va_sample,2,703.828,
5134.6140,solve.va_sample,2,703.828,
5135.1142,solve.va_sample,2,703.828,
5135.6145,solve.va_sample,2,703.828,
5136.1147,solve.va_sample,2,703.828,
5136.6150,solve.va_sample,2,703.828,
5137.1152,solve.va_sample,2,703.828,
5137.6154,solve.va_sample,2,703.828,
5138.1157,solve.va_sample,2,703.828,
5138.6159,solve.va_sample,2,703.828,
5139.1161,solve.va_sample,2,703.828,
5139.6164,solve.va_sample,2,703.828,
5140.1166,solve.va_sample,2,703.828,
5140.6168,solve.va_sample,2,703.828,
5141.1171,solve.va_sample,2,703.828,
5141.6173,solve.va_sample,2,703.828,
5142.1176,solve.va_sample,2,703.828,
5142.6178,solve.va_sample,2,703.828,
5143.1181,solve.va_sample,2,703.828,
5143.6183,solve.va_sample,2,703.828,
5144.1186,solve.va_sample,2,703.828,
5144.6188,solve.va_sample,2,703.828,
5145.1190,solve.va_sample,2,703.828,
5145.6193,solve.va_sample,2,703.828,
5146.1195,solve.va_sample,2,703.828,
5146.6198,solve.va_sample,2,703.828,
5147.1200,solve.va_sample,2,703.828,
5147.6202,solve.va_sample,2,703.828,
5148.1205,solve.va_sample,2,703.828,
5148.6207,solve.va_sample,2,703.828,
5149.1209,solve.va_sample,2,703.828,
5149.6212,solve.va_sample,2,703.828,
5150.1214,solve.va_sample,2,703.828,
5150.6217,solve.va_sample,2,703.828,
5151.1219,solve.va_sample,2,703.828,
5151.6222,solve.va_sample,2,703.828,
5152.1224,solve.va_sample,2,703.828,
5152.6226,solve.va_sample,2,703.828,
5153.1229,solve.va_sample,2,703.828,
5153.6232,solve.va_sample,2,703.828,
5154.1235,solve.va_sample,2,703.828,
5154.6237,solve.va_sample,2,703.828,
5155.1240,solve.va_sample,2,703.828,
5155.6242,solve.va_sample,2,703.828,
5156.1245,solve.va_sample,2,703.828,
5156.6247,solve.va_sample,2,703.828,
5157.1250,solve.va_sample,2,703.828,
5157.6252,solve.va_sample,2,703.828,
5158.1255,solve.va_sample,2,703.828,
5158.6258,solve.va_sample,2,703.828,
5159.1260,solve.va_sample,2,703.828,
5159.6263,solve.va_sample,2,703.828,
5160.1265,solve.va_sample,2,703.828,
5160.6268,solve.va_sample,2,703.828,
5161.1270,solve.va_sample,2,703.828,
5161.6273,solve.va_sample,2,703.828,
5162.1276,solve.va_sample,2,703.828,
5162.6278,solve.va_sample,2,703.828,
5163.1281,solve.va_sample,2,703.828,
5163.6283,solve.va_sample,2,703.828,
5164.1286,solve.va_sample,2,703.828,
5164.6289,solve.va_sample,2,703.828,
5165.1291,solve.va_sample,2,703.828,
5165.6294,solve.va_sample,2,703.828,
5166.1296,solve.va_sample,2,703.828,
5166.6299,solve.va_sample,2,703.828,
5167.1301,solve.va_sample,2,703.828,
5167.6303,solve.va_sample,2,703.828,
5168.1306,solve.va_sample,2,703.828,
5168.6309,solve.va_sample,2,703.828,
5169.1311,solve.va_sample,2,703.828,
5169.6314,solve.va_sample,2,703.828,
5170.1317,solve.va_sample,2,703.828,
5170.6320,solve.va_sample,2,703.828,
5171.1322,solve.va_sample,2,703.828,
5171.6325,solve.va_sample,2,703.828,
5172.1327,solve.va_sample,2,703.828,
5172.6330,solve.va_sample,2,703.828,
5173.1332,solve.va_sample,2,703.828,
5173.6334,solve.va_sample,2,703.828,
5174.1337,solve.va_sample,2,703.828,
5174.6339,solve.va_sample,2,703.828,
5175.1342,solve.va_sample,2,703.828,
5175.6344,solve.va_sample,2,703.828,
5176.1346,solve.va_sample,2,703.828,
5176.6349,solve.va_sample,2,703.828,
5177.1351,solve.va_sample,2,703.828,
5177.6353,solve.va_sample,2,703.828,
5178.1356,solve.va_sample,2,703.828,
5178.6358,solve.va_sample,2,703.828,
5179.1360,solve.va_sample,2,703.828,
5179.6363,solve.va_sample,2,703.828,
5180.1365,solve.va_sample,2,703.828,
5180.6367,solve.va_sample,2,703.828,
5181.1370,solve.va_sample,2,703.828,
5181.6372,solve.va_sample,2,703.828,
5182.1374,solve.va_sample,2,703.828,
5182.6376,solve.va_sample,2,703.828,
5183.1379,solve.va_sample,2,703.828,
5183.6381,solve.va_sample,2,703.828,
5184.1383,solve.va_sample,2,703.828,
5184.6386,solve.va_sample,2,703.828,
5185.1388,solve.va_sample,2,703.828,
5185.6390,solve.va_sample,2,703.828,
5186.1393,solve.va_sample,2,703.828,
5186.6395,solve.va_sample,2,703.828,
5187.1398,solve.va_sample,2,703.828,
5187.6400,solve.va_sample,2,703.828,
5188.1402,solve.va_sample,2,703.828,
5188.6405,solve.va_sample,2,703.828,
5189.1407,solve.va_sample,2,703.828,
5189.6409,solve.va_sample,2,703.828,
5190.1412,solve.va_sample,2,703.828,
5190.6414,solve.va_sample,2,703.828,
5191.1416,solve.va_sample,2,703.828,
5191.6419,solve.va_sample,2,703.828,
5192.1421,solve.va_sample,2,703.828,
5192.6423,solve.va_sample,2,703.828,
5193.1426,solve.va_sample,2,703.828,
5193.6428,solve.va_sample,2,703.828,
5194.1430,solve.va_sample,2,703.828,
5194.6433,solve.va_sample,2,703.828,
5195.1435,solve.va_sample,2,703.828,
5195.6438,solve.va_sample,2,703.828,
5196.1440,solve.va_sample,2,703.828,
5196.6443,solve.va_sample,2,703.828,
5197.1445,solve.va_sample,2,703.828,
5197.6447,solve.va_sample,2,703.828,
5198.1450,solve.va_sample,2,703.828,
5198.6452,solve.va_sample,2,703.828,
5199.1454,solve.va_sample,2,703.828,
5199.6457,solve.va_sample,2,703.828,
5200.1459,solve.va_sample,2,703.828,
5200.6461,solve.va_sample,2,703.828,
5201.1464,solve.va_sample,2,703.828,
5201.6466,solve.va_sample,2,703.828,
5202.1469,solve.va_sample,2,703.828,
5202.6471,solve.va_sample,2,703.828,
5203.1473,solve.va_sample,2,703.828,
5203.6476,solve.va_sample,2,703.828,
5204.1478,solve.va_sample,2,703.828,
5204.6481,solve.va_sample,2,703.828,
5205.1483,solve.va_sample,2,703.828,
5205.6486,solve.va_sample,2,703.828,
5206.1489,solve.va_sample,2,703.828,
5206.6491,solve.va_sample,2,703.828,
5207.1494,solve.va_sample,2,703.828,
5207.6496,solve.va_sample,2,703.828,
5208.1498,solve.va_sample,2,703.828,
5208.6501,solve.va_sample,2,703.828,
5209.1503,solve.va_sample,2,703.828,
5209.6506,solve.va_sample,2,703.828,
5210.1508,solve.va_sample,2,703.828,
5210.6511,solve.va_sample,2,703.828,
5211.1514,solve.va_sample,2,703.828,
5211.6516,solve.va_sample,2,703.828,
5212.1518,solve.va_sample,2,703.828,
5212.6521,solve.va_sample,2,703.828,
5213.1523,solve.va_sample,2,703.828,
5213.6526,solve.va_sample,2,703.828,
5214.1529,solve.va_sample,2,703.828,
5214.6531,solve.va_sample,2,703.828,
5215.1534,solve.va_sample,2,703.828,
5215.6536,solve.va_sample,2,703.828,
5216.1539,solve.va_sample,2,703.828,
5216.6541,solve.va_sample,2,703.828,
5217.1544,solve.va_sample,2,703.828,
5217.6546,solve.va_sample,2,703.828,
5218.1548,solve.va_sample,2,703.828,
5218.6551,solve.va_sample,2,703.828,
5219.1553,solve.va_sample,2,703.828,
5219.6556,solve.va_sample,2,703.828,
5220.1558,solve.va_sample,2,703.828,
5220.6561,solve.va_sample,2,703.828,
5221.1563,solve.va_sample,2,703.828,
5221.6566,solve.va_sample,2,703.828,
5222.1568,solve.va_sample,2,703.828,
5222.6571,solve.va_sample,2,703.828,
5223.1573,solve.va_sample,2,703.828,
5223.6576,solve.va_sample,2,703.828,
5224.1578,solve.va_sample,2,703.828,
5224.6580,solve.va_sample,2,703.828,
5225.1583,solve.va_sample,2,703.828,
5225.6585,solve.va_sample,2,703.828,
5226.1588,solve.va_sample,2,703.828,
5226.6590,solve.va_sample,2,703.828,
5227.1592,solve.va_sample,2,703.828,
5227.6595,solve.va_sample,2,703.828,
5228.1597,solve.va_sample,2,703.828,
5228.6600,solve.va_sample,2,703.828,
5229.1602,solve.va_sample,2,703.828,
5229.6605,solve.va_sample,2,703.828,
5230.1607,solve.va_sample,2,703.828,
5230.6609,solve.va_sample,2,703.828,
5231.1612,solve.va_sample,2,703.828,
5231.6614,solve.va_sample,2,703.828,
5232.1616,solve.va_sample,2,703.828,
5232.6619,solve.va_sample,2,703.828,
5233.1621,solve.va_sample,2,703.828,
5233.6624,solve.va_sample,2,703.828,
5234.1626,solve.va_sample,2,703.828,
5234.6628,solve.va_sample,2,703.828,
5235.1631,solve.va_sample,2,703.828,
5235.6633,solve.va_sample,2,703.828,
5236.1636,solve.va_sample,2,703.828,
5236.6638,solve.va_sample,2,703.828,
5237.1641,solve.va_sample,2,703.828,
5237.6643,solve.va_sample,2,703.828,
5238.1645,solve.va_sample,2,703.828,
5238.6648,solve.va_sample,2,703.828,
5239.1650,solve.va_sample,2,703.828,
5239.6653,solve.va_sample,2,703.828,
5240.1655,solve.va_sample,2,703.828,
5240.6658,solve.va_sample,2,703.828,
5241.1660,solve.va_sample,2,703.828,
5241.6663,solve.va_sample,2,703.828,
5242.1665,solve.va_sample,2,703.828,
5242.6667,solve.va_sample,2,703.828,
5243.1670,solve.va_sample,2,703.828,
5243.6672,solve.va_sample,2,703.828,
5244.1675,solve.va_sample,2,703.828,
5244.6677,solve.va_sample,2,703.828,
5245.1680,solve.va_sample,2,703.828,
5245.6682,solve.va_sample,2,703.828,
5246.1684,solve.va_sample,2,703.828,
5246.6687,solve.va_sample,2,703.828,
5247.1689,solve.va_sample,2,703.828,
5247.6692,solve.va_sample,2,703.828,
5248.1694,solve.va_sample,2,703.828,
5248.6696,solve.va_sample,2,703.828,
5249.1699,solve.va_sample,2,703.828,
5249.6701,solve.va_sample,2,703.828,
5250.1704,solve.va_sample,2,703.828,
5250.6706,solve.va_sample,2,703.828,
5251.1708,solve.va_sample,2,703.828,
5251.6711,solve.va_sample,2,703.828,
5252.1713,solve.va_sample,2,703.828,
5252.6716,solve.va_sample,2,703.828,
5253.1718,solve.va_sample,2,703.828,
5253.6721,solve.va_sample,2,703.828,
5254.1723,solve.va_sample,2,703.828,
5254.6725,solve.va_sample,2,703.828,
5255.1728,solve.va_sample,2,703.828,
5255.6730,solve.va_sample,2,703.828,
5256.1733,solve.va_sample,2,703.828,
5256.6735,solve.va_sample,2,703.828,
5257.1737,solve.va_sample,2,703.828,
5257.6740,solve.va_sample,2,703.828,
5258.1742,solve.va_sample,2,703.828,
5258.6745,solve.va_sample,2,703.828,
5259.1747,solve.va_sample,2,703.828,
5259.6750,solve.va_sample,2,703.828,
5260.1752,solve.va_sample,2,703.828,
5260.6755,solve.va_sample,2,703.828,
5261.1757,solve.va_sample,2,703.828,
5261.6759,solve.va_sample,2,703.828,
5262.1762,solve.va_sample,2,703.828,
5262.6764,solve.va_sample,2,703.828,
5263.1767,solve.va_sample,2,703.828,
5263.6769,solve.va_sample,2,703.828,
5264.1771,solve.va_sample,2,703.828,
5264.6774,solve.va_sample,2,703.828,
5265.1776,solve.va_sample,2,703.828,
5265.6778,solve.va_sample,2,703.828,
5266.1781,solve.va_sample,2,703.828,
5266.6783,solve.va_sample,2,703.828,
5267.1786,solve.va_sample,2,703.828,
5267.6788,solve.va_sample,2,703.828,
5268.1790,solve.va_sample,2,703.828,
5268.6793,solve.va_sample,2,703.828,
5269.1795,solve.va_sample,2,703.828,
5269.6798,solve.va_sample,2,703.828,
5270.1800,solve.va_sample,2,703.828,
5270.6803,solve.va_sample,2,703.828,
5271.1805,solve.va_sample,2,703.828,
5271.6808,solve.va_sample,2,703.828,
5272.1810,solve.va_sample,2,703.828,
5272.6812,solve.va_sample,2,703.828,
5273.1815,solve.va_sample,2,703.828,
5273.6818,solve.va_sample,2,703.828,
5274.1820,solve.va_sample,2,703.828,
5274.6823,solve.va_sample,2,703.828,
5275.1826,solve.va_sample,2,703.828,
5275.6828,solve.va_sample,2,703.828,
5276.1830,solve.va_sample,2,703.828,
5276.6833,solve.va_sample,2,703.828,
5277.1835,solve.va_sample,2,703.828,
5277.6837,solve.va_sample,2,703.828,
5278.1840,solve.va_sample,2,703.828,
5278.6842,solve.va_sample,2,703.828,
5279.1845,solve.va_sample,2,703.828,
5279.6847,solve.va_sample,2,703.828,
5280.1849,solve.va_sample,2,703.828,
5280.6852,solve.va_sample,2,703.828,
5281.1854,solve.va_sample,2,703.828,
5281.6857,solve.va_sample,2,703.828,
5282.1859,solve.va_sample,2,703.828,
5282.6861,solve.va_sample,2,703.828,
5283.1864,solve.va_sample,2,703.828,
5283.6866,solve.va_sample,2,703.828,
5284.1868,solve.va_sample,2,703.828,
5284.6871,solve.va_sample,2,703.828,
5285.1873,solve.va_sample,2,703.828,
5285.6876,solve.va_sample,2,703.828,
5286.1878,solve.va_sample,2,703.828,
5286.6880,solve.va_sample,2,703.828,
5287.1883,solve.va_sample,2,703.828,
5287.6885,solve.va_sample,2,703.828,
5288.1887,solve.va_sample,2,703.828,
5288.6890,solve.va_sample,2,703.828,
5289.1892,solve.va_sample,2,703.828,
5289.6895,solve.va_sample,2,703.828,
5290.1897,solve.va_sample,2,703.828,
5290.6899,solve.va_sample,2,703.828,
5291.1902,solve.va_sample,2,703.828,
5291.6904,solve.va_sample,2,703.828,
5292.1907,solve.va_sample,2,703.828,
5292.6909,solve.va_sample,2,703.828,
5293.1911,solve.va_sample,2,703.828,
5293.6914,solve.va_sample,2,703.828,
5294.1916,solve.va_sample,2,703.828,
5294.6918,solve.va_sample,2,703.828,
5295.1921,solve.va_sample,2,703.828,
5295.6923,solve.va_sample,2,703.828,
5296.1926,solve.va_sample,2,703.828,
5296.6928,solve.va_sample,2,703.828,
5297.1930,solve.va_sample,2,703.828,
5297.6933,solve.va_sample,2,703.828,
5298.1935,solve.va_sample,2,703.828,
5298.6938,solve.va_sample,2,703.828,
5299.1940,solve.va_sample,2,703.828,
5299.6942,solve.va_sample,2,703.828,
5300.1945,solve.va_sample,2,703.828,
5300.6948,solve.va_sample,2,703.828,
5301.1950,solve.va_sample,2,703.828,
5301.6953,solve.va_sample,2,703.828,
5302.1955,solve.va_sample,2,703.828,
5302.6958,solve.va_sample,2,703.828,
5303.1961,solve.va_sample,2,703.828,
5303.6963,solve.va_sample,2,703.828,
5304.1966,solve.va_sample,2,703.828,
5304.6968,solve.va_sample,2,703.828,
5305.1971,solve.va_sample,2,703.828,
5305.6973,solve.va_sample,2,703.828,
5306.1976,solve.va_sample,2,703.828,
5306.6979,solve.va_sample,2,703.828,
5307.1981,solve.va_sample,2,703.828,
5307.6983,solve.va_sample,2,703.828,
5308.1986,solve.va_sample,2,703.828,
5308.6988,solve.va_sample,2,703.828,
5309.1991,solve.va_sample,2,703.828,
5309.6993,solve.va_sample,2,703.828,
5310.1996,solve.va_sample,2,703.828,
5310.6998,solve.va_sample,2,703.828,
5311.2001,solve.va_sample,2,703.828,
5311.7003,solve.va_sample,2,703.828,
5312.2006,solve.va_sample,2,703.828,
5312.7008,solve.va_sample,2,703.828,
5313.2011,solve.va_sample,2,703.828,
5313.7013,solve.va_sample,2,703.828,
5314.2016,solve.va_sample,2,703.828,
5314.7019,solve.va_sample,2,703.828,
5315.2021,solve.va_sample,2,703.828,
5315.7023,solve.va_sample,2,703.828,
5316.2026,solve.va_sample,2,703.828,
5316.7028,solve.va_sample,2,703.828,
5317.2031,solve.va_sample,2,703.828,
5317.7033,solve.va_sample,2,703.828,
5318.2036,solve.va_sample,2,703.828,
5318.7038,solve.va_sample,2,703.828,
5319.2040,solve.va_sample,2,703.828,
5319.7043,solve.va_sample,2,703.828,
5320.2045,solve.va_sample,2,703.828,
5320.7047,solve.va_sample,2,703.828,
5321.2050,solve.va_sample,2,703.828,
5321.7052,solve.va_sample,2,703.828,
5322.2055,solve.va_sample,2,703.828,
5322.7057,solve.va_sample,2,703.828,
5323.2060,solve.va_sample,2,703.828,
5323.7062,solve.va_sample,2,703.828,
5324.2065,solve.va_sample,2,703.828,
5324.7068,solve.va_sample,2,703.828,
5325.2070,solve.va_sample,2,703.828,
5325.7072,solve.va_sample,2,703.828,
5326.2075,solve.va_sample,2,703.828,
5326.7078,solve.va_sample,2,703.828,
5327.2080,solve.va_sample,2,703.828,
5327.7083,solve.va_sample,2,703.828,
5328.2085,solve.va_sample,2,703.828,
5328.7088,solve.va_sample,2,703.828,
5329.2090,solve.va_sample,2,703.828,
5329.7093,solve.va_sample,2,703.828,
5330.2095,solve.va_sample,2,703.828,
5330.7098,solve.va_sample,2,703.828,
5331.2100,solve.va_sample,2,703.828,
5331.7102,solve.va_sample,2,703.828,
5332.2105,solve.va_sample,2,703.828,
5332.7108,solve.va_sample,2,703.828,
5333.2110,solve.va_sample,2,703.828,
5333.7113,solve.va_sample,2,703.828,
5334.2116,solve.va_sample,2,703.828,
5334.7118,solve.va_sample,2,703.828,
5335.2120,solve.va_sample,2,703.828,
5335.7123,solve.va_sample,2,703.828,
5336.2125,solve.va_sample,2,703.828,
5336.7128,solve.va_sample,2,703.828,
5337.2130,solve.va_sample,2,703.828,
5337.7133,solve.va_sample,2,703.828,
5338.2135,solve.va_sample,2,703.828,
5338.7137,solve.va_sample,2,703.828,
5339.2140,solve.va_sample,2,703.828,
5339.7142,solve.va_sample,2,703.828,
5340.2144,solve.va_sample,2,703.828,
5340.7147,solve.va_sample,2,703.828,
5341.2149,solve.va_sample,2,703.828,
5341.7152,solve.va_sample,2,703.828,
5342.2154,solve.va_sample,2,703.828,
5342.7156,solve.va_sample,2,703.828,
5343.2159,solve.va_sample,2,703.828,
5343.7161,solve.va_sample,2,703.828,
5344.2163,solve.va_sample,2,703.828,
5344.7166,solve.va_sample,2,703.828,
5345.2168,solve.va_sample,2,703.828,
5345.7170,solve.va_sample,2,703.828,
5346.2173,solve.va_sample,2,703.828,
5346.7175,solve.va_sample,2,703.828,
5347.2178,solve.va_sample,2,703.828,
5347.7180,solve.va_sample,2,703.828,
5348.2182,solve.va_sample,2,703.828,
5348.7185,solve.va_sample,2,703.828,
5349.2187,solve.va_sample,2,703.828,
5349.7190,solve.va_sample,2,703.828,
5350.2192,solve.va_sample,2,703.828,
5350.7195,solve.va_sample,2,703.828,
5351.2197,solve.va_sample,2,703.828,
5351.7199,solve.va_sample,2,703.828,
5352.2202,solve.va_sample,2,703.828,
5352.7204,solve.va_sample,2,703.828,
5353.2207,solve.va_sample,2,703.828,
5353.7209,solve.va_sample,2,703.828,
5354.2211,solve.va_sample,2,703.828,
5354.7214,solve.va_sample,2,703.828,
5355.2216,solve.va_sample,2,703.828,
5355.7218,solve.va_sample,2,703.828,
5356.2221,solve.va_sample,2,703.828,
5356.7223,solve.va_sample,2,703.828,
5357.2226,solve.va_sample,2,703.828,
5357.7228,solve.va_sample,2,703.828,
5358.2230,solve.va_sample,2,703.828,
5358.7233,solve.va_sample,2,703.828,
5359.2235,solve.va_sample,2,703.828,
5359.7238,solve.va_sample,2,703.828,
5360.2240,solve.va_sample,2,703.828,
5360.7243,solve.va_sample,2,703.828,
5361.2245,solve.va_sample,2,703.828,
5361.7248,solve.va_sample,2,703.828,
5362.2250,solve.va_sample,2,703.828,
5362.7252,solve.va_sample,2,703.828,
5363.2255,solve.va_sample,2,703.828,
5363.7257,solve.va_sample,2,703.828,
5364.2260,solve.va_sample,2,703.828,
5364.7262,solve.va_sample,2,703.828,
5365.2264,solve.va_sample,2,703.828,
5365.7266,solve.va_sample,2,703.828,
5366.2269,solve.va_sample,2,703.828,
5366.7271,solve.va_sample,2,703.828,
5367.2274,solve.va_sample,2,703.828,
5367.7276,solve.va_sample,2,703.828,
5368.2278,solve.va_sample,2,703.828,
5368.7281,solve.va_sample,2,703.828,
5369.2283,solve.va_sample,2,703.828,
5369.7286,solve.va_sample,2,703.828,
5370.2288,solve.va_sample,2,703.828,
5370.7290,solve.va_sample,2,703.828,
5371.2293,solve.va_sample,2,703.828,
5371.7295,solve.va_sample,2,703.828,
5372.2298,solve.va_sample,2,703.828,
5372.7300,solve.va_sample,2,703.828,
5373.2302,solve.va_sample,2,703.828,
5373.7305,solve.va_sample,2,703.828,
5374.2307,solve.va_sample,2,703.828,
5374.7310,solve.va_sample,2,703.828,
5375.2312,solve.va_sample,2,703.828,
5375.7314,solve.va_sample,2,703.828,
5376.2317,solve.va_sample,2,703.828,
5376.7319,solve.va_sample,2,703.828,
5377.2321,solve.va_sample,2,703.828,
5377.7324,solve.va_sample,2,703.828,
5378.2326,solve.va_sample,2,703.828,
5378.7329,solve.va_sample,2,703.828,
5379.2331,solve.va_sample,2,703.828,
5379.7334,solve.va_sample,2,703.828,
5380.2336,solve.va_sample,2,703.828,
5380.7338,solve.va_sample,2,703.828,
5381.2341,solve.va_sample,2,703.828,
5381.7343,solve.va_sample,2,703.828,
5382.2346,solve.va_sample,2,703.828,
5382.7348,solve.va_sample,2,703.828,
5383.2350,solve.va_sample,2,703.828,
5383.7353,solve.va_sample,2,703.828,
5384.2355,solve.va_sample,2,703.828,
5384.7358,solve.va_sample,2,703.828,
5385.2360,solve.va_sample,2,703.828,
5385.7362,solve.va_sample,2,703.828,
5386.2365,solve.va_sample,2,703.828,
5386.7367,solve.va_sample,2,703.828,
5387.2369,solve.va_sample,2,703.828,
5387.7372,solve.va_sample,2,703.828,
5388.2374,solve.va_sample,2,703.828,
5388.7376,solve.va_sample,2,703.828,
5389.2379,solve.va_sample,2,703.828,
5389.7381,solve.va_sample,2,703.828,
5390.2383,solve.va_sample,2,703.828,
5390.7386,solve.va_sample,2,703.828,
5391.2388,solve.va_sample,2,703.828,
5391.7391,solve.va_sample,2,703.828,
5392.2393,solve.va_sample,2,703.828,
5392.7395,solve.va_sample,2,703.828,
5393.2398,solve.va_sample,2,703.828,
5393.7401,solve.va_sample,2,703.828,
5394.2404,solve.va_sample,2,703.828,
5394.7406,solve.va_sample,2,703.828,
5395.2409,solve.va_sample,2,703.828,
5395.7411,solve.va_sample,2,703.828,
5396.2414,solve.va_sample,2,703.828,
5396.7416,solve.va_sample,2,703.828,
5397.2419,solve.va_sample,2,703.828,
5397.7421,solve.va_sample,2,703.828,
5398.2424,solve.va_sample,2,703.828,
5398.7426,solve.va_sample,2,704.086,
5399.2429,solve.va_sample,2,704.086,
5399.7431,solve.va_sample,2,704.086,
5400.2433,solve.va_sample,2,704.086,
5400.7436,solve.va_sample,2,704.086,
5401.2438,solve.va_sample,2,704.086,
5401.7441,solve.va_sample,2,704.086,
5402.2443,solve.va_sample,2,704.086,
5402.7446,solve.va_sample,2,704.086,
5403.2448,solve.va_sample,2,704.086,
5403.7451,solve.va_sample,2,704.086,
5404.2453,solve.va_sample,2,704.086,
5404.7456,solve.va_sample,2,704.086,
5405.2458,solve.va_sample,2,704.086,
5405.7461,solve.va_sample,2,704.086,
5406.2463,solve.va_sample,2,704.086,
5406.7466,solve.va_sample,2,704.086,
5407.2468,solve.va_sample,2,704.086,
5407.7470,solve.va_sample,2,704.086,
5408.2473,solve.va_sample,2,704.086,
5408.7476,solve.va_sample,2,704.086,
5409.2478,solve.va_sample,2,704.086,
5409.7481,solve.va_sample,2,704.086,
5410.2483,solve.va_sample,2,704.086,
5410.7485,solve.va_sample,2,704.086,
5411.2488,solve.va_sample,2,704.086,
5411.7490,solve.va_sample,2,704.086,
5412.2493,solve.va_sample,2,704.086,
5412.7495,solve.va_sample,2,704.086,
5413.2498,solve.va_sample,2,704.086,
5413.7500,solve.va_sample,2,704.086,
5414.2502,solve.va_sample,2,704.086,
5414.7505,solve.va_sample,2,704.086,
5415.2507,solve.va_sample,2,704.086,
5415.7510,solve.va_sample,2,704.086,
5416.2512,solve.va_sample,2,704.086,
5416.7515,solve.va_sample,2,704.086,
5417.2517,solve.va_sample,2,704.086,
5417.7520,solve.va_sample,2,704.086,
5418.2522,solve.va_sample,2,704.086,
5418.7524,solve.va_sample,2,704.086,
5419.2527,solve.va_sample,2,704.086,
5419.7529,solve.va_sample,2,704.086,
5420.2532,solve.va_sample,2,704.086,
5420.7534,solve.va_sample,2,704.086,
5421.2537,solve.va_sample,2,704.086,
5421.7539,solve.va_sample,2,704.086,
5422.2542,solve.va_sample,2,704.086,
5422.7544,solve.va_sample,2,704.086,
5423.2546,solve.va_sample,2,704.086,
5423.7549,solve.va_sample,2,704.086,
5424.2551,solve.va_sample,2,704.086,
5424.7554,solve.va_sample,2,704.086,
5425.2556,solve.va_sample,2,704.086,
5425.7558,solve.va_sample,2,704.086,
5426.2561,solve.va_sample,2,704.086,
5426.7563,solve.va_sample,2,704.086,
5427.2565,solve.va_sample,2,704.086,
5427.7568,solve.va_sample,2,704.086,
5428.2570,solve.va_sample,2,704.086,
5428.7572,solve.va_sample,2,704.086,
5429.2575,solve.va_sample,2,704.086,
5429.7577,solve.va_sample,2,704.086,
5430.2579,solve.va_sample,2,704.086,
5430.7582,solve.va_sample,2,704.086,
5431.2584,solve.va_sample,2,704.086,
5431.7587,solve.va_sample,2,704.086,
5432.2589,solve.va_sample,2,704.086,
5432.7591,solve.va_sample,2,704.086,
5433.2594,solve.va_sample,2,704.086,
5433.7596,solve.va_sample,2,704.086,
5434.2599,solve.va_sample,2,704.086,
5434.7601,solve.va_sample,2,704.086,
5435.2603,solve.va_sample,2,704.086,
5435.7606,solve.va_sample,2,704.086,
5436.2608,solve.va_sample,2,704.086,
5436.7610,solve.va_sample,2,704.086,
5437.2613,solve.va_sample,2,704.086,
5437.7615,solve.va_sample,2,704.086,
5438.2618,solve.va_sample,2,704.086,
5438.7620,solve.va_sample,2,704.086,
5439.2622,solve.va_sample,2,704.086,
5439.7625,solve.va_sample,2,704.086,
5440.2627,solve.va_sample,2,704.086,
5440.7629,solve.va_sample,2,704.086,
5441.2632,solve.va_sample,2,704.086,
5441.7634,solve.va_sample,2,704.086,
5442.2637,solve.va_sample,2,704.086,
5442.7639,solve.va_sample,2,704.086,
5443.2641,solve.va_sample,2,704.086,
5443.7644,solve.va_sample,2,704.086,
5444.2646,solve.va_sample,2,704.086,
5444.7648,solve.va_sample,2,704.086,
5445.2651,solve.va_sample,2,704.086,
5445.7653,solve.va_sample,2,704.086,
5446.2656,solve.va_sample,2,704.086,
5446.7658,solve.va_sample,2,704.086,
5447.2660,solve.va_sample,2,704.086,
5447.7663,solve.va_sample,2,704.086,
5448.2665,solve.va_sample,2,704.086,
5448.7668,solve.va_sample,2,704.086,
5449.2670,solve.va_sample,2,704.086,
5449.7672,solve.va_sample,2,704.086,
5450.2675,solve.va_sample,2,704.086,
5450.7677,solve.va_sample,2,704.086,
5451.2680,solve.va_sample,2,704.086,
5451.7682,solve.va_sample,2,704.086,
5452.2684,solve.va_sample,2,704.086,
5452.7687,solve.va_sample,2,704.086,
5453.2690,solve.va_sample,2,704.086,
5453.7692,solve.va_sample,2,704.086,
5454.2695,solve.va_sample,2,704.086,
5454.7697,solve.va_sample,2,704.086,
5455.2700,solve.va_sample,2,704.086,
5455.7702,solve.va_sample,2,704.086,
5456.2705,solve.va_sample,2,704.086,
5456.7707,solve.va_sample,2,704.086,
5457.2709,solve.va_sample,2,704.086,
5457.7712,solve.va_sample,2,704.086,
5458.2714,solve.va_sample,2,704.086,
5458.7717,solve.va_sample,2,704.086,
5459.2719,solve.va_sample,2,704.086,
5459.7722,solve.va_sample,2,704.086,
5460.2724,solve.va_sample,2,704.086,
5460.7726,solve.va_sample,2,704.086,
5461.2729,solve.va_sample,2,704.086,
5461.7732,solve.va_sample,2,704.086,
5462.2734,solve.va_sample,2,704.086,
5462.7736,solve.va_sample,2,704.086,
5463.2739,solve.va_sample,2,704.086,
5463.7741,solve.va_sample,2,704.086,
5464.2744,solve.va_sample,2,704.086,
5464.7746,solve.va_sample,2,704.086,
5465.2748,solve.va_sample,2,704.086,
5465.7751,solve.va_sample,2,704.086,
5466.2753,solve.va_sample,2,704.086,
5466.7756,solve.va_sample,2,704.086,
5467.2758,solve.va_sample,2,704.086,
5467.7760,solve.va_sample,2,704.086,
5468.2763,solve.va_sample,2,704.086,
5468.7766,solve.va_sample,2,704.086,
5469.2769,solve.va_sample,2,704.086,
5469.7771,solve.va_sample,2,704.086,
5470.2774,solve.va_sample,2,704.086,
5470.7776,solve.va_sample,2,704.086,
5471.2779,solve.va_sample,2,704.086,
5471.7781,solve.va_sample,2,704.086,
5472.2783,solve.va_sample,2,704.086,
5472.7786,solve.va_sample,2,704.086,
5473.2789,solve.va_sample,2,704.086,
5473.7791,solve.va_sample,2,704.086,
5474.2793,solve.va_sample,2,704.086,
5474.7796,solve.va_sample,2,704.086,
5475.2798,solve.va_sample,2,704.086,
5475.7801,solve.va_sample,2,704.086,
5476.2803,solve.va_sample,2,704.086,
5476.7806,solve.va_sample,2,704.086,
5477.2808,solve.va_sample,2,704.086,
5477.7811,solve.va_sample,2,704.086,
5478.2813,solve.va_sample,2,704.086,
5478.7816,solve.va_sample,2,704.086,
5479.2818,solve.va_sample,2,704.086,
5479.7820,solve.va_sample,2,704.086,
5480.2823,solve.va_sample,2,704.086,
5480.7825,solve.va_sample,2,704.086,
5481.2828,solve.va_sample,2,704.086,
5481.7830,solve.va_sample,2,704.086,
5482.2832,solve.va_sample,2,704.086,
5482.7835,solve.va_sample,2,704.086,
5483.2838,solve.va_sample,2,704.086,
5483.7841,solve.va_sample,2,704.086,
5484.2843,solve.va_sample,2,704.086,
5484.7846,solve.va_sample,2,704.086,
5485.2849,solve.va_sample,2,704.086,
5485.7851,solve.va_sample,2,704.086,
5486.2854,solve.va_sample,2,704.086,
5486.7856,solve.va_sample,2,704.086,
5487.2859,solve.va_sample,2,704.086,
5487.7861,solve.va_sample,2,704.086,
5488.2864,solve.va_sample,2,704.086,
5488.7866,solve.va_sample,2,704.086,
5489.2869,solve.va_sample,2,704.086,
5489.7871,solve.va_sample,2,704.086,
5490.2874,solve.va_sample,2,704.086,
5490.7876,solve.va_sample,2,704.086,
5491.2879,solve.va_sample,2,704.086,
5491.7881,solve.va_sample,2,704.086,
5492.2884,solve.va_sample,2,704.086,
5492.7886,solve.va_sample,2,704.086,
5493.2888,solve.va_sample,2,704.086,
5493.7891,solve.va_sample,2,704.086,
5494.2893,solve.va_sample,2,704.086,
5494.7896,solve.va_sample,2,704.086,
5495.2898,solve.va_sample,2,704.086,
5495.7901,solve.va_sample,2,704.086,
5496.2903,solve.va_sample,2,704.086,
5496.7905,solve.va_sample,2,704.086,
5497.2908,solve.va_sample,2,704.086,
5497.7910,solve.va_sample,2,704.086,
5498.2912,solve.va_sample,2,704.086,
5498.7915,solve.va_sample,2,704.086,
5499.2917,solve.va_sample,2,704.086,
5499.7920,solve.va_sample,2,704.086,
5500.2922,solve.va_sample,2,704.086,
5500.7924,solve.va_sample,2,704.086,
5501.2927,solve.va_sample,2,704.086,
5501.7929,solve.va_sample,2,704.086,
5502.2932,solve.va_sample,2,704.086,
5502.7934,solve.va_sample,2,704.086,
5503.2937,solve.va_sample,2,704.086,
5503.7939,solve.va_sample,2,704.086,
5504.2942,solve.va_sample,2,704.086,
5504.7944,solve.va_sample,2,704.086,
5505.2947,solve.va_sample,2,704.086,
5505.7950,solve.va_sample,2,704.086,
5506.2952,solve.va_sample,2,704.086,
5506.7955,solve.va_sample,2,704.086,
5507.2958,solve.va_sample,2,704.086,
5507.7960,solve.va_sample,2,704.086,
5508.2963,solve.va_sample,2,704.086,
5508.7965,solve.va_sample,2,704.086,
5509.2968,solve.va_sample,2,704.086,
5509.7970,solve.va_sample,2,704.086,
5510.2973,solve.va_sample,2,704.086,
5510.7976,solve.va_sample,2,704.086,
5511.2979,solve.va_sample,2,704.086,
5511.7981,solve.va_sample,2,704.086,
5512.2984,solve.va_sample,2,704.086,
5512.7987,solve.va_sample,2,704.086,
5513.2990,solve.va_sample,2,704.086,
5513.7992,solve.va_sample,2,704.086,
5514.2995,solve.va_sample,2,704.086,
5514.7997,solve.va_sample,2,704.086,
5515.3000,solve.va_sample,2,704.086,
5515.8002,solve.va_sample,2,704.086,
5516.3005,solve.va_sample,2,704.086,
5516.8008,solve.va_sample,2,704.086,
5517.3010,solve.va_sample,2,704.086,
5517.8012,solve.va_sample,2,704.086,
5518.3015,solve.va_sample,2,704.086,
5518.8017,solve.va_sample,2,704.086,
5519.3020,solve.va_sample,2,704.086,
5519.8022,solve.va_sample,2,704.086,
5520.3025,solve.va_sample,2,704.086,
5520.8027,solve.va_sample,2,704.086,
5521.3030,solve.va_sample,2,704.086,
5521.8032,solve.va_sample,2,704.086,
5522.3035,solve.va_sample,2,704.086,
5522.8037,solve.va_sample,2,704.086,
5523.3039,solve.va_sample,2,704.086,
5523.8042,solve.va_sample,2,704.086,
5524.3044,solve.va_sample,2,704.086,
5524.8047,solve.va_sample,2,704.086,
5525.3049,solve.va_sample,2,704.086,
5525.8052,solve.va_sample,2,704.086,
5526.3054,solve.va_sample,2,704.086,
5526.8057,solve.va_sample,2,704.086,
5527.3059,solve.va_sample,2,704.086,
5527.8061,solve.va_sample,2,704.086,
5528.3064,solve.va_sample,2,704.086,
5528.8066,solve.va_sample,2,704.086,
5529.3069,solve.va_sample,2,704.086,
5529.8071,solve.va_sample,2,704.086,
5530.3074,solve.va_sample,2,704.086,
5530.8076,solve.va_sample,2,704.086,
5531.3078,solve.va_sample,2,704.086,
5531.8081,solve.va_sample,2,704.086,
5532.3083,solve.va_sample,2,704.086,
5532.8086,solve.va_sample,2,704.086,
5533.3088,solve.va_sample,2,704.086,
5533.8090,solve.va_sample,2,704.086,
5534.3093,solve.va_sample,2,704.086,
5534.8095,solve.va_sample,2,704.086,
5535.3098,solve.va_sample,2,704.086,
5535.8100,solve.va_sample,2,704.086,
5536.3103,solve.va_sample,2,704.086,
5536.8106,solve.va_sample,2,704.086,
5537.3108,solve.va_sample,2,704.086,
5537.8110,solve.va_sample,2,704.086,
5538.3113,solve.va_sample,2,704.086,
5538.8115,solve.va_sample,2,704.086,
5539.3118,solve.va_sample,2,704.086,
5539.8120,solve.va_sample,2,704.086,
5540.3122,solve.va_sample,2,704.086,
5540.8125,solve.va_sample,2,704.086,
5541.3127,solve.va_sample,2,704.086,
5541.8130,solve.va_sample,2,704.086,
5542.3132,solve.va_sample,2,704.086,
5542.8134,solve.va_sample,2,704.086,
5543.3137,solve.va_sample,2,704.086,
5543.8139,solve.va_sample,2,704.086,
5544.3141,solve.va_sample,2,704.086,
5544.8144,solve.va_sample,2,704.086,
5545.3146,solve.va_sample,2,704.086,
5545.8148,solve.va_sample,2,704.086,
5546.3150,solve.va_sample,2,704.086,
5546.8153,solve.va_sample,2,704.086,
5547.3155,solve.va_sample,2,704.086,
5547.8158,solve.va_sample,2,704.086,
5548.3160,solve.va_sample,2,704.086,
5548.8162,solve.va_sample,2,704.086,
5549.3165,solve.va_sample,2,704.086,
5549.8167,solve.va_sample,2,704.086,
5550.3169,solve.va_sample,2,704.086,
5550.8172,solve.va_sample,2,704.086,
5551.3174,solve.va_sample,2,704.086,
5551.8177,solve.va_sample,2,704.086,
5552.3179,solve.va_sample,2,704.086,
5552.8181,solve.va_sample,2,704.086,
5553.3184,solve.va_sample,2,704.086,
5553.8186,solve.va_sample,2,704.086,
5554.3189,solve.va_sample,2,704.086,
5554.8191,solve.va_sample,2,704.086,
5555.3193,solve.va_sample,2,704.086,
5555.8196,solve.va_sample,2,704.086,
5556.3198,solve.va_sample,2,704.086,
5556.8200,solve.va_sample,2,704.086,
5557.3203,solve.va_sample,2,704.086,
5557.8205,solve.va_sample,2,704.086,
5558.3208,solve.va_sample,2,704.086,
5558.8210,solve.va_sample,2,704.086,
5559.3212,solve.va_sample,2,704.086,
5559.8215,solve.va_sample,2,704.086,
5560.3217,solve.va_sample,2,704.086,
5560.8220,solve.va_sample,2,704.086,
5561.3222,solve.va_sample,2,704.086,
5561.8224,solve.va_sample,2,704.086,
5562.3227,solve.va_sample,2,704.086,
5562.8229,solve.va_sample,2,704.086,
5563.3231,solve.va_sample,2,704.086,
5563.8234,solve.va_sample,2,704.086,
5564.3236,solve.va_sample,2,704.086,
5564.8238,solve.va_sample,2,704.086,
5565.3241,solve.va_sample,2,704.086,
5565.8243,solve.va_sample,2,704.086,
5566.3245,solve.va_sample,2,704.086,
5566.8248,solve.va_sample,2,704.086,
5567.3250,solve.va_sample,2,704.086,
5567.8253,solve.va_sample,2,704.086,
5568.3255,solve.va_sample,2,704.086,
5568.8257,solve.va_sample,2,704.086,
5569.3260,solve.va_sample,2,704.086,
5569.8262,solve.va_sample,2,704.086,
5570.3265,solve.va_sample,2,704.086,
5570.8267,solve.va_sample,2,704.086,
5571.3269,solve.va_sample,2,704.086,
5571.8272,solve.va_sample,2,704.086,
5572.3274,solve.va_sample,2,704.086,
5572.8276,solve.va_sample,2,704.086,
5573.3279,solve.va_sample,2,704.086,
5573.8282,solve.va_sample,2,704.086,
5574.3284,solve.va_sample,2,704.086,
5574.8287,solve.va_sample,2,704.086,
5575.3289,solve.va_sample,2,704.086,
5575.8291,solve.va_sample,2,704.086,
5576.3294,solve.va_sample,2,704.086,
5576.8296,solve.va_sample,2,704.086,
5577.3298,solve.va_sample,2,704.086,
5577.8301,solve.va_sample,2,704.086,
5578.3303,solve.va_sample,2,704.086,
5578.8305,solve.va_sample,2,704.086,
5579.3308,solve.va_sample,2,704.086,
5579.8310,solve.va_sample,2,704.086,
5580.3313,solve.va_sample,2,704.086,
5580.8315,solve.va_sample,2,704.086,
5581.3317,solve.va_sample,2,704.086,
5581.8320,solve.va_sample,2,704.086,
5582.3322,solve.va_sample,2,704.086,
5582.8324,solve.va_sample,2,704.086,
5583.3327,solve.va_sample,2,704.086,
5583.8329,solve.va_sample,2,704.086,
5584.3332,solve.va_sample,2,704.086,
5584.8334,solve.va_sample,2,704.086,
5585.3336,solve.va_sample,2,704.086,
5585.8339,solve.va_sample,2,704.086,
5586.3341,solve.va_sample,2,704.086,
5586.8343,solve.va_sample,2,704.086,
5587.3346,solve.va_sample,2,704.086,
5587.8349,solve.va_sample,2,704.086,
5588.3351,solve.va_sample,2,704.086,
5588.8353,solve.va_sample,2,704.086,
5589.3356,solve.va_sample,2,704.086,
5589.8358,solve.va_sample,2,704.086,
5590.3361,solve.va_sample,2,704.086,
5590.8363,solve.va_sample,2,704.086,
5591.3365,solve.va_sample,2,704.086,
5591.8368,solve.va_sample,2,704.086,
5592.3370,solve.va_sample,2,704.086,
5592.8372,solve.va_sample,2,704.086,
5593.3375,solve.va_sample,2,704.086,
5593.8377,solve.va_sample,2,704.086,
5594.3379,solve.va_sample,2,704.086,
5594.8382,solve.va_sample,2,704.086,
5595.3384,solve.va_sample,2,704.086,
5595.8386,solve.va_sample,2,704.086,
5596.3389,solve.va_sample,2,704.086,
5596.8391,solve.va_sample,2,704.086,
5597.3393,solve.va_sample,2,704.086,
5597.8396,solve.va_sample,2,704.086,
5598.3398,solve.va_sample,2,704.086,
5598.8400,solve.va_sample,2,704.086,
5599.3403,solve.va_sample,2,704.086,
5599.8405,solve.va_sample,2,704.086,
5600.3407,solve.va_sample,2,704.086,
5600.8410,solve.va_sample,2,704.086,
5601.3412,solve.va_sample,2,704.086,
5601.8414,solve.va_sample,2,704.086,
5602.3417,solve.va_sample,2,704.086,
5602.8419,solve.va_sample,2,704.086,
5603.3421,solve.va_sample,2,704.086,
5603.8424,solve.va_sample,2,704.086,
5604.3426,solve.va_sample,2,704.086,
5604.8428,solve.va_sample,2,704.086,
5605.3431,solve.va_sample,2,704.086,
5605.8433,solve.va_sample,2,704.086,
5606.3435,solve.va_sample,2,704.086,
5606.8438,solve.va_sample,2,704.086,
5607.3440,solve.va_sample,2,704.086,
5607.8442,solve.va_sample,2,704.086,
5608.3445,solve.va_sample,2,704.086,
5608.8447,solve.va_sample,2,704.086,
5609.3449,solve.va_sample,2,704.086,
5609.8452,solve.va_sample,2,704.086,
5610.3454,solve.va_sample,2,704.086,
5610.8456,solve.va_sample,2,704.086,
5611.3458,solve.va_sample,2,704.086,
5611.8461,solve.va_sample,2,704.086,
5612.3463,solve.va_sample,2,704.086,
5612.8465,solve.va_sample,2,704.086,
5613.3468,solve.va_sample,2,704.086,
5613.8470,solve.va_sample,2,704.086,
5614.3472,solve.va_sample,2,704.086,
5614.8475,solve.va_sample,2,704.086,
5615.3477,solve.va_sample,2,704.086,
5615.8479,solve.va_sample,2,704.086,
5616.3482,solve.va_sample,2,704.086,
5616.8484,solve.va_sample,2,704.086,
5617.3487,solve.va_sample,2,704.086,
5617.8489,solve.va_sample,2,704.086,
5618.3491,solve.va_sample,2,704.086,
5618.8494,solve.va_sample,2,704.086,
5619.3496,solve.va_sample,2,704.086,
5619.8498,solve.va_sample,2,704.086,
5620.3501,solve.va_sample,2,704.086,
5620.8503,solve.va_sample,2,704.086,
5621.3505,solve.va_sample,2,704.086,
5621.8508,solve.va_sample,2,704.086,
5622.3510,solve.va_sample,2,704.086,
5622.8513,solve.va_sample,2,704.086,
5623.3515,solve.va_sample,2,704.086,
5623.8517,solve.va_sample,2,704.086,
5624.3520,solve.va_sample,2,704.086,
5624.8522,solve.va_sample,2,704.086,
5625.3524,solve.va_sample,2,704.086,
5625.8527,solve.va_sample,2,704.086,
5626.3529,solve.va_sample,2,704.086,
5626.8531,solve.va_sample,2,704.086,
5627.3534,solve.va_sample,2,704.086,
5627.8536,solve.va_sample,2,704.086,
5628.3538,solve.va_sample,2,704.086,
5628.8541,solve.va_sample,2,704.086,
5629.3543,solve.va_sample,2,704.086,
5629.8545,solve.va_sample,2,704.086,
5630.3547,solve.va_sample,2,704.086,
5630.8550,solve.va_sample,2,704.086,
5631.3552,solve.va_sample,2,704.086,
5631.8554,solve.va_sample,2,704.086,
5632.3557,solve.va_sample,2,704.086,
5632.8559,solve.va_sample,2,704.086,
5633.3562,solve.va_sample,2,704.086,
5633.8564,solve.va_sample,2,704.086,
5634.3567,solve.va_sample,2,704.086,
5634.8569,solve.va_sample,2,704.086,
5635.3571,solve.va_sample,2,704.086,
5635.8574,solve.va_sample,2,704.086,
5636.3576,solve.va_sample,2,704.086,
5636.8578,solve.va_sample,2,704.086,
5637.3580,solve.va_sample,2,704.086,
5637.8583,solve.va_sample,2,704.086,
5638.3585,solve.va_sample,2,704.086,
5638.8587,solve.va_sample,2,704.086,
5639.3590,solve.va_sample,2,704.086,
5639.8592,solve.va_sample,2,704.086,
5640.3595,solve.va_sample,2,704.086,
5640.8597,solve.va_sample,2,704.086,
5641.3600,solve.va_sample,2,704.086,
5641.8602,solve.va_sample,2,704.086,
5642.3605,solve.va_sample,2,704.086,
5642.8607,solve.va_sample,2,704.086,
5643.3609,solve.va_sample,2,704.086,
5643.8612,solve.va_sample,2,704.086,
5644.3614,solve.va_sample,2,704.086,
5644.8616,solve.va_sample,2,704.086,
5645.3619,solve.va_sample,2,704.086,
5645.8621,solve.va_sample,2,704.086,
5646.3623,solve.va_sample,2,704.086,
5646.8626,solve.va_sample,2,704.086,
5647.3628,solve.va_sample,2,704.086,
5647.8631,solve.va_sample,2,704.086,
5648.3633,solve.va_sample,2,704.086,
5648.8635,solve.va_sample,2,704.086,
5649.3638,solve.va_sample,2,704.086,
5649.8640,solve.va_sample,2,704.086,
5650.3642,solve.va_sample,2,704.086,
5650.8645,solve.va_sample,2,704.086,
5651.3647,solve.va_sample,2,704.086,
5651.8649,solve.va_sample,2,704.086,
5652.3652,solve.va_sample,2,704.086,
5652.8654,solve.va_sample,2,704.086,
5653.3656,solve.va_sample,2,704.086,
5653.8659,solve.va_sample,2,704.086,
5654.3661,solve.va_sample,2,704.086,
5654.8663,solve.va_sample,2,704.086,
5655.3666,solve.va_sample,2,704.086,
5655.8668,solve.va_sample,2,704.086,
5656.3670,solve.va_sample,2,704.086,
5656.8673,solve.va_sample,2,704.086,
5657.3675,solve.va_sample,2,704.086,
5657.8678,solve.va_sample,2,704.086,
5658.3680,solve.va_sample,2,704.086,
5658.8683,solve.va_sample,2,704.086,
5659.3685,solve.va_sample,2,704.086,
5659.8688,solve.va_sample,2,704.086,
5660.3690,solve.va_sample,2,704.086,
5660.8692,solve.va_sample,2,704.086,
5661.3695,solve.va_sample,2,704.086,
5661.8697,solve.va_sample,2,704.086,
5662.3700,solve.va_sample,2,704.086,
5662.8702,solve.va_sample,2,704.086,
5663.3705,solve.va_sample,2,704.086,
5663.8707,solve.va_sample,2,704.086,
5664.3710,solve.va_sample,2,704.086,
5664.8712,solve.va_sample,2,704.086,
5665.3715,solve.va_sample,2,704.086,
5665.8717,solve.va_sample,2,704.086,
5666.3720,solve.va_sample,2,704.086,
5666.8722,solve.va_sample,2,704.086,
5667.3725,solve.va_sample,2,704.086,
5667.8727,solve.va_sample,2,704.086,
5668.3730,solve.va_sample,2,704.086,
5668.8732,solve.va_sample,2,704.086,
5669.3735,solve.va_sample,2,704.086,
5669.8737,solve.va_sample,2,704.086,
5670.3739,solve.va_sample,2,704.086,
5670.8742,solve.va_sample,2,704.086,
5671.3744,solve.va_sample,2,704.086,
5671.8747,solve.va_sample,2,704.086,
5672.3749,solve.va_sample,2,704.086,
5672.8751,solve.va_sample,2,704.086,
5673.3754,solve.va_sample,2,704.086,
5673.8756,solve.va_sample,2,704.086,
5674.3758,solve.va_sample,2,704.086,
5674.8760,solve.va_sample,2,704.086,
5675.3763,solve.va_sample,2,704.086,
5675.8765,solve.va_sample,2,704.086,
5676.3768,solve.va_sample,2,704.086,
5676.8770,solve.va_sample,2,704.086,
5677.3772,solve.va_sample,2,704.086,
5677.8775,solve.va_sample,2,704.086,
5678.3777,solve.va_sample,2,704.086,
5678.8779,solve.va_sample,2,704.086,
5679.3782,solve.va_sample,2,704.086,
5679.8784,solve.va_sample,2,704.086,
5680.3787,solve.va_sample,2,704.086,
5680.8789,solve.va_sample,2,704.086,
5681.3791,solve.va_sample,2,704.086,
5681.8794,solve.va_sample,2,704.086,
5682.3796,solve.va_sample,2,704.086,
5682.8798,solve.va_sample,2,704.086,
5683.3801,solve.va_sample,2,704.086,
5683.8803,solve.va_sample,2,704.086,
5684.3806,solve.va_sample,2,704.086,
5684.8808,solve.va_sample,2,704.086,
5685.3811,solve.va_sample,2,704.086,
5685.8813,solve.va_sample,2,704.086,
5686.3816,solve.va_sample,2,704.086,
5686.8818,solve.va_sample,2,704.086,
5687.3820,solve.va_sample,2,704.086,
5687.8823,solve.va_sample,2,704.086,
5688.3825,solve.va_sample,2,704.086,
5688.8828,solve.va_sample,2,704.086,
5689.3830,solve.va_sample,2,704.086,
5689.8833,solve.va_sample,2,704.086,
5690.3835,solve.va_sample,2,704.086,
5690.8837,solve.va_sample,2,704.086,
5691.3840,solve.va_sample,2,704.086,
5691.8842,solve.va_sample,2,704.086,
5692.3845,solve.va_sample,2,704.086,
5692.8848,solve.va_sample,2,704.086,
5693.3850,solve.va_sample,2,704.086,
5693.8853,solve.va_sample,2,704.086,
5694.3855,solve.va_sample,2,704.086,
5694.8858,solve.va_sample,2,704.086,
5695.3860,solve.va_sample,2,704.086,
5695.8862,solve.va_sample,2,704.086,
5696.3865,solve.va_sample,2,704.086,
5696.8867,solve.va_sample,2,704.086,
5697.3870,solve.va_sample,2,704.086,
5697.8872,solve.va_sample,2,704.086,
5698.3874,solve.va_sample,2,704.086,
5698.8877,solve.va_sample,2,704.086,
5699.3879,solve.va_sample,2,704.086,
5699.8882,solve.va_sample,2,704.086,
5700.3884,solve.va_sample,2,704.086,
5700.8887,solve.va_sample,2,704.086,
5701.3889,solve.va_sample,2,704.086,
5701.8891,solve.va_sample,2,704.086,
5702.3894,solve.va_sample,2,704.086,
5702.8896,solve.va_sample,2,704.086,
5703.3898,solve.va_sample,2,704.086,
5703.8901,solve.va_sample,2,704.086,
5704.3903,solve.va_sample,2,704.086,
5704.8905,solve.va_sample,2,704.086,
5705.3908,solve.va_sample,2,704.086,
5705.8910,solve.va_sample,2,704.086,
5706.3913,solve.va_sample,2,704.086,
5706.8915,solve.va_sample,2,704.086,
5707.3917,solve.va_sample,2,704.086,
5707.8920,solve.va_sample,2,704.086,
5708.3922,solve.va_sample,2,704.086,
5708.8925,solve.va_sample,2,704.086,
5709.3927,solve.va_sample,2,704.086,
5709.8930,solve.va_sample,2,704.086,
5710.3932,solve.va_sample,2,704.086,
5710.8934,solve.va_sample,2,704.086,
5711.3937,solve.va_sample,2,704.086,
5711.8939,solve.va_sample,2,704.086,
5712.3941,solve.va_sample,2,704.086,
5712.8944,solve.va_sample,2,704.086,
5713.3946,solve.va_sample,2,704.086,
5713.8949,solve.va_sample,2,704.086,
5714.3951,solve.va_sample,2,704.086,
5714.8953,solve.va_sample,2,704.086,
5715.3956,solve.va_sample,2,704.086,
5715.8958,solve.va_sample,2,704.086,
5716.3960,solve.va_sample,2,704.086,
5716.8963,solve.va_sample,2,704.086,
5717.3965,solve.va_sample,2,704.086,
5717.8968,solve.va_sample,2,704.086,
5718.3970,solve.va_sample,2,704.086,
5718.8972,solve.va_sample,2,704.086,
5719.3975,solve.va_sample,2,704.086,
5719.8977,solve.va_sample,2,704.086,
5720.3980,solve.va_sample,2,704.086,
5720.8982,solve.va_sample,2,704.086,
5721.3985,solve.va_sample,2,704.086,
5721.8987,solve.va_sample,2,704.086,
5722.3989,solve.va_sample,2,704.086,
5722.8992,solve.va_sample,2,704.086,
5723.3994,solve.va_sample,2,704.086,
5723.8997,solve.va_sample,2,704.086,
5724.3999,solve.va_sample,2,704.086,
5724.9001,solve.va_sample,2,704.086,
5725.4004,solve.va_sample,2,704.086,
5725.9006,solve.va_sample,2,704.086,
5726.4009,solve.va_sample,2,704.086,
5726.9011,solve.va_sample,2,704.086,
5727.4013,solve.va_sample,2,704.086,
5727.9016,solve.va_sample,2,704.086,
5728.4018,solve.va_sample,2,704.086,
5728.9020,solve.va_sample,2,704.086,
5729.4023,solve.va_sample,2,704.086,
5729.9025,solve.va_sample,2,704.086,
5730.4027,solve.va_sample,2,704.086,
5730.9030,solve.va_sample,2,704.086,
5731.4032,solve.va_sample,2,704.086,
5731.9035,solve.va_sample,2,704.086,
5732.4037,solve.va_sample,2,704.086,
5732.9039,solve.va_sample,2,704.086,
5733.4042,solve.va_sample,2,704.086,
5733.9044,solve.va_sample,2,704.086,
5734.4046,solve.va_sample,2,704.086,
5734.9049,solve.va_sample,2,704.086,
5735.4051,solve.va_sample,2,704.086,
5735.9054,solve.va_sample,2,704.086,
5736.4056,solve.va_sample,2,704.086,
5736.9058,solve.va_sample,2,704.086,
5737.4061,solve.va_sample,2,704.086,
5737.9063,solve.va_sample,2,704.086,
5738.4065,solve.va_sample,2,704.086,
5738.9068,solve.va_sample,2,704.086,
5739.4070,solve.va_sample,2,704.086,
5739.9073,solve.va_sample,2,704.086,
5740.4075,solve.va_sample,2,704.086,
5740.9077,solve.va_sample,2,704.086,
5741.4079,solve.va_sample,2,704.086,
5741.9082,solve.va_sample,2,704.086,
5742.4084,solve.va_sample,2,704.086,
5742.9087,solve.va_sample,2,704.086,
5743.4089,solve.va_sample,2,704.086,
5743.9092,solve.va_sample,2,704.086,
5744.4094,solve.va_sample,2,704.086,
5744.9096,solve.va_sample,2,704.086,
5745.4099,solve.va_sample,2,704.086,
5745.9101,solve.va_sample,2,704.086,
5746.4103,solve.va_sample,2,704.086,
5746.9106,solve.va_sample,2,704.086,
5747.4108,solve.va_sample,2,704.086,
5747.9111,solve.va_sample,2,704.086,
5748.4113,solve.va_sample,2,704.086,
5748.9115,solve.va_sample,2,704.086,
5749.4118,solve.va_sample,2,704.344,
5749.9120,solve.va_sample,2,704.344,
5750.4123,solve.va_sample,2,704.344,
5750.9125,solve.va_sample,2,704.344,
5751.4127,solve.va_sample,2,704.344,
5751.9130,solve.va_sample,2,704.344,
5752.4132,solve.va_sample,2,704.344,
5752.9135,solve.va_sample,2,704.344,
5753.4137,solve.va_sample,2,704.344,
5753.9140,solve.va_sample,2,704.344,
5754.4142,solve.va_sample,2,704.344,
5754.9145,solve.va_sample,2,704.344,
5755.4147,solve.va_sample,2,704.344,
5755.9150,solve.va_sample,2,704.344,
5756.4152,solve.va_sample,2,704.344,
5756.9154,solve.va_sample,2,704.344,
5757.4157,solve.va_sample,2,704.344,
5757.9159,solve.va_sample,2,704.344,
5758.4162,solve.va_sample,2,704.344,
5758.9164,solve.va_sample,2,704.344,
5759.4167,solve.va_sample,2,704.344,
5759.9169,solve.va_sample,2,704.344,
5760.4172,solve.va_sample,2,704.344,
5760.9174,solve.va_sample,2,704.344,
5761.4176,solve.va_sample,2,704.344,
5761.9179,solve.va_sample,2,704.344,
5762.4181,solve.va_sample,2,704.344,
5762.9184,solve.va_sample,2,704.344,
5763.4186,solve.va_sample,2,704.344,
5763.9188,solve.va_sample,2,704.344,
5764.4191,solve.va_sample,2,704.344,
5764.9193,solve.va_sample,2,704.344,
5765.4196,solve.va_sample,2,704.344,
5765.9198,solve.va_sample,2,704.344,
5766.4200,solve.va_sample,2,704.344,
5766.9203,solve.va_sample,2,704.344,
5767.4205,solve.va_sample,2,704.344,
5767.9208,solve.va_sample,2,704.344,
5768.4210,solve.va_sample,2,704.344,
5768.9213,solve.va_sample,2,704.344,
5769.4215,solve.va_sample,2,704.344,
5769.9218,solve.va_sample,2,704.344,
5770.4220,solve.va_sample,2,704.344,
5770.9223,solve.va_sample,2,704.344,
5771.4225,solve.va_sample,2,704.344,
5771.9227,solve.va_sample,2,704.344,
5772.4230,solve.va_sample,2,704.344,
5772.9232,solve.va_sample,2,704.344,
5773.4235,solve.va_sample,2,704.344,
5773.9237,solve.va_sample,2,704.344,
5774.4239,solve.va_sample,2,704.344,
5774.9242,solve.va_sample,2,704.344,
5775.4244,solve.va_sample,2,704.344,
5775.9247,solve.va_sample,2,704.344,
5776.4249,solve.va_sample,2,704.344,
5776.9251,solve.va_sample,2,704.344,
5777.4254,solve.va_sample,2,704.344,
5777.9256,solve.va_sample,2,704.344,
5778.4259,solve.va_sample,2,704.344,
5778.9261,solve.va_sample,2,704.344,
5779.4263,solve.va_sample,2,704.344,
5779.9266,solve.va_sample,2,704.344,
5780.4268,solve.va_sample,2,704.344,
5780.9270,solve.va_sample,2,704.344,
5781.4273,solve.va_sample,2,704.344,
5781.9275,solve.va_sample,2,704.344,
5782.4278,solve.va_sample,2,704.344,
5782.9280,solve.va_sample,2,704.344,
5783.4282,solve.va_sample,2,704.344,
5783.9285,solve.va_sample,2,704.344,
5784.4287,solve.va_sample,2,704.344,
5784.9290,solve.va_sample,2,704.344,
5785.4292,solve.va_sample,2,704.344,
5785.9295,solve.va_sample,2,704.344,
5786.4297,solve.va_sample,2,704.344,
5786.9299,solve.va_sample,2,704.344,
5787.4302,solve.va_sample,2,704.344,
5787.9304,solve.va_sample,2,704.344,
5788.4307,solve.va_sample,2,704.344,
5788.9309,solve.va_sample,2,704.344,
5789.4311,solve.va_sample,2,704.344,
5789.9314,solve.va_sample,2,704.344,
5790.4316,solve.va_sample,2,704.344,
5790.9319,solve.va_sample,2,704.344,
5791.4321,solve.va_sample,2,704.344,
5791.9323,solve.va_sample,2,704.344,
5792.4326,solve.va_sample,2,704.344,
5792.9328,solve.va_sample,2,704.344,
5793.4331,solve.va_sample,2,704.344,
5793.9333,solve.va_sample,2,704.344,
5794.4335,solve.va_sample,2,704.344,
5794.9338,solve.va_sample,2,704.344,
5795.4340,solve.va_sample,2,704.344,
5795.9343,solve.va_sample,2,704.344,
5796.4345,solve.va_sample,2,704.344,
5796.9348,solve.va_sample,2,704.344,
5797.4350,solve.va_sample,2,704.344,
5797.9353,solve.va_sample,2,704.344,
5798.4355,solve.va_sample,2,704.344,
5798.9358,solve.va_sample,2,704.344,
5799.4360,solve.va_sample,2,704.344,
5799.9362,solve.va_sample,2,704.344,
5800.4365,solve.va_sample,2,704.344,
5800.9367,solve.va_sample,2,704.344,
5801.4370,solve.va_sample,2,704.344,
5801.9372,solve.va_sample,2,704.344,
5802.4374,solve.va_sample,2,704.344,
5802.9377,solve.va_sample,2,704.344,
5803.4379,solve.va_sample,2,704.344,
5803.9382,solve.va_sample,2,704.344,
5804.4384,solve.va_sample,2,704.344,
5804.9387,solve.va_sample,2,704.344,
5805.4390,solve.va_sample,2,704.344,
5805.9393,solve.va_sample,2,704.344,
5806.4395,solve.va_sample,2,704.344,
5806.9397,solve.va_sample,2,704.344,
5807.4400,solve.va_sample,2,704.344,
5807.9402,solve.va_sample,2,704.344,
5808.4405,solve.va_sample,2,704.344,
5808.9407,solve.va_sample,2,704.344,
5809.4410,solve.va_sample,2,704.344,
5809.9412,solve.va_sample,2,704.344,
5810.4414,solve.va_sample,2,704.344,
5810.9417,solve.va_sample,2,704.344,
5811.4419,solve.va_sample,2,704.344,
5811.9422,solve.va_sample,2,704.344,
5812.4424,solve.va_sample,2,704.344,
5812.9427,solve.va_sample,2,704.344,
5813.4429,solve.va_sample,2,704.344,
5813.9432,solve.va_sample,2,704.344,
5814.4435,solve.va_sample,2,704.344,
5814.9437,solve.va_sample,2,704.344,
5815.4440,solve.va_sample,2,704.344,
5815.9442,solve.va_sample,2,704.344,
5816.4445,solve.va_sample,2,704.344,
5816.9447,solve.va_sample,2,704.344,
5817.4449,solve.va_sample,2,704.344,
5817.9452,solve.va_sample,2,704.344,
5818.4454,solve.va_sample,2,704.344,
5818.9457,solve.va_sample,2,704.344,
5819.4459,solve.va_sample,2,704.344,
5819.9462,solve.va_sample,2,704.344,
5820.4464,solve.va_sample,2,704.344,
5820.9467,solve.va_sample,2,704.344,
5821.4469,solve.va_sample,2,704.344,
5821.9472,solve.va_sample,2,704.344,
5822.4474,solve.va_sample,2,704.344,
5822.9477,solve.va_sample,2,704.344,
5823.4480,solve.va_sample,2,704.344,
5823.9482,solve.va_sample,2,704.344,
5824.4485,solve.va_sample,2,704.344,
5824.9487,solve.va_sample,2,704.344,
5825.4490,solve.va_sample,2,704.344,
5825.9492,solve.va_sample,2,704.344,
5826.4494,solve.va_sample,2,704.344,
5826.9497,solve.va_sample,2,704.344,
5827.4499,solve.va_sample,2,704.344,
5827.9502,solve.va_sample,2,704.344,
5828.4505,solve.va_sample,2,704.344,
5828.9508,solve.va_sample,2,704.344,
5829.4510,solve.va_sample,2,704.344,
5829.9513,solve.va_sample,2,704.344,
5830.4515,solve.va_sample,2,704.344,
5830.9518,solve.va_sample,2,704.344,
5831.4520,solve.va_sample,2,704.344,
5831.9523,solve.va_sample,2,704.344,
5832.4525,solve.va_sample,2,704.344,
5832.9528,solve.va_sample,2,704.344,
5833.4531,solve.va_sample,2,704.344,
5833.9533,solve.va_sample,2,704.344,
5834.4535,solve.va_sample,2,704.344,
5834.9538,solve.va_sample,2,704.344,
5835.4540,solve.va_sample,2,704.344,
5835.9543,solve.va_sample,2,704.344,
5836.4545,solve.va_sample,2,704.344,
5836.9548,solve.va_sample,2,704.344,
5837.4550,solve.va_sample,2,704.344,
5837.9553,solve.va_sample,2,704.344,
5838.4555,solve.va_sample,2,704.344,
5838.9558,solve.va_sample,2,704.344,
5839.4560,solve.va_sample,2,704.344,
5839.9563,solve.va_sample,2,704.344,
5840.4565,solve.va_sample,2,704.344,
5840.9567,solve.va_sample,2,704.344,
5841.4570,solve.va_sample,2,704.344,
5841.9572,solve.va_sample,2,704.344,
5842.4575,solve.va_sample,2,704.344,
5842.9577,solve.va_sample,2,704.344,
5843.4580,solve.va_sample,2,704.344,
5843.9583,solve.va_sample,2,704.344,
5844.4585,solve.va_sample,2,704.344,
5844.9588,solve.va_sample,2,704.344,
5845.4591,solve.va_sample,2,704.344,
5845.9594,solve.va_sample,2,704.344,
5846.4596,solve.va_sample,2,704.344,
5846.9598,solve.va_sample,2,704.344,
5847.4601,solve.va_sample,2,704.344,
5847.9603,solve.va_sample,2,704.344,
5848.4606,solve.va_sample,2,704.344,
5848.9609,solve.va_sample,2,704.344,
5849.4611,solve.va_sample,2,704.344,
5849.9613,solve.va_sample,2,704.344,
5850.4616,solve.va_sample,2,704.344,
5850.9618,solve.va_sample,2,704.344,
5851.4620,solve.va_sample,2,704.344,
5851.9623,solve.va_sample,2,704.344,
5852.4625,solve.va_sample,2,704.344,
5852.9628,solve.va_sample,2,704.344,
5853.4630,solve.va_sample,2,704.344,
5853.9632,solve.va_sample,2,704.344,
5854.4635,solve.va_sample,2,704.344,
5854.9637,solve.va_sample,2,704.344,
5855.4640,solve.va_sample,2,704.344,
5855.9642,solve.va_sample,2,704.344,
5856.4645,solve.va_sample,2,704.344,
5856.9647,solve.va_sample,2,704.344,
5857.4649,solve.va_sample,2,704.344,
5857.9652,solve.va_sample,2,704.344,
5858.4654,solve.va_sample,2,704.344,
5858.9657,solve.va_sample,2,704.344,
5859.4659,solve.va_sample,2,704.344,
5859.9661,solve.va_sample,2,704.344,
5860.4664,solve.va_sample,2,704.344,
5860.9666,solve.va_sample,2,704.344,
5861.4669,solve.va_sample,2,704.344,
5861.9671,solve.va_sample,2,704.344,
5862.4673,solve.va_sample,2,704.344,
5862.9676,solve.va_sample,2,704.344,
5863.4678,solve.va_sample,2,704.344,
5863.9681,solve.va_sample,2,704.344,
5864.4683,solve.va_sample,2,704.344,
5864.9685,solve.va_sample,2,704.344,
5865.4688,solve.va_sample,2,704.344,
5865.9690,solve.va_sample,2,704.344,
5866.4693,solve.va_sample,2,704.344,
5866.9695,solve.va_sample,2,704.344,
5867.4697,solve.va_sample,2,704.344,
5867.9700,solve.va_sample,2,704.344,
5868.4702,solve.va_sample,2,704.344,
5868.9704,solve.va_sample,2,704.344,
5869.4707,solve.va_sample,2,704.344,
5869.9709,solve.va_sample,2,704.344,
5870.4711,solve.va_sample,2,704.344,
5870.9714,solve.va_sample,2,704.344,
5871.4716,solve.va_sample,2,704.344,
5871.9719,solve.va_sample,2,704.344,
5872.4721,solve.va_sample,2,704.344,
5872.9723,solve.va_sample,2,704.344,
5873.4726,solve.va_sample,2,704.344,
5873.9729,solve.va_sample,2,704.344,
5874.4731,solve.va_sample,2,704.344,
5874.9734,solve.va_sample,2,704.344,
5875.4736,solve.va_sample,2,704.344,
5875.9738,solve.va_sample,2,704.344,
5876.4741,solve.va_sample,2,704.344,
5876.9743,solve.va_sample,2,704.344,
5877.4746,solve.va_sample,2,704.344,
5877.9748,solve.va_sample,2,704.344,
5878.4751,solve.va_sample,2,704.344,
5878.9753,solve.va_sample,2,704.344,
5879.4756,solve.va_sample,2,704.344,
5879.9758,solve.va_sample,2,704.344,
5880.4761,solve.va_sample,2,704.344,
5880.9763,solve.va_sample,2,704.344,
5881.4765,solve.va_sample,2,704.344,
5881.9768,solve.va_sample,2,704.344,
5882.4770,solve.va_sample,2,704.344,
5882.9773,solve.va_sample,2,704.344,
5883.4775,solve.va_sample,2,704.344,
5883.9777,solve.va_sample,2,704.344,
5884.4780,solve.va_sample,2,704.344,
5884.9782,solve.va_sample,2,704.344,
5885.4785,solve.va_sample,2,704.344,
5885.9787,solve.va_sample,2,704.344,
5886.4789,solve.va_sample,2,704.344,
5886.9792,solve.va_sample,2,704.344,
5887.4794,solve.va_sample,2,704.344,
5887.9797,solve.va_sample,2,704.344,
5888.4799,solve.va_sample,2,704.344,
5888.9802,solve.va_sample,2,704.344,
5889.4804,solve.va_sample,2,704.344,
5889.9807,solve.va_sample,2,704.344,
5890.4809,solve.va_sample,2,704.344,
5890.9811,solve.va_sample,2,704.344,
5891.4814,solve.va_sample,2,704.344,
5891.9816,solve.va_sample,2,704.344,
5892.4818,solve.va_sample,2,704.344,
5892.9821,solve.va_sample,2,704.344,
5893.4823,solve.va_sample,2,704.344,
5893.9826,solve.va_sample,2,704.344,
5894.4828,solve.va_sample,2,704.344,
5894.9830,solve.va_sample,2,704.344,
5895.4833,solve.va_sample,2,704.344,
5895.9835,solve.va_sample,2,704.344,
5896.4838,solve.va_sample,2,704.344,
5896.9840,solve.va_sample,2,704.344,
5897.4843,solve.va_sample,2,704.344,
5897.9845,solve.va_sample,2,704.344,
5898.4847,solve.va_sample,2,704.344,
5898.9850,solve.va_sample,2,704.344,
5899.4852,solve.va_sample,2,704.344,
5899.9854,solve.va_sample,2,704.344,
5900.4857,solve.va_sample,2,704.344,
5900.9860,solve.va_sample,2,704.344,
5901.4862,solve.va_sample,2,704.344,
5901.9865,solve.va_sample,2,704.344,
5902.4867,solve.va_sample,2,704.344,
5902.9870,solve.va_sample,2,704.344,
5903.4872,solve.va_sample,2,704.344,
5903.9874,solve.va_sample,2,704.344,
5904.4877,solve.va_sample,2,704.344,
5904.9880,solve.va_sample,2,704.344,
5905.4883,solve.va_sample,2,704.344,
5905.9885,solve.va_sample,2,704.344,
5906.4887,solve.va_sample,2,704.344,
5906.9890,solve.va_sample,2,704.344,
5907.4892,solve.va_sample,2,704.344,
5907.9895,solve.va_sample,2,704.344,
5908.4897,solve.va_sample,2,704.344,
5908.9900,solve.va_sample,2,704.344,
5909.4902,solve.va_sample,2,704.344,
5909.9904,solve.va_sample,2,704.344,
5910.4907,solve.va_sample,2,704.344,
5910.9909,solve.va_sample,2,704.344,
5911.4912,solve.va_sample,2,704.344,
5911.9914,solve.va_sample,2,704.344,
5912.4916,solve.va_sample,2,704.344,
5912.9919,solve.va_sample,2,704.344,
5913.4921,solve.va_sample,2,704.344,
5913.9924,solve.va_sample,2,704.344,
5914.4926,solve.va_sample,2,704.344,
5914.9928,solve.va_sample,2,704.344,
5915.4931,solve.va_sample,2,704.344,
5915.9933,solve.va_sample,2,704.344,
5916.4936,solve.va_sample,2,704.344,
5916.9938,solve.va_sample,2,704.344,
5917.4940,solve.va_sample,2,704.344,
5917.9943,solve.va_sample,2,704.344,
5918.4945,solve.va_sample,2,704.344,
5918.9947,solve.va_sample,2,704.344,
5919.4950,solve.va_sample,2,704.344,
5919.9952,solve.va_sample,2,704.344,
5920.4955,solve.va_sample,2,704.344,
5920.9957,solve.va_sample,2,704.344,
5921.4959,solve.va_sample,2,704.344,
5921.9962,solve.va_sample,2,704.344,
5922.4964,solve.va_sample,2,704.344,
5922.9967,solve.va_sample,2,704.344,
5923.4969,solve.va_sample,2,704.344,
5923.9972,solve.va_sample,2,704.344,
5924.4974,solve.va_sample,2,704.344,
5924.9977,solve.va_sample,2,704.344,
5925.4979,solve.va_sample,2,704.344,
5925.9981,solve.va_sample,2,704.344,
5926.4984,solve.va_sample,2,704.344,
5926.9986,solve.va_sample,2,704.344,
5927.4988,solve.va_sample,2,704.344,
5927.9991,solve.va_sample,2,704.344,
5928.4993,solve.va_sample,2,704.344,
5928.9996,solve.va_sample,2,704.344,
5929.4998,solve.va_sample,2,704.344,
5930.0000,solve.va_sample,2,704.344,
5930.5003,solve.va_sample,2,704.344,
5931.0005,solve.va_sample,2,704.344,
5931.5008,solve.va_sample,2,704.344,
5932.0010,solve.va_sample,2,704.344,
5932.5012,solve.va_sample,2,704.344,
5933.0015,solve.va_sample,2,704.344,
5933.5018,solve.va_sample,2,704.344,
5934.0020,solve.va_sample,2,704.344,
5934.5023,solve.va_sample,2,704.344,
5935.0025,solve.va_sample,2,704.344,
5935.5027,solve.va_sample,2,704.344,
5936.0030,solve.va_sample,2,704.344,
5936.5032,solve.va_sample,2,704.344,
5937.0034,solve.va_sample,2,704.344,
5937.5037,solve.va_sample,2,704.344,
5938.0039,solve.va_sample,2,704.344,
5938.5042,solve.va_sample,2,704.344,
5939.0044,solve.va_sample,2,704.344,
5939.5046,solve.va_sample,2,704.344,
5940.0049,solve.va_sample,2,704.344,
5940.5051,solve.va_sample,2,704.344,
5941.0053,solve.va_sample,2,704.344,
5941.5056,solve.va_sample,2,704.344,
5942.0058,solve.va_sample,2,704.344,
5942.5061,solve.va_sample,2,704.344,
5943.0063,solve.va_sample,2,704.344,
5943.5065,solve.va_sample,2,704.344,
5944.0068,solve.va_sample,2,704.344,
5944.5070,solve.va_sample,2,704.344,
5945.0073,solve.va_sample,2,704.344,
5945.5075,solve.va_sample,2,704.344,
5946.0077,solve.va_sample,2,704.344,
5946.5080,solve.va_sample,2,704.344,
5947.0082,solve.va_sample,2,704.344,
5947.5085,solve.va_sample,2,704.344,
5948.0087,solve.va_sample,2,704.344,
5948.5089,solve.va_sample,2,704.344,
5949.0092,solve.va_sample,2,704.344,
5949.5094,solve.va_sample,2,704.344,
5950.0097,solve.va_sample,2,704.344,
5950.5099,solve.va_sample,2,704.344,
5951.0101,solve.va_sample,2,704.344,
5951.5104,solve.va_sample,2,704.344,
5952.0106,solve.va_sample,2,704.344,
5952.5109,solve.va_sample,2,704.344,
5953.0112,solve.va_sample,2,704.344,
5953.5114,solve.va_sample,2,704.344,
5954.0116,solve.va_sample,2,704.344,
5954.5119,solve.va_sample,2,704.344,
5955.0121,solve.va_sample,2,704.344,
5955.5123,solve.va_sample,2,704.344,
5956.0126,solve.va_sample,2,704.344,
5956.5128,solve.va_sample,2,704.344,
5957.0131,solve.va_sample,2,704.344,
5957.5133,solve.va_sample,2,704.344,
5958.0135,solve.va_sample,2,704.344,
5958.5138,solve.va_sample,2,704.344,
5959.0140,solve.va_sample,2,704.344,
5959.5143,solve.va_sample,2,704.344,
5960.0145,solve.va_sample,2,704.344,
5960.5147,solve.va_sample,2,704.344,
5961.0150,solve.va_sample,2,704.344,
5961.5152,solve.va_sample,2,704.344,
5962.0154,solve.va_sample,2,704.344,
5962.5157,solve.va_sample,2,704.344,
5963.0159,solve.va_sample,2,704.344,
5963.5161,solve.va_sample,2,704.344,
5964.0164,solve.va_sample,2,704.344,
5964.5166,solve.va_sample,2,704.344,
5965.0168,solve.va_sample,2,704.344,
5965.5171,solve.va_sample,2,704.344,
5966.0173,solve.va_sample,2,704.344,
5966.5176,solve.va_sample,2,704.344,
5967.0178,solve.va_sample,2,704.344,
5967.5180,solve.va_sample,2,704.344,
5968.0183,solve.va_sample,2,704.344,
5968.5185,solve.va_sample,2,704.344,
5969.0187,solve.va_sample,2,704.344,
5969.5190,solve.va_sample,2,704.344,
5970.0192,solve.va_sample,2,704.344,
5970.5195,solve.va_sample,2,704.344,
5971.0197,solve.va_sample,2,704.344,
5971.5200,solve.va_sample,2,704.344,
5972.0202,solve.va_sample,2,704.344,
5972.5205,solve.va_sample,2,704.344,
5973.0207,solve.va_sample,2,704.344,
5973.5209,solve.va_sample,2,704.344,
5974.0212,solve.va_sample,2,704.344,
5974.5214,solve.va_sample,2,704.344,
5975.0217,solve.va_sample,2,704.344,
5975.5219,solve.va_sample,2,704.344,
5976.0221,solve.va_sample,2,704.344,
5976.5224,solve.va_sample,2,704.344,
5977.0226,solve.va_sample,2,704.344,
5977.5229,solve.va_sample,2,704.344,
5978.0231,solve.va_sample,2,704.344,
5978.5233,solve.va_sample,2,704.344,
5979.0236,solve.va_sample,2,704.344,
5979.5238,solve.va_sample,2,704.344,
5980.0240,solve.va_sample,2,704.344,
5980.5243,solve.va_sample,2,704.344,
5981.0245,solve.va_sample,2,704.344,
5981.5248,solve.va_sample,2,704.344,
5982.0250,solve.va_sample,2,704.344,
5982.5253,solve.va_sample,2,704.344,
5983.0255,solve.va_sample,2,704.344,
5983.5258,solve.va_sample,2,704.344,
5984.0260,solve.va_sample,2,704.344,
5984.5262,solve.va_sample,2,704.344,
5985.0265,solve.va_sample,2,704.344,
5985.5267,solve.va_sample,2,704.344,
5986.0269,solve.va_sample,2,704.344,
5986.5272,solve.va_sample,2,704.344,
5987.0274,solve.va_sample,2,704.344,
5987.5277,solve.va_sample,2,704.344,
5988.0279,solve.va_sample,2,704.344,
5988.5281,solve.va_sample,2,704.344,
5989.0284,solve.va_sample,2,704.344,
5989.5286,solve.va_sample,2,704.344,
5990.0288,solve.va_sample,2,704.344,
5990.5291,solve.va_sample,2,704.344,
5991.0293,solve.va_sample,2,704.344,
5991.5296,solve.va_sample,2,704.344,
5992.0299,solve.va_sample,2,704.344,
5992.5302,solve.va_sample,2,704.344,
5993.0304,solve.va_sample,2,704.344,
5993.5307,solve.va_sample,2,704.344,
5994.0309,solve.va_sample,2,704.344,
5994.5312,solve.va_sample,2,704.344,
5995.0314,solve.va_sample,2,704.344,
5995.5317,solve.va_sample,2,704.344,
5996.0319,solve.va_sample,2,704.344,
5996.5322,solve.va_sample,2,704.344,
5997.0324,solve.va_sample,2,704.344,
5997.5326,solve.va_sample,2,704.344,
5998.0329,solve.va_sample,2,704.344,
5998.5331,solve.va_sample,2,704.344,
5999.0334,solve.va_sample,2,704.344,
5999.5336,solve.va_sample,2,704.344,
6000.0338,solve.va_sample,2,704.344,
6000.5341,solve.va_sample,2,704.344,
6001.0343,solve.va_sample,2,704.344,
6001.5346,solve.va_sample,2,704.344,
6002.0348,solve.va_sample,2,704.344,
6002.5350,solve.va_sample,2,704.344,
6003.0353,solve.va_sample,2,704.344,
6003.5355,solve.va_sample,2,704.344,
6004.0358,solve.va_sample,2,704.344,
6004.5361,solve.va_sample,2,704.344,
6005.0363,solve.va_sample,2,704.344,
6005.5366,solve.va_sample,2,704.344,
6006.0368,solve.va_sample,2,704.344,
6006.5371,solve.va_sample,2,704.344,
6007.0373,solve.va_sample,2,704.344,
6007.5376,solve.va_sample,2,704.344,
6008.0378,solve.va_sample,2,704.344,
6008.5380,solve.va_sample,2,704.344,
6009.0383,solve.va_sample,2,704.344,
6009.5385,solve.va_sample,2,704.344,
6010.0388,solve.va_sample,2,704.344,
6010.5390,solve.va_sample,2,704.344,
6011.0392,solve.va_sample,2,704.344,
6011.5395,solve.va_sample,2,704.344,
6012.0397,solve.va_sample,2,704.344,
6012.5400,solve.va_sample,2,704.344,
6013.0402,solve.va_sample,2,704.344,
6013.5404,solve.va_sample,2,704.344,
6014.0407,solve.va_sample,2,704.344,
6014.5409,solve.va_sample,2,704.344,
6015.0412,solve.va_sample,2,704.344,
6015.5414,solve.va_sample,2,704.344,
6016.0416,solve.va_sample,2,704.344,
6016.5419,solve.va_sample,2,704.344,
6017.0421,solve.va_sample,2,704.344,
6017.5424,solve.va_sample,2,704.344,
6018.0426,solve.va_sample,2,704.344,
6018.5428,solve.va_sample,2,704.344,
6019.0431,solve.va_sample,2,704.344,
6019.5433,solve.va_sample,2,704.344,
6020.0435,solve.va_sample,2,704.344,
6020.5438,solve.va_sample,2,704.344,
6021.0440,solve.va_sample,2,704.344,
6021.5443,solve.va_sample,2,704.344,
6022.0445,solve.va_sample,2,704.344,
6022.5447,solve.va_sample,2,704.344,
6023.0450,solve.va_sample,2,704.344,
6023.5452,solve.va_sample,2,704.344,
6024.0454,solve.va_sample,2,704.344,
6024.5457,solve.va_sample,2,704.344,
6025.0459,solve.va_sample,2,704.344,
6025.5462,solve.va_sample,2,704.344,
6026.0464,solve.va_sample,2,704.344,
6026.5467,solve.va_sample,2,704.344,
6027.0469,solve.va_sample,2,704.344,
6027.5472,solve.va_sample,2,704.344,
6028.0474,solve.va_sample,2,704.344,
6028.5477,solve.va_sample,2,704.344,
6029.0479,solve.va_sample,2,704.344,
6029.5481,solve.va_sample,2,704.344,
6030.0484,solve.va_sample,2,704.344,
6030.5486,solve.va_sample,2,704.344,
6031.0488,solve.va_sample,2,704.344,
6031.5491,solve.va_sample,2,704.344,
6032.0494,solve.va_sample,2,704.344,
6032.5496,solve.va_sample,2,704.344,
6033.0499,solve.va_sample,2,704.344,
6033.5501,solve.va_sample,2,704.344,
6034.0503,solve.va_sample,2,704.344,
6034.5506,solve.va_sample,2,704.344,
6035.0508,solve.va_sample,2,704.344,
6035.5511,solve.va_sample,2,704.344,
6036.0513,solve.va_sample,2,704.344,
6036.5516,solve.va_sample,2,704.344,
6037.0518,solve.va_sample,2,704.344,
6037.5520,solve.va_sample,2,704.344,
6038.0523,solve.va_sample,2,704.344,
6038.5525,solve.va_sample,2,704.344,
6039.0527,solve.va_sample,2,704.344,
6039.5530,solve.va_sample,2,704.344,
6040.0532,solve.va_sample,2,704.344,
6040.5535,solve.va_sample,2,704.344,
6041.0537,solve.va_sample,2,704.344,
6041.5539,solve.va_sample,2,704.344,
6042.0542,solve.va_sample,2,704.344,
6042.5544,solve.va_sample,2,704.344,
6043.0546,solve.va_sample,2,704.344,
6043.5549,solve.va_sample,2,704.344,
6044.0551,solve.va_sample,2,704.344,
6044.5554,solve.va_sample,2,704.344,
6045.0556,solve.va_sample,2,704.344,
6045.5558,solve.va_sample,2,704.344,
6046.0561,solve.va_sample,2,704.344,
6046.5563,solve.va_sample,2,704.344,
6047.0566,solve.va_sample,2,704.344,
6047.5568,solve.va_sample,2,704.344,
6048.0571,solve.va_sample,2,704.344,
6048.5573,solve.va_sample,2,704.344,
6049.0575,solve.va_sample,2,704.344,
6049.5578,solve.va_sample,2,704.344,
6050.0580,solve.va_sample,2,704.344,
6050.5583,solve.va_sample,2,704.344,
6051.0585,solve.va_sample,2,704.344,
6051.5587,solve.va_sample,2,704.344,
6052.0590,solve.va_sample,2,704.344,
6052.5592,solve.va_sample,2,704.344,
6053.0595,solve.va_sample,2,704.344,
6053.5598,solve.va_sample,2,704.344,
6054.0600,solve.va_sample,2,704.344,
6054.5603,solve.va_sample,2,704.344,
6055.0606,solve.va_sample,2,704.344,
6055.5608,solve.va_sample,2,704.344,
6056.0610,solve.va_sample,2,704.344,
6056.5613,solve.va_sample,2,704.344,
6057.0616,solve.va_sample,2,704.344,
6057.5618,solve.va_sample,2,704.344,
6058.0621,solve.va_sample,2,704.344,
6058.5623,solve.va_sample,2,704.344,
6059.0626,solve.va_sample,2,704.344,
6059.5628,solve.va_sample,2,704.344,
6060.0631,solve.va_sample,2,704.344,
6060.5633,solve.va_sample,2,704.344,
6061.0636,solve.va_sample,2,704.344,
6061.5638,solve.va_sample,2,704.344,
6062.0640,solve.va_sample,2,704.344,
6062.5643,solve.va_sample,2,704.344,
6063.0645,solve.va_sample,2,704.344,
6063.5648,solve.va_sample,2,704.344,
6064.0650,solve.va_sample,2,704.344,
6064.5653,solve.va_sample,2,704.344,
6065.0655,solve.va_sample,2,704.344,
6065.5657,solve.va_sample,2,704.344,
6066.0660,solve.va_sample,2,704.344,
6066.5662,solve.va_sample,2,704.344,
6067.0665,solve.va_sample,2,704.344,
6067.5667,solve.va_sample,2,704.344,
6068.0669,solve.va_sample,2,704.344,
6068.5672,solve.va_sample,2,704.344,
6069.0674,solve.va_sample,2,704.344,
6069.5677,solve.va_sample,2,704.344,
6070.0679,solve.va_sample,2,704.344,
6070.5682,solve.va_sample,2,704.344,
6071.0684,solve.va_sample,2,704.344,
6071.5686,solve.va_sample,2,704.344,
6072.0689,solve.va_sample,2,704.344,
6072.5691,solve.va_sample,2,704.344,
6073.0694,solve.va_sample,2,704.344,
6073.5696,solve.va_sample,2,704.344,
6074.0698,solve.va_sample,2,704.344,
6074.5701,solve.va_sample,2,704.344,
6075.0703,solve.va_sample,2,704.344,
6075.5705,solve.va_sample,2,704.344,
6076.0708,solve.va_sample,2,704.344,
6076.5710,solve.va_sample,2,704.344,
6077.0713,solve.va_sample,2,704.344,
6077.5715,solve.va_sample,2,704.344,
6078.0717,solve.va_sample,2,704.344,
6078.5720,solve.va_sample,2,704.344,
6079.0722,solve.va_sample,2,704.344,
6079.5725,solve.va_sample,2,704.344,
6080.0728,solve.va_sample,2,704.344,
6080.5730,solve.va_sample,2,704.344,
6081.0733,solve.va_sample,2,704.344,
6081.5735,solve.va_sample,2,704.344,
6082.0738,solve.va_sample,2,704.344,
6082.5740,solve.va_sample,2,704.344,
6083.0743,solve.va_sample,2,704.344,
6083.5745,solve.va_sample,2,704.344,
6084.0748,solve.va_sample,2,704.344,
6084.5750,solve.va_sample,2,704.344,
6085.0753,solve.va_sample,2,704.344,
6085.5755,solve.va_sample,2,704.344,
6086.0757,solve.va_sample,2,704.344,
6086.5760,solve.va_sample,2,704.344,
6087.0762,solve.va_sample,2,704.344,
6087.5764,solve.va_sample,2,704.344,
6088.0767,solve.va_sample,2,704.344,
6088.5769,solve.va_sample,2,704.344,
6089.0772,solve.va_sample,2,704.344,
6089.5774,solve.va_sample,2,704.344,
6090.0776,solve.va_sample,2,704.344,
6090.5779,solve.va_sample,2,704.344,
6091.0781,solve.va_sample,2,704.344,
6091.5783,solve.va_sample,2,704.344,
6092.0786,solve.va_sample,2,704.344,
6092.5788,solve.va_sample,2,704.344,
6093.0790,solve.va_sample,2,704.344,
6093.5793,solve.va_sample,2,704.344,
6094.0795,solve.va_sample,2,704.344,
6094.5798,solve.va_sample,2,704.602,
6095.0800,solve.va_sample,2,704.602,
6095.5802,solve.va_sample,2,704.602,
6096.0805,solve.va_sample,2,704.602,
6096.5807,solve.va_sample,2,704.602,
6097.0809,solve.va_sample,2,704.602,
6097.5812,solve.va_sample,2,704.602,
6098.0814,solve.va_sample,2,704.602,
6098.5817,solve.va_sample,2,704.602,
6099.0819,solve.va_sample,2,704.602,
6099.5822,solve.va_sample,2,704.602,
6100.0824,solve.va_sample,2,704.602,
6100.5827,solve.va_sample,2,704.602,
6101.0829,solve.va_sample,2,704.602,
6101.5832,solve.va_sample,2,704.602,
6102.0834,solve.va_sample,2,704.602,
6102.5836,solve.va_sample,2,704.602,
6103.0839,solve.va_sample,2,704.602,
6103.5841,solve.va_sample,2,704.602,
6104.0844,solve.va_sample,2,704.602,
6104.5846,solve.va_sample,2,704.602,
6105.0849,solve.va_sample,2,704.602,
6105.5852,solve.va_sample,2,704.602,
6106.0854,solve.va_sample,2,704.602,
6106.5857,solve.va_sample,2,704.602,
6107.0859,solve.va_sample,2,704.602,
6107.5862,solve.va_sample,2,704.602,
6108.0864,solve.va_sample,2,704.602,
6108.5867,solve.va_sample,2,704.602,
6109.0870,solve.va_sample,2,704.602,
6109.5872,solve.va_sample,2,704.602,
6110.0875,solve.va_sample,2,704.602,
6110.5877,solve.va_sample,2,704.602,
6111.0880,solve.va_sample,2,704.602,
6111.5883,solve.va_sample,2,704.602,
6112.0886,solve.va_sample,2,704.602,
6112.5888,solve.va_sample,2,704.602,
6113.0891,solve.va_sample,2,704.602,
6113.5893,solve.va_sample,2,704.602,
6114.0896,solve.va_sample,2,704.602,
6114.5898,solve.va_sample,2,704.602,
6115.0901,solve.va_sample,2,704.602,
6115.5903,solve.va_sample,2,704.602,
6116.0906,solve.va_sample,2,704.602,
6116.5908,solve.va_sample,2,704.602,
6117.0911,solve.va_sample,2,704.602,
6117.5913,solve.va_sample,2,704.602,
6118.0915,solve.va_sample,2,704.602,
6118.5918,solve.va_sample,2,704.602,
6119.0920,solve.va_sample,2,704.602,
6119.5922,solve.va_sample,2,704.602,
6120.0925,solve.va_sample,2,704.602,
6120.5927,solve.va_sample,2,704.602,
6121.0930,solve.va_sample,2,704.602,
6121.5932,solve.va_sample,2,704.602,
6122.0935,solve.va_sample,2,704.602,
6122.5937,solve.va_sample,2,704.602,
6123.0939,solve.va_sample,2,704.602,
6123.5942,solve.va_sample,2,704.602,
6124.0944,solve.va_sample,2,704.602,
6124.5947,solve.va_sample,2,704.602,
6125.0949,solve.va_sample,2,704.602,
6125.5951,solve.va_sample,2,704.602,
6126.0954,solve.va_sample,2,704.602,
6126.5956,solve.va_sample,2,704.602,
6127.0958,solve.va_sample,2,704.602,
6127.5961,solve.va_sample,2,704.602,
6128.0963,solve.va_sample,2,704.602,
6128.5966,solve.va_sample,2,704.602,
6129.0968,solve.va_sample,2,704.602,
6129.5971,solve.va_sample,2,704.602,
6130.0974,solve.va_sample,2,704.602,
6130.5976,solve.va_sample,2,704.602,
6131.0979,solve.va_sample,2,704.602,
6131.5981,solve.va_sample,2,704.602,
6132.0983,solve.va_sample,2,704.602,
6132.5986,solve.va_sample,2,704.602,
6133.0988,solve.va_sample,2,704.602,
6133.5991,solve.va_sample,2,704.602,
6134.0993,solve.va_sample,2,704.602,
6134.5995,solve.va_sample,2,704.602,
6135.0998,solve.va_sample,2,704.602,
6135.6000,solve.va_sample,2,704.602,
6136.1003,solve.va_sample,2,704.602,
6136.6005,solve.va_sample,2,704.602,
6137.1008,solve.va_sample,2,704.602,
6137.6010,solve.va_sample,2,704.602,
6138.1012,solve.va_sample,2,704.602,
6138.6015,solve.va_sample,2,704.602,
6139.1017,solve.va_sample,2,704.602,
6139.6020,solve.va_sample,2,704.602,
6140.1023,solve.va_sample,2,704.602,
6140.6025,solve.va_sample,2,704.602,
6141.1028,solve.va_sample,2,704.602,
6141.6030,solve.va_sample,2,704.602,
6142.1033,solve.va_sample,2,704.602,
6142.6035,solve.va_sample,2,704.602,
6143.1038,solve.va_sample,2,704.602,
6143.6040,solve.va_sample,2,704.602,
6144.1043,solve.va_sample,2,704.602,
6144.6045,solve.va_sample,2,704.602,
6145.1047,solve.va_sample,2,704.602,
6145.6050,solve.va_sample,2,704.602,
6146.1052,solve.va_sample,2,704.602,
6146.6055,solve.va_sample,2,704.602,
6147.1057,solve.va_sample,2,704.602,
6147.6059,solve.va_sample,2,704.602,
6148.1062,solve.va_sample,2,704.602,
6148.6064,solve.va_sample,2,704.602,
6149.1066,solve.va_sample,2,704.602,
6149.6069,solve.va_sample,2,704.602,
6150.1071,solve.va_sample,2,704.602,
6150.6074,solve.va_sample,2,704.602,
6151.1076,solve.va_sample,2,704.602,
6151.6079,solve.va_sample,2,704.602,
6152.1081,solve.va_sample,2,704.602,
6152.6083,solve.va_sample,2,704.602,
6153.1086,solve.va_sample,2,704.602,
6153.6088,solve.va_sample,2,704.602,
6154.1090,solve.va_sample,2,704.602,
6154.6093,solve.va_sample,2,704.602,
6155.1095,solve.va_sample,2,704.602,
6155.6098,solve.va_sample,2,704.602,
6156.1100,solve.va_sample,2,704.602,
6156.6102,solve.va_sample,2,704.602,
6157.1105,solve.va_sample,2,704.602,
6157.6107,solve.va_sample,2,704.602,
6158.1110,solve.va_sample,2,704.602,
6158.6112,solve.va_sample,2,704.602,
6159.1115,solve.va_sample,2,704.602,
6159.6117,solve.va_sample,2,704.602,
6160.1119,solve.va_sample,2,704.602,
6160.6122,solve.va_sample,2,704.602,
6161.1125,solve.va_sample,2,704.602,
6161.6127,solve.va_sample,2,704.602,
6162.1130,solve.va_sample,2,704.602,
6162.6132,solve.va_sample,2,704.602,
6163.1135,solve.va_sample,2,704.602,
6163.6137,solve.va_sample,2,704.602,
6164.1140,solve.va_sample,2,704.602,
6164.6142,solve.va_sample,2,704.602,
6165.1144,solve.va_sample,2,704.602,
6165.6147,solve.va_sample,2,704.602,
6166.1149,solve.va_sample,2,704.602,
6166.6152,solve.va_sample,2,704.602,
6167.1154,solve.va_sample,2,704.602,
6167.6157,solve.va_sample,2,704.602,
6168.1159,solve.va_sample,2,704.602,
6168.6161,solve.va_sample,2,704.602,
6169.1163,solve.va_sample,2,704.602,
6169.6166,solve.va_sample,2,704.602,
6170.1168,solve.va_sample,2,704.602,
6170.6170,solve.va_sample,2,704.602,
6171.1173,solve.va_sample,2,704.602,
6171.6175,solve.va_sample,2,704.602,
6172.1178,solve.va_sample,2,704.602,
6172.6180,solve.va_sample,2,704.602,
6173.1183,solve.va_sample,2,704.602,
6173.6185,solve.va_sample,2,704.602,
6174.1188,solve.va_sample,2,704.602,
6174.6190,solve.va_sample,2,704.602,
6175.1193,solve.va_sample,2,704.602,
6175.6195,solve.va_sample,2,704.602,
6176.1198,solve.va_sample,2,704.602,
6176.6200,solve.va_sample,2,704.602,
6177.1203,solve.va_sample,2,704.602,
6177.6205,solve.va_sample,2,704.602,
6178.1208,solve.va_sample,2,704.602,
6178.6210,solve.va_sample,2,704.602,
6179.1213,solve.va_sample,2,704.602,
6179.6215,solve.va_sample,2,704.602,
6180.1217,solve.va_sample,2,704.602,
6180.6220,solve.va_sample,2,704.602,
6181.1222,solve.va_sample,2,704.602,
6181.6225,solve.va_sample,2,704.602,
6182.1227,solve.va_sample,2,704.602,
6182.6229,solve.va_sample,2,704.602,
6183.1232,solve.va_sample,2,704.602,
6183.6234,solve.va_sample,2,704.602,
6184.1237,solve.va_sample,2,704.602,
6184.6239,solve.va_sample,2,704.602,
6185.1241,solve.va_sample,2,704.602,
6185.6244,solve.va_sample,2,704.602,
6186.1246,solve.va_sample,2,704.602,
6186.6249,solve.va_sample,2,704.602,
6187.1251,solve.va_sample,2,704.602,
6187.6254,solve.va_sample,2,704.602,
6188.1256,solve.va_sample,2,704.602,
6188.6259,solve.va_sample,2,704.602,
6189.1261,solve.va_sample,2,704.602,
6189.6263,solve.va_sample,2,704.602,
6190.1266,solve.va_sample,2,704.602,
6190.6268,solve.va_sample,2,704.602,
6191.1271,solve.va_sample,2,704.602,
6191.6273,solve.va_sample,2,704.602,
6192.1276,solve.va_sample,2,704.602,
6192.6278,solve.va_sample,2,704.602,
6193.1281,solve.va_sample,2,704.602,
6193.6283,solve.va_sample,2,704.602,
6194.1285,solve.va_sample,2,704.602,
6194.6288,solve.va_sample,2,704.602,
6195.1290,solve.va_sample,2,704.602,
6195.6293,solve.va_sample,2,704.602,
6196.1295,solve.va_sample,2,704.602,
6196.6298,solve.va_sample,2,704.602,
6197.1300,solve.va_sample,2,704.602,
6197.6303,solve.va_sample,2,704.602,
6198.1305,solve.va_sample,2,704.602,
6198.6308,solve.va_sample,2,704.602,
6199.1310,solve.va_sample,2,704.602,
6199.6312,solve.va_sample,2,704.602,
6200.1315,solve.va_sample,2,704.602,
6200.6317,solve.va_sample,2,704.602,
6201.1319,solve.va_sample,2,704.602,
6201.6322,solve.va_sample,2,704.602,
6202.1324,solve.va_sample,2,704.602,
6202.6327,solve.va_sample,2,704.602,
6203.1329,solve.va_sample,2,704.602,
6203.6331,solve.va_sample,2,704.602,
6204.1334,solve.va_sample,2,704.602,
6204.6336,solve.va_sample,2,704.602,
6205.1339,solve.va_sample,2,704.602,
6205.6341,solve.va_sample,2,704.602,
6206.1343,solve.va_sample,2,704.602,
6206.6346,solve.va_sample,2,704.602,
6207.1348,solve.va_sample,2,704.602,
6207.6351,solve.va_sample,2,704.602,
6208.1353,solve.va_sample,2,704.602,
6208.6355,solve.va_sample,2,704.602,
6209.1358,solve.va_sample,2,704.602,
6209.6360,solve.va_sample,2,704.602,
6210.1362,solve.va_sample,2,704.602,
6210.6365,solve.va_sample,2,704.602,
6211.1367,solve.va_sample,2,704.602,
6211.6370,solve.va_sample,2,704.602,
6212.1372,solve.va_sample,2,704.602,
6212.6375,solve.va_sample,2,704.602,
6213.1377,solve.va_sample,2,704.602,
6213.6380,solve.va_sample,2,704.602,
6214.1383,solve.va_sample,2,704.602,
6214.6385,solve.va_sample,2,704.602,
6215.1387,solve.va_sample,2,704.602,
6215.6390,solve.va_sample,2,704.602,
6216.1392,solve.va_sample,2,704.602,
6216.6395,solve.va_sample,2,704.602,
6217.1397,solve.va_sample,2,704.602,
6217.6399,solve.va_sample,2,704.602,
6218.1402,solve.va_sample,2,704.602,
6218.6404,solve.va_sample,2,704.602,
6219.1406,solve.va_sample,2,704.602,
6219.6409,solve.va_sample,2,704.602,
6220.1411,solve.va_sample,2,704.602,
6220.6413,solve.va_sample,2,704.602,
6221.1416,solve.va_sample,2,704.602,
6221.6418,solve.va_sample,2,704.602,
6222.1421,solve.va_sample,2,704.602,
6222.6423,solve.va_sample,2,704.602,
6223.1425,solve.va_sample,2,704.602,
6223.6428,solve.va_sample,2,704.602,
6224.1430,solve.va_sample,2,704.602,
6224.6432,solve.va_sample,2,704.602,
6225.1435,solve.va_sample,2,704.602,
6225.6437,solve.va_sample,2,704.602,
6226.1439,solve.va_sample,2,704.602,
6226.6442,solve.va_sample,2,704.602,
6227.1444,solve.va_sample,2,704.602,
6227.6447,solve.va_sample,2,704.602,
6228.1449,solve.va_sample,2,704.602,
6228.6451,solve.va_sample,2,704.602,
6229.1454,solve.va_sample,2,704.602,
6229.6456,solve.va_sample,2,704.602,
6230.1459,solve.va_sample,2,704.602,
6230.6461,solve.va_sample,2,704.602,
6231.1463,solve.va_sample,2,704.602,
6231.6466,solve.va_sample,2,704.602,
6232.1468,solve.va_sample,2,704.602,
6232.6470,solve.va_sample,2,704.602,
6233.1473,solve.va_sample,2,704.602,
6233.6476,solve.va_sample,2,704.602,
6234.1478,solve.va_sample,2,704.602,
6234.6480,solve.va_sample,2,704.602,
6235.1483,solve.va_sample,2,704.602,
6235.6485,solve.va_sample,2,704.602,
6236.1488,solve.va_sample,2,704.602,
6236.6490,solve.va_sample,2,704.602,
6237.1492,solve.va_sample,2,704.602,
6237.6495,solve.va_sample,2,704.602,
6238.1497,solve.va_sample,2,704.602,
6238.6499,solve.va_sample,2,704.602,
6239.1502,solve.va_sample,2,704.602,
6239.6504,solve.va_sample,2,704.602,
6240.1507,solve.va_sample,2,704.602,
6240.6509,solve.va_sample,2,704.602,
6241.1511,solve.va_sample,2,704.602,
6241.6513,solve.va_sample,2,704.602,
6242.1516,solve.va_sample,2,704.602,
6242.6518,solve.va_sample,2,704.602,
6243.1520,solve.va_sample,2,704.602,
6243.6523,solve.va_sample,2,704.602,
6244.1525,solve.va_sample,2,704.602,
6244.6527,solve.va_sample,2,704.602,
6245.1530,solve.va_sample,2,704.602,
6245.6532,solve.va_sample,2,704.602,
6246.1534,solve.va_sample,2,704.602,
6246.6537,solve.va_sample,2,704.602,
6247.1539,solve.va_sample,2,704.602,
6247.6541,solve.va_sample,2,704.602,
6248.1544,solve.va_sample,2,704.602,
6248.6546,solve.va_sample,2,704.602,
6249.1548,solve.va_sample,2,704.602,
6249.6550,solve.va_sample,2,704.602,
6250.1553,solve.va_sample,2,704.602,
6250.6555,solve.va_sample,2,704.602,
6251.1557,solve.va_sample,2,704.602,
6251.6560,solve.va_sample,2,704.602,
6252.1562,solve.va_sample,2,704.602,
6252.6564,solve.va_sample,2,704.602,
6253.1567,solve.va_sample,2,704.602,
6253.6569,solve.va_sample,2,704.602,
6254.1572,solve.va_sample,2,704.602,
6254.6574,solve.va_sample,2,704.602,
6255.1576,solve.va_sample,2,704.602,
6255.6579,solve.va_sample,2,704.602,
6256.1581,solve.va_sample,2,704.602,
6256.6584,solve.va_sample,2,704.602,
6257.1586,solve.va_sample,2,704.602,
6257.6588,solve.va_sample,2,704.602,
6258.1591,solve.va_sample,2,704.602,
6258.6593,solve.va_sample,2,704.602,
6259.1595,solve.va_sample,2,704.602,
6259.6598,solve.va_sample,2,704.602,
6260.1601,solve.va_sample,2,704.602,
6260.6603,solve.va_sample,2,704.602,
6261.1605,solve.va_sample,2,704.602,
6261.6608,solve.va_sample,2,704.602,
6262.1610,solve.va_sample,2,704.602,
6262.6613,solve.va_sample,2,704.602,
6263.1615,solve.va_sample,2,704.602,
6263.6617,solve.va_sample,2,704.602,
6264.1620,solve.va_sample,2,704.602,
6264.6622,solve.va_sample,2,704.602,
6265.1625,solve.va_sample,2,704.602,
6265.6627,solve.va_sample,2,704.602,
6266.1630,solve.va_sample,2,704.602,
6266.6632,solve.va_sample,2,704.602,
6267.1635,solve.va_sample,2,704.602,
6267.6637,solve.va_sample,2,704.602,
6268.1639,solve.va_sample,2,704.602,
6268.6641,solve.va_sample,2,704.602,
6269.1644,solve.va_sample,2,704.602,
6269.6646,solve.va_sample,2,704.602,
6270.1649,solve.va_sample,2,704.602,
6270.6651,solve.va_sample,2,704.602,
6271.1653,solve.va_sample,2,704.602,
6271.6656,solve.va_sample,2,704.602,
6272.1658,solve.va_sample,2,704.602,
6272.6660,solve.va_sample,2,704.602,
6273.1663,solve.va_sample,2,704.602,
6273.6665,solve.va_sample,2,704.602,
6274.1667,solve.va_sample,2,704.602,
6274.6670,solve.va_sample,2,704.602,
6275.1672,solve.va_sample,2,704.602,
6275.6675,solve.va_sample,2,704.602,
6276.1677,solve.va_sample,2,704.602,
6276.6679,solve.va_sample,2,704.602,
6277.1682,solve.va_sample,2,704.602,
6277.6684,solve.va_sample,2,704.602,
6278.1687,solve.va_sample,2,704.602,
6278.6689,solve.va_sample,2,704.602,
6279.1691,solve.va_sample,2,704.602,
6279.6694,solve.va_sample,2,704.602,
6280.1696,solve.va_sample,2,704.602,
6280.6698,solve.va_sample,2,704.602,
6281.1701,solve.va_sample,2,704.602,
6281.6703,solve.va_sample,2,704.602,
6282.1706,solve.va_sample,2,704.602,
6282.6708,solve.va_sample,2,704.602,
6283.1710,solve.va_sample,2,704.602,
6283.6713,solve.va_sample,2,704.602,
6284.1715,solve.va_sample,2,704.602,
6284.6718,solve.va_sample,2,704.602,
6285.1720,solve.va_sample,2,704.602,
6285.6722,solve.va_sample,2,704.602,
6286.1725,solve.va_sample,2,704.602,
6286.6727,solve.va_sample,2,704.602,
6287.1729,solve.va_sample,2,704.602,
6287.6732,solve.va_sample,2,704.602,
6288.1734,solve.va_sample,2,704.602,
6288.6737,solve.va_sample,2,704.602,
6289.1739,solve.va_sample,2,704.602,
6289.6741,solve.va_sample,2,704.602,
6290.1744,solve.va_sample,2,704.602,
6290.6746,solve.va_sample,2,704.602,
6291.1748,solve.va_sample,2,704.602,
6291.6751,solve.va_sample,2,704.602,
6292.1753,solve.va_sample,2,704.602,
6292.6755,solve.va_sample,2,704.602,
6293.1758,solve.va_sample,2,704.602,
6293.6761,solve.va_sample,2,704.602,
6294.1763,solve.va_sample,2,704.602,
6294.6765,solve.va_sample,2,704.602,
6295.1768,solve.va_sample,2,704.602,
6295.6770,solve.va_sample,2,704.602,
6296.1773,solve.va_sample,2,704.602,
6296.6775,solve.va_sample,2,704.602,
6297.1777,solve.va_sample,2,704.602,
6297.6780,solve.va_sample,2,704.602,
6298.1782,solve.va_sample,2,704.602,
6298.6785,solve.va_sample,2,704.602,
6299.1787,solve.va_sample,2,704.602,
6299.6790,solve.va_sample,2,704.602,
6300.1792,solve.va_sample,2,704.602,
6300.6794,solve.va_sample,2,704.602,
6301.1797,solve.va_sample,2,704.602,
6301.6799,solve.va_sample,2,704.602,
6302.1801,solve.va_sample,2,704.602,
6302.6804,solve.va_sample,2,704.602,
6303.1806,solve.va_sample,2,704.602,
6303.6808,solve.va_sample,2,704.602,
6304.1811,solve.va_sample,2,704.602,
6304.6813,solve.va_sample,2,704.602,
6305.1816,solve.va_sample,2,704.602,
6305.6818,solve.va_sample,2,704.602,
6306.1820,solve.va_sample,2,704.602,
6306.6823,solve.va_sample,2,704.602,
6307.1825,solve.va_sample,2,704.602,
6307.6828,solve.va_sample,2,704.602,
6308.1830,solve.va_sample,2,704.602,
6308.6832,solve.va_sample,2,704.602,
6309.1835,solve.va_sample,2,704.602,
6309.6837,solve.va_sample,2,704.602,
6310.1839,solve.va_sample,2,704.602,
6310.6842,solve.va_sample,2,704.602,
6311.1844,solve.va_sample,2,704.602,
6311.6846,solve.va_sample,2,704.602,
6312.1849,solve.va_sample,2,704.602,
6312.6851,solve.va_sample,2,704.602,
6313.1854,solve.va_sample,2,704.602,
6313.6856,solve.va_sample,2,704.602,
6314.1858,solve.va_sample,2,704.602,
6314.6860,solve.va_sample,2,704.602,
6315.1863,solve.va_sample,2,704.602,
6315.6865,solve.va_sample,2,704.602,
6316.1868,solve.va_sample,2,704.602,
6316.6870,solve.va_sample,2,704.602,
6317.1872,solve.va_sample,2,704.602,
6317.6875,solve.va_sample,2,704.602,
6318.1878,solve.va_sample,2,704.602,
6318.6880,solve.va_sample,2,704.602,
6319.1882,solve.va_sample,2,704.602,
6319.6885,solve.va_sample,2,704.602,
6320.1887,solve.va_sample,2,704.602,
6320.6889,solve.va_sample,2,704.602,
6321.1892,solve.va_sample,2,704.602,
6321.6894,solve.va_sample,2,704.602,
6322.1896,solve.va_sample,2,704.602,
6322.6899,solve.va_sample,2,704.602,
6323.1901,solve.va_sample,2,704.602,
6323.6903,solve.va_sample,2,704.602,
6324.1906,solve.va_sample,2,704.602,
6324.6908,solve.va_sample,2,704.602,
6325.1911,solve.va_sample,2,704.602,
6325.6913,solve.va_sample,2,704.602,
6326.1915,solve.va_sample,2,704.602,
6326.6918,solve.va_sample,2,704.602,
6327.1920,solve.va_sample,2,704.602,
6327.6922,solve.va_sample,2,704.602,
6328.1925,solve.va_sample,2,704.602,
6328.6927,solve.va_sample,2,704.602,
6329.1929,solve.va_sample,2,704.602,
6329.6932,solve.va_sample,2,704.602,
6330.1934,solve.va_sample,2,704.602,
6330.6936,solve.va_sample,2,704.602,
6331.1939,solve.va_sample,2,704.602,
6331.6941,solve.va_sample,2,704.602,
6332.1943,solve.va_sample,2,704.602,
6332.6946,solve.va_sample,2,704.602,
6333.1948,solve.va_sample,2,704.602,
6333.6951,solve.va_sample,2,704.602,
6334.1953,solve.va_sample,2,704.602,
6334.6955,solve.va_sample,2,704.602,
6335.1958,solve.va_sample,2,704.602,
6335.6960,solve.va_sample,2,704.602,
6336.1962,solve.va_sample,2,704.602,
6336.6964,solve.va_sample,2,704.602,
6337.1967,solve.va_sample,2,704.602,
6337.6969,solve.va_sample,2,704.602,
6338.1971,solve.va_sample,2,704.602,
6338.6974,solve.va_sample,2,704.602,
6339.1976,solve.va_sample,2,704.602,
6339.6979,solve.va_sample,2,704.602,
6340.1981,solve.va_sample,2,704.602,
6340.6983,solve.va_sample,2,704.602,
6341.1986,solve.va_sample,2,704.602,
6341.6988,solve.va_sample,2,704.602,
6342.1991,solve.va_sample,2,704.602,
6342.6993,solve.va_sample,2,704.602,
6343.1995,solve.va_sample,2,704.602,
6343.6998,solve.va_sample,2,704.602,
6344.2000,solve.va_sample,2,704.602,
6344.7002,solve.va_sample,2,704.602,
6345.2005,solve.va_sample,2,704.602,
6345.7007,solve.va_sample,2,704.602,
6346.2009,solve.va_sample,2,704.602,
6346.7012,solve.va_sample,2,704.602,
6347.2014,solve.va_sample,2,704.602,
6347.7016,solve.va_sample,2,704.602,
6348.2019,solve.va_sample,2,704.602,
6348.7021,solve.va_sample,2,704.602,
6349.2023,solve.va_sample,2,704.602,
6349.7026,solve.va_sample,2,704.602,
6350.2028,solve.va_sample,2,704.602,
6350.7031,solve.va_sample,2,704.602,
6351.2033,solve.va_sample,2,704.602,
6351.7035,solve.va_sample,2,704.602,
6352.2038,solve.va_sample,2,704.602,
6352.7040,solve.va_sample,2,704.602,
6353.2043,solve.va_sample,2,704.602,
6353.7046,solve.va_sample,2,704.602,
6354.2048,solve.va_sample,2,704.602,
6354.7051,solve.va_sample,2,704.602,
6355.2053,solve.va_sample,2,704.602,
6355.7056,solve.va_sample,2,704.602,
6356.2058,solve.va_sample,2,704.602,
6356.7060,solve.va_sample,2,704.602,
6357.2063,solve.va_sample,2,704.602,
6357.7065,solve.va_sample,2,704.602,
6358.2068,solve.va_sample,2,704.602,
6358.7071,solve.va_sample,2,704.602,
6359.2073,solve.va_sample,2,704.602,
6359.7076,solve.va_sample,2,704.602,
6360.2078,solve.va_sample,2,704.602,
6360.7081,solve.va_sample,2,704.602,
6361.2083,solve.va_sample,2,704.602,
6361.7086,solve.va_sample,2,704.602,
6362.2088,solve.va_sample,2,704.602,
6362.7091,solve.va_sample,2,704.602,
6363.2094,solve.va_sample,2,704.602,
6363.7096,solve.va_sample,2,704.602,
6364.2098,solve.va_sample,2,704.602,
6364.7101,solve.va_sample,2,704.602,
6365.2104,solve.va_sample,2,704.602,
6365.7106,solve.va_sample,2,704.602,
6366.2108,solve.va_sample,2,704.602,
6366.7111,solve.va_sample,2,704.602,
6367.2113,solve.va_sample,2,704.602,
6367.7116,solve.va_sample,2,704.602,
6368.2119,solve.va_sample,2,704.602,
6368.7121,solve.va_sample,2,704.602,
6369.2124,solve.va_sample,2,704.602,
6369.7126,solve.va_sample,2,704.602,
6370.2129,solve.va_sample,2,704.602,
6370.7131,solve.va_sample,2,704.602,
6371.2134,solve.va_sample,2,704.602,
6371.7136,solve.va_sample,2,704.602,
6372.2138,solve.va_sample,2,704.602,
6372.7141,solve.va_sample,2,704.602,
6373.2143,solve.va_sample,2,704.602,
6373.7145,solve.va_sample,2,704.602,
6374.2148,solve.va_sample,2,704.602,
6374.7150,solve.va_sample,2,704.602,
6375.2153,solve.va_sample,2,704.602,
6375.7155,solve.va_sample,2,704.602,
6376.2157,solve.va_sample,2,704.602,
6376.7160,solve.va_sample,2,704.602,
6377.2162,solve.va_sample,2,704.602,
6377.7164,solve.va_sample,2,704.602,
6378.2167,solve.va_sample,2,704.602,
6378.7169,solve.va_sample,2,704.602,
6379.2171,solve.va_sample,2,704.602,
6379.7173,solve.va_sample,2,704.602,
6380.2176,solve.va_sample,2,704.602,
6380.7179,solve.va_sample,2,704.602,
6381.2181,solve.va_sample,2,704.602,
6381.7183,solve.va_sample,2,704.602,
6382.2186,solve.va_sample,2,704.602,
6382.7188,solve.va_sample,2,704.602,
6383.2191,solve.va_sample,2,704.602,
6383.7193,solve.va_sample,2,704.602,
6384.2196,solve.va_sample,2,704.602,
6384.7198,solve.va_sample,2,704.602,
6385.2200,solve.va_sample,2,704.602,
6385.7203,solve.va_sample,2,704.602,
6386.2205,solve.va_sample,2,704.602,
6386.7207,solve.va_sample,2,704.602,
6387.2210,solve.va_sample,2,704.602,
6387.7212,solve.va_sample,2,704.602,
6388.2215,solve.va_sample,2,704.602,
6388.7217,solve.va_sample,2,704.602,
6389.2219,solve.va_sample,2,704.602,
6389.7222,solve.va_sample,2,704.602,
6390.2224,solve.va_sample,2,704.602,
6390.7226,solve.va_sample,2,704.602,
6391.2229,solve.va_sample,2,704.602,
6391.7231,solve.va_sample,2,704.602,
6392.2234,solve.va_sample,2,704.602,
6392.7236,solve.va_sample,2,704.602,
6393.2238,solve.va_sample,2,704.602,
6393.7241,solve.va_sample,2,704.602,
6394.2243,solve.va_sample,2,704.602,
6394.7245,solve.va_sample,2,704.602,
6395.2248,solve.va_sample,2,704.602,
6395.7250,solve.va_sample,2,704.602,
6396.2253,solve.va_sample,2,704.602,
6396.7255,solve.va_sample,2,704.602,
6397.2257,solve.va_sample,2,704.602,
6397.7259,solve.va_sample,2,704.602,
6398.2262,solve.va_sample,2,704.602,
6398.7264,solve.va_sample,2,704.602,
6399.2267,solve.va_sample,2,704.602,
6399.7269,solve.va_sample,2,704.602,
6400.2271,solve.va_sample,2,704.602,
6400.7273,solve.va_sample,2,704.602,
6401.2276,solve.va_sample,2,704.602,
6401.7278,solve.va_sample,2,704.602,
6402.2281,solve.va_sample,2,704.602,
6402.7283,solve.va_sample,2,704.602,
6403.2285,solve.va_sample,2,704.602,
6403.7288,solve.va_sample,2,704.602,
6404.2290,solve.va_sample,2,704.602,
6404.7292,solve.va_sample,2,704.602,
6405.2295,solve.va_sample,2,704.602,
6405.7298,solve.va_sample,2,704.602,
6406.2300,solve.va_sample,2,704.602,
6406.7303,solve.va_sample,2,704.602,
6407.2305,solve.va_sample,2,704.602,
6407.7308,solve.va_sample,2,704.602,
6408.2311,solve.va_sample,2,704.602,
6408.7313,solve.va_sample,2,704.602,
6409.2316,solve.va_sample,2,704.602,
6409.7318,solve.va_sample,2,704.602,
6410.2321,solve.va_sample,2,704.602,
6410.7323,solve.va_sample,2,704.602,
6411.2326,solve.va_sample,2,704.602,
6411.7328,solve.va_sample,2,704.602,
6412.2330,solve.va_sample,2,704.602,
6412.7333,solve.va_sample,2,704.602,
6413.2336,solve.va_sample,2,704.602,
6413.7338,solve.va_sample,2,704.602,
6414.2341,solve.va_sample,2,704.602,
6414.7343,solve.va_sample,2,704.602,
6415.2346,solve.va_sample,2,704.602,
6415.7349,solve.va_sample,2,704.602,
6416.2351,solve.va_sample,2,704.602,
6416.7353,solve.va_sample,2,704.602,
6417.2356,solve.va_sample,2,704.602,
6417.7358,solve.va_sample,2,704.602,
6418.2361,solve.va_sample,2,704.602,
6418.7363,solve.va_sample,2,704.602,
6419.2366,solve.va_sample,2,704.602,
6419.7368,solve.va_sample,2,704.602,
6420.2371,solve.va_sample,2,704.602,
6420.7373,solve.va_sample,2,704.602,
6421.2376,solve.va_sample,2,704.602,
6421.7378,solve.va_sample,2,704.602,
6422.2381,solve.va_sample,2,704.602,
6422.7384,solve.va_sample,2,704.602,
6423.2386,solve.va_sample,2,704.602,
6423.7389,solve.va_sample,2,704.602,
6424.2391,solve.va_sample,2,704.602,
6424.7393,solve.va_sample,2,704.602,
6425.2396,solve.va_sample,2,704.602,
6425.7398,solve.va_sample,2,704.602,
6426.2401,solve.va_sample,2,704.602,
6426.7403,solve.va_sample,2,704.602,
6427.2406,solve.va_sample,2,704.602,
6427.7408,solve.va_sample,2,704.602,
6428.2411,solve.va_sample,2,704.602,
6428.7413,solve.va_sample,2,704.602,
6429.2416,solve.va_sample,2,704.602,
6429.7418,solve.va_sample,2,704.602,
6430.2420,solve.va_sample,2,704.602,
6430.7423,solve.va_sample,2,704.602,
6431.2425,solve.va_sample,2,704.602,
6431.7428,solve.va_sample,2,704.602,
6432.2430,solve.va_sample,2,704.602,
6432.7432,solve.va_sample,2,704.602,
6433.2435,solve.va_sample,2,704.602,
6433.7437,solve.va_sample,2,704.602,
6434.2439,solve.va_sample,2,704.602,
6434.7442,solve.va_sample,2,704.602,
6435.2444,solve.va_sample,2,704.859,
6435.7447,solve.va_sample,2,704.859,
6436.2449,solve.va_sample,2,704.859,
6436.7451,solve.va_sample,2,704.859,
6437.2453,solve.va_sample,2,704.859,
6437.7456,solve.va_sample,2,704.859,
6438.2458,solve.va_sample,2,704.859,
6438.7460,solve.va_sample,2,704.859,
6439.2463,solve.va_sample,2,704.859,
6439.7465,solve.va_sample,2,704.859,
6440.2467,solve.va_sample,2,704.859,
6440.7470,solve.va_sample,2,704.859,
6441.2472,solve.va_sample,2,704.859,
6441.7474,solve.va_sample,2,704.859,
6442.2477,solve.va_sample,2,704.859,
6442.7479,solve.va_sample,2,704.859,
6443.2481,solve.va_sample,2,704.859,
6443.7484,solve.va_sample,2,704.859,
6444.2486,solve.va_sample,2,704.859,
6444.7488,solve.va_sample,2,704.859,
6445.2491,solve.va_sample,2,704.859,
6445.7493,solve.va_sample,2,704.859,
6446.2495,solve.va_sample,2,704.859,
6446.7498,solve.va_sample,2,704.859,
6447.2500,solve.va_sample,2,704.859,
6447.7502,solve.va_sample,2,704.859,
6448.2505,solve.va_sample,2,704.859,
6448.7507,solve.va_sample,2,704.859,
6449.2509,solve.va_sample,2,704.859,
6449.7512,solve.va_sample,2,704.859,
6450.2514,solve.va_sample,2,704.859,
6450.7517,solve.va_sample,2,704.859,
6451.2519,solve.va_sample,2,704.859,
6451.7521,solve.va_sample,2,704.859,
6452.2524,solve.va_sample,2,704.859,
6452.7526,solve.va_sample,2,704.859,
6453.2529,solve.va_sample,2,704.859,
6453.7531,solve.va_sample,2,704.859,
6454.2533,solve.va_sample,2,704.859,
6454.7536,solve.va_sample,2,704.859,
6455.2538,solve.va_sample,2,704.859,
6455.7540,solve.va_sample,2,704.859,
6456.2543,solve.va_sample,2,704.859,
6456.7545,solve.va_sample,2,704.859,
6457.2547,solve.va_sample,2,704.859,
6457.7550,solve.va_sample,2,704.859,
6458.2552,solve.va_sample,2,704.859,
6458.7554,solve.va_sample,2,704.859,
6459.2557,solve.va_sample,2,704.859,
6459.7559,solve.va_sample,2,704.859,
6460.2562,solve.va_sample,2,704.859,
6460.7564,solve.va_sample,2,704.859,
6461.2566,solve.va_sample,2,704.859,
6461.7569,solve.va_sample,2,704.859,
6462.2571,solve.va_sample,2,704.859,
6462.7573,solve.va_sample,2,704.859,
6463.2575,solve.va_sample,2,704.859,
6463.7578,solve.va_sample,2,704.859,
6464.2580,solve.va_sample,2,704.859,
6464.7582,solve.va_sample,2,704.859,
6465.2585,solve.va_sample,2,704.859,
6465.7587,solve.va_sample,2,704.859,
6466.2589,solve.va_sample,2,704.859,
6466.7592,solve.va_sample,2,704.859,
6467.2594,solve.va_sample,2,704.859,
6467.7596,solve.va_sample,2,704.859,
6468.2598,solve.va_sample,2,704.859,
6468.7601,solve.va_sample,2,704.859,
6469.2603,solve.va_sample,2,704.859,
6469.7606,solve.va_sample,2,704.859,
6470.2608,solve.va_sample,2,704.859,
6470.7610,solve.va_sample,2,704.859,
6471.2613,solve.va_sample,2,704.859,
6471.7615,solve.va_sample,2,704.859,
6472.2617,solve.va_sample,2,704.859,
6472.7620,solve.va_sample,2,704.859,
6473.2622,solve.va_sample,2,704.859,
6473.7625,solve.va_sample,2,704.859,
6474.2628,solve.va_sample,2,704.859,
6474.7630,solve.va_sample,2,704.859,
6475.2632,solve.va_sample,2,704.859,
6475.7635,solve.va_sample,2,704.859,
6476.2637,solve.va_sample,2,704.859,
6476.7640,solve.va_sample,2,704.859,
6477.2642,solve.va_sample,2,704.859,
6477.7644,solve.va_sample,2,704.859,
6478.2647,solve.va_sample,2,704.859,
6478.7649,solve.va_sample,2,704.859,
6479.2652,solve.va_sample,2,704.859,
6479.7654,solve.va_sample,2,704.859,
6480.2656,solve.va_sample,2,704.859,
6480.7659,solve.va_sample,2,704.859,
6481.2661,solve.va_sample,2,704.859,
6481.7664,solve.va_sample,2,704.859,
6482.2666,solve.va_sample,2,704.859,
6482.7668,solve.va_sample,2,704.859,
6483.2671,solve.va_sample,2,704.859,
6483.7673,solve.va_sample,2,704.859,
6484.2676,solve.va_sample,2,704.859,
6484.7678,solve.va_sample,2,704.859,
6485.2680,solve.va_sample,2,704.859,
6485.7683,solve.va_sample,2,704.859,
6486.2685,solve.va_sample,2,704.859,
6486.7688,solve.va_sample,2,704.859,
6487.2690,solve.va_sample,2,704.859,
6487.7692,solve.va_sample,2,704.859,
6488.2695,solve.va_sample,2,704.859,
6488.7697,solve.va_sample,2,704.859,
6489.2699,solve.va_sample,2,704.859,
6489.7701,solve.va_sample,2,704.859,
6490.2704,solve.va_sample,2,704.859,
6490.7706,solve.va_sample,2,704.859,
6491.2708,solve.va_sample,2,704.859,
6491.7710,solve.va_sample,2,704.859,
6492.2713,solve.va_sample,2,704.859,
6492.7715,solve.va_sample,2,704.859,
6493.2718,solve.va_sample,2,704.859,
6493.7720,solve.va_sample,2,704.859,
6494.2722,solve.va_sample,2,704.859,
6494.7724,solve.va_sample,2,704.859,
6495.2727,solve.va_sample,2,704.859,
6495.7729,solve.va_sample,2,704.859,
6496.2732,solve.va_sample,2,704.859,
6496.7734,solve.va_sample,2,704.859,
6497.2736,solve.va_sample,2,704.859,
6497.7739,solve.va_sample,2,704.859,
6498.2741,solve.va_sample,2,704.859,
6498.7743,solve.va_sample,2,704.859,
6499.2746,solve.va_sample,2,704.859,
6499.7748,solve.va_sample,2,704.859,
6500.2751,solve.va_sample,2,704.859,
6500.7753,solve.va_sample,2,704.859,
6501.2755,solve.va_sample,2,704.859,
6501.7758,solve.va_sample,2,704.859,
6502.2760,solve.va_sample,2,704.859,
6502.7762,solve.va_sample,2,704.859,
6503.2765,solve.va_sample,2,704.859,
6503.7767,solve.va_sample,2,704.859,
6504.2770,solve.va_sample,2,704.859,
6504.7772,solve.va_sample,2,704.859,
6505.2775,solve.va_sample,2,704.859,
6505.7777,solve.va_sample,2,704.859,
6506.2779,solve.va_sample,2,704.859,
6506.7782,solve.va_sample,2,704.859,
6507.2784,solve.va_sample,2,704.859,
6507.7787,solve.va_sample,2,704.859,
6508.2789,solve.va_sample,2,704.859,
6508.7791,solve.va_sample,2,704.859,
6509.2794,solve.va_sample,2,704.859,
6509.7796,solve.va_sample,2,704.859,
6510.2798,solve.va_sample,2,704.859,
6510.7801,solve.va_sample,2,704.859,
6511.2803,solve.va_sample,2,704.859,
6511.7805,solve.va_sample,2,704.859,
6512.2808,solve.va_sample,2,704.859,
6512.7810,solve.va_sample,2,704.859,
6513.2812,solve.va_sample,2,704.859,
6513.7815,solve.va_sample,2,704.859,
6514.2817,solve.va_sample,2,704.859,
6514.7819,solve.va_sample,2,704.859,
6515.2822,solve.va_sample,2,704.859,
6515.7824,solve.va_sample,2,704.859,
6516.2826,solve.va_sample,2,704.859,
6516.7829,solve.va_sample,2,704.859,
6517.2831,solve.va_sample,2,704.859,
6517.7833,solve.va_sample,2,704.859,
6518.2836,solve.va_sample,2,704.859,
6518.7838,solve.va_sample,2,704.859,
6519.2841,solve.va_sample,2,704.859,
6519.7843,solve.va_sample,2,704.859,
6520.2845,solve.va_sample,2,704.859,
6520.7848,solve.va_sample,2,704.859,
6521.2850,solve.va_sample,2,704.859,
6521.7853,solve.va_sample,2,704.859,
6522.2855,solve.va_sample,2,704.859,
6522.7857,solve.va_sample,2,704.859,
6523.2860,solve.va_sample,2,704.859,
6523.7862,solve.va_sample,2,704.859,
6524.2864,solve.va_sample,2,704.859,
6524.7867,solve.va_sample,2,704.859,
6525.2869,solve.va_sample,2,704.859,
6525.7871,solve.va_sample,2,704.859,
6526.2874,solve.va_sample,2,704.859,
6526.7876,solve.va_sample,2,704.859,
6527.2878,solve.va_sample,2,704.859,
6527.7881,solve.va_sample,2,704.859,
6528.2883,solve.va_sample,2,704.859,
6528.7885,solve.va_sample,2,704.859,
6529.2888,solve.va_sample,2,704.859,
6529.7890,solve.va_sample,2,704.859,
6530.2893,solve.va_sample,2,704.859,
6530.7895,solve.va_sample,2,704.859,
6531.2897,solve.va_sample,2,704.859,
6531.7900,solve.va_sample,2,704.859,
6532.2902,solve.va_sample,2,704.859,
6532.7904,solve.va_sample,2,704.859,
6533.2907,solve.va_sample,2,704.859,
6533.7910,solve.va_sample,2,704.859,
6534.2912,solve.va_sample,2,704.859,
6534.7914,solve.va_sample,2,704.859,
6535.2917,solve.va_sample,2,704.859,
6535.7920,solve.va_sample,2,704.859,
6536.2922,solve.va_sample,2,704.859,
6536.7924,solve.va_sample,2,704.859,
6537.2927,solve.va_sample,2,704.859,
6537.7929,solve.va_sample,2,704.859,
6538.2932,solve.va_sample,2,704.859,
6538.7934,solve.va_sample,2,704.859,
6539.2937,solve.va_sample,2,704.859,
6539.7939,solve.va_sample,2,704.859,
6540.2941,solve.va_sample,2,704.859,
6540.7944,solve.va_sample,2,704.859,
6541.2946,solve.va_sample,2,704.859,
6541.7949,solve.va_sample,2,704.859,
6542.2951,solve.va_sample,2,704.859,
6542.7953,solve.va_sample,2,704.859,
6543.2956,solve.va_sample,2,704.859,
6543.7958,solve.va_sample,2,704.859,
6544.2961,solve.va_sample,2,704.859,
6544.7963,solve.va_sample,2,704.859,
6545.2965,solve.va_sample,2,704.859,
6545.7968,solve.va_sample,2,704.859,
6546.2970,solve.va_sample,2,704.859,
6546.7973,solve.va_sample,2,704.859,
6547.2975,solve.va_sample,2,704.859,
6547.7977,solve.va_sample,2,704.859,
6548.2980,solve.va_sample,2,704.859,
6548.7982,solve.va_sample,2,704.859,
6549.2984,solve.va_sample,2,704.859,
6549.7987,solve.va_sample,2,704.859,
6550.2989,solve.va_sample,2,704.859,
6550.7992,solve.va_sample,2,704.859,
6551.2994,solve.va_sample,2,704.859,
6551.7996,solve.va_sample,2,704.859,
6552.2999,solve.va_sample,2,704.859,
6552.8001,solve.va_sample,2,704.859,
6553.3003,solve.va_sample,2,704.859,
6553.8006,solve.va_sample,2,704.859,
6554.3008,solve.va_sample,2,704.859,
6554.8011,solve.va_sample,2,704.859,
6555.3013,solve.va_sample,2,704.859,
6555.8015,solve.va_sample,2,704.859,
6556.3018,solve.va_sample,2,704.859,
6556.8020,solve.va_sample,2,704.859,
6557.3022,solve.va_sample,2,704.859,
6557.8025,solve.va_sample,2,704.859,
6558.3027,solve.va_sample,2,704.859,
6558.8030,solve.va_sample,2,704.859,
6559.3032,solve.va_sample,2,704.859,
6559.8034,solve.va_sample,2,704.859,
6560.3037,solve.va_sample,2,704.859,
6560.8039,solve.va_sample,2,704.859,
6561.3042,solve.va_sample,2,704.859,
6561.8044,solve.va_sample,2,704.859,
6562.3047,solve.va_sample,2,704.859,
6562.8049,solve.va_sample,2,704.859,
6563.3052,solve.va_sample,2,704.859,
6563.8054,solve.va_sample,2,704.859,
6564.3056,solve.va_sample,2,704.859,
6564.8059,solve.va_sample,2,704.859,
6565.3061,solve.va_sample,2,704.859,
6565.8063,solve.va_sample,2,704.859,
6566.3066,solve.va_sample,2,704.859,
6566.8068,solve.va_sample,2,704.859,
6567.3071,solve.va_sample,2,704.859,
6567.8073,solve.va_sample,2,704.859,
6568.3075,solve.va_sample,2,704.859,
6568.8078,solve.va_sample,2,704.859,
6569.3080,solve.va_sample,2,704.859,
6569.8082,solve.va_sample,2,704.859,
6570.3085,solve.va_sample,2,704.859,
6570.8087,solve.va_sample,2,704.859,
6571.3090,solve.va_sample,2,704.859,
6571.8092,solve.va_sample,2,704.859,
6572.3095,solve.va_sample,2,704.859,
6572.8097,solve.va_sample,2,704.859,
6573.3099,solve.va_sample,2,704.859,
6573.8102,solve.va_sample,2,704.859,
6574.3104,solve.va_sample,2,704.859,
6574.8106,solve.va_sample,2,704.859,
6575.3109,solve.va_sample,2,704.859,
6575.8111,solve.va_sample,2,704.859,
6576.3113,solve.va_sample,2,704.859,
6576.8116,solve.va_sample,2,704.859,
6577.3118,solve.va_sample,2,704.859,
6577.8120,solve.va_sample,2,704.859,
6578.3122,solve.va_sample,2,704.859,
6578.8125,solve.va_sample,2,704.859,
6579.3127,solve.va_sample,2,704.859,
6579.8129,solve.va_sample,2,704.859,
6580.3132,solve.va_sample,2,704.859,
6580.8134,solve.va_sample,2,704.859,
6581.3137,solve.va_sample,2,704.859,
6581.8139,solve.va_sample,2,704.859,
6582.3141,solve.va_sample,2,704.859,
6582.8144,solve.va_sample,2,704.859,
6583.3146,solve.va_sample,2,704.859,
6583.8148,solve.va_sample,2,704.859,
6584.3151,solve.va_sample,2,704.859,
6584.8153,solve.va_sample,2,704.859,
6585.3155,solve.va_sample,2,704.859,
6585.8158,solve.va_sample,2,704.859,
6586.3160,solve.va_sample,2,704.859,
6586.8162,solve.va_sample,2,704.859,
6587.3165,solve.va_sample,2,704.859,
6587.8167,solve.va_sample,2,704.859,
6588.3169,solve.va_sample,2,704.859,
6588.8172,solve.va_sample,2,704.859,
6589.3174,solve.va_sample,2,704.859,
6589.8177,solve.va_sample,2,704.859,
6590.3179,solve.va_sample,2,704.859,
6590.8181,solve.va_sample,2,704.859,
6591.3184,solve.va_sample,2,704.859,
6591.8186,solve.va_sample,2,704.859,
6592.3188,solve.va_sample,2,704.859,
6592.8191,solve.va_sample,2,704.859,
6593.3193,solve.va_sample,2,704.859,
6593.8196,solve.va_sample,2,704.859,
6594.3199,solve.va_sample,2,704.859,
6594.8201,solve.va_sample,2,704.859,
6595.3203,solve.va_sample,2,704.859,
6595.8206,solve.va_sample,2,704.859,
6596.3208,solve.va_sample,2,704.859,
6596.8210,solve.va_sample,2,704.859,
6597.3213,solve.va_sample,2,704.859,
6597.8215,solve.va_sample,2,704.859,
6598.3218,solve.va_sample,2,704.859,
6598.8220,solve.va_sample,2,704.859,
6599.3222,solve.va_sample,2,704.859,
6599.8225,solve.va_sample,2,704.859,
6600.3227,solve.va_sample,2,704.859,
6600.8229,solve.va_sample,2,704.859,
6601.3232,solve.va_sample,2,704.859,
6601.8234,solve.va_sample,2,704.859,
6602.3236,solve.va_sample,2,704.859,
6602.8239,solve.va_sample,2,704.859,
6603.3241,solve.va_sample,2,704.859,
6603.8243,solve.va_sample,2,704.859,
6604.3245,solve.va_sample,2,704.859,
6604.8248,solve.va_sample,2,704.859,
6605.3250,solve.va_sample,2,704.859,
6605.8253,solve.va_sample,2,704.859,
6606.3255,solve.va_sample,2,704.859,
6606.8257,solve.va_sample,2,704.859,
6607.3260,solve.va_sample,2,704.859,
6607.8262,solve.va_sample,2,704.859,
6608.3264,solve.va_sample,2,704.859,
6608.8267,solve.va_sample,2,704.859,
6609.3269,solve.va_sample,2,704.859,
6609.8272,solve.va_sample,2,704.859,
6610.3274,solve.va_sample,2,704.859,
6610.8276,solve.va_sample,2,704.859,
6611.3279,solve.va_sample,2,704.859,
6611.8281,solve.va_sample,2,704.859,
6612.3283,solve.va_sample,2,704.859,
6612.8286,solve.va_sample,2,704.859,
6613.3288,solve.va_sample,2,704.859,
6613.8290,solve.va_sample,2,704.859,
6614.3293,solve.va_sample,2,704.859,
6614.8295,solve.va_sample,2,704.859,
6615.3298,solve.va_sample,2,704.859,
6615.8300,solve.va_sample,2,704.859,
6616.3302,solve.va_sample,2,704.859,
6616.8305,solve.va_sample,2,704.859,
6617.3307,solve.va_sample,2,704.859,
6617.8309,solve.va_sample,2,704.859,
6618.3311,solve.va_sample,2,704.859,
6618.8313,solve.va_sample,2,704.859,
6619.3316,solve.va_sample,2,704.859,
6619.8318,solve.va_sample,2,704.859,
6620.3320,solve.va_sample,2,704.859,
6620.8323,solve.va_sample,2,704.859,
6621.3325,solve.va_sample,2,704.859,
6621.8327,solve.va_sample,2,704.859,
6622.3330,solve.va_sample,2,704.859,
6622.8332,solve.va_sample,2,704.859,
6623.3335,solve.va_sample,2,704.859,
6623.8337,solve.va_sample,2,704.859,
6624.3339,solve.va_sample,2,704.859,
6624.8341,solve.va_sample,2,704.859,
6625.3344,solve.va_sample,2,704.859,
6625.8346,solve.va_sample,2,704.859,
6626.3348,solve.va_sample,2,704.859,
6626.8351,solve.va_sample,2,704.859,
6627.3353,solve.va_sample,2,704.859,
6627.8356,solve.va_sample,2,704.859,
6628.3358,solve.va_sample,2,704.859,
6628.8360,solve.va_sample,2,704.859,
6629.3362,solve.va_sample,2,704.859,
6629.8365,solve.va_sample,2,704.859,
6630.3367,solve.va_sample,2,704.859,
6630.8369,solve.va_sample,2,704.859,
6631.3372,solve.va_sample,2,704.859,
6631.8374,solve.va_sample,2,704.859,
6632.3376,solve.va_sample,2,704.859,
6632.8379,solve.va_sample,2,704.859,
6633.3381,solve.va_sample,2,704.859,
6633.8383,solve.va_sample,2,704.859,
6634.3386,solve.va_sample,2,704.859,
6634.8388,solve.va_sample,2,704.859,
6635.3390,solve.va_sample,2,704.859,
6635.8393,solve.va_sample,2,704.859,
6636.3395,solve.va_sample,2,704.859,
6636.8397,solve.va_sample,2,704.859,
6637.3399,solve.va_sample,2,704.859,
6637.8402,solve.va_sample,2,704.859,
6638.3404,solve.va_sample,2,704.859,
6638.8406,solve.va_sample,2,704.859,
6639.3409,solve.va_sample,2,704.859,
6639.8411,solve.va_sample,2,704.859,
6640.3413,solve.va_sample,2,704.859,
6640.8416,solve.va_sample,2,704.859,
6641.3418,solve.va_sample,2,704.859,
6641.8420,solve.va_sample,2,704.859,
6642.3423,solve.va_sample,2,704.859,
6642.8425,solve.va_sample,2,704.859,
6643.3427,solve.va_sample,2,704.859,
6643.8429,solve.va_sample,2,704.859,
6644.3432,solve.va_sample,2,704.859,
6644.8434,solve.va_sample,2,704.859,
6645.3436,solve.va_sample,2,704.859,
6645.8438,solve.va_sample,2,704.859,
6646.3441,solve.va_sample,2,704.859,
6646.8443,solve.va_sample,2,704.859,
6647.3445,solve.va_sample,2,704.859,
6647.8448,solve.va_sample,2,704.859,
6648.3450,solve.va_sample,2,704.859,
6648.8452,solve.va_sample,2,704.859,
6649.3455,solve.va_sample,2,704.859,
6649.8457,solve.va_sample,2,704.859,
6650.3459,solve.va_sample,2,704.859,
6650.8462,solve.va_sample,2,704.859,
6651.3464,solve.va_sample,2,704.859,
6651.8466,solve.va_sample,2,704.859,
6652.3469,solve.va_sample,2,704.859,
6652.8471,solve.va_sample,2,704.859,
6653.3474,solve.va_sample,2,704.859,
6653.8477,solve.va_sample,2,704.859,
6654.3479,solve.va_sample,2,704.859,
6654.8482,solve.va_sample,2,704.859,
6655.3484,solve.va_sample,2,704.859,
6655.8486,solve.va_sample,2,704.859,
6656.3489,solve.va_sample,2,704.859,
6656.8491,solve.va_sample,2,704.859,
6657.3494,solve.va_sample,2,704.859,
6657.8496,solve.va_sample,2,704.859,
6658.3498,solve.va_sample,2,704.859,
6658.8500,solve.va_sample,2,704.859,
6659.3503,solve.va_sample,2,704.859,
6659.8505,solve.va_sample,2,704.859,
6660.3507,solve.va_sample,2,704.859,
6660.8510,solve.va_sample,2,704.859,
6661.3512,solve.va_sample,2,704.859,
6661.8515,solve.va_sample,2,704.859,
6662.3517,solve.va_sample,2,704.859,
6662.8519,solve.va_sample,2,704.859,
6663.3522,solve.va_sample,2,704.859,
6663.8524,solve.va_sample,2,704.859,
6664.3526,solve.va_sample,2,704.859,
6664.8529,solve.va_sample,2,704.859,
6665.3531,solve.va_sample,2,704.859,
6665.8534,solve.va_sample,2,704.859,
6666.3536,solve.va_sample,2,704.859,
6666.8538,solve.va_sample,2,704.859,
6667.3541,solve.va_sample,2,704.859,
6667.8543,solve.va_sample,2,704.859,
6668.3545,solve.va_sample,2,704.859,
6668.8547,solve.va_sample,2,704.859,
6669.3550,solve.va_sample,2,704.859,
6669.8552,solve.va_sample,2,704.859,
6670.3554,solve.va_sample,2,704.859,
6670.8557,solve.va_sample,2,704.859,
6671.3559,solve.va_sample,2,704.859,
6671.8562,solve.va_sample,2,704.859,
6672.3564,solve.va_sample,2,704.859,
6672.8566,solve.va_sample,2,704.859,
6673.3569,solve.va_sample,2,704.859,
6673.8571,solve.va_sample,2,704.859,
6674.3574,solve.va_sample,2,704.859,
6674.8576,solve.va_sample,2,704.859,
6675.3578,solve.va_sample,2,704.859,
6675.8581,solve.va_sample,2,704.859,
6676.3583,solve.va_sample,2,704.859,
6676.8585,solve.va_sample,2,704.859,
6677.3588,solve.va_sample,2,704.859,
6677.8590,solve.va_sample,2,704.859,
6678.3592,solve.va_sample,2,704.859,
6678.8595,solve.va_sample,2,704.859,
6679.3597,solve.va_sample,2,704.859,
6679.8599,solve.va_sample,2,704.859,
6680.3602,solve.va_sample,2,704.859,
6680.8604,solve.va_sample,2,704.859,
6681.3606,solve.va_sample,2,704.859,
6681.8609,solve.va_sample,2,704.859,
6682.3611,solve.va_sample,2,704.859,
6682.8613,solve.va_sample,2,704.859,
6683.3616,solve.va_sample,2,704.859,
6683.8618,solve.va_sample,2,704.859,
6684.3620,solve.va_sample,2,704.859,
6684.8623,solve.va_sample,2,704.859,
6685.3625,solve.va_sample,2,704.859,
6685.8627,solve.va_sample,2,704.859,
6686.3630,solve.va_sample,2,704.859,
6686.8632,solve.va_sample,2,704.859,
6687.3635,solve.va_sample,2,704.859,
6687.8637,solve.va_sample,2,704.859,
6688.3639,solve.va_sample,2,704.859,
6688.8642,solve.va_sample,2,704.859,
6689.3644,solve.va_sample,2,704.859,
6689.8646,solve.va_sample,2,704.859,
6690.3648,solve.va_sample,2,704.859,
6690.8651,solve.va_sample,2,704.859,
6691.3653,solve.va_sample,2,704.859,
6691.8656,solve.va_sample,2,704.859,
6692.3658,solve.va_sample,2,704.859,
6692.8660,solve.va_sample,2,704.859,
6693.3663,solve.va_sample,2,704.859,
6693.8665,solve.va_sample,2,704.859,
6694.3668,solve.va_sample,2,704.859,
6694.8670,solve.va_sample,2,704.859,
6695.3672,solve.va_sample,2,704.859,
6695.8675,solve.va_sample,2,704.859,
6696.3677,solve.va_sample,2,704.859,
6696.8679,solve.va_sample,2,704.859,
6697.3682,solve.va_sample,2,704.859,
6697.8684,solve.va_sample,2,704.859,
6698.3686,solve.va_sample,2,704.859,
6698.8689,solve.va_sample,2,704.859,
6699.3691,solve.va_sample,2,704.859,
6699.8693,solve.va_sample,2,704.859,
6700.3696,solve.va_sample,2,704.859,
6700.8698,solve.va_sample,2,704.859,
6701.3700,solve.va_sample,2,704.859,
6701.8703,solve.va_sample,2,704.859,
6702.3705,solve.va_sample,2,704.859,
6702.8708,solve.va_sample,2,704.859,
6703.3710,solve.va_sample,2,704.859,
6703.8712,solve.va_sample,2,704.859,
6704.3715,solve.va_sample,2,704.859,
6704.8718,solve.va_sample,2,704.859,
6705.3721,solve.va_sample,2,704.859,
6705.8723,solve.va_sample,2,704.859,
6706.3726,solve.va_sample,2,704.859,
6706.8728,solve.va_sample,2,704.859,
6707.3731,solve.va_sample,2,704.859,
6707.8733,solve.va_sample,2,704.859,
6708.3736,solve.va_sample,2,704.859,
6708.8738,solve.va_sample,2,704.859,
6709.3741,solve.va_sample,2,704.859,
6709.8743,solve.va_sample,2,704.859,
6710.3745,solve.va_sample,2,704.859,
6710.8748,solve.va_sample,2,704.859,
6711.3750,solve.va_sample,2,704.859,
6711.8752,solve.va_sample,2,704.859,
6712.3755,solve.va_sample,2,704.859,
6712.8757,solve.va_sample,2,704.859,
6713.3760,solve.va_sample,2,704.859,
6713.8762,solve.va_sample,2,704.859,
6714.3765,solve.va_sample,2,704.859,
6714.8767,solve.va_sample,2,704.859,
6715.3770,solve.va_sample,2,704.859,
6715.8772,solve.va_sample,2,704.859,
6716.3774,solve.va_sample,2,704.859,
6716.8777,solve.va_sample,2,704.859,
6717.3780,solve.va_sample,2,704.859,
6717.8783,solve.va_sample,2,704.859,
6718.3785,solve.va_sample,2,704.859,
6718.8787,solve.va_sample,2,704.859,
6719.3790,solve.va_sample,2,704.859,
6719.8792,solve.va_sample,2,704.859,
6720.3795,solve.va_sample,2,704.859,
6720.8797,solve.va_sample,2,704.859,
6721.3799,solve.va_sample,2,704.859,
6721.8802,solve.va_sample,2,704.859,
6722.3804,solve.va_sample,2,704.859,
6722.8807,solve.va_sample,2,704.859,
6723.3809,solve.va_sample,2,704.859,
6723.8811,solve.va_sample,2,704.859,
6724.3814,solve.va_sample,2,704.859,
6724.8816,solve.va_sample,2,704.859,
6725.3818,solve.va_sample,2,704.859,
6725.8821,solve.va_sample,2,704.859,
6726.3823,solve.va_sample,2,704.859,
6726.8826,solve.va_sample,2,704.859,
6727.3828,solve.va_sample,2,704.859,
6727.8830,solve.va_sample,2,704.859,
6728.3833,solve.va_sample,2,704.859,
6728.8835,solve.va_sample,2,704.859,
6729.3838,solve.va_sample,2,704.859,
6729.8840,solve.va_sample,2,704.859,
6730.3843,solve.va_sample,2,704.859,
6730.8845,solve.va_sample,2,704.859,
6731.3847,solve.va_sample,2,704.859,
6731.8849,solve.va_sample,2,704.859,
6732.3852,solve.va_sample,2,704.859,
6732.8854,solve.va_sample,2,704.859,
6733.3856,solve.va_sample,2,704.859,
6733.8859,solve.va_sample,2,704.859,
6734.3862,solve.va_sample,2,705.117,
6734.8864,solve.va_sample,2,705.117,
6735.3866,solve.va_sample,2,705.117,
6735.8869,solve.va_sample,2,705.117,
6736.3871,solve.va_sample,2,705.117,
6736.8873,solve.va_sample,2,705.117,
6737.3876,solve.va_sample,2,705.117,
6737.8878,solve.va_sample,2,705.117,
6738.3881,solve.va_sample,2,705.117,
6738.8883,solve.va_sample,2,705.117,
6739.3886,solve.va_sample,2,705.117,
6739.8888,solve.va_sample,2,705.117,
6740.3890,solve.va_sample,2,705.117,
6740.8893,solve.va_sample,2,705.117,
6741.3895,solve.va_sample,2,705.117,
6741.8898,solve.va_sample,2,705.117,
6742.3900,solve.va_sample,2,705.117,
6742.8902,solve.va_sample,2,705.117,
6743.3905,solve.va_sample,2,705.117,
6743.8907,solve.va_sample,2,705.117,
6744.3910,solve.va_sample,2,705.117,
6744.8912,solve.va_sample,2,705.117,
6745.3915,solve.va_sample,2,705.117,
6745.8917,solve.va_sample,2,705.117,
6746.3920,solve.va_sample,2,705.117,
6746.8922,solve.va_sample,2,705.117,
6747.3925,solve.va_sample,2,705.117,
6747.8927,solve.va_sample,2,705.117,
6748.3930,solve.va_sample,2,705.117,
6748.8932,solve.va_sample,2,705.117,
6749.3934,solve.va_sample,2,705.117,
6749.8937,solve.va_sample,2,705.117,
6750.3939,solve.va_sample,2,705.117,
6750.8942,solve.va_sample,2,705.117,
6751.3944,solve.va_sample,2,705.117,
6751.8946,solve.va_sample,2,705.117,
6752.3949,solve.va_sample,2,705.117,
6752.8951,solve.va_sample,2,705.117,
6753.3953,solve.va_sample,2,705.117,
6753.8956,solve.va_sample,2,705.117,
6754.3958,solve.va_sample,2,705.117,
6754.8960,solve.va_sample,2,705.117,
6755.3963,solve.va_sample,2,705.117,
6755.8965,solve.va_sample,2,705.117,
6756.3967,solve.va_sample,2,705.117,
6756.8970,solve.va_sample,2,705.117,
6757.3972,solve.va_sample,2,705.117,
6757.8975,solve.va_sample,2,705.117,
6758.3977,solve.va_sample,2,705.117,
6758.8979,solve.va_sample,2,705.117,
6759.3982,solve.va_sample,2,705.117,
6759.8984,solve.va_sample,2,705.117,
6760.3986,solve.va_sample,2,705.117,
6760.8989,solve.va_sample,2,705.117,
6761.3991,solve.va_sample,2,705.117,
6761.8993,solve.va_sample,2,705.117,
6762.3996,solve.va_sample,2,705.117,
6762.8998,solve.va_sample,2,705.117,
6763.4001,solve.va_sample,2,705.117,
6763.9003,solve.va_sample,2,705.117,
6764.4006,solve.va_sample,2,705.117,
6764.9008,solve.va_sample,2,705.117,
6765.4011,solve.va_sample,2,705.117,
6765.9013,solve.va_sample,2,705.117,
6766.4016,solve.va_sample,2,705.117,
6766.9018,solve.va_sample,2,705.117,
6767.4020,solve.va_sample,2,705.117,
6767.9023,solve.va_sample,2,705.117,
6768.4025,solve.va_sample,2,705.117,
6768.9028,solve.va_sample,2,705.117,
6769.4030,solve.va_sample,2,705.117,
6769.9033,solve.va_sample,2,705.117,
6770.4035,solve.va_sample,2,705.117,
6770.9037,solve.va_sample,2,705.117,
6771.4040,solve.va_sample,2,705.117,
6771.9042,solve.va_sample,2,705.117,
6772.4045,solve.va_sample,2,705.117,
6772.9047,solve.va_sample,2,705.117,
6773.4050,solve.va_sample,2,705.117,
6773.9052,solve.va_sample,2,705.117,
6774.4055,solve.va_sample,2,705.117,
6774.9057,solve.va_sample,2,705.117,
6775.4059,solve.va_sample,2,705.117,
6775.9062,solve.va_sample,2,705.117,
6776.4064,solve.va_sample,2,705.117,
6776.9066,solve.va_sample,2,705.117,
6777.4069,solve.va_sample,2,705.117,
6777.9071,solve.va_sample,2,705.117,
6778.4073,solve.va_sample,2,705.117,
6778.9076,solve.va_sample,2,705.117,
6779.4078,solve.va_sample,2,705.117,
6779.9080,solve.va_sample,2,705.117,
6780.4083,solve.va_sample,2,705.117,
6780.9085,solve.va_sample,2,705.117,
6781.4087,solve.va_sample,2,705.117,
6781.9090,solve.va_sample,2,705.117,
6782.4092,solve.va_sample,2,705.117,
6782.9095,solve.va_sample,2,705.117,
6783.4097,solve.va_sample,2,705.117,
6783.9099,solve.va_sample,2,705.117,
6784.4102,solve.va_sample,2,705.117,
6784.9104,solve.va_sample,2,705.117,
6785.4106,solve.va_sample,2,705.117,
6785.9109,solve.va_sample,2,705.117,
6786.4111,solve.va_sample,2,705.117,
6786.9113,solve.va_sample,2,705.117,
6787.4116,solve.va_sample,2,705.117,
6787.9118,solve.va_sample,2,705.117,
6788.4120,solve.va_sample,2,705.117,
6788.9123,solve.va_sample,2,705.117,
6789.4125,solve.va_sample,2,705.117,
6789.9128,solve.va_sample,2,705.117,
6790.4130,solve.va_sample,2,705.117,
6790.9133,solve.va_sample,2,705.117,
6791.4135,solve.va_sample,2,705.117,
6791.9137,solve.va_sample,2,705.117,
6792.4140,solve.va_sample,2,705.117,
6792.9142,solve.va_sample,2,705.117,
6793.4144,solve.va_sample,2,705.117,
6793.9147,solve.va_sample,2,705.117,
6794.4149,solve.va_sample,2,705.117,
6794.9151,solve.va_sample,2,705.117,
6795.4154,solve.va_sample,2,705.117,
6795.9156,solve.va_sample,2,705.117,
6796.4159,solve.va_sample,2,705.117,
6796.9161,solve.va_sample,2,705.117,
6797.4163,solve.va_sample,2,705.117,
6797.9166,solve.va_sample,2,705.117,
6798.4168,solve.va_sample,2,705.117,
6798.9170,solve.va_sample,2,705.117,
6799.4173,solve.va_sample,2,705.117,
6799.9175,solve.va_sample,2,705.117,
6800.4178,solve.va_sample,2,705.117,
6800.9180,solve.va_sample,2,705.117,
6801.4182,solve.va_sample,2,705.117,
6801.9185,solve.va_sample,2,705.117,
6802.4187,solve.va_sample,2,705.117,
6802.9190,solve.va_sample,2,705.117,
6803.4192,solve.va_sample,2,705.117,
6803.9194,solve.va_sample,2,705.117,
6804.4197,solve.va_sample,2,705.117,
6804.9199,solve.va_sample,2,705.117,
6805.4202,solve.va_sample,2,705.117,
6805.9204,solve.va_sample,2,705.117,
6806.4206,solve.va_sample,2,705.117,
6806.9209,solve.va_sample,2,705.117,
6807.4211,solve.va_sample,2,705.117,
6807.9213,solve.va_sample,2,705.117,
6808.4216,solve.va_sample,2,705.117,
6808.9218,solve.va_sample,2,705.117,
6809.4220,solve.va_sample,2,705.117,
6809.9223,solve.va_sample,2,705.117,
6810.4225,solve.va_sample,2,705.117,
6810.9228,solve.va_sample,2,705.117,
6811.4230,solve.va_sample,2,705.117,
6811.9232,solve.va_sample,2,705.117,
6812.4235,solve.va_sample,2,705.117,
6812.9237,solve.va_sample,2,705.117,
6813.4239,solve.va_sample,2,705.117,
6813.9242,solve.va_sample,2,705.117,
6814.4244,solve.va_sample,2,705.117,
6814.9246,solve.va_sample,2,705.117,
6815.4249,solve.va_sample,2,705.117,
6815.9251,solve.va_sample,2,705.117,
6816.4253,solve.va_sample,2,705.117,
6816.9256,solve.va_sample,2,705.117,
6817.4258,solve.va_sample,2,705.117,
6817.9260,solve.va_sample,2,705.117,
6818.4263,solve.va_sample,2,705.117,
6818.9265,solve.va_sample,2,705.117,
6819.4267,solve.va_sample,2,705.117,
6819.9270,solve.va_sample,2,705.117,
6820.4272,solve.va_sample,2,705.117,
6820.9274,solve.va_sample,2,705.117,
6821.4277,solve.va_sample,2,705.117,
6821.9279,solve.va_sample,2,705.117,
6822.4281,solve.va_sample,2,705.117,
6822.9284,solve.va_sample,2,705.117,
6823.4286,solve.va_sample,2,705.117,
6823.9288,solve.va_sample,2,705.117,
6824.4291,solve.va_sample,2,705.117,
6824.9293,solve.va_sample,2,705.117,
6825.4296,solve.va_sample,2,705.117,
6825.9298,solve.va_sample,2,705.117,
6826.4300,solve.va_sample,2,705.117,
6826.9303,solve.va_sample,2,705.117,
6827.4305,solve.va_sample,2,705.117,
6827.9307,solve.va_sample,2,705.117,
6828.4310,solve.va_sample,2,705.117,
6828.9312,solve.va_sample,2,705.117,
6829.4315,solve.va_sample,2,705.117,
6829.9317,solve.va_sample,2,705.117,
6830.4319,solve.va_sample,2,705.117,
6830.9322,solve.va_sample,2,705.117,
6831.4324,solve.va_sample,2,705.117,
6831.9327,solve.va_sample,2,705.117,
6832.4329,solve.va_sample,2,705.117,
6832.9331,solve.va_sample,2,705.117,
6833.4334,solve.va_sample,2,705.117,
6833.9337,solve.va_sample,2,705.117,
6834.4339,solve.va_sample,2,705.117,
6834.9342,solve.va_sample,2,705.117,
6835.4344,solve.va_sample,2,705.117,
6835.9347,solve.va_sample,2,705.117,
6836.4349,solve.va_sample,2,705.117,
6836.9352,solve.va_sample,2,705.117,
6837.4354,solve.va_sample,2,705.117,
6837.9357,solve.va_sample,2,705.117,
6838.4359,solve.va_sample,2,705.117,
6838.9362,solve.va_sample,2,705.117,
6839.4364,solve.va_sample,2,705.117,
6839.9367,solve.va_sample,2,705.117,
6840.4369,solve.va_sample,2,705.117,
6840.9371,solve.va_sample,2,705.117,
6841.4374,solve.va_sample,2,705.117,
6841.9376,solve.va_sample,2,705.117,
6842.4379,solve.va_sample,2,705.117,
6842.9381,solve.va_sample,2,705.117,
6843.4383,solve.va_sample,2,705.117,
6843.9386,solve.va_sample,2,705.117,
6844.4388,solve.va_sample,2,705.117,
6844.9390,solve.va_sample,2,705.117,
6845.4393,solve.va_sample,2,705.117,
6845.9395,solve.va_sample,2,705.117,
6846.4398,solve.va_sample,2,705.117,
6846.9400,solve.va_sample,2,705.117,
6847.4403,solve.va_sample,2,705.117,
6847.9405,solve.va_sample,2,705.117,
6848.4408,solve.va_sample,2,705.117,
6848.9411,solve.va_sample,2,705.117,
6849.4413,solve.va_sample,2,705.117,
6849.9416,solve.va_sample,2,705.117,
6850.4418,solve.va_sample,2,705.117,
6850.9421,solve.va_sample,2,705.117,
6851.4423,solve.va_sample,2,705.117,
6851.9426,solve.va_sample,2,705.117,
6852.4428,solve.va_sample,2,705.117,
6852.9430,solve.va_sample,2,705.117,
6853.4433,solve.va_sample,2,705.117,
6853.9435,solve.va_sample,2,705.117,
6854.4438,solve.va_sample,2,705.117,
6854.9440,solve.va_sample,2,705.117,
6855.4443,solve.va_sample,2,705.117,
6855.9445,solve.va_sample,2,705.117,
6856.4448,solve.va_sample,2,705.117,
6856.9450,solve.va_sample,2,705.117,
6857.4452,solve.va_sample,2,705.117,
6857.9455,solve.va_sample,2,705.117,
6858.4457,solve.va_sample,2,705.117,
6858.9460,solve.va_sample,2,705.117,
6859.4462,solve.va_sample,2,705.117,
6859.9465,solve.va_sample,2,705.117,
6860.4468,solve.va_sample,2,705.117,
6860.9470,solve.va_sample,2,705.117,
6861.4473,solve.va_sample,2,705.117,
6861.9475,solve.va_sample,2,705.117,
6862.4477,solve.va_sample,2,705.117,
6862.9480,solve.va_sample,2,705.117,
6863.4482,solve.va_sample,2,705.117,
6863.9485,solve.va_sample,2,705.117,
6864.4487,solve.va_sample,2,705.117,
6864.9490,solve.va_sample,2,705.117,
6865.4492,solve.va_sample,2,705.117,
6865.9494,solve.va_sample,2,705.117,
6866.4497,solve.va_sample,2,705.117,
6866.9499,solve.va_sample,2,705.117,
6867.4502,solve.va_sample,2,705.117,
6867.9504,solve.va_sample,2,705.117,
6868.4506,solve.va_sample,2,705.117,
6868.9509,solve.va_sample,2,705.117,
6869.4511,solve.va_sample,2,705.117,
6869.9514,solve.va_sample,2,705.117,
6870.4516,solve.va_sample,2,705.117,
6870.9518,solve.va_sample,2,705.117,
6871.4521,solve.va_sample,2,705.117,
6871.9523,solve.va_sample,2,705.117,
6872.4526,solve.va_sample,2,705.117,
6872.9528,solve.va_sample,2,705.117,
6873.4530,solve.va_sample,2,705.117,
6873.9533,solve.va_sample,2,705.117,
6874.4535,solve.va_sample,2,705.117,
6874.9538,solve.va_sample,2,705.117,
6875.4540,solve.va_sample,2,705.117,
6875.9542,solve.va_sample,2,705.117,
6876.4545,solve.va_sample,2,705.117,
6876.9547,solve.va_sample,2,705.117,
6877.4550,solve.va_sample,2,705.117,
6877.9552,solve.va_sample,2,705.117,
6878.4554,solve.va_sample,2,705.117,
6878.9557,solve.va_sample,2,705.117,
6879.4559,solve.va_sample,2,705.117,
6879.9562,solve.va_sample,2,705.117,
6880.4564,solve.va_sample,2,705.117,
6880.9567,solve.va_sample,2,705.117,
6881.4569,solve.va_sample,2,705.117,
6881.9571,solve.va_sample,2,705.117,
6882.4574,solve.va_sample,2,705.117,
6882.9576,solve.va_sample,2,705.117,
6883.4579,solve.va_sample,2,705.117,
6883.9581,solve.va_sample,2,705.117,
6884.4583,solve.va_sample,2,705.117,
6884.9586,solve.va_sample,2,705.117,
6885.4588,solve.va_sample,2,705.117,
6885.9590,solve.va_sample,2,705.117,
6886.4593,solve.va_sample,2,705.117,
6886.9595,solve.va_sample,2,705.117,
6887.4597,solve.va_sample,2,705.117,
6887.9600,solve.va_sample,2,705.117,
6888.4602,solve.va_sample,2,705.117,
6888.9605,solve.va_sample,2,705.117,
6889.4607,solve.va_sample,2,705.117,
6889.9609,solve.va_sample,2,705.117,
6890.4612,solve.va_sample,2,705.117,
6890.9614,solve.va_sample,2,705.117,
6891.4617,solve.va_sample,2,705.117,
6891.9619,solve.va_sample,2,705.117,
6892.4621,solve.va_sample,2,705.117,
6892.9624,solve.va_sample,2,705.117,
6893.4627,solve.va_sample,2,705.117,
6893.9629,solve.va_sample,2,705.117,
6894.4632,solve.va_sample,2,705.117,
6894.9634,solve.va_sample,2,705.117,
6895.4637,solve.va_sample,2,705.117,
6895.9639,solve.va_sample,2,705.117,
6896.4641,solve.va_sample,2,705.117,
6896.9644,solve.va_sample,2,705.117,
6897.4646,solve.va_sample,2,705.117,
6897.9649,solve.va_sample,2,705.117,
6898.4651,solve.va_sample,2,705.117,
6898.9654,solve.va_sample,2,705.117,
6899.4656,solve.va_sample,2,705.117,
6899.9659,solve.va_sample,2,705.117,
6900.4661,solve.va_sample,2,705.117,
6900.9664,solve.va_sample,2,705.117,
6901.4666,solve.va_sample,2,705.117,
6901.9668,solve.va_sample,2,705.117,
6902.4671,solve.va_sample,2,705.117,
6902.9673,solve.va_sample,2,705.117,
6903.4675,solve.va_sample,2,705.117,
6903.9678,solve.va_sample,2,705.117,
6904.4680,solve.va_sample,2,705.117,
6904.9683,solve.va_sample,2,705.117,
6905.4685,solve.va_sample,2,705.117,
6905.9687,solve.va_sample,2,705.117,
6906.4690,solve.va_sample,2,705.117,
6906.9692,solve.va_sample,2,705.117,
6907.4695,solve.va_sample,2,705.117,
6907.9697,solve.va_sample,2,705.117,
6908.4700,solve.va_sample,2,705.117,
6908.9703,solve.va_sample,2,705.117,
6909.4705,solve.va_sample,2,705.117,
6909.9708,solve.va_sample,2,705.117,
6910.4710,solve.va_sample,2,705.117,
6910.9713,solve.va_sample,2,705.117,
6911.4715,solve.va_sample,2,705.117,
6911.9718,solve.va_sample,2,705.117,
6912.4720,solve.va_sample,2,705.117,
6912.9723,solve.va_sample,2,705.117,
6913.4726,solve.va_sample,2,705.117,
6913.9728,solve.va_sample,2,705.117,
6914.4731,solve.va_sample,2,705.117,
6914.9733,solve.va_sample,2,705.117,
6915.4735,solve.va_sample,2,705.117,
6915.9738,solve.va_sample,2,705.117,
6916.4740,solve.va_sample,2,705.117,
6916.9743,solve.va_sample,2,705.117,
6917.4745,solve.va_sample,2,705.117,
6917.9748,solve.va_sample,2,705.117,
6918.4750,solve.va_sample,2,705.117,
6918.9753,solve.va_sample,2,705.117,
6919.4755,solve.va_sample,2,705.117,
6919.9758,solve.va_sample,2,705.117,
6920.4760,solve.va_sample,2,705.117,
6920.9763,solve.va_sample,2,705.117,
6921.4765,solve.va_sample,2,705.117,
6921.9768,solve.va_sample,2,705.117,
6922.4770,solve.va_sample,2,705.117,
6922.9772,solve.va_sample,2,705.117,
6923.4775,solve.va_sample,2,705.117,
6923.9777,solve.va_sample,2,705.117,
6924.4780,solve.va_sample,2,705.117,
6924.9783,solve.va_sample,2,705.117,
6925.4786,solve.va_sample,2,705.117,
6925.9788,solve.va_sample,2,705.117,
6926.4790,solve.va_sample,2,705.117,
6926.9793,solve.va_sample,2,705.117,
6927.4795,solve.va_sample,2,705.117,
6927.9798,solve.va_sample,2,705.117,
6928.4800,solve.va_sample,2,705.117,
6928.9802,solve.va_sample,2,705.117,
6929.4805,solve.va_sample,2,705.117,
6929.9807,solve.va_sample,2,705.117,
6930.4810,solve.va_sample,2,705.117,
6930.9812,solve.va_sample,2,705.117,
6931.4814,solve.va_sample,2,705.117,
6931.9817,solve.va_sample,2,705.117,
6932.4819,solve.va_sample,2,705.117,
6932.9822,solve.va_sample,2,705.117,
6933.4824,solve.va_sample,2,705.117,
6933.9827,solve.va_sample,2,705.117,
6934.4829,solve.va_sample,2,705.117,
6934.9831,solve.va_sample,2,705.117,
6935.4834,solve.va_sample,2,705.117,
6935.9836,solve.va_sample,2,705.117,
6936.4839,solve.va_sample,2,705.117,
6936.9841,solve.va_sample,2,705.117,
6937.4843,solve.va_sample,2,705.117,
6937.9846,solve.va_sample,2,705.117,
6938.4848,solve.va_sample,2,705.117,
6938.9850,solve.va_sample,2,705.117,
6939.4853,solve.va_sample,2,705.117,
6939.9855,solve.va_sample,2,705.117,
6940.4858,solve.va_sample,2,705.117,
6940.9860,solve.va_sample,2,705.117,
6941.4863,solve.va_sample,2,705.117,
6941.9865,solve.va_sample,2,705.117,
6942.4867,solve.va_sample,2,705.117,
6942.9870,solve.va_sample,2,705.117,
6943.4872,solve.va_sample,2,705.117,
6943.9875,solve.va_sample,2,705.117,
6944.4877,solve.va_sample,2,705.117,
6944.9880,solve.va_sample,2,705.117,
6945.4882,solve.va_sample,2,705.117,
6945.9885,solve.va_sample,2,705.117,
6946.4887,solve.va_sample,2,705.117,
6946.9889,solve.va_sample,2,705.117,
6947.4892,solve.va_sample,2,705.117,
6947.9894,solve.va_sample,2,705.117,
6948.4896,solve.va_sample,2,705.117,
6948.9899,solve.va_sample,2,705.117,
6949.4901,solve.va_sample,2,705.117,
6949.9904,solve.va_sample,2,705.117,
6950.4906,solve.va_sample,2,705.117,
6950.9908,solve.va_sample,2,705.117,
6951.4911,solve.va_sample,2,705.117,
6951.9913,solve.va_sample,2,705.117,
6952.4915,solve.va_sample,2,705.117,
6952.9918,solve.va_sample,2,705.117,
6953.4921,solve.va_sample,2,705.117,
6953.9923,solve.va_sample,2,705.117,
6954.4926,solve.va_sample,2,705.117,
6954.9928,solve.va_sample,2,705.117,
6955.4931,solve.va_sample,2,705.117,
6955.9933,solve.va_sample,2,705.117,
6956.4935,solve.va_sample,2,705.117,
6956.9938,solve.va_sample,2,705.117,
6957.4940,solve.va_sample,2,705.117,
6957.9943,solve.va_sample,2,705.117,
6958.4945,solve.va_sample,2,705.117,
6958.9947,solve.va_sample,2,705.117,
6959.4950,solve.va_sample,2,705.117,
6959.9952,solve.va_sample,2,705.117,
6960.4954,solve.va_sample,2,705.117,
6960.9957,solve.va_sample,2,705.117,
6961.4959,solve.va_sample,2,705.117,
6961.9962,solve.va_sample,2,705.117,
6962.4964,solve.va_sample,2,705.117,
6962.9966,solve.va_sample,2,705.117,
6963.4969,solve.va_sample,2,705.117,
6963.9971,solve.va_sample,2,705.117,
6964.4974,solve.va_sample,2,705.117,
6964.9976,solve.va_sample,2,705.117,
6965.4978,solve.va_sample,2,705.117,
6965.9981,solve.va_sample,2,705.117,
6966.4983,solve.va_sample,2,705.117,
6966.9985,solve.va_sample,2,705.117,
6967.4988,solve.va_sample,2,705.117,
6967.9990,solve.va_sample,2,705.117,
6968.4994,solve.va_sample,2,705.117,
6968.9996,solve.va_sample,2,705.117,
6969.4999,solve.va_sample,2,705.117,
6970.0001,solve.va_sample,2,705.117,
6970.5004,solve.va_sample,2,705.117,
6971.0006,solve.va_sample,2,705.117,
6971.5008,solve.va_sample,2,705.117,
6972.0011,solve.va_sample,2,705.117,
6972.5014,solve.va_sample,2,705.117,
6973.0016,solve.va_sample,2,705.117,
6973.5018,solve.va_sample,2,705.117,
6974.0021,solve.va_sample,2,705.117,
6974.5023,solve.va_sample,2,705.117,
6975.0026,solve.va_sample,2,705.117,
6975.5028,solve.va_sample,2,705.117,
6976.0031,solve.va_sample,2,705.117,
6976.5033,solve.va_sample,2,705.117,
6977.0035,solve.va_sample,2,705.117,
6977.5038,solve.va_sample,2,705.117,
6978.0040,solve.va_sample,2,705.117,
6978.5043,solve.va_sample,2,705.117,
6979.0045,solve.va_sample,2,705.117,
6979.5048,solve.va_sample,2,705.117,
6980.0050,solve.va_sample,2,705.117,
6980.5053,solve.va_sample,2,705.117,
6981.0056,solve.va_sample,2,705.117,
6981.5058,solve.va_sample,2,705.117,
6982.0061,solve.va_sample,2,705.117,
6982.5063,solve.va_sample,2,705.117,
6983.0066,solve.va_sample,2,705.117,
6983.5068,solve.va_sample,2,705.117,
6984.0071,solve.va_sample,2,705.117,
6984.5073,solve.va_sample,2,705.117,
6985.0076,solve.va_sample,2,705.117,
6985.5078,solve.va_sample,2,705.117,
6986.0080,solve.va_sample,2,705.117,
6986.5083,solve.va_sample,2,705.117,
6987.0085,solve.va_sample,2,705.117,
6987.5088,solve.va_sample,2,705.117,
6988.0090,solve.va_sample,2,705.117,
6988.5093,solve.va_sample,2,705.117,
6989.0095,solve.va_sample,2,705.117,
6989.5098,solve.va_sample,2,705.117,
6990.0100,solve.va_sample,2,705.117,
6990.5103,solve.va_sample,2,705.117,
6991.0105,solve.va_sample,2,705.117,
6991.5107,solve.va_sample,2,705.117,
6992.0110,solve.va_sample,2,705.117,
6992.5112,solve.va_sample,2,705.117,
6993.0115,solve.va_sample,2,705.117,
6993.5117,solve.va_sample,2,705.117,
6994.0119,solve.va_sample,2,705.117,
6994.5122,solve.va_sample,2,705.117,
6995.0125,solve.va_sample,2,705.117,
6995.5127,solve.va_sample,2,705.117,
6996.0130,solve.va_sample,2,705.117,
6996.5132,solve.va_sample,2,705.117,
6997.0135,solve.va_sample,2,705.117,
6997.5137,solve.va_sample,2,705.117,
6998.0140,solve.va_sample,2,705.117,
6998.5142,solve.va_sample,2,705.117,
6999.0145,solve.va_sample,2,705.117,
6999.5147,solve.va_sample,2,705.117,
7000.0149,solve.va_sample,2,705.117,
7000.5152,solve.va_sample,2,705.117,
7001.0154,solve.va_sample,2,705.117,
7001.5157,solve.va_sample,2,705.117,
7002.0159,solve.va_sample,2,705.117,
7002.5161,solve.va_sample,2,705.117,
7003.0164,solve.va_sample,2,705.117,
7003.5166,solve.va_sample,2,705.117,
7004.0169,solve.va_sample,2,705.117,
7004.5171,solve.va_sample,2,705.117,
7005.0174,solve.va_sample,2,705.117,
7005.5177,solve.va_sample,2,705.117,
7006.0179,solve.va_sample,2,705.117,
7006.5182,solve.va_sample,2,705.117,
7007.0184,solve.va_sample,2,705.117,
7007.5187,solve.va_sample,2,705.117,
7008.0189,solve.va_sample,2,705.117,
7008.5192,solve.va_sample,2,705.117,
7009.0195,solve.va_sample,2,705.117,
7009.5198,solve.va_sample,2,705.117,
7010.0201,solve.va_sample,2,705.117,
7010.5203,solve.va_sample,2,705.117,
7011.0206,solve.va_sample,2,705.117,
7011.5208,solve.va_sample,2,705.117,
7012.0211,solve.va_sample,2,705.117,
7012.5213,solve.va_sample,2,705.117,
7013.0216,solve.va_sample,2,705.117,
7013.5219,solve.va_sample,2,705.117,
7014.0221,solve.va_sample,2,705.117,
7014.5224,solve.va_sample,2,705.117,
7015.0227,solve.va_sample,2,705.117,
7015.5229,solve.va_sample,2,705.117,
7016.0232,solve.va_sample,2,705.117,
7016.5234,solve.va_sample,2,705.117,
7017.0237,solve.va_sample,2,705.117,
7017.5239,solve.va_sample,2,705.117,
7018.0241,solve.va_sample,2,705.117,
7018.5244,solve.va_sample,2,705.117,
7019.0246,solve.va_sample,2,705.117,
7019.5249,solve.va_sample,2,705.117,
7020.0251,solve.va_sample,2,705.117,
7020.5253,solve.va_sample,2,705.117,
7021.0256,solve.va_sample,2,705.117,
7021.5258,solve.va_sample,2,705.117,
7022.0261,solve.va_sample,2,705.117,
7022.5263,solve.va_sample,2,705.117,
7023.0266,solve.va_sample,2,705.117,
7023.5268,solve.va_sample,2,705.117,
7024.0270,solve.va_sample,2,705.117,
7024.5273,solve.va_sample,2,705.117,
7025.0275,solve.va_sample,2,705.117,
7025.5278,solve.va_sample,2,705.117,
7026.0280,solve.va_sample,2,705.117,
7026.5283,solve.va_sample,2,705.117,
7027.0285,solve.va_sample,2,705.117,
7027.5287,solve.va_sample,2,705.117,
7028.0290,solve.va_sample,2,705.117,
7028.5292,solve.va_sample,2,705.117,
7029.0295,solve.va_sample,2,705.117,
7029.5297,solve.va_sample,2,705.117,
7030.0300,solve.va_sample,2,705.117,
7030.5302,solve.va_sample,2,705.117,
7031.0304,solve.va_sample,2,705.117,
7031.5307,solve.va_sample,2,705.117,
7032.0309,solve.va_sample,2,705.117,
7032.5312,solve.va_sample,2,705.117,
7033.0314,solve.va_sample,2,705.117,
7033.5317,solve.va_sample,2,705.117,
7034.0319,solve.va_sample,2,705.117,
7034.5321,solve.va_sample,2,705.117,
7035.0324,solve.va_sample,2,705.117,
7035.5326,solve.va_sample,2,705.117,
7036.0329,solve.va_sample,2,705.117,
7036.5331,solve.va_sample,2,705.117,
7037.0333,solve.va_sample,2,705.117,
7037.5336,solve.va_sample,2,705.117,
7038.0338,solve.va_sample,2,705.117,
7038.5340,solve.va_sample,2,705.117,
7039.0343,solve.va_sample,2,705.117,
7039.5345,solve.va_sample,2,705.117,
7040.0348,solve.va_sample,2,705.117,
7040.5350,solve.va_sample,2,705.117,
7041.0352,solve.va_sample,2,705.117,
7041.5355,solve.va_sample,2,705.117,
7042.0357,solve.va_sample,2,705.117,
7042.5359,solve.va_sample,2,705.117,
7043.0362,solve.va_sample,2,705.117,
7043.5364,solve.va_sample,2,705.117,
7044.0367,solve.va_sample,2,705.117,
7044.5369,solve.va_sample,2,705.117,
7045.0372,solve.va_sample,2,705.117,
7045.5374,solve.va_sample,2,705.117,
7046.0376,solve.va_sample,2,705.117,
7046.5379,solve.va_sample,2,705.117,
7047.0381,solve.va_sample,2,705.117,
7047.5384,solve.va_sample,2,705.117,
7048.0386,solve.va_sample,2,705.117,
7048.5389,solve.va_sample,2,705.117,
7049.0392,solve.va_sample,2,705.117,
7049.5394,solve.va_sample,2,705.117,
7050.0397,solve.va_sample,2,705.117,
7050.5399,solve.va_sample,2,705.117,
7051.0401,solve.va_sample,2,705.117,
7051.5404,solve.va_sample,2,705.117,
7052.0406,solve.va_sample,2,705.117,
7052.5409,solve.va_sample,2,705.117,
7053.0411,solve.va_sample,2,705.117,
7053.5413,solve.va_sample,2,705.117,
7054.0416,solve.va_sample,2,705.117,
7054.5418,solve.va_sample,2,705.117,
7055.0421,solve.va_sample,2,705.117,
7055.5423,solve.va_sample,2,705.117,
7056.0426,solve.va_sample,2,705.117,
7056.5428,solve.va_sample,2,705.117,
7057.0430,solve.va_sample,2,705.117,
7057.5433,solve.va_sample,2,705.117,
7058.0435,solve.va_sample,2,705.117,
7058.5438,solve.va_sample,2,705.117,
7059.0440,solve.va_sample,2,705.117,
7059.5443,solve.va_sample,2,705.117,
7060.0445,solve.va_sample,2,705.117,
7060.5447,solve.va_sample,2,705.117,
7061.0450,solve.va_sample,2,705.117,
7061.5452,solve.va_sample,2,705.117,
7062.0455,solve.va_sample,2,705.117,
7062.5457,solve.va_sample,2,705.117,
7063.0459,solve.va_sample,2,705.117,
7063.5462,solve.va_sample,2,705.117,
7064.0465,solve.va_sample,2,705.117,
7064.5467,solve.va_sample,2,705.117,
7065.0470,solve.va_sample,2,705.117,
7065.5472,solve.va_sample,2,705.117,
7066.0475,solve.va_sample,2,705.117,
7066.5477,solve.va_sample,2,705.117,
7067.0479,solve.va_sample,2,705.117,
7067.5482,solve.va_sample,2,705.117,
7068.0484,solve.va_sample,2,705.117,
7068.5487,solve.va_sample,2,705.117,
7069.0489,solve.va_sample,2,705.117,
7069.5491,solve.va_sample,2,705.117,
7070.0494,solve.va_sample,2,705.117,
7070.5497,solve.va_sample,2,705.117,
7071.0499,solve.va_sample,2,705.117,
7071.5502,solve.va_sample,2,705.117,
7072.0504,solve.va_sample,2,705.117,
7072.5506,solve.va_sample,2,705.117,
7073.0509,solve.va_sample,2,705.117,
7073.5512,solve.va_sample,2,705.117,
7074.0514,solve.va_sample,2,705.117,
7074.5517,solve.va_sample,2,705.117,
7075.0519,solve.va_sample,2,705.117,
7075.5522,solve.va_sample,2,705.117,
7076.0525,solve.va_sample,2,705.117,
7076.5527,solve.va_sample,2,705.117,
7077.0530,solve.va_sample,2,705.117,
7077.5532,solve.va_sample,2,705.117,
7078.0534,solve.va_sample,2,705.117,
7078.5537,solve.va_sample,2,705.117,
7079.0539,solve.va_sample,2,705.117,
7079.5542,solve.va_sample,2,705.117,
7080.0544,solve.va_sample,2,705.117,
7080.5547,solve.va_sample,2,705.117,
7081.0549,solve.va_sample,2,705.117,
7081.5552,solve.va_sample,2,705.117,
7082.0554,solve.va_sample,2,705.117,
7082.5557,solve.va_sample,2,705.117,
7083.0559,solve.va_sample,2,705.117,
7083.5561,solve.va_sample,2,705.117,
7084.0564,solve.va_sample,2,705.117,
7084.5566,solve.va_sample,2,705.117,
7085.0569,solve.va_sample,2,705.117,
7085.5571,solve.va_sample,2,705.117,
7086.0573,solve.va_sample,2,705.117,
7086.5576,solve.va_sample,2,705.117,
7087.0578,solve.va_sample,2,705.117,
7087.5580,solve.va_sample,2,705.117,
7088.0583,solve.va_sample,2,705.117,
7088.5585,solve.va_sample,2,705.117,
7089.0588,solve.va_sample,2,705.117,
7089.5590,solve.va_sample,2,705.117,
7090.0593,solve.va_sample,2,705.117,
7090.5595,solve.va_sample,2,705.117,
7091.0598,solve.va_sample,2,705.117,
7091.5600,solve.va_sample,2,705.117,
7092.0603,solve.va_sample,2,705.117,
7092.5606,solve.va_sample,2,705.117,
7093.0608,solve.va_sample,2,705.117,
7093.5610,solve.va_sample,2,705.117,
7094.0613,solve.va_sample,2,705.117,
7094.5615,solve.va_sample,2,705.117,
7095.0617,solve.va_sample,2,705.117,
7095.5620,solve.va_sample,2,705.117,
7096.0622,solve.va_sample,2,705.117,
7096.5625,solve.va_sample,2,705.117,
7097.0627,solve.va_sample,2,705.117,
7097.5630,solve.va_sample,2,705.117,
7098.0632,solve.va_sample,2,705.117,
7098.5635,solve.va_sample,2,705.117,
7099.0637,solve.va_sample,2,705.117,
7099.5640,solve.va_sample,2,705.117,
7100.0643,solve.va_sample,2,705.117,
7100.5646,solve.va_sample,2,705.117,
7101.0648,solve.va_sample,2,705.117,
7101.5651,solve.va_sample,2,705.117,
7102.0653,solve.va_sample,2,705.117,
7102.5656,solve.va_sample,2,705.117,
7103.0658,solve.va_sample,2,705.117,
7103.5661,solve.va_sample,2,705.117,
7104.0663,solve.va_sample,2,705.117,
7104.5666,solve.va_sample,2,705.117,
7105.0668,solve.va_sample,2,705.117,
7105.5671,solve.va_sample,2,705.117,
7106.0674,solve.va_sample,2,705.117,
7106.5676,solve.va_sample,2,705.117,
7107.0679,solve.va_sample,2,705.117,
7107.5681,solve.va_sample,2,705.117,
7108.0684,solve.va_sample,2,705.117,
7108.5686,solve.va_sample,2,705.117,
7109.0689,solve.va_sample,2,705.117,
7109.5691,solve.va_sample,2,705.117,
7110.0693,solve.va_sample,2,705.117,
7110.5696,solve.va_sample,2,705.117,
7111.0698,solve.va_sample,2,705.117,
7111.5701,solve.va_sample,2,705.117,
7112.0703,solve.va_sample,2,705.117,
7112.5706,solve.va_sample,2,705.117,
7113.0708,solve.va_sample,2,705.117,
7113.5711,solve.va_sample,2,705.117,
7114.0713,solve.va_sample,2,705.117,
7114.5716,solve.va_sample,2,705.117,
7115.0718,solve.va_sample,2,705.117,
7115.5720,solve.va_sample,2,705.117,
7116.0723,solve.va_sample,2,705.117,
7116.5726,solve.va_sample,2,705.117,
7117.0728,solve.va_sample,2,705.117,
7117.5730,solve.va_sample,2,705.117,
7118.0733,solve.va_sample,2,705.117,
7118.5735,solve.va_sample,2,705.117,
7119.0738,solve.va_sample,2,705.117,
7119.5740,solve.va_sample,2,705.117,
7120.0743,solve.va_sample,2,705.117,
7120.5745,solve.va_sample,2,705.117,
7121.0748,solve.va_sample,2,705.117,
7121.5750,solve.va_sample,2,705.117,
7122.0753,solve.va_sample,2,705.117,
7122.5755,solve.va_sample,2,705.117,
7123.0757,solve.va_sample,2,705.117,
7123.5760,solve.va_sample,2,705.117,
7124.0762,solve.va_sample,2,705.375,
7124.5765,solve.va_sample,2,705.375,
7125.0767,solve.va_sample,2,705.375,
7125.5770,solve.va_sample,2,705.375,
7126.0772,solve.va_sample,2,705.375,
7126.5775,solve.va_sample,2,705.375,
7127.0777,solve.va_sample,2,705.375,
7127.5780,solve.va_sample,2,705.375,
7128.0782,solve.va_sample,2,705.375,
7128.5785,solve.va_sample,2,705.375,
7129.0787,solve.va_sample,2,705.375,
7129.5789,solve.va_sample,2,705.375,
7130.0792,solve.va_sample,2,705.375,
7130.5794,solve.va_sample,2,705.375,
7131.0796,solve.va_sample,2,705.375,
7131.5799,solve.va_sample,2,705.375,
7132.0801,solve.va_sample,2,705.375,
7132.5804,solve.va_sample,2,705.375,
7133.0807,solve.va_sample,2,705.375,
7133.5809,solve.va_sample,2,705.375,
7134.0812,solve.va_sample,2,705.375,
7134.5815,solve.va_sample,2,705.375,
7135.0817,solve.va_sample,2,705.375,
7135.5820,solve.va_sample,2,705.375,
7136.0823,solve.va_sample,2,705.375,
7136.5825,solve.va_sample,2,705.375,
7137.0828,solve.va_sample,2,705.375,
7137.5830,solve.va_sample,2,705.375,
7138.0833,solve.va_sample,2,705.375,
7138.5835,solve.va_sample,2,705.375,
7139.0837,solve.va_sample,2,705.375,
7139.5840,solve.va_sample,2,705.375,
7140.0843,solve.va_sample,2,705.375,
7140.5845,solve.va_sample,2,705.375,
7141.0848,solve.va_sample,2,705.375,
7141.5850,solve.va_sample,2,705.375,
7142.0853,solve.va_sample,2,705.375,
7142.5856,solve.va_sample,2,705.375,
7143.0858,solve.va_sample,2,705.375,
7143.5861,solve.va_sample,2,705.375,
7144.0863,solve.va_sample,2,705.375,
7144.5866,solve.va_sample,2,705.375,
7145.0868,solve.va_sample,2,705.375,
7145.5871,solve.va_sample,2,705.375,
7146.0873,solve.va_sample,2,705.375,
7146.5876,solve.va_sample,2,705.375,
7147.0878,solve.va_sample,2,705.375,
7147.5881,solve.va_sample,2,705.375,
7148.0883,solve.va_sample,2,705.375,
7148.5886,solve.va_sample,2,705.375,
7149.0889,solve.va_sample,2,705.375,
7149.5892,solve.va_sample,2,705.375,
7150.0895,solve.va_sample,2,705.375,
7150.5897,solve.va_sample,2,705.375,
7151.0900,solve.va_sample,2,705.375,
7151.5903,solve.va_sample,2,705.375,
7152.0906,solve.va_sample,2,705.375,
7152.5908,solve.va_sample,2,705.375,
7153.0911,solve.va_sample,2,705.375,
7153.5914,solve.va_sample,2,705.375,
7154.0916,solve.va_sample,2,705.375,
7154.5919,solve.va_sample,2,705.375,
7155.0921,solve.va_sample,2,705.375,
7155.5923,solve.va_sample,2,705.375,
7156.0926,solve.va_sample,2,705.375,
7156.5928,solve.va_sample,2,705.375,
7157.0931,solve.va_sample,2,705.375,
7157.5933,solve.va_sample,2,705.375,
7158.0936,solve.va_sample,2,705.375,
7158.5939,solve.va_sample,2,705.375,
7159.0941,solve.va_sample,2,705.375,
7159.5944,solve.va_sample,2,705.375,
7160.0946,solve.va_sample,2,705.375,
7160.5948,solve.va_sample,2,705.375,
7161.0951,solve.va_sample,2,705.375,
7161.5954,solve.va_sample,2,705.375,
7162.0956,solve.va_sample,2,705.375,
7162.5959,solve.va_sample,2,705.375,
7163.0961,solve.va_sample,2,705.375,
7163.5964,solve.va_sample,2,705.375,
7164.0966,solve.va_sample,2,705.375,
7164.5969,solve.va_sample,2,705.375,
7165.0971,solve.va_sample,2,705.375,
7165.5973,solve.va_sample,2,705.375,
7166.0976,solve.va_sample,2,705.375,
7166.5978,solve.va_sample,2,705.375,
7167.0981,solve.va_sample,2,705.375,
7167.5983,solve.va_sample,2,705.375,
7168.0986,solve.va_sample,2,705.375,
7168.5988,solve.va_sample,2,705.375,
7169.0990,solve.va_sample,2,705.375,
7169.5993,solve.va_sample,2,705.375,
7170.0995,solve.va_sample,2,705.375,
7170.5998,solve.va_sample,2,705.375,
7171.1000,solve.va_sample,2,705.375,
7171.6002,solve.va_sample,2,705.375,
7172.1005,solve.va_sample,2,705.375,
7172.6007,solve.va_sample,2,705.375,
7173.1010,solve.va_sample,2,705.375,
7173.6013,solve.va_sample,2,705.375,
7174.1015,solve.va_sample,2,705.375,
7174.6017,solve.va_sample,2,705.375,
7175.1020,solve.va_sample,2,705.375,
7175.6022,solve.va_sample,2,705.375,
7176.1025,solve.va_sample,2,705.375,
7176.6027,solve.va_sample,2,705.375,
7177.1030,solve.va_sample,2,705.375,
7177.6032,solve.va_sample,2,705.375,
7178.1035,solve.va_sample,2,705.375,
7178.6037,solve.va_sample,2,705.375,
7179.1039,solve.va_sample,2,705.375,
7179.6042,solve.va_sample,2,705.375,
7180.1044,solve.va_sample,2,705.375,
7180.6047,solve.va_sample,2,705.375,
7181.1049,solve.va_sample,2,705.375,
7181.6052,solve.va_sample,2,705.375,
7182.1054,solve.va_sample,2,705.375,
7182.6057,solve.va_sample,2,705.375,
7183.1059,solve.va_sample,2,705.375,
7183.6062,solve.va_sample,2,705.375,
7184.1065,solve.va_sample,2,705.375,
7184.6067,solve.va_sample,2,705.375,
7185.1070,solve.va_sample,2,705.375,
7185.6072,solve.va_sample,2,705.375,
7186.1075,solve.va_sample,2,705.375,
7186.6077,solve.va_sample,2,705.375,
7187.1080,solve.va_sample,2,705.375,
7187.6082,solve.va_sample,2,705.375,
7188.1085,solve.va_sample,2,705.375,
7188.6087,solve.va_sample,2,705.375,
7189.1090,solve.va_sample,2,705.375,
7189.6092,solve.va_sample,2,705.375,
7190.1095,solve.va_sample,2,705.375,
7190.6097,solve.va_sample,2,705.375,
7191.1100,solve.va_sample,2,705.375,
7191.6102,solve.va_sample,2,705.375,
7192.1105,solve.va_sample,2,705.375,
7192.6107,solve.va_sample,2,705.375,
7193.1110,solve.va_sample,2,705.375,
7193.6113,solve.va_sample,2,705.375,
7194.1115,solve.va_sample,2,705.375,
7194.6118,solve.va_sample,2,705.375,
7195.1120,solve.va_sample,2,705.375,
7195.6123,solve.va_sample,2,705.375,
7196.1125,solve.va_sample,2,705.375,
7196.6128,solve.va_sample,2,705.375,
7197.1130,solve.va_sample,2,705.375,
7197.6133,solve.va_sample,2,705.375,
7198.1135,solve.va_sample,2,705.375,
7198.6138,solve.va_sample,2,705.375,
7199.1140,solve.va_sample,2,705.375,
7199.6142,solve.va_sample,2,705.375,
7200.1145,solve.va_sample,2,705.375,
7200.6147,solve.va_sample,2,705.375,
7201.1150,solve.va_sample,2,705.375,
7201.6152,solve.va_sample,2,705.375,
7202.1155,solve.va_sample,2,705.375,
7202.6157,solve.va_sample,2,705.375,
7203.1159,solve.va_sample,2,705.375,
7203.6162,solve.va_sample,2,705.375,
7204.1164,solve.va_sample,2,705.375,
7204.6167,solve.va_sample,2,705.375,
7205.1169,solve.va_sample,2,705.375,
7205.6171,solve.va_sample,2,705.375,
7206.1174,solve.va_sample,2,705.375,
7206.6177,solve.va_sample,2,705.375,
7207.1179,solve.va_sample,2,705.375,
7207.6182,solve.va_sample,2,705.375,
7208.1184,solve.va_sample,2,705.375,
7208.6187,solve.va_sample,2,705.375,
7209.1189,solve.va_sample,2,705.375,
7209.6192,solve.va_sample,2,705.375,
7210.1194,solve.va_sample,2,705.375,
7210.6196,solve.va_sample,2,705.375,
7211.1199,solve.va_sample,2,705.375,
7211.6201,solve.va_sample,2,705.375,
7212.1204,solve.va_sample,2,705.375,
7212.6206,solve.va_sample,2,705.375,
7213.1208,solve.va_sample,2,705.375,
7213.6211,solve.va_sample,2,705.375,
7214.1213,solve.va_sample,2,705.375,
7214.6216,solve.va_sample,2,705.375,
7215.1218,solve.va_sample,2,705.375,
7215.6220,solve.va_sample,2,705.375,
7216.1223,solve.va_sample,2,705.375,
7216.6225,solve.va_sample,2,705.375,
7217.1228,solve.va_sample,2,705.375,
7217.6230,solve.va_sample,2,705.375,
7218.1233,solve.va_sample,2,705.375,
7218.6235,solve.va_sample,2,705.375,
7219.1237,solve.va_sample,2,705.375,
7219.6240,solve.va_sample,2,705.375,
7220.1242,solve.va_sample,2,705.375,
7220.6245,solve.va_sample,2,705.375,
7221.1247,solve.va_sample,2,705.375,
7221.6249,solve.va_sample,2,705.375,
7222.1252,solve.va_sample,2,705.375,
7222.6254,solve.va_sample,2,705.375,
7223.1257,solve.va_sample,2,705.375,
7223.6259,solve.va_sample,2,705.375,
7224.1262,solve.va_sample,2,705.375,
7224.6264,solve.va_sample,2,705.375,
7225.1267,solve.va_sample,2,705.375,
7225.6269,solve.va_sample,2,705.375,
7226.1271,solve.va_sample,2,705.375,
7226.6274,solve.va_sample,2,705.375,
7227.1277,solve.va_sample,2,705.375,
7227.6279,solve.va_sample,2,705.375,
7228.1281,solve.va_sample,2,705.375,
7228.6284,solve.va_sample,2,705.375,
7229.1286,solve.va_sample,2,705.375,
7229.6289,solve.va_sample,2,705.375,
7230.1291,solve.va_sample,2,705.375,
7230.6293,solve.va_sample,2,705.375,
7231.1296,solve.va_sample,2,705.375,
7231.6298,solve.va_sample,2,705.375,
7232.1301,solve.va_sample,2,705.375,
7232.6303,solve.va_sample,2,705.375,
7233.1305,solve.va_sample,2,705.375,
7233.6308,solve.va_sample,2,705.375,
7234.1310,solve.va_sample,2,705.375,
7234.6313,solve.va_sample,2,705.375,
7235.1315,solve.va_sample,2,705.375,
7235.6318,solve.va_sample,2,705.375,
7236.1320,solve.va_sample,2,705.375,
7236.6323,solve.va_sample,2,705.375,
7237.1325,solve.va_sample,2,705.375,
7237.6327,solve.va_sample,2,705.375,
7238.1330,solve.va_sample,2,705.375,
7238.6332,solve.va_sample,2,705.375,
7239.1335,solve.va_sample,2,705.375,
7239.6337,solve.va_sample,2,705.375,
7240.1340,solve.va_sample,2,705.375,
7240.6342,solve.va_sample,2,705.375,
7241.1345,solve.va_sample,2,705.375,
7241.6347,solve.va_sample,2,705.375,
7242.1349,solve.va_sample,2,705.375,
7242.6352,solve.va_sample,2,705.375,
7243.1354,solve.va_sample,2,705.375,
7243.6356,solve.va_sample,2,705.375,
7244.1359,solve.va_sample,2,705.375,
7244.6361,solve.va_sample,2,705.375,
7245.1364,solve.va_sample,2,705.375,
7245.6366,solve.va_sample,2,705.375,
7246.1368,solve.va_sample,2,705.375,
7246.6371,solve.va_sample,2,705.375,
7247.1373,solve.va_sample,2,705.375,
7247.6376,solve.va_sample,2,705.375,
7248.1378,solve.va_sample,2,705.375,
7248.6380,solve.va_sample,2,705.375,
7249.1383,solve.va_sample,2,705.375,
7249.6385,solve.va_sample,2,705.375,
7250.1388,solve.va_sample,2,705.375,
7250.6390,solve.va_sample,2,705.375,
7251.1393,solve.va_sample,2,705.375,
7251.6395,solve.va_sample,2,705.375,
7252.1397,solve.va_sample,2,705.375,
7252.6400,solve.va_sample,2,705.375,
7253.1403,solve.va_sample,2,705.375,
7253.6405,solve.va_sample,2,705.375,
7254.1408,solve.va_sample,2,705.375,
7254.6411,solve.va_sample,2,705.375,
7255.1413,solve.va_sample,2,705.375,
7255.6416,solve.va_sample,2,705.375,
7256.1418,solve.va_sample,2,705.375,
7256.6420,solve.va_sample,2,705.375,
7257.1423,solve.va_sample,2,705.375,
7257.6425,solve.va_sample,2,705.375,
7258.1428,solve.va_sample,2,705.375,
7258.6430,solve.va_sample,2,705.375,
7259.1433,solve.va_sample,2,705.375,
7259.6435,solve.va_sample,2,705.375,
7260.1437,solve.va_sample,2,705.375,
7260.6440,solve.va_sample,2,705.375,
7261.1442,solve.va_sample,2,705.375,
7261.6445,solve.va_sample,2,705.375,
7262.1447,solve.va_sample,2,705.375,
7262.6449,solve.va_sample,2,705.375,
7263.1452,solve.va_sample,2,705.375,
7263.6454,solve.va_sample,2,705.375,
7264.1456,solve.va_sample,2,705.375,
7264.6459,solve.va_sample,2,705.375,
7265.1461,solve.va_sample,2,705.375,
7265.6463,solve.va_sample,2,705.375,
7266.1466,solve.va_sample,2,705.375,
7266.6468,solve.va_sample,2,705.375,
7267.1470,solve.va_sample,2,705.375,
7267.6473,solve.va_sample,2,705.375,
7268.1475,solve.va_sample,2,705.375,
7268.6478,solve.va_sample,2,705.375,
7269.1480,solve.va_sample,2,705.375,
7269.6483,solve.va_sample,2,705.375,
7270.1485,solve.va_sample,2,705.375,
7270.6488,solve.va_sample,2,705.375,
7271.1490,solve.va_sample,2,705.375,
7271.6493,solve.va_sample,2,705.375,
7272.1495,solve.va_sample,2,705.375,
7272.6498,solve.va_sample,2,705.375,
7273.1500,solve.va_sample,2,705.375,
7273.6503,solve.va_sample,2,705.375,
7274.1505,solve.va_sample,2,705.375,
7274.6507,solve.va_sample,2,705.375,
7275.1510,solve.va_sample,2,705.375,
7275.6512,solve.va_sample,2,705.375,
7276.1515,solve.va_sample,2,705.375,
7276.6517,solve.va_sample,2,705.375,
7277.1520,solve.va_sample,2,705.375,
7277.6523,solve.va_sample,2,705.375,
7278.1525,solve.va_sample,2,705.375,
7278.6527,solve.va_sample,2,705.375,
7279.1530,solve.va_sample,2,705.375,
7279.6532,solve.va_sample,2,705.375,
7280.1535,solve.va_sample,2,705.375,
7280.6537,solve.va_sample,2,705.375,
7281.1540,solve.va_sample,2,705.375,
7281.6542,solve.va_sample,2,705.375,
7282.1545,solve.va_sample,2,705.375,
7282.6547,solve.va_sample,2,705.375,
7283.1549,solve.va_sample,2,705.375,
7283.6552,solve.va_sample,2,705.375,
7284.1554,solve.va_sample,2,705.375,
7284.6557,solve.va_sample,2,705.375,
7285.1559,solve.va_sample,2,705.375,
7285.6561,solve.va_sample,2,705.375,
7286.1564,solve.va_sample,2,705.375,
7286.6566,solve.va_sample,2,705.375,
7287.1569,solve.va_sample,2,705.375,
7287.6571,solve.va_sample,2,705.375,
7288.1574,solve.va_sample,2,705.375,
7288.6576,solve.va_sample,2,705.375,
7289.1578,solve.va_sample,2,705.375,
7289.6581,solve.va_sample,2,705.375,
7290.1583,solve.va_sample,2,705.375,
7290.6586,solve.va_sample,2,705.375,
7291.1588,solve.va_sample,2,705.375,
7291.6590,solve.va_sample,2,705.375,
7292.1593,solve.va_sample,2,705.375,
7292.6596,solve.va_sample,2,705.375,
7293.1598,solve.va_sample,2,705.375,
7293.6601,solve.va_sample,2,705.375,
7294.1603,solve.va_sample,2,705.375,
7294.6605,solve.va_sample,2,705.375,
7295.1608,solve.va_sample,2,705.375,
7295.6610,solve.va_sample,2,705.375,
7296.1613,solve.va_sample,2,705.375,
7296.6615,solve.va_sample,2,705.375,
7297.1618,solve.va_sample,2,705.375,
7297.6620,solve.va_sample,2,705.375,
7298.1623,solve.va_sample,2,705.375,
7298.6625,solve.va_sample,2,705.375,
7299.1627,solve.va_sample,2,705.375,
7299.6629,solve.va_sample,2,705.375,
7300.1632,solve.va_sample,2,705.375,
7300.6634,solve.va_sample,2,705.375,
7301.1637,solve.va_sample,2,705.375,
7301.6639,solve.va_sample,2,705.375,
7302.1641,solve.va_sample,2,705.375,
7302.6644,solve.va_sample,2,705.375,
7303.1646,solve.va_sample,2,705.375,
7303.6649,solve.va_sample,2,705.375,
7304.1651,solve.va_sample,2,705.375,
7304.6654,solve.va_sample,2,705.375,
7305.1657,solve.va_sample,2,705.375,
7305.6660,solve.va_sample,2,705.375,
7306.1663,solve.va_sample,2,705.375,
7306.6666,solve.va_sample,2,705.375,
7307.1668,solve.va_sample,2,705.375,
7307.6671,solve.va_sample,2,705.375,
7308.1673,solve.va_sample,2,705.375,
7308.6676,solve.va_sample,2,705.375,
7309.1678,solve.va_sample,2,705.375,
7309.6681,solve.va_sample,2,705.375,
7310.1683,solve.va_sample,2,705.375,
7310.6686,solve.va_sample,2,705.375,
7311.1688,solve.va_sample,2,705.375,
7311.6691,solve.va_sample,2,705.375,
7312.1693,solve.va_sample,2,705.375,
7312.6696,solve.va_sample,2,705.375,
7313.1699,solve.va_sample,2,705.375,
7313.6701,solve.va_sample,2,705.375,
7314.1704,solve.va_sample,2,705.375,
7314.6706,solve.va_sample,2,705.375,
7315.1709,solve.va_sample,2,705.375,
7315.6712,solve.va_sample,2,705.375,
7316.1715,solve.va_sample,2,705.375,
7316.6718,solve.va_sample,2,705.375,
7317.1720,solve.va_sample,2,705.375,
7317.6723,solve.va_sample,2,705.375,
7318.1725,solve.va_sample,2,705.375,
7318.6727,solve.va_sample,2,705.375,
7319.1730,solve.va_sample,2,705.375,
7319.6732,solve.va_sample,2,705.375,
7320.1735,solve.va_sample,2,705.375,
7320.6737,solve.va_sample,2,705.375,
7321.1740,solve.va_sample,2,705.375,
7321.6742,solve.va_sample,2,705.375,
7322.1744,solve.va_sample,2,705.375,
7322.6747,solve.va_sample,2,705.375,
7323.1749,solve.va_sample,2,705.375,
7323.6752,solve.va_sample,2,705.375,
7324.1755,solve.va_sample,2,705.375,
7324.6757,solve.va_sample,2,705.375,
7325.1760,solve.va_sample,2,705.375,
7325.6763,solve.va_sample,2,705.375,
7326.1765,solve.va_sample,2,705.375,
7326.6768,solve.va_sample,2,705.375,
7327.1770,solve.va_sample,2,705.375,
7327.6773,solve.va_sample,2,705.375,
7328.1775,solve.va_sample,2,705.375,
7328.6777,solve.va_sample,2,705.375,
7329.1780,solve.va_sample,2,705.375,
7329.6782,solve.va_sample,2,705.375,
7330.1785,solve.va_sample,2,705.375,
7330.6787,solve.va_sample,2,705.375,
7331.1789,solve.va_sample,2,705.375,
7331.6792,solve.va_sample,2,705.375,
7332.1794,solve.va_sample,2,705.375,
7332.6796,solve.va_sample,2,705.375,
7333.1799,solve.va_sample,2,705.375,
7333.6801,solve.va_sample,2,705.375,
7334.1804,solve.va_sample,2,705.375,
7334.6806,solve.va_sample,2,705.375,
7335.1808,solve.va_sample,2,705.375,
7335.6811,solve.va_sample,2,705.375,
7336.1813,solve.va_sample,2,705.375,
7336.6816,solve.va_sample,2,705.375,
7337.1818,solve.va_sample,2,705.375,
7337.6821,solve.va_sample,2,705.375,
7338.1823,solve.va_sample,2,705.375,
7338.6825,solve.va_sample,2,705.375,
7339.1828,solve.va_sample,2,705.375,
7339.6830,solve.va_sample,2,705.375,
7340.1833,solve.va_sample,2,705.375,
7340.6835,solve.va_sample,2,705.375,
7341.1837,solve.va_sample,2,705.375,
7341.6840,solve.va_sample,2,705.375,
7342.1842,solve.va_sample,2,705.375,
7342.6845,solve.va_sample,2,705.375,
7343.1847,solve.va_sample,2,705.375,
7343.6849,solve.va_sample,2,705.375,
7344.1852,solve.va_sample,2,705.375,
7344.6854,solve.va_sample,2,705.375,
7345.1857,solve.va_sample,2,705.375,
7345.6859,solve.va_sample,2,705.375,
7346.1862,solve.va_sample,2,705.375,
7346.6864,solve.va_sample,2,705.375,
7347.1866,solve.va_sample,2,705.375,
7347.6869,solve.va_sample,2,705.375,
7348.1871,solve.va_sample,2,705.375,
7348.6873,solve.va_sample,2,705.375,
7349.1876,solve.va_sample,2,705.375,
7349.6878,solve.va_sample,2,705.375,
7350.1880,solve.va_sample,2,705.375,
7350.6883,solve.va_sample,2,705.375,
7351.1885,solve.va_sample,2,705.375,
7351.6887,solve.va_sample,2,705.375,
7352.1890,solve.va_sample,2,705.375,
7352.6892,solve.va_sample,2,705.375,
7353.1895,solve.va_sample,2,705.375,
7353.6897,solve.va_sample,2,705.375,
7354.1899,solve.va_sample,2,705.375,
7354.6902,solve.va_sample,2,705.375,
7355.1904,solve.va_sample,2,705.375,
7355.6907,solve.va_sample,2,705.375,
7356.1909,solve.va_sample,2,705.375,
7356.6911,solve.va_sample,2,705.375,
7357.1914,solve.va_sample,2,705.375,
7357.6916,solve.va_sample,2,705.375,
7358.1919,solve.va_sample,2,705.375,
7358.6921,solve.va_sample,2,705.375,
7359.1923,solve.va_sample,2,705.375,
7359.6926,solve.va_sample,2,705.375,
7360.1928,solve.va_sample,2,705.375,
7360.6930,solve.va_sample,2,705.375,
7361.1933,solve.va_sample,2,705.375,
7361.6935,solve.va_sample,2,705.375,
7362.1938,solve.va_sample,2,705.375,
7362.6940,solve.va_sample,2,705.375,
7363.1943,solve.va_sample,2,705.375,
7363.6945,solve.va_sample,2,705.375,
7364.1948,solve.va_sample,2,705.375,
7364.6950,solve.va_sample,2,705.375,
7365.1953,solve.va_sample,2,705.375,
7365.6955,solve.va_sample,2,705.375,
7366.1957,solve.va_sample,2,705.375,
7366.6960,solve.va_sample,2,705.375,
7367.1962,solve.va_sample,2,705.375,
7367.6965,solve.va_sample,2,705.375,
7368.1967,solve.va_sample,2,705.375,
7368.6969,solve.va_sample,2,705.375,
7369.1972,solve.va_sample,2,705.375,
7369.6974,solve.va_sample,2,705.375,
7370.1977,solve.va_sample,2,705.375,
7370.6979,solve.va_sample,2,705.375,
7371.1981,solve.va_sample,2,705.375,
7371.6984,solve.va_sample,2,705.375,
7372.1986,solve.va_sample,2,705.375,
7372.6989,solve.va_sample,2,705.375,
7373.1991,solve.va_sample,2,705.375,
7373.6994,solve.va_sample,2,705.375,
7374.1996,solve.va_sample,2,705.375,
7374.6998,solve.va_sample,2,705.375,
7375.2001,solve.va_sample,2,705.375,
7375.7004,solve.va_sample,2,705.375,
7376.2006,solve.va_sample,2,705.375,
7376.7008,solve.va_sample,2,705.375,
7377.2011,solve.va_sample,2,705.375,
7377.7013,solve.va_sample,2,705.375,
7378.2015,solve.va_sample,2,705.375,
7378.7018,solve.va_sample,2,705.375,
7379.2020,solve.va_sample,2,705.375,
7379.7022,solve.va_sample,2,705.375,
7380.2025,solve.va_sample,2,705.375,
7380.7027,solve.va_sample,2,705.375,
7381.2030,solve.va_sample,2,705.375,
7381.7032,solve.va_sample,2,705.375,
7382.2035,solve.va_sample,2,705.375,
7382.7037,solve.va_sample,2,705.375,
7383.2039,solve.va_sample,2,705.375,
7383.7042,solve.va_sample,2,705.375,
7384.2044,solve.va_sample,2,705.375,
7384.7047,solve.va_sample,2,705.375,
7385.2049,solve.va_sample,2,705.375,
7385.7051,solve.va_sample,2,705.375,
7386.2054,solve.va_sample,2,705.375,
7386.7056,solve.va_sample,2,705.375,
7387.2058,solve.va_sample,2,705.375,
7387.7061,solve.va_sample,2,705.375,
7388.2063,solve.va_sample,2,705.375,
7388.7066,solve.va_sample,2,705.375,
7389.2068,solve.va_sample,2,705.375,
7389.7070,solve.va_sample,2,705.375,
7390.2073,solve.va_sample,2,705.375,
7390.7075,solve.va_sample,2,705.375,
7391.2078,solve.va_sample,2,705.375,
7391.7080,solve.va_sample,2,705.375,
7392.2083,solve.va_sample,2,705.375,
7392.7085,solve.va_sample,2,705.375,
7393.2087,solve.va_sample,2,705.375,
7393.7090,solve.va_sample,2,705.375,
7394.2092,solve.va_sample,2,705.375,
7394.7095,solve.va_sample,2,705.375,
7395.2097,solve.va_sample,2,705.375,
7395.7099,solve.va_sample,2,705.375,
7396.2102,solve.va_sample,2,705.375,
7396.7104,solve.va_sample,2,705.375,
7397.2106,solve.va_sample,2,705.375,
7397.7109,solve.va_sample,2,705.375,
7398.2111,solve.va_sample,2,705.375,
7398.7114,solve.va_sample,2,705.375,
7399.2116,solve.va_sample,2,705.375,
7399.7118,solve.va_sample,2,705.375,
7400.2121,solve.va_sample,2,705.375,
7400.7123,solve.va_sample,2,705.375,
7401.2126,solve.va_sample,2,705.375,
7401.7128,solve.va_sample,2,705.375,
7402.2130,solve.va_sample,2,705.375,
7402.7133,solve.va_sample,2,705.375,
7403.2135,solve.va_sample,2,705.375,
7403.7138,solve.va_sample,2,705.375,
7404.2140,solve.va_sample,2,705.375,
7404.7142,solve.va_sample,2,705.375,
7405.2145,solve.va_sample,2,705.375,
7405.7147,solve.va_sample,2,705.375,
7406.2150,solve.va_sample,2,705.375,
7406.7152,solve.va_sample,2,705.375,
7407.2155,solve.va_sample,2,705.375,
7407.7157,solve.va_sample,2,705.375,
7408.2159,solve.va_sample,2,705.375,
7408.7162,solve.va_sample,2,705.375,
7409.2164,solve.va_sample,2,705.375,
7409.7167,solve.va_sample,2,705.375,
7410.2169,solve.va_sample,2,705.375,
7410.7171,solve.va_sample,2,705.375,
7411.2174,solve.va_sample,2,705.375,
7411.7176,solve.va_sample,2,705.375,
7412.2179,solve.va_sample,2,705.375,
7412.7181,solve.va_sample,2,705.375,
7413.2183,solve.va_sample,2,705.375,
7413.7186,solve.va_sample,2,705.375,
7414.2188,solve.va_sample,2,705.375,
7414.7191,solve.va_sample,2,705.375,
7415.2193,solve.va_sample,2,705.375,
7415.7196,solve.va_sample,2,705.375,
7416.2198,solve.va_sample,2,705.375,
7416.7201,solve.va_sample,2,705.375,
7417.2203,solve.va_sample,2,705.375,
7417.7205,solve.va_sample,2,705.375,
7418.2208,solve.va_sample,2,705.375,
7418.7210,solve.va_sample,2,705.375,
7419.2212,solve.va_sample,2,705.375,
7419.7215,solve.va_sample,2,705.375,
7420.2217,solve.va_sample,2,705.375,
7420.7219,solve.va_sample,2,705.375,
7421.2222,solve.va_sample,2,705.375,
7421.7224,solve.va_sample,2,705.375,
7422.2226,solve.va_sample,2,705.375,
7422.7229,solve.va_sample,2,705.375,
7423.2231,solve.va_sample,2,705.375,
7423.7234,solve.va_sample,2,705.375,
7424.2236,solve.va_sample,2,705.375,
7424.7238,solve.va_sample,2,705.375,
7425.2241,solve.va_sample,2,705.375,
7425.7243,solve.va_sample,2,705.375,
7426.2245,solve.va_sample,2,705.375,
7426.7248,solve.va_sample,2,705.375,
7427.2250,solve.va_sample,2,705.375,
7427.7253,solve.va_sample,2,705.375,
7428.2255,solve.va_sample,2,705.375,
7428.7257,solve.va_sample,2,705.375,
7429.2260,solve.va_sample,2,705.375,
7429.7262,solve.va_sample,2,705.375,
7430.2265,solve.va_sample,2,705.375,
7430.7267,solve.va_sample,2,705.375,
7431.2269,solve.va_sample,2,705.375,
7431.7272,solve.va_sample,2,705.375,
7432.2274,solve.va_sample,2,705.375,
7432.7277,solve.va_sample,2,705.375,
7433.2279,solve.va_sample,2,705.375,
7433.7281,solve.va_sample,2,705.375,
7434.2284,solve.va_sample,2,705.375,
7434.7286,solve.va_sample,2,705.375,
7435.2288,solve.va_sample,2,705.375,
7435.7291,solve.va_sample,2,705.375,
7436.2293,solve.va_sample,2,705.375,
7436.7296,solve.va_sample,2,705.375,
7437.2298,solve.va_sample,2,705.375,
7437.7300,solve.va_sample,2,705.375,
7438.2303,solve.va_sample,2,705.375,
7438.7305,solve.va_sample,2,705.375,
7439.2307,solve.va_sample,2,705.375,
7439.7310,solve.va_sample,2,705.375,
7440.2312,solve.va_sample,2,705.375,
7440.7315,solve.va_sample,2,705.375,
7441.2317,solve.va_sample,2,705.375,
7441.7319,solve.va_sample,2,705.375,
7442.2322,solve.va_sample,2,705.375,
7442.7324,solve.va_sample,2,705.375,
7443.2326,solve.va_sample,2,705.375,
7443.7329,solve.va_sample,2,705.375,
7444.2331,solve.va_sample,2,705.375,
7444.7334,solve.va_sample,2,705.375,
7445.2336,solve.va_sample,2,705.375,
7445.7338,solve.va_sample,2,705.375,
7446.2341,solve.va_sample,2,705.375,
7446.7343,solve.va_sample,2,705.375,
7447.2346,solve.va_sample,2,705.375,
7447.7348,solve.va_sample,2,705.375,
7448.2350,solve.va_sample,2,705.375,
7448.7353,solve.va_sample,2,705.375,
7449.2355,solve.va_sample,2,705.375,
7449.7358,solve.va_sample,2,705.375,
7450.2360,solve.va_sample,2,705.375,
7450.7363,solve.va_sample,2,705.375,
7451.2365,solve.va_sample,2,705.375,
7451.7367,solve.va_sample,2,705.375,
7452.2370,solve.va_sample,2,705.375,
7452.7372,solve.va_sample,2,705.375,
7453.2375,solve.va_sample,2,705.375,
7453.7377,solve.va_sample,2,705.375,
7454.2379,solve.va_sample,2,705.375,
7454.7382,solve.va_sample,2,705.375,
7455.2384,solve.va_sample,2,705.375,
7455.7387,solve.va_sample,2,705.375,
7456.2389,solve.va_sample,2,705.375,
7456.7391,solve.va_sample,2,705.375,
7457.2394,solve.va_sample,2,705.375,
7457.7396,solve.va_sample,2,705.375,
7458.2399,solve.va_sample,2,705.375,
7458.7401,solve.va_sample,2,705.375,
7459.2404,solve.va_sample,2,705.375,
7459.7406,solve.va_sample,2,705.375,
7460.2408,solve.va_sample,2,705.375,
7460.7411,solve.va_sample,2,705.375,
7461.2413,solve.va_sample,2,705.375,
7461.7416,solve.va_sample,2,705.375,
7462.2418,solve.va_sample,2,705.375,
7462.7420,solve.va_sample,2,705.375,
7463.2423,solve.va_sample,2,705.375,
7463.7425,solve.va_sample,2,705.375,
7464.2427,solve.va_sample,2,705.375,
7464.7430,solve.va_sample,2,705.375,
7465.2432,solve.va_sample,2,705.375,
7465.7435,solve.va_sample,2,705.375,
7466.2437,solve.va_sample,2,705.375,
7466.7439,solve.va_sample,2,705.375,
7467.2442,solve.va_sample,2,705.375,
7467.7445,solve.va_sample,2,705.375,
7468.2447,solve.va_sample,2,705.375,
7468.7449,solve.va_sample,2,705.375,
7469.2452,solve.va_sample,2,705.375,
7469.7454,solve.va_sample,2,705.375,
7470.2457,solve.va_sample,2,705.375,
7470.7459,solve.va_sample,2,705.375,
7471.2461,solve.va_sample,2,705.375,
7471.7464,solve.va_sample,2,705.375,
7472.2466,solve.va_sample,2,705.375,
7472.7469,solve.va_sample,2,705.375,
7473.2471,solve.va_sample,2,705.375,
7473.7473,solve.va_sample,2,705.375,
7474.2476,solve.va_sample,2,705.633,
7474.7478,solve.va_sample,2,705.633,
7475.2481,solve.va_sample,2,705.633,
7475.7483,solve.va_sample,2,705.633,
7476.2485,solve.va_sample,2,705.633,
7476.7488,solve.va_sample,2,705.633,
7477.2490,solve.va_sample,2,705.633,
7477.7493,solve.va_sample,2,705.633,
7478.2495,solve.va_sample,2,705.633,
7478.7497,solve.va_sample,2,705.633,
7479.2500,solve.va_sample,2,705.633,
7479.7502,solve.va_sample,2,705.633,
7480.2505,solve.va_sample,2,705.633,
7480.7507,solve.va_sample,2,705.633,
7481.2509,solve.va_sample,2,705.633,
7481.7512,solve.va_sample,2,705.633,
7482.2514,solve.va_sample,2,705.633,
7482.7517,solve.va_sample,2,705.633,
7483.2519,solve.va_sample,2,705.633,
7483.7522,solve.va_sample,2,705.633,
7484.2524,solve.va_sample,2,705.633,
7484.7526,solve.va_sample,2,705.633,
7485.2528,solve.va_sample,2,705.633,
7485.7531,solve.va_sample,2,705.633,
7486.2533,solve.va_sample,2,705.633,
7486.7536,solve.va_sample,2,705.633,
7487.2538,solve.va_sample,2,705.633,
7487.7540,solve.va_sample,2,705.633,
7488.2543,solve.va_sample,2,705.633,
7488.7545,solve.va_sample,2,705.633,
7489.2548,solve.va_sample,2,705.633,
7489.7550,solve.va_sample,2,705.633,
7490.2552,solve.va_sample,2,705.633,
7490.7555,solve.va_sample,2,705.633,
7491.2557,solve.va_sample,2,705.633,
7491.7560,solve.va_sample,2,705.633,
7492.2562,solve.va_sample,2,705.633,
7492.7564,solve.va_sample,2,705.633,
7493.2567,solve.va_sample,2,705.633,
7493.7569,solve.va_sample,2,705.633,
7494.2572,solve.va_sample,2,705.633,
7494.7574,solve.va_sample,2,705.633,
7495.2577,solve.va_sample,2,705.633,
7495.7579,solve.va_sample,2,705.633,
7496.2582,solve.va_sample,2,705.633,
7496.7584,solve.va_sample,2,705.633,
7497.2587,solve.va_sample,2,705.633,
7497.7589,solve.va_sample,2,705.633,
7498.2591,solve.va_sample,2,705.633,
7498.7594,solve.va_sample,2,705.633,
7499.2596,solve.va_sample,2,705.633,
7499.7599,solve.va_sample,2,705.633,
7500.2601,solve.va_sample,2,705.633,
7500.7603,solve.va_sample,2,705.633,
7501.2606,solve.va_sample,2,705.633,
7501.7608,solve.va_sample,2,705.633,
7502.2611,solve.va_sample,2,705.633,
7502.7613,solve.va_sample,2,705.633,
7503.2616,solve.va_sample,2,705.633,
7503.7618,solve.va_sample,2,705.633,
7504.2620,solve.va_sample,2,705.633,
7504.7623,solve.va_sample,2,705.633,
7505.2625,solve.va_sample,2,705.633,
7505.7627,solve.va_sample,2,705.633,
7506.2630,solve.va_sample,2,705.633,
7506.7632,solve.va_sample,2,705.633,
7507.2634,solve.va_sample,2,705.633,
7507.7637,solve.va_sample,2,705.633,
7508.2639,solve.va_sample,2,705.633,
7508.7642,solve.va_sample,2,705.633,
7509.2644,solve.va_sample,2,705.633,
7509.7646,solve.va_sample,2,705.633,
7510.2649,solve.va_sample,2,705.633,
7510.7651,solve.va_sample,2,705.633,
7511.2654,solve.va_sample,2,705.633,
7511.7656,solve.va_sample,2,705.633,
7512.2658,solve.va_sample,2,705.633,
7512.7661,solve.va_sample,2,705.633,
7513.2663,solve.va_sample,2,705.633,
7513.7665,solve.va_sample,2,705.633,
7514.2668,solve.va_sample,2,705.633,
7514.7670,solve.va_sample,2,705.633,
7515.2673,solve.va_sample,2,705.633,
7515.7675,solve.va_sample,2,705.633,
7516.2678,solve.va_sample,2,705.633,
7516.7680,solve.va_sample,2,705.633,
7517.2682,solve.va_sample,2,705.633,
7517.7685,solve.va_sample,2,705.633,
7518.2687,solve.va_sample,2,705.633,
7518.7690,solve.va_sample,2,705.633,
7519.2692,solve.va_sample,2,705.633,
7519.7695,solve.va_sample,2,705.633,
7520.2697,solve.va_sample,2,705.633,
7520.7700,solve.va_sample,2,705.633,
7521.2702,solve.va_sample,2,705.633,
7521.7705,solve.va_sample,2,705.633,
7522.2707,solve.va_sample,2,705.633,
7522.7709,solve.va_sample,2,705.633,
7523.2712,solve.va_sample,2,705.633,
7523.7714,solve.va_sample,2,705.633,
7524.2716,solve.va_sample,2,705.633,
7524.7719,solve.va_sample,2,705.633,
7525.2721,solve.va_sample,2,705.633,
7525.7724,solve.va_sample,2,705.633,
7526.2726,solve.va_sample,2,705.633,
7526.7728,solve.va_sample,2,705.633,
7527.2731,solve.va_sample,2,705.633,
7527.7733,solve.va_sample,2,705.633,
7528.2735,solve.va_sample,2,705.633,
7528.7738,solve.va_sample,2,705.633,
7529.2740,solve.va_sample,2,705.633,
7529.7742,solve.va_sample,2,705.633,
7530.2745,solve.va_sample,2,705.633,
7530.7747,solve.va_sample,2,705.633,
7531.2750,solve.va_sample,2,705.633,
7531.7752,solve.va_sample,2,705.633,
7532.2754,solve.va_sample,2,705.633,
7532.7757,solve.va_sample,2,705.633,
7533.2759,solve.va_sample,2,705.633,
7533.7762,solve.va_sample,2,705.633,
7534.2764,solve.va_sample,2,705.633,
7534.7767,solve.va_sample,2,705.633,
7535.2769,solve.va_sample,2,705.633,
7535.7772,solve.va_sample,2,705.633,
7536.2774,solve.va_sample,2,705.633,
7536.7776,solve.va_sample,2,705.633,
7537.2779,solve.va_sample,2,705.633,
7537.7781,solve.va_sample,2,705.633,
7538.2784,solve.va_sample,2,705.633,
7538.7786,solve.va_sample,2,705.633,
7539.2788,solve.va_sample,2,705.633,
7539.7791,solve.va_sample,2,705.633,
7540.2793,solve.va_sample,2,705.633,
7540.7796,solve.va_sample,2,705.633,
7541.2798,solve.va_sample,2,705.633,
7541.7800,solve.va_sample,2,705.633,
7542.2803,solve.va_sample,2,705.633,
7542.7805,solve.va_sample,2,705.633,
7543.2808,solve.va_sample,2,705.633,
7543.7810,solve.va_sample,2,705.633,
7544.2813,solve.va_sample,2,705.633,
7544.7815,solve.va_sample,2,705.633,
7545.2817,solve.va_sample,2,705.633,
7545.7820,solve.va_sample,2,705.633,
7546.2822,solve.va_sample,2,705.633,
7546.7824,solve.va_sample,2,705.633,
7547.2827,solve.va_sample,2,705.633,
7547.7829,solve.va_sample,2,705.633,
7548.2832,solve.va_sample,2,705.633,
7548.7834,solve.va_sample,2,705.633,
7549.2836,solve.va_sample,2,705.633,
7549.7839,solve.va_sample,2,705.633,
7550.2841,solve.va_sample,2,705.633,
7550.7843,solve.va_sample,2,705.633,
7551.2846,solve.va_sample,2,705.633,
7551.7848,solve.va_sample,2,705.633,
7552.2851,solve.va_sample,2,705.633,
7552.7853,solve.va_sample,2,705.633,
7553.2855,solve.va_sample,2,705.633,
7553.7858,solve.va_sample,2,705.633,
7554.2860,solve.va_sample,2,705.633,
7554.7863,solve.va_sample,2,705.633,
7555.2865,solve.va_sample,2,705.633,
7555.7867,solve.va_sample,2,705.633,
7556.2870,solve.va_sample,2,705.633,
7556.7872,solve.va_sample,2,705.633,
7557.2875,solve.va_sample,2,705.633,
7557.7877,solve.va_sample,2,705.633,
7558.2879,solve.va_sample,2,705.633,
7558.7882,solve.va_sample,2,705.633,
7559.2884,solve.va_sample,2,705.633,
7559.7887,solve.va_sample,2,705.633,
7560.2889,solve.va_sample,2,705.633,
7560.7891,solve.va_sample,2,705.633,
7561.2894,solve.va_sample,2,705.633,
7561.7896,solve.va_sample,2,705.633,
7562.2899,solve.va_sample,2,705.633,
7562.7901,solve.va_sample,2,705.633,
7563.2903,solve.va_sample,2,705.633,
7563.7906,solve.va_sample,2,705.633,
7564.2908,solve.va_sample,2,705.633,
7564.7911,solve.va_sample,2,705.633,
7565.2913,solve.va_sample,2,705.633,
7565.7916,solve.va_sample,2,705.633,
7566.2918,solve.va_sample,2,705.633,
7566.7921,solve.va_sample,2,705.633,
7567.2923,solve.va_sample,2,705.633,
7567.7926,solve.va_sample,2,705.633,
7568.2929,solve.va_sample,2,705.633,
7568.7932,solve.va_sample,2,705.633,
7569.2934,solve.va_sample,2,705.633,
7569.7937,solve.va_sample,2,705.633,
7570.2939,solve.va_sample,2,705.633,
7570.7941,solve.va_sample,2,705.633,
7571.2944,solve.va_sample,2,705.633,
7571.7947,solve.va_sample,2,705.633,
7572.2949,solve.va_sample,2,705.633,
7572.7952,solve.va_sample,2,705.633,
7573.2954,solve.va_sample,2,705.633,
7573.7957,solve.va_sample,2,705.633,
7574.2959,solve.va_sample,2,705.633,
7574.7961,solve.va_sample,2,705.633,
7575.2964,solve.va_sample,2,705.633,
7575.7966,solve.va_sample,2,705.633,
7576.2969,solve.va_sample,2,705.633,
7576.7971,solve.va_sample,2,705.633,
7577.2974,solve.va_sample,2,705.633,
7577.7976,solve.va_sample,2,705.633,
7578.2979,solve.va_sample,2,705.633,
7578.7981,solve.va_sample,2,705.633,
7579.2984,solve.va_sample,2,705.633,
7579.7986,solve.va_sample,2,705.633,
7580.2989,solve.va_sample,2,705.633,
7580.7992,solve.va_sample,2,705.633,
7581.2995,solve.va_sample,2,705.633,
7581.7997,solve.va_sample,2,705.633,
7582.3000,solve.va_sample,2,705.633,
7582.8002,solve.va_sample,2,705.633,
7583.3005,solve.va_sample,2,705.633,
7583.8007,solve.va_sample,2,705.633,
7584.3009,solve.va_sample,2,705.633,
7584.8012,solve.va_sample,2,705.633,
7585.3014,solve.va_sample,2,705.633,
7585.8017,solve.va_sample,2,705.633,
7586.3019,solve.va_sample,2,705.633,
7586.8022,solve.va_sample,2,705.633,
7587.3024,solve.va_sample,2,705.633,
7587.8026,solve.va_sample,2,705.633,
7588.3029,solve.va_sample,2,705.633,
7588.8031,solve.va_sample,2,705.633,
7589.3034,solve.va_sample,2,705.633,
7589.8036,solve.va_sample,2,705.633,
7590.3038,solve.va_sample,2,705.633,
7590.8041,solve.va_sample,2,705.633,
7591.3043,solve.va_sample,2,705.633,
7591.8046,solve.va_sample,2,705.633,
7592.3048,solve.va_sample,2,705.633,
7592.8050,solve.va_sample,2,705.633,
7593.3053,solve.va_sample,2,705.633,
7593.8055,solve.va_sample,2,705.633,
7594.3058,solve.va_sample,2,705.633,
7594.8060,solve.va_sample,2,705.633,
7595.3062,solve.va_sample,2,705.633,
7595.8065,solve.va_sample,2,705.633,
7596.3067,solve.va_sample,2,705.633,
7596.8069,solve.va_sample,2,705.633,
7597.3072,solve.va_sample,2,705.633,
7597.8074,solve.va_sample,2,705.633,
7598.3076,solve.va_sample,2,705.633,
7598.8079,solve.va_sample,2,705.633,
7599.3081,solve.va_sample,2,705.633,
7599.8084,solve.va_sample,2,705.633,
7600.3086,solve.va_sample,2,705.633,
7600.8089,solve.va_sample,2,705.633,
7601.3091,solve.va_sample,2,705.633,
7601.8094,solve.va_sample,2,705.633,
7602.3096,solve.va_sample,2,705.633,
7602.8098,solve.va_sample,2,705.633,
7603.3101,solve.va_sample,2,705.633,
7603.8103,solve.va_sample,2,705.633,
7604.3105,solve.va_sample,2,705.633,
7604.8108,solve.va_sample,2,705.633,
7605.3110,solve.va_sample,2,705.633,
7605.8112,solve.va_sample,2,705.633,
7606.3115,solve.va_sample,2,705.633,
7606.8117,solve.va_sample,2,705.633,
7607.3119,solve.va_sample,2,705.633,
7607.8122,solve.va_sample,2,705.633,
7608.3124,solve.va_sample,2,705.633,
7608.8127,solve.va_sample,2,705.633,
7609.3129,solve.va_sample,2,705.633,
7609.8131,solve.va_sample,2,705.633,
7610.3134,solve.va_sample,2,705.633,
7610.8136,solve.va_sample,2,705.633,
7611.3138,solve.va_sample,2,705.633,
7611.8141,solve.va_sample,2,705.633,
7612.3143,solve.va_sample,2,705.633,
7612.8145,solve.va_sample,2,705.633,
7613.3148,solve.va_sample,2,705.633,
7613.8151,solve.va_sample,2,705.633,
7614.3153,solve.va_sample,2,705.633,
7614.8155,solve.va_sample,2,705.633,
7615.3158,solve.va_sample,2,705.633,
7615.8160,solve.va_sample,2,705.633,
7616.3162,solve.va_sample,2,705.633,
7616.8165,solve.va_sample,2,705.633,
7617.3167,solve.va_sample,2,705.633,
7617.8169,solve.va_sample,2,705.633,
7618.3171,solve.va_sample,2,705.633,
7618.8174,solve.va_sample,2,705.633,
7619.3176,solve.va_sample,2,705.633,
7619.8179,solve.va_sample,2,705.633,
7620.3181,solve.va_sample,2,705.633,
7620.8183,solve.va_sample,2,705.633,
7621.3186,solve.va_sample,2,705.633,
7621.8188,solve.va_sample,2,705.633,
7622.3190,solve.va_sample,2,705.633,
7622.8193,solve.va_sample,2,705.633,
7623.3195,solve.va_sample,2,705.633,
7623.8198,solve.va_sample,2,705.633,
7624.3200,solve.va_sample,2,705.633,
7624.8203,solve.va_sample,2,705.633,
7625.3205,solve.va_sample,2,705.633,
7625.8207,solve.va_sample,2,705.633,
7626.3210,solve.va_sample,2,705.633,
7626.8212,solve.va_sample,2,705.633,
7627.3214,solve.va_sample,2,705.633,
7627.8217,solve.va_sample,2,705.633,
7628.3219,solve.va_sample,2,705.633,
7628.8221,solve.va_sample,2,705.633,
7629.3224,solve.va_sample,2,705.633,
7629.8226,solve.va_sample,2,705.633,
7630.3229,solve.va_sample,2,705.633,
7630.8231,solve.va_sample,2,705.633,
7631.3233,solve.va_sample,2,705.633,
7631.8236,solve.va_sample,2,705.633,
7632.3238,solve.va_sample,2,705.633,
7632.8240,solve.va_sample,2,705.633,
7633.3243,solve.va_sample,2,705.633,
7633.8245,solve.va_sample,2,705.633,
7634.3247,solve.va_sample,2,705.633,
7634.8250,solve.va_sample,2,705.633,
7635.3252,solve.va_sample,2,705.633,
7635.8254,solve.va_sample,2,705.633,
7636.3257,solve.va_sample,2,705.633,
7636.8259,solve.va_sample,2,705.633,
7637.3261,solve.va_sample,2,705.633,
7637.8264,solve.va_sample,2,705.633,
7638.3266,solve.va_sample,2,705.633,
7638.8268,solve.va_sample,2,705.633,
7639.3270,solve.va_sample,2,705.633,
7639.8273,solve.va_sample,2,705.633,
7640.3275,solve.va_sample,2,705.633,
7640.8278,solve.va_sample,2,705.633,
7641.3280,solve.va_sample,2,705.633,
7641.8282,solve.va_sample,2,705.633,
7642.3285,solve.va_sample,2,705.633,
7642.8287,solve.va_sample,2,705.633,
7643.3289,solve.va_sample,2,705.633,
7643.8292,solve.va_sample,2,705.633,
7644.3294,solve.va_sample,2,705.633,
7644.8296,solve.va_sample,2,705.633,
7645.3299,solve.va_sample,2,705.633,
7645.8301,solve.va_sample,2,705.633,
7646.3303,solve.va_sample,2,705.633,
7646.8305,solve.va_sample,2,705.633,
7647.3308,solve.va_sample,2,705.633,
7647.8310,solve.va_sample,2,705.633,
7648.3312,solve.va_sample,2,705.633,
7648.8315,solve.va_sample,2,705.633,
7649.3317,solve.va_sample,2,705.633,
7649.8319,solve.va_sample,2,705.633,
7650.3322,solve.va_sample,2,705.633,
7650.8324,solve.va_sample,2,705.633,
7651.3327,solve.va_sample,2,705.633,
7651.8329,solve.va_sample,2,705.633,
7652.3332,solve.va_sample,2,705.633,
7652.8334,solve.va_sample,2,705.633,
7653.3336,solve.va_sample,2,705.633,
7653.8339,solve.va_sample,2,705.633,
7654.3341,solve.va_sample,2,705.633,
7654.8343,solve.va_sample,2,705.633,
7655.3346,solve.va_sample,2,705.633,
7655.8348,solve.va_sample,2,705.633,
7656.3350,solve.va_sample,2,705.633,
7656.8353,solve.va_sample,2,705.633,
7657.3355,solve.va_sample,2,705.633,
7657.8357,solve.va_sample,2,705.633,
7658.3360,solve.va_sample,2,705.633,
7658.8362,solve.va_sample,2,705.633,
7659.3364,solve.va_sample,2,705.633,
7659.8367,solve.va_sample,2,705.633,
7660.3369,solve.va_sample,2,705.633,
7660.8371,solve.va_sample,2,705.633,
7661.3374,solve.va_sample,2,705.633,
7661.8376,solve.va_sample,2,705.633,
7662.3378,solve.va_sample,2,705.633,
7662.8381,solve.va_sample,2,705.633,
7663.3383,solve.va_sample,2,705.633,
7663.8386,solve.va_sample,2,705.633,
7664.3388,solve.va_sample,2,705.633,
7664.8390,solve.va_sample,2,705.633,
7665.3393,solve.va_sample,2,705.633,
7665.8395,solve.va_sample,2,705.633,
7666.3397,solve.va_sample,2,705.633,
7666.8400,solve.va_sample,2,705.633,
7667.3402,solve.va_sample,2,705.633,
7667.8405,solve.va_sample,2,705.633,
7668.3407,solve.va_sample,2,705.633,
7668.8409,solve.va_sample,2,705.633,
7669.3411,solve.va_sample,2,705.633,
7669.8414,solve.va_sample,2,705.633,
7670.3416,solve.va_sample,2,705.633,
7670.8418,solve.va_sample,2,705.633,
7671.3421,solve.va_sample,2,705.633,
7671.8423,solve.va_sample,2,705.633,
7672.3425,solve.va_sample,2,705.633,
7672.8428,solve.va_sample,2,705.633,
7673.3430,solve.va_sample,2,705.633,
7673.8433,solve.va_sample,2,705.633,
7674.3435,solve.va_sample,2,705.633,
7674.8437,solve.va_sample,2,705.633,
7675.3440,solve.va_sample,2,705.633,
7675.8442,solve.va_sample,2,705.633,
7676.3445,solve.va_sample,2,705.633,
7676.8447,solve.va_sample,2,705.633,
7677.3449,solve.va_sample,2,705.633,
7677.8452,solve.va_sample,2,705.633,
7678.3454,solve.va_sample,2,705.633,
7678.8457,solve.va_sample,2,705.633,
7679.3459,solve.va_sample,2,705.633,
7679.8461,solve.va_sample,2,705.633,
7680.3463,solve.va_sample,2,705.633,
7680.8466,solve.va_sample,2,705.633,
7681.3468,solve.va_sample,2,705.633,
7681.8470,solve.va_sample,2,705.633,
7682.3473,solve.va_sample,2,705.633,
7682.8475,solve.va_sample,2,705.633,
7683.3477,solve.va_sample,2,705.633,
7683.8480,solve.va_sample,2,705.633,
7684.3482,solve.va_sample,2,705.633,
7684.8484,solve.va_sample,2,705.633,
7685.3487,solve.va_sample,2,705.633,
7685.8489,solve.va_sample,2,705.633,
7686.3492,solve.va_sample,2,705.633,
7686.8494,solve.va_sample,2,705.633,
7687.3496,solve.va_sample,2,705.633,
7687.8499,solve.va_sample,2,705.633,
7688.3501,solve.va_sample,2,705.633,
7688.8503,solve.va_sample,2,705.633,
7689.3506,solve.va_sample,2,705.633,
7689.8508,solve.va_sample,2,705.633,
7690.3510,solve.va_sample,2,705.633,
7690.8513,solve.va_sample,2,705.633,
7691.3515,solve.va_sample,2,705.633,
7691.8518,solve.va_sample,2,705.633,
7692.3520,solve.va_sample,2,705.633,
7692.8522,solve.va_sample,2,705.633,
7693.3525,solve.va_sample,2,705.633,
7693.8527,solve.va_sample,2,705.633,
7694.3530,solve.va_sample,2,705.633,
7694.8532,solve.va_sample,2,705.633,
7695.3534,solve.va_sample,2,705.633,
7695.8537,solve.va_sample,2,705.633,
7696.3539,solve.va_sample,2,705.633,
7696.8541,solve.va_sample,2,705.633,
7697.3544,solve.va_sample,2,705.633,
7697.8546,solve.va_sample,2,705.633,
7698.3548,solve.va_sample,2,705.633,
7698.8551,solve.va_sample,2,705.633,
7699.3553,solve.va_sample,2,705.633,
7699.8555,solve.va_sample,2,705.633,
7700.3558,solve.va_sample,2,705.633,
7700.8560,solve.va_sample,2,705.633,
7701.3562,solve.va_sample,2,705.633,
7701.8565,solve.va_sample,2,705.633,
7702.3567,solve.va_sample,2,705.633,
7702.8569,solve.va_sample,2,705.633,
7703.3571,solve.va_sample,2,705.633,
7703.8574,solve.va_sample,2,705.633,
7704.3576,solve.va_sample,2,705.633,
7704.8578,solve.va_sample,2,705.633,
7705.3581,solve.va_sample,2,705.633,
7705.8583,solve.va_sample,2,705.633,
7706.3586,solve.va_sample,2,705.633,
7706.8588,solve.va_sample,2,705.633,
7707.3590,solve.va_sample,2,705.633,
7707.8592,solve.va_sample,2,705.633,
7708.3595,solve.va_sample,2,705.633,
7708.8597,solve.va_sample,2,705.633,
7709.3600,solve.va_sample,2,705.633,
7709.8602,solve.va_sample,2,705.633,
7710.3604,solve.va_sample,2,705.633,
7710.8607,solve.va_sample,2,705.633,
7711.3609,solve.va_sample,2,705.633,
7711.8611,solve.va_sample,2,705.633,
7712.3614,solve.va_sample,2,705.633,
7712.8616,solve.va_sample,2,705.633,
7713.3619,solve.va_sample,2,705.633,
7713.8621,solve.va_sample,2,705.633,
7714.3623,solve.va_sample,2,705.633,
7714.8626,solve.va_sample,2,705.633,
7715.3628,solve.va_sample,2,705.633,
7715.8630,solve.va_sample,2,705.633,
7716.3633,solve.va_sample,2,705.633,
7716.8635,solve.va_sample,2,705.633,
7717.3637,solve.va_sample,2,705.633,
7717.8640,solve.va_sample,2,705.633,
7718.3642,solve.va_sample,2,705.633,
7718.8644,solve.va_sample,2,705.633,
7719.3647,solve.va_sample,2,705.633,
7719.8649,solve.va_sample,2,705.633,
7720.3651,solve.va_sample,2,705.633,
7720.8654,solve.va_sample,2,705.633,
7721.3656,solve.va_sample,2,705.633,
7721.8658,solve.va_sample,2,705.633,
7722.3661,solve.va_sample,2,705.633,
7722.8663,solve.va_sample,2,705.633,
7723.3665,solve.va_sample,2,705.633,
7723.8668,solve.va_sample,2,705.633,
7724.3670,solve.va_sample,2,705.633,
7724.8672,solve.va_sample,2,705.633,
7725.3675,solve.va_sample,2,705.633,
7725.8677,solve.va_sample,2,705.633,
7726.3680,solve.va_sample,2,705.633,
7726.8682,solve.va_sample,2,705.633,
7727.3685,solve.va_sample,2,705.633,
7727.8687,solve.va_sample,2,705.633,
7728.3689,solve.va_sample,2,705.633,
7728.8692,solve.va_sample,2,705.633,
7729.3694,solve.va_sample,2,705.633,
7729.8696,solve.va_sample,2,705.633,
7730.3699,solve.va_sample,2,705.633,
7730.8701,solve.va_sample,2,705.633,
7731.3703,solve.va_sample,2,705.633,
7731.8706,solve.va_sample,2,705.633,
7732.3708,solve.va_sample,2,705.633,
7732.8711,solve.va_sample,2,705.633,
7733.3713,solve.va_sample,2,705.633,
7733.8716,solve.va_sample,2,705.633,
7734.3718,solve.va_sample,2,705.633,
7734.8721,solve.va_sample,2,705.633,
7735.3723,solve.va_sample,2,705.633,
7735.8725,solve.va_sample,2,705.633,
7736.3728,solve.va_sample,2,705.633,
7736.8730,solve.va_sample,2,705.633,
7737.3732,solve.va_sample,2,705.633,
7737.8735,solve.va_sample,2,705.633,
7738.3737,solve.va_sample,2,705.633,
7738.8739,solve.va_sample,2,705.633,
7739.3742,solve.va_sample,2,705.633,
7739.8744,solve.va_sample,2,705.633,
7740.3747,solve.va_sample,2,705.633,
7740.8749,solve.va_sample,2,705.633,
7741.3751,solve.va_sample,2,705.633,
7741.8754,solve.va_sample,2,705.633,
7742.3756,solve.va_sample,2,705.633,
7742.8758,solve.va_sample,2,705.633,
7743.3761,solve.va_sample,2,705.633,
7743.8763,solve.va_sample,2,705.633,
7744.3765,solve.va_sample,2,705.633,
7744.8768,solve.va_sample,2,705.633,
7745.3770,solve.va_sample,2,705.633,
7745.8773,solve.va_sample,2,705.633,
7746.3775,solve.va_sample,2,705.633,
7746.8778,solve.va_sample,2,705.633,
7747.3780,solve.va_sample,2,705.633,
7747.8783,solve.va_sample,2,705.633,
7748.3785,solve.va_sample,2,705.633,
7748.8787,solve.va_sample,2,705.633,
7749.3790,solve.va_sample,2,705.633,
7749.8792,solve.va_sample,2,705.633,
7750.3794,solve.va_sample,2,705.633,
7750.8797,solve.va_sample,2,705.633,
7751.3799,solve.va_sample,2,705.633,
7751.8801,solve.va_sample,2,705.633,
7752.3804,solve.va_sample,2,705.633,
7752.8806,solve.va_sample,2,705.633,
7753.3808,solve.va_sample,2,705.633,
7753.8811,solve.va_sample,2,705.633,
7754.3813,solve.va_sample,2,705.633,
7754.8816,solve.va_sample,2,705.633,
7755.3818,solve.va_sample,2,705.633,
7755.8820,solve.va_sample,2,705.633,
7756.3823,solve.va_sample,2,705.633,
7756.8825,solve.va_sample,2,705.633,
7757.3827,solve.va_sample,2,705.633,
7757.8830,solve.va_sample,2,705.633,
7758.3832,solve.va_sample,2,705.633,
7758.8835,solve.va_sample,2,705.633,
7759.3837,solve.va_sample,2,705.633,
7759.8839,solve.va_sample,2,705.633,
7760.3842,solve.va_sample,2,705.633,
7760.8844,solve.va_sample,2,705.633,
7761.3847,solve.va_sample,2,705.633,
7761.8849,solve.va_sample,2,705.633,
7762.3851,solve.va_sample,2,705.633,
7762.8854,solve.va_sample,2,705.633,
7763.3856,solve.va_sample,2,705.633,
7763.8859,solve.va_sample,2,705.633,
7764.3861,solve.va_sample,2,705.633,
7764.8863,solve.va_sample,2,705.633,
7765.3866,solve.va_sample,2,705.633,
7765.8868,solve.va_sample,2,705.633,
7766.3871,solve.va_sample,2,705.633,
7766.8873,solve.va_sample,2,705.633,
7767.3875,solve.va_sample,2,705.633,
7767.8878,solve.va_sample,2,705.633,
7768.3880,solve.va_sample,2,705.633,
7768.8883,solve.va_sample,2,705.633,
7769.3885,solve.va_sample,2,705.633,
7769.8887,solve.va_sample,2,705.633,
7770.3890,solve.va_sample,2,705.633,
7770.8892,solve.va_sample,2,705.633,
7771.3894,solve.va_sample,2,705.633,
7771.8897,solve.va_sample,2,705.633,
7772.3899,solve.va_sample,2,705.633,
7772.8902,solve.va_sample,2,705.633,
7773.3904,solve.va_sample,2,705.633,
7773.8906,solve.va_sample,2,705.633,
7774.3909,solve.va_sample,2,705.633,
7774.8911,solve.va_sample,2,705.633,
7775.3914,solve.va_sample,2,705.633,
7775.8916,solve.va_sample,2,705.633,
7776.3918,solve.va_sample,2,705.633,
7776.8921,solve.va_sample,2,705.633,
7777.3923,solve.va_sample,2,705.633,
7777.8925,solve.va_sample,2,705.633,
7778.3928,solve.va_sample,2,705.633,
7778.8930,solve.va_sample,2,705.633,
7779.3933,solve.va_sample,2,705.633,
7779.8935,solve.va_sample,2,705.633,
7780.3937,solve.va_sample,2,705.633,
7780.8940,solve.va_sample,2,705.633,
7781.3942,solve.va_sample,2,705.633,
7781.8945,solve.va_sample,2,705.633,
7782.3947,solve.va_sample,2,705.633,
7782.8949,solve.va_sample,2,705.633,
7783.3952,solve.va_sample,2,705.633,
7783.8954,solve.va_sample,2,705.633,
7784.3956,solve.va_sample,2,705.633,
7784.8959,solve.va_sample,2,705.633,
7785.3961,solve.va_sample,2,705.633,
7785.8964,solve.va_sample,2,705.633,
7786.3966,solve.va_sample,2,705.633,
7786.8968,solve.va_sample,2,705.633,
7787.3971,solve.va_sample,2,705.633,
7787.8973,solve.va_sample,2,705.633,
7788.3976,solve.va_sample,2,705.633,
7788.8978,solve.va_sample,2,705.633,
7789.3980,solve.va_sample,2,705.633,
7789.8983,solve.va_sample,2,705.633,
7790.3985,solve.va_sample,2,705.633,
7790.8988,solve.va_sample,2,705.633,
7791.3990,solve.va_sample,2,705.633,
7791.8992,solve.va_sample,2,705.633,
7792.3995,solve.va_sample,2,705.633,
7792.8997,solve.va_sample,2,705.633,
7793.4000,solve.va_sample,2,705.633,
7793.9003,solve.va_sample,2,705.633,
7794.4005,solve.va_sample,2,705.633,
7794.9007,solve.va_sample,2,705.633,
7795.4010,solve.va_sample,2,705.633,
7795.9012,solve.va_sample,2,705.633,
7796.4015,solve.va_sample,2,705.633,
7796.9017,solve.va_sample,2,705.633,
7797.4020,solve.va_sample,2,705.633,
7797.9022,solve.va_sample,2,705.633,
7798.4024,solve.va_sample,2,705.633,
7798.9027,solve.va_sample,2,705.633,
7799.4029,solve.va_sample,2,705.633,
7799.9032,solve.va_sample,2,705.633,
7800.4034,solve.va_sample,2,705.633,
7800.9037,solve.va_sample,2,705.633,
7801.4039,solve.va_sample,2,705.633,
7801.9041,solve.va_sample,2,705.633,
7802.4044,solve.va_sample,2,705.633,
7802.9046,solve.va_sample,2,705.633,
7803.4048,solve.va_sample,2,705.633,
7803.9051,solve.va_sample,2,705.633,
7804.4053,solve.va_sample,2,705.633,
7804.9056,solve.va_sample,2,705.633,
7805.4058,solve.va_sample,2,705.633,
7805.9060,solve.va_sample,2,705.633,
7806.4063,solve.va_sample,2,705.633,
7806.9065,solve.va_sample,2,705.633,
7807.4068,solve.va_sample,2,705.633,
7807.9070,solve.va_sample,2,705.633,
7808.4072,solve.va_sample,2,705.633,
7808.9075,solve.va_sample,2,705.633,
7809.4077,solve.va_sample,2,705.633,
7809.9080,solve.va_sample,2,705.633,
7810.4082,solve.va_sample,2,705.633,
7810.9084,solve.va_sample,2,705.633,
7811.4087,solve.va_sample,2,705.633,
7811.9089,solve.va_sample,2,705.633,
7812.4092,solve.va_sample,2,705.633,
7812.9094,solve.va_sample,2,705.633,
7813.4096,solve.va_sample,2,705.633,
7813.9099,solve.va_sample,2,705.633,
7814.4101,solve.va_sample,2,705.633,
7814.9103,solve.va_sample,2,705.633,
7815.4106,solve.va_sample,2,705.633,
7815.9108,solve.va_sample,2,705.633,
7816.4111,solve.va_sample,2,705.633,
7816.9113,solve.va_sample,2,705.633,
7817.4115,solve.va_sample,2,705.633,
7817.9118,solve.va_sample,2,705.633,
7818.4120,solve.va_sample,2,705.633,
7818.9122,solve.va_sample,2,705.633,
7819.4125,solve.va_sample,2,705.633,
7819.9127,solve.va_sample,2,705.633,
7820.4130,solve.va_sample,2,705.633,
7820.9133,solve.va_sample,2,705.633,
7821.4135,solve.va_sample,2,705.633,
7821.9138,solve.va_sample,2,705.633,
7822.4140,solve.va_sample,2,705.633,
7822.9143,solve.va_sample,2,705.633,
7823.4145,solve.va_sample,2,705.633,
7823.9148,solve.va_sample,2,705.633,
7824.4150,solve.va_sample,2,705.633,
7824.9153,solve.va_sample,2,705.633,
7825.4155,solve.va_sample,2,705.633,
7825.9157,solve.va_sample,2,705.633,
7826.4160,solve.va_sample,2,705.633,
7826.9162,solve.va_sample,2,705.633,
7827.4164,solve.va_sample,2,705.633,
7827.9167,solve.va_sample,2,705.633,
7828.4169,solve.va_sample,2,705.633,
7828.9172,solve.va_sample,2,705.633,
7829.4174,solve.va_sample,2,705.633,
7829.9176,solve.va_sample,2,705.633,
7830.4179,solve.va_sample,2,705.633,
7830.9181,solve.va_sample,2,705.633,
7831.4183,solve.va_sample,2,705.633,
7831.9185,solve.va_sample,2,705.633,
7832.4188,solve.va_sample,2,705.633,
7832.9190,solve.va_sample,2,705.633,
7833.4193,solve.va_sample,2,705.633,
7833.9195,solve.va_sample,2,705.633,
7834.4198,solve.va_sample,2,705.633,
7834.9200,solve.va_sample,2,705.633,
7835.4203,solve.va_sample,2,705.633,
7835.9205,solve.va_sample,2,705.633,
7836.4208,solve.va_sample,2,705.891,
7836.9210,solve.va_sample,2,705.891,
7837.4213,solve.va_sample,2,705.891,
7837.9215,solve.va_sample,2,705.891,
7838.4217,solve.va_sample,2,705.891,
7838.9220,solve.va_sample,2,705.891,
7839.4222,solve.va_sample,2,705.891,
7839.9225,solve.va_sample,2,705.891,
7840.4227,solve.va_sample,2,705.891,
7840.9229,solve.va_sample,2,705.891,
7841.4232,solve.va_sample,2,705.891,
7841.9234,solve.va_sample,2,705.891,
7842.4237,solve.va_sample,2,705.891,
7842.9239,solve.va_sample,2,705.891,
7843.4241,solve.va_sample,2,705.891,
7843.9244,solve.va_sample,2,705.891,
7844.4246,solve.va_sample,2,705.891,
7844.9248,solve.va_sample,2,705.891,
7845.4251,solve.va_sample,2,705.891,
7845.9253,solve.va_sample,2,705.891,
7846.4256,solve.va_sample,2,705.891,
7846.9258,solve.va_sample,2,705.891,
7847.4260,solve.va_sample,2,705.891,
7847.9263,solve.va_sample,2,705.891,
7848.4265,solve.va_sample,2,705.891,
7848.9268,solve.va_sample,2,705.891,
7849.4270,solve.va_sample,2,705.891,
7849.9273,solve.va_sample,2,705.891,
7850.4275,solve.va_sample,2,705.891,
7850.9277,solve.va_sample,2,705.891,
7851.4280,solve.va_sample,2,705.891,
7851.9282,solve.va_sample,2,705.891,
7852.4285,solve.va_sample,2,705.891,
7852.9287,solve.va_sample,2,705.891,
7853.4290,solve.va_sample,2,705.891,
7853.9292,solve.va_sample,2,705.891,
7854.4295,solve.va_sample,2,705.891,
7854.9297,solve.va_sample,2,705.891,
7855.4300,solve.va_sample,2,705.891,
7855.9302,solve.va_sample,2,705.891,
7856.4305,solve.va_sample,2,705.891,
7856.9307,solve.va_sample,2,705.891,
7857.4309,solve.va_sample,2,705.891,
7857.9312,solve.va_sample,2,705.891,
7858.4314,solve.va_sample,2,705.891,
7858.9317,solve.va_sample,2,705.891,
7859.4319,solve.va_sample,2,705.891,
7859.9321,solve.va_sample,2,705.891,
7860.4324,solve.va_sample,2,705.891,
7860.9326,solve.va_sample,2,705.891,
7861.4328,solve.va_sample,2,705.891,
7861.9331,solve.va_sample,2,705.891,
7862.4333,solve.va_sample,2,705.891,
7862.9336,solve.va_sample,2,705.891,
7863.4338,solve.va_sample,2,705.891,
7863.9340,solve.va_sample,2,705.891,
7864.4343,solve.va_sample,2,705.891,
7864.9345,solve.va_sample,2,705.891,
7865.4347,solve.va_sample,2,705.891,
7865.9350,solve.va_sample,2,705.891,
7866.4352,solve.va_sample,2,705.891,
7866.9354,solve.va_sample,2,705.891,
7867.4357,solve.va_sample,2,705.891,
7867.9359,solve.va_sample,2,705.891,
7868.4361,solve.va_sample,2,705.891,
7868.9364,solve.va_sample,2,705.891,
7869.4367,solve.va_sample,2,705.891,
7869.9369,solve.va_sample,2,705.891,
7870.4371,solve.va_sample,2,705.891,
7870.9374,solve.va_sample,2,705.891,
7871.4376,solve.va_sample,2,705.891,
7871.9378,solve.va_sample,2,705.891,
7872.4381,solve.va_sample,2,705.891,
7872.9383,solve.va_sample,2,705.891,
7873.4385,solve.va_sample,2,705.891,
7873.9388,solve.va_sample,2,705.891,
7874.4390,solve.va_sample,2,705.891,
7874.9393,solve.va_sample,2,705.891,
7875.4395,solve.va_sample,2,705.891,
7875.9397,solve.va_sample,2,705.891,
7876.4400,solve.va_sample,2,705.891,
7876.9402,solve.va_sample,2,705.891,
7877.4404,solve.va_sample,2,705.891,
7877.9407,solve.va_sample,2,705.891,
7878.4409,solve.va_sample,2,705.891,
7878.9412,solve.va_sample,2,705.891,
7879.4414,solve.va_sample,2,705.891,
7879.9417,solve.va_sample,2,705.891,
7880.4419,solve.va_sample,2,705.891,
7880.9421,solve.va_sample,2,705.891,
7881.4424,solve.va_sample,2,705.891,
7881.9426,solve.va_sample,2,705.891,
7882.4429,solve.va_sample,2,705.891,
7882.9431,solve.va_sample,2,705.891,
7883.4433,solve.va_sample,2,705.891,
7883.9436,solve.va_sample,2,705.891,
7884.4438,solve.va_sample,2,705.891,
7884.9441,solve.va_sample,2,705.891,
7885.4444,solve.va_sample,2,705.891,
7885.9446,solve.va_sample,2,705.891,
7886.4448,solve.va_sample,2,705.891,
7886.9451,solve.va_sample,2,705.891,
7887.4453,solve.va_sample,2,705.891,
7887.9456,solve.va_sample,2,705.891,
7888.4458,solve.va_sample,2,705.891,
7888.9460,solve.va_sample,2,705.891,
7889.4463,solve.va_sample,2,705.891,
7889.9465,solve.va_sample,2,705.891,
7890.4467,solve.va_sample,2,705.891,
7890.9470,solve.va_sample,2,705.891,
7891.4472,solve.va_sample,2,705.891,
7891.9475,solve.va_sample,2,705.891,
7892.4477,solve.va_sample,2,705.891,
7892.9479,solve.va_sample,2,705.891,
7893.4482,solve.va_sample,2,705.891,
7893.9484,solve.va_sample,2,705.891,
7894.4486,solve.va_sample,2,705.891,
7894.9489,solve.va_sample,2,705.891,
7895.4491,solve.va_sample,2,705.891,
7895.9494,solve.va_sample,2,705.891,
7896.4496,solve.va_sample,2,705.891,
7896.9498,solve.va_sample,2,705.891,
7897.4501,solve.va_sample,2,705.891,
7897.9503,solve.va_sample,2,705.891,
7898.4505,solve.va_sample,2,705.891,
7898.9508,solve.va_sample,2,705.891,
7899.4510,solve.va_sample,2,705.891,
7899.9512,solve.va_sample,2,705.891,
7900.4515,solve.va_sample,2,705.891,
7900.9517,solve.va_sample,2,705.891,
7901.4519,solve.va_sample,2,705.891,
7901.9522,solve.va_sample,2,705.891,
7902.4524,solve.va_sample,2,705.891,
7902.9526,solve.va_sample,2,705.891,
7903.4529,solve.va_sample,2,705.891,
7903.9531,solve.va_sample,2,705.891,
7904.4534,solve.va_sample,2,705.891,
7904.9536,solve.va_sample,2,705.891,
7905.4538,solve.va_sample,2,705.891,
7905.9541,solve.va_sample,2,705.891,
7906.4543,solve.va_sample,2,705.891,
7906.9545,solve.va_sample,2,705.891,
7907.4548,solve.va_sample,2,705.891,
7907.9550,solve.va_sample,2,705.891,
7908.4552,solve.va_sample,2,705.891,
7908.9555,solve.va_sample,2,705.891,
7909.4557,solve.va_sample,2,705.891,
7909.9560,solve.va_sample,2,705.891,
7910.4563,solve.va_sample,2,705.891,
7910.9566,solve.va_sample,2,705.891,
7911.4568,solve.va_sample,2,705.891,
7911.9571,solve.va_sample,2,705.891,
7912.4573,solve.va_sample,2,705.891,
7912.9576,solve.va_sample,2,705.891,
7913.4579,solve.va_sample,2,705.891,
7913.9581,solve.va_sample,2,705.891,
7914.4584,solve.va_sample,2,705.891,
7914.9586,solve.va_sample,2,705.891,
7915.4588,solve.va_sample,2,705.891,
7915.9591,solve.va_sample,2,705.891,
7916.4593,solve.va_sample,2,705.891,
7916.9596,solve.va_sample,2,705.891,
7917.4598,solve.va_sample,2,705.891,
7917.9600,solve.va_sample,2,705.891,
7918.4603,solve.va_sample,2,705.891,
7918.9605,solve.va_sample,2,705.891,
7919.4608,solve.va_sample,2,705.891,
7919.9610,solve.va_sample,2,705.891,
7920.4613,solve.va_sample,2,705.891,
7920.9615,solve.va_sample,2,705.891,
7921.4617,solve.va_sample,2,705.891,
7921.9620,solve.va_sample,2,705.891,
7922.4622,solve.va_sample,2,705.891,
7922.9624,solve.va_sample,2,705.891,
7923.4627,solve.va_sample,2,705.891,
7923.9629,solve.va_sample,2,705.891,
7924.4631,solve.va_sample,2,705.891,
7924.9634,solve.va_sample,2,705.891,
7925.4636,solve.va_sample,2,705.891,
7925.9638,solve.va_sample,2,705.891,
7926.4641,solve.va_sample,2,705.891,
7926.9643,solve.va_sample,2,705.891,
7927.4645,solve.va_sample,2,705.891,
7927.9648,solve.va_sample,2,705.891,
7928.4650,solve.va_sample,2,705.891,
7928.9652,solve.va_sample,2,705.891,
7929.4655,solve.va_sample,2,705.891,
7929.9658,solve.va_sample,2,705.891,
7930.4660,solve.va_sample,2,705.891,
7930.9662,solve.va_sample,2,705.891,
7931.4665,solve.va_sample,2,705.891,
7931.9667,solve.va_sample,2,705.891,
7932.4669,solve.va_sample,2,705.891,
7932.9672,solve.va_sample,2,705.891,
7933.4674,solve.va_sample,2,705.891,
7933.9677,solve.va_sample,2,705.891,
7934.4679,solve.va_sample,2,705.891,
7934.9682,solve.va_sample,2,705.891,
7935.4684,solve.va_sample,2,705.891,
7935.9686,solve.va_sample,2,705.891,
7936.4689,solve.va_sample,2,705.891,
7936.9691,solve.va_sample,2,705.891,
7937.4694,solve.va_sample,2,705.891,
7937.9696,solve.va_sample,2,705.891,
7938.4699,solve.va_sample,2,705.891,
7938.9701,solve.va_sample,2,705.891,
7939.4704,solve.va_sample,2,705.891,
7939.9706,solve.va_sample,2,705.891,
7940.4709,solve.va_sample,2,705.891,
7940.9711,solve.va_sample,2,705.891,
7941.4713,solve.va_sample,2,705.891,
7941.9716,solve.va_sample,2,705.891,
7942.4718,solve.va_sample,2,705.891,
7942.9720,solve.va_sample,2,705.891,
7943.4723,solve.va_sample,2,705.891,
7943.9725,solve.va_sample,2,705.891,
7944.4728,solve.va_sample,2,705.891,
7944.9730,solve.va_sample,2,705.891,
7945.4732,solve.va_sample,2,705.891,
7945.9735,solve.va_sample,2,705.891,
7946.4737,solve.va_sample,2,705.891,
7946.9739,solve.va_sample,2,705.891,
7947.4742,solve.va_sample,2,705.891,
7947.9744,solve.va_sample,2,705.891,
7948.4747,solve.va_sample,2,705.891,
7948.9749,solve.va_sample,2,705.891,
7949.4751,solve.va_sample,2,705.891,
7949.9754,solve.va_sample,2,705.891,
7950.4756,solve.va_sample,2,705.891,
7950.9758,solve.va_sample,2,705.891,
7951.4761,solve.va_sample,2,705.891,
7951.9763,solve.va_sample,2,705.891,
7952.4765,solve.va_sample,2,705.891,
7952.9768,solve.va_sample,2,705.891,
7953.4770,solve.va_sample,2,705.891,
7953.9772,solve.va_sample,2,705.891,
7954.4775,solve.va_sample,2,705.891,
7954.9777,solve.va_sample,2,705.891,
7955.4780,solve.va_sample,2,705.891,
7955.9782,solve.va_sample,2,705.891,
7956.4785,solve.va_sample,2,705.891,
7956.9787,solve.va_sample,2,705.891,
7957.4789,solve.va_sample,2,705.891,
7957.9792,solve.va_sample,2,705.891,
7958.4794,solve.va_sample,2,705.891,
7958.9797,solve.va_sample,2,705.891,
7959.4799,solve.va_sample,2,705.891,
7959.9801,solve.va_sample,2,705.891,
7960.4804,solve.va_sample,2,705.891,
7960.9806,solve.va_sample,2,705.891,
7961.4808,solve.va_sample,2,705.891,
7961.9811,solve.va_sample,2,705.891,
7962.4813,solve.va_sample,2,705.891,
7962.9816,solve.va_sample,2,705.891,
7963.4818,solve.va_sample,2,705.891,
7963.9821,solve.va_sample,2,705.891,
7964.4823,solve.va_sample,2,705.891,
7964.9826,solve.va_sample,2,705.891,
7965.4828,solve.va_sample,2,705.891,
7965.9831,solve.va_sample,2,705.891,
7966.4833,solve.va_sample,2,705.891,
7966.9835,solve.va_sample,2,705.891,
7967.4838,solve.va_sample,2,705.891,
7967.9840,solve.va_sample,2,705.891,
7968.4843,solve.va_sample,2,705.891,
7968.9845,solve.va_sample,2,705.891,
7969.4847,solve.va_sample,2,705.891,
7969.9850,solve.va_sample,2,705.891,
7970.4852,solve.va_sample,2,705.891,
7970.9854,solve.va_sample,2,705.891,
7971.4857,solve.va_sample,2,705.891,
7971.9859,solve.va_sample,2,705.891,
7972.4862,solve.va_sample,2,705.891,
7972.9864,solve.va_sample,2,705.891,
7973.4867,solve.va_sample,2,705.891,
7973.9870,solve.va_sample,2,705.891,
7974.4872,solve.va_sample,2,705.891,
7974.9875,solve.va_sample,2,705.891,
7975.4877,solve.va_sample,2,705.891,
7975.9880,solve.va_sample,2,705.891,
7976.4882,solve.va_sample,2,705.891,
7976.9885,solve.va_sample,2,705.891,
7977.4887,solve.va_sample,2,705.891,
7977.9890,solve.va_sample,2,705.891,
7978.4892,solve.va_sample,2,705.891,
7978.9895,solve.va_sample,2,705.891,
7979.4897,solve.va_sample,2,705.891,
7979.9899,solve.va_sample,2,705.891,
7980.4902,solve.va_sample,2,705.891,
7980.9905,solve.va_sample,2,705.891,
7981.4907,solve.va_sample,2,705.891,
7981.9910,solve.va_sample,2,705.891,
7982.4912,solve.va_sample,2,705.891,
7982.9915,solve.va_sample,2,705.891,
7983.4917,solve.va_sample,2,705.891,
7983.9920,solve.va_sample,2,705.891,
7984.4922,solve.va_sample,2,705.891,
7984.9924,solve.va_sample,2,705.891,
7985.4927,solve.va_sample,2,705.891,
7985.9929,solve.va_sample,2,705.891,
7986.4932,solve.va_sample,2,705.891,
7986.9934,solve.va_sample,2,705.891,
7987.4936,solve.va_sample,2,705.891,
7987.9939,solve.va_sample,2,705.891,
7988.4942,solve.va_sample,2,705.891,
7988.9944,solve.va_sample,2,705.891,
7989.4947,solve.va_sample,2,705.891,
7989.9949,solve.va_sample,2,705.891,
7990.4952,solve.va_sample,2,705.891,
7990.9954,solve.va_sample,2,705.891,
7991.4957,solve.va_sample,2,705.891,
7991.9959,solve.va_sample,2,705.891,
7992.4961,solve.va_sample,2,705.891,
7992.9964,solve.va_sample,2,705.891,
7993.4966,solve.va_sample,2,705.891,
7993.9968,solve.va_sample,2,705.891,
7994.4971,solve.va_sample,2,705.891,
7994.9973,solve.va_sample,2,705.891,
7995.4975,solve.va_sample,2,705.891,
7995.9978,solve.va_sample,2,705.891,
7996.4980,solve.va_sample,2,705.891,
7996.9982,solve.va_sample,2,705.891,
7997.4985,solve.va_sample,2,705.891,
7997.9987,solve.va_sample,2,705.891,
7998.4989,solve.va_sample,2,705.891,
7998.9992,solve.va_sample,2,705.891,
7999.4994,solve.va_sample,2,705.891,
7999.9997,solve.va_sample,2,705.891,
8000.4999,solve.va_sample,2,705.891,
8001.0001,solve.va_sample,2,705.891,
8001.5004,solve.va_sample,2,705.891,
8002.0006,solve.va_sample,2,705.891,
8002.5008,solve.va_sample,2,705.891,
8003.0010,solve.va_sample,2,705.891,
8003.5013,solve.va_sample,2,705.891,
8004.0015,solve.va_sample,2,705.891,
8004.5018,solve.va_sample,2,705.891,
8005.0020,solve.va_sample,2,705.891,
8005.5022,solve.va_sample,2,705.891,
8006.0025,solve.va_sample,2,705.891,
8006.5027,solve.va_sample,2,705.891,
8007.0030,solve.va_sample,2,705.891,
8007.5032,solve.va_sample,2,705.891,
8008.0034,solve.va_sample,2,705.891,
8008.5037,solve.va_sample,2,705.891,
8009.0039,solve.va_sample,2,705.891,
8009.5041,solve.va_sample,2,705.891,
8010.0044,solve.va_sample,2,705.891,
8010.5046,solve.va_sample,2,705.891,
8011.0048,solve.va_sample,2,705.891,
8011.5051,solve.va_sample,2,705.891,
8012.0053,solve.va_sample,2,705.891,
8012.5055,solve.va_sample,2,705.891,
8013.0058,solve.va_sample,2,705.891,
8013.5060,solve.va_sample,2,705.891,
8014.0062,solve.va_sample,2,705.891,
8014.5065,solve.va_sample,2,705.891,
8015.0067,solve.va_sample,2,705.891,
8015.5070,solve.va_sample,2,705.891,
8016.0072,solve.va_sample,2,705.891,
8016.5074,solve.va_sample,2,705.891,
8017.0077,solve.va_sample,2,705.891,
8017.5079,solve.va_sample,2,705.891,
8018.0081,solve.va_sample,2,705.891,
8018.5084,solve.va_sample,2,705.891,
8019.0086,solve.va_sample,2,705.891,
8019.5088,solve.va_sample,2,705.891,
8020.0091,solve.va_sample,2,705.891,
8020.5093,solve.va_sample,2,705.891,
8021.0096,solve.va_sample,2,705.891,
8021.5098,solve.va_sample,2,705.891,
8022.0100,solve.va_sample,2,705.891,
8022.5103,solve.va_sample,2,705.891,
8023.0105,solve.va_sample,2,705.891,
8023.5108,solve.va_sample,2,705.891,
8024.0110,solve.va_sample,2,705.891,
8024.5112,solve.va_sample,2,705.891,
8025.0115,solve.va_sample,2,705.891,
8025.5117,solve.va_sample,2,705.891,
8026.0120,solve.va_sample,2,705.891,
8026.5122,solve.va_sample,2,705.891,
8027.0124,solve.va_sample,2,705.891,
8027.5127,solve.va_sample,2,705.891,
8028.0129,solve.va_sample,2,705.891,
8028.5131,solve.va_sample,2,705.891,
8029.0134,solve.va_sample,2,705.891,
8029.5136,solve.va_sample,2,705.891,
8030.0138,solve.va_sample,2,705.891,
8030.5141,solve.va_sample,2,705.891,
8031.0143,solve.va_sample,2,705.891,
8031.5146,solve.va_sample,2,705.891,
8032.0148,solve.va_sample,2,705.891,
8032.5151,solve.va_sample,2,705.891,
8033.0153,solve.va_sample,2,705.891,
8033.5156,solve.va_sample,2,705.891,
8034.0159,solve.va_sample,2,705.891,
8034.5161,solve.va_sample,2,705.891,
8035.0164,solve.va_sample,2,705.891,
8035.5166,solve.va_sample,2,705.891,
8036.0169,solve.va_sample,2,705.891,
8036.5171,solve.va_sample,2,705.891,
8037.0174,solve.va_sample,2,705.891,
8037.5176,solve.va_sample,2,705.891,
8038.0178,solve.va_sample,2,705.891,
8038.5181,solve.va_sample,2,705.891,
8039.0183,solve.va_sample,2,705.891,
8039.5186,solve.va_sample,2,705.891,
8040.0188,solve.va_sample,2,705.891,
8040.5191,solve.va_sample,2,705.891,
8041.0193,solve.va_sample,2,705.891,
8041.5196,solve.va_sample,2,705.891,
8042.0198,solve.va_sample,2,705.891,
8042.5201,solve.va_sample,2,705.891,
8043.0203,solve.va_sample,2,705.891,
8043.5206,solve.va_sample,2,705.891,
8044.0208,solve.va_sample,2,705.891,
8044.5210,solve.va_sample,2,705.891,
8045.0213,solve.va_sample,2,705.891,
8045.5216,solve.va_sample,2,705.891,
8046.0218,solve.va_sample,2,705.891,
8046.5220,solve.va_sample,2,705.891,
8047.0223,solve.va_sample,2,705.891,
8047.5225,solve.va_sample,2,705.891,
8048.0228,solve.va_sample,2,705.891,
8048.5231,solve.va_sample,2,705.891,
8049.0234,solve.va_sample,2,705.891,
8049.5236,solve.va_sample,2,705.891,
8050.0239,solve.va_sample,2,705.891,
8050.5241,solve.va_sample,2,705.891,
8051.0244,solve.va_sample,2,705.891,
8051.5246,solve.va_sample,2,705.891,
8052.0248,solve.va_sample,2,705.891,
8052.5251,solve.va_sample,2,705.891,
8053.0254,solve.va_sample,2,705.891,
8053.5256,solve.va_sample,2,705.891,
8054.0258,solve.va_sample,2,705.891,
8054.5261,solve.va_sample,2,705.891,
8055.0263,solve.va_sample,2,705.891,
8055.5266,solve.va_sample,2,705.891,
8056.0268,solve.va_sample,2,705.891,
8056.5271,solve.va_sample,2,705.891,
8057.0273,solve.va_sample,2,705.891,
8057.5276,solve.va_sample,2,705.891,
8058.0278,solve.va_sample,2,705.891,
8058.5280,solve.va_sample,2,705.891,
8059.0283,solve.va_sample,2,705.891,
8059.5286,solve.va_sample,2,705.891,
8060.0288,solve.va_sample,2,705.891,
8060.5290,solve.va_sample,2,705.891,
8061.0293,solve.va_sample,2,705.891,
8061.5296,solve.va_sample,2,705.891,
8062.0298,solve.va_sample,2,705.891,
8062.5301,solve.va_sample,2,705.891,
8063.0304,solve.va_sample,2,705.891,
8063.5306,solve.va_sample,2,705.891,
8064.0308,solve.va_sample,2,705.891,
8064.5311,solve.va_sample,2,705.891,
8065.0314,solve.va_sample,2,705.891,
8065.5316,solve.va_sample,2,705.891,
8066.0319,solve.va_sample,2,705.891,
8066.5321,solve.va_sample,2,705.891,
8067.0324,solve.va_sample,2,705.891,
8067.5326,solve.va_sample,2,705.891,
8068.0329,solve.va_sample,2,705.891,
8068.5331,solve.va_sample,2,705.891,
8069.0333,solve.va_sample,2,705.891,
8069.5336,solve.va_sample,2,705.891,
8070.0338,solve.va_sample,2,705.891,
8070.5340,solve.va_sample,2,705.891,
8071.0343,solve.va_sample,2,705.891,
8071.5345,solve.va_sample,2,705.891,
8072.0347,solve.va_sample,2,705.891,
8072.5350,solve.va_sample,2,705.891,
8073.0352,solve.va_sample,2,705.891,
8073.5354,solve.va_sample,2,705.891,
8074.0357,solve.va_sample,2,705.891,
8074.5359,solve.va_sample,2,705.891,
8075.0361,solve.va_sample,2,705.891,
8075.5364,solve.va_sample,2,705.891,
8076.0366,solve.va_sample,2,705.891,
8076.5368,solve.va_sample,2,705.891,
8077.0371,solve.va_sample,2,705.891,
8077.5373,solve.va_sample,2,705.891,
8078.0376,solve.va_sample,2,705.891,
8078.5378,solve.va_sample,2,705.891,
8079.0380,solve.va_sample,2,705.891,
8079.5383,solve.va_sample,2,705.891,
8080.0385,solve.va_sample,2,705.891,
8080.5387,solve.va_sample,2,705.891,
8081.0389,solve.va_sample,2,705.891,
8081.5392,solve.va_sample,2,705.891,
8082.0394,solve.va_sample,2,705.891,
8082.5396,solve.va_sample,2,705.891,
8083.0399,solve.va_sample,2,705.891,
8083.5401,solve.va_sample,2,705.891,
8084.0404,solve.va_sample,2,705.891,
8084.5406,solve.va_sample,2,705.891,
8085.0408,solve.va_sample,2,705.891,
8085.5411,solve.va_sample,2,705.891,
8086.0413,solve.va_sample,2,705.891,
8086.5415,solve.va_sample,2,705.891,
8087.0418,solve.va_sample,2,705.891,
8087.5420,solve.va_sample,2,705.891,
8088.0422,solve.va_sample,2,705.891,
8088.5425,solve.va_sample,2,705.891,
8089.0427,solve.va_sample,2,705.891,
8089.5430,solve.va_sample,2,705.891,
8090.0432,solve.va_sample,2,705.891,
8090.5435,solve.va_sample,2,705.891,
8091.0437,solve.va_sample,2,705.891,
8091.5440,solve.va_sample,2,705.891,
8092.0442,solve.va_sample,2,705.891,
8092.5445,solve.va_sample,2,705.891,
8093.0448,solve.va_sample,2,705.891,
8093.5450,solve.va_sample,2,705.891,
8094.0453,solve.va_sample,2,705.891,
8094.5455,solve.va_sample,2,705.891,
8095.0458,solve.va_sample,2,705.891,
8095.5460,solve.va_sample,2,705.891,
8096.0463,solve.va_sample,2,705.891,
8096.5465,solve.va_sample,2,705.891,
8097.0468,solve.va_sample,2,705.891,
8097.5470,solve.va_sample,2,705.891,
8098.0473,solve.va_sample,2,705.891,
8098.5475,solve.va_sample,2,705.891,
8099.0477,solve.va_sample,2,705.891,
8099.5480,solve.va_sample,2,705.891,
8100.0482,solve.va_sample,2,705.891,
8100.5485,solve.va_sample,2,705.891,
8101.0487,solve.va_sample,2,705.891,
8101.5490,solve.va_sample,2,705.891,
8102.0492,solve.va_sample,2,705.891,
8102.5494,solve.va_sample,2,705.891,
8103.0497,solve.va_sample,2,705.891,
8103.5499,solve.va_sample,2,705.891,
8104.0501,solve.va_sample,2,705.891,
8104.5504,solve.va_sample,2,705.891,
8105.0506,solve.va_sample,2,705.891,
8105.5508,solve.va_sample,2,705.891,
8106.0511,solve.va_sample,2,705.891,
8106.5513,solve.va_sample,2,705.891,
8107.0515,solve.va_sample,2,705.891,
8107.5518,solve.va_sample,2,705.891,
8108.0520,solve.va_sample,2,705.891,
8108.5523,solve.va_sample,2,705.891,
8109.0525,solve.va_sample,2,705.891,
8109.5528,solve.va_sample,2,705.891,
8110.0530,solve.va_sample,2,705.891,
8110.5533,solve.va_sample,2,705.891,
8111.0535,solve.va_sample,2,705.891,
8111.5537,solve.va_sample,2,705.891,
8112.0540,solve.va_sample,2,705.891,
8112.5542,solve.va_sample,2,705.891,
8113.0544,solve.va_sample,2,705.891,
8113.5547,solve.va_sample,2,705.891,
8114.0549,solve.va_sample,2,705.891,
8114.5552,solve.va_sample,2,705.891,
8115.0554,solve.va_sample,2,705.891,
8115.5556,solve.va_sample,2,705.891,
8116.0559,solve.va_sample,2,705.891,
8116.5561,solve.va_sample,2,705.891,
8117.0564,solve.va_sample,2,705.891,
8117.5566,solve.va_sample,2,705.891,
8118.0569,solve.va_sample,2,705.891,
8118.5571,solve.va_sample,2,705.891,
8119.0573,solve.va_sample,2,705.891,
8119.5576,solve.va_sample,2,705.891,
8120.0578,solve.va_sample,2,705.891,
8120.5580,solve.va_sample,2,705.891,
8121.0583,solve.va_sample,2,705.891,
8121.5585,solve.va_sample,2,705.891,
8122.0588,solve.va_sample,2,705.891,
8122.5590,solve.va_sample,2,705.891,
8123.0592,solve.va_sample,2,705.891,
8123.5595,solve.va_sample,2,705.891,
8124.0597,solve.va_sample,2,705.891,
8124.5599,solve.va_sample,2,705.891,
8125.0602,solve.va_sample,2,705.891,
8125.5604,solve.va_sample,2,705.891,
8126.0607,solve.va_sample,2,705.891,
8126.5609,solve.va_sample,2,705.891,
8127.0611,solve.va_sample,2,705.891,
8127.5613,solve.va_sample,2,705.891,
8128.0616,solve.va_sample,2,705.891,
8128.5618,solve.va_sample,2,705.891,
8129.0620,solve.va_sample,2,705.891,
8129.5623,solve.va_sample,2,705.891,
8130.0625,solve.va_sample,2,705.891,
8130.5628,solve.va_sample,2,705.891,
8131.0630,solve.va_sample,2,705.891,
8131.5632,solve.va_sample,2,705.891,
8132.0635,solve.va_sample,2,705.891,
8132.5637,solve.va_sample,2,705.891,
8133.0640,solve.va_sample,2,705.891,
8133.5642,solve.va_sample,2,705.891,
8134.0644,solve.va_sample,2,705.891,
8134.5647,solve.va_sample,2,705.891,
8135.0649,solve.va_sample,2,705.891,
8135.5652,solve.va_sample,2,705.891,
8136.0654,solve.va_sample,2,705.891,
8136.5656,solve.va_sample,2,705.891,
8137.0659,solve.va_sample,2,705.891,
8137.5661,solve.va_sample,2,705.891,
8138.0663,solve.va_sample,2,705.891,
8138.5666,solve.va_sample,2,705.891,
8139.0668,solve.va_sample,2,705.891,
8139.5671,solve.va_sample,2,705.891,
8140.0673,solve.va_sample,2,705.891,
8140.5675,solve.va_sample,2,705.891,
8141.0678,solve.va_sample,2,705.891,
8141.5680,solve.va_sample,2,705.891,
8142.0683,solve.va_sample,2,705.891,
8142.5685,solve.va_sample,2,705.891,
8143.0688,solve.va_sample,2,705.891,
8143.5690,solve.va_sample,2,705.891,
8144.0692,solve.va_sample,2,705.891,
8144.5695,solve.va_sample,2,705.891,
8145.0697,solve.va_sample,2,705.891,
8145.5699,solve.va_sample,2,705.891,
8146.0702,solve.va_sample,2,705.891,
8146.5705,solve.va_sample,2,705.891,
8147.0707,solve.va_sample,2,705.891,
8147.5709,solve.va_sample,2,705.891,
8148.0712,solve.va_sample,2,705.891,
8148.5714,solve.va_sample,2,705.891,
8149.0717,solve.va_sample,2,705.891,
8149.5719,solve.va_sample,2,705.891,
8150.0721,solve.va_sample,2,705.891,
8150.5723,solve.va_sample,2,705.891,
8151.0726,solve.va_sample,2,705.891,
8151.5728,solve.va_sample,2,705.891,
8152.0731,solve.va_sample,2,705.891,
8152.5733,solve.va_sample,2,705.891,
8153.0736,solve.va_sample,2,705.891,
8153.5738,solve.va_sample,2,705.891,
8154.0741,solve.va_sample,2,705.891,
8154.5743,solve.va_sample,2,705.891,
8155.0746,solve.va_sample,2,705.891,
8155.5749,solve.va_sample,2,705.891,
8156.0751,solve.va_sample,2,705.891,
8156.5754,solve.va_sample,2,705.891,
8157.0756,solve.va_sample,2,705.891,
8157.5758,solve.va_sample,2,705.891,
8158.0761,solve.va_sample,2,705.891,
8158.5763,solve.va_sample,2,705.891,
8159.0766,solve.va_sample,2,705.891,
8159.5768,solve.va_sample,2,705.891,
8160.0771,solve.va_sample,2,706.148,
8160.5773,solve.va_sample,2,706.148,
8161.0776,solve.va_sample,2,706.148,
8161.5778,solve.va_sample,2,706.148,
8162.0781,solve.va_sample,2,706.148,
8162.5783,solve.va_sample,2,706.148,
8163.0786,solve.va_sample,2,706.148,
8163.5788,solve.va_sample,2,706.148,
8164.0791,solve.va_sample,2,706.148,
8164.5793,solve.va_sample,2,706.148,
8165.0796,solve.va_sample,2,706.148,
8165.5798,solve.va_sample,2,706.148,
8166.0800,solve.va_sample,2,706.148,
8166.5803,solve.va_sample,2,706.148,
8167.0805,solve.va_sample,2,706.148,
8167.5808,solve.va_sample,2,706.148,
8168.0810,solve.va_sample,2,706.148,
8168.5813,solve.va_sample,2,706.148,
8169.0816,solve.va_sample,2,706.148,
8169.5819,solve.va_sample,2,706.148,
8170.0821,solve.va_sample,2,706.148,
8170.5823,solve.va_sample,2,706.148,
8171.0826,solve.va_sample,2,706.148,
8171.5828,solve.va_sample,2,706.148,
8172.0831,solve.va_sample,2,706.148,
8172.5833,solve.va_sample,2,706.148,
8173.0836,solve.va_sample,2,706.148,
8173.5838,solve.va_sample,2,706.148,
8174.0840,solve.va_sample,2,706.148,
8174.5843,solve.va_sample,2,706.148,
8175.0845,solve.va_sample,2,706.148,
8175.5848,solve.va_sample,2,706.148,
8176.0850,solve.va_sample,2,706.148,
8176.5853,solve.va_sample,2,706.148,
8177.0855,solve.va_sample,2,706.148,
8177.5858,solve.va_sample,2,706.148,
8178.0860,solve.va_sample,2,706.148,
8178.5863,solve.va_sample,2,706.148,
8179.0865,solve.va_sample,2,706.148,
8179.5867,solve.va_sample,2,706.148,
8180.0870,solve.va_sample,2,706.148,
8180.5872,solve.va_sample,2,706.148,
8181.0875,solve.va_sample,2,706.148,
8181.5878,solve.va_sample,2,706.148,
8182.0880,solve.va_sample,2,706.148,
8182.5883,solve.va_sample,2,706.148,
8183.0885,solve.va_sample,2,706.148,
8183.5888,solve.va_sample,2,706.148,
8184.0890,solve.va_sample,2,706.148,
8184.5892,solve.va_sample,2,706.148,
8185.0895,solve.va_sample,2,706.148,
8185.5897,solve.va_sample,2,706.148,
8186.0900,solve.va_sample,2,706.148,
8186.5902,solve.va_sample,2,706.148,
8187.0905,solve.va_sample,2,706.148,
8187.5907,solve.va_sample,2,706.148,
8188.0909,solve.va_sample,2,706.148,
8188.5912,solve.va_sample,2,706.148,
8189.0914,solve.va_sample,2,706.148,
8189.5917,solve.va_sample,2,706.148,
8190.0919,solve.va_sample,2,706.148,
8190.5921,solve.va_sample,2,706.148,
8191.0924,solve.va_sample,2,706.148,
8191.5926,solve.va_sample,2,706.148,
8192.0928,solve.va_sample,2,706.148,
8192.5931,solve.va_sample,2,706.148,
8193.0933,solve.va_sample,2,706.148,
8193.5936,solve.va_sample,2,706.148,
8194.0938,solve.va_sample,2,706.148,
8194.5940,solve.va_sample,2,706.148,
8195.0943,solve.va_sample,2,706.148,
8195.5945,solve.va_sample,2,706.148,
8196.0948,solve.va_sample,2,706.148,
8196.5950,solve.va_sample,2,706.148,
8197.0952,solve.va_sample,2,706.148,
8197.5955,solve.va_sample,2,706.148,
8198.0957,solve.va_sample,2,706.148,
8198.5960,solve.va_sample,2,706.148,
8199.0963,solve.va_sample,2,706.148,
8199.5965,solve.va_sample,2,706.148,
8200.0968,solve.va_sample,2,706.148,
8200.5970,solve.va_sample,2,706.148,
8201.0973,solve.va_sample,2,706.148,
8201.5975,solve.va_sample,2,706.148,
8202.0977,solve.va_sample,2,706.148,
8202.5980,solve.va_sample,2,706.148,
8203.0982,solve.va_sample,2,706.148,
8203.5985,solve.va_sample,2,706.148,
8204.0987,solve.va_sample,2,706.148,
8204.5990,solve.va_sample,2,706.148,
8205.0993,solve.va_sample,2,706.148,
8205.5995,solve.va_sample,2,706.148,
8206.0998,solve.va_sample,2,706.148,
8206.6000,solve.va_sample,2,706.148,
8207.1003,solve.va_sample,2,706.148,
8207.6005,solve.va_sample,2,706.148,
8208.1008,solve.va_sample,2,706.148,
8208.6010,solve.va_sample,2,706.148,
8209.1012,solve.va_sample,2,706.148,
8209.6015,solve.va_sample,2,706.148,
8210.1017,solve.va_sample,2,706.148,
8210.6020,solve.va_sample,2,706.148,
8211.1022,solve.va_sample,2,706.148,
8211.6025,solve.va_sample,2,706.148,
8212.1027,solve.va_sample,2,706.148,
8212.6030,solve.va_sample,2,706.148,
8213.1033,solve.va_sample,2,706.148,
8213.6035,solve.va_sample,2,706.148,
8214.1038,solve.va_sample,2,706.148,
8214.6041,solve.va_sample,2,706.148,
8215.1043,solve.va_sample,2,706.148,
8215.6046,solve.va_sample,2,706.148,
8216.1048,solve.va_sample,2,706.148,
8216.6051,solve.va_sample,2,706.148,
8217.1053,solve.va_sample,2,706.148,
8217.6056,solve.va_sample,2,706.148,
8218.1058,solve.va_sample,2,706.148,
8218.6060,solve.va_sample,2,706.148,
8219.1063,solve.va_sample,2,706.148,
8219.6065,solve.va_sample,2,706.148,
8220.1068,solve.va_sample,2,706.148,
8220.6070,solve.va_sample,2,706.148,
8221.1072,solve.va_sample,2,706.148,
8221.6075,solve.va_sample,2,706.148,
8222.1077,solve.va_sample,2,706.148,
8222.6080,solve.va_sample,2,706.148,
8223.1082,solve.va_sample,2,706.148,
8223.6085,solve.va_sample,2,706.148,
8224.1087,solve.va_sample,2,706.148,
8224.6089,solve.va_sample,2,706.148,
8225.1092,solve.va_sample,2,706.148,
8225.6094,solve.va_sample,2,706.148,
8226.1097,solve.va_sample,2,706.148,
8226.6099,solve.va_sample,2,706.148,
8227.1101,solve.va_sample,2,706.148,
8227.6104,solve.va_sample,2,706.148,
8228.1106,solve.va_sample,2,706.148,
8228.6109,solve.va_sample,2,706.148,
8229.1111,solve.va_sample,2,706.148,
8229.6114,solve.va_sample,2,706.148,
8230.1116,solve.va_sample,2,706.148,
8230.6119,solve.va_sample,2,706.148,
8231.1121,solve.va_sample,2,706.148,
8231.6123,solve.va_sample,2,706.148,
8232.1126,solve.va_sample,2,706.148,
8232.6129,solve.va_sample,2,706.148,
8233.1131,solve.va_sample,2,706.148,
8233.6134,solve.va_sample,2,706.148,
8234.1136,solve.va_sample,2,706.148,
8234.6138,solve.va_sample,2,706.148,
8235.1141,solve.va_sample,2,706.148,
8235.6143,solve.va_sample,2,706.148,
8236.1146,solve.va_sample,2,706.148,
8236.6148,solve.va_sample,2,706.148,
8237.1151,solve.va_sample,2,706.148,
8237.6153,solve.va_sample,2,706.148,
8238.1156,solve.va_sample,2,706.148,
8238.6158,solve.va_sample,2,706.148,
8239.1160,solve.va_sample,2,706.148,
8239.6163,solve.va_sample,2,706.148,
8240.1165,solve.va_sample,2,706.148,
8240.6168,solve.va_sample,2,706.148,
8241.1170,solve.va_sample,2,706.148,
8241.6173,solve.va_sample,2,706.148,
8242.1175,solve.va_sample,2,706.148,
8242.6178,solve.va_sample,2,706.148,
8243.1181,solve.va_sample,2,706.148,
8243.6183,solve.va_sample,2,706.148,
8244.1186,solve.va_sample,2,706.148,
8244.6188,solve.va_sample,2,706.148,
8245.1191,solve.va_sample,2,706.148,
8245.6193,solve.va_sample,2,706.148,
8246.1196,solve.va_sample,2,706.148,
8246.6198,solve.va_sample,2,706.148,
8247.1201,solve.va_sample,2,706.148,
8247.6203,solve.va_sample,2,706.148,
8248.1206,solve.va_sample,2,706.148,
8248.6208,solve.va_sample,2,706.148,
8249.1211,solve.va_sample,2,706.148,
8249.6213,solve.va_sample,2,706.148,
8250.1216,solve.va_sample,2,706.148,
8250.6219,solve.va_sample,2,706.148,
8251.1221,solve.va_sample,2,706.148,
8251.6224,solve.va_sample,2,706.148,
8252.1226,solve.va_sample,2,706.148,
8252.6229,solve.va_sample,2,706.148,
8253.1232,solve.va_sample,2,706.148,
8253.6234,solve.va_sample,2,706.148,
8254.1237,solve.va_sample,2,706.148,
8254.6239,solve.va_sample,2,706.148,
8255.1242,solve.va_sample,2,706.148,
8255.6244,solve.va_sample,2,706.148,
8256.1247,solve.va_sample,2,706.148,
8256.6249,solve.va_sample,2,706.148,
8257.1252,solve.va_sample,2,706.148,
8257.6254,solve.va_sample,2,706.148,
8258.1257,solve.va_sample,2,706.148,
8258.6259,solve.va_sample,2,706.148,
8259.1262,solve.va_sample,2,706.148,
8259.6264,solve.va_sample,2,706.148,
8260.1267,solve.va_sample,2,706.148,
8260.6269,solve.va_sample,2,706.148,
8261.1272,solve.va_sample,2,706.148,
8261.6274,solve.va_sample,2,706.148,
8262.1277,solve.va_sample,2,706.148,
8262.6279,solve.va_sample,2,706.148,
8263.1282,solve.va_sample,2,706.148,
8263.6284,solve.va_sample,2,706.148,
8264.1286,solve.va_sample,2,706.148,
8264.6289,solve.va_sample,2,706.148,
8265.1291,solve.va_sample,2,706.148,
8265.6293,solve.va_sample,2,706.148,
8266.1296,solve.va_sample,2,706.148,
8266.6298,solve.va_sample,2,706.148,
8267.1301,solve.va_sample,2,706.148,
8267.6303,solve.va_sample,2,706.148,
8268.1305,solve.va_sample,2,706.148,
8268.6308,solve.va_sample,2,706.148,
8269.1310,solve.va_sample,2,706.148,
8269.6313,solve.va_sample,2,706.148,
8270.1315,solve.va_sample,2,706.148,
8270.6317,solve.va_sample,2,706.148,
8271.1320,solve.va_sample,2,706.148,
8271.6322,solve.va_sample,2,706.148,
8272.1325,solve.va_sample,2,706.148,
8272.6327,solve.va_sample,2,706.148,
8273.1330,solve.va_sample,2,706.148,
8273.6333,solve.va_sample,2,706.148,
8274.1335,solve.va_sample,2,706.148,
8274.6338,solve.va_sample,2,706.148,
8275.1340,solve.va_sample,2,706.148,
8275.6343,solve.va_sample,2,706.148,
8276.1345,solve.va_sample,2,706.148,
8276.6347,solve.va_sample,2,706.148,
8277.1350,solve.va_sample,2,706.148,
8277.6352,solve.va_sample,2,706.148,
8278.1355,solve.va_sample,2,706.148,
8278.6357,solve.va_sample,2,706.148,
8279.1359,solve.va_sample,2,706.148,
8279.6362,solve.va_sample,2,706.148,
8280.1365,solve.va_sample,2,706.148,
8280.6367,solve.va_sample,2,706.148,
8281.1369,solve.va_sample,2,706.148,
8281.6372,solve.va_sample,2,706.148,
8282.1374,solve.va_sample,2,706.148,
8282.6377,solve.va_sample,2,706.148,
8283.1379,solve.va_sample,2,706.148,
8283.6381,solve.va_sample,2,706.148,
8284.1384,solve.va_sample,2,706.148,
8284.6386,solve.va_sample,2,706.148,
8285.1388,solve.va_sample,2,706.148,
8285.6391,solve.va_sample,2,706.148,
8286.1393,solve.va_sample,2,706.148,
8286.6395,solve.va_sample,2,706.148,
8287.1398,solve.va_sample,2,706.148,
8287.6400,solve.va_sample,2,706.148,
8288.1403,solve.va_sample,2,706.148,
8288.6405,solve.va_sample,2,706.148,
8289.1408,solve.va_sample,2,706.148,
8289.6410,solve.va_sample,2,706.148,
8290.1412,solve.va_sample,2,706.148,
8290.6415,solve.va_sample,2,706.148,
8291.1417,solve.va_sample,2,706.148,
8291.6420,solve.va_sample,2,706.148,
8292.1422,solve.va_sample,2,706.148,
8292.6424,solve.va_sample,2,706.148,
8293.1427,solve.va_sample,2,706.148,
8293.6429,solve.va_sample,2,706.148,
8294.1431,solve.va_sample,2,706.148,
8294.6434,solve.va_sample,2,706.148,
8295.1436,solve.va_sample,2,706.148,
8295.6439,solve.va_sample,2,706.148,
8296.1441,solve.va_sample,2,706.148,
8296.6444,solve.va_sample,2,706.148,
8297.1446,solve.va_sample,2,706.148,
8297.6448,solve.va_sample,2,706.148,
8298.1451,solve.va_sample,2,706.148,
8298.6453,solve.va_sample,2,706.148,
8299.1455,solve.va_sample,2,706.148,
8299.6458,solve.va_sample,2,706.148,
8300.1460,solve.va_sample,2,706.148,
8300.6463,solve.va_sample,2,706.148,
8301.1466,solve.va_sample,2,706.148,
8301.6468,solve.va_sample,2,706.148,
8302.1470,solve.va_sample,2,706.148,
8302.6473,solve.va_sample,2,706.148,
8303.1476,solve.va_sample,2,706.148,
8303.6478,solve.va_sample,2,706.148,
8304.1481,solve.va_sample,2,706.148,
8304.6483,solve.va_sample,2,706.148,
8305.1486,solve.va_sample,2,706.148,
8305.6488,solve.va_sample,2,706.148,
8306.1490,solve.va_sample,2,706.148,
8306.6493,solve.va_sample,2,706.148,
8307.1495,solve.va_sample,2,706.148,
8307.6497,solve.va_sample,2,706.148,
8308.1500,solve.va_sample,2,706.148,
8308.6502,solve.va_sample,2,706.148,
8309.1505,solve.va_sample,2,706.148,
8309.6507,solve.va_sample,2,706.148,
8310.1509,solve.va_sample,2,706.148,
8310.6511,solve.va_sample,2,706.148,
8311.1514,solve.va_sample,2,706.148,
8311.6516,solve.va_sample,2,706.148,
8312.1519,solve.va_sample,2,706.148,
8312.6521,solve.va_sample,2,706.148,
8313.1523,solve.va_sample,2,706.148,
8313.6526,solve.va_sample,2,706.148,
8314.1528,solve.va_sample,2,706.148,
8314.6531,solve.va_sample,2,706.148,
8315.1533,solve.va_sample,2,706.148,
8315.6535,solve.va_sample,2,706.148,
8316.1538,solve.va_sample,2,706.148,
8316.6540,solve.va_sample,2,706.148,
8317.1543,solve.va_sample,2,706.148,
8317.6545,solve.va_sample,2,706.148,
8318.1547,solve.va_sample,2,706.148,
8318.6550,solve.va_sample,2,706.148,
8319.1552,solve.va_sample,2,706.148,
8319.6555,solve.va_sample,2,706.148,
8320.1557,solve.va_sample,2,706.148,
8320.6559,solve.va_sample,2,706.148,
8321.1562,solve.va_sample,2,706.148,
8321.6564,solve.va_sample,2,706.148,
8322.1567,solve.va_sample,2,706.148,
8322.6569,solve.va_sample,2,706.148,
8323.1572,solve.va_sample,2,706.148,
8323.6574,solve.va_sample,2,706.148,
8324.1577,solve.va_sample,2,706.148,
8324.6579,solve.va_sample,2,706.148,
8325.1581,solve.va_sample,2,706.148,
8325.6584,solve.va_sample,2,706.148,
8326.1586,solve.va_sample,2,706.148,
8326.6588,solve.va_sample,2,706.148,
8327.1591,solve.va_sample,2,706.148,
8327.6593,solve.va_sample,2,706.148,
8328.1596,solve.va_sample,2,706.148,
8328.6598,solve.va_sample,2,706.148,
8329.1600,solve.va_sample,2,706.148,
8329.6603,solve.va_sample,2,706.148,
8330.1605,solve.va_sample,2,706.148,
8330.6608,solve.va_sample,2,706.148,
8331.1610,solve.va_sample,2,706.148,
8331.6613,solve.va_sample,2,706.148,
8332.1615,solve.va_sample,2,706.148,
8332.6617,solve.va_sample,2,706.148,
8333.1620,solve.va_sample,2,706.148,
8333.6623,solve.va_sample,2,706.148,
8334.1625,solve.va_sample,2,706.148,
8334.6628,solve.va_sample,2,706.148,
8335.1630,solve.va_sample,2,706.148,
8335.6633,solve.va_sample,2,706.148,
8336.1635,solve.va_sample,2,706.148,
8336.6637,solve.va_sample,2,706.148,
8337.1640,solve.va_sample,2,706.148,
8337.6642,solve.va_sample,2,706.148,
8338.1645,solve.va_sample,2,706.148,
8338.6647,solve.va_sample,2,706.148,
8339.1650,solve.va_sample,2,706.148,
8339.6652,solve.va_sample,2,706.148,
8340.1655,solve.va_sample,2,706.148,
8340.6657,solve.va_sample,2,706.148,
8341.1659,solve.va_sample,2,706.148,
8341.6662,solve.va_sample,2,706.148,
8342.1664,solve.va_sample,2,706.148,
8342.6667,solve.va_sample,2,706.148,
8343.1669,solve.va_sample,2,706.148,
8343.6671,solve.va_sample,2,706.148,
8344.1674,solve.va_sample,2,706.148,
8344.6676,solve.va_sample,2,706.148,
8345.1678,solve.va_sample,2,706.148,
8345.6681,solve.va_sample,2,706.148,
8346.1683,solve.va_sample,2,706.148,
8346.6686,solve.va_sample,2,706.148,
8347.1688,solve.va_sample,2,706.148,
8347.6690,solve.va_sample,2,706.148,
8348.1693,solve.va_sample,2,706.148,
8348.6695,solve.va_sample,2,706.148,
8349.1698,solve.va_sample,2,706.148,
8349.6700,solve.va_sample,2,706.148,
8350.1702,solve.va_sample,2,706.148,
8350.6705,solve.va_sample,2,706.148,
8351.1707,solve.va_sample,2,706.148,
8351.6710,solve.va_sample,2,706.148,
8352.1712,solve.va_sample,2,706.148,
8352.6714,solve.va_sample,2,706.148,
8353.1717,solve.va_sample,2,706.148,
8353.6719,solve.va_sample,2,706.148,
8354.1721,solve.va_sample,2,706.148,
8354.6724,solve.va_sample,2,706.148,
8355.1727,solve.va_sample,2,706.148,
8355.6729,solve.va_sample,2,706.148,
8356.1732,solve.va_sample,2,706.148,
8356.6734,solve.va_sample,2,706.148,
8357.1737,solve.va_sample,2,706.148,
8357.6739,solve.va_sample,2,706.148,
8358.1741,solve.va_sample,2,706.148,
8358.6744,solve.va_sample,2,706.148,
8359.1746,solve.va_sample,2,706.148,
8359.6749,solve.va_sample,2,706.148,
8360.1752,solve.va_sample,2,706.148,
8360.6755,solve.va_sample,2,706.148,
8361.1757,solve.va_sample,2,706.148,
8361.6759,solve.va_sample,2,706.148,
8362.1762,solve.va_sample,2,706.148,
8362.6764,solve.va_sample,2,706.148,
8363.1767,solve.va_sample,2,706.148,
8363.6769,solve.va_sample,2,706.148,
8364.1772,solve.va_sample,2,706.148,
8364.6774,solve.va_sample,2,706.148,
8365.1777,solve.va_sample,2,706.148,
8365.6779,solve.va_sample,2,706.148,
8366.1782,solve.va_sample,2,706.148,
8366.6784,solve.va_sample,2,706.148,
8367.1786,solve.va_sample,2,706.148,
8367.6789,solve.va_sample,2,706.148,
8368.1791,solve.va_sample,2,706.148,
8368.6793,solve.va_sample,2,706.148,
8369.1796,solve.va_sample,2,706.148,
8369.6798,solve.va_sample,2,706.148,
8370.1801,solve.va_sample,2,706.148,
8370.6803,solve.va_sample,2,706.148,
8371.1805,solve.va_sample,2,706.148,
8371.6808,solve.va_sample,2,706.148,
8372.1810,solve.va_sample,2,706.148,
8372.6813,solve.va_sample,2,706.148,
8373.1815,solve.va_sample,2,706.148,
8373.6817,solve.va_sample,2,706.148,
8374.1820,solve.va_sample,2,706.148,
8374.6822,solve.va_sample,2,706.148,
8375.1825,solve.va_sample,2,706.148,
8375.6827,solve.va_sample,2,706.148,
8376.1829,solve.va_sample,2,706.148,
8376.6832,solve.va_sample,2,706.148,
8377.1834,solve.va_sample,2,706.148,
8377.6837,solve.va_sample,2,706.148,
8378.1839,solve.va_sample,2,706.148,
8378.6841,solve.va_sample,2,706.148,
8379.1844,solve.va_sample,2,706.148,
8379.6846,solve.va_sample,2,706.148,
8380.1848,solve.va_sample,2,706.148,
8380.6851,solve.va_sample,2,706.148,
8381.1853,solve.va_sample,2,706.148,
8381.6856,solve.va_sample,2,706.148,
8382.1858,solve.va_sample,2,706.148,
8382.6860,solve.va_sample,2,706.148,
8383.1863,solve.va_sample,2,706.148,
8383.6865,solve.va_sample,2,706.148,
8384.1867,solve.va_sample,2,706.148,
8384.6870,solve.va_sample,2,706.148,
8385.1872,solve.va_sample,2,706.148,
8385.6875,solve.va_sample,2,706.148,
8386.1877,solve.va_sample,2,706.148,
8386.6879,solve.va_sample,2,706.148,
8387.1882,solve.va_sample,2,706.148,
8387.6884,solve.va_sample,2,706.148,
8388.1886,solve.va_sample,2,706.148,
8388.6889,solve.va_sample,2,706.148,
8389.1891,solve.va_sample,2,706.148,
8389.6893,solve.va_sample,2,706.148,
8390.1896,solve.va_sample,2,706.148,
8390.6898,solve.va_sample,2,706.148,
8391.1901,solve.va_sample,2,706.148,
8391.6903,solve.va_sample,2,706.148,
8392.1905,solve.va_sample,2,706.148,
8392.6908,solve.va_sample,2,706.148,
8393.1910,solve.va_sample,2,706.148,
8393.6913,solve.va_sample,2,706.148,
8394.1915,solve.va_sample,2,706.148,
8394.6918,solve.va_sample,2,706.148,
8395.1920,solve.va_sample,2,706.148,
8395.6923,solve.va_sample,2,706.148,
8396.1925,solve.va_sample,2,706.148,
8396.6927,solve.va_sample,2,706.148,
8397.1930,solve.va_sample,2,706.148,
8397.6932,solve.va_sample,2,706.148,
8398.1935,solve.va_sample,2,706.148,
8398.6937,solve.va_sample,2,706.148,
8399.1940,solve.va_sample,2,706.148,
8399.6942,solve.va_sample,2,706.148,
8400.1944,solve.va_sample,2,706.148,
8400.6947,solve.va_sample,2,706.148,
8401.1949,solve.va_sample,2,706.148,
8401.6951,solve.va_sample,2,706.148,
8402.1954,solve.va_sample,2,706.148,
8402.6956,solve.va_sample,2,706.148,
8403.1959,solve.va_sample,2,706.148,
8403.6961,solve.va_sample,2,706.148,
8404.1963,solve.va_sample,2,706.148,
8404.6966,solve.va_sample,2,706.148,
8405.1968,solve.va_sample,2,706.148,
8405.6970,solve.va_sample,2,706.148,
8406.1973,solve.va_sample,2,706.148,
8406.6975,solve.va_sample,2,706.148,
8407.1978,solve.va_sample,2,706.148,
8407.6980,solve.va_sample,2,706.148,
8408.1983,solve.va_sample,2,706.148,
8408.6985,solve.va_sample,2,706.148,
8409.1988,solve.va_sample,2,706.148,
8409.6990,solve.va_sample,2,706.148,
8410.1993,solve.va_sample,2,706.148,
8410.6995,solve.va_sample,2,706.148,
8411.1997,solve.va_sample,2,706.148,
8411.6999,solve.va_sample,2,706.148,
8412.2002,solve.va_sample,2,706.148,
8412.7004,solve.va_sample,2,706.148,
8413.2007,solve.va_sample,2,706.148,
8413.7009,solve.va_sample,2,706.148,
8414.2011,solve.va_sample,2,706.148,
8414.7014,solve.va_sample,2,706.148,
8415.2016,solve.va_sample,2,706.148,
8415.7018,solve.va_sample,2,706.148,
8416.2021,solve.va_sample,2,706.148,
8416.7023,solve.va_sample,2,706.148,
8417.2026,solve.va_sample,2,706.148,
8417.7028,solve.va_sample,2,706.148,
8418.2030,solve.va_sample,2,706.148,
8418.7033,solve.va_sample,2,706.148,
8419.2035,solve.va_sample,2,706.148,
8419.7038,solve.va_sample,2,706.148,
8420.2040,solve.va_sample,2,706.148,
8420.7043,solve.va_sample,2,706.148,
8421.2045,solve.va_sample,2,706.148,
8421.7048,solve.va_sample,2,706.148,
8422.2050,solve.va_sample,2,706.148,
8422.7053,solve.va_sample,2,706.148,
8423.2055,solve.va_sample,2,706.148,
8423.7058,solve.va_sample,2,706.148,
8424.2060,solve.va_sample,2,706.148,
8424.7063,solve.va_sample,2,706.148,
8425.2065,solve.va_sample,2,706.148,
8425.7067,solve.va_sample,2,706.148,
8426.2070,solve.va_sample,2,706.148,
8426.7072,solve.va_sample,2,706.148,
8427.2075,solve.va_sample,2,706.148,
8427.7077,solve.va_sample,2,706.148,
8428.2080,solve.va_sample,2,706.148,
8428.7082,solve.va_sample,2,706.148,
8429.2084,solve.va_sample,2,706.148,
8429.7087,solve.va_sample,2,706.148,
8430.2089,solve.va_sample,2,706.148,
8430.7091,solve.va_sample,2,706.148,
8431.2094,solve.va_sample,2,706.148,
8431.7096,solve.va_sample,2,706.148,
8432.2099,solve.va_sample,2,706.148,
8432.7101,solve.va_sample,2,706.148,
8433.2103,solve.va_sample,2,706.148,
8433.7106,solve.va_sample,2,706.148,
8434.2108,solve.va_sample,2,706.148,
8434.7110,solve.va_sample,2,706.148,
8435.2113,solve.va_sample,2,706.148,
8435.7115,solve.va_sample,2,706.148,
8436.2118,solve.va_sample,2,706.148,
8436.7120,solve.va_sample,2,706.148,
8437.2123,solve.va_sample,2,706.148,
8437.7125,solve.va_sample,2,706.148,
8438.2127,solve.va_sample,2,706.148,
8438.7130,solve.va_sample,2,706.148,
8439.2132,solve.va_sample,2,706.148,
8439.7134,solve.va_sample,2,706.148,
8440.2137,solve.va_sample,2,706.148,
8440.7139,solve.va_sample,2,706.148,
8441.2142,solve.va_sample,2,706.148,
8441.7144,solve.va_sample,2,706.148,
8442.2147,solve.va_sample,2,706.148,
8442.7149,solve.va_sample,2,706.148,
8443.2151,solve.va_sample,2,706.148,
8443.7153,solve.va_sample,2,706.148,
8444.2156,solve.va_sample,2,706.148,
8444.7158,solve.va_sample,2,706.148,
8445.2161,solve.va_sample,2,706.148,
8445.7163,solve.va_sample,2,706.148,
8446.2165,solve.va_sample,2,706.148,
8446.7168,solve.va_sample,2,706.148,
8447.2170,solve.va_sample,2,706.148,
8447.7172,solve.va_sample,2,706.148,
8448.2175,solve.va_sample,2,706.148,
8448.7177,solve.va_sample,2,706.148,
8449.2180,solve.va_sample,2,706.148,
8449.7182,solve.va_sample,2,706.148,
8450.2185,solve.va_sample,2,706.148,
8450.7187,solve.va_sample,2,706.148,
8451.2189,solve.va_sample,2,706.148,
8451.7192,solve.va_sample,2,706.148,
8452.2194,solve.va_sample,2,706.148,
8452.7197,solve.va_sample,2,706.148,
8453.2199,solve.va_sample,2,706.148,
8453.7202,solve.va_sample,2,706.148,
8454.2205,solve.va_sample,2,706.148,
8454.7207,solve.va_sample,2,706.148,
8455.2209,solve.va_sample,2,706.148,
8455.7212,solve.va_sample,2,706.148,
8456.2215,solve.va_sample,2,706.148,
8456.7217,solve.va_sample,2,706.148,
8457.2219,solve.va_sample,2,706.148,
8457.7222,solve.va_sample,2,706.148,
8458.2224,solve.va_sample,2,706.148,
8458.7227,solve.va_sample,2,706.148,
8459.2229,solve.va_sample,2,706.148,
8459.7232,solve.va_sample,2,706.148,
8460.2235,solve.va_sample,2,706.148,
8460.7237,solve.va_sample,2,706.148,
8461.2239,solve.va_sample,2,706.148,
8461.7242,solve.va_sample,2,706.148,
8462.2244,solve.va_sample,2,706.148,
8462.7247,solve.va_sample,2,706.148,
8463.2249,solve.va_sample,2,706.148,
8463.7252,solve.va_sample,2,706.148,
8464.2254,solve.va_sample,2,706.148,
8464.7256,solve.va_sample,2,706.148,
8465.2259,solve.va_sample,2,706.148,
8465.7261,solve.va_sample,2,706.148,
8466.2263,solve.va_sample,2,706.148,
8466.7266,solve.va_sample,2,706.148,
8467.2268,solve.va_sample,2,706.148,
8467.7270,solve.va_sample,2,706.148,
8468.2273,solve.va_sample,2,706.148,
8468.7275,solve.va_sample,2,706.148,
8469.2278,solve.va_sample,2,706.148,
8469.7280,solve.va_sample,2,706.148,
8470.2283,solve.va_sample,2,706.148,
8470.7285,solve.va_sample,2,706.148,
8471.2287,solve.va_sample,2,706.148,
8471.7290,solve.va_sample,2,706.148,
8472.2292,solve.va_sample,2,706.148,
8472.7295,solve.va_sample,2,706.148,
8473.2297,solve.va_sample,2,706.148,
8473.7299,solve.va_sample,2,706.148,
8474.2302,solve.va_sample,2,706.148,
8474.7304,solve.va_sample,2,706.148,
8475.2307,solve.va_sample,2,706.148,
8475.7309,solve.va_sample,2,706.148,
8476.2312,solve.va_sample,2,706.148,
8476.7314,solve.va_sample,2,706.148,
8477.2316,solve.va_sample,2,706.148,
8477.7319,solve.va_sample,2,706.148,
8478.2321,solve.va_sample,2,706.148,
8478.7324,solve.va_sample,2,706.148,
8479.2326,solve.va_sample,2,706.148,
8479.7328,solve.va_sample,2,706.148,
8480.2331,solve.va_sample,2,706.148,
8480.7333,solve.va_sample,2,706.148,
8481.2336,solve.va_sample,2,706.148,
8481.7338,solve.va_sample,2,706.148,
8482.2340,solve.va_sample,2,706.148,
8482.7343,solve.va_sample,2,706.148,
8483.2345,solve.va_sample,2,706.148,
8483.7347,solve.va_sample,2,706.148,
8484.2350,solve.va_sample,2,706.148,
8484.7353,solve.va_sample,2,706.148,
8485.2355,solve.va_sample,2,706.148,
8485.7357,solve.va_sample,2,706.148,
8486.2360,solve.va_sample,2,706.148,
8486.7362,solve.va_sample,2,706.148,
8487.2365,solve.va_sample,2,706.148,
8487.7367,solve.va_sample,2,706.148,
8488.2369,solve.va_sample,2,706.148,
8488.7372,solve.va_sample,2,706.148,
8489.2374,solve.va_sample,2,706.148,
8489.7376,solve.va_sample,2,706.148,
8490.2379,solve.va_sample,2,706.148,
8490.7381,solve.va_sample,2,706.148,
8491.2384,solve.va_sample,2,706.148,
8491.7386,solve.va_sample,2,706.148,
8492.2388,solve.va_sample,2,706.148,
8492.7391,solve.va_sample,2,706.148,
8493.2393,solve.va_sample,2,706.148,
8493.7396,solve.va_sample,2,706.148,
8494.2398,solve.va_sample,2,706.148,
8494.7400,solve.va_sample,2,706.148,
8495.2403,solve.va_sample,2,706.148,
8495.7405,solve.va_sample,2,706.148,
8496.2408,solve.va_sample,2,706.148,
8496.7410,solve.va_sample,2,706.148,
8497.2412,solve.va_sample,2,706.148,
8497.7415,solve.va_sample,2,706.148,
8498.2417,solve.va_sample,2,706.148,
8498.7420,solve.va_sample,2,706.148,
8499.2422,solve.va_sample,2,706.148,
8499.7425,solve.va_sample,2,706.148,
8500.2427,solve.va_sample,2,706.148,
8500.7429,solve.va_sample,2,706.148,
8501.2432,solve.va_sample,2,706.148,
8501.7434,solve.va_sample,2,706.148,
8502.2437,solve.va_sample,2,706.148,
8502.7439,solve.va_sample,2,706.148,
8503.2441,solve.va_sample,2,706.148,
8503.7443,solve.va_sample,2,706.148,
8504.2446,solve.va_sample,2,706.148,
8504.7448,solve.va_sample,2,706.148,
8505.2450,solve.va_sample,2,706.148,
8505.7453,solve.va_sample,2,706.148,
8506.2455,solve.va_sample,2,706.148,
8506.7458,solve.va_sample,2,706.148,
8507.2460,solve.va_sample,2,706.148,
8507.7462,solve.va_sample,2,706.148,
8508.2465,solve.va_sample,2,706.148,
8508.7467,solve.va_sample,2,706.148,
8509.2469,solve.va_sample,2,706.148,
8509.7472,solve.va_sample,2,706.406,
8510.2474,solve.va_sample,2,706.406,
8510.7477,solve.va_sample,2,706.406,
8511.2479,solve.va_sample,2,706.406,
8511.7482,solve.va_sample,2,706.406,
8512.2484,solve.va_sample,2,706.406,
8512.7487,solve.va_sample,2,706.406,
8513.2490,solve.va_sample,2,706.406,
8513.7492,solve.va_sample,2,706.406,
8514.2495,solve.va_sample,2,706.406,
8514.7497,solve.va_sample,2,706.406,
8515.2500,solve.va_sample,2,706.406,
8515.7502,solve.va_sample,2,706.406,
8516.2505,solve.va_sample,2,706.406,
8516.7507,solve.va_sample,2,706.406,
8517.2510,solve.va_sample,2,706.406,
8517.7512,solve.va_sample,2,706.406,
8518.2515,solve.va_sample,2,706.406,
8518.7517,solve.va_sample,2,706.406,
8519.2520,solve.va_sample,2,706.406,
8519.7522,solve.va_sample,2,706.406,
8520.2525,solve.va_sample,2,706.406,
8520.7527,solve.va_sample,2,706.406,
8521.2529,solve.va_sample,2,706.406,
8521.7532,solve.va_sample,2,706.406,
8522.2534,solve.va_sample,2,706.406,
8522.7537,solve.va_sample,2,706.406,
8523.2540,solve.va_sample,2,706.406,
8523.7542,solve.va_sample,2,706.406,
8524.2545,solve.va_sample,2,706.406,
8524.7547,solve.va_sample,2,706.406,
8525.2550,solve.va_sample,2,706.406,
8525.7552,solve.va_sample,2,706.406,
8526.2554,solve.va_sample,2,706.406,
8526.7557,solve.va_sample,2,706.406,
8527.2559,solve.va_sample,2,706.406,
8527.7562,solve.va_sample,2,706.406,
8528.2564,solve.va_sample,2,706.406,
8528.7567,solve.va_sample,2,706.406,
8529.2569,solve.va_sample,2,706.406,
8529.7571,solve.va_sample,2,706.406,
8530.2574,solve.va_sample,2,706.406,
8530.7576,solve.va_sample,2,706.406,
8531.2579,solve.va_sample,2,706.406,
8531.7582,solve.va_sample,2,706.406,
8532.2584,solve.va_sample,2,706.406,
8532.7587,solve.va_sample,2,706.406,
8533.2589,solve.va_sample,2,706.406,
8533.7591,solve.va_sample,2,706.406,
8534.2594,solve.va_sample,2,706.406,
8534.7596,solve.va_sample,2,706.406,
8535.2599,solve.va_sample,2,706.406,
8535.7601,solve.va_sample,2,706.406,
8536.2603,solve.va_sample,2,706.406,
8536.7606,solve.va_sample,2,706.406,
8537.2608,solve.va_sample,2,706.406,
8537.7611,solve.va_sample,2,706.406,
8538.2613,solve.va_sample,2,706.406,
8538.7615,solve.va_sample,2,706.406,
8539.2618,solve.va_sample,2,706.406,
8539.7620,solve.va_sample,2,706.406,
8540.2623,solve.va_sample,2,706.406,
8540.7625,solve.va_sample,2,706.406,
8541.2628,solve.va_sample,2,706.406,
8541.7630,solve.va_sample,2,706.406,
8542.2633,solve.va_sample,2,706.406,
8542.7635,solve.va_sample,2,706.406,
8543.2638,solve.va_sample,2,706.406,
8543.7640,solve.va_sample,2,706.406,
8544.2643,solve.va_sample,2,706.406,
8544.7645,solve.va_sample,2,706.406,
8545.2647,solve.va_sample,2,706.406,
8545.7650,solve.va_sample,2,706.406,
8546.2652,solve.va_sample,2,706.406,
8546.7654,solve.va_sample,2,706.406,
8547.2657,solve.va_sample,2,706.406,
8547.7659,solve.va_sample,2,706.406,
8548.2662,solve.va_sample,2,706.406,
8548.7664,solve.va_sample,2,706.406,
8549.2666,solve.va_sample,2,706.406,
8549.7669,solve.va_sample,2,706.406,
8550.2671,solve.va_sample,2,706.406,
8550.7674,solve.va_sample,2,706.406,
8551.2676,solve.va_sample,2,706.406,
8551.7678,solve.va_sample,2,706.406,
8552.2681,solve.va_sample,2,706.406,
8552.7683,solve.va_sample,2,706.406,
8553.2686,solve.va_sample,2,706.406,
8553.7688,solve.va_sample,2,706.406,
8554.2690,solve.va_sample,2,706.406,
8554.7693,solve.va_sample,2,706.406,
8555.2695,solve.va_sample,2,706.406,
8555.7698,solve.va_sample,2,706.406,
8556.2700,solve.va_sample,2,706.406,
8556.7702,solve.va_sample,2,706.406,
8557.2705,solve.va_sample,2,706.406,
8557.7707,solve.va_sample,2,706.406,
8558.2709,solve.va_sample,2,706.406,
8558.7712,solve.va_sample,2,706.406,
8559.2714,solve.va_sample,2,706.406,
8559.7717,solve.va_sample,2,706.406,
8560.2719,solve.va_sample,2,706.406,
8560.7721,solve.va_sample,2,706.406,
8561.2724,solve.va_sample,2,706.406,
8561.7726,solve.va_sample,2,706.406,
8562.2729,solve.va_sample,2,706.406,
8562.7731,solve.va_sample,2,706.406,
8563.2733,solve.va_sample,2,706.406,
8563.7736,solve.va_sample,2,706.406,
8564.2739,solve.va_sample,2,706.406,
8564.7741,solve.va_sample,2,706.406,
8565.2744,solve.va_sample,2,706.406,
8565.7746,solve.va_sample,2,706.406,
8566.2749,solve.va_sample,2,706.406,
8566.7751,solve.va_sample,2,706.406,
8567.2754,solve.va_sample,2,706.406,
8567.7756,solve.va_sample,2,706.406,
8568.2758,solve.va_sample,2,706.406,
8568.7761,solve.va_sample,2,706.406,
8569.2763,solve.va_sample,2,706.406,
8569.7766,solve.va_sample,2,706.406,
8570.2768,solve.va_sample,2,706.406,
8570.7770,solve.va_sample,2,706.406,
8571.2773,solve.va_sample,2,706.406,
8571.7775,solve.va_sample,2,706.406,
8572.2778,solve.va_sample,2,706.406,
8572.7780,solve.va_sample,2,706.406,
8573.2783,solve.va_sample,2,706.406,
8573.7785,solve.va_sample,2,706.406,
8574.2788,solve.va_sample,2,706.406,
8574.7790,solve.va_sample,2,706.406,
8575.2793,solve.va_sample,2,706.406,
8575.7795,solve.va_sample,2,706.406,
8576.2798,solve.va_sample,2,706.406,
8576.7800,solve.va_sample,2,706.406,
8577.2803,solve.va_sample,2,706.406,
8577.7805,solve.va_sample,2,706.406,
8578.2807,solve.va_sample,2,706.406,
8578.7810,solve.va_sample,2,706.406,
8579.2812,solve.va_sample,2,706.406,
8579.7815,solve.va_sample,2,706.406,
8580.2817,solve.va_sample,2,706.406,
8580.7819,solve.va_sample,2,706.406,
8581.2822,solve.va_sample,2,706.406,
8581.7824,solve.va_sample,2,706.406,
8582.2827,solve.va_sample,2,706.406,
8582.7829,solve.va_sample,2,706.406,
8583.2831,solve.va_sample,2,706.406,
8583.7834,solve.va_sample,2,706.406,
8584.2836,solve.va_sample,2,706.406,
8584.7839,solve.va_sample,2,706.406,
8585.2841,solve.va_sample,2,706.406,
8585.7843,solve.va_sample,2,706.406,
8586.2846,solve.va_sample,2,706.406,
8586.7848,solve.va_sample,2,706.406,
8587.2851,solve.va_sample,2,706.406,
8587.7853,solve.va_sample,2,706.406,
8588.2855,solve.va_sample,2,706.406,
8588.7858,solve.va_sample,2,706.406,
8589.2860,solve.va_sample,2,706.406,
8589.7863,solve.va_sample,2,706.406,
8590.2865,solve.va_sample,2,706.406,
8590.7867,solve.va_sample,2,706.406,
8591.2870,solve.va_sample,2,706.406,
8591.7872,solve.va_sample,2,706.406,
8592.2875,solve.va_sample,2,706.406,
8592.7877,solve.va_sample,2,706.406,
8593.2879,solve.va_sample,2,706.406,
8593.7882,solve.va_sample,2,706.406,
8594.2884,solve.va_sample,2,706.406,
8594.7887,solve.va_sample,2,706.406,
8595.2889,solve.va_sample,2,706.406,
8595.7891,solve.va_sample,2,706.406,
8596.2894,solve.va_sample,2,706.406,
8596.7896,solve.va_sample,2,706.406,
8597.2898,solve.va_sample,2,706.406,
8597.7901,solve.va_sample,2,706.406,
8598.2903,solve.va_sample,2,706.406,
8598.7906,solve.va_sample,2,706.406,
8599.2908,solve.va_sample,2,706.406,
8599.7910,solve.va_sample,2,706.406,
8600.2913,solve.va_sample,2,706.406,
8600.7915,solve.va_sample,2,706.406,
8601.2917,solve.va_sample,2,706.406,
8601.7920,solve.va_sample,2,706.406,
8602.2922,solve.va_sample,2,706.406,
8602.7924,solve.va_sample,2,706.406,
8603.2927,solve.va_sample,2,706.406,
8603.7929,solve.va_sample,2,706.406,
8604.2932,solve.va_sample,2,706.406,
8604.7934,solve.va_sample,2,706.406,
8605.2936,solve.va_sample,2,706.406,
8605.7939,solve.va_sample,2,706.406,
8606.2941,solve.va_sample,2,706.406,
8606.7944,solve.va_sample,2,706.406,
8607.2946,solve.va_sample,2,706.406,
8607.7948,solve.va_sample,2,706.406,
8608.2951,solve.va_sample,2,706.406,
8608.7953,solve.va_sample,2,706.406,
8609.2955,solve.va_sample,2,706.406,
8609.7958,solve.va_sample,2,706.406,
8610.2960,solve.va_sample,2,706.406,
8610.7963,solve.va_sample,2,706.406,
8611.2965,solve.va_sample,2,706.406,
8611.7967,solve.va_sample,2,706.406,
8612.2970,solve.va_sample,2,706.406,
8612.7972,solve.va_sample,2,706.406,
8613.2975,solve.va_sample,2,706.406,
8613.7977,solve.va_sample,2,706.406,
8614.2979,solve.va_sample,2,706.406,
8614.7982,solve.va_sample,2,706.406,
8615.2984,solve.va_sample,2,706.406,
8615.7987,solve.va_sample,2,706.406,
8616.2989,solve.va_sample,2,706.406,
8616.7992,solve.va_sample,2,706.406,
8617.2994,solve.va_sample,2,706.406,
8617.7997,solve.va_sample,2,706.406,
8618.2999,solve.va_sample,2,706.406,
8618.8002,solve.va_sample,2,706.406,
8619.3004,solve.va_sample,2,706.406,
8619.8007,solve.va_sample,2,706.406,
8620.3009,solve.va_sample,2,706.406,
8620.8011,solve.va_sample,2,706.406,
8621.3014,solve.va_sample,2,706.406,
8621.8016,solve.va_sample,2,706.406,
8622.3018,solve.va_sample,2,706.406,
8622.8021,solve.va_sample,2,706.406,
8623.3023,solve.va_sample,2,706.406,
8623.8025,solve.va_sample,2,706.406,
8624.3028,solve.va_sample,2,706.406,
8624.8030,solve.va_sample,2,706.406,
8625.3033,solve.va_sample,2,706.406,
8625.8035,solve.va_sample,2,706.406,
8626.3037,solve.va_sample,2,706.406,
8626.8040,solve.va_sample,2,706.406,
8627.3042,solve.va_sample,2,706.406,
8627.8045,solve.va_sample,2,706.406,
8628.3047,solve.va_sample,2,706.406,
8628.8049,solve.va_sample,2,706.406,
8629.3052,solve.va_sample,2,706.406,
8629.8054,solve.va_sample,2,706.406,
8630.3057,solve.va_sample,2,706.406,
8630.8059,solve.va_sample,2,706.406,
8631.3061,solve.va_sample,2,706.406,
8631.8063,solve.va_sample,2,706.406,
8632.3066,solve.va_sample,2,706.406,
8632.8068,solve.va_sample,2,706.406,
8633.3071,solve.va_sample,2,706.406,
8633.8073,solve.va_sample,2,706.406,
8634.3076,solve.va_sample,2,706.406,
8634.8078,solve.va_sample,2,706.406,
8635.3080,solve.va_sample,2,706.406,
8635.8083,solve.va_sample,2,706.406,
8636.3085,solve.va_sample,2,706.406,
8636.8088,solve.va_sample,2,706.406,
8637.3090,solve.va_sample,2,706.406,
8637.8092,solve.va_sample,2,706.406,
8638.3095,solve.va_sample,2,706.406,
8638.8097,solve.va_sample,2,706.406,
8639.3099,solve.va_sample,2,706.406,
8639.8102,solve.va_sample,2,706.406,
8640.3104,solve.va_sample,2,706.406,
8640.8106,solve.va_sample,2,706.406,
8641.3109,solve.va_sample,2,706.406,
8641.8111,solve.va_sample,2,706.406,
8642.3113,solve.va_sample,2,706.406,
8642.8116,solve.va_sample,2,706.406,
8643.3118,solve.va_sample,2,706.406,
8643.8120,solve.va_sample,2,706.406,
8644.3122,solve.va_sample,2,706.406,
8644.8125,solve.va_sample,2,706.406,
8645.3127,solve.va_sample,2,706.406,
8645.8129,solve.va_sample,2,706.406,
8646.3132,solve.va_sample,2,706.406,
8646.8134,solve.va_sample,2,706.406,
8647.3136,solve.va_sample,2,706.406,
8647.8139,solve.va_sample,2,706.406,
8648.3141,solve.va_sample,2,706.406,
8648.8143,solve.va_sample,2,706.406,
8649.3146,solve.va_sample,2,706.406,
8649.8148,solve.va_sample,2,706.406,
8650.3150,solve.va_sample,2,706.406,
8650.8153,solve.va_sample,2,706.406,
8651.3155,solve.va_sample,2,706.406,
8651.8157,solve.va_sample,2,706.406,
8652.3160,solve.va_sample,2,706.406,
8652.8162,solve.va_sample,2,706.406,
8653.3165,solve.va_sample,2,706.406,
8653.8167,solve.va_sample,2,706.406,
8654.3169,solve.va_sample,2,706.406,
8654.8172,solve.va_sample,2,706.406,
8655.3174,solve.va_sample,2,706.406,
8655.8176,solve.va_sample,2,706.406,
8656.3179,solve.va_sample,2,706.406,
8656.8181,solve.va_sample,2,706.406,
8657.3183,solve.va_sample,2,706.406,
8657.8186,solve.va_sample,2,706.406,
8658.3188,solve.va_sample,2,706.406,
8658.8190,solve.va_sample,2,706.406,
8659.3193,solve.va_sample,2,706.406,
8659.8195,solve.va_sample,2,706.406,
8660.3197,solve.va_sample,2,706.406,
8660.8200,solve.va_sample,2,706.406,
8661.3202,solve.va_sample,2,706.406,
8661.8204,solve.va_sample,2,706.406,
8662.3207,solve.va_sample,2,706.406,
8662.8209,solve.va_sample,2,706.406,
8663.3211,solve.va_sample,2,706.406,
8663.8214,solve.va_sample,2,706.406,
8664.3216,solve.va_sample,2,706.406,
8664.8218,solve.va_sample,2,706.406,
8665.3221,solve.va_sample,2,706.406,
8665.8223,solve.va_sample,2,706.406,
8666.3225,solve.va_sample,2,706.406,
8666.8227,solve.va_sample,2,706.406,
8667.3230,solve.va_sample,2,706.406,
8667.8232,solve.va_sample,2,706.406,
8668.3235,solve.va_sample,2,706.406,
8668.8237,solve.va_sample,2,706.406,
8669.3240,solve.va_sample,2,706.406,
8669.8242,solve.va_sample,2,706.406,
8670.3244,solve.va_sample,2,706.406,
8670.8247,solve.va_sample,2,706.406,
8671.3249,solve.va_sample,2,706.406,
8671.8251,solve.va_sample,2,706.406,
8672.3254,solve.va_sample,2,706.406,
8672.8256,solve.va_sample,2,706.406,
8673.3259,solve.va_sample,2,706.406,
8673.8261,solve.va_sample,2,706.406,
8674.3263,solve.va_sample,2,706.406,
8674.8266,solve.va_sample,2,706.406,
8675.3268,solve.va_sample,2,706.406,
8675.8270,solve.va_sample,2,706.406,
8676.3273,solve.va_sample,2,706.406,
8676.8275,solve.va_sample,2,706.406,
8677.3277,solve.va_sample,2,706.406,
8677.8280,solve.va_sample,2,706.406,
8678.3282,solve.va_sample,2,706.406,
8678.8284,solve.va_sample,2,706.406,
8679.3287,solve.va_sample,2,706.406,
8679.8289,solve.va_sample,2,706.406,
8680.3292,solve.va_sample,2,706.406,
8680.8294,solve.va_sample,2,706.406,
8681.3296,solve.va_sample,2,706.406,
8681.8299,solve.va_sample,2,706.406,
8682.3301,solve.va_sample,2,706.406,
8682.8303,solve.va_sample,2,706.406,
8683.3306,solve.va_sample,2,706.406,
8683.8308,solve.va_sample,2,706.406,
8684.3310,solve.va_sample,2,706.406,
8684.8313,solve.va_sample,2,706.406,
8685.3315,solve.va_sample,2,706.406,
8685.8317,solve.va_sample,2,706.406,
8686.3320,solve.va_sample,2,706.406,
8686.8322,solve.va_sample,2,706.406,
8687.3324,solve.va_sample,2,706.406,
8687.8327,solve.va_sample,2,706.406,
8688.3329,solve.va_sample,2,706.406,
8688.8331,solve.va_sample,2,706.406,
8689.3333,solve.va_sample,2,706.406,
8689.8336,solve.va_sample,2,706.406,
8690.3338,solve.va_sample,2,706.406,
8690.8340,solve.va_sample,2,706.406,
8691.3342,solve.va_sample,2,706.406,
8691.8345,solve.va_sample,2,706.406,
8692.3347,solve.va_sample,2,706.406,
8692.8349,solve.va_sample,2,706.406,
8693.3352,solve.va_sample,2,706.406,
8693.8355,solve.va_sample,2,706.406,
8694.3357,solve.va_sample,2,706.406,
8694.8359,solve.va_sample,2,706.406,
8695.3362,solve.va_sample,2,706.406,
8695.8364,solve.va_sample,2,706.406,
8696.3366,solve.va_sample,2,706.406,
8696.8369,solve.va_sample,2,706.406,
8697.3371,solve.va_sample,2,706.406,
8697.8373,solve.va_sample,2,706.406,
8698.3376,solve.va_sample,2,706.406,
8698.8378,solve.va_sample,2,706.406,
8699.3380,solve.va_sample,2,706.406,
8699.8383,solve.va_sample,2,706.406,
8700.3385,solve.va_sample,2,706.406,
8700.8387,solve.va_sample,2,706.406,
8701.3390,solve.va_sample,2,706.406,
8701.8392,solve.va_sample,2,706.406,
8702.3394,solve.va_sample,2,706.406,
8702.8397,solve.va_sample,2,706.406,
8703.3399,solve.va_sample,2,706.406,
8703.8401,solve.va_sample,2,706.406,
8704.3404,solve.va_sample,2,706.406,
8704.8406,solve.va_sample,2,706.406,
8705.3408,solve.va_sample,2,706.406,
8705.8411,solve.va_sample,2,706.406,
8706.3413,solve.va_sample,2,706.406,
8706.8415,solve.va_sample,2,706.406,
8707.3418,solve.va_sample,2,706.406,
8707.8420,solve.va_sample,2,706.406,
8708.3422,solve.va_sample,2,706.406,
8708.8425,solve.va_sample,2,706.406,
8709.3427,solve.va_sample,2,706.406,
8709.8429,solve.va_sample,2,706.406,
8710.3432,solve.va_sample,2,706.406,
8710.8434,solve.va_sample,2,706.406,
8711.3436,solve.va_sample,2,706.406,
8711.8439,solve.va_sample,2,706.406,
8712.3441,solve.va_sample,2,706.406,
8712.8443,solve.va_sample,2,706.406,
8713.3446,solve.va_sample,2,706.406,
8713.8448,solve.va_sample,2,706.406,
8714.3450,solve.va_sample,2,706.406,
8714.8453,solve.va_sample,2,706.406,
8715.3455,solve.va_sample,2,706.406,
8715.8457,solve.va_sample,2,706.406,
8716.3460,solve.va_sample,2,706.406,
8716.8462,solve.va_sample,2,706.406,
8717.3464,solve.va_sample,2,706.406,
8717.8467,solve.va_sample,2,706.406,
8718.3469,solve.va_sample,2,706.406,
8718.8471,solve.va_sample,2,706.406,
8719.3474,solve.va_sample,2,706.406,
8719.8476,solve.va_sample,2,706.406,
8720.3479,solve.va_sample,2,706.406,
8720.8481,solve.va_sample,2,706.406,
8721.3484,solve.va_sample,2,706.406,
8721.8486,solve.va_sample,2,706.406,
8722.3488,solve.va_sample,2,706.406,
8722.8491,solve.va_sample,2,706.406,
8723.3493,solve.va_sample,2,706.406,
8723.8496,solve.va_sample,2,706.406,
8724.3498,solve.va_sample,2,706.406,
8724.8500,solve.va_sample,2,706.406,
8725.3503,solve.va_sample,2,706.406,
8725.8505,solve.va_sample,2,706.406,
8726.3507,solve.va_sample,2,706.406,
8726.8510,solve.va_sample,2,706.406,
8727.3512,solve.va_sample,2,706.406,
8727.8514,solve.va_sample,2,706.406,
8728.3517,solve.va_sample,2,706.406,
8728.8519,solve.va_sample,2,706.406,
8729.3522,solve.va_sample,2,706.406,
8729.8524,solve.va_sample,2,706.406,
8730.3527,solve.va_sample,2,706.406,
8730.8529,solve.va_sample,2,706.406,
8731.3531,solve.va_sample,2,706.406,
8731.8533,solve.va_sample,2,706.406,
8732.3536,solve.va_sample,2,706.406,
8732.8538,solve.va_sample,2,706.406,
8733.3540,solve.va_sample,2,706.406,
8733.8543,solve.va_sample,2,706.406,
8734.3545,solve.va_sample,2,706.406,
8734.8547,solve.va_sample,2,706.406,
8735.3550,solve.va_sample,2,706.406,
8735.8552,solve.va_sample,2,706.406,
8736.3554,solve.va_sample,2,706.406,
8736.8557,solve.va_sample,2,706.406,
8737.3559,solve.va_sample,2,706.406,
8737.8561,solve.va_sample,2,706.406,
8738.3564,solve.va_sample,2,706.406,
8738.8566,solve.va_sample,2,706.406,
8739.3568,solve.va_sample,2,706.406,
8739.8571,solve.va_sample,2,706.406,
8740.3573,solve.va_sample,2,706.406,
8740.8576,solve.va_sample,2,706.406,
8741.3578,solve.va_sample,2,706.406,
8741.8580,solve.va_sample,2,706.406,
8742.3583,solve.va_sample,2,706.406,
8742.8585,solve.va_sample,2,706.406,
8743.3587,solve.va_sample,2,706.406,
8743.8590,solve.va_sample,2,706.406,
8744.3592,solve.va_sample,2,706.406,
8744.8594,solve.va_sample,2,706.406,
8745.3597,solve.va_sample,2,706.406,
8745.8599,solve.va_sample,2,706.406,
8746.3601,solve.va_sample,2,706.406,
8746.8604,solve.va_sample,2,706.406,
8747.3606,solve.va_sample,2,706.406,
8747.8609,solve.va_sample,2,706.406,
8748.3611,solve.va_sample,2,706.406,
8748.8613,solve.va_sample,2,706.406,
8749.3616,solve.va_sample,2,706.406,
8749.8618,solve.va_sample,2,706.406,
8750.3620,solve.va_sample,2,706.406,
8750.8623,solve.va_sample,2,706.406,
8751.3625,solve.va_sample,2,706.406,
8751.8627,solve.va_sample,2,706.406,
8752.3630,solve.va_sample,2,706.406,
8752.8632,solve.va_sample,2,706.406,
8753.3635,solve.va_sample,2,706.406,
8753.8637,solve.va_sample,2,706.406,
8754.3640,solve.va_sample,2,706.406,
8754.8642,solve.va_sample,2,706.406,
8755.3645,solve.va_sample,2,706.406,
8755.8647,solve.va_sample,2,706.406,
8756.3649,solve.va_sample,2,706.406,
8756.8652,solve.va_sample,2,706.406,
8757.3654,solve.va_sample,2,706.406,
8757.8656,solve.va_sample,2,706.406,
8758.3659,solve.va_sample,2,706.406,
8758.8661,solve.va_sample,2,706.406,
8759.3663,solve.va_sample,2,706.406,
8759.8666,solve.va_sample,2,706.406,
8760.3668,solve.va_sample,2,706.406,
8760.8670,solve.va_sample,2,706.406,
8761.3673,solve.va_sample,2,706.406,
8761.8675,solve.va_sample,2,706.406,
8762.3677,solve.va_sample,2,706.406,
8762.8680,solve.va_sample,2,706.406,
8763.3682,solve.va_sample,2,706.406,
8763.8685,solve.va_sample,2,706.406,
8764.3687,solve.va_sample,2,706.406,
8764.8689,solve.va_sample,2,706.406,
8765.3692,solve.va_sample,2,706.406,
8765.8694,solve.va_sample,2,706.406,
8766.3696,solve.va_sample,2,706.406,
8766.8699,solve.va_sample,2,706.406,
8767.3701,solve.va_sample,2,706.406,
8767.8704,solve.va_sample,2,706.406,
8768.3706,solve.va_sample,2,706.406,
8768.8708,solve.va_sample,2,706.406,
8769.3711,solve.va_sample,2,706.406,
8769.8713,solve.va_sample,2,706.406,
8770.3715,solve.va_sample,2,706.406,
8770.8718,solve.va_sample,2,706.406,
8771.3720,solve.va_sample,2,706.406,
8771.8722,solve.va_sample,2,706.406,
8772.3725,solve.va_sample,2,706.406,
8772.8727,solve.va_sample,2,706.406,
8773.3730,solve.va_sample,2,706.406,
8773.8732,solve.va_sample,2,706.406,
8774.3734,solve.va_sample,2,706.406,
8774.8737,solve.va_sample,2,706.406,
8775.3739,solve.va_sample,2,706.406,
8775.8741,solve.va_sample,2,706.406,
8776.3744,solve.va_sample,2,706.406,
8776.8746,solve.va_sample,2,706.406,
8777.3748,solve.va_sample,2,706.406,
8777.8751,solve.va_sample,2,706.406,
8778.3753,solve.va_sample,2,706.406,
8778.8755,solve.va_sample,2,706.406,
8779.3758,solve.va_sample,2,706.406,
8779.8760,solve.va_sample,2,706.406,
8780.3762,solve.va_sample,2,706.406,
8780.8765,solve.va_sample,2,706.406,
8781.3767,solve.va_sample,2,706.406,
8781.8769,solve.va_sample,2,706.406,
8782.3772,solve.va_sample,2,706.406,
8782.8774,solve.va_sample,2,706.406,
8783.3776,solve.va_sample,2,706.406,
8783.8779,solve.va_sample,2,706.406,
8784.3781,solve.va_sample,2,706.406,
8784.8783,solve.va_sample,2,706.406,
8785.3786,solve.va_sample,2,706.406,
8785.8788,solve.va_sample,2,706.406,
8786.3791,solve.va_sample,2,706.406,
8786.8794,solve.va_sample,2,706.406,
8787.3796,solve.va_sample,2,706.406,
8787.8798,solve.va_sample,2,706.406,
8788.3801,solve.va_sample,2,706.406,
8788.8803,solve.va_sample,2,706.406,
8789.3805,solve.va_sample,2,706.406,
8789.8808,solve.va_sample,2,706.406,
8790.3810,solve.va_sample,2,706.406,
8790.8813,solve.va_sample,2,706.406,
8791.3815,solve.va_sample,2,706.406,
8791.8817,solve.va_sample,2,706.406,
8792.3820,solve.va_sample,2,706.406,
8792.8822,solve.va_sample,2,706.406,
8793.3824,solve.va_sample,2,706.406,
8793.8827,solve.va_sample,2,706.406,
8794.3829,solve.va_sample,2,706.406,
8794.8831,solve.va_sample,2,706.406,
8795.3834,solve.va_sample,2,706.406,
8795.8836,solve.va_sample,2,706.406,
8796.3838,solve.va_sample,2,706.406,
8796.8841,solve.va_sample,2,706.406,
8797.3843,solve.va_sample,2,706.406,
8797.8845,solve.va_sample,2,706.406,
8798.3848,solve.va_sample,2,706.406,
8798.8850,solve.va_sample,2,706.406,
8799.3852,solve.va_sample,2,706.406,
8799.8855,solve.va_sample,2,706.406,
8800.3857,solve.va_sample,2,706.406,
8800.8859,solve.va_sample,2,706.406,
8801.3862,solve.va_sample,2,706.406,
8801.8864,solve.va_sample,2,706.406,
8802.3866,solve.va_sample,2,706.406,
8802.8869,solve.va_sample,2,706.406,
8803.3871,solve.va_sample,2,706.406,
8803.8873,solve.va_sample,2,706.406,
8804.3876,solve.va_sample,2,706.406,
8804.8878,solve.va_sample,2,706.406,
8805.3880,solve.va_sample,2,706.406,
8805.8883,solve.va_sample,2,706.406,
8806.3885,solve.va_sample,2,706.406,
8806.8888,solve.va_sample,2,706.406,
8807.3891,solve.va_sample,2,706.406,
8807.8893,solve.va_sample,2,706.406,
8808.3896,solve.va_sample,2,706.406,
8808.8898,solve.va_sample,2,706.406,
8809.3900,solve.va_sample,2,706.406,
8809.8903,solve.va_sample,2,706.406,
8810.3905,solve.va_sample,2,706.406,
8810.8908,solve.va_sample,2,706.406,
8811.3910,solve.va_sample,2,706.406,
8811.8913,solve.va_sample,2,706.406,
8812.3915,solve.va_sample,2,706.406,
8812.8917,solve.va_sample,2,706.406,
8813.3920,solve.va_sample,2,706.406,
8813.8923,solve.va_sample,2,706.406,
8814.3926,solve.va_sample,2,706.406,
8814.8928,solve.va_sample,2,706.406,
8815.3930,solve.va_sample,2,706.406,
8815.8933,solve.va_sample,2,706.406,
8816.3935,solve.va_sample,2,706.406,
8816.8938,solve.va_sample,2,706.406,
8817.3940,solve.va_sample,2,706.406,
8817.8943,solve.va_sample,2,706.406,
8818.3945,solve.va_sample,2,706.406,
8818.8947,solve.va_sample,2,706.406,
8819.3950,solve.va_sample,2,706.406,
8819.8952,solve.va_sample,2,706.406,
8820.3954,solve.va_sample,2,706.406,
8820.8957,solve.va_sample,2,706.406,
8821.3959,solve.va_sample,2,706.406,
8821.8961,solve.va_sample,2,706.406,
8822.3964,solve.va_sample,2,706.406,
8822.8966,solve.va_sample,2,706.406,
8823.3969,solve.va_sample,2,706.406,
8823.8971,solve.va_sample,2,706.406,
8824.3974,solve.va_sample,2,706.406,
8824.8977,solve.va_sample,2,706.406,
8825.3979,solve.va_sample,2,706.406,
8825.8982,solve.va_sample,2,706.406,
8826.3984,solve.va_sample,2,706.406,
8826.8986,solve.va_sample,2,706.406,
8827.3989,solve.va_sample,2,706.406,
8827.8991,solve.va_sample,2,706.406,
8828.3994,solve.va_sample,2,706.406,
8828.8996,solve.va_sample,2,706.406,
8829.3998,solve.va_sample,2,706.406,
8829.9001,solve.va_sample,2,706.406,
8830.4003,solve.va_sample,2,706.406,
8830.9005,solve.va_sample,2,706.406,
8831.4008,solve.va_sample,2,706.406,
8831.9010,solve.va_sample,2,706.406,
8832.4013,solve.va_sample,2,706.406,
8832.9015,solve.va_sample,2,706.406,
8833.4018,solve.va_sample,2,706.406,
8833.9020,solve.va_sample,2,706.406,
8834.4022,solve.va_sample,2,706.406,
8834.9025,solve.va_sample,2,706.406,
8835.4027,solve.va_sample,2,706.406,
8835.9029,solve.va_sample,2,706.406,
8836.4032,solve.va_sample,2,706.406,
8836.9034,solve.va_sample,2,706.406,
8837.4037,solve.va_sample,2,706.406,
8837.9039,solve.va_sample,2,706.406,
8838.4041,solve.va_sample,2,706.406,
8838.9044,solve.va_sample,2,706.406,
8839.4046,solve.va_sample,2,706.406,
8839.9049,solve.va_sample,2,706.406,
8840.4051,solve.va_sample,2,706.406,
8840.9053,solve.va_sample,2,706.406,
8841.4056,solve.va_sample,2,706.406,
8841.9058,solve.va_sample,2,706.406,
8842.4060,solve.va_sample,2,706.406,
8842.9063,solve.va_sample,2,706.406,
8843.4065,solve.va_sample,2,706.406,
8843.9068,solve.va_sample,2,706.406,
8844.4070,solve.va_sample,2,706.406,
8844.9072,solve.va_sample,2,706.406,
8845.4075,solve.va_sample,2,706.406,
8845.9077,solve.va_sample,2,706.406,
8846.4080,solve.va_sample,2,706.406,
8846.9082,solve.va_sample,2,706.406,
8847.4085,solve.va_sample,2,706.406,
8847.9087,solve.va_sample,2,706.406,
8848.4089,solve.va_sample,2,706.406,
8848.9092,solve.va_sample,2,706.406,
8849.4094,solve.va_sample,2,706.406,
8849.9097,solve.va_sample,2,706.406,
8850.4099,solve.va_sample,2,706.406,
8850.9101,solve.va_sample,2,706.406,
8851.4104,solve.va_sample,2,706.406,
8851.9106,solve.va_sample,2,706.406,
8852.4108,solve.va_sample,2,706.406,
8852.9111,solve.va_sample,2,706.406,
8853.4113,solve.va_sample,2,706.406,
8853.9116,solve.va_sample,2,706.406,
8854.4118,solve.va_sample,2,706.406,
8854.9120,solve.va_sample,2,706.406,
8855.4123,solve.va_sample,2,706.406,
8855.9125,solve.va_sample,2,706.406,
8856.4128,solve.va_sample,2,706.406,
8856.9130,solve.va_sample,2,706.406,
8857.4132,solve.va_sample,2,706.406,
8857.9135,solve.va_sample,2,706.406,
8858.4137,solve.va_sample,2,706.664,
8858.9140,solve.va_sample,2,706.664,
8859.4142,solve.va_sample,2,706.664,
8859.9145,solve.va_sample,2,706.664,
8860.4147,solve.va_sample,2,706.664,
8860.9149,solve.va_sample,2,706.664,
8861.4152,solve.va_sample,2,706.664,
8861.9154,solve.va_sample,2,706.664,
8862.4156,solve.va_sample,2,706.664,
8862.9159,solve.va_sample,2,706.664,
8863.4161,solve.va_sample,2,706.664,
8863.9163,solve.va_sample,2,706.664,
8864.4165,solve.va_sample,2,706.664,
8864.9168,solve.va_sample,2,706.664,
8865.4170,solve.va_sample,2,706.664,
8865.9173,solve.va_sample,2,706.664,
8866.4175,solve.va_sample,2,706.664,
8866.9177,solve.va_sample,2,706.664,
8867.4180,solve.va_sample,2,706.664,
8867.9182,solve.va_sample,2,706.664,
8868.4185,solve.va_sample,2,706.664,
8868.9187,solve.va_sample,2,706.664,
8869.4189,solve.va_sample,2,706.664,
8869.9192,solve.va_sample,2,706.664,
8870.4194,solve.va_sample,2,706.664,
8870.9196,solve.va_sample,2,706.664,
8871.4199,solve.va_sample,2,706.664,
8871.9201,solve.va_sample,2,706.664,
8872.4203,solve.va_sample,2,706.664,
8872.9206,solve.va_sample,2,706.664,
8873.4209,solve.va_sample,2,706.664,
8873.9211,solve.va_sample,2,706.664,
8874.4214,solve.va_sample,2,706.664,
8874.9216,solve.va_sample,2,706.664,
8875.4219,solve.va_sample,2,706.664,
8875.9221,solve.va_sample,2,706.664,
8876.4223,solve.va_sample,2,706.664,
8876.9226,solve.va_sample,2,706.664,
8877.4229,solve.va_sample,2,706.664,
8877.9231,solve.va_sample,2,706.664,
8878.4234,solve.va_sample,2,706.664,
8878.9236,solve.va_sample,2,706.664,
8879.4238,solve.va_sample,2,706.664,
8879.9241,solve.va_sample,2,706.664,
8880.4243,solve.va_sample,2,706.664,
8880.9246,solve.va_sample,2,706.664,
8881.4248,solve.va_sample,2,706.664,
8881.9250,solve.va_sample,2,706.664,
8882.4253,solve.va_sample,2,706.664,
8882.9255,solve.va_sample,2,706.664,
8883.4257,solve.va_sample,2,706.664,
8883.9260,solve.va_sample,2,706.664,
8884.4262,solve.va_sample,2,706.664,
8884.9265,solve.va_sample,2,706.664,
8885.4267,solve.va_sample,2,706.664,
8885.9269,solve.va_sample,2,706.664,
8886.4272,solve.va_sample,2,706.664,
8886.9274,solve.va_sample,2,706.664,
8887.4277,solve.va_sample,2,706.664,
8887.9279,solve.va_sample,2,706.664,
8888.4281,solve.va_sample,2,706.664,
8888.9284,solve.va_sample,2,706.664,
8889.4286,solve.va_sample,2,706.664,
8889.9288,solve.va_sample,2,706.664,
8890.4291,solve.va_sample,2,706.664,
8890.9293,solve.va_sample,2,706.664,
8891.4295,solve.va_sample,2,706.664,
8891.9298,solve.va_sample,2,706.664,
8892.4300,solve.va_sample,2,706.664,
8892.9303,solve.va_sample,2,706.664,
8893.4305,solve.va_sample,2,706.664,
8893.9307,solve.va_sample,2,706.664,
8894.4310,solve.va_sample,2,706.664,
8894.9312,solve.va_sample,2,706.664,
8895.4315,solve.va_sample,2,706.664,
8895.9317,solve.va_sample,2,706.664,
8896.4319,solve.va_sample,2,706.664,
8896.9322,solve.va_sample,2,706.664,
8897.4324,solve.va_sample,2,706.664,
8897.9326,solve.va_sample,2,706.664,
8898.4329,solve.va_sample,2,706.664,
8898.9331,solve.va_sample,2,706.664,
8899.4333,solve.va_sample,2,706.664,
8899.9335,solve.va_sample,2,706.664,
8900.4338,solve.va_sample,2,706.664,
8900.9341,solve.va_sample,2,706.664,
8901.4343,solve.va_sample,2,706.664,
8901.9345,solve.va_sample,2,706.664,
8902.4348,solve.va_sample,2,706.664,
8902.9350,solve.va_sample,2,706.664,
8903.4353,solve.va_sample,2,706.664,
8903.9355,solve.va_sample,2,706.664,
8904.4357,solve.va_sample,2,706.664,
8904.9360,solve.va_sample,2,706.664,
8905.4362,solve.va_sample,2,706.664,
8905.9364,solve.va_sample,2,706.664,
8906.4367,solve.va_sample,2,706.664,
8906.9369,solve.va_sample,2,706.664,
8907.4371,solve.va_sample,2,706.664,
8907.9374,solve.va_sample,2,706.664,
8908.4376,solve.va_sample,2,706.664,
8908.9379,solve.va_sample,2,706.664,
8909.4381,solve.va_sample,2,706.664,
8909.9383,solve.va_sample,2,706.664,
8910.4386,solve.va_sample,2,706.664,
8910.9388,solve.va_sample,2,706.664,
8911.4390,solve.va_sample,2,706.664,
8911.9393,solve.va_sample,2,706.664,
8912.4395,solve.va_sample,2,706.664,
8912.9398,solve.va_sample,2,706.664,
8913.4400,solve.va_sample,2,706.664,
8913.9402,solve.va_sample,2,706.664,
8914.4405,solve.va_sample,2,706.664,
8914.9407,solve.va_sample,2,706.664,
8915.4409,solve.va_sample,2,706.664,
8915.9412,solve.va_sample,2,706.664,
8916.4414,solve.va_sample,2,706.664,
8916.9417,solve.va_sample,2,706.664,
8917.4419,solve.va_sample,2,706.664,
8917.9421,solve.va_sample,2,706.664,
8918.4424,solve.va_sample,2,706.664,
8918.9426,solve.va_sample,2,706.664,
8919.4428,solve.va_sample,2,706.664,
8919.9431,solve.va_sample,2,706.664,
8920.4433,solve.va_sample,2,706.664,
8920.9436,solve.va_sample,2,706.664,
8921.4438,solve.va_sample,2,706.664,
8921.9440,solve.va_sample,2,706.664,
8922.4443,solve.va_sample,2,706.664,
8922.9445,solve.va_sample,2,706.664,
8923.4448,solve.va_sample,2,706.664,
8923.9450,solve.va_sample,2,706.664,
8924.4453,solve.va_sample,2,706.664,
8924.9455,solve.va_sample,2,706.664,
8925.4457,solve.va_sample,2,706.664,
8925.9460,solve.va_sample,2,706.664,
8926.4462,solve.va_sample,2,706.664,
8926.9465,solve.va_sample,2,706.664,
8927.4467,solve.va_sample,2,706.664,
8927.9469,solve.va_sample,2,706.664,
8928.4472,solve.va_sample,2,706.664,
8928.9474,solve.va_sample,2,706.664,
8929.4476,solve.va_sample,2,706.664,
8929.9479,solve.va_sample,2,706.664,
8930.4481,solve.va_sample,2,706.664,
8930.9484,solve.va_sample,2,706.664,
8931.4486,solve.va_sample,2,706.664,
8931.9489,solve.va_sample,2,706.664,
8932.4491,solve.va_sample,2,706.664,
8932.9493,solve.va_sample,2,706.664,
8933.4497,solve.va_sample,2,706.664,
8933.9499,solve.va_sample,2,706.664,
8934.4502,solve.va_sample,2,706.664,
8934.9504,solve.va_sample,2,706.664,
8935.4507,solve.va_sample,2,706.664,
8935.9509,solve.va_sample,2,706.664,
8936.4512,solve.va_sample,2,706.664,
8936.9514,solve.va_sample,2,706.664,
8937.4517,solve.va_sample,2,706.664,
8937.9519,solve.va_sample,2,706.664,
8938.4521,solve.va_sample,2,706.664,
8938.9524,solve.va_sample,2,706.664,
8939.4526,solve.va_sample,2,706.664,
8939.9529,solve.va_sample,2,706.664,
8940.4531,solve.va_sample,2,706.664,
8940.9533,solve.va_sample,2,706.664,
8941.4536,solve.va_sample,2,706.664,
8941.9538,solve.va_sample,2,706.664,
8942.4540,solve.va_sample,2,706.664,
8942.9543,solve.va_sample,2,706.664,
8943.4545,solve.va_sample,2,706.664,
8943.9548,solve.va_sample,2,706.664,
8944.4550,solve.va_sample,2,706.664,
8944.9553,solve.va_sample,2,706.664,
8945.4555,solve.va_sample,2,706.664,
8945.9558,solve.va_sample,2,706.664,
8946.4560,solve.va_sample,2,706.664,
8946.9562,solve.va_sample,2,706.664,
8947.4565,solve.va_sample,2,706.664,
8947.9567,solve.va_sample,2,706.664,
8948.4570,solve.va_sample,2,706.664,
8948.9573,solve.va_sample,2,706.664,
8949.4575,solve.va_sample,2,706.664,
8949.9578,solve.va_sample,2,706.664,
8950.4580,solve.va_sample,2,706.664,
8950.9583,solve.va_sample,2,706.664,
8951.4585,solve.va_sample,2,706.664,
8951.9587,solve.va_sample,2,706.664,
8952.4590,solve.va_sample,2,706.664,
8952.9593,solve.va_sample,2,706.664,
8953.4595,solve.va_sample,2,706.664,
8953.9597,solve.va_sample,2,706.664,
8954.4600,solve.va_sample,2,706.664,
8954.9602,solve.va_sample,2,706.664,
8955.4605,solve.va_sample,2,706.664,
8955.9607,solve.va_sample,2,706.664,
8956.4610,solve.va_sample,2,706.664,
8956.9612,solve.va_sample,2,706.664,
8957.4615,solve.va_sample,2,706.664,
8957.9617,solve.va_sample,2,706.664,
8958.4620,solve.va_sample,2,706.664,
8958.9622,solve.va_sample,2,706.664,
8959.4625,solve.va_sample,2,706.664,
8959.9627,solve.va_sample,2,706.664,
8960.4629,solve.va_sample,2,706.664,
8960.9632,solve.va_sample,2,706.664,
8961.4634,solve.va_sample,2,706.664,
8961.9637,solve.va_sample,2,706.664,
8962.4639,solve.va_sample,2,706.664,
8962.9642,solve.va_sample,2,706.664,
8963.4645,solve.va_sample,2,706.664,
8963.9647,solve.va_sample,2,706.664,
8964.4650,solve.va_sample,2,706.664,
8964.9652,solve.va_sample,2,706.664,
8965.4655,solve.va_sample,2,706.664,
8965.9657,solve.va_sample,2,706.664,
8966.4660,solve.va_sample,2,706.664,
8966.9662,solve.va_sample,2,706.664,
8967.4665,solve.va_sample,2,706.664,
8967.9668,solve.va_sample,2,706.664,
8968.4670,solve.va_sample,2,706.664,
8968.9673,solve.va_sample,2,706.664,
8969.4675,solve.va_sample,2,706.664,
8969.9678,solve.va_sample,2,706.664,
8970.4680,solve.va_sample,2,706.664,
8970.9683,solve.va_sample,2,706.664,
8971.4685,solve.va_sample,2,706.664,
8971.9688,solve.va_sample,2,706.664,
8972.4690,solve.va_sample,2,706.664,
8972.9693,solve.va_sample,2,706.664,
8973.4695,solve.va_sample,2,706.664,
8973.9698,solve.va_sample,2,706.664,
8974.4700,solve.va_sample,2,706.664,
8974.9703,solve.va_sample,2,706.664,
8975.4705,solve.va_sample,2,706.664,
8975.9707,solve.va_sample,2,706.664,
8976.4710,solve.va_sample,2,706.664,
8976.9712,solve.va_sample,2,706.664,
8977.4715,solve.va_sample,2,706.664,
8977.9717,solve.va_sample,2,706.664,
8978.4719,solve.va_sample,2,706.664,
8978.9722,solve.va_sample,2,706.664,
8979.4724,solve.va_sample,2,706.664,
8979.9727,solve.va_sample,2,706.664,
8980.4729,solve.va_sample,2,706.664,
8980.9732,solve.va_sample,2,706.664,
8981.4734,solve.va_sample,2,706.664,
8981.9737,solve.va_sample,2,706.664,
8982.4739,solve.va_sample,2,706.664,
8982.9742,solve.va_sample,2,706.664,
8983.4744,solve.va_sample,2,706.664,
8983.9747,solve.va_sample,2,706.664,
8984.4749,solve.va_sample,2,706.664,
8984.9752,solve.va_sample,2,706.664,
8985.4754,solve.va_sample,2,706.664,
8985.9757,solve.va_sample,2,706.664,
8986.4759,solve.va_sample,2,706.664,
8986.9762,solve.va_sample,2,706.664,
8987.4764,solve.va_sample,2,706.664,
8987.9767,solve.va_sample,2,706.664,
8988.4769,solve.va_sample,2,706.664,
8988.9771,solve.va_sample,2,706.664,
8989.4774,solve.va_sample,2,706.664,
8989.9776,solve.va_sample,2,706.664,
8990.4778,solve.va_sample,2,706.664,
8990.9781,solve.va_sample,2,706.664,
8991.4783,solve.va_sample,2,706.664,
8991.9786,solve.va_sample,2,706.664,
8992.4788,solve.va_sample,2,706.664,
8992.9790,solve.va_sample,2,706.664,
8993.4794,solve.va_sample,2,706.664,
8993.9796,solve.va_sample,2,706.664,
8994.4799,solve.va_sample,2,706.664,
8994.9801,solve.va_sample,2,706.664,
8995.4804,solve.va_sample,2,706.664,
8995.9806,solve.va_sample,2,706.664,
8996.4809,solve.va_sample,2,706.664,
8996.9811,solve.va_sample,2,706.664,
8997.4813,solve.va_sample,2,706.664,
8997.9816,solve.va_sample,2,706.664,
8998.4818,solve.va_sample,2,706.664,
8998.9821,solve.va_sample,2,706.664,
8999.4823,solve.va_sample,2,706.664,
8999.9825,solve.va_sample,2,706.664,
9000.4828,solve.va_sample,2,706.664,
9000.9830,solve.va_sample,2,706.664,
9001.4833,solve.va_sample,2,706.664,
9001.9835,solve.va_sample,2,706.664,
9002.4838,solve.va_sample,2,706.664,
9002.9840,solve.va_sample,2,706.664,
9003.4842,solve.va_sample,2,706.664,
9003.9845,solve.va_sample,2,706.664,
9004.4847,solve.va_sample,2,706.664,
9004.9850,solve.va_sample,2,706.664,
9005.4852,solve.va_sample,2,706.664,
9005.9854,solve.va_sample,2,706.664,
9006.4857,solve.va_sample,2,706.664,
9006.9859,solve.va_sample,2,706.664,
9007.4862,solve.va_sample,2,706.664,
9007.9864,solve.va_sample,2,706.664,
9008.4867,solve.va_sample,2,706.664,
9008.9869,solve.va_sample,2,706.664,
9009.4872,solve.va_sample,2,706.664,
9009.9875,solve.va_sample,2,706.664,
9010.4877,solve.va_sample,2,706.664,
9010.9879,solve.va_sample,2,706.664,
9011.4882,solve.va_sample,2,706.664,
9011.9884,solve.va_sample,2,706.664,
9012.4887,solve.va_sample,2,706.664,
9012.9889,solve.va_sample,2,706.664,
9013.4892,solve.va_sample,2,706.664,
9013.9894,solve.va_sample,2,706.664,
9014.4897,solve.va_sample,2,706.664,
9014.9899,solve.va_sample,2,706.664,
9015.4901,solve.va_sample,2,706.664,
9015.9904,solve.va_sample,2,706.664,
9016.4906,solve.va_sample,2,706.664,
9016.9908,solve.va_sample,2,706.664,
9017.4911,solve.va_sample,2,706.664,
9017.9913,solve.va_sample,2,706.664,
9018.4916,solve.va_sample,2,706.664,
9018.9918,solve.va_sample,2,706.664,
9019.4920,solve.va_sample,2,706.664,
9019.9923,solve.va_sample,2,706.664,
9020.4925,solve.va_sample,2,706.664,
9020.9928,solve.va_sample,2,706.664,
9021.4930,solve.va_sample,2,706.664,
9021.9933,solve.va_sample,2,706.664,
9022.4935,solve.va_sample,2,706.664,
9022.9938,solve.va_sample,2,706.664,
9023.4940,solve.va_sample,2,706.664,
9023.9942,solve.va_sample,2,706.664,
9024.4945,solve.va_sample,2,706.664,
9024.9947,solve.va_sample,2,706.664,
9025.4950,solve.va_sample,2,706.664,
9025.9952,solve.va_sample,2,706.664,
9026.4954,solve.va_sample,2,706.664,
9026.9957,solve.va_sample,2,706.664,
9027.4959,solve.va_sample,2,706.664,
9027.9961,solve.va_sample,2,706.664,
9028.4964,solve.va_sample,2,706.664,
9028.9966,solve.va_sample,2,706.664,
9029.4969,solve.va_sample,2,706.664,
9029.9971,solve.va_sample,2,706.664,
9030.4974,solve.va_sample,2,706.664,
9030.9976,solve.va_sample,2,706.664,
9031.4978,solve.va_sample,2,706.664,
9031.9981,solve.va_sample,2,706.664,
9032.4983,solve.va_sample,2,706.664,
9032.9986,solve.va_sample,2,706.664,
9033.4989,solve.va_sample,2,706.664,
9033.9991,solve.va_sample,2,706.664,
9034.4994,solve.va_sample,2,706.664,
9034.9996,solve.va_sample,2,706.664,
9035.4999,solve.va_sample,2,706.664,
9036.0001,solve.va_sample,2,706.664,
9036.5004,solve.va_sample,2,706.664,
9037.0006,solve.va_sample,2,706.664,
9037.5009,solve.va_sample,2,706.664,
9038.0011,solve.va_sample,2,706.664,
9038.5013,solve.va_sample,2,706.664,
9039.0016,solve.va_sample,2,706.664,
9039.5018,solve.va_sample,2,706.664,
9040.0021,solve.va_sample,2,706.664,
9040.5023,solve.va_sample,2,706.664,
9041.0026,solve.va_sample,2,706.664,
9041.5028,solve.va_sample,2,706.664,
9042.0030,solve.va_sample,2,706.664,
9042.5033,solve.va_sample,2,706.664,
9043.0035,solve.va_sample,2,706.664,
9043.5038,solve.va_sample,2,706.664,
9044.0040,solve.va_sample,2,706.664,
9044.5042,solve.va_sample,2,706.664,
9045.0045,solve.va_sample,2,706.664,
9045.5047,solve.va_sample,2,706.664,
9046.0050,solve.va_sample,2,706.664,
9046.5052,solve.va_sample,2,706.664,
9047.0054,solve.va_sample,2,706.664,
9047.5057,solve.va_sample,2,706.664,
9048.0059,solve.va_sample,2,706.664,
9048.5062,solve.va_sample,2,706.664,
9049.0064,solve.va_sample,2,706.664,
9049.5066,solve.va_sample,2,706.664,
9050.0069,solve.va_sample,2,706.664,
9050.5071,solve.va_sample,2,706.664,
9051.0074,solve.va_sample,2,706.664,
9051.5076,solve.va_sample,2,706.664,
9052.0079,solve.va_sample,2,706.664,
9052.5081,solve.va_sample,2,706.664,
9053.0084,solve.va_sample,2,706.664,
9053.5086,solve.va_sample,2,706.664,
9054.0089,solve.va_sample,2,706.664,
9054.5092,solve.va_sample,2,706.664,
9055.0094,solve.va_sample,2,706.664,
9055.5097,solve.va_sample,2,706.664,
9056.0099,solve.va_sample,2,706.664,
9056.5101,solve.va_sample,2,706.664,
9057.0104,solve.va_sample,2,706.664,
9057.5106,solve.va_sample,2,706.664,
9058.0109,solve.va_sample,2,706.664,
9058.5111,solve.va_sample,2,706.664,
9059.0113,solve.va_sample,2,706.664,
9059.5116,solve.va_sample,2,706.664,
9060.0118,solve.va_sample,2,706.664,
9060.5121,solve.va_sample,2,706.664,
9061.0123,solve.va_sample,2,706.664,
9061.5126,solve.va_sample,2,706.664,
9062.0128,solve.va_sample,2,706.664,
9062.5131,solve.va_sample,2,706.664,
9063.0133,solve.va_sample,2,706.664,
9063.5135,solve.va_sample,2,706.664,
9064.0138,solve.va_sample,2,706.664,
9064.5140,solve.va_sample,2,706.664,
9065.0143,solve.va_sample,2,706.664,
9065.5145,solve.va_sample,2,706.664,
9066.0147,solve.va_sample,2,706.664,
9066.5150,solve.va_sample,2,706.664,
9067.0152,solve.va_sample,2,706.664,
9067.5155,solve.va_sample,2,706.664,
9068.0157,solve.va_sample,2,706.664,
9068.5160,solve.va_sample,2,706.664,
9069.0162,solve.va_sample,2,706.664,
9069.5165,solve.va_sample,2,706.664,
9070.0167,solve.va_sample,2,706.664,
9070.5169,solve.va_sample,2,706.664,
9071.0172,solve.va_sample,2,706.664,
9071.5174,solve.va_sample,2,706.664,
9072.0177,solve.va_sample,2,706.664,
9072.5179,solve.va_sample,2,706.664,
9073.0182,solve.va_sample,2,706.664,
9073.5184,solve.va_sample,2,706.664,
9074.0186,solve.va_sample,2,706.664,
9074.5189,solve.va_sample,2,706.664,
9075.0191,solve.va_sample,2,706.664,
9075.5193,solve.va_sample,2,706.664,
9076.0196,solve.va_sample,2,706.664,
9076.5198,solve.va_sample,2,706.664,
9077.0201,solve.va_sample,2,706.664,
9077.5203,solve.va_sample,2,706.664,
9078.0205,solve.va_sample,2,706.664,
9078.5208,solve.va_sample,2,706.664,
9079.0210,solve.va_sample,2,706.664,
9079.5213,solve.va_sample,2,706.664,
9080.0215,solve.va_sample,2,706.664,
9080.5218,solve.va_sample,2,706.664,
9081.0220,solve.va_sample,2,706.664,
9081.5222,solve.va_sample,2,706.664,
9082.0225,solve.va_sample,2,706.664,
9082.5227,solve.va_sample,2,706.664,
9083.0230,solve.va_sample,2,706.664,
9083.5232,solve.va_sample,2,706.664,
9084.0234,solve.va_sample,2,706.664,
9084.5237,solve.va_sample,2,706.664,
9085.0239,solve.va_sample,2,706.664,
9085.5242,solve.va_sample,2,706.664,
9086.0244,solve.va_sample,2,706.664,
9086.5247,solve.va_sample,2,706.664,
9087.0250,solve.va_sample,2,706.664,
9087.5253,solve.va_sample,2,706.664,
9088.0255,solve.va_sample,2,706.664,
9088.5258,solve.va_sample,2,706.664,
9089.0260,solve.va_sample,2,706.664,
9089.5263,solve.va_sample,2,706.664,
9090.0265,solve.va_sample,2,706.664,
9090.5268,solve.va_sample,2,706.664,
9091.0270,solve.va_sample,2,706.664,
9091.5272,solve.va_sample,2,706.664,
9092.0275,solve.va_sample,2,706.664,
9092.5277,solve.va_sample,2,706.664,
9093.0280,solve.va_sample,2,706.664,
9093.5282,solve.va_sample,2,706.664,
9094.0285,solve.va_sample,2,706.664,
9094.5287,solve.va_sample,2,706.664,
9095.0289,solve.va_sample,2,706.664,
9095.5292,solve.va_sample,2,706.664,
9096.0294,solve.va_sample,2,706.664,
9096.5297,solve.va_sample,2,706.664,
9097.0299,solve.va_sample,2,706.664,
9097.5302,solve.va_sample,2,706.664,
9098.0304,solve.va_sample,2,706.664,
9098.5307,solve.va_sample,2,706.664,
9099.0309,solve.va_sample,2,706.664,
9099.5311,solve.va_sample,2,706.664,
9100.0314,solve.va_sample,2,706.664,
9100.5316,solve.va_sample,2,706.664,
9101.0319,solve.va_sample,2,706.664,
9101.5321,solve.va_sample,2,706.664,
9102.0324,solve.va_sample,2,706.664,
9102.5326,solve.va_sample,2,706.664,
9103.0328,solve.va_sample,2,706.664,
9103.5331,solve.va_sample,2,706.664,
9104.0333,solve.va_sample,2,706.664,
9104.5336,solve.va_sample,2,706.664,
9105.0338,solve.va_sample,2,706.664,
9105.5341,solve.va_sample,2,706.664,
9106.0343,solve.va_sample,2,706.664,
9106.5346,solve.va_sample,2,706.664,
9107.0348,solve.va_sample,2,706.664,
9107.5350,solve.va_sample,2,706.664,
9108.0353,solve.va_sample,2,706.664,
9108.5355,solve.va_sample,2,706.664,
9109.0358,solve.va_sample,2,706.664,
9109.5360,solve.va_sample,2,706.664,
9110.0363,solve.va_sample,2,706.664,
9110.5365,solve.va_sample,2,706.664,
9111.0368,solve.va_sample,2,706.664,
9111.5370,solve.va_sample,2,706.664,
9112.0372,solve.va_sample,2,706.664,
9112.5375,solve.va_sample,2,706.664,
9113.0378,solve.va_sample,2,706.664,
9113.5380,solve.va_sample,2,706.664,
9114.0383,solve.va_sample,2,706.664,
9114.5385,solve.va_sample,2,706.664,
9115.0388,solve.va_sample,2,706.664,
9115.5390,solve.va_sample,2,706.664,
9116.0393,solve.va_sample,2,706.664,
9116.5395,solve.va_sample,2,706.664,
9117.0398,solve.va_sample,2,706.664,
9117.5400,solve.va_sample,2,706.664,
9118.0403,solve.va_sample,2,706.664,
9118.5405,solve.va_sample,2,706.664,
9119.0408,solve.va_sample,2,706.664,
9119.5410,solve.va_sample,2,706.664,
9120.0413,solve.va_sample,2,706.664,
9120.5415,solve.va_sample,2,706.664,
9121.0417,solve.va_sample,2,706.664,
9121.5420,solve.va_sample,2,706.664,
9122.0422,solve.va_sample,2,706.664,
9122.5425,solve.va_sample,2,706.664,
9123.0427,solve.va_sample,2,706.664,
9123.5430,solve.va_sample,2,706.664,
9124.0432,solve.va_sample,2,706.664,
9124.5434,solve.va_sample,2,706.664,
9125.0437,solve.va_sample,2,706.664,
9125.5439,solve.va_sample,2,706.664,
9126.0442,solve.va_sample,2,706.664,
9126.5444,solve.va_sample,2,706.664,
9127.0446,solve.va_sample,2,706.664,
9127.5449,solve.va_sample,2,706.664,
9128.0451,solve.va_sample,2,706.664,
9128.5453,solve.va_sample,2,706.664,
9129.0456,solve.va_sample,2,706.664,
9129.5458,solve.va_sample,2,706.664,
9130.0461,solve.va_sample,2,706.664,
9130.5463,solve.va_sample,2,706.664,
9131.0465,solve.va_sample,2,706.664,
9131.5468,solve.va_sample,2,706.664,
9132.0470,solve.va_sample,2,706.664,
9132.5473,solve.va_sample,2,706.664,
9133.0475,solve.va_sample,2,706.664,
9133.5477,solve.va_sample,2,706.664,
9134.0480,solve.va_sample,2,706.664,
9134.5482,solve.va_sample,2,706.664,
9135.0484,solve.va_sample,2,706.664,
9135.5487,solve.va_sample,2,706.664,
9136.0489,solve.va_sample,2,706.664,
9136.5492,solve.va_sample,2,706.664,
9137.0494,solve.va_sample,2,706.664,
9137.5497,solve.va_sample,2,706.664,
9138.0499,solve.va_sample,2,706.664,
9138.5502,solve.va_sample,2,706.664,
9139.0504,solve.va_sample,2,706.664,
9139.5507,solve.va_sample,2,706.664,
9140.0509,solve.va_sample,2,706.664,
9140.5512,solve.va_sample,2,706.664,
9141.0514,solve.va_sample,2,706.664,
9141.5517,solve.va_sample,2,706.664,
9142.0519,solve.va_sample,2,706.664,
9142.5521,solve.va_sample,2,706.664,
9143.0524,solve.va_sample,2,706.664,
9143.5526,solve.va_sample,2,706.664,
9144.0528,solve.va_sample,2,706.664,
9144.5531,solve.va_sample,2,706.664,
9145.0533,solve.va_sample,2,706.664,
9145.5536,solve.va_sample,2,706.664,
9146.0538,solve.va_sample,2,706.664,
9146.5540,solve.va_sample,2,706.664,
9147.0543,solve.va_sample,2,706.664,
9147.5545,solve.va_sample,2,706.664,
9148.0548,solve.va_sample,2,706.664,
9148.5550,solve.va_sample,2,706.664,
9149.0552,solve.va_sample,2,706.664,
9149.5555,solve.va_sample,2,706.664,
9150.0557,solve.va_sample,2,706.664,
9150.5560,solve.va_sample,2,706.664,
9151.0562,solve.va_sample,2,706.664,
9151.5564,solve.va_sample,2,706.664,
9152.0567,solve.va_sample,2,706.664,
9152.5569,solve.va_sample,2,706.664,
9153.0572,solve.va_sample,2,706.664,
9153.5574,solve.va_sample,2,706.664,
9154.0576,solve.va_sample,2,706.664,
9154.5579,solve.va_sample,2,706.664,
9155.0581,solve.va_sample,2,706.664,
9155.5583,solve.va_sample,2,706.664,
9156.0586,solve.va_sample,2,706.664,
9156.5588,solve.va_sample,2,706.664,
9157.0591,solve.va_sample,2,706.664,
9157.5593,solve.va_sample,2,706.664,
9158.0596,solve.va_sample,2,706.664,
9158.5598,solve.va_sample,2,706.664,
9159.0601,solve.va_sample,2,706.664,
9159.5603,solve.va_sample,2,706.664,
9160.0606,solve.va_sample,2,706.664,
9160.5609,solve.va_sample,2,706.664,
9161.0611,solve.va_sample,2,706.664,
9161.5614,solve.va_sample,2,706.664,
9162.0616,solve.va_sample,2,706.664,
9162.5618,solve.va_sample,2,706.664,
9163.0621,solve.va_sample,2,706.664,
9163.5623,solve.va_sample,2,706.664,
9164.0626,solve.va_sample,2,706.664,
9164.5628,solve.va_sample,2,706.664,
9165.0630,solve.va_sample,2,706.664,
9165.5633,solve.va_sample,2,706.664,
9166.0636,solve.va_sample,2,706.664,
9166.5638,solve.va_sample,2,706.664,
9167.0641,solve.va_sample,2,706.664,
9167.5643,solve.va_sample,2,706.664,
9168.0646,solve.va_sample,2,706.664,
9168.5648,solve.va_sample,2,706.664,
9169.0650,solve.va_sample,2,706.664,
9169.5653,solve.va_sample,2,706.664,
9170.0655,solve.va_sample,2,706.664,
9170.5658,solve.va_sample,2,706.664,
9171.0660,solve.va_sample,2,706.664,
9171.5663,solve.va_sample,2,706.664,
9172.0665,solve.va_sample,2,706.664,
9172.5667,solve.va_sample,2,706.664,
9173.0670,solve.va_sample,2,706.664,
9173.5673,solve.va_sample,2,706.664,
9174.0676,solve.va_sample,2,706.664,
9174.5679,solve.va_sample,2,706.664,
9175.0682,solve.va_sample,2,706.664,
9175.5684,solve.va_sample,2,706.664,
9176.0687,solve.va_sample,2,706.664,
9176.5689,solve.va_sample,2,706.664,
9177.0692,solve.va_sample,2,706.664,
9177.5695,solve.va_sample,2,706.664,
9178.0697,solve.va_sample,2,706.664,
9178.5700,solve.va_sample,2,706.664,
9179.0702,solve.va_sample,2,706.664,
9179.5705,solve.va_sample,2,706.664,
9180.0707,solve.va_sample,2,706.664,
9180.5710,solve.va_sample,2,706.664,
9181.0712,solve.va_sample,2,706.664,
9181.5714,solve.va_sample,2,706.664,
9182.0717,solve.va_sample,2,706.664,
9182.5719,solve.va_sample,2,706.664,
9183.0722,solve.va_sample,2,706.664,
9183.5724,solve.va_sample,2,706.664,
9184.0727,solve.va_sample,2,706.664,
9184.5729,solve.va_sample,2,706.664,
9185.0732,solve.va_sample,2,706.664,
9185.5734,solve.va_sample,2,706.664,
9186.0737,solve.va_sample,2,706.664,
9186.5739,solve.va_sample,2,706.664,
9187.0741,solve.va_sample,2,706.664,
9187.5744,solve.va_sample,2,706.664,
9188.0746,solve.va_sample,2,706.664,
9188.5748,solve.va_sample,2,706.664,
9189.0751,solve.va_sample,2,706.664,
9189.5754,solve.va_sample,2,706.664,
9190.0756,solve.va_sample,2,706.664,
9190.5758,solve.va_sample,2,706.664,
9191.0761,solve.va_sample,2,706.664,
9191.5763,solve.va_sample,2,706.664,
9192.0766,solve.va_sample,2,706.664,
9192.5768,solve.va_sample,2,706.664,
9193.0771,solve.va_sample,2,706.664,
9193.5773,solve.va_sample,2,706.922,
9194.0776,solve.va_sample,2,706.922,
9194.5778,solve.va_sample,2,706.922,
9195.0780,solve.va_sample,2,706.922,
9195.5783,solve.va_sample,2,706.922,
9196.0785,solve.va_sample,2,706.922,
9196.5788,solve.va_sample,2,706.922,
9197.0790,solve.va_sample,2,706.922,
9197.5793,solve.va_sample,2,706.922,
9198.0795,solve.va_sample,2,706.922,
9198.5797,solve.va_sample,2,706.922,
9199.0800,solve.va_sample,2,706.922,
9199.5802,solve.va_sample,2,706.922,
9200.0805,solve.va_sample,2,706.922,
9200.5807,solve.va_sample,2,706.922,
9201.0810,solve.va_sample,2,706.922,
9201.5812,solve.va_sample,2,706.922,
9202.0815,solve.va_sample,2,706.922,
9202.5817,solve.va_sample,2,706.922,
9203.0820,solve.va_sample,2,706.922,
9203.5822,solve.va_sample,2,706.922,
9204.0825,solve.va_sample,2,706.922,
9204.5827,solve.va_sample,2,706.922,
9205.0830,solve.va_sample,2,706.922,
9205.5832,solve.va_sample,2,706.922,
9206.0835,solve.va_sample,2,706.922,
9206.5837,solve.va_sample,2,706.922,
9207.0840,solve.va_sample,2,706.922,
9207.5842,solve.va_sample,2,706.922,
9208.0845,solve.va_sample,2,706.922,
9208.5847,solve.va_sample,2,706.922,
9209.0850,solve.va_sample,2,706.922,
9209.5852,solve.va_sample,2,706.922,
9210.0855,solve.va_sample,2,706.922,
9210.5857,solve.va_sample,2,706.922,
9211.0859,solve.va_sample,2,706.922,
9211.5862,solve.va_sample,2,706.922,
9212.0864,solve.va_sample,2,706.922,
9212.5867,solve.va_sample,2,706.922,
9213.0869,solve.va_sample,2,706.922,
9213.5872,solve.va_sample,2,706.922,
9214.0874,solve.va_sample,2,706.922,
9214.5877,solve.va_sample,2,706.922,
9215.0879,solve.va_sample,2,706.922,
9215.5881,solve.va_sample,2,706.922,
9216.0884,solve.va_sample,2,706.922,
9216.5886,solve.va_sample,2,706.922,
9217.0889,solve.va_sample,2,706.922,
9217.5891,solve.va_sample,2,706.922,
9218.0893,solve.va_sample,2,706.922,
9218.5896,solve.va_sample,2,706.922,
9219.0898,solve.va_sample,2,706.922,
9219.5900,solve.va_sample,2,706.922,
9220.0903,solve.va_sample,2,706.922,
9220.5905,solve.va_sample,2,706.922,
9221.0908,solve.va_sample,2,706.922,
9221.5910,solve.va_sample,2,706.922,
9222.0913,solve.va_sample,2,706.922,
9222.5915,solve.va_sample,2,706.922,
9223.0917,solve.va_sample,2,706.922,
9223.5920,solve.va_sample,2,706.922,
9224.0922,solve.va_sample,2,706.922,
9224.5924,solve.va_sample,2,706.922,
9225.0927,solve.va_sample,2,706.922,
9225.5929,solve.va_sample,2,706.922,
9226.0932,solve.va_sample,2,706.922,
9226.5934,solve.va_sample,2,706.922,
9227.0937,solve.va_sample,2,706.922,
9227.5939,solve.va_sample,2,706.922,
9228.0941,solve.va_sample,2,706.922,
9228.5944,solve.va_sample,2,706.922,
9229.0946,solve.va_sample,2,706.922,
9229.5949,solve.va_sample,2,706.922,
9230.0951,solve.va_sample,2,706.922,
9230.5954,solve.va_sample,2,706.922,
9231.0956,solve.va_sample,2,706.922,
9231.5959,solve.va_sample,2,706.922,
9232.0961,solve.va_sample,2,706.922,
9232.5964,solve.va_sample,2,706.922,
9233.0967,solve.va_sample,2,706.922,
9233.5969,solve.va_sample,2,706.922,
9234.0972,solve.va_sample,2,706.922,
9234.5975,solve.va_sample,2,706.922,
9235.0978,solve.va_sample,2,706.922,
9235.5980,solve.va_sample,2,706.922,
9236.0983,solve.va_sample,2,706.922,
9236.5986,solve.va_sample,2,706.922,
9237.0988,solve.va_sample,2,706.922,
9237.5991,solve.va_sample,2,706.922,
9238.0993,solve.va_sample,2,706.922,
9238.5996,solve.va_sample,2,706.922,
9239.0998,solve.va_sample,2,706.922,
9239.6001,solve.va_sample,2,706.922,
9240.1003,solve.va_sample,2,706.922,
9240.6006,solve.va_sample,2,706.922,
9241.1009,solve.va_sample,2,706.922,
9241.6011,solve.va_sample,2,706.922,
9242.1014,solve.va_sample,2,706.922,
9242.6016,solve.va_sample,2,706.922,
9243.1019,solve.va_sample,2,706.922,
9243.6021,solve.va_sample,2,706.922,
9244.1024,solve.va_sample,2,706.922,
9244.6026,solve.va_sample,2,706.922,
9245.1029,solve.va_sample,2,706.922,
9245.6031,solve.va_sample,2,706.922,
9246.1034,solve.va_sample,2,706.922,
9246.6036,solve.va_sample,2,706.922,
9247.1038,solve.va_sample,2,706.922,
9247.6041,solve.va_sample,2,706.922,
9248.1043,solve.va_sample,2,706.922,
9248.6046,solve.va_sample,2,706.922,
9249.1048,solve.va_sample,2,706.922,
9249.6051,solve.va_sample,2,706.922,
9250.1053,solve.va_sample,2,706.922,
9250.6056,solve.va_sample,2,706.922,
9251.1058,solve.va_sample,2,706.922,
9251.6061,solve.va_sample,2,706.922,
9252.1063,solve.va_sample,2,706.922,
9252.6066,solve.va_sample,2,706.922,
9253.1068,solve.va_sample,2,706.922,
9253.6070,solve.va_sample,2,706.922,
9254.1073,solve.va_sample,2,706.922,
9254.6075,solve.va_sample,2,706.922,
9255.1078,solve.va_sample,2,706.922,
9255.6080,solve.va_sample,2,706.922,
9256.1083,solve.va_sample,2,706.922,
9256.6085,solve.va_sample,2,706.922,
9257.1088,solve.va_sample,2,706.922,
9257.6090,solve.va_sample,2,706.922,
9258.1093,solve.va_sample,2,706.922,
9258.6095,solve.va_sample,2,706.922,
9259.1097,solve.va_sample,2,706.922,
9259.6100,solve.va_sample,2,706.922,
9260.1103,solve.va_sample,2,706.922,
9260.6105,solve.va_sample,2,706.922,
9261.1108,solve.va_sample,2,706.922,
9261.6110,solve.va_sample,2,706.922,
9262.1113,solve.va_sample,2,706.922,
9262.6115,solve.va_sample,2,706.922,
9263.1118,solve.va_sample,2,706.922,
9263.6120,solve.va_sample,2,706.922,
9264.1123,solve.va_sample,2,706.922,
9264.6125,solve.va_sample,2,706.922,
9265.1127,solve.va_sample,2,706.922,
9265.6130,solve.va_sample,2,706.922,
9266.1132,solve.va_sample,2,706.922,
9266.6134,solve.va_sample,2,706.922,
9267.1136,solve.va_sample,2,706.922,
9267.6139,solve.va_sample,2,706.922,
9268.1141,solve.va_sample,2,706.922,
9268.6144,solve.va_sample,2,706.922,
9269.1146,solve.va_sample,2,706.922,
9269.6148,solve.va_sample,2,706.922,
9270.1151,solve.va_sample,2,706.922,
9270.6153,solve.va_sample,2,706.922,
9271.1155,solve.va_sample,2,706.922,
9271.6158,solve.va_sample,2,706.922,
9272.1160,solve.va_sample,2,706.922,
9272.6163,solve.va_sample,2,706.922,
9273.1165,solve.va_sample,2,706.922,
9273.6167,solve.va_sample,2,706.922,
9274.1170,solve.va_sample,2,706.922,
9274.6172,solve.va_sample,2,706.922,
9275.1175,solve.va_sample,2,706.922,
9275.6177,solve.va_sample,2,706.922,
9276.1179,solve.va_sample,2,706.922,
9276.6182,solve.va_sample,2,706.922,
9277.1184,solve.va_sample,2,706.922,
9277.6187,solve.va_sample,2,706.922,
9278.1189,solve.va_sample,2,706.922,
9278.6191,solve.va_sample,2,706.922,
9279.1194,solve.va_sample,2,706.922,
9279.6196,solve.va_sample,2,706.922,
9280.1199,solve.va_sample,2,706.922,
9280.6201,solve.va_sample,2,706.922,
9281.1204,solve.va_sample,2,706.922,
9281.6206,solve.va_sample,2,706.922,
9282.1209,solve.va_sample,2,706.922,
9282.6211,solve.va_sample,2,706.922,
9283.1214,solve.va_sample,2,706.922,
9283.6216,solve.va_sample,2,706.922,
9284.1219,solve.va_sample,2,706.922,
9284.6221,solve.va_sample,2,706.922,
9285.1224,solve.va_sample,2,706.922,
9285.6226,solve.va_sample,2,706.922,
9286.1229,solve.va_sample,2,706.922,
9286.6231,solve.va_sample,2,706.922,
9287.1234,solve.va_sample,2,706.922,
9287.6236,solve.va_sample,2,706.922,
9288.1239,solve.va_sample,2,706.922,
9288.6241,solve.va_sample,2,706.922,
9289.1244,solve.va_sample,2,706.922,
9289.6246,solve.va_sample,2,706.922,
9290.1249,solve.va_sample,2,706.922,
9290.6251,solve.va_sample,2,706.922,
9291.1254,solve.va_sample,2,706.922,
9291.6256,solve.va_sample,2,706.922,
9292.1258,solve.va_sample,2,706.922,
9292.6261,solve.va_sample,2,706.922,
9293.1264,solve.va_sample,2,706.922,
9293.6267,solve.va_sample,2,706.922,
9294.1269,solve.va_sample,2,706.922,
9294.6273,solve.va_sample,2,706.922,
9295.1275,solve.va_sample,2,706.922,
9295.6277,solve.va_sample,2,706.922,
9296.1280,solve.va_sample,2,706.922,
9296.6283,solve.va_sample,2,706.922,
9297.1285,solve.va_sample,2,706.922,
9297.6288,solve.va_sample,2,706.922,
9298.1290,solve.va_sample,2,706.922,
9298.6293,solve.va_sample,2,706.922,
9299.1295,solve.va_sample,2,706.922,
9299.6297,solve.va_sample,2,706.922,
9300.1300,solve.va_sample,2,706.922,
9300.6302,solve.va_sample,2,706.922,
9301.1305,solve.va_sample,2,706.922,
9301.6307,solve.va_sample,2,706.922,
9302.1310,solve.va_sample,2,706.922,
9302.6312,solve.va_sample,2,706.922,
9303.1315,solve.va_sample,2,706.922,
9303.6317,solve.va_sample,2,706.922,
9304.1320,solve.va_sample,2,706.922,
9304.6322,solve.va_sample,2,706.922,
9305.1325,solve.va_sample,2,706.922,
9305.6327,solve.va_sample,2,706.922,
9306.1330,solve.va_sample,2,706.922,
9306.6332,solve.va_sample,2,706.922,
9307.1334,solve.va_sample,2,706.922,
9307.6337,solve.va_sample,2,706.922,
9308.1340,solve.va_sample,2,706.922,
9308.6342,solve.va_sample,2,706.922,
9309.1345,solve.va_sample,2,706.922,
9309.6347,solve.va_sample,2,706.922,
9310.1349,solve.va_sample,2,706.922,
9310.6352,solve.va_sample,2,706.922,
9311.1354,solve.va_sample,2,706.922,
9311.6357,solve.va_sample,2,706.922,
9312.1359,solve.va_sample,2,706.922,
9312.6362,solve.va_sample,2,706.922,
9313.1364,solve.va_sample,2,706.922,
9313.6366,solve.va_sample,2,706.922,
9314.1369,solve.va_sample,2,706.922,
9314.6371,solve.va_sample,2,706.922,
9315.1374,solve.va_sample,2,706.922,
9315.6376,solve.va_sample,2,706.922,
9316.1379,solve.va_sample,2,706.922,
9316.6381,solve.va_sample,2,706.922,
9317.1383,solve.va_sample,2,706.922,
9317.6386,solve.va_sample,2,706.922,
9318.1388,solve.va_sample,2,706.922,
9318.6390,solve.va_sample,2,706.922,
9319.1393,solve.va_sample,2,706.922,
9319.6396,solve.va_sample,2,706.922,
9320.1398,solve.va_sample,2,706.922,
9320.6401,solve.va_sample,2,706.922,
9321.1403,solve.va_sample,2,706.922,
9321.6405,solve.va_sample,2,706.922,
9322.1408,solve.va_sample,2,706.922,
9322.6410,solve.va_sample,2,706.922,
9323.1413,solve.va_sample,2,706.922,
9323.6415,solve.va_sample,2,706.922,
9324.1418,solve.va_sample,2,706.922,
9324.6420,solve.va_sample,2,706.922,
9325.1423,solve.va_sample,2,706.922,
9325.6425,solve.va_sample,2,706.922,
9326.1428,solve.va_sample,2,706.922,
9326.6430,solve.va_sample,2,706.922,
9327.1433,solve.va_sample,2,706.922,
9327.6435,solve.va_sample,2,706.922,
9328.1438,solve.va_sample,2,706.922,
9328.6440,solve.va_sample,2,706.922,
9329.1443,solve.va_sample,2,706.922,
9329.6445,solve.va_sample,2,706.922,
9330.1448,solve.va_sample,2,706.922,
9330.6450,solve.va_sample,2,706.922,
9331.1453,solve.va_sample,2,706.922,
9331.6455,solve.va_sample,2,706.922,
9332.1458,solve.va_sample,2,706.922,
9332.6460,solve.va_sample,2,706.922,
9333.1463,solve.va_sample,2,706.922,
9333.6465,solve.va_sample,2,706.922,
9334.1468,solve.va_sample,2,706.922,
9334.6470,solve.va_sample,2,706.922,
9335.1472,solve.va_sample,2,706.922,
9335.6475,solve.va_sample,2,706.922,
9336.1477,solve.va_sample,2,706.922,
9336.6480,solve.va_sample,2,706.922,
9337.1482,solve.va_sample,2,706.922,
9337.6485,solve.va_sample,2,706.922,
9338.1487,solve.va_sample,2,706.922,
9338.6489,solve.va_sample,2,706.922,
9339.1492,solve.va_sample,2,706.922,
9339.6494,solve.va_sample,2,706.922,
9340.1497,solve.va_sample,2,706.922,
9340.6499,solve.va_sample,2,706.922,
9341.1501,solve.va_sample,2,706.922,
9341.6505,solve.va_sample,2,706.922,
9342.1507,solve.va_sample,2,706.922,
9342.6510,solve.va_sample,2,706.922,
9343.1512,solve.va_sample,2,706.922,
9343.6515,solve.va_sample,2,706.922,
9344.1517,solve.va_sample,2,706.922,
9344.6520,solve.va_sample,2,706.922,
9345.1522,solve.va_sample,2,706.922,
9345.6525,solve.va_sample,2,706.922,
9346.1528,solve.va_sample,2,706.922,
9346.6530,solve.va_sample,2,706.922,
9347.1533,solve.va_sample,2,706.922,
9347.6536,solve.va_sample,2,706.922,
9348.1538,solve.va_sample,2,706.922,
9348.6541,solve.va_sample,2,706.922,
9349.1543,solve.va_sample,2,706.922,
9349.6545,solve.va_sample,2,706.922,
9350.1548,solve.va_sample,2,706.922,
9350.6550,solve.va_sample,2,706.922,
9351.1553,solve.va_sample,2,706.922,
9351.6555,solve.va_sample,2,706.922,
9352.1558,solve.va_sample,2,706.922,
9352.6560,solve.va_sample,2,706.922,
9353.1563,solve.va_sample,2,706.922,
9353.6566,solve.va_sample,2,706.922,
9354.1568,solve.va_sample,2,706.922,
9354.6571,solve.va_sample,2,706.922,
9355.1574,solve.va_sample,2,706.922,
9355.6576,solve.va_sample,2,706.922,
9356.1579,solve.va_sample,2,706.922,
9356.6581,solve.va_sample,2,706.922,
9357.1583,solve.va_sample,2,706.922,
9357.6586,solve.va_sample,2,706.922,
9358.1588,solve.va_sample,2,706.922,
9358.6590,solve.va_sample,2,706.922,
9359.1593,solve.va_sample,2,706.922,
9359.6595,solve.va_sample,2,706.922,
9360.1598,solve.va_sample,2,706.922,
9360.6600,solve.va_sample,2,706.922,
9361.1602,solve.va_sample,2,706.922,
9361.6605,solve.va_sample,2,706.922,
9362.1607,solve.va_sample,2,706.922,
9362.6610,solve.va_sample,2,706.922,
9363.1612,solve.va_sample,2,706.922,
9363.6614,solve.va_sample,2,706.922,
9364.1617,solve.va_sample,2,706.922,
9364.6619,solve.va_sample,2,706.922,
9365.1622,solve.va_sample,2,706.922,
9365.6624,solve.va_sample,2,706.922,
9366.1626,solve.va_sample,2,706.922,
9366.6629,solve.va_sample,2,706.922,
9367.1631,solve.va_sample,2,706.922,
9367.6634,solve.va_sample,2,706.922,
9368.1636,solve.va_sample,2,706.922,
9368.6638,solve.va_sample,2,706.922,
9369.1641,solve.va_sample,2,706.922,
9369.6643,solve.va_sample,2,706.922,
9370.1646,solve.va_sample,2,706.922,
9370.6648,solve.va_sample,2,706.922,
9371.1651,solve.va_sample,2,706.922,
9371.6653,solve.va_sample,2,706.922,
9372.1656,solve.va_sample,2,706.922,
9372.6658,solve.va_sample,2,706.922,
9373.1661,solve.va_sample,2,706.922,
9373.6663,solve.va_sample,2,706.922,
9374.1666,solve.va_sample,2,706.922,
9374.6668,solve.va_sample,2,706.922,
9375.1670,solve.va_sample,2,706.922,
9375.6673,solve.va_sample,2,706.922,
9376.1675,solve.va_sample,2,706.922,
9376.6678,solve.va_sample,2,706.922,
9377.1680,solve.va_sample,2,706.922,
9377.6682,solve.va_sample,2,706.922,
9378.1685,solve.va_sample,2,706.922,
9378.6687,solve.va_sample,2,706.922,
9379.1690,solve.va_sample,2,706.922,
9379.6692,solve.va_sample,2,706.922,
9380.1695,solve.va_sample,2,706.922,
9380.6697,solve.va_sample,2,706.922,
9381.1700,solve.va_sample,2,706.922,
9381.6702,solve.va_sample,2,706.922,
9382.1704,solve.va_sample,2,706.922,
9382.6707,solve.va_sample,2,706.922,
9383.1709,solve.va_sample,2,706.922,
9383.6712,solve.va_sample,2,706.922,
9384.1714,solve.va_sample,2,706.922,
9384.6717,solve.va_sample,2,706.922,
9385.1719,solve.va_sample,2,706.922,
9385.6722,solve.va_sample,2,706.922,
9386.1724,solve.va_sample,2,706.922,
9386.6727,solve.va_sample,2,706.922,
9387.1729,solve.va_sample,2,706.922,
9387.6732,solve.va_sample,2,706.922,
9388.1734,solve.va_sample,2,706.922,
9388.6737,solve.va_sample,2,706.922,
9389.1739,solve.va_sample,2,706.922,
9389.6741,solve.va_sample,2,706.922,
9390.1744,solve.va_sample,2,706.922,
9390.6746,solve.va_sample,2,706.922,
9391.1749,solve.va_sample,2,706.922,
9391.6752,solve.va_sample,2,706.922,
9392.1755,solve.va_sample,2,706.922,
9392.6757,solve.va_sample,2,706.922,
9393.1760,solve.va_sample,2,706.922,
9393.6762,solve.va_sample,2,706.922,
9394.1765,solve.va_sample,2,706.922,
9394.6767,solve.va_sample,2,706.922,
9395.1770,solve.va_sample,2,706.922,
9395.6772,solve.va_sample,2,706.922,
9396.1775,solve.va_sample,2,706.922,
9396.6777,solve.va_sample,2,706.922,
9397.1780,solve.va_sample,2,706.922,
9397.6783,solve.va_sample,2,706.922,
9398.1785,solve.va_sample,2,706.922,
9398.6788,solve.va_sample,2,706.922,
9399.1790,solve.va_sample,2,706.922,
9399.6793,solve.va_sample,2,706.922,
9400.1795,solve.va_sample,2,706.922,
9400.6798,solve.va_sample,2,706.922,
9401.1800,solve.va_sample,2,706.922,
9401.6803,solve.va_sample,2,706.922,
9402.1805,solve.va_sample,2,706.922,
9402.6807,solve.va_sample,2,706.922,
9403.1810,solve.va_sample,2,706.922,
9403.6812,solve.va_sample,2,706.922,
9404.1815,solve.va_sample,2,706.922,
9404.6817,solve.va_sample,2,706.922,
9405.1819,solve.va_sample,2,706.922,
9405.6822,solve.va_sample,2,706.922,
9406.1825,solve.va_sample,2,706.922,
9406.6828,solve.va_sample,2,706.922,
9407.1830,solve.va_sample,2,706.922,
9407.6832,solve.va_sample,2,706.922,
9408.1835,solve.va_sample,2,706.922,
9408.6837,solve.va_sample,2,706.922,
9409.1840,solve.va_sample,2,706.922,
9409.6842,solve.va_sample,2,706.922,
9410.1845,solve.va_sample,2,706.922,
9410.6847,solve.va_sample,2,706.922,
9411.1849,solve.va_sample,2,706.922,
9411.6852,solve.va_sample,2,706.922,
9412.1854,solve.va_sample,2,706.922,
9412.6857,solve.va_sample,2,706.922,
9413.1860,solve.va_sample,2,706.922,
9413.6862,solve.va_sample,2,706.922,
9414.1865,solve.va_sample,2,706.922,
9414.6868,solve.va_sample,2,706.922,
9415.1870,solve.va_sample,2,706.922,
9415.6873,solve.va_sample,2,706.922,
9416.1876,solve.va_sample,2,706.922,
9416.6878,solve.va_sample,2,706.922,
9417.1880,solve.va_sample,2,706.922,
9417.6883,solve.va_sample,2,706.922,
9418.1885,solve.va_sample,2,706.922,
9418.6888,solve.va_sample,2,706.922,
9419.1890,solve.va_sample,2,706.922,
9419.6892,solve.va_sample,2,706.922,
9420.1895,solve.va_sample,2,706.922,
9420.6897,solve.va_sample,2,706.922,
9421.1900,solve.va_sample,2,706.922,
9421.6902,solve.va_sample,2,706.922,
9422.1905,solve.va_sample,2,706.922,
9422.6907,solve.va_sample,2,706.922,
9423.1910,solve.va_sample,2,706.922,
9423.6912,solve.va_sample,2,706.922,
9424.1915,solve.va_sample,2,706.922,
9424.6917,solve.va_sample,2,706.922,
9425.1919,solve.va_sample,2,706.922,
9425.6922,solve.va_sample,2,706.922,
9426.1925,solve.va_sample,2,706.922,
9426.6927,solve.va_sample,2,706.922,
9427.1929,solve.va_sample,2,706.922,
9427.6932,solve.va_sample,2,706.922,
9428.1934,solve.va_sample,2,706.922,
9428.6936,solve.va_sample,2,706.922,
9429.1939,solve.va_sample,2,706.922,
9429.6941,solve.va_sample,2,706.922,
9430.1944,solve.va_sample,2,706.922,
9430.6946,solve.va_sample,2,706.922,
9431.1948,solve.va_sample,2,706.922,
9431.6951,solve.va_sample,2,706.922,
9432.1953,solve.va_sample,2,706.922,
9432.6956,solve.va_sample,2,706.922,
9433.1958,solve.va_sample,2,706.922,
9433.6961,solve.va_sample,2,706.922,
9434.1963,solve.va_sample,2,706.922,
9434.6966,solve.va_sample,2,706.922,
9435.1968,solve.va_sample,2,706.922,
9435.6970,solve.va_sample,2,706.922,
9436.1973,solve.va_sample,2,706.922,
9436.6975,solve.va_sample,2,706.922,
9437.1977,solve.va_sample,2,706.922,
9437.6980,solve.va_sample,2,706.922,
9438.1982,solve.va_sample,2,706.922,
9438.6985,solve.va_sample,2,706.922,
9439.1987,solve.va_sample,2,706.922,
9439.6989,solve.va_sample,2,706.922,
9440.1992,solve.va_sample,2,706.922,
9440.6994,solve.va_sample,2,706.922,
9441.1997,solve.va_sample,2,706.922,
9441.6999,solve.va_sample,2,706.922,
9442.2001,solve.va_sample,2,706.922,
9442.7004,solve.va_sample,2,706.922,
9443.2006,solve.va_sample,2,706.922,
9443.7009,solve.va_sample,2,706.922,
9444.2012,solve.va_sample,2,706.922,
9444.7014,solve.va_sample,2,706.922,
9445.2016,solve.va_sample,2,706.922,
9445.7019,solve.va_sample,2,706.922,
9446.2021,solve.va_sample,2,706.922,
9446.7023,solve.va_sample,2,706.922,
9447.2026,solve.va_sample,2,706.922,
9447.7028,solve.va_sample,2,706.922,
9448.2031,solve.va_sample,2,706.922,
9448.7033,solve.va_sample,2,706.922,
9449.2036,solve.va_sample,2,706.922,
9449.7038,solve.va_sample,2,706.922,
9450.2040,solve.va_sample,2,706.922,
9450.7043,solve.va_sample,2,706.922,
9451.2046,solve.va_sample,2,706.922,
9451.7048,solve.va_sample,2,706.922,
9452.2051,solve.va_sample,2,706.922,
9452.7053,solve.va_sample,2,706.922,
9453.2056,solve.va_sample,2,706.922,
9453.7058,solve.va_sample,2,706.922,
9454.2061,solve.va_sample,2,706.922,
9454.7063,solve.va_sample,2,706.922,
9455.2066,solve.va_sample,2,706.922,
9455.7068,solve.va_sample,2,706.922,
9456.2071,solve.va_sample,2,706.922,
9456.7073,solve.va_sample,2,706.922,
9457.2076,solve.va_sample,2,706.922,
9457.7078,solve.va_sample,2,706.922,
9458.2080,solve.va_sample,2,706.922,
9458.7083,solve.va_sample,2,706.922,
9459.2085,solve.va_sample,2,706.922,
9459.7088,solve.va_sample,2,706.922,
9460.2090,solve.va_sample,2,706.922,
9460.7093,solve.va_sample,2,706.922,
9461.2095,solve.va_sample,2,706.922,
9461.7098,solve.va_sample,2,706.922,
9462.2100,solve.va_sample,2,706.922,
9462.7103,solve.va_sample,2,706.922,
9463.2105,solve.va_sample,2,706.922,
9463.7108,solve.va_sample,2,706.922,
9464.2110,solve.va_sample,2,706.922,
9464.7113,solve.va_sample,2,706.922,
9465.2115,solve.va_sample,2,706.922,
9465.7118,solve.va_sample,2,706.922,
9466.2120,solve.va_sample,2,706.922,
9466.7123,solve.va_sample,2,706.922,
9467.2126,solve.va_sample,2,706.922,
9467.7128,solve.va_sample,2,706.922,
9468.2130,solve.va_sample,2,706.922,
9468.7133,solve.va_sample,2,706.922,
9469.2135,solve.va_sample,2,706.922,
9469.7138,solve.va_sample,2,706.922,
9470.2140,solve.va_sample,2,706.922,
9470.7142,solve.va_sample,2,706.922,
9471.2145,solve.va_sample,2,706.922,
9471.7147,solve.va_sample,2,706.922,
9472.2150,solve.va_sample,2,706.922,
9472.7152,solve.va_sample,2,706.922,
9473.2155,solve.va_sample,2,706.922,
9473.7158,solve.va_sample,2,706.922,
9474.2160,solve.va_sample,2,706.922,
9474.7164,solve.va_sample,2,706.922,
9475.2166,solve.va_sample,2,706.922,
9475.7169,solve.va_sample,2,706.922,
9476.2171,solve.va_sample,2,706.922,
9476.7174,solve.va_sample,2,706.922,
9477.2176,solve.va_sample,2,706.922,
9477.7179,solve.va_sample,2,706.922,
9478.2181,solve.va_sample,2,706.922,
9478.7183,solve.va_sample,2,706.922,
9479.2186,solve.va_sample,2,706.922,
9479.7188,solve.va_sample,2,706.922,
9480.2191,solve.va_sample,2,706.922,
9480.7193,solve.va_sample,2,706.922,
9481.2196,solve.va_sample,2,706.922,
9481.7198,solve.va_sample,2,706.922,
9482.2201,solve.va_sample,2,706.922,
9482.7203,solve.va_sample,2,706.922,
9483.2206,solve.va_sample,2,706.922,
9483.7208,solve.va_sample,2,706.922,
9484.2211,solve.va_sample,2,706.922,
9484.7213,solve.va_sample,2,706.922,
9485.2216,solve.va_sample,2,706.922,
9485.7218,solve.va_sample,2,706.922,
9486.2221,solve.va_sample,2,706.922,
9486.7223,solve.va_sample,2,706.922,
9487.2226,solve.va_sample,2,706.922,
9487.7228,solve.va_sample,2,706.922,
9488.2230,solve.va_sample,2,706.922,
9488.7233,solve.va_sample,2,706.922,
9489.2235,solve.va_sample,2,706.922,
9489.7238,solve.va_sample,2,706.922,
9490.2240,solve.va_sample,2,706.922,
9490.7243,solve.va_sample,2,706.922,
9491.2245,solve.va_sample,2,706.922,
9491.7247,solve.va_sample,2,706.922,
9492.2250,solve.va_sample,2,706.922,
9492.7252,solve.va_sample,2,706.922,
9493.2255,solve.va_sample,2,706.922,
9493.7257,solve.va_sample,2,706.922,
9494.2260,solve.va_sample,2,706.922,
9494.7262,solve.va_sample,2,706.922,
9495.2265,solve.va_sample,2,706.922,
9495.7267,solve.va_sample,2,706.922,
9496.2270,solve.va_sample,2,706.922,
9496.7272,solve.va_sample,2,706.922,
9497.2274,solve.va_sample,2,706.922,
9497.7277,solve.va_sample,2,706.922,
9498.2279,solve.va_sample,2,706.922,
9498.7281,solve.va_sample,2,706.922,
9499.2284,solve.va_sample,2,706.922,
9499.7286,solve.va_sample,2,706.922,
9500.2289,solve.va_sample,2,706.922,
9500.7291,solve.va_sample,2,706.922,
9501.2294,solve.va_sample,2,706.922,
9501.7296,solve.va_sample,2,706.922,
9502.2299,solve.va_sample,2,706.922,
9502.7301,solve.va_sample,2,706.922,
9503.2304,solve.va_sample,2,706.922,
9503.7306,solve.va_sample,2,706.922,
9504.2309,solve.va_sample,2,706.922,
9504.7311,solve.va_sample,2,706.922,
9505.2313,solve.va_sample,2,706.922,
9505.7316,solve.va_sample,2,706.922,
9506.2318,solve.va_sample,2,706.922,
9506.7321,solve.va_sample,2,706.922,
9507.2323,solve.va_sample,2,706.922,
9507.7326,solve.va_sample,2,706.922,
9508.2328,solve.va_sample,2,706.922,
9508.7331,solve.va_sample,2,706.922,
9509.2333,solve.va_sample,2,706.922,
9509.7336,solve.va_sample,2,706.922,
9510.2338,solve.va_sample,2,706.922,
9510.7341,solve.va_sample,2,706.922,
9511.2343,solve.va_sample,2,706.922,
9511.7345,solve.va_sample,2,706.922,
9512.2348,solve.va_sample,2,706.922,
9512.7350,solve.va_sample,2,706.922,
9513.2353,solve.va_sample,2,706.922,
9513.7355,solve.va_sample,2,706.922,
9514.2357,solve.va_sample,2,706.922,
9514.7360,solve.va_sample,2,706.922,
9515.2362,solve.va_sample,2,706.922,
9515.7365,solve.va_sample,2,706.922,
9516.2367,solve.va_sample,2,706.922,
9516.7369,solve.va_sample,2,706.922,
9517.2372,solve.va_sample,2,706.922,
9517.7374,solve.va_sample,2,706.922,
9518.2376,solve.va_sample,2,706.922,
9518.7379,solve.va_sample,2,706.922,
9519.2381,solve.va_sample,2,706.922,
9519.7384,solve.va_sample,2,706.922,
9520.2386,solve.va_sample,2,706.922,
9520.7389,solve.va_sample,2,706.922,
9521.2391,solve.va_sample,2,706.922,
9521.7394,solve.va_sample,2,706.922,
9522.2396,solve.va_sample,2,706.922,
9522.7398,solve.va_sample,2,706.922,
9523.2401,solve.va_sample,2,706.922,
9523.7403,solve.va_sample,2,706.922,
9524.2406,solve.va_sample,2,706.922,
9524.7408,solve.va_sample,2,706.922,
9525.2411,solve.va_sample,2,706.922,
9525.7413,solve.va_sample,2,706.922,
9526.2415,solve.va_sample,2,706.922,
9526.7418,solve.va_sample,2,706.922,
9527.2420,solve.va_sample,2,706.922,
9527.7422,solve.va_sample,2,706.922,
9528.2425,solve.va_sample,2,706.922,
9528.7427,solve.va_sample,2,706.922,
9529.2430,solve.va_sample,2,706.922,
9529.7432,solve.va_sample,2,706.922,
9530.2435,solve.va_sample,2,706.922,
9530.7437,solve.va_sample,2,706.922,
9531.2440,solve.va_sample,2,706.922,
9531.7442,solve.va_sample,2,706.922,
9532.2444,solve.va_sample,2,706.922,
9532.7447,solve.va_sample,2,706.922,
9533.2450,solve.va_sample,2,706.922,
9533.7453,solve.va_sample,2,706.922,
9534.2455,solve.va_sample,2,706.922,
9534.7458,solve.va_sample,2,706.922,
9535.2461,solve.va_sample,2,706.922,
9535.7463,solve.va_sample,2,706.922,
9536.2466,solve.va_sample,2,706.922,
9536.7468,solve.va_sample,2,706.922,
9537.2471,solve.va_sample,2,706.922,
9537.7473,solve.va_sample,2,706.922,
9538.2476,solve.va_sample,2,706.922,
9538.7478,solve.va_sample,2,706.922,
9539.2480,solve.va_sample,2,706.922,
9539.7483,solve.va_sample,2,706.922,
9540.2485,solve.va_sample,2,706.922,
9540.7488,solve.va_sample,2,706.922,
9541.2490,solve.va_sample,2,706.922,
9541.7493,solve.va_sample,2,706.922,
9542.2495,solve.va_sample,2,706.922,
9542.7498,solve.va_sample,2,706.922,
9543.2500,solve.va_sample,2,706.922,
9543.7503,solve.va_sample,2,706.922,
9544.2505,solve.va_sample,2,707.180,
9544.7508,solve.va_sample,2,707.180,
9545.2510,solve.va_sample,2,707.180,
9545.7513,solve.va_sample,2,707.180,
9546.2515,solve.va_sample,2,707.180,
9546.7518,solve.va_sample,2,707.180,
9547.2521,solve.va_sample,2,707.180,
9547.7523,solve.va_sample,2,707.180,
9548.2526,solve.va_sample,2,707.180,
9548.7528,solve.va_sample,2,707.180,
9549.2531,solve.va_sample,2,707.180,
9549.7533,solve.va_sample,2,707.180,
9550.2536,solve.va_sample,2,707.180,
9550.7538,solve.va_sample,2,707.180,
9551.2541,solve.va_sample,2,707.180,
9551.7543,solve.va_sample,2,707.180,
9552.2546,solve.va_sample,2,707.180,
9552.7548,solve.va_sample,2,707.180,
9553.2551,solve.va_sample,2,707.180,
9553.7553,solve.va_sample,2,707.180,
9554.2556,solve.va_sample,2,707.180,
9554.7558,solve.va_sample,2,707.180,
9555.2561,solve.va_sample,2,707.180,
9555.7563,solve.va_sample,2,707.180,
9556.2565,solve.va_sample,2,707.180,
9556.7568,solve.va_sample,2,707.180,
9557.2570,solve.va_sample,2,707.180,
9557.7573,solve.va_sample,2,707.180,
9558.2575,solve.va_sample,2,707.180,
9558.7577,solve.va_sample,2,707.180,
9559.2580,solve.va_sample,2,707.180,
9559.7582,solve.va_sample,2,707.180,
9560.2584,solve.va_sample,2,707.180,
9560.7587,solve.va_sample,2,707.180,
9561.2589,solve.va_sample,2,707.180,
9561.7592,solve.va_sample,2,707.180,
9562.2594,solve.va_sample,2,707.180,
9562.7597,solve.va_sample,2,707.180,
9563.2599,solve.va_sample,2,707.180,
9563.7601,solve.va_sample,2,707.180,
9564.2604,solve.va_sample,2,707.180,
9564.7606,solve.va_sample,2,707.180,
9565.2609,solve.va_sample,2,707.180,
9565.7611,solve.va_sample,2,707.180,
9566.2614,solve.va_sample,2,707.180,
9566.7616,solve.va_sample,2,707.180,
9567.2619,solve.va_sample,2,707.180,
9567.7621,solve.va_sample,2,707.180,
9568.2623,solve.va_sample,2,707.180,
9568.7626,solve.va_sample,2,707.180,
9569.2628,solve.va_sample,2,707.180,
9569.7631,solve.va_sample,2,707.180,
9570.2633,solve.va_sample,2,707.180,
9570.7636,solve.va_sample,2,707.180,
9571.2638,solve.va_sample,2,707.180,
9571.7641,solve.va_sample,2,707.180,
9572.2643,solve.va_sample,2,707.180,
9572.7645,solve.va_sample,2,707.180,
9573.2648,solve.va_sample,2,707.180,
9573.7650,solve.va_sample,2,707.180,
9574.2653,solve.va_sample,2,707.180,
9574.7655,solve.va_sample,2,707.180,
9575.2658,solve.va_sample,2,707.180,
9575.7660,solve.va_sample,2,707.180,
9576.2662,solve.va_sample,2,707.180,
9576.7665,solve.va_sample,2,707.180,
9577.2667,solve.va_sample,2,707.180,
9577.7670,solve.va_sample,2,707.180,
9578.2672,solve.va_sample,2,707.180,
9578.7674,solve.va_sample,2,707.180,
9579.2677,solve.va_sample,2,707.180,
9579.7679,solve.va_sample,2,707.180,
9580.2682,solve.va_sample,2,707.180,
9580.7684,solve.va_sample,2,707.180,
9581.2686,solve.va_sample,2,707.180,
9581.7688,solve.va_sample,2,707.180,
9582.2691,solve.va_sample,2,707.180,
9582.7693,solve.va_sample,2,707.180,
9583.2696,solve.va_sample,2,707.180,
9583.7699,solve.va_sample,2,707.180,
9584.2701,solve.va_sample,2,707.180,
9584.7704,solve.va_sample,2,707.180,
9585.2706,solve.va_sample,2,707.180,
9585.7709,solve.va_sample,2,707.180,
9586.2711,solve.va_sample,2,707.180,
9586.7714,solve.va_sample,2,707.180,
9587.2716,solve.va_sample,2,707.180,
9587.7718,solve.va_sample,2,707.180,
9588.2721,solve.va_sample,2,707.180,
9588.7723,solve.va_sample,2,707.180,
9589.2726,solve.va_sample,2,707.180,
9589.7728,solve.va_sample,2,707.180,
9590.2730,solve.va_sample,2,707.180,
9590.7733,solve.va_sample,2,707.180,
9591.2735,solve.va_sample,2,707.180,
9591.7738,solve.va_sample,2,707.180,
9592.2740,solve.va_sample,2,707.180,
9592.7742,solve.va_sample,2,707.180,
9593.2745,solve.va_sample,2,707.180,
9593.7748,solve.va_sample,2,707.180,
9594.2750,solve.va_sample,2,707.180,
9594.7753,solve.va_sample,2,707.180,
9595.2756,solve.va_sample,2,707.180,
9595.7758,solve.va_sample,2,707.180,
9596.2761,solve.va_sample,2,707.180,
9596.7763,solve.va_sample,2,707.180,
9597.2766,solve.va_sample,2,707.180,
9597.7768,solve.va_sample,2,707.180,
9598.2771,solve.va_sample,2,707.180,
9598.7773,solve.va_sample,2,707.180,
9599.2775,solve.va_sample,2,707.180,
9599.7778,solve.va_sample,2,707.180,
9600.2780,solve.va_sample,2,707.180,
9600.7782,solve.va_sample,2,707.180,
9601.2785,solve.va_sample,2,707.180,
9601.7788,solve.va_sample,2,707.180,
9602.2790,solve.va_sample,2,707.180,
9602.7792,solve.va_sample,2,707.180,
9603.2795,solve.va_sample,2,707.180,
9603.7797,solve.va_sample,2,707.180,
9604.2799,solve.va_sample,2,707.180,
9604.7802,solve.va_sample,2,707.180,
9605.2804,solve.va_sample,2,707.180,
9605.7807,solve.va_sample,2,707.180,
9606.2809,solve.va_sample,2,707.180,
9606.7812,solve.va_sample,2,707.180,
9607.2814,solve.va_sample,2,707.180,
9607.7817,solve.va_sample,2,707.180,
9608.2819,solve.va_sample,2,707.180,
9608.7822,solve.va_sample,2,707.180,
9609.2824,solve.va_sample,2,707.180,
9609.7826,solve.va_sample,2,707.180,
9610.2829,solve.va_sample,2,707.180,
9610.7831,solve.va_sample,2,707.180,
9611.2834,solve.va_sample,2,707.180,
9611.7836,solve.va_sample,2,707.180,
9612.2838,solve.va_sample,2,707.180,
9612.7841,solve.va_sample,2,707.180,
9613.2843,solve.va_sample,2,707.180,
9613.7846,solve.va_sample,2,707.180,
9614.2848,solve.va_sample,2,707.180,
9614.7850,solve.va_sample,2,707.180,
9615.2853,solve.va_sample,2,707.180,
9615.7855,solve.va_sample,2,707.180,
9616.2857,solve.va_sample,2,707.180,
9616.7860,solve.va_sample,2,707.180,
9617.2862,solve.va_sample,2,707.180,
9617.7865,solve.va_sample,2,707.180,
9618.2867,solve.va_sample,2,707.180,
9618.7870,solve.va_sample,2,707.180,
9619.2872,solve.va_sample,2,707.180,
9619.7874,solve.va_sample,2,707.180,
9620.2877,solve.va_sample,2,707.180,
9620.7879,solve.va_sample,2,707.180,
9621.2882,solve.va_sample,2,707.180,
9621.7884,solve.va_sample,2,707.180,
9622.2887,solve.va_sample,2,707.180,
9622.7889,solve.va_sample,2,707.180,
9623.2891,solve.va_sample,2,707.180,
9623.7894,solve.va_sample,2,707.180,
9624.2896,solve.va_sample,2,707.180,
9624.7898,solve.va_sample,2,707.180,
9625.2901,solve.va_sample,2,707.180,
9625.7903,solve.va_sample,2,707.180,
9626.2905,solve.va_sample,2,707.180,
9626.7908,solve.va_sample,2,707.180,
9627.2910,solve.va_sample,2,707.180,
9627.7912,solve.va_sample,2,707.180,
9628.2915,solve.va_sample,2,707.180,
9628.7917,solve.va_sample,2,707.180,
9629.2919,solve.va_sample,2,707.180,
9629.7922,solve.va_sample,2,707.180,
9630.2924,solve.va_sample,2,707.180,
9630.7927,solve.va_sample,2,707.180,
9631.2929,solve.va_sample,2,707.180,
9631.7931,solve.va_sample,2,707.180,
9632.2934,solve.va_sample,2,707.180,
9632.7936,solve.va_sample,2,707.180,
9633.2938,solve.va_sample,2,707.180,
9633.7941,solve.va_sample,2,707.180,
9634.2943,solve.va_sample,2,707.180,
9634.7946,solve.va_sample,2,707.180,
9635.2948,solve.va_sample,2,707.180,
9635.7950,solve.va_sample,2,707.180,
9636.2953,solve.va_sample,2,707.180,
9636.7955,solve.va_sample,2,707.180,
9637.2958,solve.va_sample,2,707.180,
9637.7960,solve.va_sample,2,707.180,
9638.2963,solve.va_sample,2,707.180,
9638.7965,solve.va_sample,2,707.180,
9639.2967,solve.va_sample,2,707.180,
9639.7970,solve.va_sample,2,707.180,
9640.2972,solve.va_sample,2,707.180,
9640.7975,solve.va_sample,2,707.180,
9641.2977,solve.va_sample,2,707.180,
9641.7980,solve.va_sample,2,707.180,
9642.2982,solve.va_sample,2,707.180,
9642.7984,solve.va_sample,2,707.180,
9643.2987,solve.va_sample,2,707.180,
9643.7989,solve.va_sample,2,707.180,
9644.2992,solve.va_sample,2,707.180,
9644.7994,solve.va_sample,2,707.180,
9645.2996,solve.va_sample,2,707.180,
9645.7999,solve.va_sample,2,707.180,
9646.3001,solve.va_sample,2,707.180,
9646.8003,solve.va_sample,2,707.180,
9647.3006,solve.va_sample,2,707.180,
9647.8008,solve.va_sample,2,707.180,
9648.3010,solve.va_sample,2,707.180,
9648.8013,solve.va_sample,2,707.180,
9649.3015,solve.va_sample,2,707.180,
9649.8017,solve.va_sample,2,707.180,
9650.3019,solve.va_sample,2,707.180,
9650.8022,solve.va_sample,2,707.180,
9651.3024,solve.va_sample,2,707.180,
9651.8026,solve.va_sample,2,707.180,
9652.3029,solve.va_sample,2,707.180,
9652.8031,solve.va_sample,2,707.180,
9653.3034,solve.va_sample,2,707.180,
9653.8036,solve.va_sample,2,707.180,
9654.3039,solve.va_sample,2,707.180,
9654.8042,solve.va_sample,2,707.180,
9655.3044,solve.va_sample,2,707.180,
9655.8047,solve.va_sample,2,707.180,
9656.3049,solve.va_sample,2,707.180,
9656.8051,solve.va_sample,2,707.180,
9657.3054,solve.va_sample,2,707.180,
9657.8056,solve.va_sample,2,707.180,
9658.3059,solve.va_sample,2,707.180,
9658.8061,solve.va_sample,2,707.180,
9659.3064,solve.va_sample,2,707.180,
9659.8067,solve.va_sample,2,707.180,
9660.3069,solve.va_sample,2,707.180,
9660.8071,solve.va_sample,2,707.180,
9661.3074,solve.va_sample,2,707.180,
9661.8076,solve.va_sample,2,707.180,
9662.3078,solve.va_sample,2,707.180,
9662.8081,solve.va_sample,2,707.180,
9663.3083,solve.va_sample,2,707.180,
9663.8086,solve.va_sample,2,707.180,
9664.3088,solve.va_sample,2,707.180,
9664.8090,solve.va_sample,2,707.180,
9665.3093,solve.va_sample,2,707.180,
9665.8095,solve.va_sample,2,707.180,
9666.3097,solve.va_sample,2,707.180,
9666.8100,solve.va_sample,2,707.180,
9667.3102,solve.va_sample,2,707.180,
9667.8104,solve.va_sample,2,707.180,
9668.3107,solve.va_sample,2,707.180,
9668.8109,solve.va_sample,2,707.180,
9669.3111,solve.va_sample,2,707.180,
9669.8113,solve.va_sample,2,707.180,
9670.3116,solve.va_sample,2,707.180,
9670.8118,solve.va_sample,2,707.180,
9671.3120,solve.va_sample,2,707.180,
9671.8123,solve.va_sample,2,707.180,
9672.3125,solve.va_sample,2,707.180,
9672.8127,solve.va_sample,2,707.180,
9673.3130,solve.va_sample,2,707.180,
9673.8132,solve.va_sample,2,707.180,
9674.3134,solve.va_sample,2,707.180,
9674.8137,solve.va_sample,2,707.180,
9675.3139,solve.va_sample,2,707.180,
9675.8141,solve.va_sample,2,707.180,
9676.3144,solve.va_sample,2,707.180,
9676.8146,solve.va_sample,2,707.180,
9677.3148,solve.va_sample,2,707.180,
9677.8151,solve.va_sample,2,707.180,
9678.3153,solve.va_sample,2,707.180,
9678.8155,solve.va_sample,2,707.180,
9679.3158,solve.va_sample,2,707.180,
9679.8160,solve.va_sample,2,707.180,
9680.3162,solve.va_sample,2,707.180,
9680.8165,solve.va_sample,2,707.180,
9681.3167,solve.va_sample,2,707.180,
9681.8169,solve.va_sample,2,707.180,
9682.3172,solve.va_sample,2,707.180,
9682.8174,solve.va_sample,2,707.180,
9683.3176,solve.va_sample,2,707.180,
9683.8179,solve.va_sample,2,707.180,
9684.3181,solve.va_sample,2,707.180,
9684.8183,solve.va_sample,2,707.180,
9685.3186,solve.va_sample,2,707.180,
9685.8188,solve.va_sample,2,707.180,
9686.3190,solve.va_sample,2,707.180,
9686.8193,solve.va_sample,2,707.180,
9687.3195,solve.va_sample,2,707.180,
9687.8197,solve.va_sample,2,707.180,
9688.3200,solve.va_sample,2,707.180,
9688.8202,solve.va_sample,2,707.180,
9689.3204,solve.va_sample,2,707.180,
9689.8207,solve.va_sample,2,707.180,
9690.3209,solve.va_sample,2,707.180,
9690.8211,solve.va_sample,2,707.180,
9691.3214,solve.va_sample,2,707.180,
9691.8216,solve.va_sample,2,707.180,
9692.3218,solve.va_sample,2,707.180,
9692.8221,solve.va_sample,2,707.180,
9693.3223,solve.va_sample,2,707.180,
9693.8225,solve.va_sample,2,707.180,
9694.3228,solve.va_sample,2,707.180,
9694.8230,solve.va_sample,2,707.180,
9695.3232,solve.va_sample,2,707.180,
9695.8235,solve.va_sample,2,707.180,
9696.3237,solve.va_sample,2,707.180,
9696.8239,solve.va_sample,2,707.180,
9697.3242,solve.va_sample,2,707.180,
9697.8244,solve.va_sample,2,707.180,
9698.3246,solve.va_sample,2,707.180,
9698.8249,solve.va_sample,2,707.180,
9699.3251,solve.va_sample,2,707.180,
9699.8253,solve.va_sample,2,707.180,
9700.3256,solve.va_sample,2,707.180,
9700.8258,solve.va_sample,2,707.180,
9701.3260,solve.va_sample,2,707.180,
9701.8263,solve.va_sample,2,707.180,
9702.3265,solve.va_sample,2,707.180,
9702.8267,solve.va_sample,2,707.180,
9703.3270,solve.va_sample,2,707.180,
9703.8272,solve.va_sample,2,707.180,
9704.3275,solve.va_sample,2,707.180,
9704.8277,solve.va_sample,2,707.180,
9705.3280,solve.va_sample,2,707.180,
9705.8282,solve.va_sample,2,707.180,
9706.3285,solve.va_sample,2,707.180,
9706.8288,solve.va_sample,2,707.180,
9707.3291,solve.va_sample,2,707.180,
9707.8293,solve.va_sample,2,707.180,
9708.3296,solve.va_sample,2,707.180,
9708.8299,solve.va_sample,2,707.180,
9709.3301,solve.va_sample,2,707.180,
9709.8304,solve.va_sample,2,707.180,
9710.3306,solve.va_sample,2,707.180,
9710.8309,solve.va_sample,2,707.180,
9711.3312,solve.va_sample,2,707.180,
9711.8314,solve.va_sample,2,707.180,
9712.3316,solve.va_sample,2,707.180,
9712.8319,solve.va_sample,2,707.180,
9713.3322,solve.va_sample,2,707.180,
9713.8324,solve.va_sample,2,707.180,
9714.3326,solve.va_sample,2,707.180,
9714.8329,solve.va_sample,2,707.180,
9715.3331,solve.va_sample,2,707.180,
9715.8333,solve.va_sample,2,707.180,
9716.3336,solve.va_sample,2,707.180,
9716.8338,solve.va_sample,2,707.180,
9717.3340,solve.va_sample,2,707.180,
9717.8343,solve.va_sample,2,707.180,
9718.3345,solve.va_sample,2,707.180,
9718.8348,solve.va_sample,2,707.180,
9719.3350,solve.va_sample,2,707.180,
9719.8353,solve.va_sample,2,707.180,
9720.3355,solve.va_sample,2,707.180,
9720.8357,solve.va_sample,2,707.180,
9721.3360,solve.va_sample,2,707.180,
9721.8362,solve.va_sample,2,707.180,
9722.3365,solve.va_sample,2,707.180,
9722.8367,solve.va_sample,2,707.180,
9723.3369,solve.va_sample,2,707.180,
9723.8371,solve.va_sample,2,707.180,
9724.3374,solve.va_sample,2,707.180,
9724.8376,solve.va_sample,2,707.180,
9725.3379,solve.va_sample,2,707.180,
9725.8381,solve.va_sample,2,707.180,
9726.3383,solve.va_sample,2,707.180,
9726.8386,solve.va_sample,2,707.180,
9727.3388,solve.va_sample,2,707.180,
9727.8390,solve.va_sample,2,707.180,
9728.3393,solve.va_sample,2,707.180,
9728.8395,solve.va_sample,2,707.180,
9729.3397,solve.va_sample,2,707.180,
9729.8400,solve.va_sample,2,707.180,
9730.3402,solve.va_sample,2,707.180,
9730.8404,solve.va_sample,2,707.180,
9731.3407,solve.va_sample,2,707.180,
9731.8409,solve.va_sample,2,707.180,
9732.3411,solve.va_sample,2,707.180,
9732.8413,solve.va_sample,2,707.180,
9733.3416,solve.va_sample,2,707.180,
9733.8418,solve.va_sample,2,707.180,
9734.3420,solve.va_sample,2,707.180,
9734.8423,solve.va_sample,2,707.180,
9735.3425,solve.va_sample,2,707.180,
9735.8427,solve.va_sample,2,707.180,
9736.3429,solve.va_sample,2,707.180,
9736.8432,solve.va_sample,2,707.180,
9737.3434,solve.va_sample,2,707.180,
9737.8436,solve.va_sample,2,707.180,
9738.3439,solve.va_sample,2,707.180,
9738.8441,solve.va_sample,2,707.180,
9739.3443,solve.va_sample,2,707.180,
9739.8446,solve.va_sample,2,707.180,
9740.3448,solve.va_sample,2,707.180,
9740.8450,solve.va_sample,2,707.180,
9741.3453,solve.va_sample,2,707.180,
9741.8455,solve.va_sample,2,707.180,
9742.3457,solve.va_sample,2,707.180,
9742.8460,solve.va_sample,2,707.180,
9743.3462,solve.va_sample,2,707.180,
9743.8464,solve.va_sample,2,707.180,
9744.3467,solve.va_sample,2,707.180,
9744.8469,solve.va_sample,2,707.180,
9745.3471,solve.va_sample,2,707.180,
9745.8474,solve.va_sample,2,707.180,
9746.3476,solve.va_sample,2,707.180,
9746.8479,solve.va_sample,2,707.180,
9747.3481,solve.va_sample,2,707.180,
9747.8484,solve.va_sample,2,707.180,
9748.3486,solve.va_sample,2,707.180,
9748.8488,solve.va_sample,2,707.180,
9749.3491,solve.va_sample,2,707.180,
9749.8493,solve.va_sample,2,707.180,
9750.3496,solve.va_sample,2,707.180,
9750.8498,solve.va_sample,2,707.180,
9751.3500,solve.va_sample,2,707.180,
9751.8503,solve.va_sample,2,707.180,
9752.3505,solve.va_sample,2,707.180,
9752.8508,solve.va_sample,2,707.180,
9753.3510,solve.va_sample,2,707.180,
9753.8512,solve.va_sample,2,707.180,
9754.3515,solve.va_sample,2,707.180,
9754.8517,solve.va_sample,2,707.180,
9755.3519,solve.va_sample,2,707.180,
9755.8522,solve.va_sample,2,707.180,
9756.3524,solve.va_sample,2,707.180,
9756.8526,solve.va_sample,2,707.180,
9757.3529,solve.va_sample,2,707.180,
9757.8531,solve.va_sample,2,707.180,
9758.3533,solve.va_sample,2,707.180,
9758.8536,solve.va_sample,2,707.180,
9759.3538,solve.va_sample,2,707.180,
9759.8540,solve.va_sample,2,707.180,
9760.3543,solve.va_sample,2,707.180,
9760.8545,solve.va_sample,2,707.180,
9761.3547,solve.va_sample,2,707.180,
9761.8550,solve.va_sample,2,707.180,
9762.3552,solve.va_sample,2,707.180,
9762.8554,solve.va_sample,2,707.180,
9763.3557,solve.va_sample,2,707.180,
9763.8559,solve.va_sample,2,708.984,
9764.3562,solve.va_sample,2,712.078,
9764.8565,solve.va_sample,2,715.430,
9765.3567,solve.va_sample,2,723.164,
9765.8970,solve.va_sample,2,732.188,
9766.4187,solve.va_sample,2,740.438,
9766.9501,solve.va_sample,2,748.688,
9767.4866,solve.va_sample,2,757.711,
9768.0175,solve.va_sample,2,765.961,
9768.5453,solve.va_sample,2,774.211,
9769.0847,solve.va_sample,2,782.719,
9769.6142,solve.va_sample,2,791.742,
9770.1437,solve.va_sample,2,799.992,
9770.6818,solve.va_sample,2,808.242,
9771.2162,solve.va_sample,2,816.492,
9771.7418,solve.va_sample,2,824.742,
9772.2702,solve.va_sample,2,834.023,
9772.8093,solve.va_sample,2,842.273,
9773.3436,solve.va_sample,2,850.523,
9773.8713,solve.va_sample,2,858.773,
9774.4016,solve.va_sample,2,867.797,
9774.9376,solve.va_sample,2,876.047,
9775.4646,solve.va_sample,2,884.297,
9776.0120,solve.va_sample,2,892.547,
9776.1504,solve.va_sample,2,895.383,
9776.1591,solve.sample_eval,2,896.672,
9776.5528,solve.sample_eval,2,896.930,
9777.0850,solve.sample_eval,2,916.008,
9777.6157,solve.sample_eval,2,921.164,
9778.1513,solve.sample_eval,2,927.867,
9778.6820,solve.sample_eval,2,941.531,
9779.2085,solve.sample_eval,2,954.680,
9779.7442,solve.sample_eval,2,966.281,
9780.2748,solve.sample_eval,2,979.945,
9780.8004,solve.sample_eval,2,991.547,
9781.3362,solve.sample_eval,2,1024.805,
9781.8620,solve.sample_eval,2,1031.766,
9782.3927,solve.sample_eval,2,1043.367,
9782.9233,solve.sample_eval,2,1057.289,
9783.4590,solve.sample_eval,2,1068.633,
9783.9866,solve.sample_eval,2,1082.039,
9784.5223,solve.sample_eval,2,1093.641,
9785.0530,solve.sample_eval,2,1107.305,
9785.5786,solve.sample_eval,2,1118.906,
9786.1143,solve.sample_eval,2,1130.508,
9786.6407,solve.sample_eval,2,1143.914,
9787.1714,solve.sample_eval,2,1155.516,
9787.7081,solve.sample_eval,2,1169.180,
9788.2387,solve.sample_eval,2,1180.781,
9788.7694,solve.sample_eval,2,1192.383,
9789.3001,solve.sample_eval,2,1259.672,
9789.8282,solve.sample_eval,2,1264.828,
9790.3589,solve.sample_eval,2,1268.695,
9790.8946,solve.sample_eval,2,1274.367,
9791.4303,solve.sample_eval,2,1284.680,
9791.9798,solve.sample_eval,2,1297.828,
9792.5054,solve.sample_eval,2,1309.688,
9793.0411,solve.sample_eval,2,1323.094,
9793.5810,solve.sample_eval,2,1335.727,
9794.1066,solve.sample_eval,2,1348.102,
9794.6372,solve.sample_eval,2,1359.961,
9795.1729,solve.sample_eval,2,1373.367,
9795.6985,solve.sample_eval,2,1384.969,
9796.2358,solve.sample_eval,2,1398.117,
9796.7665,solve.sample_eval,2,1409.719,
9797.3022,solve.sample_eval,2,1421.578,
9797.8278,solve.sample_eval,2,1434.984,
9798.3686,solve.sample_eval,2,1446.586,
9798.9144,solve.sample_eval,2,1458.188,
9799.4552,solve.sample_eval,2,1471.336,
9799.9808,solve.sample_eval,2,1482.938,
9800.5114,solve.sample_eval,2,1494.797,
9801.0471,solve.sample_eval,2,1508.203,
9801.5727,solve.sample_eval,2,1519.805,
9802.1098,solve.sample_eval,2,1531.406,
9802.6405,solve.sample_eval,2,1544.812,
9803.1661,solve.sample_eval,2,1556.156,
9803.6917,solve.sample_eval,2,1567.758,
9804.2325,solve.sample_eval,2,1581.422,
9804.7581,solve.sample_eval,2,1593.023,
9805.2938,solve.sample_eval,2,1604.625,
9805.8245,solve.sample_eval,2,1733.273,
9806.3501,solve.sample_eval,2,1737.141,
9806.8909,solve.sample_eval,2,1742.297,
9807.2585,solve.sample_eval,2,1744.875,
9807.2605,solve,1,1744.875,
9808.4246,(unmarked),0,1654.914,
9808.9502,(unmarked),0,1654.914,
9809.5770,(unmarked),0,1654.914,
9809.6700,(unmarked),0,1655.227,
